0.00,0.41,0.00,0.00,0.08,0.00,0.00,0.19,0.00,0.00,0.08,0.00,0.00,0.06,0.00
0.00,0.29,0.00,0.00,0.08,0.00,0.00,0.08,0.00,0.00,0.08,0.00,0.00,0.06,0.00
0.00,0.13,0.00,0.00,0.00,0.00,0.00,0.00,0.00,0.00,0.07,0.00,0.00,0.06,0.00
0.00,0.13,0.00,0.00,0.00,0.00,0.00,0.00,0.00,0.00,0.07,0.00,0.00,0.06,0.00
0.00,0.12,0.00,0.00,0.00,0.00,0.00,0.00,0.00,0.00,0.07,0.00,0.00,0.05,0.00
0.00,0.12,0.00,0.00,0.00,0.00,0.00,0.00,0.00,0.00,0.07,0.00,0.00,0.05,0.00
0.00,0.11,0.00,0.00,0.00,0.00,0.00,0.00,0.00,0.00,0.06,0.00,0.00,0.05,0.00
0.00,0.11,0.00,0.00,0.00,0.00,0.00,0.00,0.00,0.00,0.06,0.00,0.00,0.05,0.00
0.00,0.05,0.00,0.00,0.00,0.00,0.00,0.00,0.00,0.00,0.05,0.00,0.00,0.00,0.00
0.00,0.00,0.00,0.00,0.00,0.00,0.00,0.00,0.00,0.00,0.00,0.00,0.00,0.00,0.00
0.00,0.06,0.00,0.00,0.00,0.00,0.00,0.00,0.00,0.00,0.06,0.00,0.00,0.00,0.00
0.00,0.05,0.00,0.00,0.00,0.00,0.00,0.00,0.00,0.00,0.05,0.00,0.00,0.00,0.00
0.00,0.00,0.00,0.00,0.00,0.00,0.00,0.00,0.00,0.00,0.00,0.00,0.00,0.00,0.00
0.00,0.00,0.00,0.00,0.00,0.00,0.00,0.00,0.00,0.00,0.00,0.00,0.00,0.00,0.00
0.00,0.00,0.00,0.00,0.00,0.00,0.00,0.00,0.00,0.00,0.00,0.00,0.00,0.00,0.00
0.00,0.00,0.00,0.00,0.00,0.00,0.00,0.00,0.00,0.00,0.00,0.00,0.00,0.00,0.00
0.00,0.00,0.00,0.00,0.00,0.00,0.00,0.00,0.00,0.00,0.00,0.00,0.00,0.00,0.00
0.00,0.00,0.00,0.00,0.00,0.00,0.00,0.00,0.00,0.00,0.00,0.00,0.00,0.00,0.00
0.00,0.00,0.00,0.00,0.00,0.00,0.00,0.00,0.00,0.00,0.00,0.00,0.00,0.00,0.00
0.00,0.00,0.00,0.00,0.00,0.00,0.00,0.00,0.00,0.00,0.00,0.00,0.00,0.00,0.00
0.00,0.00,0.00,0.00,0.00,0.00,0.00,0.00,0.00,0.00,0.00,0.00,0.00,0.00,0.00
0.00,0.00,0.00,0.00,0.00,0.00,0.00,0.00,0.00,0.00,0.00,0.00,0.00,0.00,0.00
0.00,0.00,0.00,0.00,0.00,0.00,0.00,0.00,0.00,0.00,0.00,0.00,0.00,0.00,0.00
0.00,0.00,0.00,0.00,0.00,0.00,0.00,0.00,0.00,0.00,0.00,0.00,0.00,0.00,0.00
0.00,0.00,0.00,0.00,0.00,0.00,0.00,0.00,0.00,0.00,0.00,0.00,0.00,0.00,0.00
0.00,0.00,0.00,0.00,0.00,0.00,0.00,0.00,0.00,0.00,0.00,0.00,0.00,0.00,0.00
0.00,0.06,0.00,0.00,0.00,0.00,0.00,0.06,0.00,0.00,0.00,0.00,0.00,0.00,0.00
0.00,0.00,0.00,0.00,0.00,0.00,0.00,0.00,0.00,0.00,0.00,0.00,0.00,0.00,0.00
0.00,0.00,0.00,0.00,0.00,0.00,0.00,0.00,0.00,0.00,0.00,0.00,0.00,0.00,0.00
0.00,0.00,0.00,0.00,0.00,0.00,0.00,0.00,0.00,0.00,0.00,0.00,0.00,0.00,0.00
0.00,0.00,0.00,0.00,0.00,0.00,0.00,0.00,0.00,0.00,0.00,0.00,0.00,0.00,0.00
0.00,0.00,0.00,0.00,0.00,0.00,0.00,0.00,0.00,0.00,0.00,0.00,0.00,0.00,0.00
0.00,0.00,0.00,0.00,0.00,0.00,0.00,0.00,0.00,0.00,0.00,0.00,0.00,0.00,0.00
0.00,0.00,0.00,0.00,0.00,0.00,0.00,0.00,0.00,0.00,0.00,0.00,0.00,0.00,0.00
0.00,0.00,0.00,0.00,0.00,0.00,0.00,0.00,0.00,0.00,0.00,0.00,0.00,0.00,0.00
0.00,0.00,0.00,0.00,0.00,0.00,0.00,0.00,0.00,0.00,0.00,0.00,0.00,0.00,0.00
0.00,0.00,0.00,0.00,0.00,0.00,0.00,0.00,0.00,0.00,0.00,0.00,0.00,0.00,0.00
0.00,0.00,0.00,0.00,0.00,0.00,0.00,0.00,0.00,0.00,0.00,0.00,0.00,0.00,0.00
0.00,0.00,0.00,0.00,0.00,0.00,0.00,0.00,0.00,0.00,0.00,0.00,0.00,0.00,0.00
0.00,0.00,0.00,0.00,0.00,0.00,0.00,0.00,0.00,0.00,0.00,0.00,0.00,0.00,0.00
0.00,0.00,0.00,0.00,0.00,0.00,0.00,0.00,0.00,0.00,0.00,0.00,0.00,0.00,0.00
0.00,0.00,0.00,0.00,0.00,0.00,0.00,0.00,0.00,0.00,0.00,0.00,0.00,0.00,0.00
0.00,0.00,0.00,0.00,0.00,0.00,0.00,0.00,0.00,0.00,0.00,0.00,0.00,0.00,0.00
0.00,0.00,0.00,0.00,0.00,0.00,0.00,0.00,0.00,0.00,0.00,0.00,0.00,0.00,0.00
0.00,0.00,0.00,0.00,0.00,0.00,0.00,0.00,0.00,0.00,0.00,0.00,0.00,0.00,0.00
0.00,0.00,0.00,0.00,0.00,0.00,0.00,0.00,0.00,0.00,0.00,0.00,0.00,0.00,0.00
0.00,0.00,0.00,0.00,0.00,0.00,0.00,0.00,0.00,0.00,0.00,0.00,0.00,0.00,0.00
0.00,0.00,0.00,0.00,0.00,0.00,0.00,0.00,0.00,0.00,0.00,0.00,0.00,0.00,0.00
0.00,0.00,0.00,0.00,0.00,0.00,0.00,0.00,0.00,0.00,0.00,0.00,0.00,0.00,0.00
0.00,0.00,0.00,0.00,0.00,0.00,0.00,0.00,0.00,0.00,0.00,0.00,0.00,0.00,0.00
0.00,0.00,0.00,0.00,0.00,0.00,0.00,0.00,0.00,0.00,0.00,0.00,0.00,0.00,0.00
0.00,0.00,0.00,0.00,0.00,0.00,0.00,0.00,0.00,0.00,0.00,0.00,0.00,0.00,0.00
0.00,0.00,0.00,0.00,0.00,0.00,0.00,0.00,0.00,0.00,0.00,0.00,0.00,0.00,0.00
0.00,0.00,0.00,0.00,0.00,0.00,0.00,0.00,0.00,0.00,0.00,0.00,0.00,0.00,0.00
0.00,0.00,0.00,0.00,0.00,0.00,0.00,0.00,0.00,0.00,0.00,0.00,0.00,0.00,0.00
0.00,0.00,0.00,0.00,0.00,0.00,0.00,0.00,0.00,0.00,0.00,0.00,0.00,0.00,0.00
0.00,0.00,0.00,0.00,0.00,0.00,0.00,0.00,0.00,0.00,0.00,0.00,0.00,0.00,0.00
0.00,0.00,0.00,0.00,0.00,0.00,0.00,0.00,0.00,0.00,0.00,0.00,0.00,0.00,0.00
0.00,0.00,0.00,0.00,0.00,0.00,0.00,0.00,0.00,0.00,0.00,0.00,0.00,0.00,0.00
0.00,0.00,0.00,0.00,0.00,0.00,0.00,0.00,0.00,0.00,0.00,0.00,0.00,0.00,0.00
0.00,0.00,0.00,0.00,0.00,0.00,0.00,0.00,0.00,0.00,0.00,0.00,0.00,0.00,0.00
0.00,0.00,0.00,0.00,0.00,0.00,0.00,0.00,0.00,0.00,0.00,0.00,0.00,0.00,0.00
0.00,0.00,0.00,0.00,0.00,0.00,0.00,0.00,0.00,0.00,0.00,0.00,0.00,0.00,0.00
0.00,0.00,0.00,0.00,0.00,0.00,0.00,0.00,0.00,0.00,0.00,0.00,0.00,0.00,0.00
0.00,0.00,0.00,0.00,0.00,0.00,0.00,0.00,0.00,0.00,0.00,0.00,0.00,0.00,0.00
0.00,0.00,0.00,0.00,0.00,0.00,0.00,0.00,0.00,0.00,0.00,0.00,0.00,0.00,0.00
0.00,0.00,0.00,0.00,0.00,0.00,0.00,0.00,0.00,0.00,0.00,0.00,0.00,0.00,0.00
0.00,0.00,0.00,0.00,0.00,0.00,0.00,0.00,0.00,0.00,0.00,0.00,0.00,0.00,0.00
0.00,0.00,0.00,0.00,0.00,0.00,0.00,0.00,0.00,0.00,0.00,0.00,0.00,0.00,0.00
0.00,0.07,0.00,0.00,0.00,0.00,0.00,0.00,0.00,0.00,0.00,0.00,0.00,0.07,0.00
0.00,0.00,0.00,0.00,0.00,0.00,0.00,0.00,0.00,0.00,0.00,0.00,0.00,0.00,0.00
0.00,0.00,0.00,0.00,0.00,0.00,0.00,0.00,0.00,0.00,0.00,0.00,0.00,0.00,0.00
0.00,0.00,0.00,0.00,0.00,0.00,0.00,0.00,0.00,0.00,0.00,0.00,0.00,0.00,0.00
0.00,0.00,0.00,0.00,0.00,0.00,0.00,0.00,0.00,0.00,0.00,0.00,0.00,0.00,0.00
0.00,0.00,0.00,0.00,0.00,0.00,0.00,0.00,0.00,0.00,0.00,0.00,0.00,0.00,0.00
0.00,0.00,0.00,0.00,0.00,0.00,0.00,0.00,0.00,0.00,0.00,0.00,0.00,0.00,0.00
0.00,0.00,0.00,0.00,0.00,0.00,0.00,0.00,0.00,0.00,0.00,0.00,0.00,0.00,0.00
0.00,0.00,0.00,0.00,0.00,0.00,0.00,0.00,0.00,0.00,0.00,0.00,0.00,0.00,0.00
0.00,0.00,0.00,0.00,0.00,0.00,0.00,0.00,0.00,0.00,0.00,0.00,0.00,0.00,0.00
0.00,0.00,0.00,0.00,0.00,0.00,0.00,0.00,0.00,0.00,0.00,0.00,0.00,0.00,0.00
0.00,0.00,0.00,0.00,0.00,0.00,0.00,0.00,0.00,0.00,0.00,0.00,0.00,0.00,0.00
0.00,0.06,0.00,0.00,0.00,0.00,0.00,0.00,0.00,0.00,0.00,0.00,0.00,0.06,0.00
0.00,0.00,0.00,0.00,0.00,0.00,0.00,0.00,0.00,0.00,0.00,0.00,0.00,0.00,0.00
0.00,0.00,0.00,0.00,0.00,0.00,0.00,0.00,0.00,0.00,0.00,0.00,0.00,0.00,0.00
0.00,0.00,0.00,0.00,0.00,0.00,0.00,0.00,0.00,0.00,0.00,0.00,0.00,0.00,0.00
0.00,0.00,0.00,0.00,0.00,0.00,0.00,0.00,0.00,0.00,0.00,0.00,0.00,0.00,0.00
0.00,0.00,0.00,0.00,0.00,0.00,0.00,0.00,0.00,0.00,0.00,0.00,0.00,0.00,0.00
0.00,0.00,0.00,0.00,0.00,0.00,0.00,0.00,0.00,0.00,0.00,0.00,0.00,0.00,0.00
0.00,0.00,0.00,0.00,0.00,0.00,0.00,0.00,0.00,0.00,0.00,0.00,0.00,0.00,0.00
0.00,0.00,0.00,0.00,0.00,0.00,0.00,0.00,0.00,0.00,0.00,0.00,0.00,0.00,0.00
0.00,0.00,0.00,0.00,0.00,0.00,0.00,0.00,0.00,0.00,0.00,0.00,0.00,0.00,0.00
0.00,0.00,0.00,0.00,0.00,0.00,0.00,0.00,0.00,0.00,0.00,0.00,0.00,0.00,0.00
0.00,0.00,0.00,0.00,0.00,0.00,0.00,0.00,0.00,0.00,0.00,0.00,0.00,0.00,0.00
0.00,0.00,0.00,0.00,0.00,0.00,0.00,0.00,0.00,0.00,0.00,0.00,0.00,0.00,0.00
0.00,0.00,0.00,0.00,0.00,0.00,0.00,0.00,0.00,0.00,0.00,0.00,0.00,0.00,0.00
0.00,0.00,0.00,0.00,0.00,0.00,0.00,0.00,0.00,0.00,0.00,0.00,0.00,0.00,0.00
0.00,0.00,0.00,0.00,0.00,0.00,0.00,0.00,0.00,0.00,0.00,0.00,0.00,0.00,0.00
0.00,0.00,0.00,0.00,0.00,0.00,0.00,0.00,0.00,0.00,0.00,0.00,0.00,0.00,0.00
0.00,0.00,0.00,0.00,0.00,0.00,0.00,0.00,0.00,0.00,0.00,0.00,0.00,0.00,0.00
0.00,0.00,0.00,0.00,0.00,0.00,0.00,0.00,0.00,0.00,0.00,0.00,0.00,0.00,0.00
0.00,0.00,0.00,0.00,0.00,0.00,0.00,0.00,0.00,0.00,0.00,0.00,0.00,0.00,0.00
0.00,0.00,0.00,0.00,0.00,0.00,0.00,0.00,0.00,0.00,0.00,0.00,0.00,0.00,0.00
0.00,0.00,0.00,0.00,0.00,0.00,0.00,0.00,0.00,0.00,0.00,0.00,0.00,0.00,0.00
0.00,0.00,0.00,0.00,0.00,0.00,0.00,0.00,0.00,0.00,0.00,0.00,0.00,0.00,0.00
0.00,0.00,0.00,0.00,0.00,0.00,0.00,0.00,0.00,0.00,0.00,0.00,0.00,0.00,0.00
0.00,0.00,0.00,0.00,0.00,0.00,0.00,0.00,0.00,0.00,0.00,0.00,0.00,0.00,0.00
0.00,0.00,0.00,0.00,0.00,0.00,0.00,0.00,0.00,0.00,0.00,0.00,0.00,0.00,0.00
0.00,0.00,0.00,0.00,0.00,0.00,0.00,0.00,0.00,0.00,0.00,0.00,0.00,0.00,0.00
0.00,0.00,0.00,0.00,0.00,0.00,0.00,0.00,0.00,0.00,0.00,0.00,0.00,0.00,0.00
0.00,0.00,0.00,0.00,0.00,0.00,0.00,0.00,0.00,0.00,0.00,0.00,0.00,0.00,0.00
0.00,0.00,0.00,0.00,0.00,0.00,0.00,0.00,0.00,0.00,0.00,0.00,0.00,0.00,0.00
0.00,0.00,0.00,0.00,0.00,0.00,0.00,0.00,0.00,0.00,0.00,0.00,0.00,0.00,0.00
0.00,0.00,0.00,0.00,0.00,0.00,0.00,0.00,0.00,0.00,0.00,0.00,0.00,0.00,0.00
0.00,0.00,0.00,0.00,0.00,0.00,0.00,0.00,0.00,0.00,0.00,0.00,0.00,0.00,0.00
0.00,0.00,0.00,0.00,0.00,0.00,0.00,0.00,0.00,0.00,0.00,0.00,0.00,0.00,0.00
0.00,0.00,0.00,0.00,0.00,0.00,0.00,0.00,0.00,0.00,0.00,0.00,0.00,0.00,0.00
0.00,0.00,0.00,0.00,0.00,0.00,0.00,0.00,0.00,0.00,0.00,0.00,0.00,0.00,0.00
0.00,0.00,0.00,0.00,0.00,0.00,0.00,0.00,0.00,0.00,0.00,0.00,0.00,0.00,0.00
0.00,0.00,0.00,0.00,0.00,0.00,0.00,0.00,0.00,0.00,0.00,0.00,0.00,0.00,0.00
0.00,0.00,0.00,0.00,0.00,0.00,0.00,0.00,0.00,0.00,0.00,0.00,0.00,0.00,0.00
0.00,0.00,0.00,0.00,0.00,0.00,0.00,0.00,0.00,0.00,0.00,0.00,0.00,0.00,0.00
0.00,0.00,0.00,0.00,0.00,0.00,0.00,0.00,0.00,0.00,0.00,0.00,0.00,0.00,0.00
0.00,0.00,0.00,0.00,0.00,0.00,0.00,0.00,0.00,0.00,0.00,0.00,0.00,0.00,0.00
0.00,0.00,0.00,0.00,0.00,0.00,0.00,0.00,0.00,0.00,0.00,0.00,0.00,0.00,0.00
0.00,0.00,0.00,0.00,0.00,0.00,0.00,0.00,0.00,0.00,0.00,0.00,0.00,0.00,0.00
0.00,0.00,0.00,0.00,0.00,0.00,0.00,0.00,0.00,0.00,0.00,0.00,0.00,0.00,0.00
0.00,0.00,0.00,0.00,0.00,0.00,0.00,0.00,0.00,0.00,0.00,0.00,0.00,0.00,0.00
0.00,0.00,0.00,0.00,0.00,0.00,0.00,0.00,0.00,0.00,0.00,0.00,0.00,0.00,0.00
0.00,0.00,0.00,0.00,0.00,0.00,0.00,0.00,0.00,0.00,0.00,0.00,0.00,0.00,0.00
0.00,0.00,0.00,0.00,0.00,0.00,0.00,0.00,0.00,0.00,0.00,0.00,0.00,0.00,0.00
0.00,0.00,0.00,0.00,0.00,0.00,0.00,0.00,0.00,0.00,0.00,0.00,0.00,0.00,0.00
0.00,0.00,0.00,0.00,0.00,0.00,0.00,0.00,0.00,0.00,0.00,0.00,0.00,0.00,0.00
0.00,0.00,0.00,0.00,0.00,0.00,0.00,0.00,0.00,0.00,0.00,0.00,0.00,0.00,0.00
0.00,0.00,0.00,0.00,0.00,0.00,0.00,0.00,0.00,0.00,0.00,0.00,0.00,0.00,0.00
0.00,0.00,0.00,0.00,0.00,0.00,0.00,0.00,0.00,0.00,0.00,0.00,0.00,0.00,0.00
0.00,0.00,0.00,0.00,0.00,0.00,0.00,0.00,0.00,0.00,0.00,0.00,0.00,0.00,0.00
0.00,0.00,0.00,0.00,0.00,0.00,0.00,0.00,0.00,0.00,0.00,0.00,0.00,0.00,0.00
0.00,0.00,0.00,0.00,0.00,0.00,0.00,0.00,0.00,0.00,0.00,0.00,0.00,0.00,0.00
0.00,0.00,0.00,0.00,0.00,0.00,0.00,0.00,0.00,0.00,0.00,0.00,0.00,0.00,0.00
0.00,0.00,0.00,0.00,0.00,0.00,0.00,0.00,0.00,0.00,0.00,0.00,0.00,0.00,0.00
0.00,0.00,0.00,0.00,0.00,0.00,0.00,0.00,0.00,0.00,0.00,0.00,0.00,0.00,0.00
0.00,0.00,0.00,0.00,0.00,0.00,0.00,0.00,0.00,0.00,0.00,0.00,0.00,0.00,0.00
0.00,0.00,0.00,0.00,0.00,0.00,0.00,0.00,0.00,0.00,0.00,0.00,0.00,0.00,0.00
0.00,0.00,0.00,0.00,0.00,0.00,0.00,0.00,0.00,0.00,0.00,0.00,0.00,0.00,0.00
0.00,0.00,0.00,0.00,0.00,0.00,0.00,0.00,0.00,0.00,0.00,0.00,0.00,0.00,0.00
0.00,0.00,0.00,0.00,0.00,0.00,0.00,0.00,0.00,0.00,0.00,0.00,0.00,0.00,0.00
0.00,0.00,0.00,0.00,0.00,0.00,0.00,0.00,0.00,0.00,0.00,0.00,0.00,0.00,0.00
0.00,0.00,0.00,0.00,0.00,0.00,0.00,0.00,0.00,0.00,0.00,0.00,0.00,0.00,0.00
0.00,0.00,0.00,0.00,0.00,0.00,0.00,0.00,0.00,0.00,0.00,0.00,0.00,0.00,0.00
0.00,0.00,0.00,0.00,0.00,0.00,0.00,0.00,0.00,0.00,0.00,0.00,0.00,0.00,0.00
0.00,0.00,0.00,0.00,0.00,0.00,0.00,0.00,0.00,0.00,0.00,0.00,0.00,0.00,0.00
0.00,0.00,0.00,0.00,0.00,0.00,0.00,0.00,0.00,0.00,0.00,0.00,0.00,0.00,0.00
0.00,0.00,0.00,0.00,0.00,0.00,0.00,0.00,0.00,0.00,0.00,0.00,0.00,0.00,0.00
0.00,0.00,0.00,0.00,0.00,0.00,0.00,0.00,0.00,0.00,0.00,0.00,0.00,0.00,0.00
0.00,0.00,0.00,0.00,0.00,0.00,0.00,0.00,0.00,0.00,0.00,0.00,0.00,0.00,0.00
0.00,0.00,0.00,0.00,0.00,0.00,0.00,0.00,0.00,0.00,0.00,0.00,0.00,0.00,0.00
0.00,0.00,0.00,0.00,0.00,0.00,0.00,0.00,0.00,0.00,0.00,0.00,0.00,0.00,0.00
0.00,0.00,0.00,0.00,0.00,0.00,0.00,0.00,0.00,0.00,0.00,0.00,0.00,0.00,0.00
0.00,0.00,0.00,0.00,0.00,0.00,0.00,0.00,0.00,0.00,0.00,0.00,0.00,0.00,0.00
220.99,0.22,49.68,0.00,0.00,0.00,0.00,0.00,0.00,0.00,0.00,0.00,0.00,0.00,0.00
216.59,0.22,47.93,0.00,0.00,0.00,0.00,0.00,0.00,0.00,0.00,0.00,0.00,0.00,0.00
219.69,0.22,49.06,0.00,0.00,0.00,0.00,0.00,0.00,0.00,0.00,0.00,0.00,0.00,0.00
217.38,0.22,48.09,0.00,0.00,0.00,0.00,0.00,0.00,0.00,0.00,0.00,0.00,0.00,0.00
219.32,0.22,48.92,0.00,0.00,0.00,0.00,0.00,0.00,0.00,0.00,0.00,0.00,0.00,0.00
214.50,0.22,47.05,0.00,0.00,0.00,0.00,0.00,0.00,0.00,0.00,0.00,0.00,0.00,0.00
216.25,0.22,47.58,0.00,0.00,0.00,0.00,0.00,0.00,0.00,0.00,0.00,0.00,0.00,0.00
219.19,0.22,49.10,0.00,0.00,0.00,0.00,0.00,0.00,0.00,0.00,0.00,0.00,0.00,0.00
218.72,0.22,49.14,0.00,0.00,0.00,0.00,0.00,0.00,0.00,0.00,0.00,0.00,0.00,0.00
218.16,0.22,48.81,0.00,0.00,0.00,0.00,0.00,0.00,0.00,0.00,0.00,0.00,0.00,0.00
218.73,0.22,48.96,0.00,0.00,0.00,0.00,0.00,0.00,0.00,0.00,0.00,0.00,0.00,0.00
217.82,0.22,48.27,0.00,0.00,0.00,0.00,0.00,0.00,0.00,0.00,0.00,0.00,0.00,0.00
221.27,0.23,49.87,0.00,0.00,0.00,0.00,0.00,0.00,0.00,0.00,0.00,0.00,0.00,0.00
218.94,0.22,48.92,0.00,0.00,0.00,0.00,0.00,0.00,0.00,0.00,0.00,0.00,0.00,0.00
219.35,0.22,49.33,0.00,0.00,0.00,0.00,0.00,0.00,0.00,0.00,0.00,0.00,0.00,0.00
219.53,0.22,49.36,0.00,0.00,0.00,0.00,0.00,0.00,0.00,0.00,0.00,0.00,0.00,0.00
215.19,0.22,47.16,0.00,0.00,0.00,0.00,0.00,0.00,0.00,0.00,0.00,0.00,0.00,0.00
216.70,0.22,47.89,0.00,0.00,0.00,0.00,0.00,0.00,0.00,0.00,0.00,0.00,0.00,0.00
220.33,0.22,49.57,0.00,0.00,0.00,0.00,0.00,0.00,0.00,0.00,0.00,0.00,0.00,0.00
215.79,0.22,47.37,0.00,0.00,0.00,0.00,0.00,0.00,0.00,0.00,0.00,0.00,0.00,0.00
218.37,0.22,48.97,0.00,0.00,0.00,0.00,0.00,0.00,0.00,0.00,0.00,0.00,0.00,0.00
219.20,0.22,49.15,0.00,0.00,0.00,0.00,0.00,0.00,0.00,0.00,0.00,0.00,0.00,0.00
219.67,0.22,49.40,0.00,0.00,0.00,0.00,0.00,0.00,0.00,0.00,0.00,0.00,0.00,0.00
218.54,0.22,48.92,0.00,0.00,0.00,0.00,0.00,0.00,0.00,0.00,0.00,0.00,0.00,0.00
219.20,0.22,48.83,0.00,0.00,0.00,0.00,0.00,0.00,0.00,0.00,0.00,0.00,0.00,0.00
219.37,0.23,49.62,0.00,0.00,0.00,0.00,0.00,0.00,0.00,0.00,0.00,0.00,0.00,0.00
216.45,0.22,48.00,0.00,0.00,0.00,0.00,0.00,0.00,0.00,0.00,0.00,0.00,0.00,0.00
213.84,0.22,46.91,0.00,0.00,0.00,0.00,0.00,0.00,0.00,0.00,0.00,0.00,0.00,0.00
217.38,0.22,48.19,0.00,0.00,0.00,0.00,0.00,0.00,0.00,0.00,0.00,0.00,0.00,0.00
220.08,0.22,49.49,0.00,0.00,0.00,0.00,0.00,0.00,0.00,0.00,0.00,0.00,0.00,0.00
219.71,0.22,49.14,0.00,0.00,0.00,0.00,0.00,0.00,0.00,0.00,0.00,0.00,0.00,0.00
218.45,0.22,48.56,0.00,0.00,0.00,0.00,0.00,0.00,0.00,0.00,0.00,0.00,0.00,0.00
217.63,0.22,48.18,0.00,0.00,0.00,0.00,0.00,0.00,0.00,0.00,0.00,0.00,0.00,0.00
217.93,0.22,48.37,0.00,0.00,0.00,0.00,0.00,0.00,0.00,0.00,0.00,0.00,0.00,0.00
219.49,0.22,49.08,0.00,0.00,0.00,0.00,0.00,0.00,0.00,0.00,0.00,0.00,0.00,0.00
216.91,0.22,47.76,0.00,0.00,0.00,0.00,0.00,0.00,0.00,0.00,0.00,0.00,0.00,0.00
220.04,0.22,49.34,0.00,0.00,0.00,0.00,0.00,0.00,0.00,0.00,0.00,0.00,0.00,0.00
217.27,0.22,48.28,0.00,0.00,0.00,0.00,0.00,0.00,0.00,0.00,0.00,0.00,0.00,0.00
218.47,0.22,48.96,0.00,0.00,0.00,0.00,0.00,0.00,0.00,0.00,0.00,0.00,0.00,0.00
219.48,0.22,49.10,0.00,0.00,0.00,0.00,0.00,0.00,0.00,0.00,0.00,0.00,0.00,0.00
225.31,0.23,51.56,0.00,0.00,0.00,0.00,0.00,0.00,0.00,0.00,0.00,0.00,0.00,0.00
219.30,0.22,49.10,0.00,0.00,0.00,0.00,0.00,0.00,0.00,0.00,0.00,0.00,0.00,0.00
219.38,0.22,48.97,0.00,0.00,0.00,0.00,0.00,0.00,0.00,0.00,0.00,0.00,0.00,0.00
220.08,0.22,49.32,0.00,0.00,0.00,0.00,0.00,0.00,0.00,0.00,0.00,0.00,0.00,0.00
219.40,0.23,49.44,0.00,0.00,0.00,0.00,0.00,0.00,0.00,0.00,0.00,0.00,0.00,0.00
218.63,0.22,49.03,0.00,0.00,0.00,0.00,0.00,0.00,0.00,0.00,0.00,0.00,0.00,0.00
216.87,0.22,48.30,0.00,0.00,0.00,0.00,0.00,0.00,0.00,0.00,0.00,0.00,0.00,0.00
218.98,0.23,49.29,0.00,0.00,0.00,0.00,0.00,0.00,0.00,0.00,0.00,0.00,0.00,0.00
220.04,0.22,49.38,0.00,0.00,0.00,0.00,0.00,0.00,0.00,0.00,0.00,0.00,0.00,0.00
219.95,0.22,49.41,0.00,0.00,0.00,0.00,0.00,0.00,0.00,0.00,0.00,0.00,0.00,0.00
222.23,0.23,50.51,0.00,0.00,0.00,0.00,0.00,0.00,0.00,0.00,0.00,0.00,0.00,0.00
221.09,0.23,49.88,0.00,0.00,0.00,0.00,0.00,0.00,0.00,0.00,0.00,0.00,0.00,0.00
218.13,0.22,48.60,0.00,0.00,0.00,0.00,0.00,0.00,0.00,0.00,0.00,0.00,0.00,0.00
219.06,0.22,48.83,0.00,0.00,0.00,0.00,0.00,0.00,0.00,0.00,0.00,0.00,0.00,0.00
218.77,0.22,48.47,0.00,0.00,0.00,0.00,0.00,0.00,0.00,0.00,0.00,0.00,0.00,0.00
217.97,0.22,48.37,0.00,0.00,0.00,0.00,0.00,0.00,0.00,0.00,0.00,0.00,0.00,0.00
215.21,0.22,47.27,0.00,0.00,0.00,0.00,0.00,0.00,0.00,0.00,0.00,0.00,0.00,0.00
219.74,0.22,49.26,0.00,0.00,0.00,0.00,0.00,0.00,0.00,0.00,0.00,0.00,0.00,0.00
218.86,0.22,48.73,0.00,0.00,0.00,0.00,0.00,0.00,0.00,0.00,0.00,0.00,0.00,0.00
218.60,0.22,48.68,0.00,0.00,0.00,0.00,0.00,0.00,0.00,0.00,0.00,0.00,0.00,0.00
219.94,0.22,49.41,0.00,0.00,0.00,0.00,0.00,0.00,0.00,0.00,0.00,0.00,0.00,0.00
218.46,0.22,48.75,0.00,0.00,0.00,0.00,0.00,0.00,0.00,0.00,0.00,0.00,0.00,0.00
219.63,0.22,49.27,0.00,0.00,0.00,0.00,0.00,0.00,0.00,0.00,0.00,0.00,0.00,0.00
218.77,0.22,48.95,0.00,0.00,0.00,0.00,0.00,0.00,0.00,0.00,0.00,0.00,0.00,0.00
219.48,0.22,49.07,0.00,0.00,0.00,0.00,0.00,0.00,0.00,0.00,0.00,0.00,0.00,0.00
219.33,0.22,49.14,0.00,0.00,0.00,0.00,0.00,0.00,0.00,0.00,0.00,0.00,0.00,0.00
218.38,0.22,48.76,0.00,0.00,0.00,0.00,0.00,0.00,0.00,0.00,0.00,0.00,0.00,0.00
218.10,0.22,48.81,0.00,0.00,0.00,0.00,0.00,0.00,0.00,0.00,0.00,0.00,0.00,0.00
213.29,0.22,46.44,0.00,0.00,0.00,0.00,0.00,0.00,0.00,0.00,0.00,0.00,0.00,0.00
218.96,0.22,49.00,0.00,0.00,0.00,0.00,0.00,0.00,0.00,0.00,0.00,0.00,0.00,0.00
217.82,0.22,48.55,0.00,0.00,0.00,0.00,0.00,0.00,0.00,0.00,0.00,0.00,0.00,0.00
216.50,0.22,47.64,0.00,0.00,0.00,0.00,0.00,0.00,0.00,0.00,0.00,0.00,0.00,0.00
218.67,0.22,48.82,0.00,0.00,0.00,0.00,0.00,0.00,0.00,0.00,0.00,0.00,0.00,0.00
216.36,0.22,47.94,0.00,0.00,0.00,0.00,0.00,0.00,0.00,0.00,0.00,0.00,0.00,0.00
214.49,0.22,46.82,0.00,0.00,0.00,0.00,0.00,0.00,0.00,0.00,0.00,0.00,0.00,0.00
218.11,0.22,48.68,0.00,0.00,0.00,0.00,0.00,0.00,0.00,0.00,0.00,0.00,0.00,0.00
219.82,0.22,49.29,0.00,0.00,0.00,0.00,0.00,0.00,0.00,0.00,0.00,0.00,0.00,0.00
219.71,0.22,49.37,0.00,0.00,0.00,0.00,0.00,0.00,0.00,0.00,0.00,0.00,0.00,0.00
215.89,0.22,47.32,0.00,0.00,0.00,0.00,0.00,0.00,0.00,0.00,0.00,0.00,0.00,0.00
218.49,0.22,48.80,0.00,0.00,0.00,0.00,0.00,0.00,0.00,0.00,0.00,0.00,0.00,0.00
219.35,0.22,49.00,0.00,0.00,0.00,0.00,0.00,0.00,0.00,0.00,0.00,0.00,0.00,0.00
216.14,0.22,47.65,0.00,0.00,0.00,0.00,0.00,0.00,0.00,0.00,0.00,0.00,0.00,0.00
218.45,0.22,48.72,0.00,0.00,0.00,0.00,0.00,0.00,0.00,0.00,0.00,0.00,0.00,0.00
219.89,0.22,49.31,0.00,0.00,0.00,0.00,0.00,0.00,0.00,0.00,0.00,0.00,0.00,0.00
219.87,0.22,49.27,0.00,0.00,0.00,0.00,0.00,0.00,0.00,0.00,0.00,0.00,0.00,0.00
219.70,0.22,49.08,0.00,0.00,0.00,0.00,0.00,0.00,0.00,0.00,0.00,0.00,0.00,0.00
212.41,0.22,46.33,0.00,0.00,0.00,0.00,0.00,0.00,0.00,0.00,0.00,0.00,0.00,0.00
216.41,0.22,47.70,0.00,0.00,0.00,0.00,0.00,0.00,0.00,0.00,0.00,0.00,0.00,0.00
220.25,0.22,49.37,0.00,0.00,0.00,0.00,0.00,0.00,0.00,0.00,0.00,0.00,0.00,0.00
218.33,0.22,48.46,0.00,0.00,0.00,0.00,0.00,0.00,0.00,0.00,0.00,0.00,0.00,0.00
219.63,0.22,48.99,0.00,0.00,0.00,0.00,0.00,0.00,0.00,0.00,0.00,0.00,0.00,0.00
216.93,0.22,47.89,0.00,0.00,0.00,0.00,0.00,0.00,0.00,0.00,0.00,0.00,0.00,0.00
219.13,0.22,48.66,0.00,0.00,0.00,0.00,0.00,0.00,0.00,0.00,0.00,0.00,0.00,0.00
219.59,0.22,49.39,0.00,0.00,0.00,0.00,0.00,0.00,0.00,0.00,0.00,0.00,0.00,0.00
219.93,0.23,49.58,0.00,0.00,0.00,0.00,0.00,0.00,0.00,0.00,0.00,0.00,0.00,0.00
218.86,0.22,48.83,0.00,0.00,0.00,0.00,0.00,0.00,0.00,0.00,0.00,0.00,0.00,0.00
219.94,0.22,49.32,0.00,0.00,0.00,0.00,0.00,0.00,0.00,0.00,0.00,0.00,0.00,0.00
217.38,0.22,47.83,0.00,0.00,0.00,0.00,0.00,0.00,0.00,0.00,0.00,0.00,0.00,0.00
213.43,0.22,46.15,0.00,0.00,0.00,0.00,0.00,0.00,0.00,0.00,0.00,0.00,0.00,0.00
214.27,0.22,46.70,0.00,0.00,0.00,0.00,0.00,0.00,0.00,0.00,0.00,0.00,0.00,0.00
218.32,0.22,48.73,0.00,0.00,0.00,0.00,0.00,0.00,0.00,0.00,0.00,0.00,0.00,0.00
219.33,0.22,48.87,0.00,0.00,0.00,0.00,0.00,0.00,0.00,0.00,0.00,0.00,0.00,0.00
219.72,0.22,49.20,0.00,0.00,0.00,0.00,0.00,0.00,0.00,0.00,0.00,0.00,0.00,0.00
213.90,0.22,46.63,0.00,0.00,0.00,0.00,0.00,0.00,0.00,0.00,0.00,0.00,0.00,0.00
217.71,0.22,48.65,0.00,0.00,0.00,0.00,0.00,0.00,0.00,0.00,0.00,0.00,0.00,0.00
218.85,0.22,48.88,0.00,0.00,0.00,0.00,0.00,0.00,0.00,0.00,0.00,0.00,0.00,0.00
216.86,0.22,47.74,0.00,0.00,0.00,0.00,0.00,0.00,0.00,0.00,0.00,0.00,0.00,0.00
219.40,0.23,49.41,0.00,0.00,0.00,0.00,0.00,0.00,0.00,0.00,0.00,0.00,0.00,0.00
218.48,0.22,48.82,0.00,0.00,0.00,0.00,0.00,0.00,0.00,0.00,0.00,0.00,0.00,0.00
217.11,0.22,48.21,0.00,0.00,0.00,0.00,0.00,0.00,0.00,0.00,0.00,0.00,0.00,0.00
218.67,0.22,48.94,0.00,0.00,0.00,0.00,0.00,0.00,0.00,0.00,0.00,0.00,0.00,0.00
218.41,0.22,48.80,0.00,0.00,0.00,0.00,0.00,0.00,0.00,0.00,0.00,0.00,0.00,0.00
217.08,0.22,47.88,0.00,0.00,0.00,0.00,0.00,0.00,0.00,0.00,0.00,0.00,0.00,0.00
219.23,0.22,48.98,0.00,0.00,0.00,0.00,0.00,0.00,0.00,0.00,0.00,0.00,0.00,0.00
218.04,0.22,48.66,0.00,0.00,0.00,0.00,0.00,0.00,0.00,0.00,0.00,0.00,0.00,0.00
218.61,0.22,48.46,0.00,0.00,0.00,0.00,0.00,0.00,0.00,0.00,0.00,0.00,0.00,0.00
220.42,0.22,49.46,0.00,0.00,0.00,0.00,0.00,0.00,0.00,0.00,0.00,0.00,0.00,0.00
218.42,0.22,48.71,0.00,0.00,0.00,0.00,0.00,0.00,0.00,0.00,0.00,0.00,0.00,0.00
219.36,0.22,49.08,0.00,0.00,0.00,0.00,0.00,0.00,0.00,0.00,0.00,0.00,0.00,0.00
218.56,0.22,48.74,0.00,0.00,0.00,0.00,0.00,0.00,0.00,0.00,0.00,0.00,0.00,0.00
215.72,0.22,47.26,0.00,0.00,0.00,0.00,0.00,0.00,0.00,0.00,0.00,0.00,0.00,0.00
218.81,0.22,48.71,0.00,0.00,0.00,0.00,0.00,0.00,0.00,0.00,0.00,0.00,0.00,0.00
220.63,0.22,49.46,0.00,0.00,0.00,0.00,0.00,0.00,0.00,0.00,0.00,0.00,0.00,0.00
218.58,0.22,48.71,0.00,0.00,0.00,0.00,0.00,0.00,0.00,0.00,0.00,0.00,0.00,0.00
218.18,0.22,48.57,0.00,0.00,0.00,0.00,0.00,0.00,0.00,0.00,0.00,0.00,0.00,0.00
219.17,0.22,49.21,0.00,0.00,0.00,0.00,0.00,0.00,0.00,0.00,0.00,0.00,0.00,0.00
218.79,0.22,48.81,0.00,0.00,0.00,0.00,0.00,0.00,0.00,0.00,0.00,0.00,0.00,0.00
219.69,0.22,49.22,0.00,0.00,0.00,0.00,0.00,0.00,0.00,0.00,0.00,0.00,0.00,0.00
217.90,0.22,48.51,0.00,0.00,0.00,0.00,0.00,0.00,0.00,0.00,0.00,0.00,0.00,0.00
218.43,0.22,48.72,0.00,0.00,0.00,0.00,0.00,0.00,0.00,0.00,0.00,0.00,0.00,0.00
215.14,0.22,47.13,0.00,0.00,0.00,0.00,0.00,0.00,0.00,0.00,0.00,0.00,0.00,0.00
216.94,0.22,48.08,0.00,0.00,0.00,0.00,0.00,0.00,0.00,0.00,0.00,0.00,0.00,0.00
218.17,0.22,48.83,0.00,0.00,0.00,0.00,0.00,0.00,0.00,0.00,0.00,0.00,0.00,0.00
219.75,0.22,49.27,0.00,0.00,0.00,0.00,0.00,0.00,0.00,0.00,0.00,0.00,0.00,0.00
217.43,0.22,48.26,0.00,0.00,0.00,0.00,0.00,0.00,0.00,0.00,0.00,0.00,0.00,0.00
215.83,0.22,47.71,0.00,0.00,0.00,0.00,0.00,0.00,0.00,0.00,0.00,0.00,0.00,0.00
218.85,0.22,48.89,0.00,0.00,0.00,0.00,0.00,0.00,0.00,0.00,0.00,0.00,0.00,0.00
218.42,0.22,48.51,0.00,0.00,0.00,0.00,0.00,0.00,0.00,0.00,0.00,0.00,0.00,0.00
217.55,0.22,48.35,0.00,0.00,0.00,0.00,0.00,0.00,0.00,0.00,0.00,0.00,0.00,0.00
214.29,0.22,46.44,0.00,0.00,0.00,0.00,0.00,0.00,0.00,0.00,0.00,0.00,0.00,0.00
218.28,0.22,48.73,0.00,0.00,0.00,0.00,0.00,0.00,0.00,0.00,0.00,0.00,0.00,0.00
218.48,0.22,48.81,0.00,0.00,0.00,0.00,0.00,0.00,0.00,0.00,0.00,0.00,0.00,0.00
218.22,0.22,48.77,0.00,0.00,0.00,0.00,0.00,0.00,0.00,0.00,0.00,0.00,0.00,0.00
220.24,0.22,49.23,0.00,0.00,0.00,0.00,0.00,0.00,0.00,0.00,0.00,0.00,0.00,0.00
218.26,0.22,48.65,0.00,0.00,0.00,0.00,0.00,0.00,0.00,0.00,0.00,0.00,0.00,0.00
220.14,0.22,49.35,0.00,0.00,0.00,0.00,0.00,0.00,0.00,0.00,0.00,0.00,0.00,0.00
218.23,0.22,48.28,0.00,0.00,0.00,0.00,0.00,0.00,0.00,0.00,0.00,0.00,0.00,0.00
217.56,0.22,48.56,0.00,0.00,0.00,0.00,0.00,0.00,0.00,0.00,0.00,0.00,0.00,0.00
217.44,0.22,48.39,0.00,0.00,0.00,0.00,0.00,0.00,0.00,0.00,0.00,0.00,0.00,0.00
219.14,0.22,48.99,0.00,0.00,0.00,0.00,0.00,0.00,0.00,0.00,0.00,0.00,0.00,0.00
212.87,0.22,46.48,0.00,0.00,0.00,0.00,0.00,0.00,0.00,0.00,0.00,0.00,0.00,0.00
214.65,0.22,46.98,0.00,0.00,0.00,0.00,0.00,0.00,0.00,0.00,0.00,0.00,0.00,0.00
217.76,0.22,48.34,0.00,0.00,0.00,0.00,0.00,0.00,0.00,0.00,0.00,0.00,0.00,0.00
220.69,0.22,49.63,0.00,0.00,0.00,0.00,0.00,0.00,0.00,0.00,0.00,0.00,0.00,0.00
218.52,0.22,48.47,0.00,0.00,0.00,0.00,0.00,0.00,0.00,0.00,0.00,0.00,0.00,0.00
218.13,0.22,48.58,0.00,0.00,0.00,0.00,0.00,0.00,0.00,0.00,0.00,0.00,0.00,0.00
215.51,0.22,47.28,0.00,0.00,0.00,0.00,0.00,0.00,0.00,0.00,0.00,0.00,0.00,0.00
219.38,0.22,49.02,0.00,0.00,0.00,0.00,0.00,0.00,0.00,0.00,0.00,0.00,0.00,0.00
216.35,0.22,47.56,0.00,0.00,0.00,0.00,0.00,0.00,0.00,0.00,0.00,0.00,0.00,0.00
220.27,0.23,49.67,0.00,0.00,0.00,0.00,0.00,0.00,0.00,0.00,0.00,0.00,0.00,0.00
219.26,0.22,49.33,0.00,0.00,0.00,0.00,0.00,0.00,0.00,0.00,0.00,0.00,0.00,0.00
219.10,0.22,48.95,0.00,0.00,0.00,0.00,0.00,0.00,0.00,0.00,0.00,0.00,0.00,0.00
220.34,0.23,49.62,0.00,0.00,0.00,0.00,0.00,0.00,0.00,0.00,0.00,0.00,0.00,0.00
219.96,0.22,49.20,0.00,0.00,0.00,0.00,0.00,0.00,0.00,0.00,0.00,0.00,0.00,0.00
220.46,0.23,49.70,0.00,0.00,0.00,0.00,0.00,0.00,0.00,0.00,0.00,0.00,0.00,0.00
220.57,0.22,49.42,0.00,0.00,0.00,0.00,0.00,0.00,0.00,0.00,0.00,0.00,0.00,0.00
216.40,0.22,47.70,0.00,0.00,0.00,0.00,0.00,0.00,0.00,0.00,0.00,0.00,0.00,0.00
216.78,0.22,47.96,0.00,0.00,0.00,0.00,0.00,0.00,0.00,0.00,0.00,0.00,0.00,0.00
219.67,0.22,49.08,0.00,0.00,0.00,0.00,0.00,0.00,0.00,0.00,0.00,0.00,0.00,0.00
212.37,0.22,45.74,0.00,0.00,0.00,0.00,0.00,0.00,0.00,0.00,0.00,0.00,0.00,0.00
215.88,0.22,47.55,0.00,0.00,0.00,0.00,0.00,0.00,0.00,0.00,0.00,0.00,0.00,0.00
215.48,0.22,47.33,0.00,0.00,0.00,0.00,0.00,0.00,0.00,0.00,0.00,0.00,0.00,0.00
215.03,0.22,47.14,0.00,0.00,0.00,0.00,0.00,0.00,0.00,0.00,0.00,0.00,0.00,0.00
216.32,0.22,47.65,0.00,0.00,0.00,0.00,0.00,0.00,0.00,0.00,0.00,0.00,0.00,0.00
216.10,0.22,47.56,0.00,0.00,0.00,0.00,0.00,0.00,0.00,0.00,0.00,0.00,0.00,0.00
214.58,0.22,47.00,0.00,0.00,0.00,0.00,0.00,0.00,0.00,0.00,0.00,0.00,0.00,0.00
215.91,0.22,47.48,0.00,0.00,0.00,0.00,0.00,0.00,0.00,0.00,0.00,0.00,0.00,0.00
214.55,0.22,47.04,0.00,0.00,0.00,0.00,0.00,0.00,0.00,0.00,0.00,0.00,0.00,0.00
217.11,0.22,48.14,0.00,0.00,0.00,0.00,0.00,0.00,0.00,0.00,0.00,0.00,0.00,0.00
217.41,0.22,48.19,0.00,0.00,0.00,0.00,0.00,0.00,0.00,0.00,0.00,0.00,0.00,0.00
211.82,0.22,45.89,0.00,0.00,0.00,0.00,0.00,0.00,0.00,0.00,0.00,0.00,0.00,0.00
216.42,0.22,47.79,0.00,0.00,0.00,0.00,0.00,0.00,0.00,0.00,0.00,0.00,0.00,0.00
217.75,0.22,48.26,0.00,0.00,0.00,0.00,0.00,0.00,0.00,0.00,0.00,0.00,0.00,0.00
216.03,0.22,47.58,0.00,0.00,0.00,0.00,0.00,0.00,0.00,0.00,0.00,0.00,0.00,0.00
216.61,0.22,47.91,0.00,0.00,0.00,0.00,0.00,0.00,0.00,0.00,0.00,0.00,0.00,0.00
218.34,0.22,48.55,0.00,0.00,0.00,0.00,0.00,0.00,0.00,0.00,0.00,0.00,0.00,0.00
217.09,0.22,48.12,0.00,0.00,0.00,0.00,0.00,0.00,0.00,0.00,0.00,0.00,0.00,0.00
217.65,0.22,48.16,0.00,0.00,0.00,0.00,0.00,0.00,0.00,0.00,0.00,0.00,0.00,0.00
216.41,0.22,47.57,0.00,0.00,0.00,0.00,0.00,0.00,0.00,0.00,0.00,0.00,0.00,0.00
214.07,0.22,46.95,0.00,0.00,0.00,0.00,0.00,0.00,0.00,0.00,0.00,0.00,0.00,0.00
215.32,0.22,47.34,0.00,0.00,0.00,0.00,0.00,0.00,0.00,0.00,0.00,0.00,0.00,0.00
216.89,0.22,48.13,0.00,0.00,0.00,0.00,0.00,0.00,0.00,0.00,0.00,0.00,0.00,0.00
217.55,0.22,48.30,0.00,0.00,0.00,0.00,0.00,0.00,0.00,0.00,0.00,0.00,0.00,0.00
214.95,0.22,47.28,0.00,0.00,0.00,0.00,0.00,0.00,0.00,0.00,0.00,0.00,0.00,0.00
215.61,0.22,47.55,0.00,0.00,0.00,0.00,0.00,0.00,0.00,0.00,0.00,0.00,0.00,0.00
212.70,0.22,46.19,0.00,0.00,0.00,0.00,0.00,0.00,0.00,0.00,0.00,0.00,0.00,0.00
213.86,0.22,46.66,0.00,0.00,0.00,0.00,0.00,0.00,0.00,0.00,0.00,0.00,0.00,0.00
216.03,0.22,47.67,0.00,0.00,0.00,0.00,0.00,0.00,0.00,0.00,0.00,0.00,0.00,0.00
215.65,0.22,47.24,0.00,0.00,0.00,0.00,0.00,0.00,0.00,0.00,0.00,0.00,0.00,0.00
210.86,0.21,45.04,0.00,0.00,0.00,0.00,0.00,0.00,0.00,0.00,0.00,0.00,0.00,0.00
216.48,0.22,47.82,0.00,0.00,0.00,0.00,0.00,0.00,0.00,0.00,0.00,0.00,0.00,0.00
214.35,0.22,46.75,0.00,0.00,0.00,0.00,0.00,0.00,0.00,0.00,0.00,0.00,0.00,0.00
216.26,0.22,47.77,0.00,0.00,0.00,0.00,0.00,0.00,0.00,0.00,0.00,0.00,0.00,0.00
217.43,0.22,48.07,0.00,0.00,0.00,0.00,0.00,0.00,0.00,0.00,0.00,0.00,0.00,0.00
218.35,0.22,48.67,0.00,0.00,0.00,0.00,0.00,0.00,0.00,0.00,0.00,0.00,0.00,0.00
216.01,0.22,47.66,0.00,0.00,0.00,0.00,0.00,0.00,0.00,0.00,0.00,0.00,0.00,0.00
217.26,0.22,48.13,0.00,0.00,0.00,0.00,0.00,0.00,0.00,0.00,0.00,0.00,0.00,0.00
216.93,0.22,48.02,0.00,0.00,0.00,0.00,0.00,0.00,0.00,0.00,0.00,0.00,0.00,0.00
217.41,0.22,48.18,0.00,0.00,0.00,0.00,0.00,0.00,0.00,0.00,0.00,0.00,0.00,0.00
216.86,0.22,47.99,0.00,0.00,0.00,0.00,0.00,0.00,0.00,0.00,0.00,0.00,0.00,0.00
216.55,0.22,47.82,0.00,0.00,0.00,0.00,0.00,0.00,0.00,0.00,0.00,0.00,0.00,0.00
217.10,0.22,48.33,0.00,0.00,0.00,0.00,0.00,0.00,0.00,0.00,0.00,0.00,0.00,0.00
215.50,0.22,47.43,0.00,0.00,0.00,0.00,0.00,0.00,0.00,0.00,0.00,0.00,0.00,0.00
213.35,0.22,46.43,0.00,0.00,0.00,0.00,0.00,0.00,0.00,0.00,0.00,0.00,0.00,0.00
216.79,0.22,48.11,0.00,0.00,0.00,0.00,0.00,0.00,0.00,0.00,0.00,0.00,0.00,0.00
216.01,0.22,47.62,0.00,0.00,0.00,0.00,0.00,0.00,0.00,0.00,0.00,0.00,0.00,0.00
216.60,0.22,47.83,0.00,0.00,0.00,0.00,0.00,0.00,0.00,0.00,0.00,0.00,0.00,0.00
215.63,0.22,47.54,0.00,0.00,0.00,0.00,0.00,0.00,0.00,0.00,0.00,0.00,0.00,0.00
213.26,0.22,46.37,0.00,0.00,0.00,0.00,0.00,0.00,0.00,0.00,0.00,0.00,0.00,0.00
214.71,0.22,47.12,0.00,0.00,0.00,0.00,0.00,0.00,0.00,0.00,0.00,0.00,0.00,0.00
217.89,0.22,48.30,0.00,0.00,0.00,0.00,0.00,0.00,0.00,0.00,0.00,0.00,0.00,0.00
218.48,0.22,48.70,0.00,0.00,0.00,0.00,0.00,0.00,0.00,0.00,0.00,0.00,0.00,0.00
217.86,0.22,48.28,0.00,0.00,0.00,0.00,0.00,0.00,0.00,0.00,0.00,0.00,0.00,0.00
220.36,0.22,49.34,0.00,0.00,0.00,0.00,0.00,0.00,0.00,0.00,0.00,0.00,0.00,0.00
219.18,0.22,49.27,0.00,0.00,0.00,0.00,0.00,0.00,0.00,0.00,0.00,0.00,0.00,0.00
219.25,0.22,48.74,0.00,0.00,0.00,0.00,0.00,0.00,0.00,0.00,0.00,0.00,0.00,0.00
216.55,0.22,48.17,0.00,0.00,0.00,0.00,0.00,0.00,0.00,0.00,0.00,0.00,0.00,0.00
217.94,0.22,48.29,0.00,0.00,0.00,0.00,0.00,0.00,0.00,0.00,0.00,0.00,0.00,0.00
218.33,0.22,48.70,0.00,0.00,0.00,0.00,0.00,0.00,0.00,0.00,0.00,0.00,0.00,0.00
217.89,0.22,48.44,0.00,0.00,0.00,0.00,0.00,0.00,0.00,0.00,0.00,0.00,0.00,0.00
217.61,0.22,48.28,0.00,0.00,0.00,0.00,0.00,0.00,0.00,0.00,0.00,0.00,0.00,0.00
219.03,0.22,49.06,0.00,0.00,0.00,0.00,0.00,0.00,0.00,0.00,0.00,0.00,0.00,0.00
219.74,0.22,49.33,0.00,0.00,0.00,0.00,0.00,0.00,0.00,0.00,0.00,0.00,0.00,0.00
217.18,0.22,48.29,0.00,0.00,0.00,0.00,0.00,0.00,0.00,0.00,0.00,0.00,0.00,0.00
220.36,0.23,49.94,0.00,0.00,0.00,0.00,0.00,0.00,0.00,0.00,0.00,0.00,0.00,0.00
220.30,0.23,49.59,0.00,0.00,0.00,0.00,0.00,0.00,0.00,0.00,0.00,0.00,0.00,0.00
219.16,0.22,49.07,0.00,0.00,0.00,0.00,0.00,0.00,0.00,0.00,0.00,0.00,0.00,0.00
219.47,0.22,49.16,0.00,0.00,0.00,0.00,0.00,0.00,0.00,0.00,0.00,0.00,0.00,0.00
219.19,0.22,48.86,0.00,0.00,0.00,0.00,0.00,0.00,0.00,0.00,0.00,0.00,0.00,0.00
217.24,0.22,48.37,0.00,0.00,0.00,0.00,0.00,0.00,0.00,0.00,0.00,0.00,0.00,0.00
218.64,0.22,48.67,0.00,0.00,0.00,0.00,0.00,0.00,0.00,0.00,0.00,0.00,0.00,0.00
218.13,0.22,48.59,0.00,0.00,0.00,0.00,0.00,0.00,0.00,0.00,0.00,0.00,0.00,0.00
217.52,0.22,48.44,0.00,0.00,0.00,0.00,0.00,0.00,0.00,0.00,0.00,0.00,0.00,0.00
218.58,0.22,48.89,0.00,0.00,0.00,0.00,0.00,0.00,0.00,0.00,0.00,0.00,0.00,0.00
217.17,0.22,48.22,0.00,0.00,0.00,0.00,0.00,0.00,0.00,0.00,0.00,0.00,0.00,0.00
218.64,0.22,48.56,0.00,0.00,0.00,0.00,0.00,0.00,0.00,0.00,0.00,0.00,0.00,0.00
218.76,0.22,48.53,0.00,0.00,0.00,0.00,0.00,0.00,0.00,0.00,0.00,0.00,0.00,0.00
218.38,0.22,48.50,0.00,0.00,0.00,0.00,0.00,0.00,0.00,0.00,0.00,0.00,0.00,0.00
215.49,0.22,47.41,0.00,0.00,0.00,0.00,0.00,0.00,0.00,0.00,0.00,0.00,0.00,0.00
220.24,0.22,49.35,0.00,0.00,0.00,0.00,0.00,0.00,0.00,0.00,0.00,0.00,0.00,0.00
217.71,0.22,48.47,0.00,0.00,0.00,0.00,0.00,0.00,0.00,0.00,0.00,0.00,0.00,0.00
219.00,0.22,48.75,0.00,0.00,0.00,0.00,0.00,0.00,0.00,0.00,0.00,0.00,0.00,0.00
218.55,0.22,48.69,0.00,0.00,0.00,0.00,0.00,0.00,0.00,0.00,0.00,0.00,0.00,0.00
219.00,0.22,49.05,0.00,0.00,0.00,0.00,0.00,0.00,0.00,0.00,0.00,0.00,0.00,0.00
220.21,0.22,49.27,0.00,0.00,0.00,0.00,0.00,0.00,0.00,0.00,0.00,0.00,0.00,0.00
218.55,0.22,48.69,0.00,0.00,0.00,0.00,0.00,0.00,0.00,0.00,0.00,0.00,0.00,0.00
217.15,0.22,48.16,0.00,0.00,0.00,0.00,0.00,0.00,0.00,0.00,0.00,0.00,0.00,0.00
217.21,0.22,48.19,0.00,0.00,0.00,0.00,0.00,0.00,0.00,0.00,0.00,0.00,0.00,0.00
215.29,0.22,47.32,0.00,0.00,0.00,0.00,0.00,0.00,0.00,0.00,0.00,0.00,0.00,0.00
217.22,0.22,47.98,0.00,0.00,0.00,0.00,0.00,0.00,0.00,0.00,0.00,0.00,0.00,0.00
217.74,0.22,48.29,0.00,0.00,0.00,0.00,0.00,0.00,0.00,0.00,0.00,0.00,0.00,0.00
216.34,0.22,47.68,0.00,0.00,0.00,0.00,0.00,0.00,0.00,0.00,0.00,0.00,0.00,0.00
218.66,0.22,48.95,0.00,0.00,0.00,0.00,0.00,0.00,0.00,0.00,0.00,0.00,0.00,0.00
218.35,0.22,48.59,0.00,0.00,0.00,0.00,0.00,0.00,0.00,0.00,0.00,0.00,0.00,0.00
218.70,0.22,48.83,0.00,0.00,0.00,0.00,0.00,0.00,0.00,0.00,0.00,0.00,0.00,0.00
220.08,0.22,49.38,0.00,0.00,0.00,0.00,0.00,0.00,0.00,0.00,0.00,0.00,0.00,0.00
218.63,0.22,48.77,0.00,0.00,0.00,0.00,0.00,0.00,0.00,0.00,0.00,0.00,0.00,0.00
218.81,0.22,48.88,0.00,0.00,0.00,0.00,0.00,0.00,0.00,0.00,0.00,0.00,0.00,0.00
218.26,0.22,48.33,0.00,0.00,0.00,0.00,0.00,0.00,0.00,0.00,0.00,0.00,0.00,0.00
217.90,0.22,48.67,0.00,0.00,0.00,0.00,0.00,0.00,0.00,0.00,0.00,0.00,0.00,0.00
218.93,0.22,49.07,0.00,0.00,0.00,0.00,0.00,0.00,0.00,0.00,0.00,0.00,0.00,0.00
219.78,0.22,49.27,0.00,0.00,0.00,0.00,0.00,0.00,0.00,0.00,0.00,0.00,0.00,0.00
217.95,0.22,48.34,0.00,0.00,0.00,0.00,0.00,0.00,0.00,0.00,0.00,0.00,0.00,0.00
218.81,0.22,48.62,0.00,0.00,0.00,0.00,0.00,0.00,0.00,0.00,0.00,0.00,0.00,0.00
218.86,0.22,48.85,0.00,0.00,0.00,0.00,0.00,0.00,0.00,0.00,0.00,0.00,0.00,0.00
220.06,0.23,49.58,0.00,0.00,0.00,0.00,0.00,0.00,0.00,0.00,0.00,0.00,0.00,0.00
217.93,0.22,48.61,0.00,0.00,0.00,0.00,0.00,0.00,0.00,0.00,0.00,0.00,0.00,0.00
219.52,0.22,49.08,0.00,0.00,0.00,0.00,0.00,0.00,0.00,0.00,0.00,0.00,0.00,0.00
219.97,0.22,49.34,0.00,0.00,0.00,0.00,0.00,0.00,0.00,0.00,0.00,0.00,0.00,0.00
218.36,0.22,48.59,0.00,0.00,0.00,0.00,0.00,0.00,0.00,0.00,0.00,0.00,0.00,0.00
218.13,0.22,48.87,0.00,0.00,0.00,0.00,0.00,0.00,0.00,0.00,0.00,0.00,0.00,0.00
220.45,0.22,49.33,0.00,0.00,0.00,0.00,0.00,0.00,0.00,0.00,0.00,0.00,0.00,0.00
218.01,0.22,48.62,0.00,0.00,0.00,0.00,0.00,0.00,0.00,0.00,0.00,0.00,0.00,0.00
216.66,0.22,47.49,0.00,0.00,0.00,0.00,0.00,0.00,0.00,0.00,0.00,0.00,0.00,0.00
216.95,0.22,48.18,0.00,0.00,0.00,0.00,0.00,0.00,0.00,0.00,0.00,0.00,0.00,0.00
221.77,0.23,50.27,0.00,0.00,0.00,0.00,0.00,0.00,0.00,0.00,0.00,0.00,0.00,0.00
217.67,0.22,48.21,0.00,0.00,0.00,0.00,0.00,0.00,0.00,0.00,0.00,0.00,0.00,0.00
218.80,0.22,48.53,0.00,0.00,0.00,0.00,0.00,0.00,0.00,0.00,0.00,0.00,0.00,0.00
218.60,0.22,48.50,0.00,0.00,0.00,0.00,0.00,0.00,0.00,0.00,0.00,0.00,0.00,0.00
219.50,0.22,49.14,0.00,0.00,0.00,0.00,0.00,0.00,0.00,0.00,0.00,0.00,0.00,0.00
217.94,0.22,48.54,0.00,0.00,0.00,0.00,0.00,0.00,0.00,0.00,0.00,0.00,0.00,0.00
218.68,0.22,48.98,0.00,0.00,0.00,0.00,0.00,0.00,0.00,0.00,0.00,0.00,0.00,0.00
216.18,0.22,47.41,0.00,0.00,0.00,0.00,0.00,0.00,0.00,0.00,0.00,0.00,0.00,0.00
219.91,0.22,49.34,0.00,0.00,0.00,0.00,0.00,0.00,0.00,0.00,0.00,0.00,0.00,0.00
217.88,0.22,48.74,0.00,0.00,0.00,0.00,0.00,0.00,0.00,0.00,0.00,0.00,0.00,0.00
219.00,0.22,49.24,0.00,0.00,0.00,0.00,0.00,0.00,0.00,0.00,0.00,0.00,0.00,0.00
218.57,0.22,48.61,0.00,0.00,0.00,0.00,0.00,0.00,0.00,0.00,0.00,0.00,0.00,0.00
218.83,0.22,48.92,0.00,0.00,0.00,0.00,0.00,0.00,0.00,0.00,0.00,0.00,0.00,0.00
220.13,0.22,49.49,0.00,0.00,0.00,0.00,0.00,0.00,0.00,0.00,0.00,0.00,0.00,0.00
216.96,0.22,48.19,0.00,0.00,0.00,0.00,0.00,0.00,0.00,0.00,0.00,0.00,0.00,0.00
216.65,0.22,47.67,0.00,0.00,0.00,0.00,0.00,0.00,0.00,0.00,0.00,0.00,0.00,0.00
218.28,0.22,48.67,0.00,0.00,0.00,0.00,0.00,0.00,0.00,0.00,0.00,0.00,0.00,0.00
218.80,0.22,48.62,0.00,0.00,0.00,0.00,0.00,0.00,0.00,0.00,0.00,0.00,0.00,0.00
220.08,0.23,49.58,0.00,0.00,0.00,0.00,0.00,0.00,0.00,0.00,0.00,0.00,0.00,0.00
218.82,0.22,48.96,0.00,0.00,0.00,0.00,0.00,0.00,0.00,0.00,0.00,0.00,0.00,0.00
217.87,0.22,48.62,0.00,0.00,0.00,0.00,0.00,0.00,0.00,0.00,0.00,0.00,0.00,0.00
217.42,0.22,48.00,0.00,0.00,0.00,0.00,0.00,0.00,0.00,0.00,0.00,0.00,0.00,0.00
217.29,0.22,48.26,0.00,0.00,0.00,0.00,0.00,0.00,0.00,0.00,0.00,0.00,0.00,0.00
218.43,0.22,48.74,0.00,0.00,0.00,0.00,0.00,0.00,0.00,0.00,0.00,0.00,0.00,0.00
219.56,0.22,48.94,0.00,0.00,0.00,0.00,0.00,0.00,0.00,0.00,0.00,0.00,0.00,0.00
218.74,0.22,48.73,0.00,0.00,0.00,0.00,0.00,0.00,0.00,0.00,0.00,0.00,0.00,0.00
218.92,0.22,49.00,0.00,0.00,0.00,0.00,0.00,0.00,0.00,0.00,0.00,0.00,0.00,0.00
218.64,0.22,48.56,0.00,0.00,0.00,0.00,0.00,0.00,0.00,0.00,0.00,0.00,0.00,0.00
218.92,0.22,48.80,0.00,0.00,0.00,0.00,0.00,0.00,0.00,0.00,0.00,0.00,0.00,0.00
218.89,0.22,48.83,0.00,0.00,0.00,0.00,0.00,0.00,0.00,0.00,0.00,0.00,0.00,0.00
219.26,0.22,49.02,0.00,0.00,0.00,0.00,0.00,0.00,0.00,0.00,0.00,0.00,0.00,0.00
218.14,0.22,48.85,0.00,0.00,0.00,0.00,0.00,0.00,0.00,0.00,0.00,0.00,0.00,0.00
219.24,0.22,49.27,0.00,0.00,0.00,0.00,0.00,0.00,0.00,0.00,0.00,0.00,0.00,0.00
218.28,0.22,48.81,0.00,0.00,0.00,0.00,0.00,0.00,0.00,0.00,0.00,0.00,0.00,0.00
217.97,0.22,48.46,0.00,0.00,0.00,0.00,0.00,0.00,0.00,0.00,0.00,0.00,0.00,0.00
219.00,0.22,49.09,0.00,0.00,0.00,0.00,0.00,0.00,0.00,0.00,0.00,0.00,0.00,0.00
217.65,0.22,48.21,0.00,0.00,0.00,0.00,0.00,0.00,0.00,0.00,0.00,0.00,0.00,0.00
217.81,0.22,48.43,0.00,0.00,0.00,0.00,0.00,0.00,0.00,0.00,0.00,0.00,0.00,0.00
215.97,0.22,47.46,0.00,0.00,0.00,0.00,0.00,0.00,0.00,0.00,0.00,0.00,0.00,0.00
218.46,0.22,48.70,0.00,0.00,0.00,0.00,0.00,0.00,0.00,0.00,0.00,0.00,0.00,0.00
219.56,0.22,49.14,0.00,0.00,0.00,0.00,0.00,0.00,0.00,0.00,0.00,0.00,0.00,0.00
219.32,0.22,49.02,0.00,0.00,0.00,0.00,0.00,0.00,0.00,0.00,0.00,0.00,0.00,0.00
219.21,0.22,49.07,0.00,0.00,0.00,0.00,0.00,0.00,0.00,0.00,0.00,0.00,0.00,0.00
220.19,0.22,49.24,0.00,0.00,0.00,0.00,0.00,0.00,0.00,0.00,0.00,0.00,0.00,0.00
217.66,0.22,47.97,0.00,0.00,0.00,0.00,0.00,0.00,0.00,0.00,0.00,0.00,0.00,0.00
218.73,0.22,48.59,0.00,0.00,0.00,0.00,0.00,0.00,0.00,0.00,0.00,0.00,0.00,0.00
218.91,0.22,49.04,0.00,0.00,0.00,0.00,0.00,0.00,0.00,0.00,0.00,0.00,0.00,0.00
218.95,0.22,49.12,0.00,0.00,0.00,0.00,0.00,0.00,0.00,0.00,0.00,0.00,0.00,0.00
218.84,0.22,48.95,0.00,0.00,0.00,0.00,0.00,0.00,0.00,0.00,0.00,0.00,0.00,0.00
219.35,0.22,49.11,0.00,0.00,0.00,0.00,0.00,0.00,0.00,0.00,0.00,0.00,0.00,0.00
217.07,0.22,48.05,0.00,0.00,0.00,0.00,0.00,0.00,0.00,0.00,0.00,0.00,0.00,0.00
220.16,0.22,49.23,0.00,0.00,0.00,0.00,0.00,0.00,0.00,0.00,0.00,0.00,0.00,0.00
218.95,0.22,48.95,0.00,0.00,0.00,0.00,0.00,0.00,0.00,0.00,0.00,0.00,0.00,0.00
218.43,0.22,48.73,0.00,0.00,0.00,0.00,0.00,0.00,0.00,0.00,0.00,0.00,0.00,0.00
217.90,0.22,48.20,0.00,0.00,0.00,0.00,0.00,0.00,0.00,0.00,0.00,0.00,0.00,0.00
218.65,0.22,48.88,0.00,0.00,0.00,0.00,0.00,0.00,0.00,0.00,0.00,0.00,0.00,0.00
215.82,0.22,47.31,0.00,0.00,0.00,0.00,0.00,0.00,0.00,0.00,0.00,0.00,0.00,0.00
217.66,0.22,48.26,0.00,0.00,0.00,0.00,0.00,0.00,0.00,0.00,0.00,0.00,0.00,0.00
219.73,0.23,49.49,0.00,0.00,0.00,0.00,0.00,0.00,0.00,0.00,0.00,0.00,0.00,0.00
219.08,0.22,49.11,0.00,0.00,0.00,0.00,0.00,0.00,0.00,0.00,0.00,0.00,0.00,0.00
220.46,0.22,49.51,0.00,0.00,0.00,0.00,0.00,0.00,0.00,0.00,0.00,0.00,0.00,0.00
218.27,0.22,48.72,0.00,0.00,0.00,0.00,0.00,0.00,0.00,0.00,0.00,0.00,0.00,0.00
218.57,0.22,48.63,0.00,0.00,0.00,0.00,0.00,0.00,0.00,0.00,0.00,0.00,0.00,0.00
214.62,0.22,47.28,0.00,0.00,0.00,0.00,0.00,0.00,0.00,0.00,0.00,0.00,0.00,0.00
218.83,0.22,49.20,0.00,0.00,0.00,0.00,0.00,0.00,0.00,0.00,0.00,0.00,0.00,0.00
219.11,0.22,48.89,0.00,0.00,0.00,0.00,0.00,0.00,0.00,0.00,0.00,0.00,0.00,0.00
217.04,0.22,47.85,0.00,0.00,0.00,0.00,0.00,0.00,0.00,0.00,0.00,0.00,0.00,0.00
219.65,0.22,48.91,0.00,0.00,0.00,0.00,0.00,0.00,0.00,0.00,0.00,0.00,0.00,0.00
216.33,0.22,47.53,0.00,0.00,0.00,0.00,0.00,0.00,0.00,0.00,0.00,0.00,0.00,0.00
217.81,0.22,48.22,0.00,0.00,0.00,0.00,0.00,0.00,0.00,0.00,0.00,0.00,0.00,0.00
219.61,0.22,49.30,0.00,0.00,0.00,0.00,0.00,0.00,0.00,0.00,0.00,0.00,0.00,0.00
218.65,0.22,48.97,0.00,0.00,0.00,0.00,0.00,0.00,0.00,0.00,0.00,0.00,0.00,0.00
218.06,0.22,48.42,0.00,0.00,0.00,0.00,0.00,0.00,0.00,0.00,0.00,0.00,0.00,0.00
218.50,0.22,48.65,0.00,0.00,0.00,0.00,0.00,0.00,0.00,0.00,0.00,0.00,0.00,0.00
218.52,0.22,48.65,0.00,0.00,0.00,0.00,0.00,0.00,0.00,0.00,0.00,0.00,0.00,0.00
215.78,0.22,47.54,0.00,0.00,0.00,0.00,0.00,0.00,0.00,0.00,0.00,0.00,0.00,0.00
219.39,0.22,49.21,0.00,0.00,0.00,0.00,0.00,0.00,0.00,0.00,0.00,0.00,0.00,0.00
218.59,0.22,48.69,0.00,0.00,0.00,0.00,0.00,0.00,0.00,0.00,0.00,0.00,0.00,0.00
218.50,0.22,48.95,0.00,0.00,0.00,0.00,0.00,0.00,0.00,0.00,0.00,0.00,0.00,0.00
219.29,0.22,49.17,0.00,0.00,0.00,0.00,0.00,0.00,0.00,0.00,0.00,0.00,0.00,0.00
220.66,0.22,49.52,0.00,0.00,0.00,0.00,0.00,0.00,0.00,0.00,0.00,0.00,0.00,0.00
218.95,0.22,48.77,0.00,0.00,0.00,0.00,0.00,0.00,0.00,0.00,0.00,0.00,0.00,0.00
219.81,0.22,49.28,0.00,0.00,0.00,0.00,0.00,0.00,0.00,0.00,0.00,0.00,0.00,0.00
220.64,0.22,49.47,0.00,0.00,0.00,0.00,0.00,0.00,0.00,0.00,0.00,0.00,0.00,0.00
219.45,0.22,49.01,0.00,0.00,0.00,0.00,0.00,0.00,0.00,0.00,0.00,0.00,0.00,0.00
220.13,0.22,49.29,0.00,0.00,0.00,0.00,0.00,0.00,0.00,0.00,0.00,0.00,0.00,0.00
219.42,0.22,49.20,0.00,0.00,0.00,0.00,0.00,0.00,0.00,0.00,0.00,0.00,0.00,0.00
215.76,0.22,47.15,0.00,0.00,0.00,0.00,0.00,0.00,0.00,0.00,0.00,0.00,0.00,0.00
217.35,0.22,47.90,0.00,0.00,0.00,0.00,0.00,0.00,0.00,0.00,0.00,0.00,0.00,0.00
213.63,0.22,46.95,0.00,0.00,0.00,0.00,0.00,0.00,0.00,0.00,0.00,0.00,0.00,0.00
218.78,0.22,48.70,0.00,0.00,0.00,0.00,0.00,0.00,0.00,0.00,0.00,0.00,0.00,0.00
217.81,0.22,48.35,0.00,0.00,0.00,0.00,0.00,0.00,0.00,0.00,0.00,0.00,0.00,0.00
216.76,0.22,48.17,0.00,0.00,0.00,0.00,0.00,0.00,0.00,0.00,0.00,0.00,0.00,0.00
219.10,0.22,49.11,0.00,0.00,0.00,0.00,0.00,0.00,0.00,0.00,0.00,0.00,0.00,0.00
220.03,0.22,49.35,0.00,0.00,0.00,0.00,0.00,0.00,0.00,0.00,0.00,0.00,0.00,0.00
219.72,0.22,48.96,0.00,0.00,0.00,0.00,0.00,0.00,0.00,0.00,0.00,0.00,0.00,0.00
218.21,0.22,48.72,0.00,0.00,0.00,0.00,0.00,0.00,0.00,0.00,0.00,0.00,0.00,0.00
218.24,0.22,48.84,0.00,0.00,0.00,0.00,0.00,0.00,0.00,0.00,0.00,0.00,0.00,0.00
215.14,0.22,47.03,0.00,0.00,0.00,0.00,0.00,0.00,0.00,0.00,0.00,0.00,0.00,0.00
218.82,0.22,48.86,0.00,0.00,0.00,0.00,0.00,0.00,0.00,0.00,0.00,0.00,0.00,0.00
217.38,0.22,48.35,0.00,0.00,0.00,0.00,0.00,0.00,0.00,0.00,0.00,0.00,0.00,0.00
218.14,0.22,48.58,0.00,0.00,0.00,0.00,0.00,0.00,0.00,0.00,0.00,0.00,0.00,0.00
220.06,0.22,49.27,0.00,0.00,0.00,0.00,0.00,0.00,0.00,0.00,0.00,0.00,0.00,0.00
221.09,0.23,49.96,0.00,0.00,0.00,0.00,0.00,0.00,0.00,0.00,0.00,0.00,0.00,0.00
217.88,0.22,48.20,0.00,0.00,0.00,0.00,0.00,0.00,0.00,0.00,0.00,0.00,0.00,0.00
218.70,0.22,48.98,0.00,0.00,0.00,0.00,0.00,0.00,0.00,0.00,0.00,0.00,0.00,0.00
216.19,0.22,48.25,0.00,0.00,0.00,0.00,0.00,0.00,0.00,0.00,0.00,0.00,0.00,0.00
218.71,0.22,48.76,0.00,0.00,0.00,0.00,0.00,0.00,0.00,0.00,0.00,0.00,0.00,0.00
220.43,0.22,49.56,0.00,0.00,0.00,0.00,0.00,0.00,0.00,0.00,0.00,0.00,0.00,0.00
218.07,0.22,48.74,0.00,0.00,0.00,0.00,0.00,0.00,0.00,0.00,0.00,0.00,0.00,0.00
220.51,0.22,49.50,0.00,0.00,0.00,0.00,0.00,0.00,0.00,0.00,0.00,0.00,0.00,0.00
221.31,0.23,50.02,0.00,0.00,0.00,0.00,0.00,0.00,0.00,0.00,0.00,0.00,0.00,0.00
218.55,0.22,48.70,0.00,0.00,0.00,0.00,0.00,0.00,0.00,0.00,0.00,0.00,0.00,0.00
218.40,0.22,48.62,0.00,0.00,0.00,0.00,0.00,0.00,0.00,0.00,0.00,0.00,0.00,0.00
234.56,0.24,55.59,0.00,0.00,0.00,0.00,0.00,0.00,0.00,0.00,0.00,0.00,0.00,0.00
221.21,0.22,49.36,0.00,0.00,0.00,0.00,0.00,0.00,0.00,0.00,0.00,0.00,0.00,0.00
218.72,0.22,48.74,0.00,0.00,0.00,0.00,0.00,0.00,0.00,0.00,0.00,0.00,0.00,0.00
214.76,0.22,47.07,0.00,0.00,0.00,0.00,0.00,0.00,0.00,0.00,0.00,0.00,0.00,0.00
216.33,0.22,47.53,0.00,0.00,0.00,0.00,0.00,0.00,0.00,0.00,0.00,0.00,0.00,0.00
214.99,0.22,47.27,0.00,0.00,0.00,0.00,0.00,0.00,0.00,0.00,0.00,0.00,0.00,0.00
218.23,0.22,48.79,0.00,0.00,0.00,0.00,0.00,0.00,0.00,0.00,0.00,0.00,0.00,0.00
221.66,0.23,50.19,0.00,0.00,0.00,0.00,0.00,0.00,0.00,0.00,0.00,0.00,0.00,0.00
220.00,0.22,49.44,0.00,0.00,0.00,0.00,0.00,0.00,0.00,0.00,0.00,0.00,0.00,0.00
218.71,0.22,48.61,0.00,0.00,0.00,0.00,0.00,0.00,0.00,0.00,0.00,0.00,0.00,0.00
217.62,0.22,48.14,0.00,0.00,0.00,0.00,0.00,0.00,0.00,0.00,0.00,0.00,0.00,0.00
218.49,0.22,48.77,0.00,0.00,0.00,0.00,0.00,0.00,0.00,0.00,0.00,0.00,0.00,0.00
215.07,0.22,47.23,0.00,0.00,0.00,0.00,0.00,0.00,0.00,0.00,0.00,0.00,0.00,0.00
219.09,0.22,48.98,0.00,0.00,0.00,0.00,0.00,0.00,0.00,0.00,0.00,0.00,0.00,0.00
217.37,0.22,48.18,0.00,0.00,0.00,0.00,0.00,0.00,0.00,0.00,0.00,0.00,0.00,0.00
217.98,0.22,48.77,0.00,0.00,0.00,0.00,0.00,0.00,0.00,0.00,0.00,0.00,0.00,0.00
218.92,0.22,48.90,0.00,0.00,0.00,0.00,0.00,0.00,0.00,0.00,0.00,0.00,0.00,0.00
220.18,0.22,49.49,0.00,0.00,0.00,0.00,0.00,0.00,0.00,0.00,0.00,0.00,0.00,0.00
218.40,0.22,48.88,0.00,0.00,0.00,0.00,0.00,0.00,0.00,0.00,0.00,0.00,0.00,0.00
215.01,0.22,47.08,0.00,0.00,0.00,0.00,0.00,0.00,0.00,0.00,0.00,0.00,0.00,0.00
219.91,0.22,49.18,0.00,0.00,0.00,0.00,0.00,0.00,0.00,0.00,0.00,0.00,0.00,0.00
214.58,0.22,46.97,0.00,0.00,0.00,0.00,0.00,0.00,0.00,0.00,0.00,0.00,0.00,0.00
216.95,0.22,48.34,0.00,0.00,0.00,0.00,0.00,0.00,0.00,0.00,0.00,0.00,0.00,0.00
218.32,0.22,48.60,0.00,0.00,0.00,0.00,0.00,0.00,0.00,0.00,0.00,0.00,0.00,0.00
220.16,0.23,49.58,0.00,0.00,0.00,0.00,0.00,0.00,0.00,0.00,0.00,0.00,0.00,0.00
219.62,0.22,49.12,0.00,0.00,0.00,0.00,0.00,0.00,0.00,0.00,0.00,0.00,0.00,0.00
213.29,0.22,46.33,0.00,0.00,0.00,0.00,0.00,0.00,0.00,0.00,0.00,0.00,0.00,0.00
214.13,0.22,46.79,0.00,0.00,0.00,0.00,0.00,0.00,0.00,0.00,0.00,0.00,0.00,0.00
219.28,0.22,49.02,0.00,0.00,0.00,0.00,0.00,0.00,0.00,0.00,0.00,0.00,0.00,0.00
218.79,0.22,48.89,0.00,0.00,0.00,0.00,0.00,0.00,0.00,0.00,0.00,0.00,0.00,0.00
219.67,0.22,49.11,0.00,0.00,0.00,0.00,0.00,0.00,0.00,0.00,0.00,0.00,0.00,0.00
218.80,0.22,48.75,0.00,0.00,0.00,0.00,0.00,0.00,0.00,0.00,0.00,0.00,0.00,0.00
218.38,0.22,48.56,0.00,0.00,0.00,0.00,0.00,0.00,0.00,0.00,0.00,0.00,0.00,0.00
215.22,0.22,47.19,0.00,0.00,0.00,0.00,0.00,0.00,0.00,0.00,0.00,0.00,0.00,0.00
220.94,0.23,49.87,0.00,0.00,0.00,0.00,0.00,0.00,0.00,0.00,0.00,0.00,0.00,0.00
218.09,0.22,48.42,0.00,0.00,0.00,0.00,0.00,0.00,0.00,0.00,0.00,0.00,0.00,0.00
218.80,0.22,48.71,0.00,0.00,0.00,0.00,0.00,0.00,0.00,0.00,0.00,0.00,0.00,0.00
218.28,0.22,48.93,0.00,0.00,0.00,0.00,0.00,0.00,0.00,0.00,0.00,0.00,0.00,0.00
220.04,0.23,49.59,0.00,0.00,0.00,0.00,0.00,0.00,0.00,0.00,0.00,0.00,0.00,0.00
218.08,0.22,48.63,0.00,0.00,0.00,0.00,0.00,0.00,0.00,0.00,0.00,0.00,0.00,0.00
219.19,0.22,49.16,0.00,0.00,0.00,0.00,0.00,0.00,0.00,0.00,0.00,0.00,0.00,0.00
218.38,0.22,48.67,0.00,0.00,0.00,0.00,0.00,0.00,0.00,0.00,0.00,0.00,0.00,0.00
218.84,0.22,48.75,0.00,0.00,0.00,0.00,0.00,0.00,0.00,0.00,0.00,0.00,0.00,0.00
214.41,0.22,46.87,0.00,0.00,0.00,0.00,0.00,0.00,0.00,0.00,0.00,0.00,0.00,0.00
219.23,0.22,49.20,0.00,0.00,0.00,0.00,0.00,0.00,0.00,0.00,0.00,0.00,0.00,0.00
218.10,0.22,48.30,0.00,0.00,0.00,0.00,0.00,0.00,0.00,0.00,0.00,0.00,0.00,0.00
220.52,0.23,49.62,0.00,0.00,0.00,0.00,0.00,0.00,0.00,0.00,0.00,0.00,0.00,0.00
219.11,0.22,48.96,0.00,0.00,0.00,0.00,0.00,0.00,0.00,0.00,0.00,0.00,0.00,0.00
214.70,0.22,47.15,0.00,0.00,0.00,0.00,0.00,0.00,0.00,0.00,0.00,0.00,0.00,0.00
219.65,0.22,49.13,0.00,0.00,0.00,0.00,0.00,0.00,0.00,0.00,0.00,0.00,0.00,0.00
217.77,0.22,48.56,0.00,0.00,0.00,0.00,0.00,0.00,0.00,0.00,0.00,0.00,0.00,0.00
218.95,0.22,48.96,0.00,0.00,0.00,0.00,0.00,0.00,0.00,0.00,0.00,0.00,0.00,0.00
219.58,0.22,48.93,0.00,0.00,0.00,0.00,0.00,0.00,0.00,0.00,0.00,0.00,0.00,0.00
218.46,0.22,48.68,0.00,0.00,0.00,0.00,0.00,0.00,0.00,0.00,0.00,0.00,0.00,0.00
218.46,0.22,48.77,0.00,0.00,0.00,0.00,0.00,0.00,0.00,0.00,0.00,0.00,0.00,0.00
220.04,0.23,49.52,0.00,0.00,0.00,0.00,0.00,0.00,0.00,0.00,0.00,0.00,0.00,0.00
217.18,0.22,47.91,0.00,0.00,0.00,0.00,0.00,0.00,0.00,0.00,0.00,0.00,0.00,0.00
219.91,0.22,49.25,0.00,0.00,0.00,0.00,0.00,0.00,0.00,0.00,0.00,0.00,0.00,0.00
216.47,0.22,47.58,0.00,0.00,0.00,0.00,0.00,0.00,0.00,0.00,0.00,0.00,0.00,0.00
218.67,0.22,48.88,0.00,0.00,0.00,0.00,0.00,0.00,0.00,0.00,0.00,0.00,0.00,0.00
220.72,0.22,49.46,0.00,0.00,0.00,0.00,0.00,0.00,0.00,0.00,0.00,0.00,0.00,0.00
219.93,0.22,49.06,0.00,0.00,0.00,0.00,0.00,0.00,0.00,0.00,0.00,0.00,0.00,0.00
219.30,0.22,49.23,0.00,0.00,0.00,0.00,0.00,0.00,0.00,0.00,0.00,0.00,0.00,0.00
217.71,0.22,48.30,0.00,0.00,0.00,0.00,0.00,0.00,0.00,0.00,0.00,0.00,0.00,0.00
218.83,0.22,49.07,0.00,0.00,0.00,0.00,0.00,0.00,0.00,0.00,0.00,0.00,0.00,0.00
219.74,0.22,49.06,0.00,0.00,0.00,0.00,0.00,0.00,0.00,0.00,0.00,0.00,0.00,0.00
219.37,0.22,49.32,0.00,0.00,0.00,0.00,0.00,0.00,0.00,0.00,0.00,0.00,0.00,0.00
221.41,0.22,49.70,0.00,0.00,0.00,0.00,0.00,0.00,0.00,0.00,0.00,0.00,0.00,0.00
219.48,0.22,49.20,0.00,0.00,0.00,0.00,0.00,0.00,0.00,0.00,0.00,0.00,0.00,0.00
218.25,0.22,48.84,0.00,0.00,0.00,0.00,0.00,0.00,0.00,0.00,0.00,0.00,0.00,0.00
216.52,0.22,47.71,0.00,0.00,0.00,0.00,0.00,0.00,0.00,0.00,0.00,0.00,0.00,0.00
220.87,0.22,49.62,0.00,0.00,0.00,0.00,0.00,0.00,0.00,0.00,0.00,0.00,0.00,0.00
216.90,0.22,48.22,0.00,0.00,0.00,0.00,0.00,0.00,0.00,0.00,0.00,0.00,0.00,0.00
218.89,0.22,48.72,0.00,0.00,0.00,0.00,0.00,0.00,0.00,0.00,0.00,0.00,0.00,0.00
218.66,0.22,48.96,0.00,0.00,0.00,0.00,0.00,0.00,0.00,0.00,0.00,0.00,0.00,0.00
221.55,0.23,50.00,0.00,0.00,0.00,0.00,0.00,0.00,0.00,0.00,0.00,0.00,0.00,0.00
220.93,0.22,49.56,0.00,0.00,0.00,0.00,0.00,0.00,0.00,0.00,0.00,0.00,0.00,0.00
217.44,0.22,48.41,0.00,0.00,0.00,0.00,0.00,0.00,0.00,0.00,0.00,0.00,0.00,0.00
217.84,0.22,48.32,0.00,0.00,0.00,0.00,0.00,0.00,0.00,0.00,0.00,0.00,0.00,0.00
221.27,0.23,50.60,0.00,0.00,0.00,0.00,0.00,0.00,0.00,0.00,0.00,0.00,0.00,0.00
218.88,0.22,48.75,0.00,0.00,0.00,0.00,0.00,0.00,0.00,0.00,0.00,0.00,0.00,0.00
220.12,0.23,49.60,0.00,0.00,0.00,0.00,0.00,0.00,0.00,0.00,0.00,0.00,0.00,0.00
219.09,0.22,48.89,0.00,0.00,0.00,0.00,0.00,0.00,0.00,0.00,0.00,0.00,0.00,0.00
218.93,0.22,48.91,0.00,0.00,0.00,0.00,0.00,0.00,0.00,0.00,0.00,0.00,0.00,0.00
220.38,0.22,49.51,0.00,0.00,0.00,0.00,0.00,0.00,0.00,0.00,0.00,0.00,0.00,0.00
220.03,0.22,49.27,0.00,0.00,0.00,0.00,0.00,0.00,0.00,0.00,0.00,0.00,0.00,0.00
218.10,0.22,48.27,0.00,0.00,0.00,0.00,0.00,0.00,0.00,0.00,0.00,0.00,0.00,0.00
219.33,0.22,49.25,0.00,0.00,0.00,0.00,0.00,0.00,0.00,0.00,0.00,0.00,0.00,0.00
217.90,0.22,48.78,0.00,0.00,0.00,0.00,0.00,0.00,0.00,0.00,0.00,0.00,0.00,0.00
219.79,0.22,49.42,0.00,0.00,0.00,0.00,0.00,0.00,0.00,0.00,0.00,0.00,0.00,0.00
215.96,0.22,47.72,0.00,0.00,0.00,0.00,0.00,0.00,0.00,0.00,0.00,0.00,0.00,0.00
219.91,0.23,49.60,0.00,0.00,0.00,0.00,0.00,0.00,0.00,0.00,0.00,0.00,0.00,0.00
221.51,0.23,49.95,0.00,0.00,0.00,0.00,0.00,0.00,0.00,0.00,0.00,0.00,0.00,0.00
218.03,0.22,48.68,0.00,0.00,0.00,0.00,0.00,0.00,0.00,0.00,0.00,0.00,0.00,0.00
219.70,0.22,49.29,0.00,0.00,0.00,0.00,0.00,0.00,0.00,0.00,0.00,0.00,0.00,0.00
218.81,0.22,48.95,0.00,0.00,0.00,0.00,0.00,0.00,0.00,0.00,0.00,0.00,0.00,0.00
218.37,0.22,48.68,0.00,0.00,0.00,0.00,0.00,0.00,0.00,0.00,0.00,0.00,0.00,0.00
218.44,0.22,48.66,0.00,0.00,0.00,0.00,0.00,0.00,0.00,0.00,0.00,0.00,0.00,0.00
219.64,0.22,49.37,0.00,0.00,0.00,0.00,0.00,0.00,0.00,0.00,0.00,0.00,0.00,0.00
220.56,0.22,49.58,0.00,0.00,0.00,0.00,0.00,0.00,0.00,0.00,0.00,0.00,0.00,0.00
219.52,0.23,49.49,0.00,0.00,0.00,0.00,0.00,0.00,0.00,0.00,0.00,0.00,0.00,0.00
219.63,0.22,49.12,0.00,0.00,0.00,0.00,0.00,0.00,0.00,0.00,0.00,0.00,0.00,0.00
217.34,0.22,48.32,0.00,0.00,0.00,0.00,0.00,0.00,0.00,0.00,0.00,0.00,0.00,0.00
218.48,0.22,48.84,0.00,0.00,0.00,0.00,0.00,0.00,0.00,0.00,0.00,0.00,0.00,0.00
220.41,0.22,49.46,0.00,0.00,0.00,0.00,0.00,0.00,0.00,0.00,0.00,0.00,0.00,0.00
218.18,0.22,48.50,0.00,0.00,0.00,0.00,0.00,0.00,0.00,0.00,0.00,0.00,0.00,0.00
217.26,0.22,48.34,0.00,0.00,0.00,0.00,0.00,0.00,0.00,0.00,0.00,0.00,0.00,0.00
217.51,0.22,48.03,0.00,0.00,0.00,0.00,0.00,0.00,0.00,0.00,0.00,0.00,0.00,0.00
218.87,0.22,49.09,0.00,0.00,0.00,0.00,0.00,0.00,0.00,0.00,0.00,0.00,0.00,0.00
218.32,0.22,48.55,0.00,0.00,0.00,0.00,0.00,0.00,0.00,0.00,0.00,0.00,0.00,0.00
219.93,0.23,49.51,0.00,0.00,0.00,0.00,0.00,0.00,0.00,0.00,0.00,0.00,0.00,0.00
218.21,0.22,48.81,0.00,0.00,0.00,0.00,0.00,0.00,0.00,0.00,0.00,0.00,0.00,0.00
219.95,0.22,49.49,0.00,0.00,0.00,0.00,0.00,0.00,0.00,0.00,0.00,0.00,0.00,0.00
217.98,0.22,48.49,0.00,0.00,0.00,0.00,0.00,0.00,0.00,0.00,0.00,0.00,0.00,0.00
218.62,0.22,48.82,0.00,0.00,0.00,0.00,0.00,0.00,0.00,0.00,0.00,0.00,0.00,0.00
220.47,0.23,49.63,0.00,0.00,0.00,0.00,0.00,0.00,0.00,0.00,0.00,0.00,0.00,0.00
218.66,0.22,48.97,0.00,0.00,0.00,0.00,0.00,0.00,0.00,0.00,0.00,0.00,0.00,0.00
217.62,0.22,48.54,0.00,0.00,0.00,0.00,0.00,0.00,0.00,0.00,0.00,0.00,0.00,0.00
217.75,0.22,48.41,0.00,0.00,0.00,0.00,0.00,0.00,0.00,0.00,0.00,0.00,0.00,0.00
221.34,0.23,49.99,0.00,0.00,0.00,0.00,0.00,0.00,0.00,0.00,0.00,0.00,0.00,0.00
218.26,0.22,48.66,0.00,0.00,0.00,0.00,0.00,0.00,0.00,0.00,0.00,0.00,0.00,0.00
218.79,0.22,48.82,0.00,0.00,0.00,0.00,0.00,0.00,0.00,0.00,0.00,0.00,0.00,0.00
216.28,0.22,47.83,0.00,0.00,0.00,0.00,0.00,0.00,0.00,0.00,0.00,0.00,0.00,0.00
214.57,0.22,46.94,0.00,0.00,0.00,0.00,0.00,0.00,0.00,0.00,0.00,0.00,0.00,0.00
219.10,0.22,48.98,0.00,0.00,0.00,0.00,0.00,0.00,0.00,0.00,0.00,0.00,0.00,0.00
217.15,0.22,48.16,0.00,0.00,0.00,0.00,0.00,0.00,0.00,0.00,0.00,0.00,0.00,0.00
219.52,0.23,49.44,0.00,0.00,0.00,0.00,0.00,0.00,0.00,0.00,0.00,0.00,0.00,0.00
218.38,0.22,48.60,0.00,0.00,0.00,0.00,0.00,0.00,0.00,0.00,0.00,0.00,0.00,0.00
218.83,0.22,49.06,0.00,0.00,0.00,0.00,0.00,0.00,0.00,0.00,0.00,0.00,0.00,0.00
219.83,0.22,49.45,0.00,0.00,0.00,0.00,0.00,0.00,0.00,0.00,0.00,0.00,0.00,0.00
221.12,0.22,49.53,0.00,0.00,0.00,0.00,0.00,0.00,0.00,0.00,0.00,0.00,0.00,0.00
219.30,0.22,48.88,0.00,0.00,0.00,0.00,0.00,0.00,0.00,0.00,0.00,0.00,0.00,0.00
219.51,0.23,49.42,0.00,0.00,0.00,0.00,0.00,0.00,0.00,0.00,0.00,0.00,0.00,0.00
215.17,0.22,47.16,0.00,0.00,0.00,0.00,0.00,0.00,0.00,0.00,0.00,0.00,0.00,0.00
221.07,0.23,49.76,0.00,0.00,0.00,0.00,0.00,0.00,0.00,0.00,0.00,0.00,0.00,0.00
218.88,0.22,49.02,0.00,0.00,0.00,0.00,0.00,0.00,0.00,0.00,0.00,0.00,0.00,0.00
220.27,0.22,49.44,0.00,0.00,0.00,0.00,0.00,0.00,0.00,0.00,0.00,0.00,0.00,0.00
220.51,0.22,49.61,0.00,0.00,0.00,0.00,0.00,0.00,0.00,0.00,0.00,0.00,0.00,0.00
220.01,0.22,49.30,0.00,0.00,0.00,0.00,0.00,0.00,0.00,0.00,0.00,0.00,0.00,0.00
218.57,0.22,48.61,0.00,0.00,0.00,0.00,0.00,0.00,0.00,0.00,0.00,0.00,0.00,0.00
217.99,0.22,48.63,0.00,0.00,0.00,0.00,0.00,0.00,0.00,0.00,0.00,0.00,0.00,0.00
220.08,0.22,49.35,0.00,0.00,0.00,0.00,0.00,0.00,0.00,0.00,0.00,0.00,0.00,0.00
219.64,0.22,49.10,0.00,0.00,0.00,0.00,0.00,0.00,0.00,0.00,0.00,0.00,0.00,0.00
218.94,0.22,49.03,0.00,0.00,0.00,0.00,0.00,0.00,0.00,0.00,0.00,0.00,0.00,0.00
218.93,0.22,49.18,0.00,0.00,0.00,0.00,0.00,0.00,0.00,0.00,0.00,0.00,0.00,0.00
219.93,0.23,49.63,0.00,0.00,0.00,0.00,0.00,0.00,0.00,0.00,0.00,0.00,0.00,0.00
220.15,0.23,49.58,0.00,0.00,0.00,0.00,0.00,0.00,0.00,0.00,0.00,0.00,0.00,0.00
218.64,0.22,49.01,0.00,0.00,0.00,0.00,0.00,0.00,0.00,0.00,0.00,0.00,0.00,0.00
219.38,0.22,49.05,0.00,0.00,0.00,0.00,0.00,0.00,0.00,0.00,0.00,0.00,0.00,0.00
219.66,0.23,49.49,0.00,0.00,0.00,0.00,0.00,0.00,0.00,0.00,0.00,0.00,0.00,0.00
219.41,0.22,49.17,0.00,0.00,0.00,0.00,0.00,0.00,0.00,0.00,0.00,0.00,0.00,0.00
218.44,0.22,48.96,0.00,0.00,0.00,0.00,0.00,0.00,0.00,0.00,0.00,0.00,0.00,0.00
218.98,0.22,48.98,0.00,0.00,0.00,0.00,0.00,0.00,0.00,0.00,0.00,0.00,0.00,0.00
216.82,0.22,48.09,0.00,0.00,0.00,0.00,0.00,0.00,0.00,0.00,0.00,0.00,0.00,0.00
218.95,0.22,48.84,0.00,0.00,0.00,0.00,0.00,0.00,0.00,0.00,0.00,0.00,0.00,0.00
220.47,0.22,49.51,0.00,0.00,0.00,0.00,0.00,0.00,0.00,0.00,0.00,0.00,0.00,0.00
218.94,0.22,48.94,0.00,0.00,0.00,0.00,0.00,0.00,0.00,0.00,0.00,0.00,0.00,0.00
218.59,0.22,48.92,0.00,0.00,0.00,0.00,0.00,0.00,0.00,0.00,0.00,0.00,0.00,0.00
216.06,0.22,47.57,0.00,0.00,0.00,0.00,0.00,0.00,0.00,0.00,0.00,0.00,0.00,0.00
220.25,0.23,49.59,0.00,0.00,0.00,0.00,0.00,0.00,0.00,0.00,0.00,0.00,0.00,0.00
212.09,0.22,45.94,0.00,0.00,0.00,0.00,0.00,0.00,0.00,0.00,0.00,0.00,0.00,0.00
220.08,0.23,49.53,0.00,0.00,0.00,0.00,0.00,0.00,0.00,0.00,0.00,0.00,0.00,0.00
217.87,0.22,48.34,0.00,0.00,0.00,0.00,0.00,0.00,0.00,0.00,0.00,0.00,0.00,0.00
226.13,0.23,52.19,0.00,0.00,0.00,0.00,0.00,0.00,0.00,0.00,0.00,0.00,0.00,0.00
217.57,0.22,48.32,0.00,0.00,0.00,0.00,0.00,0.00,0.00,0.00,0.00,0.00,0.00,0.00
218.43,0.22,48.83,0.00,0.00,0.00,0.00,0.00,0.00,0.00,0.00,0.00,0.00,0.00,0.00
217.77,0.22,48.56,0.00,0.00,0.00,0.00,0.00,0.00,0.00,0.00,0.00,0.00,0.00,0.00
218.22,0.22,48.83,0.00,0.00,0.00,0.00,0.00,0.00,0.00,0.00,0.00,0.00,0.00,0.00
220.60,0.22,49.56,0.00,0.00,0.00,0.00,0.00,0.00,0.00,0.00,0.00,0.00,0.00,0.00
220.19,0.23,49.78,0.00,0.00,0.00,0.00,0.00,0.00,0.00,0.00,0.00,0.00,0.00,0.00
220.03,0.22,49.35,0.00,0.00,0.00,0.00,0.00,0.00,0.00,0.00,0.00,0.00,0.00,0.00
217.85,0.22,48.57,0.00,0.00,0.00,0.00,0.00,0.00,0.00,0.00,0.00,0.00,0.00,0.00
219.19,0.22,48.72,0.00,0.00,0.00,0.00,0.00,0.00,0.00,0.00,0.00,0.00,0.00,0.00
220.19,0.22,49.35,0.00,0.00,0.00,0.00,0.00,0.00,0.00,0.00,0.00,0.00,0.00,0.00
220.05,0.22,49.32,0.00,0.00,0.00,0.00,0.00,0.00,0.00,0.00,0.00,0.00,0.00,0.00
219.82,0.23,49.48,0.00,0.00,0.00,0.00,0.00,0.00,0.00,0.00,0.00,0.00,0.00,0.00
218.97,0.22,48.94,0.00,0.00,0.00,0.00,0.00,0.00,0.00,0.00,0.00,0.00,0.00,0.00
218.36,0.22,48.53,0.00,0.00,0.00,0.00,0.00,0.00,0.00,0.00,0.00,0.00,0.00,0.00
216.64,0.22,47.87,0.00,0.00,0.00,0.00,0.00,0.00,0.00,0.00,0.00,0.00,0.00,0.00
220.50,0.22,49.33,0.00,0.00,0.00,0.00,0.00,0.00,0.00,0.00,0.00,0.00,0.00,0.00
218.90,0.22,48.86,0.00,0.00,0.00,0.00,0.00,0.00,0.00,0.00,0.00,0.00,0.00,0.00
219.83,0.22,49.41,0.00,0.00,0.00,0.00,0.00,0.00,0.00,0.00,0.00,0.00,0.00,0.00
218.69,0.22,49.06,0.00,0.00,0.00,0.00,0.00,0.00,0.00,0.00,0.00,0.00,0.00,0.00
218.67,0.22,48.83,0.00,0.00,0.00,0.00,0.00,0.00,0.00,0.00,0.00,0.00,0.00,0.00
218.64,0.22,48.52,0.00,0.00,0.00,0.00,0.00,0.00,0.00,0.00,0.00,0.00,0.00,0.00
220.44,0.22,49.54,0.00,0.00,0.00,0.00,0.00,0.00,0.00,0.00,0.00,0.00,0.00,0.00
217.36,0.22,48.21,0.00,0.00,0.00,0.00,0.00,0.00,0.00,0.00,0.00,0.00,0.00,0.00
219.53,0.22,49.23,0.00,0.00,0.00,0.00,0.00,0.00,0.00,0.00,0.00,0.00,0.00,0.00
219.54,0.22,49.26,0.00,0.00,0.00,0.00,0.00,0.00,0.00,0.00,0.00,0.00,0.00,0.00
218.19,0.25,53.90,0.00,0.00,0.00,0.00,0.00,0.00,0.00,0.00,0.00,217.67,0.25,33.79
219.72,0.25,54.68,0.00,0.00,0.00,0.00,0.00,0.00,0.00,0.00,0.00,219.13,0.25,34.13
218.71,0.24,52.71,0.00,0.00,0.00,0.00,0.00,0.00,0.00,0.00,0.00,216.36,0.24,32.58
218.23,0.25,53.51,0.00,0.00,0.00,0.00,0.00,0.00,0.00,0.00,0.00,217.42,0.25,33.44
218.03,0.27,59.80,0.00,0.00,0.00,0.00,0.00,0.00,0.00,0.00,0.00,0.00,0.00,0.00
220.44,0.22,49.34,0.00,0.00,0.00,0.00,0.00,0.00,0.00,0.00,0.00,0.00,0.00,0.00
215.15,0.22,47.07,0.00,0.00,0.00,0.00,0.00,0.00,0.00,0.00,0.00,0.00,0.00,0.00
220.07,0.22,49.31,0.00,0.00,0.00,0.00,0.00,0.00,0.00,0.00,0.00,0.00,0.00,0.00
218.53,0.22,48.78,0.00,0.00,0.00,0.00,0.00,0.00,0.00,0.00,0.00,0.00,0.00,0.00
221.22,0.25,55.37,0.00,0.00,0.00,0.00,0.00,0.00,0.00,0.00,0.00,219.94,0.25,34.14
218.19,0.25,53.99,0.00,0.00,0.00,0.00,0.00,0.00,0.00,0.00,0.00,219.39,0.25,33.50
220.61,0.25,54.54,0.00,0.00,0.00,0.00,0.00,0.00,0.00,0.00,0.00,217.40,0.25,33.17
227.53,0.28,63.17,0.00,0.00,0.00,0.00,0.00,0.00,0.00,0.00,0.00,0.00,0.00,0.00
219.36,0.23,49.41,0.00,0.00,0.00,0.00,0.00,0.00,0.00,0.00,0.00,0.00,0.00,0.00
219.01,0.23,50.82,0.00,0.00,0.00,0.00,0.00,0.00,217.36,0.23,50.29,0.00,0.00,0.00
220.26,0.22,47.90,0.00,0.00,0.00,0.00,0.00,0.00,220.01,0.22,47.42,0.00,0.00,0.00
214.71,0.21,46.04,0.00,0.00,0.00,0.00,0.00,0.00,216.01,0.21,46.17,0.00,0.00,0.00
219.09,0.22,47.38,0.00,0.00,0.00,0.00,0.00,0.00,218.67,0.22,46.84,0.00,0.00,0.00
216.49,0.55,119.37,159.62,0.14,-4.93,0.00,0.07,0.00,0.00,0.10,0.00,0.00,0.24,0.00
217.69,0.45,98.28,0.00,0.14,0.00,0.00,0.00,0.00,0.00,0.09,0.00,0.00,0.21,0.00
218.67,0.41,90.52,0.00,0.13,0.00,0.00,0.00,0.00,0.00,0.08,0.00,0.00,0.20,0.00
216.84,0.51,110.29,0.00,0.13,0.00,0.00,0.00,0.00,0.00,0.08,0.00,216.51,0.30,32.55
218.97,0.49,106.63,0.00,0.12,0.00,0.00,0.00,0.00,0.00,0.08,0.00,220.32,0.29,34.25
219.24,0.45,98.66,0.00,0.12,0.00,0.00,0.00,0.00,0.00,0.08,0.00,215.55,0.26,30.63
220.16,0.44,97.33,0.00,0.11,0.00,0.00,0.00,0.00,0.00,0.07,0.00,222.40,0.26,35.33
220.65,0.42,92.35,0.00,0.10,0.00,0.00,0.00,0.00,0.00,0.06,0.00,216.95,0.25,33.28
219.55,0.40,87.98,0.00,0.10,0.00,0.00,0.00,0.00,0.00,0.05,0.00,218.11,0.25,33.40
219.61,0.34,74.31,0.00,0.09,0.00,0.00,0.00,0.00,0.00,0.00,0.00,218.77,0.25,33.80
219.37,0.33,71.57,0.00,0.08,0.00,0.00,0.00,0.00,0.00,0.00,0.00,217.68,0.24,32.95
219.31,0.31,68.90,0.00,0.07,0.00,0.00,0.00,0.00,0.00,0.00,0.00,219.57,0.24,32.81
220.35,0.31,69.25,0.00,0.07,0.00,0.00,0.00,0.00,0.00,0.00,0.00,217.88,0.24,32.96
220.52,0.31,67.41,0.00,0.07,0.00,0.00,0.00,0.00,0.00,0.00,0.00,218.29,0.24,32.41
218.32,0.31,66.79,0.00,0.06,0.00,0.00,0.00,0.00,0.00,0.00,0.00,218.90,0.24,33.14
215.84,0.30,64.29,0.00,0.06,0.00,0.00,0.00,0.00,0.00,0.00,0.00,219.90,0.24,33.27
218.55,0.29,64.33,0.00,0.05,0.00,0.00,0.00,0.00,0.00,0.00,0.00,220.20,0.24,33.49
220.50,0.28,60.76,0.00,0.00,0.00,0.00,0.00,0.00,0.00,0.00,0.00,0.00,0.00,0.00
218.64,0.22,48.38,0.00,0.00,0.00,0.00,0.00,0.00,0.00,0.00,0.00,0.00,0.00,0.00
219.84,0.22,49.20,0.00,0.00,0.00,0.00,0.00,0.00,0.00,0.00,0.00,0.00,0.00,0.00
218.57,0.22,49.00,0.00,0.00,0.00,0.00,0.00,0.00,0.00,0.00,0.00,0.00,0.00,0.00
217.25,0.22,48.34,0.00,0.00,0.00,0.00,0.00,0.00,0.00,0.00,0.00,0.00,0.00,0.00
219.27,0.22,49.25,0.00,0.00,0.00,0.00,0.00,0.00,0.00,0.00,0.00,0.00,0.00,0.00
219.08,0.22,49.10,0.00,0.00,0.00,0.00,0.00,0.00,0.00,0.00,0.00,0.00,0.00,0.00
218.92,0.36,78.63,0.00,0.00,0.00,218.22,0.20,32.08,0.00,0.06,0.00,0.00,0.09,0.00
217.72,0.43,94.02,0.00,0.00,0.00,217.02,0.29,65.27,0.00,0.06,0.00,0.00,0.08,0.00
217.45,0.40,87.75,0.00,0.00,0.00,216.75,0.26,51.09,0.00,0.06,0.00,0.00,0.08,0.00
218.35,0.39,84.11,0.00,0.00,0.00,217.65,0.25,46.81,0.00,0.05,0.00,0.00,0.08,0.00
218.69,0.31,67.83,0.00,0.00,0.00,217.99,0.23,38.55,0.00,0.00,0.00,0.00,0.08,0.00
219.25,0.29,63.40,0.00,0.00,0.00,218.55,0.23,36.60,0.00,0.00,0.00,0.00,0.06,0.00
215.19,0.27,59.17,0.00,0.00,0.00,214.49,0.22,36.10,0.00,0.00,0.00,0.00,0.05,0.00
217.45,0.22,47.52,0.00,0.00,0.00,216.75,0.22,33.80,0.00,0.00,0.00,0.00,0.00,0.00
218.63,0.51,110.66,0.00,0.25,0.00,217.93,0.18,27.86,0.00,0.00,0.00,0.00,0.08,0.00
220.03,0.40,88.17,0.00,0.24,0.00,0.00,0.08,0.00,0.00,0.00,0.00,0.00,0.08,0.00
220.62,0.31,67.45,0.00,0.23,0.00,0.00,0.00,0.00,0.00,0.00,0.00,0.00,0.07,0.00
219.93,0.30,64.90,0.00,0.22,0.00,0.00,0.00,0.00,0.00,0.00,0.00,0.00,0.07,0.00
219.86,0.28,62.01,0.00,0.21,0.00,0.00,0.00,0.00,0.00,0.00,0.00,0.00,0.07,0.00
218.08,0.28,60.38,0.00,0.20,0.00,0.00,0.00,0.00,0.00,0.00,0.00,0.00,0.07,0.00
219.47,0.26,57.09,0.00,0.19,0.00,0.00,0.00,0.00,0.00,0.00,0.00,0.00,0.07,0.00
220.08,0.25,54.47,0.00,0.18,0.00,0.00,0.00,0.00,0.00,0.00,0.00,0.00,0.07,0.00
218.73,0.23,50.87,0.00,0.17,0.00,0.00,0.00,0.00,0.00,0.00,0.00,0.00,0.06,0.00
219.18,0.23,50.34,0.00,0.17,0.00,0.00,0.00,0.00,0.00,0.00,0.00,0.00,0.06,0.00
220.28,0.22,48.09,0.00,0.16,0.00,0.00,0.00,0.00,0.00,0.00,0.00,0.00,0.06,0.00
220.57,0.22,48.46,0.00,0.16,0.00,0.00,0.00,0.00,0.00,0.00,0.00,0.00,0.06,0.00
218.26,0.21,45.52,0.00,0.15,0.00,0.00,0.00,0.00,0.00,0.00,0.00,0.00,0.06,0.00
216.86,0.20,42.98,0.00,0.15,0.00,0.00,0.00,0.00,0.00,0.00,0.00,0.00,0.05,0.00
219.78,0.19,42.16,0.00,0.14,0.00,0.00,0.00,0.00,0.00,0.00,0.00,0.00,0.05,0.00
219.19,0.13,29.40,0.00,0.13,0.00,0.00,0.00,0.00,0.00,0.00,0.00,0.00,0.00,0.00
219.01,0.13,27.91,0.00,0.13,0.00,0.00,0.00,0.00,0.00,0.00,0.00,0.00,0.00,0.00
219.54,0.12,27.11,0.00,0.12,0.00,0.00,0.00,0.00,0.00,0.00,0.00,0.00,0.00,0.00
218.74,0.11,24.90,0.00,0.11,0.00,0.00,0.00,0.00,0.00,0.00,0.00,0.00,0.00,0.00
219.39,0.11,24.18,0.00,0.11,0.00,0.00,0.00,0.00,0.00,0.00,0.00,0.00,0.00,0.00
220.26,0.11,23.71,0.00,0.11,0.00,0.00,0.00,0.00,0.00,0.00,0.00,0.00,0.00,0.00
218.66,0.11,23.26,0.00,0.11,0.00,0.00,0.00,0.00,0.00,0.00,0.00,0.00,0.00,0.00
221.10,0.10,22.60,0.00,0.10,0.00,0.00,0.00,0.00,0.00,0.00,0.00,0.00,0.00,0.00
216.66,0.10,21.40,0.00,0.10,0.00,0.00,0.00,0.00,0.00,0.00,0.00,0.00,0.00,0.00
220.54,0.10,21.74,0.00,0.10,0.00,0.00,0.00,0.00,0.00,0.00,0.00,0.00,0.00,0.00
218.22,0.09,19.41,0.00,0.09,0.00,0.00,0.00,0.00,0.00,0.00,0.00,0.00,0.00,0.00
215.38,0.09,19.03,0.00,0.09,0.00,0.00,0.00,0.00,0.00,0.00,0.00,0.00,0.00,0.00
217.83,0.08,17.16,0.00,0.08,0.00,0.00,0.00,0.00,0.00,0.00,0.00,0.00,0.00,0.00
219.71,0.08,17.20,0.00,0.08,0.00,0.00,0.00,0.00,0.00,0.00,0.00,0.00,0.00,0.00
219.06,0.07,16.40,0.00,0.07,0.00,0.00,0.00,0.00,0.00,0.00,0.00,0.00,0.00,0.00
219.21,0.07,15.85,0.00,0.07,0.00,0.00,0.00,0.00,0.00,0.00,0.00,0.00,0.00,0.00
219.74,0.07,15.32,0.00,0.07,0.00,0.00,0.00,0.00,0.00,0.00,0.00,0.00,0.00,0.00
218.10,0.06,13.58,0.00,0.06,0.00,0.00,0.00,0.00,0.00,0.00,0.00,0.00,0.00,0.00
219.14,0.06,13.62,0.00,0.06,0.00,0.00,0.00,0.00,0.00,0.00,0.00,0.00,0.00,0.00
218.67,0.06,12.86,0.00,0.06,0.00,0.00,0.00,0.00,0.00,0.00,0.00,0.00,0.00,0.00
215.44,0.06,12.50,0.00,0.06,0.00,0.00,0.00,0.00,0.00,0.00,0.00,0.00,0.00,0.00
220.19,0.06,12.19,0.00,0.06,0.00,0.00,0.00,0.00,0.00,0.00,0.00,0.00,0.00,0.00
220.47,0.06,14.29,0.00,0.06,0.00,0.00,0.00,0.00,0.00,0.00,0.00,0.00,0.00,0.00
219.10,0.22,49.09,0.00,0.00,0.00,0.00,0.00,0.00,0.00,0.00,0.00,0.00,0.00,0.00
215.90,0.22,47.49,0.00,0.00,0.00,0.00,0.00,0.00,0.00,0.00,0.00,0.00,0.00,0.00
219.39,0.22,48.95,0.00,0.00,0.00,0.00,0.00,0.00,0.00,0.00,0.00,0.00,0.00,0.00
220.51,0.23,49.63,0.00,0.00,0.00,0.00,0.00,0.00,0.00,0.00,0.00,0.00,0.00,0.00
217.25,0.22,47.90,0.00,0.00,0.00,0.00,0.00,0.00,0.00,0.00,0.00,0.00,0.00,0.00
220.18,0.22,49.48,0.00,0.00,0.00,0.00,0.00,0.00,0.00,0.00,0.00,0.00,0.00,0.00
219.12,0.22,48.81,0.00,0.00,0.00,0.00,0.00,0.00,0.00,0.00,0.00,0.00,0.00,0.00
218.30,0.22,48.75,0.00,0.00,0.00,0.00,0.00,0.00,0.00,0.00,0.00,0.00,0.00,0.00
219.89,0.47,103.10,0.00,0.00,0.00,0.00,0.00,0.00,0.00,0.00,0.00,218.73,0.24,33.56
218.12,0.47,101.96,0.00,0.00,0.00,0.00,0.00,0.00,0.00,0.00,0.00,218.87,0.24,33.55
219.01,0.47,102.76,0.00,0.00,0.00,0.00,0.00,0.00,0.00,0.00,0.00,219.82,0.25,33.80
221.37,0.46,102.91,0.00,0.00,0.00,0.00,0.00,0.00,0.00,0.00,0.00,217.20,0.24,33.06
218.42,0.47,101.74,0.00,0.00,0.00,0.00,0.00,0.00,0.00,0.00,0.00,216.86,0.24,32.91
217.90,0.47,101.66,0.00,0.00,0.00,0.00,0.00,0.00,0.00,0.00,0.00,217.67,0.24,32.90
217.19,0.47,101.21,0.00,0.00,0.00,0.00,0.00,0.00,0.00,0.00,0.00,218.12,0.24,33.35
219.31,0.46,101.76,0.00,0.00,0.00,0.00,0.00,0.00,0.00,0.00,0.00,219.72,0.24,33.55
220.08,0.46,102.02,0.00,0.00,0.00,0.00,0.00,0.00,0.00,0.00,0.00,217.58,0.24,32.97
217.44,0.46,100.89,0.00,0.00,0.00,0.00,0.00,0.00,0.00,0.00,0.00,219.17,0.24,32.71
219.25,0.46,101.10,0.00,0.00,0.00,0.00,0.00,0.00,0.00,0.00,0.00,219.21,0.24,32.84
214.85,0.47,100.12,0.00,0.00,0.00,0.00,0.00,0.00,0.00,0.00,0.00,220.29,0.24,33.54
218.84,0.46,101.25,0.00,0.00,0.00,0.00,0.00,0.00,0.00,0.00,0.00,219.03,0.24,32.85
220.92,0.46,102.65,0.00,0.00,0.00,0.00,0.00,0.00,0.00,0.00,0.00,217.84,0.24,32.61
221.08,0.68,149.52,0.00,0.00,0.00,220.38,0.21,31.78,0.00,0.00,0.00,217.63,0.24,32.70
219.99,0.68,149.83,0.00,0.00,0.00,219.29,0.22,32.05,0.00,0.00,0.00,218.49,0.24,34.03
218.50,0.68,147.76,0.00,0.00,0.00,217.80,0.21,31.47,0.00,0.00,0.00,217.73,0.24,32.61
217.05,0.68,147.80,0.00,0.00,0.00,216.35,0.22,34.07,0.00,0.00,0.00,216.80,0.24,32.15
237.57,0.94,224.31,219.06,0.25,54.61,236.87,0.22,35.39,0.00,0.00,0.00,215.86,0.25,32.69
217.70,0.91,197.56,219.00,0.21,46.02,217.00,0.22,35.91,0.00,0.00,0.00,215.57,0.25,32.32
214.90,0.90,192.66,216.14,0.21,44.81,214.20,0.22,32.60,0.00,0.00,0.00,215.12,0.25,31.82
217.18,0.90,195.13,217.90,0.21,45.26,216.48,0.22,33.22,0.00,0.00,0.00,216.60,0.25,32.64
219.07,0.90,197.37,218.65,0.21,45.78,218.37,0.22,34.49,0.00,0.00,0.00,215.02,0.25,32.02
216.56,0.90,194.20,216.35,0.21,44.68,215.86,0.22,33.00,0.00,0.00,0.00,217.08,0.25,32.98
214.57,0.90,192.36,217.48,0.21,45.19,213.87,0.22,32.64,0.00,0.00,0.00,216.17,0.25,32.47
217.49,0.89,193.73,214.83,0.21,44.38,216.79,0.21,30.93,0.00,0.00,0.00,214.30,0.25,32.17
217.50,1.11,240.58,217.66,0.21,45.26,216.80,0.21,31.56,214.46,0.21,45.27,215.57,0.25,32.39
215.61,1.10,238.03,215.67,0.21,44.42,214.91,0.21,33.13,212.10,0.21,44.11,214.46,0.25,32.47
216.46,1.10,238.38,215.17,0.21,44.37,215.76,0.21,31.66,214.99,0.21,45.51,216.43,0.25,33.11
215.22,1.10,236.88,216.73,0.21,44.93,214.52,0.22,33.24,216.24,0.21,45.61,214.08,0.24,31.67
216.27,1.10,237.92,216.60,0.21,44.77,215.57,0.22,33.01,210.56,0.21,43.43,214.83,0.24,32.34
216.45,1.10,238.98,217.28,0.21,45.06,215.75,0.21,32.15,214.22,0.21,45.17,215.58,0.25,32.53
216.24,1.09,236.55,213.22,0.21,43.82,215.54,0.21,31.22,213.23,0.21,44.71,214.17,0.24,31.84
216.68,1.11,239.87,217.11,0.21,45.31,215.98,0.21,32.60,217.22,0.21,46.06,216.07,0.24,32.57
215.65,1.10,237.05,215.08,0.21,44.47,214.95,0.21,32.53,213.21,0.21,44.58,214.34,0.25,32.20
212.17,1.11,234.52,218.87,0.21,45.70,211.47,0.21,32.57,215.34,0.21,45.32,215.32,0.25,32.83
217.87,1.10,239.58,217.12,0.21,44.99,217.17,0.22,32.78,214.82,0.21,45.17,215.22,0.24,31.68
215.74,1.10,236.83,216.11,0.21,44.62,215.04,0.21,31.34,214.73,0.21,45.35,214.04,0.24,32.12
217.46,1.11,240.51,217.33,0.21,45.19,216.76,0.21,32.70,218.48,0.22,46.69,215.68,0.24,32.37
216.23,1.09,236.65,215.25,0.21,44.12,215.53,0.21,32.64,214.61,0.21,45.22,212.68,0.24,31.60
217.12,1.10,239.69,218.17,0.21,45.61,216.42,0.22,32.93,215.01,0.21,45.29,216.07,0.24,32.25
215.23,1.10,236.45,215.32,0.21,44.46,214.53,0.22,33.09,213.89,0.21,45.10,217.75,0.24,32.64
217.91,1.10,239.53,217.84,0.21,45.56,217.21,0.21,31.29,216.01,0.21,45.54,214.88,0.24,32.33
216.39,1.10,238.78,216.73,0.21,45.12,215.69,0.22,33.00,214.65,0.21,45.46,215.25,0.24,32.31
214.77,1.10,236.63,217.36,0.21,45.17,214.07,0.21,32.48,215.93,0.21,45.59,215.62,0.24,32.38
215.83,1.10,237.98,218.13,0.21,45.35,215.13,0.22,32.85,215.55,0.21,45.81,215.12,0.24,32.04
215.45,1.10,236.30,215.77,0.21,44.84,214.75,0.21,31.74,213.83,0.21,45.01,215.40,0.24,31.93
217.05,1.10,237.85,217.67,0.21,45.60,216.35,0.21,32.73,218.67,0.21,46.79,214.41,0.23,31.24
216.73,1.10,237.55,215.26,0.21,44.35,216.03,0.22,32.93,217.87,0.21,46.02,217.67,0.24,32.18
215.84,1.10,236.35,218.16,0.21,45.72,215.14,0.21,32.00,214.06,0.21,44.96,215.60,0.24,32.21
217.84,1.10,238.98,215.57,0.21,44.89,217.14,0.21,31.97,217.30,0.21,46.55,217.82,0.24,33.43
215.27,1.08,233.43,216.21,0.21,44.90,214.57,0.21,32.59,210.16,0.21,43.55,214.63,0.23,31.25
216.18,1.09,236.53,217.52,0.21,45.41,215.48,0.21,32.67,214.55,0.21,45.05,215.19,0.24,31.81
215.87,1.09,235.01,215.24,0.21,44.41,215.17,0.22,32.98,213.17,0.21,44.35,215.20,0.23,31.27
217.88,1.09,237.12,217.69,0.21,45.35,217.18,0.21,32.33,213.41,0.21,44.81,215.64,0.23,31.64
215.90,1.09,235.02,215.63,0.21,44.48,215.20,0.22,32.86,213.30,0.21,44.51,213.30,0.23,31.14
215.89,1.09,236.24,218.27,0.21,45.55,215.19,0.21,32.38,216.29,0.21,45.76,216.19,0.24,32.33
217.03,1.09,235.78,214.38,0.21,43.96,216.33,0.21,31.96,214.23,0.21,44.74,217.18,0.24,31.83
214.64,1.09,234.37,215.96,0.21,44.86,213.94,0.21,32.10,214.83,0.21,45.53,216.74,0.23,32.15
218.78,1.09,239.21,216.84,0.21,45.01,218.08,0.22,33.09,216.82,0.21,46.18,215.76,0.23,31.45
216.58,1.09,237.15,217.32,0.21,45.28,215.88,0.22,32.89,216.16,0.21,45.83,215.70,0.23,31.81
218.08,1.09,238.53,217.04,0.21,44.94,217.38,0.22,32.63,216.87,0.21,46.21,215.35,0.23,31.65
215.34,1.09,233.66,212.28,0.20,43.55,214.64,0.21,31.35,215.05,0.21,45.38,215.16,0.23,31.87
217.53,1.09,236.08,215.68,0.21,44.68,216.83,0.21,32.05,211.23,0.21,44.02,214.59,0.23,31.92
217.73,1.10,239.18,217.52,0.21,45.44,217.03,0.22,32.93,217.52,0.21,46.36,217.97,0.24,32.27
217.52,1.09,237.94,216.75,0.21,45.18,216.82,0.21,32.36,217.42,0.21,46.43,216.85,0.23,31.86
216.01,1.09,236.39,215.46,0.21,44.46,215.31,0.22,32.92,216.18,0.21,45.91,215.37,0.23,31.68
217.07,1.09,236.59,218.26,0.21,45.36,216.37,0.22,32.79,214.38,0.21,45.19,214.56,0.23,31.15
217.00,1.09,236.43,217.72,0.21,45.52,216.30,0.21,32.77,212.12,0.21,44.42,214.83,0.23,31.49
214.97,1.09,234.53,217.72,0.21,45.21,214.27,0.21,32.56,216.10,0.21,46.01,214.68,0.23,31.34
218.29,1.10,239.22,218.59,0.21,45.85,217.59,0.22,33.02,216.14,0.21,45.95,215.90,0.23,31.76
215.21,1.10,235.84,215.77,0.21,44.55,214.51,0.21,32.57,219.61,0.22,47.09,214.96,0.24,31.78
216.57,1.09,237.11,219.61,0.21,46.24,215.87,0.21,32.06,216.06,0.21,45.59,216.14,0.23,32.06
215.19,1.09,235.24,216.88,0.21,45.04,214.49,0.22,32.97,216.05,0.21,45.86,215.32,0.23,31.40
216.91,1.10,237.60,217.47,0.21,45.41,216.21,0.21,32.18,217.03,0.21,46.01,217.28,0.24,32.89
217.52,1.09,237.25,216.11,0.21,44.93,216.82,0.22,32.94,214.06,0.21,44.78,215.56,0.23,31.43
216.99,1.09,236.48,216.34,0.21,44.83,216.29,0.21,32.36,215.16,0.21,45.38,217.60,0.23,32.05
216.45,1.09,235.45,216.11,0.21,45.00,215.75,0.22,32.56,211.76,0.21,44.17,215.23,0.23,31.38
215.78,1.08,232.82,216.38,0.21,44.96,215.08,0.21,31.35,213.53,0.21,44.79,212.23,0.23,29.70
219.91,1.09,239.75,218.19,0.21,45.49,219.21,0.21,32.26,217.62,0.21,46.52,217.48,0.23,32.07
219.15,1.09,238.63,214.82,0.21,44.26,218.45,0.22,32.94,213.96,0.21,45.20,215.17,0.23,31.47
216.53,1.09,235.41,216.01,0.21,44.61,215.83,0.21,31.41,216.12,0.21,45.93,215.68,0.23,31.54
215.53,1.09,234.85,216.92,0.21,45.01,214.83,0.21,32.70,215.69,0.21,46.11,213.57,0.23,30.77
215.58,1.09,235.33,217.54,0.21,45.43,214.88,0.21,31.88,215.64,0.21,45.68,215.93,0.23,31.60
217.82,1.09,236.41,216.55,0.21,45.19,217.12,0.21,32.35,215.06,0.21,45.34,212.95,0.23,30.06
215.24,1.09,235.04,217.63,0.21,45.39,214.54,0.21,32.68,214.68,0.21,45.42,215.77,0.23,31.51
217.73,1.08,235.37,215.28,0.21,44.59,217.03,0.21,31.40,213.28,0.21,44.73,215.49,0.23,31.12
216.11,1.09,234.75,216.22,0.21,44.82,215.41,0.21,32.54,214.71,0.21,45.46,212.81,0.23,30.79
216.67,1.09,237.25,218.51,0.21,45.78,215.97,0.22,32.99,216.60,0.21,46.16,217.37,0.23,31.89
213.94,1.09,232.99,217.04,0.21,45.12,213.24,0.22,32.80,214.56,0.21,45.72,215.29,0.23,30.69
217.14,1.08,235.27,216.12,0.21,44.80,216.44,0.21,30.81,216.75,0.21,46.30,216.27,0.23,31.50
217.77,1.10,238.66,217.18,0.21,45.34,217.07,0.22,34.40,218.75,0.22,47.02,214.87,0.23,30.77
215.76,1.09,235.59,218.09,0.21,45.48,215.06,0.21,32.47,215.11,0.21,45.72,216.19,0.23,31.78
218.14,1.09,237.33,214.86,0.21,44.62,217.44,0.21,31.01,217.65,0.21,46.67,216.91,0.23,31.59
217.60,1.09,237.41,216.62,0.21,45.11,216.90,0.21,32.63,217.13,0.21,45.83,214.42,0.23,31.05
217.25,1.09,236.89,218.72,0.21,45.89,216.55,0.21,32.65,217.25,0.21,46.30,216.97,0.23,31.33
217.65,1.10,238.99,219.77,0.21,46.72,216.95,0.21,31.64,215.73,0.21,45.68,221.79,0.24,34.28
218.01,1.09,237.75,218.62,0.21,45.74,217.31,0.21,32.45,215.22,0.21,45.45,217.22,0.23,31.73
215.88,1.08,233.54,213.43,0.20,43.65,215.18,0.21,31.41,216.66,0.21,46.32,213.70,0.23,30.76
216.39,1.09,235.47,217.29,0.21,45.48,215.69,0.21,31.90,215.76,0.21,45.56,215.42,0.23,31.47
216.51,1.09,236.14,218.15,0.21,45.65,215.81,0.22,33.13,215.26,0.21,45.65,215.47,0.23,31.38
214.41,1.09,233.09,216.31,0.21,45.19,213.71,0.21,32.82,211.84,0.21,44.14,215.34,0.23,31.21
217.78,1.09,237.09,218.50,0.21,45.81,217.08,0.21,32.57,215.34,0.21,45.63,217.33,0.23,31.35
217.21,1.08,235.04,216.47,0.21,45.14,216.51,0.22,33.18,214.98,0.21,45.01,210.10,0.22,29.05
216.68,1.09,235.98,217.24,0.21,45.45,215.98,0.21,32.48,216.56,0.21,46.09,217.09,0.23,31.53
217.87,1.09,236.63,215.67,0.21,44.63,217.17,0.21,32.35,217.05,0.21,46.20,214.33,0.23,30.39
215.66,1.09,235.48,219.06,0.21,46.11,214.96,0.21,32.34,217.19,0.21,46.15,215.60,0.23,31.27
219.20,1.08,236.55,213.02,0.20,43.55,218.50,0.21,32.55,213.73,0.21,44.93,214.53,0.23,30.32
216.05,1.09,235.30,216.89,0.21,45.10,215.35,0.21,32.57,216.13,0.21,45.93,214.58,0.23,31.18
217.75,1.09,237.21,217.89,0.21,45.56,217.05,0.21,32.19,216.56,0.21,46.06,215.94,0.23,31.12
214.84,1.08,233.07,215.62,0.21,44.58,214.14,0.21,31.14,216.56,0.21,46.27,218.08,0.23,31.99
220.18,1.09,240.36,217.84,0.21,45.60,219.48,0.21,32.70,217.81,0.21,46.60,215.42,0.23,31.09
216.14,1.09,235.73,218.59,0.21,46.01,215.44,0.21,32.07,217.03,0.21,46.12,216.74,0.23,31.53
213.39,1.09,233.27,221.04,0.21,45.68,212.69,0.22,34.59,215.47,0.21,45.66,215.48,0.23,31.09
217.43,1.09,236.37,215.93,0.21,44.93,216.73,0.21,32.40,213.34,0.21,44.70,216.68,0.23,31.56
215.74,1.09,235.47,217.20,0.21,45.09,215.04,0.22,32.64,217.52,0.21,46.54,214.89,0.23,30.88
214.63,1.08,232.61,215.29,0.21,44.43,213.93,0.21,32.27,215.56,0.21,45.93,217.48,0.23,31.81
221.84,1.08,239.52,216.08,0.21,44.70,221.14,0.21,32.08,214.60,0.21,45.23,213.07,0.22,30.15
218.77,1.09,237.71,215.96,0.21,44.91,218.07,0.21,31.87,216.49,0.21,45.97,215.25,0.23,31.42
216.26,1.09,234.64,217.44,0.21,45.27,215.56,0.21,31.91,216.92,0.21,46.22,215.38,0.23,30.95
216.23,1.08,233.50,215.58,0.21,44.65,215.53,0.21,30.79,215.95,0.21,45.82,217.27,0.23,31.58
219.76,1.09,238.58,217.15,0.21,45.10,219.06,0.22,33.31,215.71,0.21,45.67,214.39,0.23,30.76
215.96,1.09,234.89,218.50,0.21,45.91,215.26,0.21,32.76,213.25,0.21,44.88,216.84,0.23,31.57
217.00,1.09,236.55,217.91,0.21,45.33,216.30,0.21,32.05,217.07,0.21,46.11,215.31,0.23,31.37
216.79,1.08,234.19,217.01,0.21,45.01,216.09,0.21,31.11,217.04,0.21,46.35,213.31,0.23,30.13
217.26,1.09,236.23,216.07,0.21,44.77,216.56,0.22,32.92,215.94,0.21,45.82,214.58,0.23,30.75
216.85,1.08,234.76,217.55,0.21,45.39,216.15,0.21,31.54,214.05,0.21,44.92,215.94,0.23,31.06
216.19,1.08,234.40,217.03,0.21,45.10,215.49,0.21,32.68,216.00,0.21,45.79,215.17,0.22,30.43
216.43,1.09,235.05,218.02,0.21,45.64,215.73,0.21,32.25,213.35,0.21,44.90,215.48,0.23,31.43
217.58,1.09,237.85,218.90,0.21,45.77,216.88,0.22,32.94,217.88,0.22,46.74,217.48,0.23,31.49
215.85,1.08,233.65,217.72,0.21,45.29,215.15,0.21,32.60,213.07,0.21,44.65,215.19,0.23,30.55
218.67,1.09,238.23,219.60,0.21,46.19,217.97,0.21,32.18,219.59,0.22,47.04,217.67,0.23,31.40
219.45,1.09,238.34,218.03,0.21,45.43,218.75,0.21,32.64,214.32,0.21,45.44,215.53,0.23,31.14
217.31,1.08,235.21,215.50,0.21,44.53,216.61,0.21,32.10,214.62,0.21,45.02,217.04,0.23,31.70
216.85,1.08,234.91,215.55,0.21,44.44,216.15,0.21,32.49,216.04,0.21,45.94,215.73,0.23,30.68
217.77,1.09,237.79,217.78,0.21,45.62,217.07,0.22,33.00,217.55,0.22,46.60,216.52,0.23,31.32
217.68,1.09,237.46,217.26,0.21,45.51,216.98,0.21,32.61,219.08,0.22,47.00,216.02,0.23,30.85
216.69,1.09,236.01,218.65,0.21,45.90,215.99,0.21,32.44,215.58,0.21,45.64,215.06,0.23,30.97
218.18,1.10,239.17,216.67,0.21,44.99,217.48,0.22,32.79,218.69,0.22,47.02,215.77,0.23,31.50
216.36,1.09,236.21,216.37,0.21,44.89,215.66,0.22,32.65,217.06,0.21,46.15,215.10,0.23,30.88
213.69,1.09,231.91,216.27,0.21,44.88,212.99,0.21,31.85,215.31,0.21,45.21,223.23,0.23,31.64
218.57,1.09,237.73,217.55,0.21,45.51,217.87,0.21,32.65,216.76,0.21,46.33,212.58,0.22,28.92
216.89,1.09,235.45,215.95,0.21,44.80,216.19,0.21,32.61,214.37,0.21,45.01,214.46,0.23,30.76
217.75,1.09,236.66,217.50,0.21,45.45,217.05,0.22,32.94,217.47,0.21,46.18,214.83,0.23,30.58
218.35,1.08,236.54,214.40,0.21,44.32,217.65,0.21,32.39,217.47,0.21,46.57,214.61,0.23,30.54
217.24,1.09,235.83,216.56,0.21,44.93,216.54,0.21,32.86,217.43,0.21,46.27,214.72,0.23,30.92
214.92,1.09,233.78,218.97,0.21,45.95,214.22,0.22,33.46,215.93,0.21,45.62,216.86,0.23,31.08
216.84,1.07,233.03,217.56,0.21,45.08,216.14,0.21,32.54,212.18,0.21,44.26,213.73,0.22,28.82
216.25,1.09,235.08,217.10,0.21,45.23,215.55,0.22,33.19,217.02,0.21,46.25,215.45,0.23,31.11
217.02,1.09,236.82,218.59,0.21,45.65,216.32,0.22,33.69,217.16,0.21,46.31,217.57,0.23,31.13
214.36,1.08,231.74,215.96,0.21,44.67,213.66,0.21,32.38,215.04,0.21,45.31,215.66,0.22,30.75
218.41,1.09,237.97,216.88,0.21,45.65,217.71,0.21,32.72,218.10,0.21,46.66,216.14,0.23,31.12
218.06,1.08,236.22,216.13,0.21,44.83,217.36,0.22,32.71,216.43,0.21,46.07,216.32,0.22,30.66
215.97,1.08,233.75,217.13,0.21,45.12,215.27,0.21,31.37,216.24,0.21,45.94,217.07,0.23,31.00
217.69,1.09,237.49,217.91,0.21,45.63,216.99,0.22,34.02,214.29,0.21,45.41,215.92,0.23,30.96
215.83,1.09,235.17,218.04,0.21,45.44,215.13,0.22,33.17,216.32,0.21,45.82,216.02,0.23,31.19
217.91,1.08,235.82,215.24,0.21,44.54,217.21,0.21,31.68,217.49,0.21,46.46,214.49,0.23,30.13
216.43,1.08,233.00,214.49,0.21,44.10,215.73,0.21,31.97,213.43,0.21,45.24,216.06,0.22,30.42
216.72,1.09,236.62,218.76,0.21,45.86,216.02,0.21,32.64,218.09,0.21,46.62,217.19,0.23,31.92
219.16,1.09,238.29,217.57,0.21,45.40,218.46,0.22,32.79,215.96,0.21,45.93,215.22,0.23,30.29
216.96,1.09,235.80,217.87,0.21,45.51,216.26,0.21,32.49,215.19,0.21,45.56,217.06,0.23,31.03
217.92,1.09,237.20,217.77,0.21,45.48,217.22,0.22,32.90,216.19,0.21,46.12,216.80,0.23,30.91
216.24,1.08,234.57,217.69,0.21,45.43,215.54,0.21,31.41,217.27,0.21,46.33,215.37,0.23,30.82
217.27,1.08,234.65,216.76,0.21,45.10,216.57,0.22,33.92,212.27,0.21,44.41,213.80,0.22,29.49
216.70,1.08,234.07,217.82,0.21,45.47,216.00,0.21,32.28,213.57,0.21,44.94,217.24,0.22,31.09
218.41,1.08,236.92,217.61,0.21,45.48,217.71,0.21,32.55,216.33,0.21,46.03,216.80,0.22,30.29
215.34,1.09,235.74,216.96,0.21,45.17,214.64,0.21,32.34,215.23,0.21,45.74,214.27,0.24,30.77
217.66,1.10,239.28,217.39,0.21,45.37,216.96,0.22,33.08,217.85,0.21,46.80,216.84,0.24,31.37
216.47,1.09,235.29,214.41,0.21,44.04,215.77,0.21,30.40,214.01,0.21,45.28,216.35,0.24,31.54
215.64,1.09,235.48,217.93,0.21,45.70,214.94,0.21,32.09,217.17,0.21,46.30,214.68,0.23,30.32
217.03,1.09,236.94,218.36,0.21,45.45,216.33,0.22,32.67,215.88,0.21,45.92,216.66,0.23,30.47
217.34,1.09,236.17,218.09,0.21,45.69,216.64,0.21,32.99,214.64,0.21,45.40,213.89,0.23,29.24
219.03,1.09,239.10,217.89,0.21,45.50,218.33,0.22,33.45,217.44,0.21,46.45,213.63,0.23,29.08
215.37,1.11,238.35,217.46,0.21,45.24,214.67,0.21,31.74,221.67,0.22,48.46,219.93,0.24,34.14
218.47,1.09,238.28,219.20,0.21,46.03,217.77,0.22,33.09,217.60,0.21,46.48,215.05,0.23,30.90
217.62,1.09,236.89,218.72,0.21,45.64,216.92,0.22,33.09,216.56,0.21,46.10,214.73,0.23,30.82
218.98,1.09,238.15,220.23,0.21,46.40,218.28,0.21,32.72,218.08,0.21,46.81,216.09,0.22,30.65
218.83,1.08,236.91,217.24,0.21,45.30,218.13,0.21,32.45,213.69,0.21,45.05,215.52,0.23,30.34
218.06,1.09,236.61,219.02,0.21,46.04,217.36,0.22,33.40,215.27,0.21,45.54,215.76,0.22,30.77
217.94,1.09,236.65,218.24,0.21,45.47,217.24,0.22,33.08,215.40,0.21,45.68,215.64,0.23,30.69
217.64,1.08,235.38,217.93,0.21,45.44,216.94,0.21,32.78,215.30,0.21,45.55,214.19,0.22,29.48
217.04,1.08,234.18,216.41,0.21,44.77,216.34,0.21,31.94,216.29,0.21,46.08,215.39,0.22,30.42
218.36,1.08,236.70,218.83,0.21,46.03,217.66,0.21,32.33,215.26,0.21,45.63,215.72,0.22,30.47
221.20,1.09,240.77,218.29,0.21,45.62,220.50,0.21,32.55,216.34,0.21,46.05,215.80,0.23,31.09
217.37,1.08,235.35,217.35,0.21,45.29,216.67,0.21,32.09,214.58,0.21,45.30,215.28,0.23,30.54
218.38,1.09,238.03,218.99,0.21,46.22,217.68,0.22,33.14,217.71,0.21,46.57,216.76,0.23,31.10
216.86,1.08,233.95,217.58,0.21,45.39,216.16,0.22,33.62,214.27,0.21,45.09,213.40,0.22,28.49
220.93,1.08,238.96,213.73,0.20,43.88,220.23,0.21,32.41,217.08,0.21,46.15,217.60,0.23,30.90
216.25,1.09,234.76,216.64,0.21,44.92,215.55,0.22,32.98,218.11,0.21,46.76,215.75,0.22,30.32
216.37,1.08,233.70,215.25,0.21,44.51,215.67,0.21,31.05,215.08,0.21,45.53,217.19,0.23,31.32
219.01,1.09,238.72,217.37,0.21,45.46,218.31,0.22,33.38,218.29,0.22,46.94,215.77,0.22,30.48
217.16,1.08,235.09,217.99,0.21,45.53,216.46,0.21,32.65,214.52,0.21,45.20,214.61,0.23,30.92
218.67,1.08,237.21,218.53,0.21,45.88,217.97,0.21,32.29,213.44,0.21,44.94,216.83,0.23,30.90
217.57,1.08,234.41,216.02,0.21,44.71,216.87,0.21,31.62,216.08,0.21,45.93,215.50,0.22,30.06
217.59,1.08,236.08,219.05,0.21,45.88,216.89,0.21,32.61,217.47,0.21,46.41,217.09,0.22,30.48
217.81,1.09,236.55,218.28,0.21,45.66,217.11,0.21,33.18,216.64,0.21,46.29,214.04,0.23,29.88
220.23,1.08,238.90,216.16,0.21,44.85,219.53,0.21,31.19,217.98,0.21,46.70,217.46,0.23,30.50
219.01,1.09,238.33,217.55,0.21,45.32,218.31,0.21,32.49,215.83,0.21,45.84,215.84,0.23,30.46
215.84,1.08,233.84,216.07,0.21,44.67,215.14,0.21,31.21,216.70,0.21,46.11,217.43,0.23,30.90
216.91,1.10,238.00,219.85,0.21,46.22,216.21,0.22,32.83,217.43,0.21,46.46,216.92,0.23,31.25
216.60,1.09,235.37,217.41,0.21,45.47,215.90,0.22,33.06,215.75,0.21,45.91,215.09,0.23,30.12
217.70,1.08,235.82,215.50,0.21,44.40,217.00,0.21,32.41,215.22,0.21,45.52,216.59,0.23,30.76
218.37,1.08,236.43,215.13,0.21,44.25,217.67,0.21,31.44,216.29,0.21,46.28,212.49,0.23,29.55
218.06,1.09,236.87,218.92,0.21,46.06,217.36,0.21,32.50,215.11,0.21,45.45,213.24,0.23,29.51
218.78,1.09,238.73,218.04,0.21,45.49,218.08,0.22,33.26,216.46,0.21,46.17,215.31,0.23,30.36
216.17,1.08,233.45,216.30,0.21,44.56,215.47,0.21,30.79,216.47,0.21,46.13,214.37,0.23,29.90
217.09,1.09,236.94,219.85,0.21,46.32,216.39,0.21,32.61,218.21,0.21,46.66,216.72,0.23,30.67
216.73,1.09,235.68,216.12,0.21,44.91,216.03,0.21,32.50,215.23,0.21,45.60,215.20,0.23,31.52
218.70,1.09,238.34,219.30,0.21,45.93,218.00,0.21,32.34,217.63,0.21,46.61,216.84,0.23,30.96
215.87,1.09,234.49,215.98,0.21,44.92,215.17,0.22,33.44,217.45,0.21,46.56,215.27,0.22,29.84
217.30,1.08,234.55,215.57,0.21,44.36,216.60,0.21,31.45,217.42,0.21,46.53,215.92,0.22,30.62
218.02,1.09,236.75,217.54,0.21,45.40,217.32,0.22,33.20,215.58,0.21,45.84,214.63,0.23,30.07
217.82,1.08,236.00,213.64,0.20,43.89,217.12,0.21,31.48,216.91,0.21,46.23,214.95,0.23,30.90
217.00,1.08,234.80,213.94,0.20,43.83,216.30,0.21,31.72,217.75,0.21,46.68,217.17,0.23,30.67
216.22,1.07,231.64,214.27,0.20,43.83,215.52,0.21,31.42,213.77,0.21,44.77,215.44,0.22,29.92
216.44,1.09,235.01,219.55,0.21,45.85,215.74,0.22,33.30,215.00,0.21,45.43,215.82,0.22,30.29
217.39,1.08,235.16,216.37,0.21,44.85,216.69,0.21,32.49,216.52,0.21,46.12,215.19,0.22,30.24
216.99,1.08,235.04,219.60,0.21,46.11,216.29,0.21,32.27,216.26,0.21,46.00,215.40,0.22,30.02
217.42,1.08,235.34,217.96,0.21,45.35,216.72,0.22,32.39,213.35,0.21,44.68,214.69,0.23,29.94
217.53,1.09,236.34,218.83,0.21,45.82,216.83,0.22,32.70,218.79,0.22,46.95,215.65,0.22,29.93
217.36,1.08,235.65,217.42,0.21,45.38,216.66,0.22,33.07,216.87,0.21,46.12,213.43,0.22,28.84
216.52,1.09,235.76,218.12,0.21,45.64,215.82,0.21,32.65,215.56,0.21,45.67,217.63,0.23,30.99
218.15,1.08,236.27,215.90,0.21,44.64,217.45,0.21,31.53,216.42,0.21,46.25,216.41,0.23,30.64
217.04,1.08,235.09,218.51,0.21,45.68,216.34,0.21,31.25,218.09,0.21,46.39,215.97,0.23,30.27
226.49,1.09,247.38,222.04,0.21,46.67,225.79,0.22,32.77,218.21,0.21,46.68,216.57,0.23,30.62
216.76,1.08,234.08,216.13,0.21,44.46,216.06,0.21,31.59,214.86,0.21,45.53,217.12,0.23,30.73
218.23,1.09,237.54,218.21,0.21,45.81,217.53,0.21,32.43,219.00,0.22,47.10,215.91,0.22,30.78
218.96,1.09,237.57,218.86,0.21,45.63,218.26,0.21,32.35,215.29,0.21,45.52,216.35,0.23,30.57
219.72,1.09,239.12,218.35,0.21,45.55,219.02,0.21,32.63,217.02,0.21,46.36,218.54,0.23,30.99
216.69,1.09,235.21,216.64,0.21,44.95,215.99,0.21,32.52,216.79,0.21,46.08,215.51,0.23,31.01
217.99,1.08,235.99,219.81,0.21,46.20,217.29,0.21,31.98,214.70,0.21,45.32,216.66,0.22,30.79
218.49,1.08,235.12,217.07,0.21,45.08,217.79,0.21,31.76,214.85,0.21,45.44,213.35,0.22,29.15
215.50,1.08,233.49,218.55,0.21,45.63,214.80,0.21,32.27,216.52,0.21,46.16,216.20,0.22,30.04
220.29,1.08,238.16,222.21,0.21,46.50,219.59,0.21,31.76,217.36,0.21,45.11,218.12,0.22,30.65
215.13,1.08,232.28,215.85,0.21,44.40,214.43,0.21,31.19,216.81,0.21,46.18,216.27,0.23,30.10
218.52,1.08,236.69,216.25,0.21,44.84,217.82,0.22,33.02,215.66,0.21,45.73,217.94,0.22,30.78
217.56,1.08,235.68,216.83,0.21,44.96,216.86,0.21,32.88,215.15,0.21,45.57,214.33,0.23,30.25
218.20,1.09,237.70,218.32,0.21,45.64,217.50,0.22,33.37,218.72,0.21,46.81,217.63,0.23,30.85
219.29,1.08,236.60,216.90,0.21,44.84,218.59,0.21,31.98,215.99,0.21,45.85,215.67,0.22,30.06
217.07,1.09,236.26,216.85,0.21,44.93,216.37,0.21,31.06,218.51,0.22,47.07,220.32,0.23,33.04
219.33,1.09,239.08,216.99,0.21,45.22,218.63,0.22,33.69,216.67,0.21,46.28,217.14,0.23,30.51
217.70,1.07,233.56,213.87,0.20,44.02,217.00,0.21,30.55,216.68,0.21,46.04,214.28,0.22,29.06
218.32,1.09,238.51,221.58,0.21,47.11,217.62,0.22,32.90,216.21,0.21,45.96,217.04,0.23,30.67
220.88,1.08,239.25,223.20,0.21,45.39,220.18,0.21,30.81,216.51,0.21,45.88,215.68,0.23,31.32
217.27,1.08,235.68,217.20,0.21,45.01,216.57,0.21,32.47,217.55,0.21,46.64,213.97,0.23,30.04
214.67,1.09,232.92,217.58,0.21,45.21,213.97,0.21,32.69,214.02,0.21,45.03,217.67,0.23,30.76
220.38,1.08,237.24,215.93,0.21,44.68,219.68,0.21,31.47,216.98,0.21,46.42,212.18,0.22,28.97
216.92,1.09,235.60,218.90,0.21,45.69,216.22,0.21,32.40,217.41,0.21,46.35,216.36,0.23,30.43
218.76,1.09,238.00,218.53,0.21,45.48,218.06,0.22,32.62,218.80,0.21,46.85,217.63,0.23,30.62
217.04,1.09,236.31,218.44,0.21,45.60,216.34,0.21,32.11,215.80,0.21,45.76,216.41,0.23,31.08
218.91,1.09,238.53,217.81,0.21,45.57,218.21,0.22,32.94,215.78,0.21,45.96,217.90,0.23,31.12
215.45,1.08,232.30,213.75,0.20,43.46,214.75,0.21,30.75,216.40,0.21,45.49,212.70,0.23,29.59
218.29,1.08,236.60,220.64,0.21,45.23,217.59,0.21,31.50,217.82,0.21,46.62,217.52,0.23,30.65
217.70,1.07,233.80,216.60,0.21,44.96,217.00,0.22,32.90,211.45,0.21,43.98,209.97,0.22,28.09
217.89,1.09,236.51,218.98,0.21,45.78,217.19,0.22,32.63,216.69,0.21,46.26,213.09,0.22,29.80
218.10,1.09,236.92,218.35,0.21,45.37,217.40,0.22,33.02,215.92,0.21,46.04,216.66,0.22,30.40
218.89,1.09,238.52,219.29,0.21,46.12,218.19,0.22,33.06,219.71,0.22,47.46,216.59,0.22,30.44
217.99,1.08,234.72,215.87,0.21,44.38,217.29,0.21,31.59,212.45,0.21,44.67,216.95,0.22,30.06
215.53,1.08,232.41,218.57,0.21,45.67,214.83,0.21,31.29,217.79,0.21,46.30,213.88,0.22,29.35
218.43,1.08,235.43,218.36,0.21,45.62,217.73,0.22,32.61,215.86,0.21,45.80,212.79,0.22,28.35
218.35,1.09,237.01,218.38,0.21,45.85,217.65,0.21,32.10,215.72,0.21,45.31,220.41,0.23,31.53
217.78,1.08,235.96,216.79,0.21,44.90,217.08,0.22,32.83,216.84,0.21,46.37,215.78,0.22,30.38
217.43,1.09,235.96,216.68,0.21,44.96,216.73,0.21,32.98,216.97,0.21,46.14,216.82,0.23,30.68
219.18,1.08,236.93,218.56,0.21,45.79,218.48,0.21,32.43,215.56,0.21,45.72,215.76,0.22,29.87
216.94,1.08,235.21,217.50,0.21,45.31,216.24,0.22,32.74,216.74,0.21,46.26,216.53,0.22,30.75
218.11,1.08,236.15,217.22,0.21,45.28,217.41,0.21,32.61,216.62,0.21,46.26,217.09,0.22,30.57
211.96,1.08,228.45,218.53,0.21,45.83,211.26,0.21,32.67,213.83,0.21,44.92,215.86,0.22,29.73
219.35,1.08,237.73,217.32,0.21,45.01,218.65,0.21,31.74,218.98,0.22,47.18,216.14,0.22,30.80
218.71,1.08,236.99,217.38,0.21,45.35,218.01,0.21,32.34,215.11,0.21,45.42,215.50,0.23,30.32
217.31,1.09,235.79,218.16,0.21,45.65,216.61,0.22,32.89,217.74,0.21,46.49,216.48,0.22,30.58
217.97,1.08,235.35,216.96,0.21,45.06,217.27,0.21,32.34,211.92,0.21,44.36,216.64,0.22,30.45
217.27,1.08,235.40,217.64,0.21,45.12,216.57,0.21,31.73,216.88,0.21,46.19,214.98,0.23,30.06
217.65,1.08,235.54,215.61,0.21,44.30,216.95,0.21,31.60,217.35,0.22,46.60,216.06,0.23,30.57
217.44,1.08,234.83,219.19,0.21,45.78,216.74,0.21,32.34,212.96,0.21,44.65,217.48,0.22,30.43
216.64,1.08,233.30,215.02,0.21,44.29,215.94,0.21,32.02,212.00,0.21,44.34,215.61,0.22,30.24
217.96,1.08,235.78,218.54,0.21,45.73,217.26,0.21,31.81,216.66,0.21,46.16,215.45,0.22,30.02
216.73,1.08,234.16,216.51,0.21,44.93,216.03,0.21,31.03,217.24,0.21,46.63,216.93,0.22,30.78
217.66,1.08,236.04,217.36,0.21,45.17,216.96,0.21,32.66,216.48,0.21,46.00,214.84,0.22,30.30
218.67,1.09,238.43,217.50,0.21,45.37,217.97,0.22,32.81,220.46,0.22,47.69,216.51,0.22,30.46
217.86,1.08,235.34,218.14,0.21,45.13,217.16,0.21,32.43,216.80,0.21,46.02,215.08,0.22,29.62
217.27,1.09,235.84,218.65,0.21,45.82,216.57,0.22,32.99,219.64,0.22,47.29,215.50,0.22,29.24
218.39,1.08,235.66,216.40,0.21,44.92,217.69,0.21,32.46,217.75,0.21,46.53,215.21,0.22,29.30
219.19,1.09,238.00,219.12,0.21,46.29,218.49,0.21,32.60,218.35,0.21,46.91,216.93,0.22,30.58
217.02,1.08,234.08,219.87,0.21,45.79,216.32,0.22,32.81,211.08,0.21,44.11,216.33,0.22,29.79
219.19,1.08,236.72,218.89,0.21,45.96,218.49,0.21,31.32,212.52,0.21,44.40,218.87,0.23,31.01
217.06,1.08,233.52,218.17,0.21,45.56,216.36,0.21,32.46,215.54,0.21,45.66,214.27,0.22,28.52
220.10,1.08,237.57,217.35,0.21,45.39,219.40,0.21,31.41,216.63,0.21,46.31,216.06,0.22,30.58
219.01,1.08,237.30,217.26,0.21,45.30,218.31,0.22,32.52,218.18,0.21,46.76,215.75,0.22,30.08
220.13,1.07,235.66,214.30,0.20,44.09,219.43,0.21,30.64,215.73,0.21,45.78,216.56,0.22,30.21
218.15,1.08,235.79,217.56,0.21,45.08,217.45,0.22,33.76,213.49,0.21,45.05,214.77,0.22,29.66
217.60,1.09,236.51,218.98,0.21,45.92,216.90,0.22,32.86,217.81,0.21,46.67,217.21,0.22,30.88
214.34,1.08,231.42,217.37,0.21,45.07,213.64,0.22,33.28,214.65,0.21,45.15,215.45,0.22,29.92
217.90,1.08,234.38,219.88,0.21,46.05,217.20,0.21,32.36,213.20,0.21,44.31,214.48,0.22,29.34
219.75,1.08,237.57,217.82,0.21,45.27,219.05,0.21,32.40,217.66,0.21,46.59,215.88,0.22,29.54
218.77,1.08,236.54,217.03,0.21,45.04,218.07,0.21,31.78,214.92,0.21,45.56,218.40,0.23,31.11
218.56,1.08,235.59,216.40,0.21,44.57,217.86,0.21,31.36,215.11,0.21,45.62,216.20,0.22,30.43
219.55,1.09,238.74,219.31,0.21,46.14,218.85,0.21,32.22,219.64,0.22,47.36,215.50,0.22,30.20
217.98,1.09,238.34,223.88,0.22,48.32,217.28,0.21,31.62,219.73,0.22,47.44,218.57,0.22,30.50
218.85,1.08,236.66,218.88,0.21,45.81,218.15,0.21,31.80,214.71,0.21,45.46,214.90,0.22,29.86
215.99,1.07,230.38,218.15,0.21,45.32,215.29,0.21,30.69,212.32,0.21,44.61,213.95,0.22,28.76
219.65,1.07,236.09,214.84,0.20,44.14,218.95,0.21,31.92,217.87,0.21,46.59,213.04,0.22,28.56
222.32,1.09,241.34,219.93,0.21,46.12,221.62,0.22,33.17,213.92,0.21,44.91,218.35,0.23,31.06
218.66,1.09,237.93,217.97,0.21,45.28,217.96,0.22,33.23,216.76,0.21,46.12,215.45,0.23,30.26
216.83,1.07,232.82,215.11,0.21,44.16,216.13,0.21,32.22,213.14,0.21,44.82,216.58,0.22,29.85
216.54,1.08,232.87,213.76,0.20,43.62,215.84,0.21,32.22,214.48,0.21,45.11,217.06,0.22,30.80
217.72,1.09,236.64,219.06,0.21,45.78,217.02,0.22,34.41,217.19,0.21,46.10,217.10,0.22,30.42
219.04,1.08,235.92,216.35,0.21,44.62,218.34,0.21,32.58,213.33,0.21,44.62,217.87,0.22,30.00
219.25,1.08,236.81,215.66,0.21,44.51,218.55,0.21,32.04,218.19,0.22,46.88,216.20,0.22,30.16
214.02,1.09,233.15,216.59,0.21,44.90,213.32,0.21,32.63,217.42,0.21,46.68,223.86,0.23,32.91
216.75,1.09,236.10,218.69,0.21,45.71,216.05,0.22,33.14,218.38,0.21,46.80,217.31,0.22,30.60
217.68,1.08,235.08,217.09,0.21,45.01,216.98,0.21,31.72,216.10,0.21,46.11,217.71,0.22,30.68
219.13,1.08,235.79,216.53,0.21,44.90,218.43,0.21,32.17,213.83,0.21,44.98,217.26,0.22,30.32
217.49,1.07,232.95,215.96,0.21,44.49,216.79,0.21,31.79,214.85,0.21,45.17,216.59,0.22,29.21
217.39,1.08,233.84,216.79,0.21,44.90,216.69,0.22,32.73,214.63,0.21,45.13,216.79,0.22,29.16
217.79,1.08,235.55,215.70,0.21,44.40,217.09,0.21,31.76,218.04,0.21,46.72,217.28,0.23,30.66
215.97,1.08,233.69,218.67,0.21,45.54,215.27,0.21,32.59,216.29,0.21,46.12,216.02,0.22,29.62
217.91,1.07,233.78,216.85,0.21,44.78,217.21,0.21,31.61,214.26,0.21,44.91,218.33,0.22,29.83
218.98,1.07,234.95,217.68,0.21,45.07,218.28,0.21,32.47,213.33,0.21,44.81,214.11,0.22,28.21
217.10,1.09,237.00,220.20,0.21,46.30,216.40,0.22,33.02,218.20,0.21,46.82,220.08,0.23,31.38
220.12,1.07,236.17,215.59,0.20,44.19,219.42,0.21,31.82,217.20,0.21,46.30,213.95,0.22,28.18
217.81,1.09,237.23,220.80,0.21,46.57,217.11,0.22,32.74,219.21,0.22,47.24,216.90,0.22,30.24
217.41,1.08,235.54,219.12,0.21,45.81,216.71,0.21,31.85,216.62,0.21,46.07,214.43,0.22,29.56
218.84,1.08,236.51,217.17,0.21,45.35,218.14,0.21,31.55,219.32,0.22,47.17,219.57,0.22,30.49
216.86,1.08,234.42,215.90,0.21,44.60,216.16,0.21,32.35,216.39,0.21,46.02,216.22,0.22,29.52
219.11,1.08,237.28,219.43,0.21,46.12,218.41,0.21,32.60,217.69,0.21,46.90,216.80,0.22,29.80
217.91,1.08,235.96,217.62,0.21,45.24,217.21,0.21,32.79,216.49,0.21,45.94,218.03,0.22,30.67
219.49,1.09,238.90,219.91,0.21,46.42,218.79,0.21,32.02,219.93,0.22,47.41,217.90,0.22,30.32
220.98,1.08,237.65,214.27,0.20,43.91,220.28,0.21,32.22,211.63,0.21,44.30,217.51,0.23,30.79
220.40,1.07,236.40,217.53,0.21,44.87,219.70,0.21,31.48,214.01,0.21,45.20,215.66,0.22,29.58
214.91,1.08,231.21,218.47,0.21,45.62,214.21,0.22,32.97,212.61,0.21,44.82,214.55,0.22,27.68
217.78,1.08,236.07,218.42,0.21,45.57,217.08,0.21,32.48,219.16,0.22,47.24,216.82,0.22,30.18
219.93,1.09,240.14,217.22,0.21,45.24,219.23,0.22,34.05,221.13,0.22,47.98,217.29,0.22,29.43
219.79,1.07,235.78,218.06,0.21,45.39,219.09,0.21,31.66,218.30,0.21,46.82,210.37,0.21,27.89
219.86,1.08,236.94,218.29,0.21,45.58,219.16,0.21,32.56,217.58,0.21,46.60,214.59,0.22,27.62
218.20,1.08,235.95,219.69,0.21,46.01,217.50,0.21,32.22,217.61,0.21,46.53,217.15,0.22,29.72
218.09,1.08,235.16,219.73,0.21,46.18,217.39,0.22,33.21,216.76,0.21,46.08,215.40,0.22,28.69
219.55,1.07,235.05,218.28,0.21,45.33,218.85,0.21,32.49,213.46,0.21,45.04,216.44,0.21,28.58
218.50,1.08,235.14,217.57,0.21,44.99,217.80,0.21,31.51,219.13,0.22,47.20,216.56,0.22,29.38
217.76,1.08,234.72,218.54,0.21,45.69,217.06,0.22,32.88,216.75,0.21,46.10,216.52,0.22,29.51
219.92,1.08,238.52,219.84,0.21,46.11,219.22,0.22,32.80,219.12,0.21,47.03,217.74,0.22,30.04
218.07,1.08,234.50,218.56,0.21,45.45,217.37,0.21,32.39,217.87,0.21,46.40,214.55,0.22,27.73
219.83,1.09,239.18,218.34,0.21,45.55,219.13,0.21,32.08,218.32,0.22,46.99,217.27,0.22,29.61
217.10,1.08,235.41,216.71,0.21,45.03,216.40,0.22,33.23,217.65,0.21,46.59,216.19,0.22,29.26
216.65,1.08,234.77,218.93,0.21,45.73,215.95,0.21,32.65,218.85,0.21,46.93,218.19,0.22,29.58
222.65,1.09,242.01,217.51,0.21,45.41,221.95,0.21,32.05,218.85,0.21,46.88,215.09,0.23,30.03
216.95,1.07,232.96,216.94,0.21,44.77,216.25,0.21,30.98,216.75,0.21,46.28,214.69,0.22,28.00
219.43,1.08,237.73,215.25,0.21,44.49,218.73,0.22,32.84,218.00,0.21,46.50,216.85,0.22,29.42
217.73,1.09,236.40,218.92,0.21,45.92,217.03,0.22,33.04,214.77,0.21,45.39,216.23,0.23,29.77
218.66,1.09,238.02,216.82,0.21,44.95,217.96,0.22,33.24,217.61,0.21,46.71,216.70,0.23,29.96
218.96,1.07,235.31,215.73,0.21,44.25,218.26,0.21,31.79,214.64,0.21,45.35,216.37,0.22,29.29
217.10,1.09,235.79,218.21,0.21,45.35,216.40,0.22,33.50,217.36,0.21,46.35,215.19,0.22,29.47
217.24,1.07,233.06,217.20,0.21,45.05,216.54,0.21,32.65,210.97,0.21,43.81,213.57,0.22,28.01
219.76,1.09,239.56,217.52,0.21,45.44,219.06,0.22,33.02,219.71,0.22,47.34,216.53,0.22,29.83
218.33,1.08,235.00,215.78,0.21,44.41,217.63,0.21,31.72,216.08,0.21,46.16,214.46,0.22,28.91
218.18,1.08,234.63,218.57,0.21,45.87,217.48,0.21,32.34,214.05,0.21,44.95,217.78,0.22,28.89
218.19,1.08,235.01,217.01,0.21,45.01,217.49,0.21,32.44,216.34,0.21,46.11,214.68,0.22,27.86
221.94,1.08,239.37,216.53,0.21,44.56,221.24,0.21,31.87,215.57,0.21,45.84,216.68,0.22,29.74
217.59,1.08,234.86,216.09,0.21,44.68,216.89,0.21,32.64,216.37,0.21,46.01,215.95,0.22,28.62
220.12,1.08,236.91,216.45,0.21,44.61,219.42,0.21,31.81,215.56,0.21,45.40,217.26,0.22,29.72
215.11,1.07,231.01,217.92,0.21,45.45,214.41,0.22,32.84,215.04,0.21,45.40,214.86,0.21,27.29
223.30,1.08,240.14,217.76,0.21,45.59,222.60,0.21,32.04,217.55,0.21,46.45,217.65,0.22,29.55
215.47,1.07,231.04,217.90,0.21,45.04,214.77,0.21,32.86,213.99,0.21,45.00,214.51,0.22,28.01
218.84,1.08,236.87,219.45,0.21,45.88,218.14,0.22,32.48,219.11,0.21,47.02,221.37,0.22,30.18
216.23,1.07,232.13,213.64,0.20,43.49,215.53,0.21,31.81,215.92,0.21,45.90,217.87,0.22,29.95
219.44,1.08,236.75,219.75,0.21,46.02,218.74,0.21,32.15,219.27,0.21,47.11,217.59,0.22,29.52
215.75,1.07,231.00,217.47,0.21,45.13,215.05,0.21,31.89,215.82,0.21,45.68,212.46,0.21,27.18
218.87,1.09,237.54,219.97,0.21,46.22,218.17,0.22,33.33,218.88,0.22,47.14,217.38,0.22,29.60
216.87,1.07,232.79,215.77,0.20,44.17,216.17,0.21,31.98,215.88,0.21,45.78,215.71,0.22,29.37
220.64,1.08,238.52,220.11,0.21,46.11,219.94,0.22,33.18,217.29,0.21,46.39,216.00,0.22,29.19
216.34,1.08,233.69,218.64,0.21,45.61,215.64,0.22,32.52,217.65,0.21,46.49,216.33,0.22,29.01
219.61,1.07,235.23,216.77,0.21,45.08,218.91,0.21,32.47,216.04,0.21,46.00,213.90,0.21,27.57
215.64,1.08,232.24,218.29,0.21,45.47,214.94,0.21,31.99,216.95,0.21,46.29,218.54,0.22,29.52
218.99,1.08,236.20,217.50,0.21,45.20,218.29,0.22,32.48,213.54,0.21,44.73,217.35,0.22,29.27
217.25,1.07,232.63,219.48,0.21,45.64,216.55,0.21,32.07,213.70,0.21,44.81,217.76,0.22,29.00
218.14,1.07,233.00,216.76,0.21,44.75,217.44,0.21,32.61,214.05,0.21,45.04,214.18,0.21,28.24
218.09,1.08,234.57,220.65,0.21,46.43,217.39,0.21,31.62,215.60,0.21,45.75,211.22,0.22,28.10
218.79,1.08,235.62,215.22,0.20,44.15,218.09,0.21,31.74,216.92,0.21,46.20,219.06,0.22,30.68
217.98,1.07,232.29,217.22,0.21,44.82,217.28,0.21,31.95,213.80,0.21,44.87,214.81,0.21,27.97
218.93,1.07,233.75,215.33,0.21,44.44,218.23,0.21,32.24,215.03,0.21,45.41,213.95,0.21,27.89
220.30,1.08,238.40,218.88,0.21,45.64,219.60,0.22,33.06,217.29,0.21,46.46,219.53,0.22,29.90
218.61,1.07,234.04,216.65,0.21,44.88,217.91,0.21,31.94,216.38,0.21,46.11,215.90,0.21,28.40
218.79,1.08,235.87,217.83,0.21,45.34,218.09,0.21,31.28,218.97,0.21,47.04,218.48,0.22,30.25
217.83,1.08,234.61,217.41,0.21,44.95,217.13,0.22,32.49,216.45,0.21,46.02,215.33,0.22,28.89
218.16,1.08,236.17,223.66,0.21,48.00,217.46,0.21,31.70,218.81,0.22,47.03,216.11,0.22,28.29
217.79,1.08,234.83,218.44,0.21,45.36,217.09,0.21,31.34,216.52,0.21,45.98,214.51,0.22,28.58
219.08,1.08,237.29,219.37,0.21,46.32,218.38,0.22,33.57,215.65,0.21,45.71,216.62,0.22,29.09
217.32,1.07,231.92,215.20,0.20,44.04,216.62,0.21,31.73,211.79,0.21,44.20,212.89,0.22,27.95
220.14,1.08,238.63,219.50,0.21,45.96,219.44,0.22,32.31,219.29,0.22,47.20,216.58,0.22,28.58
217.26,1.08,235.00,216.94,0.21,45.19,216.56,0.21,32.10,217.02,0.21,46.36,216.87,0.22,29.72
220.08,1.08,237.30,217.51,0.21,45.08,219.38,0.22,33.53,214.08,0.21,44.93,216.62,0.22,28.76
217.47,1.07,232.79,217.56,0.21,45.13,216.77,0.22,32.89,210.34,0.21,43.45,217.19,0.22,28.62
218.97,1.08,236.52,217.34,0.21,45.05,218.27,0.22,32.88,215.59,0.21,45.62,216.87,0.22,28.87
217.01,1.07,231.78,215.95,0.21,44.30,216.31,0.21,31.63,213.19,0.21,44.57,217.45,0.22,28.80
219.25,1.08,236.54,213.70,0.20,43.47,218.55,0.21,32.32,218.30,0.21,46.74,215.71,0.22,29.01
219.03,1.08,236.91,218.72,0.21,45.64,218.33,0.21,31.89,217.89,0.21,46.57,218.10,0.22,29.29
218.32,1.07,234.63,214.47,0.21,44.14,217.62,0.21,31.77,217.54,0.21,46.52,217.01,0.22,28.18
218.19,1.07,233.95,216.26,0.21,44.58,217.49,0.21,31.83,213.74,0.21,45.10,214.82,0.22,28.20
217.67,1.08,234.62,218.53,0.21,45.64,216.97,0.21,31.99,215.94,0.21,45.81,216.89,0.22,28.57
217.69,1.08,235.42,219.45,0.21,46.05,216.99,0.21,32.41,219.23,0.21,47.21,217.53,0.22,29.80
220.10,1.07,235.35,216.42,0.21,44.50,219.40,0.21,32.14,214.84,0.21,45.07,215.18,0.22,28.20
218.85,1.07,234.58,215.69,0.21,44.26,218.15,0.21,32.21,219.15,0.22,47.16,217.04,0.21,28.75
218.47,1.07,232.78,213.78,0.20,43.38,217.77,0.21,31.95,214.33,0.21,44.81,216.60,0.22,28.65
219.14,1.07,235.38,218.89,0.21,45.87,218.44,0.22,33.53,213.23,0.21,44.63,214.53,0.21,27.48
215.56,1.07,231.08,214.67,0.20,43.96,214.86,0.22,32.42,216.47,0.21,46.05,214.81,0.22,28.37
218.55,1.08,235.15,218.10,0.21,45.27,217.85,0.21,32.60,219.03,0.21,47.10,216.69,0.21,28.76
218.80,1.07,234.63,216.34,0.21,44.66,218.10,0.21,32.30,215.54,0.21,45.66,216.22,0.22,28.53
218.90,1.08,235.53,217.19,0.21,44.90,218.20,0.21,31.36,218.39,0.21,46.92,217.19,0.22,29.50
221.76,1.07,236.77,218.05,0.21,45.29,221.06,0.21,32.94,212.11,0.21,44.44,214.71,0.21,27.68
220.03,1.08,236.56,218.66,0.21,45.62,219.33,0.21,32.46,218.95,0.22,47.13,213.13,0.21,27.49
217.26,1.07,231.92,213.15,0.20,43.57,216.56,0.21,31.85,216.27,0.21,46.06,215.42,0.21,28.69
217.48,1.07,232.79,217.19,0.21,45.01,216.78,0.21,32.38,215.03,0.21,45.27,216.50,0.22,28.12
217.52,1.07,231.76,215.31,0.20,43.90,216.82,0.21,30.79,217.06,0.21,46.11,216.39,0.22,28.51
218.81,1.08,235.29,219.56,0.21,45.96,218.11,0.21,32.23,214.45,0.21,45.38,216.39,0.22,28.16
216.76,1.07,231.40,219.01,0.21,45.61,216.06,0.21,31.81,214.74,0.21,45.48,215.52,0.21,27.99
220.78,1.07,236.58,217.05,0.21,44.82,220.08,0.21,32.01,217.52,0.21,46.33,217.22,0.22,28.79
215.74,1.07,230.51,216.26,0.21,44.61,215.04,0.21,32.21,216.75,0.21,46.20,216.91,0.21,28.39
220.27,1.09,239.17,219.16,0.21,45.91,219.57,0.21,32.33,217.76,0.21,46.58,218.99,0.22,30.67
217.79,1.08,234.23,217.12,0.21,45.02,217.09,0.21,32.44,216.61,0.21,46.06,216.69,0.22,29.25
220.60,1.07,235.94,217.41,0.21,45.29,219.90,0.21,31.58,216.39,0.21,45.78,216.77,0.21,28.18
216.55,1.08,232.94,218.78,0.21,45.54,215.85,0.21,31.87,215.68,0.21,45.69,216.34,0.22,29.05
218.67,1.09,238.28,219.53,0.21,46.10,217.97,0.22,32.37,218.56,0.21,46.75,220.46,0.23,30.89
218.74,1.07,233.23,212.58,0.20,43.15,218.04,0.21,32.07,213.33,0.21,44.89,215.89,0.22,28.18
217.27,1.08,234.26,219.12,0.21,45.56,216.57,0.22,33.71,213.95,0.21,44.87,218.83,0.22,28.85
217.14,1.07,231.60,215.46,0.20,44.02,216.44,0.21,31.15,215.82,0.21,46.00,216.67,0.21,28.44
221.32,1.07,237.90,219.36,0.21,46.12,220.62,0.21,32.17,214.87,0.21,45.40,217.28,0.22,28.10
216.07,1.07,230.73,216.94,0.21,44.75,215.37,0.21,31.79,213.60,0.21,44.67,217.53,0.22,28.67
218.90,1.07,233.74,214.51,0.20,43.68,218.20,0.21,32.65,217.72,0.21,46.38,215.46,0.21,28.09
214.44,1.07,228.81,218.17,0.21,45.27,213.74,0.21,32.28,213.50,0.21,44.75,215.35,0.21,27.68
220.65,1.07,235.63,218.19,0.21,45.59,219.95,0.22,32.74,213.37,0.21,44.62,214.23,0.21,26.91
217.94,1.07,232.27,219.43,0.21,45.84,217.24,0.21,31.11,217.68,0.21,46.32,214.25,0.21,27.14
220.20,1.07,236.29,213.92,0.21,43.90,219.50,0.21,32.82,217.78,0.21,46.75,217.76,0.21,28.57
217.90,1.07,233.46,218.43,0.21,45.31,217.20,0.21,31.33,217.64,0.21,46.82,216.27,0.21,28.70
221.92,1.07,238.39,219.48,0.21,46.03,221.22,0.21,32.06,218.26,0.21,46.85,216.62,0.21,27.92
218.69,1.07,233.41,216.50,0.20,44.48,217.99,0.21,31.05,217.17,0.21,46.23,215.54,0.21,27.93
219.23,1.07,234.88,214.54,0.21,44.31,218.53,0.21,32.21,218.75,0.21,47.08,216.58,0.21,28.48
218.59,1.07,233.71,219.11,0.21,45.68,217.89,0.21,31.27,216.53,0.21,46.07,217.16,0.21,28.59
219.76,1.06,233.84,215.72,0.20,44.33,219.06,0.21,32.54,214.49,0.21,45.25,215.03,0.21,27.47
219.60,1.07,234.07,217.24,0.21,44.75,218.90,0.21,31.36,214.50,0.21,45.37,216.61,0.21,28.56
218.52,1.07,234.90,218.84,0.21,45.49,217.82,0.22,33.53,216.92,0.21,46.29,214.48,0.21,27.83
217.96,1.06,231.46,214.04,0.20,43.59,217.26,0.21,31.69,214.34,0.21,44.96,218.09,0.21,28.75
219.13,1.06,233.08,215.52,0.21,44.13,218.43,0.21,31.54,213.86,0.21,44.95,213.95,0.21,27.57
214.92,1.07,230.80,218.92,0.21,45.51,214.22,0.21,32.71,218.13,0.21,46.69,216.97,0.21,28.53
216.56,1.06,230.44,218.17,0.21,45.30,215.86,0.21,32.65,215.80,0.21,45.78,215.00,0.21,27.09
220.49,1.06,234.81,219.96,0.21,45.92,219.79,0.21,33.25,214.50,0.21,45.28,215.16,0.21,27.19
218.45,1.07,232.93,216.92,0.21,44.93,217.75,0.21,32.06,216.95,0.21,46.28,215.81,0.21,27.43
215.94,1.07,230.35,213.66,0.20,43.61,215.24,0.21,30.98,217.94,0.21,46.51,217.88,0.21,29.10
217.05,1.07,232.00,218.94,0.21,45.63,216.35,0.21,31.94,217.36,0.21,46.38,217.21,0.21,27.97
219.71,1.07,234.23,219.40,0.21,45.76,219.01,0.21,31.56,216.77,0.21,46.13,216.73,0.21,27.89
218.40,1.07,232.96,216.09,0.21,44.42,217.70,0.21,32.01,215.53,0.21,45.72,216.24,0.21,27.99
219.40,1.07,234.34,217.84,0.21,45.22,218.70,0.21,32.07,217.78,0.21,46.33,216.58,0.21,28.58
217.49,1.07,231.86,216.56,0.21,44.67,216.79,0.21,32.53,216.21,0.21,45.72,214.96,0.21,27.81
216.56,1.07,231.32,219.39,0.21,45.65,215.86,0.21,31.78,217.82,0.21,46.39,216.16,0.21,28.06
217.74,1.06,231.54,218.19,0.21,45.23,217.04,0.21,31.86,216.28,0.21,45.84,216.12,0.21,27.04
217.47,1.07,232.06,215.23,0.20,44.14,216.77,0.21,31.97,218.13,0.21,46.68,217.85,0.21,29.03
219.57,1.06,232.72,216.61,0.21,44.43,218.87,0.21,31.59,212.42,0.21,44.55,216.17,0.21,27.46
218.39,1.06,231.31,220.67,0.21,46.26,217.69,0.21,31.89,213.51,0.21,44.73,215.89,0.21,27.42
219.57,1.07,234.75,217.87,0.21,45.07,218.87,0.22,33.18,217.99,0.21,46.48,217.09,0.21,28.51
218.62,1.07,233.56,216.10,0.21,44.40,217.92,0.21,30.70,217.92,0.21,46.64,218.85,0.22,29.97
217.84,1.06,231.60,216.48,0.21,44.56,217.14,0.21,31.80,217.50,0.21,46.48,216.42,0.21,28.23
217.71,1.06,231.65,217.49,0.21,44.98,217.01,0.21,32.89,215.54,0.21,45.52,216.10,0.21,28.02
219.67,1.07,234.21,217.75,0.21,45.21,218.97,0.21,32.13,215.40,0.21,45.72,216.90,0.21,27.99
217.23,1.07,232.78,220.56,0.21,46.31,216.53,0.21,32.53,214.60,0.21,45.07,215.95,0.21,28.26
218.11,1.07,233.19,219.25,0.21,46.22,217.41,0.21,33.07,218.64,0.21,46.89,217.03,0.21,27.87
218.66,1.07,233.44,217.23,0.21,44.72,217.96,0.22,33.16,216.40,0.21,45.89,215.83,0.21,27.83
218.28,1.06,232.01,216.36,0.21,44.36,217.58,0.21,31.29,218.12,0.21,46.77,217.59,0.21,28.47
216.53,1.07,231.26,217.32,0.21,44.99,215.83,0.22,32.83,217.57,0.21,46.30,216.90,0.21,27.81
218.57,1.06,232.51,219.33,0.21,45.65,217.87,0.21,31.91,213.10,0.21,44.66,217.83,0.21,28.04
219.71,1.07,234.41,218.39,0.21,45.39,219.01,0.21,32.56,218.84,0.21,47.00,215.31,0.21,27.67
217.57,1.06,230.00,215.76,0.21,44.44,216.87,0.21,31.56,217.77,0.21,46.40,216.97,0.20,27.61
219.31,1.07,235.08,219.69,0.21,45.75,218.61,0.22,33.33,218.35,0.21,46.63,216.86,0.21,28.30
216.72,1.06,229.60,216.10,0.21,44.32,216.02,0.21,31.25,217.66,0.21,46.48,217.53,0.21,27.74
219.00,1.06,233.22,219.34,0.21,45.76,218.30,0.22,32.79,217.13,0.21,46.22,216.75,0.20,27.43
216.06,1.07,230.49,218.90,0.21,45.57,215.36,0.21,31.63,216.18,0.21,45.81,216.89,0.21,28.24
217.28,1.07,231.68,218.89,0.21,45.60,216.58,0.22,33.46,214.69,0.21,45.16,217.83,0.21,27.59
216.70,1.06,229.51,216.45,0.20,44.32,216.00,0.21,31.01,216.98,0.21,46.31,216.13,0.21,27.89
223.48,1.06,236.31,215.51,0.21,44.08,222.78,0.21,31.20,219.05,0.22,47.04,212.58,0.20,26.54
217.83,1.06,230.60,216.55,0.21,44.67,217.13,0.21,29.92,217.53,0.21,46.31,218.39,0.21,28.01
219.22,1.07,234.75,219.43,0.21,45.70,218.52,0.22,34.68,215.74,0.21,45.75,216.55,0.21,27.41
218.98,1.05,230.92,215.62,0.20,44.05,218.28,0.21,31.01,217.56,0.21,46.49,217.95,0.20,27.70
219.58,1.07,233.95,218.50,0.21,45.57,218.88,0.21,32.24,216.97,0.21,46.18,216.35,0.21,27.88
218.82,1.07,234.30,218.93,0.21,45.52,218.12,0.21,31.48,217.00,0.21,46.27,218.76,0.21,29.47
218.88,1.06,233.05,218.32,0.21,45.66,218.18,0.21,32.94,217.21,0.21,46.32,215.44,0.20,27.15
216.16,1.06,230.15,216.74,0.21,44.80,215.46,0.21,32.77,216.68,0.21,45.91,216.27,0.21,27.52
219.47,1.07,234.47,218.99,0.21,46.03,218.77,0.21,32.59,219.00,0.21,46.62,216.68,0.21,27.97
220.46,1.05,232.52,216.25,0.21,44.71,219.76,0.21,31.53,218.75,0.21,46.59,216.14,0.20,26.75
218.76,1.06,232.40,216.39,0.21,44.66,218.06,0.22,33.27,214.20,0.21,44.97,215.47,0.21,26.80
217.53,1.06,231.40,218.22,0.21,45.41,216.83,0.21,32.27,214.24,0.21,45.31,217.32,0.21,27.53
217.79,1.07,232.23,218.74,0.21,45.68,217.09,0.21,31.83,218.48,0.21,46.63,215.47,0.21,27.41
216.87,1.06,230.32,218.99,0.21,45.50,216.17,0.21,30.95,219.31,0.22,47.16,218.20,0.20,28.05
218.49,1.06,231.98,218.49,0.21,45.22,217.79,0.22,32.47,216.27,0.21,45.72,217.40,0.20,27.66
219.16,1.06,233.32,219.39,0.21,45.86,218.46,0.21,32.05,218.15,0.21,46.81,218.10,0.20,28.33
217.34,1.06,230.15,217.66,0.21,45.22,216.64,0.21,32.90,212.50,0.21,44.33,214.47,0.20,26.83
220.81,1.06,234.50,217.93,0.21,45.05,220.11,0.21,31.32,218.37,0.21,46.92,218.00,0.21,27.86
218.13,1.06,231.36,215.86,0.21,44.82,217.43,0.21,31.60,213.46,0.21,44.76,217.98,0.21,28.09
219.50,1.06,232.55,220.03,0.21,46.00,218.80,0.21,32.60,213.86,0.21,44.97,216.17,0.20,27.17
217.56,1.06,230.90,217.30,0.21,44.91,216.86,0.21,32.16,213.89,0.21,45.01,217.03,0.21,27.78
220.23,1.06,234.11,218.15,0.21,45.55,219.53,0.21,32.70,218.67,0.21,47.02,215.57,0.20,27.07
218.59,1.06,231.54,216.04,0.20,44.46,217.89,0.21,32.09,214.18,0.21,44.98,218.36,0.21,27.76
219.79,1.06,233.78,216.94,0.21,44.73,219.09,0.22,32.97,217.46,0.21,46.13,214.38,0.20,27.31
218.71,1.06,231.96,216.79,0.21,44.54,218.01,0.21,30.66,217.93,0.21,46.69,217.13,0.21,28.41
219.72,1.06,232.97,218.69,0.21,45.60,219.02,0.21,32.03,215.98,0.21,45.70,215.52,0.20,26.53
219.22,1.06,232.10,219.69,0.21,46.40,218.52,0.22,33.35,215.89,0.21,45.82,215.12,0.20,26.16
218.12,1.06,231.00,217.59,0.21,45.23,217.42,0.21,31.44,213.64,0.21,44.91,215.70,0.21,26.94
218.20,1.06,231.62,219.39,0.21,45.87,217.50,0.21,32.49,216.49,0.21,46.12,214.76,0.20,26.31
221.88,1.06,234.31,217.48,0.21,45.09,221.18,0.21,31.63,216.08,0.21,45.79,216.99,0.20,27.12
220.54,1.07,235.69,219.03,0.21,45.57,219.84,0.21,32.61,217.89,0.21,46.54,216.72,0.21,27.77
217.81,1.05,229.64,216.58,0.21,44.48,217.11,0.21,31.60,214.77,0.21,45.11,217.32,0.20,27.39
220.00,1.06,232.23,215.13,0.20,43.93,219.30,0.21,31.17,218.60,0.21,46.79,216.37,0.20,27.46
217.15,1.06,231.15,217.36,0.21,45.22,216.45,0.21,31.98,217.44,0.21,46.41,217.16,0.21,27.49
221.10,1.06,233.55,214.53,0.20,43.82,220.40,0.21,31.26,217.44,0.21,46.42,215.86,0.20,26.87
219.14,1.06,233.04,219.50,0.21,45.64,218.44,0.22,33.47,215.13,0.21,45.47,218.34,0.20,27.52
218.31,1.06,230.64,217.94,0.21,45.15,217.61,0.21,32.85,215.40,0.21,45.58,215.94,0.20,26.90
214.58,1.06,228.09,217.07,0.21,44.80,213.88,0.21,31.50,218.70,0.21,47.00,216.44,0.21,27.19
216.57,1.05,226.52,212.29,0.20,42.86,215.87,0.21,31.64,214.00,0.21,45.08,214.27,0.20,26.28
219.88,1.06,232.89,219.53,0.21,46.09,219.18,0.21,32.03,217.92,0.21,46.71,214.48,0.20,26.11
216.82,1.06,230.70,218.69,0.21,45.43,216.12,0.21,31.81,217.72,0.21,46.26,219.27,0.21,28.07
218.27,1.06,230.75,218.80,0.21,45.55,217.57,0.21,32.94,212.71,0.21,44.74,215.91,0.20,26.79
217.64,1.06,230.47,217.57,0.21,45.04,216.94,0.21,31.99,212.91,0.21,44.45,218.58,0.21,27.78
219.41,1.05,230.92,215.00,0.20,43.99,218.71,0.21,31.91,212.69,0.21,44.68,216.36,0.20,26.08
219.47,1.06,233.10,218.86,0.21,45.74,218.77,0.21,31.90,218.61,0.21,46.72,216.51,0.20,27.58
218.33,1.05,230.21,216.67,0.21,44.62,217.63,0.21,32.59,214.76,0.21,45.25,215.68,0.20,26.67
215.79,1.07,230.58,219.41,0.21,45.88,215.09,0.22,33.25,219.49,0.21,46.39,217.28,0.21,28.22
215.67,1.06,229.24,218.65,0.21,45.45,214.97,0.21,32.90,217.54,0.21,46.30,216.04,0.20,27.18
216.09,1.06,229.50,220.95,0.21,46.18,215.39,0.21,32.56,214.98,0.21,45.22,218.72,0.21,27.91
217.21,1.06,229.21,216.99,0.21,44.86,216.51,0.21,32.29,213.25,0.21,44.41,215.27,0.20,26.82
219.60,1.06,231.90,214.46,0.20,43.66,218.90,0.21,31.65,217.99,0.21,46.61,218.05,0.20,27.72
219.18,1.06,231.79,218.32,0.21,45.39,218.48,0.21,31.30,215.53,0.21,45.46,216.97,0.20,27.40
221.59,1.06,235.85,219.82,0.21,45.96,220.89,0.22,32.56,218.61,0.21,46.84,217.24,0.20,27.10
218.91,1.05,230.65,218.14,0.21,45.33,218.21,0.21,32.22,213.55,0.21,44.79,215.04,0.20,26.38
219.95,1.06,232.38,216.40,0.21,44.43,219.25,0.21,31.25,218.73,0.21,46.96,216.20,0.20,27.11
217.58,1.06,231.02,218.20,0.21,45.31,216.88,0.21,32.08,220.07,0.21,46.83,215.08,0.20,26.90
219.90,1.06,233.16,217.80,0.21,45.32,219.20,0.22,33.04,214.71,0.21,45.34,216.09,0.20,26.95
217.61,1.07,232.05,218.85,0.21,45.84,216.91,0.22,32.94,216.98,0.21,46.68,216.14,0.20,27.30
218.69,1.06,230.87,216.59,0.21,44.65,217.99,0.21,31.22,216.75,0.21,46.33,215.55,0.20,26.91
222.52,1.05,234.06,218.10,0.21,45.16,221.82,0.21,32.38,216.06,0.21,45.86,213.87,0.20,26.00
219.90,1.05,231.53,217.49,0.21,45.19,219.20,0.21,31.11,213.13,0.21,44.78,217.03,0.20,27.05
218.31,1.06,232.25,221.80,0.21,46.58,217.61,0.21,31.72,218.35,0.21,46.55,217.11,0.20,27.84
219.26,1.06,231.60,217.71,0.21,45.01,218.56,0.21,31.92,212.17,0.21,44.18,215.75,0.20,26.90
220.15,1.06,234.45,219.51,0.21,45.96,219.45,0.21,32.93,217.34,0.21,46.47,216.77,0.20,27.49
216.39,1.05,228.08,218.34,0.21,45.23,215.69,0.22,33.20,213.78,0.21,44.66,212.32,0.20,25.66
221.08,1.07,236.13,219.81,0.21,46.04,220.38,0.21,32.36,219.24,0.21,47.12,218.43,0.21,28.05
219.05,1.05,230.88,217.05,0.21,44.79,218.35,0.21,30.76,216.11,0.21,45.90,217.09,0.20,27.52
219.82,1.06,233.17,219.62,0.21,45.92,219.12,0.21,32.50,216.58,0.21,46.09,217.16,0.20,26.83
217.90,1.06,230.89,218.22,0.21,45.25,217.20,0.21,32.96,216.40,0.21,45.78,215.35,0.20,27.14
219.03,1.06,231.40,215.57,0.21,44.23,218.33,0.21,31.74,218.77,0.21,46.93,214.27,0.20,25.92
217.49,1.06,230.62,218.06,0.21,45.32,216.79,0.21,31.69,217.96,0.21,46.52,216.67,0.20,27.02
218.96,1.06,232.36,217.53,0.21,45.06,218.26,0.22,32.27,218.79,0.21,46.90,217.09,0.20,27.11
222.31,1.05,233.79,217.34,0.21,44.95,221.61,0.21,31.09,215.84,0.21,45.66,214.88,0.20,26.12
220.09,1.06,233.57,218.76,0.21,45.65,219.39,0.21,31.54,216.77,0.21,46.14,215.53,0.20,26.91
219.57,1.06,232.40,220.97,0.21,46.07,218.87,0.21,31.50,217.77,0.21,46.40,216.13,0.20,27.38
219.48,1.06,232.70,217.07,0.21,44.93,218.78,0.21,32.68,218.74,0.21,46.95,217.28,0.20,27.26
214.56,1.06,227.90,218.71,0.21,45.56,213.86,0.22,33.51,217.11,0.21,46.08,217.83,0.20,27.54
218.77,1.06,230.80,218.76,0.21,45.36,218.07,0.21,32.84,213.68,0.21,44.64,213.97,0.20,25.82
219.68,1.06,233.71,218.42,0.21,45.46,218.98,0.22,33.13,217.82,0.21,46.56,218.71,0.20,27.85
217.61,1.06,229.72,214.77,0.20,43.81,216.91,0.21,32.12,217.60,0.21,46.36,216.53,0.20,26.93
220.39,1.05,232.02,214.83,0.20,43.84,219.69,0.21,30.70,213.47,0.21,44.89,217.42,0.20,27.65
217.52,1.06,229.67,216.99,0.21,45.02,216.82,0.21,32.36,217.10,0.21,46.35,215.22,0.20,26.25
219.25,1.06,231.76,216.46,0.20,44.41,218.55,0.21,31.35,217.79,0.21,46.50,216.38,0.21,27.21
218.33,1.06,230.56,215.96,0.20,44.10,217.63,0.21,32.04,215.51,0.21,45.76,216.45,0.20,27.37
217.54,1.05,228.77,214.32,0.20,43.55,216.84,0.21,31.72,216.33,0.21,45.86,218.37,0.20,27.26
216.88,1.05,227.97,215.16,0.20,43.96,216.18,0.21,32.01,215.96,0.21,45.54,214.87,0.20,26.41
218.30,1.06,231.19,218.41,0.21,45.41,217.60,0.21,32.82,216.70,0.21,45.98,216.91,0.20,27.02
219.61,1.05,231.15,216.90,0.21,44.89,218.91,0.21,32.29,213.44,0.21,44.51,215.47,0.20,26.53
218.25,1.06,230.40,217.31,0.21,45.23,217.55,0.21,33.05,214.90,0.21,45.02,216.93,0.20,26.84
218.23,1.05,229.91,215.49,0.20,44.09,217.53,0.21,31.33,217.53,0.21,46.46,214.70,0.20,26.42
216.57,1.06,229.15,217.53,0.21,45.08,215.87,0.21,31.65,217.06,0.21,46.14,219.08,0.20,27.21
219.44,1.05,231.31,217.85,0.21,45.19,218.74,0.22,33.44,214.39,0.21,45.21,212.25,0.20,25.37
219.94,1.06,233.28,218.58,0.21,45.27,219.24,0.21,31.96,214.12,0.21,45.35,216.54,0.20,27.54
218.90,1.06,231.56,217.74,0.21,45.11,218.20,0.21,31.23,217.30,0.21,46.36,214.28,0.20,27.11
219.29,1.06,231.70,218.00,0.21,45.07,218.59,0.21,31.95,215.69,0.21,45.57,216.97,0.20,27.23
220.51,1.06,233.14,215.40,0.20,44.23,219.81,0.21,31.01,216.01,0.21,46.00,217.00,0.21,27.17
219.54,1.05,231.38,216.13,0.21,44.35,218.84,0.21,31.28,219.29,0.21,46.97,217.87,0.20,27.42
218.93,1.05,229.77,217.13,0.21,44.94,218.23,0.21,31.75,216.58,0.21,45.75,215.19,0.19,25.87
218.23,1.06,232.02,220.88,0.21,46.27,217.53,0.21,32.16,219.36,0.21,46.92,217.83,0.20,27.45
218.14,1.06,230.97,217.58,0.21,44.89,217.44,0.21,31.87,217.30,0.21,46.27,215.52,0.20,26.85
222.50,1.06,236.50,219.19,0.21,45.85,221.80,0.22,33.67,216.29,0.21,46.10,216.62,0.20,26.88
218.15,1.05,229.87,215.48,0.20,43.97,217.45,0.21,31.79,216.43,0.21,45.71,214.97,0.20,26.49
215.49,1.05,226.79,219.44,0.20,44.05,214.79,0.21,30.94,217.19,0.21,46.28,218.74,0.20,27.52
217.04,1.05,228.11,213.76,0.20,43.28,216.34,0.21,32.31,213.69,0.21,44.79,216.08,0.20,26.66
219.42,1.07,233.89,219.01,0.21,45.52,218.72,0.22,33.27,219.89,0.22,47.30,218.70,0.20,27.56
217.99,1.05,229.96,219.04,0.21,45.42,217.29,0.21,33.02,216.81,0.21,46.09,212.64,0.20,24.92
219.22,1.05,231.01,217.78,0.21,45.14,218.52,0.21,31.50,213.38,0.21,44.50,216.18,0.20,26.99
219.46,1.06,232.27,218.08,0.21,45.11,218.76,0.21,32.16,213.37,0.21,44.79,215.92,0.20,26.89
221.07,1.07,235.75,219.22,0.21,45.72,220.37,0.21,33.11,216.88,0.21,45.96,217.39,0.21,27.69
219.70,1.05,230.13,215.05,0.20,43.86,219.00,0.21,31.47,215.65,0.21,45.66,214.19,0.20,26.30
218.16,1.05,230.02,217.40,0.21,45.20,217.46,0.21,32.22,217.02,0.21,46.16,212.48,0.20,25.18
220.35,1.05,231.57,218.84,0.21,45.29,219.65,0.21,32.29,218.02,0.21,46.37,214.17,0.19,25.17
217.88,1.05,229.28,218.10,0.21,45.06,217.18,0.21,30.80,211.90,0.21,44.24,216.48,0.20,26.71
219.48,1.06,232.30,218.50,0.21,45.35,218.78,0.22,33.10,215.93,0.21,45.86,217.20,0.20,26.78
217.50,1.05,228.89,215.69,0.20,44.21,216.80,0.21,30.76,216.13,0.21,45.82,216.08,0.20,27.00
219.00,1.06,232.78,218.15,0.21,45.36,218.30,0.21,32.40,218.46,0.21,46.66,217.67,0.20,27.38
217.67,1.06,229.70,218.23,0.21,45.01,216.97,0.22,33.44,216.08,0.21,45.80,215.25,0.20,26.18
217.41,1.06,230.28,220.55,0.21,46.38,216.71,0.21,32.48,217.58,0.21,46.47,215.79,0.20,26.59
215.05,1.06,227.62,219.04,0.21,45.43,214.35,0.22,32.58,216.62,0.21,45.96,217.35,0.20,26.64
219.23,1.06,232.48,219.38,0.21,45.68,218.53,0.21,32.03,217.69,0.21,46.39,217.73,0.20,27.20
218.78,1.06,230.86,217.57,0.21,44.89,218.08,0.22,33.48,213.05,0.21,44.64,213.96,0.20,26.19
220.36,1.05,232.07,217.59,0.21,45.06,219.66,0.21,31.25,216.50,0.21,46.10,217.55,0.20,27.08
219.53,1.05,231.09,216.34,0.20,44.27,218.83,0.21,31.31,216.97,0.21,46.02,215.65,0.20,26.59
218.53,1.05,229.96,218.70,0.21,45.49,217.83,0.21,32.30,214.08,0.21,44.92,215.90,0.20,26.45
219.94,1.05,231.99,217.35,0.21,44.66,219.24,0.21,32.52,215.83,0.21,45.71,216.10,0.20,26.53
216.76,1.05,227.32,215.78,0.20,44.06,216.06,0.21,30.85,212.36,0.21,44.47,217.83,0.20,27.36
221.33,1.05,231.97,219.41,0.21,45.79,220.63,0.21,33.00,215.03,0.21,45.59,213.98,0.19,24.77
218.78,1.06,231.43,218.18,0.21,45.19,218.08,0.21,31.61,216.26,0.21,45.79,216.33,0.20,27.41
220.26,1.06,232.57,217.43,0.21,44.91,219.56,0.21,32.12,217.49,0.21,46.39,215.54,0.20,26.88
216.89,1.05,228.64,218.32,0.21,45.36,216.19,0.21,32.77,216.63,0.21,45.83,217.56,0.20,27.25
220.15,1.04,229.70,216.33,0.21,44.39,219.45,0.21,32.47,214.06,0.21,44.91,214.41,0.19,25.21
220.99,1.05,231.79,216.22,0.20,44.18,220.29,0.21,31.71,212.56,0.21,44.32,215.93,0.20,26.79
220.73,1.05,232.26,215.47,0.20,44.08,220.03,0.21,31.42,217.28,0.21,46.33,217.19,0.20,26.73
218.77,1.05,230.42,218.43,0.21,45.42,218.07,0.21,31.28,213.85,0.21,44.82,218.56,0.20,27.05
216.68,1.05,227.50,214.93,0.20,43.92,215.98,0.21,32.42,216.69,0.21,46.16,214.27,0.20,26.25
218.28,1.05,229.38,217.36,0.21,44.96,217.58,0.21,31.36,213.64,0.21,44.96,217.81,0.20,26.71
219.93,1.05,231.65,217.55,0.21,44.89,219.23,0.21,32.63,213.49,0.21,44.82,216.18,0.20,26.30
218.63,1.05,230.10,217.19,0.21,44.70,217.93,0.21,31.14,216.46,0.21,46.05,217.44,0.20,26.76
216.80,1.05,228.42,217.27,0.21,44.85,216.10,0.21,31.99,216.54,0.21,46.01,217.23,0.20,26.36
218.87,1.05,230.31,218.96,0.21,45.55,218.17,0.21,32.44,215.06,0.21,45.31,217.76,0.20,26.69
220.14,1.05,231.53,213.92,0.20,43.49,219.44,0.21,31.10,216.89,0.21,46.15,215.69,0.20,27.08
219.74,1.05,231.69,219.39,0.21,45.65,219.04,0.21,33.05,214.18,0.21,45.06,215.15,0.20,26.33
219.02,1.06,232.11,220.50,0.21,46.23,218.32,0.21,33.10,216.66,0.21,45.90,216.43,0.20,26.60
220.32,1.05,231.95,214.78,0.20,43.83,219.62,0.21,31.90,219.55,0.22,47.10,215.33,0.20,25.98
219.84,1.05,230.32,216.53,0.21,44.39,219.14,0.21,31.79,214.18,0.21,44.96,217.60,0.20,27.09
220.47,1.05,232.38,218.45,0.21,45.26,219.77,0.21,32.83,213.97,0.21,45.03,215.13,0.20,26.00
218.16,1.06,230.65,217.68,0.21,45.04,217.46,0.22,33.41,218.66,0.21,46.62,218.31,0.20,27.12
219.32,1.05,231.15,219.18,0.21,45.50,218.62,0.21,31.43,217.46,0.21,46.16,214.90,0.20,25.91
219.07,1.05,230.91,217.98,0.21,45.17,218.37,0.21,32.45,218.63,0.21,46.76,218.13,0.20,26.60
219.14,1.05,229.78,217.62,0.21,44.98,218.44,0.21,32.23,214.12,0.21,44.77,216.17,0.20,25.80
218.38,1.05,229.95,217.02,0.21,44.94,217.68,0.21,31.34,219.16,0.21,47.14,214.84,0.20,25.78
219.73,1.05,231.15,217.51,0.21,44.81,219.03,0.21,31.46,211.93,0.21,44.28,215.03,0.20,26.33
219.15,1.06,232.67,218.79,0.21,45.56,218.45,0.21,32.58,219.24,0.22,47.25,217.28,0.20,27.03
218.34,1.05,230.03,217.88,0.21,45.17,217.64,0.21,32.28,215.84,0.21,45.79,217.62,0.20,26.86
220.12,1.05,231.18,215.17,0.20,43.88,219.42,0.21,31.17,217.93,0.21,46.47,216.72,0.20,26.11
217.85,1.05,228.34,217.89,0.21,44.78,217.15,0.21,32.04,216.44,0.21,46.20,215.26,0.19,25.94
219.85,1.05,231.76,216.86,0.20,44.16,219.15,0.21,32.20,222.74,0.22,48.54,218.59,0.19,27.00
215.88,1.04,225.35,215.74,0.20,44.08,215.18,0.21,31.73,215.36,0.21,45.01,215.35,0.19,25.85
218.38,1.06,230.92,219.48,0.21,45.98,217.68,0.21,32.05,217.52,0.21,46.24,216.94,0.20,26.88
219.30,1.05,231.28,218.55,0.21,45.33,218.60,0.21,31.95,215.16,0.21,45.41,216.31,0.20,26.91
218.38,1.05,229.37,218.44,0.21,45.13,217.68,0.21,33.23,213.72,0.21,44.63,215.52,0.20,26.17
219.19,1.05,230.34,220.21,0.21,45.84,218.49,0.22,33.50,212.33,0.21,43.99,215.57,0.19,25.40
219.92,1.05,231.47,217.02,0.21,44.80,219.22,0.21,32.80,215.63,0.21,45.43,215.86,0.20,26.36
221.75,1.05,233.37,216.98,0.21,44.45,221.05,0.21,32.15,214.69,0.21,45.09,218.58,0.20,27.29
219.01,1.05,229.86,218.13,0.21,44.98,218.31,0.21,32.95,213.92,0.21,44.74,216.77,0.20,26.41
218.95,1.05,230.31,216.09,0.20,44.20,218.25,0.21,32.17,215.44,0.21,45.30,217.06,0.20,26.87
216.57,1.05,226.86,216.07,0.20,44.17,215.87,0.21,30.68,216.55,0.21,45.98,216.89,0.20,26.46
217.97,1.06,230.95,218.33,0.21,45.27,217.27,0.22,33.58,218.77,0.21,47.07,218.26,0.20,26.61
218.31,1.05,229.59,218.79,0.21,45.36,217.61,0.21,32.67,213.81,0.21,44.39,217.31,0.20,26.45
219.87,1.05,231.42,218.31,0.21,45.41,219.17,0.22,33.45,215.57,0.21,45.41,216.99,0.19,25.63
218.53,1.06,230.75,218.66,0.21,45.36,217.83,0.21,31.91,217.44,0.21,46.27,217.97,0.20,26.69
219.68,1.06,232.48,219.28,0.21,45.84,218.98,0.22,33.22,218.02,0.21,46.40,216.25,0.20,26.37
219.11,1.05,231.08,219.22,0.21,45.69,218.41,0.21,31.99,214.63,0.21,45.17,217.63,0.20,27.08
218.51,1.05,228.91,214.24,0.20,43.80,217.81,0.21,32.13,214.44,0.21,44.88,214.60,0.20,26.13
220.23,1.05,230.74,216.82,0.20,44.34,219.53,0.21,30.87,217.18,0.21,46.34,216.06,0.20,26.11
218.67,1.04,228.50,214.75,0.20,43.59,217.97,0.21,31.12,216.48,0.21,45.85,213.64,0.19,25.28
218.42,1.06,230.63,219.26,0.21,45.54,217.72,0.21,31.71,218.90,0.21,46.86,216.30,0.20,26.29
218.06,1.05,229.26,217.39,0.21,44.93,217.36,0.21,31.20,214.52,0.21,45.17,216.49,0.20,26.69
218.94,1.06,231.21,219.99,0.21,45.75,218.24,0.21,31.89,217.44,0.21,46.22,217.61,0.20,26.72
218.48,1.05,229.68,217.62,0.21,44.87,217.78,0.21,30.57,216.43,0.21,45.96,216.99,0.20,26.56
219.66,1.05,231.40,219.26,0.21,45.50,218.96,0.21,32.62,215.50,0.21,45.67,216.05,0.20,25.73
216.98,1.05,227.68,216.62,0.21,44.62,216.28,0.21,31.80,215.51,0.21,45.22,217.73,0.20,26.40
219.14,1.05,231.16,219.34,0.21,45.59,218.44,0.22,33.17,214.24,0.21,44.80,217.02,0.20,26.24
220.23,1.05,231.03,218.08,0.21,44.92,219.53,0.21,31.64,216.14,0.21,46.09,216.34,0.19,25.82
218.47,1.05,229.40,218.59,0.21,45.22,217.77,0.21,32.19,213.79,0.21,44.92,215.91,0.20,25.52
219.96,1.05,229.90,215.56,0.20,44.01,219.26,0.21,32.51,217.31,0.21,46.00,216.65,0.19,25.47
218.08,1.05,229.77,217.33,0.21,44.94,217.38,0.21,31.95,216.98,0.21,46.03,216.78,0.20,26.44
219.86,1.06,232.30,218.56,0.21,45.46,219.16,0.22,33.74,213.86,0.21,45.02,215.32,0.20,26.24
217.95,1.05,228.21,215.99,0.20,44.10,217.25,0.21,31.61,213.67,0.21,44.66,216.76,0.20,26.43
219.60,1.05,230.94,216.69,0.21,44.40,218.90,0.21,31.09,218.33,0.21,46.70,215.72,0.20,26.34
217.96,1.05,227.99,215.25,0.20,43.79,217.26,0.21,31.52,213.17,0.21,44.53,216.74,0.20,27.43
218.86,1.04,228.34,215.62,0.20,43.97,218.16,0.21,31.81,213.43,0.21,44.90,214.66,0.19,25.30
218.22,1.05,230.00,218.60,0.21,45.24,217.52,0.21,32.20,216.45,0.21,46.22,216.29,0.20,26.46
219.49,1.05,229.72,215.79,0.20,43.96,218.79,0.21,31.05,216.32,0.21,46.07,216.22,0.20,26.29
218.49,1.06,230.55,219.01,0.21,45.66,217.79,0.21,31.13,217.04,0.21,46.19,216.44,0.20,26.90
221.10,1.05,232.55,216.53,0.21,44.71,220.40,0.21,32.81,214.66,0.21,45.17,215.70,0.20,26.15
218.81,1.05,229.99,216.16,0.20,44.10,218.11,0.21,31.15,220.46,0.22,47.49,217.82,0.20,27.06
220.77,1.04,229.95,213.74,0.20,43.13,220.07,0.21,31.09,217.10,0.21,45.89,213.06,0.19,25.18
219.70,1.05,230.28,219.11,0.21,45.78,219.00,0.21,32.09,215.98,0.21,45.72,217.75,0.19,25.85
214.91,1.04,224.28,215.17,0.20,43.80,214.21,0.21,31.77,214.46,0.21,44.87,217.42,0.20,26.55
220.36,1.05,231.80,215.97,0.20,44.02,219.66,0.21,32.72,215.10,0.21,45.35,216.36,0.20,26.63
219.17,1.05,229.23,216.91,0.20,44.34,218.47,0.21,30.72,216.67,0.21,46.07,214.70,0.19,25.64
220.60,1.05,231.35,218.67,0.21,45.22,219.90,0.21,31.66,213.08,0.21,44.59,213.94,0.19,25.15
219.62,1.05,231.00,219.46,0.21,45.81,218.92,0.21,30.83,217.25,0.21,46.01,218.35,0.20,26.55
222.88,1.05,233.79,213.99,0.20,43.55,222.18,0.21,31.35,215.80,0.21,45.48,216.95,0.20,27.55
220.31,1.06,232.60,219.42,0.21,45.56,219.61,0.21,32.79,216.77,0.21,45.88,217.30,0.20,26.42
218.50,1.05,229.10,213.55,0.20,43.28,217.80,0.21,32.10,216.81,0.21,45.81,215.82,0.20,26.27
216.98,1.04,225.93,216.49,0.21,44.50,216.28,0.21,31.53,217.70,0.21,46.32,214.83,0.19,24.81
218.24,1.05,228.70,216.73,0.21,44.77,217.54,0.21,30.88,217.54,0.21,46.28,214.98,0.19,25.75
221.54,1.05,232.89,216.99,0.21,44.80,220.84,0.21,30.99,219.72,0.21,47.15,216.41,0.20,26.29
217.50,1.05,228.16,219.28,0.21,45.52,216.80,0.21,30.75,217.73,0.21,46.43,215.23,0.19,26.11
218.79,1.05,229.61,219.13,0.21,45.45,218.09,0.21,32.11,214.73,0.21,45.24,215.83,0.19,26.11
219.88,1.05,229.93,216.31,0.20,44.32,219.18,0.21,31.03,217.16,0.21,46.11,217.30,0.20,26.77
219.27,1.05,230.29,217.76,0.21,44.83,218.57,0.21,32.74,212.44,0.21,44.19,215.92,0.20,26.65
220.76,1.05,232.14,216.56,0.21,44.38,220.06,0.21,31.19,217.71,0.21,46.58,217.97,0.20,26.39
217.71,1.04,227.36,215.39,0.20,43.68,217.01,0.21,30.92,213.78,0.21,44.73,216.09,0.20,26.29
220.42,1.05,231.23,218.42,0.21,45.53,219.72,0.21,32.18,217.78,0.21,46.38,215.13,0.19,24.81
219.54,1.05,230.30,218.23,0.21,45.20,218.84,0.21,30.58,217.29,0.21,46.13,216.83,0.20,26.47
219.81,1.05,230.94,214.88,0.20,43.79,219.11,0.21,32.31,216.89,0.21,46.37,217.09,0.20,26.41
218.70,1.05,229.84,219.07,0.21,45.35,218.00,0.21,32.23,216.58,0.21,46.15,216.92,0.19,26.07
219.28,1.05,230.79,215.18,0.20,43.99,218.58,0.21,31.29,217.87,0.21,46.15,216.73,0.20,27.32
222.54,1.04,231.71,214.04,0.20,43.15,221.84,0.21,31.10,213.85,0.21,44.78,217.31,0.20,26.72
217.96,1.05,227.90,218.21,0.21,45.24,217.26,0.21,31.53,212.04,0.21,44.20,216.40,0.19,25.83
220.15,1.05,232.11,219.19,0.21,45.67,219.45,0.21,31.66,219.16,0.22,47.04,217.20,0.19,26.36
218.00,1.05,228.80,217.42,0.21,44.74,217.30,0.21,30.96,219.17,0.21,46.90,219.90,0.19,27.01
220.56,1.05,230.74,217.53,0.21,44.70,219.86,0.21,31.32,216.72,0.21,46.01,213.53,0.19,25.08
219.01,1.04,228.31,216.71,0.20,44.11,218.31,0.21,30.85,218.00,0.21,46.44,215.23,0.19,25.55
223.26,1.04,231.72,210.43,0.20,41.77,222.56,0.21,31.65,213.59,0.21,44.74,215.42,0.19,25.83
218.73,1.05,230.44,219.54,0.21,45.73,218.03,0.21,31.89,218.89,0.21,46.88,216.91,0.19,26.30
219.50,1.05,230.06,219.23,0.21,45.45,218.80,0.21,32.21,213.47,0.21,44.68,216.47,0.20,26.88
220.41,1.04,230.12,217.05,0.21,44.51,219.71,0.21,32.67,214.75,0.21,45.20,213.23,0.19,24.75
219.34,1.05,229.97,219.77,0.21,45.73,218.64,0.21,31.29,215.86,0.21,45.47,217.77,0.19,26.17
218.64,1.04,228.40,216.23,0.20,44.05,217.94,0.21,31.25,216.37,0.21,45.78,215.24,0.19,25.68
218.82,1.05,230.02,220.10,0.21,46.10,218.12,0.21,32.79,212.87,0.21,44.37,214.12,0.19,25.68
219.23,1.04,227.98,213.45,0.20,42.99,218.53,0.21,31.95,213.70,0.21,44.50,217.19,0.19,26.34
218.50,1.06,232.06,220.12,0.21,46.07,217.80,0.22,32.99,218.71,0.21,46.74,216.33,0.20,26.60
218.45,1.05,229.86,213.52,0.20,43.28,217.75,0.21,31.99,215.82,0.21,45.66,216.38,0.20,26.97
220.29,1.06,232.56,221.16,0.21,46.28,219.59,0.21,31.79,213.58,0.21,44.42,216.64,0.20,26.18
218.09,1.05,227.92,214.86,0.20,43.92,217.39,0.21,31.53,213.73,0.21,44.48,217.42,0.20,26.33
221.26,1.05,233.00,216.61,0.20,44.10,220.56,0.21,32.33,217.13,0.21,46.09,216.29,0.20,26.29
219.07,1.05,230.93,217.59,0.21,44.74,218.37,0.21,32.23,217.24,0.21,46.22,217.72,0.20,26.72
218.44,1.05,228.98,215.72,0.21,44.21,217.74,0.21,32.24,211.77,0.21,43.88,217.25,0.20,26.03
220.01,1.06,233.57,217.72,0.21,45.15,219.31,0.21,32.74,219.93,0.21,47.18,215.83,0.20,26.32
218.63,1.05,230.23,218.10,0.21,45.21,217.93,0.21,32.48,214.25,0.21,44.76,216.06,0.20,26.46
220.74,1.04,229.83,214.33,0.20,43.19,220.04,0.21,31.73,215.04,0.21,45.05,215.33,0.19,25.66
215.16,1.04,224.58,213.32,0.20,43.38,214.46,0.21,32.24,215.35,0.21,45.26,215.33,0.19,25.30
222.76,1.04,232.23,216.37,0.21,44.42,222.06,0.21,31.45,213.76,0.21,44.53,214.35,0.19,24.90
220.12,1.05,232.15,219.22,0.21,45.66,219.42,0.21,32.13,216.83,0.21,46.10,213.93,0.20,25.36
221.62,1.04,230.81,217.16,0.21,44.84,220.92,0.21,32.26,213.82,0.21,44.95,214.83,0.19,24.72
217.84,1.04,227.35,217.65,0.21,44.97,217.14,0.21,31.98,211.73,0.21,43.74,215.41,0.19,25.40
219.67,1.04,229.22,215.79,0.20,44.29,218.97,0.21,32.02,215.10,0.21,45.04,216.62,0.19,25.28
219.20,1.04,228.94,213.49,0.20,43.22,218.50,0.21,31.56,214.21,0.21,44.68,218.76,0.20,26.63
219.24,1.05,229.19,216.71,0.20,44.29,218.54,0.21,31.75,215.98,0.21,45.43,217.37,0.19,26.63
216.01,1.05,226.40,218.10,0.21,45.21,215.31,0.21,31.59,216.68,0.21,45.69,217.59,0.19,26.23
220.21,1.05,231.59,214.57,0.20,43.72,219.51,0.21,31.08,216.44,0.21,46.04,216.20,0.20,26.36
221.85,1.06,234.45,216.95,0.20,44.44,221.15,0.21,31.67,218.61,0.21,46.71,217.09,0.20,26.42
218.00,1.05,228.09,216.99,0.20,44.21,217.30,0.21,31.81,213.46,0.21,44.68,217.51,0.20,26.03
215.96,1.06,228.36,217.59,0.21,45.11,215.26,0.21,31.56,218.22,0.21,46.44,215.13,0.20,25.96
215.27,1.06,227.73,219.28,0.21,45.46,214.57,0.21,32.68,217.85,0.21,46.64,217.14,0.20,26.41
218.13,1.05,229.14,217.32,0.21,45.09,217.43,0.21,32.53,212.38,0.21,43.77,216.16,0.20,25.98
218.12,1.05,229.86,223.98,0.21,46.40,217.42,0.21,32.71,212.90,0.21,44.39,215.94,0.20,26.04
219.27,1.04,228.53,217.25,0.21,44.57,218.57,0.21,31.62,214.77,0.21,45.06,215.52,0.19,25.52
219.98,1.05,230.42,215.11,0.20,43.63,219.28,0.21,32.31,214.64,0.21,44.94,215.66,0.20,25.81
220.28,1.05,231.62,216.44,0.21,44.33,219.58,0.21,32.42,213.05,0.21,44.04,217.00,0.20,26.31
216.87,1.04,225.29,213.53,0.20,43.15,216.17,0.21,31.57,213.07,0.21,44.20,218.21,0.19,25.60
220.64,1.05,230.80,216.75,0.21,44.49,219.94,0.21,32.09,214.18,0.21,44.66,216.35,0.20,25.77
218.48,1.05,228.38,214.90,0.20,43.72,217.78,0.21,32.51,214.02,0.21,44.41,220.36,0.20,26.40
218.74,1.04,228.08,215.81,0.20,43.95,218.04,0.21,30.87,214.39,0.21,45.29,215.51,0.19,25.56
221.39,1.06,233.72,219.45,0.21,45.73,220.69,0.21,32.12,219.28,0.21,46.83,214.33,0.20,25.13
219.60,1.05,231.12,216.90,0.21,44.68,218.90,0.21,32.26,218.55,0.21,46.99,218.32,0.20,26.38
216.49,1.04,225.74,212.90,0.20,43.11,215.79,0.21,32.45,217.12,0.21,46.00,216.99,0.19,25.91
222.08,1.05,233.12,214.82,0.20,43.66,221.38,0.21,32.72,217.32,0.21,46.08,218.02,0.20,26.37
220.06,1.04,228.65,215.72,0.20,44.07,219.36,0.21,30.95,216.88,0.21,45.90,216.81,0.19,25.85
219.55,1.05,229.74,215.50,0.20,44.01,218.85,0.21,31.44,217.12,0.21,46.17,216.58,0.19,26.11
219.72,1.05,230.05,217.54,0.21,44.83,219.02,0.21,31.72,216.71,0.21,46.06,216.07,0.19,26.44
218.65,1.05,229.05,217.47,0.21,44.65,217.95,0.21,31.70,216.59,0.21,45.98,216.30,0.19,26.22
214.87,1.05,224.72,214.91,0.20,43.87,214.17,0.21,32.48,218.16,0.21,46.32,216.35,0.19,25.80
219.63,1.05,230.12,216.60,0.21,44.40,218.93,0.21,31.66,218.96,0.21,46.79,217.19,0.19,25.94
218.53,1.04,228.31,218.42,0.21,45.23,217.83,0.22,33.14,213.09,0.21,44.53,220.01,0.19,25.31
220.63,1.05,231.54,215.59,0.21,44.48,219.93,0.21,32.96,216.87,0.21,46.17,216.86,0.19,25.77
216.74,1.04,226.04,218.24,0.21,45.34,216.04,0.21,32.79,213.92,0.21,44.64,214.05,0.19,24.98
218.01,1.05,228.02,219.19,0.21,45.45,217.31,0.21,31.88,212.08,0.21,44.01,216.74,0.19,26.36
218.26,1.05,228.95,216.40,0.21,44.48,217.56,0.21,32.31,217.17,0.21,45.97,218.03,0.19,26.99
218.01,1.05,229.42,217.54,0.21,45.04,217.31,0.21,32.14,218.48,0.21,46.54,218.33,0.20,26.47
218.10,1.05,228.12,215.14,0.20,43.95,217.40,0.21,32.91,215.01,0.21,45.13,216.90,0.19,25.96
221.11,1.04,230.50,217.57,0.21,44.54,220.41,0.21,31.84,216.36,0.21,45.37,214.55,0.19,25.01
218.14,1.04,226.77,217.15,0.21,44.99,217.44,0.21,31.80,211.39,0.21,43.76,213.09,0.19,24.59
219.70,1.06,232.49,220.17,0.21,45.96,219.00,0.22,33.05,219.91,0.21,47.11,217.60,0.19,26.12
218.39,1.05,228.77,221.25,0.21,45.89,217.69,0.21,32.46,214.71,0.21,45.28,216.95,0.19,25.87
220.67,1.05,232.21,217.84,0.21,45.27,219.97,0.21,31.43,217.90,0.21,46.61,217.15,0.19,26.01
219.99,1.06,233.28,219.70,0.21,46.14,219.29,0.22,33.29,219.39,0.21,47.23,218.05,0.20,26.69
217.04,1.04,226.12,216.79,0.20,44.20,216.34,0.21,31.72,215.39,0.21,45.26,217.37,0.19,25.69
220.54,1.04,229.70,217.22,0.21,44.91,219.84,0.21,32.40,213.81,0.21,44.52,216.70,0.19,25.45
221.56,1.05,231.63,215.08,0.20,43.74,220.86,0.21,31.92,216.08,0.21,45.71,216.94,0.19,26.21
218.82,1.05,229.95,218.93,0.21,45.43,218.12,0.21,32.76,216.84,0.21,45.96,216.40,0.19,26.06
219.69,1.05,230.06,219.15,0.21,45.75,218.99,0.21,32.77,215.46,0.21,45.32,215.06,0.19,25.11
217.61,1.05,228.62,218.24,0.21,45.21,216.91,0.21,31.52,217.08,0.21,46.27,216.77,0.19,26.00
221.53,1.06,233.93,218.01,0.21,45.37,220.83,0.21,32.00,218.24,0.21,46.59,217.83,0.20,26.22
219.23,1.05,229.74,220.37,0.21,46.13,218.53,0.21,31.40,218.76,0.21,46.66,215.10,0.19,25.29
219.67,1.05,229.99,217.70,0.21,45.06,218.97,0.21,32.06,214.42,0.21,45.30,216.78,0.19,25.87
221.07,1.04,230.20,215.88,0.20,44.30,220.37,0.21,31.54,218.71,0.21,46.93,213.92,0.19,24.90
215.12,1.05,224.95,218.13,0.21,45.23,214.42,0.21,30.95,217.69,0.21,46.31,217.33,0.19,25.73
219.85,1.04,229.69,215.19,0.20,43.98,219.15,0.21,31.16,213.39,0.21,44.83,216.02,0.20,25.76
221.24,1.05,232.46,219.95,0.21,46.00,220.54,0.21,31.52,217.68,0.21,46.36,217.77,0.19,25.73
217.80,1.05,228.19,219.51,0.21,45.94,217.10,0.21,32.59,213.61,0.21,44.76,216.40,0.19,25.97
222.41,1.05,232.59,215.58,0.20,43.98,221.71,0.21,32.51,214.36,0.21,44.74,217.97,0.19,27.10
218.37,1.04,227.43,217.38,0.21,44.98,217.67,0.22,33.28,215.35,0.21,44.76,213.68,0.19,24.20
221.74,1.05,231.86,219.83,0.21,45.67,221.04,0.21,31.88,214.95,0.21,44.92,216.60,0.19,25.65
216.24,1.05,225.98,218.08,0.21,45.01,215.54,0.21,31.38,219.80,0.21,47.20,215.37,0.19,25.03
222.10,1.04,231.39,216.95,0.20,44.30,221.40,0.21,31.38,217.19,0.21,46.38,218.83,0.19,26.05
218.84,1.05,230.49,218.62,0.21,45.32,218.14,0.21,32.22,218.92,0.21,46.81,217.53,0.20,26.56
216.21,1.05,227.49,219.10,0.21,45.55,215.51,0.21,32.88,218.77,0.21,46.75,219.86,0.19,26.66
217.06,1.05,226.91,218.21,0.21,45.11,216.36,0.21,32.37,210.04,0.21,43.62,215.86,0.19,25.66
220.46,1.04,230.23,216.54,0.21,44.51,219.76,0.21,32.38,215.38,0.21,45.19,218.31,0.19,26.49
216.79,1.04,226.23,218.85,0.21,45.32,216.09,0.21,32.17,214.48,0.21,45.00,216.27,0.19,25.27
220.94,1.05,230.91,217.71,0.21,45.00,220.24,0.21,30.85,216.61,0.21,46.01,216.33,0.19,26.12
220.67,1.05,232.31,218.96,0.21,45.71,219.97,0.21,31.98,218.61,0.21,46.82,217.36,0.19,26.06
216.52,1.05,228.08,218.25,0.21,45.23,215.82,0.21,32.06,219.09,0.21,47.06,217.86,0.19,26.36
217.67,1.05,228.59,217.33,0.21,44.89,216.97,0.21,32.30,216.39,0.21,45.89,217.46,0.19,26.50
217.06,1.04,226.69,219.32,0.21,45.70,216.36,0.21,32.32,213.14,0.21,44.19,216.75,0.19,25.77
216.94,1.05,227.54,216.56,0.20,44.27,216.24,0.21,31.61,218.44,0.21,46.78,218.02,0.19,26.27
217.30,1.05,227.28,218.72,0.21,45.40,216.60,0.21,32.08,216.13,0.21,45.77,215.94,0.19,25.91
218.06,1.05,227.96,219.17,0.21,45.48,217.36,0.21,31.68,216.37,0.21,45.92,216.82,0.19,25.57
219.86,1.05,230.59,217.66,0.21,44.72,219.16,0.21,32.33,217.53,0.21,46.42,217.74,0.19,26.30
218.06,1.05,228.82,218.73,0.21,45.53,217.36,0.21,32.51,215.25,0.21,45.25,217.86,0.19,26.15
218.58,1.04,228.28,216.80,0.21,44.90,217.88,0.21,31.87,214.94,0.21,45.15,218.04,0.19,26.32
219.21,1.04,228.68,218.96,0.21,45.49,218.51,0.21,32.91,211.42,0.21,43.61,215.02,0.19,25.34
219.12,1.05,231.06,218.08,0.21,44.93,218.42,0.21,32.96,218.09,0.21,46.63,215.44,0.20,25.84
218.98,1.05,230.83,221.35,0.21,46.20,218.28,0.21,32.29,216.42,0.21,45.67,216.27,0.20,25.43
218.46,1.04,227.85,215.22,0.20,43.92,217.76,0.21,31.25,213.75,0.21,44.98,218.22,0.19,25.64
217.80,1.05,229.06,218.11,0.21,45.13,217.10,0.21,31.02,217.58,0.21,46.06,217.12,0.20,25.95
220.06,1.05,231.11,218.98,0.21,45.66,219.36,0.21,32.66,213.16,0.21,44.94,212.65,0.19,24.15
214.67,1.06,226.66,220.46,0.21,46.10,213.97,0.21,31.75,214.70,0.21,45.13,217.07,0.20,26.46
217.78,1.05,229.25,218.29,0.21,45.44,217.08,0.22,33.15,214.62,0.21,44.80,216.71,0.20,25.75
218.90,1.05,229.63,217.76,0.21,44.93,218.20,0.21,31.95,214.33,0.21,44.83,220.84,0.20,26.44
219.97,1.05,230.39,216.76,0.21,44.43,219.27,0.21,32.11,216.05,0.21,45.86,213.79,0.19,24.61
219.42,1.05,230.67,219.53,0.21,45.76,218.72,0.22,33.02,213.26,0.21,44.78,214.43,0.19,24.92
216.20,1.05,228.00,218.28,0.21,45.16,215.50,0.21,31.67,214.68,0.21,45.11,218.46,0.20,26.71
221.16,1.05,232.10,217.75,0.21,45.07,220.46,0.21,32.07,213.17,0.21,44.49,217.05,0.20,26.10
219.50,1.05,229.64,218.28,0.21,45.25,218.80,0.21,32.16,213.86,0.21,44.66,213.58,0.19,24.50
219.45,1.05,230.83,216.43,0.21,44.42,218.75,0.21,32.76,218.12,0.21,46.73,215.94,0.19,25.56
218.92,1.05,230.87,218.53,0.21,45.33,218.22,0.21,32.60,217.43,0.21,46.26,217.42,0.20,26.13
218.20,1.04,227.69,218.28,0.21,45.19,217.50,0.21,31.94,213.49,0.21,44.71,212.73,0.19,24.57
220.85,1.05,232.20,216.76,0.21,44.72,220.15,0.21,32.13,217.30,0.21,46.08,216.37,0.20,26.10
218.16,1.05,228.25,215.37,0.21,44.30,217.46,0.21,32.16,220.81,0.21,45.96,217.06,0.19,26.09
217.49,1.04,226.40,214.33,0.20,43.53,216.79,0.21,31.68,213.26,0.21,44.30,215.92,0.20,26.36
220.80,1.04,229.65,215.27,0.20,43.56,220.10,0.21,32.82,213.77,0.21,44.49,216.62,0.19,25.77
219.57,1.04,228.58,217.17,0.21,44.66,218.87,0.21,32.03,213.36,0.21,44.39,215.97,0.19,25.81
218.96,1.05,228.84,218.59,0.21,45.24,218.26,0.21,32.32,212.09,0.21,44.10,217.90,0.19,25.82
218.40,1.05,229.34,218.65,0.21,45.41,217.70,0.21,32.45,217.11,0.21,46.07,217.21,0.19,25.84
215.31,1.05,226.50,219.04,0.21,45.48,214.61,0.21,32.66,219.61,0.21,47.03,217.51,0.19,25.98
214.68,1.04,224.19,215.46,0.20,43.77,213.98,0.21,32.01,216.70,0.21,45.96,217.70,0.19,26.11
215.69,1.05,225.75,216.12,0.20,44.10,214.99,0.21,32.28,218.04,0.21,46.45,215.53,0.19,25.80
220.77,1.04,230.21,214.71,0.20,43.46,220.07,0.21,31.59,214.02,0.21,44.92,218.46,0.20,26.12
218.37,1.05,228.47,218.65,0.21,45.16,217.67,0.21,31.24,215.33,0.21,45.41,216.86,0.19,25.66
222.48,1.05,233.18,219.97,0.21,45.96,221.78,0.21,32.64,216.06,0.21,45.65,216.63,0.19,25.66
219.13,1.05,229.41,220.81,0.21,46.25,218.43,0.21,32.16,213.95,0.21,44.65,217.69,0.19,25.93
217.77,1.04,226.67,218.78,0.21,45.20,217.07,0.21,32.59,213.18,0.21,44.28,214.73,0.19,24.54
220.68,1.05,231.70,217.93,0.21,45.18,219.98,0.21,31.21,216.10,0.21,45.58,213.48,0.20,25.37
218.52,1.05,230.08,218.24,0.21,45.28,217.82,0.21,32.74,214.85,0.21,45.43,216.16,0.20,25.85
220.11,1.06,232.55,218.02,0.21,45.02,219.41,0.21,32.71,217.97,0.21,46.43,216.15,0.20,26.34
218.95,1.03,225.82,215.42,0.20,43.81,218.25,0.21,31.41,213.26,0.21,44.42,211.34,0.19,23.43
218.90,0.94,205.23,0.00,0.06,0.00,218.20,0.23,36.26,216.83,0.22,45.16,218.89,0.21,26.52
219.64,0.93,203.61,0.00,0.06,0.00,218.94,0.23,36.45,218.90,0.22,46.57,214.13,0.20,24.12
222.82,0.92,204.56,0.00,0.05,0.00,222.12,0.22,34.30,223.15,0.23,49.68,218.15,0.20,25.99
218.97,0.84,184.73,0.00,0.00,0.00,218.27,0.22,33.83,215.64,0.21,45.01,217.21,0.19,24.49
221.90,0.85,188.15,0.00,0.00,0.00,221.20,0.22,33.72,215.73,0.21,45.27,219.01,0.20,26.36
217.34,0.84,182.59,0.00,0.00,0.00,216.64,0.21,32.24,214.30,0.21,44.64,218.50,0.19,26.11
220.72,0.84,185.38,0.00,0.00,0.00,220.02,0.22,33.04,212.48,0.21,43.84,217.96,0.19,25.76
220.58,0.84,185.64,0.00,0.00,0.00,219.88,0.22,33.47,216.64,0.21,45.82,217.52,0.19,25.24
222.68,0.84,187.17,0.00,0.00,0.00,221.98,0.22,32.81,213.59,0.21,44.54,217.22,0.19,25.55
221.15,0.85,187.33,0.00,0.00,0.00,220.45,0.21,31.96,216.73,0.21,46.39,218.10,0.19,25.98
218.32,0.84,183.55,0.00,0.00,0.00,217.62,0.21,31.55,219.14,0.21,46.97,217.66,0.19,25.73
221.54,0.85,187.40,0.00,0.00,0.00,220.84,0.22,33.21,222.85,0.22,48.49,217.49,0.19,25.42
220.47,0.84,184.59,0.00,0.00,0.00,219.77,0.21,31.48,219.23,0.21,46.96,217.35,0.19,24.95
224.18,0.84,189.00,0.00,0.00,0.00,223.48,0.22,32.26,214.95,0.21,45.28,215.80,0.19,25.76
219.98,0.85,186.05,0.00,0.00,0.00,219.28,0.22,32.67,219.64,0.21,47.03,217.66,0.19,26.09
220.56,0.84,185.47,0.00,0.00,0.00,219.86,0.21,32.31,217.29,0.21,45.97,219.13,0.19,25.93
218.54,0.84,184.35,0.00,0.00,0.00,217.84,0.22,32.79,219.13,0.21,46.69,216.83,0.19,25.28
221.71,0.84,186.83,0.00,0.00,0.00,221.01,0.21,30.65,221.55,0.22,47.66,217.70,0.19,25.87
220.07,0.84,184.59,0.00,0.00,0.00,219.37,0.21,32.65,214.09,0.21,44.90,216.61,0.19,25.72
221.01,0.85,186.80,0.00,0.00,0.00,220.31,0.22,32.46,220.37,0.22,47.21,216.49,0.19,25.37
220.51,0.84,186.25,0.00,0.00,0.00,219.81,0.21,31.81,218.58,0.21,46.44,218.85,0.19,26.22
226.05,0.84,190.15,0.00,0.00,0.00,225.35,0.22,33.31,215.95,0.21,45.46,217.84,0.19,25.67
219.64,0.83,183.09,0.00,0.00,0.00,218.94,0.21,32.75,215.81,0.21,45.37,215.04,0.19,24.40
221.50,0.85,187.20,0.00,0.00,0.00,220.80,0.22,33.08,219.28,0.21,46.82,217.07,0.19,25.61
220.91,0.84,185.63,0.00,0.00,0.00,220.21,0.21,32.24,217.64,0.21,46.45,219.40,0.19,25.95
216.82,0.85,183.34,0.00,0.00,0.00,216.12,0.22,31.78,219.97,0.21,47.07,217.64,0.19,25.69
219.91,0.84,183.88,0.00,0.00,0.00,219.21,0.21,32.56,218.24,0.21,46.51,216.18,0.19,24.29
221.48,0.84,186.44,0.00,0.00,0.00,220.78,0.21,32.12,215.62,0.21,45.13,220.41,0.19,26.24
220.03,0.84,185.82,0.00,0.00,0.00,219.33,0.21,31.40,219.38,0.21,46.94,217.14,0.19,25.75
219.61,0.84,185.47,0.00,0.00,0.00,218.91,0.21,32.17,220.26,0.22,47.49,218.24,0.19,26.03
216.75,0.83,180.71,0.00,0.00,0.00,216.05,0.21,32.43,213.86,0.21,44.60,219.09,0.19,25.37
223.93,0.85,190.26,0.00,0.00,0.00,223.23,0.22,34.07,221.16,0.22,47.60,217.63,0.19,25.92
220.29,0.84,185.31,0.00,0.00,0.00,219.59,0.21,32.68,217.82,0.21,46.29,216.76,0.19,25.84
221.40,0.85,187.13,0.00,0.00,0.00,220.70,0.22,33.48,219.98,0.22,47.29,216.48,0.19,25.53
218.94,0.84,184.67,0.00,0.00,0.00,218.24,0.21,30.59,216.67,0.21,45.92,218.12,0.19,26.69
221.96,0.84,187.06,0.00,0.00,0.00,221.26,0.21,31.33,215.56,0.21,45.46,217.28,0.19,25.80
217.39,0.84,183.00,0.00,0.00,0.00,216.69,0.22,32.71,217.25,0.21,46.16,218.53,0.19,26.00
221.08,0.84,186.31,0.00,0.00,0.00,220.38,0.22,32.83,219.88,0.21,46.87,216.79,0.19,25.48
222.54,0.84,187.62,0.00,0.00,0.00,221.84,0.21,32.41,219.42,0.21,46.35,218.37,0.19,25.87
221.52,0.84,186.18,0.00,0.00,0.00,220.82,0.21,32.62,218.47,0.21,46.57,215.06,0.19,24.52
220.89,0.85,187.20,0.00,0.00,0.00,220.19,0.22,31.76,220.56,0.22,47.44,219.95,0.19,25.90
220.72,0.84,186.26,0.00,0.00,0.00,220.02,0.22,33.20,217.81,0.21,46.48,216.43,0.19,25.46
222.79,0.85,189.24,0.00,0.00,0.00,222.09,0.22,33.47,219.38,0.21,46.98,218.68,0.19,26.29
219.68,0.83,183.40,0.00,0.00,0.00,218.98,0.22,32.25,214.47,0.21,44.76,214.81,0.19,24.73
222.02,0.84,186.98,0.00,0.00,0.00,221.32,0.22,33.68,216.95,0.21,46.02,216.66,0.19,25.56
221.23,0.84,185.37,0.00,0.00,0.00,220.53,0.21,32.44,217.32,0.21,46.20,218.51,0.19,25.35
217.72,0.84,183.12,0.00,0.00,0.00,217.02,0.22,32.42,216.23,0.21,45.50,220.29,0.19,25.74
220.35,0.84,184.40,0.00,0.00,0.00,219.65,0.21,32.33,215.41,0.21,44.83,218.54,0.19,25.66
221.98,0.84,185.98,0.00,0.00,0.00,221.28,0.21,32.60,219.92,0.22,47.22,216.51,0.18,24.39
219.84,0.84,184.83,0.00,0.00,0.00,219.14,0.21,31.20,216.45,0.21,45.81,218.70,0.19,26.04
220.70,0.84,186.45,0.00,0.00,0.00,220.00,0.22,33.00,216.53,0.22,46.32,224.75,0.19,25.69
220.08,0.84,185.01,0.00,0.00,0.00,219.38,0.21,31.97,216.41,0.21,45.81,219.00,0.19,26.06
220.81,0.84,186.11,0.00,0.00,0.00,220.11,0.22,33.57,215.29,0.21,45.31,218.97,0.19,26.18
220.25,0.83,183.61,0.00,0.00,0.00,219.55,0.21,31.65,212.60,0.21,44.05,216.19,0.19,25.44
221.36,0.84,186.13,0.00,0.00,0.00,220.66,0.21,32.57,216.90,0.21,45.59,217.75,0.19,25.70
219.34,0.84,183.66,0.00,0.00,0.00,218.64,0.21,31.70,217.98,0.21,46.24,217.27,0.19,25.32
220.29,0.84,185.48,0.00,0.00,0.00,219.59,0.22,31.43,218.72,0.21,46.74,218.87,0.19,25.82
219.71,0.83,183.39,0.00,0.00,0.00,219.01,0.21,31.36,215.50,0.21,45.27,217.69,0.19,25.86
220.69,0.84,185.82,0.00,0.00,0.00,219.99,0.21,32.59,219.74,0.21,47.06,217.96,0.19,25.78
217.43,0.84,181.73,0.00,0.00,0.00,216.73,0.22,32.97,214.11,0.21,44.65,216.45,0.19,25.08
221.26,0.84,186.02,0.00,0.00,0.00,220.56,0.22,32.21,215.41,0.21,45.29,217.89,0.19,25.70
220.51,0.84,184.42,0.00,0.00,0.00,219.81,0.21,31.42,215.92,0.21,45.27,216.94,0.19,25.83
222.69,0.84,187.72,0.00,0.00,0.00,221.99,0.21,31.37,221.31,0.22,47.84,216.95,0.19,25.65
220.36,0.83,183.73,0.00,0.00,0.00,219.66,0.21,31.38,214.82,0.21,45.11,216.75,0.19,25.32
222.88,0.84,188.07,0.00,0.00,0.00,222.18,0.21,31.23,218.88,0.21,46.82,217.78,0.19,25.81
220.61,0.84,184.43,0.00,0.00,0.00,219.91,0.21,31.28,217.80,0.21,46.28,217.75,0.19,25.61
221.58,0.84,186.80,0.00,0.00,0.00,220.88,0.21,32.38,219.93,0.21,47.14,217.17,0.19,25.72
219.54,0.84,183.38,0.00,0.00,0.00,218.84,0.21,31.43,213.97,0.21,44.67,217.57,0.19,25.89
221.78,0.85,187.45,0.00,0.00,0.00,221.08,0.21,32.17,219.72,0.22,47.21,219.26,0.19,25.90
220.71,0.83,184.00,0.00,0.00,0.00,220.01,0.21,31.91,215.14,0.21,45.18,216.38,0.19,25.36
222.27,0.84,186.50,0.00,0.00,0.00,221.57,0.22,33.12,214.98,0.21,44.85,218.11,0.19,26.36
217.99,0.84,183.08,0.00,0.00,0.00,217.29,0.21,32.54,217.58,0.21,46.18,218.76,0.19,25.93
220.15,0.84,184.33,0.00,0.00,0.00,219.45,0.21,32.89,215.88,0.21,45.43,217.73,0.19,25.49
219.86,0.83,183.36,0.00,0.00,0.00,219.16,0.21,30.51,213.75,0.21,44.86,218.60,0.19,25.82
221.28,0.84,185.94,0.00,0.00,0.00,220.58,0.22,32.54,216.19,0.21,45.77,218.31,0.19,25.82
222.19,0.84,186.56,0.00,0.00,0.00,221.49,0.21,30.48,219.40,0.21,46.91,219.46,0.19,26.01
220.27,0.84,184.96,0.00,0.00,0.00,219.57,0.22,32.74,216.08,0.21,45.90,218.46,0.19,25.56
221.13,0.84,186.58,0.00,0.00,0.00,220.43,0.21,32.05,218.83,0.21,46.80,217.99,0.19,26.20
220.48,0.84,185.69,0.00,0.00,0.00,219.78,0.22,32.88,219.18,0.21,46.88,217.52,0.19,25.57
218.04,0.84,183.72,0.00,0.00,0.00,217.34,0.21,31.16,218.27,0.21,46.50,218.44,0.19,26.24
220.00,0.84,185.13,0.00,0.00,0.00,219.30,0.22,33.45,218.89,0.21,46.87,217.89,0.19,25.52
220.07,0.84,184.90,0.00,0.00,0.00,219.37,0.21,32.22,217.77,0.21,46.35,216.43,0.19,25.85
221.81,0.84,185.38,0.00,0.00,0.00,221.11,0.22,32.54,216.99,0.21,45.76,215.40,0.18,24.34
225.09,0.84,189.64,0.00,0.00,0.00,224.39,0.21,32.42,219.22,0.21,46.79,218.93,0.19,26.19
221.95,0.84,185.65,0.00,0.00,0.00,221.25,0.21,31.08,213.82,0.21,44.99,218.15,0.19,25.40
220.11,0.84,185.23,0.00,0.00,0.00,219.41,0.21,31.15,218.39,0.21,46.53,219.36,0.19,26.29
221.63,0.84,186.36,0.00,0.00,0.00,220.93,0.22,33.11,218.40,0.21,46.66,218.90,0.19,25.94
221.18,0.84,185.44,0.00,0.00,0.00,220.48,0.21,32.26,218.14,0.21,46.37,218.53,0.19,25.72
221.43,0.84,185.90,0.00,0.00,0.00,220.73,0.21,32.22,217.84,0.21,46.56,217.34,0.19,25.58
220.32,0.84,185.33,0.00,0.00,0.00,219.62,0.21,31.41,218.60,0.21,46.29,224.38,0.19,28.42
221.55,0.84,185.69,0.00,0.00,0.00,220.85,0.21,30.89,214.77,0.21,45.19,217.96,0.19,25.44
219.86,0.84,185.05,0.00,0.00,0.00,219.16,0.21,32.24,219.42,0.21,47.18,219.30,0.19,26.38
219.29,0.84,184.44,0.00,0.00,0.00,218.59,0.22,33.11,217.78,0.21,46.41,217.48,0.19,25.49
221.39,0.84,186.13,0.00,0.00,0.00,220.69,0.21,32.34,216.21,0.21,45.60,219.03,0.19,26.27
219.80,0.84,184.65,0.00,0.00,0.00,219.10,0.21,32.74,215.73,0.21,45.34,217.91,0.19,25.71
220.90,0.84,186.34,0.00,0.00,0.00,220.20,0.22,33.16,219.28,0.21,46.81,218.66,0.19,26.19
220.54,0.84,185.25,0.00,0.00,0.00,219.84,0.21,32.43,217.69,0.21,46.40,217.51,0.19,25.62
217.25,0.84,182.94,0.00,0.00,0.00,216.55,0.21,32.27,219.07,0.21,46.73,217.92,0.19,26.24
219.73,0.84,184.74,0.00,0.00,0.00,219.03,0.22,31.81,217.33,0.21,46.00,217.12,0.19,25.22
219.03,0.84,182.99,0.00,0.00,0.00,218.33,0.21,30.08,214.39,0.21,45.04,217.56,0.19,25.75
220.74,0.84,184.88,0.00,0.00,0.00,220.04,0.21,30.77,217.85,0.21,46.10,216.03,0.19,25.53
220.25,0.84,185.65,0.00,0.00,0.00,219.55,0.21,32.05,218.47,0.21,46.50,219.24,0.19,26.07
220.83,0.84,184.64,0.00,0.00,0.00,220.13,0.21,31.87,217.87,0.21,46.45,215.31,0.19,24.90
216.68,0.84,182.58,0.00,0.00,0.00,215.98,0.21,30.52,219.15,0.21,46.88,218.30,0.19,26.40
220.09,0.84,185.18,0.00,0.00,0.00,219.39,0.21,32.03,215.77,0.21,45.66,217.17,0.19,25.83
221.78,0.84,186.56,0.00,0.00,0.00,221.08,0.21,32.78,216.31,0.21,45.77,216.87,0.19,25.60
218.84,0.84,183.95,0.00,0.00,0.00,218.14,0.21,31.40,216.32,0.21,45.94,217.54,0.19,25.85
220.67,0.84,184.94,0.00,0.00,0.00,219.97,0.21,31.96,217.83,0.21,46.44,218.41,0.19,25.92
215.75,0.84,181.37,0.00,0.00,0.00,215.05,0.21,30.89,218.68,0.21,46.45,217.91,0.19,25.57
219.84,0.85,186.34,0.00,0.00,0.00,219.14,0.22,33.74,220.37,0.21,47.36,217.78,0.19,26.18
218.73,0.84,183.06,0.00,0.00,0.00,218.03,0.21,32.02,217.53,0.21,46.06,216.56,0.19,25.65
220.59,0.84,184.59,0.00,0.00,0.00,219.89,0.21,30.80,220.94,0.22,47.68,216.13,0.18,24.26
223.31,0.84,187.47,0.00,0.00,0.00,222.61,0.21,32.49,217.72,0.21,45.98,216.76,0.19,25.70
219.89,0.84,185.77,0.00,0.00,0.00,219.19,0.21,32.50,220.91,0.22,47.56,218.09,0.19,25.89
221.23,0.84,185.27,0.00,0.00,0.00,220.53,0.21,30.17,216.35,0.21,45.75,217.97,0.19,25.89
221.98,0.85,187.63,0.00,0.00,0.00,221.28,0.21,32.59,219.02,0.21,47.03,218.30,0.19,26.21
220.37,0.84,184.98,0.00,0.00,0.00,219.67,0.21,30.85,216.88,0.21,46.03,218.22,0.19,25.88
220.43,0.83,184.03,0.00,0.00,0.00,219.73,0.22,33.12,215.85,0.21,45.48,218.85,0.19,25.31
219.99,0.84,184.10,0.00,0.00,0.00,219.29,0.21,30.24,214.00,0.21,45.13,216.95,0.19,25.72
220.46,0.84,185.12,0.00,0.00,0.00,219.76,0.22,32.70,216.97,0.21,46.00,217.01,0.19,25.40
219.15,0.84,184.28,0.00,0.00,0.00,218.45,0.21,31.60,218.76,0.21,46.56,217.90,0.19,25.71
219.00,0.84,183.73,0.00,0.00,0.00,218.30,0.21,30.69,218.20,0.21,46.39,215.73,0.19,25.51
220.26,0.84,184.10,0.00,0.00,0.00,219.56,0.21,31.84,215.07,0.21,45.35,218.37,0.19,25.81
219.91,0.84,185.15,0.00,0.00,0.00,219.21,0.21,30.78,218.06,0.21,46.43,216.21,0.19,25.92
220.11,0.84,184.39,0.00,0.00,0.00,219.41,0.21,32.29,217.05,0.21,45.62,218.70,0.19,26.12
220.74,0.84,184.98,0.00,0.00,0.00,220.04,0.21,31.84,218.10,0.21,46.44,215.10,0.19,24.46
218.78,0.84,183.47,0.00,0.00,0.00,218.08,0.21,32.10,217.63,0.21,46.09,217.77,0.19,25.80
221.36,0.84,186.11,0.00,0.00,0.00,220.66,0.21,32.43,218.22,0.21,46.33,217.38,0.19,25.31
220.70,0.84,185.11,0.00,0.00,0.00,220.00,0.21,29.80,218.46,0.21,46.49,219.12,0.19,26.39
221.07,0.84,184.63,0.00,0.00,0.00,220.37,0.21,32.44,216.25,0.21,45.67,217.97,0.19,25.59
220.25,0.84,184.01,0.00,0.00,0.00,219.55,0.21,30.52,221.44,0.22,47.70,217.28,0.18,24.70
218.95,0.85,185.52,0.00,0.00,0.00,218.25,0.22,33.21,228.20,0.22,50.40,216.78,0.19,25.32
222.54,0.84,186.58,0.00,0.00,0.00,221.84,0.21,32.11,221.01,0.21,47.35,217.56,0.19,25.52
218.15,0.84,182.28,0.00,0.00,0.00,217.45,0.22,32.64,215.76,0.21,45.32,218.47,0.19,25.42
221.69,0.84,186.06,0.00,0.00,0.00,220.99,0.22,32.90,219.19,0.21,46.85,220.10,0.19,25.91
220.12,0.83,182.96,0.00,0.00,0.00,219.42,0.21,31.93,214.28,0.21,44.87,216.07,0.18,24.94
220.54,0.84,184.85,0.00,0.00,0.00,219.84,0.21,30.63,221.88,0.22,47.93,219.84,0.19,26.29
219.77,0.83,183.39,0.00,0.00,0.00,219.07,0.21,32.24,216.73,0.21,45.74,217.22,0.19,25.52
222.13,0.84,186.35,0.00,0.00,0.00,221.43,0.21,30.97,220.34,0.22,47.55,220.92,0.19,26.71
219.51,0.84,183.68,0.00,0.00,0.00,218.81,0.21,32.68,216.68,0.21,46.06,216.86,0.19,25.40
220.69,0.84,185.21,0.00,0.00,0.00,219.99,0.22,32.67,215.77,0.21,45.27,217.93,0.19,25.84
219.98,0.84,185.56,0.00,0.00,0.00,219.28,0.21,30.86,219.29,0.21,47.03,217.87,0.19,25.83
221.10,0.85,187.03,0.00,0.00,0.00,220.40,0.21,30.89,219.30,0.21,46.91,217.25,0.19,25.61
218.99,0.84,184.40,0.00,0.00,0.00,218.29,0.21,30.74,217.11,0.21,45.90,218.37,0.19,26.18
222.81,0.84,188.17,0.00,0.00,0.00,222.11,0.22,31.96,218.24,0.21,46.42,217.85,0.19,25.60
220.66,0.84,186.40,0.00,0.00,0.00,219.96,0.21,32.44,218.43,0.21,46.20,217.18,0.19,25.63
220.93,0.84,186.23,0.00,0.00,0.00,220.23,0.21,31.28,220.01,0.21,47.25,219.77,0.19,25.42
219.75,0.84,183.99,0.00,0.00,0.00,219.05,0.21,32.17,217.40,0.21,46.25,216.27,0.19,25.20
218.98,0.84,184.92,0.00,0.00,0.00,218.28,0.22,33.35,220.25,0.21,47.20,219.77,0.19,25.98
221.95,0.85,187.93,0.00,0.00,0.00,221.25,0.21,32.08,218.82,0.21,46.69,217.26,0.20,25.59
220.03,0.84,184.37,0.00,0.00,0.00,219.33,0.21,30.83,219.96,0.21,47.05,217.40,0.19,25.38
220.72,0.84,184.98,0.00,0.00,0.00,220.02,0.22,32.66,217.84,0.21,46.37,217.96,0.19,25.42
222.47,0.84,187.25,0.00,0.00,0.00,221.77,0.22,32.86,220.51,0.22,47.37,219.42,0.19,26.05
222.06,0.84,186.24,0.00,0.00,0.00,221.36,0.22,33.60,218.68,0.21,46.62,217.13,0.18,25.22
220.54,0.84,184.60,0.00,0.00,0.00,219.84,0.21,31.68,218.01,0.21,46.39,219.66,0.19,26.24
220.40,0.84,185.20,0.00,0.00,0.00,219.70,0.22,32.97,217.66,0.21,46.34,218.12,0.19,25.81
222.10,0.84,187.57,0.00,0.00,0.00,221.40,0.22,31.42,220.36,0.21,47.32,219.41,0.19,26.63
220.68,0.84,185.39,0.00,0.00,0.00,219.98,0.22,33.64,216.74,0.21,45.62,218.64,0.19,25.82
222.53,0.84,186.42,0.00,0.00,0.00,221.83,0.21,32.26,222.12,0.21,47.64,218.11,0.18,25.42
221.37,0.84,186.08,0.00,0.00,0.00,220.67,0.22,32.86,215.89,0.21,45.48,219.18,0.19,25.94
222.80,0.84,187.32,0.00,0.00,0.00,222.10,0.21,31.98,220.34,0.21,47.26,219.20,0.19,26.06
221.68,0.83,185.02,0.00,0.00,0.00,220.98,0.22,32.57,214.37,0.21,44.83,216.99,0.19,25.23
222.08,0.84,186.42,0.00,0.00,0.00,221.38,0.21,30.78,220.53,0.22,47.56,218.16,0.19,26.33
220.13,0.83,183.54,0.00,0.00,0.00,219.43,0.21,32.24,216.33,0.21,45.76,217.25,0.19,25.14
222.12,0.84,186.04,0.00,0.00,0.00,221.42,0.22,32.80,218.92,0.21,46.47,219.72,0.19,25.98
222.36,0.84,186.95,0.00,0.00,0.00,221.66,0.22,32.79,218.43,0.21,46.51,217.69,0.19,25.74
220.57,0.84,184.41,0.00,0.00,0.00,219.87,0.21,32.19,218.33,0.21,46.70,221.32,0.18,26.14
221.97,0.84,186.09,0.00,0.00,0.00,221.27,0.21,32.46,218.35,0.21,46.27,217.89,0.19,25.62
221.02,0.84,185.46,0.00,0.00,0.00,220.32,0.22,32.84,220.13,0.22,47.36,220.96,0.18,26.20
219.94,0.84,185.35,0.00,0.00,0.00,219.24,0.22,32.08,220.67,0.22,47.35,218.81,0.19,25.68
221.80,0.85,188.34,0.00,0.00,0.00,221.10,0.22,32.49,220.57,0.21,47.46,220.24,0.19,26.81
220.11,0.84,185.40,0.00,0.00,0.00,219.41,0.22,32.83,215.87,0.21,45.19,218.43,0.19,25.70
221.14,0.84,184.76,0.00,0.00,0.00,220.44,0.21,30.55,217.93,0.21,46.58,219.25,0.19,25.56
221.73,0.84,186.76,0.00,0.00,0.00,221.03,0.22,33.50,219.29,0.21,46.94,217.43,0.19,25.35
220.06,0.84,185.87,0.00,0.00,0.00,219.36,0.22,32.86,221.09,0.22,47.64,219.75,0.19,26.01
220.40,0.84,184.99,0.00,0.00,0.00,219.70,0.22,32.85,216.23,0.21,45.46,217.98,0.19,25.39
222.39,0.85,188.68,0.00,0.00,0.00,221.69,0.22,33.05,223.83,0.22,48.89,220.36,0.19,26.43
219.43,0.84,183.54,0.00,0.00,0.00,218.73,0.21,32.45,218.52,0.21,46.75,216.16,0.18,24.96
222.16,0.84,186.19,0.00,0.00,0.00,221.46,0.21,32.23,220.03,0.22,47.52,217.81,0.18,25.67
220.44,0.84,185.18,0.00,0.00,0.00,219.74,0.22,32.90,218.59,0.21,46.51,220.21,0.19,26.11
220.49,0.83,183.06,0.00,0.00,0.00,219.79,0.22,32.55,216.88,0.21,45.76,216.85,0.18,24.92
219.35,0.83,182.79,0.00,0.00,0.00,218.65,0.22,33.11,216.15,0.21,45.48,219.27,0.18,25.78
222.03,0.84,186.63,0.00,0.00,0.00,221.33,0.21,31.65,220.46,0.22,47.54,217.22,0.19,25.46
220.93,0.84,184.58,0.00,0.00,0.00,220.23,0.21,32.63,219.98,0.21,47.47,214.20,0.18,24.46
221.89,0.83,185.11,0.00,0.00,0.00,221.19,0.22,32.78,216.79,0.21,45.66,217.03,0.18,24.91
222.87,0.83,185.86,0.00,0.00,0.00,222.17,0.21,32.75,217.54,0.21,46.02,216.03,0.18,24.59
220.59,0.84,185.68,0.00,0.00,0.00,219.89,0.22,32.10,219.52,0.21,46.99,221.28,0.19,26.80
222.05,0.84,186.10,0.00,0.00,0.00,221.35,0.21,31.21,216.89,0.21,46.10,220.01,0.19,25.92
219.36,0.84,183.22,0.00,0.00,0.00,218.66,0.21,32.13,218.31,0.21,46.61,216.77,0.19,24.56
221.20,0.84,185.40,0.00,0.00,0.00,220.50,0.22,32.80,219.86,0.21,47.06,221.03,0.18,25.99
220.20,0.83,183.70,0.00,0.00,0.00,219.50,0.21,32.13,216.67,0.21,45.61,218.35,0.19,25.38
222.51,0.83,185.22,0.00,0.00,0.00,221.81,0.22,32.83,216.89,0.21,45.83,216.81,0.18,24.56
219.48,0.84,183.68,0.00,0.00,0.00,218.78,0.22,33.21,215.35,0.21,45.14,217.84,0.19,25.78
223.24,0.84,187.61,0.00,0.00,0.00,222.54,0.22,32.57,221.30,0.22,47.54,219.01,0.19,25.85
221.74,0.83,185.06,0.00,0.00,0.00,221.04,0.21,32.38,216.94,0.21,45.76,219.67,0.18,25.84
222.04,0.84,186.24,0.00,0.00,0.00,221.34,0.21,32.38,216.48,0.21,45.47,217.64,0.19,25.88
219.54,0.83,182.94,0.00,0.00,0.00,218.84,0.21,32.10,218.04,0.21,45.88,220.42,0.18,25.84
221.52,0.84,186.07,0.00,0.00,0.00,220.82,0.22,32.90,218.56,0.21,46.65,217.85,0.19,25.52
220.71,0.84,184.60,0.00,0.00,0.00,220.01,0.22,33.41,216.39,0.21,45.33,220.11,0.19,25.86
222.38,0.84,186.99,0.00,0.00,0.00,221.68,0.22,32.06,222.11,0.22,48.16,219.03,0.18,25.39
221.28,0.84,185.10,0.00,0.00,0.00,220.58,0.22,32.75,215.40,0.21,44.93,217.40,0.19,25.78
219.03,0.84,183.12,0.00,0.00,0.00,218.33,0.21,32.43,218.71,0.21,46.57,218.10,0.18,25.45
219.79,0.84,184.81,0.00,0.00,0.00,219.09,0.22,33.74,218.83,0.21,46.73,220.04,0.19,25.74
220.55,0.84,184.41,0.00,0.00,0.00,219.85,0.21,30.36,218.80,0.21,46.73,218.51,0.19,25.81
221.48,0.84,186.06,0.00,0.00,0.00,220.78,0.22,32.48,217.79,0.21,46.27,217.38,0.19,25.66
219.11,0.84,183.09,0.00,0.00,0.00,218.41,0.21,30.32,218.66,0.21,46.63,218.36,0.19,26.09
222.31,0.84,186.07,0.00,0.00,0.00,221.61,0.22,33.81,218.28,0.21,46.61,217.59,0.18,25.22
220.98,0.83,184.44,0.00,0.00,0.00,220.28,0.21,30.67,218.99,0.21,46.76,218.08,0.18,24.85
227.26,0.84,190.55,0.00,0.00,0.00,226.56,0.21,30.97,221.60,0.22,47.82,218.66,0.18,25.21
221.12,0.84,185.58,0.00,0.00,0.00,220.42,0.21,32.04,220.57,0.21,47.50,219.77,0.19,26.12
219.37,0.84,183.48,0.00,0.00,0.00,218.67,0.22,33.28,219.66,0.22,47.19,217.61,0.18,25.00
223.65,0.83,186.67,0.00,0.00,0.00,222.95,0.21,32.05,217.69,0.21,46.16,217.53,0.18,25.69
225.62,0.83,187.92,0.00,0.00,0.00,224.92,0.21,31.27,218.38,0.21,46.49,219.56,0.18,25.38
217.80,0.84,182.98,0.00,0.00,0.00,217.10,0.21,32.81,219.43,0.21,47.17,220.64,0.19,26.76
220.33,0.83,182.73,0.00,0.00,0.00,219.63,0.21,32.99,215.55,0.21,45.03,215.97,0.18,24.25
223.84,0.84,186.99,0.00,0.00,0.00,223.14,0.21,32.14,216.97,0.21,45.74,217.59,0.19,25.56
219.63,0.83,183.39,0.00,0.00,0.00,218.93,0.21,31.14,219.56,0.21,46.95,216.03,0.19,24.85
219.98,0.84,185.14,0.00,0.00,0.00,219.28,0.21,32.03,219.42,0.21,47.24,219.65,0.19,26.79
222.01,0.84,186.68,0.00,0.00,0.00,221.31,0.21,32.42,217.71,0.21,46.23,217.37,0.19,26.13
224.74,0.84,189.65,0.00,0.00,0.00,224.04,0.21,32.58,228.00,0.22,50.43,218.37,0.18,25.66
218.23,0.83,181.84,0.00,0.00,0.00,217.53,0.21,32.60,214.59,0.21,44.80,217.57,0.19,25.68
221.01,0.87,191.53,0.00,0.12,0.00,220.31,0.25,48.54,217.80,0.24,44.82,218.85,0.26,33.47
220.11,0.84,184.84,0.00,0.11,0.00,219.41,0.25,46.61,217.29,0.23,44.82,218.23,0.25,33.20
221.76,0.84,185.89,0.00,0.11,0.00,221.06,0.25,46.59,221.39,0.23,47.90,219.57,0.25,33.44
218.55,0.80,175.15,0.00,0.10,0.00,217.85,0.23,39.36,219.20,0.22,47.15,217.82,0.24,32.68
219.30,0.79,173.99,0.00,0.10,0.00,218.60,0.23,38.35,221.06,0.22,48.10,219.10,0.24,33.68
217.63,0.78,170.59,0.00,0.09,0.00,216.93,0.23,38.27,220.60,0.22,47.83,218.34,0.24,32.93
217.78,0.76,165.90,0.00,0.09,0.00,217.08,0.21,32.51,217.62,0.22,46.80,218.75,0.24,33.16
219.55,0.76,166.50,0.00,0.08,0.00,218.85,0.22,32.93,220.45,0.22,47.78,218.62,0.24,33.14
219.20,0.76,165.92,0.00,0.08,0.00,218.50,0.22,35.24,218.07,0.22,46.75,217.96,0.24,32.76
220.48,0.75,166.37,0.00,0.08,0.00,219.78,0.22,33.97,220.67,0.22,47.65,218.47,0.24,33.11
219.77,0.75,164.32,0.00,0.08,0.00,219.07,0.22,33.58,218.64,0.22,46.97,218.73,0.24,32.95
218.62,0.74,160.73,0.00,0.07,0.00,217.92,0.21,31.96,216.79,0.21,46.27,217.41,0.24,32.41
220.61,0.75,165.37,0.00,0.07,0.00,219.91,0.22,34.99,219.96,0.22,47.58,218.32,0.23,32.58
218.80,0.74,161.47,0.00,0.07,0.00,218.10,0.22,32.68,219.36,0.22,47.24,218.26,0.24,32.81
222.98,0.73,163.80,0.00,0.07,0.00,222.28,0.22,31.94,220.51,0.22,47.68,220.07,0.24,33.48
220.50,0.73,161.76,0.00,0.06,0.00,219.80,0.22,33.01,222.02,0.22,48.47,218.49,0.23,32.57
219.61,0.73,160.90,0.00,0.06,0.00,218.91,0.22,34.17,219.54,0.22,47.18,218.63,0.24,32.76
220.10,0.72,159.32,0.00,0.05,0.00,219.40,0.22,33.14,221.05,0.22,48.02,218.84,0.24,33.07
219.54,0.67,147.31,0.00,0.00,0.00,218.84,0.22,34.02,218.75,0.22,47.15,217.16,0.23,32.55
220.13,0.68,148.92,0.00,0.00,0.00,219.43,0.22,34.34,224.06,0.22,49.44,220.01,0.23,32.85
219.38,0.67,147.12,0.00,0.00,0.00,218.68,0.22,32.99,220.71,0.22,47.81,220.38,0.24,33.18
214.28,0.67,144.43,0.00,0.00,0.00,213.58,0.22,34.36,223.01,0.22,47.95,218.31,0.24,32.60
220.99,0.67,147.25,0.00,0.00,0.00,220.29,0.22,32.36,218.46,0.22,47.07,218.03,0.23,32.23
218.41,0.67,145.64,0.00,0.00,0.00,217.71,0.22,33.38,219.17,0.22,47.21,218.08,0.23,32.30
218.25,0.66,144.21,0.00,0.00,0.00,217.55,0.22,32.51,216.12,0.21,46.01,219.87,0.23,32.45
220.19,0.67,148.14,0.00,0.00,0.00,219.49,0.21,32.24,218.33,0.22,46.87,221.13,0.24,33.46
218.13,0.68,148.66,0.00,0.00,0.00,217.43,0.22,34.65,218.95,0.22,47.15,218.08,0.24,32.88
218.12,0.67,146.60,0.00,0.00,0.00,217.42,0.22,32.13,216.21,0.21,46.04,219.02,0.24,33.27
219.37,0.67,146.86,0.00,0.00,0.00,218.67,0.22,31.67,219.00,0.22,47.09,218.75,0.24,32.20
217.08,0.68,146.61,0.00,0.00,0.00,216.38,0.22,34.39,217.66,0.21,46.48,216.80,0.24,32.23
219.31,0.67,146.62,0.00,0.00,0.00,218.61,0.21,32.22,219.91,0.22,47.49,219.54,0.24,32.17
220.20,0.68,148.88,0.00,0.00,0.00,219.50,0.22,33.53,220.62,0.22,47.77,221.08,0.24,33.29
219.06,0.67,145.76,0.00,0.00,0.00,218.36,0.21,32.17,215.31,0.21,45.81,218.15,0.24,32.19
220.37,0.67,148.09,0.00,0.00,0.00,219.67,0.22,32.91,220.86,0.22,47.84,219.67,0.24,32.80
218.44,0.67,146.26,0.00,0.00,0.00,217.74,0.22,32.75,215.44,0.21,45.54,218.00,0.24,32.28
219.01,0.67,146.33,0.00,0.00,0.00,218.31,0.21,31.30,217.06,0.22,46.42,218.82,0.24,32.83
220.99,0.68,149.92,0.00,0.00,0.00,220.29,0.22,35.40,219.60,0.22,47.37,219.31,0.24,32.53
219.36,0.67,146.39,0.00,0.00,0.00,218.66,0.22,32.68,219.39,0.22,47.30,218.01,0.24,31.53
219.83,0.67,148.27,0.00,0.00,0.00,219.13,0.22,34.41,218.98,0.22,47.31,219.26,0.24,32.41
218.12,0.67,146.75,0.00,0.00,0.00,217.42,0.22,34.11,219.78,0.22,47.62,218.55,0.24,31.80
219.61,0.67,146.67,0.00,0.00,0.00,218.91,0.22,32.82,218.05,0.22,46.81,217.40,0.24,32.30
220.78,0.67,147.93,0.00,0.00,0.00,220.08,0.22,32.91,216.88,0.21,46.26,220.18,0.24,32.93
219.53,0.67,147.70,0.00,0.00,0.00,218.83,0.22,32.70,219.17,0.22,47.22,218.15,0.24,32.65
219.73,0.66,145.76,0.00,0.00,0.00,219.03,0.21,31.99,217.30,0.21,46.44,218.71,0.24,32.31
221.36,0.67,148.07,0.00,0.00,0.00,220.66,0.22,33.64,218.95,0.22,47.07,218.55,0.23,32.01
220.84,0.67,147.51,0.00,0.00,0.00,220.14,0.22,32.84,219.26,0.22,47.53,218.22,0.23,31.86
214.99,0.67,143.67,0.00,0.00,0.00,214.29,0.22,32.70,219.08,0.22,47.18,217.15,0.24,32.03
218.43,0.67,146.31,0.00,0.00,0.00,217.73,0.22,33.79,217.85,0.22,46.80,218.31,0.23,32.06
220.03,0.67,147.56,0.00,0.00,0.00,219.33,0.22,32.81,221.00,0.22,48.15,218.61,0.24,32.44
219.30,0.68,149.04,0.00,0.00,0.00,218.60,0.22,35.48,218.87,0.22,47.29,218.35,0.24,32.58
219.89,0.66,145.19,0.00,0.00,0.00,219.19,0.21,31.41,215.95,0.21,45.76,221.28,0.23,31.92
220.65,0.67,147.47,0.00,0.00,0.00,219.95,0.22,32.43,220.19,0.22,47.87,219.36,0.24,32.22
219.99,0.67,146.97,0.00,0.00,0.00,219.29,0.22,33.52,219.48,0.22,47.72,218.47,0.23,31.74
218.36,0.67,146.16,0.00,0.00,0.00,217.66,0.22,33.48,219.65,0.22,47.55,218.86,0.23,31.99
219.20,0.67,145.79,0.00,0.00,0.00,218.50,0.22,34.19,218.87,0.22,47.29,216.91,0.23,31.69
219.49,0.66,145.25,0.00,0.00,0.00,218.79,0.21,32.05,220.63,0.22,47.79,219.25,0.23,32.52
220.21,0.67,146.71,0.00,0.00,0.00,219.51,0.22,33.42,220.97,0.22,48.04,219.23,0.23,32.07
219.90,0.66,145.75,0.00,0.00,0.00,219.20,0.22,32.83,218.39,0.22,47.10,218.66,0.23,31.94
220.53,0.67,146.96,0.00,0.00,0.00,219.83,0.22,33.03,220.26,0.22,47.73,220.03,0.23,32.53
219.59,0.66,144.52,0.00,0.00,0.00,218.89,0.22,32.85,221.44,0.22,48.17,216.87,0.22,31.24
219.41,0.66,145.07,0.00,0.00,0.00,218.71,0.22,33.23,218.53,0.22,47.07,217.55,0.23,31.51
219.85,0.66,145.57,0.00,0.00,0.00,219.15,0.22,32.48,220.59,0.22,48.02,219.42,0.23,31.89
219.75,0.66,145.27,0.00,0.00,0.00,219.05,0.22,32.48,218.40,0.22,47.02,219.00,0.23,31.83
218.52,0.66,143.83,0.00,0.00,0.00,217.82,0.22,32.00,218.11,0.22,46.99,218.40,0.23,31.50
221.58,0.66,146.42,0.00,0.00,0.00,220.88,0.22,32.55,218.40,0.22,46.96,219.56,0.23,31.90
219.63,0.66,144.70,0.00,0.00,0.00,218.93,0.22,31.99,219.82,0.22,47.50,218.67,0.23,31.41
218.64,0.66,144.61,0.00,0.00,0.00,217.94,0.22,33.28,218.17,0.22,46.84,217.90,0.23,31.90
220.57,0.66,146.29,0.00,0.00,0.00,219.87,0.22,33.42,220.66,0.22,47.67,219.69,0.23,31.96
218.58,0.66,144.73,0.00,0.00,0.00,217.88,0.22,34.02,220.30,0.22,47.74,218.37,0.22,31.41
219.00,0.66,144.65,0.00,0.00,0.00,218.30,0.21,31.49,217.44,0.21,46.52,219.03,0.23,31.89
221.71,0.66,146.94,0.00,0.00,0.00,221.01,0.22,33.87,219.75,0.22,47.50,219.88,0.23,31.80
218.39,0.66,144.59,0.00,0.00,0.00,217.69,0.22,34.28,219.99,0.22,47.57,218.16,0.23,31.24
219.32,0.66,143.70,0.00,0.00,0.00,218.62,0.21,31.50,219.16,0.22,47.42,218.24,0.22,31.27
221.42,0.66,147.18,0.00,0.00,0.00,220.72,0.22,35.00,219.32,0.22,47.36,218.47,0.23,31.15
218.82,0.66,144.64,0.00,0.00,0.00,218.12,0.22,32.60,218.89,0.22,47.19,217.80,0.23,31.18
220.00,0.66,146.16,0.00,0.00,0.00,219.30,0.22,33.37,219.05,0.22,47.27,219.69,0.23,32.08
221.69,0.66,146.18,0.00,0.00,0.00,220.99,0.22,32.59,218.48,0.22,46.95,218.60,0.23,31.83
218.25,0.65,141.86,0.00,0.00,0.00,217.55,0.22,32.59,213.15,0.21,44.78,217.22,0.22,30.61
220.74,0.65,143.72,0.00,0.00,0.00,220.04,0.21,31.34,214.62,0.21,45.32,216.60,0.23,31.36
220.15,0.66,146.11,0.00,0.00,0.00,219.45,0.22,33.19,218.89,0.22,47.43,219.89,0.23,31.75
217.66,0.66,143.17,0.00,0.00,0.00,216.96,0.22,32.33,215.29,0.21,45.86,222.81,0.23,32.63
220.29,0.65,144.27,0.00,0.00,0.00,219.59,0.21,31.76,219.65,0.22,47.49,218.47,0.22,31.45
220.51,0.67,147.15,0.00,0.00,0.00,219.81,0.22,34.30,220.95,0.22,47.96,219.15,0.23,31.99
218.30,0.65,142.66,0.00,0.00,0.00,217.60,0.21,31.57,218.33,0.22,47.10,217.33,0.22,30.94
220.36,0.66,145.72,0.00,0.00,0.00,219.66,0.22,33.15,216.22,0.21,46.27,219.51,0.23,31.90
220.08,0.66,144.50,0.00,0.00,0.00,219.38,0.22,32.32,216.06,0.21,46.33,217.74,0.22,31.05
221.23,0.66,146.11,0.00,0.00,0.00,220.53,0.22,33.13,219.00,0.22,47.31,217.77,0.23,31.59
220.39,0.66,145.79,0.00,0.00,0.00,219.69,0.22,32.62,220.83,0.22,48.15,219.33,0.23,32.04
219.40,0.66,144.87,0.00,0.00,0.00,218.70,0.22,32.28,220.55,0.22,47.87,219.21,0.22,31.29
220.32,0.65,143.98,0.00,0.00,0.00,219.62,0.21,31.63,220.31,0.22,47.60,219.69,0.22,31.37
224.04,0.67,149.14,0.00,0.00,0.00,223.34,0.22,35.19,222.83,0.22,48.40,219.36,0.22,31.29
217.35,0.66,143.22,0.00,0.00,0.00,216.65,0.22,32.61,220.90,0.22,48.21,218.65,0.23,31.08
220.44,0.66,144.79,0.00,0.00,0.00,219.74,0.22,32.39,218.78,0.22,47.05,219.22,0.23,31.43
220.35,0.67,146.56,0.00,0.00,0.00,219.65,0.22,34.70,221.17,0.22,48.24,219.12,0.23,31.11
220.52,0.66,145.77,0.00,0.00,0.00,219.82,0.22,32.90,219.20,0.22,47.33,218.99,0.23,31.45
221.43,0.66,146.61,0.00,0.00,0.00,220.73,0.22,32.17,220.20,0.22,48.12,220.28,0.23,32.08
218.71,0.66,145.20,0.00,0.00,0.00,218.01,0.22,34.36,219.59,0.22,47.65,217.56,0.23,31.16
221.08,0.66,145.28,0.00,0.00,0.00,220.38,0.21,31.91,219.43,0.22,47.58,219.51,0.23,31.62
221.62,0.66,145.84,0.00,0.00,0.00,220.92,0.22,33.17,220.34,0.22,47.74,219.09,0.22,31.18
220.48,0.66,146.54,0.00,0.00,0.00,219.78,0.22,33.62,220.03,0.22,47.78,223.06,0.23,32.66
219.13,0.66,145.42,0.00,0.00,0.00,218.43,0.22,34.19,220.00,0.22,47.61,219.45,0.23,31.51
219.90,0.66,145.06,0.00,0.00,0.00,219.20,0.22,33.23,219.36,0.22,47.42,216.41,0.22,31.00
221.91,0.66,146.53,0.00,0.00,0.00,221.21,0.22,33.08,220.36,0.22,48.03,218.32,0.23,31.35
225.35,0.66,148.49,0.00,0.00,0.00,224.65,0.22,31.83,219.60,0.22,47.40,218.83,0.23,31.41
221.49,0.66,146.66,0.00,0.00,0.00,220.79,0.22,34.43,217.63,0.22,46.82,219.09,0.23,31.17
220.44,0.66,145.03,0.00,0.00,0.00,219.74,0.22,32.21,218.08,0.21,46.95,219.61,0.23,31.68
219.72,0.66,144.95,0.00,0.00,0.00,219.02,0.22,33.15,220.36,0.22,48.04,219.43,0.22,31.53
219.31,0.66,144.19,0.00,0.00,0.00,218.61,0.22,32.66,219.47,0.22,47.69,218.70,0.22,31.26
220.42,0.66,145.46,0.00,0.00,0.00,219.72,0.22,33.02,220.79,0.22,48.03,219.85,0.23,31.30
217.90,0.66,143.58,0.00,0.00,0.00,217.20,0.22,33.27,220.38,0.22,47.77,216.66,0.22,30.39
221.39,0.66,146.59,0.00,0.00,0.00,220.69,0.22,34.04,218.14,0.22,46.82,219.90,0.23,31.54
219.98,0.67,146.74,0.00,0.00,0.00,219.28,0.22,34.97,220.75,0.22,48.05,219.42,0.23,31.42
218.10,0.66,143.43,0.00,0.00,0.00,217.40,0.22,33.26,217.96,0.22,46.86,218.46,0.22,30.83
222.49,0.66,147.18,0.00,0.00,0.00,221.79,0.21,32.10,220.81,0.22,47.98,219.54,0.23,31.83
221.33,0.67,147.56,0.00,0.00,0.00,220.63,0.22,33.69,219.13,0.22,47.35,219.66,0.23,31.30
220.95,0.66,145.73,0.00,0.00,0.00,220.25,0.22,32.63,217.97,0.22,46.85,218.52,0.23,30.93
218.49,0.66,145.15,0.00,0.00,0.00,217.79,0.22,33.08,220.96,0.22,47.80,220.18,0.23,31.32
219.83,0.67,146.83,0.00,0.00,0.00,219.13,0.22,34.73,218.91,0.22,47.23,217.88,0.23,30.95
219.86,0.66,145.14,0.00,0.00,0.00,219.16,0.21,31.42,215.75,0.21,46.02,219.46,0.23,31.70
222.07,0.66,147.17,0.00,0.00,0.00,221.37,0.22,32.34,221.09,0.22,48.26,218.74,0.23,31.49
220.17,0.66,144.84,0.00,0.00,0.00,219.47,0.21,31.33,219.31,0.22,47.62,217.05,0.23,30.67
219.32,0.66,145.65,0.00,0.00,0.00,218.62,0.22,32.71,216.67,0.21,46.38,219.94,0.23,31.90
221.15,0.66,146.91,0.00,0.00,0.00,220.45,0.22,33.35,220.25,0.22,47.89,216.75,0.23,30.53
220.09,0.66,145.96,0.00,0.00,0.00,219.39,0.22,32.59,218.73,0.22,47.29,218.94,0.23,31.62
221.19,0.67,147.46,0.00,0.00,0.00,220.49,0.22,34.16,221.47,0.22,48.19,219.94,0.23,31.28
219.27,0.67,146.95,0.00,0.00,0.00,218.57,0.22,33.03,222.06,0.22,48.63,218.48,0.23,31.17
219.71,0.66,144.92,0.00,0.00,0.00,219.01,0.22,32.31,219.20,0.22,47.45,220.29,0.23,31.68
221.12,0.66,145.86,0.00,0.00,0.00,220.42,0.22,33.26,217.50,0.21,46.49,219.31,0.23,31.04
218.18,0.66,145.03,0.00,0.00,0.00,217.48,0.22,34.83,218.32,0.22,47.15,215.90,0.23,29.87
222.48,0.66,146.29,0.00,0.00,0.00,221.78,0.22,32.56,216.02,0.21,46.19,220.49,0.23,31.33
218.62,0.66,143.75,0.00,0.00,0.00,217.92,0.21,32.21,218.97,0.22,47.22,217.50,0.23,30.85
221.20,0.66,145.21,0.00,0.00,0.00,220.50,0.21,32.07,219.63,0.22,47.43,219.60,0.23,31.84
218.22,0.66,144.12,0.00,0.00,0.00,217.52,0.22,33.83,218.69,0.22,47.15,220.80,0.23,31.48
218.17,0.66,143.35,0.00,0.00,0.00,217.47,0.21,32.38,219.48,0.22,47.47,219.20,0.23,31.37
219.84,0.67,146.32,0.00,0.00,0.00,219.14,0.22,34.85,221.09,0.22,48.30,220.08,0.22,31.12
215.90,0.65,141.34,0.00,0.00,0.00,215.20,0.22,32.45,217.99,0.22,46.93,217.92,0.22,30.59
221.72,0.66,145.83,0.00,0.00,0.00,221.02,0.21,32.34,220.82,0.22,47.88,218.97,0.23,31.63
220.81,0.66,145.17,0.00,0.00,0.00,220.11,0.22,33.15,220.80,0.22,47.95,218.00,0.22,30.75
220.46,0.66,144.97,0.00,0.00,0.00,219.76,0.22,32.52,220.81,0.22,47.66,218.65,0.23,31.16
220.05,0.66,144.39,0.00,0.00,0.00,219.35,0.21,31.82,219.87,0.22,47.82,219.82,0.22,31.30
219.75,0.66,144.77,0.00,0.00,0.00,219.05,0.22,33.32,220.00,0.22,47.61,219.11,0.22,30.91
218.44,0.66,143.67,0.00,0.00,0.00,217.74,0.22,33.98,218.37,0.22,47.12,218.67,0.22,30.97
219.62,0.66,145.91,0.00,0.00,0.00,218.92,0.22,34.67,221.25,0.22,48.05,220.24,0.22,31.22
219.50,0.65,143.64,0.00,0.00,0.00,218.80,0.22,32.57,219.72,0.22,47.45,216.96,0.22,30.47
220.92,0.66,144.89,0.00,0.00,0.00,220.22,0.22,32.69,219.67,0.22,47.65,218.76,0.22,31.16
219.76,0.65,143.72,0.00,0.00,0.00,219.06,0.22,32.77,217.40,0.21,46.57,218.89,0.22,30.81
220.32,0.66,145.36,0.00,0.00,0.00,219.62,0.22,33.43,219.80,0.22,47.87,218.83,0.22,31.13
220.87,0.66,145.84,0.00,0.00,0.00,220.17,0.22,33.52,221.52,0.22,48.48,219.05,0.22,30.81
219.36,0.66,143.91,0.00,0.00,0.00,218.66,0.21,32.48,218.48,0.22,47.21,218.72,0.22,31.04
220.14,0.65,143.56,0.00,0.00,0.00,219.44,0.22,32.72,217.70,0.21,46.67,219.70,0.22,30.36
220.24,0.65,144.10,0.00,0.00,0.00,219.54,0.22,32.39,218.64,0.22,47.30,219.46,0.22,30.86
220.17,0.66,144.31,0.00,0.00,0.00,219.47,0.22,32.72,220.18,0.22,47.89,218.86,0.22,31.02
219.56,0.66,144.56,0.00,0.00,0.00,218.86,0.22,33.00,218.97,0.22,47.14,219.72,0.23,31.29
218.41,0.65,142.57,0.00,0.00,0.00,217.71,0.21,32.25,217.31,0.21,46.45,218.98,0.22,30.64
221.04,0.66,145.13,0.00,0.00,0.00,220.34,0.22,32.28,219.71,0.22,47.70,220.64,0.22,31.05
219.94,0.65,143.88,0.00,0.00,0.00,219.24,0.22,32.85,220.81,0.22,47.84,217.89,0.22,29.99
220.04,0.66,145.79,0.00,0.00,0.00,219.34,0.22,34.10,220.48,0.22,47.85,221.12,0.22,31.53
220.83,0.66,145.82,0.00,0.00,0.00,220.13,0.22,33.28,220.13,0.22,47.60,219.26,0.22,30.91
220.69,0.65,143.88,0.00,0.00,0.00,219.99,0.22,32.69,216.93,0.21,46.38,219.77,0.22,30.72
221.82,0.66,146.39,0.00,0.00,0.00,221.12,0.22,33.25,220.34,0.22,47.91,220.41,0.23,31.33
220.40,0.66,144.39,0.00,0.00,0.00,219.70,0.22,33.08,219.21,0.22,47.56,219.34,0.22,30.82
219.98,0.67,146.46,0.00,0.00,0.00,219.28,0.22,34.35,220.68,0.22,47.98,221.89,0.23,31.67
219.96,0.65,143.85,0.00,0.00,0.00,219.26,0.22,33.19,217.53,0.21,46.64,219.04,0.22,30.22
220.98,0.65,144.66,0.00,0.00,0.00,220.28,0.22,32.70,220.16,0.22,47.70,219.10,0.22,30.72
221.20,0.65,144.75,0.00,0.00,0.00,220.50,0.21,32.41,220.22,0.22,47.83,220.48,0.22,31.28
219.73,0.65,143.26,0.00,0.00,0.00,219.03,0.22,32.76,216.17,0.21,45.98,219.84,0.22,30.56
221.31,0.66,146.10,0.00,0.00,0.00,220.61,0.22,33.58,221.10,0.22,48.37,219.21,0.22,30.72
219.23,0.65,143.17,0.00,0.00,0.00,218.53,0.21,32.08,219.64,0.22,47.64,217.18,0.22,30.73
222.36,0.66,147.00,0.00,0.00,0.00,221.66,0.22,33.25,222.82,0.22,49.01,220.56,0.22,31.21
221.52,0.66,145.43,0.00,0.00,0.00,220.82,0.22,33.81,218.07,0.22,47.05,218.37,0.22,30.63
220.32,0.66,144.70,0.00,0.00,0.00,219.62,0.22,32.44,219.29,0.22,47.38,221.01,0.22,31.39
222.91,0.65,145.86,0.00,0.00,0.00,222.21,0.22,32.01,219.12,0.22,47.31,220.07,0.22,30.60
219.08,0.66,143.50,0.00,0.00,0.00,218.38,0.21,32.15,219.94,0.22,47.53,219.69,0.22,30.95
221.33,0.66,146.79,0.00,0.00,0.00,220.63,0.22,35.11,220.96,0.22,48.04,220.06,0.22,30.97
220.90,0.65,143.67,0.00,0.00,0.00,220.20,0.21,32.04,217.80,0.21,46.87,217.33,0.22,30.23
221.03,0.65,144.32,0.00,0.00,0.00,220.33,0.21,32.11,219.90,0.22,47.66,218.94,0.22,30.95
225.48,0.66,148.17,0.00,0.00,0.00,224.78,0.22,34.61,219.64,0.22,47.57,217.55,0.22,29.40
220.20,0.66,145.00,0.00,0.00,0.00,219.50,0.22,32.72,220.12,0.22,47.93,217.92,0.22,31.12
219.84,0.66,144.84,0.00,0.00,0.00,219.14,0.22,34.04,218.51,0.22,47.30,219.40,0.22,30.99
221.80,0.66,145.88,0.00,0.00,0.00,221.10,0.22,33.00,218.16,0.21,47.05,220.20,0.22,30.91
219.44,0.65,143.12,0.00,0.00,0.00,218.74,0.21,32.38,217.46,0.21,46.53,218.34,0.22,30.82
220.82,0.66,145.28,0.00,0.00,0.00,220.12,0.22,33.32,220.05,0.22,47.90,220.65,0.22,31.36
220.78,0.66,144.94,0.00,0.00,0.00,220.08,0.22,33.48,221.31,0.22,48.44,217.81,0.22,30.44
220.03,0.65,143.68,0.00,0.00,0.00,219.33,0.21,31.51,218.73,0.22,47.09,219.59,0.22,30.57
221.14,0.66,145.32,0.00,0.00,0.00,220.44,0.22,32.43,219.81,0.22,47.69,219.01,0.22,30.56
222.26,0.65,143.62,0.00,0.00,0.00,221.56,0.21,31.61,215.06,0.21,45.58,218.61,0.22,30.32
222.27,0.65,145.20,0.00,0.00,0.00,221.57,0.22,32.50,221.24,0.22,48.25,219.41,0.22,30.82
220.95,0.66,146.27,0.00,0.00,0.00,220.25,0.22,33.79,219.81,0.22,47.44,218.74,0.23,31.20
221.20,0.66,145.59,0.00,0.00,0.00,220.50,0.22,33.30,219.74,0.22,47.60,220.02,0.22,30.83
221.70,0.65,144.04,0.00,0.00,0.00,221.00,0.21,32.17,217.75,0.21,46.77,218.81,0.22,30.85
219.55,0.66,144.11,0.00,0.00,0.00,218.85,0.21,32.17,219.94,0.22,47.81,219.40,0.22,31.08
221.93,0.66,146.09,0.00,0.00,0.00,221.23,0.22,32.81,221.89,0.22,48.38,219.42,0.22,31.00
219.69,0.67,146.41,0.00,0.00,0.00,218.99,0.22,35.05,221.51,0.22,48.28,219.86,0.23,30.83
219.26,0.65,143.28,0.00,0.00,0.00,218.56,0.21,31.55,219.94,0.22,47.66,218.65,0.22,30.53
220.58,0.65,144.21,0.00,0.00,0.00,219.88,0.22,32.54,219.93,0.22,47.51,219.49,0.22,30.56
219.73,0.65,143.04,0.00,0.00,0.00,219.03,0.22,32.01,215.51,0.21,45.71,219.14,0.22,30.56
221.38,0.65,143.29,0.00,0.00,0.00,220.68,0.21,32.26,220.24,0.22,47.37,216.18,0.22,29.26
223.92,0.65,146.49,0.00,0.00,0.00,223.22,0.22,33.34,219.37,0.22,47.36,215.69,0.22,29.64
218.22,0.66,144.08,0.00,0.00,0.00,217.52,0.22,34.37,219.53,0.22,47.41,219.07,0.22,30.99
222.58,0.66,145.98,0.00,0.00,0.00,221.88,0.22,33.40,218.91,0.22,47.03,220.34,0.22,30.63
219.85,0.66,144.16,0.00,0.00,0.00,219.15,0.22,32.67,220.00,0.22,47.78,218.85,0.22,30.59
221.56,0.66,146.70,0.00,0.00,0.00,220.86,0.22,34.32,221.52,0.22,48.25,221.27,0.22,30.94
221.61,0.65,144.95,0.00,0.00,0.00,220.91,0.22,32.61,220.68,0.22,47.94,217.07,0.22,29.71
221.96,0.66,146.21,0.00,0.00,0.00,221.26,0.22,32.68,220.09,0.22,47.92,220.57,0.22,31.23
219.55,0.66,145.08,0.00,0.00,0.00,218.85,0.22,33.18,218.91,0.22,47.36,218.59,0.22,30.59
220.59,0.66,145.92,0.00,0.00,0.00,219.89,0.22,34.35,219.58,0.22,47.52,217.94,0.22,30.53
220.64,0.66,145.22,0.00,0.00,0.00,219.94,0.22,32.65,218.51,0.22,47.62,224.16,0.22,31.21
219.15,0.66,144.55,0.00,0.00,0.00,218.45,0.22,34.26,223.15,0.22,49.25,217.21,0.22,29.13
224.43,0.65,146.19,0.00,0.00,0.00,223.73,0.22,32.66,217.57,0.21,46.83,217.51,0.22,30.38
217.53,0.66,143.43,0.00,0.00,0.00,216.83,0.22,34.32,219.09,0.22,47.34,218.80,0.22,30.40
221.46,0.65,144.82,0.00,0.00,0.00,220.76,0.22,31.90,220.39,0.22,47.88,219.48,0.22,30.61
221.65,0.66,146.43,0.00,0.00,0.00,220.95,0.22,33.99,220.89,0.22,48.02,218.74,0.22,30.59
221.21,0.65,144.17,0.00,0.00,0.00,220.51,0.21,31.87,219.63,0.22,47.49,219.52,0.22,30.35
219.57,0.65,143.40,0.00,0.00,0.00,218.87,0.22,34.88,217.76,0.21,46.54,219.27,0.22,29.93
220.37,0.65,144.13,0.00,0.00,0.00,219.67,0.22,33.10,219.82,0.22,47.76,218.39,0.22,30.19
222.26,0.65,145.04,0.00,0.00,0.00,221.56,0.22,32.76,218.02,0.22,47.20,219.80,0.22,30.68
220.17,0.66,145.06,0.00,0.00,0.00,219.47,0.22,32.22,224.18,0.22,48.47,219.48,0.22,31.17
219.32,0.65,142.53,0.00,0.00,0.00,218.62,0.21,32.23,216.80,0.21,46.15,220.05,0.22,30.92
221.07,0.65,143.83,0.00,0.00,0.00,220.37,0.22,32.50,218.25,0.21,46.71,220.40,0.22,30.92
221.43,0.65,144.59,0.00,0.00,0.00,220.73,0.21,32.18,218.25,0.22,46.85,220.17,0.22,30.90
222.34,0.65,144.02,0.00,0.00,0.00,221.64,0.22,32.16,216.28,0.21,45.98,219.37,0.22,29.90
221.05,0.65,143.92,0.00,0.00,0.00,220.35,0.21,32.19,216.68,0.21,46.15,219.24,0.22,30.93
219.76,0.65,142.76,0.00,0.00,0.00,219.06,0.21,32.62,215.82,0.21,45.95,218.06,0.22,30.16
220.19,0.66,144.96,0.00,0.00,0.00,219.49,0.22,34.18,220.45,0.22,47.91,220.68,0.22,30.70
220.24,0.66,144.44,0.00,0.00,0.00,219.54,0.22,32.31,220.78,0.22,48.01,219.18,0.22,30.39
221.09,0.66,145.67,0.00,0.00,0.00,220.39,0.22,33.11,221.29,0.22,48.29,220.07,0.22,30.98
220.66,0.66,145.72,0.00,0.00,0.00,219.96,0.23,35.58,220.04,0.22,47.75,217.85,0.22,29.74
220.30,0.65,143.74,0.00,0.00,0.00,219.60,0.21,32.43,219.38,0.22,47.49,220.29,0.22,30.88
219.96,0.65,144.07,0.00,0.00,0.00,219.26,0.22,32.80,219.30,0.22,47.16,219.45,0.22,30.59
220.53,0.65,143.52,0.00,0.00,0.00,219.83,0.21,31.59,219.19,0.22,47.21,219.93,0.22,30.47
222.27,0.66,146.06,0.00,0.00,0.00,221.57,0.22,33.44,221.55,0.22,48.44,219.13,0.22,30.41
219.40,0.65,143.40,0.00,0.00,0.00,218.70,0.22,33.17,219.11,0.22,47.01,218.62,0.22,30.20
221.82,0.66,145.93,0.00,0.00,0.00,221.12,0.21,32.50,219.73,0.22,47.68,220.38,0.23,31.12
220.01,0.66,144.63,0.00,0.00,0.00,219.31,0.22,32.84,220.52,0.22,48.02,218.49,0.22,30.32
219.60,0.65,143.14,0.00,0.00,0.00,218.90,0.21,31.29,217.25,0.21,46.63,220.41,0.22,30.68
221.52,0.66,146.94,0.00,0.00,0.00,220.82,0.22,34.02,220.60,0.22,47.69,222.17,0.23,30.90
221.97,0.66,145.72,0.00,0.00,0.00,221.27,0.22,32.83,218.13,0.22,46.79,218.99,0.22,30.66
220.94,0.66,145.86,0.00,0.00,0.00,220.24,0.22,33.42,222.24,0.22,48.48,220.01,0.22,30.81
221.28,0.66,145.56,0.00,0.00,0.00,220.58,0.22,32.48,218.62,0.22,47.03,219.75,0.22,30.66
220.70,0.65,144.48,0.00,0.00,0.00,220.00,0.22,32.59,218.79,0.22,47.30,219.13,0.22,31.30
221.28,0.65,144.61,0.00,0.00,0.00,220.58,0.22,32.96,218.78,0.21,46.98,218.43,0.22,30.32
221.25,0.65,144.23,0.00,0.00,0.00,220.55,0.21,32.08,220.84,0.22,47.84,219.23,0.22,30.60
221.80,0.65,144.94,0.00,0.00,0.00,221.10,0.22,32.08,221.43,0.22,48.22,218.11,0.22,30.11
219.37,0.65,142.82,0.00,0.00,0.00,218.67,0.22,32.02,218.29,0.21,46.71,219.14,0.22,30.29
222.53,0.65,144.24,0.00,0.00,0.00,221.83,0.22,32.48,216.72,0.21,46.49,217.88,0.22,29.19
218.93,0.66,143.51,0.00,0.00,0.00,218.23,0.22,33.27,221.25,0.22,47.49,218.22,0.22,30.34
222.79,0.65,144.62,0.00,0.00,0.00,222.09,0.22,32.96,219.04,0.22,47.08,218.63,0.22,30.23
219.54,0.65,142.85,0.00,0.00,0.00,218.84,0.22,32.46,220.63,0.22,47.98,218.19,0.22,30.18
218.97,0.65,143.17,0.00,0.00,0.00,218.27,0.22,32.46,219.54,0.22,47.44,220.61,0.22,31.00
222.36,0.65,145.10,0.00,0.00,0.00,221.66,0.22,32.81,220.07,0.22,47.63,218.74,0.22,29.89
221.53,0.65,144.17,0.00,0.00,0.00,220.83,0.22,33.00,220.77,0.22,48.02,219.42,0.22,30.32
222.25,0.65,145.17,0.00,0.00,0.00,221.55,0.21,32.54,221.58,0.22,48.53,219.33,0.22,30.48
218.56,0.66,143.53,0.00,0.00,0.00,217.86,0.22,33.42,218.32,0.22,46.93,218.85,0.22,30.04
218.56,0.66,143.77,0.00,0.00,0.00,217.86,0.22,33.11,220.60,0.22,47.72,219.50,0.22,30.73
221.08,0.65,143.42,0.00,0.00,0.00,220.38,0.21,32.08,217.79,0.21,46.29,218.74,0.22,29.74
221.88,0.66,146.24,0.00,0.00,0.00,221.18,0.22,31.89,222.41,0.22,48.38,220.60,0.22,30.81
220.05,0.66,144.90,0.00,0.00,0.00,219.35,0.22,34.24,219.96,0.22,47.75,218.88,0.22,30.04
220.12,0.65,143.35,0.00,0.00,0.00,219.42,0.22,32.56,219.45,0.22,47.47,220.21,0.22,30.16
221.59,0.65,144.92,0.00,0.00,0.00,220.89,0.22,32.25,220.68,0.22,47.85,220.18,0.22,30.29
220.19,0.65,144.00,0.00,0.00,0.00,219.49,0.22,31.82,220.32,0.22,47.56,218.27,0.22,30.36
221.22,0.65,144.19,0.00,0.00,0.00,220.52,0.22,32.74,218.63,0.21,46.91,221.60,0.22,31.16
218.82,0.65,143.32,0.00,0.00,0.00,218.12,0.22,33.36,220.54,0.22,47.90,218.77,0.22,30.29
220.22,0.65,143.41,0.00,0.00,0.00,219.52,0.21,32.41,220.38,0.22,47.85,219.28,0.22,30.56
220.10,0.66,144.83,0.00,0.00,0.00,219.40,0.22,34.64,219.01,0.22,47.13,218.57,0.22,30.36
220.25,0.65,142.93,0.00,0.00,0.00,219.55,0.21,31.78,218.35,0.22,47.03,218.56,0.22,30.41
222.52,0.65,144.93,0.00,0.00,0.00,221.82,0.22,31.69,220.45,0.22,47.74,218.71,0.22,30.39
221.43,0.66,145.59,0.00,0.00,0.00,220.73,0.22,34.21,217.44,0.21,46.47,219.49,0.22,30.60
220.90,0.65,143.20,0.00,0.00,0.00,220.20,0.21,31.65,216.84,0.21,46.31,217.26,0.22,30.12
221.21,0.65,144.50,0.00,0.00,0.00,220.51,0.22,32.49,221.48,0.22,48.30,219.71,0.22,30.04
220.40,0.65,143.69,0.00,0.00,0.00,219.70,0.22,32.99,219.44,0.22,47.33,216.12,0.22,28.80
222.36,0.66,147.74,0.00,0.00,0.00,221.66,0.22,33.98,220.68,0.22,47.89,221.01,0.23,31.10
220.66,0.66,145.93,0.00,0.00,0.00,219.96,0.22,32.58,220.63,0.22,47.86,217.77,0.23,30.39
220.90,0.66,144.76,0.00,0.00,0.00,220.20,0.21,31.93,219.70,0.22,47.39,219.94,0.23,30.82
224.29,0.66,146.92,0.00,0.00,0.00,223.59,0.22,32.53,221.92,0.22,48.49,218.73,0.22,30.25
219.59,0.66,144.00,0.00,0.00,0.00,218.89,0.22,33.06,217.50,0.21,46.43,218.30,0.23,30.21
221.95,0.65,144.68,0.00,0.00,0.00,221.25,0.21,32.09,217.26,0.21,46.49,220.10,0.22,30.70
221.76,0.66,145.62,0.00,0.00,0.00,221.06,0.22,32.42,220.81,0.22,47.94,219.50,0.22,30.27
220.34,0.66,145.17,0.00,0.00,0.00,219.64,0.22,33.15,219.38,0.22,47.33,219.43,0.22,30.31
222.78,0.66,147.09,0.00,0.00,0.00,222.08,0.22,34.00,221.38,0.22,48.20,219.89,0.22,30.70
220.30,0.66,144.65,0.00,0.00,0.00,219.60,0.22,32.51,219.32,0.21,47.19,219.02,0.23,30.60
221.02,0.66,145.12,0.00,0.00,0.00,220.32,0.22,32.48,218.72,0.21,46.93,218.77,0.22,30.54
220.09,0.66,145.04,0.00,0.00,0.00,219.39,0.22,32.81,220.70,0.22,47.79,219.22,0.23,30.57
220.73,0.65,144.33,0.00,0.00,0.00,220.03,0.21,31.14,218.41,0.21,46.79,219.52,0.23,30.78
221.96,0.66,146.51,0.00,0.00,0.00,221.26,0.22,32.85,221.48,0.22,48.17,220.02,0.22,30.38
220.61,0.65,144.26,0.00,0.00,0.00,219.91,0.22,32.11,218.04,0.22,46.89,217.57,0.22,29.91
221.19,0.65,144.51,0.00,0.00,0.00,220.49,0.21,31.53,219.94,0.22,47.75,220.12,0.22,30.65
221.87,0.65,145.07,0.00,0.00,0.00,221.17,0.22,32.95,218.77,0.21,46.82,218.93,0.22,29.93
220.42,0.65,143.55,0.00,0.00,0.00,219.72,0.22,31.60,218.25,0.22,46.82,218.36,0.22,30.56
221.38,0.65,144.80,0.00,0.00,0.00,220.68,0.22,32.74,219.18,0.22,47.18,220.03,0.22,30.55
219.68,0.65,143.41,0.00,0.00,0.00,218.98,0.22,32.88,219.54,0.22,47.34,220.23,0.22,30.73
221.78,0.65,144.89,0.00,0.00,0.00,221.08,0.22,31.87,221.44,0.22,48.15,218.98,0.22,30.38
219.34,0.65,143.38,0.00,0.00,0.00,218.64,0.22,33.80,218.81,0.22,47.13,217.76,0.22,29.84
220.70,0.65,143.44,0.00,0.00,0.00,220.00,0.21,31.92,220.77,0.22,47.93,218.51,0.22,30.52
217.66,0.66,142.66,0.00,0.00,0.00,216.96,0.22,33.69,220.35,0.22,47.69,219.09,0.22,30.49
219.71,0.65,142.17,0.00,0.00,0.00,219.01,0.21,32.21,216.74,0.21,46.19,219.99,0.22,30.23
224.28,0.66,148.06,0.00,0.00,0.00,223.58,0.22,35.23,220.57,0.22,47.78,219.80,0.22,30.22
220.92,0.65,142.52,0.00,0.00,0.00,220.22,0.21,31.30,218.96,0.22,47.12,217.77,0.22,29.97
222.44,0.65,145.43,0.00,0.00,0.00,221.74,0.22,33.80,221.34,0.22,48.17,218.75,0.22,30.71
222.74,0.65,144.62,0.00,0.00,0.00,222.04,0.22,31.90,220.54,0.22,47.86,219.00,0.22,29.91
218.86,0.66,143.37,0.00,0.00,0.00,218.16,0.22,32.36,218.94,0.22,47.30,220.50,0.22,31.46
219.79,0.65,143.76,0.00,0.00,0.00,219.09,0.22,33.77,220.18,0.22,47.69,218.07,0.22,29.73
220.75,0.65,143.35,0.00,0.00,0.00,220.05,0.22,32.08,219.38,0.22,47.37,219.23,0.22,30.16
221.32,0.65,143.70,0.00,0.00,0.00,220.62,0.21,31.99,219.45,0.22,47.41,218.58,0.22,30.25
221.23,0.65,144.23,0.00,0.00,0.00,220.53,0.21,32.24,219.13,0.22,47.18,219.84,0.22,30.62
221.05,0.65,143.06,0.00,0.00,0.00,220.35,0.21,32.14,218.44,0.22,46.99,219.11,0.22,29.93
221.53,0.65,144.34,0.00,0.00,0.00,220.83,0.21,32.37,219.48,0.22,47.62,220.16,0.22,30.64
221.05,0.65,143.95,0.00,0.00,0.00,220.35,0.22,33.68,221.14,0.22,48.02,217.54,0.21,28.85
220.78,0.65,143.93,0.00,0.00,0.00,220.08,0.22,32.76,218.02,0.21,46.84,220.54,0.22,30.79
222.26,0.66,146.36,0.00,0.00,0.00,221.56,0.22,34.72,220.76,0.22,47.87,219.35,0.22,30.12
220.55,0.65,143.22,0.00,0.00,0.00,219.85,0.22,31.71,217.91,0.21,46.79,219.89,0.22,30.29
222.33,0.65,145.12,0.00,0.00,0.00,221.63,0.22,32.78,221.26,0.22,48.15,219.38,0.22,30.22
222.00,0.65,143.93,0.00,0.00,0.00,221.30,0.21,32.27,219.06,0.22,47.08,219.30,0.22,30.40
221.86,0.64,142.41,0.00,0.00,0.00,221.16,0.21,32.25,217.78,0.21,46.54,218.39,0.21,29.63
221.94,0.65,145.15,0.00,0.00,0.00,221.24,0.22,33.11,219.57,0.22,47.64,221.58,0.22,30.85
221.42,0.65,143.73,0.00,0.00,0.00,220.72,0.22,32.49,219.62,0.22,47.59,219.62,0.21,29.81
221.13,0.65,144.50,0.00,0.00,0.00,220.43,0.22,33.70,219.87,0.22,47.55,217.62,0.22,30.02
219.49,0.65,143.31,0.00,0.00,0.00,218.79,0.22,33.59,218.21,0.21,46.64,218.82,0.22,30.18
220.08,0.65,142.87,0.00,0.00,0.00,219.38,0.21,32.46,219.65,0.22,47.42,220.17,0.22,30.73
223.93,0.65,145.56,0.00,0.00,0.00,223.23,0.22,32.83,221.36,0.22,48.19,219.87,0.22,30.33
220.86,0.65,144.45,0.00,0.00,0.00,220.16,0.22,33.11,218.90,0.22,47.23,219.75,0.22,30.62
222.28,0.65,145.47,0.00,0.00,0.00,221.58,0.22,33.90,220.93,0.22,48.07,218.81,0.22,30.21
219.78,0.65,141.85,0.00,0.00,0.00,219.08,0.22,32.07,218.06,0.22,46.91,219.27,0.21,30.18
223.02,0.66,146.47,0.00,0.00,0.00,222.32,0.22,33.84,219.83,0.22,47.67,223.45,0.22,31.22
220.45,0.65,143.23,0.00,0.00,0.00,219.75,0.22,32.22,220.84,0.22,48.04,219.42,0.22,30.42
221.36,0.65,143.58,0.00,0.00,0.00,220.66,0.21,32.38,222.45,0.22,47.86,219.98,0.22,30.51
222.46,0.66,147.60,0.00,0.00,0.00,221.76,0.22,35.52,222.27,0.22,48.31,219.94,0.22,30.54
218.58,0.65,142.48,0.00,0.00,0.00,217.88,0.22,33.42,219.27,0.22,47.24,218.42,0.22,29.84
223.38,0.65,145.32,0.00,0.00,0.00,222.68,0.22,32.56,220.04,0.22,47.56,219.61,0.22,30.22
221.14,0.65,144.18,0.00,0.00,0.00,220.44,0.22,33.03,219.37,0.22,47.42,219.17,0.22,29.74
222.09,0.65,144.22,0.00,0.00,0.00,221.39,0.21,31.57,219.01,0.22,47.29,220.48,0.22,30.80
221.96,0.65,145.05,0.00,0.00,0.00,221.26,0.22,33.90,219.98,0.22,47.61,217.09,0.22,29.67
220.47,0.65,142.23,0.00,0.00,0.00,219.77,0.21,32.45,219.85,0.22,47.54,220.01,0.21,30.21
222.32,0.65,143.85,0.00,0.00,0.00,221.62,0.21,31.13,218.81,0.22,47.09,219.51,0.22,30.17
220.34,0.65,143.49,0.00,0.00,0.00,219.64,0.22,32.48,219.74,0.22,47.43,219.04,0.22,30.31
221.67,0.65,144.93,0.00,0.00,0.00,220.97,0.21,32.51,221.01,0.22,48.09,220.40,0.22,31.11
220.47,0.66,145.02,0.00,0.00,0.00,219.77,0.22,34.40,221.86,0.22,48.33,219.38,0.22,30.06
219.35,0.64,141.37,0.00,0.00,0.00,218.65,0.21,32.45,217.49,0.21,46.33,219.93,0.22,30.00
221.89,0.65,144.13,0.00,0.00,0.00,221.19,0.22,32.31,220.86,0.22,48.02,216.99,0.22,29.85
219.78,0.64,141.26,0.00,0.00,0.00,219.08,0.21,31.58,215.73,0.21,45.91,219.60,0.22,30.09
220.56,0.65,143.69,0.00,0.00,0.00,219.86,0.22,31.92,219.02,0.21,47.00,219.29,0.22,30.13
220.97,0.65,143.22,0.00,0.00,0.00,220.27,0.21,32.14,218.71,0.22,47.24,218.16,0.22,29.48
219.93,0.65,142.54,0.00,0.00,0.00,219.23,0.21,31.75,220.98,0.22,48.01,220.20,0.22,30.14
222.61,0.65,145.23,0.00,0.00,0.00,221.91,0.22,32.14,221.41,0.22,48.14,218.83,0.22,30.10
220.06,0.65,143.18,0.00,0.00,0.00,219.36,0.22,33.30,217.98,0.21,46.78,219.02,0.22,30.08
222.09,0.65,145.14,0.00,0.00,0.00,221.39,0.22,33.26,221.76,0.22,48.31,218.91,0.22,30.14
220.17,0.64,141.81,0.00,0.00,0.00,219.47,0.21,32.56,216.29,0.21,46.21,219.02,0.22,29.99
220.66,0.64,141.35,0.00,0.00,0.00,219.96,0.21,32.31,213.15,0.21,44.60,218.23,0.22,29.99
221.58,0.64,142.15,0.00,0.00,0.00,220.88,0.21,32.32,217.62,0.21,46.36,218.33,0.21,29.44
221.06,0.65,143.51,0.00,0.00,0.00,220.36,0.22,32.35,221.51,0.22,48.22,219.25,0.22,30.24
219.19,0.65,143.35,0.00,0.00,0.00,218.49,0.22,33.40,220.26,0.22,47.57,219.90,0.22,30.19
220.77,0.65,144.20,0.00,0.00,0.00,220.07,0.22,33.09,219.33,0.22,47.20,219.37,0.22,29.81
219.82,0.65,142.98,0.00,0.00,0.00,219.12,0.21,32.34,219.96,0.22,47.63,218.66,0.22,30.11
224.71,0.65,145.92,0.00,0.00,0.00,224.01,0.22,34.08,218.58,0.22,46.95,217.33,0.21,29.46
222.03,0.65,143.78,0.00,0.00,0.00,221.33,0.21,32.38,219.50,0.22,47.23,220.89,0.22,30.49
221.22,0.65,144.12,0.00,0.00,0.00,220.52,0.22,32.99,219.57,0.22,47.46,218.79,0.22,29.99
219.03,0.65,142.26,0.00,0.00,0.00,218.33,0.22,32.62,219.54,0.22,47.48,219.95,0.22,30.43
221.75,0.65,144.99,0.00,0.00,0.00,221.05,0.22,33.68,221.53,0.22,48.17,219.68,0.22,29.82
220.78,0.65,143.07,0.00,0.00,0.00,220.08,0.21,31.97,220.86,0.22,47.80,218.84,0.22,29.83
220.73,0.65,142.51,0.00,0.00,0.00,220.03,0.21,31.84,218.20,0.21,46.95,220.12,0.22,30.50
223.01,0.64,143.72,0.00,0.00,0.00,222.31,0.22,32.68,217.53,0.21,46.27,217.95,0.22,29.61
219.57,0.65,141.67,0.00,0.00,0.00,218.87,0.22,32.36,219.88,0.22,47.49,217.92,0.21,29.38
223.58,0.65,144.21,0.00,0.00,0.00,222.88,0.22,32.10,216.57,0.21,46.16,219.31,0.22,29.41
217.97,0.64,140.56,0.00,0.00,0.00,217.27,0.21,31.70,219.69,0.22,47.34,218.48,0.22,29.56
220.88,0.65,143.72,0.00,0.00,0.00,220.18,0.21,32.26,220.95,0.22,47.87,220.10,0.22,30.58
222.89,0.65,144.20,0.00,0.00,0.00,222.19,0.22,32.80,219.85,0.22,47.68,217.35,0.21,29.60
220.05,0.65,143.05,0.00,0.00,0.00,219.35,0.21,32.39,218.38,0.21,46.76,221.84,0.22,30.86
220.10,0.65,142.59,0.00,0.00,0.00,219.40,0.22,32.00,218.23,0.21,46.83,220.22,0.22,29.76
220.49,0.65,142.44,0.00,0.00,0.00,219.79,0.22,33.82,220.08,0.22,47.55,216.55,0.21,28.10
222.45,0.65,143.58,0.00,0.00,0.00,221.75,0.22,33.05,216.79,0.21,46.12,220.05,0.22,29.82
221.59,0.64,142.36,0.00,0.00,0.00,220.89,0.22,32.77,216.08,0.21,45.70,218.13,0.21,29.24
220.72,0.65,142.50,0.00,0.00,0.00,220.02,0.21,31.23,219.85,0.22,47.22,219.18,0.22,29.90
220.15,0.65,143.11,0.00,0.00,0.00,219.45,0.22,33.54,217.21,0.21,46.58,219.62,0.22,29.92
219.25,0.65,141.77,0.00,0.00,0.00,218.55,0.22,32.86,220.03,0.22,47.47,214.23,0.21,28.52
219.38,0.64,140.70,0.00,0.00,0.00,218.68,0.21,31.44,217.26,0.21,46.44,217.71,0.21,29.16
222.88,0.64,142.45,0.00,0.00,0.00,222.18,0.21,31.77,216.21,0.21,45.91,219.45,0.21,29.39
219.13,0.65,141.85,0.00,0.00,0.00,218.43,0.21,32.29,218.29,0.22,46.88,217.39,0.22,29.76
222.67,0.65,144.94,0.00,0.00,0.00,221.97,0.22,33.94,217.83,0.21,46.74,220.33,0.22,30.09
222.10,0.64,142.78,0.00,0.00,0.00,221.40,0.22,32.47,219.35,0.21,47.25,219.25,0.21,29.06
219.10,0.65,141.93,0.00,0.00,0.00,218.40,0.22,32.07,220.61,0.22,47.73,219.20,0.22,29.69
222.35,0.65,143.67,0.00,0.00,0.00,221.65,0.22,32.66,219.81,0.22,47.72,219.51,0.21,29.54
220.24,0.64,140.08,0.00,0.00,0.00,219.54,0.21,32.23,216.36,0.21,45.84,216.69,0.21,27.97
222.73,0.65,144.50,0.00,0.00,0.00,222.03,0.21,32.46,220.07,0.22,47.41,220.86,0.22,30.34
222.14,0.64,143.20,0.00,0.00,0.00,221.44,0.22,32.76,218.05,0.21,46.63,218.91,0.21,29.08
223.31,0.65,145.16,0.00,0.00,0.00,222.61,0.22,34.10,217.47,0.21,46.77,219.81,0.21,29.50
221.83,0.65,143.87,0.00,0.00,0.00,221.13,0.22,33.44,217.64,0.21,46.55,218.87,0.21,29.88
220.56,0.64,142.09,0.00,0.00,0.00,219.86,0.22,32.74,218.22,0.21,46.81,218.23,0.21,29.31
221.39,0.64,142.73,0.00,0.00,0.00,220.69,0.22,32.56,217.83,0.21,46.57,220.54,0.22,29.60
220.85,0.64,141.44,0.00,0.00,0.00,220.15,0.22,32.80,220.97,0.22,47.93,215.47,0.21,27.37
220.37,0.64,141.75,0.00,0.00,0.00,219.67,0.21,32.03,220.69,0.22,47.90,218.76,0.21,29.19
222.05,0.65,143.30,0.00,0.00,0.00,221.35,0.22,32.59,220.89,0.22,47.88,218.81,0.21,28.90
220.66,0.65,143.21,0.00,0.00,0.00,219.96,0.22,33.01,219.13,0.22,47.42,218.56,0.22,29.57
222.06,0.65,144.82,0.00,0.00,0.00,221.36,0.22,33.33,220.72,0.22,47.74,221.10,0.22,30.18
222.01,0.65,143.43,0.00,0.00,0.00,221.31,0.22,32.90,218.95,0.21,46.81,220.07,0.22,29.02
219.42,0.64,140.14,0.00,0.00,0.00,218.72,0.21,31.95,215.65,0.21,45.47,218.99,0.21,29.01
220.83,0.64,141.84,0.00,0.00,0.00,220.13,0.22,32.48,217.53,0.21,46.43,220.07,0.21,29.50
222.53,0.63,140.33,0.00,0.00,0.00,221.83,0.21,32.22,210.11,0.21,43.17,217.78,0.21,28.53
222.22,0.64,141.87,0.00,0.00,0.00,221.52,0.22,32.46,216.47,0.21,45.94,219.53,0.21,28.85
221.36,0.65,143.69,0.00,0.00,0.00,220.66,0.21,31.88,220.84,0.22,48.04,219.06,0.22,29.96
217.76,0.65,140.47,0.00,0.00,0.00,217.06,0.22,32.40,220.48,0.22,47.59,218.42,0.21,28.91
220.80,0.65,143.07,0.00,0.00,0.00,220.10,0.22,32.34,221.15,0.22,48.06,221.33,0.21,29.44
221.26,0.65,143.33,0.00,0.00,0.00,220.56,0.22,32.67,220.38,0.22,47.39,218.55,0.22,29.16
220.53,0.65,144.18,0.00,0.00,0.00,219.83,0.22,32.83,220.72,0.22,47.69,219.55,0.22,29.19
222.44,0.65,143.92,0.00,0.00,0.00,221.74,0.21,32.13,220.10,0.22,47.65,220.18,0.22,28.97
219.07,0.65,141.97,0.00,0.00,0.00,218.37,0.22,32.26,218.39,0.21,46.91,218.46,0.22,29.61
222.27,0.65,144.72,0.00,0.00,0.00,221.57,0.22,32.75,219.90,0.22,47.50,219.79,0.22,29.86
220.68,0.65,142.57,0.00,0.00,0.00,219.98,0.21,32.11,219.15,0.21,46.88,218.80,0.22,28.95
219.61,0.65,142.08,0.00,0.00,0.00,218.91,0.21,32.17,219.05,0.22,47.06,219.67,0.22,29.77
220.76,0.65,142.66,0.00,0.00,0.00,220.06,0.22,32.90,218.75,0.21,46.74,218.04,0.22,28.12
219.92,0.64,139.90,0.00,0.00,0.00,219.22,0.21,31.71,216.95,0.21,45.99,216.41,0.21,27.47
221.42,0.65,143.13,0.00,0.00,0.00,220.72,0.21,31.92,221.63,0.22,47.78,218.78,0.22,29.20
218.65,0.66,143.43,0.00,0.00,0.00,217.95,0.22,34.45,225.07,0.22,49.47,216.71,0.21,28.75
220.05,0.64,141.24,0.00,0.00,0.00,219.35,0.21,31.53,218.60,0.21,46.73,219.52,0.22,29.18
222.94,0.65,143.83,0.00,0.00,0.00,222.24,0.22,32.62,218.05,0.21,46.33,218.94,0.21,28.72
220.16,0.64,140.44,0.00,0.00,0.00,219.46,0.21,31.52,216.03,0.21,45.63,218.13,0.21,28.46
222.53,0.64,143.14,0.00,0.00,0.00,221.83,0.21,31.31,217.89,0.21,46.38,221.78,0.22,29.77
221.55,0.65,144.79,0.00,0.00,0.00,220.85,0.22,33.61,222.47,0.22,48.30,218.40,0.22,29.35
221.40,0.64,140.85,0.00,0.00,0.00,220.70,0.21,31.92,218.38,0.21,46.78,216.90,0.21,27.22
220.19,0.64,141.39,0.00,0.00,0.00,219.49,0.22,32.60,218.14,0.21,46.40,217.57,0.21,28.84
221.94,0.64,142.05,0.00,0.00,0.00,221.24,0.22,32.08,215.25,0.21,45.30,219.24,0.21,28.64
222.24,0.64,142.92,0.00,0.00,0.00,221.54,0.21,31.95,217.00,0.21,45.86,220.38,0.22,29.51
219.24,0.64,139.89,0.00,0.00,0.00,218.54,0.21,31.79,215.58,0.21,45.44,218.41,0.21,28.59
220.13,0.64,140.53,0.00,0.00,0.00,219.43,0.21,30.93,216.84,0.21,45.94,217.37,0.21,28.60
222.31,0.64,142.31,0.00,0.00,0.00,221.61,0.21,32.06,225.02,0.22,48.48,218.44,0.21,28.84
219.25,0.65,141.98,0.00,0.00,0.00,218.55,0.21,31.61,219.74,0.22,47.40,217.58,0.22,28.45
221.09,0.65,144.44,0.00,0.00,0.00,220.39,0.22,32.53,220.06,0.22,47.50,217.51,0.22,29.05
221.75,0.65,143.51,0.00,0.00,0.00,221.05,0.22,33.67,221.32,0.22,47.87,219.37,0.21,28.51
219.97,0.65,141.99,0.00,0.00,0.00,219.27,0.21,32.14,218.89,0.21,47.05,218.69,0.22,28.75
219.57,0.64,141.03,0.00,0.00,0.00,218.87,0.22,32.64,217.98,0.21,46.68,217.90,0.21,28.67
221.57,0.64,142.06,0.00,0.00,0.00,220.87,0.21,32.18,218.15,0.21,46.41,220.37,0.21,29.11
222.62,0.64,142.42,0.00,0.00,0.00,221.92,0.22,31.72,219.86,0.22,47.38,216.83,0.21,28.15
223.34,0.64,143.45,0.00,0.00,0.00,222.64,0.22,32.11,216.75,0.21,45.81,218.24,0.21,28.40
221.72,0.65,143.16,0.00,0.00,0.00,221.02,0.21,31.59,221.77,0.22,47.88,221.97,0.22,28.92
214.74,0.64,136.65,0.00,0.00,0.00,214.04,0.22,32.71,216.14,0.21,45.55,216.15,0.21,27.55
221.37,0.65,144.25,0.00,0.00,0.00,220.67,0.21,31.53,225.74,0.22,49.49,220.02,0.22,29.60
221.96,0.64,143.13,0.00,0.00,0.00,221.26,0.21,32.06,220.01,0.22,47.45,217.58,0.22,28.54
219.14,0.64,139.91,0.00,0.00,0.00,218.44,0.21,31.87,220.69,0.22,47.71,217.76,0.21,27.96
222.36,0.65,144.77,0.00,0.00,0.00,221.66,0.22,32.96,219.57,0.22,47.31,219.59,0.22,29.09
221.16,0.63,139.97,0.00,0.00,0.00,220.46,0.21,32.48,215.97,0.21,45.57,218.47,0.21,27.75
221.16,0.65,144.14,0.00,0.00,0.00,220.46,0.21,31.29,219.14,0.22,47.10,220.55,0.22,29.87
221.61,0.65,143.15,0.00,0.00,0.00,220.91,0.22,32.06,218.14,0.21,46.65,217.94,0.22,28.62
220.87,0.63,139.83,0.00,0.00,0.00,220.17,0.21,31.13,216.65,0.21,45.86,217.09,0.21,27.39
222.65,0.65,145.07,0.00,0.00,0.00,221.95,0.21,31.64,222.88,0.22,47.97,222.80,0.22,28.34
220.77,0.64,141.60,0.00,0.00,0.00,220.07,0.21,32.53,216.86,0.21,45.88,216.88,0.21,27.65
219.33,0.65,142.93,0.00,0.00,0.00,218.63,0.22,33.35,218.55,0.22,46.90,218.85,0.22,29.25
222.13,0.64,142.77,0.00,0.00,0.00,221.43,0.22,31.83,218.16,0.21,46.56,218.39,0.21,27.91
219.24,0.64,140.42,0.00,0.00,0.00,218.54,0.21,31.68,217.90,0.21,46.83,218.74,0.21,28.23
221.99,0.64,141.88,0.00,0.00,0.00,221.29,0.22,33.05,218.15,0.21,46.66,218.32,0.21,27.94
221.24,0.63,139.07,0.00,0.00,0.00,220.54,0.21,32.21,216.45,0.21,45.62,216.56,0.20,26.61
217.90,0.64,138.47,0.00,0.00,0.00,217.20,0.21,31.56,216.60,0.21,45.82,216.64,0.21,28.17
218.80,0.63,138.49,0.00,0.00,0.00,218.10,0.21,31.91,217.67,0.21,46.29,217.21,0.21,28.03
217.62,0.65,141.00,0.00,0.00,0.00,216.92,0.21,30.91,215.81,0.21,45.56,215.06,0.22,29.60
219.17,0.65,142.73,0.00,0.00,0.00,218.47,0.21,31.15,211.03,0.21,43.98,217.26,0.23,29.64
217.77,0.63,137.73,0.00,0.00,0.00,217.07,0.21,31.42,216.05,0.21,46.01,215.38,0.21,27.97
220.31,0.64,140.34,0.00,0.00,0.00,219.61,0.21,31.42,213.87,0.21,44.94,217.61,0.21,27.71
219.07,0.64,140.48,0.00,0.00,0.00,218.37,0.21,31.51,213.55,0.21,44.64,214.68,0.22,28.70
218.12,0.64,138.62,0.00,0.00,0.00,217.42,0.21,30.94,216.77,0.21,45.93,217.76,0.21,28.32
219.53,0.64,139.44,0.00,0.00,0.00,218.83,0.21,31.24,221.00,0.22,47.58,217.45,0.21,28.14
217.38,0.63,137.42,0.00,0.00,0.00,216.68,0.21,31.39,216.27,0.21,45.81,214.81,0.21,27.22
216.85,0.65,140.19,0.00,0.00,0.00,216.15,0.21,31.28,218.48,0.21,46.64,217.12,0.22,29.28
219.23,0.65,141.73,0.00,0.00,0.00,218.53,0.21,31.79,217.15,0.21,46.28,215.05,0.22,28.95
217.58,0.64,139.31,0.00,0.00,0.00,216.88,0.21,31.15,217.99,0.21,46.66,217.65,0.21,28.71
218.51,0.64,140.14,0.00,0.00,0.00,217.81,0.21,31.80,214.46,0.21,44.97,216.55,0.22,28.57
219.05,0.64,140.85,0.00,0.00,0.00,218.35,0.21,30.44,217.99,0.21,46.27,218.34,0.22,28.81
218.65,0.64,139.79,0.00,0.00,0.00,217.95,0.22,32.52,218.70,0.21,46.74,216.53,0.21,28.13
217.98,0.64,139.56,0.00,0.00,0.00,217.28,0.21,31.72,213.51,0.21,44.96,217.17,0.22,28.45
219.16,0.65,142.14,0.00,0.00,0.00,218.46,0.21,31.70,219.56,0.22,47.33,216.05,0.22,28.36
217.48,0.65,141.25,0.00,0.00,0.00,216.78,0.22,33.03,217.06,0.21,46.28,215.76,0.22,28.74
215.25,0.64,137.49,0.00,0.00,0.00,214.55,0.21,31.97,216.95,0.21,46.24,217.41,0.21,28.69
214.50,0.64,138.12,0.00,0.00,0.00,213.80,0.21,32.40,218.96,0.21,47.12,214.98,0.21,28.17
218.40,0.63,138.59,0.00,0.00,0.00,217.70,0.21,31.05,213.83,0.21,44.72,214.93,0.21,27.86
221.18,0.63,139.30,0.00,0.00,0.00,220.48,0.21,32.36,214.75,0.21,45.06,214.11,0.21,27.24
220.19,0.64,140.23,0.00,0.00,0.00,219.49,0.21,31.16,217.57,0.21,46.17,215.53,0.21,27.71
219.38,0.65,141.97,0.00,0.00,0.00,218.68,0.22,32.77,218.74,0.21,47.04,216.87,0.22,28.91
218.63,0.63,138.00,0.00,0.00,0.00,217.93,0.21,31.05,214.38,0.21,45.16,215.01,0.21,27.56
220.44,0.65,142.26,0.00,0.00,0.00,219.74,0.21,31.07,218.25,0.21,46.74,217.84,0.22,29.41
219.27,0.64,139.70,0.00,0.00,0.00,218.57,0.21,32.26,214.45,0.21,44.98,215.80,0.21,28.92
218.46,0.63,138.50,0.00,0.00,0.00,217.76,0.21,30.39,213.76,0.21,44.64,216.88,0.22,28.63
219.36,0.65,143.59,0.00,0.00,0.00,218.66,0.21,32.24,218.22,0.21,46.88,217.61,0.23,29.10
218.49,0.64,140.78,0.00,0.00,0.00,217.79,0.21,31.95,218.42,0.21,46.57,213.15,0.22,27.89
221.29,0.64,142.13,0.00,0.00,0.00,220.59,0.22,33.04,218.33,0.21,46.78,217.10,0.21,28.19
218.73,0.63,137.41,0.00,0.00,0.00,218.03,0.21,30.77,215.18,0.21,45.67,216.34,0.21,28.02
217.16,0.63,137.66,0.00,0.00,0.00,216.46,0.22,32.63,218.43,0.21,46.82,214.45,0.20,26.54
216.10,0.64,137.45,0.00,0.00,0.00,215.40,0.21,31.88,213.81,0.21,44.98,217.67,0.21,28.06
218.64,0.64,140.19,0.00,0.00,0.00,217.94,0.21,31.11,218.02,0.21,46.50,217.42,0.22,28.28
218.78,0.63,137.79,0.00,0.00,0.00,218.08,0.22,32.59,217.52,0.21,46.29,216.22,0.20,26.82
217.34,0.63,136.89,0.00,0.00,0.00,216.64,0.21,31.44,215.36,0.21,45.28,216.16,0.21,27.80
219.02,0.64,140.92,0.00,0.00,0.00,218.32,0.21,30.96,218.15,0.21,46.73,216.58,0.22,28.46
218.51,0.63,137.99,0.00,0.00,0.00,217.81,0.21,30.66,211.49,0.21,44.02,217.67,0.21,28.04
219.47,0.63,139.10,0.00,0.00,0.00,218.77,0.21,31.80,218.37,0.21,46.47,215.62,0.21,27.56
217.57,0.62,135.52,0.00,0.00,0.00,216.87,0.21,29.95,213.78,0.21,44.64,213.39,0.21,26.73
220.11,0.64,140.71,0.00,0.00,0.00,219.41,0.22,32.39,219.36,0.21,46.99,216.85,0.21,28.22
217.37,0.64,138.22,0.00,0.00,0.00,216.67,0.21,31.71,214.41,0.21,44.95,213.33,0.21,27.59
219.26,0.65,141.58,0.00,0.00,0.00,218.56,0.22,33.21,218.89,0.21,46.86,217.69,0.21,28.45
218.35,0.64,140.08,0.00,0.00,0.00,217.65,0.21,32.13,216.09,0.21,45.66,215.74,0.22,28.53
219.28,0.64,139.28,0.00,0.00,0.00,218.58,0.21,30.77,217.04,0.21,46.16,215.99,0.21,28.00
217.40,0.63,136.24,0.00,0.00,0.00,216.70,0.21,31.17,213.68,0.21,44.46,215.53,0.21,26.87
218.32,0.63,137.35,0.00,0.00,0.00,217.62,0.21,31.38,216.31,0.21,45.87,217.73,0.21,27.51
218.05,0.63,137.42,0.00,0.00,0.00,217.35,0.21,31.96,217.35,0.21,46.18,215.33,0.20,26.96
219.82,0.63,139.57,0.00,0.00,0.00,219.12,0.21,31.66,217.64,0.21,46.68,218.02,0.21,27.90
220.05,0.63,139.73,0.00,0.00,0.00,219.35,0.21,32.07,215.41,0.21,45.63,215.57,0.21,27.26
219.00,0.63,137.13,0.00,0.00,0.00,218.30,0.21,30.66,216.91,0.21,46.03,217.55,0.20,27.36
219.20,0.64,140.36,0.00,0.00,0.00,218.50,0.22,32.93,219.20,0.21,47.07,216.84,0.21,27.94
218.86,0.63,138.46,0.00,0.00,0.00,218.16,0.21,31.41,216.80,0.21,46.17,217.48,0.21,27.42
219.60,0.64,140.12,0.00,0.00,0.00,218.90,0.21,31.97,218.07,0.21,46.66,215.39,0.21,27.82
217.78,0.63,138.17,0.00,0.00,0.00,217.08,0.21,31.28,214.40,0.21,44.86,216.66,0.21,27.52
221.32,0.63,140.05,0.00,0.00,0.00,220.62,0.21,31.62,216.81,0.21,46.19,216.60,0.21,27.89
218.77,0.63,137.25,0.00,0.00,0.00,218.07,0.21,30.75,212.69,0.21,44.20,215.10,0.21,26.99
220.05,0.62,136.17,0.00,0.00,0.00,219.35,0.21,32.11,215.79,0.21,45.32,213.36,0.20,25.38
219.16,0.64,139.51,0.00,0.00,0.00,218.46,0.21,32.03,215.32,0.21,45.45,216.66,0.21,28.10
218.42,0.63,137.04,0.00,0.00,0.00,217.72,0.21,31.94,217.29,0.21,46.41,217.22,0.20,26.71
220.86,0.63,138.62,0.00,0.00,0.00,220.16,0.21,30.95,216.73,0.21,46.04,216.27,0.20,27.34
220.76,0.63,138.85,0.00,0.00,0.00,220.06,0.21,31.73,217.07,0.21,46.18,217.42,0.20,27.51
217.94,0.63,137.09,0.00,0.00,0.00,217.24,0.21,30.66,216.45,0.21,45.74,215.67,0.21,27.03
220.27,0.63,139.79,0.00,0.00,0.00,219.57,0.21,30.35,216.45,0.21,46.07,217.06,0.21,27.93
219.60,0.63,138.99,0.00,0.00,0.00,218.90,0.21,32.02,217.74,0.21,46.40,217.76,0.21,28.02
223.56,0.63,141.34,0.00,0.00,0.00,222.86,0.21,31.32,217.79,0.21,46.65,215.90,0.21,27.34
219.60,0.63,139.20,0.00,0.00,0.00,218.90,0.21,31.56,217.75,0.21,46.49,217.47,0.21,27.83
219.13,0.63,137.88,0.00,0.00,0.00,218.43,0.21,31.43,216.97,0.21,46.08,214.41,0.21,27.18
217.44,0.64,138.35,0.00,0.00,0.00,216.74,0.21,31.71,216.63,0.21,46.16,218.22,0.21,28.02
220.53,0.64,140.11,0.00,0.00,0.00,219.83,0.21,32.27,217.39,0.21,46.49,215.98,0.21,27.72
216.58,0.63,136.53,0.00,0.00,0.00,215.88,0.21,31.95,217.66,0.21,46.35,218.46,0.20,27.20
219.85,0.64,140.45,0.00,0.00,0.00,219.15,0.21,31.48,218.83,0.21,46.91,217.14,0.21,28.25
217.14,0.63,136.13,0.00,0.00,0.00,216.44,0.21,30.85,215.61,0.21,45.61,216.26,0.21,27.37
218.69,0.62,136.50,0.00,0.00,0.00,217.99,0.21,32.31,215.70,0.21,45.45,215.14,0.20,25.88
221.97,0.63,139.79,0.00,0.00,0.00,221.27,0.21,31.55,216.11,0.21,45.73,216.01,0.21,27.13
219.93,0.64,140.20,0.00,0.00,0.00,219.23,0.21,31.64,219.40,0.21,47.16,214.03,0.21,26.84
218.44,0.63,137.39,0.00,0.00,0.00,217.74,0.21,32.10,213.70,0.21,44.64,214.76,0.21,26.81
220.50,0.64,141.61,0.00,0.00,0.00,219.80,0.22,32.69,218.36,0.21,46.74,217.06,0.21,28.00
217.42,0.64,138.34,0.00,0.00,0.00,216.72,0.22,31.90,213.37,0.21,44.79,215.88,0.21,26.79
219.22,0.64,140.57,0.00,0.00,0.00,218.52,0.21,31.33,216.66,0.21,46.14,218.21,0.22,28.27
220.56,0.63,138.69,0.00,0.00,0.00,219.86,0.21,31.46,214.01,0.21,45.21,216.83,0.21,27.04
216.79,0.63,137.37,0.00,0.00,0.00,216.09,0.21,32.33,217.38,0.21,46.37,216.07,0.21,27.43
219.96,0.63,138.47,0.00,0.00,0.00,219.26,0.21,31.52,217.22,0.21,46.05,215.39,0.21,26.94
217.59,0.63,137.98,0.00,0.00,0.00,216.89,0.21,30.86,216.58,0.21,45.84,215.79,0.21,27.76
218.01,0.63,137.88,0.00,0.00,0.00,217.31,0.21,31.84,216.11,0.21,45.68,216.45,0.21,27.17
216.72,0.63,136.87,0.00,0.00,0.00,216.02,0.21,31.02,217.56,0.21,46.49,216.37,0.21,27.06
218.75,0.64,140.00,0.00,0.00,0.00,218.05,0.21,32.20,219.45,0.21,47.05,219.23,0.21,27.92
219.16,0.63,137.16,0.00,0.00,0.00,218.46,0.21,31.63,214.33,0.21,45.02,212.47,0.20,26.10
218.71,0.64,139.28,0.00,0.00,0.00,218.01,0.21,31.82,217.66,0.21,46.26,217.57,0.21,27.78
218.62,0.64,139.38,0.00,0.00,0.00,217.92,0.21,32.15,219.04,0.21,46.83,215.53,0.21,27.19
215.97,0.62,134.49,0.00,0.00,0.00,215.27,0.21,32.12,213.78,0.21,44.74,216.64,0.20,26.28
219.67,0.64,140.69,0.00,0.00,0.00,218.97,0.21,31.53,218.10,0.21,46.47,216.83,0.22,27.75
219.85,0.63,138.04,0.00,0.00,0.00,219.15,0.21,31.75,215.65,0.21,45.62,214.59,0.20,26.90
215.84,0.64,137.56,0.00,0.00,0.00,215.14,0.21,31.58,216.31,0.21,45.63,218.29,0.21,28.04
219.34,0.63,138.57,0.00,0.00,0.00,218.64,0.21,31.80,218.60,0.21,46.57,215.56,0.21,26.63
218.99,0.63,138.28,0.00,0.00,0.00,218.29,0.21,30.93,214.34,0.21,45.10,215.95,0.21,26.54
219.11,0.64,139.67,0.00,0.00,0.00,218.41,0.22,32.90,218.21,0.21,46.56,216.51,0.21,26.86
218.02,0.63,137.17,0.00,0.00,0.00,217.32,0.21,30.97,218.17,0.21,46.69,217.82,0.21,27.31
219.26,0.64,139.75,0.00,0.00,0.00,218.56,0.22,31.92,217.98,0.21,46.66,216.58,0.21,28.13
221.04,0.63,139.92,0.00,0.00,0.00,220.34,0.21,31.19,216.58,0.21,45.84,217.77,0.21,27.59
220.70,0.63,138.80,0.00,0.00,0.00,220.00,0.21,31.92,215.92,0.21,45.32,215.53,0.21,26.62
219.91,0.64,140.08,0.00,0.00,0.00,219.21,0.21,31.32,214.19,0.21,45.21,218.46,0.21,28.01
219.82,0.63,139.17,0.00,0.00,0.00,219.12,0.21,31.36,218.59,0.21,46.73,215.40,0.21,26.87
216.50,0.63,136.96,0.00,0.00,0.00,215.80,0.21,31.66,217.79,0.21,46.33,216.59,0.21,27.16
219.59,0.63,138.93,0.00,0.00,0.00,218.89,0.21,32.17,217.93,0.21,46.40,216.21,0.21,26.82
219.10,0.63,138.44,0.00,0.00,0.00,218.40,0.21,31.41,216.58,0.21,45.88,217.32,0.21,27.47
219.69,0.63,139.40,0.00,0.00,0.00,218.99,0.21,31.80,216.96,0.21,46.04,216.09,0.21,27.34
217.95,0.63,136.89,0.00,0.00,0.00,217.25,0.21,31.41,216.51,0.21,46.06,214.55,0.20,25.95
220.35,0.63,139.40,0.00,0.00,0.00,219.65,0.21,31.73,213.73,0.21,44.76,221.54,0.21,27.55
218.87,0.62,136.61,0.00,0.00,0.00,218.17,0.21,30.87,217.36,0.21,46.24,214.65,0.20,25.71
219.09,0.63,137.80,0.00,0.00,0.00,218.39,0.20,29.37,215.98,0.21,45.58,216.74,0.21,27.86
220.03,0.64,140.19,0.00,0.00,0.00,219.33,0.21,31.46,218.07,0.21,46.42,214.74,0.21,27.22
220.93,0.64,140.79,0.00,0.00,0.00,220.23,0.22,32.94,218.19,0.21,46.70,217.83,0.21,26.97
218.90,0.63,138.85,0.00,0.00,0.00,218.20,0.21,32.09,216.32,0.21,45.66,215.21,0.21,26.22
218.34,0.64,138.92,0.00,0.00,0.00,217.64,0.21,30.88,218.72,0.21,46.94,217.31,0.21,27.80
218.77,0.63,137.87,0.00,0.00,0.00,218.07,0.21,31.36,217.48,0.21,46.26,216.78,0.20,26.98
219.25,0.63,139.20,0.00,0.00,0.00,218.55,0.21,32.31,218.08,0.21,46.51,218.18,0.21,27.67
219.64,0.63,138.28,0.00,0.00,0.00,218.94,0.21,31.90,214.58,0.21,45.09,214.97,0.21,26.73
217.46,0.63,137.89,0.00,0.00,0.00,216.76,0.21,32.19,218.25,0.21,45.65,217.01,0.21,27.23
219.10,0.63,138.22,0.00,0.00,0.00,218.40,0.21,31.76,217.81,0.21,46.50,216.47,0.20,26.71
218.56,0.63,136.80,0.00,0.00,0.00,217.86,0.21,31.11,217.58,0.21,46.51,218.34,0.20,27.21
220.07,0.64,140.23,0.00,0.00,0.00,219.37,0.22,32.92,219.86,0.21,47.15,216.41,0.21,26.75
218.53,0.63,137.30,0.00,0.00,0.00,217.83,0.21,31.34,215.56,0.21,45.63,218.02,0.21,27.10
218.74,0.63,138.53,0.00,0.00,0.00,218.04,0.21,31.71,217.78,0.21,46.40,215.04,0.21,27.05
217.34,0.64,138.42,0.00,0.00,0.00,216.64,0.21,31.66,217.66,0.21,46.34,217.71,0.21,27.47
219.59,0.64,139.47,0.00,0.00,0.00,218.89,0.22,33.02,218.31,0.21,46.60,216.88,0.20,27.12
217.46,0.63,137.52,0.00,0.00,0.00,216.76,0.21,30.90,215.45,0.21,45.30,217.89,0.21,27.26
220.01,0.63,139.12,0.00,0.00,0.00,219.31,0.21,31.65,217.82,0.21,46.37,215.64,0.21,26.01
219.22,0.64,139.21,0.00,0.00,0.00,218.52,0.22,32.46,218.41,0.21,46.71,217.29,0.21,27.19
218.00,0.63,137.95,0.00,0.00,0.00,217.30,0.21,31.79,218.37,0.21,46.76,216.28,0.21,27.47
220.03,0.63,138.76,0.00,0.00,0.00,219.33,0.21,31.57,215.57,0.21,45.31,214.98,0.21,26.89
220.14,0.63,139.22,0.00,0.00,0.00,219.44,0.21,31.41,214.33,0.21,44.42,217.01,0.21,27.52
219.32,0.62,136.44,0.00,0.00,0.00,218.62,0.21,30.77,214.27,0.21,44.81,215.16,0.20,26.61
219.36,0.63,137.32,0.00,0.00,0.00,218.66,0.21,29.94,215.41,0.21,45.40,213.80,0.21,26.22
216.81,0.64,138.42,0.00,0.00,0.00,216.11,0.21,31.96,217.06,0.21,46.06,215.15,0.21,27.10
219.56,0.62,137.20,0.00,0.00,0.00,218.86,0.21,31.19,218.08,0.21,46.53,213.83,0.20,25.67
218.02,0.62,134.87,0.00,0.00,0.00,217.33,0.21,30.55,213.89,0.21,44.86,213.20,0.20,26.04
218.69,0.64,139.79,0.00,0.00,0.00,217.99,0.21,32.10,218.95,0.21,46.79,216.65,0.21,27.50
217.25,0.63,136.28,0.00,0.00,0.00,216.55,0.21,30.98,214.34,0.21,45.00,216.55,0.21,27.14
218.84,0.62,135.80,0.00,0.00,0.00,218.14,0.21,30.57,215.94,0.21,45.50,211.64,0.20,24.93
218.09,0.63,138.27,0.00,0.00,0.00,217.39,0.21,30.97,217.34,0.21,46.28,217.08,0.21,27.65
218.68,0.63,137.78,0.00,0.00,0.00,217.98,0.21,31.62,215.04,0.21,45.06,216.40,0.21,26.99
217.98,0.63,136.81,0.00,0.00,0.00,217.28,0.21,31.68,215.84,0.21,45.62,216.35,0.20,27.12
218.82,0.63,138.10,0.00,0.00,0.00,218.12,0.21,32.36,216.04,0.21,45.63,216.44,0.21,26.99
216.99,0.62,135.56,0.00,0.00,0.00,216.29,0.21,30.37,216.78,0.21,45.81,217.36,0.20,27.30
219.89,0.63,139.09,0.00,0.00,0.00,219.19,0.21,31.65,218.55,0.21,46.71,215.32,0.21,26.83
216.68,0.63,136.38,0.00,0.00,0.00,215.98,0.21,30.43,217.47,0.21,46.41,216.69,0.21,27.73
219.02,0.63,137.01,0.00,0.00,0.00,218.32,0.21,31.07,216.79,0.21,46.17,215.60,0.20,26.49
218.50,0.63,137.22,0.00,0.00,0.00,217.80,0.21,31.36,217.84,0.21,46.54,216.53,0.20,27.43
217.17,0.63,137.34,0.00,0.00,0.00,216.47,0.21,31.15,218.16,0.21,46.34,216.70,0.21,27.57
217.82,0.63,136.45,0.00,0.00,0.00,217.12,0.21,31.51,216.38,0.21,45.80,216.04,0.20,26.79
218.42,0.63,138.46,0.00,0.00,0.00,217.72,0.21,32.35,217.21,0.21,46.23,216.70,0.21,27.50
217.99,0.62,135.06,0.00,0.00,0.00,217.29,0.21,31.36,216.26,0.21,45.62,211.87,0.20,24.95
218.33,0.63,137.11,0.00,0.00,0.00,217.63,0.22,32.68,217.61,0.21,46.37,212.55,0.20,25.63
218.50,0.63,138.16,0.00,0.00,0.00,217.80,0.21,31.61,218.15,0.21,46.48,218.59,0.21,27.75
218.66,0.63,137.54,0.00,0.00,0.00,217.96,0.21,32.27,216.11,0.21,45.84,215.63,0.20,26.64
219.23,0.63,137.86,0.00,0.00,0.00,218.53,0.21,31.11,217.34,0.21,46.00,215.93,0.20,27.50
217.07,0.62,134.59,0.00,0.00,0.00,216.37,0.21,31.40,214.29,0.21,44.62,214.35,0.20,26.48
221.07,0.63,138.33,0.00,0.00,0.00,220.37,0.21,31.17,218.71,0.21,46.72,216.06,0.20,26.52
215.26,0.63,136.39,0.00,0.00,0.00,214.56,0.22,33.04,216.24,0.21,45.97,216.12,0.20,26.77
221.23,0.63,139.64,0.00,0.00,0.00,220.53,0.21,31.32,217.39,0.21,46.20,215.40,0.21,27.15
217.84,0.63,136.49,0.00,0.00,0.00,217.14,0.21,31.23,223.08,0.22,48.51,214.50,0.20,25.19
218.20,0.63,138.28,0.00,0.00,0.00,217.50,0.22,33.20,218.90,0.21,46.89,216.44,0.20,27.31
217.30,0.63,136.33,0.00,0.00,0.00,216.60,0.21,30.44,217.28,0.21,46.15,218.02,0.20,27.34
215.91,0.63,135.62,0.00,0.00,0.00,215.21,0.22,32.11,214.21,0.21,44.88,215.95,0.20,26.47
217.93,0.62,135.90,0.00,0.00,0.00,217.23,0.21,30.74,213.92,0.21,44.74,218.35,0.21,27.51
217.88,0.63,136.66,0.00,0.00,0.00,217.18,0.21,30.98,217.12,0.21,46.16,215.78,0.20,26.94
219.79,0.63,138.51,0.00,0.00,0.00,219.09,0.21,31.00,216.95,0.21,46.01,215.05,0.21,27.10
218.25,0.64,138.70,0.00,0.00,0.00,217.55,0.22,33.00,218.62,0.21,46.80,216.38,0.21,26.92
221.98,0.63,139.07,0.00,0.00,0.00,221.28,0.21,31.65,217.81,0.21,46.78,217.49,0.20,26.71
219.73,0.63,138.49,0.00,0.00,0.00,219.03,0.21,31.69,217.88,0.21,46.55,215.71,0.20,26.87
220.47,0.63,138.86,0.00,0.00,0.00,219.77,0.21,32.42,215.77,0.21,45.52,216.28,0.20,26.65
219.16,0.62,136.78,0.00,0.00,0.00,218.46,0.21,30.75,218.12,0.21,46.56,214.88,0.20,26.14
218.40,0.63,137.88,0.00,0.00,0.00,217.70,0.22,32.80,217.74,0.21,46.21,216.07,0.20,26.57
219.83,0.63,139.54,0.00,0.00,0.00,219.13,0.22,33.45,215.56,0.21,45.26,216.96,0.21,27.48
217.56,0.63,137.07,0.00,0.00,0.00,216.86,0.22,32.95,217.47,0.21,46.17,215.64,0.20,26.43
220.61,0.63,138.81,0.00,0.00,0.00,219.91,0.22,32.75,215.85,0.21,45.76,216.37,0.20,26.86
215.77,0.62,134.43,0.00,0.00,0.00,215.07,0.21,30.97,218.02,0.21,45.62,216.64,0.20,26.73
219.37,0.62,136.78,0.00,0.00,0.00,218.67,0.21,31.77,219.97,0.21,47.29,213.87,0.20,25.29
218.37,0.63,138.64,0.00,0.00,0.00,217.67,0.21,32.11,219.22,0.21,46.84,217.70,0.21,27.50
218.58,0.62,135.96,0.00,0.00,0.00,217.88,0.21,31.24,216.57,0.21,45.84,212.57,0.20,25.47
219.35,0.63,138.98,0.00,0.00,0.00,218.65,0.22,32.49,219.30,0.21,47.06,217.39,0.20,27.52
217.90,0.62,135.29,0.00,0.00,0.00,217.20,0.21,31.44,215.80,0.21,45.55,215.19,0.20,26.67
221.02,0.63,138.61,0.00,0.00,0.00,220.32,0.21,31.62,219.06,0.21,46.77,215.81,0.20,26.73
218.24,0.62,135.42,0.00,0.00,0.00,217.54,0.21,31.69,214.49,0.21,44.81,218.57,0.20,27.10
219.36,0.63,137.38,0.00,0.00,0.00,218.66,0.21,32.08,214.63,0.21,45.06,216.38,0.20,26.54
218.73,0.63,137.33,0.00,0.00,0.00,218.03,0.22,32.16,215.97,0.21,45.61,215.79,0.20,26.50
221.82,0.63,138.77,0.00,0.00,0.00,221.12,0.21,31.74,218.45,0.21,46.67,215.53,0.20,25.67
218.20,0.63,136.95,0.00,0.00,0.00,217.50,0.21,31.50,217.19,0.21,46.04,216.97,0.20,26.84
219.29,0.62,136.85,0.00,0.00,0.00,218.59,0.21,31.36,216.98,0.21,46.21,215.35,0.20,26.43
217.98,0.63,137.63,0.00,0.00,0.00,217.28,0.21,31.49,217.44,0.21,46.27,217.15,0.21,27.45
218.48,0.63,137.36,0.00,0.00,0.00,217.78,0.21,31.64,216.66,0.21,46.03,215.53,0.21,26.91
219.98,0.63,137.73,0.00,0.00,0.00,219.28,0.21,31.39,215.56,0.21,45.26,216.34,0.20,26.79
216.90,0.62,134.19,0.00,0.00,0.00,216.20,0.21,31.71,212.89,0.21,44.21,214.41,0.20,25.54
224.50,0.63,140.58,0.00,0.00,0.00,223.80,0.21,31.66,216.29,0.21,45.57,217.82,0.20,26.73
217.63,0.63,136.05,0.00,0.00,0.00,216.93,0.21,31.44,216.76,0.21,45.97,216.56,0.20,26.45
215.89,0.63,136.15,0.00,0.00,0.00,215.19,0.22,32.77,216.07,0.21,45.25,215.86,0.21,26.60
216.36,0.61,132.92,0.00,0.00,0.00,215.66,0.21,30.48,215.01,0.21,45.06,214.95,0.20,25.35
221.75,0.63,139.62,0.00,0.00,0.00,221.05,0.21,30.97,218.15,0.21,46.67,217.37,0.20,26.66
217.39,0.63,136.00,0.00,0.00,0.00,216.69,0.21,31.64,215.21,0.21,45.43,216.92,0.20,26.86
216.13,0.63,136.90,0.00,0.00,0.00,215.43,0.22,33.67,218.40,0.21,46.70,215.61,0.20,26.35
219.18,0.62,136.04,0.00,0.00,0.00,218.48,0.21,31.30,214.49,0.21,45.08,214.62,0.20,26.11
217.93,0.63,136.66,0.00,0.00,0.00,217.23,0.21,30.56,216.37,0.21,45.87,216.38,0.20,26.79
220.70,0.63,139.10,0.00,0.00,0.00,220.00,0.21,31.58,215.95,0.21,45.68,217.67,0.20,26.84
218.45,0.62,134.51,0.00,0.00,0.00,217.75,0.21,31.14,212.66,0.21,44.03,214.07,0.20,25.47
219.65,0.63,137.81,0.00,0.00,0.00,218.95,0.22,31.89,214.74,0.21,45.05,216.07,0.20,26.42
217.36,0.62,135.38,0.00,0.00,0.00,216.66,0.21,31.59,213.80,0.21,44.48,216.80,0.20,27.09
218.81,0.62,136.53,0.00,0.00,0.00,218.11,0.21,31.13,214.80,0.21,44.90,216.24,0.21,26.76
216.64,0.62,134.70,0.00,0.00,0.00,215.94,0.21,30.11,218.55,0.21,46.51,216.30,0.20,26.61
218.07,0.63,136.51,0.00,0.00,0.00,217.37,0.21,32.34,215.01,0.21,45.04,215.11,0.20,26.33
220.63,0.63,138.28,0.00,0.00,0.00,219.93,0.21,31.05,217.91,0.21,46.38,217.21,0.20,26.96
219.33,0.62,136.88,0.00,0.00,0.00,218.63,0.21,31.38,218.22,0.21,46.53,216.19,0.20,26.64
220.76,0.63,139.30,0.00,0.00,0.00,220.06,0.21,32.06,218.68,0.21,46.77,216.40,0.20,26.98
218.09,0.62,135.57,0.00,0.00,0.00,217.39,0.21,30.21,213.99,0.21,44.72,217.00,0.20,26.82
219.49,0.63,138.44,0.00,0.00,0.00,218.79,0.21,31.45,218.72,0.21,46.76,216.72,0.20,26.87
218.58,0.63,137.72,0.00,0.00,0.00,217.88,0.21,31.74,218.89,0.21,46.77,217.27,0.20,26.97
217.45,0.63,137.01,0.00,0.00,0.00,216.75,0.22,32.93,216.19,0.21,45.77,215.49,0.20,26.71
220.02,0.63,138.30,0.00,0.00,0.00,219.32,0.22,32.20,218.86,0.21,46.79,215.14,0.20,25.57
217.83,0.62,135.64,0.00,0.00,0.00,217.13,0.21,31.92,216.45,0.21,45.79,213.77,0.20,25.10
220.73,0.63,138.35,0.00,0.00,0.00,220.03,0.21,31.08,217.39,0.21,46.33,216.47,0.20,26.68
216.30,0.62,134.69,0.00,0.00,0.00,215.60,0.21,31.03,219.04,0.21,46.96,215.34,0.20,25.75
217.05,0.63,136.06,0.00,0.00,0.00,216.35,0.22,32.73,213.57,0.21,44.73,216.56,0.20,26.49
219.76,0.62,137.35,0.00,0.00,0.00,219.06,0.21,30.90,218.69,0.21,46.81,216.78,0.20,26.71
214.51,0.62,133.76,0.00,0.00,0.00,213.81,0.21,30.75,215.81,0.21,45.45,214.81,0.20,26.39
220.00,0.62,136.62,0.00,0.00,0.00,219.30,0.22,32.65,217.55,0.21,45.84,214.94,0.19,25.02
218.60,0.63,137.23,0.00,0.00,0.00,217.90,0.21,31.76,217.87,0.21,46.14,217.71,0.20,27.07
220.01,0.63,137.55,0.00,0.00,0.00,219.31,0.21,30.48,215.09,0.21,45.19,216.29,0.20,26.51
216.51,0.62,134.71,0.00,0.00,0.00,215.81,0.21,32.36,214.04,0.21,44.60,216.77,0.20,26.23
217.50,0.62,135.69,0.00,0.00,0.00,216.80,0.21,31.23,215.73,0.21,45.64,216.72,0.20,26.83
219.89,0.62,137.35,0.00,0.00,0.00,219.19,0.21,31.21,215.79,0.21,45.76,215.72,0.20,26.11
217.71,0.62,135.67,0.00,0.00,0.00,217.01,0.21,31.57,215.17,0.21,44.99,216.96,0.20,26.69
219.50,0.62,137.17,0.00,0.00,0.00,218.80,0.21,30.84,217.15,0.21,46.40,215.73,0.20,26.22
221.03,0.62,137.47,0.00,0.00,0.00,220.33,0.21,31.75,215.75,0.21,45.65,215.85,0.20,26.47
215.18,0.63,135.33,0.00,0.00,0.00,214.48,0.22,32.56,217.61,0.21,46.19,217.70,0.20,27.04
219.26,0.62,136.90,0.00,0.00,0.00,218.56,0.21,31.24,216.08,0.21,45.91,215.67,0.20,26.21
218.64,0.62,135.76,0.00,0.00,0.00,217.94,0.21,31.80,216.93,0.21,45.56,215.11,0.20,25.51
223.23,0.63,139.66,0.00,0.00,0.00,222.53,0.21,32.20,214.27,0.21,44.76,215.50,0.20,26.45
219.82,0.62,137.34,0.00,0.00,0.00,219.12,0.21,32.45,214.06,0.21,44.56,217.68,0.20,26.84
217.55,0.63,136.28,0.00,0.00,0.00,216.85,0.21,31.90,216.13,0.21,45.33,217.37,0.20,26.90
219.21,0.62,135.69,0.00,0.00,0.00,218.51,0.21,31.01,214.69,0.21,45.05,214.29,0.20,25.34
221.07,0.63,138.38,0.00,0.00,0.00,220.37,0.21,30.88,218.19,0.21,46.61,218.00,0.20,27.23
221.21,0.62,137.27,0.00,0.00,0.00,220.51,0.21,30.63,216.93,0.21,46.00,216.09,0.20,26.31
217.84,0.62,135.91,0.00,0.00,0.00,217.14,0.21,30.91,217.45,0.21,46.19,216.08,0.20,26.57
216.18,0.63,136.19,0.00,0.00,0.00,215.48,0.22,32.88,218.24,0.21,46.71,213.43,0.20,25.62
220.09,0.63,137.56,0.00,0.00,0.00,219.39,0.21,30.69,216.35,0.21,45.94,216.69,0.20,26.73
217.76,0.62,135.62,0.00,0.00,0.00,217.06,0.21,30.49,217.74,0.21,45.96,216.95,0.20,26.80
218.63,0.62,136.56,0.00,0.00,0.00,217.93,0.21,31.60,215.00,0.21,44.98,216.67,0.20,26.57
220.27,0.63,137.81,0.00,0.00,0.00,219.57,0.21,31.39,217.76,0.21,46.33,217.75,0.20,26.52
220.37,0.62,137.44,0.00,0.00,0.00,219.67,0.21,31.24,217.35,0.21,45.93,217.11,0.20,26.62
219.76,0.62,137.15,0.00,0.00,0.00,219.06,0.21,31.50,217.69,0.21,46.35,217.03,0.20,26.22
215.55,0.63,135.46,0.00,0.00,0.00,214.85,0.22,32.51,216.34,0.21,45.70,217.04,0.20,26.76
219.62,0.62,136.90,0.00,0.00,0.00,218.92,0.21,31.21,216.91,0.21,46.14,214.48,0.20,25.93
220.40,0.62,137.21,0.00,0.00,0.00,219.70,0.21,31.34,214.67,0.21,44.91,214.72,0.20,25.70
218.22,0.62,135.91,0.00,0.00,0.00,217.52,0.21,31.88,216.77,0.21,45.95,215.25,0.20,26.22
220.37,0.63,137.94,0.00,0.00,0.00,219.67,0.21,31.15,218.79,0.21,46.46,215.77,0.20,26.54
215.41,0.62,134.54,0.00,0.00,0.00,214.71,0.21,32.17,216.88,0.21,45.35,216.32,0.20,26.52
219.63,0.62,136.05,0.00,0.00,0.00,218.93,0.21,31.45,217.04,0.21,45.93,215.01,0.20,25.83
218.96,0.63,137.09,0.00,0.00,0.00,218.26,0.21,31.62,217.18,0.21,46.08,217.60,0.20,27.17
220.20,0.62,135.71,0.00,0.00,0.00,219.50,0.21,30.44,212.90,0.21,44.21,215.16,0.20,26.41
218.94,0.62,135.18,0.00,0.00,0.00,218.24,0.21,31.32,216.89,0.21,45.76,214.39,0.19,24.98
219.10,0.62,135.78,0.00,0.00,0.00,218.40,0.21,30.61,216.08,0.21,45.53,216.46,0.20,26.83
218.12,0.63,136.38,0.00,0.00,0.00,217.42,0.21,32.38,216.67,0.21,45.67,217.45,0.20,26.67
217.62,0.63,136.13,0.00,0.00,0.00,216.92,0.21,30.98,218.29,0.21,46.44,217.53,0.20,26.77
218.40,0.61,134.06,0.00,0.00,0.00,217.70,0.21,30.37,214.32,0.21,44.78,213.34,0.20,25.00
219.02,0.62,136.37,0.00,0.00,0.00,218.32,0.21,31.22,216.88,0.21,45.68,217.83,0.20,26.51
215.93,0.62,134.09,0.00,0.00,0.00,215.23,0.21,32.03,212.99,0.21,44.16,217.88,0.20,26.65
219.81,0.62,136.34,0.00,0.00,0.00,219.11,0.21,31.10,217.77,0.21,46.32,215.98,0.20,26.07
220.34,0.62,136.70,0.00,0.00,0.00,219.64,0.21,32.09,215.74,0.21,45.30,216.07,0.20,26.06
217.70,0.62,135.21,0.00,0.00,0.00,217.00,0.21,30.70,216.44,0.21,45.52,216.37,0.20,26.68
216.95,0.63,136.20,0.00,0.00,0.00,216.25,0.22,32.78,218.06,0.21,46.61,216.49,0.20,26.51
212.35,0.62,131.15,0.00,0.00,0.00,211.65,0.21,30.84,213.60,0.21,44.66,217.24,0.20,26.44
220.21,0.62,137.28,0.00,0.00,0.00,219.51,0.21,32.16,216.39,0.21,45.64,216.59,0.20,26.12
219.03,0.62,136.34,0.00,0.00,0.00,218.33,0.21,30.85,217.20,0.21,46.20,217.42,0.20,27.13
219.08,0.63,137.18,0.00,0.00,0.00,218.38,0.22,33.29,217.95,0.21,46.24,216.01,0.20,25.96
220.80,0.62,136.76,0.00,0.00,0.00,220.10,0.21,30.72,213.87,0.21,44.80,217.48,0.20,26.81
218.73,0.62,135.50,0.00,0.00,0.00,218.03,0.21,30.49,218.02,0.21,46.31,215.59,0.20,26.31
223.11,0.62,139.03,0.00,0.00,0.00,222.41,0.21,31.72,217.34,0.21,46.21,215.45,0.20,26.34
217.37,0.62,134.60,0.00,0.00,0.00,216.67,0.21,30.90,217.71,0.21,46.19,217.06,0.20,26.64
222.14,0.62,136.74,0.00,0.00,0.00,221.44,0.21,30.62,214.47,0.21,44.79,215.90,0.20,26.00
216.44,0.62,133.93,0.00,0.00,0.00,215.74,0.21,31.92,214.93,0.21,45.12,215.60,0.20,26.18
219.20,0.62,136.57,0.00,0.00,0.00,218.50,0.21,31.78,215.31,0.21,45.53,216.38,0.20,26.22
218.35,0.62,135.37,0.00,0.00,0.00,217.65,0.21,31.26,218.56,0.21,46.77,216.28,0.19,26.04
218.62,0.62,135.39,0.00,0.00,0.00,217.92,0.21,30.43,213.15,0.21,44.43,218.23,0.20,26.86
220.87,0.62,136.39,0.00,0.00,0.00,220.17,0.21,31.15,218.18,0.21,46.43,214.80,0.19,25.60
218.93,0.62,134.97,0.00,0.00,0.00,218.23,0.21,30.72,214.50,0.21,44.91,217.98,0.20,26.55
219.72,0.61,134.73,0.00,0.00,0.00,219.02,0.21,31.74,210.94,0.21,43.71,210.83,0.19,24.02
215.96,0.62,133.73,0.00,0.00,0.00,215.26,0.21,31.39,217.04,0.21,46.12,217.15,0.20,26.40
219.80,0.62,135.46,0.00,0.00,0.00,219.10,0.21,30.73,215.33,0.21,45.33,215.48,0.19,26.14
216.91,0.63,136.29,0.00,0.00,0.00,216.21,0.22,33.02,218.52,0.21,46.65,216.71,0.20,26.47
219.39,0.63,137.48,0.00,0.00,0.00,218.69,0.22,32.50,219.27,0.21,47.07,217.80,0.20,26.67
219.92,0.62,135.43,0.00,0.00,0.00,219.22,0.21,31.08,214.98,0.21,44.90,215.04,0.20,26.03
219.19,0.62,135.72,0.00,0.00,0.00,218.49,0.21,31.31,216.24,0.21,45.55,216.61,0.20,26.66
218.23,0.62,135.13,0.00,0.00,0.00,217.53,0.21,31.66,215.29,0.21,45.39,216.00,0.20,26.40
217.33,0.62,135.43,0.00,0.00,0.00,216.63,0.21,31.19,218.51,0.21,46.59,217.38,0.20,26.42
218.83,0.62,135.43,0.00,0.00,0.00,218.13,0.21,31.17,215.17,0.21,45.01,218.19,0.20,26.54
221.30,0.62,136.38,0.00,0.00,0.00,220.60,0.21,32.00,212.72,0.21,44.35,216.77,0.19,26.15
218.14,0.62,135.95,0.00,0.00,0.00,217.44,0.21,32.37,217.10,0.21,45.84,217.52,0.20,26.21
218.02,0.62,134.79,0.00,0.00,0.00,217.32,0.21,30.38,217.40,0.21,46.30,217.58,0.20,26.39
218.84,0.62,135.46,0.00,0.00,0.00,218.14,0.21,31.94,215.90,0.21,45.17,216.79,0.20,26.16
220.70,0.62,136.57,0.00,0.00,0.00,220.00,0.21,31.48,215.83,0.21,45.37,215.51,0.20,26.35
220.40,0.62,136.26,0.00,0.00,0.00,219.70,0.21,31.24,215.92,0.21,45.33,216.21,0.20,26.24
218.67,0.62,134.52,0.00,0.00,0.00,217.97,0.21,31.85,214.29,0.21,44.73,213.89,0.19,25.65
218.00,0.61,133.95,0.00,0.00,0.00,217.30,0.21,31.38,213.25,0.21,44.35,215.71,0.20,25.99
220.85,0.62,136.87,0.00,0.00,0.00,220.15,0.21,31.90,216.19,0.21,45.48,217.33,0.20,26.45
219.20,0.61,134.56,0.00,0.00,0.00,218.50,0.21,31.64,212.06,0.21,43.87,218.75,0.19,26.10
219.26,0.62,135.64,0.00,0.00,0.00,218.56,0.21,32.36,215.82,0.21,45.05,216.83,0.19,26.14
215.94,0.63,135.48,0.00,0.00,0.00,215.24,0.22,33.19,222.15,0.21,47.90,214.99,0.20,25.82
219.20,0.61,134.72,0.00,0.00,0.00,218.50,0.21,32.22,215.05,0.21,45.05,214.00,0.19,24.62
219.20,0.63,137.35,0.00,0.00,0.00,218.50,0.22,32.95,215.23,0.21,45.66,219.21,0.20,26.87
218.63,0.62,134.52,0.00,0.00,0.00,217.93,0.21,32.18,214.02,0.21,44.67,216.34,0.19,25.74
219.26,0.62,135.87,0.00,0.00,0.00,218.56,0.21,31.63,215.83,0.21,45.17,217.07,0.20,26.26
219.01,0.62,136.27,0.00,0.00,0.00,218.31,0.21,32.27,217.74,0.21,46.07,215.54,0.20,26.24
219.24,0.62,136.76,0.00,0.00,0.00,218.54,0.21,32.38,216.97,0.21,45.95,217.12,0.20,26.21
216.61,0.61,132.33,0.00,0.00,0.00,215.91,0.21,30.06,217.12,0.21,46.26,212.97,0.19,24.72
220.93,0.61,135.33,0.00,0.00,0.00,220.23,0.21,29.91,215.83,0.21,45.62,215.59,0.19,25.61
214.49,0.62,133.51,0.00,0.00,0.00,213.79,0.21,31.18,215.93,0.21,45.46,217.25,0.20,26.65
219.92,0.62,136.11,0.00,0.00,0.00,219.22,0.21,30.84,215.26,0.21,45.54,215.89,0.20,26.21
216.70,0.63,135.64,0.00,0.00,0.00,216.00,0.21,32.05,221.53,0.21,47.66,216.44,0.20,26.46
217.05,0.62,134.53,0.00,0.00,0.00,216.35,0.21,32.32,217.25,0.21,45.91,216.45,0.19,25.91
217.48,0.62,135.18,0.00,0.00,0.00,216.78,0.21,31.22,218.32,0.21,46.60,216.77,0.20,25.98
219.33,0.62,135.85,0.00,0.00,0.00,218.63,0.21,31.65,215.36,0.21,45.54,216.36,0.20,26.47
218.77,0.62,134.85,0.00,0.00,0.00,218.07,0.21,31.09,217.11,0.21,45.95,214.35,0.19,25.64
215.75,0.62,133.00,0.00,0.00,0.00,215.05,0.21,31.53,216.02,0.21,45.57,215.35,0.19,25.67
218.51,0.62,135.55,0.00,0.00,0.00,217.81,0.21,32.34,212.57,0.21,44.04,215.70,0.20,26.43
218.24,0.62,134.48,0.00,0.00,0.00,217.54,0.22,32.26,217.80,0.21,46.68,218.77,0.19,24.91
213.89,0.62,131.98,0.00,0.00,0.00,213.19,0.21,31.64,215.38,0.21,45.25,216.82,0.20,26.29
220.15,0.62,136.34,0.00,0.00,0.00,219.45,0.21,31.28,216.19,0.21,45.46,217.48,0.20,26.36
216.58,0.61,132.79,0.00,0.00,0.00,215.88,0.21,30.70,217.33,0.21,46.09,214.76,0.19,24.88
220.10,0.62,136.12,0.00,0.00,0.00,219.40,0.21,31.65,218.23,0.21,46.48,217.18,0.19,25.51
215.27,0.62,134.11,0.00,0.00,0.00,214.57,0.21,31.40,218.22,0.21,46.42,218.07,0.20,26.68
219.85,0.63,137.67,0.00,0.00,0.00,219.15,0.22,33.57,216.55,0.21,45.88,216.26,0.20,25.82
216.87,0.62,133.42,0.00,0.00,0.00,216.17,0.21,31.00,215.59,0.21,45.17,215.56,0.20,26.09
217.28,0.61,133.28,0.00,0.00,0.00,216.58,0.21,31.65,213.66,0.21,44.58,215.03,0.19,25.40
219.31,0.61,134.29,0.00,0.00,0.00,218.61,0.21,30.96,216.49,0.21,45.53,214.67,0.19,24.84
221.11,0.62,137.36,0.00,0.00,0.00,220.41,0.21,31.78,215.50,0.21,45.55,216.22,0.20,26.35
219.04,0.63,137.06,0.00,0.00,0.00,218.34,0.21,32.57,219.16,0.21,46.60,217.31,0.20,26.43
216.42,0.62,133.65,0.00,0.00,0.00,215.72,0.21,32.18,212.63,0.21,44.15,214.69,0.20,25.63
220.33,0.63,138.80,0.00,0.00,0.00,219.63,0.22,32.83,217.55,0.21,46.39,220.06,0.20,27.64
218.32,0.61,133.80,0.00,0.00,0.00,217.62,0.21,31.76,215.03,0.21,45.24,213.93,0.19,24.95
219.25,0.62,136.50,0.00,0.00,0.00,218.55,0.22,33.11,217.40,0.21,46.35,216.43,0.19,25.94
219.62,0.62,136.69,0.00,0.00,0.00,218.92,0.21,32.00,216.95,0.21,45.99,216.66,0.20,26.24
217.54,0.62,134.70,0.00,0.00,0.00,216.84,0.21,32.17,212.61,0.21,44.55,214.30,0.20,25.67
218.36,0.62,134.49,0.00,0.00,0.00,217.66,0.21,30.86,215.29,0.21,45.16,217.39,0.20,26.41
218.19,0.61,134.01,0.00,0.00,0.00,217.49,0.21,31.08,213.75,0.21,44.85,216.52,0.19,26.13
219.40,0.62,135.85,0.00,0.00,0.00,218.70,0.21,31.30,218.10,0.21,46.43,213.75,0.19,25.56
219.54,0.62,135.96,0.00,0.00,0.00,218.84,0.21,31.60,218.16,0.21,46.36,216.43,0.19,26.21
219.53,0.62,135.39,0.00,0.00,0.00,218.83,0.21,32.14,214.78,0.21,44.91,216.21,0.19,25.64
216.95,0.61,132.58,0.00,0.00,0.00,216.25,0.21,30.18,212.36,0.21,44.12,215.67,0.19,25.84
219.02,0.61,134.61,0.00,0.00,0.00,218.32,0.21,32.08,216.62,0.21,45.44,213.77,0.19,25.24
220.36,0.62,135.66,0.00,0.00,0.00,219.66,0.21,30.88,214.76,0.21,44.71,216.34,0.20,25.99
218.13,0.61,133.88,0.00,0.00,0.00,217.43,0.21,31.39,215.58,0.21,45.28,213.53,0.19,25.26
217.48,0.61,132.83,0.00,0.00,0.00,216.78,0.21,31.32,214.43,0.21,44.68,214.26,0.19,25.54
217.65,0.61,132.94,0.00,0.00,0.00,216.95,0.21,31.13,215.91,0.21,45.29,213.92,0.19,24.50
219.52,0.61,135.00,0.00,0.00,0.00,218.82,0.21,31.33,212.52,0.21,44.20,216.98,0.19,26.28
215.79,0.63,134.90,0.00,0.00,0.00,215.09,0.22,33.29,217.79,0.21,46.29,216.71,0.20,26.21
216.10,0.61,131.90,0.00,0.00,0.00,215.40,0.21,30.91,214.92,0.21,45.22,214.37,0.19,24.83
222.74,0.62,137.11,0.00,0.00,0.00,222.04,0.21,31.97,214.18,0.21,44.57,216.62,0.19,26.21
220.59,0.61,135.51,0.00,0.00,0.00,219.89,0.21,30.77,218.18,0.21,46.39,217.30,0.19,26.15
218.88,0.62,134.73,0.00,0.00,0.00,218.18,0.21,32.07,214.66,0.21,44.99,214.67,0.19,25.26
219.39,0.62,136.76,0.00,0.00,0.00,218.69,0.21,32.10,217.81,0.21,46.42,217.57,0.20,26.39
219.48,0.62,135.22,0.00,0.00,0.00,218.78,0.21,31.67,217.64,0.21,46.32,216.50,0.19,25.61
218.45,0.62,135.77,0.00,0.00,0.00,217.75,0.21,31.00,218.60,0.21,46.58,217.84,0.20,27.13
218.20,0.62,135.56,0.00,0.00,0.00,217.50,0.21,32.01,216.20,0.21,45.89,219.24,0.20,26.80
217.28,0.62,134.83,0.00,0.00,0.00,216.58,0.21,31.07,216.26,0.21,45.69,216.84,0.20,26.57
219.34,0.62,135.57,0.00,0.00,0.00,218.64,0.21,31.95,214.17,0.21,44.75,216.19,0.20,25.65
217.19,0.62,134.11,0.00,0.00,0.00,216.49,0.21,30.76,213.32,0.21,44.54,217.41,0.20,26.99
219.52,0.61,134.32,0.00,0.00,0.00,218.82,0.21,32.22,216.35,0.21,45.57,213.77,0.19,24.18
218.71,0.61,134.26,0.00,0.00,0.00,218.01,0.21,30.34,217.73,0.21,46.18,216.73,0.19,25.78
220.15,0.62,136.64,0.00,0.00,0.00,219.45,0.21,31.49,217.06,0.21,46.31,216.93,0.19,26.16
217.95,0.62,135.06,0.00,0.00,0.00,217.25,0.21,31.62,217.68,0.21,46.58,216.47,0.19,26.21
220.54,0.62,136.07,0.00,0.00,0.00,219.84,0.21,31.43,213.65,0.21,44.72,214.97,0.19,25.73
219.56,0.62,136.55,0.00,0.00,0.00,218.86,0.21,31.04,219.38,0.21,46.83,218.13,0.20,26.76
218.97,0.62,135.27,0.00,0.00,0.00,218.27,0.21,31.83,216.13,0.21,45.94,215.66,0.19,25.92
217.34,0.62,134.04,0.00,0.00,0.00,216.64,0.21,32.09,216.57,0.21,45.72,216.26,0.19,25.83
216.87,0.62,133.95,0.00,0.00,0.00,216.17,0.21,31.00,216.16,0.21,45.59,216.44,0.19,26.06
217.72,0.62,134.98,0.00,0.00,0.00,217.02,0.22,32.65,215.56,0.21,45.44,216.79,0.19,25.92
217.76,0.62,134.11,0.00,0.00,0.00,217.06,0.21,31.20,213.64,0.21,44.54,217.16,0.20,26.06
219.80,0.62,135.20,0.00,0.00,0.00,219.10,0.21,31.39,215.90,0.21,45.28,216.67,0.19,25.97
217.79,0.61,132.58,0.00,0.00,0.00,217.09,0.21,30.80,214.02,0.21,44.67,214.10,0.19,25.01
219.11,0.62,135.55,0.00,0.00,0.00,218.41,0.22,32.43,216.75,0.21,45.90,213.94,0.19,24.69
219.36,0.62,135.32,0.00,0.00,0.00,218.66,0.21,31.67,215.18,0.21,45.25,217.31,0.19,26.46
220.87,0.62,136.83,0.00,0.00,0.00,220.17,0.21,32.35,217.08,0.21,45.78,215.64,0.19,25.92
217.90,0.62,136.12,0.00,0.00,0.00,217.20,0.21,32.41,218.85,0.21,46.77,218.42,0.20,26.72
216.36,0.61,133.03,0.00,0.00,0.00,215.66,0.21,31.29,216.23,0.21,45.44,213.22,0.19,25.26
224.55,0.62,138.78,0.00,0.00,0.00,223.85,0.21,31.34,216.25,0.21,45.91,218.05,0.20,26.42
218.69,0.61,134.39,0.00,0.00,0.00,217.99,0.21,31.05,217.24,0.21,46.15,215.62,0.19,25.95
217.91,0.62,135.79,0.00,0.00,0.00,217.21,0.22,32.15,218.43,0.21,46.66,217.61,0.19,26.29
218.46,0.62,135.24,0.00,0.00,0.00,217.76,0.21,30.88,216.37,0.21,45.72,215.91,0.20,26.23
218.17,0.61,133.79,0.00,0.00,0.00,217.47,0.21,31.53,213.28,0.21,44.50,215.49,0.19,25.95
218.45,0.61,132.48,0.00,0.00,0.00,217.75,0.21,30.05,214.84,0.21,44.83,213.87,0.19,25.00
217.74,0.61,133.56,0.00,0.00,0.00,217.04,0.21,30.80,215.84,0.21,45.24,216.10,0.19,25.79
218.85,0.62,135.09,0.00,0.00,0.00,218.15,0.21,31.32,217.62,0.21,46.03,215.76,0.19,25.90
219.19,0.62,135.77,0.00,0.00,0.00,218.49,0.21,32.05,216.60,0.21,45.95,215.01,0.19,25.55
218.62,0.61,133.79,0.00,0.00,0.00,217.92,0.21,30.98,212.51,0.21,44.10,217.36,0.19,26.16
219.48,0.62,135.09,0.00,0.00,0.00,218.78,0.21,31.52,215.35,0.21,45.02,217.37,0.20,26.31
218.13,0.62,134.61,0.00,0.00,0.00,217.43,0.21,31.70,217.71,0.21,46.06,215.86,0.19,26.05
218.51,0.62,135.56,0.00,0.00,0.00,217.81,0.22,32.29,217.08,0.21,46.14,215.33,0.19,25.47
218.10,0.61,133.43,0.00,0.00,0.00,217.40,0.21,31.60,210.72,0.21,43.76,215.88,0.19,25.79
218.61,0.62,134.73,0.00,0.00,0.00,217.91,0.21,31.92,218.76,0.21,46.71,215.36,0.19,25.87
217.27,0.61,132.77,0.00,0.00,0.00,216.57,0.21,31.49,214.28,0.21,44.74,214.95,0.19,25.38
219.56,0.61,132.84,0.00,0.00,0.00,218.86,0.21,30.68,214.24,0.21,44.76,213.35,0.19,24.33
222.43,0.61,136.75,0.00,0.00,0.00,221.73,0.21,31.55,214.55,0.21,45.04,214.30,0.19,25.73
217.75,0.62,134.60,0.00,0.00,0.00,217.05,0.22,33.14,216.21,0.21,45.62,214.10,0.19,25.27
221.24,0.62,136.84,0.00,0.00,0.00,220.54,0.21,31.13,217.95,0.21,46.28,216.00,0.19,26.01
216.59,0.61,131.82,0.00,0.00,0.00,215.89,0.21,30.96,214.53,0.21,45.03,214.17,0.19,24.89
220.10,0.62,136.06,0.00,0.00,0.00,219.40,0.21,31.54,217.76,0.21,46.24,216.08,0.19,25.70
218.77,0.61,133.40,0.00,0.00,0.00,218.07,0.21,30.54,216.57,0.21,45.72,214.32,0.19,24.67
219.25,0.61,133.22,0.00,0.00,0.00,218.55,0.21,32.22,214.98,0.21,44.89,212.89,0.19,23.83
219.51,0.62,136.21,0.00,0.00,0.00,218.81,0.21,30.97,219.32,0.21,47.04,216.25,0.19,25.65
218.62,0.62,135.30,0.00,0.00,0.00,217.92,0.21,31.25,216.86,0.21,46.04,216.40,0.20,26.39
218.92,0.62,136.54,0.00,0.00,0.00,218.22,0.22,32.24,219.07,0.21,46.73,215.84,0.19,25.52
219.04,0.61,134.64,0.00,0.00,0.00,218.34,0.21,30.52,218.39,0.21,46.69,216.19,0.19,25.80
217.42,0.61,132.91,0.00,0.00,0.00,216.72,0.21,31.67,213.70,0.21,44.39,215.49,0.19,25.36
221.80,0.62,137.14,0.00,0.00,0.00,221.10,0.21,32.00,216.87,0.21,45.62,216.02,0.20,25.88
218.35,0.61,133.18,0.00,0.00,0.00,217.65,0.21,31.48,214.07,0.21,44.69,214.88,0.19,25.57
218.80,0.62,134.85,0.00,0.00,0.00,218.10,0.21,31.38,218.22,0.21,46.54,212.70,0.19,24.97
222.48,0.61,136.69,0.00,0.00,0.00,221.78,0.21,31.34,216.60,0.21,45.61,218.53,0.19,26.10
220.26,0.62,135.82,0.00,0.00,0.00,219.56,0.21,31.50,216.36,0.21,45.69,215.47,0.19,25.78
219.42,0.62,135.89,0.00,0.00,0.00,218.72,0.21,31.38,219.29,0.21,47.08,216.32,0.19,26.09
219.62,0.62,136.05,0.00,0.00,0.00,218.92,0.21,31.31,218.74,0.21,46.65,217.55,0.19,26.31
219.36,0.62,135.59,0.00,0.00,0.00,218.66,0.22,33.11,217.24,0.21,46.22,214.85,0.19,25.67
217.25,0.62,134.05,0.00,0.00,0.00,216.55,0.21,31.39,214.33,0.21,45.04,216.71,0.20,26.08
219.17,0.61,134.46,0.00,0.00,0.00,218.47,0.21,30.72,214.83,0.21,45.25,215.50,0.19,25.38
218.71,0.62,135.83,0.00,0.00,0.00,218.01,0.21,31.61,217.11,0.21,46.16,216.66,0.19,25.82
218.79,0.62,134.58,0.00,0.00,0.00,218.09,0.21,31.87,215.74,0.21,45.61,216.61,0.19,25.57
219.26,0.61,134.63,0.00,0.00,0.00,218.56,0.21,32.24,212.86,0.21,44.09,216.60,0.19,25.76
218.70,0.61,134.12,0.00,0.00,0.00,218.00,0.21,31.33,213.61,0.21,44.58,216.27,0.19,25.79
217.79,0.62,134.76,0.00,0.00,0.00,217.09,0.21,31.45,216.71,0.21,45.65,216.67,0.19,25.90
217.75,0.62,134.58,0.00,0.00,0.00,217.05,0.21,31.64,218.22,0.21,46.52,217.31,0.19,25.96
218.78,0.61,134.06,0.00,0.00,0.00,218.08,0.21,30.92,215.49,0.21,45.20,216.82,0.19,25.44
218.39,0.62,135.16,0.00,0.00,0.00,217.69,0.21,32.07,217.89,0.21,46.09,215.92,0.19,26.05
218.79,0.61,134.07,0.00,0.00,0.00,218.09,0.21,30.65,213.87,0.21,44.38,217.39,0.19,26.17
221.34,0.62,137.02,0.00,0.00,0.00,220.64,0.21,31.23,219.56,0.21,46.89,217.01,0.19,26.12
218.40,0.61,133.85,0.00,0.00,0.00,217.70,0.21,30.85,214.58,0.21,44.74,218.12,0.19,26.40
219.06,0.61,133.99,0.00,0.00,0.00,218.36,0.21,31.58,212.98,0.21,44.15,216.93,0.19,25.98
220.96,0.62,136.05,0.00,0.00,0.00,220.26,0.21,31.43,218.88,0.21,46.71,217.00,0.19,25.73
214.98,0.62,132.94,0.00,0.00,0.00,214.28,0.21,31.12,217.51,0.21,46.19,216.40,0.19,26.28
217.18,0.62,134.41,0.00,0.00,0.00,216.48,0.22,32.64,218.12,0.21,46.21,215.55,0.19,25.49
216.94,0.61,133.03,0.00,0.00,0.00,216.24,0.21,31.15,215.33,0.21,45.20,217.66,0.19,26.26
218.80,0.61,133.19,0.00,0.00,0.00,218.10,0.21,31.06,213.54,0.21,44.28,216.40,0.19,25.58
220.18,0.62,135.98,0.00,0.00,0.00,219.48,0.21,31.78,215.21,0.21,45.12,216.11,0.19,25.81
217.45,0.62,134.04,0.00,0.00,0.00,216.75,0.21,30.86,217.56,0.21,46.31,217.72,0.19,26.11
217.40,0.62,134.62,0.00,0.00,0.00,216.70,0.21,31.63,217.49,0.21,46.24,216.96,0.19,25.68
217.85,0.62,134.61,0.00,0.00,0.00,217.15,0.21,30.87,218.91,0.21,46.79,217.18,0.19,26.02
218.22,0.62,134.81,0.00,0.00,0.00,217.52,0.21,30.94,223.06,0.22,48.64,214.87,0.19,25.28
221.31,0.62,136.15,0.00,0.00,0.00,220.61,0.21,31.71,216.95,0.21,45.75,217.43,0.19,25.46
218.99,0.62,136.42,0.00,0.00,0.00,218.29,0.21,31.17,224.31,0.22,49.02,217.14,0.19,25.98
219.76,0.62,136.07,0.00,0.00,0.00,219.06,0.21,32.42,218.53,0.21,46.61,216.07,0.19,25.71
218.35,0.62,135.26,0.00,0.00,0.00,217.65,0.21,30.97,219.25,0.21,47.00,218.26,0.19,26.51
220.03,0.62,136.37,0.00,0.00,0.00,219.33,0.22,32.79,217.80,0.21,46.36,215.57,0.19,25.28
220.76,0.62,136.96,0.00,0.00,0.00,220.06,0.21,31.06,218.50,0.21,46.69,217.35,0.19,26.11
215.98,0.62,133.36,0.00,0.00,0.00,215.28,0.21,31.62,216.98,0.21,45.96,216.45,0.19,25.76
219.33,0.62,135.09,0.00,0.00,0.00,218.63,0.21,31.43,216.19,0.21,45.59,217.00,0.19,25.97
218.57,0.62,134.97,0.00,0.00,0.00,217.87,0.21,31.45,218.85,0.21,46.73,217.30,0.19,25.79
218.54,0.62,134.82,0.00,0.00,0.00,217.84,0.21,32.17,215.91,0.21,45.72,216.00,0.19,25.62
220.44,0.62,135.79,0.00,0.00,0.00,219.74,0.21,31.39,218.19,0.21,46.63,218.39,0.19,25.99
218.16,0.61,132.17,0.00,0.00,0.00,217.46,0.21,31.16,213.27,0.21,44.37,213.55,0.19,24.44
221.04,0.62,136.98,0.00,0.00,0.00,220.34,0.22,32.64,214.65,0.21,45.02,216.52,0.19,25.90
217.75,0.61,133.66,0.00,0.00,0.00,217.05,0.21,31.82,213.23,0.21,44.32,217.45,0.19,25.82
219.62,0.62,136.33,0.00,0.00,0.00,218.92,0.22,33.19,218.82,0.21,46.75,216.29,0.19,25.61
221.68,0.62,137.21,0.00,0.00,0.00,220.98,0.21,31.21,219.23,0.21,46.83,216.89,0.19,26.32
222.10,0.62,137.71,0.00,0.00,0.00,221.40,0.21,32.33,217.28,0.21,45.88,217.31,0.19,26.00
219.01,0.62,135.41,0.00,0.00,0.00,218.31,0.21,31.22,217.50,0.21,46.34,217.79,0.19,25.92
218.76,0.61,134.16,0.00,0.00,0.00,218.06,0.21,30.77,217.13,0.21,45.87,215.57,0.19,25.38
218.37,0.62,134.99,0.00,0.00,0.00,217.67,0.21,32.31,218.01,0.21,46.41,217.84,0.19,26.13
215.31,0.61,131.14,0.00,0.00,0.00,214.61,0.21,31.04,215.83,0.21,45.33,214.78,0.19,24.80
223.92,0.61,137.61,0.00,0.00,0.00,223.22,0.21,31.05,217.85,0.21,46.18,216.24,0.19,25.62
219.35,0.62,135.13,0.00,0.00,0.00,218.65,0.21,31.69,217.36,0.21,46.06,217.77,0.19,25.93
221.95,0.62,137.34,0.00,0.00,0.00,221.25,0.21,32.06,218.32,0.21,46.64,217.54,0.19,25.66
217.09,0.62,133.81,0.00,0.00,0.00,216.39,0.21,31.80,216.15,0.21,45.36,216.04,0.19,26.63
218.07,0.62,135.24,0.00,0.00,0.00,217.37,0.21,31.39,214.16,0.21,44.69,218.32,0.20,26.08
221.76,0.62,136.78,0.00,0.00,0.00,221.06,0.21,31.62,214.08,0.21,44.62,216.75,0.20,25.88
218.73,0.62,135.90,0.00,0.00,0.00,218.03,0.21,31.30,216.30,0.21,45.72,220.69,0.20,26.78
218.19,0.62,135.09,0.00,0.00,0.00,217.49,0.21,32.13,215.54,0.21,45.39,216.10,0.19,25.34
217.57,0.62,133.95,0.00,0.00,0.00,216.87,0.21,30.52,212.22,0.21,44.09,215.20,0.20,25.97
219.22,0.62,134.92,0.00,0.00,0.00,218.52,0.21,31.38,215.72,0.21,45.32,215.16,0.19,25.50
217.52,0.62,134.08,0.00,0.00,0.00,216.82,0.21,31.19,216.69,0.21,45.98,216.02,0.19,25.64
218.79,0.63,137.22,0.00,0.00,0.00,218.09,0.21,30.89,220.00,0.21,46.98,217.12,0.20,26.77
217.29,0.61,133.02,0.00,0.00,0.00,216.59,0.21,30.33,212.86,0.21,44.21,214.63,0.20,24.86
220.09,0.62,135.78,0.00,0.00,0.00,219.39,0.21,31.76,215.53,0.21,44.94,217.24,0.20,25.56
218.33,0.61,133.58,0.00,0.00,0.00,217.63,0.21,30.94,217.34,0.21,46.04,217.15,0.19,25.42
218.61,0.62,136.39,0.00,0.00,0.00,217.91,0.21,31.82,217.96,0.21,46.26,216.86,0.20,26.58
220.50,0.62,135.87,0.00,0.00,0.00,219.80,0.21,31.80,214.76,0.21,44.79,217.24,0.20,25.93
218.46,0.62,134.86,0.00,0.00,0.00,217.76,0.21,32.16,215.51,0.21,45.32,216.28,0.19,25.73
219.79,0.62,136.94,0.00,0.00,0.00,219.09,0.21,31.75,217.95,0.21,46.35,217.87,0.20,25.99
219.10,0.62,135.16,0.00,0.00,0.00,218.40,0.21,31.73,217.24,0.21,46.36,216.87,0.19,25.65
218.04,0.62,135.43,0.00,0.00,0.00,217.34,0.22,32.56,216.54,0.21,45.68,216.91,0.19,25.82
216.47,0.62,133.99,0.00,0.00,0.00,215.77,0.21,31.52,216.16,0.21,45.42,217.57,0.20,26.03
219.50,0.62,135.62,0.00,0.00,0.00,218.80,0.21,31.98,216.87,0.21,45.82,215.90,0.19,25.59
217.46,0.62,135.17,0.00,0.00,0.00,216.76,0.21,31.30,218.49,0.21,46.31,218.15,0.20,26.23
221.54,0.61,135.65,0.00,0.00,0.00,220.84,0.21,31.04,217.12,0.21,46.05,214.84,0.19,24.93
218.70,0.62,135.24,0.00,0.00,0.00,218.00,0.21,31.55,219.33,0.21,46.78,217.45,0.19,25.77
219.22,0.61,134.35,0.00,0.00,0.00,218.52,0.21,31.07,215.37,0.21,45.11,215.94,0.19,25.62
220.05,0.62,136.70,0.00,0.00,0.00,219.35,0.21,31.07,219.12,0.21,46.75,219.41,0.20,26.67
217.97,0.62,135.14,0.00,0.00,0.00,217.27,0.21,31.22,217.28,0.21,46.00,217.24,0.20,25.89
219.99,0.62,136.26,0.00,0.00,0.00,219.29,0.21,31.58,218.00,0.21,46.47,218.26,0.19,26.18
220.72,0.62,136.53,0.00,0.00,0.00,220.02,0.21,31.47,219.06,0.21,46.73,214.58,0.19,25.20
218.79,0.62,136.43,0.00,0.00,0.00,218.09,0.21,31.12,220.43,0.21,47.15,218.01,0.20,26.37
217.16,0.61,132.01,0.00,0.00,0.00,216.46,0.21,31.15,212.82,0.21,44.48,213.86,0.19,24.39
220.79,0.62,136.85,0.00,0.00,0.00,220.09,0.21,32.27,217.51,0.21,46.08,216.82,0.19,25.82
216.45,0.62,133.58,0.00,0.00,0.00,215.75,0.21,30.97,217.71,0.21,46.20,217.44,0.19,26.00
219.35,0.62,135.45,0.00,0.00,0.00,218.65,0.21,31.78,215.08,0.21,45.51,216.97,0.19,26.15
217.33,0.62,133.70,0.00,0.00,0.00,216.63,0.21,32.60,216.07,0.21,45.38,217.79,0.19,25.84
220.80,0.61,135.08,0.00,0.00,0.00,220.10,0.21,31.04,213.97,0.21,44.62,216.72,0.19,25.43
218.91,0.61,133.72,0.00,0.00,0.00,218.21,0.21,30.86,216.17,0.21,45.60,217.43,0.19,25.91
224.61,0.61,137.69,0.00,0.00,0.00,223.91,0.21,31.05,215.54,0.21,45.08,216.77,0.19,25.67
217.33,0.62,134.47,0.00,0.00,0.00,216.63,0.21,31.30,219.82,0.21,47.13,217.85,0.19,26.11
219.09,0.61,134.63,0.00,0.00,0.00,218.39,0.21,31.94,216.63,0.21,45.74,216.18,0.19,25.38
218.78,0.62,134.86,0.00,0.00,0.00,218.08,0.21,30.93,216.52,0.21,45.77,216.89,0.19,25.74
221.77,0.61,135.98,0.00,0.00,0.00,221.07,0.21,31.10,215.61,0.21,45.28,216.55,0.19,26.17
219.65,0.61,134.27,0.00,0.00,0.00,218.95,0.21,30.69,216.76,0.21,45.83,217.26,0.19,25.99
220.36,0.61,134.36,0.00,0.00,0.00,219.66,0.21,32.18,217.44,0.21,45.75,215.58,0.19,24.51
221.17,0.61,135.12,0.00,0.00,0.00,220.47,0.21,31.82,215.09,0.21,44.81,217.06,0.19,25.64
219.80,0.61,134.60,0.00,0.00,0.00,219.10,0.21,32.21,215.39,0.21,44.56,217.32,0.19,25.85
217.78,0.62,134.64,0.00,0.00,0.00,217.08,0.21,31.27,215.52,0.21,45.17,216.70,0.20,26.22
221.20,0.62,136.99,0.00,0.00,0.00,220.50,0.21,31.23,219.53,0.21,46.84,217.45,0.19,25.97
217.73,0.61,132.64,0.00,0.00,0.00,217.03,0.21,30.52,215.11,0.21,45.09,217.34,0.19,25.59
220.58,0.62,136.33,0.00,0.00,0.00,219.88,0.21,31.88,218.57,0.21,46.62,216.65,0.19,25.95
218.83,0.61,134.52,0.00,0.00,0.00,218.13,0.21,30.88,218.50,0.21,46.38,216.71,0.19,26.04
222.75,0.61,136.57,0.00,0.00,0.00,222.05,0.21,31.34,215.88,0.21,45.38,216.42,0.19,25.51
218.75,0.61,133.25,0.00,0.00,0.00,218.05,0.21,31.33,214.27,0.21,44.73,217.20,0.19,25.29
220.45,0.62,135.70,0.00,0.00,0.00,219.75,0.21,30.94,216.56,0.21,45.77,216.88,0.19,26.11
218.53,0.61,134.11,0.00,0.00,0.00,217.83,0.21,31.43,216.47,0.21,45.63,216.50,0.19,25.79
220.65,0.62,137.24,0.00,0.00,0.00,219.95,0.22,32.62,218.03,0.21,46.57,217.47,0.19,25.82
218.81,0.61,133.65,0.00,0.00,0.00,218.11,0.21,30.94,214.35,0.21,45.04,215.73,0.19,25.71
218.19,0.62,134.41,0.00,0.00,0.00,217.49,0.21,30.59,217.80,0.21,46.31,217.01,0.19,26.17
217.97,0.62,134.20,0.00,0.00,0.00,217.27,0.21,31.21,215.59,0.21,45.38,216.28,0.19,26.03
220.72,0.61,135.46,0.00,0.00,0.00,220.02,0.21,31.48,217.33,0.21,45.86,218.73,0.19,26.19
216.81,0.62,133.44,0.00,0.00,0.00,216.11,0.21,31.86,214.77,0.21,45.02,217.57,0.19,26.01
219.71,0.62,136.33,0.00,0.00,0.00,219.01,0.21,31.46,218.54,0.21,46.57,220.25,0.19,26.38
219.29,0.61,133.99,0.00,0.00,0.00,218.59,0.21,31.26,214.62,0.21,44.81,216.53,0.19,25.45
220.72,0.62,136.21,0.00,0.00,0.00,220.02,0.21,30.90,219.81,0.21,47.01,216.89,0.19,25.81
219.25,0.61,134.59,0.00,0.00,0.00,218.55,0.21,30.72,218.09,0.21,46.51,216.42,0.19,25.91
219.62,0.62,135.57,0.00,0.00,0.00,218.92,0.21,31.60,216.18,0.21,45.56,217.97,0.19,25.84
220.05,0.62,135.94,0.00,0.00,0.00,219.35,0.21,30.92,216.96,0.21,45.65,217.15,0.20,26.62
220.36,0.62,135.55,0.00,0.00,0.00,219.66,0.21,32.26,215.84,0.21,45.51,216.90,0.19,25.39
219.06,0.61,134.31,0.00,0.00,0.00,218.36,0.21,31.52,214.57,0.21,44.93,217.57,0.19,25.96
222.01,0.61,136.47,0.00,0.00,0.00,221.31,0.21,30.75,214.83,0.21,44.70,217.29,0.20,26.28
216.60,0.61,131.98,0.00,0.00,0.00,215.90,0.21,30.61,213.48,0.21,44.26,216.93,0.19,25.84
219.56,0.62,135.44,0.00,0.00,0.00,218.86,0.21,30.80,217.98,0.21,46.34,217.39,0.19,26.16
219.86,0.61,135.18,0.00,0.00,0.00,219.16,0.21,30.43,217.25,0.21,46.03,215.67,0.19,25.65
218.71,0.61,133.70,0.00,0.00,0.00,218.01,0.21,30.70,215.29,0.21,45.36,217.33,0.19,26.00
218.14,0.61,132.74,0.00,0.00,0.00,217.44,0.21,31.52,212.42,0.21,44.03,214.50,0.19,25.24
218.19,0.61,133.91,0.00,0.00,0.00,217.49,0.21,30.48,218.01,0.21,46.69,216.23,0.19,25.95
218.16,0.62,134.90,0.00,0.00,0.00,217.46,0.21,32.02,217.16,0.21,46.13,216.17,0.19,25.39
218.03,0.62,134.85,0.00,0.00,0.00,217.33,0.21,31.73,219.09,0.21,46.72,216.28,0.19,26.15
218.39,0.61,134.06,0.00,0.00,0.00,217.69,0.21,30.75,216.08,0.21,45.57,214.61,0.19,25.23
220.24,0.62,136.56,0.00,0.00,0.00,219.54,0.21,31.53,218.77,0.21,46.83,217.39,0.19,26.02
219.12,0.61,134.53,0.00,0.00,0.00,218.42,0.21,31.37,216.71,0.21,45.64,216.39,0.19,25.56
219.56,0.62,135.18,0.00,0.00,0.00,218.86,0.21,31.42,216.69,0.21,45.93,216.93,0.19,26.20
218.32,0.63,136.65,0.00,0.00,0.00,217.62,0.22,34.15,221.37,0.21,47.55,216.51,0.19,25.45
220.06,0.61,135.16,0.00,0.00,0.00,219.36,0.21,31.22,216.59,0.21,45.45,214.04,0.19,25.33
217.77,0.61,133.88,0.00,0.00,0.00,217.07,0.21,32.20,217.43,0.21,46.19,216.37,0.19,25.54
215.83,0.61,132.12,0.00,0.00,0.00,215.13,0.21,30.88,217.04,0.21,46.02,213.78,0.19,24.76
219.62,0.61,134.46,0.00,0.00,0.00,218.92,0.21,31.44,217.72,0.21,46.37,215.14,0.19,25.42
219.65,0.61,135.02,0.00,0.00,0.00,218.95,0.21,30.54,218.12,0.21,46.60,219.69,0.19,26.44
220.27,0.62,136.81,0.00,0.00,0.00,219.57,0.22,32.76,219.77,0.21,47.12,217.67,0.19,25.65
218.01,0.61,133.38,0.00,0.00,0.00,217.31,0.21,31.63,216.51,0.21,45.79,218.30,0.19,25.67
220.00,0.62,135.74,0.00,0.00,0.00,219.30,0.21,31.63,215.72,0.21,45.29,217.30,0.20,26.15
219.14,0.61,134.63,0.00,0.00,0.00,218.44,0.21,30.69,218.22,0.21,46.52,217.28,0.19,25.73
217.60,0.62,134.23,0.00,0.00,0.00,216.90,0.21,31.05,218.12,0.21,46.17,216.63,0.19,25.72
219.97,0.61,133.38,0.00,0.00,0.00,219.27,0.21,30.64,217.33,0.21,46.03,214.34,0.18,24.20
218.77,0.62,134.81,0.00,0.00,0.00,218.07,0.21,31.47,217.37,0.21,46.21,216.70,0.19,25.71
218.46,0.61,133.39,0.00,0.00,0.00,217.76,0.21,30.79,215.67,0.21,45.12,217.66,0.19,25.85
220.35,0.61,135.32,0.00,0.00,0.00,219.65,0.21,31.32,217.80,0.21,46.19,214.69,0.19,25.41
218.83,0.62,134.62,0.00,0.00,0.00,218.13,0.21,30.01,217.14,0.21,46.10,218.39,0.20,26.34
219.99,0.61,134.64,0.00,0.00,0.00,219.29,0.21,31.65,216.09,0.21,45.72,215.69,0.19,25.58
217.81,0.61,133.50,0.00,0.00,0.00,217.11,0.21,30.43,219.52,0.21,46.59,217.30,0.19,25.91
219.65,0.61,134.10,0.00,0.00,0.00,218.95,0.22,32.54,215.41,0.21,45.08,214.30,0.19,24.42
218.30,0.61,132.55,0.00,0.00,0.00,217.60,0.21,31.08,214.66,0.21,44.73,209.29,0.19,24.10
220.23,0.62,135.97,0.00,0.00,0.00,219.53,0.21,32.56,218.34,0.21,46.40,215.85,0.19,25.69
217.86,0.62,134.44,0.00,0.00,0.00,217.16,0.21,31.78,218.15,0.21,46.41,217.39,0.19,25.96
220.18,0.62,136.11,0.00,0.00,0.00,219.48,0.22,32.40,218.61,0.21,46.48,217.85,0.19,25.52
219.77,0.61,134.03,0.00,0.00,0.00,219.07,0.21,30.60,214.88,0.21,45.05,216.86,0.19,25.89
219.55,0.61,134.58,0.00,0.00,0.00,218.85,0.21,31.90,215.79,0.21,45.34,218.31,0.19,25.80
220.36,0.61,134.83,0.00,0.00,0.00,219.66,0.21,31.44,217.31,0.21,46.14,215.26,0.19,24.89
220.36,0.60,132.95,0.00,0.00,0.00,219.66,0.21,30.51,214.96,0.21,45.43,214.48,0.18,24.10
220.38,0.62,136.13,0.00,0.00,0.00,219.68,0.21,32.05,216.80,0.21,46.06,217.57,0.19,25.95
219.49,0.61,134.38,0.00,0.00,0.00,218.79,0.21,31.81,218.63,0.21,46.53,217.86,0.19,25.51
219.37,0.61,134.20,0.00,0.00,0.00,218.67,0.21,31.79,214.17,0.21,44.56,217.51,0.19,25.86
221.12,0.62,136.16,0.00,0.00,0.00,220.42,0.21,31.57,219.68,0.21,47.11,217.04,0.19,25.89
219.15,0.61,133.99,0.00,0.00,0.00,218.45,0.21,31.92,214.69,0.21,44.93,215.99,0.19,25.33
220.28,0.61,135.36,0.00,0.00,0.00,219.58,0.21,30.38,219.43,0.21,46.94,217.13,0.19,25.77
218.69,0.81,177.58,215.78,0.20,43.66,217.99,0.21,31.33,214.56,0.21,45.13,215.38,0.19,25.37
220.26,0.82,180.66,217.40,0.21,44.66,219.56,0.21,31.29,217.75,0.21,46.28,216.44,0.19,25.77
221.57,0.82,181.05,217.48,0.21,44.58,220.87,0.21,30.70,215.83,0.21,45.55,215.47,0.19,25.42
220.34,0.83,181.78,218.49,0.21,44.77,219.64,0.21,32.76,217.76,0.21,46.46,216.51,0.19,25.47
217.53,0.81,175.81,213.34,0.20,42.41,216.83,0.21,30.61,216.81,0.21,45.79,215.55,0.19,25.29
218.31,0.83,180.25,217.51,0.21,44.68,217.61,0.22,33.37,217.85,0.21,46.45,215.15,0.19,25.06
216.75,0.82,178.68,218.95,0.21,44.89,216.05,0.21,30.40,216.88,0.21,45.66,216.42,0.19,26.54
218.25,0.77,167.82,215.46,0.20,43.69,217.55,0.16,10.54,218.30,0.21,46.42,215.53,0.19,25.37
222.11,0.63,139.63,218.93,0.22,45.42,0.00,0.00,0.00,219.74,0.21,46.91,217.53,0.19,26.26
221.06,0.62,138.05,216.44,0.21,43.55,0.00,0.00,0.00,223.80,0.22,48.81,219.34,0.20,27.37
218.86,0.61,134.42,219.37,0.21,45.47,0.00,0.00,0.00,217.56,0.21,46.10,216.12,0.19,25.12
220.23,0.61,134.79,220.32,0.21,45.61,0.00,0.00,0.00,219.01,0.21,46.61,215.14,0.19,24.42
218.38,0.61,133.70,219.21,0.21,45.32,0.00,0.00,0.00,216.22,0.21,45.63,218.18,0.19,25.87
221.01,0.61,134.83,220.72,0.21,45.78,0.00,0.00,0.00,216.72,0.21,45.97,216.19,0.19,25.26
221.22,0.62,136.49,221.72,0.21,45.98,0.00,0.00,0.00,219.29,0.21,46.74,218.03,0.19,26.40
218.75,0.61,134.49,219.54,0.21,45.36,0.00,0.00,0.00,218.23,0.21,46.14,216.02,0.19,26.06
220.40,0.61,134.22,217.80,0.21,44.96,0.00,0.00,0.00,217.47,0.21,45.86,217.99,0.19,25.92
218.90,0.61,133.92,218.73,0.21,44.95,0.00,0.00,0.00,218.26,0.21,46.39,218.72,0.19,26.25
219.18,0.61,133.78,218.05,0.21,44.79,0.00,0.00,0.00,217.06,0.21,46.05,216.22,0.19,25.40
220.05,0.61,133.76,218.89,0.21,45.35,0.00,0.00,0.00,217.16,0.21,45.99,218.17,0.19,25.28
219.23,0.60,131.98,216.20,0.20,43.99,0.00,0.00,0.00,218.66,0.21,46.81,214.74,0.18,24.24
217.48,0.61,132.45,218.62,0.21,45.26,0.00,0.00,0.00,220.30,0.21,47.25,217.69,0.19,25.69
216.53,0.61,132.25,214.40,0.20,43.61,0.00,0.00,0.00,218.93,0.21,46.33,217.01,0.19,25.95
218.34,0.61,133.44,219.63,0.21,45.62,0.00,0.00,0.00,215.89,0.21,45.72,216.81,0.19,25.83
221.02,0.42,92.40,218.69,0.21,45.03,0.00,0.00,0.00,214.65,0.21,45.33,0.00,0.00,0.00
0.00,0.00,0.00,0.00,0.00,0.00,0.00,0.00,0.00,0.00,0.00,0.00,0.00,0.00,0.00
0.00,0.00,0.00,0.00,0.00,0.00,0.00,0.00,0.00,0.00,0.00,0.00,0.00,0.00,0.00
0.00,0.00,0.00,0.00,0.00,0.00,0.00,0.00,0.00,0.00,0.00,0.00,0.00,0.00,0.00
0.00,0.00,0.00,0.00,0.00,0.00,0.00,0.00,0.00,0.00,0.00,0.00,0.00,0.00,0.00
0.00,0.43,0.00,0.00,0.00,0.00,0.00,0.00,0.00,218.00,0.21,46.42,217.09,0.22,29.85
219.64,0.64,141.05,218.52,0.21,45.36,0.00,0.00,0.00,218.40,0.21,46.16,219.46,0.22,30.59
219.78,0.65,141.83,220.23,0.21,45.40,0.00,0.00,0.00,217.57,0.21,46.35,217.68,0.22,30.60
219.80,0.64,140.33,219.41,0.21,45.78,0.00,0.00,0.00,218.26,0.21,46.61,213.34,0.22,28.11
219.07,0.64,140.30,220.72,0.21,45.80,0.00,0.00,0.00,216.66,0.21,45.97,217.33,0.22,29.47
219.26,0.64,140.14,219.66,0.21,45.66,0.00,0.00,0.00,217.46,0.21,46.16,216.35,0.22,28.99
219.46,0.95,207.68,220.36,0.21,45.77,218.76,0.13,14.88,217.92,0.28,46.34,217.39,0.32,28.77
219.43,0.53,117.02,0.00,0.08,0.00,0.00,0.05,0.00,0.00,0.12,0.00,216.81,0.29,28.62
223.10,0.39,87.26,0.00,0.11,0.00,0.00,0.00,0.00,0.00,0.11,0.00,0.00,0.17,0.00
218.46,0.36,79.47,0.00,0.09,0.00,0.00,0.00,0.00,0.00,0.11,0.00,0.00,0.16,0.00
219.28,0.34,74.41,0.00,0.07,0.00,0.00,0.00,0.00,0.00,0.11,0.00,0.00,0.16,0.00
218.94,0.32,69.55,0.00,0.06,0.00,0.00,0.00,0.00,0.00,0.10,0.00,0.00,0.15,0.00
219.27,0.31,67.95,0.00,0.06,0.00,0.00,0.00,0.00,0.00,0.10,0.00,0.00,0.15,0.00
219.94,0.29,63.47,0.00,0.05,0.00,0.00,0.00,0.00,0.00,0.10,0.00,0.00,0.14,0.00
221.14,0.28,61.76,0.00,0.05,0.00,0.00,0.00,0.00,0.00,0.09,0.00,0.00,0.13,0.00
217.09,0.27,59.11,0.00,0.05,0.00,0.00,0.00,0.00,0.00,0.09,0.00,0.00,0.13,0.00
218.48,0.26,56.47,0.00,0.05,0.00,0.00,0.00,0.00,0.00,0.08,0.00,0.00,0.13,0.00
218.55,0.20,44.04,0.00,0.00,0.00,0.00,0.00,0.00,0.00,0.08,0.00,0.00,0.12,0.00
220.57,0.19,42.47,0.00,0.00,0.00,0.00,0.00,0.00,0.00,0.08,0.00,0.00,0.11,0.00
219.50,0.18,39.95,0.00,0.00,0.00,0.00,0.00,0.00,0.00,0.07,0.00,0.00,0.11,0.00
219.86,0.18,40.26,0.00,0.00,0.00,0.00,0.00,0.00,0.00,0.08,0.00,0.00,0.10,0.00
220.87,0.17,37.35,0.00,0.00,0.00,0.00,0.00,0.00,0.00,0.07,0.00,0.00,0.10,0.00
218.83,0.16,35.94,0.00,0.00,0.00,0.00,0.00,0.00,0.00,0.07,0.00,0.00,0.10,0.00
219.28,0.15,33.97,0.00,0.00,0.00,0.00,0.00,0.00,0.00,0.06,0.00,0.00,0.09,0.00
218.81,0.16,34.61,0.00,0.00,0.00,0.00,0.00,0.00,0.00,0.07,0.00,0.00,0.09,0.00
220.67,0.15,32.36,0.00,0.00,0.00,0.00,0.00,0.00,0.00,0.06,0.00,0.00,0.09,0.00
219.26,0.14,31.16,0.00,0.00,0.00,0.00,0.00,0.00,0.00,0.06,0.00,0.00,0.08,0.00
218.10,0.06,13.52,0.00,0.00,0.00,0.00,0.00,0.00,0.00,0.06,0.00,0.00,0.00,0.00
218.62,0.22,48.52,0.00,0.00,0.00,0.00,0.00,0.00,0.00,0.00,0.00,0.00,0.00,0.00
218.85,0.22,48.99,0.00,0.00,0.00,0.00,0.00,0.00,0.00,0.00,0.00,0.00,0.00,0.00
216.19,0.22,47.49,0.00,0.00,0.00,0.00,0.00,0.00,0.00,0.00,0.00,0.00,0.00,0.00
218.11,0.22,48.55,0.00,0.00,0.00,0.00,0.00,0.00,0.00,0.00,0.00,0.00,0.00,0.00
218.11,0.22,48.24,0.00,0.00,0.00,0.00,0.00,0.00,0.00,0.00,0.00,0.00,0.00,0.00
218.69,0.22,48.64,0.00,0.00,0.00,0.00,0.00,0.00,0.00,0.00,0.00,0.00,0.00,0.00
217.56,0.22,48.92,0.00,0.00,0.00,0.00,0.00,0.00,0.00,0.00,0.00,217.60,0.22,30.51
220.24,0.22,48.71,0.00,0.00,0.00,0.00,0.00,0.00,0.00,0.00,0.00,217.93,0.22,30.39
219.44,0.22,48.97,0.00,0.00,0.00,0.00,0.00,0.00,0.00,0.00,0.00,217.81,0.22,30.83
218.43,0.22,48.42,0.00,0.00,0.00,0.00,0.00,0.00,0.00,0.00,0.00,216.88,0.22,30.26
217.75,0.27,59.59,0.00,0.00,0.00,0.00,0.00,0.00,0.00,0.00,0.00,0.00,0.00,0.00
218.64,0.22,48.63,0.00,0.00,0.00,0.00,0.00,0.00,0.00,0.00,0.00,0.00,0.00,0.00
220.96,0.22,48.22,0.00,0.00,0.00,0.00,0.00,0.00,219.20,0.22,47.98,0.00,0.00,0.00
217.36,0.22,46.75,0.00,0.00,0.00,0.00,0.00,0.00,217.89,0.22,46.90,0.00,0.00,0.00
218.97,0.33,72.02,0.00,0.00,0.00,0.00,0.00,0.00,0.00,0.00,0.00,0.00,0.00,0.00
220.18,0.10,21.29,0.00,0.00,0.00,0.00,0.10,0.00,0.00,0.00,0.00,0.00,0.00,0.00
220.67,0.22,47.56,0.00,0.00,0.00,219.97,0.22,31.62,0.00,0.00,0.00,0.00,0.00,0.00
218.60,0.22,47.81,0.00,0.00,0.00,217.90,0.22,33.78,0.00,0.00,0.00,0.00,0.00,0.00
218.43,0.72,157.45,0.00,0.00,0.00,217.73,0.22,33.25,0.00,0.17,0.00,0.00,0.33,0.00
218.70,1.03,225.41,0.00,0.11,0.00,218.00,0.38,119.32,0.00,0.27,0.00,0.00,0.27,0.00
219.51,0.84,185.28,0.00,0.10,0.00,218.81,0.24,43.25,0.00,0.26,0.00,0.00,0.24,0.00
218.41,0.78,171.24,0.00,0.10,0.00,217.71,0.22,33.36,0.00,0.25,0.00,0.00,0.22,0.00
214.65,0.76,164.19,0.00,0.09,0.00,213.95,0.22,33.28,0.00,0.24,0.00,0.00,0.21,0.00
218.40,0.75,164.40,0.00,0.10,0.00,217.70,0.22,34.27,0.00,0.23,0.00,0.00,0.21,0.00
217.43,0.73,158.89,0.00,0.08,0.00,216.73,0.22,34.23,0.00,0.23,0.00,0.00,0.20,0.00
217.53,0.71,155.48,0.00,0.08,0.00,216.83,0.22,33.63,0.00,0.22,0.00,0.00,0.19,0.00
218.24,0.66,143.91,0.00,0.08,0.00,217.54,0.22,33.63,0.00,0.18,0.00,0.00,0.18,0.00
218.36,0.61,132.22,0.00,0.08,0.00,217.66,0.22,33.98,0.00,0.14,0.00,0.00,0.18,0.00
218.94,0.58,126.80,0.00,0.07,0.00,218.24,0.22,33.68,0.00,0.13,0.00,0.00,0.16,0.00
219.67,0.54,119.72,0.00,0.07,0.00,218.97,0.22,33.71,0.00,0.13,0.00,0.00,0.14,0.00
219.05,0.50,110.49,0.00,0.07,0.00,218.35,0.21,33.27,0.00,0.10,0.00,0.00,0.12,0.00
219.20,0.47,103.10,0.00,0.06,0.00,218.50,0.22,34.38,0.00,0.08,0.00,0.00,0.11,0.00
219.80,0.46,101.16,0.00,0.06,0.00,219.10,0.22,33.78,0.00,0.08,0.00,0.00,0.11,0.00
219.00,0.45,97.54,0.00,0.05,0.00,218.30,0.22,33.54,0.00,0.07,0.00,0.00,0.10,0.00
217.60,0.43,94.15,0.00,0.05,0.00,216.90,0.22,33.17,0.00,0.06,0.00,0.00,0.11,0.00
218.55,0.32,69.26,0.00,0.00,0.00,217.85,0.22,33.43,0.00,0.00,0.00,0.00,0.10,0.00
217.07,0.31,68.18,0.00,0.00,0.00,216.37,0.22,33.37,0.00,0.00,0.00,0.00,0.10,0.00
213.39,0.31,65.15,0.00,0.00,0.00,212.69,0.22,33.66,0.00,0.00,0.00,0.00,0.09,0.00
217.69,0.31,66.80,0.00,0.00,0.00,216.99,0.22,32.62,0.00,0.00,0.00,0.00,0.09,0.00
220.21,0.30,66.77,0.00,0.00,0.00,219.51,0.22,32.62,0.00,0.00,0.00,0.00,0.09,0.00
218.91,0.67,147.00,0.00,0.00,0.00,218.21,0.23,40.03,0.00,0.16,0.00,0.00,0.28,0.00
219.63,0.50,109.63,0.00,0.00,0.00,0.00,0.06,0.00,0.00,0.17,0.00,0.00,0.27,0.00
217.39,0.65,140.29,0.00,0.00,0.00,216.69,0.17,19.76,0.00,0.19,0.00,0.00,0.29,0.00
218.06,0.66,143.14,0.00,0.00,0.00,217.36,0.22,32.15,0.00,0.16,0.00,0.00,0.28,0.00
218.32,0.63,137.50,0.00,0.00,0.00,217.62,0.22,32.60,0.00,0.14,0.00,0.00,0.27,0.00
217.78,0.62,134.92,0.00,0.00,0.00,217.08,0.22,34.41,0.00,0.14,0.00,0.00,0.26,0.00
218.75,0.60,131.14,0.00,0.00,0.00,218.05,0.22,33.51,0.00,0.13,0.00,0.00,0.25,0.00
219.88,0.57,124.43,0.00,0.00,0.00,219.18,0.22,33.43,0.00,0.13,0.00,0.00,0.22,0.00
219.63,0.56,122.87,0.00,0.00,0.00,218.93,0.21,32.83,0.00,0.11,0.00,0.00,0.24,0.00
218.51,0.54,118.45,0.00,0.00,0.00,217.81,0.22,33.62,0.00,0.09,0.00,0.00,0.23,0.00
219.64,0.52,114.60,0.00,0.00,0.00,218.94,0.22,32.96,0.00,0.08,0.00,0.00,0.23,0.00
219.63,0.51,112.21,0.00,0.00,0.00,218.93,0.22,33.54,0.00,0.08,0.00,0.00,0.22,0.00
219.39,0.50,110.14,0.00,0.00,0.00,218.69,0.22,33.50,0.00,0.08,0.00,0.00,0.21,0.00
220.03,0.49,108.11,0.00,0.00,0.00,219.33,0.21,32.89,0.00,0.07,0.00,0.00,0.20,0.00
219.38,0.48,106.15,0.00,0.00,0.00,218.68,0.22,32.75,0.00,0.07,0.00,0.00,0.20,0.00
217.18,0.48,103.92,0.00,0.00,0.00,216.48,0.22,33.63,0.00,0.07,0.00,0.00,0.19,0.00
218.13,0.45,98.71,0.00,0.00,0.00,217.43,0.22,33.38,0.00,0.06,0.00,0.00,0.17,0.00
218.69,0.43,94.41,0.00,0.00,0.00,217.99,0.22,33.78,0.00,0.06,0.00,0.00,0.15,0.00
216.73,0.37,79.27,0.00,0.00,0.00,216.03,0.22,33.38,0.00,0.00,0.00,0.00,0.15,0.00
218.40,0.36,79.11,0.00,0.00,0.00,217.70,0.22,33.02,0.00,0.00,0.00,0.00,0.15,0.00
217.75,0.36,78.05,0.00,0.00,0.00,217.05,0.22,32.81,0.00,0.00,0.00,0.00,0.14,0.00
220.28,0.35,77.73,0.00,0.00,0.00,219.58,0.21,33.01,0.00,0.00,0.00,0.00,0.14,0.00
215.74,0.35,75.96,0.00,0.00,0.00,215.04,0.22,33.80,0.00,0.00,0.00,0.00,0.14,0.00
219.17,0.35,75.98,0.00,0.00,0.00,218.47,0.22,33.97,0.00,0.00,0.00,0.00,0.13,0.00
218.26,0.35,75.62,0.00,0.00,0.00,217.56,0.22,34.03,0.00,0.00,0.00,0.00,0.13,0.00
219.98,0.34,75.00,0.00,0.00,0.00,219.28,0.22,33.60,0.00,0.00,0.00,0.00,0.13,0.00
219.58,0.33,73.29,0.00,0.00,0.00,218.88,0.22,33.09,0.00,0.00,0.00,0.00,0.12,0.00
220.10,0.30,65.98,0.00,0.00,0.00,219.40,0.22,33.17,0.00,0.00,0.00,0.00,0.08,0.00
219.10,0.27,59.65,0.00,0.00,0.00,218.40,0.22,33.82,0.00,0.00,0.00,0.00,0.06,0.00
220.86,0.27,59.67,0.00,0.00,0.00,220.16,0.22,33.55,0.00,0.00,0.00,0.00,0.05,0.00
219.27,0.27,58.84,0.00,0.00,0.00,218.57,0.21,33.40,0.00,0.00,0.00,0.00,0.05,0.00
218.38,0.21,46.81,0.00,0.00,0.00,217.68,0.21,32.60,0.00,0.00,0.00,0.00,0.00,0.00
218.38,0.22,47.28,0.00,0.00,0.00,217.68,0.22,33.26,0.00,0.00,0.00,0.00,0.00,0.00
218.51,0.22,47.09,0.00,0.00,0.00,217.81,0.22,32.87,0.00,0.00,0.00,0.00,0.00,0.00
217.74,0.22,47.14,0.00,0.00,0.00,217.04,0.22,33.16,0.00,0.00,0.00,0.00,0.00,0.00
218.46,0.22,47.00,0.00,0.00,0.00,217.76,0.22,32.73,0.00,0.00,0.00,0.00,0.00,0.00
220.45,0.22,47.71,0.00,0.00,0.00,219.75,0.22,33.12,0.00,0.00,0.00,0.00,0.00,0.00
220.73,0.21,47.25,0.00,0.00,0.00,220.03,0.21,33.09,0.00,0.00,0.00,0.00,0.00,0.00
219.98,0.21,47.26,0.00,0.00,0.00,219.28,0.21,33.41,0.00,0.00,0.00,0.00,0.00,0.00
218.48,0.21,46.85,0.00,0.00,0.00,217.78,0.21,32.92,0.00,0.00,0.00,0.00,0.00,0.00
219.01,0.21,46.94,0.00,0.00,0.00,218.31,0.21,33.34,0.00,0.00,0.00,0.00,0.00,0.00
218.33,0.21,46.87,0.00,0.00,0.00,217.63,0.21,32.62,0.00,0.00,0.00,0.00,0.00,0.00
219.80,0.21,47.10,0.00,0.00,0.00,219.10,0.21,32.50,0.00,0.00,0.00,0.00,0.00,0.00
216.18,0.22,46.64,0.00,0.00,0.00,215.48,0.22,32.92,0.00,0.00,0.00,0.00,0.00,0.00
216.63,0.21,46.33,0.00,0.00,0.00,215.93,0.21,33.00,0.00,0.00,0.00,0.00,0.00,0.00
219.05,0.22,47.36,0.00,0.00,0.00,218.35,0.22,33.10,0.00,0.00,0.00,0.00,0.00,0.00
215.31,0.21,46.26,0.00,0.00,0.00,214.61,0.21,33.24,0.00,0.00,0.00,0.00,0.00,0.00
220.79,0.21,47.45,0.00,0.00,0.00,220.09,0.21,33.15,0.00,0.00,0.00,0.00,0.00,0.00
219.90,0.21,47.22,0.00,0.00,0.00,219.20,0.21,33.25,0.00,0.00,0.00,0.00,0.00,0.00
219.09,0.22,47.31,0.00,0.00,0.00,218.39,0.22,32.96,0.00,0.00,0.00,0.00,0.00,0.00
217.97,0.22,46.87,0.00,0.00,0.00,217.27,0.22,33.41,0.00,0.00,0.00,0.00,0.00,0.00
215.61,0.22,46.43,0.00,0.00,0.00,214.91,0.22,33.47,0.00,0.00,0.00,0.00,0.00,0.00
218.89,0.22,47.12,0.00,0.00,0.00,218.19,0.22,33.33,0.00,0.00,0.00,0.00,0.00,0.00
220.33,0.22,47.76,0.00,0.00,0.00,219.63,0.22,33.19,0.00,0.00,0.00,0.00,0.00,0.00
220.12,0.22,47.52,0.00,0.00,0.00,219.42,0.22,33.03,0.00,0.00,0.00,0.00,0.00,0.00
219.57,0.22,47.34,0.00,0.00,0.00,218.87,0.22,32.87,0.00,0.00,0.00,0.00,0.00,0.00
216.80,0.21,46.39,0.00,0.00,0.00,216.10,0.21,32.42,0.00,0.00,0.00,0.00,0.00,0.00
217.98,0.21,46.85,0.00,0.00,0.00,217.28,0.21,33.33,0.00,0.00,0.00,0.00,0.00,0.00
216.15,0.22,46.52,0.00,0.00,0.00,215.45,0.22,33.47,0.00,0.00,0.00,0.00,0.00,0.00
219.33,0.21,47.01,0.00,0.00,0.00,218.63,0.21,32.80,0.00,0.00,0.00,0.00,0.00,0.00
220.81,0.21,47.46,0.00,0.00,0.00,220.11,0.21,33.26,0.00,0.00,0.00,0.00,0.00,0.00
219.20,0.21,47.10,0.00,0.00,0.00,218.50,0.21,32.83,0.00,0.00,0.00,0.00,0.00,0.00
218.76,0.21,46.89,0.00,0.00,0.00,218.06,0.21,33.29,0.00,0.00,0.00,0.00,0.00,0.00
217.76,0.21,46.74,0.00,0.00,0.00,217.06,0.21,32.59,0.00,0.00,0.00,0.00,0.00,0.00
219.40,0.22,47.32,0.00,0.00,0.00,218.70,0.22,33.03,0.00,0.00,0.00,0.00,0.00,0.00
219.71,0.21,46.89,0.00,0.00,0.00,219.01,0.21,32.79,0.00,0.00,0.00,0.00,0.00,0.00
216.70,0.22,46.73,0.00,0.00,0.00,216.00,0.22,33.02,0.00,0.00,0.00,0.00,0.00,0.00
219.65,0.21,47.00,0.00,0.00,0.00,218.95,0.21,32.81,0.00,0.00,0.00,0.00,0.00,0.00
218.01,0.21,46.45,0.00,0.00,0.00,217.31,0.21,32.48,0.00,0.00,0.00,0.00,0.00,0.00
218.47,0.21,46.68,0.00,0.00,0.00,217.77,0.21,32.91,0.00,0.00,0.00,0.00,0.00,0.00
219.30,0.21,46.80,0.00,0.00,0.00,218.60,0.21,32.08,0.00,0.00,0.00,0.00,0.00,0.00
219.06,0.31,67.15,0.00,0.00,0.00,0.00,0.11,0.00,0.00,0.09,0.00,0.00,0.10,0.00
218.52,0.17,37.03,0.00,0.00,0.00,0.00,0.00,0.00,0.00,0.08,0.00,0.00,0.09,0.00
219.23,0.15,31.87,0.00,0.00,0.00,0.00,0.00,0.00,0.00,0.06,0.00,0.00,0.08,0.00
219.21,0.13,29.11,0.00,0.00,0.00,0.00,0.00,0.00,0.00,0.06,0.00,0.00,0.07,0.00
220.77,0.12,26.05,0.00,0.00,0.00,0.00,0.00,0.00,0.00,0.06,0.00,0.00,0.06,0.00
217.87,0.11,24.34,0.00,0.00,0.00,0.00,0.00,0.00,0.00,0.06,0.00,0.00,0.06,0.00
217.84,0.05,10.96,0.00,0.00,0.00,0.00,0.00,0.00,0.00,0.00,0.00,0.00,0.05,0.00
216.82,0.22,48.13,0.00,0.00,0.00,0.00,0.00,0.00,0.00,0.00,0.00,0.00,0.00,0.00
219.98,0.22,48.59,0.00,0.00,0.00,0.00,0.00,0.00,0.00,0.00,0.00,0.00,0.00,0.00
218.62,0.22,48.33,0.00,0.00,0.00,0.00,0.00,0.00,0.00,0.00,0.00,0.00,0.00,0.00
217.84,0.23,50.77,0.00,0.00,0.00,0.00,0.00,0.00,0.00,0.00,0.00,218.18,0.23,31.46
221.89,0.24,52.16,0.00,0.00,0.00,0.00,0.00,0.00,0.00,0.00,0.00,219.76,0.24,32.15
219.71,0.23,50.79,0.00,0.00,0.00,0.00,0.00,0.00,0.00,0.00,0.00,217.78,0.23,31.05
219.91,0.27,59.39,0.00,0.00,0.00,0.00,0.00,0.00,0.00,0.00,0.00,0.00,0.00,0.00
217.33,0.22,48.20,0.00,0.00,0.00,0.00,0.00,0.00,0.00,0.00,0.00,0.00,0.00,0.00
219.46,0.22,48.53,0.00,0.00,0.00,0.00,0.00,0.00,0.00,0.00,0.00,0.00,0.00,0.00
220.05,0.22,48.86,0.00,0.00,0.00,0.00,0.00,0.00,0.00,0.00,0.00,0.00,0.00,0.00
217.62,0.22,48.73,0.00,0.00,0.00,0.00,0.00,0.00,0.00,0.00,0.00,0.00,0.00,0.00
218.91,0.22,48.12,0.00,0.00,0.00,0.00,0.00,0.00,0.00,0.00,0.00,0.00,0.00,0.00
218.29,0.22,48.86,0.00,0.00,0.00,0.00,0.00,0.00,0.00,0.00,0.00,0.00,0.00,0.00
218.18,0.22,48.07,0.00,0.00,0.00,0.00,0.00,0.00,0.00,0.00,0.00,0.00,0.00,0.00
219.37,0.22,49.05,0.00,0.00,0.00,0.00,0.00,0.00,0.00,0.00,0.00,0.00,0.00,0.00
220.94,0.22,49.10,0.00,0.00,0.00,0.00,0.00,0.00,0.00,0.00,0.00,0.00,0.00,0.00
219.06,0.22,49.17,0.00,0.00,0.00,0.00,0.00,0.00,0.00,0.00,0.00,0.00,0.00,0.00
220.26,0.23,49.59,0.00,0.00,0.00,0.00,0.00,0.00,0.00,0.00,0.00,0.00,0.00,0.00
218.68,0.22,48.41,0.00,0.00,0.00,0.00,0.00,0.00,0.00,0.00,0.00,0.00,0.00,0.00
222.07,0.23,51.40,0.00,0.00,0.00,0.00,0.00,0.00,0.00,0.00,0.00,220.43,0.23,31.62
220.16,0.23,50.07,0.00,0.00,0.00,0.00,0.00,0.00,0.00,0.00,0.00,217.55,0.23,31.26
221.85,0.23,51.43,0.00,0.00,0.00,0.00,0.00,0.00,0.00,0.00,0.00,219.27,0.23,31.78
218.98,0.28,60.45,0.00,0.00,0.00,0.00,0.00,0.00,0.00,0.00,0.00,0.00,0.00,0.00
220.08,0.22,48.87,0.00,0.00,0.00,0.00,0.00,0.00,0.00,0.00,0.00,0.00,0.00,0.00
218.38,0.22,48.78,0.00,0.00,0.00,0.00,0.00,0.00,0.00,0.00,0.00,0.00,0.00,0.00
217.16,0.22,48.17,0.00,0.00,0.00,0.00,0.00,0.00,0.00,0.00,0.00,0.00,0.00,0.00
219.38,0.22,49.04,0.00,0.00,0.00,0.00,0.00,0.00,0.00,0.00,0.00,0.00,0.00,0.00
220.06,0.22,47.38,0.00,0.00,0.00,0.00,0.00,0.00,216.87,0.22,46.66,0.00,0.00,0.00
219.71,0.22,47.38,0.00,0.00,0.00,0.00,0.00,0.00,220.63,0.22,47.59,0.00,0.00,0.00
218.77,0.21,46.75,0.00,0.00,0.00,0.00,0.00,0.00,216.23,0.21,46.16,0.00,0.00,0.00
221.30,0.22,47.69,0.00,0.00,0.00,0.00,0.00,0.00,217.93,0.22,46.95,0.00,0.00,0.00
220.43,0.52,114.09,0.00,0.26,0.00,0.00,0.06,0.00,0.00,0.15,0.00,0.00,0.05,0.00
220.83,0.41,89.50,0.00,0.21,0.00,0.00,0.00,0.00,0.00,0.14,0.00,0.00,0.05,0.00
219.48,0.28,61.58,0.00,0.20,0.00,0.00,0.00,0.00,0.00,0.08,0.00,0.00,0.00,0.00
219.27,0.18,40.21,0.00,0.18,0.00,0.00,0.00,0.00,0.00,0.00,0.00,0.00,0.00,0.00
220.80,0.17,37.73,0.00,0.17,0.00,0.00,0.00,0.00,0.00,0.00,0.00,0.00,0.00,0.00
217.19,0.16,34.11,0.00,0.16,0.00,0.00,0.00,0.00,0.00,0.00,0.00,0.00,0.00,0.00
219.81,0.15,33.73,0.00,0.15,0.00,0.00,0.00,0.00,0.00,0.00,0.00,0.00,0.00,0.00
216.32,0.15,32.32,0.00,0.15,0.00,0.00,0.00,0.00,0.00,0.00,0.00,0.00,0.00,0.00
221.04,0.14,31.39,0.00,0.14,0.00,0.00,0.00,0.00,0.00,0.00,0.00,0.00,0.00,0.00
219.94,0.14,30.05,0.00,0.14,0.00,0.00,0.00,0.00,0.00,0.00,0.00,0.00,0.00,0.00
216.06,0.13,28.18,0.00,0.13,0.00,0.00,0.00,0.00,0.00,0.00,0.00,0.00,0.00,0.00
220.20,0.13,28.52,0.00,0.13,0.00,0.00,0.00,0.00,0.00,0.00,0.00,0.00,0.00,0.00
220.72,0.13,27.99,0.00,0.13,0.00,0.00,0.00,0.00,0.00,0.00,0.00,0.00,0.00,0.00
218.02,0.12,25.35,0.00,0.12,0.00,0.00,0.00,0.00,0.00,0.00,0.00,0.00,0.00,0.00
217.99,0.11,23.41,0.00,0.11,0.00,0.00,0.00,0.00,0.00,0.00,0.00,0.00,0.00,0.00
219.61,0.10,22.23,0.00,0.10,0.00,0.00,0.00,0.00,0.00,0.00,0.00,0.00,0.00,0.00
219.47,0.10,22.43,0.00,0.10,0.00,0.00,0.00,0.00,0.00,0.00,0.00,0.00,0.00,0.00
216.84,0.33,71.85,0.00,0.09,0.00,0.00,0.00,0.00,0.00,0.00,0.00,219.11,0.24,32.24
219.54,0.32,70.30,0.00,0.09,0.00,0.00,0.00,0.00,0.00,0.00,0.00,218.43,0.23,31.30
220.24,0.32,69.98,0.00,0.08,0.00,0.00,0.00,0.00,0.00,0.00,0.00,222.04,0.24,33.62
220.45,0.08,17.53,0.00,0.08,0.00,0.00,0.00,0.00,0.00,0.00,0.00,0.00,0.00,0.00
224.34,0.08,18.01,0.00,0.08,0.00,0.00,0.00,0.00,0.00,0.00,0.00,0.00,0.00,0.00
220.48,0.07,15.96,0.00,0.07,0.00,0.00,0.00,0.00,0.00,0.00,0.00,0.00,0.00,0.00
219.59,0.06,12.25,0.00,0.06,0.00,0.00,0.00,0.00,0.00,0.00,0.00,0.00,0.00,0.00
218.57,0.22,48.56,0.00,0.00,0.00,0.00,0.00,0.00,0.00,0.00,0.00,0.00,0.00,0.00
218.85,0.22,48.76,0.00,0.00,0.00,0.00,0.00,0.00,0.00,0.00,0.00,0.00,0.00,0.00
220.07,0.23,49.61,0.00,0.00,0.00,0.00,0.00,0.00,0.00,0.00,0.00,0.00,0.00,0.00
220.15,0.22,49.28,0.00,0.00,0.00,0.00,0.00,0.00,0.00,0.00,0.00,0.00,0.00,0.00
221.43,0.22,49.53,0.00,0.00,0.00,0.00,0.00,0.00,0.00,0.00,0.00,0.00,0.00,0.00
219.84,0.22,49.08,0.00,0.00,0.00,0.00,0.00,0.00,0.00,0.00,0.00,0.00,0.00,0.00
216.81,0.45,98.40,0.00,0.00,0.00,0.00,0.00,0.00,0.00,0.00,0.00,217.10,0.23,31.83
222.35,0.45,100.85,0.00,0.00,0.00,0.00,0.00,0.00,0.00,0.00,0.00,218.89,0.23,32.06
221.05,0.45,100.42,0.00,0.00,0.00,0.00,0.00,0.00,0.00,0.00,0.00,220.33,0.23,31.82
221.36,0.45,100.23,0.00,0.00,0.00,0.00,0.00,0.00,0.00,0.00,0.00,218.93,0.23,31.33
222.11,0.45,100.20,0.00,0.00,0.00,0.00,0.00,0.00,0.00,0.00,0.00,219.02,0.23,31.88
221.13,0.45,99.29,0.00,0.00,0.00,0.00,0.00,0.00,0.00,0.00,0.00,216.63,0.23,30.60
222.36,0.45,99.39,0.00,0.00,0.00,0.00,0.00,0.00,0.00,0.00,0.00,217.94,0.22,31.12
219.87,0.45,99.71,0.00,0.00,0.00,0.00,0.00,0.00,0.00,0.00,0.00,219.27,0.23,31.54
223.13,0.45,100.54,0.00,0.00,0.00,0.00,0.00,0.00,0.00,0.00,0.00,219.85,0.23,31.70
219.96,0.66,145.99,0.00,0.00,0.00,0.00,0.00,0.00,215.10,0.21,45.41,218.86,0.23,31.42
216.24,0.67,144.66,0.00,0.00,0.00,0.00,0.00,0.00,216.31,0.21,45.80,219.58,0.23,31.84
218.48,0.67,146.15,0.00,0.00,0.00,0.00,0.00,0.00,217.26,0.21,46.49,218.79,0.23,31.91
219.90,0.67,146.54,0.00,0.00,0.00,0.00,0.00,0.00,218.83,0.22,47.05,216.84,0.23,31.35
217.86,0.67,145.77,0.00,0.00,0.00,0.00,0.00,0.00,214.99,0.21,45.53,219.42,0.23,32.52
218.78,0.66,145.27,0.00,0.00,0.00,0.00,0.00,0.00,222.17,0.21,47.34,217.27,0.23,30.87
220.53,0.66,146.35,0.00,0.00,0.00,0.00,0.00,0.00,218.41,0.21,46.56,216.55,0.23,31.17
216.93,0.88,190.22,218.15,0.21,45.33,0.00,0.00,0.00,217.91,0.21,46.45,217.72,0.23,32.28
217.27,0.87,189.49,217.19,0.21,44.92,0.00,0.00,0.00,216.91,0.21,46.30,215.07,0.23,30.32
217.04,0.87,189.38,218.46,0.21,45.28,0.00,0.00,0.00,217.61,0.21,46.00,216.08,0.23,31.19
219.37,0.87,191.80,218.60,0.21,45.52,0.00,0.00,0.00,212.28,0.21,44.24,217.16,0.23,31.58
219.86,0.87,192.16,218.40,0.21,45.66,0.00,0.00,0.00,216.98,0.21,46.16,215.49,0.23,31.05
219.47,0.88,192.30,220.67,0.21,46.67,0.00,0.00,0.00,220.69,0.21,47.34,217.24,0.23,31.06
218.56,0.88,191.77,220.15,0.21,45.99,0.00,0.00,0.00,219.82,0.21,47.16,216.84,0.23,31.36
217.49,0.87,189.93,215.44,0.21,44.30,0.00,0.00,0.00,217.42,0.21,46.26,218.32,0.23,31.45
217.15,0.88,190.14,218.94,0.21,45.40,0.00,0.00,0.00,216.94,0.21,46.00,216.32,0.23,31.58
220.29,0.87,192.48,219.08,0.21,45.55,0.00,0.00,0.00,219.18,0.21,46.72,215.20,0.23,30.80
218.01,0.86,188.54,217.66,0.21,45.06,0.00,0.00,0.00,212.73,0.21,44.56,215.96,0.22,29.62
219.31,0.88,192.50,219.63,0.21,46.13,0.00,0.00,0.00,216.39,0.21,45.97,216.46,0.23,31.50
219.89,0.87,191.29,217.56,0.21,45.45,0.00,0.00,0.00,218.29,0.21,46.57,217.58,0.23,30.41
217.58,0.87,190.20,218.92,0.21,45.62,0.00,0.00,0.00,217.10,0.21,46.28,215.71,0.23,30.87
217.62,0.88,190.99,218.53,0.21,45.49,0.00,0.00,0.00,219.09,0.21,46.71,218.38,0.23,32.13
218.04,0.87,190.57,218.61,0.21,45.34,0.00,0.00,0.00,216.89,0.21,46.19,216.07,0.23,31.11
218.22,0.87,190.02,218.01,0.21,45.31,0.00,0.00,0.00,217.29,0.21,46.22,214.68,0.23,30.66
220.34,0.88,193.33,219.78,0.21,45.84,0.00,0.00,0.00,217.33,0.21,46.38,216.20,0.23,31.27
220.51,0.87,192.90,218.32,0.21,45.57,0.00,0.00,0.00,219.06,0.21,46.90,217.64,0.23,31.15
217.99,0.87,190.32,220.16,0.21,45.89,0.00,0.00,0.00,217.44,0.21,46.19,217.46,0.23,30.88
218.57,0.87,191.23,218.37,0.21,45.63,0.00,0.00,0.00,217.47,0.21,46.33,218.21,0.23,31.90
218.75,0.87,190.55,218.78,0.21,45.53,0.00,0.00,0.00,215.66,0.21,45.40,218.20,0.23,31.61
219.02,0.87,191.31,217.55,0.21,45.27,0.00,0.00,0.00,216.40,0.21,45.93,216.05,0.23,31.52
221.01,0.87,192.60,219.28,0.21,45.97,0.00,0.00,0.00,217.13,0.21,46.20,215.91,0.23,30.80
219.35,0.87,190.30,216.40,0.21,44.82,0.00,0.00,0.00,219.73,0.21,47.11,213.23,0.22,29.98
219.36,0.87,191.88,218.80,0.21,45.68,0.00,0.00,0.00,220.34,0.22,47.39,216.37,0.23,31.12
216.59,0.88,189.53,216.71,0.21,45.06,0.00,0.00,0.00,220.49,0.22,47.42,218.55,0.23,31.92
218.42,0.87,190.47,218.26,0.21,45.22,0.00,0.00,0.00,214.69,0.21,45.35,218.04,0.23,31.73
219.00,0.87,191.13,218.72,0.21,45.66,0.00,0.00,0.00,217.32,0.21,46.21,216.80,0.23,31.13
219.64,0.87,191.30,217.85,0.21,45.31,0.00,0.00,0.00,217.53,0.21,46.39,216.56,0.23,30.79
217.28,0.87,189.13,218.79,0.21,45.75,0.00,0.00,0.00,218.15,0.21,46.64,215.69,0.22,29.65
218.56,0.87,189.67,219.22,0.21,45.72,0.00,0.00,0.00,216.09,0.21,45.59,218.47,0.23,31.25
218.39,0.87,189.43,217.94,0.21,45.51,0.00,0.00,0.00,215.34,0.21,45.73,216.61,0.22,30.12
219.17,0.87,190.36,218.84,0.21,45.71,0.00,0.00,0.00,217.27,0.21,46.13,215.44,0.22,30.73
218.30,0.87,190.26,217.44,0.21,45.18,0.00,0.00,0.00,217.10,0.21,46.13,216.41,0.23,31.25
220.11,0.87,191.62,218.72,0.21,45.61,0.00,0.00,0.00,215.94,0.21,45.65,214.65,0.23,29.57
219.27,0.87,190.40,217.88,0.21,45.17,0.00,0.00,0.00,217.86,0.21,46.54,218.77,0.22,30.85
219.51,0.87,191.71,219.90,0.21,46.22,0.00,0.00,0.00,219.90,0.21,47.12,215.81,0.23,31.08
218.40,0.86,188.86,214.59,0.21,43.96,0.00,0.00,0.00,217.91,0.21,46.39,216.27,0.22,30.64
220.80,0.86,190.70,216.61,0.21,44.67,0.00,0.00,0.00,217.39,0.21,46.09,214.77,0.22,30.27
219.78,0.87,190.87,216.68,0.21,45.06,0.00,0.00,0.00,215.93,0.21,45.80,216.82,0.23,30.20
219.83,0.87,190.76,217.39,0.21,45.27,0.00,0.00,0.00,218.75,0.21,46.75,217.76,0.22,30.77
222.17,0.87,193.21,220.75,0.21,46.37,0.00,0.00,0.00,219.01,0.21,46.86,216.15,0.22,30.44
218.60,0.87,189.35,216.56,0.21,44.78,0.00,0.00,0.00,218.47,0.21,46.79,215.62,0.22,29.42
218.62,0.87,190.06,218.72,0.21,45.54,0.00,0.00,0.00,217.84,0.21,46.27,217.98,0.23,30.95
218.61,0.87,189.51,216.63,0.21,44.85,0.00,0.00,0.00,217.86,0.21,46.23,218.22,0.22,30.96
222.50,0.87,193.96,219.48,0.21,45.93,0.00,0.00,0.00,217.40,0.21,46.20,217.61,0.23,31.13
219.62,0.87,192.00,219.27,0.21,45.92,0.00,0.00,0.00,219.95,0.21,46.74,215.68,0.23,30.86
216.90,0.87,187.98,217.44,0.21,45.27,0.00,0.00,0.00,217.23,0.21,46.39,216.65,0.22,30.27
218.79,0.87,189.73,218.21,0.21,45.30,0.00,0.00,0.00,217.37,0.21,46.32,216.65,0.22,30.29
218.84,0.88,191.68,219.00,0.21,46.01,0.00,0.00,0.00,216.44,0.21,46.02,221.70,0.23,32.75
217.72,0.87,189.68,218.20,0.21,45.25,0.00,0.00,0.00,216.16,0.21,45.83,217.72,0.23,31.69
218.34,0.87,189.58,219.18,0.21,45.97,0.00,0.00,0.00,216.83,0.21,46.13,216.65,0.22,30.16
218.95,0.87,190.25,219.19,0.21,46.07,0.00,0.00,0.00,216.61,0.21,46.12,218.09,0.22,30.46
219.33,0.87,190.55,219.29,0.21,46.15,0.00,0.00,0.00,218.99,0.22,47.10,215.60,0.22,29.02
218.32,0.87,190.40,217.80,0.21,45.39,0.00,0.00,0.00,216.95,0.21,46.28,217.91,0.23,31.06
218.19,0.87,189.36,215.75,0.21,44.47,0.00,0.00,0.00,217.53,0.21,46.17,216.61,0.23,31.03
219.76,0.86,189.85,225.49,0.21,46.38,0.00,0.00,0.00,216.05,0.21,45.92,214.89,0.22,28.55
219.51,0.87,189.89,219.58,0.21,45.97,0.00,0.00,0.00,216.87,0.21,46.24,214.70,0.22,28.54
217.97,0.87,190.11,220.30,0.21,46.39,0.00,0.00,0.00,218.35,0.21,46.80,217.41,0.22,30.85
218.40,0.87,189.23,214.48,0.21,43.99,0.00,0.00,0.00,220.12,0.22,47.37,216.16,0.22,30.65
219.00,0.86,189.11,218.36,0.21,45.54,0.00,0.00,0.00,216.39,0.21,45.96,216.67,0.22,29.56
218.72,0.87,190.32,217.22,0.21,45.26,0.00,0.00,0.00,215.30,0.21,45.60,216.54,0.23,31.47
218.94,0.87,189.89,219.21,0.21,46.07,0.00,0.00,0.00,218.35,0.21,46.69,216.09,0.22,29.79
219.28,0.88,191.92,219.13,0.21,46.13,0.00,0.00,0.00,216.76,0.21,46.11,215.37,0.23,32.02
218.65,0.87,190.35,216.97,0.21,44.95,0.00,0.00,0.00,220.01,0.21,47.20,217.72,0.23,30.99
217.29,0.87,189.18,218.13,0.21,45.54,0.00,0.00,0.00,220.57,0.21,46.89,217.95,0.23,30.99
218.61,0.87,190.60,220.47,0.21,46.05,0.00,0.00,0.00,216.30,0.21,45.99,215.13,0.23,31.21
219.92,0.86,190.21,215.33,0.21,44.54,0.00,0.00,0.00,215.93,0.21,45.89,216.46,0.22,30.48
221.01,0.87,192.27,218.85,0.21,45.80,0.00,0.00,0.00,218.13,0.21,46.23,216.66,0.23,30.75
218.86,0.87,190.27,217.97,0.21,45.53,0.00,0.00,0.00,217.94,0.21,46.65,216.39,0.22,30.32
219.12,0.87,190.24,219.48,0.21,46.03,0.00,0.00,0.00,218.35,0.22,46.93,219.27,0.22,30.28
218.45,0.87,189.96,216.02,0.21,44.70,0.00,0.00,0.00,218.92,0.21,46.78,219.21,0.23,31.69
217.05,0.87,189.00,217.21,0.21,45.28,0.00,0.00,0.00,217.37,0.21,46.34,217.14,0.23,31.12
218.12,0.87,189.02,219.16,0.21,45.78,0.00,0.00,0.00,214.99,0.21,45.48,216.84,0.22,30.89
219.48,0.87,191.04,218.08,0.21,45.50,0.00,0.00,0.00,218.36,0.21,46.81,214.56,0.22,30.43
219.23,0.87,189.93,215.48,0.21,44.57,0.00,0.00,0.00,216.58,0.21,46.17,224.11,0.22,31.48
218.72,0.87,189.32,217.33,0.21,45.20,0.00,0.00,0.00,216.87,0.21,45.90,217.86,0.22,30.42
219.03,0.86,189.10,219.98,0.21,46.39,0.00,0.00,0.00,213.96,0.21,44.99,216.90,0.22,30.00
219.14,0.87,190.17,217.99,0.21,45.52,0.00,0.00,0.00,219.16,0.21,46.84,216.88,0.22,30.52
219.46,0.87,189.85,216.91,0.21,45.18,0.00,0.00,0.00,218.04,0.21,46.38,216.40,0.22,30.37
220.99,0.87,192.41,219.01,0.21,45.75,0.00,0.00,0.00,216.59,0.21,46.11,215.15,0.23,30.79
219.66,0.87,190.98,218.94,0.21,45.77,0.00,0.00,0.00,218.11,0.21,46.65,216.18,0.22,30.51
218.66,0.87,190.48,219.29,0.21,46.21,0.00,0.00,0.00,216.70,0.21,46.10,216.01,0.22,30.80
219.19,0.87,191.01,217.84,0.21,45.39,0.00,0.00,0.00,220.09,0.21,47.30,218.75,0.23,30.97
218.15,0.87,189.08,218.41,0.21,45.45,0.00,0.00,0.00,216.41,0.21,46.17,222.08,0.22,29.44
218.22,0.87,189.40,219.23,0.21,45.85,0.00,0.00,0.00,216.96,0.21,46.24,216.51,0.22,29.79
217.95,0.87,189.57,217.78,0.21,45.34,0.00,0.00,0.00,216.45,0.21,46.04,216.94,0.23,30.76
220.57,0.86,190.61,218.79,0.21,45.92,0.00,0.00,0.00,219.08,0.21,46.93,212.71,0.22,28.54
218.43,0.87,190.11,219.72,0.21,46.10,0.00,0.00,0.00,217.92,0.21,46.76,216.43,0.22,30.16
218.60,0.86,188.69,217.71,0.21,45.47,0.00,0.00,0.00,217.11,0.21,46.30,216.35,0.22,28.94
217.31,0.87,189.65,219.15,0.21,45.91,0.00,0.00,0.00,219.63,0.22,47.21,218.49,0.23,30.84
217.54,0.87,188.53,215.97,0.21,44.65,0.00,0.00,0.00,217.91,0.21,46.25,216.21,0.23,31.05
220.19,0.87,190.73,216.60,0.21,44.89,0.00,0.00,0.00,218.00,0.21,46.71,217.89,0.22,30.47
219.65,0.87,190.40,218.78,0.21,45.74,0.00,0.00,0.00,217.14,0.21,45.95,216.09,0.22,30.12
219.79,0.87,190.55,219.57,0.21,45.65,0.00,0.00,0.00,215.93,0.21,45.94,216.01,0.22,30.33
220.14,0.87,190.73,215.55,0.21,44.36,0.00,0.00,0.00,218.18,0.21,46.81,216.26,0.22,29.98
218.58,0.87,189.97,219.91,0.21,46.23,0.00,0.00,0.00,219.75,0.21,47.02,216.24,0.22,30.53
216.89,0.86,187.28,217.44,0.21,45.20,0.00,0.00,0.00,216.58,0.21,46.16,218.47,0.22,30.55
218.80,0.86,189.24,216.54,0.21,44.85,0.00,0.00,0.00,216.85,0.21,46.08,219.47,0.22,30.71
220.82,0.87,191.26,218.83,0.21,45.77,0.00,0.00,0.00,218.64,0.21,46.47,216.36,0.22,30.22
220.08,0.87,190.38,217.62,0.21,45.36,0.00,0.00,0.00,216.11,0.21,46.00,215.72,0.22,29.97
220.03,0.87,191.53,219.52,0.21,46.14,0.00,0.00,0.00,221.11,0.22,47.70,216.66,0.22,30.15
218.36,0.87,189.54,219.48,0.21,46.22,0.00,0.00,0.00,215.19,0.21,45.42,217.60,0.22,30.24
218.78,0.87,189.67,219.37,0.21,46.31,0.00,0.00,0.00,216.97,0.21,45.72,217.97,0.22,30.57
224.86,0.87,195.05,219.13,0.21,45.80,0.00,0.00,0.00,216.39,0.21,45.94,217.49,0.22,30.79
221.11,0.87,191.70,218.48,0.21,45.75,0.00,0.00,0.00,217.20,0.21,46.24,217.02,0.22,30.14
220.75,0.86,190.72,218.03,0.21,45.25,0.00,0.00,0.00,215.67,0.21,45.86,217.47,0.22,30.11
221.32,0.87,192.76,221.66,0.21,46.90,0.00,0.00,0.00,218.17,0.21,46.65,218.12,0.22,30.88
219.28,0.87,191.16,219.93,0.21,46.17,0.00,0.00,0.00,220.72,0.22,47.66,218.65,0.22,31.02
217.83,0.87,189.04,217.51,0.21,45.19,0.00,0.00,0.00,217.55,0.21,46.59,218.47,0.22,30.83
217.62,0.87,188.49,216.28,0.21,44.49,0.00,0.00,0.00,216.39,0.21,45.91,220.23,0.23,32.00
220.09,0.87,191.68,219.82,0.21,46.12,0.00,0.00,0.00,216.98,0.21,46.22,218.94,0.23,30.65
219.59,0.87,190.49,219.04,0.21,45.59,0.00,0.00,0.00,217.44,0.21,46.49,217.27,0.22,30.27
220.22,0.87,192.11,221.70,0.21,47.01,0.00,0.00,0.00,222.02,0.22,47.89,219.06,0.22,30.62
219.63,0.87,191.08,222.41,0.21,47.10,0.00,0.00,0.00,219.52,0.22,47.39,218.96,0.22,30.18
220.05,0.87,190.69,220.51,0.21,46.51,0.00,0.00,0.00,218.91,0.22,47.20,215.27,0.22,28.56
221.70,0.87,192.74,220.58,0.21,46.53,0.00,0.00,0.00,220.56,0.21,47.40,220.53,0.22,30.90
221.15,0.87,192.21,219.99,0.21,45.91,0.00,0.00,0.00,217.83,0.21,46.58,216.54,0.22,30.42
221.49,0.87,191.85,217.31,0.21,45.39,0.00,0.00,0.00,220.17,0.22,47.31,218.82,0.22,29.90
219.62,0.87,190.31,220.56,0.21,46.51,0.00,0.00,0.00,218.44,0.22,46.92,216.72,0.22,29.45
220.57,0.87,190.97,221.38,0.21,46.95,0.00,0.00,0.00,218.86,0.22,47.02,219.17,0.22,29.88
218.42,0.87,189.21,217.40,0.21,45.15,0.00,0.00,0.00,219.07,0.22,47.11,217.47,0.22,29.91
219.27,0.87,190.60,217.58,0.21,45.15,0.00,0.00,0.00,219.45,0.21,47.08,220.66,0.22,31.46
221.52,0.86,191.35,222.90,0.21,47.01,0.00,0.00,0.00,217.16,0.21,46.22,217.60,0.22,29.45
220.86,0.87,191.18,219.34,0.21,46.13,0.00,0.00,0.00,219.51,0.21,47.01,214.68,0.22,29.08
221.22,0.86,190.99,217.09,0.21,45.15,0.00,0.00,0.00,218.04,0.21,46.69,216.85,0.22,29.36
219.64,0.86,189.02,220.50,0.21,46.71,0.00,0.00,0.00,218.74,0.21,46.94,215.94,0.21,27.53
221.31,0.87,192.79,222.15,0.21,47.33,0.00,0.00,0.00,220.44,0.21,47.23,218.55,0.22,30.00
219.46,0.87,190.19,221.19,0.21,46.75,0.00,0.00,0.00,219.32,0.22,47.17,218.97,0.22,29.47
218.97,0.86,188.92,220.77,0.21,46.57,0.00,0.00,0.00,219.09,0.22,47.12,216.69,0.21,28.40
219.34,0.87,190.20,219.87,0.21,46.21,0.00,0.00,0.00,219.97,0.22,47.43,215.68,0.22,29.31
219.31,0.87,190.00,216.92,0.21,45.01,0.00,0.00,0.00,218.87,0.21,46.82,217.66,0.22,30.26
220.35,0.87,190.95,220.81,0.21,46.52,0.00,0.00,0.00,216.47,0.21,46.08,218.96,0.22,29.92
221.34,0.87,191.62,218.18,0.21,45.73,0.00,0.00,0.00,219.86,0.21,47.10,217.05,0.22,29.60
221.94,0.87,192.31,218.20,0.21,45.79,0.00,0.00,0.00,220.61,0.21,47.37,217.76,0.22,29.71
221.01,0.86,191.05,219.34,0.21,45.92,0.00,0.00,0.00,222.65,0.22,48.14,218.22,0.22,29.67
219.67,0.87,190.59,219.82,0.21,46.24,0.00,0.00,0.00,219.65,0.22,47.32,220.80,0.22,30.67
219.98,0.86,190.26,221.02,0.21,46.44,0.00,0.00,0.00,219.20,0.22,47.10,218.08,0.22,29.87
220.22,0.86,190.43,218.18,0.21,45.26,0.00,0.00,0.00,218.16,0.21,46.77,219.27,0.22,29.97
220.75,0.87,191.83,218.44,0.21,45.49,0.00,0.00,0.00,217.87,0.21,46.43,216.96,0.22,28.99
221.73,0.87,192.55,220.90,0.21,46.48,0.00,0.00,0.00,216.57,0.21,46.04,216.52,0.22,29.11
221.69,0.87,193.48,218.02,0.21,45.50,0.00,0.00,0.00,218.44,0.22,46.97,216.65,0.23,30.10
222.15,0.87,192.76,220.68,0.21,45.76,0.00,0.00,0.00,218.89,0.21,46.87,217.39,0.22,29.02
220.98,0.87,191.27,216.76,0.21,45.06,0.00,0.00,0.00,219.66,0.22,47.23,218.49,0.22,29.05
219.57,0.86,189.43,215.23,0.21,44.21,0.00,0.00,0.00,218.55,0.21,46.57,216.97,0.22,29.33
218.79,0.87,189.92,217.29,0.21,45.39,0.00,0.00,0.00,218.18,0.21,46.53,218.52,0.22,29.56
221.80,0.86,190.78,216.52,0.21,44.38,0.00,0.00,0.00,217.30,0.21,46.58,217.76,0.22,28.35
221.20,0.87,191.40,218.57,0.21,45.72,0.00,0.00,0.00,218.65,0.21,46.63,217.65,0.22,29.07
221.92,0.87,193.13,219.32,0.21,45.90,0.00,0.00,0.00,218.75,0.22,47.12,218.34,0.22,29.79
220.92,0.87,191.65,218.78,0.21,45.40,0.00,0.00,0.00,218.93,0.22,47.09,217.15,0.22,29.23
219.48,0.86,189.15,216.88,0.21,44.89,0.00,0.00,0.00,218.84,0.21,46.67,219.59,0.22,29.27
218.35,0.86,188.00,218.49,0.21,45.25,0.00,0.00,0.00,218.00,0.21,46.45,218.00,0.22,28.63
219.34,0.87,190.51,218.87,0.21,45.77,0.00,0.00,0.00,218.33,0.21,46.77,218.55,0.22,29.42
222.16,0.86,192.14,220.46,0.21,46.41,0.00,0.00,0.00,217.63,0.21,46.47,215.91,0.22,28.86
221.40,0.87,191.64,218.03,0.21,45.56,0.00,0.00,0.00,212.81,0.21,44.68,217.63,0.22,29.42
220.82,0.87,191.55,220.36,0.21,46.24,0.00,0.00,0.00,219.33,0.21,47.09,218.53,0.22,29.18
219.68,0.87,191.03,219.18,0.21,45.54,0.00,0.00,0.00,220.17,0.22,47.29,218.58,0.22,30.42
222.63,0.87,192.83,221.69,0.21,46.74,0.00,0.00,0.00,218.84,0.21,46.90,216.70,0.22,28.73
220.60,0.86,189.39,217.57,0.21,44.91,0.00,0.00,0.00,218.71,0.21,46.79,218.74,0.22,28.73
220.14,0.86,189.63,217.42,0.21,44.93,0.00,0.00,0.00,216.94,0.21,46.22,218.58,0.22,29.49
220.31,0.87,190.57,218.75,0.21,45.55,0.00,0.00,0.00,215.81,0.21,45.81,215.43,0.22,28.35
224.40,0.87,194.25,222.13,0.21,47.36,0.00,0.00,0.00,220.35,0.22,47.52,216.56,0.21,27.57
221.30,0.87,192.47,221.32,0.21,46.75,0.00,0.00,0.00,218.87,0.22,47.06,217.61,0.22,29.45
218.73,0.86,188.37,220.36,0.21,46.15,0.00,0.00,0.00,214.89,0.21,45.57,218.67,0.22,28.57
220.43,0.87,191.56,222.67,0.21,47.35,0.00,0.00,0.00,219.62,0.21,46.98,219.08,0.22,29.69
221.20,0.86,191.23,219.08,0.21,46.07,0.00,0.00,0.00,220.18,0.22,47.35,219.58,0.22,29.52
221.10,0.86,190.25,217.59,0.21,44.97,0.00,0.00,0.00,218.93,0.21,46.94,218.78,0.22,29.21
220.76,0.86,189.39,216.76,0.21,44.81,0.00,0.00,0.00,220.01,0.21,47.19,217.87,0.21,29.55
223.08,0.85,190.53,219.70,0.21,46.11,0.00,0.00,0.00,219.65,0.21,47.11,215.30,0.21,27.47
219.98,0.86,188.42,221.45,0.21,46.33,0.00,0.00,0.00,219.32,0.21,47.08,218.83,0.21,28.62
220.72,0.86,189.65,218.26,0.21,45.73,0.00,0.00,0.00,219.65,0.22,47.23,216.45,0.21,28.48
221.66,0.86,189.72,219.93,0.21,46.11,0.00,0.00,0.00,222.81,0.22,48.25,219.11,0.21,28.75
220.83,0.86,189.34,221.88,0.21,46.84,0.00,0.00,0.00,222.40,0.22,48.17,215.65,0.21,27.81
218.93,0.86,188.73,222.40,0.21,46.98,0.00,0.00,0.00,219.56,0.22,47.36,218.91,0.21,29.08
219.99,0.86,188.40,221.78,0.21,46.88,0.00,0.00,0.00,215.37,0.21,45.40,219.44,0.21,28.49
220.69,0.86,189.43,220.14,0.21,46.41,0.00,0.00,0.00,219.05,0.22,47.04,219.77,0.21,28.79
221.10,0.86,190.31,219.32,0.21,46.15,0.00,0.00,0.00,218.60,0.21,46.77,219.17,0.21,30.09
220.72,0.86,188.97,219.50,0.21,45.95,0.00,0.00,0.00,217.60,0.21,46.33,218.68,0.21,28.75
221.45,0.86,189.84,219.94,0.21,45.93,0.00,0.00,0.00,218.49,0.21,46.65,216.47,0.21,28.60
220.49,0.86,188.83,218.48,0.21,45.60,0.00,0.00,0.00,217.95,0.21,46.52,220.40,0.21,28.81
223.02,0.86,190.79,221.44,0.21,47.13,0.00,0.00,0.00,215.38,0.21,45.40,217.97,0.21,27.85
221.69,0.86,190.62,221.67,0.21,47.17,0.00,0.00,0.00,219.69,0.22,47.38,218.00,0.21,28.47
220.15,0.86,188.44,219.47,0.21,45.83,0.00,0.00,0.00,220.50,0.22,47.58,217.70,0.21,28.30
220.03,0.86,188.87,221.08,0.21,46.48,0.00,0.00,0.00,217.31,0.21,46.25,219.61,0.21,28.84
220.57,0.86,190.03,219.84,0.21,46.32,0.00,0.00,0.00,219.33,0.21,46.85,219.69,0.21,29.55
221.61,0.86,189.56,216.40,0.21,44.92,0.00,0.00,0.00,218.29,0.21,46.60,221.02,0.21,29.34
220.42,0.85,187.59,216.92,0.21,44.90,0.00,0.00,0.00,213.95,0.21,44.98,218.79,0.21,28.63
220.99,0.85,188.78,219.98,0.21,46.41,0.00,0.00,0.00,217.58,0.21,46.40,217.76,0.21,27.46
221.15,0.85,188.39,218.01,0.21,45.47,0.00,0.00,0.00,213.34,0.21,44.70,217.28,0.21,28.49
217.89,0.86,186.44,220.89,0.21,46.34,0.00,0.00,0.00,217.87,0.21,46.45,218.01,0.21,28.20
220.96,0.85,188.35,217.98,0.21,45.56,0.00,0.00,0.00,218.71,0.21,46.76,219.64,0.21,28.76
222.75,0.85,189.63,218.85,0.21,45.46,0.00,0.00,0.00,216.60,0.21,45.92,217.07,0.21,28.25
221.30,0.86,189.66,220.20,0.21,46.47,0.00,0.00,0.00,218.52,0.21,46.89,218.13,0.21,28.07
222.28,0.85,189.79,221.07,0.21,46.53,0.00,0.00,0.00,217.09,0.21,46.12,218.58,0.21,28.51
221.80,0.85,188.30,220.26,0.21,46.03,0.00,0.00,0.00,219.51,0.21,47.06,215.28,0.20,26.77
221.90,0.85,188.81,220.86,0.21,46.58,0.00,0.00,0.00,215.82,0.21,45.71,218.04,0.21,27.58
220.91,0.86,190.52,221.05,0.21,46.88,0.00,0.00,0.00,220.55,0.22,47.50,218.98,0.21,28.45
221.61,0.86,191.41,222.09,0.21,47.45,0.00,0.00,0.00,219.89,0.22,47.53,219.78,0.21,28.62
219.57,0.86,188.31,220.50,0.21,46.59,0.00,0.00,0.00,220.65,0.22,47.55,218.62,0.21,28.41
219.30,0.86,187.75,221.37,0.21,46.75,0.00,0.00,0.00,219.13,0.21,47.02,218.49,0.21,28.32
220.08,0.86,188.93,221.84,0.21,46.84,0.00,0.00,0.00,220.02,0.22,47.26,219.30,0.21,28.98
221.07,0.86,189.35,217.40,0.21,45.29,0.00,0.00,0.00,219.42,0.21,46.97,218.85,0.21,28.99
222.67,0.85,190.29,219.64,0.21,46.10,0.00,0.00,0.00,221.30,0.22,47.57,220.11,0.21,28.63
221.11,0.86,189.76,219.59,0.21,46.06,0.00,0.00,0.00,219.14,0.21,46.99,220.80,0.21,29.17
221.97,0.85,189.24,219.68,0.21,46.02,0.00,0.00,0.00,217.87,0.21,46.57,217.59,0.21,28.03
221.28,0.86,189.33,220.90,0.21,46.76,0.00,0.00,0.00,214.68,0.21,45.29,218.95,0.21,28.45
221.98,0.85,188.13,219.73,0.21,46.41,0.00,0.00,0.00,220.11,0.21,47.27,214.96,0.20,25.89
220.83,0.85,187.66,218.96,0.21,46.08,0.00,0.00,0.00,213.73,0.21,45.02,219.41,0.21,27.91
221.24,0.86,189.59,220.67,0.21,46.83,0.00,0.00,0.00,220.37,0.22,47.48,219.48,0.21,28.16
219.56,0.85,186.54,215.11,0.21,44.31,0.00,0.00,0.00,220.69,0.22,47.61,214.57,0.21,27.64
219.66,0.85,187.10,220.58,0.21,46.29,0.00,0.00,0.00,219.11,0.21,46.81,215.84,0.21,27.78
221.31,0.86,189.69,220.35,0.21,46.37,0.00,0.00,0.00,216.26,0.21,45.88,220.37,0.21,28.80
221.95,0.86,190.12,218.09,0.21,45.63,0.00,0.00,0.00,219.58,0.22,47.20,219.19,0.21,28.84
219.62,0.85,186.43,216.63,0.21,45.04,0.00,0.00,0.00,217.91,0.21,46.72,218.61,0.21,28.11
221.96,0.85,189.05,220.94,0.21,46.52,0.00,0.00,0.00,219.48,0.21,47.11,219.24,0.20,28.38
221.05,0.84,186.57,216.97,0.21,45.01,0.00,0.00,0.00,218.12,0.21,46.50,217.11,0.20,26.58
221.56,0.85,189.38,220.37,0.21,46.32,0.00,0.00,0.00,219.87,0.22,47.29,218.77,0.21,28.18
224.57,0.85,191.22,219.37,0.21,45.50,0.00,0.00,0.00,217.06,0.21,46.09,220.47,0.21,28.29
219.32,0.85,187.20,221.36,0.21,47.01,0.00,0.00,0.00,217.82,0.21,46.42,218.34,0.21,27.69
219.27,0.85,185.72,217.08,0.21,45.20,0.00,0.00,0.00,218.35,0.21,46.95,217.06,0.20,26.81
222.12,0.85,189.83,222.30,0.21,46.93,0.00,0.00,0.00,218.34,0.21,46.64,217.66,0.21,28.31
221.58,0.85,188.85,218.39,0.21,45.54,0.00,0.00,0.00,218.10,0.21,46.35,220.43,0.21,28.60
217.41,0.85,185.31,220.19,0.21,46.49,0.00,0.00,0.00,216.51,0.21,45.53,219.20,0.21,28.30
220.31,0.86,188.37,222.76,0.21,47.21,0.00,0.00,0.00,216.06,0.21,45.90,220.00,0.21,28.32
222.03,0.85,189.60,221.16,0.21,46.80,0.00,0.00,0.00,220.19,0.22,47.46,218.29,0.20,27.92
220.84,0.86,189.16,220.27,0.21,46.42,0.00,0.00,0.00,221.24,0.22,47.79,220.73,0.21,28.59
220.18,0.85,187.67,219.11,0.21,46.16,0.00,0.00,0.00,217.47,0.21,45.84,218.52,0.21,28.14
222.97,0.85,190.12,220.52,0.21,46.75,0.00,0.00,0.00,220.42,0.22,47.54,220.22,0.20,28.49
220.05,0.85,186.29,213.75,0.20,43.26,0.00,0.00,0.00,219.89,0.22,47.47,220.37,0.20,28.07
220.54,0.85,187.63,219.36,0.21,45.47,0.00,0.00,0.00,218.27,0.21,46.44,216.84,0.21,28.23
220.49,0.85,186.55,221.42,0.21,46.53,0.00,0.00,0.00,218.42,0.21,46.45,218.06,0.20,27.00
219.45,0.85,187.00,220.97,0.21,46.33,0.00,0.00,0.00,220.47,0.22,47.52,219.16,0.20,28.03
218.60,0.85,185.50,220.06,0.21,46.19,0.00,0.00,0.00,217.77,0.21,46.68,218.22,0.20,27.30
221.97,0.85,189.07,220.43,0.21,46.33,0.00,0.00,0.00,220.26,0.21,47.26,218.19,0.20,27.71
221.03,0.85,187.25,217.39,0.21,45.04,0.00,0.00,0.00,218.90,0.21,46.93,220.08,0.20,27.78
217.89,0.85,185.69,221.46,0.21,46.55,0.00,0.00,0.00,219.92,0.22,47.59,215.67,0.20,27.24
220.85,0.85,188.04,223.16,0.21,47.51,0.00,0.00,0.00,217.26,0.21,46.37,215.53,0.20,27.38
222.91,0.86,190.79,222.37,0.21,47.18,0.00,0.00,0.00,220.00,0.22,47.38,221.07,0.21,29.00
218.81,0.85,186.15,221.34,0.21,46.64,0.00,0.00,0.00,217.88,0.21,46.27,219.24,0.21,27.68
220.19,0.85,187.51,217.31,0.21,45.06,0.00,0.00,0.00,221.03,0.22,47.67,218.67,0.21,28.20
219.80,0.85,186.72,220.54,0.21,46.18,0.00,0.00,0.00,219.55,0.21,47.01,219.24,0.20,28.18
219.09,0.85,185.79,216.93,0.21,44.90,0.00,0.00,0.00,219.76,0.22,47.28,218.97,0.20,27.56
218.28,0.85,185.59,221.05,0.21,46.65,0.00,0.00,0.00,218.87,0.21,46.49,218.39,0.20,28.13
222.71,0.85,189.26,220.41,0.21,46.34,0.00,0.00,0.00,218.94,0.21,46.67,218.66,0.20,28.11
223.02,0.85,189.68,217.39,0.21,45.36,0.00,0.00,0.00,219.03,0.21,46.41,216.81,0.21,28.54
222.80,0.85,188.88,220.32,0.21,46.24,0.00,0.00,0.00,214.34,0.21,45.03,218.75,0.21,27.36
221.77,0.85,188.61,221.17,0.21,46.60,0.00,0.00,0.00,221.49,0.22,48.01,219.36,0.20,27.94
222.69,0.85,190.17,217.92,0.21,45.20,0.00,0.00,0.00,220.65,0.22,47.55,219.36,0.21,28.75
221.83,0.85,189.48,219.68,0.21,45.89,0.00,0.00,0.00,220.48,0.22,47.73,218.46,0.21,28.48
219.11,0.85,186.83,221.76,0.21,47.00,0.00,0.00,0.00,218.93,0.21,46.90,218.93,0.20,28.01
222.65,0.85,188.61,216.10,0.21,44.84,0.00,0.00,0.00,219.09,0.21,47.11,218.98,0.20,27.83
221.72,0.86,189.76,221.63,0.21,46.89,0.00,0.00,0.00,221.06,0.22,47.84,220.88,0.21,28.69
220.11,0.85,187.39,221.57,0.21,46.70,0.00,0.00,0.00,221.27,0.22,47.85,221.45,0.20,28.07
221.48,0.85,187.98,220.66,0.21,46.60,0.00,0.00,0.00,217.70,0.21,46.53,216.78,0.20,26.91
220.04,0.86,188.26,222.03,0.21,47.34,0.00,0.00,0.00,218.79,0.21,46.93,217.85,0.21,28.51
222.54,0.85,188.99,218.41,0.21,45.57,0.00,0.00,0.00,218.80,0.21,47.03,219.26,0.20,28.16
223.59,0.85,189.52,222.92,0.21,47.56,0.00,0.00,0.00,216.32,0.21,45.59,217.66,0.20,27.30
220.73,0.85,187.41,221.65,0.21,46.84,0.00,0.00,0.00,219.92,0.21,47.22,220.34,0.20,27.66
217.71,0.85,185.03,221.53,0.21,46.78,0.00,0.00,0.00,215.60,0.21,45.62,217.77,0.20,27.76
222.38,0.85,189.03,221.12,0.21,46.96,0.00,0.00,0.00,218.44,0.21,46.58,222.51,0.20,27.94
221.41,0.86,189.62,221.89,0.21,46.91,0.00,0.00,0.00,221.09,0.22,47.60,221.53,0.21,28.48
220.87,0.85,188.31,220.93,0.21,47.17,0.00,0.00,0.00,220.82,0.22,47.65,218.01,0.20,27.96
221.63,0.85,188.81,221.75,0.21,46.65,0.00,0.00,0.00,220.12,0.22,47.50,218.19,0.20,28.11
221.44,0.85,188.66,223.84,0.21,47.86,0.00,0.00,0.00,218.98,0.21,47.11,216.66,0.20,27.26
223.20,0.85,189.89,221.56,0.21,46.99,0.00,0.00,0.00,218.69,0.21,46.94,220.47,0.20,28.07
222.21,0.85,189.39,219.26,0.21,45.93,0.00,0.00,0.00,219.95,0.21,47.18,220.98,0.21,28.16
222.10,0.85,188.68,220.35,0.21,46.23,0.00,0.00,0.00,221.52,0.22,47.78,217.68,0.20,27.49
221.43,0.85,188.88,219.81,0.21,46.00,0.00,0.00,0.00,220.97,0.22,47.67,217.56,0.21,28.12
220.67,0.85,188.00,221.34,0.21,46.78,0.00,0.00,0.00,218.51,0.21,46.82,218.38,0.20,28.04
222.67,0.85,189.95,222.48,0.21,47.24,0.00,0.00,0.00,219.60,0.21,47.11,218.62,0.20,28.10
220.90,0.85,188.10,220.02,0.21,46.15,0.00,0.00,0.00,221.27,0.22,47.96,218.69,0.20,27.69
221.87,0.85,188.92,221.17,0.21,46.61,0.00,0.00,0.00,221.55,0.22,47.79,217.56,0.20,27.84
220.07,0.85,186.43,219.89,0.21,46.04,0.00,0.00,0.00,218.91,0.21,47.03,220.80,0.20,27.97
220.23,0.85,186.92,223.08,0.21,47.48,0.00,0.00,0.00,219.98,0.22,47.41,215.58,0.20,26.95
221.11,0.85,188.33,218.76,0.21,45.83,0.00,0.00,0.00,219.06,0.22,47.11,219.68,0.20,27.74
219.38,0.84,185.13,215.92,0.21,44.33,0.00,0.00,0.00,218.91,0.22,47.16,220.48,0.20,27.80
222.09,0.85,188.49,221.84,0.21,47.36,0.00,0.00,0.00,218.54,0.21,46.64,216.65,0.20,26.41
223.98,0.85,189.33,221.86,0.21,46.82,0.00,0.00,0.00,217.34,0.21,46.31,216.84,0.20,27.05
220.95,0.86,189.11,221.81,0.21,46.70,0.00,0.00,0.00,220.96,0.22,47.93,220.26,0.21,28.34
219.11,0.85,185.91,222.06,0.21,46.74,0.00,0.00,0.00,220.80,0.22,47.58,215.82,0.20,26.59
223.23,0.85,189.10,220.13,0.21,45.94,0.00,0.00,0.00,216.52,0.21,46.02,219.62,0.20,27.75
222.23,0.86,190.02,222.75,0.21,47.15,0.00,0.00,0.00,220.29,0.22,47.63,219.80,0.21,28.03
220.96,0.85,188.07,219.95,0.21,45.98,0.00,0.00,0.00,220.92,0.22,47.90,219.72,0.20,27.97
219.65,0.85,186.27,221.43,0.21,47.16,0.00,0.00,0.00,217.35,0.21,46.00,216.95,0.20,27.08
222.27,0.85,188.63,220.54,0.21,46.36,0.00,0.00,0.00,219.83,0.21,47.31,216.85,0.20,27.09
222.38,0.85,189.25,222.91,0.21,47.13,0.00,0.00,0.00,220.73,0.22,47.66,217.86,0.20,26.63
220.63,0.84,186.30,217.61,0.21,45.26,0.00,0.00,0.00,217.93,0.21,46.51,218.70,0.20,27.16
219.74,0.85,186.57,219.26,0.21,45.91,0.00,0.00,0.00,219.98,0.22,47.59,219.66,0.20,27.62
222.49,0.84,187.06,219.38,0.21,45.77,0.00,0.00,0.00,216.57,0.21,46.06,216.61,0.20,26.19
221.36,0.85,188.72,221.61,0.21,46.79,0.00,0.00,0.00,219.96,0.21,47.01,220.90,0.21,28.11
220.24,0.85,186.92,219.15,0.21,45.95,0.00,0.00,0.00,220.88,0.22,47.63,218.17,0.20,27.29
221.10,0.85,187.65,219.53,0.21,46.14,0.00,0.00,0.00,220.36,0.21,47.19,218.96,0.20,27.37
219.84,0.85,186.21,216.00,0.21,44.50,0.00,0.00,0.00,218.68,0.21,46.82,219.48,0.20,27.74
222.57,0.85,189.33,223.64,0.21,47.53,0.00,0.00,0.00,219.71,0.21,47.07,218.77,0.20,27.56
220.95,0.85,187.77,220.74,0.21,46.33,0.00,0.00,0.00,219.36,0.21,47.11,219.09,0.20,27.26
221.60,0.85,188.27,221.06,0.21,46.63,0.00,0.00,0.00,218.59,0.21,46.55,219.51,0.20,27.43
219.35,0.85,185.62,216.95,0.21,44.89,0.00,0.00,0.00,217.96,0.21,46.42,221.89,0.20,28.50
219.84,0.85,186.35,220.14,0.21,46.17,0.00,0.00,0.00,217.25,0.21,45.81,218.29,0.20,27.81
220.14,0.85,186.68,219.70,0.21,45.90,0.00,0.00,0.00,219.61,0.22,47.42,216.78,0.20,26.28
220.44,0.85,186.73,220.45,0.21,46.50,0.00,0.00,0.00,218.48,0.21,46.71,217.02,0.20,26.41
222.27,0.85,188.33,220.79,0.21,46.65,0.00,0.00,0.00,217.98,0.21,46.42,217.76,0.20,27.32
220.59,0.84,185.63,217.82,0.21,45.20,0.00,0.00,0.00,219.46,0.21,47.01,216.18,0.20,26.49
220.75,0.85,187.05,220.69,0.21,46.34,0.00,0.00,0.00,218.64,0.21,46.78,215.67,0.20,26.71
221.27,0.85,188.32,221.97,0.21,46.95,0.00,0.00,0.00,216.67,0.21,46.04,218.08,0.20,27.58
223.73,0.85,189.28,220.41,0.21,46.23,0.00,0.00,0.00,218.15,0.21,46.78,218.83,0.20,26.51
220.69,0.85,186.63,219.31,0.21,45.72,0.00,0.00,0.00,216.43,0.21,45.96,219.97,0.20,27.53
218.46,0.85,185.07,219.52,0.21,46.20,0.00,0.00,0.00,218.89,0.21,46.65,217.38,0.20,26.78
219.82,0.85,187.10,221.16,0.21,46.60,0.00,0.00,0.00,221.42,0.22,47.92,219.41,0.20,27.76
218.42,0.85,184.65,219.37,0.21,46.00,0.00,0.00,0.00,218.69,0.21,46.57,217.68,0.20,26.99
220.51,0.85,186.36,221.17,0.21,46.41,0.00,0.00,0.00,218.96,0.21,46.92,217.78,0.20,26.66
219.52,0.85,186.32,220.25,0.21,46.46,0.00,0.00,0.00,218.35,0.21,46.63,215.23,0.20,26.65
220.66,0.85,187.22,221.06,0.21,46.51,0.00,0.00,0.00,219.67,0.22,47.28,218.93,0.20,27.59
220.19,0.84,185.87,216.98,0.21,44.70,0.00,0.00,0.00,219.98,0.22,47.37,218.04,0.20,27.16
220.90,0.85,187.64,221.63,0.21,46.84,0.00,0.00,0.00,218.54,0.21,46.72,217.09,0.20,27.14
221.99,0.84,187.49,218.33,0.21,45.39,0.00,0.00,0.00,216.60,0.21,46.03,218.56,0.20,27.54
221.41,0.85,187.63,220.49,0.21,46.30,0.00,0.00,0.00,220.42,0.22,47.60,218.73,0.20,26.95
218.86,0.85,185.60,220.75,0.21,46.29,0.00,0.00,0.00,219.79,0.22,47.27,217.69,0.20,27.25
222.03,0.85,188.55,222.93,0.21,47.37,0.00,0.00,0.00,218.95,0.21,47.03,217.42,0.20,27.03
221.51,0.85,188.47,220.06,0.21,46.34,0.00,0.00,0.00,219.45,0.21,47.06,218.84,0.20,27.82
219.05,0.85,186.39,220.47,0.21,46.25,0.00,0.00,0.00,220.10,0.22,47.53,217.31,0.20,27.21
220.22,0.85,186.56,220.74,0.21,46.40,0.00,0.00,0.00,218.39,0.21,46.70,216.56,0.20,26.87
220.83,0.85,187.24,220.27,0.21,46.40,0.00,0.00,0.00,219.28,0.21,47.10,218.98,0.20,27.21
222.20,0.85,189.26,222.40,0.21,47.11,0.00,0.00,0.00,221.15,0.22,47.57,219.56,0.20,27.74
219.83,0.85,186.06,219.67,0.21,45.96,0.00,0.00,0.00,219.17,0.21,47.01,217.54,0.20,26.75
221.53,0.84,186.83,218.90,0.21,45.53,0.00,0.00,0.00,218.69,0.21,46.83,215.13,0.20,26.60
221.93,0.85,188.19,220.83,0.21,46.33,0.00,0.00,0.00,219.13,0.21,47.02,218.07,0.20,27.34
219.83,0.84,185.11,217.88,0.21,45.03,0.00,0.00,0.00,218.27,0.21,46.74,216.08,0.20,26.49
222.54,0.85,189.16,221.68,0.21,47.02,0.00,0.00,0.00,218.89,0.21,46.66,218.48,0.20,27.09
220.40,0.85,187.76,221.41,0.21,46.70,0.00,0.00,0.00,220.46,0.21,47.38,219.54,0.20,27.84
220.71,0.85,186.79,218.56,0.21,45.54,0.00,0.00,0.00,218.97,0.21,46.83,217.67,0.20,26.92
219.81,0.84,185.66,218.25,0.21,45.40,0.00,0.00,0.00,217.92,0.21,46.53,219.92,0.20,27.80
220.93,0.85,187.13,221.13,0.21,46.65,0.00,0.00,0.00,218.71,0.21,46.73,218.42,0.20,26.90
218.82,0.85,185.72,222.10,0.21,46.76,0.00,0.00,0.00,220.07,0.22,47.37,217.95,0.20,27.23
220.48,0.85,186.66,219.41,0.21,46.05,0.00,0.00,0.00,218.66,0.21,46.68,216.60,0.20,26.97
220.20,0.85,186.30,222.51,0.21,47.07,0.00,0.00,0.00,219.96,0.22,47.36,216.77,0.20,26.80
219.08,0.85,185.27,216.76,0.21,44.53,0.00,0.00,0.00,221.26,0.22,47.75,222.49,0.20,28.38
218.38,0.85,185.69,222.57,0.21,47.12,0.00,0.00,0.00,219.58,0.21,47.17,220.07,0.20,27.48
223.54,0.85,189.82,222.77,0.21,47.14,0.00,0.00,0.00,220.94,0.22,47.57,217.10,0.20,27.20
221.69,0.85,188.05,219.02,0.21,45.56,0.00,0.00,0.00,220.59,0.22,47.64,219.71,0.20,27.54
220.94,0.84,186.29,223.41,0.21,47.32,0.00,0.00,0.00,219.08,0.21,46.81,217.64,0.19,25.78
221.24,0.84,186.64,220.70,0.21,46.31,0.00,0.00,0.00,218.61,0.21,46.77,218.55,0.20,26.74
219.01,0.85,185.27,216.98,0.21,44.83,0.00,0.00,0.00,219.82,0.22,47.29,218.39,0.20,27.15
220.89,0.84,185.92,215.87,0.21,44.27,0.00,0.00,0.00,219.42,0.21,47.08,219.07,0.20,27.52
219.82,0.85,186.36,221.54,0.21,46.70,0.00,0.00,0.00,218.99,0.21,46.89,217.37,0.20,27.06
221.43,0.85,187.54,221.67,0.21,46.98,0.00,0.00,0.00,221.01,0.22,47.69,217.72,0.20,26.91
219.45,0.85,186.28,222.88,0.21,47.27,0.00,0.00,0.00,219.15,0.21,46.83,217.36,0.20,26.83
222.38,0.84,187.74,220.83,0.21,46.34,0.00,0.00,0.00,217.40,0.21,46.67,218.90,0.20,26.95
220.16,0.84,185.86,221.33,0.21,46.65,0.00,0.00,0.00,219.30,0.21,46.99,217.56,0.20,27.27
220.93,0.84,186.52,220.32,0.21,46.22,0.00,0.00,0.00,219.77,0.21,47.16,217.53,0.20,26.60
222.09,0.85,189.15,223.05,0.21,47.48,0.00,0.00,0.00,218.57,0.21,46.72,218.55,0.20,27.42
221.84,0.85,187.87,219.43,0.21,45.69,0.00,0.00,0.00,220.75,0.22,47.55,220.75,0.20,27.72
220.65,0.85,186.91,221.33,0.21,46.64,0.00,0.00,0.00,217.80,0.21,46.44,219.05,0.20,27.28
219.90,0.85,187.16,222.45,0.21,47.22,0.00,0.00,0.00,218.26,0.21,46.88,217.33,0.20,27.41
222.81,0.85,188.35,219.60,0.21,45.82,0.00,0.00,0.00,220.28,0.22,47.54,221.54,0.20,27.53
220.81,0.85,187.40,221.04,0.21,46.47,0.00,0.00,0.00,220.41,0.22,47.53,218.43,0.20,27.60
221.35,0.84,186.70,218.84,0.21,45.23,0.00,0.00,0.00,220.29,0.22,47.59,217.72,0.20,26.67
220.90,0.84,186.49,221.33,0.21,46.49,0.00,0.00,0.00,218.75,0.21,46.84,217.16,0.20,26.84
221.52,0.84,187.11,220.62,0.21,46.24,0.00,0.00,0.00,220.76,0.22,47.71,219.39,0.20,27.06
220.99,0.85,186.79,222.61,0.21,46.88,0.00,0.00,0.00,219.86,0.21,46.97,218.50,0.20,26.85
222.15,0.85,187.95,219.29,0.21,45.67,0.00,0.00,0.00,219.82,0.22,47.24,219.56,0.20,27.25
222.35,0.85,188.07,218.03,0.21,45.33,0.00,0.00,0.00,221.29,0.22,47.76,219.25,0.20,27.22
223.41,0.84,187.84,220.66,0.21,46.38,0.00,0.00,0.00,220.02,0.22,47.45,218.24,0.19,25.63
221.04,0.85,187.31,221.45,0.21,46.72,0.00,0.00,0.00,218.19,0.21,46.66,217.72,0.20,27.47
222.77,0.84,187.04,219.43,0.21,45.78,0.00,0.00,0.00,216.77,0.21,46.21,217.56,0.20,26.20
223.16,0.84,187.24,218.94,0.21,45.52,0.00,0.00,0.00,220.05,0.22,47.47,216.77,0.19,25.54
219.15,0.85,185.46,217.48,0.21,44.89,0.00,0.00,0.00,220.04,0.21,47.23,220.59,0.20,28.19
222.72,0.85,188.28,223.31,0.21,47.36,0.00,0.00,0.00,216.67,0.21,45.98,217.27,0.20,27.17
221.82,0.84,187.37,218.46,0.21,45.54,0.00,0.00,0.00,217.04,0.21,46.27,219.31,0.20,27.53
219.76,0.84,185.47,218.95,0.21,45.40,0.00,0.00,0.00,218.66,0.21,46.58,219.40,0.20,28.24
222.80,0.85,188.78,221.70,0.21,46.79,0.00,0.00,0.00,219.68,0.21,47.26,218.77,0.20,27.25
223.49,0.84,188.09,224.64,0.21,47.82,0.00,0.00,0.00,218.02,0.21,46.48,217.48,0.19,25.62
222.15,0.84,187.08,218.26,0.21,45.33,0.00,0.00,0.00,219.21,0.21,46.92,218.23,0.20,26.58
220.12,0.85,186.65,221.45,0.21,46.56,0.00,0.00,0.00,220.06,0.22,47.35,217.87,0.20,27.21
220.54,0.85,186.66,223.59,0.21,47.42,0.00,0.00,0.00,218.77,0.21,46.98,218.84,0.20,27.22
219.75,0.84,185.69,218.80,0.21,45.42,0.00,0.00,0.00,219.62,0.21,47.17,219.10,0.20,27.14
221.74,0.84,187.12,222.52,0.21,46.78,0.00,0.00,0.00,217.73,0.22,46.83,218.90,0.20,26.88
218.08,0.84,184.26,219.53,0.21,45.77,0.00,0.00,0.00,219.27,0.21,47.00,216.86,0.20,26.79
221.26,0.85,187.45,221.35,0.21,46.79,0.00,0.00,0.00,218.74,0.21,46.83,219.52,0.20,27.27
223.07,0.85,188.56,221.21,0.21,46.43,0.00,0.00,0.00,221.26,0.22,47.80,220.42,0.20,27.34
221.84,0.84,186.06,217.49,0.21,45.15,0.00,0.00,0.00,215.71,0.21,45.64,218.15,0.20,26.21
220.93,0.85,187.22,220.89,0.21,46.75,0.00,0.00,0.00,218.90,0.21,46.84,218.55,0.20,27.11
220.23,0.84,186.00,221.28,0.21,46.73,0.00,0.00,0.00,219.76,0.21,47.13,219.25,0.20,27.08
219.72,0.84,183.65,222.06,0.21,46.61,0.00,0.00,0.00,219.26,0.21,46.84,216.60,0.19,24.98
222.15,0.83,185.36,223.13,0.21,47.31,0.00,0.00,0.00,213.06,0.21,44.53,213.41,0.19,25.62
217.27,0.85,184.11,222.27,0.21,47.01,0.00,0.00,0.00,219.29,0.21,46.97,219.37,0.20,27.02
218.56,0.85,184.85,220.70,0.21,46.33,0.00,0.00,0.00,219.96,0.22,47.32,221.00,0.20,27.10
220.82,0.84,185.04,217.30,0.21,44.77,0.00,0.00,0.00,216.24,0.21,45.66,216.99,0.20,26.38
222.35,0.84,187.47,220.47,0.21,46.51,0.00,0.00,0.00,217.63,0.21,46.25,219.41,0.20,26.58
219.95,0.85,186.32,219.77,0.21,46.16,0.00,0.00,0.00,221.61,0.22,48.01,216.70,0.20,26.81
220.45,0.84,184.60,221.26,0.21,46.67,0.00,0.00,0.00,216.56,0.21,45.67,217.68,0.19,26.35
218.53,0.85,185.40,223.69,0.21,47.19,0.00,0.00,0.00,224.38,0.22,48.94,216.32,0.20,26.64
222.01,0.85,188.27,221.93,0.21,46.77,0.00,0.00,0.00,218.91,0.21,46.93,217.98,0.20,27.03
221.20,0.84,186.90,222.29,0.21,47.16,0.00,0.00,0.00,220.74,0.22,47.57,217.50,0.19,25.49
221.25,0.85,187.35,222.14,0.21,47.09,0.00,0.00,0.00,219.18,0.21,47.15,219.16,0.20,27.00
217.27,0.84,182.16,221.20,0.21,46.44,0.00,0.00,0.00,217.48,0.21,46.37,215.91,0.19,25.01
222.31,0.85,188.66,221.47,0.21,46.75,0.00,0.00,0.00,219.04,0.21,46.90,218.72,0.20,27.42
219.42,0.84,184.54,220.89,0.21,46.38,0.00,0.00,0.00,218.27,0.21,46.48,218.33,0.20,26.74
219.48,0.84,185.21,218.90,0.21,45.57,0.00,0.00,0.00,218.18,0.21,46.66,216.20,0.20,27.11
221.80,0.85,188.12,222.92,0.21,47.05,0.00,0.00,0.00,220.03,0.21,47.27,219.61,0.20,27.56
221.77,0.84,187.31,218.20,0.21,45.27,0.00,0.00,0.00,221.12,0.22,47.62,219.23,0.20,27.17
220.42,0.84,186.04,220.18,0.21,46.30,0.00,0.00,0.00,218.00,0.21,46.42,215.80,0.20,26.15
221.62,0.85,187.57,221.80,0.21,46.82,0.00,0.00,0.00,220.31,0.22,47.45,216.92,0.20,26.70
222.71,0.84,187.67,218.97,0.21,45.37,0.00,0.00,0.00,220.69,0.22,47.67,217.70,0.20,26.46
220.58,0.85,186.94,221.83,0.21,47.04,0.00,0.00,0.00,219.34,0.21,46.99,217.17,0.20,26.62
222.40,0.84,187.61,217.70,0.21,45.08,0.00,0.00,0.00,225.16,0.22,48.51,220.15,0.20,27.20
220.23,0.85,186.55,221.10,0.21,46.36,0.00,0.00,0.00,221.19,0.22,47.86,218.34,0.20,26.81
219.83,0.85,185.85,222.26,0.21,46.68,0.00,0.00,0.00,218.77,0.22,47.02,217.84,0.20,26.48
221.36,0.84,186.07,218.37,0.21,45.70,0.00,0.00,0.00,219.35,0.21,46.95,218.75,0.19,26.71
221.00,0.84,186.66,219.61,0.21,45.92,0.00,0.00,0.00,219.49,0.21,47.25,217.24,0.20,26.70
219.82,0.85,185.83,221.23,0.21,46.89,0.00,0.00,0.00,218.65,0.21,46.88,215.18,0.20,25.99
222.49,0.85,188.53,222.32,0.21,47.04,0.00,0.00,0.00,220.29,0.21,47.31,221.48,0.20,27.67
221.01,0.84,186.65,219.27,0.21,45.73,0.00,0.00,0.00,222.62,0.22,48.07,219.16,0.20,26.84
219.53,0.84,185.41,222.03,0.21,46.71,0.00,0.00,0.00,219.69,0.21,47.05,217.84,0.20,26.41
221.49,0.84,186.73,217.90,0.21,45.34,0.00,0.00,0.00,216.91,0.21,46.06,218.76,0.20,27.99
221.14,0.84,186.17,220.35,0.21,46.02,0.00,0.00,0.00,218.72,0.21,46.35,219.97,0.20,27.56
220.18,0.84,185.58,219.40,0.21,45.49,0.00,0.00,0.00,221.41,0.22,48.00,216.80,0.20,26.59
221.30,0.85,187.16,223.20,0.21,47.23,0.00,0.00,0.00,218.88,0.21,46.98,218.37,0.20,26.68
221.64,0.84,186.85,219.30,0.21,45.97,0.00,0.00,0.00,220.60,0.22,47.52,219.41,0.19,26.74
220.20,0.84,185.31,214.43,0.20,43.77,0.00,0.00,0.00,222.01,0.22,47.70,221.92,0.20,27.43
218.39,0.84,183.54,225.83,0.21,48.13,0.00,0.00,0.00,216.78,0.21,46.02,216.89,0.19,26.00
222.43,0.84,186.53,221.83,0.21,46.46,0.00,0.00,0.00,219.93,0.21,47.38,217.34,0.19,25.61
222.59,0.85,188.93,222.30,0.21,46.99,0.00,0.00,0.00,219.98,0.22,47.35,219.11,0.20,26.91
219.85,0.84,185.33,220.07,0.21,46.15,0.00,0.00,0.00,217.78,0.21,46.45,218.43,0.20,26.76
220.18,0.84,185.71,220.31,0.21,46.08,0.00,0.00,0.00,218.34,0.21,46.73,220.06,0.20,27.08
220.76,0.84,186.02,219.69,0.21,45.89,0.00,0.00,0.00,218.24,0.21,46.72,219.63,0.20,26.95
219.78,0.84,185.54,219.99,0.21,46.28,0.00,0.00,0.00,220.75,0.22,47.71,218.27,0.20,26.63
222.09,0.84,186.84,221.78,0.21,46.75,0.00,0.00,0.00,220.67,0.22,47.60,215.71,0.19,25.10
220.03,0.84,184.61,221.01,0.21,46.56,0.00,0.00,0.00,217.06,0.21,46.11,218.12,0.19,26.39
223.02,0.84,187.93,219.70,0.21,45.86,0.00,0.00,0.00,218.47,0.21,46.67,220.06,0.20,26.70
219.86,0.84,185.29,220.25,0.21,46.14,0.00,0.00,0.00,220.07,0.21,47.34,218.28,0.20,26.72
216.29,0.84,181.81,218.57,0.21,45.42,0.00,0.00,0.00,219.60,0.21,47.14,218.57,0.20,26.42
221.54,0.84,187.00,222.33,0.21,47.06,0.00,0.00,0.00,218.85,0.21,46.66,217.56,0.20,26.25
221.83,0.84,186.97,222.80,0.21,46.98,0.00,0.00,0.00,217.56,0.21,46.46,219.25,0.20,27.02
223.91,0.84,188.59,220.91,0.21,46.53,0.00,0.00,0.00,217.41,0.21,46.05,218.88,0.20,26.83
221.43,0.84,185.02,214.75,0.21,44.09,0.00,0.00,0.00,218.99,0.21,46.95,216.01,0.19,25.28
220.08,0.84,185.35,222.01,0.21,46.50,0.00,0.00,0.00,219.50,0.21,46.89,216.85,0.20,26.46
220.63,0.84,184.45,217.20,0.21,44.93,0.00,0.00,0.00,216.02,0.21,45.66,216.78,0.20,26.35
222.48,0.84,186.00,217.33,0.21,44.82,0.00,0.00,0.00,218.49,0.21,46.50,219.60,0.19,26.65
220.59,0.84,184.75,220.43,0.21,46.04,0.00,0.00,0.00,219.24,0.21,47.15,216.65,0.19,25.33
221.27,0.85,187.50,221.72,0.21,46.70,0.00,0.00,0.00,217.83,0.21,46.48,217.76,0.20,27.55
221.93,0.84,187.24,219.85,0.21,45.73,0.00,0.00,0.00,218.38,0.21,46.81,219.08,0.20,27.20
221.50,0.84,185.61,220.36,0.21,46.08,0.00,0.00,0.00,221.51,0.22,47.91,218.44,0.19,26.52
220.23,0.85,186.16,221.37,0.21,46.68,0.00,0.00,0.00,218.91,0.21,46.87,217.04,0.20,26.41
219.60,0.84,185.11,221.22,0.21,46.76,0.00,0.00,0.00,217.80,0.21,46.55,218.17,0.20,26.73
221.85,0.85,187.51,221.52,0.21,46.33,0.00,0.00,0.00,219.25,0.21,47.03,220.37,0.20,27.49
221.13,0.83,184.22,216.44,0.21,44.45,0.00,0.00,0.00,220.49,0.22,47.55,214.59,0.19,24.77
223.32,0.84,188.04,216.74,0.21,44.77,0.00,0.00,0.00,220.28,0.21,47.43,219.16,0.20,26.79
216.84,0.84,182.06,222.19,0.21,46.74,0.00,0.00,0.00,219.57,0.21,47.05,216.13,0.19,24.98
220.50,0.84,185.02,220.60,0.21,46.04,0.00,0.00,0.00,214.86,0.21,45.25,219.14,0.20,26.74
221.91,0.84,186.81,218.72,0.21,45.29,0.00,0.00,0.00,219.49,0.21,47.08,218.92,0.20,27.82
217.44,0.84,182.74,219.82,0.21,46.15,0.00,0.00,0.00,219.91,0.22,47.42,217.09,0.19,26.36
220.27,0.84,185.82,222.83,0.21,47.25,0.00,0.00,0.00,217.43,0.21,46.50,216.47,0.20,25.89
220.67,0.84,185.22,221.13,0.21,46.90,0.00,0.00,0.00,215.03,0.21,45.35,217.20,0.20,26.23
221.46,0.84,186.53,220.49,0.21,46.31,0.00,0.00,0.00,219.68,0.21,46.93,218.06,0.20,27.01
217.99,0.84,182.60,216.99,0.21,44.90,0.00,0.00,0.00,221.09,0.22,47.71,219.32,0.19,26.64
219.80,0.84,185.72,219.31,0.21,45.93,0.00,0.00,0.00,221.16,0.22,47.80,218.64,0.20,26.82
219.63,0.84,183.78,221.16,0.21,46.48,0.00,0.00,0.00,215.17,0.21,45.08,218.35,0.19,26.49
220.13,0.84,185.24,218.34,0.21,45.34,0.00,0.00,0.00,221.02,0.21,47.55,219.23,0.20,26.75
221.16,0.85,187.11,221.47,0.21,46.68,0.00,0.00,0.00,217.50,0.21,46.40,220.64,0.20,27.33
220.60,0.84,185.76,219.82,0.21,45.94,0.00,0.00,0.00,218.99,0.21,46.91,218.80,0.20,26.55
219.90,0.84,184.68,220.07,0.21,45.97,0.00,0.00,0.00,218.59,0.21,46.60,217.96,0.20,26.64
223.70,0.84,188.74,222.65,0.21,47.22,0.00,0.00,0.00,218.17,0.21,46.61,223.28,0.20,27.25
221.48,0.84,186.61,221.96,0.21,46.44,0.00,0.00,0.00,219.88,0.21,47.17,219.12,0.20,26.76
220.02,0.84,185.44,219.37,0.21,45.86,0.00,0.00,0.00,220.39,0.21,47.20,219.32,0.20,26.96
221.14,0.84,186.47,219.57,0.21,45.90,0.00,0.00,0.00,221.82,0.22,48.15,218.86,0.20,26.84
220.31,0.84,185.37,218.23,0.21,45.38,0.00,0.00,0.00,220.81,0.21,47.36,219.01,0.20,26.58
220.21,0.84,184.78,219.40,0.21,45.71,0.00,0.00,0.00,219.74,0.21,47.04,218.38,0.20,26.64
220.32,0.84,184.89,221.88,0.21,46.88,0.00,0.00,0.00,217.45,0.21,46.43,216.98,0.19,25.45
220.99,0.84,186.56,220.73,0.21,46.35,0.00,0.00,0.00,218.16,0.21,46.45,220.65,0.20,27.39
220.97,0.84,186.58,220.04,0.21,45.91,0.00,0.00,0.00,219.43,0.22,47.25,217.67,0.20,26.80
219.71,0.84,185.41,220.14,0.21,46.06,0.00,0.00,0.00,220.75,0.21,47.55,217.73,0.20,26.70
222.14,0.84,187.29,220.76,0.21,46.59,0.00,0.00,0.00,218.73,0.21,46.68,216.84,0.20,26.15
219.08,0.84,183.61,220.95,0.21,46.71,0.00,0.00,0.00,215.06,0.21,45.08,220.07,0.19,26.71
222.02,0.84,187.53,221.22,0.21,46.46,0.00,0.00,0.00,220.41,0.22,47.55,220.14,0.20,26.89
220.48,0.84,184.42,216.87,0.21,44.91,0.00,0.00,0.00,219.32,0.21,47.11,218.54,0.19,26.44
222.51,0.84,186.53,222.38,0.21,46.99,0.00,0.00,0.00,217.57,0.21,46.39,215.53,0.19,25.06
226.04,0.84,190.24,217.75,0.21,45.45,0.00,0.00,0.00,218.26,0.21,46.04,217.08,0.20,26.26
221.18,0.84,184.97,222.18,0.21,46.69,0.00,0.00,0.00,219.48,0.21,47.02,216.72,0.19,25.33
219.75,0.84,184.18,219.83,0.21,45.88,0.00,0.00,0.00,220.58,0.22,47.59,219.23,0.19,26.53
220.05,0.84,184.67,216.87,0.21,44.97,0.00,0.00,0.00,219.37,0.21,47.02,217.97,0.19,26.01
219.74,0.84,185.14,221.38,0.21,46.66,0.00,0.00,0.00,218.29,0.21,46.75,220.07,0.19,26.65
220.82,0.85,186.71,220.24,0.21,46.17,0.00,0.00,0.00,220.63,0.21,47.56,220.53,0.20,27.33
220.80,0.84,185.76,219.96,0.21,45.94,0.00,0.00,0.00,218.13,0.21,46.38,219.69,0.20,26.57
220.65,0.84,185.51,221.89,0.21,46.82,0.00,0.00,0.00,218.60,0.21,46.64,219.02,0.19,25.98
221.63,0.84,186.87,221.44,0.21,46.62,0.00,0.00,0.00,219.86,0.21,47.21,219.20,0.20,26.57
221.39,0.84,185.05,216.50,0.21,44.70,0.00,0.00,0.00,219.63,0.22,47.31,216.52,0.19,25.69
220.87,0.83,183.80,218.80,0.21,45.80,0.00,0.00,0.00,215.69,0.21,45.38,214.55,0.19,24.69
222.77,0.84,187.37,222.06,0.21,47.09,0.00,0.00,0.00,215.53,0.21,45.25,218.80,0.20,26.45
221.32,0.84,185.00,219.71,0.21,45.79,0.00,0.00,0.00,217.97,0.21,46.25,219.22,0.19,26.45
221.76,0.84,186.13,220.80,0.21,46.31,0.00,0.00,0.00,219.55,0.21,46.90,218.84,0.19,26.10
228.32,0.84,190.94,216.40,0.21,44.66,0.00,0.00,0.00,215.94,0.21,45.26,217.55,0.20,26.07
220.97,0.84,184.88,219.39,0.21,45.75,0.00,0.00,0.00,220.28,0.21,47.41,217.32,0.19,25.61
219.08,0.83,181.70,215.31,0.20,43.73,0.00,0.00,0.00,220.12,0.22,47.29,214.74,0.19,24.41
220.70,0.84,185.44,219.21,0.21,45.80,0.00,0.00,0.00,216.67,0.21,45.96,217.92,0.20,26.27
221.79,0.85,188.12,222.07,0.21,46.54,0.00,0.00,0.00,221.54,0.22,47.91,219.80,0.20,26.97
220.78,0.83,183.48,216.98,0.21,44.77,0.00,0.00,0.00,219.50,0.21,47.06,217.71,0.19,26.01
218.96,0.84,183.79,221.94,0.21,46.95,0.00,0.00,0.00,214.90,0.21,44.87,219.16,0.20,26.77
221.50,0.84,187.17,220.30,0.21,46.42,0.00,0.00,0.00,219.06,0.21,46.96,220.09,0.20,26.88
220.03,0.84,184.39,219.65,0.21,45.84,0.00,0.00,0.00,218.54,0.21,46.79,217.21,0.19,26.06
219.31,0.83,182.47,216.77,0.21,44.90,0.00,0.00,0.00,216.08,0.21,45.29,219.39,0.19,26.23
221.28,0.84,185.63,218.51,0.21,45.15,0.00,0.00,0.00,220.44,0.21,47.36,218.47,0.19,26.38
220.99,0.84,185.56,221.96,0.21,46.68,0.00,0.00,0.00,217.08,0.21,46.39,218.72,0.19,26.56
222.14,0.84,187.20,220.82,0.21,46.47,0.00,0.00,0.00,225.08,0.22,48.09,222.43,0.20,27.16
219.74,0.83,183.13,219.58,0.21,45.70,0.00,0.00,0.00,216.57,0.21,45.72,219.65,0.19,26.08
222.02,0.84,186.95,221.26,0.21,46.50,0.00,0.00,0.00,218.90,0.21,46.72,219.95,0.20,26.79
221.83,0.84,186.74,220.52,0.21,45.98,0.00,0.00,0.00,219.58,0.21,46.96,217.84,0.20,26.30
221.11,0.85,186.94,220.02,0.21,46.37,0.00,0.00,0.00,219.78,0.21,47.31,219.50,0.20,26.60
219.18,0.84,183.99,219.75,0.21,46.11,0.00,0.00,0.00,219.46,0.21,47.02,217.18,0.19,26.37
220.62,0.83,183.77,220.48,0.21,46.31,0.00,0.00,0.00,216.13,0.21,45.58,215.26,0.19,25.16
219.91,0.84,185.26,220.61,0.21,46.06,0.00,0.00,0.00,219.66,0.22,47.30,219.58,0.20,26.88
218.89,0.84,183.97,220.59,0.21,46.41,0.00,0.00,0.00,218.99,0.21,46.87,217.67,0.19,26.13
221.23,0.85,187.35,221.55,0.21,46.87,0.00,0.00,0.00,219.80,0.21,47.12,219.72,0.20,26.89
219.91,0.83,183.42,217.60,0.21,44.81,0.00,0.00,0.00,219.15,0.21,46.57,222.05,0.19,26.90
224.21,0.84,189.07,221.28,0.21,46.41,0.00,0.00,0.00,219.33,0.21,47.06,218.68,0.20,26.59
217.71,0.83,180.70,216.78,0.21,44.64,0.00,0.00,0.00,219.25,0.21,46.82,215.43,0.19,24.47
221.07,0.85,187.18,222.02,0.21,46.95,0.00,0.00,0.00,221.42,0.22,48.13,219.12,0.20,26.83
216.81,0.84,182.67,220.66,0.21,46.43,0.00,0.00,0.00,218.45,0.21,46.59,219.97,0.20,26.86
220.21,0.85,186.29,220.30,0.21,46.26,0.00,0.00,0.00,220.94,0.21,47.42,219.42,0.20,26.91
220.12,0.84,184.36,219.77,0.21,45.92,0.00,0.00,0.00,217.54,0.21,46.05,217.20,0.19,26.19
218.72,0.84,183.54,221.29,0.21,46.43,0.00,0.00,0.00,217.25,0.21,45.81,219.56,0.20,26.36
220.59,0.84,184.58,220.47,0.21,46.25,0.00,0.00,0.00,217.74,0.21,46.60,216.16,0.19,25.21
222.67,0.84,186.02,218.96,0.21,45.63,0.00,0.00,0.00,220.64,0.21,46.86,215.58,0.19,25.40
219.52,0.84,184.68,219.69,0.21,45.58,0.00,0.00,0.00,220.46,0.22,47.64,218.40,0.20,26.51
219.43,0.84,184.96,219.00,0.21,45.38,0.00,0.00,0.00,218.23,0.21,46.56,219.57,0.20,26.91
220.86,0.84,185.14,216.04,0.21,44.40,0.00,0.00,0.00,218.69,0.21,46.64,216.46,0.20,25.71
221.16,0.84,185.29,220.71,0.21,46.31,0.00,0.00,0.00,218.69,0.21,46.40,218.56,0.19,26.59
220.06,0.84,185.17,219.37,0.21,45.61,0.00,0.00,0.00,219.45,0.21,47.08,218.67,0.20,26.60
218.59,0.84,183.36,220.28,0.21,46.08,0.00,0.00,0.00,217.35,0.21,46.23,218.22,0.19,26.19
221.67,0.84,186.78,221.30,0.21,46.82,0.00,0.00,0.00,220.13,0.21,47.22,219.12,0.19,26.62
218.11,0.84,182.70,219.38,0.21,45.65,0.00,0.00,0.00,218.49,0.21,46.67,219.05,0.19,26.31
219.88,0.84,183.96,219.53,0.21,45.75,0.00,0.00,0.00,217.65,0.21,46.18,217.60,0.19,25.99
216.28,0.84,182.50,222.27,0.21,47.14,0.00,0.00,0.00,220.61,0.21,47.47,217.52,0.19,26.11
219.43,0.84,184.63,220.70,0.21,46.48,0.00,0.00,0.00,219.40,0.21,46.98,219.70,0.20,26.82
217.70,0.84,182.69,219.03,0.21,45.75,0.00,0.00,0.00,217.47,0.21,46.13,218.64,0.20,26.37
221.54,0.84,186.66,221.23,0.21,46.70,0.00,0.00,0.00,219.26,0.21,47.02,218.59,0.19,26.25
219.50,0.84,183.96,220.21,0.21,46.14,0.00,0.00,0.00,216.83,0.21,45.73,221.85,0.20,26.49
221.30,0.84,185.68,219.11,0.21,45.96,0.00,0.00,0.00,219.39,0.21,47.01,216.62,0.19,25.78
220.81,0.84,185.92,221.07,0.21,46.70,0.00,0.00,0.00,218.68,0.21,46.83,219.25,0.19,26.55
219.63,0.84,183.92,219.82,0.21,45.93,0.00,0.00,0.00,218.38,0.21,46.53,218.56,0.19,26.05
219.54,0.84,184.16,220.20,0.21,46.17,0.00,0.00,0.00,218.92,0.21,46.78,217.86,0.19,25.95
221.80,0.84,186.55,221.09,0.21,46.57,0.00,0.00,0.00,220.47,0.21,47.35,219.32,0.19,26.41
217.72,0.84,182.56,218.53,0.21,45.43,0.00,0.00,0.00,218.40,0.21,46.53,218.22,0.20,26.27
219.22,0.84,184.00,221.39,0.21,46.53,0.00,0.00,0.00,220.01,0.21,47.15,218.61,0.19,26.24
219.89,0.84,184.21,219.16,0.21,45.86,0.00,0.00,0.00,219.50,0.21,46.99,219.26,0.19,26.18
221.60,0.84,185.23,220.18,0.21,46.09,0.00,0.00,0.00,217.83,0.21,46.43,216.93,0.19,25.58
221.18,0.84,186.20,221.44,0.21,46.75,0.00,0.00,0.00,219.72,0.21,47.13,219.18,0.19,26.52
219.82,0.84,184.33,219.93,0.21,45.90,0.00,0.00,0.00,218.25,0.21,46.56,219.18,0.19,26.34
221.52,0.84,185.56,220.06,0.21,46.13,0.00,0.00,0.00,219.52,0.21,46.98,217.25,0.19,25.95
221.65,0.84,186.70,222.41,0.21,46.90,0.00,0.00,0.00,220.33,0.21,47.21,219.17,0.20,26.78
215.89,0.83,180.20,217.23,0.21,45.01,0.00,0.00,0.00,218.56,0.21,46.52,218.52,0.19,26.15
218.65,0.84,182.59,221.13,0.21,46.49,0.00,0.00,0.00,215.97,0.21,45.59,218.61,0.19,26.18
219.11,0.83,182.62,218.17,0.21,45.06,0.00,0.00,0.00,214.04,0.21,45.12,218.29,0.19,25.89
220.39,0.84,185.12,220.34,0.21,46.23,0.00,0.00,0.00,219.28,0.21,46.75,218.64,0.19,26.31
219.86,0.84,184.87,220.39,0.21,46.21,0.00,0.00,0.00,218.63,0.21,46.83,219.65,0.20,26.67
219.49,0.84,183.75,217.60,0.21,44.83,0.00,0.00,0.00,219.44,0.21,47.13,216.35,0.19,25.69
221.00,0.84,184.57,219.29,0.21,45.61,0.00,0.00,0.00,220.05,0.21,47.15,216.46,0.19,25.34
219.34,0.84,184.26,219.49,0.21,45.83,0.00,0.00,0.00,218.60,0.21,46.69,216.46,0.20,26.25
222.74,0.84,187.31,220.90,0.21,46.61,0.00,0.00,0.00,220.02,0.21,47.24,218.91,0.19,26.53
219.99,0.83,183.65,220.04,0.21,45.92,0.00,0.00,0.00,215.82,0.21,45.19,216.51,0.19,25.89
220.32,0.84,185.11,220.63,0.21,46.24,0.00,0.00,0.00,220.22,0.22,47.35,218.69,0.19,26.27
216.85,0.84,181.11,219.11,0.21,45.21,0.00,0.00,0.00,216.78,0.21,45.93,219.29,0.19,26.33
219.32,0.84,183.50,221.05,0.21,46.38,0.00,0.00,0.00,217.89,0.21,46.31,219.27,0.19,26.17
222.40,0.84,186.16,219.62,0.21,46.09,0.00,0.00,0.00,218.29,0.21,46.52,217.26,0.19,25.76
218.34,0.84,183.26,221.04,0.21,46.55,0.00,0.00,0.00,217.19,0.21,46.05,219.70,0.19,26.62
220.84,0.83,184.14,217.65,0.21,44.98,0.00,0.00,0.00,219.62,0.21,47.04,216.85,0.19,25.59
220.74,0.84,184.93,221.28,0.21,46.52,0.00,0.00,0.00,217.76,0.21,46.27,219.32,0.19,26.28
217.80,0.83,181.21,216.62,0.21,44.58,0.00,0.00,0.00,218.70,0.21,46.86,217.18,0.19,25.76
221.72,0.84,185.43,221.49,0.21,46.52,0.00,0.00,0.00,216.28,0.21,45.92,218.81,0.19,26.13
221.90,0.83,184.92,219.67,0.21,45.88,0.00,0.00,0.00,218.05,0.21,45.81,217.93,0.19,26.03
219.53,0.84,184.25,220.61,0.21,46.40,0.00,0.00,0.00,219.19,0.21,46.77,217.97,0.19,26.46
217.99,0.83,181.51,219.88,0.21,45.82,0.00,0.00,0.00,215.37,0.21,45.19,217.41,0.19,25.81
221.16,0.84,185.01,219.45,0.21,45.58,0.00,0.00,0.00,219.11,0.21,46.81,217.85,0.19,25.89
219.82,0.84,184.76,220.64,0.21,46.42,0.00,0.00,0.00,219.50,0.21,46.94,219.69,0.19,26.62
219.75,0.84,183.95,219.57,0.21,45.78,0.00,0.00,0.00,219.53,0.21,46.98,217.35,0.19,25.85
220.10,0.84,185.85,221.88,0.21,46.94,0.00,0.00,0.00,219.65,0.21,47.04,218.16,0.20,26.56
219.74,0.83,183.15,218.80,0.21,45.54,0.00,0.00,0.00,216.35,0.21,45.77,216.20,0.19,25.37
221.66,0.83,184.95,221.36,0.21,46.59,0.00,0.00,0.00,217.80,0.21,46.43,218.04,0.19,25.48
221.19,0.84,185.72,220.70,0.21,46.41,0.00,0.00,0.00,219.53,0.21,47.12,219.38,0.19,26.29
218.19,0.83,180.58,218.62,0.21,45.41,0.00,0.00,0.00,215.05,0.21,44.92,215.90,0.19,24.85
220.49,0.83,184.07,221.24,0.21,46.48,0.00,0.00,0.00,218.91,0.21,46.72,218.81,0.19,25.77
219.91,0.84,184.24,220.30,0.21,46.14,0.00,0.00,0.00,218.06,0.21,46.40,217.55,0.19,25.76
221.21,0.84,185.38,220.42,0.21,46.16,0.00,0.00,0.00,219.31,0.21,46.99,217.51,0.19,25.92
218.96,0.83,182.42,218.24,0.21,45.40,0.00,0.00,0.00,218.08,0.21,46.54,217.07,0.19,25.43
219.25,0.84,183.66,220.93,0.21,46.49,0.00,0.00,0.00,221.27,0.22,47.83,219.10,0.19,25.76
220.81,0.84,185.56,224.29,0.21,47.77,0.00,0.00,0.00,220.43,0.21,47.29,218.89,0.19,26.36
219.42,0.83,182.87,219.86,0.21,45.94,0.00,0.00,0.00,218.28,0.21,46.62,217.20,0.19,25.50
220.51,0.83,183.86,218.30,0.21,45.10,0.00,0.00,0.00,219.51,0.21,46.95,217.81,0.19,25.81
219.82,0.84,183.96,222.10,0.21,47.03,0.00,0.00,0.00,218.04,0.21,46.32,219.28,0.19,26.05
218.95,0.84,182.85,220.43,0.21,46.52,0.00,0.00,0.00,216.73,0.21,45.84,218.66,0.19,25.84
221.02,0.84,185.43,221.07,0.21,46.52,0.00,0.00,0.00,219.32,0.21,46.85,219.70,0.19,26.50
220.63,0.83,183.97,219.42,0.21,45.79,0.00,0.00,0.00,219.42,0.21,46.94,217.81,0.19,25.76
221.07,0.84,186.20,221.88,0.21,46.87,0.00,0.00,0.00,218.94,0.21,46.75,218.90,0.19,26.89
218.85,0.84,182.99,219.98,0.21,46.13,0.00,0.00,0.00,217.63,0.21,46.09,217.91,0.19,25.69
222.11,0.83,185.02,221.91,0.21,46.84,0.00,0.00,0.00,217.29,0.21,45.79,217.12,0.19,25.43
220.72,0.84,184.38,220.29,0.21,46.11,0.00,0.00,0.00,218.70,0.21,46.76,218.64,0.19,25.70
216.55,0.83,180.74,218.12,0.21,45.05,0.00,0.00,0.00,219.51,0.21,47.02,219.32,0.19,26.41
221.07,0.84,185.02,220.68,0.21,46.30,0.00,0.00,0.00,219.32,0.21,46.56,218.66,0.19,26.17
220.88,0.84,185.44,221.18,0.21,46.57,0.00,0.00,0.00,221.99,0.22,47.91,219.26,0.19,26.05
221.23,0.84,185.66,221.31,0.21,46.85,0.00,0.00,0.00,219.92,0.21,47.22,220.21,0.19,26.14
221.00,0.84,184.57,221.67,0.21,46.49,0.00,0.00,0.00,219.99,0.21,47.32,219.23,0.19,25.56
222.31,0.84,185.65,221.16,0.21,46.46,0.00,0.00,0.00,217.89,0.21,46.48,218.72,0.19,25.50
223.35,0.84,186.51,219.82,0.21,45.85,0.00,0.00,0.00,218.95,0.21,46.83,218.58,0.19,26.19
219.87,0.84,184.62,221.16,0.21,46.55,0.00,0.00,0.00,220.13,0.21,47.27,220.15,0.19,26.10
219.65,0.84,183.81,222.23,0.21,46.94,0.00,0.00,0.00,218.26,0.21,46.35,220.14,0.19,26.36
221.56,0.83,184.54,219.31,0.21,45.76,0.00,0.00,0.00,217.30,0.21,46.16,219.45,0.19,25.82
220.17,0.84,184.44,221.93,0.21,46.76,0.00,0.00,0.00,220.29,0.21,47.31,218.61,0.19,25.61
219.21,0.84,184.03,221.53,0.21,46.57,0.00,0.00,0.00,218.27,0.21,46.44,221.12,0.19,26.58
219.22,0.84,183.20,221.43,0.21,46.53,0.00,0.00,0.00,219.49,0.21,46.93,219.81,0.19,26.24
220.69,0.83,184.21,220.15,0.21,46.32,0.00,0.00,0.00,218.87,0.21,46.81,217.48,0.19,25.44
222.15,0.84,185.80,220.77,0.21,46.38,0.00,0.00,0.00,220.06,0.21,47.02,218.39,0.19,25.77
220.32,0.83,183.50,221.52,0.21,46.86,0.00,0.00,0.00,218.29,0.21,46.41,218.61,0.19,25.49
220.64,0.83,183.51,219.80,0.21,45.95,0.00,0.00,0.00,219.24,0.21,46.79,218.99,0.19,25.69
221.90,0.83,185.11,220.40,0.21,46.34,0.00,0.00,0.00,219.56,0.21,47.13,218.16,0.19,25.39
222.87,0.84,186.63,222.02,0.21,46.87,0.00,0.00,0.00,219.08,0.21,46.84,218.66,0.19,25.83
222.58,0.84,187.10,221.14,0.21,46.40,0.00,0.00,0.00,219.23,0.21,47.05,218.51,0.19,26.34
217.22,0.84,182.83,222.98,0.21,47.34,0.00,0.00,0.00,221.90,0.22,48.14,220.94,0.19,25.61
220.00,0.84,183.91,221.01,0.21,46.20,0.00,0.00,0.00,220.25,0.21,47.22,220.18,0.19,25.93
221.29,0.84,185.28,220.38,0.21,46.44,0.00,0.00,0.00,219.90,0.21,47.17,219.56,0.19,25.93
221.31,0.83,184.45,221.56,0.21,46.70,0.00,0.00,0.00,218.79,0.21,46.77,217.97,0.19,25.49
221.08,0.83,184.48,221.66,0.21,46.74,0.00,0.00,0.00,219.89,0.21,47.17,219.06,0.19,25.53
220.55,0.83,182.98,223.14,0.21,46.94,0.00,0.00,0.00,216.57,0.21,45.61,217.68,0.19,24.79
225.13,0.84,187.99,219.54,0.21,45.80,0.00,0.00,0.00,216.29,0.21,45.49,219.17,0.19,25.99
223.01,0.83,184.91,221.14,0.21,46.42,0.00,0.00,0.00,218.97,0.21,46.61,218.24,0.18,25.31
220.29,0.84,185.71,220.94,0.21,46.47,0.00,0.00,0.00,221.07,0.22,47.61,218.42,0.19,26.09
221.27,0.83,184.06,221.03,0.21,46.72,0.00,0.00,0.00,219.08,0.21,46.74,220.18,0.19,25.59
220.76,0.84,185.35,220.70,0.21,46.17,0.00,0.00,0.00,220.63,0.22,47.68,219.95,0.19,26.25
220.78,0.84,184.59,220.00,0.21,46.14,0.00,0.00,0.00,219.53,0.21,47.04,220.09,0.19,26.10
221.89,0.84,185.83,219.69,0.21,46.06,0.00,0.00,0.00,218.22,0.21,46.55,217.73,0.19,25.80
220.44,0.84,184.15,221.11,0.21,46.49,0.00,0.00,0.00,220.38,0.22,47.41,218.66,0.19,25.93
218.50,0.84,183.50,221.58,0.21,46.71,0.00,0.00,0.00,220.62,0.22,47.50,219.55,0.19,26.41
218.93,0.83,181.73,221.39,0.21,46.55,0.00,0.00,0.00,217.35,0.21,46.24,218.11,0.18,25.24
218.45,0.83,181.88,221.91,0.21,46.85,0.00,0.00,0.00,216.15,0.21,45.43,218.82,0.19,25.54
220.16,0.84,184.41,218.78,0.21,45.50,0.00,0.00,0.00,221.39,0.22,47.79,219.76,0.19,25.88
220.75,0.84,184.66,219.61,0.21,45.63,0.00,0.00,0.00,220.86,0.22,47.65,219.99,0.19,26.04
221.78,0.83,184.81,218.86,0.21,45.67,0.00,0.00,0.00,219.32,0.21,46.89,219.20,0.19,25.76
222.50,0.84,185.87,220.15,0.21,46.16,0.00,0.00,0.00,219.50,0.21,47.03,217.85,0.19,25.26
220.93,0.83,183.87,220.80,0.21,46.40,0.00,0.00,0.00,217.93,0.21,46.15,217.38,0.19,25.27
222.33,0.84,186.15,222.14,0.21,46.78,0.00,0.00,0.00,218.76,0.21,46.48,219.95,0.19,26.04
220.98,0.84,184.62,220.56,0.21,46.23,0.00,0.00,0.00,219.81,0.21,47.10,218.89,0.19,25.77
220.72,0.84,184.59,221.34,0.21,46.50,0.00,0.00,0.00,219.33,0.21,46.90,218.68,0.19,25.83
218.30,0.84,182.78,219.25,0.21,45.70,0.00,0.00,0.00,220.71,0.22,47.51,219.63,0.19,26.33
219.96,0.83,183.12,219.99,0.21,46.03,0.00,0.00,0.00,218.24,0.21,46.48,218.72,0.19,25.51
222.94,0.83,186.02,220.40,0.21,46.13,0.00,0.00,0.00,218.92,0.21,46.72,218.86,0.19,25.77
220.36,0.84,184.05,219.14,0.21,45.69,0.00,0.00,0.00,218.32,0.21,46.54,217.50,0.19,25.66
221.63,0.84,185.52,220.47,0.21,46.26,0.00,0.00,0.00,218.72,0.21,46.76,220.68,0.19,26.61
222.80,0.83,185.22,219.13,0.21,45.96,0.00,0.00,0.00,218.56,0.21,46.35,217.19,0.19,25.30
220.86,0.83,182.76,221.05,0.21,46.56,0.00,0.00,0.00,216.39,0.21,45.63,218.18,0.18,25.31
222.02,0.84,185.97,218.99,0.21,45.45,0.00,0.00,0.00,220.53,0.22,47.61,219.10,0.19,26.21
220.65,0.84,184.30,220.07,0.21,46.01,0.00,0.00,0.00,218.03,0.21,46.56,217.94,0.19,25.78
221.94,0.84,185.99,220.54,0.21,46.40,0.00,0.00,0.00,220.25,0.21,47.11,218.44,0.19,25.88
219.23,0.84,183.79,221.97,0.21,46.90,0.00,0.00,0.00,220.11,0.21,47.16,219.40,0.19,26.28
218.63,0.83,181.88,217.52,0.21,44.81,0.00,0.00,0.00,220.04,0.21,47.22,220.74,0.19,26.09
221.13,0.83,184.50,219.80,0.21,45.57,0.00,0.00,0.00,219.23,0.21,46.81,219.03,0.19,25.96
222.41,0.84,186.01,219.75,0.21,45.82,0.00,0.00,0.00,219.34,0.21,46.84,218.48,0.19,26.08
222.76,0.84,187.01,223.19,0.21,47.52,0.00,0.00,0.00,222.22,0.22,48.03,218.57,0.19,25.41
221.13,0.84,184.91,221.73,0.21,46.68,0.00,0.00,0.00,216.85,0.21,45.80,220.96,0.19,26.23
222.66,0.83,185.31,219.24,0.21,45.50,0.00,0.00,0.00,219.18,0.21,46.93,217.27,0.19,25.16
223.29,0.84,187.97,222.78,0.21,47.17,0.00,0.00,0.00,220.36,0.21,47.43,220.12,0.19,26.29
219.94,0.83,183.41,219.75,0.21,45.99,0.00,0.00,0.00,219.33,0.21,46.79,218.77,0.19,25.90
222.78,0.84,187.27,220.65,0.21,46.27,0.00,0.00,0.00,223.11,0.22,48.80,218.48,0.19,25.67
223.24,0.84,187.07,220.83,0.21,46.21,0.00,0.00,0.00,219.54,0.21,47.09,218.50,0.19,25.99
219.54,0.84,183.50,218.09,0.21,45.24,0.00,0.00,0.00,220.53,0.21,47.41,218.68,0.19,25.78
222.74,0.84,186.62,222.06,0.21,46.83,0.00,0.00,0.00,219.67,0.21,47.06,219.90,0.19,25.92
220.70,0.84,185.04,221.84,0.21,46.90,0.00,0.00,0.00,219.70,0.21,47.07,219.83,0.19,26.06
222.65,0.83,185.08,218.92,0.21,45.59,0.00,0.00,0.00,218.98,0.21,46.79,218.48,0.19,25.49
221.83,0.83,184.93,218.68,0.21,45.35,0.00,0.00,0.00,218.42,0.21,46.64,220.17,0.19,25.79
222.65,0.83,184.89,220.98,0.21,46.21,0.00,0.00,0.00,217.63,0.21,46.32,218.78,0.19,25.43
222.30,0.83,185.34,218.61,0.21,45.31,0.00,0.00,0.00,219.44,0.21,46.93,216.49,0.19,25.77
223.84,0.84,188.19,223.55,0.21,47.58,0.00,0.00,0.00,220.16,0.22,47.37,221.46,0.19,25.98
218.69,0.83,182.53,219.59,0.21,45.65,0.00,0.00,0.00,218.61,0.21,46.63,220.32,0.19,26.34
221.28,0.84,185.62,221.27,0.21,46.38,0.00,0.00,0.00,221.44,0.22,47.77,217.52,0.19,25.52
220.54,0.84,185.33,222.73,0.21,47.31,0.00,0.00,0.00,220.84,0.22,47.58,220.36,0.19,25.95
217.96,0.83,181.99,220.57,0.21,46.23,0.00,0.00,0.00,219.03,0.21,46.89,218.62,0.19,25.98
222.93,0.83,185.64,222.11,0.21,47.02,0.00,0.00,0.00,218.45,0.21,46.27,217.63,0.19,25.12
222.81,0.84,186.92,222.44,0.21,47.16,0.00,0.00,0.00,221.42,0.22,47.78,219.92,0.19,26.00
220.52,0.84,184.21,221.89,0.21,46.84,0.00,0.00,0.00,219.45,0.21,46.89,219.64,0.19,25.83
222.09,0.83,185.31,220.38,0.21,46.21,0.00,0.00,0.00,218.06,0.21,46.40,221.58,0.19,26.25
223.87,0.84,187.12,221.07,0.21,46.40,0.00,0.00,0.00,218.82,0.21,46.69,218.85,0.19,25.82
223.80,0.84,186.96,221.06,0.21,46.43,0.00,0.00,0.00,219.96,0.21,47.12,219.94,0.19,25.80
224.09,0.84,188.01,222.03,0.21,46.80,0.00,0.00,0.00,221.71,0.22,48.00,219.24,0.19,25.97
222.01,0.83,184.92,222.91,0.21,46.77,0.00,0.00,0.00,220.79,0.21,47.58,218.02,0.19,25.44
221.81,0.84,185.57,220.55,0.21,46.02,0.00,0.00,0.00,221.74,0.22,48.03,219.37,0.19,26.03
218.09,0.84,182.27,222.83,0.21,47.11,0.00,0.00,0.00,218.94,0.21,46.71,219.01,0.19,25.84
219.11,0.83,182.62,219.16,0.21,45.38,0.00,0.00,0.00,219.28,0.21,46.94,220.83,0.19,26.20
221.35,0.83,183.30,219.43,0.21,45.29,0.00,0.00,0.00,219.81,0.21,47.19,217.01,0.18,25.06
223.12,0.83,186.07,219.96,0.21,45.68,0.00,0.00,0.00,220.92,0.22,47.62,219.54,0.19,25.80
220.33,0.84,184.50,219.88,0.21,45.58,0.00,0.00,0.00,225.58,0.22,49.52,219.60,0.19,25.93
220.48,0.83,184.02,220.99,0.21,46.26,0.00,0.00,0.00,219.98,0.21,47.20,221.06,0.19,26.21
220.40,0.83,183.00,221.01,0.21,46.31,0.00,0.00,0.00,219.35,0.21,47.01,213.81,0.18,24.62
223.25,0.84,186.53,222.15,0.21,46.93,0.00,0.00,0.00,220.20,0.21,47.12,220.19,0.19,26.12
221.74,0.83,185.08,220.97,0.21,46.42,0.00,0.00,0.00,220.09,0.21,47.16,220.17,0.19,25.71
220.92,0.83,182.99,219.97,0.21,46.00,0.00,0.00,0.00,217.14,0.21,45.90,219.12,0.19,25.33
223.10,0.83,185.95,220.12,0.21,45.94,0.00,0.00,0.00,220.08,0.21,47.16,218.61,0.19,25.70
222.74,0.84,186.76,223.03,0.21,47.28,0.00,0.00,0.00,221.40,0.22,47.83,220.75,0.19,26.02
221.91,0.83,184.98,220.39,0.21,46.26,0.00,0.00,0.00,217.90,0.21,46.32,219.09,0.19,25.63
222.92,0.83,185.68,222.01,0.21,46.85,0.00,0.00,0.00,220.50,0.21,47.05,216.18,0.19,24.87
222.58,0.84,185.91,220.64,0.21,46.38,0.00,0.00,0.00,219.55,0.21,46.97,219.07,0.19,26.01
221.77,0.83,185.08,221.97,0.21,46.70,0.00,0.00,0.00,219.47,0.21,47.22,218.60,0.19,25.69
217.39,0.83,180.70,219.37,0.21,45.50,0.00,0.00,0.00,220.85,0.22,47.59,218.99,0.19,25.57
220.74,0.84,184.83,222.53,0.21,47.17,0.00,0.00,0.00,220.28,0.21,47.03,220.21,0.19,26.05
221.07,0.83,184.36,220.61,0.21,46.18,0.00,0.00,0.00,218.92,0.21,46.78,220.60,0.19,25.86
220.91,0.84,184.51,220.35,0.21,45.99,0.00,0.00,0.00,218.39,0.21,46.63,223.79,0.19,27.09
222.06,0.83,184.87,219.63,0.21,45.83,0.00,0.00,0.00,217.12,0.21,46.22,219.76,0.19,25.74
224.07,0.83,186.69,221.79,0.21,46.58,0.00,0.00,0.00,218.79,0.21,46.75,219.44,0.19,25.82
222.02,0.83,185.27,221.43,0.21,46.57,0.00,0.00,0.00,219.65,0.21,46.98,219.62,0.19,25.81
220.97,0.83,183.98,221.00,0.21,46.56,0.00,0.00,0.00,220.98,0.22,47.60,217.76,0.18,25.15
218.43,0.83,182.34,221.81,0.21,46.90,0.00,0.00,0.00,218.48,0.21,46.66,218.91,0.19,25.73
219.24,0.84,183.42,221.86,0.21,46.64,0.00,0.00,0.00,222.44,0.22,47.89,219.74,0.19,25.95
222.76,0.84,186.30,221.38,0.21,46.61,0.00,0.00,0.00,220.59,0.21,47.20,219.37,0.19,26.04
221.85,0.83,184.37,220.11,0.21,46.14,0.00,0.00,0.00,218.34,0.21,46.54,218.21,0.19,25.62
221.28,0.83,184.60,222.33,0.21,47.03,0.00,0.00,0.00,219.53,0.21,46.83,219.83,0.19,25.70
220.28,0.83,183.84,222.96,0.21,46.87,0.00,0.00,0.00,219.86,0.21,47.16,219.66,0.19,25.84
220.86,0.83,183.44,217.64,0.21,44.74,0.00,0.00,0.00,220.79,0.22,47.56,219.41,0.19,25.58
222.50,0.83,185.54,220.44,0.21,46.29,0.00,0.00,0.00,218.49,0.21,46.59,220.35,0.19,25.61
222.08,0.83,185.24,221.69,0.21,46.65,0.00,0.00,0.00,219.32,0.21,46.83,218.53,0.19,25.42
221.30,0.84,185.19,221.88,0.21,46.92,0.00,0.00,0.00,220.03,0.22,47.44,219.59,0.19,25.60
219.89,0.84,184.38,221.67,0.21,46.87,0.00,0.00,0.00,221.13,0.22,47.59,218.58,0.19,26.23
220.88,0.83,184.26,221.38,0.21,46.35,0.00,0.00,0.00,219.34,0.21,46.80,218.49,0.19,25.66
219.70,0.83,182.21,219.27,0.21,45.43,0.00,0.00,0.00,219.58,0.21,47.09,219.23,0.19,25.17
221.55,0.83,184.68,222.75,0.21,47.19,0.00,0.00,0.00,219.80,0.21,46.95,218.98,0.19,25.51
221.27,0.84,184.94,221.06,0.21,46.33,0.00,0.00,0.00,219.13,0.21,46.76,218.82,0.19,25.81
219.94,0.84,184.06,222.33,0.21,47.07,0.00,0.00,0.00,220.98,0.22,47.54,219.27,0.19,25.69
218.18,0.83,182.10,221.30,0.21,46.42,0.00,0.00,0.00,219.28,0.21,46.79,218.25,0.19,25.66
221.58,0.83,184.95,221.38,0.21,46.74,0.00,0.00,0.00,219.80,0.21,47.16,220.66,0.19,25.93
221.13,0.83,183.81,219.46,0.21,45.66,0.00,0.00,0.00,219.79,0.21,47.04,220.56,0.19,25.67
220.48,0.84,184.17,220.71,0.21,46.25,0.00,0.00,0.00,219.86,0.22,47.32,219.22,0.19,25.75
219.04,0.83,182.32,221.58,0.21,46.43,0.00,0.00,0.00,218.81,0.21,46.93,219.10,0.19,25.19
225.56,0.84,188.59,221.40,0.21,46.61,0.00,0.00,0.00,217.79,0.21,46.32,218.87,0.19,26.07
221.53,0.83,184.56,220.24,0.21,45.86,0.00,0.00,0.00,218.35,0.21,46.73,218.69,0.19,25.79
221.67,0.84,185.10,221.52,0.21,46.69,0.00,0.00,0.00,218.83,0.21,46.71,218.41,0.19,25.47
220.82,0.83,183.74,220.52,0.21,46.34,0.00,0.00,0.00,219.10,0.21,46.67,217.99,0.19,25.05
219.41,0.84,183.50,220.58,0.21,45.90,0.00,0.00,0.00,220.93,0.22,47.69,219.09,0.19,25.85
220.92,0.83,183.69,223.46,0.21,47.47,0.00,0.00,0.00,216.84,0.21,45.67,219.19,0.19,25.38
220.29,0.83,183.87,221.47,0.21,46.54,0.00,0.00,0.00,219.39,0.21,46.79,217.07,0.19,25.62
220.32,0.84,184.36,225.68,0.21,48.16,0.00,0.00,0.00,220.17,0.21,47.20,218.62,0.19,25.38
221.81,0.83,185.04,221.08,0.21,46.55,0.00,0.00,0.00,219.09,0.21,46.86,218.34,0.19,25.47
221.02,0.83,184.02,219.44,0.21,45.69,0.00,0.00,0.00,218.51,0.21,46.59,218.84,0.19,25.64
221.95,0.84,185.38,223.50,0.21,47.22,0.00,0.00,0.00,218.85,0.21,46.44,219.57,0.19,25.74
219.75,0.83,182.51,220.37,0.21,46.18,0.00,0.00,0.00,216.67,0.21,45.72,219.67,0.19,25.68
221.79,0.83,184.03,221.06,0.21,46.22,0.00,0.00,0.00,219.61,0.21,46.97,218.07,0.18,24.93
219.12,0.83,182.33,221.61,0.21,46.72,0.00,0.00,0.00,219.11,0.21,46.37,218.64,0.19,25.23
221.31,0.84,184.82,222.61,0.21,46.80,0.00,0.00,0.00,218.78,0.21,46.82,218.77,0.19,25.41
222.54,0.83,184.25,219.77,0.21,45.59,0.00,0.00,0.00,218.58,0.21,46.47,217.64,0.19,25.08
225.40,0.84,188.40,223.57,0.21,47.47,0.00,0.00,0.00,220.13,0.21,47.39,219.37,0.19,25.52
218.72,0.83,181.87,221.91,0.21,46.74,0.00,0.00,0.00,217.58,0.21,45.90,220.06,0.19,25.69
219.16,0.83,182.93,219.83,0.21,45.77,0.00,0.00,0.00,220.93,0.21,47.41,219.03,0.19,25.99
219.08,0.83,181.36,219.37,0.21,45.59,0.00,0.00,0.00,216.13,0.21,45.43,219.40,0.19,25.54
221.54,0.83,184.87,220.71,0.21,46.42,0.00,0.00,0.00,219.19,0.21,46.74,218.67,0.19,25.76
219.94,0.83,181.79,221.13,0.21,46.27,0.00,0.00,0.00,216.46,0.21,45.61,216.15,0.18,24.70
223.37,0.83,186.34,220.62,0.21,46.30,0.00,0.00,0.00,218.94,0.21,46.84,218.40,0.19,25.35
221.96,0.84,185.46,221.94,0.21,46.89,0.00,0.00,0.00,220.09,0.21,47.28,218.22,0.19,25.18
218.12,0.83,181.38,221.81,0.21,46.72,0.00,0.00,0.00,224.51,0.21,46.73,219.63,0.19,25.83
222.01,0.83,184.35,221.65,0.21,46.57,0.00,0.00,0.00,216.12,0.21,45.37,218.67,0.19,25.50
221.30,0.83,184.62,222.58,0.21,46.92,0.00,0.00,0.00,219.43,0.21,46.86,219.23,0.19,25.68
220.83,0.83,183.67,219.72,0.21,45.75,0.00,0.00,0.00,220.33,0.21,47.13,218.33,0.19,25.47
223.21,0.84,186.81,222.48,0.21,47.08,0.00,0.00,0.00,221.03,0.22,47.57,220.77,0.19,26.01
221.51,0.83,183.67,219.82,0.21,45.92,0.00,0.00,0.00,220.65,0.21,47.25,217.96,0.18,24.89
220.50,0.84,184.17,221.86,0.21,46.81,0.00,0.00,0.00,219.86,0.21,47.28,217.43,0.19,24.94
221.76,0.83,184.23,221.25,0.21,46.10,0.00,0.00,0.00,218.35,0.21,46.67,218.99,0.19,25.31
222.10,0.83,185.15,220.88,0.21,46.56,0.00,0.00,0.00,218.42,0.21,46.29,220.80,0.19,25.87
220.17,0.83,183.42,222.14,0.21,46.63,0.00,0.00,0.00,216.30,0.21,45.87,217.90,0.19,25.41
222.99,0.83,184.11,222.86,0.21,47.12,0.00,0.00,0.00,215.83,0.21,45.47,218.23,0.18,25.00
220.07,0.84,183.98,222.80,0.21,47.11,0.00,0.00,0.00,221.52,0.22,47.64,220.57,0.19,25.90
219.83,0.83,182.68,221.04,0.21,46.41,0.00,0.00,0.00,219.79,0.21,46.99,219.26,0.19,25.01
223.02,0.84,186.99,223.53,0.21,47.57,0.00,0.00,0.00,221.62,0.22,47.65,220.45,0.19,25.73
221.20,0.83,183.37,218.89,0.21,45.46,0.00,0.00,0.00,219.49,0.21,46.88,219.60,0.19,25.31
220.73,0.83,183.39,219.73,0.21,45.51,0.00,0.00,0.00,218.98,0.21,46.78,219.32,0.19,25.57
223.07,0.83,185.57,222.90,0.21,47.24,0.00,0.00,0.00,218.44,0.21,46.32,219.31,0.19,25.11
222.77,0.83,185.30,219.22,0.21,45.56,0.00,0.00,0.00,219.36,0.22,47.15,219.68,0.19,25.65
221.05,0.83,183.59,221.96,0.21,46.78,0.00,0.00,0.00,217.19,0.21,45.72,220.33,0.19,25.83
218.58,0.83,181.94,221.11,0.21,46.26,0.00,0.00,0.00,217.76,0.21,46.26,219.10,0.19,25.75
222.54,0.83,185.37,221.93,0.21,46.66,0.00,0.00,0.00,220.58,0.21,47.29,220.79,0.19,25.51
221.37,0.83,184.32,220.53,0.21,46.01,0.00,0.00,0.00,219.83,0.21,47.06,219.96,0.19,25.68
221.54,0.84,185.31,222.90,0.21,47.20,0.00,0.00,0.00,220.42,0.21,47.34,220.00,0.19,25.63
220.46,0.84,184.35,222.05,0.21,46.68,0.00,0.00,0.00,221.61,0.22,47.85,220.11,0.19,25.97
220.07,0.83,182.03,221.63,0.21,46.81,0.00,0.00,0.00,219.93,0.21,46.60,216.70,0.18,24.56
219.71,0.83,182.59,217.73,0.21,45.07,0.00,0.00,0.00,219.26,0.21,46.81,219.64,0.19,25.78
220.53,0.83,183.81,220.58,0.21,46.34,0.00,0.00,0.00,221.32,0.22,47.83,219.45,0.19,25.51
220.70,0.83,183.44,222.53,0.21,47.09,0.00,0.00,0.00,216.90,0.21,46.10,219.42,0.19,25.33
219.47,0.83,182.96,219.16,0.21,45.62,0.00,0.00,0.00,218.84,0.21,46.77,220.83,0.19,25.91
221.07,0.83,183.66,220.14,0.21,45.74,0.00,0.00,0.00,219.70,0.21,47.04,220.25,0.19,25.54
220.98,0.83,184.01,224.07,0.21,47.64,0.00,0.00,0.00,221.01,0.22,47.65,219.26,0.18,24.93
221.64,0.83,183.82,220.52,0.21,46.10,0.00,0.00,0.00,216.63,0.21,45.36,219.70,0.19,25.41
223.17,0.83,186.10,221.26,0.21,46.51,0.00,0.00,0.00,220.51,0.21,47.28,218.26,0.19,25.26
219.38,0.83,182.63,220.56,0.21,46.07,0.00,0.00,0.00,221.08,0.22,47.66,218.90,0.19,25.55
222.86,0.84,186.24,221.73,0.21,46.41,0.00,0.00,0.00,221.24,0.22,47.76,222.03,0.19,26.07
221.36,0.83,184.34,219.70,0.21,45.87,0.00,0.00,0.00,220.51,0.21,47.32,219.27,0.19,25.37
221.07,0.84,184.69,221.97,0.21,46.78,0.00,0.00,0.00,220.80,0.21,47.23,221.40,0.19,26.09
219.78,0.83,182.64,220.36,0.21,46.02,0.00,0.00,0.00,218.98,0.21,46.74,219.41,0.19,25.49
219.47,0.83,183.01,222.09,0.21,46.81,0.00,0.00,0.00,222.14,0.22,48.06,220.27,0.18,25.40
221.04,0.83,183.33,220.07,0.21,46.09,0.00,0.00,0.00,216.50,0.21,45.59,219.21,0.19,25.38
222.22,0.84,185.62,221.71,0.21,46.60,0.00,0.00,0.00,221.18,0.21,47.25,219.79,0.19,25.84
219.78,0.83,183.06,222.53,0.21,47.00,0.00,0.00,0.00,218.68,0.21,46.54,218.56,0.19,25.41
220.09,0.83,183.28,220.41,0.21,45.90,0.00,0.00,0.00,220.52,0.22,47.48,219.28,0.19,25.35
218.95,0.84,183.19,221.67,0.21,46.48,0.00,0.00,0.00,220.58,0.21,47.27,219.97,0.19,26.01
221.23,0.83,183.28,219.68,0.21,45.35,0.00,0.00,0.00,220.08,0.21,47.35,220.07,0.18,25.44
221.37,0.83,184.63,221.55,0.21,46.59,0.00,0.00,0.00,219.41,0.21,47.04,219.98,0.19,26.10
223.55,0.84,186.90,221.61,0.21,46.46,0.00,0.00,0.00,220.45,0.21,47.32,218.95,0.19,25.74
218.82,0.83,181.84,222.30,0.21,46.96,0.00,0.00,0.00,219.04,0.21,46.49,220.33,0.19,25.40
220.72,0.83,183.49,220.80,0.21,46.07,0.00,0.00,0.00,217.22,0.21,46.31,215.21,0.19,24.72
221.89,0.84,185.68,221.85,0.21,46.66,0.00,0.00,0.00,220.11,0.22,47.37,219.54,0.19,25.72
221.83,0.84,185.28,220.81,0.21,46.25,0.00,0.00,0.00,220.57,0.21,47.20,219.07,0.19,26.04
219.44,0.83,181.98,219.78,0.21,45.58,0.00,0.00,0.00,220.89,0.22,47.61,216.71,0.18,24.79
219.96,0.83,182.82,221.43,0.21,46.49,0.00,0.00,0.00,218.89,0.21,46.87,220.29,0.19,25.81
219.20,0.83,182.98,219.78,0.21,45.73,0.00,0.00,0.00,220.29,0.21,47.37,219.37,0.19,25.68
220.21,0.83,183.52,220.97,0.21,46.22,0.00,0.00,0.00,220.24,0.21,47.20,219.29,0.19,25.70
219.58,0.83,182.12,220.59,0.21,45.95,0.00,0.00,0.00,219.63,0.21,46.90,218.16,0.18,24.94
221.50,0.82,182.41,218.62,0.21,44.95,0.00,0.00,0.00,215.47,0.21,45.43,219.13,0.19,25.18
224.29,0.83,185.81,219.08,0.21,45.85,0.00,0.00,0.00,218.17,0.21,46.27,217.73,0.19,24.85
222.19,0.83,185.46,221.73,0.21,46.62,0.00,0.00,0.00,221.40,0.22,47.58,219.00,0.19,25.70
219.32,0.83,181.90,220.04,0.21,45.76,0.00,0.00,0.00,218.94,0.21,46.72,218.31,0.19,25.13
221.95,0.84,185.90,223.19,0.21,47.17,0.00,0.00,0.00,220.49,0.22,47.51,217.61,0.19,25.47
221.97,0.83,185.14,221.52,0.21,46.69,0.00,0.00,0.00,221.58,0.22,47.87,217.82,0.19,25.43
222.26,0.84,185.88,222.30,0.21,46.69,0.00,0.00,0.00,221.67,0.21,47.76,219.75,0.19,25.99
220.97,0.84,185.19,223.33,0.21,47.34,0.00,0.00,0.00,220.48,0.21,47.47,220.81,0.19,25.99
220.29,0.83,182.41,219.67,0.21,45.48,0.00,0.00,0.00,216.88,0.21,45.56,219.05,0.19,25.36
222.25,0.83,184.25,220.23,0.21,45.49,0.00,0.00,0.00,219.01,0.21,46.92,219.46,0.19,25.01
222.11,0.84,185.50,226.69,0.21,47.99,0.00,0.00,0.00,220.05,0.21,47.07,218.11,0.19,25.32
221.64,0.83,184.66,221.66,0.21,46.55,0.00,0.00,0.00,218.62,0.21,46.59,219.27,0.19,25.45
223.33,0.84,186.77,223.25,0.21,47.18,0.00,0.00,0.00,219.00,0.21,46.57,221.95,0.19,26.02
220.51,0.84,184.26,221.44,0.21,46.57,0.00,0.00,0.00,220.77,0.22,47.44,220.05,0.19,25.64
220.89,0.83,183.08,219.78,0.21,45.30,0.00,0.00,0.00,217.11,0.21,45.73,218.99,0.19,25.46
222.94,0.83,185.72,219.82,0.21,45.51,0.00,0.00,0.00,220.43,0.21,47.34,219.99,0.19,25.35
222.15,0.84,186.26,221.57,0.21,46.77,0.00,0.00,0.00,220.57,0.22,47.61,220.88,0.19,25.99
221.04,0.83,183.86,221.08,0.21,46.34,0.00,0.00,0.00,220.07,0.21,47.24,219.45,0.19,24.84
223.23,0.83,185.45,221.41,0.21,46.42,0.00,0.00,0.00,218.76,0.21,46.42,219.69,0.19,25.02
223.76,0.84,187.33,223.15,0.21,47.13,0.00,0.00,0.00,220.21,0.21,47.04,217.78,0.19,25.80
219.46,0.83,182.91,221.55,0.21,46.55,0.00,0.00,0.00,218.56,0.21,46.30,219.87,0.19,25.53
220.62,0.83,183.78,220.65,0.21,46.32,0.00,0.00,0.00,218.17,0.21,46.04,221.18,0.19,25.89
222.74,0.83,185.54,221.47,0.21,46.37,0.00,0.00,0.00,220.84,0.22,47.55,220.96,0.19,25.58
223.15,0.83,185.07,222.93,0.21,46.86,0.00,0.00,0.00,218.04,0.21,46.11,218.32,0.19,24.94
223.83,0.84,187.77,223.41,0.21,47.40,0.00,0.00,0.00,223.20,0.22,48.23,218.99,0.19,25.50
221.66,0.83,184.67,222.22,0.21,46.87,0.00,0.00,0.00,218.29,0.21,46.21,220.16,0.19,25.43
220.48,0.83,183.11,221.26,0.21,46.52,0.00,0.00,0.00,219.14,0.21,46.55,219.07,0.19,25.24
220.15,0.84,184.20,225.01,0.21,47.90,0.00,0.00,0.00,221.55,0.21,47.54,220.64,0.19,25.65
221.83,0.83,185.14,220.57,0.21,46.15,0.00,0.00,0.00,219.06,0.21,46.84,220.69,0.19,25.64
222.80,0.83,185.03,219.70,0.21,45.66,0.00,0.00,0.00,220.64,0.21,47.45,219.86,0.19,25.03
224.66,0.84,189.23,223.59,0.21,47.40,0.00,0.00,0.00,222.94,0.22,48.32,219.94,0.19,26.09
220.92,0.84,185.09,220.95,0.21,46.44,0.00,0.00,0.00,221.17,0.22,47.73,220.92,0.19,25.68
223.53,0.84,187.86,218.56,0.21,45.70,0.00,0.00,0.00,218.47,0.21,46.70,221.61,0.20,26.98
222.76,0.85,189.13,225.62,0.21,48.14,0.00,0.00,0.00,219.91,0.21,47.33,219.66,0.20,26.01
225.02,0.83,186.94,221.07,0.21,46.26,0.00,0.00,0.00,225.95,0.22,49.71,218.80,0.18,23.77
221.92,0.85,188.03,223.03,0.21,47.10,0.00,0.00,0.00,222.69,0.22,48.44,221.41,0.20,25.87
220.06,0.84,184.70,219.50,0.21,45.47,0.00,0.00,0.00,218.89,0.21,46.85,220.92,0.20,25.75
221.97,0.82,182.33,221.58,0.21,46.18,0.00,0.00,0.00,222.21,0.22,48.35,220.39,0.17,23.76
219.98,0.83,183.58,220.73,0.21,46.21,0.00,0.00,0.00,220.10,0.21,47.11,220.17,0.19,25.07
221.89,0.85,189.59,221.12,0.21,46.37,0.00,0.00,0.00,221.11,0.21,47.36,221.09,0.21,26.97
222.66,0.85,188.20,221.56,0.21,46.82,0.00,0.00,0.00,220.67,0.22,47.58,219.75,0.20,25.71
221.57,0.84,186.61,223.27,0.21,47.21,0.00,0.00,0.00,219.69,0.21,46.99,219.36,0.19,25.64
223.82,0.85,190.22,221.53,0.21,46.49,0.00,0.00,0.00,221.96,0.22,48.00,219.42,0.20,25.77
221.41,0.85,187.35,221.97,0.21,46.55,0.00,0.00,0.00,221.15,0.21,47.54,219.94,0.20,25.68
222.81,0.83,184.41,221.66,0.21,46.74,0.00,0.00,0.00,218.47,0.21,46.32,220.72,0.18,24.92
221.51,0.83,184.62,219.07,0.21,45.29,0.00,0.00,0.00,219.72,0.21,47.05,216.85,0.19,24.51
220.91,0.83,184.28,219.44,0.21,45.76,0.00,0.00,0.00,217.18,0.21,45.73,221.25,0.19,25.74
222.56,0.85,188.33,221.53,0.21,46.32,0.00,0.00,0.00,219.90,0.21,47.28,220.24,0.20,26.01
221.90,0.83,183.58,221.37,0.21,46.40,0.00,0.00,0.00,219.05,0.21,46.83,217.33,0.18,24.01
222.14,0.85,188.08,221.70,0.21,46.66,0.00,0.00,0.00,215.09,0.21,45.18,217.80,0.20,26.34
220.63,0.83,182.94,220.07,0.21,45.55,0.00,0.00,0.00,219.44,0.21,46.97,218.77,0.19,24.68
219.46,0.83,183.22,218.69,0.21,45.05,0.00,0.00,0.00,218.61,0.21,46.73,218.78,0.19,25.39
223.81,0.84,188.40,222.07,0.21,46.82,0.00,0.00,0.00,222.44,0.22,47.92,219.61,0.19,25.37
220.76,0.83,184.20,218.65,0.21,45.10,0.00,0.00,0.00,220.72,0.21,47.43,221.11,0.19,24.97
220.12,0.85,186.84,221.52,0.21,46.57,0.00,0.00,0.00,219.66,0.21,46.99,219.84,0.20,26.40
222.09,0.84,187.60,222.34,0.21,46.78,0.00,0.00,0.00,215.29,0.21,45.16,218.51,0.20,26.10
221.69,0.84,186.25,221.22,0.21,46.41,0.00,0.00,0.00,220.67,0.21,47.23,217.61,0.19,25.26
220.80,0.84,186.47,221.88,0.21,46.90,0.00,0.00,0.00,222.33,0.22,47.99,218.40,0.19,25.32
219.40,0.85,185.84,220.91,0.21,46.31,0.00,0.00,0.00,219.29,0.21,46.61,219.69,0.20,25.80
221.55,0.84,185.33,221.21,0.21,46.14,0.00,0.00,0.00,220.68,0.22,47.59,220.69,0.19,25.52
220.68,0.84,185.34,221.15,0.21,46.39,0.00,0.00,0.00,221.34,0.22,47.74,220.45,0.19,25.26
221.00,0.83,183.72,220.89,0.21,46.15,0.00,0.00,0.00,218.44,0.21,46.59,220.15,0.19,24.52
222.91,0.86,190.90,221.33,0.21,46.51,0.00,0.00,0.00,221.86,0.22,48.07,220.58,0.21,26.41
220.97,0.84,184.79,219.45,0.21,45.85,0.00,0.00,0.00,220.57,0.21,47.36,221.23,0.19,25.26
222.05,0.84,187.05,218.92,0.21,45.33,0.00,0.00,0.00,220.51,0.22,47.42,219.87,0.20,26.01
221.61,0.85,187.79,219.80,0.21,45.80,0.00,0.00,0.00,218.02,0.21,46.37,219.20,0.20,25.98
223.61,0.84,187.68,218.91,0.21,45.45,0.00,0.00,0.00,218.70,0.21,46.65,218.02,0.20,25.21
223.52,0.84,188.25,223.14,0.21,47.33,0.00,0.00,0.00,220.92,0.21,47.44,219.09,0.19,24.94
221.71,0.84,185.74,222.10,0.21,46.77,0.00,0.00,0.00,221.15,0.21,47.52,219.77,0.19,24.87
221.86,0.83,183.46,221.52,0.21,46.55,0.00,0.00,0.00,219.19,0.21,47.07,219.54,0.18,24.50
222.18,0.83,184.89,221.65,0.21,46.55,0.00,0.00,0.00,220.98,0.22,47.79,219.08,0.18,24.45
219.96,0.85,186.38,221.86,0.21,46.66,0.00,0.00,0.00,222.07,0.22,48.10,220.60,0.20,25.64
222.02,0.84,185.48,221.76,0.21,46.47,0.00,0.00,0.00,221.87,0.22,47.96,220.73,0.19,25.04
221.98,0.84,186.33,219.62,0.21,45.56,0.00,0.00,0.00,219.71,0.21,46.88,221.90,0.20,25.61
222.73,0.83,184.62,219.75,0.21,45.88,0.00,0.00,0.00,218.96,0.21,46.65,218.86,0.19,24.15
224.29,0.85,190.61,222.98,0.21,47.18,0.00,0.00,0.00,221.34,0.22,47.67,219.08,0.20,25.83
222.41,0.84,187.60,222.83,0.21,47.08,0.00,0.00,0.00,221.04,0.21,47.37,222.84,0.20,25.80
222.69,0.84,188.08,221.19,0.21,46.48,0.00,0.00,0.00,220.66,0.22,47.61,219.30,0.20,25.65
222.17,0.84,186.02,220.02,0.21,45.36,0.00,0.00,0.00,219.53,0.21,47.04,220.82,0.19,25.71
223.66,0.84,188.88,220.52,0.21,46.19,0.00,0.00,0.00,219.72,0.21,47.05,220.11,0.20,25.79
223.52,0.84,186.69,221.71,0.21,46.43,0.00,0.00,0.00,220.05,0.21,47.30,219.06,0.19,24.89
222.62,0.84,187.63,223.13,0.21,47.21,0.00,0.00,0.00,220.74,0.22,47.63,217.06,0.19,24.81
220.57,0.83,182.56,217.98,0.21,44.92,0.00,0.00,0.00,220.13,0.21,47.19,221.32,0.19,24.61
222.33,0.83,183.46,222.48,0.21,46.69,0.00,0.00,0.00,219.00,0.21,47.05,219.33,0.18,23.85
222.28,0.84,185.89,219.37,0.21,45.38,0.00,0.00,0.00,216.85,0.21,45.80,218.51,0.20,25.33
223.52,0.84,188.58,223.12,0.21,47.14,0.00,0.00,0.00,221.09,0.22,47.61,220.13,0.19,25.61
221.07,0.85,187.17,223.05,0.21,47.04,0.00,0.00,0.00,220.31,0.22,47.66,219.49,0.20,25.40
221.56,0.84,186.26,222.66,0.21,46.82,0.00,0.00,0.00,222.12,0.22,47.85,221.55,0.19,25.29
221.66,0.83,183.42,218.49,0.21,45.06,0.00,0.00,0.00,220.54,0.22,47.49,221.18,0.18,24.29
220.40,0.83,183.88,220.90,0.21,46.28,0.00,0.00,0.00,219.19,0.21,47.06,219.90,0.19,25.19
223.89,0.84,188.60,221.96,0.21,46.57,0.00,0.00,0.00,218.91,0.21,46.67,219.45,0.20,25.93
220.49,0.83,183.91,221.39,0.21,46.55,0.00,0.00,0.00,220.20,0.21,47.12,219.11,0.19,24.66
224.20,0.83,187.20,221.56,0.21,46.49,0.00,0.00,0.00,220.68,0.21,47.45,218.40,0.19,24.54
227.72,0.84,191.91,223.32,0.21,47.18,0.00,0.00,0.00,217.57,0.21,46.33,218.93,0.20,25.38
223.67,0.85,189.33,222.84,0.21,47.23,0.00,0.00,0.00,221.78,0.22,47.73,220.43,0.20,26.04
220.70,0.84,184.36,221.43,0.21,46.56,0.00,0.00,0.00,219.96,0.21,47.12,218.86,0.19,25.04
222.18,0.84,187.25,221.42,0.21,46.34,0.00,0.00,0.00,219.84,0.21,47.05,220.53,0.20,25.92
223.23,0.85,190.21,220.11,0.21,46.03,0.00,0.00,0.00,217.29,0.21,46.21,220.57,0.21,26.22
222.74,0.83,185.70,220.55,0.21,45.89,0.00,0.00,0.00,219.96,0.21,47.35,218.95,0.19,24.47
224.56,0.84,189.18,222.62,0.21,47.12,0.00,0.00,0.00,220.93,0.22,47.57,218.60,0.19,25.15
221.55,0.84,186.30,220.11,0.21,45.83,0.00,0.00,0.00,221.78,0.22,48.04,220.64,0.19,25.53
221.87,0.83,184.47,220.01,0.21,46.11,0.00,0.00,0.00,218.84,0.21,46.78,220.16,0.19,24.80
223.43,0.84,188.72,219.42,0.21,45.35,0.00,0.00,0.00,219.52,0.21,47.03,218.58,0.20,25.82
223.36,0.85,190.18,224.02,0.21,47.65,0.00,0.00,0.00,221.90,0.22,47.92,218.54,0.20,25.91
220.00,0.85,186.47,222.16,0.21,46.79,0.00,0.00,0.00,221.20,0.21,47.49,221.35,0.20,25.79
221.42,0.84,186.76,222.56,0.21,46.86,0.00,0.00,0.00,220.29,0.22,47.33,218.11,0.20,25.61
222.19,0.84,185.59,219.18,0.21,45.35,0.00,0.00,0.00,219.04,0.21,46.89,218.26,0.19,24.41
221.89,0.84,186.81,219.89,0.21,45.74,0.00,0.00,0.00,220.27,0.21,47.25,216.91,0.20,25.33
223.02,0.84,186.62,222.81,0.21,46.98,0.00,0.00,0.00,220.46,0.21,47.34,218.38,0.19,24.71
220.60,0.84,186.19,221.30,0.21,46.17,0.00,0.00,0.00,221.22,0.21,47.54,219.70,0.20,25.56
222.90,0.85,189.10,221.97,0.21,46.76,0.00,0.00,0.00,221.47,0.22,47.84,220.90,0.20,26.21
222.36,0.84,186.64,220.12,0.21,46.07,0.00,0.00,0.00,220.08,0.21,47.28,219.41,0.19,25.69
222.91,0.82,183.84,219.82,0.21,45.56,0.00,0.00,0.00,218.89,0.21,46.65,220.15,0.18,24.46
222.52,0.84,186.85,221.89,0.21,46.64,0.00,0.00,0.00,220.73,0.21,47.47,218.61,0.19,24.88
221.33,0.85,187.58,222.85,0.21,47.12,0.00,0.00,0.00,222.30,0.22,48.11,220.43,0.20,26.11
221.83,0.85,187.96,222.57,0.21,46.74,0.00,0.00,0.00,221.18,0.22,47.63,221.65,0.20,26.38
222.70,0.84,186.76,220.36,0.21,45.97,0.00,0.00,0.00,219.28,0.21,47.27,220.19,0.19,25.53
222.06,0.83,184.72,219.00,0.21,45.03,0.00,0.00,0.00,219.13,0.21,46.76,219.78,0.19,25.02
222.41,0.83,184.82,219.75,0.21,45.54,0.00,0.00,0.00,219.03,0.21,46.75,219.83,0.19,24.57
222.97,0.86,191.19,222.35,0.21,46.99,0.00,0.00,0.00,221.93,0.22,47.85,219.92,0.21,26.35
222.27,0.83,185.27,221.17,0.21,46.11,0.00,0.00,0.00,219.79,0.21,47.11,220.48,0.19,24.84
221.31,0.85,188.78,222.21,0.21,46.87,0.00,0.00,0.00,220.18,0.21,47.18,220.56,0.21,26.59
222.52,0.84,186.64,220.98,0.21,46.31,0.00,0.00,0.00,218.98,0.21,46.78,220.35,0.19,25.65
223.91,0.84,188.88,219.69,0.21,45.43,0.00,0.00,0.00,224.09,0.22,48.60,219.26,0.20,25.86
222.48,0.84,187.23,221.65,0.21,46.43,0.00,0.00,0.00,219.71,0.21,47.05,218.12,0.20,25.39
222.45,0.84,186.31,221.92,0.21,46.67,0.00,0.00,0.00,219.43,0.21,46.80,219.10,0.19,25.34
224.75,0.85,191.88,221.80,0.21,46.49,0.00,0.00,0.00,220.66,0.22,47.61,219.75,0.21,26.56
220.28,0.83,183.20,219.35,0.21,45.42,0.00,0.00,0.00,220.14,0.21,47.05,220.88,0.19,25.54
223.44,0.83,186.00,221.51,0.21,46.48,0.00,0.00,0.00,217.52,0.21,46.09,220.63,0.19,25.74
222.38,0.83,185.30,218.93,0.21,45.23,0.00,0.00,0.00,220.16,0.21,47.09,219.71,0.19,25.77
222.56,0.84,186.27,221.21,0.21,46.52,0.00,0.00,0.00,220.39,0.21,47.38,221.21,0.19,25.91
221.55,0.84,185.29,223.35,0.21,47.23,0.00,0.00,0.00,221.99,0.22,47.84,219.80,0.19,25.51
220.78,0.84,184.85,222.20,0.21,46.61,0.00,0.00,0.00,222.40,0.22,48.17,220.66,0.19,25.62
220.12,0.84,184.05,222.55,0.21,46.69,0.00,0.00,0.00,219.41,0.21,46.99,219.71,0.19,25.55
222.69,0.83,185.16,220.67,0.21,46.07,0.00,0.00,0.00,219.20,0.21,46.85,220.09,0.19,25.40
222.03,0.83,184.33,221.32,0.21,45.96,0.00,0.00,0.00,219.73,0.21,46.96,220.76,0.19,25.23
223.60,0.83,186.61,221.93,0.21,46.84,0.00,0.00,0.00,221.81,0.22,47.99,217.90,0.19,24.92
220.68,0.84,185.07,222.67,0.21,47.22,0.00,0.00,0.00,221.96,0.22,47.84,220.89,0.19,25.98
220.67,0.84,185.03,221.20,0.21,46.43,0.00,0.00,0.00,220.40,0.21,47.38,222.23,0.19,26.66
220.86,0.83,183.41,219.41,0.21,45.24,0.00,0.00,0.00,220.84,0.21,47.34,220.09,0.19,25.37
220.73,0.83,184.00,221.11,0.21,46.45,0.00,0.00,0.00,219.33,0.21,46.97,218.41,0.19,25.07
222.35,0.84,185.70,222.63,0.21,47.15,0.00,0.00,0.00,220.22,0.21,47.17,218.68,0.19,25.07
221.58,0.84,186.01,222.35,0.21,46.86,0.00,0.00,0.00,221.65,0.22,47.90,220.58,0.19,25.80
221.14,0.83,184.14,219.14,0.21,45.31,0.00,0.00,0.00,221.62,0.22,47.88,220.16,0.19,25.53
224.38,0.84,187.78,222.51,0.21,46.69,0.00,0.00,0.00,222.00,0.22,47.77,219.79,0.19,25.66
223.31,0.84,187.30,221.32,0.21,46.29,0.00,0.00,0.00,225.31,0.22,49.36,220.85,0.19,25.78
221.34,0.83,184.05,219.08,0.21,45.18,0.00,0.00,0.00,219.79,0.21,47.13,220.23,0.19,25.76
221.11,0.83,184.26,221.87,0.21,46.54,0.00,0.00,0.00,220.59,0.21,47.48,220.57,0.19,25.38
222.15,0.83,185.30,222.77,0.21,46.97,0.00,0.00,0.00,220.63,0.21,47.53,218.14,0.19,25.01
219.85,0.83,183.22,221.53,0.21,46.41,0.00,0.00,0.00,219.56,0.21,46.94,219.39,0.19,25.35
223.06,0.84,186.97,222.56,0.21,47.14,0.00,0.00,0.00,221.42,0.22,47.85,220.13,0.19,25.43
221.39,0.83,183.72,219.97,0.21,45.53,0.00,0.00,0.00,219.75,0.21,47.18,219.64,0.19,25.35
223.08,0.83,185.35,217.15,0.20,44.21,0.00,0.00,0.00,218.61,0.21,46.73,219.49,0.19,25.96
224.38,0.83,186.91,222.41,0.21,46.86,0.00,0.00,0.00,217.89,0.21,46.30,219.30,0.19,25.21
222.36,0.83,185.57,221.25,0.21,45.86,0.00,0.00,0.00,221.11,0.22,47.71,218.01,0.19,25.32
221.87,0.84,185.80,222.31,0.21,46.98,0.00,0.00,0.00,221.53,0.22,47.71,220.63,0.19,25.55
220.95,0.84,185.50,223.29,0.21,47.11,0.00,0.00,0.00,221.38,0.22,47.65,221.40,0.19,26.24
221.31,0.83,183.69,220.55,0.21,45.98,0.00,0.00,0.00,218.92,0.21,46.73,219.53,0.19,25.40
223.25,0.83,185.64,222.52,0.21,46.77,0.00,0.00,0.00,214.48,0.21,45.10,220.04,0.19,25.65
223.69,0.83,186.71,222.32,0.21,46.83,0.00,0.00,0.00,222.21,0.22,47.88,219.45,0.19,24.97
222.42,0.84,185.75,221.84,0.21,46.61,0.00,0.00,0.00,220.47,0.21,47.28,220.60,0.19,25.71
221.60,0.83,184.49,219.75,0.21,45.52,0.00,0.00,0.00,221.16,0.22,47.70,221.72,0.19,25.57
222.47,0.83,184.89,220.80,0.21,46.49,0.00,0.00,0.00,219.44,0.21,46.89,218.61,0.18,25.07
221.80,0.83,185.09,221.80,0.21,46.62,0.00,0.00,0.00,220.14,0.22,47.43,218.36,0.19,24.89
221.81,0.83,184.20,220.28,0.21,45.77,0.00,0.00,0.00,221.10,0.22,47.58,219.83,0.19,25.25
221.32,0.84,185.31,222.41,0.21,46.84,0.00,0.00,0.00,220.97,0.22,47.54,219.28,0.19,25.29
221.16,0.83,183.79,220.64,0.21,46.00,0.00,0.00,0.00,218.65,0.21,46.71,217.85,0.19,25.46
221.76,0.83,185.10,221.82,0.21,46.62,0.00,0.00,0.00,219.84,0.21,46.96,219.05,0.19,25.12
223.77,0.83,186.17,221.18,0.21,46.15,0.00,0.00,0.00,219.94,0.21,47.03,220.28,0.19,25.35
222.69,0.84,186.89,222.64,0.21,47.11,0.00,0.00,0.00,221.53,0.22,47.80,219.65,0.19,25.31
223.70,0.83,185.19,219.33,0.21,45.35,0.00,0.00,0.00,220.90,0.21,47.44,220.32,0.18,25.24
221.12,0.83,184.50,220.02,0.21,46.07,0.00,0.00,0.00,217.78,0.21,46.42,220.45,0.19,25.74
223.23,0.84,187.58,221.02,0.21,46.38,0.00,0.00,0.00,225.48,0.22,49.27,218.70,0.19,25.32
223.47,0.83,186.29,221.73,0.21,46.40,0.00,0.00,0.00,220.70,0.21,47.36,220.09,0.19,25.43
222.89,0.84,186.74,221.48,0.21,46.42,0.00,0.00,0.00,222.23,0.22,47.92,220.86,0.19,25.86
220.89,0.83,184.13,221.23,0.21,46.36,0.00,0.00,0.00,218.88,0.21,46.77,219.82,0.19,25.44
223.10,0.83,185.61,219.51,0.21,45.40,0.00,0.00,0.00,220.09,0.21,47.08,219.04,0.19,25.34
223.30,0.84,186.60,222.68,0.21,46.89,0.00,0.00,0.00,221.30,0.22,47.69,219.03,0.19,25.03
216.54,0.83,180.45,225.27,0.21,46.77,0.00,0.00,0.00,217.93,0.21,46.53,219.90,0.19,25.79
220.70,0.83,183.44,220.45,0.21,45.88,0.00,0.00,0.00,218.70,0.21,46.64,220.25,0.19,25.56
221.79,0.83,185.04,221.85,0.21,46.68,0.00,0.00,0.00,221.61,0.22,47.85,220.62,0.19,25.34
221.02,0.83,184.52,221.62,0.21,46.35,0.00,0.00,0.00,220.85,0.22,47.48,220.90,0.19,25.73
220.96,0.84,185.21,221.04,0.21,46.53,0.00,0.00,0.00,219.51,0.21,47.03,220.27,0.19,25.84
224.02,0.83,186.49,220.50,0.21,45.81,0.00,0.00,0.00,221.38,0.22,47.64,219.77,0.19,25.31
221.97,0.83,184.85,221.78,0.21,46.36,0.00,0.00,0.00,220.54,0.21,47.34,220.46,0.19,25.26
219.12,0.84,183.42,222.72,0.21,46.89,0.00,0.00,0.00,221.52,0.22,47.62,221.53,0.19,25.73
222.29,0.83,185.45,221.64,0.21,46.54,0.00,0.00,0.00,220.60,0.22,47.48,219.66,0.19,25.42
223.30,0.83,186.24,222.50,0.21,46.87,0.00,0.00,0.00,219.87,0.21,46.96,220.43,0.19,25.94
221.63,0.83,183.39,220.35,0.21,45.88,0.00,0.00,0.00,218.35,0.21,46.54,218.18,0.18,24.78
223.16,0.83,185.51,218.75,0.21,45.05,0.00,0.00,0.00,218.30,0.21,46.52,219.27,0.19,25.57
222.11,0.83,185.45,221.88,0.21,46.62,0.00,0.00,0.00,220.09,0.21,47.39,219.41,0.19,25.31
221.57,0.84,185.63,223.91,0.21,47.53,0.00,0.00,0.00,222.20,0.22,48.00,219.36,0.19,25.24
220.53,0.83,184.00,221.48,0.21,46.51,0.00,0.00,0.00,220.81,0.22,47.45,220.40,0.19,25.67
221.91,0.84,185.66,221.49,0.21,46.56,0.00,0.00,0.00,219.99,0.21,47.14,218.83,0.19,25.16
221.12,0.83,184.55,221.65,0.21,46.42,0.00,0.00,0.00,220.67,0.21,47.43,220.84,0.19,25.79
220.89,0.83,184.15,221.11,0.21,46.31,0.00,0.00,0.00,219.23,0.21,46.92,221.20,0.19,25.79
222.99,0.84,186.89,222.10,0.21,46.73,0.00,0.00,0.00,219.23,0.21,46.87,219.70,0.19,25.89
224.48,0.83,187.35,220.62,0.21,45.70,0.00,0.00,0.00,222.85,0.22,48.32,220.77,0.19,25.35
221.23,0.83,183.59,220.78,0.21,45.87,0.00,0.00,0.00,219.04,0.21,46.77,218.31,0.19,24.95
224.40,0.83,186.56,220.66,0.21,45.81,0.00,0.00,0.00,220.01,0.21,47.11,219.93,0.19,25.34
221.62,0.84,185.71,222.96,0.21,47.13,0.00,0.00,0.00,223.25,0.22,47.43,222.72,0.19,25.73
220.72,0.84,184.84,221.49,0.21,46.48,0.00,0.00,0.00,221.06,0.22,47.60,221.88,0.19,26.06
221.12,0.84,184.79,221.50,0.21,46.50,0.00,0.00,0.00,219.37,0.21,46.76,219.68,0.19,25.47
222.87,0.84,186.45,220.66,0.21,46.27,0.00,0.00,0.00,220.83,0.21,47.47,219.74,0.19,25.61
222.56,0.83,185.57,221.69,0.21,46.31,0.00,0.00,0.00,219.75,0.21,47.19,220.25,0.19,25.41
222.16,0.84,186.12,223.73,0.21,47.21,0.00,0.00,0.00,220.44,0.21,47.26,219.36,0.19,25.55
222.64,0.83,185.70,220.58,0.21,46.14,0.00,0.00,0.00,220.44,0.22,47.45,220.35,0.19,25.41
223.03,0.83,186.15,221.17,0.21,46.38,0.00,0.00,0.00,219.00,0.21,46.91,218.66,0.19,25.20
222.70,0.83,185.20,220.84,0.21,45.99,0.00,0.00,0.00,221.03,0.22,47.66,216.98,0.19,24.24
223.98,0.83,186.70,219.74,0.21,45.69,0.00,0.00,0.00,222.02,0.22,47.93,221.38,0.19,25.55
221.25,0.83,184.68,221.03,0.21,46.34,0.00,0.00,0.00,219.20,0.21,46.93,220.10,0.19,25.46
224.31,0.83,187.09,222.96,0.21,47.05,0.00,0.00,0.00,219.12,0.21,46.91,219.72,0.19,25.30
224.35,0.83,186.82,221.87,0.21,46.17,0.00,0.00,0.00,221.18,0.21,47.47,219.44,0.19,25.35
223.55,0.83,185.95,219.28,0.21,45.43,0.00,0.00,0.00,220.99,0.22,47.60,221.26,0.19,25.52
220.67,0.83,183.84,219.98,0.21,45.51,0.00,0.00,0.00,222.23,0.22,48.22,221.15,0.19,25.43
221.52,0.83,184.79,222.75,0.21,47.10,0.00,0.00,0.00,220.37,0.21,47.42,219.70,0.19,25.22
222.70,0.83,185.85,221.72,0.21,46.74,0.00,0.00,0.00,218.08,0.21,46.49,218.26,0.19,25.13
224.05,0.83,185.78,221.63,0.21,46.08,0.00,0.00,0.00,220.75,0.21,47.39,218.50,0.18,24.77
224.67,0.84,188.51,221.94,0.21,46.82,0.00,0.00,0.00,221.05,0.22,47.69,220.51,0.19,25.72
223.02,0.83,185.50,221.46,0.21,46.54,0.00,0.00,0.00,217.46,0.21,46.04,219.75,0.19,25.40
222.94,0.83,185.07,220.16,0.21,45.47,0.00,0.00,0.00,220.01,0.21,47.31,218.80,0.19,25.17
224.33,0.83,186.26,221.75,0.21,46.28,0.00,0.00,0.00,220.67,0.21,47.34,218.69,0.18,24.75
223.51,0.84,187.04,223.65,0.21,47.38,0.00,0.00,0.00,221.60,0.22,47.79,217.63,0.19,24.92
220.45,0.83,183.20,218.50,0.21,45.13,0.00,0.00,0.00,218.95,0.21,46.83,220.35,0.19,25.63
224.27,0.83,186.90,219.36,0.21,45.18,0.00,0.00,0.00,221.33,0.22,47.83,221.01,0.19,26.01
222.75,0.83,184.95,219.75,0.21,45.66,0.00,0.00,0.00,222.44,0.22,48.09,219.97,0.18,24.94
221.47,0.84,185.57,222.82,0.21,47.00,0.00,0.00,0.00,220.78,0.21,47.42,220.82,0.19,25.93
223.29,0.83,185.48,221.06,0.21,45.89,0.00,0.00,0.00,220.17,0.21,47.15,221.39,0.19,25.69
220.77,0.84,185.39,223.58,0.21,47.46,0.00,0.00,0.00,221.47,0.22,47.82,220.34,0.19,25.50
223.38,0.84,186.85,224.97,0.21,47.89,0.00,0.00,0.00,220.82,0.22,47.52,219.58,0.19,25.27
222.81,0.83,185.70,223.57,0.21,47.34,0.00,0.00,0.00,220.35,0.21,47.35,218.80,0.18,24.95
222.21,0.83,185.45,222.53,0.21,47.01,0.00,0.00,0.00,220.23,0.21,47.17,220.95,0.19,25.50
224.30,0.83,186.99,221.13,0.21,46.38,0.00,0.00,0.00,218.01,0.21,46.32,223.00,0.19,26.28
224.05,0.83,186.74,220.67,0.21,46.00,0.00,0.00,0.00,221.89,0.22,47.99,219.58,0.19,25.38
222.75,0.83,185.99,223.35,0.21,47.13,0.00,0.00,0.00,223.04,0.22,48.36,219.60,0.18,25.50
222.24,0.83,184.08,218.46,0.20,44.74,0.00,0.00,0.00,219.58,0.21,47.09,218.77,0.19,25.01
224.51,0.83,186.78,223.95,0.21,47.33,0.00,0.00,0.00,217.07,0.21,46.31,220.26,0.18,25.06
222.43,0.84,186.46,222.72,0.21,47.18,0.00,0.00,0.00,221.84,0.22,47.84,221.02,0.19,25.69
223.71,0.84,187.21,222.23,0.21,46.80,0.00,0.00,0.00,222.07,0.22,48.02,218.74,0.19,25.22
221.76,0.84,185.25,221.01,0.21,46.47,0.00,0.00,0.00,219.46,0.21,47.06,220.73,0.19,25.69
223.58,0.83,186.34,223.75,0.21,47.37,0.00,0.00,0.00,219.20,0.21,46.87,219.60,0.19,24.94
223.50,0.84,187.10,223.41,0.21,47.26,0.00,0.00,0.00,221.42,0.22,47.78,221.67,0.19,25.61
222.15,0.83,184.96,222.25,0.21,46.31,0.00,0.00,0.00,221.48,0.22,47.87,221.93,0.19,25.66
223.14,0.84,187.48,223.27,0.21,47.18,0.00,0.00,0.00,221.17,0.22,47.86,221.12,0.19,25.97
224.43,0.83,187.07,219.87,0.21,45.55,0.00,0.00,0.00,220.61,0.22,47.60,221.91,0.19,25.92
221.26,0.83,183.62,219.14,0.21,45.12,0.00,0.00,0.00,218.68,0.21,46.63,221.22,0.19,25.73
221.67,0.83,184.50,220.74,0.21,46.52,0.00,0.00,0.00,219.84,0.21,47.20,219.93,0.18,25.31
223.62,0.83,186.69,224.52,0.21,47.55,0.00,0.00,0.00,221.87,0.22,47.94,219.83,0.18,25.09
222.74,0.84,187.20,223.39,0.21,47.43,0.00,0.00,0.00,223.27,0.22,48.58,220.53,0.19,25.59
221.15,0.83,183.15,221.02,0.21,46.49,0.00,0.00,0.00,216.40,0.21,45.83,217.87,0.19,25.01
221.81,0.84,185.72,220.72,0.21,45.88,0.00,0.00,0.00,221.94,0.22,48.03,222.19,0.19,26.14
222.46,0.83,185.09,222.55,0.21,46.95,0.00,0.00,0.00,219.46,0.21,46.82,219.12,0.19,25.17
223.36,0.83,186.40,223.78,0.21,47.09,0.00,0.00,0.00,220.71,0.21,47.39,219.36,0.19,25.28
224.23,0.84,187.27,221.66,0.21,46.67,0.00,0.00,0.00,221.57,0.22,47.76,221.71,0.19,25.48
220.36,0.83,182.94,221.33,0.21,46.18,0.00,0.00,0.00,220.19,0.21,47.10,220.46,0.19,25.47
224.53,0.83,187.45,223.45,0.21,46.59,0.00,0.00,0.00,220.75,0.21,47.15,221.30,0.19,25.69
223.48,0.83,186.60,220.96,0.21,46.30,0.00,0.00,0.00,221.21,0.21,47.51,219.84,0.19,25.32
221.84,0.83,185.23,220.09,0.21,45.87,0.00,0.00,0.00,220.88,0.22,47.59,220.15,0.19,25.54
227.17,0.84,190.23,224.37,0.21,47.61,0.00,0.00,0.00,221.80,0.21,47.68,221.22,0.19,25.56
221.56,0.83,184.87,219.92,0.21,45.91,0.00,0.00,0.00,219.84,0.21,47.17,220.83,0.19,25.44
222.93,0.83,186.03,220.58,0.21,46.12,0.00,0.00,0.00,218.98,0.21,46.81,219.72,0.19,25.32
222.98,0.84,187.98,223.18,0.21,47.27,0.00,0.00,0.00,225.14,0.22,48.98,221.37,0.19,25.89
221.71,0.83,184.93,219.67,0.21,45.59,0.00,0.00,0.00,222.35,0.21,47.48,219.40,0.19,25.58
223.58,0.83,186.10,223.42,0.21,47.15,0.00,0.00,0.00,218.28,0.21,46.47,218.94,0.19,25.15
222.65,0.84,186.38,222.93,0.21,46.96,0.00,0.00,0.00,221.27,0.22,47.77,221.52,0.19,25.64
222.03,0.84,186.61,226.64,0.22,48.77,0.00,0.00,0.00,219.52,0.21,47.05,221.65,0.19,26.00
222.86,0.83,185.23,221.22,0.21,46.27,0.00,0.00,0.00,218.94,0.21,46.73,219.71,0.19,25.00
221.25,0.83,184.69,222.01,0.21,46.73,0.00,0.00,0.00,222.30,0.22,48.09,221.50,0.19,25.56
221.06,0.83,183.60,219.99,0.21,45.55,0.00,0.00,0.00,219.33,0.21,46.70,220.26,0.19,25.16
223.23,0.84,186.44,220.08,0.21,45.76,0.00,0.00,0.00,220.86,0.22,47.55,220.29,0.19,25.78
222.79,0.83,185.78,222.43,0.21,47.07,0.00,0.00,0.00,220.68,0.21,47.48,218.92,0.19,25.04
223.36,0.84,186.92,221.82,0.21,46.72,0.00,0.00,0.00,222.25,0.22,48.31,221.57,0.19,25.70
223.62,0.83,185.82,220.20,0.21,45.81,0.00,0.00,0.00,221.18,0.21,47.53,217.31,0.19,24.63
224.16,0.83,186.25,221.31,0.21,46.61,0.00,0.00,0.00,218.19,0.21,46.42,220.24,0.19,25.39
222.67,0.83,185.31,222.47,0.21,46.81,0.00,0.00,0.00,219.68,0.21,47.04,216.58,0.18,24.72
222.68,0.83,184.74,219.81,0.21,45.49,0.00,0.00,0.00,216.59,0.21,45.67,219.46,0.19,25.45
223.03,0.83,185.62,220.58,0.21,45.79,0.00,0.00,0.00,221.16,0.22,47.91,220.36,0.19,25.25
220.87,0.83,184.30,224.43,0.21,47.48,0.00,0.00,0.00,222.52,0.22,48.15,221.03,0.18,25.26
221.79,0.84,185.29,221.80,0.21,46.80,0.00,0.00,0.00,218.22,0.21,46.56,220.92,0.19,25.99
223.34,0.83,185.34,220.91,0.21,45.91,0.00,0.00,0.00,217.63,0.21,46.35,220.83,0.19,25.43
223.24,0.84,187.30,223.20,0.21,47.21,0.00,0.00,0.00,220.70,0.22,47.55,222.32,0.19,25.91
221.59,0.83,184.98,221.31,0.21,46.39,0.00,0.00,0.00,222.12,0.22,47.98,220.85,0.19,25.55
222.50,0.83,185.68,222.30,0.21,46.69,0.00,0.00,0.00,218.84,0.21,46.86,218.06,0.19,25.22
223.90,0.83,186.74,222.40,0.21,46.88,0.00,0.00,0.00,221.48,0.21,47.50,220.11,0.19,25.44
222.94,0.84,186.72,221.10,0.21,46.57,0.00,0.00,0.00,221.58,0.22,47.89,222.82,0.19,25.57
221.82,0.83,184.59,221.69,0.21,46.46,0.00,0.00,0.00,218.63,0.21,46.38,220.44,0.19,25.46
224.49,0.83,187.10,217.77,0.21,45.18,0.00,0.00,0.00,221.07,0.21,47.48,220.00,0.19,25.23
221.76,0.83,184.23,221.37,0.21,46.29,0.00,0.00,0.00,216.43,0.21,45.79,222.29,0.19,25.74
222.99,0.84,186.26,222.12,0.21,46.54,0.00,0.00,0.00,221.43,0.21,47.54,219.63,0.19,25.17
222.79,0.84,186.03,223.49,0.21,47.25,0.00,0.00,0.00,221.61,0.21,47.64,215.67,0.19,24.67
222.95,0.84,186.92,222.88,0.21,47.06,0.00,0.00,0.00,219.02,0.21,47.04,220.60,0.19,26.01
221.29,0.83,183.78,219.23,0.21,45.75,0.00,0.00,0.00,216.54,0.21,45.69,219.36,0.19,25.39
222.69,0.84,186.04,223.18,0.21,47.04,0.00,0.00,0.00,220.17,0.21,47.19,220.09,0.19,25.38
222.66,0.84,186.32,220.96,0.21,46.49,0.00,0.00,0.00,220.06,0.21,47.22,218.72,0.19,25.28
221.50,0.83,184.23,221.36,0.21,46.38,0.00,0.00,0.00,220.69,0.21,47.37,218.26,0.19,25.15
222.89,0.82,183.59,219.56,0.21,45.22,0.00,0.00,0.00,216.62,0.21,45.88,219.04,0.18,24.58
223.11,0.84,186.52,223.01,0.21,47.27,0.00,0.00,0.00,217.44,0.21,46.16,221.34,0.19,25.82
223.92,0.84,186.99,222.88,0.21,47.00,0.00,0.00,0.00,218.48,0.21,46.53,219.42,0.19,25.25
223.98,0.83,186.39,221.88,0.21,46.41,0.00,0.00,0.00,220.94,0.21,47.41,220.01,0.19,25.02
223.38,0.84,186.86,223.94,0.21,47.44,0.00,0.00,0.00,221.27,0.21,47.55,221.69,0.19,25.58
221.90,0.84,185.99,223.51,0.21,47.42,0.00,0.00,0.00,220.87,0.22,47.56,221.58,0.19,25.72
221.15,0.83,184.46,221.62,0.21,46.44,0.00,0.00,0.00,220.49,0.21,47.23,219.76,0.19,25.41
223.78,0.83,186.71,220.12,0.21,45.87,0.00,0.00,0.00,220.75,0.22,47.49,219.93,0.19,25.72
220.06,0.84,183.94,220.46,0.21,45.70,0.00,0.00,0.00,221.44,0.22,47.65,221.09,0.19,25.95
220.14,0.83,182.89,221.41,0.21,46.53,0.00,0.00,0.00,218.37,0.21,46.47,218.02,0.19,25.16
222.38,0.84,185.96,222.15,0.21,46.65,0.00,0.00,0.00,219.09,0.21,46.82,219.46,0.19,25.43
222.33,0.83,185.63,221.31,0.21,46.26,0.00,0.00,0.00,221.28,0.22,47.54,222.39,0.19,25.88
220.81,0.83,184.04,219.04,0.21,45.37,0.00,0.00,0.00,220.04,0.21,47.05,220.55,0.19,25.84
223.30,0.83,186.21,221.01,0.21,46.35,0.00,0.00,0.00,219.56,0.21,46.95,218.78,0.19,25.03
221.95,0.84,185.37,222.22,0.21,46.69,0.00,0.00,0.00,220.30,0.21,47.14,219.05,0.19,25.04
223.49,0.84,187.99,226.06,0.21,48.42,0.00,0.00,0.00,220.98,0.22,47.52,220.45,0.19,25.90
220.67,0.83,183.88,218.91,0.21,45.18,0.00,0.00,0.00,221.38,0.22,47.69,222.95,0.19,26.50
221.34,0.83,184.29,220.94,0.21,46.23,0.00,0.00,0.00,220.12,0.21,47.20,220.06,0.19,25.01
222.31,0.84,185.96,221.72,0.21,46.62,0.00,0.00,0.00,220.82,0.22,47.48,219.54,0.19,25.34
221.59,0.84,185.16,223.18,0.21,47.14,0.00,0.00,0.00,219.73,0.21,47.02,218.61,0.19,25.43
220.13,0.83,183.34,220.71,0.21,46.16,0.00,0.00,0.00,218.92,0.21,46.65,220.67,0.19,25.70
222.11,0.83,185.09,221.38,0.21,46.40,0.00,0.00,0.00,220.42,0.21,47.24,220.06,0.19,25.00
222.76,0.83,185.37,222.89,0.21,46.95,0.00,0.00,0.00,217.78,0.21,46.12,217.61,0.19,25.12
221.88,0.83,185.00,221.69,0.21,46.48,0.00,0.00,0.00,220.02,0.21,47.13,219.72,0.19,25.48
222.89,0.83,185.66,220.56,0.21,46.04,0.00,0.00,0.00,219.50,0.21,46.79,217.96,0.19,25.03
223.94,0.83,186.79,221.13,0.21,46.14,0.00,0.00,0.00,221.50,0.22,47.81,220.79,0.19,25.61
221.08,0.83,184.30,220.36,0.21,45.83,0.00,0.00,0.00,220.49,0.21,47.24,219.72,0.19,25.49
222.73,0.83,185.01,220.12,0.21,45.85,0.00,0.00,0.00,220.06,0.21,47.13,218.28,0.19,24.82
221.58,0.83,184.34,221.32,0.21,46.06,0.00,0.00,0.00,219.97,0.21,47.00,217.22,0.19,25.08
221.27,0.83,184.30,219.81,0.21,45.62,0.00,0.00,0.00,219.19,0.21,46.89,218.90,0.19,25.29
220.76,0.83,183.75,220.88,0.21,46.08,0.00,0.00,0.00,219.90,0.21,47.10,215.47,0.19,24.46
222.41,0.84,185.82,220.61,0.21,45.91,0.00,0.00,0.00,220.48,0.21,47.26,218.74,0.19,25.76
221.86,0.83,185.15,220.39,0.21,45.94,0.00,0.00,0.00,218.89,0.21,46.60,219.57,0.19,25.28
221.06,0.83,184.55,220.03,0.21,45.78,0.00,0.00,0.00,220.44,0.21,47.35,219.83,0.19,25.62
220.66,0.83,182.78,219.54,0.21,45.53,0.00,0.00,0.00,219.51,0.21,46.75,220.00,0.19,25.32
221.57,0.83,184.73,219.46,0.21,45.16,0.00,0.00,0.00,221.18,0.21,47.51,219.27,0.19,25.61
220.19,0.83,183.61,219.52,0.21,45.56,0.00,0.00,0.00,220.58,0.21,47.31,220.54,0.19,25.63
219.97,0.83,182.40,219.68,0.21,45.68,0.00,0.00,0.00,213.85,0.21,44.72,219.08,0.19,25.38
222.67,0.83,185.80,222.47,0.21,46.67,0.00,0.00,0.00,220.81,0.21,47.43,217.40,0.19,25.08
220.95,0.83,184.15,219.57,0.21,45.55,0.00,0.00,0.00,220.74,0.21,47.28,218.81,0.19,25.28
222.30,0.83,184.32,222.37,0.21,46.89,0.00,0.00,0.00,216.38,0.21,45.62,219.54,0.19,25.04
222.36,0.83,183.82,218.89,0.21,44.99,0.00,0.00,0.00,219.94,0.21,46.84,216.86,0.19,24.75
223.08,0.84,186.54,221.79,0.21,46.58,0.00,0.00,0.00,220.77,0.22,47.52,219.97,0.19,25.72
224.60,0.84,188.24,221.81,0.21,46.43,0.00,0.00,0.00,220.44,0.21,47.29,220.54,0.19,26.01
221.06,0.83,184.12,220.35,0.21,45.70,0.00,0.00,0.00,221.34,0.21,47.62,218.63,0.19,25.12
223.08,0.84,186.75,222.61,0.21,46.96,0.00,0.00,0.00,220.91,0.22,47.73,219.37,0.19,25.46
219.12,0.84,183.15,220.94,0.21,46.13,0.00,0.00,0.00,222.02,0.22,47.78,219.79,0.19,25.74
221.86,0.83,184.25,218.04,0.21,44.82,0.00,0.00,0.00,219.54,0.21,46.94,217.96,0.19,25.22
223.76,0.83,186.00,220.80,0.21,45.80,0.00,0.00,0.00,220.42,0.22,47.43,217.14,0.19,24.82
222.87,0.83,184.81,221.57,0.21,46.25,0.00,0.00,0.00,219.37,0.21,46.80,218.45,0.18,24.85
221.80,0.84,185.76,222.06,0.21,46.78,0.00,0.00,0.00,220.12,0.21,47.05,220.49,0.19,25.52
221.16,0.83,184.39,220.56,0.21,45.89,0.00,0.00,0.00,216.89,0.21,46.02,220.10,0.19,25.51
223.00,0.83,185.95,220.96,0.21,46.17,0.00,0.00,0.00,220.72,0.21,47.22,217.76,0.19,25.23
221.05,0.84,184.86,223.25,0.21,47.06,0.00,0.00,0.00,219.81,0.21,46.96,218.86,0.19,25.46
223.53,0.84,186.68,222.34,0.21,46.65,0.00,0.00,0.00,219.36,0.21,46.77,220.02,0.19,25.49
222.48,0.84,185.91,221.98,0.21,46.56,0.00,0.00,0.00,219.50,0.21,46.99,219.79,0.19,25.75
222.27,0.83,185.07,220.62,0.21,45.96,0.00,0.00,0.00,219.65,0.21,46.54,219.75,0.19,25.42
222.08,0.83,185.10,222.44,0.21,46.70,0.00,0.00,0.00,219.19,0.21,46.75,219.47,0.19,25.26
221.22,0.83,184.28,222.15,0.21,46.66,0.00,0.00,0.00,220.36,0.21,47.31,220.34,0.19,25.40
221.34,0.84,185.14,221.59,0.21,46.02,0.00,0.00,0.00,221.06,0.21,47.48,219.68,0.19,25.62
222.02,0.83,184.71,219.50,0.21,45.61,0.00,0.00,0.00,220.07,0.21,47.02,219.10,0.19,25.45
222.06,0.83,184.74,220.39,0.21,45.91,0.00,0.00,0.00,224.02,0.22,48.41,215.31,0.19,24.18
223.49,0.84,187.05,221.02,0.21,46.19,0.00,0.00,0.00,219.47,0.21,46.83,221.00,0.19,25.92
221.45,0.83,183.93,221.38,0.21,46.20,0.00,0.00,0.00,218.97,0.21,46.45,219.12,0.19,25.11
221.18,0.83,183.95,219.67,0.21,45.51,0.00,0.00,0.00,221.04,0.21,47.04,218.52,0.19,25.53
222.43,0.84,186.08,221.40,0.21,46.44,0.00,0.00,0.00,220.92,0.22,47.51,220.72,0.19,25.73
219.23,0.83,181.98,220.48,0.21,45.83,0.00,0.00,0.00,218.21,0.21,46.42,218.72,0.19,25.08
221.85,0.84,185.80,222.63,0.21,46.97,0.00,0.00,0.00,220.37,0.21,47.20,220.60,0.19,25.83
223.32,0.83,185.45,220.32,0.21,45.85,0.00,0.00,0.00,218.09,0.21,46.16,218.63,0.19,25.03
222.23,0.84,186.82,226.38,0.21,48.20,0.00,0.00,0.00,220.24,0.21,47.19,220.08,0.19,26.01
221.64,0.83,183.58,220.02,0.21,45.58,0.00,0.00,0.00,219.65,0.21,46.78,218.03,0.19,24.47
221.60,0.83,184.70,221.06,0.21,46.17,0.00,0.00,0.00,218.52,0.21,46.42,219.70,0.19,25.40
222.66,0.84,186.13,220.65,0.21,46.10,0.00,0.00,0.00,219.69,0.21,46.90,217.94,0.19,25.39
221.91,0.83,185.17,222.13,0.21,46.60,0.00,0.00,0.00,218.45,0.21,46.50,220.10,0.19,25.55
222.09,0.83,185.23,221.73,0.21,46.54,0.00,0.00,0.00,220.12,0.21,47.09,219.83,0.19,25.43
220.24,0.83,182.77,220.15,0.21,45.59,0.00,0.00,0.00,219.85,0.21,47.00,218.62,0.19,25.02
221.79,0.84,185.79,222.44,0.21,46.61,0.00,0.00,0.00,221.31,0.21,47.57,220.54,0.19,25.62
216.34,0.83,180.48,219.39,0.21,45.62,0.00,0.00,0.00,218.68,0.21,46.52,219.91,0.19,25.61
222.93,0.83,185.95,221.98,0.21,46.52,0.00,0.00,0.00,219.77,0.21,46.84,219.21,0.19,25.11
221.44,0.84,185.85,222.86,0.21,46.77,0.00,0.00,0.00,221.48,0.22,47.68,221.20,0.19,25.86
221.23,0.83,183.45,219.03,0.21,45.33,0.00,0.00,0.00,219.95,0.21,46.88,218.80,0.19,24.86
218.52,0.83,181.26,219.94,0.21,45.42,0.00,0.00,0.00,219.23,0.21,46.80,220.50,0.19,25.41
222.10,0.84,186.35,222.08,0.21,46.69,0.00,0.00,0.00,219.53,0.21,46.83,220.86,0.19,26.24
222.61,0.83,185.50,223.48,0.21,47.03,0.00,0.00,0.00,219.59,0.21,46.85,219.66,0.19,25.26
221.57,0.83,183.57,220.80,0.21,46.10,0.00,0.00,0.00,217.34,0.21,45.76,216.67,0.19,24.81
221.03,0.83,184.10,222.51,0.21,46.57,0.00,0.00,0.00,218.08,0.21,46.26,216.38,0.19,25.31
220.35,0.83,183.31,220.60,0.21,45.88,0.00,0.00,0.00,221.43,0.22,47.74,219.84,0.19,25.11
220.74,0.84,184.75,220.37,0.21,45.95,0.00,0.00,0.00,218.39,0.21,46.49,219.55,0.19,25.91
220.35,0.83,183.67,220.34,0.21,46.05,0.00,0.00,0.00,219.66,0.21,46.60,218.48,0.19,25.52
220.53,0.83,183.33,222.62,0.21,46.78,0.00,0.00,0.00,220.69,0.21,47.29,219.77,0.18,24.96
221.67,0.84,185.14,224.19,0.21,47.82,0.00,0.00,0.00,217.43,0.21,45.94,219.22,0.19,25.16
221.53,0.83,184.73,221.18,0.21,46.12,0.00,0.00,0.00,219.98,0.21,47.04,218.99,0.19,25.50
223.76,0.83,185.41,218.22,0.20,44.67,0.00,0.00,0.00,221.31,0.21,47.49,219.52,0.19,25.39
220.99,0.83,183.26,220.96,0.21,45.99,0.00,0.00,0.00,216.34,0.21,45.45,219.47,0.19,25.28
222.51,0.84,186.56,222.39,0.21,46.81,0.00,0.00,0.00,219.42,0.21,46.86,219.77,0.19,25.90
221.24,0.83,184.22,222.76,0.21,46.69,0.00,0.00,0.00,219.67,0.21,46.82,218.64,0.19,25.07
221.84,0.84,185.82,222.98,0.21,47.05,0.00,0.00,0.00,218.15,0.21,46.65,223.94,0.19,25.86
218.79,0.83,182.40,220.22,0.21,45.61,0.00,0.00,0.00,221.18,0.22,47.57,219.48,0.19,25.34
220.86,0.83,183.09,218.54,0.21,44.81,0.00,0.00,0.00,216.74,0.21,46.09,221.03,0.19,25.46
220.95,0.83,183.64,221.13,0.21,46.17,0.00,0.00,0.00,219.83,0.21,46.82,219.73,0.19,25.09
223.67,0.84,187.19,221.90,0.21,46.45,0.00,0.00,0.00,219.60,0.21,47.07,218.34,0.19,25.26
221.43,0.83,184.69,221.71,0.21,46.35,0.00,0.00,0.00,219.19,0.21,46.49,220.52,0.19,25.69
220.98,0.84,184.64,221.12,0.21,46.25,0.00,0.00,0.00,220.55,0.21,47.23,219.92,0.19,25.39
221.19,0.83,183.57,217.67,0.20,44.46,0.00,0.00,0.00,220.37,0.21,47.13,219.89,0.19,25.61
222.36,0.83,184.88,221.34,0.21,46.20,0.00,0.00,0.00,217.35,0.21,45.97,224.15,0.19,25.63
221.59,0.84,185.11,220.00,0.21,45.75,0.00,0.00,0.00,220.47,0.21,47.12,220.08,0.19,25.64
221.01,0.84,186.45,223.04,0.21,46.93,0.00,0.00,0.00,221.65,0.22,47.79,221.16,0.20,26.55
223.58,0.84,186.78,221.05,0.21,46.10,0.00,0.00,0.00,219.15,0.21,46.68,219.15,0.19,25.66
223.31,0.83,185.87,221.64,0.21,46.35,0.00,0.00,0.00,218.88,0.21,46.54,220.49,0.19,25.43
221.34,0.83,183.74,219.00,0.21,45.36,0.00,0.00,0.00,222.09,0.22,47.90,217.03,0.19,24.37
222.39,0.84,185.90,223.71,0.21,47.07,0.00,0.00,0.00,218.97,0.21,46.46,220.82,0.19,25.47
222.75,0.84,186.42,223.87,0.21,47.35,0.00,0.00,0.00,220.56,0.22,47.42,220.52,0.19,25.33
218.43,0.83,182.10,219.87,0.21,45.74,0.00,0.00,0.00,219.62,0.21,46.95,221.12,0.19,25.47
221.58,0.83,184.92,221.28,0.21,45.84,0.00,0.00,0.00,222.38,0.22,48.04,218.57,0.19,25.52
226.37,0.83,187.87,220.53,0.21,45.74,0.00,0.00,0.00,220.49,0.21,47.20,219.42,0.19,25.15
222.35,0.83,185.42,222.88,0.21,47.00,0.00,0.00,0.00,221.36,0.22,47.64,220.88,0.19,25.22
221.51,0.83,184.39,220.21,0.21,45.99,0.00,0.00,0.00,220.48,0.21,47.13,220.06,0.19,25.48
223.85,0.83,186.84,220.29,0.21,45.94,0.00,0.00,0.00,222.39,0.22,48.06,219.44,0.19,25.15
218.79,0.83,182.57,219.81,0.21,45.61,0.00,0.00,0.00,220.37,0.21,47.22,219.69,0.19,25.45
221.74,0.83,184.65,221.50,0.21,46.35,0.00,0.00,0.00,218.91,0.21,46.49,218.29,0.19,25.25
225.42,0.84,189.02,221.42,0.21,45.90,0.00,0.00,0.00,219.46,0.21,46.99,220.33,0.19,26.02
223.58,0.84,186.71,219.24,0.21,45.05,0.00,0.00,0.00,219.31,0.21,46.85,220.49,0.19,25.52
220.03,0.84,184.65,221.33,0.21,46.04,0.00,0.00,0.00,219.03,0.21,46.66,219.36,0.20,25.50
221.08,0.84,184.92,220.58,0.21,46.25,0.00,0.00,0.00,218.85,0.21,46.60,218.57,0.19,24.86
220.74,0.84,184.65,221.70,0.21,46.35,0.00,0.00,0.00,217.57,0.21,46.03,218.33,0.19,25.13
220.70,0.84,185.29,221.50,0.21,46.35,0.00,0.00,0.00,218.62,0.21,46.56,219.86,0.19,25.51
220.58,0.83,184.15,219.59,0.21,45.33,0.00,0.00,0.00,220.08,0.21,47.26,220.44,0.19,25.45
220.88,0.83,184.16,219.79,0.21,45.50,0.00,0.00,0.00,221.63,0.21,47.42,219.16,0.19,24.91
220.69,0.83,184.00,219.74,0.21,45.09,0.00,0.00,0.00,219.55,0.21,47.06,219.51,0.19,25.13
222.85,0.84,187.12,222.85,0.21,46.85,0.00,0.00,0.00,221.33,0.21,47.29,220.28,0.19,25.57
220.50,0.83,183.10,218.73,0.21,45.14,0.00,0.00,0.00,218.82,0.21,46.55,218.76,0.19,24.51
219.86,0.84,183.67,222.09,0.21,46.38,0.00,0.00,0.00,218.59,0.21,46.49,218.23,0.19,25.07
222.40,0.83,185.14,220.51,0.21,45.69,0.00,0.00,0.00,220.00,0.21,46.95,219.73,0.19,25.16
221.37,0.83,184.36,218.29,0.21,44.74,0.00,0.00,0.00,222.12,0.21,47.68,219.86,0.19,25.42
222.76,0.83,184.90,218.58,0.20,44.63,0.00,0.00,0.00,223.74,0.21,47.37,222.46,0.19,24.76
222.57,0.84,186.65,220.40,0.21,46.12,0.00,0.00,0.00,218.93,0.21,46.61,221.06,0.19,25.54
220.46,0.84,184.51,221.54,0.21,46.38,0.00,0.00,0.00,221.02,0.22,47.61,220.23,0.19,25.36
219.50,0.84,183.64,219.84,0.21,45.61,0.00,0.00,0.00,221.38,0.22,47.73,219.73,0.19,25.25
222.86,0.84,186.35,221.80,0.21,46.21,0.00,0.00,0.00,219.93,0.21,46.91,219.25,0.19,24.99
221.95,0.83,184.33,220.38,0.21,45.38,0.00,0.00,0.00,219.69,0.21,46.87,218.22,0.19,24.67
224.12,0.84,189.03,223.28,0.21,47.09,0.00,0.00,0.00,221.10,0.21,47.47,219.90,0.19,25.79
223.41,0.84,187.45,223.01,0.21,46.76,0.00,0.00,0.00,221.49,0.21,47.20,220.97,0.19,25.69
226.55,0.84,189.48,225.54,0.21,46.87,0.00,0.00,0.00,220.39,0.21,47.22,222.02,0.19,25.97
224.17,0.83,186.29,218.32,0.21,44.73,0.00,0.00,0.00,221.97,0.22,47.85,220.57,0.19,25.31
221.35,0.84,184.84,220.46,0.21,45.84,0.00,0.00,0.00,222.43,0.22,48.04,218.26,0.19,25.02
221.74,0.83,183.80,224.05,0.21,47.28,0.00,0.00,0.00,216.81,0.21,45.67,219.44,0.19,25.02
224.60,0.83,187.06,219.92,0.21,45.60,0.00,0.00,0.00,221.47,0.21,47.65,221.40,0.19,25.51
221.89,0.83,184.60,219.68,0.21,45.48,0.00,0.00,0.00,221.34,0.22,47.64,218.50,0.19,25.09
220.85,0.83,184.27,222.15,0.21,46.44,0.00,0.00,0.00,221.70,0.22,47.73,220.68,0.19,25.44
225.37,0.83,187.60,219.81,0.21,45.06,0.00,0.00,0.00,219.94,0.21,47.00,221.19,0.19,25.52
222.00,0.84,185.67,223.83,0.21,47.28,0.00,0.00,0.00,221.15,0.21,47.42,219.09,0.19,25.48
222.40,0.83,185.35,219.82,0.21,45.29,0.00,0.00,0.00,222.28,0.22,48.02,221.08,0.19,25.57
221.33,0.84,185.39,222.06,0.21,46.55,0.00,0.00,0.00,221.64,0.22,47.66,220.13,0.19,25.65
220.19,0.84,184.01,222.23,0.21,46.68,0.00,0.00,0.00,218.68,0.21,46.55,220.59,0.19,25.76
222.10,0.83,184.57,219.11,0.21,45.55,0.00,0.00,0.00,219.64,0.21,46.85,220.23,0.19,25.16
221.81,0.84,186.16,222.55,0.21,46.63,0.00,0.00,0.00,221.67,0.22,47.88,222.20,0.19,26.32
222.11,0.83,185.00,220.02,0.21,45.70,0.00,0.00,0.00,226.20,0.22,47.80,221.23,0.19,25.19
222.88,0.84,186.14,222.08,0.21,46.35,0.00,0.00,0.00,221.41,0.21,47.49,220.08,0.19,25.55
223.28,0.84,187.19,221.94,0.21,46.37,0.00,0.00,0.00,220.59,0.21,47.37,221.32,0.19,26.21
222.69,0.84,186.23,224.86,0.21,47.32,0.00,0.00,0.00,220.77,0.21,47.24,219.68,0.19,25.49
219.90,0.83,183.59,222.73,0.21,46.92,0.00,0.00,0.00,218.62,0.21,46.62,219.16,0.19,25.27
222.83,0.84,186.07,221.37,0.21,45.84,0.00,0.00,0.00,221.31,0.21,47.46,218.78,0.19,25.23
222.38,0.83,185.27,220.23,0.21,45.35,0.00,0.00,0.00,221.28,0.21,47.47,220.10,0.19,25.65
222.02,0.83,185.27,220.99,0.21,46.06,0.00,0.00,0.00,220.66,0.21,47.52,219.78,0.19,25.26
220.55,0.83,183.78,219.98,0.21,45.79,0.00,0.00,0.00,219.14,0.21,46.64,218.65,0.19,25.17
220.55,0.84,184.59,222.91,0.21,46.91,0.00,0.00,0.00,218.68,0.21,46.58,219.70,0.19,25.25
223.59,0.84,186.74,220.55,0.21,45.77,0.00,0.00,0.00,221.00,0.21,47.44,220.34,0.19,25.56
223.59,0.84,187.06,219.14,0.21,45.23,0.00,0.00,0.00,221.86,0.22,47.73,220.52,0.19,26.10
220.76,0.84,184.39,221.68,0.21,46.19,0.00,0.00,0.00,220.45,0.21,47.15,219.99,0.19,25.30
220.08,0.83,183.37,218.48,0.21,44.76,0.00,0.00,0.00,221.90,0.22,47.99,220.26,0.19,25.77
223.27,0.83,185.69,219.60,0.21,45.68,0.00,0.00,0.00,220.55,0.21,47.37,219.15,0.19,25.28
222.35,0.83,184.95,221.57,0.21,46.40,0.00,0.00,0.00,219.87,0.21,46.88,220.43,0.19,25.12
221.98,0.83,184.96,221.62,0.21,46.24,0.00,0.00,0.00,219.85,0.21,47.06,216.79,0.19,24.99
220.53,0.83,183.71,222.27,0.21,46.56,0.00,0.00,0.00,217.09,0.21,45.79,218.48,0.19,25.69
222.30,0.83,184.88,219.92,0.21,45.49,0.00,0.00,0.00,220.09,0.21,47.01,220.19,0.19,25.76
221.35,0.84,184.88,220.26,0.21,45.76,0.00,0.00,0.00,220.86,0.21,47.32,218.80,0.19,25.53
219.47,0.83,182.25,219.24,0.20,45.03,0.00,0.00,0.00,221.61,0.21,47.59,219.75,0.19,25.46
221.61,0.84,185.50,221.09,0.21,46.22,0.00,0.00,0.00,219.51,0.21,46.81,219.48,0.19,25.81
223.61,0.83,185.74,223.01,0.21,46.75,0.00,0.00,0.00,217.33,0.21,45.71,219.68,0.19,25.33
222.39,0.83,185.03,220.78,0.21,45.71,0.00,0.00,0.00,220.35,0.21,47.14,219.80,0.19,25.52
221.35,0.83,184.64,218.92,0.21,44.86,0.00,0.00,0.00,220.58,0.22,47.48,220.43,0.19,25.66
222.03,0.84,185.42,220.37,0.21,46.11,0.00,0.00,0.00,217.70,0.21,46.17,218.23,0.19,25.72
222.91,1.05,233.43,222.60,0.21,46.84,222.21,0.21,31.62,219.23,0.21,46.87,218.92,0.19,25.25
216.72,1.04,224.35,217.87,0.20,44.74,216.02,0.21,31.58,215.09,0.21,44.86,215.50,0.19,24.51
221.48,1.05,233.60,222.03,0.21,46.58,220.78,0.22,32.46,220.46,0.21,47.48,218.13,0.19,25.47
218.94,0.85,185.15,235.78,0.21,45.70,218.24,0.22,33.64,0.00,0.00,0.00,219.94,0.19,25.86
222.88,0.83,184.76,218.38,0.20,44.14,222.18,0.22,32.60,0.00,0.00,0.00,219.04,0.19,25.05
221.05,0.84,186.16,222.37,0.21,46.50,220.35,0.22,32.68,0.00,0.00,0.00,220.02,0.19,25.94
222.82,0.84,186.98,222.52,0.21,46.86,222.12,0.22,33.53,0.00,0.00,0.00,219.36,0.19,25.36
222.22,0.84,186.59,224.04,0.21,47.43,221.52,0.22,33.67,0.00,0.00,0.00,220.17,0.19,25.27
223.20,0.84,187.52,221.26,0.21,46.24,222.50,0.22,34.09,0.00,0.00,0.00,219.22,0.19,25.57
220.70,0.84,185.18,221.73,0.21,46.42,220.00,0.22,33.33,0.00,0.00,0.00,218.83,0.19,25.42
222.70,0.83,184.68,220.44,0.21,45.45,222.00,0.21,33.20,0.00,0.00,0.00,216.82,0.19,24.49
221.17,0.83,184.48,220.26,0.21,45.73,220.47,0.21,32.18,0.00,0.00,0.00,221.88,0.19,25.87
221.82,0.83,184.89,222.11,0.21,46.53,221.12,0.22,33.36,0.00,0.00,0.00,218.00,0.19,24.78
223.29,0.83,185.10,218.06,0.21,45.00,222.59,0.21,32.16,0.00,0.00,0.00,218.33,0.19,25.00
222.62,0.83,185.45,221.79,0.21,46.48,221.92,0.21,32.47,0.00,0.00,0.00,218.21,0.19,24.83
221.58,0.84,185.45,220.75,0.21,45.99,220.88,0.21,33.12,0.00,0.00,0.00,220.43,0.19,25.79
220.90,0.83,184.06,223.71,0.21,47.17,220.20,0.22,33.24,0.00,0.00,0.00,219.87,0.19,24.97
218.79,0.83,181.37,217.79,0.20,44.63,218.09,0.22,33.21,0.00,0.00,0.00,217.72,0.19,24.69
222.88,0.84,186.61,223.28,0.21,47.05,222.18,0.22,32.97,0.00,0.00,0.00,219.13,0.19,25.51
220.90,0.84,184.64,221.41,0.21,46.11,220.20,0.22,33.51,0.00,0.00,0.00,219.23,0.19,25.09
221.93,0.83,184.51,219.40,0.21,45.21,221.23,0.21,32.20,0.00,0.00,0.00,220.68,0.19,25.72
221.85,0.83,184.53,219.43,0.21,45.05,221.15,0.21,32.75,0.00,0.00,0.00,218.76,0.19,25.27
221.33,0.83,183.76,220.18,0.21,45.33,220.63,0.21,32.61,0.00,0.00,0.00,221.12,0.19,25.59
222.63,0.84,185.97,220.20,0.21,45.83,221.93,0.22,34.26,0.00,0.00,0.00,218.45,0.19,24.65
221.80,0.84,185.65,222.26,0.21,46.61,221.10,0.22,33.76,0.00,0.00,0.00,220.35,0.19,25.19
222.94,0.84,186.25,220.75,0.21,46.12,222.24,0.22,33.60,0.00,0.00,0.00,219.12,0.19,25.04
222.56,0.83,184.43,221.47,0.21,45.86,221.86,0.21,31.82,0.00,0.00,0.00,218.36,0.19,25.39
222.54,0.84,186.50,223.85,0.21,47.22,221.84,0.22,34.16,0.00,0.00,0.00,216.91,0.19,24.81
220.71,0.83,184.27,221.22,0.21,46.16,220.01,0.21,31.98,0.00,0.00,0.00,219.34,0.19,25.56
225.02,0.83,187.67,220.36,0.21,45.74,224.32,0.21,32.25,0.00,0.00,0.00,220.97,0.19,25.71
222.21,0.83,185.23,220.59,0.21,46.07,221.51,0.22,33.22,0.00,0.00,0.00,218.70,0.19,24.92
222.70,0.84,187.72,223.07,0.21,46.92,222.00,0.22,34.77,0.00,0.00,0.00,220.45,0.19,25.83
221.43,0.83,184.39,218.44,0.21,44.77,220.73,0.22,34.78,0.00,0.00,0.00,217.07,0.19,24.45
222.38,0.84,186.22,221.03,0.21,46.69,221.68,0.22,32.78,0.00,0.00,0.00,218.92,0.19,25.08
222.16,0.83,184.22,219.01,0.21,45.13,221.46,0.21,32.39,0.00,0.00,0.00,219.51,0.19,25.05
220.74,0.84,184.51,222.81,0.21,46.67,220.04,0.22,32.57,0.00,0.00,0.00,220.17,0.19,25.61
221.43,0.84,185.46,218.19,0.21,45.20,220.73,0.21,33.21,0.00,0.00,0.00,218.80,0.19,25.43
221.23,0.84,185.08,220.92,0.21,46.06,220.53,0.21,32.60,0.00,0.00,0.00,218.21,0.19,25.45
223.07,0.84,187.01,220.53,0.21,45.89,222.37,0.22,33.71,0.00,0.00,0.00,219.97,0.19,25.44
220.06,0.83,182.71,219.52,0.21,45.23,219.36,0.21,32.71,0.00,0.00,0.00,220.52,0.19,25.35
221.77,0.83,184.95,219.60,0.21,45.19,221.07,0.21,33.01,0.00,0.00,0.00,219.52,0.19,24.94
220.93,0.83,184.09,217.57,0.21,44.62,220.23,0.21,31.49,0.00,0.00,0.00,219.73,0.19,25.77
222.97,0.84,187.62,220.52,0.21,45.80,222.27,0.22,33.65,0.00,0.00,0.00,218.09,0.19,25.59
221.92,0.84,185.74,220.68,0.21,45.99,221.22,0.21,32.88,0.00,0.00,0.00,217.23,0.19,24.76
222.67,0.83,185.49,221.57,0.21,45.87,221.97,0.21,32.45,0.00,0.00,0.00,221.31,0.19,25.39
220.21,0.84,184.90,220.79,0.21,45.82,219.51,0.22,32.43,0.00,0.00,0.00,218.71,0.19,25.26
222.30,0.83,185.57,220.99,0.21,45.77,221.60,0.21,33.14,0.00,0.00,0.00,219.30,0.19,25.01
221.05,0.84,185.89,220.68,0.21,46.11,220.35,0.21,32.62,0.00,0.00,0.00,220.59,0.20,25.80
223.45,0.84,188.24,221.36,0.21,46.48,222.75,0.22,33.68,0.00,0.00,0.00,220.69,0.19,25.76
220.66,0.84,185.79,220.39,0.21,45.80,219.96,0.22,34.47,0.00,0.00,0.00,217.47,0.19,25.02
222.46,0.85,188.21,221.77,0.21,46.62,221.76,0.22,33.68,0.00,0.00,0.00,219.47,0.20,25.72
220.46,0.84,184.19,220.15,0.21,45.87,219.76,0.22,33.23,0.00,0.00,0.00,218.60,0.19,24.59
222.11,0.83,185.11,221.30,0.21,45.85,221.41,0.21,31.99,0.00,0.00,0.00,220.42,0.19,25.63
218.52,0.84,182.81,220.35,0.21,45.82,217.82,0.22,33.29,0.00,0.00,0.00,218.55,0.19,24.97
223.17,0.84,186.68,220.45,0.21,45.71,222.47,0.21,32.40,0.00,0.00,0.00,221.30,0.19,26.08
220.07,0.84,184.76,220.42,0.21,45.76,219.37,0.22,33.62,0.00,0.00,0.00,218.42,0.19,25.03
222.78,0.84,186.56,221.05,0.21,46.22,222.08,0.22,33.08,0.00,0.00,0.00,220.38,0.19,25.50
221.88,0.83,185.09,220.89,0.21,45.98,221.18,0.22,33.23,0.00,0.00,0.00,219.37,0.19,24.72
221.54,0.84,186.14,222.80,0.21,46.84,220.84,0.22,33.93,0.00,0.00,0.00,219.87,0.19,25.15
222.29,0.84,187.10,224.19,0.21,47.33,221.59,0.22,33.52,0.00,0.00,0.00,219.27,0.19,25.41
220.18,0.84,185.01,223.21,0.21,47.01,219.48,0.22,33.82,0.00,0.00,0.00,220.94,0.19,25.45
222.33,0.84,185.96,222.31,0.21,46.53,221.63,0.22,33.67,0.00,0.00,0.00,218.13,0.19,24.67
219.48,0.84,184.29,222.81,0.21,46.85,218.78,0.22,33.18,0.00,0.00,0.00,219.47,0.19,25.54
221.42,0.83,184.56,221.06,0.21,46.14,220.72,0.21,32.43,0.00,0.00,0.00,220.02,0.19,25.01
222.38,0.84,186.31,221.49,0.21,46.44,221.68,0.22,33.94,0.00,0.00,0.00,217.88,0.19,24.62
221.51,0.83,184.93,221.77,0.21,46.04,220.81,0.21,32.42,0.00,0.00,0.00,222.09,0.19,25.63
223.63,0.84,186.78,222.45,0.21,46.56,222.93,0.21,32.39,0.00,0.00,0.00,218.44,0.19,25.19
221.48,0.84,186.14,223.80,0.21,47.28,220.78,0.21,32.40,0.00,0.00,0.00,219.87,0.19,26.04
222.56,0.84,185.94,221.21,0.21,46.32,221.86,0.21,32.90,0.00,0.00,0.00,219.25,0.19,24.78
221.96,0.84,185.53,221.60,0.21,46.31,221.26,0.22,33.25,0.00,0.00,0.00,219.04,0.19,25.17
220.15,0.83,183.69,220.71,0.21,46.18,219.45,0.21,32.26,0.00,0.00,0.00,219.18,0.19,25.50
221.91,0.83,185.18,221.23,0.21,46.17,221.21,0.21,32.85,0.00,0.00,0.00,218.39,0.19,24.89
222.24,0.84,186.57,223.88,0.21,47.27,221.54,0.22,33.41,0.00,0.00,0.00,218.56,0.19,25.27
220.08,0.83,183.23,219.15,0.21,45.05,219.38,0.21,33.43,0.00,0.00,0.00,220.73,0.19,25.45
221.61,0.83,183.74,219.56,0.21,45.00,220.91,0.21,33.18,0.00,0.00,0.00,216.51,0.19,24.51
222.04,0.84,187.29,222.10,0.21,46.92,221.34,0.22,33.36,0.00,0.00,0.00,221.57,0.19,26.10
220.51,0.83,183.43,221.42,0.21,46.18,219.81,0.21,32.41,0.00,0.00,0.00,218.84,0.19,24.93
224.07,0.84,187.77,222.69,0.21,46.93,223.37,0.22,32.73,0.00,0.00,0.00,219.84,0.19,25.36
222.86,0.84,186.72,222.17,0.21,46.62,222.16,0.22,32.51,0.00,0.00,0.00,220.40,0.19,25.79
223.36,0.83,185.42,218.71,0.21,45.12,222.66,0.21,33.25,0.00,0.00,0.00,219.41,0.19,25.10
222.49,0.84,186.22,220.74,0.21,45.72,221.79,0.22,33.90,0.00,0.00,0.00,220.45,0.19,25.58
221.53,0.84,185.22,222.57,0.21,46.91,220.83,0.21,32.45,0.00,0.00,0.00,220.69,0.19,25.38
225.66,0.83,187.11,220.94,0.21,45.47,224.96,0.21,33.28,0.00,0.00,0.00,218.89,0.19,24.79
221.86,0.84,185.88,223.24,0.21,46.93,221.16,0.22,33.88,0.00,0.00,0.00,219.73,0.19,25.31
221.11,0.84,185.47,223.07,0.21,46.87,220.41,0.22,33.17,0.00,0.00,0.00,220.78,0.19,25.69
221.56,0.84,186.36,222.62,0.21,46.52,220.86,0.22,33.21,0.00,0.00,0.00,219.33,0.19,25.60
223.29,0.83,185.54,221.71,0.21,46.18,222.59,0.21,32.89,0.00,0.00,0.00,220.35,0.19,25.13
221.32,0.83,184.74,222.68,0.21,46.75,220.62,0.21,32.21,0.00,0.00,0.00,220.17,0.19,25.73
223.17,0.83,185.90,223.01,0.21,46.62,222.47,0.21,32.46,0.00,0.00,0.00,218.49,0.19,24.57
223.93,0.84,188.31,222.14,0.21,46.57,223.23,0.22,34.18,0.00,0.00,0.00,219.39,0.19,25.31
222.56,0.83,185.26,218.87,0.21,45.17,221.86,0.21,33.03,0.00,0.00,0.00,218.82,0.19,25.38
223.50,0.84,186.73,222.13,0.21,46.54,222.80,0.21,33.12,0.00,0.00,0.00,219.83,0.19,25.33
221.27,0.84,184.85,223.53,0.21,47.06,220.57,0.22,33.61,0.00,0.00,0.00,218.44,0.19,24.88
221.93,0.83,184.98,220.44,0.21,45.90,221.23,0.21,32.24,0.00,0.00,0.00,220.80,0.19,25.47
223.61,0.83,186.26,219.30,0.21,45.33,222.91,0.21,33.46,0.00,0.00,0.00,220.18,0.19,25.43
222.31,0.83,185.42,221.61,0.21,46.31,221.61,0.21,32.08,0.00,0.00,0.00,219.77,0.19,25.46
221.21,0.83,184.17,221.52,0.21,46.18,220.51,0.21,32.31,0.00,0.00,0.00,218.82,0.19,24.98
223.91,0.83,186.86,221.91,0.21,46.57,223.21,0.22,32.60,0.00,0.00,0.00,220.96,0.19,25.35
220.47,0.83,183.58,220.71,0.21,45.96,219.77,0.21,32.99,0.00,0.00,0.00,219.67,0.19,25.27
218.55,0.84,182.78,222.69,0.21,46.79,217.85,0.22,33.68,0.00,0.00,0.00,218.21,0.19,24.96
218.94,0.83,182.76,223.70,0.21,46.93,218.24,0.22,33.29,0.00,0.00,0.00,220.53,0.19,25.14
221.22,0.84,185.00,220.97,0.21,46.19,220.52,0.22,33.44,0.00,0.00,0.00,220.11,0.19,25.21
221.81,0.84,185.87,222.66,0.21,46.86,221.11,0.22,33.76,0.00,0.00,0.00,220.23,0.19,25.62
222.55,0.83,185.38,220.58,0.21,45.68,221.85,0.22,32.59,0.00,0.00,0.00,218.40,0.19,24.85
222.83,0.84,187.61,222.62,0.21,46.85,222.13,0.22,33.60,0.00,0.00,0.00,221.19,0.19,25.60
222.41,0.84,185.75,222.22,0.21,46.42,221.71,0.22,33.31,0.00,0.00,0.00,219.28,0.19,25.10
224.03,0.84,187.10,220.33,0.21,45.49,223.33,0.22,34.07,0.00,0.00,0.00,219.54,0.19,25.49
221.01,0.84,185.30,223.38,0.21,46.98,220.31,0.22,33.24,0.00,0.00,0.00,220.52,0.19,25.57
223.97,0.84,187.19,222.18,0.21,46.73,223.27,0.21,32.03,0.00,0.00,0.00,219.46,0.19,25.28
222.76,0.83,185.86,222.49,0.21,46.57,222.06,0.22,34.10,0.00,0.00,0.00,220.91,0.19,25.04
220.18,0.83,182.77,220.20,0.21,45.40,219.48,0.21,32.03,0.00,0.00,0.00,220.23,0.19,25.42
221.89,0.84,185.55,220.94,0.21,46.44,221.19,0.22,33.11,0.00,0.00,0.00,219.95,0.19,25.10
224.85,0.83,187.60,223.89,0.21,47.26,224.15,0.22,32.57,0.00,0.00,0.00,220.34,0.19,25.31
222.76,0.83,185.76,222.61,0.21,46.62,222.06,0.21,32.22,0.00,0.00,0.00,220.97,0.19,25.51
224.89,0.84,187.85,220.30,0.21,45.63,224.19,0.22,34.79,0.00,0.00,0.00,219.80,0.19,25.23
223.55,0.84,187.53,222.50,0.21,46.60,222.85,0.22,33.68,0.00,0.00,0.00,218.95,0.19,25.09
224.04,0.83,186.92,220.81,0.21,45.49,223.34,0.22,34.24,0.00,0.00,0.00,219.52,0.19,25.24
222.48,0.83,185.33,221.74,0.21,46.18,221.78,0.22,33.21,0.00,0.00,0.00,221.29,0.19,25.40
221.67,0.84,185.12,218.47,0.21,45.48,220.97,0.22,34.37,0.00,0.00,0.00,218.83,0.19,24.60
224.52,0.83,187.30,221.22,0.21,46.02,223.82,0.22,33.93,0.00,0.00,0.00,220.90,0.19,25.24
223.49,0.83,186.61,222.66,0.21,46.80,222.79,0.22,32.62,0.00,0.00,0.00,221.52,0.19,25.15
224.36,0.83,186.24,219.52,0.21,45.45,223.66,0.21,32.60,0.00,0.00,0.00,217.63,0.19,24.75
222.23,0.84,187.01,223.46,0.21,47.36,221.53,0.22,33.12,0.00,0.00,0.00,221.43,0.19,25.86
222.55,0.83,185.70,222.94,0.21,46.90,221.85,0.21,32.32,0.00,0.00,0.00,217.10,0.19,24.65
224.64,0.84,188.05,222.80,0.21,46.81,223.94,0.22,33.18,0.00,0.00,0.00,220.02,0.19,25.02
223.84,0.83,186.63,221.82,0.21,46.45,223.14,0.22,34.02,0.00,0.00,0.00,220.45,0.19,25.03
220.57,0.84,184.24,222.33,0.21,46.57,219.87,0.21,32.84,0.00,0.00,0.00,220.28,0.19,25.36
223.77,0.83,186.38,222.76,0.21,46.66,223.07,0.21,32.29,0.00,0.00,0.00,219.06,0.19,24.72
225.02,0.84,190.03,224.08,0.21,47.38,224.32,0.22,34.04,0.00,0.00,0.00,222.33,0.19,26.70
220.46,0.84,184.44,221.03,0.21,45.73,219.76,0.22,34.10,0.00,0.00,0.00,221.11,0.19,25.84
222.81,0.83,185.09,220.06,0.21,45.43,222.11,0.22,33.55,0.00,0.00,0.00,219.55,0.19,24.99
221.94,0.84,187.50,222.56,0.21,46.85,221.24,0.22,35.65,0.00,0.00,0.00,220.66,0.19,25.21
221.92,0.84,185.34,221.64,0.21,46.05,221.22,0.22,33.94,0.00,0.00,0.00,220.96,0.19,25.51
223.09,0.83,186.06,221.46,0.21,46.25,222.39,0.22,33.34,0.00,0.00,0.00,216.91,0.19,24.43
222.98,0.84,186.40,223.86,0.21,47.29,222.28,0.22,33.50,0.00,0.00,0.00,220.41,0.19,25.08
221.94,0.83,185.12,222.71,0.21,46.52,221.24,0.22,33.90,0.00,0.00,0.00,221.60,0.19,25.31
221.69,0.83,184.91,219.62,0.21,45.16,220.99,0.22,33.48,0.00,0.00,0.00,221.54,0.19,25.74
224.01,0.84,188.96,223.88,0.21,47.16,223.31,0.22,33.63,0.00,0.00,0.00,223.30,0.19,26.30
224.85,0.84,188.73,224.37,0.21,47.55,224.15,0.22,33.51,0.00,0.00,0.00,219.45,0.19,25.19
222.60,0.83,185.86,219.65,0.21,45.74,221.90,0.22,34.08,0.00,0.00,0.00,221.35,0.19,25.67
224.62,0.84,187.75,224.40,0.21,47.03,223.92,0.22,32.92,0.00,0.00,0.00,220.38,0.19,25.21
225.11,0.83,187.78,224.30,0.21,47.27,224.41,0.22,34.13,0.00,0.00,0.00,219.44,0.18,24.70
221.56,0.83,184.72,221.41,0.21,46.42,220.86,0.22,33.07,0.00,0.00,0.00,221.65,0.19,25.32
224.27,0.83,186.30,219.33,0.21,45.24,223.57,0.22,33.69,0.00,0.00,0.00,220.28,0.19,25.06
223.76,0.84,188.38,223.58,0.21,47.09,223.06,0.22,34.22,0.00,0.00,0.00,221.80,0.19,25.68
219.94,0.84,183.67,219.68,0.21,45.26,219.24,0.22,34.12,0.00,0.00,0.00,221.90,0.19,25.94
222.52,0.83,185.79,223.35,0.21,47.04,221.82,0.22,34.34,0.00,0.00,0.00,219.18,0.18,24.64
224.08,0.83,186.65,221.59,0.21,46.22,223.38,0.22,34.01,0.00,0.00,0.00,217.43,0.19,24.71
227.78,0.83,189.92,221.27,0.21,45.74,227.08,0.22,33.33,0.00,0.00,0.00,220.45,0.19,25.62
222.10,0.83,185.10,221.83,0.21,46.61,221.40,0.21,32.45,0.00,0.00,0.00,219.79,0.19,24.97
224.85,0.84,188.58,220.24,0.21,45.69,224.15,0.22,34.39,0.00,0.00,0.00,221.24,0.19,26.00
222.95,0.84,187.05,222.25,0.21,46.87,222.25,0.22,34.60,0.00,0.00,0.00,225.57,0.19,26.10
221.30,0.84,185.16,223.00,0.21,47.05,220.60,0.22,34.03,0.00,0.00,0.00,220.50,0.19,24.92
223.91,0.83,186.68,222.70,0.21,46.47,223.21,0.22,34.03,0.00,0.00,0.00,219.92,0.18,24.97
221.22,0.84,184.75,224.01,0.21,47.24,220.52,0.22,32.61,0.00,0.00,0.00,222.22,0.19,25.70
223.50,0.83,186.58,223.75,0.21,47.14,222.80,0.22,33.08,0.00,0.00,0.00,219.99,0.19,24.96
224.00,0.84,187.23,220.11,0.21,45.81,223.30,0.22,33.94,0.00,0.00,0.00,220.82,0.19,25.33
220.30,0.84,184.44,222.24,0.21,46.84,219.60,0.22,33.72,0.00,0.00,0.00,221.67,0.19,25.66
223.73,0.84,187.24,221.19,0.21,46.43,223.03,0.22,33.99,0.00,0.00,0.00,221.04,0.19,25.14
223.90,0.84,187.59,221.66,0.21,46.31,223.20,0.22,34.82,0.00,0.00,0.00,221.23,0.19,25.78
224.97,0.84,188.59,223.55,0.21,47.24,224.27,0.22,33.93,0.00,0.00,0.00,221.54,0.19,25.39
222.44,0.83,185.43,224.30,0.21,47.36,221.74,0.22,33.33,0.00,0.00,0.00,219.43,0.18,24.68
223.07,0.84,186.52,221.74,0.21,46.38,222.37,0.22,34.06,0.00,0.00,0.00,221.10,0.19,25.27
222.62,0.84,186.71,225.33,0.21,47.84,221.92,0.22,33.91,0.00,0.00,0.00,221.39,0.19,25.41
223.21,0.83,185.46,220.56,0.21,45.73,222.51,0.22,33.80,0.00,0.00,0.00,220.04,0.19,25.05
224.57,0.83,187.28,220.77,0.21,45.51,223.87,0.22,34.32,0.00,0.00,0.00,220.87,0.19,25.08
223.89,0.84,187.41,223.23,0.21,47.18,223.19,0.22,34.35,0.00,0.00,0.00,220.39,0.18,25.06
222.07,0.84,186.15,223.07,0.21,46.88,221.37,0.22,34.35,0.00,0.00,0.00,220.14,0.19,25.29
221.56,0.83,184.46,221.61,0.21,46.26,220.86,0.22,33.83,0.00,0.00,0.00,220.27,0.18,25.04
222.52,0.84,185.84,224.46,0.21,47.11,221.82,0.22,32.88,0.00,0.00,0.00,219.33,0.19,24.93
220.64,0.84,185.17,225.39,0.21,47.93,219.94,0.22,33.92,0.00,0.00,0.00,220.94,0.19,25.04
224.93,0.83,187.48,221.05,0.21,45.75,224.23,0.22,33.41,0.00,0.00,0.00,220.67,0.19,25.49
223.83,0.83,186.84,220.11,0.21,45.42,223.13,0.22,34.20,0.00,0.00,0.00,219.99,0.19,25.21
222.10,0.84,185.58,221.72,0.21,46.15,221.40,0.22,34.21,0.00,0.00,0.00,220.67,0.19,25.37
222.79,0.83,185.89,221.06,0.21,45.80,222.09,0.22,33.39,0.00,0.00,0.00,220.70,0.19,25.71
223.61,0.83,186.59,222.32,0.21,46.64,222.91,0.22,32.76,0.00,0.00,0.00,219.10,0.19,24.92
223.57,0.84,187.16,221.79,0.21,46.31,222.87,0.22,34.47,0.00,0.00,0.00,220.58,0.19,25.27
221.56,0.84,185.97,222.94,0.21,46.93,220.86,0.22,34.03,0.00,0.00,0.00,221.49,0.19,25.63
221.48,0.84,185.37,224.09,0.21,47.14,220.78,0.22,33.32,0.00,0.00,0.00,219.64,0.19,25.36
224.11,0.84,187.66,218.70,0.21,45.59,223.41,0.22,34.19,0.00,0.00,0.00,219.99,0.19,25.31
224.76,0.84,187.76,223.34,0.21,47.07,224.06,0.22,32.64,0.00,0.00,0.00,220.69,0.19,25.29
223.27,0.84,187.11,222.74,0.21,47.06,222.57,0.22,34.46,0.00,0.00,0.00,219.73,0.19,25.02
223.92,0.83,186.68,221.29,0.21,46.03,223.22,0.21,33.41,0.00,0.00,0.00,219.88,0.19,25.33
224.95,0.84,188.54,223.62,0.21,47.27,224.25,0.22,34.26,0.00,0.00,0.00,218.58,0.19,24.81
223.44,0.83,186.55,222.20,0.21,46.68,222.74,0.22,33.45,0.00,0.00,0.00,222.33,0.19,25.68
223.03,0.84,186.94,221.36,0.21,46.50,222.33,0.22,33.34,0.00,0.00,0.00,221.08,0.19,25.84
224.27,0.84,187.37,221.19,0.21,45.86,223.57,0.22,34.70,0.00,0.00,0.00,219.18,0.19,25.28
223.92,0.84,187.66,223.46,0.21,47.34,223.22,0.22,33.57,0.00,0.00,0.00,220.27,0.19,25.33
219.47,0.83,182.59,221.83,0.21,46.37,218.77,0.22,33.38,0.00,0.00,0.00,223.16,0.18,25.16
223.14,0.83,185.76,222.51,0.21,46.74,222.44,0.22,33.27,0.00,0.00,0.00,220.79,0.18,25.30
224.12,0.84,188.18,223.22,0.21,47.06,223.42,0.22,33.73,0.00,0.00,0.00,221.12,0.19,25.72
220.21,0.83,182.74,220.66,0.21,45.81,219.51,0.22,33.52,0.00,0.00,0.00,220.38,0.19,25.20
222.29,0.83,184.93,220.97,0.21,45.69,221.59,0.22,33.83,0.00,0.00,0.00,220.30,0.19,25.00
223.31,0.84,186.73,223.83,0.21,47.14,222.61,0.22,33.35,0.00,0.00,0.00,221.22,0.19,25.41
221.61,0.84,185.16,220.47,0.21,45.45,220.91,0.22,34.43,0.00,0.00,0.00,219.77,0.19,25.50
221.28,0.83,184.67,221.64,0.21,46.36,220.58,0.21,32.55,0.00,0.00,0.00,220.17,0.19,25.17
223.70,0.84,187.33,224.16,0.21,47.36,223.00,0.22,33.05,0.00,0.00,0.00,219.26,0.19,24.81
223.37,0.84,187.74,222.69,0.21,46.79,222.67,0.22,33.93,0.00,0.00,0.00,221.79,0.19,26.03
224.39,0.83,186.93,218.00,0.21,44.83,223.69,0.22,33.59,0.00,0.00,0.00,220.49,0.19,25.78
222.15,0.83,185.26,220.67,0.21,46.28,221.45,0.21,32.26,0.00,0.00,0.00,220.19,0.19,25.34
224.45,0.84,187.75,224.36,0.21,47.46,223.75,0.22,33.38,0.00,0.00,0.00,219.96,0.19,24.92
224.15,0.84,187.70,223.47,0.21,47.28,223.45,0.22,32.94,0.00,0.00,0.00,220.18,0.19,25.31
223.08,0.83,185.45,221.74,0.21,46.13,222.38,0.22,33.81,0.00,0.00,0.00,220.61,0.18,25.20
221.24,0.84,185.23,222.47,0.21,46.71,220.54,0.22,34.06,0.00,0.00,0.00,220.85,0.19,25.03
224.50,0.83,187.20,222.29,0.21,46.32,223.80,0.22,34.56,0.00,0.00,0.00,217.49,0.19,24.83
222.28,0.84,186.24,220.23,0.21,45.53,221.58,0.22,34.18,0.00,0.00,0.00,220.10,0.19,25.69
222.76,0.83,185.92,222.05,0.21,46.52,222.06,0.22,33.21,0.00,0.00,0.00,219.45,0.19,25.07
224.10,0.83,186.94,219.03,0.21,45.22,223.40,0.22,34.90,0.00,0.00,0.00,220.52,0.19,25.21
222.41,0.84,186.93,225.08,0.21,47.70,221.71,0.22,33.04,0.00,0.00,0.00,220.73,0.19,25.50
221.83,0.84,185.68,223.17,0.21,46.86,221.13,0.22,33.94,0.00,0.00,0.00,218.95,0.19,25.09
223.08,0.83,185.99,221.32,0.21,46.07,222.38,0.22,33.81,0.00,0.00,0.00,221.18,0.19,25.27
220.55,0.84,184.54,220.99,0.21,45.89,219.85,0.22,34.56,0.00,0.00,0.00,220.21,0.19,25.17
221.79,0.84,186.11,224.63,0.21,47.17,221.09,0.22,33.75,0.00,0.00,0.00,222.17,0.19,26.00
222.15,0.83,184.66,221.09,0.21,45.64,221.45,0.22,33.69,0.00,0.00,0.00,219.21,0.19,24.93
225.42,0.84,188.70,221.95,0.21,46.19,224.72,0.22,34.12,0.00,0.00,0.00,220.91,0.19,25.54
222.68,0.84,186.29,222.28,0.21,46.57,221.98,0.22,33.86,0.00,0.00,0.00,221.23,0.19,25.37
222.80,0.83,185.13,218.28,0.20,44.68,222.10,0.22,33.63,0.00,0.00,0.00,219.70,0.19,25.12
225.12,0.84,188.75,224.44,0.21,47.52,224.42,0.22,33.01,0.00,0.00,0.00,220.71,0.19,25.32
221.84,0.84,186.33,223.35,0.21,47.34,221.14,0.22,34.01,0.00,0.00,0.00,219.83,0.19,25.29
220.35,0.83,183.62,220.89,0.21,45.67,219.65,0.22,33.47,0.00,0.00,0.00,220.85,0.19,25.53
222.73,0.83,185.69,221.30,0.21,45.87,222.03,0.22,33.88,0.00,0.00,0.00,220.32,0.19,25.37
219.69,0.83,183.08,220.22,0.21,45.48,218.99,0.22,33.30,0.00,0.00,0.00,222.39,0.19,25.84
221.61,0.83,184.75,221.61,0.21,45.84,220.91,0.22,33.61,0.00,0.00,0.00,220.24,0.19,25.57
223.65,0.83,186.73,220.21,0.21,45.52,222.95,0.22,34.40,0.00,0.00,0.00,220.68,0.19,25.27
221.75,0.84,185.53,221.43,0.21,45.90,221.05,0.22,33.82,0.00,0.00,0.00,222.06,0.19,26.22
221.21,0.83,184.13,219.61,0.21,45.17,220.51,0.22,33.67,0.00,0.00,0.00,220.08,0.19,25.08
228.45,0.84,191.12,220.67,0.21,45.79,227.75,0.22,33.98,0.00,0.00,0.00,221.49,0.19,25.58
221.47,0.84,185.67,223.64,0.21,47.07,220.77,0.22,32.82,0.00,0.00,0.00,221.59,0.19,25.58
219.37,0.83,182.56,223.79,0.21,46.33,218.67,0.21,32.67,0.00,0.00,0.00,220.32,0.19,25.18
222.17,0.84,185.98,222.25,0.21,46.64,221.47,0.22,33.13,0.00,0.00,0.00,219.96,0.19,25.35
220.27,0.84,183.93,221.03,0.21,46.09,219.57,0.21,33.25,0.00,0.00,0.00,220.11,0.19,25.45
223.37,0.83,186.01,219.45,0.21,45.28,222.67,0.22,34.16,0.00,0.00,0.00,219.18,0.19,25.03
222.35,0.84,185.84,222.23,0.21,46.50,221.65,0.22,33.77,0.00,0.00,0.00,221.30,0.19,25.62
220.51,0.84,184.53,219.80,0.21,45.16,219.81,0.22,33.96,0.00,0.00,0.00,220.27,0.19,25.95
219.01,0.83,181.16,218.79,0.20,44.80,218.31,0.22,34.15,0.00,0.00,0.00,217.28,0.18,24.28
222.92,0.83,185.62,221.36,0.21,46.14,222.22,0.21,32.85,0.00,0.00,0.00,219.71,0.19,24.96
222.56,0.84,186.64,222.92,0.21,46.69,221.86,0.22,33.38,0.00,0.00,0.00,218.67,0.19,25.27
221.98,0.84,186.22,223.13,0.21,46.90,221.28,0.22,33.56,0.00,0.00,0.00,221.67,0.19,25.76
221.85,0.83,184.80,218.57,0.21,44.95,221.15,0.21,32.97,0.00,0.00,0.00,221.16,0.19,25.65
223.52,0.84,188.27,224.39,0.21,47.50,222.82,0.22,33.75,0.00,0.00,0.00,220.43,0.19,25.75
221.50,0.83,184.08,218.34,0.20,44.64,220.80,0.21,32.66,0.00,0.00,0.00,221.35,0.19,25.67
224.93,0.83,187.29,221.38,0.21,46.44,224.23,0.22,32.63,0.00,0.00,0.00,218.94,0.19,24.76
222.71,0.83,185.20,220.25,0.21,45.71,222.01,0.21,32.86,0.00,0.00,0.00,219.13,0.19,25.06
223.45,0.83,186.23,221.63,0.21,46.42,222.75,0.22,33.36,0.00,0.00,0.00,220.11,0.18,24.75
223.02,0.84,187.01,223.32,0.21,47.05,222.32,0.22,34.10,0.00,0.00,0.00,220.47,0.19,25.20
222.65,0.83,185.58,220.77,0.21,45.79,221.95,0.21,32.45,0.00,0.00,0.00,219.99,0.19,25.53
222.83,0.83,185.11,220.77,0.21,45.70,222.13,0.22,33.60,0.00,0.00,0.00,217.28,0.19,24.66
223.97,0.83,186.99,220.29,0.21,46.05,223.27,0.22,34.40,0.00,0.00,0.00,219.52,0.19,25.09
234.39,0.83,195.37,221.44,0.21,45.96,233.69,0.22,33.75,0.00,0.00,0.00,220.05,0.19,25.13
223.20,0.84,186.88,224.95,0.21,47.79,222.50,0.22,33.49,0.00,0.00,0.00,220.37,0.19,25.25
224.70,0.83,187.10,222.15,0.21,46.48,224.00,0.22,33.56,0.00,0.00,0.00,217.36,0.19,24.29
224.64,0.84,189.05,224.27,0.21,47.24,223.94,0.22,33.03,0.00,0.00,0.00,220.28,0.19,25.99
220.70,0.84,185.18,220.71,0.21,45.93,220.00,0.22,34.04,0.00,0.00,0.00,219.91,0.19,25.69
219.91,0.83,183.52,220.00,0.21,45.50,219.21,0.22,33.71,0.00,0.00,0.00,218.74,0.19,25.24
221.87,0.83,184.59,220.99,0.21,45.74,221.17,0.21,32.23,0.00,0.00,0.00,219.75,0.19,25.29
223.53,0.83,185.70,220.58,0.21,45.68,222.83,0.21,32.20,0.00,0.00,0.00,220.80,0.19,25.47
224.92,0.83,187.36,222.15,0.21,45.95,224.22,0.21,32.23,0.00,0.00,0.00,220.68,0.19,25.43
224.36,0.83,187.23,221.36,0.21,45.94,223.66,0.22,33.93,0.00,0.00,0.00,218.33,0.19,24.02
222.44,0.83,184.51,221.04,0.21,45.67,221.74,0.21,33.00,0.00,0.00,0.00,219.34,0.19,25.13
223.75,0.84,187.24,222.17,0.21,46.52,223.05,0.22,33.04,0.00,0.00,0.00,219.72,0.19,25.16
221.66,0.83,184.69,220.56,0.21,45.39,220.96,0.22,33.69,0.00,0.00,0.00,218.92,0.19,25.46
222.39,0.84,185.80,221.79,0.21,46.32,221.69,0.22,33.67,0.00,0.00,0.00,219.95,0.19,24.85
223.57,0.83,186.47,221.49,0.21,45.88,222.87,0.21,33.37,0.00,0.00,0.00,219.50,0.19,25.29
223.31,0.83,186.21,220.30,0.21,45.33,222.61,0.22,32.75,0.00,0.00,0.00,221.94,0.19,25.90
219.30,0.84,183.32,221.51,0.21,46.27,218.60,0.22,33.65,0.00,0.00,0.00,219.75,0.19,24.95
222.87,0.83,186.05,219.82,0.21,45.40,222.17,0.22,33.83,0.00,0.00,0.00,222.16,0.19,25.51
220.59,0.83,183.77,221.80,0.21,46.57,219.89,0.21,33.21,0.00,0.00,0.00,220.54,0.19,25.21
223.50,0.83,186.48,222.16,0.21,46.15,222.80,0.22,33.26,0.00,0.00,0.00,219.66,0.19,25.31
220.75,0.84,184.63,221.84,0.21,46.64,220.05,0.21,33.16,0.00,0.00,0.00,219.98,0.19,25.44
222.56,0.84,186.81,222.80,0.21,46.64,221.86,0.22,33.78,0.00,0.00,0.00,219.26,0.19,25.08
222.83,0.84,186.81,222.20,0.21,46.61,222.13,0.22,33.75,0.00,0.00,0.00,219.46,0.19,25.22
223.46,0.83,185.32,219.79,0.21,45.22,222.76,0.21,32.60,0.00,0.00,0.00,218.90,0.19,24.81
221.58,0.83,184.09,219.93,0.21,45.41,220.88,0.21,31.99,0.00,0.00,0.00,221.11,0.19,25.71
223.04,0.83,185.05,219.75,0.20,44.87,222.34,0.21,32.29,0.00,0.00,0.00,219.70,0.19,25.54
225.01,0.83,187.25,220.32,0.21,45.46,224.31,0.21,32.17,0.00,0.00,0.00,218.95,0.19,25.42
223.54,0.84,186.95,221.44,0.21,46.40,222.84,0.22,32.81,0.00,0.00,0.00,219.13,0.19,25.14
222.47,0.84,186.34,222.45,0.21,46.63,221.77,0.22,32.60,0.00,0.00,0.00,222.84,0.19,26.01
222.56,0.84,186.36,229.01,0.21,48.02,221.86,0.22,33.57,0.00,0.00,0.00,219.09,0.19,24.95
221.19,0.83,184.03,222.77,0.21,46.66,220.49,0.22,32.73,0.00,0.00,0.00,219.51,0.18,24.81
222.18,0.84,185.92,222.11,0.21,46.53,221.48,0.22,33.89,0.00,0.00,0.00,219.69,0.19,25.15
223.31,0.84,186.63,221.78,0.21,45.99,222.61,0.22,33.27,0.00,0.00,0.00,221.14,0.19,25.65
221.58,0.84,185.17,220.64,0.21,46.23,220.88,0.22,33.76,0.00,0.00,0.00,219.71,0.19,24.96
221.27,0.84,186.18,222.44,0.21,46.74,220.57,0.22,34.98,0.00,0.00,0.00,220.27,0.19,25.36
224.24,0.83,185.79,219.89,0.21,45.13,223.54,0.21,32.79,0.00,0.00,0.00,218.45,0.19,24.90
222.61,0.83,184.67,219.72,0.21,45.17,221.91,0.21,32.90,0.00,0.00,0.00,219.01,0.19,24.75
222.39,0.84,186.04,223.37,0.21,47.07,221.69,0.21,32.48,0.00,0.00,0.00,220.46,0.19,25.37
221.63,0.84,185.33,222.20,0.21,46.54,220.93,0.22,33.48,0.00,0.00,0.00,220.13,0.19,25.39
224.82,0.84,187.89,221.90,0.21,46.66,224.12,0.22,34.14,0.00,0.00,0.00,218.37,0.19,24.81
222.24,0.83,185.26,220.51,0.21,46.03,221.54,0.22,33.78,0.00,0.00,0.00,218.31,0.19,25.01
224.65,0.83,187.25,219.15,0.21,45.13,223.95,0.21,33.44,0.00,0.00,0.00,219.59,0.19,25.38
222.18,0.84,186.14,221.32,0.21,46.06,221.48,0.22,33.91,0.00,0.00,0.00,221.33,0.19,25.75
220.96,0.83,183.91,221.31,0.21,45.79,220.26,0.21,32.92,0.00,0.00,0.00,220.71,0.19,25.31
222.32,0.84,186.02,221.93,0.21,46.33,221.62,0.22,33.31,0.00,0.00,0.00,220.14,0.19,25.42
222.28,0.84,186.24,223.52,0.21,47.22,221.58,0.22,34.03,0.00,0.00,0.00,215.81,0.19,24.20
221.91,0.84,186.16,221.80,0.21,46.61,221.21,0.22,33.55,0.00,0.00,0.00,219.41,0.19,25.40
217.33,0.84,182.94,223.04,0.21,47.08,216.63,0.22,33.67,0.00,0.00,0.00,219.09,0.19,25.46
221.49,0.84,185.74,220.78,0.21,45.97,220.79,0.22,33.51,0.00,0.00,0.00,220.30,0.19,25.70
221.65,0.84,185.22,222.69,0.21,46.50,220.95,0.22,33.71,0.00,0.00,0.00,219.97,0.19,25.31
223.81,0.84,187.52,223.89,0.21,47.17,223.11,0.22,33.38,0.00,0.00,0.00,220.16,0.19,25.36
222.28,0.84,186.61,223.91,0.21,47.31,221.58,0.22,33.39,0.00,0.00,0.00,221.96,0.19,25.95
222.81,0.83,185.74,221.26,0.21,46.22,222.11,0.21,33.06,0.00,0.00,0.00,217.96,0.19,24.60
223.06,0.83,186.08,221.18,0.21,46.00,222.36,0.22,33.69,0.00,0.00,0.00,219.37,0.19,25.05
223.66,0.83,186.75,220.87,0.21,46.09,222.96,0.21,33.04,0.00,0.00,0.00,221.50,0.19,25.36
225.25,0.83,187.33,222.16,0.21,46.51,224.55,0.21,32.20,0.00,0.00,0.00,217.82,0.19,24.47
223.43,0.84,187.64,222.11,0.21,46.13,222.73,0.22,33.73,0.00,0.00,0.00,219.31,0.19,25.80
221.62,0.84,185.49,221.33,0.21,46.04,220.92,0.22,33.60,0.00,0.00,0.00,221.94,0.19,25.78
224.08,0.84,188.05,221.28,0.21,46.25,223.38,0.22,34.28,0.00,0.00,0.00,220.39,0.19,25.07
223.72,0.84,187.57,224.00,0.21,47.23,223.02,0.22,32.86,0.00,0.00,0.00,219.26,0.19,25.64
220.46,0.83,183.89,221.42,0.21,46.19,219.76,0.21,32.72,0.00,0.00,0.00,218.33,0.19,25.03
222.60,0.84,186.81,221.95,0.21,46.33,221.90,0.22,34.07,0.00,0.00,0.00,220.98,0.19,25.39
219.08,0.83,182.03,219.99,0.21,45.36,218.38,0.21,33.32,0.00,0.00,0.00,220.61,0.19,25.19
223.65,0.84,186.99,222.04,0.21,46.36,222.95,0.22,34.40,0.00,0.00,0.00,218.15,0.19,24.90
219.34,0.83,182.04,220.56,0.21,45.50,218.64,0.21,32.40,0.00,0.00,0.00,218.93,0.19,25.36
220.98,0.84,185.29,218.50,0.21,45.03,220.28,0.21,32.48,0.00,0.00,0.00,222.32,0.20,26.56
222.28,0.84,186.82,222.42,0.21,46.70,221.58,0.22,33.04,0.00,0.00,0.00,220.61,0.19,25.61
221.63,0.83,185.00,222.42,0.21,46.41,220.93,0.21,33.38,0.00,0.00,0.00,216.91,0.19,25.28
223.58,0.84,186.87,218.55,0.21,44.76,222.88,0.22,34.17,0.00,0.00,0.00,219.20,0.19,25.33
219.54,0.84,184.03,221.26,0.21,46.01,218.84,0.22,33.78,0.00,0.00,0.00,220.37,0.19,25.66
223.21,0.84,187.03,221.35,0.21,46.16,222.51,0.22,34.06,0.00,0.00,0.00,221.07,0.19,25.35
222.99,0.83,185.58,220.34,0.21,45.91,222.29,0.21,32.99,0.00,0.00,0.00,220.03,0.19,25.35
223.30,0.84,186.80,221.64,0.21,46.50,222.60,0.22,34.36,0.00,0.00,0.00,221.34,0.19,25.32
221.94,0.83,183.69,220.91,0.21,45.45,221.24,0.21,32.18,0.00,0.00,0.00,219.54,0.19,24.99
221.89,0.84,186.19,223.40,0.21,47.16,221.19,0.22,33.26,0.00,0.00,0.00,218.67,0.19,25.39
223.08,0.83,186.25,220.90,0.21,46.02,222.38,0.22,33.17,0.00,0.00,0.00,218.71,0.19,24.96
223.63,0.83,186.37,221.90,0.21,46.44,222.93,0.21,32.32,0.00,0.00,0.00,219.32,0.19,24.96
221.39,0.83,183.59,218.82,0.21,45.03,220.69,0.21,32.47,0.00,0.00,0.00,216.49,0.19,24.67
222.21,0.84,186.96,222.34,0.21,46.93,221.51,0.22,33.80,0.00,0.00,0.00,221.53,0.19,25.87
222.89,0.84,186.55,223.09,0.21,46.67,222.19,0.22,34.65,0.00,0.00,0.00,220.84,0.19,25.03
222.32,0.83,185.26,220.33,0.21,45.46,221.62,0.21,32.42,0.00,0.00,0.00,220.82,0.19,25.59
223.42,0.84,186.88,222.63,0.21,46.64,222.72,0.22,33.85,0.00,0.00,0.00,219.28,0.19,24.90
222.98,0.84,186.56,221.97,0.21,46.17,222.28,0.22,33.32,0.00,0.00,0.00,221.20,0.19,25.84
221.44,0.83,184.56,218.00,0.21,44.98,220.74,0.22,34.11,0.00,0.00,0.00,219.81,0.19,25.16
220.68,0.84,185.13,222.28,0.21,46.70,219.98,0.22,34.34,0.00,0.00,0.00,219.06,0.19,25.00
222.49,0.84,186.35,222.16,0.21,46.74,221.79,0.22,34.17,0.00,0.00,0.00,220.82,0.19,25.37
220.10,0.84,184.92,221.32,0.21,46.13,219.40,0.22,34.71,0.00,0.00,0.00,220.94,0.19,25.84
221.60,0.84,186.03,222.41,0.21,46.68,220.90,0.22,34.53,0.00,0.00,0.00,221.19,0.19,25.24
221.24,0.84,185.12,221.91,0.21,46.29,220.54,0.22,34.10,0.00,0.00,0.00,219.09,0.19,25.09
224.76,0.84,188.29,222.85,0.21,46.78,224.06,0.22,34.09,0.00,0.00,0.00,220.72,0.19,25.40
221.82,0.84,185.70,221.25,0.21,45.93,221.12,0.22,33.47,0.00,0.00,0.00,220.94,0.19,25.97
222.68,0.84,187.19,222.13,0.21,46.40,221.98,0.22,34.89,0.00,0.00,0.00,219.67,0.19,25.27
221.72,0.84,185.50,221.57,0.21,46.16,221.02,0.21,33.21,0.00,0.00,0.00,221.41,0.19,26.05
223.25,0.84,187.05,221.52,0.21,46.21,222.55,0.22,33.88,0.00,0.00,0.00,219.28,0.19,25.14
222.38,0.84,186.83,223.61,0.21,47.27,221.68,0.22,33.62,0.00,0.00,0.00,219.95,0.19,25.51
221.84,0.84,185.94,226.95,0.21,48.29,221.14,0.22,33.22,0.00,0.00,0.00,220.41,0.19,25.03
223.15,0.83,185.89,220.66,0.21,45.76,222.45,0.21,32.83,0.00,0.00,0.00,220.89,0.19,25.77
222.34,0.83,184.67,221.49,0.21,45.65,221.64,0.22,33.73,0.00,0.00,0.00,220.51,0.18,24.74
220.82,0.84,185.56,223.61,0.21,46.76,220.12,0.22,35.00,0.00,0.00,0.00,219.76,0.19,25.20
224.18,0.83,186.61,221.03,0.21,45.43,223.48,0.22,33.27,0.00,0.00,0.00,221.71,0.19,25.35
221.74,0.84,185.51,222.18,0.21,46.57,221.04,0.22,32.80,0.00,0.00,0.00,220.75,0.19,25.53
226.43,0.84,189.13,220.69,0.21,45.73,225.73,0.22,33.84,0.00,0.00,0.00,219.89,0.19,25.44
222.22,0.84,186.47,222.50,0.21,46.70,221.52,0.22,34.06,0.00,0.00,0.00,220.36,0.19,25.44
225.42,0.84,189.06,223.21,0.21,47.01,224.72,0.22,34.60,0.00,0.00,0.00,220.59,0.19,25.25
223.14,0.83,186.11,223.87,0.21,47.36,222.44,0.21,32.93,0.00,0.00,0.00,220.40,0.19,25.35
222.16,0.83,185.29,221.54,0.21,46.34,221.46,0.21,31.75,0.00,0.00,0.00,219.88,0.19,25.38
223.83,0.83,185.41,218.82,0.21,45.05,223.13,0.22,33.60,0.00,0.00,0.00,218.64,0.18,24.73
221.96,0.83,184.99,221.57,0.21,46.03,221.26,0.21,32.38,0.00,0.00,0.00,220.25,0.19,25.47
224.52,0.83,187.30,222.29,0.21,45.96,223.82,0.22,33.58,0.00,0.00,0.00,218.78,0.19,25.14
222.47,0.83,185.62,218.78,0.21,45.56,221.77,0.22,33.78,0.00,0.00,0.00,221.26,0.19,25.56
225.18,0.84,189.17,225.50,0.21,47.83,224.48,0.22,33.70,0.00,0.00,0.00,220.66,0.19,25.54
222.54,0.84,186.25,222.02,0.21,46.34,221.84,0.22,33.70,0.00,0.00,0.00,219.98,0.19,25.38
224.34,0.84,187.99,223.79,0.21,47.16,223.64,0.22,33.44,0.00,0.00,0.00,220.33,0.19,25.32
223.48,0.84,187.86,222.77,0.21,46.75,222.78,0.22,34.70,0.00,0.00,0.00,219.24,0.19,25.28
221.85,0.84,185.27,219.98,0.21,45.22,221.15,0.22,33.11,0.00,0.00,0.00,220.81,0.19,25.71
223.87,0.84,187.93,222.80,0.21,46.73,223.17,0.22,34.68,0.00,0.00,0.00,218.92,0.19,25.25
222.83,0.83,185.60,221.77,0.21,46.34,222.13,0.21,32.22,0.00,0.00,0.00,219.48,0.19,25.23
224.04,0.84,189.06,223.53,0.21,47.01,223.34,0.22,35.14,0.00,0.00,0.00,221.20,0.19,25.74
221.98,0.83,184.41,221.16,0.21,45.68,221.28,0.21,32.15,0.00,0.00,0.00,217.97,0.19,24.91
224.35,0.84,187.65,220.84,0.21,45.86,223.65,0.22,32.92,0.00,0.00,0.00,221.32,0.19,25.82
222.64,0.83,185.90,221.93,0.21,46.53,221.94,0.21,33.13,0.00,0.00,0.00,219.39,0.19,25.04
221.87,0.84,186.13,224.30,0.21,47.25,221.17,0.22,33.90,0.00,0.00,0.00,219.81,0.19,25.13
223.00,0.84,187.39,222.15,0.21,46.46,222.30,0.22,34.34,0.00,0.00,0.00,220.01,0.19,25.63
222.61,0.84,186.27,221.63,0.21,46.29,221.91,0.22,33.22,0.00,0.00,0.00,220.89,0.19,25.42
223.30,0.83,186.08,221.64,0.21,46.07,222.60,0.21,32.46,0.00,0.00,0.00,219.48,0.19,25.40
222.68,0.83,184.71,220.82,0.21,46.04,221.98,0.22,33.67,0.00,0.00,0.00,217.09,0.18,24.17
226.67,0.83,187.90,219.00,0.21,45.28,225.97,0.21,32.24,0.00,0.00,0.00,220.16,0.19,24.99
221.11,0.83,184.37,219.32,0.21,45.07,220.41,0.21,32.14,0.00,0.00,0.00,219.31,0.19,25.41
223.00,0.84,186.72,225.80,0.21,47.72,222.30,0.22,32.91,0.00,0.00,0.00,219.92,0.19,25.67
221.92,0.83,183.70,219.30,0.21,45.05,221.22,0.21,32.05,0.00,0.00,0.00,218.57,0.19,24.67
221.52,0.83,184.65,220.40,0.21,45.47,220.82,0.21,32.05,0.00,0.00,0.00,219.78,0.19,25.34
223.69,0.83,185.64,221.00,0.21,45.75,222.99,0.22,32.83,0.00,0.00,0.00,219.44,0.18,24.89
227.07,0.84,191.28,224.69,0.21,47.50,226.37,0.22,32.79,0.00,0.00,0.00,219.89,0.19,25.39
222.07,0.84,186.90,224.10,0.21,47.22,221.37,0.22,33.77,0.00,0.00,0.00,220.65,0.19,25.82
220.94,0.83,184.08,221.32,0.21,46.18,220.24,0.22,32.80,0.00,0.00,0.00,217.86,0.19,24.51
223.80,0.84,187.53,225.58,0.21,47.81,223.10,0.22,33.16,0.00,0.00,0.00,216.55,0.19,24.65
222.70,0.84,187.35,224.26,0.21,46.75,222.00,0.22,33.33,0.00,0.00,0.00,221.68,0.19,25.65
221.44,0.83,184.25,219.02,0.20,44.94,220.74,0.21,32.30,0.00,0.00,0.00,219.48,0.19,25.66
219.65,0.83,182.93,219.17,0.21,45.46,218.95,0.21,32.86,0.00,0.00,0.00,220.07,0.19,25.25
222.34,0.83,185.17,220.35,0.21,45.50,221.64,0.22,33.68,0.00,0.00,0.00,219.43,0.19,25.35
220.42,0.83,182.11,218.55,0.20,44.66,219.72,0.22,32.94,0.00,0.00,0.00,217.57,0.18,24.31
222.68,0.83,185.78,223.88,0.21,47.49,221.98,0.21,32.93,0.00,0.00,0.00,220.54,0.19,25.26
228.12,0.83,190.13,219.99,0.21,45.42,227.42,0.21,32.35,0.00,0.00,0.00,219.65,0.19,25.30
223.63,0.84,187.33,222.18,0.21,46.59,222.93,0.22,34.09,0.00,0.00,0.00,219.34,0.19,25.07
224.21,0.84,187.61,223.14,0.21,46.83,223.51,0.22,33.29,0.00,0.00,0.00,219.40,0.19,25.50
221.62,0.84,185.85,222.88,0.21,46.56,220.92,0.22,33.15,0.00,0.00,0.00,220.09,0.19,25.33
224.35,0.83,186.63,220.66,0.21,45.87,223.65,0.21,32.44,0.00,0.00,0.00,219.85,0.19,25.10
221.34,0.84,185.74,220.00,0.21,45.58,220.64,0.22,34.30,0.00,0.00,0.00,219.03,0.19,25.30
220.04,0.83,183.26,221.54,0.21,45.81,219.34,0.21,33.30,0.00,0.00,0.00,220.79,0.19,25.69
223.73,0.84,187.71,222.36,0.21,46.41,223.03,0.22,33.90,0.00,0.00,0.00,221.33,0.19,25.81
218.45,0.83,180.50,218.74,0.20,44.84,217.75,0.21,31.63,0.00,0.00,0.00,219.46,0.19,24.85
223.49,0.83,186.25,219.47,0.21,45.04,222.79,0.22,33.28,0.00,0.00,0.00,221.53,0.19,25.56
221.93,0.84,185.79,221.34,0.21,46.18,221.23,0.22,33.41,0.00,0.00,0.00,219.72,0.19,25.31
222.84,0.83,185.65,219.24,0.21,45.37,222.14,0.21,32.29,0.00,0.00,0.00,219.74,0.19,25.85
221.68,0.84,185.58,222.83,0.21,46.72,220.98,0.22,32.90,0.00,0.00,0.00,217.63,0.19,24.95
220.68,0.83,183.05,219.13,0.21,45.17,219.98,0.21,32.05,0.00,0.00,0.00,219.88,0.19,25.49
224.18,0.84,188.51,221.41,0.21,46.28,223.48,0.22,34.92,0.00,0.00,0.00,219.24,0.19,25.39
218.09,0.83,181.19,220.30,0.21,45.52,217.39,0.21,31.87,0.00,0.00,0.00,218.69,0.19,25.10
222.84,0.84,187.43,222.66,0.21,46.61,222.14,0.22,33.98,0.00,0.00,0.00,221.46,0.19,25.76
221.44,0.84,185.39,220.74,0.21,45.81,220.74,0.22,34.58,0.00,0.00,0.00,219.14,0.19,25.09
219.48,0.84,184.67,223.74,0.21,46.90,218.78,0.22,34.81,0.00,0.00,0.00,221.37,0.19,25.86
220.64,0.84,186.05,222.12,0.21,46.36,219.94,0.22,34.79,0.00,0.00,0.00,219.15,0.19,25.54
218.87,0.84,183.12,220.77,0.21,45.71,218.17,0.22,32.60,0.00,0.00,0.00,220.16,0.19,25.73
222.29,0.84,187.48,222.13,0.21,46.41,221.59,0.22,34.97,0.00,0.00,0.00,220.10,0.19,25.56
221.31,0.84,185.55,220.94,0.21,45.89,220.61,0.22,33.81,0.00,0.00,0.00,219.09,0.19,25.41
223.13,0.83,185.86,224.12,0.21,46.61,222.43,0.22,33.18,0.00,0.00,0.00,220.17,0.19,25.37
220.61,0.84,185.36,220.56,0.21,45.74,219.91,0.22,34.49,0.00,0.00,0.00,219.59,0.19,25.54
220.81,0.84,184.62,223.43,0.21,47.13,220.11,0.22,33.55,0.00,0.00,0.00,219.47,0.19,25.35
218.00,0.83,181.26,220.35,0.21,45.40,217.30,0.21,32.49,0.00,0.00,0.00,220.51,0.19,25.74
223.17,0.84,186.82,220.86,0.21,46.07,222.47,0.22,33.11,0.00,0.00,0.00,220.00,0.19,25.24
222.34,0.83,185.11,221.51,0.21,46.05,221.64,0.21,32.25,0.00,0.00,0.00,220.43,0.19,25.58
222.59,0.83,185.47,221.13,0.21,46.10,221.89,0.22,32.93,0.00,0.00,0.00,219.15,0.19,24.88
222.78,0.83,184.57,219.15,0.21,45.04,222.08,0.21,31.54,0.00,0.00,0.00,220.58,0.19,25.14
221.86,0.84,185.92,220.99,0.21,46.01,221.16,0.22,34.66,0.00,0.00,0.00,220.58,0.19,25.33
221.79,0.84,185.24,219.82,0.21,45.48,221.09,0.22,34.26,0.00,0.00,0.00,218.36,0.19,24.73
221.77,0.84,185.76,223.72,0.21,46.88,221.07,0.22,34.19,0.00,0.00,0.00,220.70,0.19,25.17
222.91,0.84,186.21,222.15,0.21,46.46,222.21,0.22,32.92,0.00,0.00,0.00,217.62,0.19,24.57
221.38,0.84,185.65,222.55,0.21,46.60,220.68,0.22,32.99,0.00,0.00,0.00,220.45,0.19,25.73
224.24,0.83,186.91,219.60,0.21,45.38,223.54,0.22,33.68,0.00,0.00,0.00,219.30,0.19,25.24
221.69,0.83,184.74,220.19,0.21,45.27,220.99,0.21,32.51,0.00,0.00,0.00,218.42,0.19,25.12
221.91,0.84,186.76,223.67,0.21,47.23,221.21,0.22,34.95,0.00,0.00,0.00,219.49,0.19,25.11
221.93,0.83,185.01,221.56,0.21,46.13,221.23,0.22,34.08,0.00,0.00,0.00,218.62,0.19,24.49
221.88,0.84,185.31,222.60,0.21,46.21,221.18,0.21,32.40,0.00,0.00,0.00,221.68,0.19,26.10
223.40,0.84,187.43,221.37,0.21,46.15,222.70,0.22,33.08,0.00,0.00,0.00,219.67,0.19,25.56
223.14,0.83,185.09,221.20,0.21,45.98,222.44,0.21,32.32,0.00,0.00,0.00,219.75,0.19,25.25
219.63,0.84,184.14,221.93,0.21,46.07,218.93,0.22,33.90,0.00,0.00,0.00,220.37,0.19,25.62
219.92,0.84,184.13,221.12,0.21,45.84,219.22,0.22,33.28,0.00,0.00,0.00,218.94,0.19,25.31
221.78,0.84,185.31,220.92,0.21,45.54,221.08,0.22,33.42,0.00,0.00,0.00,219.30,0.19,25.53
221.23,0.83,184.68,221.80,0.21,46.21,220.53,0.22,33.76,0.00,0.00,0.00,219.17,0.19,24.92
220.73,0.85,187.01,223.51,0.21,47.18,220.03,0.22,34.35,0.00,0.00,0.00,222.63,0.20,26.25
223.16,0.83,186.04,219.77,0.21,45.18,222.46,0.21,32.32,0.00,0.00,0.00,219.92,0.19,25.81
221.48,0.84,185.76,224.83,0.21,47.43,220.78,0.22,33.31,0.00,0.00,0.00,220.28,0.19,25.44
223.30,0.83,185.90,221.05,0.21,45.64,222.60,0.21,32.56,0.00,0.00,0.00,220.34,0.19,25.48
221.06,0.83,184.25,221.08,0.21,45.36,220.36,0.21,33.11,0.00,0.00,0.00,219.44,0.19,25.69
221.82,0.84,185.91,223.37,0.21,46.99,221.12,0.22,34.29,0.00,0.00,0.00,219.94,0.19,24.98
221.66,0.84,186.89,222.67,0.21,46.77,220.96,0.22,34.08,0.00,0.00,0.00,221.82,0.19,25.78
223.37,0.84,187.35,223.46,0.21,47.15,222.67,0.21,32.62,0.00,0.00,0.00,220.20,0.19,25.38
222.46,0.83,184.20,220.27,0.21,45.19,221.76,0.21,33.16,0.00,0.00,0.00,218.35,0.19,24.83
223.64,0.84,187.55,222.30,0.21,46.45,222.94,0.22,33.45,0.00,0.00,0.00,221.02,0.19,25.55
223.51,0.83,185.05,219.01,0.20,45.02,222.81,0.21,31.90,0.00,0.00,0.00,220.22,0.19,25.29
222.05,0.84,186.24,223.81,0.21,47.30,221.35,0.22,32.97,0.00,0.00,0.00,221.13,0.19,25.17
222.38,0.83,185.23,221.73,0.21,46.26,221.68,0.21,33.17,0.00,0.00,0.00,218.55,0.19,24.78
222.55,0.84,186.43,222.07,0.21,46.63,221.85,0.22,34.81,0.00,0.00,0.00,218.02,0.19,24.74
220.25,0.83,183.17,219.04,0.21,45.19,219.55,0.21,32.18,0.00,0.00,0.00,220.02,0.19,25.34
222.39,0.84,186.06,221.61,0.21,46.32,221.69,0.21,32.43,0.00,0.00,0.00,219.59,0.19,25.54
221.63,0.84,186.38,221.65,0.21,46.38,220.93,0.22,34.58,0.00,0.00,0.00,218.84,0.19,25.24
222.27,0.84,185.98,223.40,0.21,47.00,221.57,0.22,33.64,0.00,0.00,0.00,218.16,0.19,24.78
222.81,0.83,186.04,220.94,0.21,45.83,222.11,0.22,33.16,0.00,0.00,0.00,219.26,0.19,25.06
222.00,0.84,186.46,223.34,0.21,46.96,221.30,0.22,32.84,0.00,0.00,0.00,221.88,0.19,25.91
223.75,0.83,185.95,219.92,0.21,45.33,223.05,0.21,32.42,0.00,0.00,0.00,219.71,0.19,25.11
221.81,0.84,185.96,223.20,0.21,46.94,221.11,0.22,32.70,0.00,0.00,0.00,219.85,0.19,25.66
222.37,0.84,186.30,223.46,0.21,46.96,221.67,0.22,33.68,0.00,0.00,0.00,220.79,0.19,25.21
221.81,0.84,186.23,224.96,0.21,47.25,221.11,0.22,33.54,0.00,0.00,0.00,220.03,0.19,25.56
222.68,0.83,184.84,219.75,0.21,45.27,221.98,0.21,32.47,0.00,0.00,0.00,218.55,0.19,24.92
219.90,0.84,183.99,223.24,0.21,46.73,219.20,0.22,33.59,0.00,0.00,0.00,220.19,0.19,25.38
222.77,0.84,186.74,222.62,0.21,46.77,222.07,0.22,33.89,0.00,0.00,0.00,220.19,0.19,25.60
221.13,0.83,184.51,221.67,0.21,46.38,220.43,0.22,33.72,0.00,0.00,0.00,219.54,0.19,25.22
223.51,0.84,186.91,223.68,0.21,47.09,222.81,0.22,34.41,0.00,0.00,0.00,219.27,0.19,24.81
221.82,0.84,185.64,221.08,0.21,45.91,221.12,0.22,33.10,0.00,0.00,0.00,219.38,0.19,25.45
221.59,0.83,184.75,221.88,0.21,46.36,220.89,0.22,32.57,0.00,0.00,0.00,221.22,0.19,25.21
222.42,0.83,184.47,219.32,0.21,45.13,221.72,0.21,32.02,0.00,0.00,0.00,220.19,0.19,25.37
219.48,0.83,182.36,221.53,0.21,46.54,218.78,0.21,31.24,0.00,0.00,0.00,220.20,0.19,25.20
223.27,0.84,187.02,222.87,0.21,46.80,222.57,0.22,34.04,0.00,0.00,0.00,220.12,0.19,25.16
219.19,0.83,181.72,219.85,0.21,45.44,218.49,0.21,31.82,0.00,0.00,0.00,219.45,0.19,25.23
222.60,0.84,186.22,222.53,0.21,46.26,221.90,0.22,33.68,0.00,0.00,0.00,220.58,0.19,25.49
220.07,0.84,184.65,222.19,0.21,46.30,219.37,0.22,34.15,0.00,0.00,0.00,219.62,0.19,25.35
222.99,0.83,185.30,220.77,0.21,45.83,222.29,0.21,32.71,0.00,0.00,0.00,221.11,0.19,25.55
222.02,0.84,185.53,220.08,0.21,45.65,221.32,0.22,33.07,0.00,0.00,0.00,218.42,0.19,25.24
221.82,0.83,185.03,220.85,0.21,45.89,221.12,0.22,33.31,0.00,0.00,0.00,218.38,0.19,25.49
220.17,0.83,183.81,221.33,0.21,46.23,219.47,0.22,32.62,0.00,0.00,0.00,220.31,0.19,25.35
224.56,0.83,187.40,221.12,0.21,45.96,223.86,0.22,33.30,0.00,0.00,0.00,219.88,0.19,25.40
224.77,0.84,188.33,222.17,0.21,46.48,224.07,0.22,34.54,0.00,0.00,0.00,218.49,0.19,25.07
223.02,0.83,184.85,219.61,0.20,44.95,222.32,0.21,31.89,0.00,0.00,0.00,218.66,0.19,25.08
221.23,0.83,184.06,219.32,0.21,45.15,220.53,0.21,33.18,0.00,0.00,0.00,218.44,0.19,25.03
223.64,0.83,185.48,220.28,0.21,45.23,222.94,0.21,32.32,0.00,0.00,0.00,220.50,0.19,25.46
221.83,0.83,183.62,218.63,0.21,44.79,221.13,0.21,32.13,0.00,0.00,0.00,219.13,0.19,25.00
224.64,0.83,185.61,217.63,0.20,44.29,223.94,0.21,31.91,0.00,0.00,0.00,220.11,0.19,25.74
220.57,0.84,184.44,221.18,0.21,45.97,219.87,0.22,34.40,0.00,0.00,0.00,219.58,0.19,24.89
223.19,0.83,185.54,220.60,0.21,45.42,222.49,0.21,32.76,0.00,0.00,0.00,219.16,0.19,25.13
219.99,0.83,183.61,223.50,0.21,46.99,219.29,0.22,33.46,0.00,0.00,0.00,218.71,0.19,24.86
221.04,0.84,185.12,221.95,0.21,46.25,220.34,0.22,33.08,0.00,0.00,0.00,218.63,0.19,25.05
222.87,0.84,187.07,223.21,0.21,46.74,222.17,0.22,33.47,0.00,0.00,0.00,220.53,0.19,25.97
223.97,0.84,187.04,223.01,0.21,46.67,223.27,0.21,32.23,0.00,0.00,0.00,220.01,0.19,25.42
219.96,0.83,183.01,221.26,0.21,45.71,219.26,0.21,31.75,0.00,0.00,0.00,219.34,0.19,25.50
223.12,0.84,187.22,222.55,0.21,46.51,222.42,0.22,33.44,0.00,0.00,0.00,219.18,0.19,25.21
221.01,0.84,185.06,222.00,0.21,46.40,220.31,0.21,33.35,0.00,0.00,0.00,218.36,0.19,25.31
223.46,0.83,185.36,220.36,0.21,45.65,222.76,0.21,32.04,0.00,0.00,0.00,218.81,0.19,24.99
220.19,0.83,183.56,220.78,0.21,45.94,219.49,0.22,32.86,0.00,0.00,0.00,217.74,0.19,24.66
221.81,0.84,186.18,222.32,0.21,46.44,221.11,0.22,32.81,0.00,0.00,0.00,220.86,0.19,25.91
223.55,0.84,187.71,223.02,0.21,46.82,222.85,0.22,33.35,0.00,0.00,0.00,220.79,0.19,25.79
220.76,0.83,183.71,221.02,0.21,45.89,220.06,0.21,32.72,0.00,0.00,0.00,219.80,0.19,25.19
224.75,0.84,188.01,221.52,0.21,46.28,224.05,0.22,33.72,0.00,0.00,0.00,219.44,0.19,24.99
220.72,0.83,183.33,220.32,0.21,45.49,220.02,0.21,32.11,0.00,0.00,0.00,218.69,0.19,25.27
221.58,0.83,183.38,218.27,0.20,44.69,220.88,0.21,31.10,0.00,0.00,0.00,220.43,0.19,25.64
223.96,0.83,186.51,218.80,0.20,44.66,223.26,0.21,32.14,0.00,0.00,0.00,219.40,0.19,25.43
220.18,0.84,184.86,222.57,0.21,46.68,219.48,0.22,33.51,0.00,0.00,0.00,219.53,0.19,25.50
223.26,0.83,185.56,220.02,0.21,45.49,222.56,0.21,31.79,0.00,0.00,0.00,219.49,0.19,25.39
222.41,0.84,186.19,220.44,0.21,45.84,221.71,0.22,32.92,0.00,0.00,0.00,218.58,0.19,24.99
221.81,0.84,185.23,221.54,0.21,46.43,221.11,0.22,33.16,0.00,0.00,0.00,219.97,0.19,25.26
223.69,0.84,188.28,221.51,0.21,46.21,222.99,0.22,35.31,0.00,0.00,0.00,220.19,0.19,25.65
222.32,0.83,184.52,220.95,0.21,46.11,221.62,0.21,33.06,0.00,0.00,0.00,217.28,0.18,24.24
228.77,0.84,192.45,224.29,0.21,46.95,228.07,0.22,34.53,0.00,0.00,0.00,220.82,0.19,25.84
221.05,0.83,184.17,218.94,0.20,44.61,220.35,0.21,33.28,0.00,0.00,0.00,220.27,0.19,25.38
220.21,0.83,183.58,220.16,0.21,45.34,219.51,0.21,32.84,0.00,0.00,0.00,219.12,0.19,25.19
225.14,0.83,187.16,219.44,0.21,45.18,224.44,0.21,32.62,0.00,0.00,0.00,219.71,0.19,25.30
220.55,0.84,184.41,224.63,0.21,47.33,219.85,0.22,32.71,0.00,0.00,0.00,219.53,0.19,24.99
222.00,0.84,186.73,222.38,0.21,46.70,221.30,0.22,34.48,0.00,0.00,0.00,221.17,0.19,25.68
222.20,0.83,184.78,219.35,0.21,45.12,221.50,0.22,33.26,0.00,0.00,0.00,215.88,0.19,24.23
220.78,0.84,186.29,223.63,0.21,46.85,220.08,0.22,34.84,0.00,0.00,0.00,221.36,0.19,25.89
223.49,0.84,187.65,221.15,0.21,46.04,222.79,0.22,34.15,0.00,0.00,0.00,220.18,0.19,25.46
222.25,0.83,185.55,222.68,0.21,46.70,221.55,0.22,33.48,0.00,0.00,0.00,218.52,0.19,25.24
219.90,0.84,184.38,225.05,0.21,47.12,219.20,0.22,33.34,0.00,0.00,0.00,220.55,0.19,25.53
220.66,0.83,184.20,220.31,0.21,45.81,219.96,0.22,33.81,0.00,0.00,0.00,220.31,0.19,25.32
223.52,0.84,188.12,223.01,0.21,46.92,222.82,0.22,34.11,0.00,0.00,0.00,219.39,0.19,25.25
224.72,0.84,188.50,221.80,0.21,45.98,224.02,0.22,34.26,0.00,0.00,0.00,218.06,0.19,25.46
222.94,0.83,185.91,220.95,0.21,45.96,222.24,0.22,32.54,0.00,0.00,0.00,219.69,0.19,25.19
223.75,0.84,187.49,223.06,0.21,46.88,223.05,0.22,33.25,0.00,0.00,0.00,219.27,0.19,25.41
222.13,0.84,185.76,220.46,0.21,45.67,221.43,0.22,34.20,0.00,0.00,0.00,217.60,0.19,24.74
222.69,0.84,186.59,223.42,0.21,47.14,221.99,0.21,33.30,0.00,0.00,0.00,219.40,0.19,25.23
224.31,0.84,187.51,219.98,0.21,45.72,223.61,0.21,32.52,0.00,0.00,0.00,222.15,0.19,25.80
222.19,0.83,183.98,219.57,0.21,45.15,221.49,0.21,32.10,0.00,0.00,0.00,219.63,0.19,24.62
222.65,0.83,185.42,221.66,0.21,45.69,221.95,0.21,32.19,0.00,0.00,0.00,219.97,0.19,25.40
223.79,0.84,188.48,222.50,0.21,46.71,223.09,0.22,33.59,0.00,0.00,0.00,219.96,0.19,25.34
221.70,0.83,183.88,218.96,0.20,44.96,221.00,0.22,33.14,0.00,0.00,0.00,221.17,0.19,25.31
222.51,0.83,185.17,219.16,0.20,44.84,221.81,0.22,33.14,0.00,0.00,0.00,219.22,0.19,25.00
224.79,0.83,187.33,221.23,0.21,45.61,224.09,0.21,32.11,0.00,0.00,0.00,219.41,0.19,25.56
223.20,0.84,187.72,222.53,0.21,46.48,222.50,0.22,33.76,0.00,0.00,0.00,220.10,0.19,25.40
224.58,0.84,189.58,223.48,0.21,47.16,223.88,0.22,34.94,0.00,0.00,0.00,221.54,0.19,25.83
224.67,0.84,188.47,221.38,0.21,46.14,223.97,0.22,33.81,0.00,0.00,0.00,221.02,0.19,25.72
221.02,0.84,184.60,220.20,0.21,45.52,220.32,0.21,32.39,0.00,0.00,0.00,219.78,0.19,25.67
224.00,0.84,187.50,222.99,0.21,46.86,223.30,0.22,33.31,0.00,0.00,0.00,218.81,0.19,24.79
224.12,0.84,188.76,224.26,0.21,47.19,223.42,0.22,32.76,0.00,0.00,0.00,220.69,0.19,25.90
224.34,0.84,188.24,223.63,0.21,46.65,223.64,0.22,34.03,0.00,0.00,0.00,223.63,0.19,25.83
220.17,0.84,184.05,222.61,0.21,46.52,219.47,0.22,33.86,0.00,0.00,0.00,219.99,0.19,25.18
224.34,0.84,187.98,222.97,0.21,46.73,223.64,0.22,34.01,0.00,0.00,0.00,220.59,0.19,25.08
222.65,0.83,185.02,219.57,0.20,44.81,221.95,0.21,32.51,0.00,0.00,0.00,220.60,0.19,25.28
221.16,0.84,185.26,221.69,0.21,46.01,220.46,0.22,33.57,0.00,0.00,0.00,221.84,0.19,25.89
220.08,0.84,184.28,222.73,0.21,46.52,219.38,0.22,33.82,0.00,0.00,0.00,219.08,0.19,25.06
223.27,0.84,187.68,224.07,0.21,47.27,222.57,0.22,34.03,0.00,0.00,0.00,221.04,0.19,25.38
224.17,0.83,186.11,219.29,0.21,45.42,223.47,0.21,32.66,0.00,0.00,0.00,219.99,0.19,24.81
222.19,0.84,186.05,222.98,0.21,46.85,221.49,0.22,33.36,0.00,0.00,0.00,221.01,0.19,25.81
222.72,0.84,187.60,222.18,0.21,46.23,222.02,0.22,33.78,0.00,0.00,0.00,225.39,0.19,26.82
221.94,0.83,185.07,221.48,0.21,46.27,221.24,0.22,33.53,0.00,0.00,0.00,220.53,0.19,25.10
223.78,0.83,186.70,222.17,0.21,46.25,223.08,0.22,34.02,0.00,0.00,0.00,220.84,0.19,25.13
221.40,0.83,184.05,220.27,0.21,45.25,220.70,0.21,32.80,0.00,0.00,0.00,219.14,0.19,24.97
223.37,0.84,187.61,225.54,0.21,47.84,222.67,0.22,33.58,0.00,0.00,0.00,221.14,0.19,25.75
222.20,0.83,185.28,219.58,0.21,45.28,221.50,0.21,32.49,0.00,0.00,0.00,220.43,0.19,25.19
221.11,0.83,182.55,220.46,0.21,45.40,220.41,0.21,31.96,0.00,0.00,0.00,220.81,0.18,24.95
223.74,0.84,187.35,222.19,0.21,46.74,223.04,0.22,33.40,0.00,0.00,0.00,219.72,0.19,25.20
221.41,0.84,186.83,223.78,0.21,47.33,220.71,0.22,33.56,0.00,0.00,0.00,221.92,0.19,25.93
223.56,0.84,187.97,225.77,0.21,47.20,222.86,0.22,34.08,0.00,0.00,0.00,220.60,0.19,25.57
221.33,0.84,185.49,222.82,0.21,46.45,220.63,0.22,32.45,0.00,0.00,0.00,219.77,0.19,25.44
221.84,0.83,185.01,221.07,0.21,45.79,221.14,0.22,33.97,0.00,0.00,0.00,221.18,0.19,25.61
222.88,0.83,186.10,222.91,0.21,46.62,222.18,0.22,33.54,0.00,0.00,0.00,219.71,0.19,25.11
222.77,0.84,186.20,221.98,0.21,46.33,222.07,0.22,33.47,0.00,0.00,0.00,220.37,0.19,25.47
224.32,0.84,188.01,221.96,0.21,46.63,223.62,0.22,33.91,0.00,0.00,0.00,222.39,0.19,25.54
219.18,0.83,182.10,221.05,0.21,45.63,218.48,0.21,32.42,0.00,0.00,0.00,220.00,0.19,25.09
225.88,0.84,190.83,223.97,0.21,47.05,225.18,0.22,35.06,0.00,0.00,0.00,220.94,0.19,25.91
222.56,0.83,184.27,219.83,0.21,45.11,221.86,0.21,32.80,0.00,0.00,0.00,218.42,0.19,24.42
223.43,0.84,187.31,226.21,0.21,48.13,222.73,0.22,33.29,0.00,0.00,0.00,226.56,0.19,25.82
222.46,0.83,184.68,220.22,0.21,45.32,221.76,0.21,32.63,0.00,0.00,0.00,218.52,0.19,24.88
221.96,0.84,186.66,222.87,0.21,46.71,221.26,0.22,33.28,0.00,0.00,0.00,219.12,0.19,25.26
222.79,0.84,186.64,219.90,0.21,45.14,222.09,0.21,32.05,0.00,0.00,0.00,221.38,0.20,25.99
223.81,0.84,189.01,224.22,0.21,46.87,223.11,0.22,33.36,0.00,0.00,0.00,219.06,0.20,25.47
223.78,0.85,189.25,222.93,0.21,46.59,223.08,0.22,34.38,0.00,0.00,0.00,219.20,0.20,25.09
222.28,0.84,186.35,221.27,0.21,45.66,221.58,0.22,33.70,0.00,0.00,0.00,220.65,0.19,25.14
222.01,0.84,185.66,222.16,0.21,46.51,221.31,0.21,33.34,0.00,0.00,0.00,220.77,0.19,24.69
222.04,0.84,186.87,223.84,0.21,47.14,221.34,0.22,34.29,0.00,0.00,0.00,221.74,0.19,25.21
224.69,0.84,187.97,222.44,0.21,46.52,223.99,0.21,32.20,0.00,0.00,0.00,220.69,0.19,25.07
222.21,0.85,188.26,223.28,0.21,46.95,221.51,0.22,34.45,0.00,0.00,0.00,221.81,0.20,26.03
220.57,0.83,184.05,221.21,0.21,45.69,219.87,0.21,32.84,0.00,0.00,0.00,220.95,0.19,25.05
222.21,0.83,184.50,219.06,0.20,44.82,221.51,0.21,31.65,0.00,0.00,0.00,220.69,0.19,25.21
224.95,0.84,189.02,220.23,0.21,45.92,224.25,0.22,34.15,0.00,0.00,0.00,220.97,0.19,25.11
222.72,0.84,186.90,222.57,0.21,46.37,222.02,0.22,32.80,0.00,0.00,0.00,221.36,0.19,25.52
224.69,0.84,189.38,223.06,0.21,46.77,223.99,0.22,32.78,0.00,0.00,0.00,219.50,0.19,25.24
222.30,0.84,186.41,222.25,0.21,46.32,221.60,0.21,32.15,0.00,0.00,0.00,220.40,0.19,25.50
223.63,0.84,187.52,222.11,0.21,46.48,222.93,0.22,33.57,0.00,0.00,0.00,219.39,0.19,24.93
220.78,0.83,184.16,221.15,0.21,45.78,220.08,0.22,33.25,0.00,0.00,0.00,219.17,0.19,24.93
222.97,0.84,187.86,225.84,0.21,47.53,222.27,0.22,33.34,0.00,0.00,0.00,220.73,0.19,25.30
220.53,0.84,185.63,222.28,0.21,46.62,219.83,0.22,33.98,0.00,0.00,0.00,220.83,0.19,25.44
223.56,0.84,188.50,221.47,0.21,45.72,222.86,0.22,34.03,0.00,0.00,0.00,220.63,0.20,25.80
221.72,0.84,186.67,222.72,0.21,46.60,221.02,0.22,34.13,0.00,0.00,0.00,221.57,0.19,25.55
222.49,0.85,188.11,222.72,0.21,46.66,221.79,0.22,33.55,0.00,0.00,0.00,220.28,0.20,25.68
223.56,0.84,188.31,222.04,0.21,46.49,222.86,0.22,33.37,0.00,0.00,0.00,221.54,0.19,25.55
223.46,0.83,186.28,219.41,0.21,45.12,222.76,0.21,32.35,0.00,0.00,0.00,221.07,0.19,25.53
220.98,0.83,183.73,222.28,0.21,46.45,220.28,0.21,32.15,0.00,0.00,0.00,219.24,0.19,24.71
220.28,0.84,184.43,221.43,0.21,46.03,219.58,0.22,33.08,0.00,0.00,0.00,221.58,0.19,25.35
222.64,0.84,187.07,222.15,0.21,46.67,221.94,0.21,32.28,0.00,0.00,0.00,219.81,0.19,25.51
221.91,0.84,187.32,226.98,0.21,47.46,221.21,0.22,33.35,0.00,0.00,0.00,220.26,0.19,25.37
222.99,0.84,187.21,221.35,0.21,46.51,222.29,0.22,33.82,0.00,0.00,0.00,221.62,0.19,25.45
222.18,0.83,184.90,217.79,0.21,44.96,221.48,0.21,33.08,0.00,0.00,0.00,219.73,0.19,25.28
223.13,0.83,186.18,221.08,0.21,46.01,222.43,0.22,33.97,0.00,0.00,0.00,219.85,0.19,24.87
221.47,0.83,183.99,220.48,0.21,45.48,220.77,0.21,33.17,0.00,0.00,0.00,220.65,0.19,25.35
222.14,0.84,187.12,223.07,0.21,46.71,221.44,0.22,35.06,0.00,0.00,0.00,221.01,0.19,25.43
222.95,0.83,184.75,218.74,0.21,44.97,222.25,0.21,31.71,0.00,0.00,0.00,219.49,0.19,25.33
223.46,0.84,187.71,222.72,0.21,46.81,222.76,0.22,33.73,0.00,0.00,0.00,225.02,0.19,26.41
222.20,0.84,185.65,220.43,0.21,45.77,221.50,0.22,33.62,0.00,0.00,0.00,218.68,0.19,25.07
220.39,0.83,182.60,217.90,0.20,44.57,219.69,0.21,32.22,0.00,0.00,0.00,219.44,0.19,25.21
224.70,0.83,187.44,220.64,0.21,45.50,224.00,0.21,32.72,0.00,0.00,0.00,220.73,0.19,25.47
222.40,0.84,186.66,221.11,0.21,45.98,221.70,0.22,33.30,0.00,0.00,0.00,222.42,0.19,25.77
224.42,0.83,187.32,221.83,0.21,46.29,223.72,0.22,34.07,0.00,0.00,0.00,219.17,0.19,24.75
222.32,0.83,184.49,219.27,0.21,45.13,221.62,0.21,31.85,0.00,0.00,0.00,220.15,0.19,25.47
223.73,0.84,187.26,223.94,0.21,47.24,223.03,0.22,34.04,0.00,0.00,0.00,218.36,0.19,24.80
221.67,0.83,185.02,223.80,0.21,46.84,220.97,0.22,33.07,0.00,0.00,0.00,219.31,0.19,24.65
223.53,0.84,187.23,222.62,0.21,46.61,222.83,0.22,32.73,0.00,0.00,0.00,220.95,0.19,25.49
222.23,0.83,184.69,220.70,0.21,45.63,221.53,0.21,32.69,0.00,0.00,0.00,219.60,0.19,25.08
222.17,0.83,184.80,220.86,0.21,45.61,221.47,0.21,32.59,0.00,0.00,0.00,217.65,0.19,24.74
223.57,0.84,187.29,223.04,0.21,46.67,222.87,0.22,33.21,0.00,0.00,0.00,218.25,0.19,25.07
220.47,0.83,183.69,220.08,0.21,45.28,219.77,0.22,33.71,0.00,0.00,0.00,219.48,0.19,25.38
224.38,0.84,188.60,222.22,0.21,46.66,223.68,0.22,33.12,0.00,0.00,0.00,221.34,0.19,25.81
224.48,0.83,185.96,218.61,0.21,45.01,223.78,0.21,32.25,0.00,0.00,0.00,219.20,0.19,24.96
224.18,0.83,186.33,220.15,0.21,45.39,223.48,0.21,31.94,0.00,0.00,0.00,221.07,0.19,25.65
223.43,0.83,186.38,223.11,0.21,46.73,222.73,0.22,33.30,0.00,0.00,0.00,219.30,0.19,24.91
222.51,0.83,184.91,221.89,0.21,46.41,221.81,0.21,31.26,0.00,0.00,0.00,220.27,0.19,25.20
224.18,0.83,186.51,220.71,0.21,45.57,223.48,0.21,32.40,0.00,0.00,0.00,220.59,0.19,25.22
219.71,0.83,181.67,217.88,0.20,44.55,219.01,0.21,32.06,0.00,0.00,0.00,220.50,0.19,25.50
221.22,0.83,184.35,222.74,0.21,46.69,220.52,0.21,31.88,0.00,0.00,0.00,219.12,0.19,25.02
223.78,0.84,187.45,221.39,0.21,46.08,223.08,0.22,33.07,0.00,0.00,0.00,220.65,0.19,25.63
222.31,0.84,185.99,222.75,0.21,46.59,221.61,0.22,33.96,0.00,0.00,0.00,219.54,0.19,25.17
222.50,0.83,184.62,221.84,0.21,46.04,221.80,0.21,32.70,0.00,0.00,0.00,219.40,0.18,25.03
220.59,0.83,183.91,220.49,0.21,45.86,219.89,0.22,32.51,0.00,0.00,0.00,220.65,0.19,25.18
223.54,0.84,187.54,223.19,0.21,46.85,222.84,0.21,33.00,0.00,0.00,0.00,222.22,0.19,25.78
222.67,0.83,185.61,221.99,0.21,46.28,221.97,0.22,32.81,0.00,0.00,0.00,219.53,0.19,24.71
221.72,0.84,186.36,224.93,0.21,47.18,221.02,0.22,33.28,0.00,0.00,0.00,220.38,0.19,25.74
222.41,0.83,184.75,219.69,0.21,45.16,221.71,0.21,32.30,0.00,0.00,0.00,221.64,0.19,25.77
223.15,0.83,186.28,223.75,0.21,47.11,222.45,0.21,32.00,0.00,0.00,0.00,220.30,0.19,25.18
223.18,0.85,188.93,224.44,0.21,47.38,222.48,0.22,35.44,0.00,0.00,0.00,220.10,0.19,25.58
222.33,0.83,184.39,219.60,0.21,45.25,221.63,0.21,32.81,0.00,0.00,0.00,220.45,0.19,24.91
220.75,0.83,183.95,220.15,0.21,45.27,220.05,0.22,32.75,0.00,0.00,0.00,220.09,0.19,25.24
223.95,0.83,185.02,220.56,0.21,45.52,223.25,0.21,31.68,0.00,0.00,0.00,218.94,0.19,24.59
223.80,0.83,186.69,221.94,0.21,45.89,223.10,0.22,33.43,0.00,0.00,0.00,221.53,0.19,25.47
220.63,0.83,183.75,222.62,0.21,46.66,219.93,0.21,33.30,0.00,0.00,0.00,221.06,0.19,25.15
223.11,0.84,186.63,219.55,0.21,45.51,222.41,0.22,33.78,0.00,0.00,0.00,221.20,0.19,25.69
221.53,0.83,183.04,219.09,0.20,44.67,220.83,0.21,32.36,0.00,0.00,0.00,215.73,0.19,24.42
217.64,0.84,182.61,222.59,0.21,46.41,216.94,0.22,33.52,0.00,0.00,0.00,216.63,0.19,25.40
218.92,0.83,181.86,220.94,0.21,45.83,218.22,0.21,31.79,0.00,0.00,0.00,217.99,0.19,25.05
219.32,0.83,181.42,215.07,0.20,43.80,218.62,0.21,30.53,0.00,0.00,0.00,218.50,0.19,25.96
221.14,0.83,183.77,219.98,0.21,45.38,220.44,0.21,33.12,0.00,0.00,0.00,212.80,0.19,24.26
221.00,0.83,184.08,219.66,0.21,45.58,220.30,0.21,32.83,0.00,0.00,0.00,217.85,0.19,25.14
218.41,0.83,181.00,217.20,0.20,44.14,217.71,0.21,31.48,0.00,0.00,0.00,217.49,0.19,25.47
220.59,0.83,182.82,216.91,0.20,43.93,219.89,0.21,32.15,0.00,0.00,0.00,216.40,0.19,24.76
220.65,0.83,184.22,220.64,0.21,45.90,219.95,0.21,32.51,0.00,0.00,0.00,217.95,0.19,25.66
220.65,0.84,185.26,223.61,0.21,46.71,219.95,0.21,32.34,0.00,0.00,0.00,216.98,0.19,25.71
220.18,0.83,183.37,221.02,0.21,45.82,219.48,0.21,31.43,0.00,0.00,0.00,218.83,0.19,26.15
220.20,0.84,184.23,220.29,0.21,45.52,219.50,0.22,33.69,0.00,0.00,0.00,218.32,0.19,25.58
219.82,0.83,182.47,219.12,0.21,45.44,219.12,0.21,32.76,0.00,0.00,0.00,217.80,0.19,24.91
222.75,0.83,184.56,217.70,0.20,44.54,222.05,0.21,31.49,0.00,0.00,0.00,218.26,0.19,25.37
218.10,0.83,181.74,220.73,0.21,45.67,217.40,0.21,31.71,0.00,0.00,0.00,216.09,0.19,25.24
222.40,0.83,185.55,220.95,0.21,45.88,221.70,0.21,32.36,0.00,0.00,0.00,218.58,0.19,25.47
219.85,0.83,182.92,219.91,0.21,45.33,219.15,0.21,31.65,0.00,0.00,0.00,218.67,0.19,25.85
221.27,0.83,184.25,218.49,0.21,45.09,220.57,0.22,34.19,0.00,0.00,0.00,216.40,0.19,24.62
223.51,0.83,185.84,217.16,0.20,44.27,222.81,0.21,32.69,0.00,0.00,0.00,216.32,0.19,25.15
220.07,0.83,183.69,221.14,0.21,46.16,219.37,0.21,32.96,0.00,0.00,0.00,217.78,0.19,25.38
218.77,0.83,181.51,219.94,0.21,45.27,218.07,0.21,31.69,0.00,0.00,0.00,216.30,0.19,24.97
220.61,0.83,184.02,221.17,0.21,45.99,219.91,0.21,31.66,0.00,0.00,0.00,217.74,0.19,25.65
218.93,0.83,182.04,216.40,0.21,44.44,218.23,0.21,31.74,0.00,0.00,0.00,217.27,0.19,25.07
220.15,0.83,182.64,217.91,0.20,44.65,219.45,0.21,33.25,0.00,0.00,0.00,216.54,0.19,24.98
219.44,0.83,182.11,218.02,0.21,44.84,218.74,0.21,31.55,0.00,0.00,0.00,215.28,0.19,24.87
220.17,0.83,183.69,221.10,0.21,45.99,219.47,0.21,31.68,0.00,0.00,0.00,219.44,0.19,25.73
220.22,0.83,182.98,217.51,0.21,44.65,219.52,0.21,31.37,0.00,0.00,0.00,217.04,0.19,25.14
221.39,0.84,185.27,220.40,0.21,45.87,220.69,0.22,33.48,0.00,0.00,0.00,218.98,0.19,25.81
219.88,0.82,180.21,215.48,0.20,43.49,219.18,0.21,30.64,0.00,0.00,0.00,212.13,0.19,24.07
220.45,0.84,184.46,221.75,0.21,46.16,219.75,0.21,32.31,0.00,0.00,0.00,217.49,0.19,25.62
219.32,0.83,182.93,217.77,0.20,44.68,218.62,0.21,33.15,0.00,0.00,0.00,216.79,0.19,25.32
222.05,0.84,186.33,221.28,0.21,45.88,221.35,0.22,33.96,0.00,0.00,0.00,218.44,0.19,25.37
222.25,0.83,185.53,216.40,0.21,44.44,221.55,0.21,33.01,0.00,0.00,0.00,217.32,0.19,25.53
219.57,0.83,181.67,219.13,0.20,44.93,218.87,0.21,32.71,0.00,0.00,0.00,217.81,0.19,25.10
218.88,0.83,181.98,219.85,0.21,45.60,218.18,0.21,32.25,0.00,0.00,0.00,217.56,0.19,25.37
221.25,0.84,185.02,220.33,0.21,45.45,220.55,0.22,33.83,0.00,0.00,0.00,218.81,0.19,25.41
220.67,0.82,181.92,215.87,0.20,43.65,219.97,0.21,30.92,0.00,0.00,0.00,217.38,0.19,25.40
221.58,0.83,184.42,221.97,0.21,46.10,220.88,0.21,32.06,0.00,0.00,0.00,218.01,0.19,25.13
218.86,0.83,182.73,218.63,0.21,45.23,218.16,0.21,32.54,0.00,0.00,0.00,217.05,0.19,25.57
219.78,0.84,183.84,216.62,0.20,44.22,219.08,0.21,32.84,0.00,0.00,0.00,221.89,0.20,26.56
219.50,0.83,182.63,218.98,0.21,45.31,218.80,0.21,32.37,0.00,0.00,0.00,219.91,0.19,25.71
221.02,0.84,184.68,222.26,0.21,46.20,220.32,0.22,32.97,0.00,0.00,0.00,217.09,0.19,25.04
218.32,0.83,181.83,222.79,0.21,46.60,217.62,0.21,30.36,0.00,0.00,0.00,215.68,0.19,25.36
220.96,0.83,183.13,216.61,0.20,44.26,220.26,0.21,31.73,0.00,0.00,0.00,217.68,0.19,25.17
224.89,0.84,188.11,219.23,0.21,45.14,224.19,0.22,33.64,0.00,0.00,0.00,218.20,0.19,25.52
222.03,0.84,185.59,219.93,0.21,45.68,221.33,0.21,33.29,0.00,0.00,0.00,216.91,0.19,25.24
218.10,0.83,180.80,219.12,0.21,45.34,217.40,0.21,32.74,0.00,0.00,0.00,214.34,0.19,24.20
220.06,0.83,182.79,218.14,0.21,44.65,219.36,0.21,31.94,0.00,0.00,0.00,217.19,0.19,25.01
219.63,0.84,183.85,221.19,0.21,45.96,218.93,0.21,31.43,0.00,0.00,0.00,218.07,0.19,25.91
219.54,0.84,183.85,218.64,0.21,44.82,218.84,0.21,31.68,0.00,0.00,0.00,215.93,0.20,25.50
217.62,0.84,183.62,219.93,0.21,45.67,216.92,0.22,33.54,0.00,0.00,0.00,219.10,0.20,26.05
218.14,0.83,182.07,219.48,0.21,45.15,217.44,0.21,33.29,0.00,0.00,0.00,220.12,0.19,24.44
220.47,0.83,183.32,217.77,0.20,44.56,219.77,0.21,31.07,0.00,0.00,0.00,217.78,0.20,25.53
219.42,0.83,182.58,217.98,0.21,44.78,218.72,0.21,30.98,0.00,0.00,0.00,212.26,0.19,24.45
221.05,0.83,183.70,217.63,0.20,44.46,220.35,0.21,31.71,0.00,0.00,0.00,215.90,0.19,25.22
219.88,0.84,183.96,219.74,0.21,45.18,219.18,0.21,33.00,0.00,0.00,0.00,218.99,0.19,25.29
220.65,0.83,182.95,215.21,0.20,43.49,219.95,0.21,33.03,0.00,0.00,0.00,216.66,0.19,24.94
218.64,0.84,183.76,221.11,0.21,45.95,217.94,0.21,32.66,0.00,0.00,0.00,218.91,0.20,25.99
219.74,0.84,183.78,220.90,0.21,45.66,219.04,0.21,32.80,0.00,0.00,0.00,215.73,0.19,24.89
220.33,0.84,184.74,219.70,0.21,45.62,219.63,0.21,31.98,0.00,0.00,0.00,217.52,0.20,25.29
218.62,0.83,182.36,216.84,0.20,44.22,217.92,0.21,32.11,0.00,0.00,0.00,216.05,0.20,25.47
219.65,0.83,181.57,216.87,0.20,44.13,218.95,0.21,32.49,0.00,0.00,0.00,214.99,0.19,24.02
219.00,0.84,184.14,219.44,0.21,45.37,218.30,0.21,32.00,0.00,0.00,0.00,218.35,0.20,26.14
220.47,0.84,184.15,218.78,0.20,44.75,219.77,0.21,31.74,0.00,0.00,0.00,216.92,0.20,25.73
218.58,0.84,183.96,223.74,0.21,46.97,217.88,0.21,32.07,0.00,0.00,0.00,217.09,0.20,25.43
220.21,0.84,184.08,217.82,0.20,44.62,219.51,0.21,32.97,0.00,0.00,0.00,217.35,0.20,25.43
217.21,0.83,180.93,220.22,0.21,45.55,216.51,0.22,33.53,0.00,0.00,0.00,215.48,0.19,24.53
220.10,0.83,182.24,217.96,0.21,44.75,219.40,0.21,31.39,0.00,0.00,0.00,215.70,0.19,24.82
219.75,0.84,184.00,218.68,0.21,45.04,219.05,0.21,31.73,0.00,0.00,0.00,219.48,0.20,26.54
220.06,0.82,180.95,214.88,0.20,43.22,219.36,0.21,31.15,0.00,0.00,0.00,214.54,0.19,24.64
218.19,0.83,180.88,217.89,0.20,44.48,217.49,0.21,31.41,0.00,0.00,0.00,215.74,0.19,25.17
223.58,0.84,187.45,220.11,0.21,45.25,222.88,0.21,33.31,0.00,0.00,0.00,217.07,0.20,25.37
220.49,0.83,182.74,217.91,0.20,44.44,219.79,0.21,31.68,0.00,0.00,0.00,217.97,0.19,24.94
220.24,0.84,184.21,220.40,0.21,45.87,219.54,0.21,32.11,0.00,0.00,0.00,217.32,0.19,25.42
219.74,0.83,181.49,217.14,0.20,44.31,219.04,0.21,30.76,0.00,0.00,0.00,216.24,0.19,25.28
220.20,0.83,182.72,217.71,0.20,44.37,219.50,0.21,33.49,0.00,0.00,0.00,217.52,0.19,25.54
218.72,0.83,181.13,218.35,0.20,44.31,218.02,0.21,31.05,0.00,0.00,0.00,216.79,0.19,25.63
220.56,0.84,184.28,219.61,0.21,45.22,219.86,0.21,32.99,0.00,0.00,0.00,216.40,0.19,25.41
218.98,0.83,182.75,219.92,0.21,45.59,218.28,0.21,32.96,0.00,0.00,0.00,218.76,0.19,25.32
218.57,0.84,183.19,221.73,0.21,46.09,217.87,0.21,32.32,0.00,0.00,0.00,216.55,0.19,25.44
216.94,0.83,180.18,218.42,0.20,44.49,216.24,0.21,33.39,0.00,0.00,0.00,215.31,0.19,24.61
220.06,0.83,182.20,216.71,0.20,44.26,219.36,0.21,31.43,0.00,0.00,0.00,218.14,0.19,25.29
221.84,0.84,185.90,221.03,0.21,45.86,221.14,0.21,32.68,0.00,0.00,0.00,218.49,0.19,25.98
216.38,0.83,179.67,218.33,0.21,44.83,215.68,0.21,32.78,0.00,0.00,0.00,214.99,0.19,24.30
219.38,0.84,183.54,220.11,0.21,45.57,218.68,0.21,31.86,0.00,0.00,0.00,217.30,0.19,25.36
219.55,0.83,182.27,218.48,0.20,44.74,218.85,0.21,31.72,0.00,0.00,0.00,218.23,0.19,26.04
221.09,0.83,184.04,220.69,0.21,45.80,220.39,0.21,31.44,0.00,0.00,0.00,216.84,0.19,24.99
222.43,0.83,184.32,218.78,0.21,45.07,221.73,0.21,32.69,0.00,0.00,0.00,214.69,0.19,24.04
221.26,0.83,182.95,218.38,0.21,44.80,220.56,0.21,31.22,0.00,0.00,0.00,216.47,0.19,24.50
220.78,0.83,183.00,216.42,0.20,44.01,220.08,0.21,32.90,0.00,0.00,0.00,212.79,0.19,24.23
221.00,0.83,183.75,219.21,0.21,45.18,220.30,0.21,31.14,0.00,0.00,0.00,213.86,0.19,24.81
219.66,0.84,183.75,217.05,0.20,44.30,218.96,0.21,32.96,0.00,0.00,0.00,218.13,0.20,26.09
218.09,0.83,180.35,217.21,0.20,44.13,217.39,0.21,31.89,0.00,0.00,0.00,217.26,0.19,25.31
220.43,0.83,182.38,218.02,0.20,44.21,219.73,0.21,32.23,0.00,0.00,0.00,217.30,0.19,24.81
219.72,0.83,182.00,215.96,0.20,43.75,219.02,0.21,32.16,0.00,0.00,0.00,217.67,0.19,25.29
218.19,0.82,179.48,215.68,0.20,43.49,217.49,0.21,31.09,0.00,0.00,0.00,216.34,0.19,24.70
223.74,0.84,187.13,220.96,0.21,46.00,223.04,0.21,32.72,0.00,0.00,0.00,217.84,0.19,25.42
220.08,0.84,183.90,218.97,0.21,45.07,219.38,0.21,32.91,0.00,0.00,0.00,217.18,0.19,25.34
220.41,0.83,183.87,222.10,0.21,46.21,219.71,0.21,33.22,0.00,0.00,0.00,216.66,0.19,24.91
219.37,0.83,182.62,220.37,0.21,45.71,218.67,0.21,31.50,0.00,0.00,0.00,216.60,0.19,25.00
219.55,0.83,182.20,219.39,0.21,45.16,218.85,0.21,31.45,0.00,0.00,0.00,216.05,0.19,25.14
216.16,0.83,180.07,217.57,0.20,44.20,215.46,0.21,32.61,0.00,0.00,0.00,218.28,0.20,26.15
222.03,0.83,184.66,219.31,0.21,45.42,221.33,0.21,31.71,0.00,0.00,0.00,216.88,0.19,25.04
220.24,0.83,182.93,218.14,0.20,44.46,219.54,0.21,32.46,0.00,0.00,0.00,217.37,0.19,25.08
219.67,0.83,182.83,217.67,0.20,44.34,218.97,0.21,32.21,0.00,0.00,0.00,217.32,0.19,26.31
218.56,0.83,182.46,220.08,0.21,45.55,217.86,0.21,32.83,0.00,0.00,0.00,219.15,0.19,25.66
220.11,0.83,183.67,219.55,0.21,45.45,219.41,0.21,32.35,0.00,0.00,0.00,215.66,0.19,24.87
225.17,0.83,187.95,218.84,0.20,44.65,224.47,0.21,32.63,0.00,0.00,0.00,218.73,0.20,25.96
220.04,0.83,183.48,220.26,0.21,45.59,219.34,0.21,33.13,0.00,0.00,0.00,217.40,0.19,24.79
219.47,0.83,182.33,218.66,0.21,44.95,218.77,0.21,31.88,0.00,0.00,0.00,220.53,0.19,26.05
220.30,0.83,183.12,218.73,0.21,44.91,219.60,0.21,31.95,0.00,0.00,0.00,216.83,0.19,25.15
220.87,0.83,183.75,219.59,0.21,45.34,220.17,0.21,33.21,0.00,0.00,0.00,215.94,0.19,24.86
224.24,0.83,186.46,216.34,0.20,43.95,223.54,0.21,31.98,0.00,0.00,0.00,217.53,0.20,25.75
221.46,0.83,183.39,217.56,0.20,43.94,220.76,0.21,32.50,0.00,0.00,0.00,216.51,0.19,25.13
221.35,0.83,184.36,215.55,0.20,43.69,220.65,0.21,32.46,0.00,0.00,0.00,216.28,0.19,25.31
222.13,0.83,183.30,218.30,0.20,44.54,221.43,0.21,32.43,0.00,0.00,0.00,214.58,0.19,24.07
219.86,0.83,183.38,220.72,0.21,45.62,219.16,0.21,31.89,0.00,0.00,0.00,218.07,0.19,25.44
219.35,0.83,181.80,219.76,0.21,45.33,218.65,0.21,32.35,0.00,0.00,0.00,218.40,0.19,25.14
219.47,0.84,183.68,220.22,0.21,45.75,218.77,0.21,32.29,0.00,0.00,0.00,218.01,0.20,25.89
221.11,0.83,184.33,217.39,0.20,44.59,220.41,0.21,32.61,0.00,0.00,0.00,217.36,0.19,25.39
218.96,0.84,182.91,221.85,0.21,46.03,218.26,0.21,32.11,0.00,0.00,0.00,218.28,0.19,25.88
219.54,0.83,182.85,218.77,0.21,44.90,218.84,0.21,33.15,0.00,0.00,0.00,216.95,0.19,25.18
220.13,0.83,182.30,217.68,0.20,44.33,219.43,0.21,32.37,0.00,0.00,0.00,214.40,0.19,24.82
221.61,0.84,185.15,220.21,0.21,45.47,220.91,0.21,31.97,0.00,0.00,0.00,218.15,0.19,25.68
220.71,0.83,183.03,216.45,0.20,44.29,220.01,0.21,31.14,0.00,0.00,0.00,216.92,0.19,25.35
216.77,0.83,179.76,217.56,0.20,44.44,216.07,0.21,31.40,0.00,0.00,0.00,217.24,0.19,25.36
219.50,0.83,182.32,219.14,0.21,45.23,218.80,0.21,31.59,0.00,0.00,0.00,215.33,0.19,24.87
221.44,0.83,183.66,216.90,0.20,44.13,220.74,0.21,31.56,0.00,0.00,0.00,218.10,0.19,25.43
220.55,0.83,182.62,218.14,0.20,44.59,219.85,0.21,32.46,0.00,0.00,0.00,214.11,0.19,23.73
224.24,0.84,188.64,220.88,0.21,46.10,223.54,0.22,34.48,0.00,0.00,0.00,217.76,0.19,25.16
218.60,0.84,182.84,218.54,0.21,45.25,217.90,0.21,31.96,0.00,0.00,0.00,216.29,0.20,25.38
224.49,0.84,188.05,218.77,0.21,45.42,223.79,0.22,33.41,0.00,0.00,0.00,217.87,0.19,25.24
220.70,0.83,184.00,218.09,0.21,44.79,220.00,0.21,32.37,0.00,0.00,0.00,217.52,0.19,25.68
216.28,0.83,179.55,216.80,0.20,44.20,215.58,0.21,31.75,0.00,0.00,0.00,217.55,0.19,25.49
219.80,0.83,183.30,217.80,0.21,44.74,219.10,0.21,30.89,0.00,0.00,0.00,220.27,0.20,26.16
220.59,0.84,184.20,220.88,0.21,45.86,219.89,0.21,32.11,0.00,0.00,0.00,215.55,0.19,24.77
219.14,0.83,182.04,218.26,0.20,44.63,218.44,0.21,31.85,0.00,0.00,0.00,215.57,0.19,25.31
220.28,0.83,183.63,221.35,0.21,46.04,219.58,0.21,31.47,0.00,0.00,0.00,217.88,0.19,25.36
225.45,0.84,188.92,220.71,0.21,45.79,224.75,0.21,31.50,0.00,0.00,0.00,218.54,0.20,26.11
221.80,0.83,185.07,219.85,0.21,45.39,221.10,0.21,31.42,0.00,0.00,0.00,217.84,0.19,25.57
219.68,0.84,184.36,222.33,0.21,46.28,218.98,0.21,32.72,0.00,0.00,0.00,219.21,0.20,26.02
220.53,0.83,183.91,220.77,0.21,45.72,219.83,0.22,33.54,0.00,0.00,0.00,217.48,0.19,24.84
219.81,0.83,182.62,219.04,0.21,45.36,219.11,0.21,31.68,0.00,0.00,0.00,217.37,0.19,24.89
220.55,0.83,183.51,217.74,0.20,44.32,219.85,0.21,32.86,0.00,0.00,0.00,217.36,0.19,25.52
219.63,0.84,183.46,220.48,0.21,45.69,218.93,0.21,33.39,0.00,0.00,0.00,217.68,0.19,25.10
218.14,0.84,182.28,221.79,0.21,46.04,217.44,0.21,32.98,0.00,0.00,0.00,219.69,0.19,25.36
220.61,0.84,184.33,218.53,0.21,45.04,219.91,0.21,32.17,0.00,0.00,0.00,217.34,0.19,25.71
219.33,0.83,182.47,219.82,0.21,45.50,218.63,0.21,32.40,0.00,0.00,0.00,215.80,0.19,24.38
220.82,0.83,184.17,219.23,0.21,45.11,220.12,0.21,31.29,0.00,0.00,0.00,215.73,0.20,25.45
222.08,0.83,185.16,216.96,0.20,44.54,221.38,0.21,32.94,0.00,0.00,0.00,219.47,0.19,25.72
220.48,0.83,183.31,219.36,0.21,45.40,219.78,0.21,32.39,0.00,0.00,0.00,217.31,0.19,24.83
220.73,0.84,184.80,219.71,0.21,45.38,220.03,0.21,31.99,0.00,0.00,0.00,216.76,0.19,25.47
219.55,0.83,182.38,220.40,0.21,45.83,218.85,0.21,31.41,0.00,0.00,0.00,218.73,0.19,25.18
219.89,0.83,182.65,220.05,0.21,45.42,219.19,0.21,32.44,0.00,0.00,0.00,216.79,0.19,24.67
220.81,0.84,184.74,220.02,0.21,45.40,220.11,0.21,32.97,0.00,0.00,0.00,219.64,0.19,25.56
217.98,0.83,181.38,219.02,0.21,45.02,217.28,0.21,31.83,0.00,0.00,0.00,217.91,0.19,25.61
220.29,0.84,184.13,218.13,0.20,44.63,219.59,0.21,33.59,0.00,0.00,0.00,215.68,0.19,25.23
220.25,0.84,183.99,221.02,0.21,45.81,219.55,0.21,32.18,0.00,0.00,0.00,219.13,0.19,25.58
219.24,0.83,182.86,218.90,0.21,45.10,218.54,0.21,31.08,0.00,0.00,0.00,216.94,0.20,25.57
220.30,0.83,183.65,223.71,0.21,46.69,219.60,0.21,31.95,0.00,0.00,0.00,219.02,0.19,24.98
220.19,0.83,183.21,220.87,0.21,45.86,219.49,0.21,31.84,0.00,0.00,0.00,216.61,0.19,24.77
219.69,0.83,182.65,219.40,0.21,45.18,218.99,0.21,31.84,0.00,0.00,0.00,217.97,0.19,25.06
221.28,0.84,185.15,221.46,0.21,45.88,220.58,0.22,33.50,0.00,0.00,0.00,217.15,0.19,25.01
219.90,0.84,184.47,220.67,0.21,46.02,219.20,0.21,32.71,0.00,0.00,0.00,219.14,0.20,25.95
220.24,0.84,184.71,219.46,0.21,45.42,219.54,0.22,33.47,0.00,0.00,0.00,218.31,0.19,25.30
221.79,0.84,185.50,222.15,0.21,46.53,221.09,0.21,31.84,0.00,0.00,0.00,218.51,0.19,25.38
220.43,0.83,182.99,217.71,0.20,44.65,219.73,0.21,31.62,0.00,0.00,0.00,217.79,0.19,25.63
220.89,0.83,183.79,219.83,0.21,45.52,220.19,0.21,31.63,0.00,0.00,0.00,216.84,0.19,25.19
221.45,0.83,183.70,216.54,0.21,44.42,220.75,0.21,33.38,0.00,0.00,0.00,217.58,0.19,24.75
221.01,0.83,183.62,219.52,0.21,45.33,220.31,0.21,31.85,0.00,0.00,0.00,217.96,0.19,25.23
220.81,0.84,184.38,221.01,0.21,45.97,220.11,0.21,31.75,0.00,0.00,0.00,218.14,0.19,25.13
220.09,0.84,184.23,220.49,0.21,45.92,219.39,0.21,32.69,0.00,0.00,0.00,219.94,0.19,25.82
221.22,0.83,182.85,218.91,0.21,44.99,220.52,0.21,32.56,0.00,0.00,0.00,215.52,0.19,24.12
221.23,0.84,184.85,221.06,0.21,46.20,220.53,0.21,33.11,0.00,0.00,0.00,217.83,0.19,25.30
219.81,0.83,182.55,218.87,0.21,45.01,219.11,0.21,31.39,0.00,0.00,0.00,219.63,0.19,25.70
217.52,0.84,181.71,221.19,0.21,45.83,216.82,0.21,31.01,0.00,0.00,0.00,217.89,0.20,25.61
226.87,0.84,189.83,221.48,0.21,46.01,226.17,0.22,33.70,0.00,0.00,0.00,219.17,0.19,25.06
220.80,0.84,184.37,218.54,0.20,44.71,220.10,0.21,32.73,0.00,0.00,0.00,218.96,0.20,25.91
218.28,0.83,180.92,217.94,0.20,44.33,217.58,0.21,32.81,0.00,0.00,0.00,217.04,0.19,24.71
222.34,0.84,186.49,221.51,0.21,46.25,221.64,0.22,33.45,0.00,0.00,0.00,217.67,0.19,25.44
221.71,0.84,185.16,219.34,0.21,45.05,221.01,0.21,31.97,0.00,0.00,0.00,219.11,0.20,25.62
221.23,0.83,182.87,218.43,0.20,44.77,220.53,0.21,32.93,0.00,0.00,0.00,214.61,0.19,23.80
222.85,0.84,187.12,219.68,0.21,45.46,222.15,0.22,33.58,0.00,0.00,0.00,220.17,0.19,26.34
220.51,0.83,182.75,217.35,0.20,44.27,219.81,0.21,32.54,0.00,0.00,0.00,217.88,0.19,24.72
222.41,0.84,186.34,219.58,0.21,45.13,221.71,0.21,32.92,0.00,0.00,0.00,219.10,0.20,25.99
220.29,0.83,183.09,217.54,0.20,44.07,219.59,0.21,31.96,0.00,0.00,0.00,217.97,0.20,25.78
221.13,0.84,184.73,220.44,0.21,45.74,220.43,0.21,32.00,0.00,0.00,0.00,216.78,0.19,25.24
220.26,0.83,183.78,221.32,0.21,45.97,219.56,0.21,31.34,0.00,0.00,0.00,218.66,0.19,25.58
221.62,0.84,185.53,220.48,0.21,45.66,220.92,0.21,33.04,0.00,0.00,0.00,217.64,0.19,24.92
219.21,0.84,183.36,217.10,0.20,44.41,218.51,0.21,33.03,0.00,0.00,0.00,219.76,0.20,25.76
219.93,0.83,181.87,215.18,0.20,43.29,219.23,0.21,32.49,0.00,0.00,0.00,219.53,0.19,25.29
221.92,0.83,185.00,221.34,0.21,46.05,221.22,0.21,31.83,0.00,0.00,0.00,217.80,0.19,25.12
219.93,0.84,184.45,219.09,0.21,45.37,219.23,0.22,33.47,0.00,0.00,0.00,219.49,0.19,25.85
220.14,0.83,181.96,216.61,0.20,44.11,219.44,0.21,32.82,0.00,0.00,0.00,218.00,0.19,25.02
218.67,0.83,181.01,217.01,0.20,44.17,217.97,0.21,32.20,0.00,0.00,0.00,219.12,0.19,25.49
221.32,0.83,183.92,216.31,0.20,43.76,220.62,0.21,33.05,0.00,0.00,0.00,220.92,0.19,25.87
220.58,0.84,185.40,221.96,0.21,46.55,219.88,0.21,32.29,0.00,0.00,0.00,219.39,0.19,25.81
220.03,0.83,183.02,219.92,0.21,45.61,219.33,0.21,31.28,0.00,0.00,0.00,219.77,0.19,25.42
222.55,0.84,186.56,220.31,0.21,45.86,221.85,0.21,33.14,0.00,0.00,0.00,217.16,0.19,25.06
221.62,0.84,185.58,221.66,0.21,46.09,220.92,0.21,32.68,0.00,0.00,0.00,218.73,0.19,25.48
220.22,0.83,182.70,216.75,0.20,44.24,219.52,0.21,32.77,0.00,0.00,0.00,217.01,0.19,24.93
222.11,0.84,185.61,219.43,0.21,45.03,221.41,0.21,33.48,0.00,0.00,0.00,215.20,0.19,24.84
218.66,0.83,181.95,220.63,0.21,45.75,217.96,0.21,31.84,0.00,0.00,0.00,219.05,0.19,25.42
221.75,0.83,184.10,218.09,0.20,44.75,221.05,0.21,32.99,0.00,0.00,0.00,216.63,0.19,24.81
220.76,0.84,185.26,219.84,0.21,45.23,220.06,0.22,33.93,0.00,0.00,0.00,220.14,0.20,26.09
219.88,0.83,182.51,217.62,0.20,44.24,219.18,0.21,32.98,0.00,0.00,0.00,216.81,0.19,24.95
222.56,0.83,185.65,222.57,0.21,46.83,221.86,0.22,34.10,0.00,0.00,0.00,214.99,0.18,23.59
219.53,0.84,183.92,221.05,0.21,45.91,218.83,0.21,32.22,0.00,0.00,0.00,218.39,0.19,25.75
221.23,0.83,183.94,218.50,0.20,44.56,220.53,0.21,33.09,0.00,0.00,0.00,216.97,0.19,24.60
221.02,0.84,186.27,222.20,0.21,46.38,220.32,0.22,33.80,0.00,0.00,0.00,219.45,0.19,25.75
218.83,0.83,182.08,216.88,0.20,44.08,218.13,0.21,32.85,0.00,0.00,0.00,217.88,0.19,25.39
221.18,0.83,183.70,219.53,0.21,45.57,220.48,0.21,31.67,0.00,0.00,0.00,217.32,0.19,24.19
219.89,0.84,183.91,220.33,0.21,45.69,219.19,0.21,32.73,0.00,0.00,0.00,218.25,0.19,25.12
220.23,0.82,181.68,217.69,0.20,44.37,219.53,0.21,31.46,0.00,0.00,0.00,218.15,0.19,24.80
223.27,0.84,186.50,220.73,0.21,45.67,222.57,0.21,32.85,0.00,0.00,0.00,217.90,0.19,25.59
219.59,0.84,184.06,222.30,0.21,46.60,218.89,0.21,31.85,0.00,0.00,0.00,219.39,0.19,25.83
219.60,0.84,183.87,219.47,0.21,45.35,218.90,0.21,32.91,0.00,0.00,0.00,218.81,0.19,25.78
220.66,0.83,184.03,219.64,0.21,45.43,219.96,0.21,32.05,0.00,0.00,0.00,217.55,0.19,25.32
220.80,0.84,185.06,220.46,0.21,45.78,220.10,0.21,32.75,0.00,0.00,0.00,218.57,0.19,25.59
224.24,0.83,186.17,216.47,0.20,43.98,223.54,0.21,33.23,0.00,0.00,0.00,217.13,0.19,25.02
221.92,0.84,185.64,220.45,0.21,45.67,221.22,0.21,33.32,0.00,0.00,0.00,219.31,0.19,25.55
218.94,0.83,181.85,219.42,0.20,44.94,218.24,0.21,32.89,0.00,0.00,0.00,218.95,0.19,25.05
219.76,0.83,182.82,218.99,0.21,45.24,219.06,0.21,32.76,0.00,0.00,0.00,213.86,0.19,24.36
222.09,0.84,185.63,220.66,0.21,45.90,221.39,0.21,32.01,0.00,0.00,0.00,218.63,0.19,25.65
218.76,0.83,182.64,220.93,0.21,45.87,218.06,0.21,31.79,0.00,0.00,0.00,218.40,0.19,25.56
220.83,0.83,183.48,221.47,0.21,45.99,220.13,0.21,32.23,0.00,0.00,0.00,215.24,0.19,23.99
220.82,0.83,183.35,221.26,0.21,46.16,220.12,0.21,32.52,0.00,0.00,0.00,214.05,0.19,23.63
222.07,0.83,184.37,219.67,0.21,45.34,221.37,0.21,31.07,0.00,0.00,0.00,220.48,0.19,25.25
220.57,0.83,183.83,218.72,0.20,44.74,219.87,0.21,32.37,0.00,0.00,0.00,219.23,0.19,25.61
220.20,0.84,184.65,220.94,0.21,45.91,219.50,0.21,33.17,0.00,0.00,0.00,219.50,0.19,25.72
220.20,0.83,182.77,219.95,0.21,45.59,219.50,0.21,31.76,0.00,0.00,0.00,217.49,0.19,24.73
219.63,0.83,182.90,217.35,0.20,44.45,218.93,0.22,33.47,0.00,0.00,0.00,218.37,0.19,25.22
220.35,0.84,184.24,220.00,0.21,45.47,219.65,0.22,33.72,0.00,0.00,0.00,218.48,0.19,25.06
218.91,0.83,182.40,215.88,0.20,43.69,218.21,0.21,32.45,0.00,0.00,0.00,219.18,0.20,25.88
221.10,0.83,183.43,219.76,0.21,45.28,220.40,0.21,32.95,0.00,0.00,0.00,218.67,0.19,24.97
219.99,0.84,184.02,218.71,0.21,44.86,219.29,0.21,33.06,0.00,0.00,0.00,217.55,0.20,25.70
221.88,0.83,184.82,218.12,0.20,44.49,221.18,0.22,34.32,0.00,0.00,0.00,216.10,0.19,24.20
223.13,0.83,186.27,218.11,0.20,44.49,222.43,0.21,33.56,0.00,0.00,0.00,224.13,0.19,26.61
226.77,0.84,189.48,220.70,0.21,45.89,226.07,0.21,33.24,0.00,0.00,0.00,217.83,0.19,24.89
221.02,0.85,187.51,223.60,0.21,47.02,220.32,0.22,34.87,0.00,0.00,0.00,221.09,0.20,26.77
218.49,0.83,181.79,220.11,0.21,45.52,217.79,0.21,32.60,0.00,0.00,0.00,218.58,0.19,25.20
220.05,0.83,183.44,223.11,0.21,46.70,219.35,0.21,31.29,0.00,0.00,0.00,218.13,0.19,25.38
218.92,0.83,182.26,218.37,0.20,44.73,218.22,0.22,33.74,0.00,0.00,0.00,218.11,0.19,25.39
220.99,0.83,184.18,218.51,0.21,45.04,220.29,0.21,32.30,0.00,0.00,0.00,216.73,0.19,24.94
222.92,0.84,186.69,221.48,0.21,46.15,222.22,0.21,32.43,0.00,0.00,0.00,218.23,0.19,25.35
219.30,0.84,183.40,219.91,0.21,45.64,218.60,0.21,32.92,0.00,0.00,0.00,218.38,0.19,25.39
220.70,0.83,182.76,221.05,0.21,45.81,220.00,0.21,32.07,0.00,0.00,0.00,218.68,0.19,24.70
222.86,0.83,185.92,219.86,0.21,45.47,222.16,0.22,33.79,0.00,0.00,0.00,215.88,0.19,25.01
219.26,0.84,183.31,217.67,0.20,44.57,218.56,0.21,33.17,0.00,0.00,0.00,218.76,0.19,25.61
219.69,0.84,183.62,219.32,0.21,45.37,218.99,0.21,32.80,0.00,0.00,0.00,218.28,0.19,25.22
220.65,0.84,185.15,220.54,0.21,45.65,219.95,0.22,33.74,0.00,0.00,0.00,218.27,0.19,25.15
219.59,0.84,183.51,219.61,0.21,45.03,218.89,0.21,33.17,0.00,0.00,0.00,219.65,0.19,25.92
220.04,0.84,184.10,219.77,0.21,45.54,219.34,0.21,31.71,0.00,0.00,0.00,218.43,0.20,25.53
221.63,0.84,186.06,220.20,0.21,45.83,220.93,0.22,33.68,0.00,0.00,0.00,218.07,0.19,25.41
220.90,0.84,184.86,220.51,0.21,45.81,220.20,0.21,33.34,0.00,0.00,0.00,219.44,0.19,25.63
219.51,0.83,182.27,217.88,0.20,44.12,218.81,0.21,32.67,0.00,0.00,0.00,216.86,0.19,25.17
224.47,0.84,187.72,222.64,0.21,46.40,223.77,0.21,32.58,0.00,0.00,0.00,218.49,0.19,25.45
219.27,0.84,183.60,220.71,0.21,45.79,218.57,0.21,31.19,0.00,0.00,0.00,219.00,0.20,26.09
221.45,0.84,185.47,221.49,0.21,46.03,220.75,0.21,33.38,0.00,0.00,0.00,217.92,0.19,25.16
221.58,0.83,184.63,221.83,0.21,46.22,220.88,0.21,31.82,0.00,0.00,0.00,218.87,0.19,25.39
220.33,0.83,183.89,221.26,0.21,45.99,219.63,0.21,32.02,0.00,0.00,0.00,218.96,0.19,25.49
220.56,0.83,182.55,215.92,0.20,43.88,219.86,0.21,32.08,0.00,0.00,0.00,217.00,0.19,24.92
221.88,0.84,186.88,221.16,0.21,46.28,221.18,0.22,33.53,0.00,0.00,0.00,219.72,0.19,25.85
220.12,0.83,183.52,220.73,0.21,45.79,219.42,0.21,31.25,0.00,0.00,0.00,218.98,0.19,25.34
221.45,0.83,184.29,217.84,0.20,44.62,220.75,0.21,32.83,0.00,0.00,0.00,216.81,0.19,24.90
220.90,0.84,184.74,220.20,0.21,45.39,220.20,0.22,33.63,0.00,0.00,0.00,219.98,0.19,25.73
219.24,0.83,182.46,217.85,0.20,44.46,218.54,0.21,33.01,0.00,0.00,0.00,219.77,0.19,24.89
225.88,0.83,187.89,218.42,0.20,44.68,225.18,0.21,32.53,0.00,0.00,0.00,217.64,0.19,25.23
221.28,0.84,184.95,222.47,0.21,46.64,220.58,0.21,32.61,0.00,0.00,0.00,220.50,0.19,25.90
217.29,0.83,180.09,217.46,0.20,44.42,216.59,0.21,32.38,0.00,0.00,0.00,216.00,0.19,24.92
221.87,0.84,185.74,221.24,0.21,46.20,221.17,0.21,31.39,0.00,0.00,0.00,218.65,0.19,25.86
219.06,0.84,182.92,220.66,0.21,45.67,218.36,0.21,32.93,0.00,0.00,0.00,219.14,0.19,25.49
218.23,0.83,181.76,220.59,0.21,45.79,217.53,0.21,31.48,0.00,0.00,0.00,219.16,0.19,25.33
221.64,0.83,184.94,223.50,0.21,46.74,220.94,0.21,31.48,0.00,0.00,0.00,217.58,0.19,25.12
220.91,0.84,185.24,220.88,0.21,45.88,220.21,0.21,32.38,0.00,0.00,0.00,218.91,0.19,25.40
220.42,0.83,183.92,219.71,0.21,45.25,219.72,0.21,33.21,0.00,0.00,0.00,218.28,0.19,25.28
220.55,0.84,185.19,219.59,0.21,45.56,219.85,0.21,33.13,0.00,0.00,0.00,223.20,0.20,25.85
220.04,0.84,184.21,221.66,0.21,46.33,219.34,0.21,33.10,0.00,0.00,0.00,217.68,0.19,25.19
220.92,0.83,184.12,219.18,0.21,45.31,220.22,0.21,32.99,0.00,0.00,0.00,215.75,0.19,24.77
219.94,0.83,183.55,222.60,0.21,46.52,219.24,0.21,33.10,0.00,0.00,0.00,216.08,0.19,24.17
223.69,0.84,187.10,220.64,0.21,45.90,222.99,0.21,32.96,0.00,0.00,0.00,218.77,0.19,25.36
221.88,0.83,184.06,218.57,0.21,44.80,221.18,0.21,31.99,0.00,0.00,0.00,216.50,0.19,24.83
220.70,0.84,185.26,222.02,0.21,46.51,220.00,0.21,32.66,0.00,0.00,0.00,218.95,0.19,25.48
220.29,0.84,184.33,220.37,0.21,45.46,219.59,0.21,32.84,0.00,0.00,0.00,217.90,0.19,25.35
221.52,0.83,184.94,217.93,0.20,44.65,220.82,0.21,32.83,0.00,0.00,0.00,217.33,0.20,25.63
220.58,0.84,185.89,220.73,0.21,46.12,219.88,0.21,33.13,0.00,0.00,0.00,220.45,0.20,25.68
220.73,0.83,183.37,226.47,0.21,46.24,220.03,0.21,33.10,0.00,0.00,0.00,215.38,0.19,24.55
220.86,0.83,183.81,221.78,0.21,46.24,220.16,0.21,31.88,0.00,0.00,0.00,216.52,0.19,24.72
219.78,0.84,183.55,218.20,0.20,44.69,219.08,0.21,32.89,0.00,0.00,0.00,216.73,0.20,25.59
220.67,0.83,184.24,219.58,0.21,45.53,219.97,0.21,32.04,0.00,0.00,0.00,218.21,0.19,25.23
221.61,0.83,184.38,218.42,0.20,44.57,220.91,0.21,32.93,0.00,0.00,0.00,218.24,0.19,25.55
219.23,0.84,183.95,220.68,0.21,45.52,218.53,0.21,33.52,0.00,0.00,0.00,218.62,0.20,25.74
220.31,0.83,183.81,223.11,0.21,46.65,219.61,0.21,32.48,0.00,0.00,0.00,218.56,0.19,24.86
218.75,0.83,182.17,220.02,0.21,45.43,218.05,0.21,31.87,0.00,0.00,0.00,219.27,0.19,25.61
220.44,0.83,183.68,219.34,0.21,45.34,219.74,0.21,31.56,0.00,0.00,0.00,216.19,0.19,25.29
219.22,0.83,182.85,220.01,0.21,45.55,218.52,0.21,31.76,0.00,0.00,0.00,218.60,0.19,25.57
219.41,0.83,182.75,222.73,0.21,46.50,218.71,0.21,31.61,0.00,0.00,0.00,218.64,0.19,25.26
219.54,0.83,182.56,220.26,0.21,45.46,218.84,0.21,30.77,0.00,0.00,0.00,218.62,0.19,25.45
221.51,0.84,185.61,219.31,0.21,45.33,220.81,0.22,33.54,0.00,0.00,0.00,217.69,0.19,25.43
219.17,0.83,181.41,218.02,0.20,44.28,218.47,0.21,32.46,0.00,0.00,0.00,217.45,0.19,25.04
221.83,0.84,185.63,220.80,0.21,45.71,221.13,0.21,32.75,0.00,0.00,0.00,218.06,0.19,25.61
218.96,0.84,183.22,221.38,0.21,46.08,218.26,0.21,31.18,0.00,0.00,0.00,219.22,0.20,25.54
220.65,0.84,185.17,221.90,0.21,46.21,219.95,0.21,33.37,0.00,0.00,0.00,217.92,0.19,25.51
219.73,0.83,183.22,217.03,0.20,44.29,219.03,0.21,32.42,0.00,0.00,0.00,216.68,0.19,25.27
221.23,0.83,184.19,218.14,0.20,44.45,220.53,0.21,32.55,0.00,0.00,0.00,220.44,0.19,25.91
217.36,0.83,181.17,221.66,0.21,45.97,216.66,0.21,33.14,0.00,0.00,0.00,217.66,0.19,24.66
219.24,0.84,183.76,221.17,0.21,46.21,218.54,0.21,32.82,0.00,0.00,0.00,218.50,0.19,25.67
218.23,0.83,181.23,217.10,0.20,44.10,217.53,0.21,32.28,0.00,0.00,0.00,217.54,0.19,24.98
221.52,0.83,183.67,216.96,0.20,44.08,220.82,0.21,32.42,0.00,0.00,0.00,218.40,0.19,25.30
219.95,0.84,183.67,220.30,0.21,45.78,219.25,0.21,32.88,0.00,0.00,0.00,219.08,0.19,25.23
221.13,0.84,185.23,220.19,0.21,45.44,220.43,0.21,33.06,0.00,0.00,0.00,218.28,0.19,25.13
219.55,0.84,183.71,220.59,0.21,45.90,218.85,0.21,32.71,0.00,0.00,0.00,219.10,0.19,25.90
219.59,0.83,182.00,217.22,0.20,43.98,218.89,0.21,32.61,0.00,0.00,0.00,217.93,0.19,25.03
221.85,0.84,186.47,221.60,0.21,46.17,221.15,0.22,33.44,0.00,0.00,0.00,218.24,0.19,25.32
218.55,0.84,182.59,219.44,0.21,45.34,217.85,0.21,32.65,0.00,0.00,0.00,218.22,0.19,25.23
221.08,0.83,183.84,217.32,0.20,44.16,220.38,0.21,32.42,0.00,0.00,0.00,217.02,0.19,25.17
221.16,0.83,184.38,218.95,0.21,44.94,220.46,0.21,32.12,0.00,0.00,0.00,217.61,0.19,25.45
221.17,0.83,184.55,216.90,0.20,43.97,220.47,0.21,32.88,0.00,0.00,0.00,218.72,0.20,25.53
220.03,0.84,184.13,218.99,0.21,45.43,219.33,0.21,33.09,0.00,0.00,0.00,217.13,0.19,25.31
220.45,0.84,184.50,220.86,0.21,46.01,219.75,0.22,33.73,0.00,0.00,0.00,218.34,0.19,25.12
219.71,0.83,181.84,216.92,0.20,44.04,219.01,0.21,31.09,0.00,0.00,0.00,217.43,0.19,25.34
219.19,0.84,183.76,221.35,0.21,46.02,218.49,0.22,33.57,0.00,0.00,0.00,216.98,0.19,25.07
219.24,0.83,182.38,219.43,0.21,45.18,218.54,0.21,32.07,0.00,0.00,0.00,218.01,0.19,25.38
219.98,0.83,182.14,216.70,0.20,43.92,219.28,0.21,32.31,0.00,0.00,0.00,216.04,0.19,24.78
220.25,0.84,183.94,220.17,0.21,45.63,219.55,0.21,31.84,0.00,0.00,0.00,218.71,0.19,25.47
219.79,0.83,182.94,218.95,0.21,45.03,219.09,0.21,32.69,0.00,0.00,0.00,215.92,0.19,24.83
219.19,0.84,183.95,223.13,0.21,46.76,218.49,0.21,33.31,0.00,0.00,0.00,218.59,0.19,25.39
220.27,0.83,182.90,217.06,0.20,44.04,219.57,0.21,32.53,0.00,0.00,0.00,216.47,0.19,25.26
220.91,0.84,184.82,217.27,0.20,44.09,220.21,0.21,31.78,0.00,0.00,0.00,217.81,0.20,25.75
219.78,0.83,182.98,216.40,0.20,43.75,219.08,0.21,30.90,0.00,0.00,0.00,217.17,0.20,25.52
222.73,0.84,186.02,219.12,0.20,44.79,222.03,0.21,31.44,0.00,0.00,0.00,218.20,0.20,25.66
218.75,0.84,184.36,218.62,0.21,45.14,218.05,0.21,32.12,0.00,0.00,0.00,218.26,0.20,25.59
219.46,0.84,183.26,218.63,0.21,44.91,218.76,0.21,31.41,0.00,0.00,0.00,217.54,0.20,25.15
222.41,0.84,186.58,217.30,0.20,44.45,221.71,0.21,32.74,0.00,0.00,0.00,216.82,0.20,25.38
221.22,0.84,186.31,220.73,0.21,45.78,220.52,0.22,34.10,0.00,0.00,0.00,217.25,0.20,24.99
219.23,0.84,183.65,218.27,0.20,44.68,218.53,0.21,32.75,0.00,0.00,0.00,218.31,0.20,25.76
214.76,0.83,179.30,217.97,0.20,44.45,214.06,0.21,31.40,0.00,0.00,0.00,218.69,0.20,25.71
220.54,0.83,182.22,219.28,0.20,44.68,219.84,0.21,30.60,0.00,0.00,0.00,216.30,0.19,24.78
218.97,0.84,183.69,220.26,0.21,45.49,218.27,0.21,31.15,0.00,0.00,0.00,216.91,0.20,25.82
218.17,0.83,181.91,219.63,0.21,45.21,217.47,0.21,31.37,0.00,0.00,0.00,217.77,0.20,25.08
217.65,0.83,180.97,217.26,0.20,44.08,216.95,0.21,30.42,0.00,0.00,0.00,215.51,0.20,25.26
220.50,0.84,184.13,217.07,0.20,44.12,219.80,0.21,32.03,0.00,0.00,0.00,218.43,0.20,25.67
219.99,0.84,185.07,219.07,0.21,45.13,219.29,0.22,32.83,0.00,0.00,0.00,217.68,0.20,25.43
220.15,0.83,182.99,217.34,0.20,44.23,219.45,0.21,31.21,0.00,0.00,0.00,220.36,0.20,25.44
219.13,0.83,181.69,215.48,0.20,43.51,218.43,0.21,30.99,0.00,0.00,0.00,217.29,0.20,25.10
220.06,0.83,182.18,218.35,0.20,44.54,219.36,0.21,31.10,0.00,0.00,0.00,218.98,0.19,25.06
221.37,0.84,185.65,219.14,0.21,45.27,220.67,0.21,32.24,0.00,0.00,0.00,216.76,0.20,25.28
219.46,0.84,184.56,219.30,0.21,45.09,218.76,0.21,32.64,0.00,0.00,0.00,217.47,0.20,25.79
217.40,0.83,180.15,214.89,0.20,43.13,216.70,0.21,31.84,0.00,0.00,0.00,214.75,0.19,24.83
219.51,0.84,185.07,221.52,0.21,46.38,218.81,0.21,33.29,0.00,0.00,0.00,219.49,0.20,25.92
220.64,0.84,184.47,219.04,0.21,45.10,219.94,0.21,31.81,0.00,0.00,0.00,216.66,0.19,25.14
219.73,0.83,182.65,218.09,0.20,44.73,219.03,0.21,31.07,0.00,0.00,0.00,218.65,0.19,25.11
221.39,0.83,184.66,218.06,0.20,44.40,220.69,0.21,32.30,0.00,0.00,0.00,216.76,0.20,25.04
219.00,0.83,181.98,218.45,0.20,44.55,218.30,0.21,31.92,0.00,0.00,0.00,218.37,0.19,25.42
220.58,0.83,183.69,220.57,0.21,45.64,219.88,0.21,33.07,0.00,0.00,0.00,214.87,0.19,24.29
218.23,0.84,182.35,220.12,0.21,45.57,217.53,0.21,31.06,0.00,0.00,0.00,217.83,0.20,25.20
219.63,0.84,184.44,219.64,0.21,45.46,218.93,0.21,32.15,0.00,0.00,0.00,217.60,0.20,25.92
218.93,0.83,181.83,216.87,0.20,44.26,218.23,0.21,31.68,0.00,0.00,0.00,217.32,0.19,24.98
221.12,0.83,183.99,220.37,0.21,45.69,220.42,0.21,31.69,0.00,0.00,0.00,217.28,0.19,24.90
219.23,0.83,182.88,218.57,0.21,44.87,218.53,0.21,32.15,0.00,0.00,0.00,218.03,0.19,25.28
219.25,0.83,181.43,217.89,0.21,44.68,218.55,0.21,31.12,0.00,0.00,0.00,218.48,0.19,25.25
221.05,0.84,185.10,220.99,0.21,45.79,220.35,0.21,33.36,0.00,0.00,0.00,217.03,0.19,25.43
220.14,0.83,182.70,216.97,0.20,44.01,219.44,0.21,31.01,0.00,0.00,0.00,222.11,0.20,25.95
219.73,0.84,183.68,220.07,0.21,45.73,219.03,0.21,33.43,0.00,0.00,0.00,216.38,0.19,25.10
219.70,0.83,183.31,220.61,0.21,45.57,219.00,0.21,32.56,0.00,0.00,0.00,218.01,0.19,25.20
220.11,0.83,183.29,217.26,0.20,44.15,219.41,0.21,32.12,0.00,0.00,0.00,217.45,0.19,25.44
220.12,0.84,184.49,219.38,0.21,45.08,219.42,0.22,33.91,0.00,0.00,0.00,217.78,0.19,25.60
221.48,0.84,185.10,219.37,0.20,44.85,220.78,0.21,32.95,0.00,0.00,0.00,218.75,0.19,25.93
220.39,0.83,183.02,218.82,0.21,45.05,219.69,0.21,32.67,0.00,0.00,0.00,216.74,0.19,25.05
220.64,0.83,183.13,218.20,0.20,44.58,219.94,0.21,31.84,0.00,0.00,0.00,218.19,0.19,25.35
219.14,0.83,181.55,217.34,0.20,44.09,218.44,0.21,32.17,0.00,0.00,0.00,217.33,0.19,25.37
219.87,0.84,184.47,221.22,0.21,45.77,219.17,0.21,33.26,0.00,0.00,0.00,218.74,0.20,25.91
218.89,0.83,181.72,215.71,0.20,43.43,218.19,0.21,32.02,0.00,0.00,0.00,223.35,0.20,26.43
218.45,0.83,181.40,217.75,0.20,44.41,217.75,0.21,33.03,0.00,0.00,0.00,217.34,0.19,25.08
221.51,0.83,184.43,216.58,0.20,43.84,220.81,0.21,32.50,0.00,0.00,0.00,217.01,0.19,25.33
218.91,0.84,183.02,220.27,0.21,45.76,218.21,0.21,32.68,0.00,0.00,0.00,217.86,0.19,25.39
220.50,0.84,184.28,220.96,0.21,45.85,219.80,0.21,33.33,0.00,0.00,0.00,215.59,0.19,24.92
219.48,0.83,182.83,219.13,0.21,45.25,218.78,0.21,31.58,0.00,0.00,0.00,216.55,0.19,25.23
219.71,0.83,181.35,216.32,0.20,43.93,219.01,0.21,31.29,0.00,0.00,0.00,218.02,0.19,25.17
219.63,0.84,183.39,220.28,0.21,45.66,218.93,0.21,31.97,0.00,0.00,0.00,216.56,0.19,25.26
221.55,0.84,185.27,220.06,0.21,45.35,220.85,0.21,31.91,0.00,0.00,0.00,217.79,0.19,25.72
217.02,0.84,181.25,219.56,0.21,45.25,216.32,0.21,32.56,0.00,0.00,0.00,216.73,0.19,25.40
218.22,0.83,180.83,219.01,0.20,44.98,217.52,0.21,32.24,0.00,0.00,0.00,217.62,0.19,24.82
219.94,0.82,181.41,218.06,0.20,44.19,219.24,0.21,30.81,0.00,0.00,0.00,216.46,0.19,25.10
221.36,0.83,184.33,219.06,0.21,44.82,220.66,0.21,31.28,0.00,0.00,0.00,218.34,0.20,26.02
218.27,0.83,181.84,216.85,0.20,43.98,217.57,0.21,32.48,0.00,0.00,0.00,218.20,0.20,25.52
219.25,0.84,183.65,221.47,0.21,46.14,218.55,0.21,32.45,0.00,0.00,0.00,216.27,0.19,25.55
218.91,0.83,181.63,218.55,0.21,44.87,218.21,0.21,31.45,0.00,0.00,0.00,216.74,0.19,24.88
214.12,0.84,179.48,220.24,0.21,45.48,213.42,0.22,34.00,0.00,0.00,0.00,219.17,0.19,25.67
220.68,0.84,184.53,223.50,0.21,46.55,219.98,0.21,32.02,0.00,0.00,0.00,217.28,0.19,25.44
218.25,0.83,180.12,216.68,0.20,44.12,217.55,0.21,30.97,0.00,0.00,0.00,217.33,0.19,25.30
220.55,0.84,184.25,220.44,0.21,45.81,219.85,0.21,32.50,0.00,0.00,0.00,218.22,0.19,25.48
216.77,0.84,181.03,219.01,0.21,45.17,216.07,0.21,33.25,0.00,0.00,0.00,216.40,0.19,25.03
221.78,0.83,184.29,215.18,0.20,43.25,221.08,0.21,33.32,0.00,0.00,0.00,218.14,0.19,25.70
218.86,0.83,182.42,218.24,0.21,44.73,218.16,0.21,33.03,0.00,0.00,0.00,215.43,0.19,24.76
220.06,0.83,182.81,219.83,0.21,45.14,219.36,0.21,31.48,0.00,0.00,0.00,217.07,0.19,25.56
218.59,0.84,182.82,217.91,0.21,44.71,217.89,0.21,32.48,0.00,0.00,0.00,216.78,0.19,25.99
221.15,0.83,182.53,217.88,0.20,44.46,220.45,0.21,31.88,0.00,0.00,0.00,216.26,0.19,24.44
219.96,0.83,183.03,219.31,0.21,45.26,219.26,0.21,32.01,0.00,0.00,0.00,216.99,0.19,24.99
220.68,0.83,183.99,218.39,0.20,44.59,219.98,0.21,32.06,0.00,0.00,0.00,222.35,0.20,26.77
219.60,0.83,181.32,217.76,0.20,44.27,218.90,0.21,32.24,0.00,0.00,0.00,216.72,0.19,24.13
217.53,0.83,181.12,219.91,0.21,45.49,216.83,0.21,31.15,0.00,0.00,0.00,216.64,0.19,25.11
220.38,0.84,184.51,219.82,0.21,45.44,219.68,0.21,33.43,0.00,0.00,0.00,216.21,0.19,25.36
218.52,0.83,182.21,220.40,0.21,45.67,217.82,0.21,32.74,0.00,0.00,0.00,216.46,0.19,24.80
219.01,0.83,181.97,219.80,0.21,45.44,218.31,0.21,31.75,0.00,0.00,0.00,216.78,0.19,25.02
220.99,0.83,182.96,218.55,0.20,44.77,220.29,0.21,31.25,0.00,0.00,0.00,217.47,0.19,25.18
218.46,0.83,182.01,218.72,0.21,44.99,217.76,0.21,31.89,0.00,0.00,0.00,217.24,0.19,25.15
223.05,0.83,185.26,219.50,0.21,45.16,222.35,0.21,31.54,0.00,0.00,0.00,218.88,0.19,25.74
219.58,0.83,182.75,218.65,0.21,45.15,218.88,0.21,31.73,0.00,0.00,0.00,215.27,0.19,24.62
219.86,0.84,184.59,219.42,0.21,45.47,219.16,0.22,33.92,0.00,0.00,0.00,217.82,0.19,25.97
219.90,0.84,184.29,218.42,0.21,44.79,219.20,0.22,34.17,0.00,0.00,0.00,216.99,0.19,25.07
219.17,0.83,182.03,218.51,0.20,44.68,218.47,0.21,31.17,0.00,0.00,0.00,220.61,0.19,26.07
220.03,0.83,183.39,217.98,0.21,44.96,219.33,0.21,33.30,0.00,0.00,0.00,217.83,0.19,25.10
219.21,0.83,182.14,217.23,0.20,44.34,218.51,0.21,32.33,0.00,0.00,0.00,217.73,0.19,25.38
221.15,0.83,184.07,219.16,0.21,45.38,220.45,0.21,31.88,0.00,0.00,0.00,216.85,0.19,25.01
219.74,0.84,184.02,219.25,0.21,45.05,219.04,0.21,32.48,0.00,0.00,0.00,217.40,0.20,25.48
221.17,0.84,185.67,219.80,0.21,45.51,220.47,0.21,33.56,0.00,0.00,0.00,219.55,0.19,26.02
220.38,0.83,183.68,219.85,0.21,45.35,219.68,0.21,33.67,0.00,0.00,0.00,216.93,0.19,24.73
216.22,0.83,179.41,219.25,0.21,45.10,215.52,0.21,31.48,0.00,0.00,0.00,218.21,0.19,25.30
218.98,0.83,181.74,217.35,0.20,44.03,218.28,0.21,32.49,0.00,0.00,0.00,218.15,0.19,25.59
221.11,0.83,183.60,219.04,0.21,45.37,220.41,0.21,31.53,0.00,0.00,0.00,217.32,0.19,25.01
217.91,0.83,181.44,216.56,0.20,44.24,217.21,0.21,31.69,0.00,0.00,0.00,217.03,0.19,25.14
221.62,0.85,187.60,220.76,0.21,45.90,220.92,0.21,33.37,0.00,0.00,0.00,217.87,0.20,25.91
217.47,0.83,180.67,216.88,0.20,43.96,216.77,0.21,32.33,0.00,0.00,0.00,216.21,0.19,24.82
220.44,0.84,184.15,219.27,0.21,44.94,219.74,0.21,31.29,0.00,0.00,0.00,216.56,0.20,25.42
222.10,0.84,185.47,219.52,0.21,45.25,221.40,0.21,31.59,0.00,0.00,0.00,216.31,0.19,24.82
221.17,0.84,184.90,220.41,0.21,45.76,220.47,0.21,32.92,0.00,0.00,0.00,215.23,0.19,24.64
220.59,0.84,185.41,219.96,0.21,45.51,219.89,0.21,31.65,0.00,0.00,0.00,216.95,0.20,25.46
216.86,0.83,180.69,215.61,0.20,43.82,216.16,0.21,31.25,0.00,0.00,0.00,218.37,0.20,25.91
218.48,0.84,182.43,216.43,0.20,43.81,217.78,0.21,33.20,0.00,0.00,0.00,216.72,0.20,25.05
217.00,0.83,180.63,218.08,0.20,44.37,216.30,0.21,32.20,0.00,0.00,0.00,219.03,0.19,26.02
218.82,0.83,182.51,217.26,0.20,43.96,218.12,0.21,32.84,0.00,0.00,0.00,217.06,0.20,24.95
221.69,0.84,185.88,221.63,0.21,46.21,220.99,0.21,33.52,0.00,0.00,0.00,218.59,0.19,25.38
216.48,0.84,180.88,217.34,0.20,44.11,215.78,0.21,32.85,0.00,0.00,0.00,217.04,0.20,25.19
220.90,0.84,185.41,221.53,0.21,46.15,220.20,0.21,33.34,0.00,0.00,0.00,218.72,0.20,25.59
219.16,0.83,181.97,216.83,0.20,44.01,218.46,0.21,31.50,0.00,0.00,0.00,218.11,0.19,25.40
223.31,0.83,186.25,220.72,0.21,45.78,222.61,0.21,33.71,0.00,0.00,0.00,214.81,0.19,24.45
220.22,0.83,183.58,218.34,0.21,44.91,219.52,0.21,31.03,0.00,0.00,0.00,215.60,0.20,25.26
221.35,0.83,184.60,219.71,0.21,45.45,220.65,0.21,31.59,0.00,0.00,0.00,218.08,0.19,24.88
218.94,0.83,181.93,217.51,0.20,44.38,218.24,0.21,32.64,0.00,0.00,0.00,217.02,0.19,25.09
220.06,0.83,183.40,218.03,0.21,44.74,219.36,0.21,31.66,0.00,0.00,0.00,216.83,0.20,25.29
219.95,0.84,184.30,221.10,0.21,46.07,219.25,0.21,32.05,0.00,0.00,0.00,218.71,0.19,25.47
220.15,0.83,183.64,219.22,0.21,45.04,219.45,0.21,32.63,0.00,0.00,0.00,218.14,0.19,25.48
217.90,0.84,182.91,220.31,0.21,45.66,217.20,0.21,33.77,0.00,0.00,0.00,216.95,0.20,25.26
222.65,0.84,187.01,220.46,0.21,45.99,221.95,0.22,34.04,0.00,0.00,0.00,216.94,0.19,24.57
222.20,0.84,186.19,219.86,0.21,45.55,221.50,0.21,32.97,0.00,0.00,0.00,217.16,0.20,25.23
221.54,0.83,184.55,217.62,0.20,44.13,220.84,0.21,33.84,0.00,0.00,0.00,217.76,0.19,25.24
219.71,0.84,183.74,219.57,0.21,45.34,219.01,0.21,33.21,0.00,0.00,0.00,219.25,0.19,26.09
221.67,0.83,184.09,218.83,0.20,44.75,220.97,0.21,33.15,0.00,0.00,0.00,216.66,0.19,24.97
221.95,0.83,184.79,221.68,0.21,46.19,221.25,0.21,32.81,0.00,0.00,0.00,218.08,0.19,24.67
220.80,0.83,182.38,218.97,0.21,45.08,220.10,0.21,32.99,0.00,0.00,0.00,214.13,0.19,23.42
221.03,0.83,183.72,217.94,0.21,45.01,220.33,0.21,31.22,0.00,0.00,0.00,218.14,0.19,25.34
219.38,0.83,182.49,220.68,0.21,45.74,218.68,0.21,32.52,0.00,0.00,0.00,216.01,0.19,24.67
221.09,0.84,184.77,222.10,0.21,46.33,220.39,0.21,32.05,0.00,0.00,0.00,219.50,0.19,25.57
218.74,0.84,182.65,221.36,0.21,46.05,218.04,0.21,32.81,0.00,0.00,0.00,217.96,0.19,25.29
221.61,0.84,185.31,220.01,0.21,45.35,220.91,0.22,33.85,0.00,0.00,0.00,216.86,0.19,24.85
222.42,0.84,186.68,220.91,0.21,46.00,221.72,0.21,32.78,0.00,0.00,0.00,218.13,0.19,25.53
219.45,0.84,183.90,219.93,0.21,45.23,218.75,0.21,32.96,0.00,0.00,0.00,219.23,0.20,26.35
220.14,0.83,183.78,220.69,0.21,45.76,219.44,0.21,32.21,0.00,0.00,0.00,218.49,0.19,25.48
220.95,0.83,183.75,221.88,0.21,46.17,220.25,0.21,31.88,0.00,0.00,0.00,216.74,0.19,24.61
221.57,0.83,184.74,220.82,0.21,45.88,220.87,0.21,32.91,0.00,0.00,0.00,218.17,0.19,24.83
219.08,0.83,182.14,219.47,0.21,44.96,218.38,0.22,33.88,0.00,0.00,0.00,219.62,0.19,24.95
219.63,0.84,184.36,221.50,0.21,45.91,218.93,0.21,33.30,0.00,0.00,0.00,220.35,0.20,26.16
220.95,0.83,183.67,217.65,0.20,44.37,220.25,0.21,33.21,0.00,0.00,0.00,217.34,0.19,25.01
222.22,0.84,186.58,218.22,0.21,44.84,221.52,0.21,33.43,0.00,0.00,0.00,219.34,0.20,25.65
218.90,0.84,183.92,222.38,0.21,46.37,218.20,0.22,33.66,0.00,0.00,0.00,218.30,0.19,25.36
217.29,0.84,181.50,215.61,0.20,43.64,216.59,0.21,33.26,0.00,0.00,0.00,217.49,0.20,25.34
221.44,0.84,185.28,217.23,0.21,44.48,220.74,0.21,33.11,0.00,0.00,0.00,217.72,0.20,25.42
217.71,0.84,182.50,218.73,0.20,44.74,217.01,0.22,34.78,0.00,0.00,0.00,218.73,0.19,25.38
219.34,0.84,183.49,219.60,0.21,45.61,218.64,0.22,33.68,0.00,0.00,0.00,216.59,0.19,24.86
222.07,0.83,185.40,220.90,0.21,45.89,221.37,0.21,31.40,0.00,0.00,0.00,219.62,0.20,25.90
221.38,0.83,183.83,217.81,0.20,44.44,220.68,0.21,33.66,0.00,0.00,0.00,216.02,0.19,24.46
221.56,0.83,184.88,221.66,0.21,46.30,220.86,0.21,32.96,0.00,0.00,0.00,218.87,0.19,25.10
219.57,0.84,184.22,222.77,0.21,46.67,218.87,0.21,33.16,0.00,0.00,0.00,220.61,0.19,26.40
221.45,0.83,184.34,217.85,0.21,44.58,220.75,0.21,32.50,0.00,0.00,0.00,217.53,0.19,25.25
223.03,0.84,187.09,221.41,0.21,46.26,222.33,0.21,33.42,0.00,0.00,0.00,217.93,0.19,25.42
219.23,0.84,184.47,220.39,0.21,45.36,218.53,0.22,35.03,0.00,0.00,0.00,219.01,0.20,25.80
222.25,0.83,185.34,219.31,0.21,45.51,221.55,0.21,31.43,0.00,0.00,0.00,219.10,0.19,25.65
221.68,0.83,183.62,221.83,0.21,46.04,220.98,0.21,31.36,0.00,0.00,0.00,216.74,0.19,24.65
221.53,0.84,185.25,221.33,0.21,46.17,220.83,0.21,33.01,0.00,0.00,0.00,217.33,0.19,25.14
220.20,0.84,184.07,222.39,0.21,46.39,219.50,0.21,32.21,0.00,0.00,0.00,219.98,0.19,25.76
221.89,0.83,185.21,218.27,0.21,44.87,221.19,0.21,32.33,0.00,0.00,0.00,219.41,0.19,25.76
219.35,0.84,183.29,219.04,0.21,45.13,218.65,0.21,32.90,0.00,0.00,0.00,219.40,0.19,25.62
220.83,0.84,184.79,217.37,0.20,44.53,220.13,0.22,34.70,0.00,0.00,0.00,217.56,0.19,25.24
219.80,0.83,183.24,219.53,0.21,45.26,219.10,0.21,33.08,0.00,0.00,0.00,219.57,0.19,25.51
219.80,0.83,183.47,221.20,0.21,45.89,219.10,0.21,31.99,0.00,0.00,0.00,219.69,0.19,25.42
221.75,0.83,183.88,217.53,0.21,44.56,221.05,0.21,31.25,0.00,0.00,0.00,218.18,0.19,25.35
225.90,0.84,188.88,219.76,0.21,45.57,225.20,0.21,33.48,0.00,0.00,0.00,219.03,0.19,25.94
221.30,0.84,185.42,220.05,0.21,45.46,220.60,0.22,33.83,0.00,0.00,0.00,217.17,0.19,24.94
222.75,0.84,186.45,223.65,0.21,46.91,222.05,0.21,31.31,0.00,0.00,0.00,219.79,0.20,25.72
224.84,0.84,188.27,223.46,0.21,46.27,224.14,0.21,32.77,0.00,0.00,0.00,217.84,0.19,25.35
220.39,0.84,184.16,219.98,0.21,45.45,219.69,0.21,33.99,0.00,0.00,0.00,218.57,0.19,25.20
219.56,0.83,183.18,220.26,0.21,45.17,218.86,0.21,33.58,0.00,0.00,0.00,218.16,0.19,25.37
221.58,0.83,184.82,218.73,0.20,44.74,220.88,0.21,33.72,0.00,0.00,0.00,218.05,0.19,25.18
219.24,0.83,182.41,214.62,0.20,43.15,218.54,0.22,33.82,0.00,0.00,0.00,219.10,0.19,25.39
220.00,0.84,184.08,216.48,0.20,44.11,219.30,0.21,33.32,0.00,0.00,0.00,220.10,0.20,26.12
219.58,0.83,183.29,220.19,0.21,45.67,218.88,0.21,32.90,0.00,0.00,0.00,218.06,0.19,25.16
222.81,0.83,185.97,220.02,0.20,45.05,222.11,0.21,33.77,0.00,0.00,0.00,219.59,0.19,25.31
220.75,0.84,184.57,222.31,0.21,46.39,220.05,0.21,33.18,0.00,0.00,0.00,216.23,0.19,24.73
220.02,0.83,183.54,220.11,0.21,45.60,219.32,0.21,32.79,0.00,0.00,0.00,218.48,0.19,25.60
221.20,0.83,183.86,218.23,0.20,44.37,220.50,0.21,33.43,0.00,0.00,0.00,218.13,0.19,25.08
222.01,0.84,186.05,220.98,0.21,45.84,221.31,0.21,33.45,0.00,0.00,0.00,220.59,0.19,26.22
216.84,0.83,180.27,222.45,0.21,46.35,216.14,0.21,33.48,0.00,0.00,0.00,216.51,0.19,23.87
217.59,0.84,182.72,220.73,0.21,46.09,216.89,0.21,32.63,0.00,0.00,0.00,219.37,0.20,25.89
221.72,0.84,185.21,220.39,0.21,45.95,221.02,0.21,32.71,0.00,0.00,0.00,216.42,0.19,25.05
221.92,0.84,185.42,221.92,0.21,46.39,221.22,0.21,32.98,0.00,0.00,0.00,218.35,0.19,24.97
220.04,0.83,183.47,219.73,0.21,45.37,219.34,0.21,32.27,0.00,0.00,0.00,219.29,0.19,25.58
218.46,0.83,182.27,220.20,0.21,45.61,217.76,0.21,32.64,0.00,0.00,0.00,217.88,0.19,25.49
220.67,0.84,184.54,218.82,0.20,44.86,219.97,0.21,33.68,0.00,0.00,0.00,218.60,0.19,25.49
222.92,0.84,186.62,222.62,0.21,46.47,222.22,0.22,33.71,0.00,0.00,0.00,218.73,0.19,25.09
221.26,0.84,185.18,220.80,0.21,45.96,220.56,0.21,33.14,0.00,0.00,0.00,219.73,0.19,25.60
219.82,0.84,184.02,220.25,0.21,45.65,219.12,0.21,32.40,0.00,0.00,0.00,218.71,0.20,25.91
220.13,0.83,183.06,219.14,0.21,45.06,219.43,0.21,32.55,0.00,0.00,0.00,217.14,0.19,24.94
219.66,0.84,184.07,220.98,0.21,46.15,218.96,0.21,33.52,0.00,0.00,0.00,218.30,0.19,25.06
219.18,0.83,182.84,217.45,0.20,44.37,218.48,0.21,33.08,0.00,0.00,0.00,219.39,0.19,25.74
218.73,0.83,181.39,217.10,0.20,44.47,218.03,0.21,33.27,0.00,0.00,0.00,213.46,0.19,23.68
225.76,0.84,188.85,218.87,0.20,44.96,225.06,0.22,34.06,0.00,0.00,0.00,219.38,0.19,25.45
219.84,0.83,183.34,217.65,0.20,44.34,219.14,0.21,33.21,0.00,0.00,0.00,219.25,0.19,26.24
219.77,0.83,182.83,220.03,0.21,45.43,219.07,0.21,33.57,0.00,0.00,0.00,215.98,0.19,24.09
224.51,0.84,188.11,221.70,0.21,46.17,223.81,0.21,33.04,0.00,0.00,0.00,219.20,0.19,25.13
222.03,0.84,186.62,218.34,0.20,44.70,221.33,0.22,34.32,0.00,0.00,0.00,218.70,0.20,25.52
220.72,0.83,184.01,213.75,0.20,42.89,220.02,0.21,32.92,0.00,0.00,0.00,218.17,0.20,25.78
221.85,0.84,186.02,220.72,0.21,45.91,221.15,0.21,33.55,0.00,0.00,0.00,217.14,0.19,24.94
220.33,0.84,184.73,218.41,0.21,44.78,219.63,0.22,34.65,0.00,0.00,0.00,219.40,0.19,25.82
220.07,0.84,184.39,220.91,0.21,45.89,219.37,0.21,32.05,0.00,0.00,0.00,220.22,0.20,26.04
220.48,0.83,183.29,218.73,0.20,44.81,219.78,0.21,33.17,0.00,0.00,0.00,219.39,0.19,25.46
221.53,0.83,183.97,218.89,0.20,44.61,220.83,0.21,32.23,0.00,0.00,0.00,218.00,0.19,25.40
219.68,0.83,182.60,219.80,0.21,45.34,218.98,0.21,31.42,0.00,0.00,0.00,218.91,0.19,25.50
219.91,0.83,183.55,220.15,0.21,45.45,219.21,0.21,31.26,0.00,0.00,0.00,217.72,0.20,25.32
220.90,0.83,183.61,219.01,0.21,45.01,220.20,0.21,31.25,0.00,0.00,0.00,217.52,0.19,24.91
222.32,0.84,186.42,217.72,0.21,44.78,221.62,0.21,33.59,0.00,0.00,0.00,220.01,0.20,25.87
219.22,0.83,182.49,219.18,0.20,44.78,218.52,0.21,33.65,0.00,0.00,0.00,217.64,0.19,24.89
222.57,0.84,186.50,220.73,0.21,45.85,221.87,0.21,33.01,0.00,0.00,0.00,219.08,0.19,26.22
214.71,0.84,179.58,220.50,0.21,45.87,214.01,0.21,32.02,0.00,0.00,0.00,218.22,0.19,25.83
224.60,0.83,187.11,222.25,0.21,46.27,223.90,0.21,30.84,0.00,0.00,0.00,220.21,0.19,25.74
219.87,0.83,182.96,220.22,0.21,45.62,219.17,0.21,30.92,0.00,0.00,0.00,218.59,0.19,25.25
221.27,0.84,185.11,221.93,0.21,46.61,220.57,0.21,33.23,0.00,0.00,0.00,218.35,0.19,25.10
220.90,0.84,185.44,221.98,0.21,46.26,220.20,0.21,33.20,0.00,0.00,0.00,219.02,0.19,25.62
219.43,0.83,182.69,219.50,0.20,45.11,218.73,0.21,32.18,0.00,0.00,0.00,228.94,0.19,26.16
222.41,0.83,184.91,215.28,0.20,43.55,221.71,0.21,33.37,0.00,0.00,0.00,217.72,0.19,25.20
221.15,0.84,185.35,219.53,0.21,45.12,220.45,0.22,34.88,0.00,0.00,0.00,216.38,0.19,25.20
220.80,0.84,185.01,220.16,0.21,45.79,220.10,0.21,31.99,0.00,0.00,0.00,217.61,0.20,25.75
218.82,0.84,183.44,219.29,0.21,45.22,218.12,0.22,33.62,0.00,0.00,0.00,218.44,0.20,25.82
222.36,0.83,185.58,219.71,0.21,45.19,221.66,0.21,32.69,0.00,0.00,0.00,217.15,0.19,25.21
223.25,0.84,186.74,222.64,0.21,46.61,222.55,0.21,32.10,0.00,0.00,0.00,216.83,0.19,25.22
219.68,0.83,183.30,219.95,0.21,45.53,218.98,0.21,33.09,0.00,0.00,0.00,215.76,0.19,24.74
219.64,0.83,183.03,221.73,0.21,46.45,218.94,0.21,33.48,0.00,0.00,0.00,214.32,0.19,23.26
220.03,0.84,184.85,217.13,0.20,44.36,219.33,0.21,33.90,0.00,0.00,0.00,219.29,0.20,25.88
221.17,0.84,185.88,217.20,0.20,43.97,220.47,0.21,33.67,0.00,0.00,0.00,219.49,0.20,26.56
221.72,0.83,184.27,216.82,0.20,44.23,221.02,0.21,32.96,0.00,0.00,0.00,218.49,0.19,25.16
220.74,0.84,185.63,221.21,0.21,46.00,220.04,0.21,33.01,0.00,0.00,0.00,216.74,0.20,25.58
222.02,0.84,186.50,219.78,0.21,45.75,221.32,0.22,33.69,0.00,0.00,0.00,219.69,0.19,25.96
215.94,0.84,180.88,219.10,0.20,44.84,215.24,0.22,34.58,0.00,0.00,0.00,217.39,0.19,25.56
219.28,0.83,181.49,219.81,0.21,45.52,218.58,0.21,32.33,0.00,0.00,0.00,213.48,0.19,23.32
219.83,0.83,183.17,219.89,0.21,45.57,219.13,0.21,32.88,0.00,0.00,0.00,214.85,0.19,24.86
221.07,0.84,184.82,219.80,0.21,45.63,220.37,0.21,32.31,0.00,0.00,0.00,218.49,0.19,25.50
220.81,0.84,185.22,216.89,0.20,44.51,220.11,0.22,34.48,0.00,0.00,0.00,217.63,0.20,25.65
221.03,0.83,184.30,216.97,0.21,44.67,220.33,0.22,34.10,0.00,0.00,0.00,216.48,0.19,24.79
219.28,0.84,183.95,215.38,0.20,43.94,218.58,0.22,34.75,0.00,0.00,0.00,219.28,0.20,25.70
219.85,0.83,181.39,212.42,0.20,42.37,219.15,0.21,33.30,0.00,0.00,0.00,217.04,0.19,24.85
221.17,0.84,185.41,220.23,0.21,45.72,220.47,0.21,33.48,0.00,0.00,0.00,218.00,0.19,25.24
220.48,0.84,186.11,220.00,0.21,45.30,219.78,0.22,34.31,0.00,0.00,0.00,223.15,0.20,26.81
220.29,0.83,183.06,218.99,0.21,45.59,219.59,0.21,32.83,0.00,0.00,0.00,217.84,0.19,24.92
218.84,0.84,184.07,218.41,0.21,45.17,218.14,0.22,34.09,0.00,0.00,0.00,217.82,0.19,25.77
221.11,0.84,184.67,219.99,0.21,45.58,220.41,0.21,31.75,0.00,0.00,0.00,216.58,0.20,25.27
221.20,0.83,184.35,218.00,0.21,44.90,220.50,0.22,34.68,0.00,0.00,0.00,215.24,0.19,24.30
220.52,0.84,184.33,216.04,0.20,44.02,219.82,0.22,34.39,0.00,0.00,0.00,215.37,0.19,25.05
220.77,0.84,184.40,216.79,0.20,44.10,220.07,0.21,33.36,0.00,0.00,0.00,219.09,0.20,25.65
220.99,0.83,183.26,218.17,0.21,44.94,220.29,0.21,31.44,0.00,0.00,0.00,217.58,0.19,25.24
220.73,0.83,183.50,216.48,0.20,44.01,220.03,0.21,33.35,0.00,0.00,0.00,217.56,0.19,25.38
222.51,0.83,184.33,219.17,0.21,45.49,221.81,0.21,32.61,0.00,0.00,0.00,216.68,0.19,24.50
225.19,0.83,186.33,217.92,0.21,44.96,224.49,0.22,33.85,0.00,0.00,0.00,214.91,0.18,23.89
221.25,0.84,185.96,222.27,0.21,46.87,220.55,0.21,33.38,0.00,0.00,0.00,217.83,0.19,25.35
219.26,0.84,183.37,218.25,0.21,44.76,218.56,0.21,33.81,0.00,0.00,0.00,218.75,0.19,25.60
219.36,0.84,183.55,219.64,0.21,45.46,218.66,0.21,31.42,0.00,0.00,0.00,217.08,0.20,25.61
222.00,0.85,188.45,221.34,0.21,46.10,221.30,0.22,33.59,0.00,0.00,0.00,217.64,0.20,26.04
219.72,0.84,183.57,216.46,0.20,43.89,219.02,0.22,34.71,0.00,0.00,0.00,217.42,0.19,25.23
220.71,0.84,185.16,220.27,0.21,45.82,220.01,0.21,32.93,0.00,0.00,0.00,218.14,0.19,25.89
222.48,0.84,186.11,220.82,0.21,44.57,221.78,0.21,32.17,0.00,0.00,0.00,219.00,0.20,25.81
220.94,0.84,185.44,218.55,0.21,45.03,220.24,0.21,32.76,0.00,0.00,0.00,217.52,0.20,25.70
221.85,0.83,184.55,217.84,0.20,44.59,221.15,0.22,34.15,0.00,0.00,0.00,221.71,0.19,25.76
220.80,0.83,183.42,220.00,0.21,45.87,220.10,0.21,31.51,0.00,0.00,0.00,216.96,0.19,24.77
219.98,0.84,184.59,220.94,0.21,45.85,219.28,0.22,33.89,0.00,0.00,0.00,218.79,0.19,25.41
220.04,0.83,183.19,218.83,0.21,45.22,219.34,0.21,32.47,0.00,0.00,0.00,218.51,0.19,25.38
220.11,0.83,183.06,218.19,0.21,44.85,219.41,0.21,31.35,0.00,0.00,0.00,218.33,0.19,25.68
222.12,0.84,185.85,216.89,0.21,44.48,221.42,0.21,33.66,0.00,0.00,0.00,217.64,0.19,25.47
221.17,0.84,184.90,218.66,0.21,45.28,220.47,0.21,32.76,0.00,0.00,0.00,215.82,0.19,24.86
222.45,0.83,184.98,219.80,0.21,45.41,221.75,0.21,32.02,0.00,0.00,0.00,228.12,0.19,25.00
221.06,0.84,185.54,219.79,0.20,45.09,220.36,0.22,34.83,0.00,0.00,0.00,218.19,0.20,25.62
219.53,0.83,183.13,220.32,0.21,45.73,218.83,0.21,32.54,0.00,0.00,0.00,217.91,0.19,25.02
219.58,0.83,181.86,217.21,0.20,44.10,218.88,0.21,33.88,0.00,0.00,0.00,216.06,0.19,24.44
220.83,0.83,183.12,216.96,0.21,44.36,220.13,0.21,33.03,0.00,0.00,0.00,216.64,0.19,24.79
219.22,0.84,183.70,218.88,0.20,44.90,218.52,0.22,34.14,0.00,0.00,0.00,217.74,0.20,25.23
218.08,0.82,179.89,217.48,0.20,44.28,217.38,0.21,33.76,0.00,0.00,0.00,216.37,0.18,23.64
218.95,0.84,183.82,219.82,0.20,45.00,218.25,0.22,34.02,0.00,0.00,0.00,218.89,0.20,26.00
217.16,0.83,180.54,217.75,0.20,44.24,216.46,0.21,33.10,0.00,0.00,0.00,218.92,0.19,25.60
220.97,0.84,185.60,218.53,0.21,45.03,220.27,0.21,33.08,0.00,0.00,0.00,217.57,0.20,25.69
219.67,0.84,184.63,221.40,0.21,45.89,218.97,0.21,32.60,0.00,0.00,0.00,221.04,0.20,25.23
219.07,0.83,182.43,220.25,0.21,45.62,218.37,0.22,33.94,0.00,0.00,0.00,215.47,0.19,24.36
218.65,0.84,184.23,218.81,0.21,44.87,217.95,0.22,34.55,0.00,0.00,0.00,219.07,0.20,26.06
217.81,0.83,181.47,216.69,0.20,44.06,217.11,0.21,33.74,0.00,0.00,0.00,219.28,0.19,25.41
221.76,0.83,183.79,218.22,0.21,44.91,221.06,0.21,32.90,0.00,0.00,0.00,214.49,0.19,23.99
222.00,0.83,185.04,219.44,0.21,45.46,221.30,0.21,33.22,0.00,0.00,0.00,214.78,0.19,24.16
219.89,0.84,184.63,217.86,0.21,45.34,219.19,0.21,33.08,0.00,0.00,0.00,218.21,0.20,25.86
217.81,0.84,183.18,220.74,0.21,45.76,217.11,0.21,32.90,0.00,0.00,0.00,218.48,0.20,25.67
219.20,0.83,182.89,215.31,0.20,43.83,218.50,0.21,33.37,0.00,0.00,0.00,218.56,0.20,25.85
220.12,0.84,184.04,219.46,0.21,45.43,219.42,0.21,32.68,0.00,0.00,0.00,217.59,0.19,25.08
221.78,0.84,185.20,219.90,0.21,45.56,221.08,0.21,32.12,0.00,0.00,0.00,218.06,0.19,25.57
221.66,0.84,185.25,220.55,0.21,45.91,220.96,0.21,32.93,0.00,0.00,0.00,218.81,0.19,25.55
221.73,0.84,185.79,219.21,0.21,45.26,221.03,0.22,34.17,0.00,0.00,0.00,217.57,0.19,25.45
221.48,0.84,185.28,217.52,0.21,44.57,220.78,0.22,34.26,0.00,0.00,0.00,218.15,0.19,25.38
221.52,0.84,186.17,221.59,0.21,45.97,220.82,0.21,33.25,0.00,0.00,0.00,217.30,0.20,25.58
215.86,0.84,180.76,222.00,0.21,46.38,215.16,0.22,33.77,0.00,0.00,0.00,218.26,0.19,25.03
217.89,0.84,182.77,220.03,0.21,45.72,217.19,0.21,32.91,0.00,0.00,0.00,219.10,0.20,25.64
220.73,0.83,183.97,222.29,0.21,46.44,220.03,0.21,33.09,0.00,0.00,0.00,217.43,0.19,24.91
218.71,0.83,182.07,218.45,0.21,44.99,218.01,0.21,33.13,0.00,0.00,0.00,219.28,0.19,25.36
220.71,0.84,185.38,219.78,0.21,45.18,220.01,0.21,33.46,0.00,0.00,0.00,217.68,0.20,25.69
221.87,0.84,185.50,219.00,0.21,44.99,221.17,0.22,34.29,0.00,0.00,0.00,217.88,0.19,25.00
221.11,0.84,185.18,220.25,0.21,45.97,220.41,0.21,33.61,0.00,0.00,0.00,219.54,0.19,24.95
220.45,0.84,184.08,218.22,0.20,44.53,219.75,0.21,33.83,0.00,0.00,0.00,217.94,0.20,25.38
219.54,0.83,183.30,215.92,0.20,43.98,218.84,0.21,33.23,0.00,0.00,0.00,219.54,0.20,26.10
220.46,0.84,184.55,218.14,0.21,45.07,219.76,0.21,32.26,0.00,0.00,0.00,218.29,0.20,25.82
218.81,0.84,182.79,218.72,0.21,45.07,218.11,0.21,31.12,0.00,0.00,0.00,217.81,0.20,25.87
224.04,0.83,186.04,217.71,0.21,44.81,223.34,0.21,33.34,0.00,0.00,0.00,214.57,0.19,23.93
221.20,0.83,184.43,218.38,0.21,45.24,220.50,0.21,33.37,0.00,0.00,0.00,215.69,0.19,24.46
221.30,0.84,185.74,219.81,0.21,45.53,220.60,0.21,33.14,0.00,0.00,0.00,217.75,0.20,25.63
219.79,0.83,183.41,216.92,0.20,44.13,219.09,0.21,33.81,0.00,0.00,0.00,218.66,0.19,25.72
219.86,0.84,184.25,218.41,0.21,45.06,219.16,0.21,33.09,0.00,0.00,0.00,218.33,0.20,25.83
221.60,0.84,185.81,221.81,0.21,46.30,220.90,0.21,33.23,0.00,0.00,0.00,217.43,0.19,25.37
221.72,0.83,183.98,220.25,0.21,45.52,221.02,0.22,33.78,0.00,0.00,0.00,216.15,0.19,24.13
220.36,0.84,185.59,220.23,0.21,45.82,219.66,0.21,33.74,0.00,0.00,0.00,219.24,0.20,25.85
218.91,0.83,181.92,220.58,0.21,45.77,218.21,0.21,32.42,0.00,0.00,0.00,217.33,0.19,24.92
220.23,0.83,182.51,218.82,0.21,45.20,219.53,0.21,32.82,0.00,0.00,0.00,214.95,0.19,23.74
222.24,0.83,185.39,217.43,0.20,44.49,221.54,0.22,34.16,0.00,0.00,0.00,214.09,0.19,24.46
219.37,0.84,183.65,220.56,0.21,45.99,218.67,0.21,31.68,0.00,0.00,0.00,218.49,0.20,25.78
220.46,0.83,184.03,215.63,0.20,43.88,219.76,0.21,33.76,0.00,0.00,0.00,219.36,0.20,25.89
222.54,0.83,184.75,220.16,0.21,45.48,221.84,0.21,33.06,0.00,0.00,0.00,215.51,0.19,24.28
220.99,0.84,186.19,222.70,0.21,46.70,220.29,0.22,33.80,0.00,0.00,0.00,217.72,0.20,25.24
221.16,0.83,183.99,218.39,0.21,44.90,220.46,0.21,31.79,0.00,0.00,0.00,217.60,0.19,25.53
218.75,0.84,182.87,223.38,0.21,46.86,218.05,0.21,32.58,0.00,0.00,0.00,216.78,0.19,24.91
219.34,0.83,182.73,216.73,0.20,44.26,218.64,0.21,33.72,0.00,0.00,0.00,218.02,0.19,25.29
222.40,0.84,185.80,217.53,0.20,44.25,221.70,0.21,34.23,0.00,0.00,0.00,217.70,0.19,25.19
220.04,0.83,182.92,220.20,0.21,45.67,219.34,0.21,31.72,0.00,0.00,0.00,216.30,0.19,25.05
219.79,0.82,181.03,217.94,0.20,44.58,219.09,0.21,32.45,0.00,0.00,0.00,215.58,0.19,24.63
220.04,0.83,182.36,218.13,0.20,44.39,219.34,0.21,33.23,0.00,0.00,0.00,216.74,0.19,24.49
219.82,0.83,183.49,219.12,0.21,45.46,219.12,0.21,32.68,0.00,0.00,0.00,219.22,0.19,25.45
221.09,0.84,184.74,221.48,0.21,46.01,220.39,0.21,31.34,0.00,0.00,0.00,219.43,0.20,25.95
217.86,0.84,182.13,221.19,0.21,46.01,217.16,0.21,32.57,0.00,0.00,0.00,217.05,0.19,25.36
220.26,0.83,183.77,218.58,0.21,45.06,219.56,0.21,31.45,0.00,0.00,0.00,220.01,0.19,26.06
222.31,0.84,185.82,220.08,0.21,45.58,221.61,0.21,32.19,0.00,0.00,0.00,217.48,0.19,25.41
217.94,0.83,181.74,221.48,0.21,46.15,217.24,0.21,32.23,0.00,0.00,0.00,218.01,0.19,25.42
224.28,0.83,186.51,216.86,0.20,44.18,223.58,0.21,33.59,0.00,0.00,0.00,217.79,0.19,25.17
218.40,0.83,181.53,215.89,0.20,43.87,217.70,0.21,33.50,0.00,0.00,0.00,218.76,0.19,25.21
221.82,0.83,184.20,219.67,0.21,45.69,221.12,0.21,31.31,0.00,0.00,0.00,217.02,0.19,24.93
221.06,0.84,185.75,221.09,0.21,46.02,220.36,0.21,33.28,0.00,0.00,0.00,218.78,0.20,25.67
219.19,0.83,182.29,219.83,0.21,45.49,218.49,0.21,33.07,0.00,0.00,0.00,217.21,0.19,24.67
222.40,0.83,184.73,213.81,0.20,43.34,221.70,0.22,34.36,0.00,0.00,0.00,216.26,0.19,24.93
222.02,0.83,184.80,219.20,0.21,45.13,221.32,0.21,33.54,0.00,0.00,0.00,218.54,0.19,24.70
221.32,0.84,185.43,221.53,0.21,46.11,220.62,0.21,33.11,0.00,0.00,0.00,218.80,0.19,25.45
218.45,0.83,182.15,220.18,0.21,45.58,217.75,0.21,32.74,0.00,0.00,0.00,216.76,0.19,24.54
220.89,0.84,184.79,221.97,0.21,46.07,220.19,0.21,31.85,0.00,0.00,0.00,217.17,0.19,25.33
221.61,0.84,186.21,221.29,0.21,45.93,220.91,0.21,31.90,0.00,0.00,0.00,218.19,0.20,25.63
218.93,0.83,181.57,214.01,0.20,43.42,218.23,0.22,34.54,0.00,0.00,0.00,216.03,0.19,24.70
222.92,0.83,185.08,219.82,0.21,45.67,222.22,0.21,32.85,0.00,0.00,0.00,216.13,0.19,24.13
221.59,0.84,185.79,220.85,0.21,46.00,220.89,0.21,33.25,0.00,0.00,0.00,219.07,0.19,25.57
221.03,0.84,186.06,219.19,0.21,45.09,220.33,0.22,34.52,0.00,0.00,0.00,217.17,0.20,25.34
222.08,0.84,186.27,220.19,0.21,45.76,221.38,0.21,33.51,0.00,0.00,0.00,218.51,0.19,25.53
221.57,0.84,186.17,221.63,0.21,46.24,220.87,0.21,33.10,0.00,0.00,0.00,221.02,0.19,25.85
222.09,0.83,183.90,220.82,0.21,45.72,221.39,0.22,34.34,0.00,0.00,0.00,216.67,0.18,23.71
222.71,0.83,185.73,218.50,0.21,45.18,222.01,0.21,33.11,0.00,0.00,0.00,217.11,0.19,24.92
221.25,0.83,183.27,222.22,0.21,46.39,220.55,0.21,33.25,0.00,0.00,0.00,215.94,0.18,23.73
219.88,0.84,184.04,220.14,0.21,45.63,219.18,0.22,34.20,0.00,0.00,0.00,219.11,0.19,25.29
220.10,0.84,185.20,219.67,0.21,45.49,219.40,0.22,33.76,0.00,0.00,0.00,219.33,0.20,26.03
220.52,0.83,183.62,214.18,0.20,42.92,219.82,0.22,34.09,0.00,0.00,0.00,219.78,0.19,25.21
221.45,0.84,185.48,221.06,0.21,46.42,220.75,0.21,32.67,0.00,0.00,0.00,218.57,0.19,25.10
222.82,0.84,186.26,218.71,0.21,45.23,222.12,0.22,34.46,0.00,0.00,0.00,219.39,0.19,25.11
221.43,0.84,184.91,220.63,0.21,45.84,220.73,0.21,33.14,0.00,0.00,0.00,219.02,0.19,25.15
219.80,0.83,183.40,222.60,0.21,46.41,219.10,0.21,32.15,0.00,0.00,0.00,217.77,0.19,25.20
221.98,0.84,186.24,217.64,0.21,44.86,221.28,0.21,32.86,0.00,0.00,0.00,218.95,0.20,26.04
221.72,0.84,186.02,218.80,0.21,45.47,221.02,0.22,33.74,0.00,0.00,0.00,217.38,0.19,25.05
222.47,0.84,186.47,221.84,0.21,46.40,221.77,0.22,33.47,0.00,0.00,0.00,219.44,0.19,25.47
219.52,0.84,184.45,219.11,0.20,45.03,218.82,0.22,34.25,0.00,0.00,0.00,218.43,0.20,25.83
220.49,0.84,185.41,218.66,0.21,45.10,219.79,0.22,34.01,0.00,0.00,0.00,217.78,0.20,25.51
222.21,0.84,186.01,217.37,0.21,44.64,221.51,0.22,34.29,0.00,0.00,0.00,218.31,0.19,25.35
220.09,0.84,184.78,220.96,0.21,46.17,219.39,0.21,33.02,0.00,0.00,0.00,220.52,0.19,25.68
219.68,0.84,184.35,222.44,0.21,46.60,218.98,0.21,33.47,0.00,0.00,0.00,218.63,0.19,25.73
220.81,0.83,183.62,219.77,0.21,45.72,220.11,0.21,31.46,0.00,0.00,0.00,214.98,0.19,24.57
221.93,0.84,185.75,221.22,0.21,45.90,221.23,0.21,32.94,0.00,0.00,0.00,218.14,0.19,25.30
222.59,0.84,186.17,221.38,0.21,46.13,221.89,0.21,31.80,0.00,0.00,0.00,217.60,0.19,25.08
222.45,0.84,187.05,224.24,0.21,46.82,221.75,0.22,33.54,0.00,0.00,0.00,218.67,0.19,25.54
221.55,0.84,185.15,218.83,0.20,44.75,220.85,0.22,34.51,0.00,0.00,0.00,219.36,0.19,25.79
222.34,0.83,183.78,218.87,0.20,44.64,221.64,0.21,33.91,0.00,0.00,0.00,214.76,0.19,23.52
222.07,0.84,185.62,220.13,0.21,45.97,221.37,0.21,33.15,0.00,0.00,0.00,217.53,0.19,24.71
222.94,0.83,185.85,221.71,0.21,46.17,222.24,0.21,33.43,0.00,0.00,0.00,217.12,0.19,24.40
221.52,0.84,185.73,220.67,0.21,45.86,220.82,0.21,31.93,0.00,0.00,0.00,221.49,0.20,26.07
221.30,0.83,184.33,216.20,0.20,44.08,220.60,0.22,34.07,0.00,0.00,0.00,214.49,0.19,24.71
223.42,0.83,185.53,221.75,0.21,46.25,222.72,0.21,32.74,0.00,0.00,0.00,213.98,0.19,23.67
221.07,0.85,186.83,221.40,0.21,46.12,220.37,0.22,33.81,0.00,0.00,0.00,219.81,0.20,25.58
221.26,0.84,186.32,221.75,0.21,46.27,220.56,0.21,32.70,0.00,0.00,0.00,218.72,0.20,25.65
221.39,0.84,186.16,220.59,0.21,45.53,220.69,0.21,32.59,0.00,0.00,0.00,218.69,0.20,26.04
221.10,0.84,185.39,221.00,0.21,45.91,220.40,0.21,33.27,0.00,0.00,0.00,218.73,0.19,25.63
222.35,0.83,185.55,220.19,0.21,45.43,221.65,0.21,33.77,0.00,0.00,0.00,216.95,0.19,24.67
222.40,0.84,185.78,222.11,0.21,46.49,221.70,0.21,32.97,0.00,0.00,0.00,218.95,0.19,24.92
219.80,0.83,183.48,222.46,0.21,46.57,219.10,0.21,33.50,0.00,0.00,0.00,219.88,0.19,24.88
221.54,0.83,183.78,219.46,0.21,45.48,220.84,0.21,33.35,0.00,0.00,0.00,216.57,0.19,24.32
221.28,0.84,185.83,219.85,0.21,45.80,220.58,0.22,34.35,0.00,0.00,0.00,218.02,0.19,24.80
219.81,0.82,181.18,216.56,0.20,43.78,219.11,0.22,34.11,0.00,0.00,0.00,215.74,0.18,23.92
221.80,0.84,186.29,219.80,0.21,45.43,221.10,0.21,32.82,0.00,0.00,0.00,218.07,0.20,25.53
222.60,0.64,143.03,220.03,0.21,45.53,221.90,0.21,34.04,0.00,0.00,0.00,0.00,0.00,0.00
215.73,0.65,139.99,219.98,0.21,46.47,215.03,0.22,34.01,0.00,0.00,0.00,0.00,0.00,0.00
219.30,0.65,141.73,218.51,0.21,45.65,218.60,0.22,35.03,0.00,0.00,0.00,0.00,0.00,0.00
219.61,0.65,142.26,219.53,0.21,46.20,218.91,0.22,34.48,0.00,0.00,0.00,0.00,0.00,0.00
219.65,0.65,141.78,219.82,0.21,46.27,218.95,0.21,33.68,0.00,0.00,0.00,0.00,0.00,0.00
218.58,0.65,141.56,218.68,0.21,46.14,217.88,0.22,34.22,0.00,0.00,0.00,0.00,0.00,0.00
220.02,0.64,141.57,217.57,0.21,45.41,219.32,0.21,33.57,0.00,0.00,0.00,0.00,0.00,0.00
221.18,0.65,143.22,220.73,0.21,46.83,220.48,0.22,33.87,0.00,0.00,0.00,0.00,0.00,0.00
219.19,0.65,141.60,218.67,0.21,45.98,218.49,0.22,34.07,0.00,0.00,0.00,0.00,0.00,0.00
221.91,0.64,143.13,218.36,0.21,45.65,221.21,0.22,33.93,0.00,0.00,0.00,0.00,0.00,0.00
219.01,0.65,142.17,221.53,0.21,47.14,218.31,0.22,33.92,0.00,0.00,0.00,0.00,0.00,0.00
218.24,0.65,141.26,220.36,0.21,46.38,217.54,0.22,33.90,0.00,0.00,0.00,0.00,0.00,0.00
220.25,0.65,142.09,223.03,0.21,47.80,219.55,0.21,32.44,0.00,0.00,0.00,0.00,0.00,0.00
219.47,0.65,142.77,221.39,0.21,47.08,218.77,0.22,34.44,0.00,0.00,0.00,0.00,0.00,0.00
216.55,0.65,139.93,221.23,0.21,46.84,215.85,0.21,33.73,0.00,0.00,0.00,0.00,0.00,0.00
219.23,0.65,141.51,218.16,0.21,45.66,218.53,0.22,34.50,0.00,0.00,0.00,0.00,0.00,0.00
220.83,0.65,142.71,219.57,0.21,46.10,220.13,0.22,34.09,0.00,0.00,0.00,0.00,0.00,0.00
218.22,0.65,141.75,223.24,0.21,47.79,217.52,0.21,33.78,0.00,0.00,0.00,0.00,0.00,0.00
217.90,0.65,141.24,221.08,0.21,46.75,217.20,0.22,34.05,0.00,0.00,0.00,0.00,0.00,0.00
220.40,0.65,142.47,219.06,0.21,46.19,219.70,0.22,34.06,0.00,0.00,0.00,0.00,0.00,0.00
218.53,0.65,142.34,223.55,0.21,47.94,217.83,0.22,34.37,0.00,0.00,0.00,0.00,0.00,0.00
217.96,0.65,141.59,220.54,0.21,46.68,217.26,0.22,35.07,0.00,0.00,0.00,0.00,0.00,0.00
220.25,0.65,143.21,222.24,0.21,47.41,219.55,0.22,34.22,0.00,0.00,0.00,0.00,0.00,0.00
218.22,0.65,141.33,219.53,0.21,46.16,217.52,0.22,34.56,0.00,0.00,0.00,0.00,0.00,0.00
220.68,0.65,142.46,220.01,0.21,46.14,219.98,0.22,33.94,0.00,0.00,0.00,0.00,0.00,0.00
220.04,0.64,141.75,220.17,0.21,46.71,219.34,0.21,32.15,0.00,0.00,0.00,0.00,0.00,0.00
219.24,0.65,141.68,219.33,0.21,46.03,218.54,0.22,34.19,0.00,0.00,0.00,0.00,0.00,0.00
219.13,0.64,140.68,219.63,0.21,46.06,218.43,0.21,31.70,0.00,0.00,0.00,0.00,0.00,0.00
218.66,0.65,141.04,218.80,0.21,45.97,217.96,0.21,33.90,0.00,0.00,0.00,0.00,0.00,0.00
218.59,0.65,141.88,221.11,0.21,46.73,217.89,0.22,35.00,0.00,0.00,0.00,0.00,0.00,0.00
217.74,0.65,141.15,220.76,0.21,46.70,217.04,0.22,34.21,0.00,0.00,0.00,0.00,0.00,0.00
220.70,0.64,142.31,216.43,0.21,45.02,220.00,0.22,34.65,0.00,0.00,0.00,0.00,0.00,0.00
219.31,0.65,142.17,219.72,0.21,46.15,218.61,0.22,34.48,0.00,0.00,0.00,0.00,0.00,0.00
217.89,0.65,140.58,219.88,0.21,46.09,217.19,0.21,33.83,0.00,0.00,0.00,0.00,0.00,0.00
221.64,0.65,143.30,219.84,0.21,46.28,220.94,0.22,34.47,0.00,0.00,0.00,0.00,0.00,0.00
218.79,0.65,142.01,219.68,0.21,46.29,218.09,0.22,34.72,0.00,0.00,0.00,0.00,0.00,0.00
219.72,0.65,142.33,219.62,0.21,46.18,219.02,0.22,34.70,0.00,0.00,0.00,0.00,0.00,0.00
220.31,0.65,142.34,220.17,0.21,46.18,219.61,0.22,34.02,0.00,0.00,0.00,0.00,0.00,0.00
218.03,0.65,141.22,220.21,0.21,46.45,217.33,0.22,34.48,0.00,0.00,0.00,0.00,0.00,0.00
219.57,0.65,141.67,217.49,0.21,45.47,218.87,0.22,33.90,0.00,0.00,0.00,0.00,0.00,0.00
220.09,0.65,142.60,220.65,0.21,46.62,219.39,0.22,33.87,0.00,0.00,0.00,0.00,0.00,0.00
219.87,0.65,142.44,220.08,0.21,46.44,219.17,0.22,33.90,0.00,0.00,0.00,0.00,0.00,0.00
214.96,0.64,138.59,217.26,0.21,45.60,214.26,0.21,33.62,0.00,0.00,0.00,0.00,0.00,0.00
220.73,0.64,141.62,213.43,0.20,43.72,220.03,0.22,34.52,0.00,0.00,0.00,0.00,0.00,0.00
219.92,0.65,142.67,221.37,0.21,46.94,219.22,0.22,34.11,0.00,0.00,0.00,0.00,0.00,0.00
217.58,0.65,140.51,219.30,0.21,46.09,216.88,0.21,33.75,0.00,0.00,0.00,0.00,0.00,0.00
217.49,0.65,140.90,223.37,0.21,47.90,216.79,0.21,32.86,0.00,0.00,0.00,0.00,0.00,0.00
217.89,0.65,140.77,220.76,0.21,46.45,217.19,0.21,33.68,0.00,0.00,0.00,0.00,0.00,0.00
220.47,0.65,142.45,220.78,0.21,46.46,219.77,0.22,33.76,0.00,0.00,0.00,0.00,0.00,0.00
219.62,0.65,142.29,220.55,0.21,46.62,218.92,0.22,33.97,0.00,0.00,0.00,0.00,0.00,0.00
217.63,0.65,140.90,220.80,0.21,46.56,216.93,0.22,34.02,0.00,0.00,0.00,0.00,0.00,0.00
217.84,0.64,140.44,218.30,0.21,45.79,217.14,0.21,33.69,0.00,0.00,0.00,0.00,0.00,0.00
218.81,0.65,142.37,221.54,0.21,46.96,218.11,0.22,34.68,0.00,0.00,0.00,0.00,0.00,0.00
218.57,0.65,141.40,219.89,0.21,46.23,217.87,0.22,33.93,0.00,0.00,0.00,0.00,0.00,0.00
218.16,0.64,140.40,218.15,0.21,45.53,217.46,0.21,33.40,0.00,0.00,0.00,0.00,0.00,0.00
220.35,0.65,143.14,219.94,0.21,46.58,219.65,0.22,34.54,0.00,0.00,0.00,0.00,0.00,0.00
219.61,0.65,141.96,218.89,0.21,45.96,218.91,0.22,33.98,0.00,0.00,0.00,0.00,0.00,0.00
220.00,0.64,141.66,218.11,0.21,45.64,219.30,0.21,33.64,0.00,0.00,0.00,0.00,0.00,0.00
219.58,0.65,142.27,218.86,0.21,46.11,218.88,0.22,34.37,0.00,0.00,0.00,0.00,0.00,0.00
216.56,0.65,139.73,219.26,0.21,45.98,215.86,0.21,33.74,0.00,0.00,0.00,0.00,0.00,0.00
221.06,0.64,142.29,217.47,0.21,45.37,220.36,0.21,33.60,0.00,0.00,0.00,0.00,0.00,0.00
220.07,0.65,142.46,220.73,0.21,46.67,219.37,0.22,33.79,0.00,0.00,0.00,0.00,0.00,0.00
218.71,0.65,141.32,217.99,0.21,45.73,218.01,0.22,33.95,0.00,0.00,0.00,0.00,0.00,0.00
220.12,0.64,141.71,219.40,0.21,46.02,219.42,0.21,32.97,0.00,0.00,0.00,0.00,0.00,0.00
215.24,0.64,138.38,215.69,0.21,44.86,214.54,0.22,34.33,0.00,0.00,0.00,0.00,0.00,0.00
220.27,0.64,142.00,220.18,0.21,46.56,219.57,0.21,32.87,0.00,0.00,0.00,0.00,0.00,0.00
219.28,0.64,141.28,217.71,0.21,45.61,218.58,0.21,33.31,0.00,0.00,0.00,0.00,0.00,0.00
218.33,0.64,140.62,218.03,0.21,45.54,217.63,0.21,33.48,0.00,0.00,0.00,0.00,0.00,0.00
221.38,0.65,143.00,220.27,0.21,46.39,220.68,0.22,33.85,0.00,0.00,0.00,0.00,0.00,0.00
219.38,0.65,142.23,222.73,0.21,47.15,218.68,0.22,34.08,0.00,0.00,0.00,0.00,0.00,0.00
217.70,0.65,140.90,219.71,0.21,46.27,217.00,0.22,33.79,0.00,0.00,0.00,0.00,0.00,0.00
220.47,0.64,141.73,219.38,0.21,46.07,219.77,0.21,32.89,0.00,0.00,0.00,0.00,0.00,0.00
220.28,0.65,142.64,220.22,0.21,46.36,219.58,0.22,34.12,0.00,0.00,0.00,0.00,0.00,0.00
218.22,0.65,141.30,219.23,0.21,46.16,217.52,0.22,34.16,0.00,0.00,0.00,0.00,0.00,0.00
218.74,0.65,141.61,218.87,0.21,45.92,218.04,0.22,34.70,0.00,0.00,0.00,0.00,0.00,0.00
221.90,0.65,144.00,221.22,0.21,46.96,221.20,0.22,34.62,0.00,0.00,0.00,0.00,0.00,0.00
218.67,0.65,142.12,220.96,0.21,47.01,217.97,0.22,34.30,0.00,0.00,0.00,0.00,0.00,0.00
220.24,0.65,142.60,221.03,0.21,46.74,219.54,0.22,33.97,0.00,0.00,0.00,0.00,0.00,0.00
218.76,0.65,141.41,219.21,0.21,45.95,218.06,0.22,34.54,0.00,0.00,0.00,0.00,0.00,0.00
211.81,0.64,135.89,218.23,0.21,45.76,211.11,0.21,32.28,0.00,0.00,0.00,0.00,0.00,0.00
219.23,0.65,142.14,221.85,0.21,47.12,218.53,0.22,33.67,0.00,0.00,0.00,0.00,0.00,0.00
219.58,0.64,140.89,217.58,0.21,45.51,218.88,0.21,32.62,0.00,0.00,0.00,0.00,0.00,0.00
220.35,0.65,142.71,220.45,0.21,46.68,219.65,0.22,33.93,0.00,0.00,0.00,0.00,0.00,0.00
218.55,0.65,141.76,221.48,0.21,47.10,217.85,0.22,33.55,0.00,0.00,0.00,0.00,0.00,0.00
219.96,0.65,142.11,220.14,0.21,46.40,219.26,0.22,33.90,0.00,0.00,0.00,0.00,0.00,0.00
218.55,0.65,141.18,221.27,0.21,46.61,217.85,0.21,33.61,0.00,0.00,0.00,0.00,0.00,0.00
220.80,0.65,143.56,221.72,0.21,47.13,220.10,0.22,34.34,0.00,0.00,0.00,0.00,0.00,0.00
220.27,0.65,142.09,214.95,0.21,44.62,219.57,0.22,34.74,0.00,0.00,0.00,0.00,0.00,0.00
221.31,0.65,143.16,220.26,0.21,46.42,220.61,0.22,33.89,0.00,0.00,0.00,0.00,0.00,0.00
221.35,0.65,143.43,221.81,0.21,47.03,220.65,0.22,33.87,0.00,0.00,0.00,0.00,0.00,0.00
217.56,0.65,141.06,221.29,0.21,46.71,216.86,0.22,34.17,0.00,0.00,0.00,0.00,0.00,0.00
219.78,0.65,142.23,220.88,0.21,46.79,219.08,0.22,33.53,0.00,0.00,0.00,0.00,0.00,0.00
220.37,0.65,143.33,221.62,0.21,47.00,219.67,0.22,34.33,0.00,0.00,0.00,0.00,0.00,0.00
220.51,0.65,142.32,216.90,0.21,45.43,219.81,0.22,34.57,0.00,0.00,0.00,0.00,0.00,0.00
220.61,0.65,142.91,221.50,0.21,46.85,219.91,0.22,33.87,0.00,0.00,0.00,0.00,0.00,0.00
219.29,0.65,142.44,221.55,0.21,46.98,218.59,0.22,34.32,0.00,0.00,0.00,0.00,0.00,0.00
218.43,0.65,141.09,220.60,0.21,46.50,217.73,0.22,33.44,0.00,0.00,0.00,0.00,0.00,0.00
220.61,0.65,142.39,220.50,0.21,46.59,219.91,0.21,33.52,0.00,0.00,0.00,0.00,0.00,0.00
218.53,0.65,141.59,219.44,0.21,46.24,217.83,0.22,34.23,0.00,0.00,0.00,0.00,0.00,0.00
219.94,0.65,141.99,219.16,0.21,46.03,219.24,0.21,33.48,0.00,0.00,0.00,0.00,0.00,0.00
215.72,0.65,139.16,220.47,0.21,46.34,215.02,0.21,33.48,0.00,0.00,0.00,0.00,0.00,0.00
221.02,0.64,142.35,220.84,0.21,46.78,220.32,0.21,31.99,0.00,0.00,0.00,0.00,0.00,0.00
220.38,0.65,142.74,220.29,0.21,46.51,219.68,0.22,33.81,0.00,0.00,0.00,0.00,0.00,0.00
220.65,0.65,142.96,220.40,0.21,46.55,219.95,0.22,34.81,0.00,0.00,0.00,0.00,0.00,0.00
215.92,0.65,139.92,219.32,0.21,46.22,215.22,0.22,34.26,0.00,0.00,0.00,0.00,0.00,0.00
222.39,0.65,143.73,219.34,0.21,46.10,221.69,0.22,33.95,0.00,0.00,0.00,0.00,0.00,0.00
218.36,0.65,141.95,220.73,0.21,46.76,217.66,0.22,34.41,0.00,0.00,0.00,0.00,0.00,0.00
216.15,0.64,139.39,218.48,0.21,45.72,215.45,0.22,33.90,0.00,0.00,0.00,0.00,0.00,0.00
216.31,0.65,140.28,221.15,0.21,46.82,215.61,0.22,34.13,0.00,0.00,0.00,0.00,0.00,0.00
218.63,0.64,140.59,218.60,0.21,45.80,217.93,0.21,32.45,0.00,0.00,0.00,0.00,0.00,0.00
222.30,0.65,143.71,220.04,0.21,46.32,221.60,0.21,33.62,0.00,0.00,0.00,0.00,0.00,0.00
219.78,0.65,141.86,217.65,0.21,45.40,219.08,0.22,34.58,0.00,0.00,0.00,0.00,0.00,0.00
218.15,0.64,140.27,218.50,0.21,45.88,217.45,0.21,32.61,0.00,0.00,0.00,0.00,0.00,0.00
217.77,0.65,141.27,221.38,0.21,47.28,217.07,0.21,33.71,0.00,0.00,0.00,0.00,0.00,0.00
219.32,0.65,141.67,220.30,0.21,46.56,218.62,0.21,33.50,0.00,0.00,0.00,0.00,0.00,0.00
220.49,0.64,142.12,219.99,0.21,46.48,219.79,0.21,32.60,0.00,0.00,0.00,0.00,0.00,0.00
217.61,0.65,140.92,222.04,0.21,47.18,216.91,0.21,33.75,0.00,0.00,0.00,0.00,0.00,0.00
219.70,0.65,141.90,218.82,0.21,45.72,219.00,0.22,34.56,0.00,0.00,0.00,0.00,0.00,0.00
220.85,0.65,142.75,219.86,0.21,46.33,220.15,0.22,33.56,0.00,0.00,0.00,0.00,0.00,0.00
220.13,0.65,142.59,221.94,0.21,47.21,219.43,0.21,33.76,0.00,0.00,0.00,0.00,0.00,0.00
220.58,0.65,142.91,219.34,0.21,46.04,219.88,0.22,34.83,0.00,0.00,0.00,0.00,0.00,0.00
219.97,0.65,142.92,220.31,0.21,46.70,219.27,0.22,34.44,0.00,0.00,0.00,0.00,0.00,0.00
218.32,0.65,141.22,220.81,0.21,46.70,217.62,0.21,33.23,0.00,0.00,0.00,0.00,0.00,0.00
220.92,0.65,142.89,220.16,0.21,46.64,220.22,0.21,34.01,0.00,0.00,0.00,0.00,0.00,0.00
219.22,0.65,142.04,219.50,0.21,46.24,218.52,0.22,34.27,0.00,0.00,0.00,0.00,0.00,0.00
219.35,0.65,141.74,219.10,0.21,46.02,218.65,0.22,33.87,0.00,0.00,0.00,0.00,0.00,0.00
218.42,0.64,140.83,219.63,0.21,46.26,217.72,0.21,33.31,0.00,0.00,0.00,0.00,0.00,0.00
220.78,0.65,143.19,219.59,0.21,46.45,220.08,0.22,34.23,0.00,0.00,0.00,0.00,0.00,0.00
220.14,0.65,142.36,220.41,0.21,46.66,219.44,0.21,33.57,0.00,0.00,0.00,0.00,0.00,0.00
219.85,0.65,142.11,220.88,0.21,46.71,219.15,0.21,33.65,0.00,0.00,0.00,0.00,0.00,0.00
218.34,0.65,141.16,221.27,0.21,46.89,217.64,0.21,33.31,0.00,0.00,0.00,0.00,0.00,0.00
218.04,0.65,140.98,220.85,0.21,46.44,217.34,0.22,33.74,0.00,0.00,0.00,0.00,0.00,0.00
220.39,0.65,142.49,220.21,0.21,46.46,219.69,0.22,33.86,0.00,0.00,0.00,0.00,0.00,0.00
219.68,0.65,142.01,221.05,0.21,46.85,218.98,0.21,32.84,0.00,0.00,0.00,0.00,0.00,0.00
219.52,0.64,141.49,219.05,0.21,46.06,218.82,0.21,33.40,0.00,0.00,0.00,0.00,0.00,0.00
221.06,0.65,143.12,221.54,0.21,46.86,220.36,0.22,33.82,0.00,0.00,0.00,0.00,0.00,0.00
215.24,0.65,139.73,219.59,0.21,46.36,214.54,0.22,34.44,0.00,0.00,0.00,0.00,0.00,0.00
221.07,0.65,142.97,219.84,0.21,46.07,220.37,0.22,34.71,0.00,0.00,0.00,0.00,0.00,0.00
220.62,0.65,142.88,216.94,0.21,45.20,219.92,0.22,35.32,0.00,0.00,0.00,0.00,0.00,0.00
218.47,0.65,141.38,218.90,0.21,45.96,217.77,0.22,33.99,0.00,0.00,0.00,0.00,0.00,0.00
219.96,0.64,141.27,218.78,0.21,45.87,219.26,0.21,32.06,0.00,0.00,0.00,0.00,0.00,0.00
218.20,0.65,141.17,220.20,0.21,46.53,217.50,0.21,33.39,0.00,0.00,0.00,0.00,0.00,0.00
219.89,0.64,140.98,218.05,0.21,45.74,219.19,0.21,32.25,0.00,0.00,0.00,0.00,0.00,0.00
220.67,0.65,142.60,219.94,0.21,46.29,219.97,0.22,33.72,0.00,0.00,0.00,0.00,0.00,0.00
219.66,0.64,141.11,214.45,0.20,44.13,218.96,0.22,34.57,0.00,0.00,0.00,0.00,0.00,0.00
221.09,0.65,142.80,219.67,0.21,46.33,220.39,0.21,33.51,0.00,0.00,0.00,0.00,0.00,0.00
218.86,0.65,142.37,222.56,0.21,47.33,218.16,0.22,34.82,0.00,0.00,0.00,0.00,0.00,0.00
218.79,0.65,141.38,218.91,0.21,45.91,218.09,0.22,33.94,0.00,0.00,0.00,0.00,0.00,0.00
221.65,0.65,143.02,220.44,0.21,46.48,220.95,0.21,33.49,0.00,0.00,0.00,0.00,0.00,0.00
218.24,0.65,141.63,221.65,0.21,46.90,217.54,0.22,34.17,0.00,0.00,0.00,0.00,0.00,0.00
219.30,0.65,141.84,219.63,0.21,46.00,218.60,0.22,33.92,0.00,0.00,0.00,0.00,0.00,0.00
222.88,0.65,144.14,219.23,0.21,46.06,222.18,0.22,33.75,0.00,0.00,0.00,0.00,0.00,0.00
217.71,0.65,140.98,218.93,0.21,46.13,217.01,0.22,33.90,0.00,0.00,0.00,0.00,0.00,0.00
216.79,0.64,139.23,215.08,0.20,44.60,216.09,0.22,34.06,0.00,0.00,0.00,0.00,0.00,0.00
219.42,0.65,142.25,221.68,0.21,46.86,218.72,0.22,34.10,0.00,0.00,0.00,0.00,0.00,0.00
216.75,0.64,139.47,217.50,0.21,45.52,216.05,0.21,33.14,0.00,0.00,0.00,0.00,0.00,0.00
220.85,0.65,142.75,221.91,0.21,47.11,220.15,0.21,33.52,0.00,0.00,0.00,0.00,0.00,0.00
218.93,0.65,141.90,221.08,0.21,46.73,218.23,0.22,34.00,0.00,0.00,0.00,0.00,0.00,0.00
219.02,0.65,142.18,221.08,0.21,46.86,218.32,0.22,34.11,0.00,0.00,0.00,0.00,0.00,0.00
220.63,0.65,142.86,220.24,0.21,46.53,219.93,0.22,33.43,0.00,0.00,0.00,0.00,0.00,0.00
218.99,0.65,142.42,222.00,0.21,47.05,218.29,0.22,34.34,0.00,0.00,0.00,0.00,0.00,0.00
218.47,0.65,140.94,218.14,0.21,45.81,217.77,0.21,33.26,0.00,0.00,0.00,0.00,0.00,0.00
221.11,0.65,143.03,220.23,0.21,46.69,220.41,0.21,33.68,0.00,0.00,0.00,0.00,0.00,0.00
218.62,0.65,141.54,220.59,0.21,46.55,217.92,0.22,34.04,0.00,0.00,0.00,0.00,0.00,0.00
219.00,0.64,140.78,220.36,0.21,46.53,218.30,0.21,31.91,0.00,0.00,0.00,0.00,0.00,0.00
221.13,0.65,143.19,220.60,0.21,46.72,220.43,0.22,33.84,0.00,0.00,0.00,0.00,0.00,0.00
215.96,0.65,139.49,221.65,0.21,46.91,215.26,0.21,33.07,0.00,0.00,0.00,0.00,0.00,0.00
220.04,0.64,141.31,220.06,0.21,46.44,219.34,0.21,32.15,0.00,0.00,0.00,0.00,0.00,0.00
219.92,0.65,142.62,222.05,0.21,47.15,219.22,0.22,33.97,0.00,0.00,0.00,0.00,0.00,0.00
218.74,0.65,142.03,220.14,0.21,46.49,218.04,0.22,34.46,0.00,0.00,0.00,0.00,0.00,0.00
218.02,0.65,140.85,219.64,0.21,46.35,217.32,0.22,33.78,0.00,0.00,0.00,0.00,0.00,0.00
221.42,0.65,143.62,219.74,0.21,46.13,220.72,0.22,35.09,0.00,0.00,0.00,0.00,0.00,0.00
218.55,0.65,141.93,222.01,0.21,47.21,217.85,0.22,34.01,0.00,0.00,0.00,0.00,0.00,0.00
220.42,0.64,141.97,218.61,0.21,45.81,219.72,0.21,33.01,0.00,0.00,0.00,0.00,0.00,0.00
220.80,0.65,143.12,220.51,0.21,46.78,220.10,0.22,33.98,0.00,0.00,0.00,0.00,0.00,0.00
219.43,0.65,142.04,218.01,0.21,45.76,218.73,0.22,34.25,0.00,0.00,0.00,0.00,0.00,0.00
218.89,0.64,141.13,218.92,0.21,46.04,218.19,0.21,33.44,0.00,0.00,0.00,0.00,0.00,0.00
219.25,0.65,141.83,220.26,0.21,46.65,218.55,0.21,33.29,0.00,0.00,0.00,0.00,0.00,0.00
220.29,0.65,142.98,221.89,0.21,46.91,219.59,0.22,34.01,0.00,0.00,0.00,0.00,0.00,0.00
218.50,0.65,141.26,219.32,0.21,45.98,217.80,0.22,33.70,0.00,0.00,0.00,0.00,0.00,0.00
220.97,0.65,142.81,220.33,0.21,46.40,220.27,0.22,33.41,0.00,0.00,0.00,0.00,0.00,0.00
219.85,0.65,143.04,221.57,0.21,47.22,219.15,0.22,35.12,0.00,0.00,0.00,0.00,0.00,0.00
218.94,0.64,141.02,217.06,0.21,45.11,218.24,0.22,33.76,0.00,0.00,0.00,0.00,0.00,0.00
220.03,0.65,142.13,219.92,0.21,46.57,219.33,0.21,33.52,0.00,0.00,0.00,0.00,0.00,0.00
219.89,0.65,142.64,221.10,0.21,46.80,219.19,0.22,34.01,0.00,0.00,0.00,0.00,0.00,0.00
218.60,0.64,140.89,219.52,0.21,46.12,217.90,0.21,32.80,0.00,0.00,0.00,0.00,0.00,0.00
216.98,0.65,140.90,220.13,0.21,46.63,216.28,0.22,34.50,0.00,0.00,0.00,0.00,0.00,0.00
219.25,0.65,142.36,220.34,0.21,46.83,218.55,0.22,33.79,0.00,0.00,0.00,0.00,0.00,0.00
218.73,0.65,141.17,221.02,0.21,46.75,218.03,0.21,33.13,0.00,0.00,0.00,0.00,0.00,0.00
220.92,0.65,142.79,220.69,0.21,46.52,220.22,0.22,33.34,0.00,0.00,0.00,0.00,0.00,0.00
219.40,0.65,141.81,220.74,0.21,46.68,218.70,0.21,32.93,0.00,0.00,0.00,0.00,0.00,0.00
220.06,0.65,143.29,223.53,0.21,48.06,219.36,0.22,34.14,0.00,0.00,0.00,0.00,0.00,0.00
221.00,0.65,143.02,221.13,0.21,46.79,220.30,0.21,33.56,0.00,0.00,0.00,0.00,0.00,0.00
220.62,0.65,142.83,219.58,0.21,46.52,219.92,0.21,33.31,0.00,0.00,0.00,0.00,0.00,0.00
219.12,0.65,141.43,219.61,0.21,46.13,218.42,0.21,33.58,0.00,0.00,0.00,0.00,0.00,0.00
219.50,0.65,142.24,222.85,0.21,46.67,218.80,0.22,34.58,0.00,0.00,0.00,0.00,0.00,0.00
216.93,0.65,140.63,220.37,0.21,46.60,216.23,0.22,34.16,0.00,0.00,0.00,0.00,0.00,0.00
213.77,0.64,137.65,218.00,0.21,45.40,213.07,0.21,33.62,0.00,0.00,0.00,0.00,0.00,0.00
220.68,0.65,142.90,219.82,0.21,46.44,219.98,0.22,33.77,0.00,0.00,0.00,0.00,0.00,0.00
219.52,0.65,141.79,219.69,0.21,46.21,218.82,0.21,33.33,0.00,0.00,0.00,0.00,0.00,0.00
218.72,0.65,141.81,219.42,0.21,46.28,218.02,0.22,33.92,0.00,0.00,0.00,0.00,0.00,0.00
218.45,0.64,140.76,218.49,0.21,45.69,217.75,0.21,33.69,0.00,0.00,0.00,0.00,0.00,0.00
220.24,0.65,142.61,220.76,0.21,46.67,219.54,0.22,33.90,0.00,0.00,0.00,0.00,0.00,0.00
220.74,0.65,143.29,221.02,0.21,46.84,220.04,0.22,34.13,0.00,0.00,0.00,0.00,0.00,0.00
219.36,0.65,141.77,220.03,0.21,46.32,218.66,0.22,33.83,0.00,0.00,0.00,0.00,0.00,0.00
220.69,0.65,142.39,218.88,0.21,45.91,219.99,0.21,33.52,0.00,0.00,0.00,0.00,0.00,0.00
217.34,0.65,140.58,218.45,0.21,46.14,216.64,0.22,33.67,0.00,0.00,0.00,0.00,0.00,0.00
219.36,0.64,140.86,219.26,0.21,46.00,218.66,0.21,32.21,0.00,0.00,0.00,0.00,0.00,0.00
220.75,0.65,143.75,220.01,0.21,46.76,220.05,0.22,34.26,0.00,0.00,0.00,0.00,0.00,0.00
219.94,0.64,141.41,218.77,0.21,45.89,219.24,0.21,32.60,0.00,0.00,0.00,0.00,0.00,0.00
218.99,0.64,140.99,219.12,0.21,46.01,218.29,0.21,33.16,0.00,0.00,0.00,0.00,0.00,0.00
219.37,0.65,142.01,220.94,0.21,46.51,218.67,0.22,34.09,0.00,0.00,0.00,0.00,0.00,0.00
219.60,0.65,142.35,221.67,0.21,46.79,218.90,0.22,34.16,0.00,0.00,0.00,0.00,0.00,0.00
220.40,0.65,142.28,221.25,0.21,46.64,219.70,0.21,33.37,0.00,0.00,0.00,0.00,0.00,0.00
219.83,0.65,142.19,219.20,0.21,46.00,219.13,0.22,34.01,0.00,0.00,0.00,0.00,0.00,0.00
221.36,0.65,143.42,219.34,0.21,46.45,220.66,0.22,34.10,0.00,0.00,0.00,0.00,0.00,0.00
221.00,0.65,142.78,218.82,0.21,46.00,220.30,0.22,33.51,0.00,0.00,0.00,0.00,0.00,0.00
220.26,0.65,143.19,221.00,0.21,46.75,219.56,0.22,34.30,0.00,0.00,0.00,0.00,0.00,0.00
220.04,0.65,143.05,221.55,0.21,46.87,219.34,0.22,34.19,0.00,0.00,0.00,0.00,0.00,0.00
217.84,0.65,140.75,219.65,0.21,46.11,217.14,0.22,34.04,0.00,0.00,0.00,0.00,0.00,0.00
218.46,0.65,141.28,219.86,0.21,46.33,217.76,0.22,33.81,0.00,0.00,0.00,0.00,0.00,0.00
220.11,0.65,142.55,218.89,0.21,46.01,219.41,0.22,34.08,0.00,0.00,0.00,0.00,0.00,0.00
218.00,0.65,141.66,219.14,0.21,46.52,217.30,0.22,34.18,0.00,0.00,0.00,0.00,0.00,0.00
220.63,0.65,142.77,219.20,0.21,46.14,219.93,0.22,33.57,0.00,0.00,0.00,0.00,0.00,0.00
218.76,0.65,141.92,218.95,0.21,46.03,218.06,0.22,34.08,0.00,0.00,0.00,0.00,0.00,0.00
216.70,0.64,139.76,217.07,0.21,44.89,216.00,0.22,33.96,0.00,0.00,0.00,0.00,0.00,0.00
218.25,0.64,140.49,218.99,0.21,45.90,217.55,0.21,33.43,0.00,0.00,0.00,0.00,0.00,0.00
220.77,0.64,141.67,218.91,0.21,45.90,220.07,0.21,32.26,0.00,0.00,0.00,0.00,0.00,0.00
219.46,0.65,142.58,221.58,0.21,47.22,218.76,0.22,34.02,0.00,0.00,0.00,0.00,0.00,0.00
220.33,0.64,141.83,219.85,0.21,46.05,219.63,0.21,33.27,0.00,0.00,0.00,0.00,0.00,0.00
220.00,0.65,142.32,219.90,0.21,46.44,219.30,0.22,33.49,0.00,0.00,0.00,0.00,0.00,0.00
222.37,0.65,144.43,220.17,0.21,46.69,221.67,0.22,34.86,0.00,0.00,0.00,0.00,0.00,0.00
217.98,0.64,140.25,220.87,0.21,46.45,217.28,0.21,32.60,0.00,0.00,0.00,0.00,0.00,0.00
217.25,0.64,139.22,219.37,0.21,46.07,216.55,0.21,31.71,0.00,0.00,0.00,0.00,0.00,0.00
220.36,0.64,142.10,219.26,0.21,46.18,219.66,0.21,33.42,0.00,0.00,0.00,0.00,0.00,0.00
217.69,0.65,141.68,223.13,0.21,47.49,216.99,0.22,34.07,0.00,0.00,0.00,0.00,0.00,0.00
218.71,0.64,140.85,219.19,0.21,45.96,218.01,0.21,33.33,0.00,0.00,0.00,0.00,0.00,0.00
219.59,0.65,142.19,219.26,0.21,46.19,218.89,0.22,33.79,0.00,0.00,0.00,0.00,0.00,0.00
218.83,0.65,142.12,220.05,0.21,46.52,218.13,0.22,35.00,0.00,0.00,0.00,0.00,0.00,0.00
218.58,0.65,141.27,219.17,0.21,46.11,217.88,0.22,33.75,0.00,0.00,0.00,0.00,0.00,0.00
220.20,0.64,141.69,218.06,0.21,45.65,219.50,0.21,33.23,0.00,0.00,0.00,0.00,0.00,0.00
220.98,0.65,143.98,221.34,0.21,47.01,220.28,0.22,34.37,0.00,0.00,0.00,0.00,0.00,0.00
219.65,0.65,142.40,219.82,0.21,46.09,218.95,0.22,34.13,0.00,0.00,0.00,0.00,0.00,0.00
218.00,0.64,139.97,218.53,0.21,45.80,217.30,0.21,32.04,0.00,0.00,0.00,0.00,0.00,0.00
221.85,0.65,144.07,221.58,0.21,46.88,221.15,0.22,33.98,0.00,0.00,0.00,0.00,0.00,0.00
218.67,0.65,141.63,220.46,0.21,46.74,217.97,0.22,33.85,0.00,0.00,0.00,0.00,0.00,0.00
218.82,0.65,141.46,222.51,0.21,47.61,218.12,0.21,32.78,0.00,0.00,0.00,0.00,0.00,0.00
219.94,0.64,141.82,220.56,0.21,46.64,219.24,0.21,32.75,0.00,0.00,0.00,0.00,0.00,0.00
219.37,0.65,141.89,221.21,0.21,46.66,218.67,0.22,33.57,0.00,0.00,0.00,0.00,0.00,0.00
218.44,0.65,141.75,219.61,0.21,46.35,217.74,0.22,34.06,0.00,0.00,0.00,0.00,0.00,0.00
218.76,0.64,141.03,218.67,0.21,45.66,218.06,0.22,33.39,0.00,0.00,0.00,0.00,0.00,0.00
220.88,0.65,142.62,218.35,0.21,45.90,220.18,0.21,33.28,0.00,0.00,0.00,0.00,0.00,0.00
219.50,0.65,142.76,220.95,0.21,46.75,218.80,0.22,35.28,0.00,0.00,0.00,0.00,0.00,0.00
220.46,0.65,142.77,219.77,0.21,46.31,219.76,0.22,34.03,0.00,0.00,0.00,0.00,0.00,0.00
218.40,0.65,141.13,219.73,0.21,46.29,217.70,0.22,33.49,0.00,0.00,0.00,0.00,0.00,0.00
219.81,0.65,142.29,220.87,0.21,46.91,219.11,0.21,33.65,0.00,0.00,0.00,0.00,0.00,0.00
220.78,0.65,142.85,221.50,0.21,46.96,220.08,0.21,33.40,0.00,0.00,0.00,0.00,0.00,0.00
220.44,0.65,143.25,220.39,0.21,46.62,219.74,0.22,34.24,0.00,0.00,0.00,0.00,0.00,0.00
221.08,0.65,143.13,219.50,0.21,46.29,220.38,0.22,34.19,0.00,0.00,0.00,0.00,0.00,0.00
219.29,0.65,142.05,220.08,0.21,46.41,218.59,0.22,34.08,0.00,0.00,0.00,0.00,0.00,0.00
218.00,0.65,141.23,219.53,0.21,46.49,217.30,0.22,33.25,0.00,0.00,0.00,0.00,0.00,0.00
218.58,0.64,140.45,216.40,0.21,45.12,217.88,0.21,33.52,0.00,0.00,0.00,0.00,0.00,0.00
221.24,0.65,142.88,219.65,0.21,46.22,220.54,0.21,33.47,0.00,0.00,0.00,0.00,0.00,0.00
221.16,0.65,144.44,222.20,0.21,47.28,220.46,0.22,35.58,0.00,0.00,0.00,0.00,0.00,0.00
219.94,0.65,142.50,221.33,0.21,46.83,219.24,0.22,33.94,0.00,0.00,0.00,0.00,0.00,0.00
218.70,0.65,141.27,217.98,0.21,45.91,218.00,0.22,32.84,0.00,0.00,0.00,0.00,0.00,0.00
221.01,0.65,142.81,222.43,0.21,47.17,220.31,0.21,33.37,0.00,0.00,0.00,0.00,0.00,0.00
219.88,0.65,143.51,221.82,0.21,47.37,219.18,0.22,34.72,0.00,0.00,0.00,0.00,0.00,0.00
218.46,0.65,141.65,220.85,0.21,46.85,217.76,0.22,34.06,0.00,0.00,0.00,0.00,0.00,0.00
217.87,0.65,141.07,221.17,0.21,46.69,217.17,0.22,33.85,0.00,0.00,0.00,0.00,0.00,0.00
215.99,0.64,138.96,218.79,0.21,45.91,215.29,0.21,32.69,0.00,0.00,0.00,0.00,0.00,0.00
215.72,0.65,139.50,221.78,0.21,46.93,215.02,0.21,33.33,0.00,0.00,0.00,0.00,0.00,0.00
219.39,0.65,141.78,220.50,0.21,46.60,218.69,0.21,33.43,0.00,0.00,0.00,0.00,0.00,0.00
217.40,0.65,140.23,218.56,0.21,45.70,216.70,0.22,33.40,0.00,0.00,0.00,0.00,0.00,0.00
217.08,0.64,139.18,217.58,0.21,45.47,216.38,0.21,31.93,0.00,0.00,0.00,0.00,0.00,0.00
219.15,0.65,141.63,218.26,0.21,45.90,218.45,0.22,33.39,0.00,0.00,0.00,0.00,0.00,0.00
212.73,0.65,137.45,219.73,0.21,46.33,212.03,0.21,32.97,0.00,0.00,0.00,0.00,0.00,0.00
220.27,0.65,143.45,223.91,0.21,48.30,219.57,0.22,33.87,0.00,0.00,0.00,0.00,0.00,0.00
217.12,0.65,140.34,218.78,0.21,45.99,216.42,0.22,34.14,0.00,0.00,0.00,0.00,0.00,0.00
220.58,0.65,142.29,219.96,0.21,46.25,219.88,0.21,33.40,0.00,0.00,0.00,0.00,0.00,0.00
217.59,0.65,140.45,220.85,0.21,46.60,216.89,0.21,33.07,0.00,0.00,0.00,0.00,0.00,0.00
218.66,0.65,141.43,221.28,0.21,46.62,217.96,0.22,33.77,0.00,0.00,0.00,0.00,0.00,0.00
218.57,0.65,142.06,218.33,0.21,46.18,217.87,0.22,34.12,0.00,0.00,0.00,0.00,0.00,0.00
220.44,0.64,141.62,218.43,0.21,45.84,219.74,0.21,31.92,0.00,0.00,0.00,0.00,0.00,0.00
219.91,0.65,142.56,220.00,0.21,46.32,219.21,0.22,33.76,0.00,0.00,0.00,0.00,0.00,0.00
219.85,0.65,142.52,220.96,0.21,46.82,219.15,0.22,34.09,0.00,0.00,0.00,0.00,0.00,0.00
219.66,0.65,141.95,220.50,0.21,46.58,218.96,0.21,33.41,0.00,0.00,0.00,0.00,0.00,0.00
220.63,0.65,143.14,221.06,0.21,46.90,219.93,0.22,34.47,0.00,0.00,0.00,0.00,0.00,0.00
219.99,0.65,142.01,218.35,0.21,45.77,219.29,0.22,33.68,0.00,0.00,0.00,0.00,0.00,0.00
220.63,0.65,142.53,219.76,0.21,46.24,219.93,0.22,33.51,0.00,0.00,0.00,0.00,0.00,0.00
220.37,0.65,143.12,219.66,0.21,46.40,219.67,0.22,35.20,0.00,0.00,0.00,0.00,0.00,0.00
219.38,0.64,141.34,219.56,0.21,46.16,218.68,0.21,32.84,0.00,0.00,0.00,0.00,0.00,0.00
219.06,0.65,141.59,220.63,0.21,46.41,218.36,0.22,33.73,0.00,0.00,0.00,0.00,0.00,0.00
218.78,0.65,141.63,221.11,0.21,46.74,218.08,0.22,33.74,0.00,0.00,0.00,0.00,0.00,0.00
219.19,0.65,141.53,219.65,0.21,46.14,218.49,0.21,33.53,0.00,0.00,0.00,0.00,0.00,0.00
219.55,0.64,141.06,214.46,0.21,44.44,218.85,0.21,33.66,0.00,0.00,0.00,0.00,0.00,0.00
220.26,0.65,142.89,220.84,0.21,46.73,219.56,0.22,33.96,0.00,0.00,0.00,0.00,0.00,0.00
218.00,0.65,141.92,220.57,0.21,46.63,217.30,0.22,35.29,0.00,0.00,0.00,0.00,0.00,0.00
217.22,0.65,140.39,218.22,0.21,45.91,216.52,0.22,33.65,0.00,0.00,0.00,0.00,0.00,0.00
220.16,0.64,141.73,217.92,0.21,45.48,219.46,0.21,32.96,0.00,0.00,0.00,0.00,0.00,0.00
219.34,0.65,142.23,221.40,0.21,47.09,218.64,0.22,33.83,0.00,0.00,0.00,0.00,0.00,0.00
218.56,0.65,141.92,219.02,0.21,46.05,217.86,0.22,35.10,0.00,0.00,0.00,0.00,0.00,0.00
221.03,0.64,142.43,219.28,0.21,46.44,220.33,0.21,32.27,0.00,0.00,0.00,0.00,0.00,0.00
217.60,0.65,141.00,222.64,0.21,47.21,216.90,0.22,33.88,0.00,0.00,0.00,0.00,0.00,0.00
217.62,0.64,139.85,213.66,0.20,44.05,216.92,0.22,34.38,0.00,0.00,0.00,0.00,0.00,0.00
220.73,0.65,143.00,220.09,0.21,46.85,220.03,0.21,33.40,0.00,0.00,0.00,0.00,0.00,0.00
220.43,0.65,142.94,220.86,0.21,46.75,219.73,0.22,34.19,0.00,0.00,0.00,0.00,0.00,0.00
221.08,0.64,142.54,219.37,0.21,45.95,220.38,0.21,33.04,0.00,0.00,0.00,0.00,0.00,0.00
218.07,0.65,141.28,221.98,0.21,46.96,217.37,0.22,33.94,0.00,0.00,0.00,0.00,0.00,0.00
220.32,0.64,141.71,217.33,0.21,45.31,219.62,0.21,33.33,0.00,0.00,0.00,0.00,0.00,0.00
219.06,0.65,142.11,220.06,0.21,46.41,218.36,0.22,34.79,0.00,0.00,0.00,0.00,0.00,0.00
221.06,0.65,143.04,220.11,0.21,46.37,220.36,0.22,33.88,0.00,0.00,0.00,0.00,0.00,0.00
220.26,0.65,143.24,220.64,0.21,46.87,219.56,0.22,34.32,0.00,0.00,0.00,0.00,0.00,0.00
219.39,0.65,142.56,220.59,0.21,46.68,218.69,0.22,34.01,0.00,0.00,0.00,0.00,0.00,0.00
219.16,0.65,141.68,219.02,0.21,46.18,218.46,0.22,33.80,0.00,0.00,0.00,0.00,0.00,0.00
219.50,0.65,141.87,218.69,0.21,45.82,218.80,0.22,33.95,0.00,0.00,0.00,0.00,0.00,0.00
221.28,0.65,143.99,222.31,0.21,47.35,220.58,0.22,34.48,0.00,0.00,0.00,0.00,0.00,0.00
219.72,0.65,141.91,220.01,0.21,46.69,219.02,0.21,33.00,0.00,0.00,0.00,0.00,0.00,0.00
219.95,0.64,141.67,217.80,0.21,45.16,219.25,0.22,34.55,0.00,0.00,0.00,0.00,0.00,0.00
222.06,0.65,143.93,220.59,0.21,46.56,221.36,0.22,34.54,0.00,0.00,0.00,0.00,0.00,0.00
218.50,0.65,142.09,220.01,0.21,46.67,217.80,0.22,34.41,0.00,0.00,0.00,0.00,0.00,0.00
217.15,0.64,139.63,215.60,0.21,44.84,216.45,0.22,33.84,0.00,0.00,0.00,0.00,0.00,0.00
220.55,0.65,142.42,219.33,0.21,45.99,219.85,0.22,33.73,0.00,0.00,0.00,0.00,0.00,0.00
218.87,0.65,142.45,221.05,0.21,46.68,218.17,0.22,35.27,0.00,0.00,0.00,0.00,0.00,0.00
220.31,0.65,142.46,221.20,0.21,46.60,219.61,0.22,33.81,0.00,0.00,0.00,0.00,0.00,0.00
219.44,0.65,142.43,220.85,0.21,46.58,218.74,0.22,34.53,0.00,0.00,0.00,0.00,0.00,0.00
218.37,0.64,140.39,219.09,0.21,46.07,217.67,0.21,32.52,0.00,0.00,0.00,0.00,0.00,0.00
220.61,0.65,142.82,220.26,0.21,46.46,219.91,0.22,34.46,0.00,0.00,0.00,0.00,0.00,0.00
221.14,0.65,143.31,222.99,0.21,47.20,220.44,0.22,33.86,0.00,0.00,0.00,0.00,0.00,0.00
217.18,0.65,140.56,219.76,0.21,46.21,216.48,0.22,33.98,0.00,0.00,0.00,0.00,0.00,0.00
219.54,0.64,141.44,219.45,0.21,46.04,218.84,0.21,33.32,0.00,0.00,0.00,0.00,0.00,0.00
220.68,0.65,143.04,220.55,0.21,46.57,219.98,0.22,34.53,0.00,0.00,0.00,0.00,0.00,0.00
216.03,0.65,140.39,221.97,0.21,47.03,215.33,0.22,34.34,0.00,0.00,0.00,0.00,0.00,0.00
217.59,0.65,140.51,219.14,0.21,46.02,216.89,0.22,33.64,0.00,0.00,0.00,0.00,0.00,0.00
220.87,0.65,142.69,218.23,0.21,45.83,220.17,0.22,34.02,0.00,0.00,0.00,0.00,0.00,0.00
217.78,0.65,141.52,220.15,0.21,46.65,217.08,0.22,33.92,0.00,0.00,0.00,0.00,0.00,0.00
214.37,0.65,138.42,220.85,0.21,46.76,213.67,0.21,33.35,0.00,0.00,0.00,0.00,0.00,0.00
218.43,0.65,141.06,218.33,0.21,45.93,217.73,0.22,33.52,0.00,0.00,0.00,0.00,0.00,0.00
221.23,0.65,143.97,219.94,0.21,46.57,220.53,0.22,34.38,0.00,0.00,0.00,0.00,0.00,0.00
216.14,0.65,139.72,219.94,0.21,46.32,215.44,0.22,33.80,0.00,0.00,0.00,0.00,0.00,0.00
218.25,0.65,141.01,218.94,0.21,45.91,217.55,0.22,34.34,0.00,0.00,0.00,0.00,0.00,0.00
220.58,0.64,142.17,219.93,0.21,46.55,219.88,0.21,32.42,0.00,0.00,0.00,0.00,0.00,0.00
218.74,0.65,141.65,219.17,0.21,46.12,218.04,0.22,34.02,0.00,0.00,0.00,0.00,0.00,0.00
218.95,0.64,141.18,218.83,0.21,45.94,218.25,0.21,33.57,0.00,0.00,0.00,0.00,0.00,0.00
219.49,0.65,141.76,219.38,0.21,46.10,218.79,0.21,33.58,0.00,0.00,0.00,0.00,0.00,0.00
221.50,0.65,144.22,222.91,0.21,47.41,220.80,0.22,34.45,0.00,0.00,0.00,0.00,0.00,0.00
219.94,0.64,141.73,219.58,0.21,46.02,219.24,0.21,33.36,0.00,0.00,0.00,0.00,0.00,0.00
217.09,0.65,140.40,219.76,0.21,46.33,216.39,0.22,33.46,0.00,0.00,0.00,0.00,0.00,0.00
220.50,0.65,143.27,221.46,0.21,46.99,219.80,0.22,33.45,0.00,0.00,0.00,0.00,0.00,0.00
217.43,0.65,140.59,220.32,0.21,46.54,216.73,0.21,33.75,0.00,0.00,0.00,0.00,0.00,0.00
218.88,0.64,141.03,218.30,0.21,45.61,218.18,0.21,33.20,0.00,0.00,0.00,0.00,0.00,0.00
218.20,0.64,140.44,219.51,0.21,46.04,217.50,0.21,33.30,0.00,0.00,0.00,0.00,0.00,0.00
222.04,0.65,143.53,218.88,0.21,45.92,221.34,0.22,33.97,0.00,0.00,0.00,0.00,0.00,0.00
218.98,0.65,142.51,219.31,0.21,46.29,218.28,0.22,35.22,0.00,0.00,0.00,0.00,0.00,0.00
219.01,0.64,140.97,218.24,0.21,45.36,218.31,0.22,33.59,0.00,0.00,0.00,0.00,0.00,0.00
219.44,0.65,142.00,220.61,0.21,46.66,218.74,0.22,33.40,0.00,0.00,0.00,0.00,0.00,0.00
220.32,0.65,142.45,218.22,0.21,45.56,219.62,0.22,33.94,0.00,0.00,0.00,0.00,0.00,0.00
218.87,0.65,141.54,220.55,0.21,46.91,218.17,0.21,33.19,0.00,0.00,0.00,0.00,0.00,0.00
218.54,0.65,141.39,218.47,0.21,45.70,217.84,0.22,34.29,0.00,0.00,0.00,0.00,0.00,0.00
217.81,0.64,140.37,218.74,0.21,45.97,217.11,0.21,33.01,0.00,0.00,0.00,0.00,0.00,0.00
219.42,0.65,141.83,220.11,0.21,46.56,218.72,0.21,33.62,0.00,0.00,0.00,0.00,0.00,0.00
211.26,0.65,136.44,219.83,0.21,46.23,210.56,0.21,33.67,0.00,0.00,0.00,0.00,0.00,0.00
218.90,0.65,141.22,220.80,0.21,46.46,218.20,0.21,33.33,0.00,0.00,0.00,0.00,0.00,0.00
220.72,0.64,142.17,218.41,0.21,45.83,220.02,0.21,33.04,0.00,0.00,0.00,0.00,0.00,0.00
218.34,0.65,141.54,220.68,0.21,46.64,217.64,0.22,34.14,0.00,0.00,0.00,0.00,0.00,0.00
223.73,0.64,144.11,216.64,0.21,45.22,223.03,0.22,33.36,0.00,0.00,0.00,0.00,0.00,0.00
220.80,0.64,142.29,219.98,0.21,46.26,220.10,0.21,33.36,0.00,0.00,0.00,0.00,0.00,0.00
219.44,0.65,141.92,219.59,0.21,46.26,218.74,0.22,34.23,0.00,0.00,0.00,0.00,0.00,0.00
218.58,0.64,140.76,217.55,0.21,45.39,217.88,0.21,33.42,0.00,0.00,0.00,0.00,0.00,0.00
218.97,0.65,141.31,220.08,0.21,46.07,218.27,0.21,33.28,0.00,0.00,0.00,0.00,0.00,0.00
218.89,0.64,141.02,217.23,0.21,45.47,218.19,0.21,34.10,0.00,0.00,0.00,0.00,0.00,0.00
216.15,0.65,139.68,219.20,0.21,46.14,215.45,0.22,33.54,0.00,0.00,0.00,0.00,0.00,0.00
219.53,0.65,142.26,220.26,0.21,46.37,218.83,0.22,33.96,0.00,0.00,0.00,0.00,0.00,0.00
218.88,0.65,141.76,219.48,0.21,46.29,218.18,0.22,34.68,0.00,0.00,0.00,0.00,0.00,0.00
218.76,0.64,140.79,219.19,0.21,46.00,218.06,0.21,33.06,0.00,0.00,0.00,0.00,0.00,0.00
218.23,0.65,141.57,221.50,0.21,47.10,217.53,0.22,33.79,0.00,0.00,0.00,0.00,0.00,0.00
219.20,0.65,141.72,220.27,0.21,46.15,218.50,0.22,33.75,0.00,0.00,0.00,0.00,0.00,0.00
219.56,0.64,141.36,219.43,0.21,46.23,218.86,0.21,33.13,0.00,0.00,0.00,0.00,0.00,0.00
214.52,0.65,138.86,219.42,0.21,46.07,213.82,0.22,34.09,0.00,0.00,0.00,0.00,0.00,0.00
220.04,0.64,141.91,218.79,0.21,45.47,219.34,0.22,34.48,0.00,0.00,0.00,0.00,0.00,0.00
218.71,0.65,142.03,221.04,0.21,46.90,218.01,0.22,33.87,0.00,0.00,0.00,0.00,0.00,0.00
217.51,0.65,141.27,218.83,0.21,46.27,216.81,0.22,34.02,0.00,0.00,0.00,0.00,0.00,0.00
220.86,0.65,143.12,222.58,0.21,47.39,220.16,0.21,33.73,0.00,0.00,0.00,0.00,0.00,0.00
219.25,0.65,141.51,221.21,0.21,46.77,218.55,0.21,33.27,0.00,0.00,0.00,0.00,0.00,0.00
218.95,0.65,142.50,221.31,0.21,47.05,218.25,0.22,34.04,0.00,0.00,0.00,0.00,0.00,0.00
216.76,0.65,140.61,221.15,0.21,46.83,216.06,0.22,33.69,0.00,0.00,0.00,0.00,0.00,0.00
218.65,0.65,141.20,219.24,0.21,46.18,217.95,0.22,33.51,0.00,0.00,0.00,0.00,0.00,0.00
216.86,0.65,140.11,218.01,0.21,45.49,216.16,0.22,34.32,0.00,0.00,0.00,0.00,0.00,0.00
217.37,0.65,140.65,220.51,0.21,46.30,216.67,0.22,34.57,0.00,0.00,0.00,0.00,0.00,0.00
221.23,0.65,142.87,219.40,0.21,46.08,220.53,0.22,33.75,0.00,0.00,0.00,0.00,0.00,0.00
218.90,0.65,142.35,221.29,0.21,46.93,218.20,0.22,34.46,0.00,0.00,0.00,0.00,0.00,0.00
217.57,0.65,140.56,221.85,0.21,47.39,216.87,0.21,32.66,0.00,0.00,0.00,0.00,0.00,0.00
217.48,0.65,141.12,220.08,0.21,46.40,216.78,0.22,34.43,0.00,0.00,0.00,0.00,0.00,0.00
220.81,0.65,142.64,220.45,0.21,46.60,220.11,0.21,33.14,0.00,0.00,0.00,0.00,0.00,0.00
220.00,0.65,142.70,220.68,0.21,46.77,219.30,0.22,34.46,0.00,0.00,0.00,0.00,0.00,0.00
219.14,0.65,142.45,218.89,0.21,46.05,218.44,0.22,33.76,0.00,0.00,0.00,0.00,0.00,0.00
215.91,0.65,139.78,219.38,0.21,46.23,215.21,0.22,34.24,0.00,0.00,0.00,0.00,0.00,0.00
221.15,0.65,143.24,221.09,0.21,46.63,220.45,0.22,32.88,0.00,0.00,0.00,0.00,0.00,0.00
221.88,0.65,143.41,219.61,0.21,46.31,221.18,0.22,33.57,0.00,0.00,0.00,0.00,0.00,0.00
220.04,0.65,143.03,221.35,0.21,46.97,219.34,0.22,34.69,0.00,0.00,0.00,0.00,0.00,0.00
219.40,0.65,142.87,221.76,0.21,47.09,218.70,0.22,33.81,0.00,0.00,0.00,0.00,0.00,0.00
218.54,0.65,141.86,219.85,0.21,46.37,217.84,0.22,34.14,0.00,0.00,0.00,0.00,0.00,0.00
219.18,0.65,141.39,217.99,0.21,45.73,218.48,0.21,32.73,0.00,0.00,0.00,0.00,0.00,0.00
221.29,0.64,142.54,217.26,0.21,45.45,220.59,0.22,33.91,0.00,0.00,0.00,0.00,0.00,0.00
219.98,0.65,143.26,222.57,0.21,47.56,219.28,0.22,34.72,0.00,0.00,0.00,0.00,0.00,0.00
219.42,0.65,142.20,218.60,0.21,45.94,218.72,0.22,34.52,0.00,0.00,0.00,0.00,0.00,0.00
220.13,0.64,141.78,215.38,0.21,44.61,219.43,0.22,32.94,0.00,0.00,0.00,0.00,0.00,0.00
218.28,0.65,141.27,217.41,0.21,45.76,217.58,0.22,33.95,0.00,0.00,0.00,0.00,0.00,0.00
220.64,0.65,142.46,218.47,0.21,45.89,219.94,0.22,33.73,0.00,0.00,0.00,0.00,0.00,0.00
219.51,0.65,141.97,219.62,0.21,46.21,218.81,0.22,33.89,0.00,0.00,0.00,0.00,0.00,0.00
220.22,0.64,141.96,220.26,0.21,46.23,219.52,0.21,33.21,0.00,0.00,0.00,0.00,0.00,0.00
220.06,0.65,142.69,222.07,0.21,47.12,219.36,0.22,33.60,0.00,0.00,0.00,0.00,0.00,0.00
220.60,0.65,143.25,220.84,0.21,46.74,219.90,0.22,33.83,0.00,0.00,0.00,0.00,0.00,0.00
216.99,0.65,141.06,220.41,0.21,46.74,216.29,0.22,34.16,0.00,0.00,0.00,0.00,0.00,0.00
219.20,0.64,141.16,215.63,0.20,44.57,218.50,0.22,34.35,0.00,0.00,0.00,0.00,0.00,0.00
218.93,0.64,140.97,218.70,0.21,45.74,218.23,0.21,33.29,0.00,0.00,0.00,0.00,0.00,0.00
220.65,0.64,142.27,218.03,0.21,45.47,219.95,0.22,33.87,0.00,0.00,0.00,0.00,0.00,0.00
221.67,0.65,143.60,221.60,0.21,47.07,220.97,0.22,33.82,0.00,0.00,0.00,0.00,0.00,0.00
218.46,0.65,141.20,220.26,0.21,46.55,217.76,0.21,33.46,0.00,0.00,0.00,0.00,0.00,0.00
217.86,0.65,141.22,220.04,0.21,46.52,217.16,0.22,33.96,0.00,0.00,0.00,0.00,0.00,0.00
217.00,0.64,139.04,217.15,0.21,45.33,216.30,0.21,32.49,0.00,0.00,0.00,0.00,0.00,0.00
220.54,0.65,142.68,220.56,0.21,46.41,219.84,0.22,33.50,0.00,0.00,0.00,0.00,0.00,0.00
219.66,0.65,142.11,219.68,0.21,46.28,218.96,0.22,33.60,0.00,0.00,0.00,0.00,0.00,0.00
219.33,0.65,141.73,220.51,0.21,46.61,218.63,0.21,33.50,0.00,0.00,0.00,0.00,0.00,0.00
216.69,0.65,140.14,218.78,0.21,46.10,215.99,0.22,33.91,0.00,0.00,0.00,0.00,0.00,0.00
216.95,0.65,140.40,218.99,0.21,45.58,216.25,0.22,35.13,0.00,0.00,0.00,0.00,0.00,0.00
221.00,0.65,142.68,219.77,0.21,46.25,220.30,0.21,33.59,0.00,0.00,0.00,0.00,0.00,0.00
219.88,0.65,142.60,222.10,0.21,46.95,219.18,0.22,34.01,0.00,0.00,0.00,0.00,0.00,0.00
220.13,0.65,142.68,221.89,0.21,46.94,219.43,0.22,33.94,0.00,0.00,0.00,0.00,0.00,0.00
214.40,0.65,138.39,216.44,0.21,44.92,213.70,0.22,34.98,0.00,0.00,0.00,0.00,0.00,0.00
212.78,0.65,137.29,218.78,0.21,45.79,212.08,0.22,33.69,0.00,0.00,0.00,0.00,0.00,0.00
219.87,0.65,143.22,222.45,0.21,47.23,219.17,0.22,35.20,0.00,0.00,0.00,0.00,0.00,0.00
218.28,0.65,141.07,220.48,0.21,46.24,217.58,0.22,34.02,0.00,0.00,0.00,0.00,0.00,0.00
220.20,0.65,142.15,220.09,0.21,46.33,219.50,0.21,33.67,0.00,0.00,0.00,0.00,0.00,0.00
220.29,0.64,142.01,219.64,0.21,46.12,219.59,0.21,33.43,0.00,0.00,0.00,0.00,0.00,0.00
219.64,0.65,142.74,220.61,0.21,46.78,218.94,0.22,34.65,0.00,0.00,0.00,0.00,0.00,0.00
216.80,0.65,141.01,220.92,0.21,46.87,216.10,0.22,34.26,0.00,0.00,0.00,0.00,0.00,0.00
218.04,0.64,140.57,218.08,0.21,45.72,217.34,0.21,33.54,0.00,0.00,0.00,0.00,0.00,0.00
220.87,0.64,142.34,219.20,0.21,46.22,220.17,0.21,33.03,0.00,0.00,0.00,0.00,0.00,0.00
219.65,0.65,142.09,218.21,0.21,45.80,218.95,0.22,34.79,0.00,0.00,0.00,0.00,0.00,0.00
215.67,0.65,140.06,221.81,0.21,47.19,214.97,0.22,33.92,0.00,0.00,0.00,0.00,0.00,0.00
219.20,0.65,141.83,219.58,0.21,46.16,218.50,0.22,34.00,0.00,0.00,0.00,0.00,0.00,0.00
219.13,0.64,141.12,217.24,0.21,45.45,218.43,0.21,33.16,0.00,0.00,0.00,0.00,0.00,0.00
218.76,0.65,141.48,219.35,0.21,46.19,218.06,0.22,33.24,0.00,0.00,0.00,0.00,0.00,0.00
221.34,0.65,143.36,220.54,0.21,46.62,220.64,0.22,33.43,0.00,0.00,0.00,0.00,0.00,0.00
220.71,0.65,142.39,221.88,0.21,46.92,220.01,0.21,33.24,0.00,0.00,0.00,0.00,0.00,0.00
217.69,0.65,141.38,219.72,0.21,46.68,216.99,0.22,33.89,0.00,0.00,0.00,0.00,0.00,0.00
219.15,0.65,141.68,218.79,0.21,46.13,218.45,0.21,33.54,0.00,0.00,0.00,0.00,0.00,0.00
217.14,0.64,139.44,218.16,0.21,45.65,216.44,0.21,32.45,0.00,0.00,0.00,0.00,0.00,0.00
221.02,0.65,142.81,220.18,0.21,46.61,220.32,0.21,33.52,0.00,0.00,0.00,0.00,0.00,0.00
220.41,0.65,142.72,219.56,0.21,45.97,219.71,0.22,34.08,0.00,0.00,0.00,0.00,0.00,0.00
218.01,0.65,140.64,218.64,0.21,46.09,217.31,0.21,33.30,0.00,0.00,0.00,0.00,0.00,0.00
220.19,0.65,142.48,219.51,0.21,46.32,219.49,0.22,34.45,0.00,0.00,0.00,0.00,0.00,0.00
214.36,0.64,138.10,219.49,0.21,46.30,213.66,0.21,32.69,0.00,0.00,0.00,0.00,0.00,0.00
218.24,0.65,141.14,220.55,0.21,46.57,217.54,0.21,33.75,0.00,0.00,0.00,0.00,0.00,0.00
218.77,0.65,141.14,221.27,0.21,46.44,218.07,0.21,33.73,0.00,0.00,0.00,0.00,0.00,0.00
218.48,0.64,140.87,218.48,0.21,45.70,217.78,0.21,33.52,0.00,0.00,0.00,0.00,0.00,0.00
217.13,0.65,140.86,219.89,0.21,46.50,216.43,0.22,33.98,0.00,0.00,0.00,0.00,0.00,0.00
219.05,0.65,142.11,222.03,0.21,46.90,218.35,0.22,34.32,0.00,0.00,0.00,0.00,0.00,0.00
218.40,0.65,141.11,220.19,0.21,46.35,217.70,0.22,33.92,0.00,0.00,0.00,0.00,0.00,0.00
221.92,0.65,143.62,220.20,0.21,46.27,221.22,0.22,34.08,0.00,0.00,0.00,0.00,0.00,0.00
218.86,0.65,142.03,221.17,0.21,46.86,218.16,0.22,33.88,0.00,0.00,0.00,0.00,0.00,0.00
218.06,0.65,141.52,218.04,0.21,45.84,217.36,0.22,34.08,0.00,0.00,0.00,0.00,0.00,0.00
219.65,0.65,141.84,221.40,0.21,46.51,218.95,0.21,32.67,0.00,0.00,0.00,0.00,0.00,0.00
220.04,0.65,142.38,219.91,0.21,46.72,219.34,0.21,33.86,0.00,0.00,0.00,0.00,0.00,0.00
219.40,0.65,142.92,221.00,0.21,47.06,218.70,0.22,34.41,0.00,0.00,0.00,0.00,0.00,0.00
218.60,0.65,141.39,220.93,0.21,46.29,217.90,0.22,33.70,0.00,0.00,0.00,0.00,0.00,0.00
218.99,0.64,141.14,219.01,0.21,45.99,218.29,0.21,33.54,0.00,0.00,0.00,0.00,0.00,0.00
219.73,0.65,143.41,222.31,0.21,47.52,219.03,0.22,34.35,0.00,0.00,0.00,0.00,0.00,0.00
219.03,0.65,141.65,219.13,0.21,46.12,218.33,0.22,34.55,0.00,0.00,0.00,0.00,0.00,0.00
221.43,0.64,142.61,218.14,0.21,45.81,220.73,0.21,33.08,0.00,0.00,0.00,0.00,0.00,0.00
219.66,0.65,141.85,220.67,0.21,46.83,218.96,0.21,32.95,0.00,0.00,0.00,0.00,0.00,0.00
219.21,0.65,141.58,218.70,0.21,45.82,218.51,0.22,33.86,0.00,0.00,0.00,0.00,0.00,0.00
219.56,0.65,141.79,219.72,0.21,46.17,218.86,0.22,34.15,0.00,0.00,0.00,0.00,0.00,0.00
225.16,0.65,145.90,220.23,0.21,46.54,224.46,0.22,34.07,0.00,0.00,0.00,0.00,0.00,0.00
221.92,0.65,143.72,220.79,0.21,46.78,221.22,0.21,33.80,0.00,0.00,0.00,0.00,0.00,0.00
221.15,0.65,143.62,220.12,0.21,46.52,220.45,0.22,34.88,0.00,0.00,0.00,0.00,0.00,0.00
219.03,0.65,141.70,217.86,0.21,45.73,218.33,0.22,34.44,0.00,0.00,0.00,0.00,0.00,0.00
219.04,0.65,141.48,220.72,0.21,46.40,218.34,0.21,33.79,0.00,0.00,0.00,0.00,0.00,0.00
221.09,0.65,144.48,225.10,0.21,48.74,220.39,0.22,34.20,0.00,0.00,0.00,0.00,0.00,0.00
219.12,0.65,141.39,219.26,0.21,46.05,218.42,0.22,33.58,0.00,0.00,0.00,0.00,0.00,0.00
220.36,0.64,141.93,217.87,0.21,45.60,219.66,0.21,33.38,0.00,0.00,0.00,0.00,0.00,0.00
219.59,0.65,141.88,221.63,0.21,46.71,218.89,0.21,33.70,0.00,0.00,0.00,0.00,0.00,0.00
219.64,0.65,142.91,219.31,0.21,46.49,218.94,0.22,34.55,0.00,0.00,0.00,0.00,0.00,0.00
224.17,0.65,144.63,219.75,0.21,46.37,223.47,0.21,33.47,0.00,0.00,0.00,0.00,0.00,0.00
220.45,0.65,142.79,216.69,0.21,45.05,219.75,0.22,35.40,0.00,0.00,0.00,0.00,0.00,0.00
219.61,0.65,142.25,219.92,0.21,46.37,218.91,0.22,33.87,0.00,0.00,0.00,0.00,0.00,0.00
220.40,0.64,142.09,218.80,0.21,45.94,219.70,0.21,33.74,0.00,0.00,0.00,0.00,0.00,0.00
220.03,0.65,142.71,219.57,0.21,46.36,219.33,0.22,34.13,0.00,0.00,0.00,0.00,0.00,0.00
217.98,0.65,141.39,219.94,0.21,46.60,217.28,0.22,33.87,0.00,0.00,0.00,0.00,0.00,0.00
218.71,0.65,142.83,225.12,0.21,48.17,218.01,0.22,34.45,0.00,0.00,0.00,0.00,0.00,0.00
218.67,0.65,141.31,216.66,0.21,45.43,217.97,0.22,34.65,0.00,0.00,0.00,0.00,0.00,0.00
219.04,0.65,142.44,220.35,0.21,46.85,218.34,0.22,34.11,0.00,0.00,0.00,0.00,0.00,0.00
218.97,0.65,141.80,219.47,0.21,46.51,218.27,0.22,33.88,0.00,0.00,0.00,0.00,0.00,0.00
218.35,0.65,140.86,219.16,0.21,45.88,217.65,0.22,33.68,0.00,0.00,0.00,0.00,0.00,0.00
222.23,0.65,143.87,220.25,0.21,46.46,221.53,0.22,33.72,0.00,0.00,0.00,0.00,0.00,0.00
217.26,0.65,140.69,219.92,0.21,46.25,216.56,0.22,33.75,0.00,0.00,0.00,0.00,0.00,0.00
217.47,0.65,140.45,218.81,0.21,45.90,216.77,0.22,33.61,0.00,0.00,0.00,0.00,0.00,0.00
219.42,0.65,142.55,221.21,0.21,46.83,218.72,0.22,34.20,0.00,0.00,0.00,0.00,0.00,0.00
222.19,0.65,143.49,220.98,0.21,46.62,221.49,0.21,33.16,0.00,0.00,0.00,0.00,0.00,0.00
219.06,0.65,141.75,219.31,0.21,45.99,218.36,0.22,33.82,0.00,0.00,0.00,0.00,0.00,0.00
219.03,0.65,142.62,222.74,0.21,47.30,218.33,0.22,34.29,0.00,0.00,0.00,0.00,0.00,0.00
218.93,0.65,141.22,219.42,0.21,46.03,218.23,0.21,33.72,0.00,0.00,0.00,0.00,0.00,0.00
220.39,0.64,141.48,218.79,0.21,45.87,219.69,0.21,31.89,0.00,0.00,0.00,0.00,0.00,0.00
216.47,0.64,139.12,219.66,0.21,46.21,215.77,0.21,31.80,0.00,0.00,0.00,0.00,0.00,0.00
220.47,0.65,142.25,218.95,0.21,45.82,219.77,0.22,33.60,0.00,0.00,0.00,0.00,0.00,0.00
217.34,0.65,141.14,221.15,0.21,46.82,216.64,0.22,33.81,0.00,0.00,0.00,0.00,0.00,0.00
217.70,0.65,140.68,218.59,0.21,45.79,217.00,0.22,33.61,0.00,0.00,0.00,0.00,0.00,0.00
219.60,0.65,141.65,219.11,0.21,46.01,218.90,0.21,33.45,0.00,0.00,0.00,0.00,0.00,0.00
219.43,0.65,142.16,220.39,0.21,46.63,218.73,0.22,33.52,0.00,0.00,0.00,0.00,0.00,0.00
217.89,0.64,140.33,219.54,0.21,46.19,217.19,0.21,32.99,0.00,0.00,0.00,0.00,0.00,0.00
218.67,0.65,141.24,219.23,0.21,45.94,217.97,0.22,33.41,0.00,0.00,0.00,0.00,0.00,0.00
220.52,0.65,142.40,218.76,0.21,45.93,219.82,0.22,34.13,0.00,0.00,0.00,0.00,0.00,0.00
220.76,0.65,143.48,218.90,0.21,46.18,220.06,0.22,34.98,0.00,0.00,0.00,0.00,0.00,0.00
218.33,0.65,141.36,219.89,0.21,46.36,217.63,0.22,33.98,0.00,0.00,0.00,0.00,0.00,0.00
219.52,0.64,140.71,218.62,0.21,45.99,218.82,0.21,31.49,0.00,0.00,0.00,0.00,0.00,0.00
219.35,0.65,142.57,220.12,0.21,46.54,218.65,0.22,34.38,0.00,0.00,0.00,0.00,0.00,0.00
219.45,0.64,140.95,220.41,0.21,46.46,218.75,0.21,32.45,0.00,0.00,0.00,0.00,0.00,0.00
217.47,0.65,140.36,218.81,0.21,45.84,216.77,0.22,33.61,0.00,0.00,0.00,0.00,0.00,0.00
221.53,0.65,143.82,221.33,0.21,47.01,220.83,0.22,34.09,0.00,0.00,0.00,0.00,0.00,0.00
217.66,0.65,141.07,219.43,0.21,46.30,216.96,0.22,34.38,0.00,0.00,0.00,0.00,0.00,0.00
219.18,0.64,140.70,217.15,0.21,45.22,218.48,0.21,32.76,0.00,0.00,0.00,0.00,0.00,0.00
220.99,0.65,142.92,216.26,0.21,44.94,220.29,0.22,34.41,0.00,0.00,0.00,0.00,0.00,0.00
217.58,0.65,140.42,219.23,0.21,45.89,216.88,0.22,33.79,0.00,0.00,0.00,0.00,0.00,0.00
218.12,0.65,140.79,219.38,0.21,46.47,217.42,0.21,32.89,0.00,0.00,0.00,0.00,0.00,0.00
220.04,0.65,142.62,219.54,0.21,46.52,219.34,0.22,33.92,0.00,0.00,0.00,0.00,0.00,0.00
216.51,0.65,141.48,224.39,0.21,48.58,215.81,0.22,33.92,0.00,0.00,0.00,0.00,0.00,0.00
219.61,0.65,142.51,221.57,0.21,47.14,218.91,0.22,33.29,0.00,0.00,0.00,0.00,0.00,0.00
217.99,0.64,140.45,217.86,0.21,45.58,217.29,0.21,33.57,0.00,0.00,0.00,0.00,0.00,0.00
219.43,0.65,142.11,220.54,0.21,46.51,218.73,0.22,34.09,0.00,0.00,0.00,0.00,0.00,0.00
217.86,0.65,140.58,219.48,0.21,46.22,217.16,0.21,33.45,0.00,0.00,0.00,0.00,0.00,0.00
217.43,0.64,139.80,219.16,0.21,45.95,216.73,0.21,33.03,0.00,0.00,0.00,0.00,0.00,0.00
222.11,0.65,143.74,218.55,0.21,46.08,221.41,0.22,33.92,0.00,0.00,0.00,0.00,0.00,0.00
218.43,0.64,140.82,220.48,0.21,46.50,217.73,0.21,32.82,0.00,0.00,0.00,0.00,0.00,0.00
216.99,0.65,140.30,223.97,0.21,48.05,216.29,0.21,32.32,0.00,0.00,0.00,0.00,0.00,0.00
219.34,0.64,141.39,220.61,0.21,46.50,218.64,0.21,33.04,0.00,0.00,0.00,0.00,0.00,0.00
220.09,0.65,142.59,219.51,0.21,46.36,219.39,0.22,34.04,0.00,0.00,0.00,0.00,0.00,0.00
219.84,0.65,142.23,218.63,0.21,45.97,219.14,0.22,33.93,0.00,0.00,0.00,0.00,0.00,0.00
219.75,0.64,140.83,215.91,0.21,44.70,219.05,0.21,32.75,0.00,0.00,0.00,0.00,0.00,0.00
220.27,0.64,141.68,215.14,0.21,44.48,219.57,0.22,34.33,0.00,0.00,0.00,0.00,0.00,0.00
217.74,0.65,141.36,219.84,0.21,46.46,217.04,0.22,34.27,0.00,0.00,0.00,0.00,0.00,0.00
219.65,0.65,141.74,218.33,0.21,45.89,218.95,0.21,33.68,0.00,0.00,0.00,0.00,0.00,0.00
224.96,0.65,145.47,221.39,0.21,46.08,224.26,0.22,34.02,0.00,0.00,0.00,0.00,0.00,0.00
219.40,0.64,141.08,217.84,0.21,45.46,218.70,0.21,32.65,0.00,0.00,0.00,0.00,0.00,0.00
224.22,0.65,145.58,220.87,0.21,46.74,223.52,0.22,34.12,0.00,0.00,0.00,0.00,0.00,0.00
219.00,0.64,140.58,217.87,0.21,45.58,218.30,0.21,32.13,0.00,0.00,0.00,0.00,0.00,0.00
219.98,0.65,142.47,220.21,0.21,46.49,219.28,0.22,33.87,0.00,0.00,0.00,0.00,0.00,0.00
218.68,0.65,141.20,220.33,0.21,46.60,217.98,0.21,32.99,0.00,0.00,0.00,0.00,0.00,0.00
219.39,0.64,141.37,219.52,0.21,45.91,218.69,0.21,33.51,0.00,0.00,0.00,0.00,0.00,0.00
221.67,0.65,143.06,219.93,0.21,46.48,220.97,0.21,32.39,0.00,0.00,0.00,0.00,0.00,0.00
216.75,0.64,139.50,218.77,0.21,46.10,216.05,0.21,31.95,0.00,0.00,0.00,0.00,0.00,0.00
219.71,0.64,141.26,219.88,0.21,46.23,219.01,0.21,32.53,0.00,0.00,0.00,0.00,0.00,0.00
218.08,0.65,141.40,220.82,0.21,46.45,217.38,0.22,34.02,0.00,0.00,0.00,0.00,0.00,0.00
219.45,0.65,142.28,220.79,0.21,46.64,218.75,0.22,34.01,0.00,0.00,0.00,0.00,0.00,0.00
219.03,0.65,141.34,219.04,0.21,46.11,218.33,0.21,33.26,0.00,0.00,0.00,0.00,0.00,0.00
220.19,0.65,142.20,220.47,0.21,46.66,219.49,0.21,33.40,0.00,0.00,0.00,0.00,0.00,0.00
221.14,0.65,143.47,220.34,0.21,46.70,220.44,0.22,33.98,0.00,0.00,0.00,0.00,0.00,0.00
219.12,0.64,140.93,218.20,0.21,45.57,218.42,0.21,33.20,0.00,0.00,0.00,0.00,0.00,0.00
221.22,0.65,143.19,220.28,0.21,46.52,220.52,0.22,33.95,0.00,0.00,0.00,0.00,0.00,0.00
218.43,0.65,140.90,217.49,0.21,45.48,217.73,0.22,33.44,0.00,0.00,0.00,0.00,0.00,0.00
218.48,0.65,140.99,218.18,0.21,45.70,217.78,0.22,34.33,0.00,0.00,0.00,0.00,0.00,0.00
220.98,0.65,142.55,219.79,0.21,46.10,220.28,0.21,33.60,0.00,0.00,0.00,0.00,0.00,0.00
219.58,0.64,140.57,218.45,0.21,45.72,218.88,0.21,31.55,0.00,0.00,0.00,0.00,0.00,0.00
218.62,0.64,140.81,218.42,0.21,45.87,217.92,0.21,33.46,0.00,0.00,0.00,0.00,0.00,0.00
217.56,0.65,140.94,219.81,0.21,46.38,216.86,0.22,33.99,0.00,0.00,0.00,0.00,0.00,0.00
219.33,0.64,141.46,219.03,0.21,46.00,218.63,0.21,33.37,0.00,0.00,0.00,0.00,0.00,0.00
220.18,0.65,142.64,219.47,0.21,46.29,219.48,0.22,33.98,0.00,0.00,0.00,0.00,0.00,0.00
219.83,0.65,142.06,220.03,0.21,46.38,219.13,0.21,33.61,0.00,0.00,0.00,0.00,0.00,0.00
218.44,0.65,141.16,218.59,0.21,45.85,217.74,0.22,34.32,0.00,0.00,0.00,0.00,0.00,0.00
220.48,0.65,142.77,220.97,0.21,46.65,219.78,0.22,33.88,0.00,0.00,0.00,0.00,0.00,0.00
218.34,0.65,141.89,221.40,0.21,46.94,217.64,0.22,34.32,0.00,0.00,0.00,0.00,0.00,0.00
218.34,0.64,139.94,219.95,0.21,46.39,217.64,0.21,31.30,0.00,0.00,0.00,0.00,0.00,0.00
220.08,0.65,142.59,219.61,0.21,46.41,219.38,0.22,34.07,0.00,0.00,0.00,0.00,0.00,0.00
218.81,0.64,140.23,218.86,0.21,45.88,218.11,0.21,31.73,0.00,0.00,0.00,0.00,0.00,0.00
218.74,0.65,141.55,220.65,0.21,46.57,218.04,0.22,33.42,0.00,0.00,0.00,0.00,0.00,0.00
218.25,0.64,140.46,217.63,0.21,45.33,217.55,0.21,33.38,0.00,0.00,0.00,0.00,0.00,0.00
215.74,0.65,140.07,221.24,0.21,46.82,215.04,0.22,34.23,0.00,0.00,0.00,0.00,0.00,0.00
218.92,0.65,141.45,219.94,0.21,46.16,218.22,0.22,33.46,0.00,0.00,0.00,0.00,0.00,0.00
219.70,0.65,142.72,220.60,0.21,46.86,219.00,0.22,34.77,0.00,0.00,0.00,0.00,0.00,0.00
219.20,0.64,140.70,219.40,0.21,46.29,218.50,0.21,31.42,0.00,0.00,0.00,0.00,0.00,0.00
220.17,0.64,141.32,219.38,0.21,45.95,219.47,0.21,31.79,0.00,0.00,0.00,0.00,0.00,0.00
217.85,0.64,140.29,218.87,0.21,45.84,217.15,0.21,32.52,0.00,0.00,0.00,0.00,0.00,0.00
219.84,0.65,142.25,219.96,0.21,46.23,219.14,0.22,33.88,0.00,0.00,0.00,0.00,0.00,0.00
218.04,0.64,139.59,219.19,0.21,46.02,217.34,0.21,32.37,0.00,0.00,0.00,0.00,0.00,0.00
219.74,0.64,141.49,220.07,0.21,46.47,219.04,0.21,31.99,0.00,0.00,0.00,0.00,0.00,0.00
219.27,0.64,141.16,218.66,0.21,45.88,218.57,0.21,33.36,0.00,0.00,0.00,0.00,0.00,0.00
221.14,0.65,143.59,220.56,0.21,46.70,220.44,0.22,34.39,0.00,0.00,0.00,0.00,0.00,0.00
218.51,0.64,140.66,219.05,0.21,45.93,217.81,0.21,32.99,0.00,0.00,0.00,0.00,0.00,0.00
217.57,0.65,140.66,218.52,0.21,45.98,216.87,0.22,33.97,0.00,0.00,0.00,0.00,0.00,0.00
218.71,0.65,141.38,218.82,0.21,45.87,218.01,0.22,34.37,0.00,0.00,0.00,0.00,0.00,0.00
219.45,0.65,142.13,220.29,0.21,46.56,218.75,0.22,33.81,0.00,0.00,0.00,0.00,0.00,0.00
218.21,0.64,140.50,219.17,0.21,45.83,217.51,0.21,33.43,0.00,0.00,0.00,0.00,0.00,0.00
219.75,0.65,142.42,220.48,0.21,46.79,219.05,0.22,33.90,0.00,0.00,0.00,0.00,0.00,0.00
227.95,0.64,146.47,218.53,0.21,45.69,227.25,0.21,32.22,0.00,0.00,0.00,0.00,0.00,0.00
219.29,0.65,142.11,220.01,0.21,46.28,218.59,0.22,34.24,0.00,0.00,0.00,0.00,0.00,0.00
216.38,0.64,138.91,215.43,0.20,44.53,215.68,0.22,34.15,0.00,0.00,0.00,0.00,0.00,0.00
219.93,0.65,141.92,219.83,0.21,46.33,219.23,0.21,33.42,0.00,0.00,0.00,0.00,0.00,0.00
219.01,0.65,141.71,219.09,0.21,46.25,218.31,0.22,33.92,0.00,0.00,0.00,0.00,0.00,0.00
219.31,0.64,141.30,219.13,0.21,45.80,218.61,0.21,33.57,0.00,0.00,0.00,0.00,0.00,0.00
219.63,0.65,142.03,220.75,0.21,46.51,218.93,0.22,33.77,0.00,0.00,0.00,0.00,0.00,0.00
218.44,0.64,140.16,219.39,0.21,45.93,217.74,0.21,31.87,0.00,0.00,0.00,0.00,0.00,0.00
218.92,0.65,141.21,221.03,0.21,46.68,218.22,0.21,32.24,0.00,0.00,0.00,0.00,0.00,0.00
218.30,0.64,140.46,217.82,0.21,45.65,217.60,0.21,33.20,0.00,0.00,0.00,0.00,0.00,0.00
216.70,0.65,140.43,220.66,0.21,46.70,216.00,0.22,33.87,0.00,0.00,0.00,0.00,0.00,0.00
219.08,0.65,141.36,219.09,0.21,45.89,218.38,0.22,33.66,0.00,0.00,0.00,0.00,0.00,0.00
220.04,0.64,141.34,219.58,0.21,46.13,219.34,0.21,32.38,0.00,0.00,0.00,0.00,0.00,0.00
218.12,0.64,140.60,217.58,0.21,45.35,217.42,0.22,34.30,0.00,0.00,0.00,0.00,0.00,0.00
219.02,0.65,141.35,220.85,0.21,46.57,218.32,0.21,33.41,0.00,0.00,0.00,0.00,0.00,0.00
218.49,0.65,141.75,220.90,0.21,46.99,217.79,0.22,33.74,0.00,0.00,0.00,0.00,0.00,0.00
219.84,0.64,141.49,220.14,0.21,46.32,219.14,0.21,33.06,0.00,0.00,0.00,0.00,0.00,0.00
219.45,0.65,141.93,220.50,0.21,46.47,218.75,0.22,33.67,0.00,0.00,0.00,0.00,0.00,0.00
219.29,0.64,141.38,218.78,0.21,45.90,218.59,0.21,33.39,0.00,0.00,0.00,0.00,0.00,0.00
220.76,0.65,142.59,222.02,0.21,47.14,220.06,0.21,32.30,0.00,0.00,0.00,0.00,0.00,0.00
218.11,0.64,140.38,217.46,0.21,45.45,217.41,0.21,33.76,0.00,0.00,0.00,0.00,0.00,0.00
213.69,0.64,137.45,217.00,0.21,45.06,212.99,0.21,33.72,0.00,0.00,0.00,0.00,0.00,0.00
219.37,0.64,141.05,218.58,0.21,45.74,218.67,0.21,32.72,0.00,0.00,0.00,0.00,0.00,0.00
219.35,0.65,141.89,221.30,0.21,46.89,218.65,0.21,32.40,0.00,0.00,0.00,0.00,0.00,0.00
219.44,0.64,141.18,218.96,0.21,45.96,218.74,0.21,33.08,0.00,0.00,0.00,0.00,0.00,0.00
216.92,0.64,139.91,218.24,0.21,45.53,216.22,0.22,33.95,0.00,0.00,0.00,0.00,0.00,0.00
218.34,0.65,141.03,219.46,0.21,46.11,217.64,0.22,33.75,0.00,0.00,0.00,0.00,0.00,0.00
219.41,0.64,140.54,217.30,0.21,45.23,218.71,0.21,32.26,0.00,0.00,0.00,0.00,0.00,0.00
217.87,0.64,139.91,218.16,0.21,45.65,217.17,0.21,32.28,0.00,0.00,0.00,0.00,0.00,0.00
218.59,0.65,141.79,220.62,0.21,46.58,217.89,0.22,34.56,0.00,0.00,0.00,0.00,0.00,0.00
220.84,0.64,142.36,219.11,0.21,45.95,220.14,0.21,33.52,0.00,0.00,0.00,0.00,0.00,0.00
217.19,0.64,139.77,220.79,0.21,46.36,216.49,0.21,33.21,0.00,0.00,0.00,0.00,0.00,0.00
217.96,0.64,140.38,219.61,0.21,46.03,217.26,0.21,33.43,0.00,0.00,0.00,0.00,0.00,0.00
218.84,0.65,141.46,218.91,0.21,46.14,218.14,0.22,33.76,0.00,0.00,0.00,0.00,0.00,0.00
218.02,0.64,140.17,216.26,0.21,44.78,217.32,0.22,33.94,0.00,0.00,0.00,0.00,0.00,0.00
219.63,0.64,141.64,218.64,0.21,45.89,218.93,0.21,33.51,0.00,0.00,0.00,0.00,0.00,0.00
219.37,0.65,142.24,219.25,0.21,46.10,218.67,0.22,34.71,0.00,0.00,0.00,0.00,0.00,0.00
218.85,0.65,141.32,216.09,0.21,44.99,218.15,0.22,34.30,0.00,0.00,0.00,0.00,0.00,0.00
216.55,0.64,138.35,216.39,0.21,44.79,215.85,0.21,31.60,0.00,0.00,0.00,0.00,0.00,0.00
216.28,0.64,138.82,218.02,0.21,45.56,215.58,0.21,31.68,0.00,0.00,0.00,0.00,0.00,0.00
219.45,0.64,141.49,219.84,0.21,46.28,218.75,0.21,33.23,0.00,0.00,0.00,0.00,0.00,0.00
217.37,0.65,140.36,220.78,0.21,45.90,216.67,0.22,34.31,0.00,0.00,0.00,0.00,0.00,0.00
217.93,0.65,141.59,219.54,0.21,46.26,217.23,0.22,34.56,0.00,0.00,0.00,0.00,0.00,0.00
216.67,0.64,137.65,218.07,0.21,45.34,215.97,0.21,30.97,0.00,0.00,0.00,0.00,0.00,0.00
215.60,0.65,139.15,220.52,0.21,46.65,214.90,0.21,33.30,0.00,0.00,0.00,0.00,0.00,0.00
217.02,0.65,140.59,220.43,0.21,46.39,216.32,0.22,34.39,0.00,0.00,0.00,0.00,0.00,0.00
219.71,0.64,140.91,217.92,0.21,45.35,219.01,0.21,32.71,0.00,0.00,0.00,0.00,0.00,0.00
218.70,0.64,139.79,217.63,0.21,45.43,218.00,0.21,30.89,0.00,0.00,0.00,0.00,0.00,0.00
217.72,0.64,139.63,219.90,0.21,46.32,217.02,0.21,31.71,0.00,0.00,0.00,0.00,0.00,0.00
216.58,0.65,140.20,218.45,0.21,45.66,215.88,0.22,34.55,0.00,0.00,0.00,0.00,0.00,0.00
217.93,0.64,139.40,218.87,0.21,45.65,217.23,0.21,31.31,0.00,0.00,0.00,0.00,0.00,0.00
217.88,0.64,139.90,219.44,0.21,46.07,217.18,0.21,32.81,0.00,0.00,0.00,0.00,0.00,0.00
215.98,0.65,139.96,218.85,0.21,46.00,215.28,0.22,34.65,0.00,0.00,0.00,0.00,0.00,0.00
219.55,0.63,139.36,214.45,0.20,43.94,218.85,0.21,31.01,0.00,0.00,0.00,0.00,0.00,0.00
218.40,0.64,140.34,219.37,0.21,45.96,217.70,0.21,31.86,0.00,0.00,0.00,0.00,0.00,0.00
218.74,0.65,141.27,219.86,0.21,46.25,218.04,0.22,33.88,0.00,0.00,0.00,0.00,0.00,0.00
218.62,0.64,140.80,218.34,0.21,45.64,217.92,0.21,32.33,0.00,0.00,0.00,0.00,0.00,0.00
217.71,0.64,140.29,218.77,0.21,45.93,217.01,0.21,33.64,0.00,0.00,0.00,0.00,0.00,0.00
218.28,0.64,140.74,220.85,0.21,46.48,217.58,0.21,32.65,0.00,0.00,0.00,0.00,0.00,0.00
219.35,0.65,141.70,220.16,0.21,46.39,218.65,0.21,33.74,0.00,0.00,0.00,0.00,0.00,0.00
217.11,0.64,139.27,218.13,0.21,45.65,216.41,0.21,32.48,0.00,0.00,0.00,0.00,0.00,0.00
217.41,0.64,140.08,217.60,0.21,45.57,216.71,0.21,33.56,0.00,0.00,0.00,0.00,0.00,0.00
218.45,0.64,140.89,219.29,0.21,46.10,217.75,0.21,33.60,0.00,0.00,0.00,0.00,0.00,0.00
219.71,0.64,140.79,218.20,0.21,45.70,219.01,0.21,31.95,0.00,0.00,0.00,0.00,0.00,0.00
219.74,0.65,141.91,220.75,0.21,46.62,219.04,0.21,32.97,0.00,0.00,0.00,0.00,0.00,0.00
218.98,0.65,141.65,219.41,0.21,45.94,218.28,0.22,34.30,0.00,0.00,0.00,0.00,0.00,0.00
217.75,0.64,140.18,219.34,0.21,46.03,217.05,0.21,33.34,0.00,0.00,0.00,0.00,0.00,0.00
217.99,0.65,140.68,222.52,0.21,47.52,217.29,0.21,32.59,0.00,0.00,0.00,0.00,0.00,0.00
218.55,0.64,140.57,217.59,0.21,45.08,217.85,0.22,33.76,0.00,0.00,0.00,0.00,0.00,0.00
216.90,0.64,139.44,216.86,0.21,45.15,216.20,0.21,33.34,0.00,0.00,0.00,0.00,0.00,0.00
217.70,0.65,140.87,218.86,0.21,45.86,217.00,0.22,34.31,0.00,0.00,0.00,0.00,0.00,0.00
219.33,0.64,140.82,218.93,0.21,45.95,218.63,0.21,32.59,0.00,0.00,0.00,0.00,0.00,0.00
218.59,0.65,141.48,219.19,0.21,45.91,217.89,0.22,34.77,0.00,0.00,0.00,0.00,0.00,0.00
218.67,0.64,140.67,217.14,0.21,45.18,217.97,0.21,33.60,0.00,0.00,0.00,0.00,0.00,0.00
217.36,0.64,139.46,219.75,0.21,46.07,216.66,0.21,31.39,0.00,0.00,0.00,0.00,0.00,0.00
220.29,0.65,142.09,219.60,0.21,46.19,219.59,0.21,33.53,0.00,0.00,0.00,0.00,0.00,0.00
217.34,0.64,139.65,218.62,0.21,45.61,216.64,0.21,33.25,0.00,0.00,0.00,0.00,0.00,0.00
217.72,0.64,140.23,217.69,0.21,45.21,217.02,0.22,33.90,0.00,0.00,0.00,0.00,0.00,0.00
217.89,0.64,140.44,219.05,0.21,46.01,217.19,0.21,32.17,0.00,0.00,0.00,0.00,0.00,0.00
216.95,0.64,138.72,217.85,0.21,45.49,216.25,0.21,32.01,0.00,0.00,0.00,0.00,0.00,0.00
218.59,0.64,140.66,219.14,0.21,45.82,217.89,0.21,32.11,0.00,0.00,0.00,0.00,0.00,0.00
217.48,0.65,140.46,219.59,0.21,46.07,216.78,0.22,34.12,0.00,0.00,0.00,0.00,0.00,0.00
219.74,0.65,142.11,218.97,0.21,45.70,219.04,0.22,34.60,0.00,0.00,0.00,0.00,0.00,0.00
217.46,0.64,140.06,217.96,0.21,45.36,216.76,0.22,33.78,0.00,0.00,0.00,0.00,0.00,0.00
218.65,0.64,140.66,219.46,0.21,46.09,217.95,0.21,32.70,0.00,0.00,0.00,0.00,0.00,0.00
220.22,0.65,142.40,219.29,0.21,45.95,219.52,0.22,34.24,0.00,0.00,0.00,0.00,0.00,0.00
218.98,0.64,141.11,217.61,0.21,45.26,218.28,0.22,33.92,0.00,0.00,0.00,0.00,0.00,0.00
217.37,0.64,139.76,217.77,0.21,45.20,216.67,0.21,33.66,0.00,0.00,0.00,0.00,0.00,0.00
218.49,0.65,141.07,220.46,0.21,46.36,217.79,0.21,33.56,0.00,0.00,0.00,0.00,0.00,0.00
218.27,0.65,141.31,217.95,0.21,45.43,217.57,0.22,34.69,0.00,0.00,0.00,0.00,0.00,0.00
218.12,0.64,139.42,216.12,0.20,44.66,217.42,0.21,32.93,0.00,0.00,0.00,0.00,0.00,0.00
218.32,0.65,141.49,219.57,0.21,46.07,217.62,0.22,34.74,0.00,0.00,0.00,0.00,0.00,0.00
217.57,0.64,140.05,219.39,0.21,46.03,216.87,0.21,33.39,0.00,0.00,0.00,0.00,0.00,0.00
217.99,0.64,140.55,219.59,0.21,46.26,217.29,0.21,33.48,0.00,0.00,0.00,0.00,0.00,0.00
218.07,0.64,139.98,216.79,0.21,45.05,217.37,0.21,33.09,0.00,0.00,0.00,0.00,0.00,0.00
217.52,0.64,139.21,219.07,0.21,45.84,216.82,0.21,31.58,0.00,0.00,0.00,0.00,0.00,0.00
218.23,0.64,139.87,218.52,0.21,45.59,217.53,0.21,32.39,0.00,0.00,0.00,0.00,0.00,0.00
219.08,0.65,142.02,220.33,0.21,46.40,218.38,0.22,34.34,0.00,0.00,0.00,0.00,0.00,0.00
217.98,0.64,140.21,219.19,0.21,45.64,217.28,0.21,33.45,0.00,0.00,0.00,0.00,0.00,0.00
220.39,0.65,142.22,220.16,0.21,46.29,219.69,0.21,33.61,0.00,0.00,0.00,0.00,0.00,0.00
217.25,0.64,139.78,220.13,0.21,46.28,216.55,0.21,33.10,0.00,0.00,0.00,0.00,0.00,0.00
222.91,0.64,143.08,217.56,0.21,45.55,222.21,0.21,31.96,0.00,0.00,0.00,0.00,0.00,0.00
216.01,0.64,139.08,218.37,0.21,45.57,215.31,0.21,32.52,0.00,0.00,0.00,0.00,0.00,0.00
216.05,0.64,139.08,217.97,0.21,45.50,215.35,0.21,32.20,0.00,0.00,0.00,0.00,0.00,0.00
217.62,0.64,139.19,214.93,0.20,44.30,216.92,0.21,32.84,0.00,0.00,0.00,0.00,0.00,0.00
218.71,0.64,140.62,218.49,0.21,45.64,218.01,0.21,33.11,0.00,0.00,0.00,0.00,0.00,0.00
218.68,0.65,141.34,219.80,0.21,46.39,217.98,0.21,32.59,0.00,0.00,0.00,0.00,0.00,0.00
219.03,0.64,140.25,218.98,0.21,45.85,218.33,0.21,31.52,0.00,0.00,0.00,0.00,0.00,0.00
218.02,0.64,139.49,217.45,0.21,45.15,217.32,0.21,32.01,0.00,0.00,0.00,0.00,0.00,0.00
219.46,0.65,141.69,220.04,0.21,46.40,218.76,0.21,32.78,0.00,0.00,0.00,0.00,0.00,0.00
221.18,0.65,142.82,220.62,0.21,46.46,220.48,0.21,32.60,0.00,0.00,0.00,0.00,0.00,0.00
216.99,0.65,140.16,219.38,0.21,46.11,216.29,0.22,34.05,0.00,0.00,0.00,0.00,0.00,0.00
216.93,0.64,139.45,219.05,0.21,45.83,216.23,0.21,32.16,0.00,0.00,0.00,0.00,0.00,0.00
218.03,0.64,140.13,218.46,0.21,45.45,217.33,0.21,33.66,0.00,0.00,0.00,0.00,0.00,0.00
218.35,0.64,140.14,219.03,0.21,45.83,217.65,0.21,32.07,0.00,0.00,0.00,0.00,0.00,0.00
219.69,0.65,142.12,220.41,0.21,46.34,218.99,0.22,34.19,0.00,0.00,0.00,0.00,0.00,0.00
217.96,0.64,139.79,218.58,0.21,45.75,217.26,0.21,31.57,0.00,0.00,0.00,0.00,0.00,0.00
217.26,0.64,139.91,217.75,0.21,45.50,216.56,0.21,33.45,0.00,0.00,0.00,0.00,0.00,0.00
216.80,0.64,139.23,218.72,0.21,45.65,216.10,0.21,33.14,0.00,0.00,0.00,0.00,0.00,0.00
219.31,0.64,140.11,217.65,0.21,45.59,218.61,0.21,31.29,0.00,0.00,0.00,0.00,0.00,0.00
219.51,0.65,141.92,220.57,0.21,46.59,218.81,0.22,33.78,0.00,0.00,0.00,0.00,0.00,0.00
219.88,0.64,141.71,218.38,0.21,45.57,219.18,0.22,33.96,0.00,0.00,0.00,0.00,0.00,0.00
217.71,0.65,140.82,219.13,0.21,45.86,217.01,0.22,34.43,0.00,0.00,0.00,0.00,0.00,0.00
218.18,0.64,140.39,217.48,0.21,45.40,217.48,0.21,33.55,0.00,0.00,0.00,0.00,0.00,0.00
217.03,0.64,139.00,217.85,0.21,45.37,216.33,0.21,32.86,0.00,0.00,0.00,0.00,0.00,0.00
218.39,0.64,140.35,220.31,0.21,46.27,217.69,0.21,31.58,0.00,0.00,0.00,0.00,0.00,0.00
218.60,0.64,140.37,218.44,0.21,45.41,217.90,0.21,33.37,0.00,0.00,0.00,0.00,0.00,0.00
216.64,0.64,138.83,217.14,0.21,45.00,215.94,0.21,32.19,0.00,0.00,0.00,0.00,0.00,0.00
218.37,0.64,140.31,218.31,0.21,45.65,217.67,0.21,33.02,0.00,0.00,0.00,0.00,0.00,0.00
218.71,0.64,140.76,219.61,0.21,46.25,218.01,0.21,32.38,0.00,0.00,0.00,0.00,0.00,0.00
219.05,0.64,140.98,219.55,0.21,46.05,218.35,0.21,32.24,0.00,0.00,0.00,0.00,0.00,0.00
220.08,0.64,140.83,216.75,0.21,44.93,219.38,0.21,32.12,0.00,0.00,0.00,0.00,0.00,0.00
217.20,0.64,139.54,218.18,0.21,45.47,216.50,0.21,32.18,0.00,0.00,0.00,0.00,0.00,0.00
217.43,0.64,139.27,216.58,0.21,44.84,216.73,0.21,31.88,0.00,0.00,0.00,0.00,0.00,0.00
218.95,0.64,139.72,214.27,0.20,44.03,218.25,0.21,31.74,0.00,0.00,0.00,0.00,0.00,0.00
217.64,0.65,140.67,216.84,0.21,45.08,216.94,0.22,34.71,0.00,0.00,0.00,0.00,0.00,0.00
217.48,0.65,140.83,217.74,0.21,45.41,216.78,0.22,34.95,0.00,0.00,0.00,0.00,0.00,0.00
217.90,0.64,139.94,217.02,0.21,45.16,217.20,0.21,32.85,0.00,0.00,0.00,0.00,0.00,0.00
217.94,0.64,139.66,216.55,0.21,44.86,217.24,0.21,32.73,0.00,0.00,0.00,0.00,0.00,0.00
217.09,0.64,139.52,218.38,0.21,45.74,216.39,0.21,31.85,0.00,0.00,0.00,0.00,0.00,0.00
219.37,0.64,140.97,220.14,0.21,46.34,218.67,0.21,31.61,0.00,0.00,0.00,0.00,0.00,0.00
218.50,0.64,139.70,217.87,0.21,45.36,217.80,0.21,31.28,0.00,0.00,0.00,0.00,0.00,0.00
217.94,0.64,140.30,215.27,0.21,44.40,217.24,0.22,34.17,0.00,0.00,0.00,0.00,0.00,0.00
216.43,0.64,139.00,218.22,0.21,45.47,215.73,0.21,32.06,0.00,0.00,0.00,0.00,0.00,0.00
216.05,0.65,139.57,218.77,0.21,46.12,215.35,0.21,33.89,0.00,0.00,0.00,0.00,0.00,0.00
219.07,0.64,141.25,219.10,0.21,45.81,218.37,0.21,33.75,0.00,0.00,0.00,0.00,0.00,0.00
217.76,0.64,140.32,218.46,0.21,45.63,217.06,0.22,32.52,0.00,0.00,0.00,0.00,0.00,0.00
217.13,0.64,139.44,217.81,0.21,45.32,216.43,0.21,33.27,0.00,0.00,0.00,0.00,0.00,0.00
217.36,0.64,139.79,219.08,0.21,45.78,216.66,0.21,33.60,0.00,0.00,0.00,0.00,0.00,0.00
217.14,0.64,139.28,218.55,0.21,45.67,216.44,0.21,32.94,0.00,0.00,0.00,0.00,0.00,0.00
218.37,0.64,140.15,220.39,0.21,46.12,217.67,0.21,32.63,0.00,0.00,0.00,0.00,0.00,0.00
218.03,0.64,140.55,219.58,0.21,46.06,217.33,0.21,33.34,0.00,0.00,0.00,0.00,0.00,0.00
216.41,0.64,138.95,217.69,0.21,45.28,215.71,0.21,32.08,0.00,0.00,0.00,0.00,0.00,0.00
214.36,0.64,137.82,218.55,0.21,45.68,213.66,0.21,33.36,0.00,0.00,0.00,0.00,0.00,0.00
220.28,0.64,141.70,218.88,0.21,45.76,219.58,0.21,32.56,0.00,0.00,0.00,0.00,0.00,0.00
218.72,0.65,141.42,222.50,0.21,47.01,218.02,0.21,33.71,0.00,0.00,0.00,0.00,0.00,0.00
220.41,0.65,142.22,216.87,0.21,45.16,219.71,0.22,34.09,0.00,0.00,0.00,0.00,0.00,0.00
217.19,0.64,139.84,218.63,0.21,45.65,216.49,0.21,33.68,0.00,0.00,0.00,0.00,0.00,0.00
219.48,0.64,140.88,219.74,0.21,45.98,218.78,0.21,32.77,0.00,0.00,0.00,0.00,0.00,0.00
220.21,0.65,142.06,221.20,0.21,46.53,219.51,0.21,33.40,0.00,0.00,0.00,0.00,0.00,0.00
211.88,0.64,135.79,215.71,0.20,44.55,211.18,0.21,32.92,0.00,0.00,0.00,0.00,0.00,0.00
216.82,0.64,139.09,218.04,0.21,45.40,216.12,0.21,33.32,0.00,0.00,0.00,0.00,0.00,0.00
214.14,0.65,138.69,218.71,0.21,45.96,213.44,0.22,34.90,0.00,0.00,0.00,0.00,0.00,0.00
219.03,0.64,141.26,218.88,0.21,45.98,218.33,0.21,32.58,0.00,0.00,0.00,0.00,0.00,0.00
216.58,0.64,139.04,218.75,0.21,45.71,215.88,0.21,32.38,0.00,0.00,0.00,0.00,0.00,0.00
216.60,0.64,139.69,218.71,0.21,45.68,215.90,0.22,34.47,0.00,0.00,0.00,0.00,0.00,0.00
217.48,0.65,140.30,221.69,0.21,46.92,216.78,0.21,31.87,0.00,0.00,0.00,0.00,0.00,0.00
218.85,0.64,140.10,218.95,0.21,45.78,218.15,0.21,31.53,0.00,0.00,0.00,0.00,0.00,0.00
218.21,0.64,140.09,217.05,0.21,44.91,217.51,0.21,33.61,0.00,0.00,0.00,0.00,0.00,0.00
215.93,0.64,138.53,218.53,0.21,45.78,215.23,0.21,31.47,0.00,0.00,0.00,0.00,0.00,0.00
214.52,0.64,138.30,218.49,0.21,45.81,213.82,0.21,33.84,0.00,0.00,0.00,0.00,0.00,0.00
219.84,0.65,141.86,219.13,0.21,45.90,219.14,0.22,33.54,0.00,0.00,0.00,0.00,0.00,0.00
219.66,0.65,141.74,218.44,0.21,45.66,218.96,0.22,34.07,0.00,0.00,0.00,0.00,0.00,0.00
218.82,0.64,140.03,218.76,0.21,45.76,218.12,0.21,31.32,0.00,0.00,0.00,0.00,0.00,0.00
219.72,0.65,143.16,222.37,0.21,46.78,219.02,0.22,35.10,0.00,0.00,0.00,0.00,0.00,0.00
218.16,0.65,141.16,219.81,0.21,46.34,217.46,0.22,34.12,0.00,0.00,0.00,0.00,0.00,0.00
217.91,0.64,140.32,219.31,0.21,45.86,217.21,0.21,32.57,0.00,0.00,0.00,0.00,0.00,0.00
219.76,0.65,142.20,218.76,0.21,45.83,219.06,0.22,34.77,0.00,0.00,0.00,0.00,0.00,0.00
218.33,0.64,140.75,220.03,0.21,46.40,217.63,0.21,33.32,0.00,0.00,0.00,0.00,0.00,0.00
219.50,0.65,142.37,219.83,0.21,46.37,218.80,0.22,34.70,0.00,0.00,0.00,0.00,0.00,0.00
219.10,0.65,141.56,219.71,0.21,46.35,218.40,0.21,33.78,0.00,0.00,0.00,0.00,0.00,0.00
218.10,0.65,141.06,218.88,0.21,45.81,217.40,0.22,34.80,0.00,0.00,0.00,0.00,0.00,0.00
216.95,0.65,140.12,220.13,0.21,46.25,216.25,0.21,33.81,0.00,0.00,0.00,0.00,0.00,0.00
218.89,0.64,140.90,219.73,0.21,46.21,218.19,0.21,33.10,0.00,0.00,0.00,0.00,0.00,0.00
214.25,0.64,137.57,217.07,0.21,45.44,213.55,0.21,32.81,0.00,0.00,0.00,0.00,0.00,0.00
217.69,0.65,140.96,219.94,0.21,46.12,216.99,0.22,34.61,0.00,0.00,0.00,0.00,0.00,0.00
219.59,0.65,141.67,218.71,0.21,45.91,218.89,0.21,33.78,0.00,0.00,0.00,0.00,0.00,0.00
219.93,0.65,142.30,217.77,0.21,45.60,219.23,0.22,34.62,0.00,0.00,0.00,0.00,0.00,0.00
218.29,0.64,140.67,218.89,0.21,45.83,217.59,0.21,32.39,0.00,0.00,0.00,0.00,0.00,0.00
217.55,0.64,139.72,218.56,0.21,45.44,216.85,0.21,33.30,0.00,0.00,0.00,0.00,0.00,0.00
220.22,0.64,141.57,217.62,0.21,45.33,219.52,0.21,32.94,0.00,0.00,0.00,0.00,0.00,0.00
216.85,0.64,138.47,216.83,0.21,44.85,216.15,0.21,31.71,0.00,0.00,0.00,0.00,0.00,0.00
217.16,0.65,140.60,220.65,0.21,46.28,216.46,0.22,34.49,0.00,0.00,0.00,0.00,0.00,0.00
219.15,0.64,141.24,220.77,0.21,46.61,218.45,0.21,33.24,0.00,0.00,0.00,0.00,0.00,0.00
218.57,0.64,140.81,217.44,0.21,45.30,217.87,0.22,33.87,0.00,0.00,0.00,0.00,0.00,0.00
218.40,0.64,139.91,217.63,0.21,45.53,217.70,0.21,31.23,0.00,0.00,0.00,0.00,0.00,0.00
217.47,0.64,140.18,220.02,0.21,46.27,216.77,0.21,31.96,0.00,0.00,0.00,0.00,0.00,0.00
221.35,0.65,143.41,219.36,0.21,46.15,220.65,0.22,34.45,0.00,0.00,0.00,0.00,0.00,0.00
216.65,0.64,139.30,217.23,0.21,45.02,215.95,0.21,33.69,0.00,0.00,0.00,0.00,0.00,0.00
220.89,0.64,141.98,219.71,0.21,46.20,220.19,0.21,31.84,0.00,0.00,0.00,0.00,0.00,0.00
218.71,0.65,141.29,218.30,0.21,45.58,218.01,0.22,34.20,0.00,0.00,0.00,0.00,0.00,0.00
219.36,0.65,142.23,220.46,0.21,46.43,218.66,0.22,34.39,0.00,0.00,0.00,0.00,0.00,0.00
219.86,0.64,141.76,220.22,0.21,46.12,219.16,0.22,33.77,0.00,0.00,0.00,0.00,0.00,0.00
219.56,0.64,140.89,219.04,0.21,45.72,218.86,0.21,32.83,0.00,0.00,0.00,0.00,0.00,0.00
216.85,0.64,138.89,219.20,0.21,45.84,216.15,0.21,32.22,0.00,0.00,0.00,0.00,0.00,0.00
218.49,0.64,139.21,215.79,0.20,44.45,217.79,0.21,31.41,0.00,0.00,0.00,0.00,0.00,0.00
220.64,0.65,142.49,220.47,0.21,46.23,219.94,0.22,33.88,0.00,0.00,0.00,0.00,0.00,0.00
217.48,0.64,140.27,217.32,0.21,45.27,216.78,0.22,33.98,0.00,0.00,0.00,0.00,0.00,0.00
218.92,0.65,142.00,218.33,0.21,45.65,218.22,0.22,35.12,0.00,0.00,0.00,0.00,0.00,0.00
217.04,0.64,139.41,217.90,0.21,45.30,216.34,0.21,32.24,0.00,0.00,0.00,0.00,0.00,0.00
217.88,0.64,139.94,220.39,0.21,46.34,217.18,0.21,31.22,0.00,0.00,0.00,0.00,0.00,0.00
219.61,0.64,140.86,218.96,0.21,45.76,218.91,0.21,31.38,0.00,0.00,0.00,0.00,0.00,0.00
219.12,0.64,141.12,218.98,0.21,45.66,218.42,0.21,33.74,0.00,0.00,0.00,0.00,0.00,0.00
217.46,0.65,140.29,218.69,0.21,45.67,216.76,0.22,33.94,0.00,0.00,0.00,0.00,0.00,0.00
219.11,0.64,139.93,217.08,0.21,44.93,218.41,0.21,31.61,0.00,0.00,0.00,0.00,0.00,0.00
220.12,0.65,142.05,221.15,0.21,45.96,219.42,0.22,34.22,0.00,0.00,0.00,0.00,0.00,0.00
219.89,0.64,141.77,218.41,0.21,45.58,219.19,0.22,33.88,0.00,0.00,0.00,0.00,0.00,0.00
219.11,0.64,140.99,219.88,0.21,46.24,218.41,0.21,32.41,0.00,0.00,0.00,0.00,0.00,0.00
219.33,0.65,141.89,219.61,0.21,46.07,218.63,0.22,34.36,0.00,0.00,0.00,0.00,0.00,0.00
217.65,0.64,139.93,218.61,0.21,45.59,216.95,0.21,33.24,0.00,0.00,0.00,0.00,0.00,0.00
219.07,0.64,140.24,216.43,0.20,44.86,218.37,0.21,32.61,0.00,0.00,0.00,0.00,0.00,0.00
219.59,0.65,141.96,219.58,0.21,46.17,218.89,0.22,33.09,0.00,0.00,0.00,0.00,0.00,0.00
219.41,0.64,141.01,217.43,0.21,45.23,218.71,0.21,33.38,0.00,0.00,0.00,0.00,0.00,0.00
216.25,0.64,138.87,219.70,0.21,46.25,215.55,0.21,32.02,0.00,0.00,0.00,0.00,0.00,0.00
219.33,0.65,141.87,218.55,0.21,45.69,218.63,0.22,34.51,0.00,0.00,0.00,0.00,0.00,0.00
216.21,0.65,139.53,220.45,0.21,46.33,215.51,0.21,33.58,0.00,0.00,0.00,0.00,0.00,0.00
219.66,0.65,142.32,219.58,0.21,45.98,218.96,0.22,34.63,0.00,0.00,0.00,0.00,0.00,0.00
217.74,0.65,140.66,217.25,0.21,45.36,217.04,0.22,34.06,0.00,0.00,0.00,0.00,0.00,0.00
219.94,0.64,141.83,219.02,0.21,46.01,219.24,0.21,33.55,0.00,0.00,0.00,0.00,0.00,0.00
218.45,0.65,140.96,218.45,0.21,45.77,217.75,0.22,33.87,0.00,0.00,0.00,0.00,0.00,0.00
219.31,0.64,140.02,215.99,0.20,44.56,218.61,0.21,32.14,0.00,0.00,0.00,0.00,0.00,0.00
219.38,0.65,141.63,219.09,0.21,45.76,218.68,0.22,34.02,0.00,0.00,0.00,0.00,0.00,0.00
218.15,0.64,139.82,218.29,0.21,45.58,217.45,0.21,31.43,0.00,0.00,0.00,0.00,0.00,0.00
218.83,0.65,141.46,221.75,0.21,46.85,218.13,0.21,32.20,0.00,0.00,0.00,0.00,0.00,0.00
218.72,0.64,140.92,219.41,0.21,46.03,218.02,0.21,32.02,0.00,0.00,0.00,0.00,0.00,0.00
218.07,0.64,139.57,215.43,0.20,44.56,217.37,0.21,32.82,0.00,0.00,0.00,0.00,0.00,0.00
218.95,0.65,142.06,221.01,0.21,46.39,218.25,0.22,34.63,0.00,0.00,0.00,0.00,0.00,0.00
219.69,0.65,142.17,218.84,0.21,45.88,218.99,0.22,34.18,0.00,0.00,0.00,0.00,0.00,0.00
217.67,0.65,140.51,218.86,0.21,45.92,216.97,0.21,33.39,0.00,0.00,0.00,0.00,0.00,0.00
215.18,0.64,138.22,218.96,0.21,45.63,214.48,0.21,33.09,0.00,0.00,0.00,0.00,0.00,0.00
219.90,0.65,143.08,221.62,0.21,46.89,219.20,0.22,34.81,0.00,0.00,0.00,0.00,0.00,0.00
218.78,0.65,141.38,219.83,0.21,46.31,218.08,0.22,33.84,0.00,0.00,0.00,0.00,0.00,0.00
218.07,0.65,141.47,221.39,0.21,46.82,217.37,0.22,34.53,0.00,0.00,0.00,0.00,0.00,0.00
221.08,0.65,142.66,220.45,0.21,46.46,220.38,0.21,32.85,0.00,0.00,0.00,0.00,0.00,0.00
217.50,0.64,140.07,216.84,0.21,45.06,216.80,0.22,33.96,0.00,0.00,0.00,0.00,0.00,0.00
215.15,0.65,139.17,219.83,0.21,45.96,214.45,0.22,34.47,0.00,0.00,0.00,0.00,0.00,0.00
218.38,0.65,140.89,220.00,0.21,46.36,217.68,0.21,33.50,0.00,0.00,0.00,0.00,0.00,0.00
220.50,0.65,143.34,219.60,0.21,46.33,219.80,0.22,35.09,0.00,0.00,0.00,0.00,0.00,0.00
217.61,0.64,139.72,217.17,0.21,45.02,216.91,0.21,33.26,0.00,0.00,0.00,0.00,0.00,0.00
219.50,0.65,142.07,220.17,0.21,46.36,218.80,0.22,34.08,0.00,0.00,0.00,0.00,0.00,0.00
219.19,0.64,141.33,221.20,0.21,46.70,218.49,0.21,31.80,0.00,0.00,0.00,0.00,0.00,0.00
220.19,0.65,142.29,219.42,0.21,46.06,219.49,0.22,33.91,0.00,0.00,0.00,0.00,0.00,0.00
215.60,0.65,139.31,219.00,0.21,45.84,214.90,0.22,34.29,0.00,0.00,0.00,0.00,0.00,0.00
212.98,0.65,137.77,220.91,0.21,46.64,212.28,0.21,33.52,0.00,0.00,0.00,0.00,0.00,0.00
220.65,0.65,142.33,219.32,0.21,46.11,219.95,0.21,33.69,0.00,0.00,0.00,0.00,0.00,0.00
218.13,0.64,139.61,218.33,0.21,45.45,217.43,0.21,32.30,0.00,0.00,0.00,0.00,0.00,0.00
219.08,0.65,142.01,220.31,0.21,46.47,218.38,0.22,34.35,0.00,0.00,0.00,0.00,0.00,0.00
221.73,0.65,143.11,219.44,0.21,46.17,221.03,0.21,33.57,0.00,0.00,0.00,0.00,0.00,0.00
218.15,0.65,140.81,218.95,0.21,45.87,217.45,0.22,33.81,0.00,0.00,0.00,0.00,0.00,0.00
219.28,0.65,141.59,219.66,0.21,46.10,218.58,0.22,33.79,0.00,0.00,0.00,0.00,0.00,0.00
218.47,0.64,140.63,219.17,0.21,45.95,217.77,0.21,32.00,0.00,0.00,0.00,0.00,0.00,0.00
218.12,0.64,140.21,217.96,0.21,45.31,217.42,0.21,33.55,0.00,0.00,0.00,0.00,0.00,0.00
219.22,0.65,141.50,220.65,0.21,46.42,218.52,0.21,33.44,0.00,0.00,0.00,0.00,0.00,0.00
215.86,0.65,139.76,220.66,0.21,46.43,215.16,0.22,34.11,0.00,0.00,0.00,0.00,0.00,0.00
218.71,0.64,141.05,219.33,0.21,46.09,218.01,0.21,32.20,0.00,0.00,0.00,0.00,0.00,0.00
219.27,0.64,141.03,218.38,0.21,45.70,218.57,0.21,31.79,0.00,0.00,0.00,0.00,0.00,0.00
215.90,0.65,139.64,221.43,0.21,46.60,215.20,0.21,33.71,0.00,0.00,0.00,0.00,0.00,0.00
218.35,0.65,141.05,219.30,0.21,45.82,217.65,0.22,34.19,0.00,0.00,0.00,0.00,0.00,0.00
217.25,0.64,140.02,220.71,0.21,46.44,216.55,0.21,33.35,0.00,0.00,0.00,0.00,0.00,0.00
221.44,0.64,142.61,219.80,0.21,46.17,220.74,0.21,31.92,0.00,0.00,0.00,0.00,0.00,0.00
218.58,0.65,141.09,220.10,0.21,46.33,217.88,0.21,33.65,0.00,0.00,0.00,0.00,0.00,0.00
216.99,0.64,139.80,217.80,0.21,45.33,216.29,0.22,33.71,0.00,0.00,0.00,0.00,0.00,0.00
219.47,0.64,141.14,217.38,0.21,45.09,218.77,0.22,33.41,0.00,0.00,0.00,0.00,0.00,0.00
218.00,0.64,139.98,219.10,0.21,45.72,217.30,0.21,32.70,0.00,0.00,0.00,0.00,0.00,0.00
220.96,0.65,143.03,218.73,0.21,45.87,220.26,0.22,34.28,0.00,0.00,0.00,0.00,0.00,0.00
218.66,0.64,140.45,218.11,0.21,45.52,217.96,0.21,33.22,0.00,0.00,0.00,0.00,0.00,0.00
220.48,0.65,143.13,221.34,0.21,46.54,219.78,0.22,34.35,0.00,0.00,0.00,0.00,0.00,0.00
217.99,0.64,139.23,215.02,0.20,44.01,217.29,0.21,33.37,0.00,0.00,0.00,0.00,0.00,0.00
220.79,0.64,142.18,219.48,0.21,46.12,220.09,0.21,32.65,0.00,0.00,0.00,0.00,0.00,0.00
217.38,0.64,139.97,218.05,0.21,45.50,216.68,0.21,33.44,0.00,0.00,0.00,0.00,0.00,0.00
218.49,0.65,141.59,220.83,0.21,46.81,217.79,0.22,34.01,0.00,0.00,0.00,0.00,0.00,0.00
217.51,0.64,140.15,218.16,0.21,45.63,216.81,0.21,33.40,0.00,0.00,0.00,0.00,0.00,0.00
218.37,0.65,141.49,220.17,0.21,46.34,217.67,0.22,33.61,0.00,0.00,0.00,0.00,0.00,0.00
218.25,0.64,140.34,217.29,0.21,45.32,217.55,0.21,33.46,0.00,0.00,0.00,0.00,0.00,0.00
217.93,0.65,140.76,220.03,0.21,46.52,217.23,0.21,32.74,0.00,0.00,0.00,0.00,0.00,0.00
214.55,0.64,137.63,218.34,0.21,45.68,213.85,0.21,32.54,0.00,0.00,0.00,0.00,0.00,0.00
218.47,0.65,141.71,220.68,0.21,46.68,217.77,0.22,34.09,0.00,0.00,0.00,0.00,0.00,0.00
218.73,0.64,140.88,219.07,0.21,45.97,218.03,0.21,33.20,0.00,0.00,0.00,0.00,0.00,0.00
217.16,0.65,140.57,220.18,0.21,46.46,216.46,0.22,33.99,0.00,0.00,0.00,0.00,0.00,0.00
219.19,0.64,141.36,219.71,0.21,46.21,218.49,0.21,33.49,0.00,0.00,0.00,0.00,0.00,0.00
220.18,0.65,142.26,219.11,0.21,45.84,219.48,0.22,34.04,0.00,0.00,0.00,0.00,0.00,0.00
218.84,0.64,141.08,219.82,0.21,46.23,218.14,0.21,33.33,0.00,0.00,0.00,0.00,0.00,0.00
220.33,0.64,141.70,217.90,0.21,45.54,219.63,0.21,32.20,0.00,0.00,0.00,0.00,0.00,0.00
216.13,0.64,138.24,217.37,0.21,45.24,215.43,0.21,31.40,0.00,0.00,0.00,0.00,0.00,0.00
220.94,0.65,142.92,219.61,0.21,46.36,220.24,0.22,33.90,0.00,0.00,0.00,0.00,0.00,0.00
219.28,0.64,141.14,217.08,0.21,45.17,218.58,0.22,32.93,0.00,0.00,0.00,0.00,0.00,0.00
217.76,0.64,139.94,218.17,0.21,45.55,217.06,0.21,32.92,0.00,0.00,0.00,0.00,0.00,0.00
220.63,0.65,142.41,220.60,0.21,46.29,219.93,0.22,33.83,0.00,0.00,0.00,0.00,0.00,0.00
218.66,0.64,140.97,219.00,0.21,46.09,217.96,0.21,33.22,0.00,0.00,0.00,0.00,0.00,0.00
215.49,0.64,138.03,217.35,0.21,45.47,214.79,0.21,31.96,0.00,0.00,0.00,0.00,0.00,0.00
218.53,0.64,140.83,218.49,0.21,45.56,217.83,0.22,33.77,0.00,0.00,0.00,0.00,0.00,0.00
214.06,0.63,135.70,214.60,0.20,44.14,213.36,0.21,31.08,0.00,0.00,0.00,0.00,0.00,0.00
220.20,0.64,141.70,217.01,0.21,45.17,219.50,0.21,33.54,0.00,0.00,0.00,0.00,0.00,0.00
217.18,0.64,139.85,218.34,0.21,45.76,216.48,0.21,32.51,0.00,0.00,0.00,0.00,0.00,0.00
219.45,0.64,141.50,219.88,0.21,46.21,218.75,0.21,32.57,0.00,0.00,0.00,0.00,0.00,0.00
213.94,0.64,137.71,217.50,0.21,45.32,213.24,0.22,33.82,0.00,0.00,0.00,0.00,0.00,0.00
218.64,0.64,140.61,219.41,0.21,46.10,217.94,0.21,31.80,0.00,0.00,0.00,0.00,0.00,0.00
219.43,0.64,141.23,218.91,0.21,45.72,218.73,0.21,32.54,0.00,0.00,0.00,0.00,0.00,0.00
225.68,0.64,145.07,219.21,0.21,45.92,224.98,0.21,33.09,0.00,0.00,0.00,0.00,0.00,0.00
218.69,0.64,141.01,219.40,0.21,46.03,217.99,0.21,33.42,0.00,0.00,0.00,0.00,0.00,0.00
216.03,0.65,139.70,220.22,0.21,46.47,215.33,0.22,33.90,0.00,0.00,0.00,0.00,0.00,0.00
217.57,0.65,140.41,219.80,0.21,46.32,216.87,0.21,33.53,0.00,0.00,0.00,0.00,0.00,0.00
220.21,0.64,141.87,218.61,0.21,45.74,219.51,0.21,33.37,0.00,0.00,0.00,0.00,0.00,0.00
217.03,0.64,138.99,217.65,0.21,45.25,216.33,0.21,31.35,0.00,0.00,0.00,0.00,0.00,0.00
219.36,0.65,141.87,220.39,0.21,46.43,218.66,0.22,32.60,0.00,0.00,0.00,0.00,0.00,0.00
219.81,0.64,141.76,220.01,0.21,46.25,219.11,0.21,33.00,0.00,0.00,0.00,0.00,0.00,0.00
217.53,0.64,138.99,219.00,0.21,45.70,216.83,0.21,31.32,0.00,0.00,0.00,0.00,0.00,0.00
217.61,0.65,140.36,220.09,0.21,46.36,216.91,0.21,32.20,0.00,0.00,0.00,0.00,0.00,0.00
218.65,0.65,141.09,218.04,0.21,45.49,217.95,0.22,32.60,0.00,0.00,0.00,0.00,0.00,0.00
218.89,0.64,141.06,219.51,0.21,46.35,218.19,0.21,32.73,0.00,0.00,0.00,0.00,0.00,0.00
220.04,0.65,142.01,218.85,0.21,45.95,219.34,0.22,33.74,0.00,0.00,0.00,0.00,0.00,0.00
218.01,0.64,140.30,217.68,0.21,45.40,217.31,0.21,33.44,0.00,0.00,0.00,0.00,0.00,0.00
219.95,0.64,141.55,220.16,0.21,46.58,219.25,0.21,32.10,0.00,0.00,0.00,0.00,0.00,0.00
218.99,0.65,141.60,218.20,0.21,45.53,218.29,0.22,34.40,0.00,0.00,0.00,0.00,0.00,0.00
217.12,0.64,138.77,218.73,0.21,45.77,216.42,0.21,31.31,0.00,0.00,0.00,0.00,0.00,0.00
219.32,0.64,141.40,219.46,0.21,46.22,218.62,0.21,32.21,0.00,0.00,0.00,0.00,0.00,0.00
218.96,0.64,140.41,217.95,0.21,45.32,218.26,0.21,31.63,0.00,0.00,0.00,0.00,0.00,0.00
219.12,0.65,141.46,218.91,0.21,45.73,218.42,0.22,34.33,0.00,0.00,0.00,0.00,0.00,0.00
219.99,0.65,141.89,219.73,0.21,46.35,219.29,0.21,33.24,0.00,0.00,0.00,0.00,0.00,0.00
221.19,0.65,142.74,224.34,0.21,45.90,220.49,0.22,34.12,0.00,0.00,0.00,0.00,0.00,0.00
215.56,0.64,138.60,219.61,0.21,46.06,214.86,0.21,31.74,0.00,0.00,0.00,0.00,0.00,0.00
219.52,0.65,142.30,217.44,0.21,45.42,218.82,0.22,35.12,0.00,0.00,0.00,0.00,0.00,0.00
218.10,0.64,140.49,218.76,0.21,45.80,217.40,0.21,33.57,0.00,0.00,0.00,0.00,0.00,0.00
217.22,0.65,140.38,218.06,0.21,45.53,216.52,0.22,34.48,0.00,0.00,0.00,0.00,0.00,0.00
218.93,0.65,141.31,218.30,0.21,45.58,218.23,0.22,33.21,0.00,0.00,0.00,0.00,0.00,0.00
216.45,0.64,139.11,217.79,0.21,45.32,215.75,0.21,32.48,0.00,0.00,0.00,0.00,0.00,0.00
218.47,0.64,140.33,220.00,0.21,46.05,217.77,0.21,31.60,0.00,0.00,0.00,0.00,0.00,0.00
219.24,0.64,140.94,217.86,0.21,45.54,218.54,0.21,32.94,0.00,0.00,0.00,0.00,0.00,0.00
216.90,0.64,139.56,217.84,0.21,45.25,216.20,0.21,33.63,0.00,0.00,0.00,0.00,0.00,0.00
219.57,0.65,141.67,219.72,0.21,46.19,218.87,0.21,33.54,0.00,0.00,0.00,0.00,0.00,0.00
219.47,0.65,141.63,218.89,0.21,45.78,218.77,0.22,33.85,0.00,0.00,0.00,0.00,0.00,0.00
218.40,0.64,140.32,216.80,0.21,45.10,217.70,0.21,33.33,0.00,0.00,0.00,0.00,0.00,0.00
219.93,0.65,142.50,219.51,0.21,46.16,219.23,0.22,34.54,0.00,0.00,0.00,0.00,0.00,0.00
218.75,0.64,140.54,219.97,0.21,46.22,218.05,0.21,32.62,0.00,0.00,0.00,0.00,0.00,0.00
217.92,0.64,140.12,217.37,0.21,45.24,217.22,0.21,33.64,0.00,0.00,0.00,0.00,0.00,0.00
217.59,0.64,139.78,219.68,0.21,46.16,216.89,0.21,31.56,0.00,0.00,0.00,0.00,0.00,0.00
218.56,0.64,139.74,217.77,0.21,45.28,217.86,0.21,32.49,0.00,0.00,0.00,0.00,0.00,0.00
218.79,0.64,139.86,218.63,0.21,45.67,218.09,0.21,31.39,0.00,0.00,0.00,0.00,0.00,0.00
217.50,0.64,138.85,218.09,0.21,45.44,216.80,0.21,31.11,0.00,0.00,0.00,0.00,0.00,0.00
216.59,0.64,139.52,217.93,0.21,45.47,215.89,0.21,33.59,0.00,0.00,0.00,0.00,0.00,0.00
218.81,0.64,139.75,218.59,0.21,45.45,218.11,0.21,31.51,0.00,0.00,0.00,0.00,0.00,0.00
218.07,0.64,140.65,217.09,0.21,45.17,217.37,0.22,34.20,0.00,0.00,0.00,0.00,0.00,0.00
216.67,0.64,139.27,219.39,0.21,45.56,215.97,0.21,33.51,0.00,0.00,0.00,0.00,0.00,0.00
216.61,0.64,139.53,219.08,0.21,45.84,215.91,0.21,33.48,0.00,0.00,0.00,0.00,0.00,0.00
217.22,0.64,139.71,218.59,0.21,45.74,216.52,0.21,32.88,0.00,0.00,0.00,0.00,0.00,0.00
217.50,0.64,139.82,218.95,0.21,45.93,216.80,0.21,33.06,0.00,0.00,0.00,0.00,0.00,0.00
216.94,0.65,140.15,218.99,0.21,45.79,216.24,0.22,34.36,0.00,0.00,0.00,0.00,0.00,0.00
218.71,0.65,141.10,218.80,0.21,45.79,218.01,0.22,32.97,0.00,0.00,0.00,0.00,0.00,0.00
216.05,0.64,138.68,217.82,0.21,45.31,215.35,0.21,33.15,0.00,0.00,0.00,0.00,0.00,0.00
216.89,0.64,139.66,218.34,0.21,45.63,216.19,0.21,33.33,0.00,0.00,0.00,0.00,0.00,0.00
218.06,0.64,139.82,216.97,0.21,45.10,217.36,0.21,31.63,0.00,0.00,0.00,0.00,0.00,0.00
216.27,0.64,138.40,215.96,0.21,44.76,215.57,0.21,31.36,0.00,0.00,0.00,0.00,0.00,0.00
218.35,0.64,140.62,219.72,0.21,46.25,217.65,0.21,32.70,0.00,0.00,0.00,0.00,0.00,0.00
221.95,0.64,142.81,218.42,0.21,45.71,221.25,0.21,33.31,0.00,0.00,0.00,0.00,0.00,0.00
214.30,0.64,137.78,217.69,0.21,45.25,213.60,0.21,33.60,0.00,0.00,0.00,0.00,0.00,0.00
219.38,0.64,141.42,219.95,0.21,46.14,218.68,0.21,33.06,0.00,0.00,0.00,0.00,0.00,0.00
216.18,0.64,138.69,217.58,0.21,45.14,215.48,0.21,33.05,0.00,0.00,0.00,0.00,0.00,0.00
217.56,0.64,139.06,214.92,0.20,44.08,216.86,0.21,32.67,0.00,0.00,0.00,0.00,0.00,0.00
217.49,0.64,139.28,217.14,0.21,44.93,216.79,0.21,32.78,0.00,0.00,0.00,0.00,0.00,0.00
217.67,0.64,139.18,216.58,0.21,44.95,216.97,0.21,32.67,0.00,0.00,0.00,0.00,0.00,0.00
217.55,0.64,140.26,219.43,0.21,45.99,216.85,0.21,33.75,0.00,0.00,0.00,0.00,0.00,0.00
215.97,0.64,138.52,216.04,0.21,44.62,215.27,0.21,32.67,0.00,0.00,0.00,0.00,0.00,0.00
218.02,0.64,139.74,217.18,0.21,45.16,217.32,0.21,32.82,0.00,0.00,0.00,0.00,0.00,0.00
221.92,0.64,142.92,219.85,0.21,45.95,221.22,0.21,33.45,0.00,0.00,0.00,0.00,0.00,0.00
218.68,0.64,139.91,218.33,0.21,45.62,217.98,0.21,31.50,0.00,0.00,0.00,0.00,0.00,0.00
215.46,0.64,138.24,218.92,0.21,45.73,214.76,0.21,31.55,0.00,0.00,0.00,0.00,0.00,0.00
218.01,0.64,140.39,217.80,0.21,45.35,217.31,0.22,33.90,0.00,0.00,0.00,0.00,0.00,0.00
218.16,0.64,140.15,218.92,0.21,45.63,217.46,0.21,32.55,0.00,0.00,0.00,0.00,0.00,0.00
217.18,0.64,139.87,219.42,0.21,46.14,216.48,0.21,33.11,0.00,0.00,0.00,0.00,0.00,0.00
217.18,0.64,139.28,219.07,0.21,46.02,216.48,0.21,31.90,0.00,0.00,0.00,0.00,0.00,0.00
218.18,0.65,140.89,219.20,0.21,46.02,217.48,0.22,32.97,0.00,0.00,0.00,0.00,0.00,0.00
217.65,0.64,140.35,218.83,0.21,45.82,216.95,0.22,33.85,0.00,0.00,0.00,0.00,0.00,0.00
216.64,0.64,139.08,218.55,0.21,45.62,215.94,0.21,32.95,0.00,0.00,0.00,0.00,0.00,0.00
216.34,0.64,138.24,217.83,0.21,45.21,215.64,0.21,31.30,0.00,0.00,0.00,0.00,0.00,0.00
219.40,0.65,141.68,219.46,0.21,46.13,218.70,0.21,33.60,0.00,0.00,0.00,0.00,0.00,0.00
216.73,0.64,139.59,218.24,0.21,45.42,216.03,0.22,34.17,0.00,0.00,0.00,0.00,0.00,0.00
218.39,0.64,140.58,218.97,0.21,45.77,217.69,0.21,32.66,0.00,0.00,0.00,0.00,0.00,0.00
219.89,0.64,141.46,218.25,0.21,45.54,219.19,0.21,33.50,0.00,0.00,0.00,0.00,0.00,0.00
217.52,0.64,139.86,217.21,0.21,45.16,216.82,0.21,33.24,0.00,0.00,0.00,0.00,0.00,0.00
219.45,0.65,142.45,220.95,0.21,46.56,218.75,0.22,34.55,0.00,0.00,0.00,0.00,0.00,0.00
217.74,0.64,139.93,217.83,0.21,45.48,217.04,0.21,33.20,0.00,0.00,0.00,0.00,0.00,0.00
217.93,0.64,140.23,219.57,0.21,46.26,217.23,0.21,32.33,0.00,0.00,0.00,0.00,0.00,0.00
218.32,0.64,140.80,217.30,0.21,45.13,217.62,0.22,34.25,0.00,0.00,0.00,0.00,0.00,0.00
217.85,0.64,139.90,218.42,0.21,45.62,217.15,0.21,33.07,0.00,0.00,0.00,0.00,0.00,0.00
219.41,0.64,140.13,214.31,0.21,44.51,218.71,0.21,31.58,0.00,0.00,0.00,0.00,0.00,0.00
218.26,0.64,139.60,216.74,0.21,44.90,217.56,0.21,31.95,0.00,0.00,0.00,0.00,0.00,0.00
215.60,0.64,138.03,218.85,0.21,45.93,214.90,0.21,31.47,0.00,0.00,0.00,0.00,0.00,0.00
218.98,0.65,141.58,219.24,0.21,45.83,218.28,0.22,34.16,0.00,0.00,0.00,0.00,0.00,0.00
219.38,0.65,141.78,220.02,0.21,46.17,218.68,0.22,33.89,0.00,0.00,0.00,0.00,0.00,0.00
221.56,0.64,142.30,218.30,0.21,45.76,220.86,0.21,32.84,0.00,0.00,0.00,0.00,0.00,0.00
219.20,0.64,141.24,219.96,0.21,46.12,218.50,0.21,32.35,0.00,0.00,0.00,0.00,0.00,0.00
216.99,0.64,138.88,216.76,0.21,44.97,216.29,0.21,32.61,0.00,0.00,0.00,0.00,0.00,0.00
219.11,0.65,141.93,217.87,0.21,45.36,218.41,0.22,34.76,0.00,0.00,0.00,0.00,0.00,0.00
217.05,0.64,139.74,217.71,0.21,45.29,216.35,0.22,33.82,0.00,0.00,0.00,0.00,0.00,0.00
216.89,0.64,139.74,218.03,0.21,45.33,216.19,0.22,33.79,0.00,0.00,0.00,0.00,0.00,0.00
217.75,0.64,140.27,218.43,0.21,45.53,217.05,0.22,32.55,0.00,0.00,0.00,0.00,0.00,0.00
217.93,0.64,140.48,217.92,0.21,45.51,217.23,0.22,33.95,0.00,0.00,0.00,0.00,0.00,0.00
216.98,0.65,140.78,220.01,0.21,46.35,216.28,0.22,34.44,0.00,0.00,0.00,0.00,0.00,0.00
214.86,0.65,139.12,219.07,0.21,45.74,214.16,0.22,34.74,0.00,0.00,0.00,0.00,0.00,0.00
217.36,0.64,139.88,219.02,0.21,45.65,216.66,0.21,33.52,0.00,0.00,0.00,0.00,0.00,0.00
213.54,0.65,138.14,220.31,0.21,46.29,212.84,0.22,34.48,0.00,0.00,0.00,0.00,0.00,0.00
216.65,0.65,139.88,218.01,0.21,45.40,215.95,0.22,34.07,0.00,0.00,0.00,0.00,0.00,0.00
219.15,0.64,141.30,220.09,0.21,46.35,218.45,0.21,33.40,0.00,0.00,0.00,0.00,0.00,0.00
219.69,0.64,141.62,218.17,0.21,45.48,218.99,0.22,33.92,0.00,0.00,0.00,0.00,0.00,0.00
218.33,0.64,140.43,218.24,0.21,45.64,217.63,0.21,33.18,0.00,0.00,0.00,0.00,0.00,0.00
218.39,0.65,141.41,220.63,0.21,46.46,217.69,0.22,34.00,0.00,0.00,0.00,0.00,0.00,0.00
216.54,0.64,139.36,218.34,0.21,45.52,215.84,0.21,33.55,0.00,0.00,0.00,0.00,0.00,0.00
218.83,0.64,140.60,219.52,0.21,46.29,218.13,0.21,31.73,0.00,0.00,0.00,0.00,0.00,0.00
218.98,0.65,141.65,218.37,0.21,45.70,218.28,0.22,34.28,0.00,0.00,0.00,0.00,0.00,0.00
218.82,0.65,141.37,219.30,0.21,45.88,218.12,0.22,33.94,0.00,0.00,0.00,0.00,0.00,0.00
219.25,0.65,141.97,220.86,0.21,46.84,218.55,0.22,33.64,0.00,0.00,0.00,0.00,0.00,0.00
218.91,0.64,140.18,218.35,0.21,45.63,218.21,0.21,32.26,0.00,0.00,0.00,0.00,0.00,0.00
220.54,0.65,142.34,219.33,0.21,45.92,219.84,0.22,33.58,0.00,0.00,0.00,0.00,0.00,0.00
219.39,0.64,141.47,219.31,0.21,45.96,218.69,0.22,33.57,0.00,0.00,0.00,0.00,0.00,0.00
218.00,0.64,140.36,218.79,0.21,45.64,217.30,0.21,33.31,0.00,0.00,0.00,0.00,0.00,0.00
220.99,0.65,142.77,220.01,0.21,46.37,220.29,0.22,33.78,0.00,0.00,0.00,0.00,0.00,0.00
220.07,0.64,141.93,218.95,0.21,45.69,219.37,0.22,33.81,0.00,0.00,0.00,0.00,0.00,0.00
217.67,0.65,140.64,218.71,0.21,45.72,216.97,0.22,34.12,0.00,0.00,0.00,0.00,0.00,0.00
218.39,0.65,141.18,219.45,0.21,46.00,217.69,0.22,34.02,0.00,0.00,0.00,0.00,0.00,0.00
218.72,0.65,141.46,218.72,0.21,45.66,218.02,0.22,34.47,0.00,0.00,0.00,0.00,0.00,0.00
217.78,0.65,140.69,218.10,0.21,45.61,217.08,0.22,34.00,0.00,0.00,0.00,0.00,0.00,0.00
218.33,0.65,140.94,219.41,0.21,46.12,217.63,0.22,33.65,0.00,0.00,0.00,0.00,0.00,0.00
220.77,0.64,142.30,219.41,0.21,46.13,220.07,0.21,33.21,0.00,0.00,0.00,0.00,0.00,0.00
216.16,0.64,138.60,218.72,0.21,45.66,215.46,0.21,31.39,0.00,0.00,0.00,0.00,0.00,0.00
218.05,0.64,139.28,216.41,0.20,44.89,217.35,0.21,32.34,0.00,0.00,0.00,0.00,0.00,0.00
217.80,0.65,140.72,217.77,0.21,45.45,217.10,0.22,34.14,0.00,0.00,0.00,0.00,0.00,0.00
219.75,0.65,142.35,219.20,0.21,45.85,219.05,0.22,34.65,0.00,0.00,0.00,0.00,0.00,0.00
218.00,0.64,139.58,219.55,0.21,45.95,217.30,0.21,31.38,0.00,0.00,0.00,0.00,0.00,0.00
218.77,0.64,141.07,220.35,0.21,46.38,218.07,0.21,32.51,0.00,0.00,0.00,0.00,0.00,0.00
216.18,0.64,138.62,216.63,0.21,45.03,215.48,0.21,31.54,0.00,0.00,0.00,0.00,0.00,0.00
217.91,0.65,141.02,219.16,0.21,46.17,217.21,0.22,34.08,0.00,0.00,0.00,0.00,0.00,0.00
220.08,0.65,142.54,218.64,0.21,45.58,219.38,0.22,34.68,0.00,0.00,0.00,0.00,0.00,0.00
218.28,0.64,140.16,218.57,0.21,45.71,217.58,0.21,32.88,0.00,0.00,0.00,0.00,0.00,0.00
218.74,0.64,141.03,218.31,0.21,45.58,218.04,0.22,33.90,0.00,0.00,0.00,0.00,0.00,0.00
218.93,0.65,141.86,219.46,0.21,45.94,218.23,0.22,34.72,0.00,0.00,0.00,0.00,0.00,0.00
218.96,0.65,141.69,219.50,0.21,46.03,218.26,0.22,34.17,0.00,0.00,0.00,0.00,0.00,0.00
217.57,0.64,140.29,219.86,0.21,46.44,216.87,0.21,32.23,0.00,0.00,0.00,0.00,0.00,0.00
220.05,0.64,141.88,219.31,0.21,46.04,219.35,0.21,33.37,0.00,0.00,0.00,0.00,0.00,0.00
217.46,0.64,140.08,217.40,0.21,45.19,216.76,0.22,34.20,0.00,0.00,0.00,0.00,0.00,0.00
221.45,0.64,142.21,219.03,0.21,45.98,220.75,0.21,32.61,0.00,0.00,0.00,0.00,0.00,0.00
217.79,0.64,140.22,218.98,0.21,45.74,217.09,0.21,33.39,0.00,0.00,0.00,0.00,0.00,0.00
217.49,0.64,139.95,219.04,0.21,46.07,216.79,0.21,32.68,0.00,0.00,0.00,0.00,0.00,0.00
217.94,0.64,140.14,218.14,0.21,45.64,217.24,0.21,32.55,0.00,0.00,0.00,0.00,0.00,0.00
219.26,0.64,140.32,218.66,0.21,45.52,218.56,0.21,32.05,0.00,0.00,0.00,0.00,0.00,0.00
217.64,0.65,140.59,218.51,0.21,45.66,216.94,0.22,34.11,0.00,0.00,0.00,0.00,0.00,0.00
220.54,0.65,142.68,217.89,0.21,45.33,219.84,0.22,34.69,0.00,0.00,0.00,0.00,0.00,0.00
217.71,0.64,140.20,219.07,0.21,45.90,217.01,0.21,32.52,0.00,0.00,0.00,0.00,0.00,0.00
219.68,0.65,142.38,220.00,0.21,46.19,218.98,0.22,34.72,0.00,0.00,0.00,0.00,0.00,0.00
217.40,0.64,139.33,217.45,0.21,45.21,216.70,0.21,32.05,0.00,0.00,0.00,0.00,0.00,0.00
217.56,0.64,139.47,216.46,0.20,44.59,216.86,0.21,33.00,0.00,0.00,0.00,0.00,0.00,0.00
219.64,0.65,142.59,219.24,0.21,45.86,218.94,0.22,35.09,0.00,0.00,0.00,0.00,0.00,0.00
217.69,0.64,139.88,218.33,0.21,45.58,216.99,0.21,31.94,0.00,0.00,0.00,0.00,0.00,0.00
213.09,0.64,137.44,220.19,0.21,46.26,212.39,0.21,31.96,0.00,0.00,0.00,0.00,0.00,0.00
219.17,0.65,141.37,218.83,0.21,45.58,218.47,0.22,32.76,0.00,0.00,0.00,0.00,0.00,0.00
219.78,0.65,142.59,220.10,0.21,46.33,219.08,0.22,34.79,0.00,0.00,0.00,0.00,0.00,0.00
215.72,0.64,138.99,218.75,0.21,45.73,215.02,0.21,33.43,0.00,0.00,0.00,0.00,0.00,0.00
217.66,0.65,141.33,220.41,0.21,46.40,216.96,0.22,34.67,0.00,0.00,0.00,0.00,0.00,0.00
220.22,0.65,142.38,221.24,0.21,46.94,219.52,0.21,33.35,0.00,0.00,0.00,0.00,0.00,0.00
219.67,0.64,140.70,216.31,0.20,44.88,218.97,0.21,32.50,0.00,0.00,0.00,0.00,0.00,0.00
219.11,0.65,141.72,220.97,0.21,46.74,218.41,0.22,32.36,0.00,0.00,0.00,0.00,0.00,0.00
218.15,0.65,141.17,218.51,0.21,45.65,217.45,0.22,34.64,0.00,0.00,0.00,0.00,0.00,0.00
218.82,0.65,141.27,218.02,0.21,45.46,218.12,0.22,34.18,0.00,0.00,0.00,0.00,0.00,0.00
220.16,0.65,142.87,220.94,0.21,46.77,219.46,0.22,34.12,0.00,0.00,0.00,0.00,0.00,0.00
216.75,0.65,140.29,219.30,0.21,46.00,216.05,0.22,34.34,0.00,0.00,0.00,0.00,0.00,0.00
217.50,0.64,139.96,218.60,0.21,45.61,216.80,0.21,33.40,0.00,0.00,0.00,0.00,0.00,0.00
217.23,0.64,139.94,218.94,0.21,45.75,216.53,0.21,32.33,0.00,0.00,0.00,0.00,0.00,0.00
220.25,0.65,142.58,220.66,0.21,46.48,219.55,0.22,33.94,0.00,0.00,0.00,0.00,0.00,0.00
217.06,0.64,139.53,219.11,0.21,45.78,216.36,0.21,31.66,0.00,0.00,0.00,0.00,0.00,0.00
218.64,0.64,140.72,218.87,0.21,45.71,217.94,0.21,33.33,0.00,0.00,0.00,0.00,0.00,0.00
218.83,0.64,141.08,217.59,0.21,45.32,218.13,0.22,34.05,0.00,0.00,0.00,0.00,0.00,0.00
220.24,0.64,141.70,218.72,0.21,45.67,219.54,0.21,32.90,0.00,0.00,0.00,0.00,0.00,0.00
218.26,0.65,140.83,219.39,0.21,46.15,217.56,0.21,33.41,0.00,0.00,0.00,0.00,0.00,0.00
220.69,0.65,142.97,220.36,0.21,46.48,219.99,0.22,34.27,0.00,0.00,0.00,0.00,0.00,0.00
218.55,0.64,140.71,219.36,0.21,45.83,217.85,0.21,33.47,0.00,0.00,0.00,0.00,0.00,0.00
216.55,0.64,139.55,217.78,0.21,45.37,215.85,0.22,33.95,0.00,0.00,0.00,0.00,0.00,0.00
219.75,0.65,142.33,219.56,0.21,46.17,219.05,0.22,34.29,0.00,0.00,0.00,0.00,0.00,0.00
217.91,0.64,140.31,218.84,0.21,45.66,217.21,0.21,32.36,0.00,0.00,0.00,0.00,0.00,0.00
218.62,0.64,140.83,218.98,0.21,45.85,217.92,0.21,32.29,0.00,0.00,0.00,0.00,0.00,0.00
220.39,0.65,143.09,219.68,0.21,46.16,219.69,0.22,33.81,0.00,0.00,0.00,0.00,0.00,0.00
217.83,0.86,186.82,216.89,0.21,44.90,217.13,0.21,31.87,217.98,0.22,46.70,0.00,0.00,0.00
215.94,0.85,184.42,217.55,0.21,45.09,215.24,0.21,30.14,217.50,0.21,46.33,0.00,0.00,0.00
217.95,0.86,187.79,219.12,0.21,46.03,217.25,0.22,32.18,218.22,0.22,46.80,0.00,0.00,0.00
218.62,0.85,186.69,217.04,0.21,44.98,217.92,0.21,30.84,215.77,0.21,45.75,0.00,0.00,0.00
217.62,0.86,187.07,219.74,0.21,46.08,216.92,0.21,31.77,216.40,0.21,45.74,0.00,0.00,0.00
218.33,0.86,188.51,219.89,0.21,46.21,217.63,0.21,32.59,218.96,0.22,47.07,0.00,0.00,0.00
217.79,0.86,187.48,216.81,0.21,44.98,217.09,0.22,33.14,217.83,0.22,46.45,0.00,0.00,0.00
217.29,0.86,187.09,219.54,0.21,46.23,216.59,0.21,31.45,218.56,0.22,47.01,0.00,0.00,0.00
219.48,0.86,188.98,218.08,0.21,45.56,218.78,0.22,34.08,216.89,0.21,46.14,0.00,0.00,0.00
218.05,0.86,187.68,219.70,0.21,46.20,217.35,0.21,32.19,219.76,0.22,47.34,0.00,0.00,0.00
220.09,0.87,190.97,221.93,0.21,47.42,219.39,0.22,34.22,217.93,0.22,46.70,0.00,0.00,0.00
217.56,0.86,186.17,218.61,0.21,45.59,216.86,0.21,32.04,217.41,0.21,46.35,0.00,0.00,0.00
218.54,0.86,187.47,218.62,0.21,45.72,217.84,0.21,32.86,217.55,0.21,46.43,0.00,0.00,0.00
214.53,0.86,184.39,218.30,0.21,45.53,213.83,0.22,33.74,216.83,0.22,46.32,0.00,0.00,0.00
216.43,0.86,185.36,219.70,0.21,46.29,215.73,0.21,32.84,215.06,0.21,45.42,0.00,0.00,0.00
218.84,0.86,187.89,219.36,0.21,46.12,218.14,0.21,32.07,217.74,0.22,46.55,0.00,0.00,0.00
217.61,0.86,186.78,219.82,0.21,46.03,216.91,0.21,33.47,216.43,0.21,45.90,0.00,0.00,0.00
219.15,0.86,188.47,219.41,0.21,45.88,218.45,0.22,33.41,216.79,0.21,46.34,0.00,0.00,0.00
215.34,0.85,183.86,216.58,0.21,44.72,214.64,0.21,32.84,215.65,0.21,45.64,0.00,0.00,0.00
219.75,0.86,189.42,219.51,0.21,45.97,219.05,0.22,32.01,218.82,0.22,47.15,0.00,0.00,0.00
216.39,0.85,185.00,215.83,0.21,44.60,215.69,0.21,32.77,216.86,0.21,46.10,0.00,0.00,0.00
219.02,0.86,188.23,219.72,0.21,46.18,218.32,0.21,31.16,218.72,0.22,47.06,0.00,0.00,0.00
218.03,0.86,187.50,217.38,0.21,45.33,217.33,0.22,34.25,215.86,0.21,45.77,0.00,0.00,0.00
213.95,0.86,183.88,220.44,0.21,46.42,213.25,0.21,31.28,218.33,0.22,46.87,0.00,0.00,0.00
218.40,0.86,187.58,217.98,0.21,45.41,217.70,0.22,33.95,215.42,0.21,45.73,0.00,0.00,0.00
218.95,0.86,188.50,219.79,0.21,46.25,218.25,0.21,32.95,218.66,0.22,47.02,0.00,0.00,0.00
217.41,0.86,186.50,218.05,0.21,45.42,216.71,0.21,33.27,217.43,0.21,46.42,0.00,0.00,0.00
219.11,0.86,188.49,217.84,0.21,45.65,218.41,0.21,31.37,219.43,0.22,47.48,0.00,0.00,0.00
221.08,0.86,189.13,216.11,0.21,44.71,220.38,0.21,33.02,216.47,0.21,46.14,0.00,0.00,0.00
218.60,0.86,188.13,219.96,0.21,46.24,217.90,0.22,33.43,217.54,0.21,46.46,0.00,0.00,0.00
218.20,0.86,187.42,218.92,0.21,45.79,217.50,0.22,33.54,215.86,0.21,45.99,0.00,0.00,0.00
217.13,0.86,186.34,216.50,0.21,44.94,216.43,0.22,34.07,216.14,0.21,45.91,0.00,0.00,0.00
219.21,0.86,188.61,217.96,0.21,45.30,218.51,0.22,33.93,218.18,0.22,46.82,0.00,0.00,0.00
218.03,0.85,185.59,214.22,0.20,43.72,217.33,0.21,32.09,216.34,0.21,46.10,0.00,0.00,0.00
219.09,0.86,188.46,219.85,0.21,46.34,218.39,0.21,31.90,217.12,0.21,46.50,0.00,0.00,0.00
217.59,0.86,186.36,217.42,0.21,45.32,216.89,0.21,32.10,217.06,0.22,46.51,0.00,0.00,0.00
217.54,0.86,186.22,218.66,0.21,45.82,216.84,0.21,31.99,217.74,0.21,46.68,0.00,0.00,0.00
216.86,0.86,186.60,218.20,0.21,45.42,216.16,0.22,32.48,217.45,0.22,46.69,0.00,0.00,0.00
217.52,0.85,185.98,218.42,0.21,45.53,216.82,0.21,32.39,216.76,0.21,46.08,0.00,0.00,0.00
219.62,0.86,188.93,218.58,0.21,45.78,218.92,0.21,33.14,218.72,0.22,46.99,0.00,0.00,0.00
218.22,0.85,186.14,216.47,0.20,44.70,217.52,0.21,30.88,217.45,0.21,46.56,0.00,0.00,0.00
212.57,0.86,181.81,218.76,0.21,45.61,211.87,0.21,32.54,216.82,0.21,46.22,0.00,0.00,0.00
216.35,0.86,185.08,216.26,0.20,44.40,215.65,0.22,33.99,215.50,0.21,45.70,0.00,0.00,0.00
217.54,0.86,186.57,218.06,0.21,45.63,216.84,0.21,31.42,217.27,0.21,46.58,0.00,0.00,0.00
218.21,0.86,186.59,216.18,0.21,44.79,217.51,0.21,33.19,215.63,0.21,45.78,0.00,0.00,0.00
215.73,0.85,184.34,217.21,0.21,45.33,215.03,0.21,32.50,216.31,0.21,45.95,0.00,0.00,0.00
218.78,0.86,187.87,218.46,0.21,45.64,218.08,0.21,32.94,217.91,0.22,46.71,0.00,0.00,0.00
216.67,0.85,184.87,216.36,0.20,44.60,215.97,0.21,33.21,214.61,0.21,45.33,0.00,0.00,0.00
218.65,0.86,187.97,219.89,0.21,46.35,217.95,0.21,32.92,218.11,0.21,46.72,0.00,0.00,0.00
217.07,0.86,185.93,217.17,0.21,45.14,216.37,0.21,33.01,216.56,0.21,46.20,0.00,0.00,0.00
216.23,0.86,185.09,220.18,0.21,46.18,215.53,0.21,30.80,215.93,0.21,46.10,0.00,0.00,0.00
217.69,0.86,188.15,218.77,0.21,45.78,216.99,0.22,34.36,219.36,0.22,47.37,0.00,0.00,0.00
221.57,0.85,189.18,217.71,0.21,45.21,220.87,0.21,32.95,213.32,0.21,45.05,0.00,0.00,0.00
215.42,0.85,183.60,215.26,0.20,44.60,214.72,0.21,31.45,216.83,0.21,46.26,0.00,0.00,0.00
214.44,0.86,184.77,217.56,0.21,45.21,213.74,0.22,34.44,217.12,0.21,46.49,0.00,0.00,0.00
217.06,0.85,185.36,217.14,0.21,45.20,216.36,0.21,31.60,216.02,0.21,45.95,0.00,0.00,0.00
218.38,0.86,187.53,218.50,0.21,45.83,217.68,0.21,32.94,217.46,0.22,46.63,0.00,0.00,0.00
217.99,0.86,186.91,218.00,0.21,45.30,217.29,0.21,33.05,217.13,0.21,46.51,0.00,0.00,0.00
215.07,0.86,184.17,218.80,0.21,45.72,214.37,0.21,32.70,215.32,0.21,45.69,0.00,0.00,0.00
215.93,0.86,186.07,219.22,0.21,45.97,215.23,0.22,33.84,218.24,0.22,46.89,0.00,0.00,0.00
219.03,0.86,187.53,218.10,0.21,45.51,218.33,0.21,32.47,217.10,0.21,46.44,0.00,0.00,0.00
218.41,0.86,187.55,218.83,0.21,46.03,217.71,0.21,33.36,215.80,0.21,45.87,0.00,0.00,0.00
218.41,0.86,187.08,218.66,0.21,45.75,217.71,0.21,32.36,216.72,0.21,46.44,0.00,0.00,0.00
217.30,0.85,185.51,216.34,0.21,44.67,216.60,0.21,32.23,217.38,0.21,46.48,0.00,0.00,0.00
218.16,0.86,187.49,218.94,0.21,45.96,217.46,0.21,33.35,217.50,0.21,46.52,0.00,0.00,0.00
217.17,0.86,185.87,217.85,0.21,45.48,216.47,0.21,32.98,217.04,0.21,46.16,0.00,0.00,0.00
216.85,0.85,185.31,218.53,0.21,45.37,216.15,0.21,31.09,216.79,0.21,46.43,0.00,0.00,0.00
216.48,0.86,185.95,216.70,0.20,44.93,215.78,0.22,33.01,219.03,0.22,47.26,0.00,0.00,0.00
218.04,0.86,186.91,218.16,0.21,45.04,217.34,0.21,33.47,216.23,0.21,46.17,0.00,0.00,0.00
217.14,0.86,186.73,219.36,0.21,45.88,216.44,0.22,32.37,218.25,0.22,46.97,0.00,0.00,0.00
216.68,0.86,186.57,218.04,0.21,45.22,215.98,0.22,35.09,215.51,0.21,45.84,0.00,0.00,0.00
217.07,0.86,185.65,217.85,0.21,45.36,216.37,0.21,32.50,216.44,0.21,46.20,0.00,0.00,0.00
215.06,0.86,185.66,218.06,0.21,45.68,214.36,0.22,34.24,218.41,0.22,47.04,0.00,0.00,0.00
217.74,0.86,186.22,217.00,0.21,45.11,217.04,0.21,32.56,215.87,0.21,46.15,0.00,0.00,0.00
217.15,0.85,184.73,215.57,0.20,44.58,216.45,0.21,31.99,214.05,0.21,45.13,0.00,0.00,0.00
212.42,0.86,182.37,218.98,0.21,45.74,211.72,0.21,32.73,217.98,0.22,47.10,0.00,0.00,0.00
217.00,0.85,185.42,217.62,0.21,45.41,216.30,0.21,31.13,215.68,0.21,45.92,0.00,0.00,0.00
219.03,0.86,187.85,218.05,0.21,45.51,218.33,0.21,31.37,219.02,0.22,47.31,0.00,0.00,0.00
220.54,0.86,188.65,218.99,0.21,45.52,219.84,0.21,32.77,216.59,0.21,46.21,0.00,0.00,0.00
219.39,0.86,188.22,219.75,0.21,46.06,218.69,0.21,32.13,218.11,0.22,47.02,0.00,0.00,0.00
214.51,0.86,184.60,217.05,0.21,45.10,213.81,0.22,34.25,217.27,0.21,46.51,0.00,0.00,0.00
216.14,0.86,185.45,216.57,0.21,44.80,215.44,0.22,33.69,217.01,0.21,46.43,0.00,0.00,0.00
214.82,0.86,184.82,217.76,0.21,45.25,214.12,0.22,33.73,218.15,0.22,46.92,0.00,0.00,0.00
218.09,0.86,186.73,218.32,0.21,45.50,217.39,0.21,31.54,216.35,0.21,46.19,0.00,0.00,0.00
219.09,0.86,188.95,217.70,0.21,45.53,218.39,0.22,33.95,219.23,0.22,47.37,0.00,0.00,0.00
216.44,0.85,185.03,216.92,0.20,44.75,215.74,0.21,33.44,215.09,0.21,45.72,0.00,0.00,0.00
219.79,0.86,188.63,219.29,0.21,45.96,219.09,0.21,31.60,217.69,0.22,46.88,0.00,0.00,0.00
218.79,0.85,186.81,216.80,0.21,45.08,218.09,0.21,31.50,218.32,0.21,46.47,0.00,0.00,0.00
215.09,0.86,184.52,218.28,0.21,45.54,214.39,0.21,32.68,219.05,0.22,47.21,0.00,0.00,0.00
217.96,0.85,186.28,217.71,0.21,45.44,217.26,0.21,32.41,216.37,0.21,46.17,0.00,0.00,0.00
217.76,0.86,186.66,218.50,0.21,45.57,217.06,0.21,32.84,217.68,0.21,46.66,0.00,0.00,0.00
219.10,0.86,188.25,218.03,0.21,45.48,218.40,0.22,33.64,217.47,0.21,46.65,0.00,0.00,0.00
217.35,0.85,185.35,218.10,0.21,45.43,216.65,0.21,31.34,215.53,0.21,45.98,0.00,0.00,0.00
219.74,0.86,189.03,219.22,0.21,45.86,219.04,0.22,33.43,217.30,0.21,46.61,0.00,0.00,0.00
216.00,0.86,184.79,217.74,0.21,45.29,215.30,0.21,31.97,217.38,0.21,46.63,0.00,0.00,0.00
218.43,0.86,187.26,218.27,0.21,45.36,217.73,0.21,33.35,217.20,0.21,46.34,0.00,0.00,0.00
218.70,0.86,187.06,218.45,0.21,45.65,218.00,0.21,32.58,216.32,0.21,46.17,0.00,0.00,0.00
218.61,0.86,187.66,216.43,0.21,44.82,217.91,0.21,31.71,218.52,0.22,47.15,0.00,0.00,0.00
219.53,0.86,187.78,218.87,0.21,45.55,218.83,0.21,30.85,216.19,0.21,46.19,0.00,0.00,0.00
219.13,0.86,188.48,220.58,0.21,46.51,218.43,0.21,32.92,218.25,0.22,47.03,0.00,0.00,0.00
219.15,0.86,187.63,216.67,0.21,44.87,218.45,0.22,33.37,215.49,0.21,45.79,0.00,0.00,0.00
217.31,0.86,186.41,219.05,0.21,45.79,216.61,0.21,32.93,217.39,0.21,46.55,0.00,0.00,0.00
214.90,0.86,183.84,214.89,0.20,44.09,214.20,0.21,33.05,217.70,0.22,46.74,0.00,0.00,0.00
218.92,0.85,186.95,219.04,0.21,45.77,218.22,0.21,31.56,213.48,0.21,44.95,0.00,0.00,0.00
218.68,0.86,188.28,217.52,0.21,45.16,217.98,0.22,34.57,218.37,0.21,46.90,0.00,0.00,0.00
218.15,0.86,186.82,218.55,0.21,45.63,217.45,0.21,33.09,215.55,0.21,45.93,0.00,0.00,0.00
217.10,0.86,186.12,220.04,0.21,46.28,216.40,0.21,32.04,217.54,0.21,46.72,0.00,0.00,0.00
218.20,0.86,186.83,218.23,0.21,45.46,217.50,0.21,32.69,217.12,0.21,46.61,0.00,0.00,0.00
218.54,0.85,186.12,225.14,0.21,45.75,217.84,0.21,30.80,215.38,0.21,45.91,0.00,0.00,0.00
217.60,0.86,187.07,219.21,0.21,45.84,216.90,0.22,33.36,217.36,0.21,46.71,0.00,0.00,0.00
216.59,0.86,185.36,216.89,0.21,44.98,215.89,0.21,31.48,215.98,0.21,46.25,0.00,0.00,0.00
217.13,0.86,186.32,219.06,0.21,45.96,216.43,0.21,30.85,218.00,0.22,47.06,0.00,0.00,0.00
218.33,0.86,187.66,218.87,0.21,45.66,217.63,0.22,33.38,216.36,0.21,46.43,0.00,0.00,0.00
217.86,0.86,187.22,219.18,0.21,45.91,217.16,0.21,33.09,218.24,0.22,46.93,0.00,0.00,0.00
217.54,0.86,187.65,218.43,0.21,45.68,216.84,0.22,34.11,218.64,0.22,47.13,0.00,0.00,0.00
218.51,0.85,186.82,216.85,0.21,45.05,217.81,0.21,32.87,215.15,0.21,45.74,0.00,0.00,0.00
217.58,0.86,187.70,219.33,0.21,45.96,216.88,0.22,34.41,217.07,0.21,46.56,0.00,0.00,0.00
216.95,0.86,186.26,217.17,0.21,45.17,216.25,0.22,33.56,216.97,0.21,46.45,0.00,0.00,0.00
221.82,0.86,189.75,221.11,0.21,46.18,221.12,0.21,31.65,217.78,0.21,46.69,0.00,0.00,0.00
219.97,0.86,189.38,219.66,0.21,46.06,219.27,0.22,33.73,216.76,0.21,46.41,0.00,0.00,0.00
217.86,0.85,186.18,216.40,0.21,44.96,217.16,0.21,31.38,215.81,0.21,46.03,0.00,0.00,0.00
217.91,0.86,187.10,218.75,0.21,45.86,217.21,0.21,31.42,220.40,0.22,47.84,0.00,0.00,0.00
217.13,0.85,185.29,217.33,0.21,45.31,216.43,0.21,30.63,216.61,0.21,46.27,0.00,0.00,0.00
217.96,0.86,187.29,218.03,0.21,45.58,217.26,0.21,33.08,217.77,0.21,46.84,0.00,0.00,0.00
217.69,0.86,186.47,218.15,0.21,45.55,216.99,0.21,32.58,216.72,0.21,46.41,0.00,0.00,0.00
217.53,0.86,187.60,219.59,0.21,46.24,216.83,0.22,33.30,217.85,0.22,46.94,0.00,0.00,0.00
215.29,0.86,184.84,218.23,0.21,45.64,214.59,0.21,33.40,216.57,0.21,46.33,0.00,0.00,0.00
212.43,0.86,181.71,215.65,0.21,44.67,211.73,0.21,32.82,217.78,0.21,46.58,0.00,0.00,0.00
217.69,0.86,187.00,218.17,0.21,45.61,216.99,0.21,31.36,218.05,0.22,47.00,0.00,0.00,0.00
216.87,0.86,186.14,218.61,0.21,45.66,216.17,0.21,32.05,217.28,0.21,46.65,0.00,0.00,0.00
218.28,0.86,188.32,218.28,0.21,45.65,217.58,0.22,34.47,218.44,0.22,47.04,0.00,0.00,0.00
216.72,0.86,185.45,217.36,0.21,45.36,216.02,0.21,32.37,217.02,0.21,46.53,0.00,0.00,0.00
219.23,0.86,188.59,219.26,0.21,45.95,218.53,0.21,31.57,218.01,0.22,47.10,0.00,0.00,0.00
218.27,0.86,187.24,217.26,0.21,45.10,217.57,0.22,33.51,217.07,0.21,46.54,0.00,0.00,0.00
218.33,0.86,187.37,217.70,0.21,45.51,217.63,0.21,31.32,217.89,0.22,47.09,0.00,0.00,0.00
218.17,0.86,187.07,218.69,0.21,45.61,217.47,0.21,32.62,217.14,0.21,46.64,0.00,0.00,0.00
216.20,0.86,186.10,218.82,0.21,45.95,215.50,0.21,33.10,218.63,0.22,47.23,0.00,0.00,0.00
224.38,0.86,192.24,212.51,0.21,43.67,223.68,0.21,32.03,217.20,0.21,46.67,0.00,0.00,0.00
219.93,0.86,189.63,219.55,0.21,46.20,219.23,0.22,33.57,218.90,0.22,47.23,0.00,0.00,0.00
215.49,0.86,184.29,217.25,0.21,45.14,214.79,0.21,32.29,217.77,0.21,46.77,0.00,0.00,0.00
217.69,0.86,187.43,219.74,0.21,46.11,216.99,0.21,31.52,219.03,0.22,47.61,0.00,0.00,0.00
219.04,0.86,187.76,217.36,0.21,45.23,218.34,0.21,32.76,216.32,0.22,46.41,0.00,0.00,0.00
216.96,0.86,187.16,219.90,0.21,46.07,216.26,0.22,34.12,219.48,0.22,47.33,0.00,0.00,0.00
217.59,0.86,187.14,218.28,0.21,45.50,216.89,0.22,32.38,218.28,0.22,47.23,0.00,0.00,0.00
217.11,0.86,185.74,217.80,0.21,45.44,216.41,0.21,32.36,217.10,0.21,46.43,0.00,0.00,0.00
217.94,0.86,187.12,219.33,0.21,46.07,217.24,0.21,31.18,217.02,0.21,46.75,0.00,0.00,0.00
213.71,0.85,182.65,216.50,0.21,44.78,213.01,0.22,33.44,214.90,0.21,45.47,0.00,0.00,0.00
219.18,0.86,189.04,218.88,0.21,45.66,218.48,0.22,34.16,218.63,0.22,47.09,0.00,0.00,0.00
217.08,0.86,185.92,217.62,0.21,45.39,216.38,0.21,32.24,218.66,0.22,47.14,0.00,0.00,0.00
219.06,0.86,188.65,219.48,0.21,46.05,218.36,0.22,33.39,218.66,0.22,47.12,0.00,0.00,0.00
218.22,0.85,186.35,219.66,0.21,46.03,217.52,0.21,31.19,216.29,0.21,46.21,0.00,0.00,0.00
219.81,0.86,188.81,219.09,0.21,45.77,219.11,0.21,33.10,218.05,0.22,46.88,0.00,0.00,0.00
219.20,0.86,188.47,217.48,0.21,45.12,218.50,0.22,33.66,218.78,0.22,47.19,0.00,0.00,0.00
217.97,0.86,187.46,219.20,0.21,45.77,217.27,0.22,33.38,218.70,0.22,47.04,0.00,0.00,0.00
216.88,0.86,185.69,218.21,0.21,45.56,216.18,0.21,32.08,218.39,0.22,47.06,0.00,0.00,0.00
215.84,0.85,184.15,217.07,0.21,44.87,215.14,0.21,32.45,217.56,0.21,46.39,0.00,0.00,0.00
218.36,0.87,189.09,221.99,0.21,47.57,217.66,0.22,33.64,220.18,0.22,47.71,0.00,0.00,0.00
219.05,0.86,188.20,219.70,0.21,46.19,218.35,0.21,31.45,217.69,0.22,46.94,0.00,0.00,0.00
222.19,0.85,189.81,214.59,0.20,43.92,221.49,0.21,32.76,217.79,0.22,46.89,0.00,0.00,0.00
215.96,0.86,184.86,217.88,0.21,45.37,215.26,0.21,32.72,216.84,0.21,46.43,0.00,0.00,0.00
218.72,0.86,187.75,218.11,0.21,45.47,218.02,0.21,31.77,217.99,0.22,46.97,0.00,0.00,0.00
217.09,0.86,186.00,218.60,0.21,45.58,216.39,0.21,32.49,217.31,0.21,46.65,0.00,0.00,0.00
218.24,0.86,187.25,218.24,0.21,45.46,217.54,0.21,31.11,219.88,0.22,47.69,0.00,0.00,0.00
217.76,0.85,186.11,216.68,0.21,45.04,217.06,0.21,32.57,216.34,0.21,46.22,0.00,0.00,0.00
217.61,0.86,187.34,219.48,0.21,46.24,216.91,0.21,31.18,218.91,0.22,47.57,0.00,0.00,0.00
219.59,0.86,188.40,218.45,0.21,45.58,218.89,0.21,32.13,217.68,0.21,46.82,0.00,0.00,0.00
216.82,0.86,185.69,219.28,0.21,45.94,216.12,0.21,32.11,216.98,0.21,46.56,0.00,0.00,0.00
218.81,0.86,187.97,218.56,0.21,45.63,218.11,0.21,31.55,217.59,0.22,47.03,0.00,0.00,0.00
216.95,0.86,186.12,218.29,0.21,45.54,216.25,0.21,33.20,217.58,0.21,46.68,0.00,0.00,0.00
218.22,0.86,187.27,218.30,0.21,45.46,217.52,0.21,32.61,217.18,0.21,46.61,0.00,0.00,0.00
217.99,0.86,186.43,218.00,0.21,45.34,217.29,0.21,32.27,217.44,0.22,46.79,0.00,0.00,0.00
217.77,0.86,186.75,218.61,0.21,45.72,217.07,0.21,31.22,217.00,0.21,46.62,0.00,0.00,0.00
217.68,0.86,186.33,218.99,0.21,45.92,216.98,0.21,30.80,218.46,0.22,47.13,0.00,0.00,0.00
213.56,0.86,183.86,218.09,0.21,45.47,212.86,0.22,34.01,216.60,0.21,46.50,0.00,0.00,0.00
217.92,0.85,186.16,216.97,0.21,45.07,217.22,0.21,30.69,217.33,0.21,46.75,0.00,0.00,0.00
219.20,0.86,188.49,221.58,0.21,46.25,218.50,0.21,32.43,218.39,0.22,47.21,0.00,0.00,0.00
217.44,0.86,186.45,218.90,0.21,45.70,216.74,0.21,32.99,216.99,0.21,46.60,0.00,0.00,0.00
219.93,0.86,189.19,219.89,0.21,46.22,219.23,0.21,31.57,218.57,0.22,47.30,0.00,0.00,0.00
218.29,0.86,186.78,217.28,0.21,45.28,217.59,0.21,31.97,218.13,0.22,47.10,0.00,0.00,0.00
218.74,0.86,189.06,218.38,0.21,45.79,218.04,0.22,34.48,217.88,0.22,47.01,0.00,0.00,0.00
217.31,0.86,186.32,218.21,0.21,45.62,216.61,0.21,31.73,217.11,0.21,46.62,0.00,0.00,0.00
218.35,0.86,188.03,218.61,0.21,45.74,217.65,0.22,34.14,215.85,0.21,46.17,0.00,0.00,0.00
218.04,0.86,187.60,217.60,0.21,45.37,217.34,0.22,33.85,217.67,0.21,46.72,0.00,0.00,0.00
217.13,0.86,187.08,217.44,0.21,45.22,216.43,0.22,33.82,219.33,0.22,47.49,0.00,0.00,0.00
218.04,0.86,186.62,218.06,0.21,45.46,217.34,0.21,32.37,216.32,0.21,46.42,0.00,0.00,0.00
219.26,0.86,188.94,215.66,0.21,44.90,218.56,0.22,33.71,217.61,0.22,46.91,0.00,0.00,0.00
215.81,0.86,185.01,217.20,0.21,45.15,215.11,0.21,32.70,217.98,0.22,46.98,0.00,0.00,0.00
218.87,0.86,188.27,218.80,0.21,45.69,218.17,0.22,33.72,217.05,0.22,46.73,0.00,0.00,0.00
218.39,0.86,187.58,218.49,0.21,45.50,217.69,0.22,33.58,216.69,0.21,46.47,0.00,0.00,0.00
221.28,0.86,190.77,218.08,0.21,45.54,220.58,0.22,34.01,218.74,0.22,47.17,0.00,0.00,0.00
218.33,0.85,186.28,217.60,0.21,45.36,217.63,0.21,31.54,216.57,0.21,46.44,0.00,0.00,0.00
218.21,0.86,188.11,218.90,0.21,45.98,217.51,0.22,33.59,219.61,0.22,47.54,0.00,0.00,0.00
218.84,0.86,187.93,218.83,0.21,45.96,218.14,0.21,33.12,216.14,0.21,46.34,0.00,0.00,0.00
216.83,0.86,186.96,218.75,0.21,45.83,216.13,0.22,34.23,217.79,0.22,46.85,0.00,0.00,0.00
219.25,0.86,188.57,220.31,0.21,46.48,218.55,0.21,32.88,218.17,0.22,47.05,0.00,0.00,0.00
218.11,0.86,186.80,219.74,0.21,45.91,217.41,0.21,32.48,216.39,0.21,46.27,0.00,0.00,0.00
218.49,0.87,189.30,220.40,0.21,46.50,217.79,0.22,34.79,218.32,0.22,47.18,0.00,0.00,0.00
213.80,0.86,183.60,217.32,0.21,45.05,213.10,0.22,34.10,216.18,0.21,46.28,0.00,0.00,0.00
217.74,0.86,186.45,219.39,0.21,45.93,217.04,0.21,32.10,216.29,0.21,46.27,0.00,0.00,0.00
218.08,0.85,186.05,217.74,0.21,45.20,217.38,0.21,31.43,214.52,0.21,45.69,0.00,0.00,0.00
213.01,0.86,182.83,217.84,0.21,45.38,212.31,0.21,33.10,217.58,0.22,46.81,0.00,0.00,0.00
214.89,0.86,185.66,218.51,0.21,45.87,214.19,0.22,34.29,217.61,0.22,46.90,0.00,0.00,0.00
218.03,0.86,187.67,218.56,0.21,45.74,217.33,0.22,33.78,217.81,0.21,46.78,0.00,0.00,0.00
217.45,0.86,187.05,219.52,0.21,46.07,216.75,0.21,31.54,219.28,0.22,47.69,0.00,0.00,0.00
218.14,0.86,187.64,217.49,0.21,45.19,217.44,0.22,34.33,215.90,0.21,45.92,0.00,0.00,0.00
216.82,0.86,186.19,218.65,0.21,45.69,216.12,0.22,33.53,216.58,0.21,46.36,0.00,0.00,0.00
219.16,0.86,188.08,219.26,0.21,45.89,218.46,0.21,32.76,216.55,0.21,46.56,0.00,0.00,0.00
216.46,0.86,185.34,217.99,0.21,45.46,215.76,0.21,33.14,215.53,0.21,45.92,0.00,0.00,0.00
214.73,0.86,184.30,218.67,0.21,45.77,214.03,0.21,33.24,217.38,0.21,46.54,0.00,0.00,0.00
216.61,0.85,185.12,219.05,0.21,45.95,215.91,0.21,31.14,216.98,0.21,46.56,0.00,0.00,0.00
211.65,0.86,182.17,217.88,0.21,45.45,210.95,0.22,33.83,217.43,0.21,46.72,0.00,0.00,0.00
214.58,0.86,183.80,214.80,0.20,44.01,213.88,0.21,32.50,217.85,0.22,47.13,0.00,0.00,0.00
217.03,0.85,185.50,218.22,0.21,45.52,216.33,0.21,32.57,216.14,0.21,46.10,0.00,0.00,0.00
217.71,0.86,187.42,218.66,0.21,45.71,217.01,0.22,33.89,218.06,0.22,47.06,0.00,0.00,0.00
216.07,0.85,184.56,216.66,0.21,44.92,215.37,0.21,31.23,218.17,0.21,46.76,0.00,0.00,0.00
220.37,0.86,188.48,218.48,0.21,45.83,219.67,0.21,32.39,216.03,0.21,46.10,0.00,0.00,0.00
219.46,0.86,187.76,218.56,0.21,45.68,218.76,0.21,31.68,217.36,0.21,46.60,0.00,0.00,0.00
218.22,0.86,187.27,217.83,0.21,45.37,217.52,0.21,33.14,217.09,0.21,46.67,0.00,0.00,0.00
217.81,0.86,186.83,216.18,0.21,44.72,217.11,0.21,32.53,219.31,0.22,47.57,0.00,0.00,0.00
217.25,0.86,186.19,217.22,0.21,45.33,216.55,0.21,32.63,217.03,0.22,46.74,0.00,0.00,0.00
219.97,0.86,189.08,220.50,0.21,46.29,219.27,0.21,32.99,218.13,0.21,46.90,0.00,0.00,0.00
217.45,0.86,187.18,219.60,0.21,46.10,216.75,0.21,32.14,217.36,0.22,46.82,0.00,0.00,0.00
219.36,0.86,188.35,217.70,0.21,45.34,218.66,0.21,33.04,218.99,0.22,47.30,0.00,0.00,0.00
217.80,0.86,186.72,218.11,0.21,45.39,217.10,0.21,33.25,217.09,0.21,46.57,0.00,0.00,0.00
212.12,0.86,182.30,217.88,0.21,45.20,211.42,0.22,33.87,218.02,0.22,46.90,0.00,0.00,0.00
214.13,0.86,183.75,216.07,0.21,44.84,213.43,0.22,33.97,216.37,0.21,46.18,0.00,0.00,0.00
218.34,0.85,186.09,215.41,0.21,44.50,217.64,0.21,30.50,215.74,0.21,46.24,0.00,0.00,0.00
217.67,0.86,186.90,217.43,0.21,45.32,216.97,0.21,33.08,218.11,0.22,47.05,0.00,0.00,0.00
217.67,0.85,185.47,216.27,0.20,44.62,216.97,0.21,32.28,215.28,0.21,45.96,0.00,0.00,0.00
218.33,0.86,187.80,217.94,0.21,45.71,217.63,0.21,33.31,219.00,0.22,47.23,0.00,0.00,0.00
217.35,0.86,185.94,218.68,0.21,45.55,216.65,0.21,32.93,215.58,0.21,45.99,0.00,0.00,0.00
217.74,0.85,185.77,216.83,0.21,44.78,217.04,0.21,30.68,217.94,0.21,46.96,0.00,0.00,0.00
217.85,0.86,187.20,218.36,0.21,45.74,217.15,0.21,32.83,217.90,0.22,47.00,0.00,0.00,0.00
216.69,0.86,185.85,217.43,0.21,45.24,215.99,0.22,33.85,215.02,0.21,45.90,0.00,0.00,0.00
216.45,0.86,185.85,218.42,0.21,45.62,215.75,0.21,33.33,216.91,0.21,46.53,0.00,0.00,0.00
217.97,0.86,186.51,216.55,0.21,44.71,217.27,0.21,33.38,216.86,0.21,46.34,0.00,0.00,0.00
218.25,0.85,186.29,217.00,0.21,45.10,217.55,0.21,32.42,216.08,0.21,46.12,0.00,0.00,0.00
219.65,0.86,188.08,218.07,0.21,45.32,218.95,0.21,31.60,217.22,0.21,46.61,0.00,0.00,0.00
220.08,0.86,188.20,218.15,0.21,45.35,219.38,0.21,32.71,218.24,0.21,46.63,0.00,0.00,0.00
219.58,0.86,189.14,219.09,0.21,45.96,218.88,0.22,33.50,219.23,0.22,47.23,0.00,0.00,0.00
219.55,0.86,187.75,216.59,0.20,44.78,218.85,0.22,33.50,213.76,0.21,45.47,0.00,0.00,0.00
218.03,0.86,187.47,219.11,0.21,45.98,217.33,0.21,32.81,219.04,0.22,47.32,0.00,0.00,0.00
218.19,0.86,187.51,217.38,0.21,45.21,217.49,0.22,34.09,216.00,0.21,46.26,0.00,0.00,0.00
217.64,0.85,185.87,218.74,0.21,45.83,216.94,0.21,30.60,217.38,0.21,46.73,0.00,0.00,0.00
218.58,0.86,188.72,220.27,0.21,45.87,217.88,0.22,34.44,217.97,0.22,46.98,0.00,0.00,0.00
218.56,0.86,187.81,218.55,0.21,45.49,217.86,0.22,33.78,217.01,0.21,46.58,0.00,0.00,0.00
216.74,0.86,186.51,217.73,0.21,45.46,216.04,0.22,33.79,217.08,0.21,46.65,0.00,0.00,0.00
217.26,0.86,186.80,220.76,0.21,46.38,216.56,0.21,32.96,216.68,0.21,46.57,0.00,0.00,0.00
217.58,0.86,186.88,218.27,0.21,45.49,216.88,0.22,32.03,216.39,0.21,46.41,0.00,0.00,0.00
217.50,0.86,186.18,217.87,0.21,45.28,216.80,0.21,33.25,214.96,0.21,45.75,0.00,0.00,0.00
217.17,0.86,186.43,217.58,0.21,45.31,216.47,0.21,31.91,217.06,0.22,46.79,0.00,0.00,0.00
216.09,0.85,184.28,217.18,0.21,44.93,215.39,0.21,32.37,216.02,0.21,46.06,0.00,0.00,0.00
219.66,0.86,188.35,217.28,0.21,45.34,218.96,0.21,31.95,218.46,0.22,47.42,0.00,0.00,0.00
219.99,0.86,188.94,216.99,0.21,45.09,219.29,0.22,33.52,218.61,0.21,46.85,0.00,0.00,0.00
214.84,0.86,185.40,219.64,0.21,46.01,214.14,0.22,34.07,217.97,0.22,46.93,0.00,0.00,0.00
216.91,0.85,185.45,217.47,0.21,45.03,216.21,0.21,33.18,214.06,0.21,45.50,0.00,0.00,0.00
211.65,0.86,181.13,215.98,0.21,44.84,210.95,0.21,33.03,215.39,0.21,46.18,0.00,0.00,0.00
215.64,0.86,186.17,218.13,0.21,45.54,214.94,0.22,33.97,219.59,0.22,47.60,0.00,0.00,0.00
218.01,0.86,186.94,215.46,0.21,44.63,217.31,0.22,33.91,214.61,0.21,45.68,0.00,0.00,0.00
217.92,0.86,186.80,218.76,0.21,45.82,217.22,0.21,32.59,217.11,0.21,46.70,0.00,0.00,0.00
219.63,0.86,188.51,218.77,0.21,45.73,218.93,0.21,32.45,217.91,0.22,47.09,0.00,0.00,0.00
216.27,0.86,184.98,214.45,0.20,44.34,215.57,0.21,33.12,216.73,0.21,46.31,0.00,0.00,0.00
219.66,0.86,189.60,218.95,0.21,45.96,218.96,0.22,34.00,217.93,0.22,47.04,0.00,0.00,0.00
218.02,0.86,186.53,218.64,0.21,45.45,217.32,0.21,31.52,216.96,0.21,46.55,0.00,0.00,0.00
214.60,0.85,182.93,214.38,0.20,43.91,213.90,0.21,31.88,217.25,0.21,46.55,0.00,0.00,0.00
219.60,0.86,188.22,219.20,0.21,45.76,218.90,0.21,32.44,217.76,0.22,46.91,0.00,0.00,0.00
217.70,0.86,186.52,219.39,0.21,46.05,217.00,0.21,32.40,217.20,0.21,46.65,0.00,0.00,0.00
219.44,0.86,188.63,219.45,0.21,46.05,218.74,0.21,33.10,217.83,0.22,46.95,0.00,0.00,0.00
217.85,0.85,185.05,215.21,0.20,44.11,217.15,0.21,31.37,215.07,0.21,45.86,0.00,0.00,0.00
219.63,0.86,188.39,217.73,0.21,45.57,218.93,0.21,32.76,217.58,0.21,46.79,0.00,0.00,0.00
216.61,0.85,185.01,216.27,0.21,44.69,215.91,0.21,31.21,216.54,0.21,46.41,0.00,0.00,0.00
217.62,0.86,187.16,218.85,0.21,45.80,216.92,0.21,32.37,219.44,0.22,47.72,0.00,0.00,0.00
219.46,0.86,188.33,217.40,0.21,45.41,218.76,0.22,33.49,215.75,0.21,46.12,0.00,0.00,0.00
217.36,0.86,186.36,219.58,0.21,46.18,216.66,0.21,30.70,218.29,0.22,47.14,0.00,0.00,0.00
217.00,0.86,186.47,217.64,0.21,45.30,216.30,0.22,33.62,217.73,0.21,46.87,0.00,0.00,0.00
216.48,0.86,185.27,217.91,0.21,45.48,215.78,0.21,32.27,217.81,0.22,46.92,0.00,0.00,0.00
219.54,0.87,192.06,223.59,0.21,47.84,218.84,0.22,35.25,218.70,0.22,47.31,0.00,0.00,0.00
214.89,0.86,184.40,216.70,0.21,44.94,214.19,0.22,33.64,217.37,0.21,46.76,0.00,0.00,0.00
218.80,0.86,188.50,222.49,0.21,47.17,218.10,0.21,33.13,217.28,0.21,46.72,0.00,0.00,0.00
217.88,0.86,186.29,217.21,0.21,45.20,217.18,0.21,32.32,216.94,0.21,46.58,0.00,0.00,0.00
220.04,0.86,189.68,218.99,0.21,45.89,219.34,0.21,33.01,218.85,0.22,47.50,0.00,0.00,0.00
217.50,0.86,186.14,217.94,0.21,45.40,216.80,0.21,31.29,216.52,0.21,46.35,0.00,0.00,0.00
217.61,0.86,187.49,219.86,0.21,46.15,216.91,0.21,33.08,218.05,0.22,47.27,0.00,0.00,0.00
218.16,0.86,186.83,217.50,0.21,45.23,217.46,0.21,30.76,218.55,0.22,47.35,0.00,0.00,0.00
219.23,0.86,188.99,218.70,0.21,46.19,218.53,0.22,32.65,218.20,0.22,47.14,0.00,0.00,0.00
217.24,0.85,185.30,218.21,0.21,45.42,216.54,0.21,31.29,213.90,0.21,45.36,0.00,0.00,0.00
219.01,0.86,188.55,218.34,0.21,45.61,218.31,0.22,33.68,218.25,0.22,47.12,0.00,0.00,0.00
215.57,0.86,184.51,215.26,0.20,44.21,214.87,0.22,33.80,215.93,0.21,46.16,0.00,0.00,0.00
218.95,0.86,187.84,218.49,0.21,45.82,218.25,0.21,32.81,217.70,0.21,46.72,0.00,0.00,0.00
216.52,0.86,185.23,216.36,0.20,44.74,215.82,0.22,33.39,215.57,0.21,46.10,0.00,0.00,0.00
218.09,0.86,187.47,218.36,0.21,45.78,217.39,0.21,33.15,217.22,0.21,46.69,0.00,0.00,0.00
217.62,0.85,185.59,217.72,0.21,45.27,216.92,0.21,32.13,215.62,0.21,45.94,0.00,0.00,0.00
218.64,0.86,187.88,218.10,0.21,45.60,217.94,0.22,33.20,217.16,0.21,46.52,0.00,0.00,0.00
218.00,0.85,185.29,209.82,0.20,42.22,217.30,0.21,32.19,217.79,0.21,46.85,0.00,0.00,0.00
214.86,0.86,184.49,216.94,0.21,45.46,214.16,0.22,34.01,214.25,0.21,45.44,0.00,0.00,0.00
219.04,0.86,187.56,219.03,0.21,45.91,218.34,0.21,31.56,216.11,0.21,46.32,0.00,0.00,0.00
216.52,0.85,184.37,216.88,0.21,44.99,215.82,0.21,32.08,215.84,0.21,45.95,0.00,0.00,0.00
216.82,0.86,185.98,217.89,0.21,45.48,216.12,0.21,32.75,217.50,0.21,46.78,0.00,0.00,0.00
217.30,0.86,185.80,216.36,0.20,44.72,216.60,0.21,32.97,216.75,0.21,46.51,0.00,0.00,0.00
218.22,0.86,187.15,218.87,0.21,45.78,217.52,0.21,32.68,218.41,0.22,47.12,0.00,0.00,0.00
214.56,0.85,182.83,215.47,0.20,44.55,213.86,0.21,32.41,214.84,0.21,45.86,0.00,0.00,0.00
216.42,0.86,185.26,218.41,0.21,45.85,215.72,0.21,32.33,216.14,0.21,46.18,0.00,0.00,0.00
216.63,0.85,185.08,216.58,0.21,44.80,215.93,0.21,32.78,215.96,0.21,46.08,0.00,0.00,0.00
218.71,0.86,188.17,218.51,0.21,45.83,218.01,0.22,33.52,217.93,0.21,46.89,0.00,0.00,0.00
213.30,0.85,182.30,217.85,0.21,45.17,212.60,0.21,32.63,215.65,0.21,46.08,0.00,0.00,0.00
213.06,0.86,182.76,218.55,0.21,45.62,212.36,0.21,33.09,216.85,0.21,46.42,0.00,0.00,0.00
217.36,0.86,186.08,216.90,0.21,45.11,216.66,0.21,32.53,217.37,0.21,46.69,0.00,0.00,0.00
216.78,0.85,184.70,216.54,0.21,44.86,216.08,0.21,32.07,215.78,0.21,46.06,0.00,0.00,0.00
218.54,0.85,186.66,215.55,0.20,44.34,217.84,0.21,31.85,216.38,0.21,46.32,0.00,0.00,0.00
215.35,0.85,183.81,218.04,0.21,45.48,214.65,0.21,32.39,214.68,0.21,45.51,0.00,0.00,0.00
216.81,0.85,184.86,217.70,0.21,45.04,216.11,0.21,30.85,215.82,0.21,46.10,0.00,0.00,0.00
216.72,0.86,185.48,218.43,0.21,45.76,216.02,0.21,32.76,215.50,0.21,45.95,0.00,0.00,0.00
216.84,0.85,185.30,217.52,0.21,45.14,216.14,0.21,31.57,215.04,0.21,45.91,0.00,0.00,0.00
215.58,0.85,183.63,218.15,0.21,45.42,214.88,0.21,30.69,217.41,0.21,46.63,0.00,0.00,0.00
217.87,0.86,186.60,219.03,0.21,45.67,217.17,0.21,33.14,214.33,0.21,45.51,0.00,0.00,0.00
214.77,0.86,184.30,217.16,0.21,44.97,214.07,0.22,33.83,216.52,0.21,46.35,0.00,0.00,0.00
218.49,0.86,187.42,217.53,0.21,45.17,217.79,0.22,33.36,218.22,0.21,46.71,0.00,0.00,0.00
214.25,0.86,183.74,217.92,0.21,45.35,213.55,0.21,33.01,217.71,0.21,46.80,0.00,0.00,0.00
217.13,0.85,185.38,216.34,0.21,44.78,216.43,0.21,32.06,216.48,0.21,46.39,0.00,0.00,0.00
211.57,0.86,181.45,217.96,0.21,45.33,210.87,0.22,33.49,216.93,0.21,46.32,0.00,0.00,0.00
222.24,0.86,190.77,217.96,0.21,45.60,221.54,0.21,32.85,217.51,0.21,46.82,0.00,0.00,0.00
216.66,0.86,186.05,220.66,0.21,46.46,215.96,0.21,32.64,216.43,0.21,46.43,0.00,0.00,0.00
216.54,0.86,185.69,218.90,0.21,45.26,215.84,0.21,31.20,217.40,0.21,46.87,0.00,0.00,0.00
216.79,0.85,184.89,217.70,0.21,45.16,216.09,0.21,32.06,216.30,0.21,46.11,0.00,0.00,0.00
217.61,0.86,187.77,221.82,0.21,47.21,216.91,0.22,33.52,215.70,0.21,46.39,0.00,0.00,0.00
217.28,0.86,186.20,216.78,0.21,45.10,216.58,0.22,32.56,215.28,0.21,45.84,0.00,0.00,0.00
218.03,0.86,186.92,217.85,0.21,45.33,217.33,0.21,32.77,218.60,0.21,47.02,0.00,0.00,0.00
216.71,0.85,184.81,215.75,0.20,44.50,216.01,0.21,32.87,215.99,0.21,45.99,0.00,0.00,0.00
217.51,0.85,184.60,213.44,0.20,43.54,216.81,0.21,31.29,216.30,0.21,46.38,0.00,0.00,0.00
215.65,0.85,183.83,216.70,0.21,44.95,214.95,0.21,32.29,215.42,0.21,45.83,0.00,0.00,0.00
218.70,0.86,187.55,218.78,0.21,45.94,218.00,0.21,32.87,216.04,0.21,46.23,0.00,0.00,0.00
218.01,0.86,187.24,219.49,0.21,46.14,217.31,0.21,31.54,216.88,0.21,46.53,0.00,0.00,0.00
217.35,0.86,186.34,217.54,0.21,45.38,216.65,0.22,33.38,216.42,0.21,46.28,0.00,0.00,0.00
216.93,0.85,185.18,217.39,0.21,45.31,216.23,0.21,32.34,215.46,0.21,46.01,0.00,0.00,0.00
219.67,0.86,188.68,218.77,0.21,45.58,218.97,0.21,33.07,218.47,0.22,47.16,0.00,0.00,0.00
216.57,0.85,185.10,216.29,0.21,44.77,215.87,0.22,33.33,214.90,0.21,45.66,0.00,0.00,0.00
219.36,0.86,188.42,217.65,0.21,45.34,218.66,0.22,32.56,216.46,0.21,46.47,0.00,0.00,0.00
217.57,0.85,184.87,216.45,0.21,44.79,216.87,0.21,31.99,214.70,0.21,45.51,0.00,0.00,0.00
219.11,0.86,187.48,218.47,0.21,45.56,218.41,0.21,32.77,215.59,0.21,46.02,0.00,0.00,0.00
217.07,0.85,185.31,217.74,0.21,45.13,216.37,0.21,31.99,216.61,0.21,46.59,0.00,0.00,0.00
218.02,0.86,187.76,221.13,0.21,46.64,217.32,0.21,32.15,217.66,0.21,46.80,0.00,0.00,0.00
216.90,0.86,185.68,216.27,0.21,44.68,216.20,0.21,32.30,220.68,0.22,47.94,0.00,0.00,0.00
216.96,0.86,186.38,220.04,0.21,46.42,216.26,0.21,32.88,216.66,0.21,46.27,0.00,0.00,0.00
216.43,0.85,184.90,215.90,0.20,44.58,215.73,0.21,32.80,216.82,0.21,46.57,0.00,0.00,0.00
221.86,0.86,190.04,216.12,0.21,44.91,221.16,0.21,32.68,217.57,0.21,46.79,0.00,0.00,0.00
214.88,0.86,183.77,220.00,0.21,45.88,214.18,0.21,31.13,217.03,0.21,46.65,0.00,0.00,0.00
217.31,0.86,186.99,218.99,0.21,45.92,216.61,0.21,32.94,219.06,0.22,47.48,0.00,0.00,0.00
216.48,0.86,185.21,218.94,0.21,45.84,215.78,0.21,31.44,217.10,0.21,46.75,0.00,0.00,0.00
219.14,0.86,188.55,218.34,0.21,45.53,218.44,0.22,33.92,217.55,0.21,46.74,0.00,0.00,0.00
216.26,0.85,184.26,215.90,0.20,44.61,215.56,0.21,32.13,216.88,0.21,46.50,0.00,0.00,0.00
218.40,0.86,187.36,220.38,0.21,46.39,217.70,0.21,32.63,216.68,0.21,46.48,0.00,0.00,0.00
217.88,0.86,186.70,217.79,0.21,45.46,217.18,0.21,33.18,216.55,0.21,46.24,0.00,0.00,0.00
218.73,0.86,187.29,216.86,0.21,44.89,218.03,0.21,33.12,216.56,0.21,46.48,0.00,0.00,0.00
215.72,0.85,184.40,217.43,0.21,45.33,215.02,0.21,31.21,216.27,0.21,46.32,0.00,0.00,0.00
216.39,0.85,184.86,217.23,0.20,44.84,215.69,0.21,31.09,218.75,0.22,47.23,0.00,0.00,0.00
219.26,0.86,188.32,217.95,0.21,45.44,218.56,0.22,33.76,216.63,0.21,46.42,0.00,0.00,0.00
218.55,0.86,187.18,218.32,0.21,45.65,217.85,0.21,32.72,216.67,0.21,46.41,0.00,0.00,0.00
217.40,0.85,185.87,217.99,0.21,45.44,216.70,0.21,32.53,215.46,0.21,46.05,0.00,0.00,0.00
218.04,0.86,186.52,217.73,0.21,45.27,217.34,0.21,33.21,215.67,0.21,45.90,0.00,0.00,0.00
217.99,0.86,187.07,218.36,0.21,45.79,217.29,0.21,32.63,217.72,0.21,46.81,0.00,0.00,0.00
216.63,0.86,185.46,217.14,0.21,45.14,215.93,0.21,31.60,215.61,0.21,46.02,0.00,0.00,0.00
219.16,0.86,187.72,217.72,0.21,45.35,218.46,0.21,32.80,217.14,0.21,46.62,0.00,0.00,0.00
219.09,0.86,188.01,216.60,0.21,45.00,218.39,0.22,33.51,216.49,0.21,46.54,0.00,0.00,0.00
216.66,0.85,184.83,216.34,0.21,44.93,215.96,0.21,32.25,216.03,0.21,46.19,0.00,0.00,0.00
218.88,0.86,188.37,222.30,0.21,46.81,218.18,0.21,33.02,217.30,0.21,46.79,0.00,0.00,0.00
217.05,0.86,187.09,217.09,0.21,45.22,216.35,0.22,35.10,215.89,0.21,46.09,0.00,0.00,0.00
219.23,0.86,189.23,218.63,0.21,45.75,218.53,0.22,32.64,219.55,0.22,47.74,0.00,0.00,0.00
218.77,0.86,187.24,217.79,0.21,45.37,218.07,0.22,33.53,215.25,0.21,45.69,0.00,0.00,0.00
222.61,0.86,190.96,218.56,0.21,45.73,221.91,0.21,31.22,219.05,0.22,47.44,0.00,0.00,0.00
217.53,0.85,185.91,217.21,0.21,45.18,216.83,0.21,32.38,216.84,0.21,46.41,0.00,0.00,0.00
220.89,0.86,190.40,217.20,0.21,45.51,220.19,0.21,33.52,219.66,0.22,47.64,0.00,0.00,0.00
214.49,0.85,183.24,217.54,0.21,44.94,213.79,0.21,31.42,215.86,0.21,46.27,0.00,0.00,0.00
215.04,0.86,185.08,219.79,0.21,46.26,214.34,0.22,33.39,218.08,0.21,46.97,0.00,0.00,0.00
216.94,0.86,185.94,216.93,0.21,45.12,216.24,0.21,33.17,216.40,0.21,46.34,0.00,0.00,0.00
219.26,0.86,188.15,219.17,0.21,46.05,218.56,0.21,32.65,217.95,0.21,46.94,0.00,0.00,0.00
214.46,0.85,183.16,215.11,0.20,44.44,213.76,0.21,32.21,216.43,0.21,46.41,0.00,0.00,0.00
218.60,0.86,187.23,217.89,0.21,45.42,217.90,0.21,32.48,218.56,0.22,47.09,0.00,0.00,0.00
218.55,0.86,187.05,217.26,0.21,45.15,217.85,0.21,33.36,216.50,0.21,46.23,0.00,0.00,0.00
218.62,0.86,188.14,218.83,0.21,45.77,217.92,0.21,33.22,219.13,0.22,47.40,0.00,0.00,0.00
216.95,0.86,185.74,215.41,0.20,44.41,216.25,0.21,33.34,217.50,0.21,46.59,0.00,0.00,0.00
220.13,0.86,188.84,219.28,0.21,46.06,219.43,0.21,32.93,216.28,0.21,46.34,0.00,0.00,0.00
215.77,0.86,184.79,217.67,0.21,45.40,215.07,0.21,33.15,216.58,0.21,46.34,0.00,0.00,0.00
218.78,0.86,187.32,216.96,0.21,45.27,218.08,0.21,32.46,217.29,0.21,46.82,0.00,0.00,0.00
216.40,0.86,185.20,217.51,0.21,45.32,215.70,0.21,32.22,216.58,0.21,46.52,0.00,0.00,0.00
219.09,0.86,188.20,218.62,0.21,45.79,218.39,0.21,32.91,218.35,0.22,47.18,0.00,0.00,0.00
217.86,0.86,187.09,218.54,0.21,45.68,217.16,0.21,32.47,218.22,0.22,47.22,0.00,0.00,0.00
221.34,0.86,189.50,218.42,0.21,45.50,220.64,0.21,32.66,216.28,0.21,46.31,0.00,0.00,0.00
219.35,0.87,190.18,220.38,0.21,46.34,218.65,0.22,33.47,220.18,0.22,48.47,0.00,0.00,0.00
217.15,0.85,185.52,217.28,0.21,45.42,216.45,0.21,31.67,216.92,0.21,46.60,0.00,0.00,0.00
217.95,0.86,187.68,217.35,0.21,45.47,217.25,0.22,33.77,216.40,0.21,46.52,0.00,0.00,0.00
216.76,0.86,185.40,215.16,0.20,44.25,216.06,0.21,32.87,218.05,0.22,47.02,0.00,0.00,0.00
220.14,0.86,189.47,219.11,0.21,45.75,219.44,0.22,33.76,216.89,0.21,46.61,0.00,0.00,0.00
216.03,0.85,184.68,217.79,0.21,45.43,215.33,0.21,30.87,217.53,0.21,46.80,0.00,0.00,0.00
220.18,0.85,187.85,216.39,0.20,44.59,219.48,0.21,32.56,216.09,0.21,46.30,0.00,0.00,0.00
218.45,0.86,187.90,219.43,0.21,46.02,217.75,0.21,33.24,217.41,0.21,46.85,0.00,0.00,0.00
216.67,0.86,185.85,217.99,0.21,45.42,215.97,0.21,32.98,217.73,0.21,46.85,0.00,0.00,0.00
217.71,0.86,187.13,218.60,0.21,45.71,217.01,0.22,32.23,216.83,0.21,46.61,0.00,0.00,0.00
218.08,0.86,187.68,218.12,0.21,45.62,217.38,0.21,33.04,219.06,0.22,47.40,0.00,0.00,0.00
217.01,0.86,186.07,218.34,0.21,45.43,216.31,0.21,32.77,216.85,0.21,46.59,0.00,0.00,0.00
219.87,0.86,188.53,218.68,0.21,45.90,219.17,0.21,32.78,217.07,0.21,46.57,0.00,0.00,0.00
219.77,0.86,189.76,219.64,0.21,46.21,219.07,0.22,33.40,219.01,0.22,47.57,0.00,0.00,0.00
217.83,0.86,187.29,218.01,0.21,45.64,217.13,0.21,32.93,218.33,0.21,47.02,0.00,0.00,0.00
220.28,0.86,190.33,220.30,0.21,46.35,219.58,0.22,33.99,217.84,0.22,47.00,0.00,0.00,0.00
218.93,0.86,188.39,218.55,0.21,45.71,218.23,0.21,31.61,219.69,0.22,47.87,0.00,0.00,0.00
219.01,0.86,188.00,217.68,0.21,45.33,218.31,0.21,31.98,218.21,0.22,47.09,0.00,0.00,0.00
218.64,0.86,189.11,218.64,0.21,46.02,217.94,0.22,33.84,218.89,0.22,47.39,0.00,0.00,0.00
218.78,0.86,188.12,218.79,0.21,45.85,218.08,0.21,32.60,218.73,0.22,47.34,0.00,0.00,0.00
217.71,0.86,187.32,217.70,0.21,45.38,217.01,0.22,33.11,218.42,0.22,47.26,0.00,0.00,0.00
220.92,0.86,190.36,219.55,0.21,46.08,220.22,0.22,33.55,218.36,0.22,46.98,0.00,0.00,0.00
218.63,0.87,189.37,219.44,0.21,46.06,217.93,0.21,31.57,228.41,0.22,51.46,0.00,0.00,0.00
218.33,0.86,187.21,218.54,0.21,45.73,217.63,0.21,31.85,216.91,0.21,46.63,0.00,0.00,0.00
218.99,0.86,189.16,219.73,0.21,46.39,218.29,0.22,33.28,219.62,0.22,47.80,0.00,0.00,0.00
215.47,0.86,185.57,218.76,0.21,45.87,214.77,0.21,33.03,218.56,0.22,47.40,0.00,0.00,0.00
219.51,0.86,188.69,219.85,0.21,46.11,218.81,0.21,33.05,217.91,0.21,46.94,0.00,0.00,0.00
218.69,0.86,188.67,219.47,0.21,45.88,217.99,0.22,33.40,219.52,0.22,47.74,0.00,0.00,0.00
220.69,0.86,189.70,218.96,0.21,45.97,219.99,0.21,31.13,220.44,0.22,48.03,0.00,0.00,0.00
218.82,0.86,188.46,219.78,0.21,46.26,218.12,0.21,33.19,217.82,0.22,46.97,0.00,0.00,0.00
219.69,0.86,188.80,217.81,0.21,45.47,218.99,0.22,33.27,217.36,0.22,46.88,0.00,0.00,0.00
216.83,0.86,186.93,219.24,0.21,46.07,216.13,0.22,33.41,218.37,0.22,47.13,0.00,0.00,0.00
219.69,0.86,189.58,218.95,0.21,45.93,218.99,0.22,33.46,219.20,0.22,47.66,0.00,0.00,0.00
217.99,0.86,186.50,218.06,0.21,45.59,217.29,0.21,31.11,216.91,0.21,46.60,0.00,0.00,0.00
220.52,0.87,190.78,221.68,0.21,47.07,219.82,0.22,33.63,218.02,0.22,47.12,0.00,0.00,0.00
217.83,0.86,187.53,217.74,0.21,45.35,217.13,0.22,33.16,219.21,0.22,47.66,0.00,0.00,0.00
219.73,0.86,188.70,218.10,0.21,45.62,219.03,0.21,33.03,216.78,0.21,46.64,0.00,0.00,0.00
216.00,0.86,186.78,221.24,0.21,46.66,215.30,0.22,33.59,219.32,0.22,47.65,0.00,0.00,0.00
217.86,0.86,187.43,218.18,0.21,45.53,217.16,0.22,33.50,217.69,0.21,46.86,0.00,0.00,0.00
218.79,0.86,188.90,219.87,0.21,46.46,218.09,0.22,33.48,217.89,0.22,47.06,0.00,0.00,0.00
218.85,0.86,188.29,219.76,0.21,46.16,218.15,0.21,31.74,218.51,0.22,47.36,0.00,0.00,0.00
218.63,0.86,188.50,218.18,0.21,45.49,217.93,0.21,33.09,220.25,0.22,48.09,0.00,0.00,0.00
219.67,0.86,189.93,220.88,0.21,46.49,218.97,0.22,33.99,218.60,0.22,47.32,0.00,0.00,0.00
217.18,0.86,186.50,218.93,0.21,45.83,216.48,0.21,31.68,218.39,0.22,47.25,0.00,0.00,0.00
219.11,0.86,187.78,217.31,0.21,45.19,218.41,0.21,33.06,216.24,0.21,46.33,0.00,0.00,0.00
219.54,0.87,190.05,218.87,0.21,45.94,218.84,0.21,32.55,221.85,0.22,48.88,0.00,0.00,0.00
216.45,0.86,185.08,217.43,0.21,45.25,215.75,0.21,31.43,216.77,0.21,46.52,0.00,0.00,0.00
216.89,0.86,186.41,218.90,0.21,45.84,216.19,0.22,33.48,216.80,0.21,46.51,0.00,0.00,0.00
220.61,0.86,190.61,219.60,0.21,46.16,219.91,0.22,33.73,218.86,0.22,47.41,0.00,0.00,0.00
217.33,0.86,186.79,218.02,0.21,45.46,216.63,0.22,33.37,217.59,0.21,46.69,0.00,0.00,0.00
219.76,0.86,188.93,220.03,0.21,46.31,219.06,0.21,33.22,216.78,0.21,46.56,0.00,0.00,0.00
220.17,0.87,190.57,228.40,0.21,48.52,219.47,0.21,32.11,219.32,0.22,47.59,0.00,0.00,0.00
216.60,0.87,187.48,223.71,0.21,48.15,215.90,0.21,31.95,218.21,0.22,47.19,0.00,0.00,0.00
214.57,0.86,184.78,219.70,0.21,46.22,213.87,0.22,33.37,217.78,0.22,47.01,0.00,0.00,0.00
218.58,0.86,188.40,219.07,0.21,46.04,217.88,0.22,33.32,218.60,0.22,47.24,0.00,0.00,0.00
218.09,0.86,187.09,217.73,0.21,45.35,217.39,0.21,31.31,219.84,0.22,47.86,0.00,0.00,0.00
217.95,0.86,187.66,219.28,0.21,46.04,217.25,0.22,33.61,217.85,0.22,46.95,0.00,0.00,0.00
218.30,0.87,188.90,219.30,0.21,46.06,217.60,0.22,33.82,219.92,0.22,47.96,0.00,0.00,0.00
218.80,0.86,187.34,218.39,0.21,45.73,218.10,0.21,32.03,218.22,0.22,47.25,0.00,0.00,0.00
214.53,0.86,184.91,220.84,0.21,46.72,213.83,0.21,33.02,217.91,0.22,47.04,0.00,0.00,0.00
220.75,0.86,190.79,220.19,0.21,46.44,220.05,0.22,33.27,220.22,0.22,48.00,0.00,0.00,0.00
218.93,0.86,188.27,222.22,0.21,45.93,218.23,0.21,32.37,218.91,0.22,47.54,0.00,0.00,0.00
216.90,0.86,186.17,218.19,0.21,45.70,216.20,0.21,32.33,217.10,0.21,46.73,0.00,0.00,0.00
215.97,0.86,186.24,218.32,0.21,45.70,215.27,0.22,33.62,219.19,0.22,47.55,0.00,0.00,0.00
220.69,0.86,190.58,220.05,0.21,46.44,219.99,0.22,32.54,218.77,0.22,47.56,0.00,0.00,0.00
217.11,0.86,186.87,218.65,0.21,45.69,216.41,0.21,32.46,220.34,0.22,48.15,0.00,0.00,0.00
219.83,0.86,189.00,219.60,0.21,46.11,219.13,0.21,33.02,217.89,0.22,47.00,0.00,0.00,0.00
220.21,0.86,189.31,219.46,0.21,46.10,219.51,0.21,32.95,217.65,0.21,46.89,0.00,0.00,0.00
220.95,0.86,190.00,217.19,0.21,45.19,220.25,0.22,33.44,218.38,0.22,47.23,0.00,0.00,0.00
217.36,0.86,187.22,218.86,0.21,45.91,216.66,0.22,32.49,218.52,0.22,47.24,0.00,0.00,0.00
221.30,0.87,192.10,220.79,0.21,46.44,220.60,0.22,35.26,219.60,0.22,47.63,0.00,0.00,0.00
218.70,0.86,189.00,221.00,0.21,46.74,218.00,0.22,33.41,218.40,0.22,47.34,0.00,0.00,0.00
216.69,0.86,186.68,219.05,0.21,45.89,215.99,0.22,33.23,218.38,0.22,47.26,0.00,0.00,0.00
218.73,0.86,187.46,219.52,0.21,46.15,218.03,0.21,31.16,218.16,0.21,47.09,0.00,0.00,0.00
220.00,0.87,190.36,220.03,0.21,46.49,219.30,0.22,33.69,219.09,0.22,47.64,0.00,0.00,0.00
218.69,0.86,188.63,219.54,0.21,46.10,217.99,0.22,33.51,218.92,0.22,47.47,0.00,0.00,0.00
219.15,0.86,188.51,218.16,0.21,45.68,218.45,0.21,33.05,217.52,0.22,46.92,0.00,0.00,0.00
222.15,0.86,191.68,220.77,0.21,46.55,221.45,0.22,33.25,217.37,0.22,46.92,0.00,0.00,0.00
220.19,0.86,190.21,220.54,0.21,46.52,219.49,0.22,33.27,219.71,0.22,47.75,0.00,0.00,0.00
216.07,0.86,185.82,218.66,0.21,45.93,215.37,0.22,33.21,215.22,0.21,46.24,0.00,0.00,0.00
218.34,0.86,188.01,220.62,0.21,46.29,217.64,0.22,32.84,217.98,0.22,46.69,0.00,0.00,0.00
219.02,0.87,189.48,220.10,0.21,46.40,218.32,0.22,33.34,219.75,0.22,47.89,0.00,0.00,0.00
219.26,0.86,189.29,219.35,0.21,46.07,218.56,0.22,33.48,218.54,0.22,47.28,0.00,0.00,0.00
221.16,0.86,189.94,218.63,0.21,45.87,220.46,0.21,33.08,216.61,0.21,46.53,0.00,0.00,0.00
220.69,0.86,189.18,216.24,0.21,44.73,219.99,0.21,33.26,217.00,0.21,46.78,0.00,0.00,0.00
220.43,0.86,189.74,219.03,0.21,46.11,219.73,0.22,33.32,216.63,0.21,46.44,0.00,0.00,0.00
220.23,0.86,190.47,220.76,0.21,46.67,219.53,0.22,33.73,218.82,0.22,47.40,0.00,0.00,0.00
217.54,0.87,188.24,220.26,0.21,46.52,216.84,0.22,33.36,219.02,0.22,47.58,0.00,0.00,0.00
219.67,0.86,189.95,219.82,0.21,46.40,218.97,0.22,33.60,219.51,0.22,47.78,0.00,0.00,0.00
216.48,0.86,186.01,218.60,0.21,45.27,215.78,0.22,33.09,217.78,0.22,47.07,0.00,0.00,0.00
218.77,0.86,188.59,218.97,0.21,46.02,218.07,0.22,33.21,217.73,0.22,47.08,0.00,0.00,0.00
217.58,0.87,188.43,221.04,0.21,46.61,216.88,0.22,33.84,219.41,0.22,47.63,0.00,0.00,0.00
219.08,0.86,188.74,219.54,0.21,46.21,218.38,0.21,33.09,216.71,0.22,46.78,0.00,0.00,0.00
218.29,0.86,186.88,219.20,0.21,46.02,217.59,0.21,31.20,217.46,0.21,46.75,0.00,0.00,0.00
215.98,0.86,186.28,220.32,0.21,46.49,215.28,0.22,33.26,218.00,0.22,47.15,0.00,0.00,0.00
218.45,0.87,189.01,218.79,0.21,45.98,217.75,0.22,33.53,220.34,0.22,48.15,0.00,0.00,0.00
218.68,0.86,187.76,218.41,0.21,45.80,217.98,0.21,32.72,218.70,0.22,47.16,0.00,0.00,0.00
217.33,0.86,187.45,219.88,0.21,46.33,216.63,0.22,33.44,216.66,0.21,46.69,0.00,0.00,0.00
221.81,0.86,191.10,219.20,0.21,46.27,221.11,0.22,33.73,218.00,0.21,46.69,0.00,0.00,0.00
220.60,0.86,190.31,218.62,0.21,45.88,219.90,0.22,33.57,219.46,0.22,47.52,0.00,0.00,0.00
218.28,0.86,187.99,219.02,0.21,45.94,217.58,0.21,32.68,219.69,0.22,47.83,0.00,0.00,0.00
219.39,0.86,187.93,218.46,0.21,45.71,218.69,0.21,32.54,216.43,0.21,46.29,0.00,0.00,0.00
219.08,0.86,188.20,218.86,0.21,46.08,218.38,0.21,32.27,218.59,0.22,47.28,0.00,0.00,0.00
220.21,0.86,190.46,220.39,0.21,46.68,219.51,0.22,34.50,217.80,0.21,46.93,0.00,0.00,0.00
215.52,0.87,186.47,219.83,0.21,46.36,214.82,0.22,34.12,218.33,0.22,47.23,0.00,0.00,0.00
218.95,0.86,189.14,218.55,0.21,45.98,218.25,0.22,33.75,219.97,0.22,47.72,0.00,0.00,0.00
217.42,0.86,186.93,219.94,0.21,46.17,216.72,0.21,32.24,217.56,0.21,46.89,0.00,0.00,0.00
220.29,0.86,189.23,218.34,0.21,45.77,219.59,0.21,32.90,217.52,0.21,46.85,0.00,0.00,0.00
219.75,0.86,189.12,220.50,0.21,46.66,219.05,0.21,32.15,217.66,0.21,46.84,0.00,0.00,0.00
219.35,0.87,189.82,218.92,0.21,45.99,218.65,0.22,33.67,220.21,0.22,48.02,0.00,0.00,0.00
219.11,0.86,189.49,220.50,0.21,46.58,218.41,0.22,33.37,221.10,0.22,48.26,0.00,0.00,0.00
219.65,0.86,188.44,220.14,0.21,46.56,218.95,0.21,31.09,216.64,0.21,46.51,0.00,0.00,0.00
220.66,0.86,190.24,218.80,0.21,46.05,219.96,0.22,33.57,218.38,0.22,47.15,0.00,0.00,0.00
217.47,0.86,188.09,220.32,0.21,46.58,216.77,0.22,32.91,219.67,0.22,47.75,0.00,0.00,0.00
218.48,0.86,187.40,219.69,0.21,46.11,217.78,0.21,31.11,219.31,0.22,47.52,0.00,0.00,0.00
219.33,0.86,189.17,219.99,0.21,46.33,218.63,0.21,33.05,220.32,0.22,47.94,0.00,0.00,0.00
220.62,0.86,190.27,218.98,0.21,45.96,219.92,0.22,33.47,218.71,0.22,47.31,0.00,0.00,0.00
219.95,0.86,189.95,219.02,0.21,46.19,219.25,0.22,33.24,220.12,0.22,47.89,0.00,0.00,0.00
218.26,0.86,188.75,217.12,0.21,45.71,217.56,0.22,33.35,218.57,0.22,47.50,0.00,0.00,0.00
219.58,0.86,188.65,219.04,0.21,45.92,218.88,0.21,31.29,218.99,0.22,47.50,0.00,0.00,0.00
221.17,0.85,189.03,219.38,0.21,46.13,220.47,0.21,31.57,218.21,0.21,46.99,0.00,0.00,0.00
217.19,0.86,187.82,220.15,0.21,46.56,216.49,0.22,33.70,218.62,0.22,47.41,0.00,0.00,0.00
218.88,0.86,188.88,219.85,0.21,46.23,218.18,0.22,33.35,218.67,0.22,47.37,0.00,0.00,0.00
218.53,0.86,188.48,218.87,0.21,46.00,217.83,0.22,33.33,219.77,0.22,47.97,0.00,0.00,0.00
218.28,0.86,188.35,218.54,0.21,45.65,217.58,0.22,33.56,219.99,0.22,47.81,0.00,0.00,0.00
218.47,0.86,187.67,220.60,0.21,46.40,217.77,0.21,31.57,217.11,0.22,46.95,0.00,0.00,0.00
218.12,0.87,188.90,220.22,0.21,46.40,217.42,0.22,33.58,220.05,0.22,47.98,0.00,0.00,0.00
217.44,0.86,186.98,218.41,0.21,45.73,216.74,0.21,32.59,219.29,0.22,47.73,0.00,0.00,0.00
218.68,0.86,187.74,218.41,0.21,45.64,217.98,0.21,33.19,216.32,0.21,46.40,0.00,0.00,0.00
215.97,0.86,186.27,220.12,0.21,46.49,215.27,0.21,33.17,218.10,0.22,47.22,0.00,0.00,0.00
217.29,0.86,186.60,218.37,0.21,45.86,216.59,0.21,31.54,218.46,0.22,47.27,0.00,0.00,0.00
218.66,0.86,188.52,220.04,0.21,46.32,217.96,0.21,32.86,219.44,0.22,47.70,0.00,0.00,0.00
220.68,0.86,190.87,220.41,0.21,46.61,219.98,0.22,33.88,217.75,0.21,46.93,0.00,0.00,0.00
218.65,0.86,188.78,219.51,0.21,46.12,217.95,0.22,33.58,220.46,0.22,48.00,0.00,0.00,0.00
218.64,0.86,188.54,217.05,0.21,45.34,217.94,0.22,33.15,219.22,0.22,47.69,0.00,0.00,0.00
219.84,0.86,189.46,221.04,0.21,46.63,219.14,0.22,33.18,217.42,0.21,46.77,0.00,0.00,0.00
218.68,0.86,188.82,221.23,0.21,46.79,217.98,0.22,32.75,218.76,0.22,47.44,0.00,0.00,0.00
219.39,0.86,188.19,219.69,0.21,46.12,218.69,0.21,31.61,216.25,0.21,46.37,0.00,0.00,0.00
221.18,0.86,190.13,218.32,0.21,45.69,220.48,0.22,33.17,217.81,0.21,46.80,0.00,0.00,0.00
220.36,0.86,190.25,220.43,0.21,46.37,219.66,0.22,32.49,219.29,0.22,47.61,0.00,0.00,0.00
218.22,0.86,187.65,219.79,0.21,46.21,217.52,0.21,31.53,218.04,0.22,47.10,0.00,0.00,0.00
221.14,0.86,190.66,219.13,0.21,45.81,220.44,0.22,33.68,218.15,0.22,47.08,0.00,0.00,0.00
215.72,0.86,186.13,219.37,0.21,46.02,215.02,0.21,32.53,220.90,0.22,48.25,0.00,0.00,0.00
218.28,0.86,187.32,218.53,0.21,45.65,217.58,0.21,33.04,217.86,0.21,46.90,0.00,0.00,0.00
219.74,0.86,189.09,218.15,0.21,45.61,219.04,0.22,32.70,216.96,0.21,46.70,0.00,0.00,0.00
219.63,0.86,189.89,218.97,0.21,46.03,218.93,0.22,34.05,219.26,0.22,47.68,0.00,0.00,0.00
218.44,0.86,187.33,218.66,0.21,45.85,217.74,0.21,32.64,217.83,0.21,46.82,0.00,0.00,0.00
218.60,0.86,187.98,217.94,0.21,45.51,217.90,0.22,33.26,218.60,0.22,47.28,0.00,0.00,0.00
219.05,0.86,188.73,217.61,0.21,45.57,218.35,0.22,33.40,218.04,0.22,47.18,0.00,0.00,0.00
218.58,0.86,188.28,219.05,0.21,45.87,217.88,0.22,33.56,218.13,0.22,47.15,0.00,0.00,0.00
219.25,0.86,188.10,219.48,0.21,46.13,218.55,0.21,31.67,217.59,0.21,46.81,0.00,0.00,0.00
218.49,0.86,187.61,218.25,0.21,45.78,217.79,0.21,32.95,217.87,0.22,46.97,0.00,0.00,0.00
215.95,0.86,185.97,219.80,0.21,46.21,215.25,0.22,33.51,218.30,0.21,47.03,0.00,0.00,0.00
217.72,0.86,187.30,220.05,0.21,46.16,217.02,0.22,33.58,217.61,0.21,46.78,0.00,0.00,0.00
218.98,0.86,187.67,216.53,0.21,44.95,218.28,0.22,33.29,215.64,0.21,46.21,0.00,0.00,0.00
216.78,0.86,186.59,219.22,0.21,45.83,216.08,0.21,33.18,219.10,0.22,47.54,0.00,0.00,0.00
218.31,0.86,187.61,218.29,0.21,45.70,217.61,0.21,32.67,219.85,0.22,47.78,0.00,0.00,0.00
218.39,0.86,187.47,218.43,0.21,45.75,217.69,0.21,31.13,218.94,0.22,47.43,0.00,0.00,0.00
217.12,0.86,187.01,220.13,0.21,46.32,216.42,0.21,33.11,217.67,0.22,47.02,0.00,0.00,0.00
218.69,0.86,188.16,220.11,0.21,46.45,217.99,0.21,33.26,217.66,0.21,46.83,0.00,0.00,0.00
219.65,0.86,189.71,219.46,0.21,46.17,218.95,0.22,34.00,219.40,0.22,47.52,0.00,0.00,0.00
217.74,0.86,186.94,220.03,0.21,46.36,217.04,0.21,32.97,216.35,0.21,46.29,0.00,0.00,0.00
218.98,0.86,188.08,218.16,0.21,45.52,218.28,0.21,33.26,217.58,0.22,46.92,0.00,0.00,0.00
217.83,0.86,188.12,221.32,0.21,46.93,217.13,0.22,32.04,218.98,0.22,47.37,0.00,0.00,0.00
220.61,0.86,189.48,218.08,0.21,45.40,219.91,0.21,32.90,218.03,0.22,47.09,0.00,0.00,0.00
220.57,0.86,189.74,218.35,0.21,45.71,219.87,0.22,33.41,217.87,0.21,46.87,0.00,0.00,0.00
215.99,0.86,186.02,219.83,0.21,46.20,215.29,0.22,33.49,218.06,0.22,47.20,0.00,0.00,0.00
219.80,0.86,189.98,219.55,0.21,46.44,219.10,0.22,32.59,218.53,0.22,47.25,0.00,0.00,0.00
219.30,0.86,188.13,217.03,0.21,45.22,218.60,0.21,33.12,217.32,0.21,46.59,0.00,0.00,0.00
220.04,0.86,189.46,217.17,0.21,45.26,219.34,0.22,32.22,218.58,0.22,47.28,0.00,0.00,0.00
218.69,0.86,187.38,215.52,0.21,44.55,217.99,0.22,33.48,217.12,0.21,46.39,0.00,0.00,0.00
217.96,0.86,187.54,218.86,0.21,45.82,217.26,0.22,33.14,217.53,0.21,46.81,0.00,0.00,0.00
217.89,0.86,187.97,219.83,0.21,46.34,217.19,0.22,33.53,219.26,0.22,47.61,0.00,0.00,0.00
219.60,0.86,188.52,218.99,0.21,45.89,218.90,0.21,32.99,217.56,0.21,46.86,0.00,0.00,0.00
219.20,0.86,187.74,218.48,0.21,45.69,218.50,0.21,32.85,217.45,0.21,46.73,0.00,0.00,0.00
218.79,0.86,188.00,217.85,0.21,45.55,218.09,0.22,32.52,216.62,0.21,46.40,0.00,0.00,0.00
215.90,0.86,185.70,219.24,0.21,46.12,215.20,0.22,33.60,217.47,0.21,46.66,0.00,0.00,0.00
219.19,0.86,189.02,219.77,0.21,46.38,218.49,0.22,33.41,218.28,0.22,47.22,0.00,0.00,0.00
216.68,0.86,185.54,219.28,0.21,45.87,215.98,0.21,31.26,216.99,0.21,46.71,0.00,0.00,0.00
218.53,0.86,187.77,218.74,0.21,45.68,217.83,0.22,33.58,216.33,0.21,46.27,0.00,0.00,0.00
221.02,0.86,190.37,219.75,0.21,46.44,220.32,0.22,33.45,217.71,0.21,46.95,0.00,0.00,0.00
219.21,0.86,189.21,219.14,0.21,45.93,218.51,0.22,32.92,220.13,0.22,47.70,0.00,0.00,0.00
216.91,0.86,186.99,218.43,0.21,45.60,216.21,0.22,33.72,216.40,0.21,46.21,0.00,0.00,0.00
220.44,0.86,189.92,219.90,0.21,46.07,219.74,0.22,33.59,217.60,0.21,46.86,0.00,0.00,0.00
216.75,0.86,185.83,218.62,0.21,45.95,216.05,0.21,32.82,216.84,0.21,46.48,0.00,0.00,0.00
219.09,0.86,188.72,218.97,0.21,45.91,218.39,0.22,32.95,217.18,0.21,46.60,0.00,0.00,0.00
215.27,0.86,184.89,218.82,0.21,46.00,214.57,0.22,33.56,215.74,0.21,46.07,0.00,0.00,0.00
219.81,0.86,189.45,220.99,0.21,46.64,219.11,0.22,33.66,218.26,0.21,46.82,0.00,0.00,0.00
218.00,0.86,187.50,220.24,0.21,46.51,217.30,0.21,32.87,217.71,0.21,46.92,0.00,0.00,0.00
219.30,0.86,188.24,218.67,0.21,45.78,218.60,0.21,33.03,217.02,0.21,46.69,0.00,0.00,0.00
218.65,0.86,188.38,220.05,0.21,46.54,217.95,0.21,31.51,219.02,0.22,47.47,0.00,0.00,0.00
217.65,0.86,186.14,216.73,0.21,44.98,216.95,0.21,32.83,216.17,0.21,46.21,0.00,0.00,0.00
217.97,0.86,187.37,219.35,0.21,46.00,217.27,0.22,33.41,217.78,0.21,46.82,0.00,0.00,0.00
218.16,0.86,187.63,218.39,0.21,45.77,217.46,0.22,33.29,218.94,0.22,47.18,0.00,0.00,0.00
219.42,0.86,188.48,218.19,0.21,45.73,218.72,0.21,33.12,217.65,0.21,46.97,0.00,0.00,0.00
218.22,0.86,186.71,217.93,0.21,45.46,217.52,0.21,33.11,215.11,0.21,45.88,0.00,0.00,0.00
218.90,0.86,188.18,218.18,0.21,45.53,218.20,0.21,33.16,218.55,0.22,47.28,0.00,0.00,0.00
216.51,0.86,185.69,218.13,0.21,45.59,215.81,0.21,32.53,218.89,0.21,47.20,0.00,0.00,0.00
218.76,0.86,187.68,217.85,0.21,45.43,218.06,0.21,33.36,217.24,0.21,46.72,0.00,0.00,0.00
219.08,0.86,187.98,218.19,0.21,45.67,218.38,0.21,32.81,217.61,0.21,46.86,0.00,0.00,0.00
216.46,0.86,185.76,219.70,0.21,46.20,215.76,0.21,31.59,218.03,0.21,46.93,0.00,0.00,0.00
219.40,0.86,187.95,218.50,0.21,45.66,218.70,0.21,32.82,217.10,0.21,46.57,0.00,0.00,0.00
219.56,0.86,189.78,219.81,0.21,46.24,218.86,0.22,33.82,218.69,0.22,47.38,0.00,0.00,0.00
217.17,0.86,186.40,217.18,0.21,45.19,216.47,0.22,33.46,218.84,0.21,47.21,0.00,0.00,0.00
218.38,0.86,187.61,217.48,0.21,45.27,217.68,0.21,33.15,218.86,0.22,47.44,0.00,0.00,0.00
219.99,0.86,188.68,218.69,0.21,45.83,219.29,0.21,31.77,216.36,0.21,46.21,0.00,0.00,0.00
218.10,0.86,186.95,217.94,0.21,45.48,217.40,0.22,33.40,216.38,0.21,46.34,0.00,0.00,0.00
218.95,0.86,188.44,220.12,0.21,46.41,218.25,0.21,32.99,218.29,0.22,47.15,0.00,0.00,0.00
218.43,0.86,187.64,217.30,0.21,45.41,217.73,0.22,33.47,217.69,0.21,46.85,0.00,0.00,0.00
214.71,0.86,184.64,218.41,0.21,45.57,214.01,0.22,33.38,218.51,0.22,47.28,0.00,0.00,0.00
217.39,0.86,186.34,217.33,0.21,45.42,216.69,0.21,32.70,217.49,0.21,46.77,0.00,0.00,0.00
221.12,0.86,189.58,222.25,0.21,46.67,220.42,0.21,33.24,215.54,0.21,45.96,0.00,0.00,0.00
218.56,0.86,188.22,220.55,0.21,46.62,217.86,0.21,32.91,219.18,0.22,47.48,0.00,0.00,0.00
213.08,0.86,183.35,218.21,0.21,45.59,212.38,0.22,33.68,219.44,0.22,47.47,0.00,0.00,0.00
219.24,0.86,188.19,219.06,0.21,46.06,218.54,0.21,32.81,217.92,0.21,46.84,0.00,0.00,0.00
220.51,0.86,189.56,219.01,0.21,46.01,219.81,0.21,33.10,218.38,0.22,47.16,0.00,0.00,0.00
218.59,0.86,187.32,217.37,0.21,45.25,217.89,0.21,33.27,217.68,0.21,46.72,0.00,0.00,0.00
219.30,0.86,188.71,219.69,0.21,46.31,218.60,0.22,33.42,217.47,0.21,46.74,0.00,0.00,0.00
216.55,0.85,184.99,219.08,0.21,45.90,215.85,0.21,30.62,216.89,0.21,46.66,0.00,0.00,0.00
217.55,0.86,186.98,218.09,0.21,45.42,216.85,0.22,33.60,216.86,0.21,46.70,0.00,0.00,0.00
217.19,0.86,186.36,218.73,0.21,45.87,216.49,0.21,31.42,218.18,0.21,47.07,0.00,0.00,0.00
217.07,0.86,185.85,218.16,0.21,45.53,216.37,0.21,32.90,216.83,0.21,46.48,0.00,0.00,0.00
219.87,0.86,188.63,218.38,0.21,45.76,219.17,0.21,32.93,217.35,0.21,46.65,0.00,0.00,0.00
222.43,0.86,191.38,219.56,0.21,46.01,221.73,0.21,33.20,218.29,0.22,47.21,0.00,0.00,0.00
219.64,0.86,188.12,218.36,0.21,45.52,218.94,0.21,32.96,216.57,0.21,46.34,0.00,0.00,0.00
218.24,0.86,188.47,220.24,0.21,46.40,217.54,0.22,33.83,218.19,0.22,47.09,0.00,0.00,0.00
216.01,0.86,185.39,218.94,0.21,45.83,215.31,0.22,31.83,215.89,0.21,46.15,0.00,0.00,0.00
221.26,0.86,189.87,215.44,0.21,44.76,220.56,0.21,33.14,219.49,0.22,47.74,0.00,0.00,0.00
218.04,0.86,187.08,219.49,0.21,45.75,217.34,0.21,32.98,217.41,0.21,46.78,0.00,0.00,0.00
217.02,0.86,186.46,219.58,0.21,46.17,216.32,0.21,32.78,218.66,0.21,47.15,0.00,0.00,0.00
216.71,0.86,185.96,218.14,0.21,45.52,216.01,0.21,31.73,217.93,0.22,47.08,0.00,0.00,0.00
219.29,0.86,189.17,219.40,0.21,46.33,218.59,0.22,33.51,218.74,0.22,47.31,0.00,0.00,0.00
219.29,0.86,188.74,219.04,0.21,45.90,218.59,0.22,32.02,218.91,0.22,47.39,0.00,0.00,0.00
217.75,0.86,186.46,217.52,0.21,45.22,217.05,0.21,32.90,216.57,0.21,46.35,0.00,0.00,0.00
218.22,0.86,186.78,217.33,0.21,45.11,217.52,0.21,31.12,218.11,0.22,47.13,0.00,0.00,0.00
219.59,0.86,189.02,219.32,0.21,46.11,218.89,0.21,33.26,218.92,0.22,47.28,0.00,0.00,0.00
218.00,0.86,186.78,218.28,0.21,45.63,217.30,0.21,33.04,216.57,0.21,46.34,0.00,0.00,0.00
218.03,0.86,188.06,220.28,0.21,46.37,217.33,0.22,33.42,218.76,0.22,47.27,0.00,0.00,0.00
219.13,0.86,188.14,217.37,0.21,45.30,218.43,0.21,33.20,218.11,0.22,47.08,0.00,0.00,0.00
218.56,0.86,187.94,218.84,0.21,45.90,217.86,0.22,31.98,217.53,0.21,46.80,0.00,0.00,0.00
215.97,0.86,185.32,218.49,0.21,45.64,215.27,0.21,32.79,217.89,0.21,46.99,0.00,0.00,0.00
218.79,0.86,187.65,216.76,0.21,45.13,218.09,0.22,33.26,217.40,0.21,46.61,0.00,0.00,0.00
218.34,0.86,188.16,219.93,0.21,46.28,217.64,0.22,32.47,218.93,0.22,47.33,0.00,0.00,0.00
218.46,0.86,187.64,219.75,0.21,46.12,217.76,0.21,33.00,217.09,0.21,46.60,0.00,0.00,0.00
218.49,0.86,187.94,219.32,0.21,45.99,217.79,0.22,33.71,216.83,0.21,46.38,0.00,0.00,0.00
219.68,0.86,189.57,218.94,0.21,46.14,218.98,0.22,33.83,217.88,0.22,47.13,0.00,0.00,0.00
219.43,0.86,188.86,220.05,0.21,46.38,218.73,0.22,33.42,216.91,0.21,46.35,0.00,0.00,0.00
218.67,0.86,188.45,219.18,0.21,46.21,217.97,0.22,33.11,219.23,0.22,47.45,0.00,0.00,0.00
219.56,0.86,188.56,218.11,0.21,45.41,218.86,0.22,33.40,217.64,0.21,46.96,0.00,0.00,0.00
219.93,0.86,189.03,217.66,0.21,45.39,219.23,0.22,33.47,218.52,0.21,47.16,0.00,0.00,0.00
219.02,0.86,188.53,221.30,0.21,46.96,218.32,0.21,32.65,218.22,0.22,47.10,0.00,0.00,0.00
219.78,0.86,187.95,214.98,0.20,44.42,219.08,0.21,33.05,218.87,0.21,47.24,0.00,0.00,0.00
214.69,0.86,183.58,218.72,0.21,45.67,213.99,0.21,32.49,216.94,0.21,46.40,0.00,0.00,0.00
220.71,0.86,189.67,218.10,0.21,45.54,220.01,0.21,33.32,217.26,0.22,47.10,0.00,0.00,0.00
219.11,0.86,188.51,218.79,0.21,45.92,218.41,0.22,33.46,217.36,0.21,46.84,0.00,0.00,0.00
220.08,0.86,189.34,219.94,0.21,46.27,219.38,0.21,33.26,217.76,0.21,46.87,0.00,0.00,0.00
219.70,0.86,189.34,221.13,0.21,46.72,219.00,0.21,33.10,218.95,0.22,47.37,0.00,0.00,0.00
218.48,0.86,187.55,218.73,0.21,45.89,217.78,0.21,33.27,217.52,0.21,46.69,0.00,0.00,0.00
214.68,0.86,185.44,219.52,0.21,46.32,213.98,0.22,33.67,219.95,0.22,47.80,0.00,0.00,0.00
218.34,0.86,187.57,218.33,0.21,45.68,217.64,0.21,33.21,217.18,0.21,46.73,0.00,0.00,0.00
220.14,0.86,189.47,218.06,0.21,45.61,219.44,0.22,33.48,218.99,0.22,47.43,0.00,0.00,0.00
217.99,0.86,187.05,218.45,0.21,45.68,217.29,0.21,32.92,217.63,0.21,46.84,0.00,0.00,0.00
221.38,0.87,191.64,221.11,0.21,46.72,220.68,0.22,34.02,218.79,0.22,47.34,0.00,0.00,0.00
218.20,0.86,187.10,217.81,0.21,45.39,217.50,0.21,32.74,216.70,0.21,46.61,0.00,0.00,0.00
221.28,0.86,190.06,219.77,0.21,46.32,220.58,0.21,32.96,216.66,0.21,46.54,0.00,0.00,0.00
218.63,0.86,188.99,219.38,0.21,46.05,217.93,0.22,33.41,221.55,0.22,48.77,0.00,0.00,0.00
220.48,0.86,190.43,219.93,0.21,46.42,219.78,0.22,34.24,217.83,0.21,46.93,0.00,0.00,0.00
216.57,0.86,185.77,218.34,0.21,45.78,215.87,0.21,32.49,218.68,0.22,47.27,0.00,0.00,0.00
218.84,0.86,188.25,218.76,0.21,45.74,218.14,0.22,31.91,218.12,0.22,47.12,0.00,0.00,0.00
219.06,0.86,188.50,219.66,0.21,46.10,218.36,0.22,33.60,217.81,0.21,46.89,0.00,0.00,0.00
218.59,0.86,188.15,219.50,0.21,46.06,217.89,0.22,33.61,217.30,0.21,46.87,0.00,0.00,0.00
217.03,0.86,187.51,220.81,0.21,46.70,216.33,0.22,33.71,219.28,0.22,47.49,0.00,0.00,0.00
219.31,0.86,188.68,219.68,0.21,46.03,218.61,0.22,33.54,218.20,0.21,47.03,0.00,0.00,0.00
217.46,0.86,187.69,219.15,0.21,46.11,216.76,0.22,32.66,218.68,0.22,47.29,0.00,0.00,0.00
217.72,0.86,186.97,221.23,0.21,46.50,217.02,0.21,30.74,217.52,0.21,46.76,0.00,0.00,0.00
220.75,0.86,189.64,219.70,0.21,46.32,220.05,0.21,33.18,216.08,0.21,46.24,0.00,0.00,0.00
216.74,0.86,186.49,217.49,0.21,45.47,216.04,0.22,33.35,218.68,0.22,47.27,0.00,0.00,0.00
217.70,0.86,187.90,219.52,0.21,46.39,217.00,0.22,33.50,218.79,0.22,47.29,0.00,0.00,0.00
218.62,0.86,187.98,218.09,0.21,45.59,217.92,0.22,33.50,218.38,0.21,47.15,0.00,0.00,0.00
218.61,0.86,188.70,220.11,0.21,46.27,217.91,0.22,33.80,219.26,0.22,47.44,0.00,0.00,0.00
218.72,0.86,188.34,219.49,0.21,46.23,218.02,0.22,33.74,217.07,0.21,46.64,0.00,0.00,0.00
217.68,0.86,187.39,218.45,0.21,45.87,216.98,0.22,32.46,217.56,0.21,46.94,0.00,0.00,0.00
219.66,0.86,188.75,218.47,0.21,45.63,218.96,0.22,33.46,216.65,0.21,46.39,0.00,0.00,0.00
220.49,0.86,189.61,218.71,0.21,45.87,219.79,0.21,33.20,218.89,0.22,47.35,0.00,0.00,0.00
218.05,0.86,187.68,219.02,0.21,45.91,217.35,0.22,33.53,218.04,0.21,47.09,0.00,0.00,0.00
219.44,0.86,189.59,219.69,0.21,46.34,218.74,0.22,33.88,219.09,0.22,47.41,0.00,0.00,0.00
217.14,0.86,186.34,218.20,0.21,45.66,216.44,0.21,32.92,217.70,0.21,46.87,0.00,0.00,0.00
219.69,0.86,188.72,218.78,0.21,45.88,218.99,0.21,33.20,216.92,0.21,46.66,0.00,0.00,0.00
218.14,0.86,188.43,220.04,0.21,46.38,217.44,0.22,33.63,219.00,0.22,47.47,0.00,0.00,0.00
219.18,0.86,187.97,218.27,0.21,45.64,218.48,0.21,33.13,216.83,0.21,46.68,0.00,0.00,0.00
215.59,0.86,184.71,216.73,0.20,44.64,214.89,0.21,33.18,218.32,0.22,47.16,0.00,0.00,0.00
218.65,0.86,188.30,219.04,0.21,45.99,217.95,0.22,32.42,217.29,0.21,46.88,0.00,0.00,0.00
219.50,0.86,188.95,219.30,0.21,46.18,218.80,0.21,33.37,218.13,0.22,47.10,0.00,0.00,0.00
218.99,0.86,188.44,218.60,0.21,45.60,218.29,0.22,33.41,218.52,0.22,47.45,0.00,0.00,0.00
218.14,0.86,187.35,218.76,0.21,45.67,217.44,0.21,33.11,218.31,0.22,47.23,0.00,0.00,0.00
218.90,0.86,187.61,217.42,0.21,45.22,218.20,0.22,33.18,217.20,0.21,46.57,0.00,0.00,0.00
219.50,0.86,188.97,220.05,0.21,46.55,218.80,0.22,33.62,216.71,0.21,46.47,0.00,0.00,0.00
216.32,0.86,185.43,217.76,0.21,45.50,215.62,0.21,33.01,216.74,0.21,46.44,0.00,0.00,0.00
217.85,0.86,187.29,220.58,0.21,46.52,217.15,0.21,33.20,217.96,0.21,46.88,0.00,0.00,0.00
219.25,0.86,189.14,219.65,0.21,46.20,218.55,0.21,33.07,220.70,0.22,48.26,0.00,0.00,0.00
218.57,0.86,187.49,218.64,0.21,45.78,217.87,0.21,32.06,218.61,0.21,47.12,0.00,0.00,0.00
219.03,0.86,188.40,220.82,0.21,46.05,218.33,0.22,34.02,216.77,0.21,46.58,0.00,0.00,0.00
217.82,0.86,187.47,220.20,0.21,46.38,217.12,0.22,33.74,216.98,0.21,46.59,0.00,0.00,0.00
219.86,0.86,189.95,219.88,0.21,46.41,219.16,0.22,34.00,218.77,0.22,47.34,0.00,0.00,0.00
217.80,0.86,187.41,219.29,0.21,46.14,217.10,0.22,33.45,218.01,0.21,46.96,0.00,0.00,0.00
219.90,0.86,189.09,218.99,0.21,46.03,219.20,0.22,33.27,217.60,0.21,46.72,0.00,0.00,0.00
220.37,0.86,190.31,220.25,0.21,46.42,219.67,0.22,33.42,219.21,0.22,47.52,0.00,0.00,0.00
219.67,0.86,188.52,218.70,0.21,45.70,218.97,0.21,32.87,216.51,0.21,46.45,0.00,0.00,0.00
215.86,0.86,185.87,218.79,0.21,45.92,215.16,0.22,33.56,218.64,0.22,47.39,0.00,0.00,0.00
218.73,0.86,187.77,217.82,0.21,45.29,218.03,0.21,33.26,217.84,0.22,47.13,0.00,0.00,0.00
215.26,0.86,184.20,218.82,0.21,45.77,214.56,0.21,30.94,217.47,0.21,46.72,0.00,0.00,0.00
221.06,0.86,190.50,219.41,0.21,45.93,220.36,0.22,33.69,218.13,0.22,47.10,0.00,0.00,0.00
216.77,0.86,187.00,219.17,0.21,46.10,216.07,0.22,33.53,218.91,0.22,47.58,0.00,0.00,0.00
218.42,0.86,188.73,220.24,0.21,46.45,217.72,0.22,34.20,218.46,0.21,47.02,0.00,0.00,0.00
220.13,0.86,189.59,220.64,0.21,46.64,219.43,0.21,32.88,219.09,0.22,47.56,0.00,0.00,0.00
219.31,0.86,188.59,219.44,0.21,46.04,218.61,0.21,33.20,218.41,0.21,47.20,0.00,0.00,0.00
217.36,0.86,187.57,219.85,0.21,46.37,216.66,0.22,33.37,219.08,0.22,47.44,0.00,0.00,0.00
218.64,0.85,186.84,217.62,0.21,45.31,217.94,0.22,33.46,214.27,0.21,45.48,0.00,0.00,0.00
218.22,0.86,187.87,218.53,0.21,45.79,217.52,0.21,33.50,219.26,0.22,47.50,0.00,0.00,0.00
220.22,0.86,189.55,219.46,0.21,46.05,219.52,0.22,33.52,216.47,0.21,46.41,0.00,0.00,0.00
216.70,0.87,187.58,219.97,0.21,46.58,216.00,0.22,33.71,220.26,0.22,48.10,0.00,0.00,0.00
218.30,0.86,187.59,218.31,0.21,45.74,217.60,0.22,33.14,217.72,0.21,46.81,0.00,0.00,0.00
218.35,0.86,188.01,218.14,0.21,45.59,217.65,0.21,33.12,219.62,0.22,47.77,0.00,0.00,0.00
219.14,0.86,188.37,217.74,0.21,45.40,218.44,0.22,33.46,217.80,0.21,46.93,0.00,0.00,0.00
218.56,0.86,188.36,220.30,0.21,46.49,217.86,0.22,33.53,217.62,0.21,46.59,0.00,0.00,0.00
218.51,0.86,187.63,219.54,0.21,46.12,217.81,0.21,32.88,217.48,0.21,46.86,0.00,0.00,0.00
219.65,0.86,189.77,220.82,0.21,46.70,218.95,0.22,33.90,218.97,0.22,47.41,0.00,0.00,0.00
220.96,0.86,189.42,219.50,0.21,46.17,220.26,0.22,33.63,213.75,0.21,45.38,0.00,0.00,0.00
219.97,0.86,188.92,220.11,0.21,46.35,219.27,0.21,33.44,215.84,0.21,46.04,0.00,0.00,0.00
219.24,0.86,188.51,218.91,0.21,45.97,218.54,0.22,33.41,217.68,0.21,46.82,0.00,0.00,0.00
218.67,0.86,188.32,220.64,0.21,46.68,217.97,0.21,33.18,218.02,0.22,47.11,0.00,0.00,0.00
218.70,0.86,188.80,220.40,0.21,46.60,218.00,0.22,33.75,218.32,0.22,47.13,0.00,0.00,0.00
218.88,0.86,188.91,218.81,0.21,45.90,218.18,0.22,33.63,219.67,0.22,47.71,0.00,0.00,0.00
219.72,0.86,188.87,219.85,0.21,46.04,219.02,0.21,32.93,218.21,0.22,47.21,0.00,0.00,0.00
215.73,0.86,185.68,218.67,0.21,45.80,215.03,0.22,33.60,219.22,0.22,47.45,0.00,0.00,0.00
219.56,0.86,188.24,218.77,0.21,45.80,218.86,0.22,33.46,214.70,0.21,45.80,0.00,0.00,0.00
217.18,0.86,187.46,219.80,0.21,46.33,216.48,0.22,33.43,219.21,0.22,47.58,0.00,0.00,0.00
219.45,0.86,188.85,218.98,0.21,45.82,218.75,0.21,32.99,219.96,0.22,48.00,0.00,0.00,0.00
218.88,0.86,188.65,218.95,0.21,45.85,218.18,0.21,33.33,220.40,0.22,48.06,0.00,0.00,0.00
219.46,0.86,188.10,216.15,0.21,44.73,218.76,0.21,33.03,219.34,0.22,47.54,0.00,0.00,0.00
218.15,0.86,188.28,220.73,0.21,46.77,217.45,0.21,33.34,218.58,0.22,47.27,0.00,0.00,0.00
217.62,0.86,186.63,218.38,0.21,45.67,216.92,0.21,32.95,219.28,0.21,46.99,0.00,0.00,0.00
219.11,0.86,188.80,223.65,0.21,47.14,218.41,0.21,33.14,217.34,0.21,46.87,0.00,0.00,0.00
219.76,0.86,189.17,219.09,0.21,46.11,219.06,0.22,33.53,218.29,0.21,46.90,0.00,0.00,0.00
218.75,0.86,187.82,218.36,0.21,45.69,218.05,0.21,33.17,216.97,0.21,46.79,0.00,0.00,0.00
218.06,0.86,187.04,214.33,0.20,44.09,217.36,0.22,33.52,219.01,0.22,47.61,0.00,0.00,0.00
218.46,0.86,188.63,218.50,0.21,45.79,217.76,0.22,33.70,220.09,0.22,47.92,0.00,0.00,0.00
215.95,0.86,185.61,216.98,0.21,45.01,215.25,0.22,33.51,219.56,0.22,47.69,0.00,0.00,0.00
218.39,0.86,188.14,218.90,0.21,45.87,217.69,0.21,33.42,218.94,0.22,47.51,0.00,0.00,0.00
217.98,0.86,187.53,218.73,0.21,45.87,217.28,0.21,33.12,218.78,0.22,47.33,0.00,0.00,0.00
219.69,0.86,188.70,219.21,0.21,45.90,218.99,0.22,33.70,216.09,0.21,46.36,0.00,0.00,0.00
219.52,0.86,188.84,219.52,0.21,46.16,218.82,0.22,33.27,217.63,0.21,46.92,0.00,0.00,0.00
218.00,0.86,187.46,219.26,0.21,45.95,217.30,0.22,32.44,217.00,0.21,46.58,0.00,0.00,0.00
219.85,0.86,189.62,219.79,0.21,46.21,219.15,0.22,33.86,216.95,0.21,46.57,0.00,0.00,0.00
220.18,0.86,189.77,220.16,0.21,46.43,219.48,0.22,33.49,217.58,0.22,47.08,0.00,0.00,0.00
217.56,0.86,187.13,219.89,0.21,46.14,216.86,0.21,33.13,218.93,0.22,47.39,0.00,0.00,0.00
218.90,0.86,187.58,216.35,0.20,44.71,218.20,0.21,32.96,218.14,0.21,47.15,0.00,0.00,0.00
217.42,0.86,186.95,219.25,0.21,45.84,216.72,0.22,33.47,217.56,0.21,47.06,0.00,0.00,0.00
219.36,0.86,188.77,217.61,0.21,45.28,218.66,0.22,33.51,218.96,0.22,47.26,0.00,0.00,0.00
218.50,0.86,187.42,215.78,0.20,44.51,217.80,0.21,33.36,218.63,0.22,47.49,0.00,0.00,0.00
218.11,0.86,188.09,218.70,0.21,45.86,217.41,0.22,33.67,219.44,0.22,47.55,0.00,0.00,0.00
218.80,0.86,187.39,219.23,0.21,45.99,218.10,0.21,33.22,215.04,0.21,45.94,0.00,0.00,0.00
219.44,0.86,188.66,218.58,0.21,45.71,218.74,0.21,33.22,219.77,0.22,47.62,0.00,0.00,0.00
219.61,0.86,189.25,218.88,0.21,46.17,218.91,0.22,33.43,217.48,0.21,46.88,0.00,0.00,0.00
217.76,0.86,187.65,220.26,0.21,46.30,217.06,0.22,33.67,217.95,0.21,46.95,0.00,0.00,0.00
217.88,0.86,186.56,217.36,0.21,45.21,217.18,0.21,31.48,220.85,0.22,47.61,0.00,0.00,0.00
224.00,0.86,193.18,220.37,0.21,46.25,223.30,0.22,33.72,217.58,0.21,46.87,0.00,0.00,0.00
217.65,0.86,186.76,219.00,0.21,46.12,216.95,0.21,32.86,217.83,0.21,46.88,0.00,0.00,0.00
218.38,0.86,187.41,217.73,0.21,45.38,217.68,0.21,33.29,217.90,0.21,47.00,0.00,0.00,0.00
217.58,0.86,186.56,217.99,0.21,45.60,216.88,0.21,31.18,217.83,0.22,47.24,0.00,0.00,0.00
219.63,0.86,188.62,218.42,0.21,45.49,218.93,0.21,33.18,218.72,0.22,47.52,0.00,0.00,0.00
216.87,0.85,185.30,215.68,0.20,44.48,216.17,0.21,32.86,218.32,0.21,47.18,0.00,0.00,0.00
218.27,0.86,187.14,218.60,0.21,45.66,217.57,0.21,32.33,216.92,0.21,46.42,0.00,0.00,0.00
217.34,0.86,185.91,217.53,0.21,45.27,216.64,0.21,31.55,217.76,0.21,46.84,0.00,0.00,0.00
219.34,0.86,188.37,218.75,0.21,45.76,218.64,0.22,32.57,215.88,0.21,46.27,0.00,0.00,0.00
217.65,0.86,186.71,218.67,0.21,45.91,216.95,0.22,33.54,215.67,0.21,46.10,0.00,0.00,0.00
218.43,0.86,188.69,219.77,0.21,46.39,217.73,0.22,33.45,219.27,0.22,47.58,0.00,0.00,0.00
217.53,0.86,186.82,219.46,0.21,45.93,216.83,0.21,33.22,217.87,0.21,46.91,0.00,0.00,0.00
218.27,0.86,187.92,219.99,0.21,46.36,217.57,0.22,33.55,218.44,0.22,47.19,0.00,0.00,0.00
216.59,0.86,186.83,219.74,0.21,46.36,215.89,0.22,32.27,219.42,0.22,47.62,0.00,0.00,0.00
219.73,0.85,187.80,219.11,0.21,45.95,219.03,0.21,31.24,215.78,0.21,46.06,0.00,0.00,0.00
217.10,0.86,186.67,219.44,0.21,46.10,216.40,0.21,33.30,217.61,0.21,46.94,0.00,0.00,0.00
220.69,0.86,189.66,218.50,0.21,45.79,219.99,0.21,32.95,219.00,0.22,47.50,0.00,0.00,0.00
218.78,0.86,187.43,216.61,0.21,44.86,218.08,0.21,33.13,218.42,0.21,47.21,0.00,0.00,0.00
217.19,0.86,186.06,217.71,0.21,45.43,216.49,0.21,32.04,216.34,0.21,46.33,0.00,0.00,0.00
219.32,0.86,188.20,218.27,0.21,45.53,218.62,0.21,31.70,218.72,0.22,47.33,0.00,0.00,0.00
216.45,0.86,185.25,215.53,0.20,44.65,215.75,0.22,33.62,216.81,0.21,46.52,0.00,0.00,0.00
218.65,0.86,188.11,220.30,0.21,46.57,217.95,0.21,33.41,217.45,0.21,46.68,0.00,0.00,0.00
219.14,0.86,188.20,219.84,0.21,46.29,218.44,0.21,33.04,217.82,0.21,46.95,0.00,0.00,0.00
219.04,0.86,187.84,218.51,0.21,45.52,218.34,0.21,33.16,218.00,0.21,46.91,0.00,0.00,0.00
219.23,0.86,187.75,215.56,0.21,44.69,218.53,0.21,33.06,217.89,0.22,47.15,0.00,0.00,0.00
219.30,0.86,188.25,218.10,0.21,45.43,218.60,0.22,33.61,216.81,0.21,46.74,0.00,0.00,0.00
218.23,0.86,187.50,217.99,0.21,45.62,217.53,0.22,33.40,217.63,0.21,46.92,0.00,0.00,0.00
216.53,0.86,185.83,219.64,0.21,46.12,215.83,0.21,31.51,217.47,0.21,46.69,0.00,0.00,0.00
218.29,0.85,186.27,215.60,0.20,44.62,217.59,0.21,32.76,217.19,0.21,46.56,0.00,0.00,0.00
217.69,0.86,186.67,219.28,0.21,46.12,216.99,0.21,32.96,215.73,0.21,46.34,0.00,0.00,0.00
217.54,0.86,186.91,219.56,0.21,45.91,216.84,0.21,33.12,218.61,0.22,47.22,0.00,0.00,0.00
218.48,0.86,187.60,218.10,0.21,45.51,217.78,0.21,33.38,218.57,0.22,47.22,0.00,0.00,0.00
217.43,0.86,186.42,217.67,0.21,45.27,216.73,0.21,33.33,217.58,0.21,46.87,0.00,0.00,0.00
217.62,0.86,186.29,217.75,0.21,45.42,216.92,0.21,31.49,216.92,0.21,46.48,0.00,0.00,0.00
216.70,0.86,186.26,219.66,0.21,46.20,216.00,0.21,33.49,217.63,0.21,46.81,0.00,0.00,0.00
219.24,0.86,188.06,219.64,0.21,46.12,218.54,0.21,33.14,216.10,0.21,46.41,0.00,0.00,0.00
218.14,0.86,187.11,220.39,0.21,46.32,217.44,0.21,32.64,217.59,0.21,46.61,0.00,0.00,0.00
217.48,0.86,187.38,218.13,0.21,45.65,216.78,0.22,33.82,218.66,0.22,47.43,0.00,0.00,0.00
217.20,0.86,185.82,217.06,0.21,45.25,216.50,0.21,33.23,216.52,0.21,46.31,0.00,0.00,0.00
217.36,0.86,186.17,217.97,0.21,45.49,216.66,0.21,31.75,218.62,0.21,46.76,0.00,0.00,0.00
218.95,0.86,187.50,218.43,0.21,45.64,218.25,0.21,32.02,216.69,0.21,46.30,0.00,0.00,0.00
218.96,0.85,187.14,216.10,0.20,44.85,218.26,0.21,33.21,216.78,0.21,46.45,0.00,0.00,0.00
219.04,0.85,187.27,220.61,0.21,46.42,218.34,0.21,33.13,213.55,0.21,45.36,0.00,0.00,0.00
218.95,0.86,187.61,216.26,0.21,44.88,218.25,0.21,33.31,218.61,0.21,47.12,0.00,0.00,0.00
217.05,0.85,185.31,219.31,0.21,45.93,216.35,0.21,32.78,214.85,0.21,45.65,0.00,0.00,0.00
215.56,0.86,184.78,217.89,0.21,45.47,214.86,0.21,33.13,217.66,0.21,46.84,0.00,0.00,0.00
217.28,0.86,186.45,217.67,0.21,45.13,216.58,0.21,33.46,219.17,0.22,47.34,0.00,0.00,0.00
220.17,0.86,188.35,219.51,0.21,46.22,219.47,0.21,30.98,216.88,0.21,46.41,0.00,0.00,0.00
218.82,0.86,187.23,218.09,0.21,45.47,218.12,0.21,33.04,217.85,0.21,46.69,0.00,0.00,0.00
217.24,0.86,186.14,218.13,0.21,45.60,216.54,0.21,32.93,217.23,0.21,46.78,0.00,0.00,0.00
219.81,0.86,188.53,220.23,0.21,46.43,219.11,0.21,33.09,217.42,0.21,46.63,0.00,0.00,0.00
219.68,0.85,187.53,218.41,0.21,45.78,218.98,0.21,33.10,213.53,0.21,45.09,0.00,0.00,0.00
219.17,0.86,187.69,218.19,0.21,45.58,218.47,0.21,33.08,216.26,0.21,46.22,0.00,0.00,0.00
216.32,0.86,185.60,219.27,0.21,45.98,215.62,0.21,33.54,215.70,0.21,46.10,0.00,0.00,0.00
215.13,0.86,184.89,218.00,0.21,45.48,214.43,0.21,33.15,220.83,0.22,47.97,0.00,0.00,0.00
217.91,0.85,185.24,218.70,0.21,45.68,217.21,0.21,31.10,212.43,0.21,44.68,0.00,0.00,0.00
218.96,0.86,187.83,218.94,0.21,45.83,218.26,0.21,33.45,217.17,0.21,46.66,0.00,0.00,0.00
217.84,0.86,186.34,217.97,0.21,45.41,217.14,0.21,31.07,217.09,0.21,46.89,0.00,0.00,0.00
219.12,0.86,188.06,218.20,0.21,45.66,218.42,0.21,33.52,217.12,0.21,46.65,0.00,0.00,0.00
218.72,0.86,188.07,219.52,0.21,46.09,218.02,0.22,33.89,215.97,0.21,46.24,0.00,0.00,0.00
218.85,0.85,186.97,219.94,0.21,46.39,218.15,0.22,33.70,210.78,0.21,44.12,0.00,0.00,0.00
216.91,0.86,186.17,219.33,0.21,46.04,216.21,0.21,33.26,217.15,0.21,46.64,0.00,0.00,0.00
218.03,0.86,186.87,219.75,0.21,46.03,217.33,0.21,33.35,216.89,0.21,46.30,0.00,0.00,0.00
218.92,0.85,186.77,218.32,0.21,45.80,218.22,0.21,33.03,212.96,0.21,45.01,0.00,0.00,0.00
217.92,0.85,185.83,220.45,0.21,46.35,217.22,0.21,32.94,212.84,0.21,44.63,0.00,0.00,0.00
219.37,0.86,188.23,217.85,0.21,45.39,218.67,0.21,31.57,219.64,0.21,47.50,0.00,0.00,0.00
217.58,0.85,185.90,219.04,0.21,45.88,216.88,0.21,33.09,214.43,0.21,45.59,0.00,0.00,0.00
217.34,0.86,186.36,218.47,0.21,45.54,216.64,0.21,33.01,220.89,0.22,47.85,0.00,0.00,0.00
218.42,0.86,186.86,217.34,0.21,45.10,217.72,0.21,32.99,218.09,0.21,46.89,0.00,0.00,0.00
216.40,0.86,185.41,216.72,0.21,44.91,215.70,0.21,33.31,217.94,0.21,46.89,0.00,0.00,0.00
216.19,0.86,185.59,217.88,0.21,45.36,215.49,0.21,33.18,219.20,0.22,47.36,0.00,0.00,0.00
213.33,0.86,182.42,218.14,0.21,45.24,212.63,0.21,32.89,217.92,0.21,46.78,0.00,0.00,0.00
213.39,0.86,182.92,217.88,0.21,45.34,212.69,0.22,33.57,216.79,0.21,46.39,0.00,0.00,0.00
220.73,0.86,188.89,219.37,0.21,45.58,220.03,0.21,32.78,218.25,0.21,46.99,0.00,0.00,0.00
220.53,0.86,189.06,219.06,0.21,45.84,219.83,0.21,33.25,217.27,0.21,46.55,0.00,0.00,0.00
219.76,0.85,187.38,218.56,0.21,45.38,219.06,0.22,33.62,212.75,0.21,44.61,0.00,0.00,0.00
219.86,0.85,187.71,215.20,0.20,44.32,219.16,0.21,33.07,213.72,0.21,45.46,0.00,0.00,0.00
218.42,0.85,186.74,217.68,0.21,45.43,217.72,0.21,33.27,215.38,0.21,45.99,0.00,0.00,0.00
217.76,0.86,187.15,219.85,0.21,46.34,217.06,0.21,33.13,218.15,0.21,46.97,0.00,0.00,0.00
217.07,0.85,184.77,216.46,0.21,45.01,216.37,0.21,31.21,215.00,0.21,45.34,0.00,0.00,0.00
220.62,0.86,189.37,218.81,0.21,45.73,219.92,0.21,33.38,218.26,0.21,46.99,0.00,0.00,0.00
215.72,0.86,185.13,218.31,0.21,45.54,215.02,0.21,33.36,217.64,0.21,46.83,0.00,0.00,0.00
217.69,0.86,186.91,218.76,0.21,45.64,216.99,0.22,31.99,218.01,0.21,46.96,0.00,0.00,0.00
218.10,0.86,187.10,217.74,0.21,45.27,217.40,0.21,33.43,217.73,0.21,46.94,0.00,0.00,0.00
218.26,0.86,187.37,218.00,0.21,45.48,217.56,0.21,33.44,217.94,0.21,47.06,0.00,0.00,0.00
218.15,0.85,186.29,217.61,0.21,45.30,217.45,0.21,32.78,215.43,0.21,46.01,0.00,0.00,0.00
217.85,0.86,186.65,217.72,0.21,45.54,217.15,0.21,33.09,218.32,0.21,47.00,0.00,0.00,0.00
218.15,0.86,186.86,219.34,0.21,45.85,217.45,0.21,33.07,216.79,0.21,46.32,0.00,0.00,0.00
219.98,0.86,189.38,218.61,0.21,45.92,219.28,0.22,33.63,217.96,0.22,47.10,0.00,0.00,0.00
214.55,0.86,184.43,219.42,0.21,46.15,213.85,0.22,33.65,216.52,0.21,46.52,0.00,0.00,0.00
220.51,0.86,189.32,219.36,0.21,46.04,219.81,0.21,33.29,216.66,0.21,46.41,0.00,0.00,0.00
219.62,0.86,188.77,219.02,0.21,45.96,218.92,0.22,33.66,217.73,0.21,46.59,0.00,0.00,0.00
219.84,0.86,188.89,219.86,0.21,46.38,219.14,0.22,33.49,216.26,0.21,46.41,0.00,0.00,0.00
218.08,0.86,188.11,221.27,0.21,46.85,217.38,0.22,34.06,216.79,0.21,46.64,0.00,0.00,0.00
218.74,0.86,187.73,218.36,0.21,45.57,218.04,0.21,33.37,218.44,0.21,46.98,0.00,0.00,0.00
216.68,0.86,185.99,220.22,0.21,46.34,215.98,0.22,33.47,216.41,0.21,46.29,0.00,0.00,0.00
218.68,0.86,187.10,218.15,0.21,45.74,217.98,0.22,33.54,213.39,0.21,45.03,0.00,0.00,0.00
219.45,0.86,187.82,219.66,0.21,46.12,218.75,0.21,33.43,214.63,0.21,45.48,0.00,0.00,0.00
217.55,0.86,186.79,218.87,0.21,45.70,216.85,0.22,32.45,216.52,0.21,46.21,0.00,0.00,0.00
219.63,0.86,188.94,219.60,0.21,46.11,218.93,0.22,33.54,218.57,0.21,47.19,0.00,0.00,0.00
219.61,0.86,188.98,220.02,0.21,46.31,218.91,0.21,33.39,219.28,0.22,47.54,0.00,0.00,0.00
220.69,0.86,189.41,218.82,0.21,45.58,219.99,0.22,31.98,217.26,0.21,46.77,0.00,0.00,0.00
218.58,0.86,188.06,219.46,0.21,45.98,217.88,0.21,33.52,218.89,0.22,47.46,0.00,0.00,0.00
218.12,0.86,187.53,219.34,0.21,45.91,217.42,0.22,33.59,217.99,0.21,46.99,0.00,0.00,0.00
216.48,0.86,186.27,220.60,0.21,46.53,215.78,0.22,32.23,216.90,0.21,46.46,0.00,0.00,0.00
221.29,0.86,190.26,220.53,0.21,46.38,220.59,0.21,33.37,217.92,0.21,46.87,0.00,0.00,0.00
217.16,0.86,186.02,217.10,0.21,45.29,216.46,0.21,33.31,218.75,0.21,47.02,0.00,0.00,0.00
218.72,0.86,188.36,218.79,0.21,45.87,218.02,0.22,31.98,219.35,0.22,47.48,0.00,0.00,0.00
217.96,0.86,187.13,218.39,0.21,45.58,217.26,0.21,33.43,218.23,0.21,47.03,0.00,0.00,0.00
218.98,0.85,187.15,217.57,0.21,45.22,218.28,0.21,31.65,215.04,0.21,45.87,0.00,0.00,0.00
219.44,0.86,187.76,219.91,0.21,46.34,218.74,0.21,33.40,213.05,0.21,45.08,0.00,0.00,0.00
218.83,0.86,188.03,220.18,0.21,46.43,218.13,0.21,33.48,216.05,0.21,46.15,0.00,0.00,0.00
220.34,0.86,189.17,219.60,0.21,46.09,219.64,0.21,33.48,217.70,0.21,46.73,0.00,0.00,0.00
219.27,0.86,188.42,219.60,0.21,45.87,218.57,0.22,33.79,217.86,0.21,46.77,0.00,0.00,0.00
217.50,0.86,186.99,219.40,0.21,45.86,216.80,0.22,32.24,216.98,0.21,46.80,0.00,0.00,0.00
218.44,0.85,186.76,218.34,0.21,45.49,217.74,0.21,33.58,214.38,0.21,45.70,0.00,0.00,0.00
217.35,0.86,185.95,220.04,0.21,46.28,216.65,0.21,33.51,212.79,0.21,44.84,0.00,0.00,0.00
219.22,0.86,188.16,219.87,0.21,46.18,218.52,0.21,33.33,217.44,0.21,46.65,0.00,0.00,0.00
217.62,0.86,186.84,217.91,0.21,45.46,216.92,0.21,33.53,218.59,0.21,47.18,0.00,0.00,0.00
218.48,0.85,186.39,217.33,0.21,45.06,217.78,0.21,33.09,214.67,0.21,45.61,0.00,0.00,0.00
217.53,0.86,186.69,217.84,0.21,45.39,216.83,0.21,33.19,219.51,0.22,47.45,0.00,0.00,0.00
218.09,0.86,187.65,219.75,0.21,46.09,217.39,0.21,33.01,220.38,0.22,47.97,0.00,0.00,0.00
219.15,0.86,187.52,215.76,0.20,44.42,218.45,0.21,33.26,219.50,0.22,47.39,0.00,0.00,0.00
218.16,0.86,187.57,217.76,0.21,45.44,217.46,0.21,33.52,219.02,0.22,47.41,0.00,0.00,0.00
220.21,0.86,189.60,219.26,0.21,45.93,219.51,0.22,32.38,218.59,0.22,47.33,0.00,0.00,0.00
213.83,0.86,183.69,219.20,0.21,45.79,213.13,0.22,33.61,218.30,0.21,47.01,0.00,0.00,0.00
217.68,0.86,186.21,218.70,0.21,45.61,216.98,0.21,31.55,217.62,0.21,46.61,0.00,0.00,0.00
218.46,0.86,187.75,218.72,0.21,45.92,217.76,0.21,33.52,217.76,0.21,46.87,0.00,0.00,0.00
219.47,0.86,188.22,216.65,0.21,45.31,218.77,0.21,33.29,217.75,0.21,46.86,0.00,0.00,0.00
218.97,0.86,188.01,219.60,0.21,45.99,218.27,0.21,33.45,218.05,0.21,46.79,0.00,0.00,0.00
213.77,0.86,183.60,217.35,0.21,45.19,213.07,0.22,33.63,219.25,0.22,47.34,0.00,0.00,0.00
219.25,0.86,187.54,217.24,0.21,45.02,218.55,0.21,32.19,216.04,0.21,46.08,0.00,0.00,0.00
216.96,0.86,186.48,218.90,0.21,45.79,216.26,0.22,33.60,217.88,0.21,46.86,0.00,0.00,0.00
216.91,0.85,185.23,217.73,0.21,45.29,216.21,0.21,31.06,216.61,0.21,46.32,0.00,0.00,0.00
219.88,0.86,188.88,219.32,0.21,46.09,219.18,0.22,33.65,215.61,0.21,46.11,0.00,0.00,0.00
214.81,0.86,184.65,219.33,0.21,45.99,214.11,0.21,33.36,218.71,0.22,47.22,0.00,0.00,0.00
216.93,0.86,186.22,218.56,0.21,45.58,216.23,0.21,33.45,218.32,0.21,47.00,0.00,0.00,0.00
218.04,0.86,186.99,218.64,0.21,45.66,217.34,0.21,33.52,217.98,0.21,46.66,0.00,0.00,0.00
216.90,0.86,186.32,217.47,0.21,45.34,216.20,0.21,33.43,219.15,0.22,47.33,0.00,0.00,0.00
219.35,0.86,188.18,218.31,0.21,45.53,218.65,0.21,33.39,218.15,0.21,46.92,0.00,0.00,0.00
219.33,0.86,188.17,220.29,0.21,46.36,218.63,0.21,31.87,215.70,0.21,46.04,0.00,0.00,0.00
217.73,0.86,187.11,217.03,0.21,45.06,217.03,0.22,33.61,219.66,0.22,47.59,0.00,0.00,0.00
217.82,0.85,186.22,218.10,0.21,45.42,217.12,0.21,31.47,215.79,0.21,46.06,0.00,0.00,0.00
219.41,0.86,188.79,219.53,0.21,46.22,218.71,0.22,33.87,217.93,0.21,46.75,0.00,0.00,0.00
217.77,0.86,187.17,219.33,0.21,46.06,217.07,0.21,31.63,219.02,0.21,47.25,0.00,0.00,0.00
220.49,0.86,189.19,219.46,0.21,45.91,219.79,0.22,33.58,216.78,0.21,46.41,0.00,0.00,0.00
220.65,0.86,189.75,219.79,0.21,46.07,219.95,0.21,33.23,219.41,0.22,47.50,0.00,0.00,0.00
219.71,0.86,188.27,216.05,0.20,44.58,219.01,0.21,33.24,218.70,0.22,47.34,0.00,0.00,0.00
222.01,0.86,190.75,219.44,0.21,46.15,221.31,0.21,33.43,218.28,0.21,47.11,0.00,0.00,0.00
219.51,0.87,191.02,227.03,0.22,49.55,218.81,0.22,32.10,218.64,0.22,47.32,0.00,0.00,0.00
218.89,0.86,187.51,215.62,0.20,44.64,218.19,0.21,33.06,219.65,0.22,47.65,0.00,0.00,0.00
218.30,0.86,187.67,218.61,0.21,45.66,217.60,0.22,33.84,217.40,0.21,46.72,0.00,0.00,0.00
221.02,0.86,190.75,220.35,0.21,46.50,220.32,0.22,33.72,218.00,0.22,47.19,0.00,0.00,0.00
220.01,0.86,189.38,219.04,0.21,45.91,219.31,0.22,34.02,217.70,0.21,46.75,0.00,0.00,0.00
220.69,0.85,188.39,217.51,0.21,45.48,219.99,0.21,32.98,214.85,0.21,45.76,0.00,0.00,0.00
221.98,0.86,190.35,219.04,0.21,45.91,221.28,0.22,33.81,215.52,0.21,45.79,0.00,0.00,0.00
220.38,0.86,189.41,219.51,0.21,45.96,219.68,0.21,33.02,219.82,0.22,47.63,0.00,0.00,0.00
218.38,0.86,187.78,219.92,0.21,46.39,217.68,0.21,33.32,218.62,0.21,47.13,0.00,0.00,0.00
219.30,0.86,188.78,219.50,0.21,46.05,218.60,0.22,33.69,218.98,0.22,47.38,0.00,0.00,0.00
218.94,0.86,188.10,219.80,0.21,46.18,218.24,0.21,33.39,217.87,0.21,46.95,0.00,0.00,0.00
218.70,0.86,188.23,219.47,0.21,46.01,218.00,0.21,31.61,219.99,0.22,47.70,0.00,0.00,0.00
219.71,0.86,189.03,219.30,0.21,46.00,219.01,0.22,33.57,218.05,0.22,47.33,0.00,0.00,0.00
219.27,0.86,188.78,218.51,0.21,45.70,218.57,0.21,33.43,220.84,0.22,48.13,0.00,0.00,0.00
220.23,0.86,188.51,217.98,0.21,45.52,219.53,0.21,33.25,216.53,0.21,46.37,0.00,0.00,0.00
219.96,0.86,189.52,219.27,0.21,46.15,219.26,0.22,33.66,218.70,0.21,47.32,0.00,0.00,0.00
220.50,0.86,189.64,220.90,0.21,46.78,219.80,0.22,33.42,216.16,0.21,46.21,0.00,0.00,0.00
221.72,0.86,190.65,218.97,0.21,45.83,221.02,0.21,33.36,215.41,0.22,46.52,0.00,0.00,0.00
221.29,0.86,190.80,217.92,0.21,45.45,220.59,0.21,33.51,222.79,0.22,48.93,0.00,0.00,0.00
219.31,0.86,188.53,218.19,0.21,45.56,218.61,0.22,33.67,218.02,0.21,47.01,0.00,0.00,0.00
218.43,0.86,188.34,219.19,0.21,46.00,217.73,0.22,34.12,218.23,0.21,47.09,0.00,0.00,0.00
217.94,0.86,188.15,221.75,0.21,47.02,217.24,0.22,34.06,218.24,0.21,46.92,0.00,0.00,0.00
215.55,0.86,185.57,219.56,0.21,45.95,214.85,0.22,33.92,218.25,0.21,47.15,0.00,0.00,0.00
216.22,0.86,185.64,218.71,0.21,45.77,215.52,0.21,33.33,217.85,0.21,46.84,0.00,0.00,0.00
218.94,0.86,188.38,218.56,0.21,45.65,218.24,0.22,33.79,218.47,0.22,47.22,0.00,0.00,0.00
219.00,0.86,188.70,219.40,0.21,46.10,218.30,0.22,34.10,217.77,0.21,46.80,0.00,0.00,0.00
218.45,0.86,188.91,221.30,0.21,46.90,217.75,0.22,32.34,220.37,0.22,47.93,0.00,0.00,0.00
219.89,0.86,188.44,219.93,0.21,46.18,219.19,0.21,33.38,215.02,0.21,45.91,0.00,0.00,0.00
218.67,0.86,188.04,219.05,0.21,45.99,217.97,0.22,33.78,218.09,0.21,46.88,0.00,0.00,0.00
219.24,0.86,188.58,219.64,0.21,46.32,218.54,0.21,33.11,218.67,0.21,47.20,0.00,0.00,0.00
219.88,0.86,189.68,219.67,0.21,46.27,219.18,0.22,33.90,219.28,0.22,47.63,0.00,0.00,0.00
220.57,0.86,190.12,218.77,0.21,45.93,219.87,0.22,33.64,219.50,0.22,47.61,0.00,0.00,0.00
219.30,0.86,188.68,219.27,0.21,45.99,218.60,0.21,33.16,219.26,0.22,47.63,0.00,0.00,0.00
218.88,0.86,188.34,219.15,0.21,45.81,218.18,0.22,33.48,218.81,0.22,47.29,0.00,0.00,0.00
218.82,0.86,187.88,220.20,0.21,46.37,218.12,0.21,33.49,216.49,0.21,46.37,0.00,0.00,0.00
220.70,0.85,188.47,215.16,0.20,44.43,220.00,0.21,32.99,218.17,0.21,47.06,0.00,0.00,0.00
219.99,0.86,189.75,219.53,0.21,46.13,219.29,0.22,32.54,218.59,0.21,47.15,0.00,0.00,0.00
219.08,0.86,188.37,219.16,0.21,45.90,218.38,0.21,33.29,219.48,0.22,47.62,0.00,0.00,0.00
217.80,0.86,187.86,220.78,0.21,46.63,217.10,0.21,33.17,219.25,0.22,47.62,0.00,0.00,0.00
219.98,0.86,189.21,218.28,0.21,45.70,219.28,0.22,33.75,219.02,0.22,47.48,0.00,0.00,0.00
220.58,0.86,189.71,217.66,0.21,45.40,219.88,0.22,33.42,219.15,0.22,47.61,0.00,0.00,0.00
219.74,0.86,188.57,219.98,0.21,46.25,219.04,0.21,31.12,217.18,0.21,46.46,0.00,0.00,0.00
219.06,0.86,188.67,218.97,0.21,45.91,218.36,0.22,33.79,218.40,0.22,47.37,0.00,0.00,0.00
220.40,0.86,189.62,220.50,0.21,46.44,219.70,0.21,32.93,219.13,0.21,47.43,0.00,0.00,0.00
217.35,0.86,186.70,219.34,0.21,46.03,216.65,0.21,33.33,218.15,0.21,47.07,0.00,0.00,0.00
218.24,0.86,188.28,220.05,0.21,46.20,217.54,0.22,34.08,220.67,0.22,47.94,0.00,0.00,0.00
217.90,0.86,187.23,217.86,0.21,45.39,217.20,0.22,33.31,218.21,0.22,47.36,0.00,0.00,0.00
220.37,0.86,189.74,219.45,0.21,45.98,219.67,0.22,33.92,219.01,0.22,47.41,0.00,0.00,0.00
216.00,0.86,185.05,215.55,0.20,44.47,215.30,0.21,33.41,218.89,0.22,47.31,0.00,0.00,0.00
214.57,0.86,184.61,219.89,0.21,46.21,213.87,0.22,33.94,217.27,0.21,46.61,0.00,0.00,0.00
219.22,0.86,188.43,220.30,0.21,46.39,218.52,0.22,33.75,217.15,0.21,46.60,0.00,0.00,0.00
219.57,0.87,190.38,220.19,0.21,46.20,218.87,0.21,31.84,228.32,0.22,50.91,0.00,0.00,0.00
218.04,0.86,187.77,219.11,0.21,45.90,217.34,0.21,33.62,219.96,0.22,47.86,0.00,0.00,0.00
220.28,0.86,188.53,216.90,0.21,45.23,219.58,0.21,32.92,216.78,0.21,46.45,0.00,0.00,0.00
217.65,0.86,187.27,218.68,0.21,45.84,216.95,0.22,33.79,219.16,0.22,47.40,0.00,0.00,0.00
219.25,0.86,188.41,217.47,0.21,45.23,218.55,0.22,33.71,219.10,0.22,47.40,0.00,0.00,0.00
219.94,0.86,188.99,218.03,0.21,45.49,219.24,0.22,33.72,218.54,0.21,47.15,0.00,0.00,0.00
219.61,0.86,189.19,219.69,0.21,46.06,218.91,0.22,34.11,219.72,0.21,47.45,0.00,0.00,0.00
218.71,0.86,188.13,217.52,0.21,45.28,218.01,0.22,34.04,219.26,0.22,47.36,0.00,0.00,0.00
219.28,0.86,188.52,217.13,0.21,45.02,218.58,0.22,33.75,220.00,0.22,47.80,0.00,0.00,0.00
219.05,0.86,188.38,219.58,0.21,45.73,218.35,0.22,33.72,219.53,0.22,47.56,0.00,0.00,0.00
218.75,0.86,188.02,218.85,0.21,45.70,218.05,0.21,33.58,219.08,0.22,47.39,0.00,0.00,0.00
217.83,0.86,186.90,219.35,0.21,45.89,217.13,0.21,33.04,218.84,0.21,47.17,0.00,0.00,0.00
219.14,0.86,188.47,218.71,0.21,45.82,218.44,0.21,33.51,220.59,0.22,47.89,0.00,0.00,0.00
219.21,0.86,188.45,219.14,0.21,45.81,218.51,0.22,34.14,217.90,0.21,46.71,0.00,0.00,0.00
218.02,0.86,187.25,219.93,0.21,46.14,217.32,0.22,34.07,216.13,0.21,46.07,0.00,0.00,0.00
218.67,0.86,187.78,218.32,0.21,45.67,217.97,0.22,33.62,217.24,0.21,46.60,0.00,0.00,0.00
215.13,0.86,185.09,221.14,0.21,46.89,214.43,0.21,33.71,217.70,0.21,46.72,0.00,0.00,0.00
220.51,0.86,189.56,220.99,0.21,46.59,219.81,0.21,33.61,217.13,0.21,46.59,0.00,0.00,0.00
219.61,0.86,188.71,220.09,0.21,46.50,218.91,0.21,33.29,217.62,0.21,46.86,0.00,0.00,0.00
217.70,0.86,186.97,218.61,0.21,45.63,217.00,0.22,31.78,218.17,0.21,47.00,0.00,0.00,0.00
217.54,0.86,187.05,219.17,0.21,45.94,216.84,0.22,33.98,218.30,0.21,46.93,0.00,0.00,0.00
218.43,0.86,187.08,218.56,0.21,45.65,217.73,0.21,33.69,216.64,0.21,46.21,0.00,0.00,0.00
215.01,0.86,184.83,220.16,0.21,46.44,214.31,0.21,33.73,217.49,0.21,46.57,0.00,0.00,0.00
220.27,0.86,189.52,220.36,0.21,46.44,219.57,0.21,33.44,218.46,0.21,47.09,0.00,0.00,0.00
219.93,0.86,188.59,219.17,0.21,45.95,219.23,0.22,33.91,216.29,0.21,46.14,0.00,0.00,0.00
220.91,0.86,189.97,218.56,0.21,45.56,220.21,0.22,33.85,219.31,0.22,47.45,0.00,0.00,0.00
215.12,0.86,184.90,218.73,0.21,45.67,214.42,0.22,33.86,218.73,0.21,47.26,0.00,0.00,0.00
214.58,0.86,184.68,218.46,0.21,45.57,213.88,0.22,33.99,219.21,0.22,47.47,0.00,0.00,0.00
219.26,0.86,188.16,218.38,0.21,45.49,218.56,0.22,33.73,217.27,0.21,46.57,0.00,0.00,0.00
218.82,0.86,188.18,220.67,0.21,46.55,218.12,0.21,33.73,217.07,0.21,46.65,0.00,0.00,0.00
217.67,0.86,187.23,219.67,0.21,46.10,216.97,0.22,34.02,218.60,0.21,47.06,0.00,0.00,0.00
214.03,0.86,184.21,221.48,0.21,46.86,213.33,0.21,33.63,218.47,0.21,46.76,0.00,0.00,0.00
219.05,0.86,187.92,219.52,0.21,45.94,218.35,0.21,33.82,217.59,0.21,46.57,0.00,0.00,0.00
219.72,0.86,188.82,219.05,0.21,45.82,219.02,0.21,33.79,219.19,0.21,47.27,0.00,0.00,0.00
217.81,0.86,187.14,218.75,0.21,45.74,217.11,0.21,33.42,218.88,0.22,47.24,0.00,0.00,0.00
220.34,0.86,189.60,218.86,0.21,45.80,219.64,0.22,33.76,219.89,0.22,47.69,0.00,0.00,0.00
218.37,0.86,187.77,218.44,0.21,45.65,217.67,0.22,33.99,219.38,0.21,47.37,0.00,0.00,0.00
218.01,0.86,187.14,217.77,0.21,45.23,217.31,0.22,33.75,218.70,0.21,47.21,0.00,0.00,0.00
219.18,0.86,187.49,217.58,0.21,45.32,218.48,0.22,33.72,213.32,0.21,45.22,0.00,0.00,0.00
220.69,0.86,189.35,217.38,0.21,45.13,219.99,0.22,33.34,218.60,0.21,47.07,0.00,0.00,0.00
218.02,0.86,187.30,218.74,0.21,45.82,217.32,0.21,33.29,218.89,0.22,47.35,0.00,0.00,0.00
218.56,0.86,187.53,219.01,0.21,45.69,217.86,0.21,33.47,218.56,0.21,47.11,0.00,0.00,0.00
217.18,0.86,186.44,219.14,0.21,45.74,216.48,0.22,33.45,218.06,0.21,46.87,0.00,0.00,0.00
218.61,0.86,187.64,219.65,0.21,46.07,217.91,0.22,33.89,217.75,0.21,46.56,0.00,0.00,0.00
219.43,0.86,188.59,219.65,0.21,46.14,218.73,0.22,33.72,217.38,0.21,46.80,0.00,0.00,0.00
219.77,0.86,188.28,219.96,0.21,46.15,219.07,0.21,33.49,214.95,0.21,45.58,0.00,0.00,0.00
220.28,0.86,188.44,218.93,0.21,45.84,219.58,0.22,34.04,212.84,0.21,44.73,0.00,0.00,0.00
215.20,0.86,185.03,219.80,0.21,46.27,214.50,0.22,34.06,217.25,0.21,46.49,0.00,0.00,0.00
220.03,0.86,188.60,218.53,0.21,45.88,219.33,0.21,33.27,217.28,0.21,46.65,0.00,0.00,0.00
217.60,0.86,186.65,219.24,0.21,45.87,216.90,0.22,33.92,216.46,0.21,46.30,0.00,0.00,0.00
220.17,0.86,188.99,219.02,0.21,45.92,219.47,0.22,33.78,216.47,0.21,46.22,0.00,0.00,0.00
218.66,0.86,188.02,219.67,0.21,46.34,217.96,0.22,33.67,217.50,0.21,46.84,0.00,0.00,0.00
220.29,0.86,188.71,219.63,0.21,46.29,219.59,0.22,33.87,217.42,0.21,45.88,0.00,0.00,0.00
217.58,0.86,186.41,219.47,0.21,46.05,216.88,0.22,33.83,214.28,0.21,45.33,0.00,0.00,0.00
220.44,0.85,188.33,217.24,0.21,45.09,219.74,0.21,33.24,216.57,0.21,46.22,0.00,0.00,0.00
219.54,0.86,188.75,218.51,0.21,45.47,218.84,0.22,33.73,220.32,0.22,47.80,0.00,0.00,0.00
214.93,0.86,184.67,219.23,0.21,45.97,214.23,0.22,33.78,218.31,0.21,46.81,0.00,0.00,0.00
219.87,0.86,188.81,219.91,0.21,46.17,219.17,0.22,33.75,217.02,0.21,46.42,0.00,0.00,0.00
220.19,0.86,189.12,219.13,0.21,45.94,219.49,0.21,33.50,217.83,0.21,46.88,0.00,0.00,0.00
220.12,0.86,189.34,219.13,0.21,46.08,219.42,0.22,33.84,218.04,0.21,46.14,0.00,0.00,0.00
219.08,0.86,187.96,220.25,0.21,46.41,218.38,0.21,33.70,216.62,0.21,46.15,0.00,0.00,0.00
219.06,0.86,189.00,218.88,0.21,45.83,218.36,0.22,32.63,219.35,0.22,47.52,0.00,0.00,0.00
219.12,0.86,188.21,218.88,0.21,45.71,218.42,0.21,33.68,219.18,0.22,47.36,0.00,0.00,0.00
218.25,0.86,186.70,215.56,0.20,44.35,217.55,0.21,33.02,219.43,0.22,47.66,0.00,0.00,0.00
217.69,0.86,186.72,217.32,0.21,45.08,216.99,0.21,33.63,219.44,0.22,47.40,0.00,0.00,0.00
221.07,0.86,189.31,218.94,0.21,45.58,220.37,0.21,32.97,217.37,0.21,46.58,0.00,0.00,0.00
218.73,0.86,187.63,220.46,0.21,46.38,218.03,0.21,33.73,216.42,0.21,46.17,0.00,0.00,0.00
221.88,0.85,189.39,218.64,0.21,45.68,221.18,0.21,33.78,212.51,0.21,44.65,0.00,0.00,0.00
219.85,0.86,188.71,219.80,0.21,46.19,219.15,0.21,33.66,217.44,0.21,46.57,0.00,0.00,0.00
215.68,0.85,184.23,215.82,0.20,44.54,214.98,0.21,33.32,217.41,0.21,46.83,0.00,0.00,0.00
219.68,0.86,188.51,219.75,0.21,46.31,218.98,0.21,33.24,216.23,0.21,46.27,0.00,0.00,0.00
218.91,0.86,188.05,219.51,0.21,46.04,218.21,0.22,34.16,217.38,0.21,46.63,0.00,0.00,0.00
222.91,0.86,191.43,219.11,0.21,45.95,222.21,0.22,34.02,216.70,0.21,46.34,0.00,0.00,0.00
219.02,0.86,187.90,219.45,0.21,46.20,218.32,0.21,33.46,217.08,0.21,46.49,0.00,0.00,0.00
219.30,0.86,188.37,220.68,0.21,46.29,218.60,0.21,33.76,216.62,0.21,46.46,0.00,0.00,0.00
223.83,0.86,191.71,219.57,0.21,46.15,223.13,0.21,33.59,215.96,0.21,46.10,0.00,0.00,0.00
217.89,0.86,187.53,218.88,0.21,45.92,217.19,0.22,34.31,216.98,0.21,46.52,0.00,0.00,0.00
218.34,0.86,187.07,218.67,0.21,45.67,217.64,0.21,33.74,216.70,0.21,46.31,0.00,0.00,0.00
218.98,0.85,187.23,219.11,0.21,46.05,218.28,0.21,33.33,214.63,0.21,45.60,0.00,0.00,0.00
219.46,0.86,188.61,221.07,0.21,46.78,218.76,0.21,33.33,215.81,0.21,46.02,0.00,0.00,0.00
221.09,0.86,189.29,216.69,0.21,45.14,220.39,0.21,33.71,217.24,0.21,46.49,0.00,0.00,0.00
221.12,0.86,189.95,218.37,0.21,45.67,220.42,0.22,33.99,217.19,0.21,46.59,0.00,0.00,0.00
220.20,0.86,189.03,218.99,0.21,45.92,219.50,0.21,33.47,218.56,0.21,47.18,0.00,0.00,0.00
218.19,0.86,187.21,219.51,0.21,45.98,217.49,0.21,33.75,217.31,0.21,46.45,0.00,0.00,0.00
219.39,0.86,187.63,216.86,0.20,45.04,218.69,0.21,33.41,217.64,0.21,46.73,0.00,0.00,0.00
217.13,0.85,185.44,219.04,0.21,45.85,216.43,0.22,31.94,211.49,0.21,44.29,0.00,0.00,0.00
218.93,0.86,187.27,216.21,0.20,44.81,218.23,0.22,33.72,216.62,0.21,46.25,0.00,0.00,0.00
221.22,0.86,190.03,220.73,0.21,46.60,220.52,0.21,33.61,217.31,0.21,46.47,0.00,0.00,0.00
219.82,0.86,189.12,220.37,0.21,46.40,219.12,0.22,32.21,219.20,0.21,46.99,0.00,0.00,0.00
218.15,0.86,186.93,216.39,0.21,44.94,217.45,0.21,33.58,218.83,0.21,47.15,0.00,0.00,0.00
218.79,0.86,187.55,219.16,0.21,45.71,218.09,0.21,33.25,218.51,0.21,46.99,0.00,0.00,0.00
220.80,0.86,189.69,219.16,0.21,46.07,220.10,0.22,33.58,217.84,0.21,46.63,0.00,0.00,0.00
220.50,0.86,189.10,218.93,0.21,45.87,219.80,0.22,33.91,216.86,0.21,46.24,0.00,0.00,0.00
218.75,0.85,186.51,215.53,0.20,44.32,218.05,0.21,33.50,215.44,0.21,45.81,0.00,0.00,0.00
219.17,0.85,187.16,216.16,0.20,44.44,218.47,0.22,33.51,216.86,0.21,46.27,0.00,0.00,0.00
220.59,0.86,189.66,218.96,0.21,45.90,219.89,0.22,33.66,217.03,0.21,46.60,0.00,0.00,0.00
218.29,0.86,187.50,217.26,0.21,45.16,217.59,0.22,31.62,217.81,0.21,46.75,0.00,0.00,0.00
220.22,0.86,189.03,219.82,0.21,46.27,219.52,0.21,33.35,217.26,0.21,46.58,0.00,0.00,0.00
219.79,0.86,188.45,221.00,0.21,46.63,219.09,0.21,33.38,216.49,0.21,46.34,0.00,0.00,0.00
219.47,0.86,188.55,220.55,0.21,46.41,218.77,0.21,33.65,217.68,0.21,46.61,0.00,0.00,0.00
218.33,0.86,187.13,218.70,0.21,45.68,217.63,0.21,33.58,216.70,0.21,46.50,0.00,0.00,0.00
218.79,0.86,187.78,219.34,0.21,45.85,218.09,0.22,33.79,217.83,0.21,46.82,0.00,0.00,0.00
220.00,0.86,189.59,219.71,0.21,46.32,219.30,0.22,34.51,216.79,0.21,46.47,0.00,0.00,0.00
219.03,0.86,188.34,219.63,0.21,46.20,218.33,0.22,33.86,217.54,0.21,46.61,0.00,0.00,0.00
219.27,0.86,188.72,219.30,0.21,45.97,218.57,0.22,33.90,219.36,0.21,47.35,0.00,0.00,0.00
219.37,0.86,188.63,219.27,0.21,46.13,218.67,0.22,33.69,218.37,0.21,47.18,0.00,0.00,0.00
211.55,0.86,181.80,217.58,0.21,45.29,210.85,0.22,34.16,218.21,0.21,47.09,0.00,0.00,0.00
219.44,0.86,188.46,218.75,0.21,45.96,218.74,0.21,33.20,217.81,0.21,46.76,0.00,0.00,0.00
219.57,0.86,188.77,219.72,0.21,46.13,218.87,0.21,33.74,218.73,0.21,47.12,0.00,0.00,0.00
218.88,0.86,187.94,218.96,0.21,45.81,218.18,0.21,33.44,219.13,0.21,47.30,0.00,0.00,0.00
216.50,0.85,184.51,218.94,0.21,45.73,215.80,0.22,32.05,212.02,0.21,44.24,0.00,0.00,0.00
221.61,0.86,189.97,218.23,0.21,45.66,220.91,0.21,33.34,218.01,0.21,46.80,0.00,0.00,0.00
213.83,0.86,184.03,220.63,0.21,46.54,213.13,0.21,33.67,218.30,0.21,46.97,0.00,0.00,0.00
224.65,0.86,192.92,219.69,0.21,45.95,223.95,0.21,33.49,218.25,0.21,47.03,0.00,0.00,0.00
220.17,0.86,189.42,219.70,0.21,46.27,219.47,0.22,33.45,218.18,0.21,47.04,0.00,0.00,0.00
219.91,0.86,189.19,220.59,0.21,46.45,219.21,0.22,31.71,218.10,0.21,46.97,0.00,0.00,0.00
218.67,0.86,187.88,219.02,0.21,45.81,217.97,0.21,33.65,218.99,0.21,47.26,0.00,0.00,0.00
220.01,0.86,188.81,218.10,0.21,45.60,219.31,0.21,33.66,217.47,0.21,46.60,0.00,0.00,0.00
216.63,0.86,186.05,218.45,0.21,45.62,215.93,0.22,32.40,217.79,0.21,46.86,0.00,0.00,0.00
215.29,0.86,184.90,218.96,0.21,46.00,214.59,0.21,33.60,217.66,0.21,46.77,0.00,0.00,0.00
218.52,0.86,187.60,219.45,0.21,45.97,217.82,0.21,33.32,218.09,0.21,46.87,0.00,0.00,0.00
220.00,0.86,189.07,219.48,0.21,45.99,219.30,0.22,34.09,217.39,0.21,46.71,0.00,0.00,0.00
219.42,0.85,187.12,214.74,0.20,43.89,218.72,0.22,33.72,215.27,0.21,45.89,0.00,0.00,0.00
221.12,0.86,189.97,219.46,0.21,46.16,220.42,0.22,33.82,217.06,0.21,46.39,0.00,0.00,0.00
219.41,0.86,188.98,217.75,0.21,45.53,218.71,0.22,34.32,217.41,0.21,46.78,0.00,0.00,0.00
219.98,0.86,188.94,219.79,0.21,46.15,219.28,0.22,33.85,218.05,0.21,46.62,0.00,0.00,0.00
218.46,0.86,186.80,216.42,0.21,44.73,217.76,0.22,33.57,216.70,0.21,46.27,0.00,0.00,0.00
217.46,0.86,186.62,219.21,0.21,45.79,216.76,0.21,33.63,217.15,0.21,46.70,0.00,0.00,0.00
219.39,0.86,187.96,218.86,0.21,45.73,218.69,0.21,33.49,218.50,0.21,46.84,0.00,0.00,0.00
219.41,0.86,188.57,219.09,0.21,46.01,218.71,0.21,33.59,218.37,0.21,47.00,0.00,0.00,0.00
219.09,0.86,187.47,215.75,0.20,44.43,218.39,0.21,33.54,218.13,0.21,47.03,0.00,0.00,0.00
217.99,0.86,187.14,218.56,0.21,45.70,217.29,0.21,33.62,218.20,0.21,46.89,0.00,0.00,0.00
218.83,0.86,188.93,220.14,0.21,46.29,218.13,0.22,33.39,218.01,0.21,46.85,0.00,0.00,0.00
218.39,0.86,187.41,218.20,0.21,45.63,217.69,0.21,33.67,217.06,0.21,46.69,0.00,0.00,0.00
219.91,0.86,188.71,218.70,0.21,45.50,219.21,0.22,34.03,217.15,0.21,46.58,0.00,0.00,0.00
220.03,0.86,188.98,219.10,0.21,45.87,219.33,0.22,34.11,216.61,0.21,46.29,0.00,0.00,0.00
219.73,0.86,188.48,220.51,0.21,46.28,219.03,0.21,33.57,217.24,0.21,46.30,0.00,0.00,0.00
218.87,0.86,187.97,220.36,0.21,46.31,218.17,0.21,33.38,217.84,0.21,46.80,0.00,0.00,0.00
219.58,0.86,188.20,218.08,0.21,45.42,218.88,0.21,33.61,217.68,0.21,46.69,0.00,0.00,0.00
218.00,0.86,187.16,218.55,0.21,45.59,217.30,0.21,33.55,219.58,0.21,47.38,0.00,0.00,0.00
218.48,0.86,187.25,216.81,0.21,45.05,217.78,0.22,33.74,217.81,0.21,46.79,0.00,0.00,0.00
220.37,0.86,188.99,217.81,0.21,45.42,219.67,0.21,33.53,219.94,0.21,47.40,0.00,0.00,0.00
219.70,0.86,189.10,220.89,0.21,46.81,219.00,0.22,33.76,218.41,0.21,46.86,0.00,0.00,0.00
217.33,0.86,186.35,220.44,0.21,46.28,216.63,0.21,33.37,217.49,0.21,46.49,0.00,0.00,0.00
219.14,0.86,188.19,219.24,0.21,46.03,218.44,0.21,33.22,217.97,0.21,46.86,0.00,0.00,0.00
217.27,0.86,186.06,219.08,0.21,45.92,216.57,0.21,31.21,217.03,0.21,46.40,0.00,0.00,0.00
218.58,0.86,188.01,220.20,0.21,46.28,217.88,0.22,32.33,217.22,0.21,46.51,0.00,0.00,0.00
212.70,0.86,182.43,219.18,0.21,46.21,212.00,0.21,33.66,217.46,0.21,46.31,0.00,0.00,0.00
224.04,0.86,192.21,219.98,0.21,46.35,223.34,0.21,33.37,216.95,0.21,46.38,0.00,0.00,0.00
219.95,0.86,188.81,219.89,0.21,46.35,219.25,0.21,33.22,216.99,0.21,46.53,0.00,0.00,0.00
220.27,0.86,189.64,221.68,0.21,46.99,219.57,0.22,33.96,217.15,0.21,46.42,0.00,0.00,0.00
216.90,0.86,186.43,220.53,0.21,46.42,216.20,0.22,33.76,216.89,0.21,46.40,0.00,0.00,0.00
221.66,0.86,190.19,218.60,0.21,45.76,220.96,0.22,33.63,218.20,0.21,46.75,0.00,0.00,0.00
218.33,0.86,187.86,219.70,0.21,46.16,217.63,0.22,33.98,218.09,0.21,46.99,0.00,0.00,0.00
220.56,0.86,188.89,219.20,0.21,45.88,219.86,0.21,33.58,215.36,0.21,45.83,0.00,0.00,0.00
219.90,0.86,188.99,219.39,0.21,45.87,219.20,0.22,33.70,218.54,0.21,47.10,0.00,0.00,0.00
219.08,0.86,188.45,218.83,0.21,45.81,218.38,0.21,33.24,219.37,0.22,47.59,0.00,0.00,0.00
219.09,0.86,188.77,218.42,0.21,45.61,218.39,0.22,34.14,219.42,0.22,47.52,0.00,0.00,0.00
217.48,0.86,186.62,218.18,0.21,45.55,216.78,0.22,33.44,217.95,0.21,46.93,0.00,0.00,0.00
218.76,0.86,187.94,219.99,0.21,46.08,218.06,0.22,33.97,217.83,0.21,46.68,0.00,0.00,0.00
219.89,0.86,189.48,220.00,0.21,46.32,219.19,0.22,34.00,218.31,0.21,47.06,0.00,0.00,0.00
217.99,0.86,187.17,220.76,0.21,46.63,217.29,0.21,33.44,215.92,0.21,46.10,0.00,0.00,0.00
220.25,0.86,189.33,220.29,0.21,46.22,219.55,0.22,33.81,218.06,0.21,46.89,0.00,0.00,0.00
219.65,0.86,188.61,219.38,0.21,46.07,218.95,0.22,33.34,216.73,0.21,46.31,0.00,0.00,0.00
221.50,0.86,190.56,219.58,0.21,46.09,220.80,0.22,33.74,218.66,0.21,47.13,0.00,0.00,0.00
219.66,0.86,188.61,218.19,0.21,45.59,218.96,0.22,33.25,218.39,0.21,47.07,0.00,0.00,0.00
219.58,0.86,188.79,218.02,0.21,45.55,218.88,0.21,33.41,220.17,0.22,47.81,0.00,0.00,0.00
217.68,0.86,186.58,219.07,0.21,45.71,216.98,0.21,32.98,218.30,0.21,46.95,0.00,0.00,0.00
218.60,0.86,187.83,220.91,0.21,46.43,217.90,0.21,33.44,217.61,0.21,46.69,0.00,0.00,0.00
218.86,0.86,188.19,220.00,0.21,46.21,218.16,0.22,33.85,217.01,0.21,46.63,0.00,0.00,0.00
220.44,0.86,189.53,220.80,0.21,46.65,219.74,0.21,33.54,216.83,0.21,46.42,0.00,0.00,0.00
220.78,0.86,189.97,220.16,0.21,46.34,220.08,0.22,33.81,218.88,0.21,47.09,0.00,0.00,0.00
218.25,0.86,188.05,220.35,0.21,46.43,217.55,0.22,33.88,218.16,0.21,46.88,0.00,0.00,0.00
220.60,0.86,189.68,218.35,0.21,45.61,219.90,0.22,33.26,219.80,0.22,47.67,0.00,0.00,0.00
220.58,0.86,189.13,217.64,0.21,45.34,219.88,0.21,33.39,218.48,0.21,47.13,0.00,0.00,0.00
218.08,0.86,187.51,218.77,0.21,45.89,217.38,0.21,33.45,218.43,0.21,47.13,0.00,0.00,0.00
217.63,0.86,187.22,220.52,0.21,46.61,216.93,0.22,33.49,216.98,0.21,46.35,0.00,0.00,0.00
218.49,0.86,187.63,219.01,0.21,45.99,217.79,0.22,33.91,216.82,0.21,46.32,0.00,0.00,0.00
219.45,0.86,188.63,221.05,0.21,46.55,218.75,0.22,33.81,217.03,0.21,46.38,0.00,0.00,0.00
218.51,0.86,188.11,219.15,0.21,46.22,217.81,0.22,33.23,218.35,0.21,47.08,0.00,0.00,0.00
218.14,0.86,187.32,217.83,0.21,45.44,217.44,0.22,33.19,218.64,0.21,47.07,0.00,0.00,0.00
220.34,0.86,189.89,220.35,0.21,46.52,219.64,0.22,33.77,219.33,0.22,47.41,0.00,0.00,0.00
219.43,0.86,188.50,219.12,0.21,46.02,218.73,0.22,33.40,217.07,0.21,46.45,0.00,0.00,0.00
220.89,0.86,189.79,218.39,0.21,45.59,220.19,0.22,33.75,218.72,0.21,47.22,0.00,0.00,0.00
219.64,0.86,188.85,219.23,0.21,45.87,218.94,0.22,33.74,218.63,0.21,47.11,0.00,0.00,0.00
219.54,0.86,188.96,219.79,0.21,46.28,218.84,0.21,33.38,219.79,0.22,47.76,0.00,0.00,0.00
220.98,0.86,189.80,219.47,0.21,46.03,220.28,0.21,33.57,218.39,0.21,47.12,0.00,0.00,0.00
220.72,0.86,189.43,218.73,0.21,45.61,220.02,0.21,33.63,218.39,0.21,46.92,0.00,0.00,0.00
220.50,0.86,189.36,220.21,0.21,46.45,219.80,0.21,33.25,217.37,0.21,46.77,0.00,0.00,0.00
217.46,0.86,186.62,219.48,0.21,46.00,216.76,0.22,33.66,217.55,0.21,46.65,0.00,0.00,0.00
220.07,0.86,189.97,220.24,0.21,46.46,219.37,0.22,32.72,217.99,0.21,46.92,0.00,0.00,0.00
219.71,0.86,187.96,215.96,0.20,44.65,219.01,0.21,33.10,219.87,0.22,47.49,0.00,0.00,0.00
221.46,0.86,189.77,218.48,0.21,45.72,220.76,0.21,33.12,218.60,0.21,47.18,0.00,0.00,0.00
219.81,0.86,189.00,220.11,0.21,46.12,219.11,0.22,33.71,218.13,0.21,46.93,0.00,0.00,0.00
219.79,0.86,188.87,219.25,0.21,45.76,219.09,0.22,33.24,219.29,0.21,47.33,0.00,0.00,0.00
219.58,0.86,188.17,219.70,0.21,46.26,218.88,0.21,33.31,216.32,0.21,46.10,0.00,0.00,0.00
220.49,0.86,189.64,220.96,0.21,46.54,219.79,0.22,33.84,217.33,0.21,46.62,0.00,0.00,0.00
219.52,0.86,188.83,221.00,0.21,46.57,218.82,0.22,33.73,217.65,0.21,46.77,0.00,0.00,0.00
222.62,0.86,191.28,219.17,0.21,45.92,221.92,0.22,33.89,216.60,0.21,46.36,0.00,0.00,0.00
219.60,0.86,188.47,220.57,0.21,46.36,218.90,0.22,33.42,216.59,0.21,46.28,0.00,0.00,0.00
219.04,0.86,187.76,219.73,0.21,46.16,218.34,0.21,33.38,216.78,0.21,46.27,0.00,0.00,0.00
217.37,0.86,186.95,219.74,0.21,46.11,216.67,0.22,31.93,217.58,0.21,46.84,0.00,0.00,0.00
216.05,0.86,186.05,219.53,0.21,46.24,215.35,0.22,33.95,218.73,0.21,47.05,0.00,0.00,0.00
221.11,0.86,190.16,220.79,0.21,46.58,220.41,0.22,33.82,217.31,0.21,46.68,0.00,0.00,0.00
218.80,0.86,187.77,219.24,0.21,45.92,218.10,0.22,33.37,216.93,0.21,46.29,0.00,0.00,0.00
218.52,0.86,186.95,218.66,0.21,45.35,217.82,0.22,33.45,215.58,0.21,45.77,0.00,0.00,0.00
220.25,0.86,189.18,219.94,0.21,46.34,219.55,0.21,33.60,217.33,0.21,46.61,0.00,0.00,0.00
220.82,0.86,189.87,220.13,0.21,46.55,220.12,0.21,33.54,217.72,0.21,46.57,0.00,0.00,0.00
214.26,0.86,184.00,220.19,0.21,46.26,213.56,0.22,33.41,217.10,0.21,46.52,0.00,0.00,0.00
221.78,0.86,190.23,218.15,0.21,45.61,221.08,0.21,32.71,218.40,0.21,47.05,0.00,0.00,0.00
219.41,0.85,187.55,216.18,0.20,44.58,218.71,0.21,33.53,217.93,0.21,46.75,0.00,0.00,0.00
219.02,0.86,187.52,218.73,0.21,45.60,218.32,0.21,33.17,217.94,0.21,46.77,0.00,0.00,0.00
219.34,0.86,188.25,218.15,0.21,45.51,218.64,0.21,33.65,219.33,0.21,47.43,0.00,0.00,0.00
219.45,0.86,188.36,218.72,0.21,45.57,218.75,0.21,33.62,219.43,0.21,47.26,0.00,0.00,0.00
219.03,0.86,187.64,217.64,0.21,45.36,218.33,0.21,33.12,219.17,0.21,47.38,0.00,0.00,0.00
219.85,0.86,188.74,217.67,0.21,45.19,219.15,0.22,33.45,218.70,0.21,47.13,0.00,0.00,0.00
220.22,0.86,189.60,219.30,0.21,46.04,219.52,0.21,33.67,220.19,0.22,47.73,0.00,0.00,0.00
220.73,0.86,189.84,219.54,0.21,46.09,220.03,0.22,33.93,218.65,0.21,47.15,0.00,0.00,0.00
219.43,0.86,188.75,220.16,0.21,46.36,218.73,0.22,33.75,218.19,0.21,47.08,0.00,0.00,0.00
219.81,0.86,188.95,219.61,0.21,46.06,219.11,0.21,33.12,219.41,0.22,47.52,0.00,0.00,0.00
220.40,0.85,188.42,218.83,0.21,45.67,219.70,0.21,33.41,214.42,0.21,45.47,0.00,0.00,0.00
217.09,0.86,186.40,219.58,0.21,46.28,216.39,0.21,32.86,219.50,0.22,47.49,0.00,0.00,0.00
212.99,0.86,182.68,218.32,0.21,45.47,212.29,0.21,33.21,219.29,0.22,47.36,0.00,0.00,0.00
219.16,0.86,188.40,219.18,0.21,45.77,218.46,0.22,33.70,219.59,0.21,47.34,0.00,0.00,0.00
217.92,0.86,187.50,219.16,0.21,45.95,217.22,0.22,33.66,219.18,0.22,47.32,0.00,0.00,0.00
218.31,0.86,187.07,218.10,0.21,45.55,217.61,0.22,33.46,216.67,0.21,46.10,0.00,0.00,0.00
219.74,0.86,188.74,220.70,0.21,46.40,219.04,0.21,33.55,217.41,0.21,46.60,0.00,0.00,0.00
218.89,0.86,188.10,220.15,0.21,46.50,218.19,0.21,33.46,217.18,0.21,46.60,0.00,0.00,0.00
218.78,0.86,187.99,218.86,0.21,45.65,218.08,0.22,33.85,218.90,0.21,47.13,0.00,0.00,0.00
220.64,0.86,189.85,219.39,0.21,46.22,219.94,0.22,33.37,218.31,0.21,47.07,0.00,0.00,0.00
220.83,0.86,189.54,219.56,0.21,46.13,220.13,0.21,33.32,218.74,0.21,47.08,0.00,0.00,0.00
220.51,0.86,189.55,217.83,0.21,45.46,219.81,0.22,34.06,219.01,0.21,47.21,0.00,0.00,0.00
218.72,0.86,188.28,218.86,0.21,45.81,218.02,0.22,33.90,219.72,0.22,47.26,0.00,0.00,0.00
219.52,0.85,187.34,218.55,0.21,45.79,218.82,0.21,33.25,213.72,0.21,45.26,0.00,0.00,0.00
220.52,0.86,189.53,221.00,0.21,46.70,219.82,0.22,34.03,215.68,0.21,45.93,0.00,0.00,0.00
219.72,0.86,188.53,219.14,0.21,45.89,219.02,0.22,33.83,216.27,0.21,46.18,0.00,0.00,0.00
220.25,0.86,189.15,220.44,0.21,46.44,219.55,0.21,33.41,218.37,0.21,46.92,0.00,0.00,0.00
220.63,0.85,188.54,215.03,0.20,44.43,219.93,0.21,33.19,220.02,0.22,47.65,0.00,0.00,0.00
214.55,0.86,184.27,218.77,0.21,45.71,213.85,0.21,33.50,219.02,0.21,47.29,0.00,0.00,0.00
217.71,0.86,186.95,218.64,0.21,45.65,217.01,0.22,33.44,217.52,0.21,46.74,0.00,0.00,0.00
218.93,0.86,187.96,219.10,0.21,45.91,218.23,0.21,33.25,217.49,0.21,46.57,0.00,0.00,0.00
219.19,0.86,189.02,221.58,0.21,47.12,218.49,0.22,33.96,217.82,0.21,46.98,0.00,0.00,0.00
220.32,0.86,189.81,220.36,0.21,46.50,219.62,0.22,34.12,217.21,0.21,46.59,0.00,0.00,0.00
218.60,0.86,188.20,220.70,0.21,46.44,217.90,0.21,33.62,218.98,0.22,47.24,0.00,0.00,0.00
215.70,0.85,184.30,214.93,0.20,44.31,215.00,0.21,32.90,219.51,0.22,47.52,0.00,0.00,0.00
219.57,0.86,188.04,218.95,0.21,45.85,218.87,0.21,33.42,216.86,0.21,46.49,0.00,0.00,0.00
217.58,0.86,187.07,218.95,0.21,45.80,216.88,0.22,33.67,218.75,0.21,47.17,0.00,0.00,0.00
218.72,0.86,187.91,218.65,0.21,45.51,218.02,0.22,33.79,219.21,0.21,47.29,0.00,0.00,0.00
218.41,0.86,187.81,220.12,0.21,46.33,217.71,0.22,33.80,219.06,0.21,47.11,0.00,0.00,0.00
219.69,0.86,189.35,219.01,0.21,45.93,218.99,0.22,34.15,219.79,0.22,47.61,0.00,0.00,0.00
218.40,0.86,187.31,218.61,0.21,45.55,217.70,0.21,33.70,217.86,0.21,46.77,0.00,0.00,0.00
217.82,0.86,186.71,219.34,0.21,45.88,217.12,0.21,33.66,216.27,0.21,46.18,0.00,0.00,0.00
217.92,0.86,187.41,221.20,0.21,46.75,217.22,0.22,33.62,217.93,0.21,46.74,0.00,0.00,0.00
217.63,0.86,187.25,220.48,0.21,46.45,216.93,0.22,33.91,218.42,0.21,47.06,0.00,0.00,0.00
219.53,0.86,187.82,217.22,0.21,45.07,218.83,0.21,33.18,218.17,0.21,46.87,0.00,0.00,0.00
218.06,0.86,188.06,219.94,0.21,46.36,217.36,0.22,34.41,217.36,0.21,46.65,0.00,0.00,0.00
218.55,0.86,187.86,222.47,0.21,46.67,217.85,0.22,33.91,217.88,0.21,46.65,0.00,0.00,0.00
220.28,0.86,189.26,220.24,0.21,46.34,219.58,0.22,33.78,217.75,0.21,46.51,0.00,0.00,0.00
220.34,0.86,189.33,219.51,0.21,46.03,219.64,0.22,33.83,217.88,0.21,46.71,0.00,0.00,0.00
220.90,0.86,189.01,219.04,0.21,46.07,220.20,0.22,33.66,213.74,0.21,45.27,0.00,0.00,0.00
218.21,0.86,187.20,219.25,0.21,46.03,217.51,0.21,33.54,216.92,0.21,46.28,0.00,0.00,0.00
219.21,0.86,188.27,220.58,0.21,46.29,218.51,0.22,33.35,217.23,0.21,46.00,0.00,0.00,0.00
221.33,0.86,190.23,220.11,0.21,46.41,220.63,0.22,33.95,217.33,0.21,46.43,0.00,0.00,0.00
220.27,0.86,189.22,219.35,0.21,45.96,219.57,0.22,33.77,218.48,0.21,46.86,0.00,0.00,0.00
221.12,0.86,190.30,219.96,0.21,46.09,220.42,0.22,33.39,219.27,0.22,47.47,0.00,0.00,0.00
220.79,0.86,190.02,219.76,0.21,46.12,220.09,0.22,33.81,218.74,0.21,47.21,0.00,0.00,0.00
219.84,0.86,188.83,219.25,0.21,45.99,219.14,0.21,33.61,218.12,0.21,46.94,0.00,0.00,0.00
219.79,0.86,188.55,219.19,0.21,45.79,219.09,0.22,33.36,217.29,0.21,46.61,0.00,0.00,0.00
218.16,0.86,187.44,218.11,0.21,45.52,217.46,0.21,32.91,220.47,0.22,47.65,0.00,0.00,0.00
213.49,0.86,183.02,218.24,0.21,45.24,212.79,0.22,33.25,219.24,0.21,47.22,0.00,0.00,0.00
219.53,0.86,188.55,218.60,0.21,45.47,218.83,0.22,33.27,219.50,0.22,47.47,0.00,0.00,0.00
218.12,0.86,187.45,218.89,0.21,45.63,217.42,0.22,33.48,219.28,0.21,47.25,0.00,0.00,0.00
218.90,0.86,187.75,218.73,0.21,45.64,218.20,0.21,33.66,217.74,0.21,46.80,0.00,0.00,0.00
218.43,0.86,188.48,222.97,0.21,47.63,217.73,0.22,33.30,218.87,0.21,47.03,0.00,0.00,0.00
218.41,0.86,187.61,217.80,0.21,45.41,217.72,0.22,33.82,219.87,0.22,47.61,0.00,0.00,0.00
215.73,0.86,185.57,218.46,0.21,45.63,215.03,0.22,33.87,219.29,0.22,47.33,0.00,0.00,0.00
217.99,0.86,186.82,219.52,0.21,46.00,217.29,0.21,33.45,218.68,0.21,46.85,0.00,0.00,0.00
219.65,0.86,187.96,215.38,0.20,44.61,218.95,0.21,33.35,218.65,0.21,47.21,0.00,0.00,0.00
219.70,0.86,189.02,219.45,0.21,46.06,219.00,0.22,33.73,217.81,0.21,46.78,0.00,0.00,0.00
218.15,0.86,187.48,218.29,0.21,45.70,217.45,0.22,34.03,217.99,0.21,46.84,0.00,0.00,0.00
219.43,0.86,188.40,219.74,0.21,46.06,218.73,0.22,33.80,218.34,0.21,46.71,0.00,0.00,0.00
221.76,0.86,190.95,220.48,0.21,46.29,221.06,0.22,33.85,219.07,0.22,47.31,0.00,0.00,0.00
219.10,0.86,189.43,219.09,0.21,45.86,218.40,0.21,33.65,228.24,0.22,49.18,0.00,0.00,0.00
219.41,0.86,189.02,218.54,0.21,45.76,218.71,0.22,34.10,219.42,0.22,47.39,0.00,0.00,0.00
217.93,0.86,187.33,219.12,0.21,46.00,217.23,0.21,33.57,218.01,0.21,47.02,0.00,0.00,0.00
218.46,0.86,187.98,219.08,0.21,45.97,217.76,0.22,33.64,219.31,0.22,47.53,0.00,0.00,0.00
218.78,0.86,188.22,220.05,0.21,46.21,218.08,0.22,33.39,218.47,0.21,47.04,0.00,0.00,0.00
219.15,0.86,187.93,219.54,0.21,46.14,218.45,0.21,33.68,215.96,0.21,46.04,0.00,0.00,0.00
221.69,0.86,189.78,217.75,0.21,45.23,220.99,0.22,33.50,216.98,0.21,46.43,0.00,0.00,0.00
221.16,0.86,189.87,219.23,0.21,46.06,220.46,0.21,33.49,217.78,0.21,46.87,0.00,0.00,0.00
220.28,0.86,189.14,219.50,0.21,46.25,219.58,0.21,33.61,216.77,0.21,46.19,0.00,0.00,0.00
220.44,0.86,189.89,221.27,0.21,46.81,219.74,0.22,33.81,218.67,0.21,47.08,0.00,0.00,0.00
220.18,0.86,188.91,219.65,0.21,46.11,219.48,0.21,32.95,218.60,0.21,46.97,0.00,0.00,0.00
218.60,0.86,187.96,219.98,0.21,46.48,217.90,0.21,33.58,218.52,0.21,47.01,0.00,0.00,0.00
219.34,0.86,188.48,219.68,0.21,46.18,218.64,0.22,33.60,217.68,0.21,46.67,0.00,0.00,0.00
220.43,0.86,189.69,219.68,0.21,46.27,219.73,0.22,34.23,216.99,0.21,46.59,0.00,0.00,0.00
218.08,0.86,186.77,218.62,0.21,45.74,217.38,0.21,33.49,215.90,0.21,46.00,0.00,0.00,0.00
217.90,0.86,187.24,220.81,0.21,46.40,217.20,0.22,33.81,217.22,0.21,46.50,0.00,0.00,0.00
215.61,0.86,185.01,217.95,0.21,45.47,214.91,0.22,33.85,217.65,0.21,46.58,0.00,0.00,0.00
217.61,0.86,187.45,219.50,0.21,46.11,216.91,0.22,33.98,218.97,0.22,47.32,0.00,0.00,0.00
217.50,0.86,186.66,219.60,0.21,45.88,216.80,0.21,33.27,218.81,0.21,47.16,0.00,0.00,0.00
217.49,0.86,186.54,218.00,0.21,45.43,216.79,0.22,33.32,217.96,0.21,46.72,0.00,0.00,0.00
219.09,0.86,187.87,217.75,0.21,45.37,218.39,0.21,33.49,219.37,0.21,47.27,0.00,0.00,0.00
219.60,0.86,188.06,217.65,0.21,45.11,218.90,0.21,33.43,219.20,0.21,47.20,0.00,0.00,0.00
218.06,0.86,187.67,218.71,0.21,45.63,217.36,0.22,33.92,219.78,0.22,47.61,0.00,0.00,0.00
220.69,0.86,190.02,219.96,0.21,46.09,219.99,0.22,33.79,219.45,0.22,47.50,0.00,0.00,0.00
217.36,0.86,186.22,215.96,0.20,44.46,216.66,0.22,33.50,219.60,0.21,47.40,0.00,0.00,0.00
215.69,0.86,184.98,219.48,0.21,45.64,214.99,0.21,33.41,219.27,0.21,47.34,0.00,0.00,0.00
216.41,0.86,186.08,218.42,0.21,45.64,215.71,0.22,33.70,219.68,0.22,47.47,0.00,0.00,0.00
217.72,0.86,187.05,218.06,0.21,45.60,217.02,0.21,33.51,219.30,0.22,47.47,0.00,0.00,0.00
219.56,0.86,188.74,219.64,0.21,46.11,218.86,0.21,33.11,220.65,0.21,47.44,0.00,0.00,0.00
218.87,0.86,188.13,222.16,0.21,47.02,218.17,0.21,33.54,217.21,0.21,46.62,0.00,0.00,0.00
219.75,0.86,188.23,217.44,0.21,45.16,219.05,0.21,33.09,217.97,0.21,46.92,0.00,0.00,0.00
217.19,0.86,186.61,218.73,0.21,45.76,216.49,0.22,33.99,218.75,0.21,47.07,0.00,0.00,0.00
217.03,0.86,186.28,219.11,0.21,45.86,216.33,0.22,33.83,217.91,0.21,46.83,0.00,0.00,0.00
217.69,0.86,186.58,218.41,0.21,45.72,216.99,0.21,33.49,216.88,0.21,46.29,0.00,0.00,0.00
218.82,0.86,188.19,218.87,0.21,45.78,218.12,0.22,33.71,219.89,0.22,47.50,0.00,0.00,0.00
216.08,0.85,184.17,217.79,0.21,45.29,215.38,0.21,33.56,213.43,0.21,44.51,0.00,0.00,0.00
216.98,0.86,186.42,217.70,0.21,45.40,216.28,0.22,33.92,219.50,0.21,47.37,0.00,0.00,0.00
221.08,0.86,189.65,218.74,0.21,45.69,220.38,0.21,33.12,219.68,0.22,47.64,0.00,0.00,0.00
218.50,0.86,187.38,217.60,0.21,45.24,217.80,0.21,32.79,219.21,0.22,47.35,0.00,0.00,0.00
219.26,0.86,188.10,218.60,0.21,45.70,218.56,0.21,32.45,217.68,0.21,46.82,0.00,0.00,0.00
224.41,0.87,194.22,223.71,0.21,48.03,223.71,0.22,32.45,219.86,0.21,47.43,0.00,0.00,0.00
220.32,0.86,189.02,218.75,0.21,45.79,219.62,0.21,32.53,219.85,0.22,47.67,0.00,0.00,0.00
220.02,1.69,371.38,218.19,0.21,45.34,219.32,0.24,37.10,216.33,0.52,40.84,0.00,0.50,0.00
222.41,1.66,369.63,0.00,0.31,0.00,221.71,0.22,32.81,219.93,0.44,49.23,0.00,0.48,0.00
222.70,1.85,411.69,0.00,0.29,0.00,222.00,0.73,416.61,273.98,0.29,70.61,0.00,0.32,0.00
223.81,1.37,306.90,0.00,0.20,0.00,223.11,0.42,143.18,218.91,0.23,47.50,0.00,0.31,0.00
222.73,0.94,210.31,0.00,0.09,0.00,222.03,0.12,11.91,219.95,0.23,47.96,0.00,0.28,0.00
219.45,0.76,167.40,0.00,0.09,0.00,0.00,0.00,0.00,219.98,0.22,47.74,0.00,0.23,0.00
219.43,0.71,154.90,0.00,0.09,0.00,0.00,0.00,0.00,220.28,0.22,47.74,0.00,0.18,0.00
219.05,0.69,151.26,0.00,0.08,0.00,0.00,0.00,0.00,219.69,0.22,47.50,0.00,0.17,0.00
219.60,0.67,147.91,0.00,0.07,0.00,0.00,0.00,0.00,219.93,0.22,47.91,0.00,0.16,0.00
220.98,0.66,146.87,0.00,0.07,0.00,0.00,0.00,0.00,221.00,0.22,48.24,0.00,0.15,0.00
221.50,0.66,145.47,0.00,0.07,0.00,0.00,0.00,0.00,218.52,0.22,47.15,0.00,0.15,0.00
222.60,0.64,143.21,0.00,0.07,0.00,0.00,0.00,0.00,213.01,0.21,44.77,0.00,0.15,0.00
219.25,0.64,140.59,0.00,0.07,0.00,0.00,0.00,0.00,218.47,0.22,47.24,0.00,0.14,0.00
221.11,0.63,138.47,0.00,0.06,0.00,0.00,0.00,0.00,220.67,0.22,48.09,0.00,0.13,0.00
218.60,0.61,133.02,0.00,0.06,0.00,0.00,0.00,0.00,221.27,0.22,48.46,0.00,0.11,0.00
220.27,0.60,132.17,0.00,0.06,0.00,0.00,0.00,0.00,217.73,0.21,46.72,0.00,0.11,0.00
219.46,0.60,130.76,0.00,0.05,0.00,0.00,0.00,0.00,218.57,0.21,47.31,0.00,0.10,0.00
219.80,0.59,128.64,0.00,0.05,0.00,0.00,0.00,0.00,218.98,0.21,47.28,0.00,0.10,0.00
220.58,0.52,115.19,0.00,0.00,0.00,0.00,0.00,0.00,215.42,0.21,45.71,0.00,0.09,0.00
220.42,0.52,115.12,0.00,0.00,0.00,0.00,0.00,0.00,220.23,0.22,47.83,0.00,0.08,0.00
218.62,0.52,113.36,0.00,0.00,0.00,0.00,0.00,0.00,220.15,0.22,47.92,0.00,0.08,0.00
219.56,0.52,113.64,0.00,0.00,0.00,0.00,0.00,0.00,221.09,0.22,48.21,0.00,0.08,0.00
222.84,0.52,114.83,0.00,0.00,0.00,0.00,0.00,0.00,221.01,0.22,48.27,0.00,0.08,0.00
220.94,0.51,112.94,0.00,0.00,0.00,0.00,0.00,0.00,219.28,0.22,47.39,0.00,0.07,0.00
220.67,0.51,112.06,0.00,0.00,0.00,0.00,0.00,0.00,220.41,0.22,47.93,0.00,0.07,0.00
221.15,0.51,111.73,0.00,0.00,0.00,0.00,0.00,0.00,221.04,0.22,48.07,0.00,0.07,0.00
221.16,0.50,111.15,0.00,0.00,0.00,0.00,0.00,0.00,218.75,0.22,47.20,0.00,0.07,0.00
220.65,0.50,110.54,0.00,0.00,0.00,0.00,0.00,0.00,218.85,0.22,47.36,0.00,0.06,0.00
218.36,0.50,109.15,0.00,0.00,0.00,0.00,0.00,0.00,220.70,0.22,48.03,0.00,0.06,0.00
221.37,0.50,110.14,0.00,0.00,0.00,0.00,0.00,0.00,214.54,0.21,45.62,0.00,0.06,0.00
218.67,0.49,108.06,0.00,0.00,0.00,0.00,0.00,0.00,220.00,0.22,47.64,0.00,0.06,0.00
220.90,0.49,108.73,0.00,0.00,0.00,0.00,0.00,0.00,220.42,0.22,47.97,0.00,0.05,0.00
220.43,0.49,107.83,0.00,0.00,0.00,0.00,0.00,0.00,218.16,0.21,47.17,0.00,0.05,0.00
222.44,0.44,96.92,0.00,0.00,0.00,0.00,0.00,0.00,218.29,0.21,46.79,0.00,0.00,0.00
218.23,0.44,95.53,0.00,0.00,0.00,0.00,0.00,0.00,220.36,0.22,47.77,0.00,0.00,0.00
220.39,0.44,96.78,0.00,0.00,0.00,0.00,0.00,0.00,222.02,0.22,48.46,0.00,0.00,0.00
221.50,0.49,108.33,0.00,0.00,0.00,0.00,0.00,0.00,219.18,0.21,47.36,0.00,0.05,0.00
221.05,0.44,96.41,0.00,0.00,0.00,0.00,0.00,0.00,217.03,0.21,46.66,0.00,0.00,0.00
221.44,0.43,95.95,0.00,0.00,0.00,0.00,0.00,0.00,213.59,0.21,45.24,0.00,0.00,0.00
221.17,0.44,96.66,0.00,0.00,0.00,0.00,0.00,0.00,219.33,0.21,47.32,0.00,0.00,0.00
219.52,0.44,95.64,0.00,0.00,0.00,0.00,0.00,0.00,216.66,0.21,46.45,0.00,0.00,0.00
216.87,0.44,94.89,0.00,0.00,0.00,0.00,0.00,0.00,220.13,0.22,47.72,0.00,0.00,0.00
226.96,0.44,99.30,0.00,0.00,0.00,0.00,0.00,0.00,220.88,0.22,47.76,0.00,0.00,0.00
221.06,0.44,96.90,0.00,0.00,0.00,0.00,0.00,0.00,221.63,0.22,48.20,0.00,0.00,0.00
221.33,0.44,96.95,0.00,0.00,0.00,0.00,0.00,0.00,221.27,0.22,48.01,0.00,0.00,0.00
223.56,0.44,97.54,0.00,0.00,0.00,0.00,0.00,0.00,219.13,0.21,47.18,0.00,0.00,0.00
219.57,0.44,95.88,0.00,0.00,0.00,0.00,0.00,0.00,219.44,0.21,47.35,0.00,0.00,0.00
218.77,0.44,95.89,0.00,0.00,0.00,0.00,0.00,0.00,220.19,0.22,47.87,0.00,0.00,0.00
213.94,0.44,93.63,0.00,0.00,0.00,0.00,0.00,0.00,219.33,0.22,47.47,0.00,0.00,0.00
221.27,0.44,97.18,0.00,0.00,0.00,0.00,0.00,0.00,220.23,0.22,48.11,0.00,0.00,0.00
217.12,0.44,95.11,0.00,0.00,0.00,0.00,0.00,0.00,218.21,0.22,47.28,0.00,0.00,0.00
220.19,0.44,96.49,0.00,0.00,0.00,0.00,0.00,0.00,219.95,0.22,47.72,0.00,0.00,0.00
219.70,0.44,95.84,0.00,0.00,0.00,0.00,0.00,0.00,218.51,0.21,47.02,0.00,0.00,0.00
220.09,0.44,96.13,0.00,0.00,0.00,0.00,0.00,0.00,218.73,0.21,47.13,0.00,0.00,0.00
219.10,0.44,95.77,0.00,0.00,0.00,0.00,0.00,0.00,218.51,0.21,47.17,0.00,0.00,0.00
219.20,0.44,96.11,0.00,0.00,0.00,0.00,0.00,0.00,220.54,0.22,47.93,0.00,0.00,0.00
219.47,0.44,96.12,0.00,0.00,0.00,0.00,0.00,0.00,221.14,0.22,48.03,0.00,0.00,0.00
222.47,0.44,97.23,0.00,0.00,0.00,0.00,0.00,0.00,218.95,0.21,47.40,0.00,0.00,0.00
220.69,0.44,96.48,0.00,0.00,0.00,0.00,0.00,0.00,220.25,0.21,47.61,0.00,0.00,0.00
220.65,0.44,96.35,0.00,0.00,0.00,0.00,0.00,0.00,217.93,0.21,46.94,0.00,0.00,0.00
219.18,0.44,95.93,0.00,0.00,0.00,0.00,0.00,0.00,219.24,0.22,47.41,0.00,0.00,0.00
219.96,0.44,96.52,0.00,0.00,0.00,0.00,0.00,0.00,220.01,0.22,47.84,0.00,0.00,0.00
219.15,0.43,95.30,0.00,0.00,0.00,0.00,0.00,0.00,215.66,0.21,46.28,0.00,0.00,0.00
219.80,0.44,96.00,0.00,0.00,0.00,0.00,0.00,0.00,219.71,0.21,47.47,0.00,0.00,0.00
219.73,0.44,96.30,0.00,0.00,0.00,0.00,0.00,0.00,220.34,0.22,47.80,0.00,0.00,0.00
220.92,0.44,96.15,0.00,0.00,0.00,0.00,0.00,0.00,217.84,0.21,46.60,0.00,0.00,0.00
222.11,0.44,97.51,0.00,0.00,0.00,0.00,0.00,0.00,220.74,0.22,48.04,0.00,0.00,0.00
215.20,0.44,93.76,0.00,0.00,0.00,0.00,0.00,0.00,216.63,0.21,46.55,0.00,0.00,0.00
217.85,0.44,95.63,0.00,0.00,0.00,0.00,0.00,0.00,221.43,0.22,48.31,0.00,0.00,0.00
220.98,0.44,96.54,0.00,0.00,0.00,0.00,0.00,0.00,219.30,0.21,47.41,0.00,0.00,0.00
222.01,0.44,97.40,0.00,0.00,0.00,0.00,0.00,0.00,220.72,0.22,48.00,0.00,0.00,0.00
220.18,0.44,96.23,0.00,0.00,0.00,0.00,0.00,0.00,219.19,0.21,47.29,0.00,0.00,0.00
219.39,0.44,95.93,0.00,0.00,0.00,0.00,0.00,0.00,218.50,0.22,47.17,0.00,0.00,0.00
221.33,0.43,96.21,0.00,0.00,0.00,0.00,0.00,0.00,215.93,0.21,46.21,0.00,0.00,0.00
219.93,0.44,95.91,0.00,0.00,0.00,0.00,0.00,0.00,219.08,0.21,47.18,0.00,0.00,0.00
218.50,0.44,95.38,0.00,0.00,0.00,0.00,0.00,0.00,216.89,0.21,46.59,0.00,0.00,0.00
218.59,0.44,95.74,0.00,0.00,0.00,0.00,0.00,0.00,220.22,0.22,47.83,0.00,0.00,0.00
220.51,0.44,96.70,0.00,0.00,0.00,0.00,0.00,0.00,220.34,0.22,47.99,0.00,0.00,0.00
219.94,0.44,96.11,0.00,0.00,0.00,0.00,0.00,0.00,219.50,0.21,47.34,0.00,0.00,0.00
218.79,0.44,95.43,0.00,0.00,0.00,0.00,0.00,0.00,218.83,0.21,47.17,0.00,0.00,0.00
220.62,0.44,96.57,0.00,0.00,0.00,0.00,0.00,0.00,218.95,0.22,47.52,0.00,0.00,0.00
218.14,0.44,95.27,0.00,0.00,0.00,0.00,0.00,0.00,217.71,0.21,46.89,0.00,0.00,0.00
218.83,0.44,95.71,0.00,0.00,0.00,0.00,0.00,0.00,219.27,0.22,47.39,0.00,0.00,0.00
220.94,0.44,96.67,0.00,0.00,0.00,0.00,0.00,0.00,219.76,0.22,47.64,0.00,0.00,0.00
219.67,0.44,96.36,0.00,0.00,0.00,0.00,0.00,0.00,220.46,0.22,48.03,0.00,0.00,0.00
218.73,0.43,95.00,0.00,0.00,0.00,0.00,0.00,0.00,215.38,0.21,45.90,0.00,0.00,0.00
218.40,0.44,95.48,0.00,0.00,0.00,0.00,0.00,0.00,219.72,0.21,47.47,0.00,0.00,0.00
220.48,0.44,96.28,0.00,0.00,0.00,0.00,0.00,0.00,217.73,0.21,46.88,0.00,0.00,0.00
221.97,0.44,96.75,0.00,0.00,0.00,0.00,0.00,0.00,216.92,0.21,46.67,0.00,0.00,0.00
219.57,0.44,95.90,0.00,0.00,0.00,0.00,0.00,0.00,217.75,0.21,46.99,0.00,0.00,0.00
220.73,0.44,96.68,0.00,0.00,0.00,0.00,0.00,0.00,219.43,0.22,47.69,0.00,0.00,0.00
220.94,0.44,96.60,0.00,0.00,0.00,0.00,0.00,0.00,218.79,0.22,47.32,0.00,0.00,0.00
221.41,0.44,96.90,0.00,0.00,0.00,0.00,0.00,0.00,218.90,0.22,47.38,0.00,0.00,0.00
221.96,0.44,96.66,0.00,0.00,0.00,0.00,0.00,0.00,217.39,0.21,46.54,0.00,0.00,0.00
221.30,0.43,96.23,0.00,0.00,0.00,0.00,0.00,0.00,216.13,0.21,46.43,0.00,0.00,0.00
217.42,0.44,94.67,0.00,0.00,0.00,0.00,0.00,0.00,215.96,0.21,46.20,0.00,0.00,0.00
222.08,0.44,97.19,0.00,0.00,0.00,0.00,0.00,0.00,220.42,0.22,47.69,0.00,0.00,0.00
220.49,0.44,96.47,0.00,0.00,0.00,0.00,0.00,0.00,220.03,0.22,47.55,0.00,0.00,0.00
219.03,0.43,95.11,0.00,0.00,0.00,0.00,0.00,0.00,215.38,0.21,45.78,0.00,0.00,0.00
222.12,0.43,96.47,0.00,0.00,0.00,0.00,0.00,0.00,215.53,0.21,45.96,0.00,0.00,0.00
218.54,0.44,95.35,0.00,0.00,0.00,0.00,0.00,0.00,218.53,0.21,46.99,0.00,0.00,0.00
221.62,0.44,96.93,0.00,0.00,0.00,0.00,0.00,0.00,219.40,0.22,47.40,0.00,0.00,0.00
221.27,0.44,97.34,0.00,0.00,0.00,0.00,0.00,0.00,221.80,0.22,48.61,0.00,0.00,0.00
221.18,0.44,96.26,0.00,0.00,0.00,0.00,0.00,0.00,216.92,0.21,46.67,0.00,0.00,0.00
219.96,0.43,95.33,0.00,0.00,0.00,0.00,0.00,0.00,214.35,0.21,45.52,0.00,0.00,0.00
222.46,0.44,97.57,0.00,0.00,0.00,0.00,0.00,0.00,220.55,0.22,48.09,0.00,0.00,0.00
222.91,0.44,97.22,0.00,0.00,0.00,0.00,0.00,0.00,217.78,0.21,46.95,0.00,0.00,0.00
220.32,0.44,96.19,0.00,0.00,0.00,0.00,0.00,0.00,218.72,0.21,47.10,0.00,0.00,0.00
220.86,0.44,96.48,0.00,0.00,0.00,0.00,0.00,0.00,218.53,0.21,47.07,0.00,0.00,0.00
219.02,0.44,95.60,0.00,0.00,0.00,0.00,0.00,0.00,218.24,0.21,47.08,0.00,0.00,0.00
220.35,0.44,96.63,0.00,0.00,0.00,0.00,0.00,0.00,220.25,0.22,47.82,0.00,0.00,0.00
219.48,0.44,95.85,0.00,0.00,0.00,0.00,0.00,0.00,218.12,0.21,46.97,0.00,0.00,0.00
220.21,0.44,96.45,0.00,0.00,0.00,0.00,0.00,0.00,220.41,0.22,47.78,0.00,0.00,0.00
220.74,0.44,96.54,0.00,0.00,0.00,0.00,0.00,0.00,218.77,0.22,47.40,0.00,0.00,0.00
220.18,0.44,96.55,0.00,0.00,0.00,0.00,0.00,0.00,220.56,0.22,47.88,0.00,0.00,0.00
220.25,0.44,96.40,0.00,0.00,0.00,0.00,0.00,0.00,219.48,0.22,47.47,0.00,0.00,0.00
222.09,0.44,96.88,0.00,0.00,0.00,0.00,0.00,0.00,217.86,0.21,46.92,0.00,0.00,0.00
220.85,0.44,96.91,0.00,0.00,0.00,0.00,0.00,0.00,220.62,0.22,48.13,0.00,0.00,0.00
221.24,0.44,96.75,0.00,0.00,0.00,0.00,0.00,0.00,220.38,0.22,47.69,0.00,0.00,0.00
222.49,0.44,97.43,0.00,0.00,0.00,0.00,0.00,0.00,219.13,0.22,47.49,0.00,0.00,0.00
222.56,0.44,97.33,0.00,0.00,0.00,0.00,0.00,0.00,218.40,0.22,47.25,0.00,0.00,0.00
218.33,0.44,95.73,0.00,0.00,0.00,0.00,0.00,0.00,220.40,0.22,47.89,0.00,0.00,0.00
219.95,0.44,96.16,0.00,0.00,0.00,0.00,0.00,0.00,218.84,0.21,47.21,0.00,0.00,0.00
222.48,0.44,97.28,0.00,0.00,0.00,0.00,0.00,0.00,218.49,0.22,47.25,0.00,0.00,0.00
221.25,0.44,97.14,0.00,0.00,0.00,0.00,0.00,0.00,220.71,0.22,48.14,0.00,0.00,0.00
221.40,0.44,97.05,0.00,0.00,0.00,0.00,0.00,0.00,219.86,0.22,47.69,0.00,0.00,0.00
219.79,0.44,96.04,0.00,0.00,0.00,0.00,0.00,0.00,219.27,0.21,47.33,0.00,0.00,0.00
218.73,0.44,95.53,0.00,0.00,0.00,0.00,0.00,0.00,218.69,0.21,47.23,0.00,0.00,0.00
223.13,0.43,96.80,0.00,0.00,0.00,0.00,0.00,0.00,216.16,0.21,45.98,0.00,0.00,0.00
221.08,0.44,97.01,0.00,0.00,0.00,0.00,0.00,0.00,220.18,0.22,47.87,0.00,0.00,0.00
220.74,0.44,96.71,0.00,0.00,0.00,0.00,0.00,0.00,219.72,0.22,47.66,0.00,0.00,0.00
221.10,0.44,97.08,0.00,0.00,0.00,0.00,0.00,0.00,221.23,0.22,48.25,0.00,0.00,0.00
222.31,0.44,97.44,0.00,0.00,0.00,0.00,0.00,0.00,221.05,0.22,48.05,0.00,0.00,0.00
220.31,0.44,96.84,0.00,0.00,0.00,0.00,0.00,0.00,221.33,0.22,48.35,0.00,0.00,0.00
219.80,0.44,96.07,0.00,0.00,0.00,0.00,0.00,0.00,218.94,0.21,47.22,0.00,0.00,0.00
221.52,0.44,96.68,0.00,0.00,0.00,0.00,0.00,0.00,217.18,0.21,46.75,0.00,0.00,0.00
222.61,0.44,97.53,0.00,0.00,0.00,0.00,0.00,0.00,220.43,0.22,47.76,0.00,0.00,0.00
219.11,0.44,96.22,0.00,0.00,0.00,0.00,0.00,0.00,220.57,0.22,48.19,0.00,0.00,0.00
217.97,0.44,95.26,0.00,0.00,0.00,0.00,0.00,0.00,219.28,0.21,47.31,0.00,0.00,0.00
221.07,0.44,97.17,0.00,0.00,0.00,0.00,0.00,0.00,221.54,0.22,48.37,0.00,0.00,0.00
219.66,0.44,96.04,0.00,0.00,0.00,0.00,0.00,0.00,220.50,0.22,47.67,0.00,0.00,0.00
222.12,0.44,97.15,0.00,0.00,0.00,0.00,0.00,0.00,218.84,0.22,47.28,0.00,0.00,0.00
220.73,0.43,95.85,0.00,0.00,0.00,0.00,0.00,0.00,215.23,0.21,45.90,0.00,0.00,0.00
221.81,0.44,96.94,0.00,0.00,0.00,0.00,0.00,0.00,218.89,0.21,47.18,0.00,0.00,0.00
220.05,0.44,96.15,0.00,0.00,0.00,0.00,0.00,0.00,218.99,0.21,47.26,0.00,0.00,0.00
221.04,0.44,96.56,0.00,0.00,0.00,0.00,0.00,0.00,218.22,0.21,47.04,0.00,0.00,0.00
220.12,0.44,96.72,0.00,0.00,0.00,0.00,0.00,0.00,221.97,0.22,48.41,0.00,0.00,0.00
222.90,0.44,97.73,0.00,0.00,0.00,0.00,0.00,0.00,220.33,0.22,47.85,0.00,0.00,0.00
218.25,0.44,95.21,0.00,0.00,0.00,0.00,0.00,0.00,218.09,0.21,46.92,0.00,0.00,0.00
219.06,0.44,95.81,0.00,0.00,0.00,0.00,0.00,0.00,218.87,0.22,47.41,0.00,0.00,0.00
220.50,0.44,96.76,0.00,0.00,0.00,0.00,0.00,0.00,220.15,0.22,47.91,0.00,0.00,0.00
220.87,0.44,96.87,0.00,0.00,0.00,0.00,0.00,0.00,220.37,0.22,47.99,0.00,0.00,0.00
220.47,0.44,96.41,0.00,0.00,0.00,0.00,0.00,0.00,217.76,0.22,46.98,0.00,0.00,0.00
220.00,0.44,96.70,0.00,0.00,0.00,0.00,0.00,0.00,221.09,0.22,48.41,0.00,0.00,0.00
220.42,0.44,96.28,0.00,0.00,0.00,0.00,0.00,0.00,218.76,0.21,47.32,0.00,0.00,0.00
222.04,0.44,97.42,0.00,0.00,0.00,0.00,0.00,0.00,220.10,0.22,47.82,0.00,0.00,0.00
221.05,0.44,96.57,0.00,0.00,0.00,0.00,0.00,0.00,219.10,0.21,47.23,0.00,0.00,0.00
220.26,0.44,96.37,0.00,0.00,0.00,0.00,0.00,0.00,219.60,0.22,47.50,0.00,0.00,0.00
222.26,0.44,97.10,0.00,0.00,0.00,0.00,0.00,0.00,218.54,0.21,47.13,0.00,0.00,0.00
219.59,0.44,96.11,0.00,0.00,0.00,0.00,0.00,0.00,220.28,0.22,47.72,0.00,0.00,0.00
221.03,0.44,96.66,0.00,0.00,0.00,0.00,0.00,0.00,218.88,0.22,47.29,0.00,0.00,0.00
222.03,0.44,97.28,0.00,0.00,0.00,0.00,0.00,0.00,220.01,0.22,47.71,0.00,0.00,0.00
219.81,0.44,96.50,0.00,0.00,0.00,0.00,0.00,0.00,220.78,0.22,48.11,0.00,0.00,0.00
219.75,0.44,96.14,0.00,0.00,0.00,0.00,0.00,0.00,218.68,0.22,47.43,0.00,0.00,0.00
222.06,0.44,97.09,0.00,0.00,0.00,0.00,0.00,0.00,219.01,0.22,47.45,0.00,0.00,0.00
221.03,0.44,96.66,0.00,0.00,0.00,0.00,0.00,0.00,218.98,0.22,47.46,0.00,0.00,0.00
219.07,0.44,95.83,0.00,0.00,0.00,0.00,0.00,0.00,219.83,0.22,47.53,0.00,0.00,0.00
219.04,0.44,95.83,0.00,0.00,0.00,0.00,0.00,0.00,219.07,0.22,47.45,0.00,0.00,0.00
220.44,0.44,96.77,0.00,0.00,0.00,0.00,0.00,0.00,220.72,0.22,48.06,0.00,0.00,0.00
220.44,0.44,97.00,0.00,0.00,0.00,0.00,0.00,0.00,222.26,0.22,48.65,0.00,0.00,0.00
220.55,0.43,95.79,0.00,0.00,0.00,0.00,0.00,0.00,215.86,0.21,46.02,0.00,0.00,0.00
220.01,0.44,96.30,0.00,0.00,0.00,0.00,0.00,0.00,219.96,0.22,47.57,0.00,0.00,0.00
220.23,0.44,96.26,0.00,0.00,0.00,0.00,0.00,0.00,219.00,0.21,47.27,0.00,0.00,0.00
219.79,0.44,96.28,0.00,0.00,0.00,0.00,0.00,0.00,220.69,0.22,47.88,0.00,0.00,0.00
218.69,0.44,95.89,0.00,0.00,0.00,0.00,0.00,0.00,219.92,0.22,47.77,0.00,0.00,0.00
221.45,0.44,97.41,0.00,0.00,0.00,0.00,0.00,0.00,221.77,0.22,48.59,0.00,0.00,0.00
219.84,0.44,96.46,0.00,0.00,0.00,0.00,0.00,0.00,221.54,0.22,48.18,0.00,0.00,0.00
220.20,0.44,96.23,0.00,0.00,0.00,0.00,0.00,0.00,219.84,0.21,47.54,0.00,0.00,0.00
218.21,0.44,95.73,0.00,0.00,0.00,0.00,0.00,0.00,220.65,0.22,48.02,0.00,0.00,0.00
221.81,0.44,97.06,0.00,0.00,0.00,0.00,0.00,0.00,219.37,0.22,47.47,0.00,0.00,0.00
220.44,0.44,96.13,0.00,0.00,0.00,0.00,0.00,0.00,217.58,0.21,46.79,0.00,0.00,0.00
219.96,0.44,96.32,0.00,0.00,0.00,0.00,0.00,0.00,219.35,0.22,47.55,0.00,0.00,0.00
222.07,0.44,97.44,0.00,0.00,0.00,0.00,0.00,0.00,221.04,0.22,48.18,0.00,0.00,0.00
219.84,0.44,96.37,0.00,0.00,0.00,0.00,0.00,0.00,220.48,0.22,47.88,0.00,0.00,0.00
217.46,0.44,95.42,0.00,0.00,0.00,0.00,0.00,0.00,220.87,0.22,48.19,0.00,0.00,0.00
220.84,0.44,96.70,0.00,0.00,0.00,0.00,0.00,0.00,219.58,0.22,47.55,0.00,0.00,0.00
219.94,0.44,96.46,0.00,0.00,0.00,0.00,0.00,0.00,220.94,0.22,48.12,0.00,0.00,0.00
219.17,0.44,95.72,0.00,0.00,0.00,0.00,0.00,0.00,218.29,0.21,47.13,0.00,0.00,0.00
222.41,0.44,97.29,0.00,0.00,0.00,0.00,0.00,0.00,218.54,0.22,47.32,0.00,0.00,0.00
220.82,0.44,96.56,0.00,0.00,0.00,0.00,0.00,0.00,218.98,0.22,47.46,0.00,0.00,0.00
221.27,0.44,96.67,0.00,0.00,0.00,0.00,0.00,0.00,217.92,0.21,46.96,0.00,0.00,0.00
222.77,0.44,97.45,0.00,0.00,0.00,0.00,0.00,0.00,218.94,0.22,47.32,0.00,0.00,0.00
219.08,0.44,95.65,0.00,0.00,0.00,0.00,0.00,0.00,219.39,0.21,47.24,0.00,0.00,0.00
220.96,0.44,96.59,0.00,0.00,0.00,0.00,0.00,0.00,218.69,0.21,47.33,0.00,0.00,0.00
222.07,0.43,96.11,0.00,0.00,0.00,0.00,0.00,0.00,214.64,0.21,45.45,0.00,0.00,0.00
217.65,0.44,94.84,0.00,0.00,0.00,0.00,0.00,0.00,216.67,0.21,46.60,0.00,0.00,0.00
224.64,0.44,98.32,0.00,0.00,0.00,0.00,0.00,0.00,220.16,0.22,47.66,0.00,0.00,0.00
220.21,0.44,96.53,0.00,0.00,0.00,0.00,0.00,0.00,220.04,0.22,47.87,0.00,0.00,0.00
220.56,0.44,96.33,0.00,0.00,0.00,0.00,0.00,0.00,218.37,0.21,47.05,0.00,0.00,0.00
219.49,0.44,96.12,0.00,0.00,0.00,0.00,0.00,0.00,219.35,0.22,47.52,0.00,0.00,0.00
221.28,0.44,97.17,0.00,0.00,0.00,0.00,0.00,0.00,221.89,0.22,48.42,0.00,0.00,0.00
220.04,0.44,96.25,0.00,0.00,0.00,0.00,0.00,0.00,220.12,0.22,47.69,0.00,0.00,0.00
219.31,0.44,96.18,0.00,0.00,0.00,0.00,0.00,0.00,219.96,0.22,47.93,0.00,0.00,0.00
220.37,0.44,96.28,0.00,0.00,0.00,0.00,0.00,0.00,218.39,0.21,47.23,0.00,0.00,0.00
221.31,0.43,95.96,0.00,0.00,0.00,0.00,0.00,0.00,214.78,0.21,45.59,0.00,0.00,0.00
221.55,0.44,96.53,0.00,0.00,0.00,0.00,0.00,0.00,217.46,0.21,46.62,0.00,0.00,0.00
219.78,0.43,95.11,0.00,0.00,0.00,0.00,0.00,0.00,213.73,0.21,45.27,0.00,0.00,0.00
220.53,0.44,96.41,0.00,0.00,0.00,0.00,0.00,0.00,219.30,0.21,47.35,0.00,0.00,0.00
216.86,0.44,95.10,0.00,0.00,0.00,0.00,0.00,0.00,220.85,0.22,48.00,0.00,0.00,0.00
222.04,0.44,97.30,0.00,0.00,0.00,0.00,0.00,0.00,220.46,0.22,47.85,0.00,0.00,0.00
221.76,0.44,96.83,0.00,0.00,0.00,0.00,0.00,0.00,218.69,0.21,47.17,0.00,0.00,0.00
221.26,0.44,97.30,0.00,0.00,0.00,0.00,0.00,0.00,221.51,0.22,48.52,0.00,0.00,0.00
220.48,0.44,96.53,0.00,0.00,0.00,0.00,0.00,0.00,220.02,0.22,47.65,0.00,0.00,0.00
220.36,0.44,96.29,0.00,0.00,0.00,0.00,0.00,0.00,219.51,0.21,47.35,0.00,0.00,0.00
220.15,0.44,96.44,0.00,0.00,0.00,0.00,0.00,0.00,219.74,0.22,47.76,0.00,0.00,0.00
223.68,0.43,97.25,0.00,0.00,0.00,0.00,0.00,0.00,216.83,0.21,46.40,0.00,0.00,0.00
221.50,0.44,97.10,0.00,0.00,0.00,0.00,0.00,0.00,220.63,0.22,48.02,0.00,0.00,0.00
214.90,0.44,94.32,0.00,0.00,0.00,0.00,0.00,0.00,220.48,0.22,47.96,0.00,0.00,0.00
219.51,0.43,95.21,0.00,0.00,0.00,0.00,0.00,0.00,215.93,0.21,46.04,0.00,0.00,0.00
219.67,0.43,95.24,0.00,0.00,0.00,0.00,0.00,0.00,215.93,0.21,45.82,0.00,0.00,0.00
221.08,0.44,96.61,0.00,0.00,0.00,0.00,0.00,0.00,218.76,0.21,47.32,0.00,0.00,0.00
221.47,0.44,97.06,0.00,0.00,0.00,0.00,0.00,0.00,220.14,0.22,47.89,0.00,0.00,0.00
220.04,0.44,96.15,0.00,0.00,0.00,0.00,0.00,0.00,218.99,0.21,47.38,0.00,0.00,0.00
221.35,0.44,96.75,0.00,0.00,0.00,0.00,0.00,0.00,219.25,0.21,47.53,0.00,0.00,0.00
220.71,0.43,95.93,0.00,0.00,0.00,0.00,0.00,0.00,216.57,0.21,46.24,0.00,0.00,0.00
221.87,0.44,96.94,0.00,0.00,0.00,0.00,0.00,0.00,218.98,0.21,47.31,0.00,0.00,0.00
220.25,0.44,96.43,0.00,0.00,0.00,0.00,0.00,0.00,219.26,0.22,47.79,0.00,0.00,0.00
223.09,0.44,97.77,0.00,0.00,0.00,0.00,0.00,0.00,219.97,0.22,47.89,0.00,0.00,0.00
221.02,0.44,96.87,0.00,0.00,0.00,0.00,0.00,0.00,219.56,0.22,47.84,0.00,0.00,0.00
222.65,0.44,97.94,0.00,0.00,0.00,0.00,0.00,0.00,220.97,0.22,48.43,0.00,0.00,0.00
223.47,0.44,97.80,0.00,0.00,0.00,0.00,0.00,0.00,218.33,0.22,47.37,0.00,0.00,0.00
221.30,0.44,97.01,0.00,0.00,0.00,0.00,0.00,0.00,220.86,0.22,47.95,0.00,0.00,0.00
220.00,0.44,97.67,0.00,0.00,0.00,0.00,0.00,0.00,227.01,0.22,50.62,0.00,0.00,0.00
220.48,0.44,96.64,0.00,0.00,0.00,0.00,0.00,0.00,219.90,0.22,47.85,0.00,0.00,0.00
221.12,0.44,96.71,0.00,0.00,0.00,0.00,0.00,0.00,218.69,0.22,47.42,0.00,0.00,0.00
222.70,0.44,97.47,0.00,0.00,0.00,0.00,0.00,0.00,219.57,0.22,47.50,0.00,0.00,0.00
221.62,0.44,96.70,0.00,0.00,0.00,0.00,0.00,0.00,218.48,0.21,47.02,0.00,0.00,0.00
221.21,0.44,96.99,0.00,0.00,0.00,0.00,0.00,0.00,219.86,0.22,47.76,0.00,0.00,0.00
223.51,0.44,98.21,0.00,0.00,0.00,0.00,0.00,0.00,220.84,0.22,48.28,0.00,0.00,0.00
220.56,0.44,96.97,0.00,0.00,0.00,0.00,0.00,0.00,222.19,0.22,48.52,0.00,0.00,0.00
220.93,0.44,96.71,0.00,0.00,0.00,0.00,0.00,0.00,219.41,0.22,47.58,0.00,0.00,0.00
222.06,0.44,97.27,0.00,0.00,0.00,0.00,0.00,0.00,219.80,0.22,47.65,0.00,0.00,0.00
218.07,0.44,95.96,0.00,0.00,0.00,0.00,0.00,0.00,222.98,0.22,48.80,0.00,0.00,0.00
221.39,0.44,97.15,0.00,0.00,0.00,0.00,0.00,0.00,220.75,0.22,48.05,0.00,0.00,0.00
220.59,0.44,96.72,0.00,0.00,0.00,0.00,0.00,0.00,220.98,0.22,48.03,0.00,0.00,0.00
220.37,0.44,97.05,0.00,0.00,0.00,0.00,0.00,0.00,222.01,0.22,48.69,0.00,0.00,0.00
220.69,0.44,97.13,0.00,0.00,0.00,0.00,0.00,0.00,222.92,0.22,48.83,0.00,0.00,0.00
222.12,0.44,97.24,0.00,0.00,0.00,0.00,0.00,0.00,219.15,0.22,47.45,0.00,0.00,0.00
219.91,0.44,96.16,0.00,0.00,0.00,0.00,0.00,0.00,218.30,0.22,47.14,0.00,0.00,0.00
222.94,0.44,97.40,0.00,0.00,0.00,0.00,0.00,0.00,219.27,0.21,47.39,0.00,0.00,0.00
222.07,0.44,97.46,0.00,0.00,0.00,0.00,0.00,0.00,221.31,0.22,48.29,0.00,0.00,0.00
218.74,0.43,94.96,0.00,0.00,0.00,0.00,0.00,0.00,215.89,0.21,46.11,0.00,0.00,0.00
222.92,0.44,97.74,0.00,0.00,0.00,0.00,0.00,0.00,221.05,0.22,48.15,0.00,0.00,0.00
219.73,0.44,96.19,0.00,0.00,0.00,0.00,0.00,0.00,218.84,0.22,47.37,0.00,0.00,0.00
222.76,0.44,97.86,0.00,0.00,0.00,0.00,0.00,0.00,221.59,0.22,48.32,0.00,0.00,0.00
222.81,0.44,97.53,0.00,0.00,0.00,0.00,0.00,0.00,220.00,0.22,47.63,0.00,0.00,0.00
218.05,0.44,95.98,0.00,0.00,0.00,0.00,0.00,0.00,221.51,0.22,48.67,0.00,0.00,0.00
220.52,0.44,96.41,0.00,0.00,0.00,0.00,0.00,0.00,218.69,0.21,47.24,0.00,0.00,0.00
221.99,0.44,97.29,0.00,0.00,0.00,0.00,0.00,0.00,220.83,0.22,47.94,0.00,0.00,0.00
220.90,0.44,96.80,0.00,0.00,0.00,0.00,0.00,0.00,218.60,0.22,47.41,0.00,0.00,0.00
222.09,0.44,97.35,0.00,0.00,0.00,0.00,0.00,0.00,220.49,0.22,47.88,0.00,0.00,0.00
221.97,0.44,97.74,0.00,0.00,0.00,0.00,0.00,0.00,222.99,0.22,48.89,0.00,0.00,0.00
221.13,0.44,97.07,0.00,0.00,0.00,0.00,0.00,0.00,221.31,0.22,48.22,0.00,0.00,0.00
222.52,0.44,97.77,0.00,0.00,0.00,0.00,0.00,0.00,222.09,0.22,48.52,0.00,0.00,0.00
221.76,0.44,97.17,0.00,0.00,0.00,0.00,0.00,0.00,220.50,0.22,47.90,0.00,0.00,0.00
220.86,0.44,96.89,0.00,0.00,0.00,0.00,0.00,0.00,220.42,0.22,47.92,0.00,0.00,0.00
221.23,0.44,97.17,0.00,0.00,0.00,0.00,0.00,0.00,221.48,0.22,48.40,0.00,0.00,0.00
221.44,0.44,97.03,0.00,0.00,0.00,0.00,0.00,0.00,220.16,0.22,47.78,0.00,0.00,0.00
220.08,0.44,96.86,0.00,0.00,0.00,0.00,0.00,0.00,221.98,0.22,48.68,0.00,0.00,0.00
220.06,0.44,96.51,0.00,0.00,0.00,0.00,0.00,0.00,220.79,0.22,48.03,0.00,0.00,0.00
218.02,0.44,95.76,0.00,0.00,0.00,0.00,0.00,0.00,221.03,0.22,48.25,0.00,0.00,0.00
221.59,0.44,97.08,0.00,0.00,0.00,0.00,0.00,0.00,219.83,0.22,47.64,0.00,0.00,0.00
221.96,0.44,96.88,0.00,0.00,0.00,0.00,0.00,0.00,218.75,0.21,47.09,0.00,0.00,0.00
222.86,0.44,97.26,0.00,0.00,0.00,0.00,0.00,0.00,219.32,0.21,47.00,0.00,0.00,0.00
220.76,0.44,96.63,0.00,0.00,0.00,0.00,0.00,0.00,220.05,0.22,47.84,0.00,0.00,0.00
220.71,0.44,96.56,0.00,0.00,0.00,0.00,0.00,0.00,219.45,0.22,47.49,0.00,0.00,0.00
222.57,0.44,97.30,0.00,0.00,0.00,0.00,0.00,0.00,218.29,0.21,47.21,0.00,0.00,0.00
221.29,0.44,96.87,0.00,0.00,0.00,0.00,0.00,0.00,219.08,0.22,47.54,0.00,0.00,0.00
220.86,0.44,96.76,0.00,0.00,0.00,0.00,0.00,0.00,218.89,0.22,47.64,0.00,0.00,0.00
222.87,0.44,98.12,0.00,0.00,0.00,0.00,0.00,0.00,221.85,0.22,48.73,0.00,0.00,0.00
221.05,0.44,96.89,0.00,0.00,0.00,0.00,0.00,0.00,219.89,0.22,47.67,0.00,0.00,0.00
220.93,0.44,97.01,0.00,0.00,0.00,0.00,0.00,0.00,220.46,0.22,48.04,0.00,0.00,0.00
221.49,0.43,96.19,0.00,0.00,0.00,0.00,0.00,0.00,216.56,0.21,46.39,0.00,0.00,0.00
221.60,0.44,97.40,0.00,0.00,0.00,0.00,0.00,0.00,221.77,0.22,48.40,0.00,0.00,0.00
221.18,0.44,97.26,0.00,0.00,0.00,0.00,0.00,0.00,222.47,0.22,48.74,0.00,0.00,0.00
219.57,0.44,95.85,0.00,0.00,0.00,0.00,0.00,0.00,217.51,0.21,46.82,0.00,0.00,0.00
221.06,0.44,96.83,0.00,0.00,0.00,0.00,0.00,0.00,219.44,0.22,47.66,0.00,0.00,0.00
221.75,0.44,97.62,0.00,0.00,0.00,0.00,0.00,0.00,221.37,0.22,48.52,0.00,0.00,0.00
218.19,0.44,95.62,0.00,0.00,0.00,0.00,0.00,0.00,220.60,0.22,47.90,0.00,0.00,0.00
221.95,0.44,97.45,0.00,0.00,0.00,0.00,0.00,0.00,221.10,0.22,48.16,0.00,0.00,0.00
220.55,0.44,96.54,0.00,0.00,0.00,0.00,0.00,0.00,219.23,0.22,47.64,0.00,0.00,0.00
220.06,0.44,96.23,0.00,0.00,0.00,0.00,0.00,0.00,219.32,0.22,47.54,0.00,0.00,0.00
218.88,0.44,95.93,0.00,0.00,0.00,0.00,0.00,0.00,220.62,0.22,47.90,0.00,0.00,0.00
215.24,0.44,94.14,0.00,0.00,0.00,0.00,0.00,0.00,219.21,0.22,47.54,0.00,0.00,0.00
223.12,0.44,97.87,0.00,0.00,0.00,0.00,0.00,0.00,220.24,0.22,48.01,0.00,0.00,0.00
220.06,0.44,96.29,0.00,0.00,0.00,0.00,0.00,0.00,219.97,0.22,47.65,0.00,0.00,0.00
221.55,0.44,96.91,0.00,0.00,0.00,0.00,0.00,0.00,218.92,0.22,47.45,0.00,0.00,0.00
223.66,0.44,97.96,0.00,0.00,0.00,0.00,0.00,0.00,219.90,0.22,47.69,0.00,0.00,0.00
218.01,0.44,95.03,0.00,0.00,0.00,0.00,0.00,0.00,217.65,0.21,46.74,0.00,0.00,0.00
217.08,0.44,95.10,0.00,0.00,0.00,0.00,0.00,0.00,219.65,0.22,47.62,0.00,0.00,0.00
220.34,0.44,95.96,0.00,0.00,0.00,0.00,0.00,0.00,217.21,0.21,46.60,0.00,0.00,0.00
223.02,0.44,97.68,0.00,0.00,0.00,0.00,0.00,0.00,220.10,0.22,47.83,0.00,0.00,0.00
219.88,0.44,95.97,0.00,0.00,0.00,0.00,0.00,0.00,218.34,0.21,47.00,0.00,0.00,0.00
223.33,0.44,97.77,0.00,0.00,0.00,0.00,0.00,0.00,219.18,0.22,47.46,0.00,0.00,0.00
222.55,0.44,97.83,0.00,0.00,0.00,0.00,0.00,0.00,222.39,0.22,48.59,0.00,0.00,0.00
222.44,0.44,97.29,0.00,0.00,0.00,0.00,0.00,0.00,219.41,0.22,47.42,0.00,0.00,0.00
221.93,0.44,97.36,0.00,0.00,0.00,0.00,0.00,0.00,220.93,0.22,48.13,0.00,0.00,0.00
219.17,0.44,95.89,0.00,0.00,0.00,0.00,0.00,0.00,220.43,0.22,47.69,0.00,0.00,0.00
220.51,0.44,96.78,0.00,0.00,0.00,0.00,0.00,0.00,220.74,0.22,48.03,0.00,0.00,0.00
221.00,0.44,96.76,0.00,0.00,0.00,0.00,0.00,0.00,219.30,0.22,47.49,0.00,0.00,0.00
219.91,0.44,96.25,0.00,0.00,0.00,0.00,0.00,0.00,219.97,0.22,47.63,0.00,0.00,0.00
222.16,0.44,96.91,0.00,0.00,0.00,0.00,0.00,0.00,218.07,0.21,47.03,0.00,0.00,0.00
220.59,0.43,95.22,0.00,0.00,0.00,0.00,0.00,0.00,212.45,0.21,44.72,0.00,0.00,0.00
221.17,0.44,96.99,0.00,0.00,0.00,0.00,0.00,0.00,220.13,0.22,47.92,0.00,0.00,0.00
220.57,0.44,96.92,0.00,0.00,0.00,0.00,0.00,0.00,220.97,0.22,48.22,0.00,0.00,0.00
218.46,0.44,96.12,0.00,0.00,0.00,0.00,0.00,0.00,222.13,0.22,48.73,0.00,0.00,0.00
221.86,0.44,97.19,0.00,0.00,0.00,0.00,0.00,0.00,220.90,0.22,48.02,0.00,0.00,0.00
221.40,0.44,96.51,0.00,0.00,0.00,0.00,0.00,0.00,218.46,0.21,47.16,0.00,0.00,0.00
225.44,0.44,98.84,0.00,0.00,0.00,0.00,0.00,0.00,220.16,0.22,47.83,0.00,0.00,0.00
220.32,0.44,96.40,0.00,0.00,0.00,0.00,0.00,0.00,219.46,0.22,47.56,0.00,0.00,0.00
219.17,0.44,95.72,0.00,0.00,0.00,0.00,0.00,0.00,218.63,0.21,47.13,0.00,0.00,0.00
219.76,0.44,96.47,0.00,0.00,0.00,0.00,0.00,0.00,221.34,0.22,48.33,0.00,0.00,0.00
220.87,0.44,96.83,0.00,0.00,0.00,0.00,0.00,0.00,220.05,0.22,47.80,0.00,0.00,0.00
220.45,0.44,96.43,0.00,0.00,0.00,0.00,0.00,0.00,219.02,0.22,47.41,0.00,0.00,0.00
220.32,0.44,96.27,0.00,0.00,0.00,0.00,0.00,0.00,218.91,0.21,47.20,0.00,0.00,0.00
222.24,0.44,97.72,0.00,0.00,0.00,0.00,0.00,0.00,221.75,0.22,48.55,0.00,0.00,0.00
220.39,0.44,96.47,0.00,0.00,0.00,0.00,0.00,0.00,218.76,0.22,47.40,0.00,0.00,0.00
221.64,0.44,97.41,0.00,0.00,0.00,0.00,0.00,0.00,220.94,0.22,48.39,0.00,0.00,0.00
221.52,0.44,96.76,0.00,0.00,0.00,0.00,0.00,0.00,219.16,0.21,47.28,0.00,0.00,0.00
220.83,0.44,96.87,0.00,0.00,0.00,0.00,0.00,0.00,219.97,0.22,48.00,0.00,0.00,0.00
220.97,0.44,96.39,0.00,0.00,0.00,0.00,0.00,0.00,217.53,0.21,46.75,0.00,0.00,0.00
221.73,0.44,97.18,0.00,0.00,0.00,0.00,0.00,0.00,220.34,0.22,47.94,0.00,0.00,0.00
222.85,0.44,97.58,0.00,0.00,0.00,0.00,0.00,0.00,220.00,0.22,47.78,0.00,0.00,0.00
220.99,0.43,95.40,0.00,0.00,0.00,0.00,0.00,0.00,213.82,0.21,45.19,0.00,0.00,0.00
221.72,0.44,96.98,0.00,0.00,0.00,0.00,0.00,0.00,219.13,0.22,47.35,0.00,0.00,0.00
222.76,0.44,97.85,0.00,0.00,0.00,0.00,0.00,0.00,221.69,0.22,48.33,0.00,0.00,0.00
220.44,0.44,96.47,0.00,0.00,0.00,0.00,0.00,0.00,218.95,0.22,47.47,0.00,0.00,0.00
220.89,0.44,96.82,0.00,0.00,0.00,0.00,0.00,0.00,220.20,0.22,47.86,0.00,0.00,0.00
221.43,0.44,97.01,0.00,0.00,0.00,0.00,0.00,0.00,220.20,0.22,47.80,0.00,0.00,0.00
219.56,0.44,96.50,0.00,0.00,0.00,0.00,0.00,0.00,222.00,0.22,48.58,0.00,0.00,0.00
220.71,0.44,96.40,0.00,0.00,0.00,0.00,0.00,0.00,219.25,0.21,47.25,0.00,0.00,0.00
218.24,0.44,95.53,0.00,0.00,0.00,0.00,0.00,0.00,219.46,0.22,47.53,0.00,0.00,0.00
221.86,0.44,97.28,0.00,0.00,0.00,0.00,0.00,0.00,219.79,0.22,47.73,0.00,0.00,0.00
219.61,0.44,96.37,0.00,0.00,0.00,0.00,0.00,0.00,220.27,0.22,47.96,0.00,0.00,0.00
221.55,0.44,96.93,0.00,0.00,0.00,0.00,0.00,0.00,219.28,0.22,47.44,0.00,0.00,0.00
217.57,0.44,95.43,0.00,0.00,0.00,0.00,0.00,0.00,221.37,0.22,48.14,0.00,0.00,0.00
219.96,0.44,96.40,0.00,0.00,0.00,0.00,0.00,0.00,221.19,0.22,48.13,0.00,0.00,0.00
220.17,0.44,96.24,0.00,0.00,0.00,0.00,0.00,0.00,219.01,0.21,47.36,0.00,0.00,0.00
221.21,0.44,96.48,0.00,0.00,0.00,0.00,0.00,0.00,218.37,0.21,47.10,0.00,0.00,0.00
222.68,0.44,97.80,0.00,0.00,0.00,0.00,0.00,0.00,221.39,0.22,48.32,0.00,0.00,0.00
220.64,0.44,96.86,0.00,0.00,0.00,0.00,0.00,0.00,220.83,0.22,48.26,0.00,0.00,0.00
217.85,0.43,94.72,0.00,0.00,0.00,0.00,0.00,0.00,216.97,0.21,46.36,0.00,0.00,0.00
218.92,0.44,96.02,0.00,0.00,0.00,0.00,0.00,0.00,220.95,0.22,48.16,0.00,0.00,0.00
221.14,0.44,96.54,0.00,0.00,0.00,0.00,0.00,0.00,218.67,0.21,47.10,0.00,0.00,0.00
221.37,0.44,97.24,0.00,0.00,0.00,0.00,0.00,0.00,221.21,0.22,48.25,0.00,0.00,0.00
220.71,0.44,97.07,0.00,0.00,0.00,0.00,0.00,0.00,221.61,0.22,48.46,0.00,0.00,0.00
220.11,0.44,96.11,0.00,0.00,0.00,0.00,0.00,0.00,218.56,0.21,47.06,0.00,0.00,0.00
220.50,0.44,96.35,0.00,0.00,0.00,0.00,0.00,0.00,219.05,0.21,47.28,0.00,0.00,0.00
221.43,0.44,97.09,0.00,0.00,0.00,0.00,0.00,0.00,220.38,0.22,47.88,0.00,0.00,0.00
222.61,0.44,97.73,0.00,0.00,0.00,0.00,0.00,0.00,220.35,0.22,48.06,0.00,0.00,0.00
220.61,0.44,96.53,0.00,0.00,0.00,0.00,0.00,0.00,219.39,0.22,47.45,0.00,0.00,0.00
218.53,0.44,95.84,0.00,0.00,0.00,0.00,0.00,0.00,219.89,0.22,47.79,0.00,0.00,0.00
223.33,0.44,97.88,0.00,0.00,0.00,0.00,0.00,0.00,220.17,0.22,47.89,0.00,0.00,0.00
220.45,0.43,95.65,0.00,0.00,0.00,0.00,0.00,0.00,214.79,0.21,45.69,0.00,0.00,0.00
220.43,0.44,96.37,0.00,0.00,0.00,0.00,0.00,0.00,219.48,0.22,47.52,0.00,0.00,0.00
220.37,0.44,96.73,0.00,0.00,0.00,0.00,0.00,0.00,222.36,0.22,48.19,0.00,0.00,0.00
221.31,0.44,97.25,0.00,0.00,0.00,0.00,0.00,0.00,220.73,0.22,48.28,0.00,0.00,0.00
220.80,0.44,96.57,0.00,0.00,0.00,0.00,0.00,0.00,219.08,0.22,47.36,0.00,0.00,0.00
221.13,0.44,97.42,0.00,0.00,0.00,0.00,0.00,0.00,223.24,0.22,49.00,0.00,0.00,0.00
217.82,0.44,95.17,0.00,0.00,0.00,0.00,0.00,0.00,218.22,0.21,47.19,0.00,0.00,0.00
220.41,0.44,96.50,0.00,0.00,0.00,0.00,0.00,0.00,219.74,0.22,47.57,0.00,0.00,0.00
216.48,0.44,94.84,0.00,0.00,0.00,0.00,0.00,0.00,220.01,0.22,47.83,0.00,0.00,0.00
222.32,0.44,96.90,0.00,0.00,0.00,0.00,0.00,0.00,217.73,0.21,46.78,0.00,0.00,0.00
221.97,0.44,97.55,0.00,0.00,0.00,0.00,0.00,0.00,221.17,0.22,48.32,0.00,0.00,0.00
220.77,0.44,96.57,0.00,0.00,0.00,0.00,0.00,0.00,219.12,0.22,47.33,0.00,0.00,0.00
222.01,0.44,97.55,0.00,0.00,0.00,0.00,0.00,0.00,221.78,0.22,48.41,0.00,0.00,0.00
221.41,0.44,97.21,0.00,0.00,0.00,0.00,0.00,0.00,221.30,0.22,48.23,0.00,0.00,0.00
220.82,0.44,96.63,0.00,0.00,0.00,0.00,0.00,0.00,219.55,0.22,47.46,0.00,0.00,0.00
220.83,0.44,96.78,0.00,0.00,0.00,0.00,0.00,0.00,220.32,0.22,47.84,0.00,0.00,0.00
221.16,0.44,96.30,0.00,0.00,0.00,0.00,0.00,0.00,217.45,0.21,46.78,0.00,0.00,0.00
219.66,0.44,96.14,0.00,0.00,0.00,0.00,0.00,0.00,219.41,0.22,47.69,0.00,0.00,0.00
223.37,0.44,97.64,0.00,0.00,0.00,0.00,0.00,0.00,219.93,0.21,47.47,0.00,0.00,0.00
221.48,0.44,97.12,0.00,0.00,0.00,0.00,0.00,0.00,219.98,0.22,47.80,0.00,0.00,0.00
221.33,0.44,96.58,0.00,0.00,0.00,0.00,0.00,0.00,219.32,0.21,47.29,0.00,0.00,0.00
222.27,0.44,97.47,0.00,0.00,0.00,0.00,0.00,0.00,220.59,0.22,47.97,0.00,0.00,0.00
221.34,0.44,96.66,0.00,0.00,0.00,0.00,0.00,0.00,218.93,0.21,47.16,0.00,0.00,0.00
218.08,0.44,95.39,0.00,0.00,0.00,0.00,0.00,0.00,220.02,0.22,47.57,0.00,0.00,0.00
222.09,0.44,97.33,0.00,0.00,0.00,0.00,0.00,0.00,219.78,0.22,47.75,0.00,0.00,0.00
222.75,0.44,97.47,0.00,0.00,0.00,0.00,0.00,0.00,220.38,0.22,47.70,0.00,0.00,0.00
221.32,0.44,96.79,0.00,0.00,0.00,0.00,0.00,0.00,218.72,0.22,47.38,0.00,0.00,0.00
221.69,0.44,97.03,0.00,0.00,0.00,0.00,0.00,0.00,219.51,0.22,47.60,0.00,0.00,0.00
222.37,0.44,97.21,0.00,0.00,0.00,0.00,0.00,0.00,219.33,0.21,47.39,0.00,0.00,0.00
221.67,0.44,96.60,0.00,0.00,0.00,0.00,0.00,0.00,219.49,0.21,47.42,0.00,0.00,0.00
220.81,0.44,96.47,0.00,0.00,0.00,0.00,0.00,0.00,219.21,0.21,47.42,0.00,0.00,0.00
220.70,0.44,96.74,0.00,0.00,0.00,0.00,0.00,0.00,220.56,0.22,48.02,0.00,0.00,0.00
220.89,0.44,96.42,0.00,0.00,0.00,0.00,0.00,0.00,218.76,0.21,47.14,0.00,0.00,0.00
221.70,0.44,97.27,0.00,0.00,0.00,0.00,0.00,0.00,221.21,0.22,48.18,0.00,0.00,0.00
220.68,0.44,97.00,0.00,0.00,0.00,0.00,0.00,0.00,221.51,0.22,48.41,0.00,0.00,0.00
221.53,0.44,96.94,0.00,0.00,0.00,0.00,0.00,0.00,220.45,0.22,47.84,0.00,0.00,0.00
221.66,0.44,97.66,0.00,0.00,0.00,0.00,0.00,0.00,222.33,0.22,48.94,0.00,0.00,0.00
222.09,0.44,97.53,0.00,0.00,0.00,0.00,0.00,0.00,220.75,0.22,48.09,0.00,0.00,0.00
223.11,0.44,97.90,0.00,0.00,0.00,0.00,0.00,0.00,221.13,0.22,48.18,0.00,0.00,0.00
222.66,0.44,97.75,0.00,0.00,0.00,0.00,0.00,0.00,220.49,0.22,48.15,0.00,0.00,0.00
222.30,0.44,97.38,0.00,0.00,0.00,0.00,0.00,0.00,220.67,0.22,47.83,0.00,0.00,0.00
219.34,0.44,96.04,0.00,0.00,0.00,0.00,0.00,0.00,219.57,0.22,47.66,0.00,0.00,0.00
220.81,0.44,97.07,0.00,0.00,0.00,0.00,0.00,0.00,221.36,0.22,48.51,0.00,0.00,0.00
224.41,0.44,98.66,0.00,0.00,0.00,0.00,0.00,0.00,222.13,0.22,48.69,0.00,0.00,0.00
218.72,0.44,95.84,0.00,0.00,0.00,0.00,0.00,0.00,220.59,0.22,47.96,0.00,0.00,0.00
221.06,0.44,97.15,0.00,0.00,0.00,0.00,0.00,0.00,221.77,0.22,48.40,0.00,0.00,0.00
220.29,0.44,96.34,0.00,0.00,0.00,0.00,0.00,0.00,219.28,0.22,47.41,0.00,0.00,0.00
222.72,0.44,97.84,0.00,0.00,0.00,0.00,0.00,0.00,221.70,0.22,48.34,0.00,0.00,0.00
221.16,0.44,96.88,0.00,0.00,0.00,0.00,0.00,0.00,220.53,0.22,47.84,0.00,0.00,0.00
220.68,0.44,97.13,0.00,0.00,0.00,0.00,0.00,0.00,222.60,0.22,48.75,0.00,0.00,0.00
221.27,0.43,96.18,0.00,0.00,0.00,0.00,0.00,0.00,217.20,0.21,46.35,0.00,0.00,0.00
221.29,0.44,96.70,0.00,0.00,0.00,0.00,0.00,0.00,218.86,0.21,47.25,0.00,0.00,0.00
223.44,0.44,98.24,0.00,0.00,0.00,0.00,0.00,0.00,221.79,0.22,48.46,0.00,0.00,0.00
221.09,0.44,96.59,0.00,0.00,0.00,0.00,0.00,0.00,219.41,0.21,47.33,0.00,0.00,0.00
221.83,0.44,97.51,0.00,0.00,0.00,0.00,0.00,0.00,221.50,0.22,48.33,0.00,0.00,0.00
222.84,0.44,97.59,0.00,0.00,0.00,0.00,0.00,0.00,220.06,0.22,47.71,0.00,0.00,0.00
222.40,0.43,96.73,0.00,0.00,0.00,0.00,0.00,0.00,216.58,0.21,46.29,0.00,0.00,0.00
222.09,0.44,97.44,0.00,0.00,0.00,0.00,0.00,0.00,220.80,0.22,48.17,0.00,0.00,0.00
221.44,0.44,97.24,0.00,0.00,0.00,0.00,0.00,0.00,221.13,0.22,48.31,0.00,0.00,0.00
221.04,0.44,96.91,0.00,0.00,0.00,0.00,0.00,0.00,219.85,0.22,47.75,0.00,0.00,0.00
221.52,0.44,97.16,0.00,0.00,0.00,0.00,0.00,0.00,221.07,0.22,48.24,0.00,0.00,0.00
220.81,0.44,96.71,0.00,0.00,0.00,0.00,0.00,0.00,219.70,0.22,47.60,0.00,0.00,0.00
222.67,0.44,97.42,0.00,0.00,0.00,0.00,0.00,0.00,219.71,0.22,47.62,0.00,0.00,0.00
220.72,0.44,96.71,0.00,0.00,0.00,0.00,0.00,0.00,220.16,0.22,47.79,0.00,0.00,0.00
221.87,0.44,97.14,0.00,0.00,0.00,0.00,0.00,0.00,219.62,0.22,47.58,0.00,0.00,0.00
219.50,0.44,96.17,0.00,0.00,0.00,0.00,0.00,0.00,221.21,0.22,47.96,0.00,0.00,0.00
222.20,0.44,97.52,0.00,0.00,0.00,0.00,0.00,0.00,221.35,0.22,48.27,0.00,0.00,0.00
219.60,0.44,96.67,0.00,0.00,0.00,0.00,0.00,0.00,221.70,0.22,48.65,0.00,0.00,0.00
222.06,0.44,97.64,0.00,0.00,0.00,0.00,0.00,0.00,222.42,0.22,48.72,0.00,0.00,0.00
221.58,0.44,97.18,0.00,0.00,0.00,0.00,0.00,0.00,221.03,0.22,48.21,0.00,0.00,0.00
220.57,0.44,96.74,0.00,0.00,0.00,0.00,0.00,0.00,220.88,0.22,48.13,0.00,0.00,0.00
222.32,0.44,97.41,0.00,0.00,0.00,0.00,0.00,0.00,219.25,0.22,47.57,0.00,0.00,0.00
222.23,0.44,97.36,0.00,0.00,0.00,0.00,0.00,0.00,220.96,0.22,48.04,0.00,0.00,0.00
223.45,0.44,98.03,0.00,0.00,0.00,0.00,0.00,0.00,219.77,0.22,47.92,0.00,0.00,0.00
221.40,0.44,97.40,0.00,0.00,0.00,0.00,0.00,0.00,221.90,0.22,48.55,0.00,0.00,0.00
225.36,0.44,98.81,0.00,0.00,0.00,0.00,0.00,0.00,221.23,0.22,48.12,0.00,0.00,0.00
222.09,0.44,97.29,0.00,0.00,0.00,0.00,0.00,0.00,219.87,0.22,47.76,0.00,0.00,0.00
221.42,0.44,97.51,0.00,0.00,0.00,0.00,0.00,0.00,222.83,0.22,49.00,0.00,0.00,0.00
217.89,0.44,95.12,0.00,0.00,0.00,0.00,0.00,0.00,219.06,0.21,47.27,0.00,0.00,0.00
222.47,0.44,97.85,0.00,0.00,0.00,0.00,0.00,0.00,222.39,0.22,48.66,0.00,0.00,0.00
221.19,0.44,96.92,0.00,0.00,0.00,0.00,0.00,0.00,219.36,0.22,47.57,0.00,0.00,0.00
222.40,0.44,97.67,0.00,0.00,0.00,0.00,0.00,0.00,221.39,0.22,48.32,0.00,0.00,0.00
221.63,0.44,97.44,0.00,0.00,0.00,0.00,0.00,0.00,222.46,0.22,48.61,0.00,0.00,0.00
216.62,0.44,94.75,0.00,0.00,0.00,0.00,0.00,0.00,218.10,0.22,47.16,0.00,0.00,0.00
221.77,0.44,97.46,0.00,0.00,0.00,0.00,0.00,0.00,221.86,0.22,48.44,0.00,0.00,0.00
223.25,0.44,97.83,0.00,0.00,0.00,0.00,0.00,0.00,219.53,0.22,47.64,0.00,0.00,0.00
216.65,0.44,95.17,0.00,0.00,0.00,0.00,0.00,0.00,220.36,0.22,48.11,0.00,0.00,0.00
223.20,0.44,98.36,0.00,0.00,0.00,0.00,0.00,0.00,222.47,0.22,48.84,0.00,0.00,0.00
222.18,0.44,97.58,0.00,0.00,0.00,0.00,0.00,0.00,222.22,0.22,48.47,0.00,0.00,0.00
222.83,0.44,98.19,0.00,0.00,0.00,0.00,0.00,0.00,221.98,0.22,48.71,0.00,0.00,0.00
218.18,0.44,95.85,0.00,0.00,0.00,0.00,0.00,0.00,220.14,0.22,47.99,0.00,0.00,0.00
219.36,0.44,96.02,0.00,0.00,0.00,0.00,0.00,0.00,217.55,0.22,46.84,0.00,0.00,0.00
221.53,0.44,97.14,0.00,0.00,0.00,0.00,0.00,0.00,220.69,0.22,47.94,0.00,0.00,0.00
219.20,0.44,95.86,0.00,0.00,0.00,0.00,0.00,0.00,220.19,0.22,47.67,0.00,0.00,0.00
221.89,0.44,97.54,0.00,0.00,0.00,0.00,0.00,0.00,222.56,0.22,48.75,0.00,0.00,0.00
220.97,0.44,96.56,0.00,0.00,0.00,0.00,0.00,0.00,219.52,0.21,47.45,0.00,0.00,0.00
222.02,0.44,97.42,0.00,0.00,0.00,0.00,0.00,0.00,218.27,0.22,47.21,0.00,0.00,0.00
220.41,0.44,96.51,0.00,0.00,0.00,0.00,0.00,0.00,219.51,0.22,47.57,0.00,0.00,0.00
221.39,0.44,97.00,0.00,0.00,0.00,0.00,0.00,0.00,220.89,0.22,47.90,0.00,0.00,0.00
223.47,0.44,98.01,0.00,0.00,0.00,0.00,0.00,0.00,220.70,0.22,48.04,0.00,0.00,0.00
221.66,0.44,96.47,0.00,0.00,0.00,0.00,0.00,0.00,217.42,0.21,46.82,0.00,0.00,0.00
221.34,0.44,97.29,0.00,0.00,0.00,0.00,0.00,0.00,222.59,0.22,48.76,0.00,0.00,0.00
220.74,0.44,97.01,0.00,0.00,0.00,0.00,0.00,0.00,221.53,0.22,48.38,0.00,0.00,0.00
216.94,0.44,95.14,0.00,0.00,0.00,0.00,0.00,0.00,220.95,0.22,48.01,0.00,0.00,0.00
223.63,0.44,98.32,0.00,0.00,0.00,0.00,0.00,0.00,223.26,0.22,48.70,0.00,0.00,0.00
219.76,0.44,96.96,0.00,0.00,0.00,0.00,0.00,0.00,222.46,0.22,48.90,0.00,0.00,0.00
221.73,0.44,97.13,0.00,0.00,0.00,0.00,0.00,0.00,219.24,0.22,47.54,0.00,0.00,0.00
221.12,0.44,96.92,0.00,0.00,0.00,0.00,0.00,0.00,220.01,0.22,47.77,0.00,0.00,0.00
222.39,0.44,97.84,0.00,0.00,0.00,0.00,0.00,0.00,221.26,0.22,48.38,0.00,0.00,0.00
220.35,0.44,96.14,0.00,0.00,0.00,0.00,0.00,0.00,218.91,0.21,47.13,0.00,0.00,0.00
221.26,0.44,96.91,0.00,0.00,0.00,0.00,0.00,0.00,219.15,0.22,47.48,0.00,0.00,0.00
222.08,0.44,97.61,0.00,0.00,0.00,0.00,0.00,0.00,222.78,0.22,48.81,0.00,0.00,0.00
217.17,0.44,95.28,0.00,0.00,0.00,0.00,0.00,0.00,220.41,0.22,48.05,0.00,0.00,0.00
217.41,0.44,95.28,0.00,0.00,0.00,0.00,0.00,0.00,220.27,0.22,47.80,0.00,0.00,0.00
219.96,0.44,96.30,0.00,0.00,0.00,0.00,0.00,0.00,221.62,0.22,47.99,0.00,0.00,0.00
222.87,0.44,97.81,0.00,0.00,0.00,0.00,0.00,0.00,220.99,0.22,48.08,0.00,0.00,0.00
217.22,0.44,95.37,0.00,0.00,0.00,0.00,0.00,0.00,221.52,0.22,48.23,0.00,0.00,0.00
222.79,0.44,97.68,0.00,0.00,0.00,0.00,0.00,0.00,220.17,0.22,47.91,0.00,0.00,0.00
221.77,0.44,97.01,0.00,0.00,0.00,0.00,0.00,0.00,220.14,0.22,47.75,0.00,0.00,0.00
221.69,0.44,96.99,0.00,0.00,0.00,0.00,0.00,0.00,219.52,0.22,47.45,0.00,0.00,0.00
219.80,0.44,96.12,0.00,0.00,0.00,0.00,0.00,0.00,219.88,0.22,47.62,0.00,0.00,0.00
221.84,0.44,97.26,0.00,0.00,0.00,0.00,0.00,0.00,221.29,0.22,48.19,0.00,0.00,0.00
223.08,0.44,97.95,0.00,0.00,0.00,0.00,0.00,0.00,221.65,0.22,48.31,0.00,0.00,0.00
222.91,0.44,97.39,0.00,0.00,0.00,0.00,0.00,0.00,218.15,0.21,47.01,0.00,0.00,0.00
222.27,0.44,97.46,0.00,0.00,0.00,0.00,0.00,0.00,221.45,0.22,48.12,0.00,0.00,0.00
222.18,0.44,97.75,0.00,0.00,0.00,0.00,0.00,0.00,222.76,0.22,48.75,0.00,0.00,0.00
220.44,0.44,96.44,0.00,0.00,0.00,0.00,0.00,0.00,219.67,0.22,47.65,0.00,0.00,0.00
222.20,0.44,97.46,0.00,0.00,0.00,0.00,0.00,0.00,220.57,0.22,47.98,0.00,0.00,0.00
221.09,0.44,96.59,0.00,0.00,0.00,0.00,0.00,0.00,219.28,0.21,47.29,0.00,0.00,0.00
221.05,0.44,96.66,0.00,0.00,0.00,0.00,0.00,0.00,218.78,0.22,47.25,0.00,0.00,0.00
222.88,0.44,97.43,0.00,0.00,0.00,0.00,0.00,0.00,219.05,0.21,47.27,0.00,0.00,0.00
220.52,0.44,96.81,0.00,0.00,0.00,0.00,0.00,0.00,220.37,0.22,48.11,0.00,0.00,0.00
220.03,0.44,96.26,0.00,0.00,0.00,0.00,0.00,0.00,219.74,0.22,47.52,0.00,0.00,0.00
223.26,0.44,97.63,0.00,0.00,0.00,0.00,0.00,0.00,220.31,0.22,47.66,0.00,0.00,0.00
222.80,0.44,97.43,0.00,0.00,0.00,0.00,0.00,0.00,220.00,0.22,47.58,0.00,0.00,0.00
221.74,0.44,97.37,0.00,0.00,0.00,0.00,0.00,0.00,221.36,0.22,48.40,0.00,0.00,0.00
220.89,0.43,95.90,0.00,0.00,0.00,0.00,0.00,0.00,216.86,0.21,46.15,0.00,0.00,0.00
222.01,0.44,97.57,0.00,0.00,0.00,0.00,0.00,0.00,221.52,0.22,48.50,0.00,0.00,0.00
220.65,0.44,96.27,0.00,0.00,0.00,0.00,0.00,0.00,218.76,0.21,47.04,0.00,0.00,0.00
220.76,0.44,96.72,0.00,0.00,0.00,0.00,0.00,0.00,219.74,0.22,47.73,0.00,0.00,0.00
221.01,0.44,97.32,0.00,0.00,0.00,0.00,0.00,0.00,222.51,0.22,48.80,0.00,0.00,0.00
220.92,0.44,97.14,0.00,0.00,0.00,0.00,0.00,0.00,221.94,0.22,48.48,0.00,0.00,0.00
221.71,0.44,96.95,0.00,0.00,0.00,0.00,0.00,0.00,219.77,0.22,47.47,0.00,0.00,0.00
221.74,0.44,97.44,0.00,0.00,0.00,0.00,0.00,0.00,221.64,0.22,48.34,0.00,0.00,0.00
221.45,0.44,97.21,0.00,0.00,0.00,0.00,0.00,0.00,221.62,0.22,48.25,0.00,0.00,0.00
221.47,0.44,97.05,0.00,0.00,0.00,0.00,0.00,0.00,220.62,0.22,47.89,0.00,0.00,0.00
220.70,0.43,95.90,0.00,0.00,0.00,0.00,0.00,0.00,216.17,0.21,46.34,0.00,0.00,0.00
222.42,0.44,97.92,0.00,0.00,0.00,0.00,0.00,0.00,222.28,0.22,48.71,0.00,0.00,0.00
222.12,0.44,97.28,0.00,0.00,0.00,0.00,0.00,0.00,219.81,0.22,47.77,0.00,0.00,0.00
222.45,0.44,97.45,0.00,0.00,0.00,0.00,0.00,0.00,220.76,0.22,47.88,0.00,0.00,0.00
222.77,0.44,97.56,0.00,0.00,0.00,0.00,0.00,0.00,220.22,0.22,47.72,0.00,0.00,0.00
221.41,0.44,97.11,0.00,0.00,0.00,0.00,0.00,0.00,241.68,0.22,50.67,0.00,0.00,0.00
222.67,0.44,97.21,0.00,0.00,0.00,0.00,0.00,0.00,218.72,0.21,47.13,0.00,0.00,0.00
221.98,0.44,96.95,0.00,0.00,0.00,0.00,0.00,0.00,219.18,0.21,47.21,0.00,0.00,0.00
219.23,0.44,95.89,0.00,0.00,0.00,0.00,0.00,0.00,219.81,0.22,47.54,0.00,0.00,0.00
221.06,0.44,96.87,0.00,0.00,0.00,0.00,0.00,0.00,220.96,0.22,48.07,0.00,0.00,0.00
221.92,0.44,97.09,0.00,0.00,0.00,0.00,0.00,0.00,219.77,0.22,47.68,0.00,0.00,0.00
223.79,0.44,98.26,0.00,0.00,0.00,0.00,0.00,0.00,221.52,0.22,48.39,0.00,0.00,0.00
222.24,0.44,97.61,0.00,0.00,0.00,0.00,0.00,0.00,220.95,0.22,48.17,0.00,0.00,0.00
220.76,0.44,96.67,0.00,0.00,0.00,0.00,0.00,0.00,219.31,0.22,47.53,0.00,0.00,0.00
222.57,0.44,97.16,0.00,0.00,0.00,0.00,0.00,0.00,220.64,0.21,47.21,0.00,0.00,0.00
223.51,0.44,98.08,0.00,0.00,0.00,0.00,0.00,0.00,220.52,0.22,48.07,0.00,0.00,0.00
221.90,0.44,97.24,0.00,0.00,0.00,0.00,0.00,0.00,221.00,0.22,47.97,0.00,0.00,0.00
221.84,0.44,97.09,0.00,0.00,0.00,0.00,0.00,0.00,219.83,0.22,47.62,0.00,0.00,0.00
222.37,0.44,97.85,0.00,0.00,0.00,0.00,0.00,0.00,222.88,0.22,48.92,0.00,0.00,0.00
220.12,0.44,96.61,0.00,0.00,0.00,0.00,0.00,0.00,220.94,0.22,48.19,0.00,0.00,0.00
222.42,0.44,97.43,0.00,0.00,0.00,0.00,0.00,0.00,219.13,0.22,47.53,0.00,0.00,0.00
221.24,0.44,97.07,0.00,0.00,0.00,0.00,0.00,0.00,220.42,0.22,47.92,0.00,0.00,0.00
219.09,0.44,96.11,0.00,0.00,0.00,0.00,0.00,0.00,220.61,0.22,47.98,0.00,0.00,0.00
222.95,0.44,98.06,0.00,0.00,0.00,0.00,0.00,0.00,222.71,0.22,48.75,0.00,0.00,0.00
220.53,0.44,96.90,0.00,0.00,0.00,0.00,0.00,0.00,221.54,0.22,48.34,0.00,0.00,0.00
223.86,0.44,97.96,0.00,0.00,0.00,0.00,0.00,0.00,220.12,0.22,47.65,0.00,0.00,0.00
217.89,0.44,95.41,0.00,0.00,0.00,0.00,0.00,0.00,219.67,0.22,47.63,0.00,0.00,0.00
221.50,0.44,96.87,0.00,0.00,0.00,0.00,0.00,0.00,219.57,0.22,47.43,0.00,0.00,0.00
222.92,0.44,97.75,0.00,0.00,0.00,0.00,0.00,0.00,220.91,0.22,48.08,0.00,0.00,0.00
220.65,0.44,96.93,0.00,0.00,0.00,0.00,0.00,0.00,222.04,0.22,48.43,0.00,0.00,0.00
222.51,0.44,97.26,0.00,0.00,0.00,0.00,0.00,0.00,219.07,0.21,47.35,0.00,0.00,0.00
223.03,0.44,97.95,0.00,0.00,0.00,0.00,0.00,0.00,222.13,0.22,48.44,0.00,0.00,0.00
223.40,0.44,97.81,0.00,0.00,0.00,0.00,0.00,0.00,220.33,0.22,47.73,0.00,0.00,0.00
220.23,0.44,96.50,0.00,0.00,0.00,0.00,0.00,0.00,220.07,0.22,47.75,0.00,0.00,0.00
222.56,0.44,97.69,0.00,0.00,0.00,0.00,0.00,0.00,221.35,0.22,48.30,0.00,0.00,0.00
221.05,0.44,97.15,0.00,0.00,0.00,0.00,0.00,0.00,221.91,0.22,48.58,0.00,0.00,0.00
222.76,0.44,97.74,0.00,0.00,0.00,0.00,0.00,0.00,221.68,0.22,48.36,0.00,0.00,0.00
219.60,0.44,95.93,0.00,0.00,0.00,0.00,0.00,0.00,217.34,0.21,46.93,0.00,0.00,0.00
221.96,0.44,97.34,0.00,0.00,0.00,0.00,0.00,0.00,221.15,0.22,48.06,0.00,0.00,0.00
219.26,0.44,96.14,0.00,0.00,0.00,0.00,0.00,0.00,220.22,0.22,47.90,0.00,0.00,0.00
221.79,0.44,97.59,0.00,0.00,0.00,0.00,0.00,0.00,223.45,0.22,49.03,0.00,0.00,0.00
221.10,0.44,96.59,0.00,0.00,0.00,0.00,0.00,0.00,218.46,0.21,47.23,0.00,0.00,0.00
215.49,0.44,94.43,0.00,0.00,0.00,0.00,0.00,0.00,219.90,0.22,47.72,0.00,0.00,0.00
217.60,0.44,95.56,0.00,0.00,0.00,0.00,0.00,0.00,220.58,0.22,48.08,0.00,0.00,0.00
216.96,0.44,95.45,0.00,0.00,0.00,0.00,0.00,0.00,221.93,0.22,48.60,0.00,0.00,0.00
221.58,0.44,97.00,0.00,0.00,0.00,0.00,0.00,0.00,217.62,0.22,47.18,0.00,0.00,0.00
221.95,0.44,97.65,0.00,0.00,0.00,0.00,0.00,0.00,222.57,0.22,48.67,0.00,0.00,0.00
220.78,0.44,96.46,0.00,0.00,0.00,0.00,0.00,0.00,217.94,0.21,47.04,0.00,0.00,0.00
222.15,0.44,97.08,0.00,0.00,0.00,0.00,0.00,0.00,219.79,0.21,47.44,0.00,0.00,0.00
220.57,0.44,96.60,0.00,0.00,0.00,0.00,0.00,0.00,220.55,0.22,47.83,0.00,0.00,0.00
221.79,0.44,97.21,0.00,0.00,0.00,0.00,0.00,0.00,221.10,0.22,48.17,0.00,0.00,0.00
220.71,0.44,97.03,0.00,0.00,0.00,0.00,0.00,0.00,222.14,0.22,48.68,0.00,0.00,0.00
222.29,0.44,97.30,0.00,0.00,0.00,0.00,0.00,0.00,220.20,0.22,47.80,0.00,0.00,0.00
223.37,0.44,98.03,0.00,0.00,0.00,0.00,0.00,0.00,220.15,0.22,47.90,0.00,0.00,0.00
222.05,0.44,97.23,0.00,0.00,0.00,0.00,0.00,0.00,218.62,0.22,47.35,0.00,0.00,0.00
221.57,0.44,97.50,0.00,0.00,0.00,0.00,0.00,0.00,221.50,0.22,48.49,0.00,0.00,0.00
220.02,0.44,96.38,0.00,0.00,0.00,0.00,0.00,0.00,220.69,0.22,47.88,0.00,0.00,0.00
218.47,0.44,96.06,0.00,0.00,0.00,0.00,0.00,0.00,222.33,0.22,48.62,0.00,0.00,0.00
222.36,0.44,97.37,0.00,0.00,0.00,0.00,0.00,0.00,219.18,0.22,47.53,0.00,0.00,0.00
215.74,0.44,94.43,0.00,0.00,0.00,0.00,0.00,0.00,219.86,0.22,47.63,0.00,0.00,0.00
221.58,0.44,97.13,0.00,0.00,0.00,0.00,0.00,0.00,219.59,0.22,47.70,0.00,0.00,0.00
220.16,0.44,96.49,0.00,0.00,0.00,0.00,0.00,0.00,220.08,0.22,47.78,0.00,0.00,0.00
221.95,0.44,97.59,0.00,0.00,0.00,0.00,0.00,0.00,222.92,0.22,48.82,0.00,0.00,0.00
220.84,0.44,96.94,0.00,0.00,0.00,0.00,0.00,0.00,221.45,0.22,48.36,0.00,0.00,0.00
220.99,0.44,97.25,0.00,0.00,0.00,0.00,0.00,0.00,222.63,0.22,48.72,0.00,0.00,0.00
221.14,0.44,97.11,0.00,0.00,0.00,0.00,0.00,0.00,221.80,0.22,48.39,0.00,0.00,0.00
220.93,0.44,97.42,0.00,0.00,0.00,0.00,0.00,0.00,222.47,0.22,48.85,0.00,0.00,0.00
221.17,0.44,97.18,0.00,0.00,0.00,0.00,0.00,0.00,219.75,0.22,47.97,0.00,0.00,0.00
220.78,0.44,97.26,0.00,0.00,0.00,0.00,0.00,0.00,221.38,0.22,48.67,0.00,0.00,0.00
221.75,0.44,97.68,0.00,0.00,0.00,0.00,0.00,0.00,221.88,0.22,48.74,0.00,0.00,0.00
221.52,0.44,97.38,0.00,0.00,0.00,0.00,0.00,0.00,220.89,0.22,48.27,0.00,0.00,0.00
223.63,0.44,97.95,0.00,0.00,0.00,0.00,0.00,0.00,220.77,0.22,47.85,0.00,0.00,0.00
219.65,0.44,96.02,0.00,0.00,0.00,0.00,0.00,0.00,218.48,0.21,47.17,0.00,0.00,0.00
222.27,0.44,97.63,0.00,0.00,0.00,0.00,0.00,0.00,222.38,0.22,48.52,0.00,0.00,0.00
222.96,0.44,98.04,0.00,0.00,0.00,0.00,0.00,0.00,221.10,0.22,48.35,0.00,0.00,0.00
220.30,0.44,96.30,0.00,0.00,0.00,0.00,0.00,0.00,219.35,0.21,47.43,0.00,0.00,0.00
222.05,0.44,97.63,0.00,0.00,0.00,0.00,0.00,0.00,221.50,0.22,48.38,0.00,0.00,0.00
219.51,0.44,96.40,0.00,0.00,0.00,0.00,0.00,0.00,220.10,0.22,47.95,0.00,0.00,0.00
222.05,0.44,97.02,0.00,0.00,0.00,0.00,0.00,0.00,219.28,0.21,47.29,0.00,0.00,0.00
220.72,0.44,96.45,0.00,0.00,0.00,0.00,0.00,0.00,218.01,0.21,47.08,0.00,0.00,0.00
221.51,0.44,97.55,0.00,0.00,0.00,0.00,0.00,0.00,222.31,0.22,48.71,0.00,0.00,0.00
222.22,0.44,97.20,0.00,0.00,0.00,0.00,0.00,0.00,218.56,0.22,47.27,0.00,0.00,0.00
221.05,0.44,96.87,0.00,0.00,0.00,0.00,0.00,0.00,221.43,0.22,48.09,0.00,0.00,0.00
222.08,0.44,97.61,0.00,0.00,0.00,0.00,0.00,0.00,221.74,0.22,48.42,0.00,0.00,0.00
220.59,0.44,96.61,0.00,0.00,0.00,0.00,0.00,0.00,219.31,0.22,47.57,0.00,0.00,0.00
221.97,0.44,97.58,0.00,0.00,0.00,0.00,0.00,0.00,222.49,0.22,48.61,0.00,0.00,0.00
221.53,0.44,97.34,0.00,0.00,0.00,0.00,0.00,0.00,222.51,0.22,48.56,0.00,0.00,0.00
221.26,0.44,97.15,0.00,0.00,0.00,0.00,0.00,0.00,220.36,0.22,48.00,0.00,0.00,0.00
220.82,0.44,96.77,0.00,0.00,0.00,0.00,0.00,0.00,220.21,0.22,47.80,0.00,0.00,0.00
221.85,0.44,97.53,0.00,0.00,0.00,0.00,0.00,0.00,221.63,0.22,48.55,0.00,0.00,0.00
219.94,0.44,96.50,0.00,0.00,0.00,0.00,0.00,0.00,221.46,0.22,48.32,0.00,0.00,0.00
223.86,0.44,98.28,0.00,0.00,0.00,0.00,0.00,0.00,219.12,0.22,47.68,0.00,0.00,0.00
222.24,0.44,97.98,0.00,0.00,0.00,0.00,0.00,0.00,223.25,0.22,49.19,0.00,0.00,0.00
219.39,0.44,96.05,0.00,0.00,0.00,0.00,0.00,0.00,220.00,0.22,47.77,0.00,0.00,0.00
221.08,0.44,96.60,0.00,0.00,0.00,0.00,0.00,0.00,218.18,0.21,47.21,0.00,0.00,0.00
221.76,0.44,96.76,0.00,0.00,0.00,0.00,0.00,0.00,218.55,0.21,47.16,0.00,0.00,0.00
222.21,0.44,97.21,0.00,0.00,0.00,0.00,0.00,0.00,219.56,0.22,47.44,0.00,0.00,0.00
223.86,0.44,98.52,0.00,0.00,0.00,0.00,0.00,0.00,222.11,0.22,48.61,0.00,0.00,0.00
223.21,0.44,97.81,0.00,0.00,0.00,0.00,0.00,0.00,218.60,0.22,47.45,0.00,0.00,0.00
223.04,0.44,98.29,0.00,0.00,0.00,0.00,0.00,0.00,222.71,0.22,48.93,0.00,0.00,0.00
222.32,0.44,97.60,0.00,0.00,0.00,0.00,0.00,0.00,220.64,0.22,48.16,0.00,0.00,0.00
222.76,0.44,98.02,0.00,0.00,0.00,0.00,0.00,0.00,222.45,0.22,48.69,0.00,0.00,0.00
222.02,0.44,97.48,0.00,0.00,0.00,0.00,0.00,0.00,221.53,0.22,48.39,0.00,0.00,0.00
221.98,0.44,97.80,0.00,0.00,0.00,0.00,0.00,0.00,222.51,0.22,48.96,0.00,0.00,0.00
221.74,0.44,97.31,0.00,0.00,0.00,0.00,0.00,0.00,219.93,0.22,47.85,0.00,0.00,0.00
222.73,0.44,97.94,0.00,0.00,0.00,0.00,0.00,0.00,222.28,0.22,48.69,0.00,0.00,0.00
221.26,0.44,97.02,0.00,0.00,0.00,0.00,0.00,0.00,220.40,0.22,47.90,0.00,0.00,0.00
223.55,0.44,98.18,0.00,0.00,0.00,0.00,0.00,0.00,221.77,0.22,48.40,0.00,0.00,0.00
223.92,0.44,98.37,0.00,0.00,0.00,0.00,0.00,0.00,221.28,0.22,48.28,0.00,0.00,0.00
221.52,0.44,96.54,0.00,0.00,0.00,0.00,0.00,0.00,217.35,0.21,46.83,0.00,0.00,0.00
221.59,0.44,97.70,0.00,0.00,0.00,0.00,0.00,0.00,223.50,0.22,49.15,0.00,0.00,0.00
221.76,0.44,97.52,0.00,0.00,0.00,0.00,0.00,0.00,222.52,0.22,48.68,0.00,0.00,0.00
220.89,0.44,96.99,0.00,0.00,0.00,0.00,0.00,0.00,221.28,0.22,48.23,0.00,0.00,0.00
223.40,0.44,98.03,0.00,0.00,0.00,0.00,0.00,0.00,220.98,0.22,48.22,0.00,0.00,0.00
221.61,0.44,97.20,0.00,0.00,0.00,0.00,0.00,0.00,220.48,0.22,47.95,0.00,0.00,0.00
223.14,0.44,98.35,0.00,0.00,0.00,0.00,0.00,0.00,222.56,0.22,48.94,0.00,0.00,0.00
222.99,0.44,97.91,0.00,0.00,0.00,0.00,0.00,0.00,220.98,0.22,48.24,0.00,0.00,0.00
222.24,0.44,97.76,0.00,0.00,0.00,0.00,0.00,0.00,222.48,0.22,48.69,0.00,0.00,0.00
220.00,0.44,96.86,0.00,0.00,0.00,0.00,0.00,0.00,222.72,0.22,48.89,0.00,0.00,0.00
219.05,0.44,96.08,0.00,0.00,0.00,0.00,0.00,0.00,221.56,0.22,48.19,0.00,0.00,0.00
218.78,0.44,95.69,0.00,0.00,0.00,0.00,0.00,0.00,219.34,0.22,47.43,0.00,0.00,0.00
223.29,0.44,97.83,0.00,0.00,0.00,0.00,0.00,0.00,220.65,0.22,47.84,0.00,0.00,0.00
223.21,0.44,97.90,0.00,0.00,0.00,0.00,0.00,0.00,220.40,0.22,47.90,0.00,0.00,0.00
222.14,0.44,97.59,0.00,0.00,0.00,0.00,0.00,0.00,221.41,0.22,48.35,0.00,0.00,0.00
222.73,0.44,97.52,0.00,0.00,0.00,0.00,0.00,0.00,220.24,0.22,47.72,0.00,0.00,0.00
222.33,0.44,97.92,0.00,0.00,0.00,0.00,0.00,0.00,222.13,0.22,48.69,0.00,0.00,0.00
221.53,0.44,96.77,0.00,0.00,0.00,0.00,0.00,0.00,219.75,0.21,47.48,0.00,0.00,0.00
222.45,0.44,97.76,0.00,0.00,0.00,0.00,0.00,0.00,222.14,0.22,48.62,0.00,0.00,0.00
223.62,0.44,98.22,0.00,0.00,0.00,0.00,0.00,0.00,220.20,0.22,48.09,0.00,0.00,0.00
221.04,0.44,96.56,0.00,0.00,0.00,0.00,0.00,0.00,219.54,0.21,47.41,0.00,0.00,0.00
223.19,0.44,98.79,0.00,0.00,0.00,0.00,0.00,0.00,224.35,0.22,49.93,0.00,0.00,0.00
220.79,0.44,96.75,0.00,0.00,0.00,0.00,0.00,0.00,220.81,0.22,47.86,0.00,0.00,0.00
220.01,0.44,96.39,0.00,0.00,0.00,0.00,0.00,0.00,219.93,0.22,47.81,0.00,0.00,0.00
224.50,0.44,98.60,0.00,0.00,0.00,0.00,0.00,0.00,221.37,0.22,48.37,0.00,0.00,0.00
220.89,0.44,96.85,0.00,0.00,0.00,0.00,0.00,0.00,220.45,0.22,47.89,0.00,0.00,0.00
221.35,0.44,97.02,0.00,0.00,0.00,0.00,0.00,0.00,220.70,0.22,48.02,0.00,0.00,0.00
223.07,0.44,97.91,0.00,0.00,0.00,0.00,0.00,0.00,219.94,0.22,47.86,0.00,0.00,0.00
222.89,0.44,97.66,0.00,0.00,0.00,0.00,0.00,0.00,219.54,0.22,47.79,0.00,0.00,0.00
222.11,0.44,97.79,0.00,0.00,0.00,0.00,0.00,0.00,222.34,0.22,48.84,0.00,0.00,0.00
223.09,0.44,98.14,0.00,0.00,0.00,0.00,0.00,0.00,222.82,0.22,48.74,0.00,0.00,0.00
221.06,0.44,97.03,0.00,0.00,0.00,0.00,0.00,0.00,221.35,0.22,48.22,0.00,0.00,0.00
222.25,0.44,97.50,0.00,0.00,0.00,0.00,0.00,0.00,220.97,0.22,48.08,0.00,0.00,0.00
220.82,0.44,96.57,0.00,0.00,0.00,0.00,0.00,0.00,219.49,0.22,47.47,0.00,0.00,0.00
223.74,0.44,98.20,0.00,0.00,0.00,0.00,0.00,0.00,220.71,0.22,48.11,0.00,0.00,0.00
222.57,0.44,98.23,0.00,0.00,0.00,0.00,0.00,0.00,223.74,0.22,49.29,0.00,0.00,0.00
221.65,0.44,96.90,0.00,0.00,0.00,0.00,0.00,0.00,219.47,0.21,47.53,0.00,0.00,0.00
222.32,0.44,97.46,0.00,0.00,0.00,0.00,0.00,0.00,220.48,0.22,47.93,0.00,0.00,0.00
220.51,0.44,97.15,0.00,0.00,0.00,0.00,0.00,0.00,222.85,0.22,48.92,0.00,0.00,0.00
221.84,0.44,97.15,0.00,0.00,0.00,0.00,0.00,0.00,220.17,0.22,47.72,0.00,0.00,0.00
217.53,0.44,95.69,0.00,0.00,0.00,0.00,0.00,0.00,221.89,0.22,48.62,0.00,0.00,0.00
221.03,0.44,97.18,0.00,0.00,0.00,0.00,0.00,0.00,222.35,0.22,48.68,0.00,0.00,0.00
221.88,0.44,97.34,0.00,0.00,0.00,0.00,0.00,0.00,221.33,0.22,48.23,0.00,0.00,0.00
220.37,0.44,96.74,0.00,0.00,0.00,0.00,0.00,0.00,221.77,0.22,48.32,0.00,0.00,0.00
221.71,0.44,96.99,0.00,0.00,0.00,0.00,0.00,0.00,218.65,0.22,47.29,0.00,0.00,0.00
223.83,0.44,98.38,0.00,0.00,0.00,0.00,0.00,0.00,222.34,0.22,48.61,0.00,0.00,0.00
222.38,0.44,97.61,0.00,0.00,0.00,0.00,0.00,0.00,221.35,0.22,48.16,0.00,0.00,0.00
222.49,0.44,97.80,0.00,0.00,0.00,0.00,0.00,0.00,221.28,0.22,48.33,0.00,0.00,0.00
221.30,0.44,97.46,0.00,0.00,0.00,0.00,0.00,0.00,222.74,0.22,48.82,0.00,0.00,0.00
218.35,0.44,96.10,0.00,0.00,0.00,0.00,0.00,0.00,222.28,0.22,48.67,0.00,0.00,0.00
221.23,0.44,97.50,0.00,0.00,0.00,0.00,0.00,0.00,222.55,0.22,49.02,0.00,0.00,0.00
224.39,0.44,98.52,0.00,0.00,0.00,0.00,0.00,0.00,221.80,0.22,48.33,0.00,0.00,0.00
221.84,0.44,97.29,0.00,0.00,0.00,0.00,0.00,0.00,220.87,0.22,48.12,0.00,0.00,0.00
222.90,0.44,98.32,0.00,0.00,0.00,0.00,0.00,0.00,224.28,0.22,49.46,0.00,0.00,0.00
223.11,0.44,98.32,0.00,0.00,0.00,0.00,0.00,0.00,222.67,0.22,48.99,0.00,0.00,0.00
220.16,0.44,96.40,0.00,0.00,0.00,0.00,0.00,0.00,220.42,0.22,47.76,0.00,0.00,0.00
222.23,0.44,97.53,0.00,0.00,0.00,0.00,0.00,0.00,220.94,0.22,48.13,0.00,0.00,0.00
222.54,0.44,97.76,0.00,0.00,0.00,0.00,0.00,0.00,221.40,0.22,48.25,0.00,0.00,0.00
221.68,0.44,97.51,0.00,0.00,0.00,0.00,0.00,0.00,222.59,0.22,48.84,0.00,0.00,0.00
223.05,0.44,98.44,0.00,0.00,0.00,0.00,0.00,0.00,224.10,0.22,49.47,0.00,0.00,0.00
222.37,0.44,98.04,0.00,0.00,0.00,0.00,0.00,0.00,224.11,0.22,49.25,0.00,0.00,0.00
222.88,0.44,97.51,0.00,0.00,0.00,0.00,0.00,0.00,219.59,0.22,47.60,0.00,0.00,0.00
221.98,0.44,96.94,0.00,0.00,0.00,0.00,0.00,0.00,219.56,0.21,47.35,0.00,0.00,0.00
222.67,0.44,97.97,0.00,0.00,0.00,0.00,0.00,0.00,222.67,0.22,48.84,0.00,0.00,0.00
221.88,0.44,97.28,0.00,0.00,0.00,0.00,0.00,0.00,221.11,0.22,48.04,0.00,0.00,0.00
221.81,0.44,97.03,0.00,0.00,0.00,0.00,0.00,0.00,223.52,0.22,48.23,0.00,0.00,0.00
223.30,0.44,97.75,0.00,0.00,0.00,0.00,0.00,0.00,220.40,0.22,47.74,0.00,0.00,0.00
221.72,0.44,97.12,0.00,0.00,0.00,0.00,0.00,0.00,220.46,0.22,47.95,0.00,0.00,0.00
224.59,0.44,98.56,0.00,0.00,0.00,0.00,0.00,0.00,220.61,0.22,48.07,0.00,0.00,0.00
222.09,0.44,97.21,0.00,0.00,0.00,0.00,0.00,0.00,220.95,0.22,47.87,0.00,0.00,0.00
223.60,0.44,98.15,0.00,0.00,0.00,0.00,0.00,0.00,221.90,0.22,48.35,0.00,0.00,0.00
222.54,0.44,97.58,0.00,0.00,0.00,0.00,0.00,0.00,221.26,0.22,48.11,0.00,0.00,0.00
221.96,0.44,97.28,0.00,0.00,0.00,0.00,0.00,0.00,220.99,0.22,48.10,0.00,0.00,0.00
220.17,0.44,96.77,0.00,0.00,0.00,0.00,0.00,0.00,221.66,0.22,48.45,0.00,0.00,0.00
220.00,0.44,96.04,0.00,0.00,0.00,0.00,0.00,0.00,218.02,0.21,46.84,0.00,0.00,0.00
216.41,0.44,94.76,0.00,0.00,0.00,0.00,0.00,0.00,220.27,0.22,47.74,0.00,0.00,0.00
220.53,0.43,95.82,0.00,0.00,0.00,0.00,0.00,0.00,217.45,0.21,46.50,0.00,0.00,0.00
219.78,0.43,95.57,0.00,0.00,0.00,0.00,0.00,0.00,217.04,0.21,46.35,0.00,0.00,0.00
220.82,0.44,96.18,0.00,0.00,0.00,0.00,0.00,0.00,218.64,0.21,46.95,0.00,0.00,0.00
217.31,0.44,94.62,0.00,0.00,0.00,0.00,0.00,0.00,217.88,0.21,46.67,0.00,0.00,0.00
220.17,0.44,96.14,0.00,0.00,0.00,0.00,0.00,0.00,218.52,0.21,47.11,0.00,0.00,0.00
221.03,0.44,96.24,0.00,0.00,0.00,0.00,0.00,0.00,218.26,0.21,46.74,0.00,0.00,0.00
220.36,0.44,96.15,0.00,0.00,0.00,0.00,0.00,0.00,218.21,0.21,46.98,0.00,0.00,0.00
222.10,0.44,97.18,0.00,0.00,0.00,0.00,0.00,0.00,219.67,0.22,47.53,0.00,0.00,0.00
219.47,0.44,96.07,0.00,0.00,0.00,0.00,0.00,0.00,220.32,0.22,47.75,0.00,0.00,0.00
220.54,0.44,96.45,0.00,0.00,0.00,0.00,0.00,0.00,220.08,0.22,47.64,0.00,0.00,0.00
218.37,0.44,95.68,0.00,0.00,0.00,0.00,0.00,0.00,221.49,0.22,48.17,0.00,0.00,0.00
221.36,0.44,96.66,0.00,0.00,0.00,0.00,0.00,0.00,219.32,0.21,47.41,0.00,0.00,0.00
219.75,0.44,95.81,0.00,0.00,0.00,0.00,0.00,0.00,218.56,0.21,46.92,0.00,0.00,0.00
220.32,0.44,95.93,0.00,0.00,0.00,0.00,0.00,0.00,218.26,0.21,46.83,0.00,0.00,0.00
218.96,0.44,95.47,0.00,0.00,0.00,0.00,0.00,0.00,218.43,0.21,46.96,0.00,0.00,0.00
217.57,0.44,94.86,0.00,0.00,0.00,0.00,0.00,0.00,217.98,0.21,46.95,0.00,0.00,0.00
220.88,0.43,96.06,0.00,0.00,0.00,0.00,0.00,0.00,217.37,0.21,46.48,0.00,0.00,0.00
218.07,0.44,95.45,0.00,0.00,0.00,0.00,0.00,0.00,220.33,0.22,47.79,0.00,0.00,0.00
219.15,0.44,95.52,0.00,0.00,0.00,0.00,0.00,0.00,218.35,0.21,46.90,0.00,0.00,0.00
218.06,0.43,93.77,0.00,0.00,0.00,0.00,0.00,0.00,212.43,0.21,44.37,0.00,0.00,0.00
219.61,0.44,95.88,0.00,0.00,0.00,0.00,0.00,0.00,219.25,0.21,47.21,0.00,0.00,0.00
225.49,0.44,98.47,0.00,0.00,0.00,0.00,0.00,0.00,219.12,0.21,47.29,0.00,0.00,0.00
218.30,0.43,94.96,0.00,0.00,0.00,0.00,0.00,0.00,218.33,0.21,46.80,0.00,0.00,0.00
222.14,0.44,96.94,0.00,0.00,0.00,0.00,0.00,0.00,222.19,0.21,47.66,0.00,0.00,0.00
219.94,0.44,96.25,0.00,0.00,0.00,0.00,0.00,0.00,220.28,0.22,47.70,0.00,0.00,0.00
218.72,0.44,95.68,0.00,0.00,0.00,0.00,0.00,0.00,220.10,0.22,47.63,0.00,0.00,0.00
219.31,0.44,95.58,0.00,0.00,0.00,0.00,0.00,0.00,218.72,0.21,46.91,0.00,0.00,0.00
219.21,0.44,95.72,0.00,0.00,0.00,0.00,0.00,0.00,219.51,0.21,47.40,0.00,0.00,0.00
219.02,0.44,95.55,0.00,0.00,0.00,0.00,0.00,0.00,219.38,0.21,47.28,0.00,0.00,0.00
221.32,0.44,96.37,0.00,0.00,0.00,0.00,0.00,0.00,218.45,0.21,46.80,0.00,0.00,0.00
219.93,0.44,95.68,0.00,0.00,0.00,0.00,0.00,0.00,218.10,0.21,46.76,0.00,0.00,0.00
220.80,0.44,96.31,0.00,0.00,0.00,0.00,0.00,0.00,219.62,0.21,47.23,0.00,0.00,0.00
219.06,0.44,95.56,0.00,0.00,0.00,0.00,0.00,0.00,219.14,0.21,47.15,0.00,0.00,0.00
222.00,0.44,96.58,0.00,0.00,0.00,0.00,0.00,0.00,217.86,0.21,46.63,0.00,0.00,0.00
219.80,0.44,95.94,0.00,0.00,0.00,0.00,0.00,0.00,219.44,0.21,47.35,0.00,0.00,0.00
217.50,0.44,94.76,0.00,0.00,0.00,0.00,0.00,0.00,217.87,0.21,46.73,0.00,0.00,0.00
220.15,0.44,95.79,0.00,0.00,0.00,0.00,0.00,0.00,217.63,0.21,46.67,0.00,0.00,0.00
219.03,0.44,95.40,0.00,0.00,0.00,0.00,0.00,0.00,216.98,0.21,46.59,0.00,0.00,0.00
220.38,0.44,95.95,0.00,0.00,0.00,0.00,0.00,0.00,217.42,0.21,46.68,0.00,0.00,0.00
218.41,0.44,95.40,0.00,0.00,0.00,0.00,0.00,0.00,219.19,0.21,47.35,0.00,0.00,0.00
219.76,0.44,96.03,0.00,0.00,0.00,0.00,0.00,0.00,219.27,0.21,47.33,0.00,0.00,0.00
220.18,0.44,96.16,0.00,0.00,0.00,0.00,0.00,0.00,219.33,0.21,47.33,0.00,0.00,0.00
220.30,0.44,96.49,0.00,0.00,0.00,0.00,0.00,0.00,220.11,0.22,47.73,0.00,0.00,0.00
219.13,0.44,96.08,0.00,0.00,0.00,0.00,0.00,0.00,221.07,0.22,48.12,0.00,0.00,0.00
220.71,0.44,96.53,0.00,0.00,0.00,0.00,0.00,0.00,219.62,0.22,47.50,0.00,0.00,0.00
218.23,0.44,95.16,0.00,0.00,0.00,0.00,0.00,0.00,218.89,0.21,47.09,0.00,0.00,0.00
218.80,0.44,95.50,0.00,0.00,0.00,0.00,0.00,0.00,218.72,0.21,47.10,0.00,0.00,0.00
219.91,0.44,96.01,0.00,0.00,0.00,0.00,0.00,0.00,219.75,0.21,47.37,0.00,0.00,0.00
218.72,0.44,95.87,0.00,0.00,0.00,0.00,0.00,0.00,221.63,0.22,48.29,0.00,0.00,0.00
216.45,0.43,93.57,0.00,0.00,0.00,0.00,0.00,0.00,214.81,0.21,45.72,0.00,0.00,0.00
215.73,0.44,93.92,0.00,0.00,0.00,0.00,0.00,0.00,217.74,0.21,46.74,0.00,0.00,0.00
219.13,0.44,95.58,0.00,0.00,0.00,0.00,0.00,0.00,218.47,0.21,46.93,0.00,0.00,0.00
217.45,0.44,95.09,0.00,0.00,0.00,0.00,0.00,0.00,220.45,0.22,47.68,0.00,0.00,0.00
218.01,0.44,94.96,0.00,0.00,0.00,0.00,0.00,0.00,218.42,0.21,46.89,0.00,0.00,0.00
219.14,0.44,95.61,0.00,0.00,0.00,0.00,0.00,0.00,219.32,0.21,47.25,0.00,0.00,0.00
216.81,0.44,94.63,0.00,0.00,0.00,0.00,0.00,0.00,218.74,0.21,47.08,0.00,0.00,0.00
219.15,0.44,95.46,0.00,0.00,0.00,0.00,0.00,0.00,221.11,0.21,47.28,0.00,0.00,0.00
218.35,0.44,95.53,0.00,0.00,0.00,0.00,0.00,0.00,219.74,0.22,47.57,0.00,0.00,0.00
216.79,0.44,95.20,0.00,0.00,0.00,0.00,0.00,0.00,221.60,0.22,48.29,0.00,0.00,0.00
219.17,0.44,95.78,0.00,0.00,0.00,0.00,0.00,0.00,220.00,0.21,47.59,0.00,0.00,0.00
215.33,0.44,93.93,0.00,0.00,0.00,0.00,0.00,0.00,218.57,0.21,47.00,0.00,0.00,0.00
218.81,0.44,95.49,0.00,0.00,0.00,0.00,0.00,0.00,218.56,0.21,47.01,0.00,0.00,0.00
220.14,0.43,95.39,0.00,0.00,0.00,0.00,0.00,0.00,216.74,0.21,46.18,0.00,0.00,0.00
217.30,0.44,95.00,0.00,0.00,0.00,0.00,0.00,0.00,220.23,0.21,47.57,0.00,0.00,0.00
221.41,0.44,96.63,0.00,0.00,0.00,0.00,0.00,0.00,219.17,0.21,47.22,0.00,0.00,0.00
220.56,0.44,96.15,0.00,0.00,0.00,0.00,0.00,0.00,218.18,0.21,46.95,0.00,0.00,0.00
218.46,0.44,95.28,0.00,0.00,0.00,0.00,0.00,0.00,218.91,0.21,47.20,0.00,0.00,0.00
218.74,0.44,95.20,0.00,0.00,0.00,0.00,0.00,0.00,217.52,0.21,46.57,0.00,0.00,0.00
219.26,0.44,95.78,0.00,0.00,0.00,0.00,0.00,0.00,220.21,0.21,47.60,0.00,0.00,0.00
218.83,0.44,95.67,0.00,0.00,0.00,0.00,0.00,0.00,219.76,0.21,47.59,0.00,0.00,0.00
219.85,0.44,95.94,0.00,0.00,0.00,0.00,0.00,0.00,217.68,0.21,46.81,0.00,0.00,0.00
219.62,0.44,96.14,0.00,0.00,0.00,0.00,0.00,0.00,220.19,0.22,47.75,0.00,0.00,0.00
219.77,0.44,96.25,0.00,0.00,0.00,0.00,0.00,0.00,220.56,0.22,47.85,0.00,0.00,0.00
219.34,0.44,95.85,0.00,0.00,0.00,0.00,0.00,0.00,219.67,0.21,47.40,0.00,0.00,0.00
220.61,0.43,95.95,0.00,0.00,0.00,0.00,0.00,0.00,217.39,0.21,46.44,0.00,0.00,0.00
220.42,0.44,96.49,0.00,0.00,0.00,0.00,0.00,0.00,220.71,0.22,47.78,0.00,0.00,0.00
218.83,0.43,94.75,0.00,0.00,0.00,0.00,0.00,0.00,215.14,0.21,45.66,0.00,0.00,0.00
220.19,0.43,95.76,0.00,0.00,0.00,0.00,0.00,0.00,217.71,0.21,46.65,0.00,0.00,0.00
220.27,0.44,96.48,0.00,0.00,0.00,0.00,0.00,0.00,219.96,0.22,47.66,0.00,0.00,0.00
220.25,0.44,96.38,0.00,0.00,0.00,0.00,0.00,0.00,219.71,0.22,47.55,0.00,0.00,0.00
219.35,0.44,96.05,0.00,0.00,0.00,0.00,0.00,0.00,220.84,0.22,47.83,0.00,0.00,0.00
215.45,0.44,94.30,0.00,0.00,0.00,0.00,0.00,0.00,220.26,0.22,47.72,0.00,0.00,0.00
220.00,0.44,96.40,0.00,0.00,0.00,0.00,0.00,0.00,219.97,0.22,48.13,0.00,0.00,0.00
219.75,0.44,96.29,0.00,0.00,0.00,0.00,0.00,0.00,220.60,0.22,48.04,0.00,0.00,0.00
219.58,0.44,95.73,0.00,0.00,0.00,0.00,0.00,0.00,218.71,0.21,46.98,0.00,0.00,0.00
219.57,0.44,96.01,0.00,0.00,0.00,0.00,0.00,0.00,219.58,0.22,47.60,0.00,0.00,0.00
219.20,0.44,95.69,0.00,0.00,0.00,0.00,0.00,0.00,219.58,0.21,47.39,0.00,0.00,0.00
220.65,0.44,96.24,0.00,0.00,0.00,0.00,0.00,0.00,218.47,0.21,47.09,0.00,0.00,0.00
222.62,0.43,96.83,0.00,0.00,0.00,0.00,0.00,0.00,218.47,0.21,46.75,0.00,0.00,0.00
220.86,0.44,96.45,0.00,0.00,0.00,0.00,0.00,0.00,220.12,0.21,47.46,0.00,0.00,0.00
218.58,0.44,95.43,0.00,0.00,0.00,0.00,0.00,0.00,219.17,0.21,47.28,0.00,0.00,0.00
219.06,0.44,95.96,0.00,0.00,0.00,0.00,0.00,0.00,220.53,0.22,47.84,0.00,0.00,0.00
221.57,0.44,96.70,0.00,0.00,0.00,0.00,0.00,0.00,218.77,0.21,47.15,0.00,0.00,0.00
220.22,0.44,96.00,0.00,0.00,0.00,0.00,0.00,0.00,218.62,0.21,46.94,0.00,0.00,0.00
221.34,0.44,96.43,0.00,0.00,0.00,0.00,0.00,0.00,218.00,0.21,46.74,0.00,0.00,0.00
221.59,0.44,97.46,0.00,0.00,0.00,0.00,0.00,0.00,223.35,0.22,48.78,0.00,0.00,0.00
219.79,0.43,95.42,0.00,0.00,0.00,0.00,0.00,0.00,217.02,0.21,46.21,0.00,0.00,0.00
217.85,0.44,95.32,0.00,0.00,0.00,0.00,0.00,0.00,220.65,0.22,47.76,0.00,0.00,0.00
221.53,0.44,96.78,0.00,0.00,0.00,0.00,0.00,0.00,219.83,0.21,47.47,0.00,0.00,0.00
219.14,0.44,95.93,0.00,0.00,0.00,0.00,0.00,0.00,220.28,0.22,47.77,0.00,0.00,0.00
219.34,0.44,96.02,0.00,0.00,0.00,0.00,0.00,0.00,220.59,0.22,47.87,0.00,0.00,0.00
216.26,0.44,94.28,0.00,0.00,0.00,0.00,0.00,0.00,218.52,0.21,46.98,0.00,0.00,0.00
218.74,0.44,95.70,0.00,0.00,0.00,0.00,0.00,0.00,220.64,0.22,47.75,0.00,0.00,0.00
219.10,0.44,95.83,0.00,0.00,0.00,0.00,0.00,0.00,220.45,0.22,47.64,0.00,0.00,0.00
219.77,0.44,95.87,0.00,0.00,0.00,0.00,0.00,0.00,218.79,0.21,47.14,0.00,0.00,0.00
218.18,0.44,95.28,0.00,0.00,0.00,0.00,0.00,0.00,219.58,0.21,47.43,0.00,0.00,0.00
219.02,0.44,95.71,0.00,0.00,0.00,0.00,0.00,0.00,220.08,0.21,47.51,0.00,0.00,0.00
221.91,0.44,96.65,0.00,0.00,0.00,0.00,0.00,0.00,218.00,0.21,46.72,0.00,0.00,0.00
221.80,0.44,96.48,0.00,0.00,0.00,0.00,0.00,0.00,217.22,0.21,46.59,0.00,0.00,0.00
220.63,0.44,96.03,0.00,0.00,0.00,0.00,0.00,0.00,218.05,0.21,46.80,0.00,0.00,0.00
221.72,0.43,96.23,0.00,0.00,0.00,0.00,0.00,0.00,216.64,0.21,46.37,0.00,0.00,0.00
220.69,0.44,96.12,0.00,0.00,0.00,0.00,0.00,0.00,218.36,0.21,46.80,0.00,0.00,0.00
220.31,0.44,96.30,0.00,0.00,0.00,0.00,0.00,0.00,218.94,0.21,47.29,0.00,0.00,0.00
220.50,0.44,96.43,0.00,0.00,0.00,0.00,0.00,0.00,220.28,0.22,47.72,0.00,0.00,0.00
220.04,0.44,96.66,0.00,0.00,0.00,0.00,0.00,0.00,222.08,0.22,48.45,0.00,0.00,0.00
218.47,0.44,95.13,0.00,0.00,0.00,0.00,0.00,0.00,217.81,0.21,46.81,0.00,0.00,0.00
222.19,0.44,96.70,0.00,0.00,0.00,0.00,0.00,0.00,218.78,0.21,46.94,0.00,0.00,0.00
217.38,0.44,95.19,0.00,0.00,0.00,0.00,0.00,0.00,219.89,0.22,47.61,0.00,0.00,0.00
219.06,0.44,95.96,0.00,0.00,0.00,0.00,0.00,0.00,220.43,0.22,47.86,0.00,0.00,0.00
220.52,0.44,96.16,0.00,0.00,0.00,0.00,0.00,0.00,219.25,0.21,47.15,0.00,0.00,0.00
218.75,0.44,95.97,0.00,0.00,0.00,0.00,0.00,0.00,220.46,0.22,48.06,0.00,0.00,0.00
219.87,0.44,96.15,0.00,0.00,0.00,0.00,0.00,0.00,220.09,0.22,47.72,0.00,0.00,0.00
218.66,0.44,95.57,0.00,0.00,0.00,0.00,0.00,0.00,219.61,0.21,47.40,0.00,0.00,0.00
219.38,0.44,95.97,0.00,0.00,0.00,0.00,0.00,0.00,220.51,0.22,47.69,0.00,0.00,0.00
219.12,0.44,95.56,0.00,0.00,0.00,0.00,0.00,0.00,218.78,0.21,47.18,0.00,0.00,0.00
219.71,0.44,95.74,0.00,0.00,0.00,0.00,0.00,0.00,218.97,0.21,46.99,0.00,0.00,0.00
217.31,0.44,94.98,0.00,0.00,0.00,0.00,0.00,0.00,220.72,0.21,47.71,0.00,0.00,0.00
217.39,0.43,94.56,0.00,0.00,0.00,0.00,0.00,0.00,217.53,0.21,46.73,0.00,0.00,0.00
220.21,0.44,96.50,0.00,0.00,0.00,0.00,0.00,0.00,221.42,0.22,48.05,0.00,0.00,0.00
220.70,0.44,96.68,0.00,0.00,0.00,0.00,0.00,0.00,220.85,0.22,47.98,0.00,0.00,0.00
222.01,0.44,97.35,0.00,0.00,0.00,0.00,0.00,0.00,219.96,0.22,47.90,0.00,0.00,0.00
221.60,0.43,95.80,0.00,0.00,0.00,0.00,0.00,0.00,214.55,0.21,45.49,0.00,0.00,0.00
220.55,0.44,96.09,0.00,0.00,0.00,0.00,0.00,0.00,218.10,0.21,46.79,0.00,0.00,0.00
221.28,0.44,96.79,0.00,0.00,0.00,0.00,0.00,0.00,219.65,0.22,47.63,0.00,0.00,0.00
219.87,0.44,95.85,0.00,0.00,0.00,0.00,0.00,0.00,218.41,0.21,46.99,0.00,0.00,0.00
221.35,0.44,96.86,0.00,0.00,0.00,0.00,0.00,0.00,219.48,0.22,47.50,0.00,0.00,0.00
219.63,0.44,95.99,0.00,0.00,0.00,0.00,0.00,0.00,219.71,0.21,47.58,0.00,0.00,0.00
220.86,0.43,95.57,0.00,0.00,0.00,0.00,0.00,0.00,215.74,0.21,45.66,0.00,0.00,0.00
220.30,0.44,96.20,0.00,0.00,0.00,0.00,0.00,0.00,220.04,0.21,47.54,0.00,0.00,0.00
217.86,0.44,95.34,0.00,0.00,0.00,0.00,0.00,0.00,220.01,0.22,47.63,0.00,0.00,0.00
218.91,0.44,95.53,0.00,0.00,0.00,0.00,0.00,0.00,218.96,0.21,47.09,0.00,0.00,0.00
220.67,0.44,96.14,0.00,0.00,0.00,0.00,0.00,0.00,218.08,0.21,46.85,0.00,0.00,0.00
221.03,0.44,97.06,0.00,0.00,0.00,0.00,0.00,0.00,220.68,0.22,48.20,0.00,0.00,0.00
219.95,0.44,96.10,0.00,0.00,0.00,0.00,0.00,0.00,218.87,0.21,47.22,0.00,0.00,0.00
220.88,0.44,96.34,0.00,0.00,0.00,0.00,0.00,0.00,219.01,0.21,47.09,0.00,0.00,0.00
222.23,0.44,97.10,0.00,0.00,0.00,0.00,0.00,0.00,219.79,0.21,47.54,0.00,0.00,0.00
221.38,0.44,96.66,0.00,0.00,0.00,0.00,0.00,0.00,219.57,0.21,47.25,0.00,0.00,0.00
222.08,0.44,96.66,0.00,0.00,0.00,0.00,0.00,0.00,218.02,0.21,46.80,0.00,0.00,0.00
222.89,0.44,97.24,0.00,0.00,0.00,0.00,0.00,0.00,219.96,0.21,47.32,0.00,0.00,0.00
222.00,0.44,96.68,0.00,0.00,0.00,0.00,0.00,0.00,217.39,0.21,46.59,0.00,0.00,0.00
221.48,0.44,96.63,0.00,0.00,0.00,0.00,0.00,0.00,218.90,0.21,47.09,0.00,0.00,0.00
219.66,0.44,95.71,0.00,0.00,0.00,0.00,0.00,0.00,218.08,0.21,46.78,0.00,0.00,0.00
221.02,0.44,96.31,0.00,0.00,0.00,0.00,0.00,0.00,218.90,0.21,46.98,0.00,0.00,0.00
219.02,0.44,95.77,0.00,0.00,0.00,0.00,0.00,0.00,219.24,0.22,47.48,0.00,0.00,0.00
218.49,0.44,95.54,0.00,0.00,0.00,0.00,0.00,0.00,220.30,0.22,47.61,0.00,0.00,0.00
220.15,0.44,96.37,0.00,0.00,0.00,0.00,0.00,0.00,220.58,0.22,47.76,0.00,0.00,0.00
216.75,0.44,95.03,0.00,0.00,0.00,0.00,0.00,0.00,221.80,0.22,48.18,0.00,0.00,0.00
223.25,0.44,97.56,0.00,0.00,0.00,0.00,0.00,0.00,219.39,0.21,47.33,0.00,0.00,0.00
219.04,0.44,95.29,0.00,0.00,0.00,0.00,0.00,0.00,218.21,0.21,46.77,0.00,0.00,0.00
221.35,0.44,96.58,0.00,0.00,0.00,0.00,0.00,0.00,218.87,0.21,47.22,0.00,0.00,0.00
222.72,0.44,97.27,0.00,0.00,0.00,0.00,0.00,0.00,219.21,0.21,47.40,0.00,0.00,0.00
218.55,0.44,95.78,0.00,0.00,0.00,0.00,0.00,0.00,220.46,0.22,47.83,0.00,0.00,0.00
219.46,0.44,96.11,0.00,0.00,0.00,0.00,0.00,0.00,220.64,0.22,47.94,0.00,0.00,0.00
217.11,0.43,94.41,0.00,0.00,0.00,0.00,0.00,0.00,217.04,0.21,46.59,0.00,0.00,0.00
217.71,0.44,95.04,0.00,0.00,0.00,0.00,0.00,0.00,218.91,0.21,47.07,0.00,0.00,0.00
221.19,0.44,96.34,0.00,0.00,0.00,0.00,0.00,0.00,217.60,0.21,46.78,0.00,0.00,0.00
222.80,0.44,97.17,0.00,0.00,0.00,0.00,0.00,0.00,219.12,0.21,47.08,0.00,0.00,0.00
220.78,0.44,96.24,0.00,0.00,0.00,0.00,0.00,0.00,218.41,0.21,46.88,0.00,0.00,0.00
220.30,0.44,96.02,0.00,0.00,0.00,0.00,0.00,0.00,218.66,0.21,47.06,0.00,0.00,0.00
220.73,0.44,96.09,0.00,0.00,0.00,0.00,0.00,0.00,218.16,0.21,46.71,0.00,0.00,0.00
220.90,0.44,96.23,0.00,0.00,0.00,0.00,0.00,0.00,218.17,0.21,46.87,0.00,0.00,0.00
216.33,0.43,94.00,0.00,0.00,0.00,0.00,0.00,0.00,216.97,0.21,46.44,0.00,0.00,0.00
219.88,0.44,96.20,0.00,0.00,0.00,0.00,0.00,0.00,221.15,0.22,47.95,0.00,0.00,0.00
219.59,0.43,95.50,0.00,0.00,0.00,0.00,0.00,0.00,217.62,0.21,46.76,0.00,0.00,0.00
220.94,0.44,96.76,0.00,0.00,0.00,0.00,0.00,0.00,220.89,0.22,47.97,0.00,0.00,0.00
219.62,0.44,96.02,0.00,0.00,0.00,0.00,0.00,0.00,219.96,0.22,47.50,0.00,0.00,0.00
220.19,0.44,96.40,0.00,0.00,0.00,0.00,0.00,0.00,220.64,0.22,47.83,0.00,0.00,0.00
221.78,0.44,96.98,0.00,0.00,0.00,0.00,0.00,0.00,219.50,0.22,47.58,0.00,0.00,0.00
219.00,0.44,95.92,0.00,0.00,0.00,0.00,0.00,0.00,220.60,0.22,47.86,0.00,0.00,0.00
220.37,0.44,96.62,0.00,0.00,0.00,0.00,0.00,0.00,221.04,0.22,48.16,0.00,0.00,0.00
220.62,0.43,95.69,0.00,0.00,0.00,0.00,0.00,0.00,216.97,0.21,46.33,0.00,0.00,0.00
221.17,0.44,96.63,0.00,0.00,0.00,0.00,0.00,0.00,219.61,0.21,47.48,0.00,0.00,0.00
220.64,0.44,96.17,0.00,0.00,0.00,0.00,0.00,0.00,218.13,0.21,46.93,0.00,0.00,0.00
221.61,0.44,96.65,0.00,0.00,0.00,0.00,0.00,0.00,219.50,0.21,47.30,0.00,0.00,0.00
221.55,0.43,95.72,0.00,0.00,0.00,0.00,0.00,0.00,214.20,0.21,45.19,0.00,0.00,0.00
221.11,0.44,96.46,0.00,0.00,0.00,0.00,0.00,0.00,218.26,0.21,46.93,0.00,0.00,0.00
221.70,0.44,96.61,0.00,0.00,0.00,0.00,0.00,0.00,218.88,0.21,46.94,0.00,0.00,0.00
223.57,0.44,97.53,0.00,0.00,0.00,0.00,0.00,0.00,218.99,0.21,47.23,0.00,0.00,0.00
220.80,0.43,95.48,0.00,0.00,0.00,0.00,0.00,0.00,214.24,0.21,45.28,0.00,0.00,0.00
220.80,0.44,96.56,0.00,0.00,0.00,0.00,0.00,0.00,220.06,0.22,47.70,0.00,0.00,0.00
219.97,0.43,95.65,0.00,0.00,0.00,0.00,0.00,0.00,217.07,0.21,46.68,0.00,0.00,0.00
218.90,0.44,95.47,0.00,0.00,0.00,0.00,0.00,0.00,218.37,0.21,46.90,0.00,0.00,0.00
221.91,0.44,96.77,0.00,0.00,0.00,0.00,0.00,0.00,218.98,0.21,47.11,0.00,0.00,0.00
219.25,0.44,95.50,0.00,0.00,0.00,0.00,0.00,0.00,217.80,0.21,46.77,0.00,0.00,0.00
218.12,0.44,95.45,0.00,0.00,0.00,0.00,0.00,0.00,220.29,0.22,47.65,0.00,0.00,0.00
218.86,0.44,95.88,0.00,0.00,0.00,0.00,0.00,0.00,219.75,0.22,47.64,0.00,0.00,0.00
220.55,0.44,96.46,0.00,0.00,0.00,0.00,0.00,0.00,220.34,0.22,47.64,0.00,0.00,0.00
220.78,0.44,96.42,0.00,0.00,0.00,0.00,0.00,0.00,218.94,0.21,47.21,0.00,0.00,0.00
221.93,0.44,96.70,0.00,0.00,0.00,0.00,0.00,0.00,217.79,0.21,46.74,0.00,0.00,0.00
221.09,0.44,96.46,0.00,0.00,0.00,0.00,0.00,0.00,219.25,0.21,47.29,0.00,0.00,0.00
222.21,0.44,96.96,0.00,0.00,0.00,0.00,0.00,0.00,219.03,0.21,47.05,0.00,0.00,0.00
220.52,0.44,96.17,0.00,0.00,0.00,0.00,0.00,0.00,219.45,0.21,47.18,0.00,0.00,0.00
219.10,0.43,95.18,0.00,0.00,0.00,0.00,0.00,0.00,216.53,0.21,46.20,0.00,0.00,0.00
215.39,0.44,94.58,0.00,0.00,0.00,0.00,0.00,0.00,221.99,0.22,48.50,0.00,0.00,0.00
220.93,0.44,96.82,0.00,0.00,0.00,0.00,0.00,0.00,220.65,0.22,47.90,0.00,0.00,0.00
219.21,0.44,96.31,0.00,0.00,0.00,0.00,0.00,0.00,222.27,0.22,48.47,0.00,0.00,0.00
218.56,0.44,95.49,0.00,0.00,0.00,0.00,0.00,0.00,219.66,0.21,47.38,0.00,0.00,0.00
220.67,0.44,96.31,0.00,0.00,0.00,0.00,0.00,0.00,219.19,0.21,47.20,0.00,0.00,0.00
221.56,0.44,96.77,0.00,0.00,0.00,0.00,0.00,0.00,220.06,0.21,47.53,0.00,0.00,0.00
219.63,0.44,95.76,0.00,0.00,0.00,0.00,0.00,0.00,217.68,0.21,46.87,0.00,0.00,0.00
220.55,0.44,96.03,0.00,0.00,0.00,0.00,0.00,0.00,217.47,0.21,46.71,0.00,0.00,0.00
220.46,0.44,96.04,0.00,0.00,0.00,0.00,0.00,0.00,217.47,0.21,46.62,0.00,0.00,0.00
219.59,0.44,96.16,0.00,0.00,0.00,0.00,0.00,0.00,220.27,0.22,47.77,0.00,0.00,0.00
219.65,0.44,96.13,0.00,0.00,0.00,0.00,0.00,0.00,219.84,0.22,47.68,0.00,0.00,0.00
220.17,0.44,96.37,0.00,0.00,0.00,0.00,0.00,0.00,220.38,0.22,47.84,0.00,0.00,0.00
218.89,0.44,96.02,0.00,0.00,0.00,0.00,0.00,0.00,220.73,0.22,48.02,0.00,0.00,0.00
214.83,0.44,93.87,0.00,0.00,0.00,0.00,0.00,0.00,219.73,0.21,47.55,0.00,0.00,0.00
219.47,0.44,96.19,0.00,0.00,0.00,0.00,0.00,0.00,221.72,0.22,48.15,0.00,0.00,0.00
220.00,0.44,96.54,0.00,0.00,0.00,0.00,0.00,0.00,222.10,0.22,48.47,0.00,0.00,0.00
219.93,0.44,96.01,0.00,0.00,0.00,0.00,0.00,0.00,219.04,0.21,47.31,0.00,0.00,0.00
222.55,0.44,97.31,0.00,0.00,0.00,0.00,0.00,0.00,219.94,0.22,47.63,0.00,0.00,0.00
221.50,0.43,96.23,0.00,0.00,0.00,0.00,0.00,0.00,217.45,0.21,46.52,0.00,0.00,0.00
221.60,0.44,96.46,0.00,0.00,0.00,0.00,0.00,0.00,217.67,0.21,46.66,0.00,0.00,0.00
218.78,0.44,95.63,0.00,0.00,0.00,0.00,0.00,0.00,220.15,0.21,47.53,0.00,0.00,0.00
220.25,0.44,96.22,0.00,0.00,0.00,0.00,0.00,0.00,220.31,0.21,47.51,0.00,0.00,0.00
220.77,0.44,96.45,0.00,0.00,0.00,0.00,0.00,0.00,219.10,0.21,47.37,0.00,0.00,0.00
221.31,0.43,95.99,0.00,0.00,0.00,0.00,0.00,0.00,216.17,0.21,46.20,0.00,0.00,0.00
218.64,0.44,95.83,0.00,0.00,0.00,0.00,0.00,0.00,221.37,0.22,47.81,0.00,0.00,0.00
221.39,0.44,97.02,0.00,0.00,0.00,0.00,0.00,0.00,221.03,0.22,47.99,0.00,0.00,0.00
221.98,0.44,96.61,0.00,0.00,0.00,0.00,0.00,0.00,218.72,0.21,46.83,0.00,0.00,0.00
220.49,0.44,96.46,0.00,0.00,0.00,0.00,0.00,0.00,219.94,0.22,47.55,0.00,0.00,0.00
218.58,0.43,94.53,0.00,0.00,0.00,0.00,0.00,0.00,215.77,0.21,45.75,0.00,0.00,0.00
221.36,0.44,96.69,0.00,0.00,0.00,0.00,0.00,0.00,218.90,0.21,47.16,0.00,0.00,0.00
221.48,0.44,96.72,0.00,0.00,0.00,0.00,0.00,0.00,219.48,0.21,47.29,0.00,0.00,0.00
222.44,0.43,96.13,0.00,0.00,0.00,0.00,0.00,0.00,214.40,0.21,45.28,0.00,0.00,0.00
219.40,0.44,95.74,0.00,0.00,0.00,0.00,0.00,0.00,218.92,0.21,47.25,0.00,0.00,0.00
220.51,0.44,96.61,0.00,0.00,0.00,0.00,0.00,0.00,220.86,0.22,47.92,0.00,0.00,0.00
218.65,0.44,95.70,0.00,0.00,0.00,0.00,0.00,0.00,220.44,0.22,47.73,0.00,0.00,0.00
220.01,0.44,96.47,0.00,0.00,0.00,0.00,0.00,0.00,220.75,0.22,47.97,0.00,0.00,0.00
219.94,0.44,96.38,0.00,0.00,0.00,0.00,0.00,0.00,220.99,0.22,48.10,0.00,0.00,0.00
219.74,0.44,96.18,0.00,0.00,0.00,0.00,0.00,0.00,220.41,0.22,47.86,0.00,0.00,0.00
217.74,0.44,95.34,0.00,0.00,0.00,0.00,0.00,0.00,220.90,0.22,48.04,0.00,0.00,0.00
221.36,0.44,96.73,0.00,0.00,0.00,0.00,0.00,0.00,221.88,0.21,47.72,0.00,0.00,0.00
223.11,0.44,97.28,0.00,0.00,0.00,0.00,0.00,0.00,218.55,0.21,47.09,0.00,0.00,0.00
222.61,0.43,96.39,0.00,0.00,0.00,0.00,0.00,0.00,215.57,0.21,45.66,0.00,0.00,0.00
216.56,0.44,94.83,0.00,0.00,0.00,0.00,0.00,0.00,220.27,0.22,47.85,0.00,0.00,0.00
221.15,0.44,96.31,0.00,0.00,0.00,0.00,0.00,0.00,218.11,0.21,46.73,0.00,0.00,0.00
220.70,0.44,96.46,0.00,0.00,0.00,0.00,0.00,0.00,219.72,0.21,47.39,0.00,0.00,0.00
220.65,0.44,96.88,0.00,0.00,0.00,0.00,0.00,0.00,222.35,0.22,48.69,0.00,0.00,0.00
219.24,0.44,96.13,0.00,0.00,0.00,0.00,0.00,0.00,220.84,0.22,48.01,0.00,0.00,0.00
220.12,0.44,96.38,0.00,0.00,0.00,0.00,0.00,0.00,220.45,0.22,47.83,0.00,0.00,0.00
218.30,0.44,95.66,0.00,0.00,0.00,0.00,0.00,0.00,221.62,0.22,48.13,0.00,0.00,0.00
218.15,0.44,95.59,0.00,0.00,0.00,0.00,0.00,0.00,221.03,0.22,47.95,0.00,0.00,0.00
221.52,0.44,96.90,0.00,0.00,0.00,0.00,0.00,0.00,219.89,0.22,47.58,0.00,0.00,0.00
221.92,0.44,96.91,0.00,0.00,0.00,0.00,0.00,0.00,219.57,0.21,47.45,0.00,0.00,0.00
223.93,0.43,97.27,0.00,0.00,0.00,0.00,0.00,0.00,216.70,0.21,46.21,0.00,0.00,0.00
222.09,0.44,97.00,0.00,0.00,0.00,0.00,0.00,0.00,218.81,0.21,47.34,0.00,0.00,0.00
220.47,0.44,96.07,0.00,0.00,0.00,0.00,0.00,0.00,219.70,0.21,46.81,0.00,0.00,0.00
226.00,0.44,98.68,0.00,0.00,0.00,0.00,0.00,0.00,219.16,0.21,47.33,0.00,0.00,0.00
218.37,0.44,95.38,0.00,0.00,0.00,0.00,0.00,0.00,219.60,0.21,47.45,0.00,0.00,0.00
221.68,0.44,96.90,0.00,0.00,0.00,0.00,0.00,0.00,219.59,0.21,47.50,0.00,0.00,0.00
219.89,0.44,96.17,0.00,0.00,0.00,0.00,0.00,0.00,220.82,0.22,47.76,0.00,0.00,0.00
218.65,0.44,95.38,0.00,0.00,0.00,0.00,0.00,0.00,218.20,0.21,46.91,0.00,0.00,0.00
219.22,0.44,95.96,0.00,0.00,0.00,0.00,0.00,0.00,221.27,0.22,47.93,0.00,0.00,0.00
220.13,0.44,96.44,0.00,0.00,0.00,0.00,0.00,0.00,220.39,0.22,47.85,0.00,0.00,0.00
220.11,0.44,95.83,0.00,0.00,0.00,0.00,0.00,0.00,218.09,0.21,46.69,0.00,0.00,0.00
217.32,0.44,95.03,0.00,0.00,0.00,0.00,0.00,0.00,219.47,0.22,47.41,0.00,0.00,0.00
219.00,0.44,95.66,0.00,0.00,0.00,0.00,0.00,0.00,218.93,0.21,47.30,0.00,0.00,0.00
219.25,0.44,96.08,0.00,0.00,0.00,0.00,0.00,0.00,220.97,0.22,48.07,0.00,0.00,0.00
220.14,0.44,96.31,0.00,0.00,0.00,0.00,0.00,0.00,220.04,0.22,47.73,0.00,0.00,0.00
221.62,0.44,96.84,0.00,0.00,0.00,0.00,0.00,0.00,219.62,0.21,47.51,0.00,0.00,0.00
220.40,0.44,96.02,0.00,0.00,0.00,0.00,0.00,0.00,218.11,0.21,46.79,0.00,0.00,0.00
221.67,0.44,97.26,0.00,0.00,0.00,0.00,0.00,0.00,221.48,0.22,48.27,0.00,0.00,0.00
218.90,0.44,95.74,0.00,0.00,0.00,0.00,0.00,0.00,219.89,0.22,47.68,0.00,0.00,0.00
219.60,0.44,95.66,0.00,0.00,0.00,0.00,0.00,0.00,217.99,0.21,46.73,0.00,0.00,0.00
221.03,0.44,96.53,0.00,0.00,0.00,0.00,0.00,0.00,218.16,0.21,47.14,0.00,0.00,0.00
221.86,0.44,96.73,0.00,0.00,0.00,0.00,0.00,0.00,219.00,0.21,47.19,0.00,0.00,0.00
219.80,0.44,96.24,0.00,0.00,0.00,0.00,0.00,0.00,220.06,0.22,47.81,0.00,0.00,0.00
222.09,0.44,97.28,0.00,0.00,0.00,0.00,0.00,0.00,220.26,0.22,47.84,0.00,0.00,0.00
222.66,0.44,97.80,0.00,0.00,0.00,0.00,0.00,0.00,221.48,0.22,48.34,0.00,0.00,0.00
221.10,0.44,96.75,0.00,0.00,0.00,0.00,0.00,0.00,220.12,0.22,47.64,0.00,0.00,0.00
219.49,0.44,95.86,0.00,0.00,0.00,0.00,0.00,0.00,219.76,0.21,47.45,0.00,0.00,0.00
220.69,0.44,96.45,0.00,0.00,0.00,0.00,0.00,0.00,219.06,0.21,47.26,0.00,0.00,0.00
221.72,0.44,96.95,0.00,0.00,0.00,0.00,0.00,0.00,219.60,0.22,47.45,0.00,0.00,0.00
220.97,0.43,95.63,0.00,0.00,0.00,0.00,0.00,0.00,214.38,0.21,45.63,0.00,0.00,0.00
222.09,0.44,97.44,0.00,0.00,0.00,0.00,0.00,0.00,220.64,0.22,47.97,0.00,0.00,0.00
222.86,0.44,97.71,0.00,0.00,0.00,0.00,0.00,0.00,220.48,0.22,47.86,0.00,0.00,0.00
222.17,0.44,97.44,0.00,0.00,0.00,0.00,0.00,0.00,221.50,0.22,48.13,0.00,0.00,0.00
219.16,0.44,96.01,0.00,0.00,0.00,0.00,0.00,0.00,220.48,0.22,47.89,0.00,0.00,0.00
221.16,0.44,97.01,0.00,0.00,0.00,0.00,0.00,0.00,220.66,0.22,48.12,0.00,0.00,0.00
218.97,0.44,95.82,0.00,0.00,0.00,0.00,0.00,0.00,219.98,0.22,47.68,0.00,0.00,0.00
220.93,0.43,96.00,0.00,0.00,0.00,0.00,0.00,0.00,216.38,0.21,46.18,0.00,0.00,0.00
219.77,0.44,95.85,0.00,0.00,0.00,0.00,0.00,0.00,218.63,0.21,47.01,0.00,0.00,0.00
219.52,0.44,95.96,0.00,0.00,0.00,0.00,0.00,0.00,218.75,0.21,47.21,0.00,0.00,0.00
220.47,0.44,96.39,0.00,0.00,0.00,0.00,0.00,0.00,219.82,0.22,47.62,0.00,0.00,0.00
220.39,0.43,95.63,0.00,0.00,0.00,0.00,0.00,0.00,216.64,0.21,46.13,0.00,0.00,0.00
219.33,0.44,95.65,0.00,0.00,0.00,0.00,0.00,0.00,218.14,0.21,46.87,0.00,0.00,0.00
220.45,0.44,96.55,0.00,0.00,0.00,0.00,0.00,0.00,220.20,0.22,47.85,0.00,0.00,0.00
221.61,0.44,96.70,0.00,0.00,0.00,0.00,0.00,0.00,218.74,0.21,47.06,0.00,0.00,0.00
220.86,0.44,96.32,0.00,0.00,0.00,0.00,0.00,0.00,219.17,0.21,47.09,0.00,0.00,0.00
221.88,0.44,96.93,0.00,0.00,0.00,0.00,0.00,0.00,220.05,0.21,47.46,0.00,0.00,0.00
216.02,0.44,94.32,0.00,0.00,0.00,0.00,0.00,0.00,219.14,0.21,47.26,0.00,0.00,0.00
222.11,0.44,96.90,0.00,0.00,0.00,0.00,0.00,0.00,219.39,0.21,47.30,0.00,0.00,0.00
221.42,0.43,96.31,0.00,0.00,0.00,0.00,0.00,0.00,217.82,0.21,46.68,0.00,0.00,0.00
220.03,0.44,95.99,0.00,0.00,0.00,0.00,0.00,0.00,219.12,0.21,47.14,0.00,0.00,0.00
221.54,0.44,97.03,0.00,0.00,0.00,0.00,0.00,0.00,220.39,0.22,47.80,0.00,0.00,0.00
221.06,0.44,97.12,0.00,0.00,0.00,0.00,0.00,0.00,221.99,0.22,48.53,0.00,0.00,0.00
216.45,0.44,94.84,0.00,0.00,0.00,0.00,0.00,0.00,221.15,0.22,48.13,0.00,0.00,0.00
220.16,0.44,96.43,0.00,0.00,0.00,0.00,0.00,0.00,221.00,0.22,48.07,0.00,0.00,0.00
219.41,0.44,96.44,0.00,0.00,0.00,0.00,0.00,0.00,222.29,0.22,48.53,0.00,0.00,0.00
223.35,0.44,98.04,0.00,0.00,0.00,0.00,0.00,0.00,221.79,0.22,48.35,0.00,0.00,0.00
221.68,0.44,96.97,0.00,0.00,0.00,0.00,0.00,0.00,219.80,0.22,47.54,0.00,0.00,0.00
221.10,0.44,96.55,0.00,0.00,0.00,0.00,0.00,0.00,220.40,0.21,47.50,0.00,0.00,0.00
221.04,0.44,96.40,0.00,0.00,0.00,0.00,0.00,0.00,219.24,0.21,47.15,0.00,0.00,0.00
220.57,0.44,96.48,0.00,0.00,0.00,0.00,0.00,0.00,220.16,0.22,47.66,0.00,0.00,0.00
221.17,0.44,96.59,0.00,0.00,0.00,0.00,0.00,0.00,219.32,0.21,47.27,0.00,0.00,0.00
217.75,0.44,95.48,0.00,0.00,0.00,0.00,0.00,0.00,221.33,0.22,48.22,0.00,0.00,0.00
220.48,0.44,96.62,0.00,0.00,0.00,0.00,0.00,0.00,220.82,0.22,47.94,0.00,0.00,0.00
221.08,0.44,96.73,0.00,0.00,0.00,0.00,0.00,0.00,221.02,0.22,47.82,0.00,0.00,0.00
222.14,0.44,97.07,0.00,0.00,0.00,0.00,0.00,0.00,219.25,0.21,47.43,0.00,0.00,0.00
220.84,0.43,95.68,0.00,0.00,0.00,0.00,0.00,0.00,215.52,0.21,45.89,0.00,0.00,0.00
220.65,0.44,96.31,0.00,0.00,0.00,0.00,0.00,0.00,219.41,0.21,47.22,0.00,0.00,0.00
220.25,0.44,95.88,0.00,0.00,0.00,0.00,0.00,0.00,218.18,0.21,46.79,0.00,0.00,0.00
219.65,0.44,95.84,0.00,0.00,0.00,0.00,0.00,0.00,219.19,0.21,47.20,0.00,0.00,0.00
220.56,0.43,95.72,0.00,0.00,0.00,0.00,0.00,0.00,222.74,0.21,47.06,0.00,0.00,0.00
220.33,0.44,96.21,0.00,0.00,0.00,0.00,0.00,0.00,219.71,0.21,47.47,0.00,0.00,0.00
219.32,0.44,95.62,0.00,0.00,0.00,0.00,0.00,0.00,218.69,0.21,47.09,0.00,0.00,0.00
220.23,0.44,96.79,0.00,0.00,0.00,0.00,0.00,0.00,221.60,0.22,48.51,0.00,0.00,0.00
222.60,0.44,97.51,0.00,0.00,0.00,0.00,0.00,0.00,220.70,0.22,47.90,0.00,0.00,0.00
221.02,0.44,96.22,0.00,0.00,0.00,0.00,0.00,0.00,217.94,0.21,46.89,0.00,0.00,0.00
222.42,0.44,97.38,0.00,0.00,0.00,0.00,0.00,0.00,220.52,0.22,47.75,0.00,0.00,0.00
223.71,0.44,98.12,0.00,0.00,0.00,0.00,0.00,0.00,220.85,0.22,48.17,0.00,0.00,0.00
223.19,0.44,98.02,0.00,0.00,0.00,0.00,0.00,0.00,222.11,0.22,48.56,0.00,0.00,0.00
220.86,0.44,96.25,0.00,0.00,0.00,0.00,0.00,0.00,218.52,0.21,46.89,0.00,0.00,0.00
220.71,0.44,96.68,0.00,0.00,0.00,0.00,0.00,0.00,221.85,0.22,48.10,0.00,0.00,0.00
220.00,0.44,96.67,0.00,0.00,0.00,0.00,0.00,0.00,222.11,0.22,48.61,0.00,0.00,0.00
222.90,0.44,97.25,0.00,0.00,0.00,0.00,0.00,0.00,219.69,0.21,47.53,0.00,0.00,0.00
221.23,0.44,97.48,0.00,0.00,0.00,0.00,0.00,0.00,223.47,0.22,49.11,0.00,0.00,0.00
221.44,0.44,97.31,0.00,0.00,0.00,0.00,0.00,0.00,222.70,0.22,48.63,0.00,0.00,0.00
222.24,0.44,97.01,0.00,0.00,0.00,0.00,0.00,0.00,219.61,0.21,47.58,0.00,0.00,0.00
221.98,0.44,97.86,0.00,0.00,0.00,0.00,0.00,0.00,224.13,0.22,49.38,0.00,0.00,0.00
221.32,0.44,97.24,0.00,0.00,0.00,0.00,0.00,0.00,221.90,0.22,48.43,0.00,0.00,0.00
222.29,0.44,97.52,0.00,0.00,0.00,0.00,0.00,0.00,221.42,0.22,48.32,0.00,0.00,0.00
223.72,0.44,98.10,0.00,0.00,0.00,0.00,0.00,0.00,221.21,0.22,48.05,0.00,0.00,0.00
222.79,0.44,97.99,0.00,0.00,0.00,0.00,0.00,0.00,222.58,0.22,48.70,0.00,0.00,0.00
222.46,0.33,73.96,0.00,0.00,0.00,0.00,0.00,0.00,0.00,0.00,0.00,0.00,0.00,0.00
223.73,0.23,51.25,0.00,0.00,0.00,0.00,0.00,0.00,0.00,0.00,0.00,0.00,0.00,0.00
218.41,0.22,48.56,0.00,0.00,0.00,0.00,0.00,0.00,0.00,0.00,0.00,0.00,0.00,0.00
222.22,0.23,50.31,0.00,0.00,0.00,0.00,0.00,0.00,0.00,0.00,0.00,0.00,0.00,0.00
221.95,0.23,50.46,0.00,0.00,0.00,0.00,0.00,0.00,0.00,0.00,0.00,0.00,0.00,0.00
221.68,0.23,50.35,0.00,0.00,0.00,0.00,0.00,0.00,0.00,0.00,0.00,0.00,0.00,0.00
221.94,0.23,50.37,0.00,0.00,0.00,0.00,0.00,0.00,0.00,0.00,0.00,0.00,0.00,0.00
223.22,0.23,50.91,0.00,0.00,0.00,0.00,0.00,0.00,0.00,0.00,0.00,0.00,0.00,0.00
224.69,0.23,51.44,0.00,0.00,0.00,0.00,0.00,0.00,0.00,0.00,0.00,0.00,0.00,0.00
223.06,0.23,50.77,0.00,0.00,0.00,0.00,0.00,0.00,0.00,0.00,0.00,0.00,0.00,0.00
224.97,0.23,51.66,0.00,0.00,0.00,0.00,0.00,0.00,0.00,0.00,0.00,0.00,0.00,0.00
222.21,0.23,50.79,0.00,0.00,0.00,0.00,0.00,0.00,0.00,0.00,0.00,0.00,0.00,0.00
222.59,0.45,100.80,0.00,0.00,0.00,221.89,0.23,38.11,0.00,0.00,0.00,0.00,0.00,0.00
223.52,0.44,98.81,0.00,0.00,0.00,222.82,0.22,34.85,0.00,0.00,0.00,0.00,0.00,0.00
221.23,0.44,98.08,0.00,0.00,0.00,220.53,0.22,35.67,0.00,0.00,0.00,0.00,0.00,0.00
220.13,0.44,97.43,0.00,0.00,0.00,219.43,0.22,35.23,0.00,0.00,0.00,0.00,0.00,0.00
221.85,0.44,98.26,0.00,0.00,0.00,221.15,0.22,35.32,0.00,0.00,0.00,0.00,0.00,0.00
223.14,0.44,98.43,0.00,0.00,0.00,222.44,0.22,34.98,0.00,0.00,0.00,0.00,0.00,0.00
220.57,0.44,97.53,0.00,0.00,0.00,219.87,0.22,35.08,0.00,0.00,0.00,0.00,0.00,0.00
222.18,0.44,97.74,0.00,0.00,0.00,221.48,0.22,34.42,0.00,0.00,0.00,0.00,0.00,0.00
221.28,0.44,96.79,0.00,0.00,0.00,220.58,0.22,33.14,0.00,0.00,0.00,0.00,0.00,0.00
221.19,0.44,97.70,0.00,0.00,0.00,220.49,0.22,35.45,0.00,0.00,0.00,0.00,0.00,0.00
222.70,0.44,98.37,0.00,0.00,0.00,222.00,0.22,34.82,0.00,0.00,0.00,0.00,0.00,0.00
219.57,0.44,96.97,0.00,0.00,0.00,218.87,0.22,34.80,0.00,0.00,0.00,0.00,0.00,0.00
221.30,0.44,97.64,0.00,0.00,0.00,220.60,0.22,35.34,0.00,0.00,0.00,0.00,0.00,0.00
220.53,0.44,97.10,0.00,0.00,0.00,219.83,0.22,34.31,0.00,0.00,0.00,0.00,0.00,0.00
221.06,0.44,97.66,0.00,0.00,0.00,220.36,0.22,34.99,0.00,0.00,0.00,0.00,0.00,0.00
221.43,0.44,98.09,0.00,0.00,0.00,220.73,0.22,35.32,0.00,0.00,0.00,0.00,0.00,0.00
223.97,0.44,99.11,0.00,0.00,0.00,223.27,0.22,35.28,0.00,0.00,0.00,0.00,0.00,0.00
220.16,0.45,98.24,0.00,0.00,0.00,219.46,0.22,36.29,0.00,0.00,0.00,0.00,0.00,0.00
221.96,0.44,97.23,0.00,0.00,0.00,221.26,0.22,33.05,0.00,0.00,0.00,0.00,0.00,0.00
218.42,0.44,96.30,0.00,0.00,0.00,217.72,0.22,34.54,0.00,0.00,0.00,0.00,0.00,0.00
217.37,0.44,95.53,0.00,0.00,0.00,216.67,0.22,34.43,0.00,0.00,0.00,0.00,0.00,0.00
219.20,0.44,96.91,0.00,0.00,0.00,218.50,0.22,35.54,0.00,0.00,0.00,0.00,0.00,0.00
222.32,0.44,97.72,0.00,0.00,0.00,221.62,0.22,34.35,0.00,0.00,0.00,0.00,0.00,0.00
221.59,0.44,98.08,0.00,0.00,0.00,220.89,0.22,35.34,0.00,0.00,0.00,0.00,0.00,0.00
220.93,0.44,97.71,0.00,0.00,0.00,220.23,0.22,34.95,0.00,0.00,0.00,0.00,0.00,0.00
217.05,0.44,95.78,0.00,0.00,0.00,216.35,0.22,34.93,0.00,0.00,0.00,0.00,0.00,0.00
221.82,0.44,97.72,0.00,0.00,0.00,221.12,0.22,33.54,0.00,0.00,0.00,0.00,0.00,0.00
222.61,0.44,98.03,0.00,0.00,0.00,221.91,0.22,34.54,0.00,0.00,0.00,0.00,0.00,0.00
222.93,0.44,98.86,0.00,0.00,0.00,222.23,0.22,35.75,0.00,0.00,0.00,0.00,0.00,0.00
221.45,0.44,97.72,0.00,0.00,0.00,220.75,0.22,34.84,0.00,0.00,0.00,0.00,0.00,0.00
220.41,0.44,97.34,0.00,0.00,0.00,219.71,0.22,34.77,0.00,0.00,0.00,0.00,0.00,0.00
222.85,0.44,97.69,0.00,0.00,0.00,222.15,0.22,33.46,0.00,0.00,0.00,0.00,0.00,0.00
219.68,0.44,96.79,0.00,0.00,0.00,218.98,0.22,34.73,0.00,0.00,0.00,0.00,0.00,0.00
221.54,0.44,97.57,0.00,0.00,0.00,220.84,0.22,34.67,0.00,0.00,0.00,0.00,0.00,0.00
223.00,0.44,98.61,0.00,0.00,0.00,222.30,0.22,34.17,0.00,0.00,0.00,0.00,0.00,0.00
223.74,0.44,99.22,0.00,0.00,0.00,223.04,0.22,35.00,0.00,0.00,0.00,0.00,0.00,0.00
220.99,0.44,97.65,0.00,0.00,0.00,220.29,0.22,35.64,0.00,0.00,0.00,0.00,0.00,0.00
220.34,0.44,96.94,0.00,0.00,0.00,219.64,0.22,33.69,0.00,0.00,0.00,0.00,0.00,0.00
220.16,0.44,96.98,0.00,0.00,0.00,219.46,0.22,34.49,0.00,0.00,0.00,0.00,0.00,0.00
220.98,0.44,97.75,0.00,0.00,0.00,220.28,0.22,35.33,0.00,0.00,0.00,0.00,0.00,0.00
221.19,0.44,97.37,0.00,0.00,0.00,220.49,0.22,34.37,0.00,0.00,0.00,0.00,0.00,0.00
222.95,0.44,98.37,0.00,0.00,0.00,222.25,0.22,35.15,0.00,0.00,0.00,0.00,0.00,0.00
221.52,0.44,98.18,0.00,0.00,0.00,220.82,0.22,34.83,0.00,0.00,0.00,0.00,0.00,0.00
221.26,0.44,97.57,0.00,0.00,0.00,220.56,0.22,34.81,0.00,0.00,0.00,0.00,0.00,0.00
220.10,0.44,96.84,0.00,0.00,0.00,219.40,0.22,34.50,0.00,0.00,0.00,0.00,0.00,0.00
223.58,0.44,98.89,0.00,0.00,0.00,222.88,0.22,35.22,0.00,0.00,0.00,0.00,0.00,0.00
221.31,0.44,97.93,0.00,0.00,0.00,220.61,0.22,35.15,0.00,0.00,0.00,0.00,0.00,0.00
221.47,0.44,96.88,0.00,0.00,0.00,220.77,0.22,32.82,0.00,0.00,0.00,0.00,0.00,0.00
220.44,0.44,97.11,0.00,0.00,0.00,219.74,0.22,34.47,0.00,0.00,0.00,0.00,0.00,0.00
223.98,0.44,99.34,0.00,0.00,0.00,223.28,0.22,35.62,0.00,0.00,0.00,0.00,0.00,0.00
220.94,0.44,97.96,0.00,0.00,0.00,220.24,0.22,35.38,0.00,0.00,0.00,0.00,0.00,0.00
218.58,0.44,95.97,0.00,0.00,0.00,217.88,0.22,34.23,0.00,0.00,0.00,0.00,0.00,0.00
223.50,0.44,98.67,0.00,0.00,0.00,222.80,0.22,35.19,0.00,0.00,0.00,0.00,0.00,0.00
220.77,0.44,97.33,0.00,0.00,0.00,220.07,0.22,34.10,0.00,0.00,0.00,0.00,0.00,0.00
218.35,0.44,96.98,0.00,0.00,0.00,217.65,0.22,35.42,0.00,0.00,0.00,0.00,0.00,0.00
221.20,0.44,98.11,0.00,0.00,0.00,220.50,0.22,35.67,0.00,0.00,0.00,0.00,0.00,0.00
219.12,0.44,96.43,0.00,0.00,0.00,218.42,0.22,34.25,0.00,0.00,0.00,0.00,0.00,0.00
222.87,0.44,98.32,0.00,0.00,0.00,222.17,0.22,35.24,0.00,0.00,0.00,0.00,0.00,0.00
221.97,0.44,97.90,0.00,0.00,0.00,221.27,0.22,34.81,0.00,0.00,0.00,0.00,0.00,0.00
215.53,0.44,95.28,0.00,0.00,0.00,214.83,0.22,34.41,0.00,0.00,0.00,0.00,0.00,0.00
222.46,0.44,98.23,0.00,0.00,0.00,221.76,0.22,35.05,0.00,0.00,0.00,0.00,0.00,0.00
221.80,0.44,97.92,0.00,0.00,0.00,221.10,0.22,34.96,0.00,0.00,0.00,0.00,0.00,0.00
220.03,0.44,97.06,0.00,0.00,0.00,219.33,0.22,35.25,0.00,0.00,0.00,0.00,0.00,0.00
222.60,0.44,98.31,0.00,0.00,0.00,221.90,0.22,34.19,0.00,0.00,0.00,0.00,0.00,0.00
222.83,0.44,97.93,0.00,0.00,0.00,222.13,0.22,34.21,0.00,0.00,0.00,0.00,0.00,0.00
220.47,0.44,97.05,0.00,0.00,0.00,219.77,0.22,34.47,0.00,0.00,0.00,0.00,0.00,0.00
220.29,0.44,97.04,0.00,0.00,0.00,219.59,0.22,34.34,0.00,0.00,0.00,0.00,0.00,0.00
221.64,0.44,97.79,0.00,0.00,0.00,220.94,0.22,34.61,0.00,0.00,0.00,0.00,0.00,0.00
220.51,0.44,97.31,0.00,0.00,0.00,219.81,0.22,34.95,0.00,0.00,0.00,0.00,0.00,0.00
221.92,0.44,97.47,0.00,0.00,0.00,221.22,0.22,33.93,0.00,0.00,0.00,0.00,0.00,0.00
222.59,0.44,98.71,0.00,0.00,0.00,221.89,0.22,35.70,0.00,0.00,0.00,0.00,0.00,0.00
220.69,0.44,96.76,0.00,0.00,0.00,219.99,0.22,33.70,0.00,0.00,0.00,0.00,0.00,0.00
219.77,0.44,96.69,0.00,0.00,0.00,219.07,0.22,33.85,0.00,0.00,0.00,0.00,0.00,0.00
219.76,0.44,96.83,0.00,0.00,0.00,219.06,0.22,34.28,0.00,0.00,0.00,0.00,0.00,0.00
220.53,0.44,97.24,0.00,0.00,0.00,219.83,0.22,33.43,0.00,0.00,0.00,0.00,0.00,0.00
222.24,0.44,98.11,0.00,0.00,0.00,221.54,0.22,34.28,0.00,0.00,0.00,0.00,0.00,0.00
222.84,0.44,98.33,0.00,0.00,0.00,222.14,0.22,34.95,0.00,0.00,0.00,0.00,0.00,0.00
222.63,0.44,97.90,0.00,0.00,0.00,221.93,0.22,34.39,0.00,0.00,0.00,0.00,0.00,0.00
221.80,0.44,98.13,0.00,0.00,0.00,221.10,0.22,35.05,0.00,0.00,0.00,0.00,0.00,0.00
222.16,0.44,98.25,0.00,0.00,0.00,221.46,0.22,35.06,0.00,0.00,0.00,0.00,0.00,0.00
216.95,0.44,95.64,0.00,0.00,0.00,216.25,0.22,34.16,0.00,0.00,0.00,0.00,0.00,0.00
220.46,0.44,97.12,0.00,0.00,0.00,219.76,0.22,34.95,0.00,0.00,0.00,0.00,0.00,0.00
222.80,0.44,98.30,0.00,0.00,0.00,222.10,0.22,34.66,0.00,0.00,0.00,0.00,0.00,0.00
223.15,0.44,98.92,0.00,0.00,0.00,222.45,0.22,34.81,0.00,0.00,0.00,0.00,0.00,0.00
223.85,0.44,98.96,0.00,0.00,0.00,223.15,0.22,34.09,0.00,0.00,0.00,0.00,0.00,0.00
222.69,0.44,98.05,0.00,0.00,0.00,221.99,0.22,34.53,0.00,0.00,0.00,0.00,0.00,0.00
221.64,0.44,96.93,0.00,0.00,0.00,220.94,0.22,32.82,0.00,0.00,0.00,0.00,0.00,0.00
223.52,0.44,99.05,0.00,0.00,0.00,222.82,0.22,35.87,0.00,0.00,0.00,0.00,0.00,0.00
219.53,0.44,96.41,0.00,0.00,0.00,218.83,0.22,34.49,0.00,0.00,0.00,0.00,0.00,0.00
223.31,0.44,98.57,0.00,0.00,0.00,222.61,0.22,34.76,0.00,0.00,0.00,0.00,0.00,0.00
222.51,0.44,98.53,0.00,0.00,0.00,221.81,0.22,35.37,0.00,0.00,0.00,0.00,0.00,0.00
221.29,0.44,97.90,0.00,0.00,0.00,220.59,0.22,35.20,0.00,0.00,0.00,0.00,0.00,0.00
218.71,0.44,96.04,0.00,0.00,0.00,218.01,0.22,34.38,0.00,0.00,0.00,0.00,0.00,0.00
223.09,0.44,98.49,0.00,0.00,0.00,222.39,0.22,34.81,0.00,0.00,0.00,0.00,0.00,0.00
221.62,0.44,97.64,0.00,0.00,0.00,220.92,0.22,34.86,0.00,0.00,0.00,0.00,0.00,0.00
221.86,0.44,97.73,0.00,0.00,0.00,221.16,0.22,34.42,0.00,0.00,0.00,0.00,0.00,0.00
222.62,0.44,98.95,0.00,0.00,0.00,221.92,0.22,34.98,0.00,0.00,0.00,0.00,0.00,0.00
221.71,0.44,98.13,0.00,0.00,0.00,221.01,0.22,35.14,0.00,0.00,0.00,0.00,0.00,0.00
218.62,0.44,95.91,0.00,0.00,0.00,217.92,0.22,34.05,0.00,0.00,0.00,0.00,0.00,0.00
221.13,0.44,97.47,0.00,0.00,0.00,220.43,0.22,33.51,0.00,0.00,0.00,0.00,0.00,0.00
222.50,0.44,98.34,0.00,0.00,0.00,221.80,0.22,34.86,0.00,0.00,0.00,0.00,0.00,0.00
223.04,0.44,99.00,0.00,0.00,0.00,222.34,0.22,35.97,0.00,0.00,0.00,0.00,0.00,0.00
221.66,0.44,97.36,0.00,0.00,0.00,220.96,0.22,33.95,0.00,0.00,0.00,0.00,0.00,0.00
220.98,0.44,97.53,0.00,0.00,0.00,220.28,0.22,34.90,0.00,0.00,0.00,0.00,0.00,0.00
224.64,0.44,99.74,0.00,0.00,0.00,223.94,0.22,35.49,0.00,0.00,0.00,0.00,0.00,0.00
221.23,0.44,97.90,0.00,0.00,0.00,220.53,0.22,34.45,0.00,0.00,0.00,0.00,0.00,0.00
220.54,0.44,97.30,0.00,0.00,0.00,219.84,0.22,34.75,0.00,0.00,0.00,0.00,0.00,0.00
221.25,0.44,98.37,0.00,0.00,0.00,220.55,0.22,36.00,0.00,0.00,0.00,0.00,0.00,0.00
221.59,0.44,97.61,0.00,0.00,0.00,220.89,0.22,34.67,0.00,0.00,0.00,0.00,0.00,0.00
221.09,0.44,97.64,0.00,0.00,0.00,220.39,0.22,34.98,0.00,0.00,0.00,0.00,0.00,0.00
223.48,0.44,98.57,0.00,0.00,0.00,222.78,0.22,33.65,0.00,0.00,0.00,0.00,0.00,0.00
223.57,0.44,98.74,0.00,0.00,0.00,222.87,0.22,34.79,0.00,0.00,0.00,0.00,0.00,0.00
221.73,0.44,97.44,0.00,0.00,0.00,221.03,0.22,34.33,0.00,0.00,0.00,0.00,0.00,0.00
221.90,0.44,97.94,0.00,0.00,0.00,221.20,0.22,34.20,0.00,0.00,0.00,0.00,0.00,0.00
222.29,0.44,98.63,0.00,0.00,0.00,221.59,0.22,36.12,0.00,0.00,0.00,0.00,0.00,0.00
222.19,0.44,98.00,0.00,0.00,0.00,221.49,0.22,34.82,0.00,0.00,0.00,0.00,0.00,0.00
220.83,0.44,97.45,0.00,0.00,0.00,220.13,0.22,34.77,0.00,0.00,0.00,0.00,0.00,0.00
221.78,0.44,98.35,0.00,0.00,0.00,221.08,0.22,35.56,0.00,0.00,0.00,0.00,0.00,0.00
222.98,0.44,98.64,0.00,0.00,0.00,222.28,0.22,35.24,0.00,0.00,0.00,0.00,0.00,0.00
222.26,0.44,97.89,0.00,0.00,0.00,221.56,0.22,34.69,0.00,0.00,0.00,0.00,0.00,0.00
222.32,0.44,98.61,0.00,0.00,0.00,221.62,0.22,35.73,0.00,0.00,0.00,0.00,0.00,0.00
224.15,0.44,99.49,0.00,0.00,0.00,223.45,0.22,35.94,0.00,0.00,0.00,0.00,0.00,0.00
221.30,0.44,97.94,0.00,0.00,0.00,220.60,0.22,35.10,0.00,0.00,0.00,0.00,0.00,0.00
222.54,0.44,97.97,0.00,0.00,0.00,221.84,0.22,34.51,0.00,0.00,0.00,0.00,0.00,0.00
221.31,0.44,97.14,0.00,0.00,0.00,220.61,0.22,34.19,0.00,0.00,0.00,0.00,0.00,0.00
221.26,0.44,97.94,0.00,0.00,0.00,220.56,0.22,35.75,0.00,0.00,0.00,0.00,0.00,0.00
221.68,0.44,98.25,0.00,0.00,0.00,220.98,0.22,35.98,0.00,0.00,0.00,0.00,0.00,0.00
221.32,0.44,97.89,0.00,0.00,0.00,220.62,0.22,35.72,0.00,0.00,0.00,0.00,0.00,0.00
221.82,0.44,97.78,0.00,0.00,0.00,221.12,0.22,35.16,0.00,0.00,0.00,0.00,0.00,0.00
222.08,0.44,98.57,0.00,0.00,0.00,221.38,0.22,35.75,0.00,0.00,0.00,0.00,0.00,0.00
221.48,0.44,97.49,0.00,0.00,0.00,220.78,0.22,34.67,0.00,0.00,0.00,0.00,0.00,0.00
221.64,0.44,97.96,0.00,0.00,0.00,220.94,0.22,35.04,0.00,0.00,0.00,0.00,0.00,0.00
222.44,0.44,98.38,0.00,0.00,0.00,221.74,0.22,35.48,0.00,0.00,0.00,0.00,0.00,0.00
223.24,0.44,98.69,0.00,0.00,0.00,222.54,0.22,35.11,0.00,0.00,0.00,0.00,0.00,0.00
221.41,0.44,97.46,0.00,0.00,0.00,220.71,0.22,34.64,0.00,0.00,0.00,0.00,0.00,0.00
220.94,0.44,97.79,0.00,0.00,0.00,220.24,0.22,35.02,0.00,0.00,0.00,0.00,0.00,0.00
222.24,0.44,98.35,0.00,0.00,0.00,221.54,0.22,35.27,0.00,0.00,0.00,0.00,0.00,0.00
221.27,0.44,97.99,0.00,0.00,0.00,220.57,0.22,35.75,0.00,0.00,0.00,0.00,0.00,0.00
220.37,0.44,97.76,0.00,0.00,0.00,219.67,0.22,34.81,0.00,0.00,0.00,0.00,0.00,0.00
220.40,0.44,96.89,0.00,0.00,0.00,219.70,0.22,34.31,0.00,0.00,0.00,0.00,0.00,0.00
223.01,0.44,98.31,0.00,0.00,0.00,222.31,0.22,34.68,0.00,0.00,0.00,0.00,0.00,0.00
222.72,0.44,98.19,0.00,0.00,0.00,222.02,0.22,33.66,0.00,0.00,0.00,0.00,0.00,0.00
215.44,0.44,94.75,0.00,0.00,0.00,214.74,0.22,34.37,0.00,0.00,0.00,0.00,0.00,0.00
220.48,0.44,96.91,0.00,0.00,0.00,219.78,0.22,34.37,0.00,0.00,0.00,0.00,0.00,0.00
223.23,0.44,99.14,0.00,0.00,0.00,222.53,0.22,36.16,0.00,0.00,0.00,0.00,0.00,0.00
220.39,0.44,96.94,0.00,0.00,0.00,219.69,0.22,34.59,0.00,0.00,0.00,0.00,0.00,0.00
222.40,0.44,97.85,0.00,0.00,0.00,221.70,0.22,34.28,0.00,0.00,0.00,0.00,0.00,0.00
217.77,0.44,96.14,0.00,0.00,0.00,217.07,0.22,33.80,0.00,0.00,0.00,0.00,0.00,0.00
222.67,0.44,98.52,0.00,0.00,0.00,221.97,0.22,35.54,0.00,0.00,0.00,0.00,0.00,0.00
220.03,0.44,97.26,0.00,0.00,0.00,219.33,0.22,35.42,0.00,0.00,0.00,0.00,0.00,0.00
220.28,0.44,96.84,0.00,0.00,0.00,219.58,0.22,34.40,0.00,0.00,0.00,0.00,0.00,0.00
221.49,0.44,97.25,0.00,0.00,0.00,220.79,0.22,34.25,0.00,0.00,0.00,0.00,0.00,0.00
222.08,0.44,97.88,0.00,0.00,0.00,221.38,0.22,33.68,0.00,0.00,0.00,0.00,0.00,0.00
221.22,0.44,97.47,0.00,0.00,0.00,220.52,0.22,34.99,0.00,0.00,0.00,0.00,0.00,0.00
221.35,0.44,97.39,0.00,0.00,0.00,220.65,0.22,34.84,0.00,0.00,0.00,0.00,0.00,0.00
221.71,0.44,98.19,0.00,0.00,0.00,221.01,0.22,35.33,0.00,0.00,0.00,0.00,0.00,0.00
221.43,0.44,97.59,0.00,0.00,0.00,220.73,0.22,33.89,0.00,0.00,0.00,0.00,0.00,0.00
221.86,0.44,97.69,0.00,0.00,0.00,221.16,0.22,34.62,0.00,0.00,0.00,0.00,0.00,0.00
222.70,0.44,98.65,0.00,0.00,0.00,222.00,0.22,35.47,0.00,0.00,0.00,0.00,0.00,0.00
219.42,0.44,97.10,0.00,0.00,0.00,218.72,0.22,35.31,0.00,0.00,0.00,0.00,0.00,0.00
219.95,0.44,96.81,0.00,0.00,0.00,219.25,0.22,34.78,0.00,0.00,0.00,0.00,0.00,0.00
218.49,0.44,95.84,0.00,0.00,0.00,217.79,0.22,34.01,0.00,0.00,0.00,0.00,0.00,0.00
220.52,0.44,97.53,0.00,0.00,0.00,219.82,0.22,35.00,0.00,0.00,0.00,0.00,0.00,0.00
223.06,0.44,98.00,0.00,0.00,0.00,222.36,0.22,33.94,0.00,0.00,0.00,0.00,0.00,0.00
221.14,0.44,97.97,0.00,0.00,0.00,220.44,0.22,34.93,0.00,0.00,0.00,0.00,0.00,0.00
220.56,0.44,96.91,0.00,0.00,0.00,219.86,0.22,33.26,0.00,0.00,0.00,0.00,0.00,0.00
221.82,0.44,98.08,0.00,0.00,0.00,221.12,0.22,35.16,0.00,0.00,0.00,0.00,0.00,0.00
222.75,0.44,98.64,0.00,0.00,0.00,222.05,0.22,34.37,0.00,0.00,0.00,0.00,0.00,0.00
221.35,0.44,98.02,0.00,0.00,0.00,220.65,0.22,35.80,0.00,0.00,0.00,0.00,0.00,0.00
217.30,0.44,95.90,0.00,0.00,0.00,216.60,0.22,33.85,0.00,0.00,0.00,0.00,0.00,0.00
221.65,0.45,99.99,0.00,0.00,0.00,220.95,0.23,37.07,0.00,0.00,0.00,0.00,0.00,0.00
222.72,0.44,97.91,0.00,0.00,0.00,222.02,0.22,34.07,0.00,0.00,0.00,0.00,0.00,0.00
221.42,0.44,97.47,0.00,0.00,0.00,220.72,0.22,35.04,0.00,0.00,0.00,0.00,0.00,0.00
223.10,0.44,98.09,0.00,0.00,0.00,222.40,0.22,34.32,0.00,0.00,0.00,0.00,0.00,0.00
222.11,0.44,98.18,0.00,0.00,0.00,221.41,0.22,35.55,0.00,0.00,0.00,0.00,0.00,0.00
220.60,0.44,97.30,0.00,0.00,0.00,219.90,0.22,35.00,0.00,0.00,0.00,0.00,0.00,0.00
221.84,0.44,98.10,0.00,0.00,0.00,221.14,0.22,35.47,0.00,0.00,0.00,0.00,0.00,0.00
220.58,0.44,97.75,0.00,0.00,0.00,219.88,0.22,35.47,0.00,0.00,0.00,0.00,0.00,0.00
219.47,0.44,96.27,0.00,0.00,0.00,218.77,0.22,33.69,0.00,0.00,0.00,0.00,0.00,0.00
219.44,0.44,96.62,0.00,0.00,0.00,218.74,0.22,34.62,0.00,0.00,0.00,0.00,0.00,0.00
223.51,0.44,98.28,0.00,0.00,0.00,222.81,0.22,34.19,0.00,0.00,0.00,0.00,0.00,0.00
221.14,0.44,98.12,0.00,0.00,0.00,220.44,0.22,34.83,0.00,0.00,0.00,0.00,0.00,0.00
221.68,0.44,97.40,0.00,0.00,0.00,220.98,0.22,33.52,0.00,0.00,0.00,0.00,0.00,0.00
223.07,0.44,98.55,0.00,0.00,0.00,222.37,0.22,35.04,0.00,0.00,0.00,0.00,0.00,0.00
223.00,0.44,98.76,0.00,0.00,0.00,222.30,0.22,35.18,0.00,0.00,0.00,0.00,0.00,0.00
221.36,0.44,97.11,0.00,0.00,0.00,220.66,0.22,33.04,0.00,0.00,0.00,0.00,0.00,0.00
221.75,0.44,98.32,0.00,0.00,0.00,221.05,0.22,35.68,0.00,0.00,0.00,0.00,0.00,0.00
225.29,0.44,99.93,0.00,0.00,0.00,224.59,0.22,35.66,0.00,0.00,0.00,0.00,0.00,0.00
220.60,0.44,96.79,0.00,0.00,0.00,219.90,0.22,32.96,0.00,0.00,0.00,0.00,0.00,0.00
221.89,0.44,98.14,0.00,0.00,0.00,221.19,0.22,35.22,0.00,0.00,0.00,0.00,0.00,0.00
221.29,0.44,97.83,0.00,0.00,0.00,220.59,0.22,34.54,0.00,0.00,0.00,0.00,0.00,0.00
220.79,0.44,97.30,0.00,0.00,0.00,220.09,0.22,34.03,0.00,0.00,0.00,0.00,0.00,0.00
220.26,0.44,97.37,0.00,0.00,0.00,219.56,0.22,35.49,0.00,0.00,0.00,0.00,0.00,0.00
222.58,0.44,97.62,0.00,0.00,0.00,221.88,0.22,33.45,0.00,0.00,0.00,0.00,0.00,0.00
222.86,0.44,98.55,0.00,0.00,0.00,222.16,0.22,35.29,0.00,0.00,0.00,0.00,0.00,0.00
221.45,0.44,97.76,0.00,0.00,0.00,220.75,0.22,35.44,0.00,0.00,0.00,0.00,0.00,0.00
221.45,0.44,97.72,0.00,0.00,0.00,220.75,0.22,35.27,0.00,0.00,0.00,0.00,0.00,0.00
222.49,0.44,98.35,0.00,0.00,0.00,221.79,0.22,35.01,0.00,0.00,0.00,0.00,0.00,0.00
223.09,0.44,98.55,0.00,0.00,0.00,222.39,0.22,34.48,0.00,0.00,0.00,0.00,0.00,0.00
223.71,0.44,98.98,0.00,0.00,0.00,223.01,0.22,34.62,0.00,0.00,0.00,0.00,0.00,0.00
221.64,0.44,97.44,0.00,0.00,0.00,220.94,0.22,33.97,0.00,0.00,0.00,0.00,0.00,0.00
221.45,0.44,97.47,0.00,0.00,0.00,220.75,0.22,34.60,0.00,0.00,0.00,0.00,0.00,0.00
222.97,0.44,98.92,0.00,0.00,0.00,222.27,0.22,35.16,0.00,0.00,0.00,0.00,0.00,0.00
221.51,0.44,97.61,0.00,0.00,0.00,220.81,0.22,34.92,0.00,0.00,0.00,0.00,0.00,0.00
221.29,0.44,97.08,0.00,0.00,0.00,220.59,0.22,34.26,0.00,0.00,0.00,0.00,0.00,0.00
222.53,0.44,98.45,0.00,0.00,0.00,221.83,0.22,35.66,0.00,0.00,0.00,0.00,0.00,0.00
222.48,0.44,98.61,0.00,0.00,0.00,221.78,0.22,35.49,0.00,0.00,0.00,0.00,0.00,0.00
221.78,0.44,98.19,0.00,0.00,0.00,221.08,0.22,34.80,0.00,0.00,0.00,0.00,0.00,0.00
220.68,0.44,97.28,0.00,0.00,0.00,219.98,0.22,35.10,0.00,0.00,0.00,0.00,0.00,0.00
222.98,0.44,98.72,0.00,0.00,0.00,222.28,0.22,35.35,0.00,0.00,0.00,0.00,0.00,0.00
220.30,0.44,97.10,0.00,0.00,0.00,219.60,0.22,35.24,0.00,0.00,0.00,0.00,0.00,0.00
221.02,0.44,96.53,0.00,0.00,0.00,220.32,0.21,32.83,0.00,0.00,0.00,0.00,0.00,0.00
221.30,0.44,97.41,0.00,0.00,0.00,220.60,0.22,35.11,0.00,0.00,0.00,0.00,0.00,0.00
222.21,0.44,98.61,0.00,0.00,0.00,221.51,0.22,34.73,0.00,0.00,0.00,0.00,0.00,0.00
220.48,0.44,97.41,0.00,0.00,0.00,219.78,0.22,35.29,0.00,0.00,0.00,0.00,0.00,0.00
226.96,0.44,100.50,0.00,0.00,0.00,226.26,0.22,35.52,0.00,0.00,0.00,0.00,0.00,0.00
221.66,0.44,98.38,0.00,0.00,0.00,220.96,0.22,36.26,0.00,0.00,0.00,0.00,0.00,0.00
220.46,0.44,97.14,0.00,0.00,0.00,219.76,0.22,34.73,0.00,0.00,0.00,0.00,0.00,0.00
219.92,0.44,96.77,0.00,0.00,0.00,219.22,0.22,34.65,0.00,0.00,0.00,0.00,0.00,0.00
222.05,0.44,98.35,0.00,0.00,0.00,221.35,0.22,35.56,0.00,0.00,0.00,0.00,0.00,0.00
219.68,0.44,97.15,0.00,0.00,0.00,218.98,0.22,35.69,0.00,0.00,0.00,0.00,0.00,0.00
221.18,0.44,97.14,0.00,0.00,0.00,220.48,0.22,34.74,0.00,0.00,0.00,0.00,0.00,0.00
221.99,0.44,98.12,0.00,0.00,0.00,221.29,0.22,35.25,0.00,0.00,0.00,0.00,0.00,0.00
220.58,0.44,96.96,0.00,0.00,0.00,219.88,0.22,34.42,0.00,0.00,0.00,0.00,0.00,0.00
223.27,0.44,99.17,0.00,0.00,0.00,222.57,0.22,35.70,0.00,0.00,0.00,0.00,0.00,0.00
223.64,0.44,98.72,0.00,0.00,0.00,222.94,0.22,33.89,0.00,0.00,0.00,0.00,0.00,0.00
223.37,0.44,98.55,0.00,0.00,0.00,222.67,0.22,33.80,0.00,0.00,0.00,0.00,0.00,0.00
223.73,0.44,99.11,0.00,0.00,0.00,223.03,0.22,35.54,0.00,0.00,0.00,0.00,0.00,0.00
220.78,0.44,97.55,0.00,0.00,0.00,220.08,0.22,34.98,0.00,0.00,0.00,0.00,0.00,0.00
223.04,0.44,99.11,0.00,0.00,0.00,222.34,0.22,36.15,0.00,0.00,0.00,0.00,0.00,0.00
221.09,0.44,97.30,0.00,0.00,0.00,220.39,0.22,34.67,0.00,0.00,0.00,0.00,0.00,0.00
223.88,0.44,98.90,0.00,0.00,0.00,223.18,0.22,34.88,0.00,0.00,0.00,0.00,0.00,0.00
221.31,0.44,97.92,0.00,0.00,0.00,220.61,0.22,35.31,0.00,0.00,0.00,0.00,0.00,0.00
222.43,0.44,98.36,0.00,0.00,0.00,221.73,0.22,35.22,0.00,0.00,0.00,0.00,0.00,0.00
222.38,0.44,97.38,0.00,0.00,0.00,221.68,0.22,32.77,0.00,0.00,0.00,0.00,0.00,0.00
223.78,0.44,99.17,0.00,0.00,0.00,223.08,0.22,35.37,0.00,0.00,0.00,0.00,0.00,0.00
220.08,0.44,97.36,0.00,0.00,0.00,219.38,0.22,35.78,0.00,0.00,0.00,0.00,0.00,0.00
220.79,0.44,97.81,0.00,0.00,0.00,220.09,0.22,35.46,0.00,0.00,0.00,0.00,0.00,0.00
221.80,0.44,97.94,0.00,0.00,0.00,221.10,0.22,34.34,0.00,0.00,0.00,0.00,0.00,0.00
221.87,0.44,97.40,0.00,0.00,0.00,221.17,0.22,33.71,0.00,0.00,0.00,0.00,0.00,0.00
223.09,0.44,98.21,0.00,0.00,0.00,222.39,0.22,34.76,0.00,0.00,0.00,0.00,0.00,0.00
221.91,0.44,98.05,0.00,0.00,0.00,221.21,0.22,34.99,0.00,0.00,0.00,0.00,0.00,0.00
220.39,0.44,96.80,0.00,0.00,0.00,219.69,0.22,33.93,0.00,0.00,0.00,0.00,0.00,0.00
222.09,0.44,97.79,0.00,0.00,0.00,221.39,0.22,33.54,0.00,0.00,0.00,0.00,0.00,0.00
221.10,0.44,97.67,0.00,0.00,0.00,220.40,0.22,35.53,0.00,0.00,0.00,0.00,0.00,0.00
220.96,0.44,97.70,0.00,0.00,0.00,220.26,0.22,35.27,0.00,0.00,0.00,0.00,0.00,0.00
221.70,0.44,98.19,0.00,0.00,0.00,221.00,0.22,35.88,0.00,0.00,0.00,0.00,0.00,0.00
220.16,0.44,96.86,0.00,0.00,0.00,219.46,0.22,34.58,0.00,0.00,0.00,0.00,0.00,0.00
221.86,0.44,98.05,0.00,0.00,0.00,221.16,0.22,35.08,0.00,0.00,0.00,0.00,0.00,0.00
220.12,0.44,97.40,0.00,0.00,0.00,219.42,0.22,35.19,0.00,0.00,0.00,0.00,0.00,0.00
223.57,0.44,98.23,0.00,0.00,0.00,222.87,0.22,34.46,0.00,0.00,0.00,0.00,0.00,0.00
221.88,0.44,98.35,0.00,0.00,0.00,221.18,0.22,35.59,0.00,0.00,0.00,0.00,0.00,0.00
222.40,0.44,98.33,0.00,0.00,0.00,221.70,0.22,35.76,0.00,0.00,0.00,0.00,0.00,0.00
222.11,0.44,98.12,0.00,0.00,0.00,221.41,0.22,34.17,0.00,0.00,0.00,0.00,0.00,0.00
221.62,0.44,97.35,0.00,0.00,0.00,220.92,0.22,34.07,0.00,0.00,0.00,0.00,0.00,0.00
222.49,0.44,98.34,0.00,0.00,0.00,221.79,0.22,35.13,0.00,0.00,0.00,0.00,0.00,0.00
222.43,0.44,97.90,0.00,0.00,0.00,221.73,0.22,34.08,0.00,0.00,0.00,0.00,0.00,0.00
221.46,0.44,97.83,0.00,0.00,0.00,220.76,0.22,35.54,0.00,0.00,0.00,0.00,0.00,0.00
222.41,0.44,98.74,0.00,0.00,0.00,221.71,0.22,35.87,0.00,0.00,0.00,0.00,0.00,0.00
221.56,0.44,97.62,0.00,0.00,0.00,220.86,0.22,34.90,0.00,0.00,0.00,0.00,0.00,0.00
222.18,0.44,97.90,0.00,0.00,0.00,221.48,0.22,33.56,0.00,0.00,0.00,0.00,0.00,0.00
221.04,0.44,97.81,0.00,0.00,0.00,220.34,0.22,35.67,0.00,0.00,0.00,0.00,0.00,0.00
220.78,0.44,97.73,0.00,0.00,0.00,220.08,0.22,34.77,0.00,0.00,0.00,0.00,0.00,0.00
222.16,0.44,98.05,0.00,0.00,0.00,221.46,0.22,35.25,0.00,0.00,0.00,0.00,0.00,0.00
221.80,0.44,98.19,0.00,0.00,0.00,221.10,0.22,34.87,0.00,0.00,0.00,0.00,0.00,0.00
221.04,0.44,98.34,0.00,0.00,0.00,220.34,0.22,35.86,0.00,0.00,0.00,0.00,0.00,0.00
221.39,0.44,97.82,0.00,0.00,0.00,220.69,0.22,35.15,0.00,0.00,0.00,0.00,0.00,0.00
222.10,0.44,97.58,0.00,0.00,0.00,221.40,0.22,33.56,0.00,0.00,0.00,0.00,0.00,0.00
223.26,0.45,99.36,0.00,0.00,0.00,222.56,0.22,36.61,0.00,0.00,0.00,0.00,0.00,0.00
222.03,0.44,98.22,0.00,0.00,0.00,221.33,0.22,35.11,0.00,0.00,0.00,0.00,0.00,0.00
221.44,0.44,97.66,0.00,0.00,0.00,220.74,0.22,34.44,0.00,0.00,0.00,0.00,0.00,0.00
220.83,0.44,97.62,0.00,0.00,0.00,220.13,0.22,35.27,0.00,0.00,0.00,0.00,0.00,0.00
220.30,0.45,98.13,0.00,0.00,0.00,219.60,0.22,36.75,0.00,0.00,0.00,0.00,0.00,0.00
218.66,0.44,96.10,0.00,0.00,0.00,217.96,0.22,33.68,0.00,0.00,0.00,0.00,0.00,0.00
222.65,0.44,98.70,0.00,0.00,0.00,221.95,0.22,34.55,0.00,0.00,0.00,0.00,0.00,0.00
222.00,0.44,98.23,0.00,0.00,0.00,221.30,0.22,35.20,0.00,0.00,0.00,0.00,0.00,0.00
223.18,0.44,98.94,0.00,0.00,0.00,222.48,0.22,35.80,0.00,0.00,0.00,0.00,0.00,0.00
221.07,0.44,97.57,0.00,0.00,0.00,220.37,0.22,34.39,0.00,0.00,0.00,0.00,0.00,0.00
223.27,0.44,99.23,0.00,0.00,0.00,222.57,0.22,35.61,0.00,0.00,0.00,0.00,0.00,0.00
221.00,0.44,96.65,0.00,0.00,0.00,220.30,0.22,33.11,0.00,0.00,0.00,0.00,0.00,0.00
221.46,0.44,98.36,0.00,0.00,0.00,220.76,0.22,35.74,0.00,0.00,0.00,0.00,0.00,0.00
222.69,0.44,97.45,0.00,0.00,0.00,221.99,0.22,33.50,0.00,0.00,0.00,0.00,0.00,0.00
223.03,0.44,98.50,0.00,0.00,0.00,222.33,0.22,34.82,0.00,0.00,0.00,0.00,0.00,0.00
223.37,0.44,98.89,0.00,0.00,0.00,222.67,0.22,35.18,0.00,0.00,0.00,0.00,0.00,0.00
220.34,0.44,97.09,0.00,0.00,0.00,219.64,0.22,34.08,0.00,0.00,0.00,0.00,0.00,0.00
223.55,0.44,99.14,0.00,0.00,0.00,222.85,0.22,35.53,0.00,0.00,0.00,0.00,0.00,0.00
224.06,0.44,99.25,0.00,0.00,0.00,223.36,0.22,34.37,0.00,0.00,0.00,0.00,0.00,0.00
223.44,0.44,99.38,0.00,0.00,0.00,222.74,0.22,35.55,0.00,0.00,0.00,0.00,0.00,0.00
221.89,0.44,97.92,0.00,0.00,0.00,221.19,0.22,34.19,0.00,0.00,0.00,0.00,0.00,0.00
223.33,0.44,98.40,0.00,0.00,0.00,222.63,0.22,34.77,0.00,0.00,0.00,0.00,0.00,0.00
222.26,0.44,98.89,0.00,0.00,0.00,221.56,0.22,36.27,0.00,0.00,0.00,0.00,0.00,0.00
222.58,0.44,98.63,0.00,0.00,0.00,221.88,0.22,35.47,0.00,0.00,0.00,0.00,0.00,0.00
222.29,0.44,98.74,0.00,0.00,0.00,221.59,0.22,35.78,0.00,0.00,0.00,0.00,0.00,0.00
223.71,0.44,99.42,0.00,0.00,0.00,223.01,0.22,36.31,0.00,0.00,0.00,0.00,0.00,0.00
222.40,0.44,98.32,0.00,0.00,0.00,221.70,0.22,34.46,0.00,0.00,0.00,0.00,0.00,0.00
226.42,0.44,100.37,0.00,0.00,0.00,225.72,0.22,35.54,0.00,0.00,0.00,0.00,0.00,0.00
222.42,0.44,98.27,0.00,0.00,0.00,221.72,0.22,34.72,0.00,0.00,0.00,0.00,0.00,0.00
223.55,0.44,98.66,0.00,0.00,0.00,222.85,0.22,34.16,0.00,0.00,0.00,0.00,0.00,0.00
223.21,0.44,98.82,0.00,0.00,0.00,222.51,0.22,35.17,0.00,0.00,0.00,0.00,0.00,0.00
224.01,0.44,99.31,0.00,0.00,0.00,223.31,0.22,34.21,0.00,0.00,0.00,0.00,0.00,0.00
220.79,0.44,97.90,0.00,0.00,0.00,220.09,0.22,34.64,0.00,0.00,0.00,0.00,0.00,0.00
223.04,0.44,98.35,0.00,0.00,0.00,222.34,0.22,34.65,0.00,0.00,0.00,0.00,0.00,0.00
223.57,0.44,98.73,0.00,0.00,0.00,222.87,0.22,34.11,0.00,0.00,0.00,0.00,0.00,0.00
223.29,0.44,98.99,0.00,0.00,0.00,222.59,0.22,35.05,0.00,0.00,0.00,0.00,0.00,0.00
222.79,0.44,99.05,0.00,0.00,0.00,222.09,0.22,36.25,0.00,0.00,0.00,0.00,0.00,0.00
219.96,0.44,96.95,0.00,0.00,0.00,219.26,0.22,34.35,0.00,0.00,0.00,0.00,0.00,0.00
222.30,0.44,98.83,0.00,0.00,0.00,221.60,0.22,35.40,0.00,0.00,0.00,0.00,0.00,0.00
222.24,0.44,97.77,0.00,0.00,0.00,221.54,0.22,33.40,0.00,0.00,0.00,0.00,0.00,0.00
222.33,0.44,98.54,0.00,0.00,0.00,221.63,0.22,35.13,0.00,0.00,0.00,0.00,0.00,0.00
220.61,0.44,97.65,0.00,0.00,0.00,219.91,0.22,34.72,0.00,0.00,0.00,0.00,0.00,0.00
224.89,0.44,99.75,0.00,0.00,0.00,224.19,0.22,34.79,0.00,0.00,0.00,0.00,0.00,0.00
221.74,0.44,97.36,0.00,0.00,0.00,221.04,0.22,32.43,0.00,0.00,0.00,0.00,0.00,0.00
223.41,0.44,99.21,0.00,0.00,0.00,222.71,0.22,35.61,0.00,0.00,0.00,0.00,0.00,0.00
222.09,0.69,153.25,218.63,0.25,54.69,221.39,0.22,35.32,0.00,0.00,0.00,0.00,0.00,0.00
225.89,0.66,149.28,224.72,0.22,48.89,225.19,0.22,35.72,0.00,0.00,0.00,0.00,0.00,0.00
221.60,0.66,145.71,222.46,0.21,47.63,220.90,0.22,35.59,0.00,0.00,0.00,0.00,0.00,0.00
220.69,0.65,143.83,221.05,0.21,46.88,219.99,0.22,34.61,0.00,0.00,0.00,0.00,0.00,0.00
221.67,0.66,145.73,224.76,0.22,48.80,220.97,0.22,34.49,0.00,0.00,0.00,0.00,0.00,0.00
221.08,1.02,224.57,222.23,0.21,47.53,220.38,0.25,44.54,0.00,0.00,0.00,0.00,0.33,0.00
223.59,0.78,174.59,223.01,0.24,48.31,0.00,0.00,0.00,0.00,0.00,0.00,0.00,0.32,0.00
222.48,0.75,167.81,222.35,0.23,47.78,0.00,0.00,0.00,0.00,0.00,0.00,0.00,0.30,0.00
222.55,0.73,161.65,225.56,0.22,49.06,0.00,0.00,0.00,0.00,0.00,0.00,0.00,0.28,0.00
221.94,0.69,153.69,222.06,0.22,47.56,0.00,0.00,0.00,0.00,0.00,0.00,0.00,0.25,0.00
223.86,0.68,152.08,223.66,0.22,48.14,0.00,0.00,0.00,0.00,0.00,0.00,0.00,0.24,0.00
223.25,0.67,150.20,224.54,0.22,48.67,0.00,0.00,0.00,0.00,0.00,0.00,0.00,0.23,0.00
224.66,0.66,147.36,224.41,0.22,48.48,0.00,0.00,0.00,0.00,0.00,0.00,0.00,0.22,0.00
222.61,0.63,139.94,222.86,0.22,47.96,0.00,0.00,0.00,0.00,0.00,0.00,0.00,0.19,0.00
222.84,0.61,135.71,222.08,0.21,47.47,0.00,0.00,0.00,0.00,0.00,0.00,0.00,0.17,0.00
220.76,0.60,133.17,223.45,0.22,48.09,0.00,0.00,0.00,0.00,0.00,0.00,0.00,0.17,0.00
223.51,0.60,133.59,222.43,0.21,47.56,0.00,0.00,0.00,0.00,0.00,0.00,0.00,0.16,0.00
223.85,0.60,134.47,224.30,0.22,48.79,0.00,0.00,0.00,0.00,0.00,0.00,0.00,0.16,0.00
220.27,0.58,128.33,222.20,0.21,47.60,0.00,0.00,0.00,0.00,0.00,0.00,0.00,0.15,0.00
222.25,0.57,127.49,224.16,0.22,48.57,0.00,0.00,0.00,0.00,0.00,0.00,0.00,0.13,0.00
222.46,0.57,126.04,222.67,0.21,47.77,0.00,0.00,0.00,0.00,0.00,0.00,0.00,0.13,0.00
222.12,0.57,125.50,223.20,0.22,48.10,0.00,0.00,0.00,0.00,0.00,0.00,0.00,0.13,0.00
223.35,0.56,124.73,222.67,0.21,47.81,0.00,0.00,0.00,0.00,0.00,0.00,0.00,0.12,0.00
223.37,0.55,123.34,221.98,0.21,47.40,0.00,0.00,0.00,0.00,0.00,0.00,0.00,0.12,0.00
222.38,0.55,122.43,224.25,0.22,48.57,0.00,0.00,0.00,0.00,0.00,0.00,0.00,0.11,0.00
222.71,0.50,111.77,222.80,0.21,47.77,0.00,0.00,0.00,0.00,0.00,0.00,0.00,0.07,0.00
220.32,0.44,95.89,221.30,0.21,47.29,0.00,0.00,0.00,0.00,0.00,0.00,0.00,0.00,0.00
228.29,0.44,100.09,224.18,0.22,48.61,0.00,0.00,0.00,0.00,0.00,0.00,0.00,0.00,0.00
218.96,0.44,95.63,223.00,0.21,47.93,0.00,0.00,0.00,0.00,0.00,0.00,0.00,0.00,0.00
223.20,0.44,97.64,223.44,0.22,48.27,0.00,0.00,0.00,0.00,0.00,0.00,0.00,0.00,0.00
223.21,0.44,97.32,222.66,0.21,47.69,0.00,0.00,0.00,0.00,0.00,0.00,0.00,0.00,0.00
222.66,0.44,97.15,223.36,0.21,48.20,0.00,0.00,0.00,0.00,0.00,0.00,0.00,0.00,0.00
223.10,0.44,97.45,222.13,0.21,47.72,0.00,0.00,0.00,0.00,0.00,0.00,0.00,0.00,0.00
223.93,0.44,97.76,222.34,0.21,47.78,0.00,0.00,0.00,0.00,0.00,0.00,0.00,0.00,0.00
222.56,0.44,97.07,221.06,0.21,47.38,0.00,0.00,0.00,0.00,0.00,0.00,0.00,0.00,0.00
224.73,0.44,98.45,223.15,0.22,48.30,0.00,0.00,0.00,0.00,0.00,0.00,0.00,0.00,0.00
222.79,0.44,96.93,221.03,0.21,47.15,0.00,0.00,0.00,0.00,0.00,0.00,0.00,0.00,0.00
220.81,0.44,97.14,225.52,0.22,49.18,0.00,0.00,0.00,0.00,0.00,0.00,0.00,0.00,0.00
224.37,0.44,97.85,222.57,0.21,47.81,0.00,0.00,0.00,0.00,0.00,0.00,0.00,0.00,0.00
221.62,0.44,96.98,223.54,0.22,48.38,0.00,0.00,0.00,0.00,0.00,0.00,0.00,0.00,0.00
222.47,0.44,96.89,222.29,0.21,47.55,0.00,0.00,0.00,0.00,0.00,0.00,0.00,0.00,0.00
223.65,0.44,97.98,224.39,0.22,48.57,0.00,0.00,0.00,0.00,0.00,0.00,0.00,0.00,0.00
223.65,0.43,96.13,216.53,0.21,45.11,0.00,0.00,0.00,0.00,0.00,0.00,0.00,0.00,0.00
222.65,0.43,96.85,221.31,0.21,47.22,0.00,0.00,0.00,0.00,0.00,0.00,0.00,0.00,0.00
221.50,0.44,96.76,222.50,0.21,47.89,0.00,0.00,0.00,0.00,0.00,0.00,0.00,0.00,0.00
220.02,0.44,96.23,224.19,0.22,48.49,0.00,0.00,0.00,0.00,0.00,0.00,0.00,0.00,0.00
222.41,0.44,97.05,222.95,0.21,47.99,0.00,0.00,0.00,0.00,0.00,0.00,0.00,0.00,0.00
223.83,0.44,97.54,221.72,0.21,47.49,0.00,0.00,0.00,0.00,0.00,0.00,0.00,0.00,0.00
222.14,0.44,96.91,222.14,0.21,47.83,0.00,0.00,0.00,0.00,0.00,0.00,0.00,0.00,0.00
223.65,0.44,97.69,222.88,0.21,47.97,0.00,0.00,0.00,0.00,0.00,0.00,0.00,0.00,0.00
224.56,0.44,98.21,223.78,0.22,48.34,0.00,0.00,0.00,0.00,0.00,0.00,0.00,0.00,0.00
219.51,0.44,95.76,222.69,0.21,47.89,0.00,0.00,0.00,0.00,0.00,0.00,0.00,0.00,0.00
222.01,0.44,96.85,222.99,0.21,47.97,0.00,0.00,0.00,0.00,0.00,0.00,0.00,0.00,0.00
226.05,0.44,98.50,219.88,0.21,47.04,0.00,0.00,0.00,0.00,0.00,0.00,0.00,0.00,0.00
223.04,0.44,97.11,222.16,0.21,47.50,0.00,0.00,0.00,0.00,0.00,0.00,0.00,0.00,0.00
222.72,0.44,97.47,224.21,0.22,48.58,0.00,0.00,0.00,0.00,0.00,0.00,0.00,0.00,0.00
221.26,0.44,96.68,224.21,0.21,48.38,0.00,0.00,0.00,0.00,0.00,0.00,0.00,0.00,0.00
222.63,0.44,97.43,223.92,0.22,48.50,0.00,0.00,0.00,0.00,0.00,0.00,0.00,0.00,0.00
221.95,0.44,96.82,222.31,0.21,47.91,0.00,0.00,0.00,0.00,0.00,0.00,0.00,0.00,0.00
221.15,0.44,96.43,222.85,0.21,47.78,0.00,0.00,0.00,0.00,0.00,0.00,0.00,0.00,0.00
222.73,0.43,96.68,220.50,0.21,47.13,0.00,0.00,0.00,0.00,0.00,0.00,0.00,0.00,0.00
223.57,0.44,97.77,222.06,0.22,48.00,0.00,0.00,0.00,0.00,0.00,0.00,0.00,0.00,0.00
222.57,0.43,96.70,220.89,0.21,47.31,0.00,0.00,0.00,0.00,0.00,0.00,0.00,0.00,0.00
222.55,0.44,97.01,221.55,0.21,47.67,0.00,0.00,0.00,0.00,0.00,0.00,0.00,0.00,0.00
223.25,0.44,97.44,223.84,0.21,48.13,0.00,0.00,0.00,0.00,0.00,0.00,0.00,0.00,0.00
222.29,0.44,96.83,221.33,0.21,47.48,0.00,0.00,0.00,0.00,0.00,0.00,0.00,0.00,0.00
223.42,0.44,97.88,224.52,0.22,48.75,0.00,0.00,0.00,0.00,0.00,0.00,0.00,0.00,0.00
223.52,0.44,97.43,222.05,0.21,47.71,0.00,0.00,0.00,0.00,0.00,0.00,0.00,0.00,0.00
223.09,0.43,96.56,219.49,0.21,46.47,0.00,0.00,0.00,0.00,0.00,0.00,0.00,0.00,0.00
222.21,0.44,97.38,224.29,0.22,48.71,0.00,0.00,0.00,0.00,0.00,0.00,0.00,0.00,0.00
223.30,0.44,97.26,220.58,0.21,47.22,0.00,0.00,0.00,0.00,0.00,0.00,0.00,0.00,0.00
223.55,0.44,97.99,224.34,0.22,48.78,0.00,0.00,0.00,0.00,0.00,0.00,0.00,0.00,0.00
222.59,0.44,97.20,222.30,0.21,47.92,0.00,0.00,0.00,0.00,0.00,0.00,0.00,0.00,0.00
225.75,0.44,98.38,221.03,0.21,47.35,0.00,0.00,0.00,0.00,0.00,0.00,0.00,0.00,0.00
224.21,0.44,98.04,223.13,0.22,48.27,0.00,0.00,0.00,0.00,0.00,0.00,0.00,0.00,0.00
223.39,0.43,97.00,223.24,0.21,47.57,0.00,0.00,0.00,0.00,0.00,0.00,0.00,0.00,0.00
225.07,0.44,98.53,222.98,0.22,48.22,0.00,0.00,0.00,0.00,0.00,0.00,0.00,0.00,0.00
223.37,0.44,97.49,223.06,0.21,47.99,0.00,0.00,0.00,0.00,0.00,0.00,0.00,0.00,0.00
223.52,0.44,97.29,221.91,0.21,47.57,0.00,0.00,0.00,0.00,0.00,0.00,0.00,0.00,0.00
221.04,0.44,96.98,224.57,0.22,48.91,0.00,0.00,0.00,0.00,0.00,0.00,0.00,0.00,0.00
223.09,0.44,97.41,224.01,0.21,48.35,0.00,0.00,0.00,0.00,0.00,0.00,0.00,0.00,0.00
224.31,0.44,98.03,223.16,0.21,48.22,0.00,0.00,0.00,0.00,0.00,0.00,0.00,0.00,0.00
224.18,0.44,98.19,224.31,0.22,48.75,0.00,0.00,0.00,0.00,0.00,0.00,0.00,0.00,0.00
225.00,0.44,98.28,221.90,0.21,47.84,0.00,0.00,0.00,0.00,0.00,0.00,0.00,0.00,0.00
224.49,0.44,98.36,224.42,0.22,48.77,0.00,0.00,0.00,0.00,0.00,0.00,0.00,0.00,0.00
224.25,0.44,97.71,222.44,0.21,47.65,0.00,0.00,0.00,0.00,0.00,0.00,0.00,0.00,0.00
222.18,0.44,97.24,224.70,0.22,48.75,0.00,0.00,0.00,0.00,0.00,0.00,0.00,0.00,0.00
225.03,0.44,99.03,226.49,0.22,49.66,0.00,0.00,0.00,0.00,0.00,0.00,0.00,0.00,0.00
223.11,0.43,97.04,221.57,0.21,47.31,0.00,0.00,0.00,0.00,0.00,0.00,0.00,0.00,0.00
223.22,0.44,97.79,224.32,0.22,48.73,0.00,0.00,0.00,0.00,0.00,0.00,0.00,0.00,0.00
223.19,0.44,97.59,222.94,0.22,48.20,0.00,0.00,0.00,0.00,0.00,0.00,0.00,0.00,0.00
224.08,0.44,97.84,222.16,0.21,47.77,0.00,0.00,0.00,0.00,0.00,0.00,0.00,0.00,0.00
222.84,0.44,97.53,223.62,0.22,48.49,0.00,0.00,0.00,0.00,0.00,0.00,0.00,0.00,0.00
225.36,0.43,98.00,223.47,0.21,47.70,0.00,0.00,0.00,0.00,0.00,0.00,0.00,0.00,0.00
221.66,0.44,96.97,224.33,0.22,48.53,0.00,0.00,0.00,0.00,0.00,0.00,0.00,0.00,0.00
224.96,0.43,97.80,221.11,0.21,47.17,0.00,0.00,0.00,0.00,0.00,0.00,0.00,0.00,0.00
223.67,0.44,98.07,224.92,0.22,48.86,0.00,0.00,0.00,0.00,0.00,0.00,0.00,0.00,0.00
223.27,0.44,97.50,221.44,0.21,47.76,0.00,0.00,0.00,0.00,0.00,0.00,0.00,0.00,0.00
224.13,0.43,97.39,220.47,0.21,47.05,0.00,0.00,0.00,0.00,0.00,0.00,0.00,0.00,0.00
223.27,0.44,97.48,223.56,0.21,48.14,0.00,0.00,0.00,0.00,0.00,0.00,0.00,0.00,0.00
222.28,0.44,97.23,223.42,0.22,48.30,0.00,0.00,0.00,0.00,0.00,0.00,0.00,0.00,0.00
221.09,0.43,95.60,217.83,0.21,46.03,0.00,0.00,0.00,0.00,0.00,0.00,0.00,0.00,0.00
222.62,0.44,97.54,222.92,0.22,48.29,0.00,0.00,0.00,0.00,0.00,0.00,0.00,0.00,0.00
218.93,0.43,95.17,220.86,0.21,47.12,0.00,0.00,0.00,0.00,0.00,0.00,0.00,0.00,0.00
223.95,0.44,97.86,223.18,0.21,48.22,0.00,0.00,0.00,0.00,0.00,0.00,0.00,0.00,0.00
222.25,0.44,96.74,221.91,0.21,47.57,0.00,0.00,0.00,0.00,0.00,0.00,0.00,0.00,0.00
224.21,0.44,99.23,228.86,0.22,50.79,0.00,0.00,0.00,0.00,0.00,0.00,0.00,0.00,0.00
223.62,0.44,97.64,222.89,0.21,48.16,0.00,0.00,0.00,0.00,0.00,0.00,0.00,0.00,0.00
221.90,0.44,96.57,221.41,0.21,47.34,0.00,0.00,0.00,0.00,0.00,0.00,0.00,0.00,0.00
223.47,0.44,97.60,222.46,0.21,48.05,0.00,0.00,0.00,0.00,0.00,0.00,0.00,0.00,0.00
224.18,0.44,97.60,221.98,0.21,47.53,0.00,0.00,0.00,0.00,0.00,0.00,0.00,0.00,0.00
220.91,0.44,96.31,222.55,0.21,47.87,0.00,0.00,0.00,0.00,0.00,0.00,0.00,0.00,0.00
218.48,0.44,96.01,225.20,0.22,49.15,0.00,0.00,0.00,0.00,0.00,0.00,0.00,0.00,0.00
224.27,0.44,98.03,223.65,0.21,48.25,0.00,0.00,0.00,0.00,0.00,0.00,0.00,0.00,0.00
222.59,0.44,97.07,221.96,0.21,47.72,0.00,0.00,0.00,0.00,0.00,0.00,0.00,0.00,0.00
223.73,0.44,98.28,225.31,0.22,49.27,0.00,0.00,0.00,0.00,0.00,0.00,0.00,0.00,0.00
219.85,0.44,95.82,221.70,0.21,47.67,0.00,0.00,0.00,0.00,0.00,0.00,0.00,0.00,0.00
224.31,0.44,97.92,223.23,0.21,48.05,0.00,0.00,0.00,0.00,0.00,0.00,0.00,0.00,0.00
223.13,0.44,97.61,223.23,0.22,48.27,0.00,0.00,0.00,0.00,0.00,0.00,0.00,0.00,0.00
223.86,0.44,98.09,223.88,0.22,48.67,0.00,0.00,0.00,0.00,0.00,0.00,0.00,0.00,0.00
223.84,0.44,97.71,223.29,0.21,48.18,0.00,0.00,0.00,0.00,0.00,0.00,0.00,0.00,0.00
223.15,0.44,97.51,223.52,0.21,48.38,0.00,0.00,0.00,0.00,0.00,0.00,0.00,0.00,0.00
223.10,0.44,97.71,224.29,0.22,48.62,0.00,0.00,0.00,0.00,0.00,0.00,0.00,0.00,0.00
224.42,0.44,98.16,224.03,0.22,48.40,0.00,0.00,0.00,0.00,0.00,0.00,0.00,0.00,0.00
223.21,0.44,97.29,221.31,0.21,47.48,0.00,0.00,0.00,0.00,0.00,0.00,0.00,0.00,0.00
223.12,0.44,97.51,222.40,0.21,47.94,0.00,0.00,0.00,0.00,0.00,0.00,0.00,0.00,0.00
223.37,0.44,97.55,222.05,0.21,47.86,0.00,0.00,0.00,0.00,0.00,0.00,0.00,0.00,0.00
224.99,0.44,98.33,223.41,0.21,48.18,0.00,0.00,0.00,0.00,0.00,0.00,0.00,0.00,0.00
222.94,0.44,97.24,222.21,0.21,47.75,0.00,0.00,0.00,0.00,0.00,0.00,0.00,0.00,0.00
223.47,0.44,97.29,221.72,0.21,47.48,0.00,0.00,0.00,0.00,0.00,0.00,0.00,0.00,0.00
224.09,0.44,97.60,222.25,0.21,47.74,0.00,0.00,0.00,0.00,0.00,0.00,0.00,0.00,0.00
224.66,0.44,97.81,221.09,0.21,47.45,0.00,0.00,0.00,0.00,0.00,0.00,0.00,0.00,0.00
221.52,0.44,96.57,222.29,0.21,47.73,0.00,0.00,0.00,0.00,0.00,0.00,0.00,0.00,0.00
220.61,0.44,96.31,222.36,0.21,48.00,0.00,0.00,0.00,0.00,0.00,0.00,0.00,0.00,0.00
223.15,0.44,97.36,222.67,0.21,48.03,0.00,0.00,0.00,0.00,0.00,0.00,0.00,0.00,0.00
222.54,0.44,97.20,223.59,0.21,48.22,0.00,0.00,0.00,0.00,0.00,0.00,0.00,0.00,0.00
227.24,0.44,99.38,223.76,0.22,48.48,0.00,0.00,0.00,0.00,0.00,0.00,0.00,0.00,0.00
221.63,0.44,96.57,221.56,0.21,47.59,0.00,0.00,0.00,0.00,0.00,0.00,0.00,0.00,0.00
223.53,0.44,97.99,225.13,0.22,49.00,0.00,0.00,0.00,0.00,0.00,0.00,0.00,0.00,0.00
223.98,0.44,97.52,222.00,0.21,47.67,0.00,0.00,0.00,0.00,0.00,0.00,0.00,0.00,0.00
224.17,0.44,98.23,225.02,0.22,48.78,0.00,0.00,0.00,0.00,0.00,0.00,0.00,0.00,0.00
222.61,0.44,97.29,223.93,0.21,48.36,0.00,0.00,0.00,0.00,0.00,0.00,0.00,0.00,0.00
224.57,0.44,97.93,222.89,0.21,48.00,0.00,0.00,0.00,0.00,0.00,0.00,0.00,0.00,0.00
224.79,0.44,98.30,222.61,0.22,48.22,0.00,0.00,0.00,0.00,0.00,0.00,0.00,0.00,0.00
224.33,0.44,97.65,221.77,0.21,47.51,0.00,0.00,0.00,0.00,0.00,0.00,0.00,0.00,0.00
225.00,0.44,98.44,224.96,0.22,48.70,0.00,0.00,0.00,0.00,0.00,0.00,0.00,0.00,0.00
223.97,0.44,97.78,222.56,0.21,47.87,0.00,0.00,0.00,0.00,0.00,0.00,0.00,0.00,0.00
223.87,0.44,97.97,223.95,0.22,48.48,0.00,0.00,0.00,0.00,0.00,0.00,0.00,0.00,0.00
222.99,0.44,97.13,222.60,0.21,47.85,0.00,0.00,0.00,0.00,0.00,0.00,0.00,0.00,0.00
222.17,0.43,96.33,219.51,0.21,46.65,0.00,0.00,0.00,0.00,0.00,0.00,0.00,0.00,0.00
223.24,0.44,97.50,223.09,0.21,48.22,0.00,0.00,0.00,0.00,0.00,0.00,0.00,0.00,0.00
222.30,0.44,97.27,224.23,0.22,48.50,0.00,0.00,0.00,0.00,0.00,0.00,0.00,0.00,0.00
221.74,0.43,95.98,218.65,0.21,46.53,0.00,0.00,0.00,0.00,0.00,0.00,0.00,0.00,0.00
226.10,0.44,99.07,224.59,0.22,48.85,0.00,0.00,0.00,0.00,0.00,0.00,0.00,0.00,0.00
221.71,0.44,96.73,223.21,0.21,48.00,0.00,0.00,0.00,0.00,0.00,0.00,0.00,0.00,0.00
224.11,0.44,97.85,222.02,0.21,47.81,0.00,0.00,0.00,0.00,0.00,0.00,0.00,0.00,0.00
222.69,0.44,97.02,222.29,0.21,47.83,0.00,0.00,0.00,0.00,0.00,0.00,0.00,0.00,0.00
220.02,0.44,95.87,221.75,0.21,47.57,0.00,0.00,0.00,0.00,0.00,0.00,0.00,0.00,0.00
221.83,0.43,96.44,220.74,0.21,47.23,0.00,0.00,0.00,0.00,0.00,0.00,0.00,0.00,0.00
221.82,0.44,96.91,223.30,0.21,48.29,0.00,0.00,0.00,0.00,0.00,0.00,0.00,0.00,0.00
222.40,0.44,96.98,222.02,0.21,47.72,0.00,0.00,0.00,0.00,0.00,0.00,0.00,0.00,0.00
221.93,0.44,96.66,221.43,0.21,47.60,0.00,0.00,0.00,0.00,0.00,0.00,0.00,0.00,0.00
225.64,0.44,98.78,224.32,0.22,48.72,0.00,0.00,0.00,0.00,0.00,0.00,0.00,0.00,0.00
223.53,0.44,97.60,222.63,0.21,47.95,0.00,0.00,0.00,0.00,0.00,0.00,0.00,0.00,0.00
221.89,0.43,96.40,220.23,0.21,46.96,0.00,0.00,0.00,0.00,0.00,0.00,0.00,0.00,0.00
220.83,0.44,96.06,221.55,0.21,47.38,0.00,0.00,0.00,0.00,0.00,0.00,0.00,0.00,0.00
222.95,0.44,97.44,222.23,0.21,48.10,0.00,0.00,0.00,0.00,0.00,0.00,0.00,0.00,0.00
223.08,0.44,97.40,222.75,0.21,48.12,0.00,0.00,0.00,0.00,0.00,0.00,0.00,0.00,0.00
220.51,0.44,96.16,223.13,0.21,47.97,0.00,0.00,0.00,0.00,0.00,0.00,0.00,0.00,0.00
221.94,0.44,96.55,219.99,0.21,47.08,0.00,0.00,0.00,0.00,0.00,0.00,0.00,0.00,0.00
224.30,0.44,97.64,222.57,0.21,47.63,0.00,0.00,0.00,0.00,0.00,0.00,0.00,0.00,0.00
219.75,0.44,95.71,222.43,0.21,47.69,0.00,0.00,0.00,0.00,0.00,0.00,0.00,0.00,0.00
222.95,0.44,97.20,222.01,0.21,47.70,0.00,0.00,0.00,0.00,0.00,0.00,0.00,0.00,0.00
218.94,0.44,95.39,221.62,0.21,47.49,0.00,0.00,0.00,0.00,0.00,0.00,0.00,0.00,0.00
221.26,0.44,96.61,221.76,0.21,47.89,0.00,0.00,0.00,0.00,0.00,0.00,0.00,0.00,0.00
223.01,0.44,97.29,221.78,0.21,47.82,0.00,0.00,0.00,0.00,0.00,0.00,0.00,0.00,0.00
224.22,0.44,97.84,223.04,0.21,48.02,0.00,0.00,0.00,0.00,0.00,0.00,0.00,0.00,0.00
224.82,0.44,98.07,222.53,0.21,48.00,0.00,0.00,0.00,0.00,0.00,0.00,0.00,0.00,0.00
224.55,0.44,98.04,223.65,0.21,48.20,0.00,0.00,0.00,0.00,0.00,0.00,0.00,0.00,0.00
223.40,0.44,97.48,222.60,0.21,47.87,0.00,0.00,0.00,0.00,0.00,0.00,0.00,0.00,0.00
222.29,0.44,97.19,223.79,0.22,48.51,0.00,0.00,0.00,0.00,0.00,0.00,0.00,0.00,0.00
224.85,0.44,97.91,220.71,0.21,47.40,0.00,0.00,0.00,0.00,0.00,0.00,0.00,0.00,0.00
221.87,0.44,96.69,222.07,0.21,47.80,0.00,0.00,0.00,0.00,0.00,0.00,0.00,0.00,0.00
223.82,0.44,97.78,223.41,0.21,48.18,0.00,0.00,0.00,0.00,0.00,0.00,0.00,0.00,0.00
221.56,0.43,96.30,221.29,0.21,47.24,0.00,0.00,0.00,0.00,0.00,0.00,0.00,0.00,0.00
222.10,0.44,97.18,224.30,0.22,48.56,0.00,0.00,0.00,0.00,0.00,0.00,0.00,0.00,0.00
224.90,0.44,98.17,222.88,0.21,48.09,0.00,0.00,0.00,0.00,0.00,0.00,0.00,0.00,0.00
219.48,0.44,95.66,222.25,0.21,47.73,0.00,0.00,0.00,0.00,0.00,0.00,0.00,0.00,0.00
223.63,0.44,97.60,223.98,0.21,48.32,0.00,0.00,0.00,0.00,0.00,0.00,0.00,0.00,0.00
223.00,0.43,96.92,221.28,0.21,47.09,0.00,0.00,0.00,0.00,0.00,0.00,0.00,0.00,0.00
221.13,0.44,96.29,222.44,0.21,47.77,0.00,0.00,0.00,0.00,0.00,0.00,0.00,0.00,0.00
222.06,0.44,97.15,223.75,0.22,48.42,0.00,0.00,0.00,0.00,0.00,0.00,0.00,0.00,0.00
222.23,0.44,97.04,223.54,0.21,48.32,0.00,0.00,0.00,0.00,0.00,0.00,0.00,0.00,0.00
222.44,0.44,97.29,223.85,0.22,48.52,0.00,0.00,0.00,0.00,0.00,0.00,0.00,0.00,0.00
223.47,0.44,97.51,222.63,0.21,48.03,0.00,0.00,0.00,0.00,0.00,0.00,0.00,0.00,0.00
224.66,0.44,98.24,223.81,0.22,48.36,0.00,0.00,0.00,0.00,0.00,0.00,0.00,0.00,0.00
222.78,0.44,97.03,221.67,0.21,47.65,0.00,0.00,0.00,0.00,0.00,0.00,0.00,0.00,0.00
222.70,0.44,97.04,221.84,0.21,47.71,0.00,0.00,0.00,0.00,0.00,0.00,0.00,0.00,0.00
221.04,0.43,96.14,221.51,0.21,47.46,0.00,0.00,0.00,0.00,0.00,0.00,0.00,0.00,0.00
221.99,0.43,96.48,221.02,0.21,47.22,0.00,0.00,0.00,0.00,0.00,0.00,0.00,0.00,0.00
223.81,0.44,97.81,223.35,0.21,48.19,0.00,0.00,0.00,0.00,0.00,0.00,0.00,0.00,0.00
221.30,0.43,96.16,220.78,0.21,47.17,0.00,0.00,0.00,0.00,0.00,0.00,0.00,0.00,0.00
220.15,0.44,95.98,222.96,0.21,48.02,0.00,0.00,0.00,0.00,0.00,0.00,0.00,0.00,0.00
225.15,0.44,98.43,223.43,0.21,48.39,0.00,0.00,0.00,0.00,0.00,0.00,0.00,0.00,0.00
222.40,0.43,96.32,219.83,0.21,46.62,0.00,0.00,0.00,0.00,0.00,0.00,0.00,0.00,0.00
223.40,0.44,97.18,221.87,0.21,47.57,0.00,0.00,0.00,0.00,0.00,0.00,0.00,0.00,0.00
221.36,0.44,96.64,222.25,0.21,47.88,0.00,0.00,0.00,0.00,0.00,0.00,0.00,0.00,0.00
221.33,0.44,96.65,222.83,0.21,48.03,0.00,0.00,0.00,0.00,0.00,0.00,0.00,0.00,0.00
222.93,0.43,96.76,220.69,0.21,47.13,0.00,0.00,0.00,0.00,0.00,0.00,0.00,0.00,0.00
222.49,0.43,96.78,220.93,0.21,47.37,0.00,0.00,0.00,0.00,0.00,0.00,0.00,0.00,0.00
224.03,0.44,97.62,222.69,0.21,47.91,0.00,0.00,0.00,0.00,0.00,0.00,0.00,0.00,0.00
223.05,0.44,97.03,220.98,0.21,47.39,0.00,0.00,0.00,0.00,0.00,0.00,0.00,0.00,0.00
222.95,0.44,97.44,223.53,0.21,48.41,0.00,0.00,0.00,0.00,0.00,0.00,0.00,0.00,0.00
221.03,0.44,96.22,222.51,0.21,47.75,0.00,0.00,0.00,0.00,0.00,0.00,0.00,0.00,0.00
220.66,0.44,96.09,222.93,0.21,47.88,0.00,0.00,0.00,0.00,0.00,0.00,0.00,0.00,0.00
218.32,0.44,95.14,221.91,0.21,47.63,0.00,0.00,0.00,0.00,0.00,0.00,0.00,0.00,0.00
222.43,0.44,97.05,222.59,0.21,47.90,0.00,0.00,0.00,0.00,0.00,0.00,0.00,0.00,0.00
222.94,0.44,97.33,222.74,0.21,48.01,0.00,0.00,0.00,0.00,0.00,0.00,0.00,0.00,0.00
222.58,0.43,96.06,218.03,0.21,45.92,0.00,0.00,0.00,0.00,0.00,0.00,0.00,0.00,0.00
221.40,0.44,96.62,223.13,0.21,48.16,0.00,0.00,0.00,0.00,0.00,0.00,0.00,0.00,0.00
223.28,0.44,97.75,224.72,0.22,48.82,0.00,0.00,0.00,0.00,0.00,0.00,0.00,0.00,0.00
223.47,0.44,97.44,223.00,0.21,47.91,0.00,0.00,0.00,0.00,0.00,0.00,0.00,0.00,0.00
222.22,0.43,96.54,221.52,0.21,47.28,0.00,0.00,0.00,0.00,0.00,0.00,0.00,0.00,0.00
222.64,0.44,97.30,223.82,0.21,48.36,0.00,0.00,0.00,0.00,0.00,0.00,0.00,0.00,0.00
223.56,0.44,97.61,223.19,0.21,48.12,0.00,0.00,0.00,0.00,0.00,0.00,0.00,0.00,0.00
221.64,0.43,96.28,219.86,0.21,47.01,0.00,0.00,0.00,0.00,0.00,0.00,0.00,0.00,0.00
222.82,0.44,96.95,222.11,0.21,47.66,0.00,0.00,0.00,0.00,0.00,0.00,0.00,0.00,0.00
222.44,0.43,96.64,221.30,0.21,47.33,0.00,0.00,0.00,0.00,0.00,0.00,0.00,0.00,0.00
223.12,0.44,97.34,222.56,0.21,47.90,0.00,0.00,0.00,0.00,0.00,0.00,0.00,0.00,0.00
220.86,0.43,96.07,221.62,0.21,47.50,0.00,0.00,0.00,0.00,0.00,0.00,0.00,0.00,0.00
221.68,0.44,96.77,223.83,0.21,48.24,0.00,0.00,0.00,0.00,0.00,0.00,0.00,0.00,0.00
223.85,0.44,97.48,222.29,0.21,47.64,0.00,0.00,0.00,0.00,0.00,0.00,0.00,0.00,0.00
222.34,0.43,96.60,221.05,0.21,47.28,0.00,0.00,0.00,0.00,0.00,0.00,0.00,0.00,0.00
222.94,0.44,97.20,219.63,0.21,47.00,0.00,0.00,0.00,0.00,0.00,0.00,0.00,0.00,0.00
221.71,0.44,96.53,221.66,0.21,47.49,0.00,0.00,0.00,0.00,0.00,0.00,0.00,0.00,0.00
222.16,0.44,96.69,221.09,0.21,47.31,0.00,0.00,0.00,0.00,0.00,0.00,0.00,0.00,0.00
221.47,0.44,96.40,221.95,0.21,47.65,0.00,0.00,0.00,0.00,0.00,0.00,0.00,0.00,0.00
223.35,0.44,97.52,223.23,0.21,48.22,0.00,0.00,0.00,0.00,0.00,0.00,0.00,0.00,0.00
222.64,0.44,97.16,222.87,0.21,48.03,0.00,0.00,0.00,0.00,0.00,0.00,0.00,0.00,0.00
221.89,0.44,97.12,225.03,0.22,48.87,0.00,0.00,0.00,0.00,0.00,0.00,0.00,0.00,0.00
222.99,0.44,97.30,222.17,0.21,47.93,0.00,0.00,0.00,0.00,0.00,0.00,0.00,0.00,0.00
223.43,0.44,97.60,223.17,0.21,48.15,0.00,0.00,0.00,0.00,0.00,0.00,0.00,0.00,0.00
221.91,0.44,96.64,221.96,0.21,47.61,0.00,0.00,0.00,0.00,0.00,0.00,0.00,0.00,0.00
221.75,0.44,96.55,222.23,0.21,47.75,0.00,0.00,0.00,0.00,0.00,0.00,0.00,0.00,0.00
222.83,0.44,97.39,223.55,0.21,48.40,0.00,0.00,0.00,0.00,0.00,0.00,0.00,0.00,0.00
221.18,0.43,95.50,217.42,0.21,46.03,0.00,0.00,0.00,0.00,0.00,0.00,0.00,0.00,0.00
222.64,0.44,97.15,223.49,0.21,48.25,0.00,0.00,0.00,0.00,0.00,0.00,0.00,0.00,0.00
220.25,0.43,95.68,222.04,0.21,47.49,0.00,0.00,0.00,0.00,0.00,0.00,0.00,0.00,0.00
221.78,0.43,96.30,220.89,0.21,47.18,0.00,0.00,0.00,0.00,0.00,0.00,0.00,0.00,0.00
221.75,0.44,96.71,222.65,0.21,47.87,0.00,0.00,0.00,0.00,0.00,0.00,0.00,0.00,0.00
222.06,0.44,96.80,222.60,0.21,47.81,0.00,0.00,0.00,0.00,0.00,0.00,0.00,0.00,0.00
224.55,0.44,97.80,221.39,0.21,47.44,0.00,0.00,0.00,0.00,0.00,0.00,0.00,0.00,0.00
221.97,0.43,96.34,219.88,0.21,46.79,0.00,0.00,0.00,0.00,0.00,0.00,0.00,0.00,0.00
222.41,0.44,97.30,224.00,0.22,48.46,0.00,0.00,0.00,0.00,0.00,0.00,0.00,0.00,0.00
221.66,0.44,96.53,222.28,0.21,47.81,0.00,0.00,0.00,0.00,0.00,0.00,0.00,0.00,0.00
220.62,0.43,95.89,220.89,0.21,47.16,0.00,0.00,0.00,0.00,0.00,0.00,0.00,0.00,0.00
223.26,0.43,96.90,220.20,0.21,46.89,0.00,0.00,0.00,0.00,0.00,0.00,0.00,0.00,0.00
221.92,0.44,96.62,222.10,0.21,47.60,0.00,0.00,0.00,0.00,0.00,0.00,0.00,0.00,0.00
224.31,0.44,98.08,223.31,0.22,48.27,0.00,0.00,0.00,0.00,0.00,0.00,0.00,0.00,0.00
224.53,0.44,97.96,222.13,0.21,47.79,0.00,0.00,0.00,0.00,0.00,0.00,0.00,0.00,0.00
222.32,0.43,96.70,221.67,0.21,47.41,0.00,0.00,0.00,0.00,0.00,0.00,0.00,0.00,0.00
221.52,0.44,96.60,222.50,0.21,47.84,0.00,0.00,0.00,0.00,0.00,0.00,0.00,0.00,0.00
222.26,0.44,96.92,221.94,0.21,47.85,0.00,0.00,0.00,0.00,0.00,0.00,0.00,0.00,0.00
222.01,0.44,97.04,223.31,0.21,48.38,0.00,0.00,0.00,0.00,0.00,0.00,0.00,0.00,0.00
222.14,0.44,97.19,223.74,0.22,48.42,0.00,0.00,0.00,0.00,0.00,0.00,0.00,0.00,0.00
224.80,0.44,97.98,222.35,0.21,47.87,0.00,0.00,0.00,0.00,0.00,0.00,0.00,0.00,0.00
221.98,0.44,96.61,221.69,0.21,47.58,0.00,0.00,0.00,0.00,0.00,0.00,0.00,0.00,0.00
221.97,0.44,96.94,222.49,0.21,48.10,0.00,0.00,0.00,0.00,0.00,0.00,0.00,0.00,0.00
221.89,0.44,96.72,222.97,0.21,48.03,0.00,0.00,0.00,0.00,0.00,0.00,0.00,0.00,0.00
222.33,0.43,96.03,218.25,0.21,46.06,0.00,0.00,0.00,0.00,0.00,0.00,0.00,0.00,0.00
224.13,0.44,97.88,223.01,0.21,48.23,0.00,0.00,0.00,0.00,0.00,0.00,0.00,0.00,0.00
223.37,0.44,97.22,221.63,0.21,47.48,0.00,0.00,0.00,0.00,0.00,0.00,0.00,0.00,0.00
223.76,0.44,97.58,222.85,0.21,47.96,0.00,0.00,0.00,0.00,0.00,0.00,0.00,0.00,0.00
221.72,0.44,96.65,222.38,0.21,47.77,0.00,0.00,0.00,0.00,0.00,0.00,0.00,0.00,0.00
222.67,0.44,97.13,222.80,0.21,48.04,0.00,0.00,0.00,0.00,0.00,0.00,0.00,0.00,0.00
221.98,0.43,96.23,219.84,0.21,46.67,0.00,0.00,0.00,0.00,0.00,0.00,0.00,0.00,0.00
222.33,0.44,96.81,221.24,0.21,47.55,0.00,0.00,0.00,0.00,0.00,0.00,0.00,0.00,0.00
222.93,0.44,97.13,221.03,0.21,47.41,0.00,0.00,0.00,0.00,0.00,0.00,0.00,0.00,0.00
222.05,0.44,96.65,221.90,0.21,47.53,0.00,0.00,0.00,0.00,0.00,0.00,0.00,0.00,0.00
222.29,0.44,97.26,224.16,0.22,48.64,0.00,0.00,0.00,0.00,0.00,0.00,0.00,0.00,0.00
222.83,0.43,96.24,217.52,0.21,45.88,0.00,0.00,0.00,0.00,0.00,0.00,0.00,0.00,0.00
222.10,0.44,96.68,222.30,0.21,47.61,0.00,0.00,0.00,0.00,0.00,0.00,0.00,0.00,0.00
224.39,0.44,97.99,222.38,0.21,48.03,0.00,0.00,0.00,0.00,0.00,0.00,0.00,0.00,0.00
220.55,0.44,96.11,222.22,0.21,47.70,0.00,0.00,0.00,0.00,0.00,0.00,0.00,0.00,0.00
223.98,0.44,97.71,221.79,0.21,47.73,0.00,0.00,0.00,0.00,0.00,0.00,0.00,0.00,0.00
223.67,0.44,97.73,223.81,0.21,48.45,0.00,0.00,0.00,0.00,0.00,0.00,0.00,0.00,0.00
223.34,0.44,97.29,221.70,0.21,47.57,0.00,0.00,0.00,0.00,0.00,0.00,0.00,0.00,0.00
222.96,0.43,96.75,219.83,0.21,46.89,0.00,0.00,0.00,0.00,0.00,0.00,0.00,0.00,0.00
223.35,0.44,97.48,223.55,0.21,48.27,0.00,0.00,0.00,0.00,0.00,0.00,0.00,0.00,0.00
223.38,0.43,97.08,220.84,0.21,47.15,0.00,0.00,0.00,0.00,0.00,0.00,0.00,0.00,0.00
222.61,0.44,97.22,223.39,0.21,48.18,0.00,0.00,0.00,0.00,0.00,0.00,0.00,0.00,0.00
234.74,0.44,102.32,228.43,0.21,48.43,0.00,0.00,0.00,0.00,0.00,0.00,0.00,0.00,0.00
223.46,0.43,96.57,218.75,0.21,46.41,0.00,0.00,0.00,0.00,0.00,0.00,0.00,0.00,0.00
224.40,0.44,97.99,224.17,0.21,48.44,0.00,0.00,0.00,0.00,0.00,0.00,0.00,0.00,0.00
221.46,0.44,96.46,222.89,0.21,47.93,0.00,0.00,0.00,0.00,0.00,0.00,0.00,0.00,0.00
221.75,0.44,96.58,220.79,0.21,47.33,0.00,0.00,0.00,0.00,0.00,0.00,0.00,0.00,0.00
223.05,0.44,97.27,221.90,0.21,47.75,0.00,0.00,0.00,0.00,0.00,0.00,0.00,0.00,0.00
221.80,0.43,96.24,220.46,0.21,46.92,0.00,0.00,0.00,0.00,0.00,0.00,0.00,0.00,0.00
222.98,0.44,97.45,235.65,0.21,47.30,0.00,0.00,0.00,0.00,0.00,0.00,0.00,0.00,0.00
222.31,0.44,97.06,223.14,0.21,48.22,0.00,0.00,0.00,0.00,0.00,0.00,0.00,0.00,0.00
221.95,0.43,96.45,221.53,0.21,47.32,0.00,0.00,0.00,0.00,0.00,0.00,0.00,0.00,0.00
224.46,0.44,97.87,222.20,0.21,47.91,0.00,0.00,0.00,0.00,0.00,0.00,0.00,0.00,0.00
221.74,0.43,96.08,219.67,0.21,46.71,0.00,0.00,0.00,0.00,0.00,0.00,0.00,0.00,0.00
220.25,0.43,94.72,215.51,0.21,45.24,0.00,0.00,0.00,0.00,0.00,0.00,0.00,0.00,0.00
223.57,0.44,97.75,223.58,0.22,48.51,0.00,0.00,0.00,0.00,0.00,0.00,0.00,0.00,0.00
221.65,0.43,96.41,221.53,0.21,47.50,0.00,0.00,0.00,0.00,0.00,0.00,0.00,0.00,0.00
223.72,0.43,96.76,218.68,0.21,46.29,0.00,0.00,0.00,0.00,0.00,0.00,0.00,0.00,0.00
219.06,0.43,95.28,221.43,0.21,47.33,0.00,0.00,0.00,0.00,0.00,0.00,0.00,0.00,0.00
219.26,0.43,95.02,220.63,0.21,46.82,0.00,0.00,0.00,0.00,0.00,0.00,0.00,0.00,0.00
221.32,0.44,96.62,222.01,0.21,47.96,0.00,0.00,0.00,0.00,0.00,0.00,0.00,0.00,0.00
224.16,0.43,97.50,222.16,0.21,47.67,0.00,0.00,0.00,0.00,0.00,0.00,0.00,0.00,0.00
216.70,0.43,94.10,221.01,0.21,47.13,0.00,0.00,0.00,0.00,0.00,0.00,0.00,0.00,0.00
222.95,0.44,97.61,223.61,0.22,48.57,0.00,0.00,0.00,0.00,0.00,0.00,0.00,0.00,0.00
222.47,0.43,96.75,221.82,0.21,47.54,0.00,0.00,0.00,0.00,0.00,0.00,0.00,0.00,0.00
230.13,0.43,99.72,220.38,0.21,45.77,0.00,0.00,0.00,0.00,0.00,0.00,0.00,0.00,0.00
223.71,0.43,97.02,221.37,0.21,47.14,0.00,0.00,0.00,0.00,0.00,0.00,0.00,0.00,0.00
222.33,0.44,97.04,223.24,0.21,48.20,0.00,0.00,0.00,0.00,0.00,0.00,0.00,0.00,0.00
222.94,0.44,97.46,222.44,0.21,48.07,0.00,0.00,0.00,0.00,0.00,0.00,0.00,0.00,0.00
220.71,0.44,96.29,222.70,0.21,47.93,0.00,0.00,0.00,0.00,0.00,0.00,0.00,0.00,0.00
222.48,0.44,97.06,222.63,0.21,47.91,0.00,0.00,0.00,0.00,0.00,0.00,0.00,0.00,0.00
221.29,0.43,96.14,220.82,0.21,47.14,0.00,0.00,0.00,0.00,0.00,0.00,0.00,0.00,0.00
223.47,0.44,97.55,223.08,0.21,48.06,0.00,0.00,0.00,0.00,0.00,0.00,0.00,0.00,0.00
222.18,0.43,95.91,223.03,0.21,47.00,0.00,0.00,0.00,0.00,0.00,0.00,0.00,0.00,0.00
221.98,0.44,96.61,222.28,0.21,47.61,0.00,0.00,0.00,0.00,0.00,0.00,0.00,0.00,0.00
224.37,0.43,97.46,221.13,0.21,47.19,0.00,0.00,0.00,0.00,0.00,0.00,0.00,0.00,0.00
222.33,0.43,96.70,221.91,0.21,47.69,0.00,0.00,0.00,0.00,0.00,0.00,0.00,0.00,0.00
224.47,0.44,97.73,222.09,0.21,47.72,0.00,0.00,0.00,0.00,0.00,0.00,0.00,0.00,0.00
222.56,0.43,95.79,215.55,0.21,45.17,0.00,0.00,0.00,0.00,0.00,0.00,0.00,0.00,0.00
218.84,0.44,95.38,222.47,0.21,47.78,0.00,0.00,0.00,0.00,0.00,0.00,0.00,0.00,0.00
222.29,0.44,96.94,222.20,0.21,47.77,0.00,0.00,0.00,0.00,0.00,0.00,0.00,0.00,0.00
222.43,0.43,96.50,220.57,0.21,46.95,0.00,0.00,0.00,0.00,0.00,0.00,0.00,0.00,0.00
223.10,0.44,97.44,222.71,0.21,48.17,0.00,0.00,0.00,0.00,0.00,0.00,0.00,0.00,0.00
222.23,0.43,96.57,222.44,0.21,47.51,0.00,0.00,0.00,0.00,0.00,0.00,0.00,0.00,0.00
219.47,0.43,95.40,220.81,0.21,47.13,0.00,0.00,0.00,0.00,0.00,0.00,0.00,0.00,0.00
221.22,0.43,96.17,221.31,0.21,47.37,0.00,0.00,0.00,0.00,0.00,0.00,0.00,0.00,0.00
221.79,0.44,97.04,224.40,0.22,48.61,0.00,0.00,0.00,0.00,0.00,0.00,0.00,0.00,0.00
221.59,0.44,96.44,221.30,0.21,47.40,0.00,0.00,0.00,0.00,0.00,0.00,0.00,0.00,0.00
222.17,0.44,96.71,221.43,0.21,47.58,0.00,0.00,0.00,0.00,0.00,0.00,0.00,0.00,0.00
218.06,0.43,94.67,220.85,0.21,47.18,0.00,0.00,0.00,0.00,0.00,0.00,0.00,0.00,0.00
223.24,0.44,97.25,222.65,0.21,47.81,0.00,0.00,0.00,0.00,0.00,0.00,0.00,0.00,0.00
223.24,0.43,97.07,221.73,0.21,47.41,0.00,0.00,0.00,0.00,0.00,0.00,0.00,0.00,0.00
221.23,0.43,95.96,220.03,0.21,46.80,0.00,0.00,0.00,0.00,0.00,0.00,0.00,0.00,0.00
222.19,0.44,96.78,222.75,0.21,47.81,0.00,0.00,0.00,0.00,0.00,0.00,0.00,0.00,0.00
221.86,0.43,95.86,218.48,0.21,46.14,0.00,0.00,0.00,0.00,0.00,0.00,0.00,0.00,0.00
222.50,0.44,96.93,222.26,0.21,47.88,0.00,0.00,0.00,0.00,0.00,0.00,0.00,0.00,0.00
221.41,0.43,96.28,221.33,0.21,47.47,0.00,0.00,0.00,0.00,0.00,0.00,0.00,0.00,0.00
221.14,0.43,96.14,220.82,0.21,47.33,0.00,0.00,0.00,0.00,0.00,0.00,0.00,0.00,0.00
221.54,0.44,96.41,222.09,0.21,47.58,0.00,0.00,0.00,0.00,0.00,0.00,0.00,0.00,0.00
220.46,0.44,96.11,222.71,0.21,47.99,0.00,0.00,0.00,0.00,0.00,0.00,0.00,0.00,0.00
222.56,0.43,96.58,219.13,0.21,46.68,0.00,0.00,0.00,0.00,0.00,0.00,0.00,0.00,0.00
222.75,0.44,96.94,221.22,0.21,47.53,0.00,0.00,0.00,0.00,0.00,0.00,0.00,0.00,0.00
223.44,0.43,97.11,220.57,0.21,47.37,0.00,0.00,0.00,0.00,0.00,0.00,0.00,0.00,0.00
222.11,0.43,96.41,221.74,0.21,47.13,0.00,0.00,0.00,0.00,0.00,0.00,0.00,0.00,0.00
221.45,0.44,96.80,223.05,0.21,48.27,0.00,0.00,0.00,0.00,0.00,0.00,0.00,0.00,0.00
222.39,0.44,96.87,221.51,0.21,47.66,0.00,0.00,0.00,0.00,0.00,0.00,0.00,0.00,0.00
222.62,0.43,96.61,220.11,0.21,46.88,0.00,0.00,0.00,0.00,0.00,0.00,0.00,0.00,0.00
220.54,0.44,96.28,223.96,0.21,48.40,0.00,0.00,0.00,0.00,0.00,0.00,0.00,0.00,0.00
223.21,0.44,97.17,222.09,0.21,47.61,0.00,0.00,0.00,0.00,0.00,0.00,0.00,0.00,0.00
222.74,0.43,96.12,218.01,0.21,45.92,0.00,0.00,0.00,0.00,0.00,0.00,0.00,0.00,0.00
221.92,0.44,96.65,223.01,0.21,47.93,0.00,0.00,0.00,0.00,0.00,0.00,0.00,0.00,0.00
222.15,0.44,97.05,223.04,0.21,48.28,0.00,0.00,0.00,0.00,0.00,0.00,0.00,0.00,0.00
222.43,0.44,96.90,222.36,0.21,47.83,0.00,0.00,0.00,0.00,0.00,0.00,0.00,0.00,0.00
222.22,0.44,96.76,221.35,0.21,47.45,0.00,0.00,0.00,0.00,0.00,0.00,0.00,0.00,0.00
222.60,0.43,96.48,219.99,0.21,46.99,0.00,0.00,0.00,0.00,0.00,0.00,0.00,0.00,0.00
223.33,0.43,96.94,220.76,0.21,47.18,0.00,0.00,0.00,0.00,0.00,0.00,0.00,0.00,0.00
219.66,0.43,95.44,221.72,0.21,47.34,0.00,0.00,0.00,0.00,0.00,0.00,0.00,0.00,0.00
223.87,0.44,97.89,223.60,0.22,48.46,0.00,0.00,0.00,0.00,0.00,0.00,0.00,0.00,0.00
222.52,0.44,97.06,222.69,0.21,48.01,0.00,0.00,0.00,0.00,0.00,0.00,0.00,0.00,0.00
224.58,0.44,97.81,222.37,0.21,47.67,0.00,0.00,0.00,0.00,0.00,0.00,0.00,0.00,0.00
222.60,0.44,96.95,222.32,0.21,47.75,0.00,0.00,0.00,0.00,0.00,0.00,0.00,0.00,0.00
223.08,0.44,97.14,221.88,0.21,47.65,0.00,0.00,0.00,0.00,0.00,0.00,0.00,0.00,0.00
222.85,0.44,97.05,222.26,0.21,47.67,0.00,0.00,0.00,0.00,0.00,0.00,0.00,0.00,0.00
222.21,0.44,96.83,222.23,0.21,47.81,0.00,0.00,0.00,0.00,0.00,0.00,0.00,0.00,0.00
223.09,0.44,97.30,222.95,0.21,48.09,0.00,0.00,0.00,0.00,0.00,0.00,0.00,0.00,0.00
222.04,0.43,96.20,220.68,0.21,46.86,0.00,0.00,0.00,0.00,0.00,0.00,0.00,0.00,0.00
223.05,0.44,97.09,222.25,0.21,47.64,0.00,0.00,0.00,0.00,0.00,0.00,0.00,0.00,0.00
221.69,0.43,95.81,219.18,0.21,46.30,0.00,0.00,0.00,0.00,0.00,0.00,0.00,0.00,0.00
223.87,0.44,97.63,221.70,0.21,47.64,0.00,0.00,0.00,0.00,0.00,0.00,0.00,0.00,0.00
222.87,0.43,96.91,222.02,0.21,47.44,0.00,0.00,0.00,0.00,0.00,0.00,0.00,0.00,0.00
221.90,0.44,96.57,221.17,0.21,47.36,0.00,0.00,0.00,0.00,0.00,0.00,0.00,0.00,0.00
223.61,0.44,97.52,222.43,0.21,47.85,0.00,0.00,0.00,0.00,0.00,0.00,0.00,0.00,0.00
223.53,0.43,97.15,221.81,0.21,47.36,0.00,0.00,0.00,0.00,0.00,0.00,0.00,0.00,0.00
220.40,0.44,95.88,222.15,0.21,47.64,0.00,0.00,0.00,0.00,0.00,0.00,0.00,0.00,0.00
222.98,0.43,96.88,221.84,0.21,47.37,0.00,0.00,0.00,0.00,0.00,0.00,0.00,0.00,0.00
222.55,0.43,96.60,221.55,0.21,47.21,0.00,0.00,0.00,0.00,0.00,0.00,0.00,0.00,0.00
221.37,0.43,96.01,220.37,0.21,46.89,0.00,0.00,0.00,0.00,0.00,0.00,0.00,0.00,0.00
220.92,0.44,96.20,222.26,0.21,47.69,0.00,0.00,0.00,0.00,0.00,0.00,0.00,0.00,0.00
224.61,0.43,97.49,220.93,0.21,47.19,0.00,0.00,0.00,0.00,0.00,0.00,0.00,0.00,0.00
224.01,0.44,97.57,221.97,0.21,47.76,0.00,0.00,0.00,0.00,0.00,0.00,0.00,0.00,0.00
222.91,0.43,96.21,217.93,0.21,46.14,0.00,0.00,0.00,0.00,0.00,0.00,0.00,0.00,0.00
223.57,0.44,97.51,222.67,0.21,48.03,0.00,0.00,0.00,0.00,0.00,0.00,0.00,0.00,0.00
222.70,0.44,97.44,223.81,0.22,48.63,0.00,0.00,0.00,0.00,0.00,0.00,0.00,0.00,0.00
221.92,0.43,96.51,221.40,0.21,47.37,0.00,0.00,0.00,0.00,0.00,0.00,0.00,0.00,0.00
221.41,0.44,96.58,223.10,0.21,48.16,0.00,0.00,0.00,0.00,0.00,0.00,0.00,0.00,0.00
221.30,0.43,96.06,221.68,0.21,47.34,0.00,0.00,0.00,0.00,0.00,0.00,0.00,0.00,0.00
222.75,0.44,96.99,221.70,0.21,47.65,0.00,0.00,0.00,0.00,0.00,0.00,0.00,0.00,0.00
223.93,0.43,97.35,221.00,0.21,47.26,0.00,0.00,0.00,0.00,0.00,0.00,0.00,0.00,0.00
224.39,0.44,97.89,222.05,0.21,47.83,0.00,0.00,0.00,0.00,0.00,0.00,0.00,0.00,0.00
221.74,0.44,96.65,223.36,0.21,48.09,0.00,0.00,0.00,0.00,0.00,0.00,0.00,0.00,0.00
226.48,0.44,98.69,222.24,0.21,47.83,0.00,0.00,0.00,0.00,0.00,0.00,0.00,0.00,0.00
215.92,0.44,94.19,222.92,0.21,48.09,0.00,0.00,0.00,0.00,0.00,0.00,0.00,0.00,0.00
224.46,0.44,97.93,222.15,0.21,47.96,0.00,0.00,0.00,0.00,0.00,0.00,0.00,0.00,0.00
222.99,0.44,97.19,220.95,0.21,47.44,0.00,0.00,0.00,0.00,0.00,0.00,0.00,0.00,0.00
222.59,0.43,96.71,221.21,0.21,47.22,0.00,0.00,0.00,0.00,0.00,0.00,0.00,0.00,0.00
221.92,0.43,96.27,220.31,0.21,46.93,0.00,0.00,0.00,0.00,0.00,0.00,0.00,0.00,0.00
220.95,0.44,96.35,222.92,0.21,48.11,0.00,0.00,0.00,0.00,0.00,0.00,0.00,0.00,0.00
222.12,0.44,97.06,221.91,0.21,47.90,0.00,0.00,0.00,0.00,0.00,0.00,0.00,0.00,0.00
224.29,0.44,98.04,222.70,0.21,48.12,0.00,0.00,0.00,0.00,0.00,0.00,0.00,0.00,0.00
223.87,0.44,97.42,221.65,0.21,47.45,0.00,0.00,0.00,0.00,0.00,0.00,0.00,0.00,0.00
223.01,0.44,97.08,222.42,0.21,47.71,0.00,0.00,0.00,0.00,0.00,0.00,0.00,0.00,0.00
217.76,0.43,93.94,216.78,0.21,45.81,0.00,0.00,0.00,0.00,0.00,0.00,0.00,0.00,0.00
224.13,0.44,98.02,225.40,0.22,48.77,0.00,0.00,0.00,0.00,0.00,0.00,0.00,0.00,0.00
222.14,0.43,96.59,221.14,0.21,47.32,0.00,0.00,0.00,0.00,0.00,0.00,0.00,0.00,0.00
221.74,0.44,96.53,222.10,0.21,47.61,0.00,0.00,0.00,0.00,0.00,0.00,0.00,0.00,0.00
223.70,0.43,96.57,217.27,0.21,46.00,0.00,0.00,0.00,0.00,0.00,0.00,0.00,0.00,0.00
222.75,0.44,97.03,222.12,0.21,47.75,0.00,0.00,0.00,0.00,0.00,0.00,0.00,0.00,0.00
221.22,0.44,96.41,221.37,0.21,47.56,0.00,0.00,0.00,0.00,0.00,0.00,0.00,0.00,0.00
222.91,0.44,97.03,221.75,0.21,47.62,0.00,0.00,0.00,0.00,0.00,0.00,0.00,0.00,0.00
222.90,0.44,97.37,223.74,0.21,48.47,0.00,0.00,0.00,0.00,0.00,0.00,0.00,0.00,0.00
223.74,0.44,97.67,223.62,0.21,48.20,0.00,0.00,0.00,0.00,0.00,0.00,0.00,0.00,0.00
223.10,0.44,97.14,221.53,0.21,47.59,0.00,0.00,0.00,0.00,0.00,0.00,0.00,0.00,0.00
220.62,0.44,96.29,223.44,0.21,48.15,0.00,0.00,0.00,0.00,0.00,0.00,0.00,0.00,0.00
217.33,0.43,94.16,218.82,0.21,46.52,0.00,0.00,0.00,0.00,0.00,0.00,0.00,0.00,0.00
220.48,0.44,96.04,221.99,0.21,47.75,0.00,0.00,0.00,0.00,0.00,0.00,0.00,0.00,0.00
223.81,0.44,97.87,222.84,0.22,48.31,0.00,0.00,0.00,0.00,0.00,0.00,0.00,0.00,0.00
223.87,0.44,97.40,221.04,0.21,47.29,0.00,0.00,0.00,0.00,0.00,0.00,0.00,0.00,0.00
222.52,0.44,97.00,221.90,0.21,47.66,0.00,0.00,0.00,0.00,0.00,0.00,0.00,0.00,0.00
225.58,0.43,98.08,221.98,0.21,47.55,0.00,0.00,0.00,0.00,0.00,0.00,0.00,0.00,0.00
223.06,0.43,96.53,218.81,0.21,46.59,0.00,0.00,0.00,0.00,0.00,0.00,0.00,0.00,0.00
224.63,0.44,97.84,222.68,0.21,47.78,0.00,0.00,0.00,0.00,0.00,0.00,0.00,0.00,0.00
220.85,0.43,95.97,221.45,0.21,47.29,0.00,0.00,0.00,0.00,0.00,0.00,0.00,0.00,0.00
218.95,0.44,95.53,222.86,0.21,47.96,0.00,0.00,0.00,0.00,0.00,0.00,0.00,0.00,0.00
223.38,0.43,96.81,221.15,0.21,46.96,0.00,0.00,0.00,0.00,0.00,0.00,0.00,0.00,0.00
221.43,0.43,96.24,221.36,0.21,47.31,0.00,0.00,0.00,0.00,0.00,0.00,0.00,0.00,0.00
223.00,0.44,97.02,221.43,0.21,47.50,0.00,0.00,0.00,0.00,0.00,0.00,0.00,0.00,0.00
219.93,0.44,95.83,222.92,0.21,47.87,0.00,0.00,0.00,0.00,0.00,0.00,0.00,0.00,0.00
223.33,0.44,97.18,222.17,0.21,47.70,0.00,0.00,0.00,0.00,0.00,0.00,0.00,0.00,0.00
222.67,0.44,96.92,221.65,0.21,47.63,0.00,0.00,0.00,0.00,0.00,0.00,0.00,0.00,0.00
221.64,0.44,96.69,222.87,0.21,47.99,0.00,0.00,0.00,0.00,0.00,0.00,0.00,0.00,0.00
221.90,0.44,96.55,221.86,0.21,47.53,0.00,0.00,0.00,0.00,0.00,0.00,0.00,0.00,0.00
222.64,0.43,96.75,221.90,0.21,47.39,0.00,0.00,0.00,0.00,0.00,0.00,0.00,0.00,0.00
222.13,0.43,96.58,222.39,0.21,47.66,0.00,0.00,0.00,0.00,0.00,0.00,0.00,0.00,0.00
222.46,0.44,97.97,224.84,0.22,49.41,0.00,0.00,0.00,0.00,0.00,0.00,0.00,0.00,0.00
221.00,0.43,95.95,220.72,0.21,47.05,0.00,0.00,0.00,0.00,0.00,0.00,0.00,0.00,0.00
222.43,0.44,96.85,223.22,0.21,47.97,0.00,0.00,0.00,0.00,0.00,0.00,0.00,0.00,0.00
223.33,0.43,96.95,221.35,0.21,47.20,0.00,0.00,0.00,0.00,0.00,0.00,0.00,0.00,0.00
221.29,0.44,96.47,222.92,0.21,47.94,0.00,0.00,0.00,0.00,0.00,0.00,0.00,0.00,0.00
224.00,0.44,97.56,222.56,0.21,47.87,0.00,0.00,0.00,0.00,0.00,0.00,0.00,0.00,0.00
218.24,0.43,94.70,219.53,0.21,46.76,0.00,0.00,0.00,0.00,0.00,0.00,0.00,0.00,0.00
221.86,0.44,96.67,222.45,0.21,47.82,0.00,0.00,0.00,0.00,0.00,0.00,0.00,0.00,0.00
222.85,0.43,96.83,222.10,0.21,47.40,0.00,0.00,0.00,0.00,0.00,0.00,0.00,0.00,0.00
220.64,0.44,96.53,223.01,0.22,48.25,0.00,0.00,0.00,0.00,0.00,0.00,0.00,0.00,0.00
223.61,0.43,97.15,221.50,0.21,47.29,0.00,0.00,0.00,0.00,0.00,0.00,0.00,0.00,0.00
222.60,0.44,96.90,222.12,0.21,47.72,0.00,0.00,0.00,0.00,0.00,0.00,0.00,0.00,0.00
223.39,0.44,97.38,223.04,0.21,48.11,0.00,0.00,0.00,0.00,0.00,0.00,0.00,0.00,0.00
219.68,0.43,95.33,222.03,0.21,47.41,0.00,0.00,0.00,0.00,0.00,0.00,0.00,0.00,0.00
223.12,0.44,97.27,223.19,0.21,48.10,0.00,0.00,0.00,0.00,0.00,0.00,0.00,0.00,0.00
222.58,0.44,97.01,222.33,0.21,47.76,0.00,0.00,0.00,0.00,0.00,0.00,0.00,0.00,0.00
222.00,0.44,96.60,222.17,0.21,47.60,0.00,0.00,0.00,0.00,0.00,0.00,0.00,0.00,0.00
222.39,0.43,96.66,221.10,0.21,47.20,0.00,0.00,0.00,0.00,0.00,0.00,0.00,0.00,0.00
219.95,0.44,96.09,223.03,0.21,48.25,0.00,0.00,0.00,0.00,0.00,0.00,0.00,0.00,0.00
223.31,0.43,97.13,222.20,0.21,47.65,0.00,0.00,0.00,0.00,0.00,0.00,0.00,0.00,0.00
223.27,0.44,97.35,222.51,0.21,47.88,0.00,0.00,0.00,0.00,0.00,0.00,0.00,0.00,0.00
222.47,0.43,96.76,222.79,0.21,47.68,0.00,0.00,0.00,0.00,0.00,0.00,0.00,0.00,0.00
221.39,0.44,96.54,223.04,0.21,48.00,0.00,0.00,0.00,0.00,0.00,0.00,0.00,0.00,0.00
224.23,0.43,97.35,219.83,0.21,46.91,0.00,0.00,0.00,0.00,0.00,0.00,0.00,0.00,0.00
221.38,0.43,96.23,221.52,0.21,47.33,0.00,0.00,0.00,0.00,0.00,0.00,0.00,0.00,0.00
223.45,0.44,97.43,224.77,0.21,48.16,0.00,0.00,0.00,0.00,0.00,0.00,0.00,0.00,0.00
222.08,0.43,96.04,218.58,0.21,46.53,0.00,0.00,0.00,0.00,0.00,0.00,0.00,0.00,0.00
223.79,0.44,97.38,222.05,0.21,47.68,0.00,0.00,0.00,0.00,0.00,0.00,0.00,0.00,0.00
221.64,0.43,96.34,221.73,0.21,47.53,0.00,0.00,0.00,0.00,0.00,0.00,0.00,0.00,0.00
223.00,0.44,97.16,222.36,0.21,47.75,0.00,0.00,0.00,0.00,0.00,0.00,0.00,0.00,0.00
220.74,0.43,95.79,220.93,0.21,47.19,0.00,0.00,0.00,0.00,0.00,0.00,0.00,0.00,0.00
221.93,0.43,95.83,218.37,0.21,46.34,0.00,0.00,0.00,0.00,0.00,0.00,0.00,0.00,0.00
223.47,0.43,96.94,221.92,0.21,47.23,0.00,0.00,0.00,0.00,0.00,0.00,0.00,0.00,0.00
220.61,0.43,95.12,217.84,0.21,45.81,0.00,0.00,0.00,0.00,0.00,0.00,0.00,0.00,0.00
223.38,0.44,97.19,222.52,0.21,47.74,0.00,0.00,0.00,0.00,0.00,0.00,0.00,0.00,0.00
220.96,0.43,96.05,221.51,0.21,47.46,0.00,0.00,0.00,0.00,0.00,0.00,0.00,0.00,0.00
221.69,0.44,96.52,222.87,0.21,47.82,0.00,0.00,0.00,0.00,0.00,0.00,0.00,0.00,0.00
222.15,0.43,96.33,221.56,0.21,47.12,0.00,0.00,0.00,0.00,0.00,0.00,0.00,0.00,0.00
221.98,0.43,95.86,218.51,0.21,46.17,0.00,0.00,0.00,0.00,0.00,0.00,0.00,0.00,0.00
222.82,0.44,97.20,223.83,0.21,48.16,0.00,0.00,0.00,0.00,0.00,0.00,0.00,0.00,0.00
220.73,0.44,96.08,221.72,0.21,47.65,0.00,0.00,0.00,0.00,0.00,0.00,0.00,0.00,0.00
223.49,0.44,97.43,223.42,0.21,48.01,0.00,0.00,0.00,0.00,0.00,0.00,0.00,0.00,0.00
222.88,0.44,97.17,222.41,0.21,47.94,0.00,0.00,0.00,0.00,0.00,0.00,0.00,0.00,0.00
222.04,0.44,96.76,222.59,0.21,47.98,0.00,0.00,0.00,0.00,0.00,0.00,0.00,0.00,0.00
222.62,0.44,96.86,222.76,0.21,47.85,0.00,0.00,0.00,0.00,0.00,0.00,0.00,0.00,0.00
221.28,0.43,96.01,220.14,0.21,47.01,0.00,0.00,0.00,0.00,0.00,0.00,0.00,0.00,0.00
218.24,0.44,95.02,223.01,0.21,47.84,0.00,0.00,0.00,0.00,0.00,0.00,0.00,0.00,0.00
222.71,0.43,96.83,222.11,0.21,47.62,0.00,0.00,0.00,0.00,0.00,0.00,0.00,0.00,0.00
217.32,0.43,94.22,220.57,0.21,46.91,0.00,0.00,0.00,0.00,0.00,0.00,0.00,0.00,0.00
221.72,0.44,96.47,221.90,0.21,47.64,0.00,0.00,0.00,0.00,0.00,0.00,0.00,0.00,0.00
222.37,0.44,96.78,223.18,0.21,47.94,0.00,0.00,0.00,0.00,0.00,0.00,0.00,0.00,0.00
222.07,0.43,96.25,219.72,0.21,46.81,0.00,0.00,0.00,0.00,0.00,0.00,0.00,0.00,0.00
223.03,0.44,97.31,223.40,0.21,48.25,0.00,0.00,0.00,0.00,0.00,0.00,0.00,0.00,0.00
220.62,0.43,95.49,220.05,0.21,46.74,0.00,0.00,0.00,0.00,0.00,0.00,0.00,0.00,0.00
223.11,0.43,97.02,222.23,0.21,47.56,0.00,0.00,0.00,0.00,0.00,0.00,0.00,0.00,0.00
223.96,0.44,97.48,221.41,0.21,47.54,0.00,0.00,0.00,0.00,0.00,0.00,0.00,0.00,0.00
222.24,0.43,96.48,220.48,0.21,47.00,0.00,0.00,0.00,0.00,0.00,0.00,0.00,0.00,0.00
220.77,0.44,96.38,224.09,0.21,48.34,0.00,0.00,0.00,0.00,0.00,0.00,0.00,0.00,0.00
222.44,0.44,96.96,222.37,0.21,47.89,0.00,0.00,0.00,0.00,0.00,0.00,0.00,0.00,0.00
221.05,0.43,96.02,221.41,0.21,47.24,0.00,0.00,0.00,0.00,0.00,0.00,0.00,0.00,0.00
221.84,0.44,96.66,222.90,0.21,47.91,0.00,0.00,0.00,0.00,0.00,0.00,0.00,0.00,0.00
223.13,0.44,97.24,222.96,0.21,48.01,0.00,0.00,0.00,0.00,0.00,0.00,0.00,0.00,0.00
220.39,0.44,96.10,222.71,0.21,48.03,0.00,0.00,0.00,0.00,0.00,0.00,0.00,0.00,0.00
222.62,0.43,96.63,222.23,0.21,47.47,0.00,0.00,0.00,0.00,0.00,0.00,0.00,0.00,0.00
222.71,0.43,96.75,221.11,0.21,47.22,0.00,0.00,0.00,0.00,0.00,0.00,0.00,0.00,0.00
220.21,0.44,95.94,223.45,0.21,48.01,0.00,0.00,0.00,0.00,0.00,0.00,0.00,0.00,0.00
222.45,0.44,96.80,222.17,0.21,47.70,0.00,0.00,0.00,0.00,0.00,0.00,0.00,0.00,0.00
220.90,0.43,95.86,220.46,0.21,47.00,0.00,0.00,0.00,0.00,0.00,0.00,0.00,0.00,0.00
223.73,0.43,97.24,220.86,0.21,47.24,0.00,0.00,0.00,0.00,0.00,0.00,0.00,0.00,0.00
218.97,0.43,95.03,221.85,0.21,47.39,0.00,0.00,0.00,0.00,0.00,0.00,0.00,0.00,0.00
222.96,0.44,97.10,223.55,0.21,48.00,0.00,0.00,0.00,0.00,0.00,0.00,0.00,0.00,0.00
222.71,0.43,96.87,221.55,0.21,47.54,0.00,0.00,0.00,0.00,0.00,0.00,0.00,0.00,0.00
220.32,0.43,95.69,221.56,0.21,47.40,0.00,0.00,0.00,0.00,0.00,0.00,0.00,0.00,0.00
222.28,0.43,96.58,221.53,0.21,47.42,0.00,0.00,0.00,0.00,0.00,0.00,0.00,0.00,0.00
223.13,0.43,96.98,221.75,0.21,47.39,0.00,0.00,0.00,0.00,0.00,0.00,0.00,0.00,0.00
219.58,0.43,95.35,221.18,0.21,47.29,0.00,0.00,0.00,0.00,0.00,0.00,0.00,0.00,0.00
222.81,0.43,96.70,220.88,0.21,47.06,0.00,0.00,0.00,0.00,0.00,0.00,0.00,0.00,0.00
220.26,0.43,95.45,219.06,0.21,46.51,0.00,0.00,0.00,0.00,0.00,0.00,0.00,0.00,0.00
219.76,0.44,95.77,221.68,0.21,47.63,0.00,0.00,0.00,0.00,0.00,0.00,0.00,0.00,0.00
223.71,0.44,97.51,223.43,0.21,47.99,0.00,0.00,0.00,0.00,0.00,0.00,0.00,0.00,0.00
221.85,0.43,96.01,220.12,0.21,46.72,0.00,0.00,0.00,0.00,0.00,0.00,0.00,0.00,0.00
221.06,0.44,96.47,223.74,0.21,48.24,0.00,0.00,0.00,0.00,0.00,0.00,0.00,0.00,0.00
223.83,0.43,97.20,219.77,0.21,47.01,0.00,0.00,0.00,0.00,0.00,0.00,0.00,0.00,0.00
222.23,0.43,96.48,221.17,0.21,47.16,0.00,0.00,0.00,0.00,0.00,0.00,0.00,0.00,0.00
217.80,0.44,94.81,221.97,0.21,47.58,0.00,0.00,0.00,0.00,0.00,0.00,0.00,0.00,0.00
223.33,0.43,97.05,222.25,0.21,47.58,0.00,0.00,0.00,0.00,0.00,0.00,0.00,0.00,0.00
220.84,0.43,95.92,220.87,0.21,47.29,0.00,0.00,0.00,0.00,0.00,0.00,0.00,0.00,0.00
222.28,0.43,96.53,221.82,0.21,47.44,0.00,0.00,0.00,0.00,0.00,0.00,0.00,0.00,0.00
223.20,0.43,97.03,221.25,0.21,47.30,0.00,0.00,0.00,0.00,0.00,0.00,0.00,0.00,0.00
220.22,0.43,95.74,220.56,0.21,47.14,0.00,0.00,0.00,0.00,0.00,0.00,0.00,0.00,0.00
222.58,0.43,96.74,222.02,0.21,47.47,0.00,0.00,0.00,0.00,0.00,0.00,0.00,0.00,0.00
223.13,0.43,96.10,217.54,0.21,45.68,0.00,0.00,0.00,0.00,0.00,0.00,0.00,0.00,0.00
219.64,0.43,95.36,220.69,0.21,47.24,0.00,0.00,0.00,0.00,0.00,0.00,0.00,0.00,0.00
222.90,0.44,97.03,221.74,0.21,47.52,0.00,0.00,0.00,0.00,0.00,0.00,0.00,0.00,0.00
221.68,0.43,96.18,219.33,0.21,46.70,0.00,0.00,0.00,0.00,0.00,0.00,0.00,0.00,0.00
221.10,0.43,95.93,220.83,0.21,47.03,0.00,0.00,0.00,0.00,0.00,0.00,0.00,0.00,0.00
221.45,0.44,96.49,222.95,0.21,48.00,0.00,0.00,0.00,0.00,0.00,0.00,0.00,0.00,0.00
223.26,0.44,97.21,222.64,0.21,47.90,0.00,0.00,0.00,0.00,0.00,0.00,0.00,0.00,0.00
222.14,0.43,96.50,220.46,0.21,47.05,0.00,0.00,0.00,0.00,0.00,0.00,0.00,0.00,0.00
222.13,0.44,96.78,222.39,0.21,47.89,0.00,0.00,0.00,0.00,0.00,0.00,0.00,0.00,0.00
223.77,0.43,97.01,218.99,0.21,46.41,0.00,0.00,0.00,0.00,0.00,0.00,0.00,0.00,0.00
221.39,0.43,95.97,220.69,0.21,46.92,0.00,0.00,0.00,0.00,0.00,0.00,0.00,0.00,0.00
223.36,0.43,97.04,221.64,0.21,47.45,0.00,0.00,0.00,0.00,0.00,0.00,0.00,0.00,0.00
223.32,0.43,96.88,221.61,0.21,47.29,0.00,0.00,0.00,0.00,0.00,0.00,0.00,0.00,0.00
220.68,0.43,95.72,221.40,0.21,47.12,0.00,0.00,0.00,0.00,0.00,0.00,0.00,0.00,0.00
222.96,0.44,97.30,223.92,0.21,48.36,0.00,0.00,0.00,0.00,0.00,0.00,0.00,0.00,0.00
223.34,0.43,96.94,221.23,0.21,47.17,0.00,0.00,0.00,0.00,0.00,0.00,0.00,0.00,0.00
220.62,0.43,95.42,220.73,0.21,46.70,0.00,0.00,0.00,0.00,0.00,0.00,0.00,0.00,0.00
221.50,0.44,96.47,222.29,0.21,47.71,0.00,0.00,0.00,0.00,0.00,0.00,0.00,0.00,0.00
222.91,0.43,96.68,221.09,0.21,47.06,0.00,0.00,0.00,0.00,0.00,0.00,0.00,0.00,0.00
221.20,0.43,95.92,221.63,0.21,47.18,0.00,0.00,0.00,0.00,0.00,0.00,0.00,0.00,0.00
220.54,0.43,95.90,222.56,0.21,47.62,0.00,0.00,0.00,0.00,0.00,0.00,0.00,0.00,0.00
221.84,0.44,96.57,222.98,0.21,47.83,0.00,0.00,0.00,0.00,0.00,0.00,0.00,0.00,0.00
222.62,0.43,96.71,222.16,0.21,47.53,0.00,0.00,0.00,0.00,0.00,0.00,0.00,0.00,0.00
223.30,0.43,97.07,222.61,0.21,47.68,0.00,0.00,0.00,0.00,0.00,0.00,0.00,0.00,0.00
221.35,0.43,95.27,216.36,0.21,45.35,0.00,0.00,0.00,0.00,0.00,0.00,0.00,0.00,0.00
221.68,0.44,96.49,222.80,0.21,47.87,0.00,0.00,0.00,0.00,0.00,0.00,0.00,0.00,0.00
222.48,0.43,96.74,222.05,0.21,47.60,0.00,0.00,0.00,0.00,0.00,0.00,0.00,0.00,0.00
221.61,0.43,96.12,221.11,0.21,47.05,0.00,0.00,0.00,0.00,0.00,0.00,0.00,0.00,0.00
220.97,0.43,95.82,220.56,0.21,46.92,0.00,0.00,0.00,0.00,0.00,0.00,0.00,0.00,0.00
223.10,0.43,96.91,221.29,0.21,47.23,0.00,0.00,0.00,0.00,0.00,0.00,0.00,0.00,0.00
224.92,0.43,97.39,218.32,0.21,46.28,0.00,0.00,0.00,0.00,0.00,0.00,0.00,0.00,0.00
222.05,0.43,96.55,222.37,0.21,47.65,0.00,0.00,0.00,0.00,0.00,0.00,0.00,0.00,0.00
221.62,0.43,96.38,222.29,0.21,47.58,0.00,0.00,0.00,0.00,0.00,0.00,0.00,0.00,0.00
222.95,0.43,96.85,221.70,0.21,47.42,0.00,0.00,0.00,0.00,0.00,0.00,0.00,0.00,0.00
222.91,0.43,96.54,220.30,0.21,46.74,0.00,0.00,0.00,0.00,0.00,0.00,0.00,0.00,0.00
221.30,0.44,96.28,222.51,0.21,47.82,0.00,0.00,0.00,0.00,0.00,0.00,0.00,0.00,0.00
223.77,0.43,97.18,221.76,0.21,47.32,0.00,0.00,0.00,0.00,0.00,0.00,0.00,0.00,0.00
221.75,0.43,96.21,221.64,0.21,47.18,0.00,0.00,0.00,0.00,0.00,0.00,0.00,0.00,0.00
221.11,0.43,96.07,220.63,0.21,47.23,0.00,0.00,0.00,0.00,0.00,0.00,0.00,0.00,0.00
221.94,0.43,96.42,221.75,0.21,47.33,0.00,0.00,0.00,0.00,0.00,0.00,0.00,0.00,0.00
222.76,0.44,97.15,222.82,0.21,48.06,0.00,0.00,0.00,0.00,0.00,0.00,0.00,0.00,0.00
221.81,0.43,95.91,219.68,0.21,46.54,0.00,0.00,0.00,0.00,0.00,0.00,0.00,0.00,0.00
221.80,0.43,95.94,219.07,0.21,46.47,0.00,0.00,0.00,0.00,0.00,0.00,0.00,0.00,0.00
222.12,0.43,96.61,221.90,0.21,47.61,0.00,0.00,0.00,0.00,0.00,0.00,0.00,0.00,0.00
221.94,0.44,96.71,222.01,0.21,47.72,0.00,0.00,0.00,0.00,0.00,0.00,0.00,0.00,0.00
225.80,0.43,98.05,221.37,0.21,47.23,0.00,0.00,0.00,0.00,0.00,0.00,0.00,0.00,0.00
222.37,0.43,96.20,219.53,0.21,46.50,0.00,0.00,0.00,0.00,0.00,0.00,0.00,0.00,0.00
220.21,0.43,95.52,220.50,0.21,46.93,0.00,0.00,0.00,0.00,0.00,0.00,0.00,0.00,0.00
222.89,0.44,97.00,223.11,0.21,47.82,0.00,0.00,0.00,0.00,0.00,0.00,0.00,0.00,0.00
221.65,0.43,96.06,220.83,0.21,46.95,0.00,0.00,0.00,0.00,0.00,0.00,0.00,0.00,0.00
220.62,0.44,96.05,222.67,0.21,47.90,0.00,0.00,0.00,0.00,0.00,0.00,0.00,0.00,0.00
222.89,0.43,96.80,221.72,0.21,47.45,0.00,0.00,0.00,0.00,0.00,0.00,0.00,0.00,0.00
221.74,0.43,96.06,220.88,0.21,47.01,0.00,0.00,0.00,0.00,0.00,0.00,0.00,0.00,0.00
220.41,0.44,95.91,222.44,0.21,47.67,0.00,0.00,0.00,0.00,0.00,0.00,0.00,0.00,0.00
221.39,0.44,96.42,223.38,0.21,47.96,0.00,0.00,0.00,0.00,0.00,0.00,0.00,0.00,0.00
223.12,0.43,96.95,221.75,0.21,47.39,0.00,0.00,0.00,0.00,0.00,0.00,0.00,0.00,0.00
220.93,0.43,95.52,219.60,0.21,46.43,0.00,0.00,0.00,0.00,0.00,0.00,0.00,0.00,0.00
219.47,0.44,95.56,222.74,0.21,47.78,0.00,0.00,0.00,0.00,0.00,0.00,0.00,0.00,0.00
224.11,0.44,97.63,222.61,0.21,47.78,0.00,0.00,0.00,0.00,0.00,0.00,0.00,0.00,0.00
221.97,0.43,96.28,221.23,0.21,47.12,0.00,0.00,0.00,0.00,0.00,0.00,0.00,0.00,0.00
220.62,0.43,95.73,221.13,0.21,47.10,0.00,0.00,0.00,0.00,0.00,0.00,0.00,0.00,0.00
228.35,0.43,99.13,221.71,0.21,47.39,0.00,0.00,0.00,0.00,0.00,0.00,0.00,0.00,0.00
223.17,0.44,97.30,223.21,0.21,48.17,0.00,0.00,0.00,0.00,0.00,0.00,0.00,0.00,0.00
220.60,0.43,95.67,221.21,0.21,47.20,0.00,0.00,0.00,0.00,0.00,0.00,0.00,0.00,0.00
221.89,0.43,95.78,219.02,0.21,46.20,0.00,0.00,0.00,0.00,0.00,0.00,0.00,0.00,0.00
222.99,0.44,97.15,222.79,0.21,48.00,0.00,0.00,0.00,0.00,0.00,0.00,0.00,0.00,0.00
222.01,0.43,96.28,221.23,0.21,47.07,0.00,0.00,0.00,0.00,0.00,0.00,0.00,0.00,0.00
221.51,0.43,96.21,221.75,0.21,47.34,0.00,0.00,0.00,0.00,0.00,0.00,0.00,0.00,0.00
223.99,0.43,97.16,221.66,0.21,47.22,0.00,0.00,0.00,0.00,0.00,0.00,0.00,0.00,0.00
221.57,0.43,96.24,222.51,0.21,47.52,0.00,0.00,0.00,0.00,0.00,0.00,0.00,0.00,0.00
221.22,0.43,96.06,221.73,0.21,47.30,0.00,0.00,0.00,0.00,0.00,0.00,0.00,0.00,0.00
223.03,0.44,97.23,222.35,0.21,47.84,0.00,0.00,0.00,0.00,0.00,0.00,0.00,0.00,0.00
223.23,0.43,96.87,221.97,0.21,47.25,0.00,0.00,0.00,0.00,0.00,0.00,0.00,0.00,0.00
222.92,0.43,96.83,221.09,0.21,47.36,0.00,0.00,0.00,0.00,0.00,0.00,0.00,0.00,0.00
220.68,0.43,95.73,221.08,0.21,47.07,0.00,0.00,0.00,0.00,0.00,0.00,0.00,0.00,0.00
222.04,0.43,96.54,222.71,0.21,47.77,0.00,0.00,0.00,0.00,0.00,0.00,0.00,0.00,0.00
221.37,0.43,96.10,220.97,0.21,47.11,0.00,0.00,0.00,0.00,0.00,0.00,0.00,0.00,0.00
221.33,0.43,95.69,219.30,0.21,46.36,0.00,0.00,0.00,0.00,0.00,0.00,0.00,0.00,0.00
220.13,0.43,95.66,222.08,0.21,47.46,0.00,0.00,0.00,0.00,0.00,0.00,0.00,0.00,0.00
222.12,0.43,96.35,220.79,0.21,47.02,0.00,0.00,0.00,0.00,0.00,0.00,0.00,0.00,0.00
221.76,0.43,96.36,221.95,0.21,47.52,0.00,0.00,0.00,0.00,0.00,0.00,0.00,0.00,0.00
221.70,0.43,96.19,221.44,0.21,47.16,0.00,0.00,0.00,0.00,0.00,0.00,0.00,0.00,0.00
221.29,0.43,95.97,221.17,0.21,47.06,0.00,0.00,0.00,0.00,0.00,0.00,0.00,0.00,0.00
221.31,0.44,96.28,221.69,0.21,47.59,0.00,0.00,0.00,0.00,0.00,0.00,0.00,0.00,0.00
221.55,0.43,95.88,220.05,0.21,46.60,0.00,0.00,0.00,0.00,0.00,0.00,0.00,0.00,0.00
220.12,0.43,95.55,221.55,0.21,47.21,0.00,0.00,0.00,0.00,0.00,0.00,0.00,0.00,0.00
221.76,0.43,95.68,218.70,0.21,46.32,0.00,0.00,0.00,0.00,0.00,0.00,0.00,0.00,0.00
222.01,0.43,96.14,220.88,0.21,46.97,0.00,0.00,0.00,0.00,0.00,0.00,0.00,0.00,0.00
222.82,0.43,96.47,221.17,0.21,46.91,0.00,0.00,0.00,0.00,0.00,0.00,0.00,0.00,0.00
219.66,0.43,95.48,221.64,0.21,47.50,0.00,0.00,0.00,0.00,0.00,0.00,0.00,0.00,0.00
222.83,0.43,96.89,222.87,0.21,47.54,0.00,0.00,0.00,0.00,0.00,0.00,0.00,0.00,0.00
220.93,0.43,96.10,222.55,0.21,47.74,0.00,0.00,0.00,0.00,0.00,0.00,0.00,0.00,0.00
220.52,0.43,95.33,219.73,0.21,46.44,0.00,0.00,0.00,0.00,0.00,0.00,0.00,0.00,0.00
221.04,0.43,95.88,220.82,0.21,47.12,0.00,0.00,0.00,0.00,0.00,0.00,0.00,0.00,0.00
222.85,0.44,97.30,224.60,0.21,48.57,0.00,0.00,0.00,0.00,0.00,0.00,0.00,0.00,0.00
221.61,0.43,96.34,221.24,0.21,47.29,0.00,0.00,0.00,0.00,0.00,0.00,0.00,0.00,0.00
220.70,0.44,96.15,223.04,0.21,48.04,0.00,0.00,0.00,0.00,0.00,0.00,0.00,0.00,0.00
222.37,0.43,96.06,218.71,0.21,46.18,0.00,0.00,0.00,0.00,0.00,0.00,0.00,0.00,0.00
222.25,0.43,96.29,221.10,0.21,46.92,0.00,0.00,0.00,0.00,0.00,0.00,0.00,0.00,0.00
219.79,0.43,95.00,219.52,0.21,46.40,0.00,0.00,0.00,0.00,0.00,0.00,0.00,0.00,0.00
219.15,0.43,95.13,222.53,0.21,47.59,0.00,0.00,0.00,0.00,0.00,0.00,0.00,0.00,0.00
220.83,0.44,96.34,222.72,0.21,47.93,0.00,0.00,0.00,0.00,0.00,0.00,0.00,0.00,0.00
223.30,0.43,96.98,221.10,0.21,47.28,0.00,0.00,0.00,0.00,0.00,0.00,0.00,0.00,0.00
221.94,0.43,96.25,220.62,0.21,46.92,0.00,0.00,0.00,0.00,0.00,0.00,0.00,0.00,0.00
220.61,0.43,95.41,219.74,0.21,46.50,0.00,0.00,0.00,0.00,0.00,0.00,0.00,0.00,0.00
225.17,0.43,97.94,222.22,0.21,47.55,0.00,0.00,0.00,0.00,0.00,0.00,0.00,0.00,0.00
223.51,0.43,96.91,221.43,0.21,47.20,0.00,0.00,0.00,0.00,0.00,0.00,0.00,0.00,0.00
222.69,0.43,96.46,221.05,0.21,46.91,0.00,0.00,0.00,0.00,0.00,0.00,0.00,0.00,0.00
221.05,0.43,95.59,219.77,0.21,46.49,0.00,0.00,0.00,0.00,0.00,0.00,0.00,0.00,0.00
221.51,0.43,96.10,220.84,0.21,47.04,0.00,0.00,0.00,0.00,0.00,0.00,0.00,0.00,0.00
221.13,0.43,95.81,220.65,0.21,46.86,0.00,0.00,0.00,0.00,0.00,0.00,0.00,0.00,0.00
219.88,0.43,95.39,221.50,0.21,47.16,0.00,0.00,0.00,0.00,0.00,0.00,0.00,0.00,0.00
220.62,0.43,95.41,220.54,0.21,46.70,0.00,0.00,0.00,0.00,0.00,0.00,0.00,0.00,0.00
220.28,0.43,95.76,222.06,0.21,47.62,0.00,0.00,0.00,0.00,0.00,0.00,0.00,0.00,0.00
222.95,0.43,96.82,221.69,0.21,47.43,0.00,0.00,0.00,0.00,0.00,0.00,0.00,0.00,0.00
217.54,0.43,94.39,221.97,0.21,47.28,0.00,0.00,0.00,0.00,0.00,0.00,0.00,0.00,0.00
219.84,0.43,95.17,220.53,0.21,46.75,0.00,0.00,0.00,0.00,0.00,0.00,0.00,0.00,0.00
220.10,0.43,95.45,221.22,0.21,47.10,0.00,0.00,0.00,0.00,0.00,0.00,0.00,0.00,0.00
222.10,0.44,96.70,222.91,0.21,47.91,0.00,0.00,0.00,0.00,0.00,0.00,0.00,0.00,0.00
222.12,0.43,95.84,218.21,0.21,46.20,0.00,0.00,0.00,0.00,0.00,0.00,0.00,0.00,0.00
222.96,0.43,96.57,220.57,0.21,46.95,0.00,0.00,0.00,0.00,0.00,0.00,0.00,0.00,0.00
219.57,0.43,95.19,220.68,0.21,46.92,0.00,0.00,0.00,0.00,0.00,0.00,0.00,0.00,0.00
222.10,0.43,96.41,221.72,0.21,47.42,0.00,0.00,0.00,0.00,0.00,0.00,0.00,0.00,0.00
222.14,0.43,96.59,221.75,0.21,47.39,0.00,0.00,0.00,0.00,0.00,0.00,0.00,0.00,0.00
219.45,0.44,95.65,223.33,0.21,48.03,0.00,0.00,0.00,0.00,0.00,0.00,0.00,0.00,0.00
221.79,0.43,96.09,221.02,0.21,46.95,0.00,0.00,0.00,0.00,0.00,0.00,0.00,0.00,0.00
219.91,0.43,95.23,220.97,0.21,47.01,0.00,0.00,0.00,0.00,0.00,0.00,0.00,0.00,0.00
220.59,0.43,95.75,222.26,0.21,47.40,0.00,0.00,0.00,0.00,0.00,0.00,0.00,0.00,0.00
222.12,0.43,96.36,222.16,0.21,47.29,0.00,0.00,0.00,0.00,0.00,0.00,0.00,0.00,0.00
221.17,0.43,95.74,220.34,0.21,46.70,0.00,0.00,0.00,0.00,0.00,0.00,0.00,0.00,0.00
220.54,0.43,95.71,222.79,0.21,47.47,0.00,0.00,0.00,0.00,0.00,0.00,0.00,0.00,0.00
223.24,0.44,97.21,223.85,0.21,48.14,0.00,0.00,0.00,0.00,0.00,0.00,0.00,0.00,0.00
222.24,0.44,97.30,225.34,0.22,48.90,0.00,0.00,0.00,0.00,0.00,0.00,0.00,0.00,0.00
221.74,0.43,96.02,220.69,0.21,46.80,0.00,0.00,0.00,0.00,0.00,0.00,0.00,0.00,0.00
219.72,0.43,95.18,220.85,0.21,46.92,0.00,0.00,0.00,0.00,0.00,0.00,0.00,0.00,0.00
221.23,0.44,96.39,222.12,0.21,47.71,0.00,0.00,0.00,0.00,0.00,0.00,0.00,0.00,0.00
220.21,0.43,95.55,221.17,0.21,47.12,0.00,0.00,0.00,0.00,0.00,0.00,0.00,0.00,0.00
220.82,0.43,95.54,220.31,0.21,46.67,0.00,0.00,0.00,0.00,0.00,0.00,0.00,0.00,0.00
221.84,0.44,96.54,222.48,0.21,47.69,0.00,0.00,0.00,0.00,0.00,0.00,0.00,0.00,0.00
221.73,0.43,96.42,222.32,0.21,47.56,0.00,0.00,0.00,0.00,0.00,0.00,0.00,0.00,0.00
217.15,0.43,93.60,218.83,0.21,46.04,0.00,0.00,0.00,0.00,0.00,0.00,0.00,0.00,0.00
221.10,0.43,96.02,222.28,0.21,47.56,0.00,0.00,0.00,0.00,0.00,0.00,0.00,0.00,0.00
217.84,0.43,94.76,227.69,0.21,48.41,0.00,0.00,0.00,0.00,0.00,0.00,0.00,0.00,0.00
222.75,0.43,96.57,220.85,0.21,46.97,0.00,0.00,0.00,0.00,0.00,0.00,0.00,0.00,0.00
219.22,0.43,95.19,221.90,0.21,47.55,0.00,0.00,0.00,0.00,0.00,0.00,0.00,0.00,0.00
221.64,0.44,96.56,223.32,0.21,48.12,0.00,0.00,0.00,0.00,0.00,0.00,0.00,0.00,0.00
221.01,0.43,95.60,219.54,0.21,46.58,0.00,0.00,0.00,0.00,0.00,0.00,0.00,0.00,0.00
222.11,0.43,96.54,221.79,0.21,47.49,0.00,0.00,0.00,0.00,0.00,0.00,0.00,0.00,0.00
220.81,0.43,95.65,220.34,0.21,46.75,0.00,0.00,0.00,0.00,0.00,0.00,0.00,0.00,0.00
219.89,0.43,95.29,219.83,0.21,46.62,0.00,0.00,0.00,0.00,0.00,0.00,0.00,0.00,0.00
222.27,0.44,96.73,222.98,0.21,47.90,0.00,0.00,0.00,0.00,0.00,0.00,0.00,0.00,0.00
220.92,0.43,95.71,220.69,0.21,46.99,0.00,0.00,0.00,0.00,0.00,0.00,0.00,0.00,0.00
221.88,0.43,95.38,216.84,0.21,45.35,0.00,0.00,0.00,0.00,0.00,0.00,0.00,0.00,0.00
220.71,0.43,95.48,219.83,0.21,46.61,0.00,0.00,0.00,0.00,0.00,0.00,0.00,0.00,0.00
222.60,0.43,96.62,221.72,0.21,47.30,0.00,0.00,0.00,0.00,0.00,0.00,0.00,0.00,0.00
221.37,0.43,95.87,219.94,0.21,46.80,0.00,0.00,0.00,0.00,0.00,0.00,0.00,0.00,0.00
221.46,0.43,95.21,216.99,0.21,45.39,0.00,0.00,0.00,0.00,0.00,0.00,0.00,0.00,0.00
221.13,0.43,96.10,222.08,0.21,47.44,0.00,0.00,0.00,0.00,0.00,0.00,0.00,0.00,0.00
220.61,0.43,95.25,220.08,0.21,46.40,0.00,0.00,0.00,0.00,0.00,0.00,0.00,0.00,0.00
220.82,0.43,95.32,218.46,0.21,46.08,0.00,0.00,0.00,0.00,0.00,0.00,0.00,0.00,0.00
224.36,0.43,97.06,219.66,0.21,46.57,0.00,0.00,0.00,0.00,0.00,0.00,0.00,0.00,0.00
222.13,0.43,96.60,222.94,0.21,47.70,0.00,0.00,0.00,0.00,0.00,0.00,0.00,0.00,0.00
220.95,0.44,96.26,222.49,0.21,47.93,0.00,0.00,0.00,0.00,0.00,0.00,0.00,0.00,0.00
222.01,0.44,96.78,224.47,0.21,48.40,0.00,0.00,0.00,0.00,0.00,0.00,0.00,0.00,0.00
221.41,0.43,95.89,220.47,0.21,46.80,0.00,0.00,0.00,0.00,0.00,0.00,0.00,0.00,0.00
220.89,0.43,95.87,221.24,0.21,47.16,0.00,0.00,0.00,0.00,0.00,0.00,0.00,0.00,0.00
220.93,0.43,95.28,218.22,0.21,46.03,0.00,0.00,0.00,0.00,0.00,0.00,0.00,0.00,0.00
218.25,0.43,94.43,220.29,0.21,46.76,0.00,0.00,0.00,0.00,0.00,0.00,0.00,0.00,0.00
222.33,0.44,96.84,222.29,0.21,47.72,0.00,0.00,0.00,0.00,0.00,0.00,0.00,0.00,0.00
222.91,0.43,96.83,222.07,0.21,47.51,0.00,0.00,0.00,0.00,0.00,0.00,0.00,0.00,0.00
221.43,0.43,95.35,217.78,0.21,45.93,0.00,0.00,0.00,0.00,0.00,0.00,0.00,0.00,0.00
222.90,0.43,96.88,222.32,0.21,47.53,0.00,0.00,0.00,0.00,0.00,0.00,0.00,0.00,0.00
220.03,0.43,95.20,219.50,0.21,46.57,0.00,0.00,0.00,0.00,0.00,0.00,0.00,0.00,0.00
221.34,0.43,96.08,221.77,0.21,47.31,0.00,0.00,0.00,0.00,0.00,0.00,0.00,0.00,0.00
222.22,0.44,96.78,222.12,0.21,47.67,0.00,0.00,0.00,0.00,0.00,0.00,0.00,0.00,0.00
222.71,0.43,96.42,219.91,0.21,46.60,0.00,0.00,0.00,0.00,0.00,0.00,0.00,0.00,0.00
221.90,0.43,96.35,222.21,0.21,47.50,0.00,0.00,0.00,0.00,0.00,0.00,0.00,0.00,0.00
217.94,0.44,94.81,222.06,0.21,47.56,0.00,0.00,0.00,0.00,0.00,0.00,0.00,0.00,0.00
222.97,0.43,96.71,221.20,0.21,47.09,0.00,0.00,0.00,0.00,0.00,0.00,0.00,0.00,0.00
222.08,0.43,96.52,225.09,0.21,47.69,0.00,0.00,0.00,0.00,0.00,0.00,0.00,0.00,0.00
221.82,0.43,96.09,220.55,0.21,46.92,0.00,0.00,0.00,0.00,0.00,0.00,0.00,0.00,0.00
221.73,0.43,95.93,219.89,0.21,46.66,0.00,0.00,0.00,0.00,0.00,0.00,0.00,0.00,0.00
223.35,0.44,97.25,223.17,0.21,47.88,0.00,0.00,0.00,0.00,0.00,0.00,0.00,0.00,0.00
223.06,0.43,96.74,220.45,0.21,46.91,0.00,0.00,0.00,0.00,0.00,0.00,0.00,0.00,0.00
219.71,0.43,95.23,221.22,0.21,47.03,0.00,0.00,0.00,0.00,0.00,0.00,0.00,0.00,0.00
220.19,0.43,95.32,220.75,0.21,46.81,0.00,0.00,0.00,0.00,0.00,0.00,0.00,0.00,0.00
222.20,0.44,96.80,223.85,0.21,48.18,0.00,0.00,0.00,0.00,0.00,0.00,0.00,0.00,0.00
221.12,0.43,95.83,221.01,0.21,47.00,0.00,0.00,0.00,0.00,0.00,0.00,0.00,0.00,0.00
220.61,0.43,95.82,221.98,0.21,47.38,0.00,0.00,0.00,0.00,0.00,0.00,0.00,0.00,0.00
220.11,0.43,95.06,219.44,0.21,46.28,0.00,0.00,0.00,0.00,0.00,0.00,0.00,0.00,0.00
222.92,0.43,96.86,221.92,0.21,47.52,0.00,0.00,0.00,0.00,0.00,0.00,0.00,0.00,0.00
221.97,0.44,96.74,223.99,0.21,48.13,0.00,0.00,0.00,0.00,0.00,0.00,0.00,0.00,0.00
223.37,0.43,96.96,221.47,0.21,47.36,0.00,0.00,0.00,0.00,0.00,0.00,0.00,0.00,0.00
221.27,0.43,95.99,221.51,0.21,47.19,0.00,0.00,0.00,0.00,0.00,0.00,0.00,0.00,0.00
219.19,0.43,95.31,222.02,0.21,47.61,0.00,0.00,0.00,0.00,0.00,0.00,0.00,0.00,0.00
222.80,0.44,96.93,222.24,0.21,47.69,0.00,0.00,0.00,0.00,0.00,0.00,0.00,0.00,0.00
223.68,0.43,97.08,221.66,0.21,47.36,0.00,0.00,0.00,0.00,0.00,0.00,0.00,0.00,0.00
221.68,0.43,96.11,221.21,0.21,47.15,0.00,0.00,0.00,0.00,0.00,0.00,0.00,0.00,0.00
221.57,0.43,96.25,222.85,0.21,47.62,0.00,0.00,0.00,0.00,0.00,0.00,0.00,0.00,0.00
220.38,0.43,95.77,221.49,0.21,47.43,0.00,0.00,0.00,0.00,0.00,0.00,0.00,0.00,0.00
223.68,0.43,97.16,221.39,0.21,47.24,0.00,0.00,0.00,0.00,0.00,0.00,0.00,0.00,0.00
224.43,0.43,97.45,222.57,0.21,47.48,0.00,0.00,0.00,0.00,0.00,0.00,0.00,0.00,0.00
218.75,0.43,94.40,219.25,0.21,46.26,0.00,0.00,0.00,0.00,0.00,0.00,0.00,0.00,0.00
221.23,0.43,95.85,220.92,0.21,47.02,0.00,0.00,0.00,0.00,0.00,0.00,0.00,0.00,0.00
221.61,0.43,95.99,220.88,0.21,46.90,0.00,0.00,0.00,0.00,0.00,0.00,0.00,0.00,0.00
219.40,0.43,95.35,221.71,0.21,47.46,0.00,0.00,0.00,0.00,0.00,0.00,0.00,0.00,0.00
221.63,0.43,95.87,220.28,0.21,46.88,0.00,0.00,0.00,0.00,0.00,0.00,0.00,0.00,0.00
222.55,0.43,96.76,222.25,0.21,47.53,0.00,0.00,0.00,0.00,0.00,0.00,0.00,0.00,0.00
221.42,0.43,95.77,220.16,0.21,46.68,0.00,0.00,0.00,0.00,0.00,0.00,0.00,0.00,0.00
221.45,0.43,95.97,220.85,0.21,47.07,0.00,0.00,0.00,0.00,0.00,0.00,0.00,0.00,0.00
221.12,0.43,95.86,221.32,0.21,47.16,0.00,0.00,0.00,0.00,0.00,0.00,0.00,0.00,0.00
220.42,0.43,95.64,221.49,0.21,47.19,0.00,0.00,0.00,0.00,0.00,0.00,0.00,0.00,0.00
221.15,0.43,95.98,222.03,0.21,47.40,0.00,0.00,0.00,0.00,0.00,0.00,0.00,0.00,0.00
221.03,0.43,95.20,217.72,0.21,45.75,0.00,0.00,0.00,0.00,0.00,0.00,0.00,0.00,0.00
221.69,0.43,96.10,221.82,0.21,47.15,0.00,0.00,0.00,0.00,0.00,0.00,0.00,0.00,0.00
220.17,0.43,95.75,222.40,0.21,47.62,0.00,0.00,0.00,0.00,0.00,0.00,0.00,0.00,0.00
221.47,0.44,96.38,222.87,0.21,47.87,0.00,0.00,0.00,0.00,0.00,0.00,0.00,0.00,0.00
222.45,0.43,96.68,222.51,0.21,47.68,0.00,0.00,0.00,0.00,0.00,0.00,0.00,0.00,0.00
224.11,0.43,97.16,220.87,0.21,47.06,0.00,0.00,0.00,0.00,0.00,0.00,0.00,0.00,0.00
223.10,0.43,96.79,221.29,0.21,47.22,0.00,0.00,0.00,0.00,0.00,0.00,0.00,0.00,0.00
220.24,0.43,95.56,221.11,0.21,47.09,0.00,0.00,0.00,0.00,0.00,0.00,0.00,0.00,0.00
221.92,0.43,95.39,217.68,0.21,45.55,0.00,0.00,0.00,0.00,0.00,0.00,0.00,0.00,0.00
219.88,0.43,95.57,222.61,0.21,47.68,0.00,0.00,0.00,0.00,0.00,0.00,0.00,0.00,0.00
222.41,0.43,96.67,223.02,0.21,47.69,0.00,0.00,0.00,0.00,0.00,0.00,0.00,0.00,0.00
219.79,0.43,94.96,219.85,0.21,46.67,0.00,0.00,0.00,0.00,0.00,0.00,0.00,0.00,0.00
220.54,0.43,95.21,219.95,0.21,46.34,0.00,0.00,0.00,0.00,0.00,0.00,0.00,0.00,0.00
221.46,0.43,96.17,222.30,0.21,47.45,0.00,0.00,0.00,0.00,0.00,0.00,0.00,0.00,0.00
220.74,0.43,94.86,217.98,0.21,45.57,0.00,0.00,0.00,0.00,0.00,0.00,0.00,0.00,0.00
220.81,0.43,95.88,221.51,0.21,47.23,0.00,0.00,0.00,0.00,0.00,0.00,0.00,0.00,0.00
221.59,0.43,96.13,221.24,0.21,47.13,0.00,0.00,0.00,0.00,0.00,0.00,0.00,0.00,0.00
220.01,0.43,95.20,220.55,0.21,46.76,0.00,0.00,0.00,0.00,0.00,0.00,0.00,0.00,0.00
218.90,0.43,94.95,221.35,0.21,47.23,0.00,0.00,0.00,0.00,0.00,0.00,0.00,0.00,0.00
220.60,0.43,95.74,222.26,0.21,47.37,0.00,0.00,0.00,0.00,0.00,0.00,0.00,0.00,0.00
219.02,0.43,95.27,221.79,0.21,47.58,0.00,0.00,0.00,0.00,0.00,0.00,0.00,0.00,0.00
224.58,0.44,97.79,223.51,0.21,47.93,0.00,0.00,0.00,0.00,0.00,0.00,0.00,0.00,0.00
219.76,0.43,95.46,221.63,0.21,47.43,0.00,0.00,0.00,0.00,0.00,0.00,0.00,0.00,0.00
222.86,0.44,96.95,221.95,0.21,47.49,0.00,0.00,0.00,0.00,0.00,0.00,0.00,0.00,0.00
222.96,0.43,96.93,222.14,0.21,47.49,0.00,0.00,0.00,0.00,0.00,0.00,0.00,0.00,0.00
226.52,0.43,98.52,221.32,0.21,46.96,0.00,0.00,0.00,0.00,0.00,0.00,0.00,0.00,0.00
223.06,0.43,97.01,222.18,0.21,47.52,0.00,0.00,0.00,0.00,0.00,0.00,0.00,0.00,0.00
220.90,0.43,96.06,222.80,0.21,47.83,0.00,0.00,0.00,0.00,0.00,0.00,0.00,0.00,0.00
222.18,0.43,95.84,218.36,0.21,46.20,0.00,0.00,0.00,0.00,0.00,0.00,0.00,0.00,0.00
220.74,0.43,95.65,220.88,0.21,47.05,0.00,0.00,0.00,0.00,0.00,0.00,0.00,0.00,0.00
223.44,0.43,96.95,221.44,0.21,47.29,0.00,0.00,0.00,0.00,0.00,0.00,0.00,0.00,0.00
222.32,0.43,96.23,220.93,0.21,46.94,0.00,0.00,0.00,0.00,0.00,0.00,0.00,0.00,0.00
220.87,0.43,95.69,220.96,0.21,46.92,0.00,0.00,0.00,0.00,0.00,0.00,0.00,0.00,0.00
217.02,0.43,93.97,220.31,0.21,46.85,0.00,0.00,0.00,0.00,0.00,0.00,0.00,0.00,0.00
221.32,0.43,95.69,220.31,0.21,46.61,0.00,0.00,0.00,0.00,0.00,0.00,0.00,0.00,0.00
220.07,0.43,95.19,220.49,0.21,46.71,0.00,0.00,0.00,0.00,0.00,0.00,0.00,0.00,0.00
220.41,0.43,95.70,221.80,0.21,47.38,0.00,0.00,0.00,0.00,0.00,0.00,0.00,0.00,0.00
220.54,0.43,95.40,221.39,0.21,46.87,0.00,0.00,0.00,0.00,0.00,0.00,0.00,0.00,0.00
221.65,0.43,96.17,221.62,0.21,47.32,0.00,0.00,0.00,0.00,0.00,0.00,0.00,0.00,0.00
219.80,0.43,95.36,220.60,0.21,46.98,0.00,0.00,0.00,0.00,0.00,0.00,0.00,0.00,0.00
221.90,0.43,96.52,228.35,0.21,48.54,0.00,0.00,0.00,0.00,0.00,0.00,0.00,0.00,0.00
219.13,0.44,95.42,223.36,0.21,47.96,0.00,0.00,0.00,0.00,0.00,0.00,0.00,0.00,0.00
221.52,0.43,96.17,221.96,0.21,47.46,0.00,0.00,0.00,0.00,0.00,0.00,0.00,0.00,0.00
221.90,0.43,96.38,222.16,0.21,47.44,0.00,0.00,0.00,0.00,0.00,0.00,0.00,0.00,0.00
218.99,0.43,95.12,221.75,0.21,47.45,0.00,0.00,0.00,0.00,0.00,0.00,0.00,0.00,0.00
221.39,0.43,95.36,218.05,0.21,45.82,0.00,0.00,0.00,0.00,0.00,0.00,0.00,0.00,0.00
220.18,0.43,95.43,220.49,0.21,46.86,0.00,0.00,0.00,0.00,0.00,0.00,0.00,0.00,0.00
221.63,0.43,95.63,218.69,0.21,46.07,0.00,0.00,0.00,0.00,0.00,0.00,0.00,0.00,0.00
222.41,0.43,96.14,220.08,0.21,46.53,0.00,0.00,0.00,0.00,0.00,0.00,0.00,0.00,0.00
221.19,0.43,95.74,220.15,0.21,46.74,0.00,0.00,0.00,0.00,0.00,0.00,0.00,0.00,0.00
221.05,0.43,95.51,219.68,0.21,46.52,0.00,0.00,0.00,0.00,0.00,0.00,0.00,0.00,0.00
220.69,0.43,95.60,221.03,0.21,47.01,0.00,0.00,0.00,0.00,0.00,0.00,0.00,0.00,0.00
221.59,0.43,95.96,220.39,0.21,46.77,0.00,0.00,0.00,0.00,0.00,0.00,0.00,0.00,0.00
223.80,0.43,96.87,221.38,0.21,47.03,0.00,0.00,0.00,0.00,0.00,0.00,0.00,0.00,0.00
220.53,0.43,95.65,221.73,0.21,47.31,0.00,0.00,0.00,0.00,0.00,0.00,0.00,0.00,0.00
219.97,0.43,95.38,221.39,0.21,47.20,0.00,0.00,0.00,0.00,0.00,0.00,0.00,0.00,0.00
221.73,0.43,96.06,221.36,0.21,46.98,0.00,0.00,0.00,0.00,0.00,0.00,0.00,0.00,0.00
221.51,0.43,95.53,220.36,0.21,46.36,0.00,0.00,0.00,0.00,0.00,0.00,0.00,0.00,0.00
220.66,0.43,95.46,220.46,0.21,46.76,0.00,0.00,0.00,0.00,0.00,0.00,0.00,0.00,0.00
222.34,0.43,96.05,219.88,0.21,46.45,0.00,0.00,0.00,0.00,0.00,0.00,0.00,0.00,0.00
222.18,0.43,95.95,219.24,0.21,46.22,0.00,0.00,0.00,0.00,0.00,0.00,0.00,0.00,0.00
221.53,0.43,96.16,222.54,0.21,47.56,0.00,0.00,0.00,0.00,0.00,0.00,0.00,0.00,0.00
221.08,0.43,95.48,220.57,0.21,46.53,0.00,0.00,0.00,0.00,0.00,0.00,0.00,0.00,0.00
221.93,0.43,96.05,220.80,0.21,46.89,0.00,0.00,0.00,0.00,0.00,0.00,0.00,0.00,0.00
221.91,0.43,96.17,221.56,0.21,47.10,0.00,0.00,0.00,0.00,0.00,0.00,0.00,0.00,0.00
222.63,0.43,96.03,219.30,0.21,46.40,0.00,0.00,0.00,0.00,0.00,0.00,0.00,0.00,0.00
221.52,0.43,96.32,222.44,0.21,47.57,0.00,0.00,0.00,0.00,0.00,0.00,0.00,0.00,0.00
223.99,0.43,97.27,222.15,0.21,47.53,0.00,0.00,0.00,0.00,0.00,0.00,0.00,0.00,0.00
222.80,0.43,96.64,220.99,0.21,47.15,0.00,0.00,0.00,0.00,0.00,0.00,0.00,0.00,0.00
221.41,0.43,95.85,220.44,0.21,46.73,0.00,0.00,0.00,0.00,0.00,0.00,0.00,0.00,0.00
222.60,0.43,95.84,218.95,0.21,45.99,0.00,0.00,0.00,0.00,0.00,0.00,0.00,0.00,0.00
221.74,0.43,95.99,220.52,0.21,46.87,0.00,0.00,0.00,0.00,0.00,0.00,0.00,0.00,0.00
222.65,0.43,96.79,222.29,0.21,47.54,0.00,0.00,0.00,0.00,0.00,0.00,0.00,0.00,0.00
224.00,0.43,96.98,220.72,0.21,46.80,0.00,0.00,0.00,0.00,0.00,0.00,0.00,0.00,0.00
221.66,0.43,96.23,221.99,0.21,47.32,0.00,0.00,0.00,0.00,0.00,0.00,0.00,0.00,0.00
223.48,0.43,96.76,221.71,0.21,47.04,0.00,0.00,0.00,0.00,0.00,0.00,0.00,0.00,0.00
219.60,0.43,95.16,220.57,0.21,46.98,0.00,0.00,0.00,0.00,0.00,0.00,0.00,0.00,0.00
222.09,0.43,96.31,221.57,0.21,47.29,0.00,0.00,0.00,0.00,0.00,0.00,0.00,0.00,0.00
221.37,0.43,95.97,221.31,0.21,47.09,0.00,0.00,0.00,0.00,0.00,0.00,0.00,0.00,0.00
224.26,0.43,97.44,222.55,0.21,47.57,0.00,0.00,0.00,0.00,0.00,0.00,0.00,0.00,0.00
223.41,0.43,96.38,219.77,0.21,46.55,0.00,0.00,0.00,0.00,0.00,0.00,0.00,0.00,0.00
221.30,0.43,95.99,221.18,0.21,47.15,0.00,0.00,0.00,0.00,0.00,0.00,0.00,0.00,0.00
223.67,0.43,97.04,220.72,0.21,47.15,0.00,0.00,0.00,0.00,0.00,0.00,0.00,0.00,0.00
222.38,0.44,96.75,222.67,0.21,47.81,0.00,0.00,0.00,0.00,0.00,0.00,0.00,0.00,0.00
219.05,0.43,94.74,221.91,0.21,46.84,0.00,0.00,0.00,0.00,0.00,0.00,0.00,0.00,0.00
222.43,0.43,96.38,221.08,0.21,46.95,0.00,0.00,0.00,0.00,0.00,0.00,0.00,0.00,0.00
222.13,0.43,96.17,220.56,0.21,46.89,0.00,0.00,0.00,0.00,0.00,0.00,0.00,0.00,0.00
220.55,0.43,95.52,220.70,0.21,46.86,0.00,0.00,0.00,0.00,0.00,0.00,0.00,0.00,0.00
220.09,0.43,95.52,221.16,0.21,47.25,0.00,0.00,0.00,0.00,0.00,0.00,0.00,0.00,0.00
218.44,0.43,94.82,221.74,0.21,47.36,0.00,0.00,0.00,0.00,0.00,0.00,0.00,0.00,0.00
221.35,0.43,95.97,221.52,0.21,47.21,0.00,0.00,0.00,0.00,0.00,0.00,0.00,0.00,0.00
221.86,0.44,96.51,222.63,0.21,47.68,0.00,0.00,0.00,0.00,0.00,0.00,0.00,0.00,0.00
222.21,0.43,96.41,222.41,0.21,47.51,0.00,0.00,0.00,0.00,0.00,0.00,0.00,0.00,0.00
222.69,0.43,96.00,219.36,0.21,46.41,0.00,0.00,0.00,0.00,0.00,0.00,0.00,0.00,0.00
222.25,0.43,96.20,220.41,0.21,46.86,0.00,0.00,0.00,0.00,0.00,0.00,0.00,0.00,0.00
222.48,0.43,96.43,220.97,0.21,47.08,0.00,0.00,0.00,0.00,0.00,0.00,0.00,0.00,0.00
221.72,0.43,96.29,222.26,0.21,47.48,0.00,0.00,0.00,0.00,0.00,0.00,0.00,0.00,0.00
223.61,0.43,96.83,221.88,0.21,47.20,0.00,0.00,0.00,0.00,0.00,0.00,0.00,0.00,0.00
221.72,0.43,96.01,220.28,0.21,46.76,0.00,0.00,0.00,0.00,0.00,0.00,0.00,0.00,0.00
220.70,0.43,95.28,219.70,0.21,46.33,0.00,0.00,0.00,0.00,0.00,0.00,0.00,0.00,0.00
219.96,0.43,95.40,222.46,0.21,47.48,0.00,0.00,0.00,0.00,0.00,0.00,0.00,0.00,0.00
220.48,0.43,95.81,222.22,0.21,47.50,0.00,0.00,0.00,0.00,0.00,0.00,0.00,0.00,0.00
221.49,0.43,95.95,221.14,0.21,47.07,0.00,0.00,0.00,0.00,0.00,0.00,0.00,0.00,0.00
221.03,0.43,96.08,222.19,0.21,47.50,0.00,0.00,0.00,0.00,0.00,0.00,0.00,0.00,0.00
222.96,0.43,96.87,222.10,0.21,47.47,0.00,0.00,0.00,0.00,0.00,0.00,0.00,0.00,0.00
222.29,0.43,96.47,221.81,0.21,47.28,0.00,0.00,0.00,0.00,0.00,0.00,0.00,0.00,0.00
222.30,0.43,96.61,222.31,0.21,47.65,0.00,0.00,0.00,0.00,0.00,0.00,0.00,0.00,0.00
221.49,0.44,96.39,222.12,0.21,47.70,0.00,0.00,0.00,0.00,0.00,0.00,0.00,0.00,0.00
222.42,0.44,96.77,222.80,0.21,47.81,0.00,0.00,0.00,0.00,0.00,0.00,0.00,0.00,0.00
217.36,0.43,94.32,222.10,0.21,47.43,0.00,0.00,0.00,0.00,0.00,0.00,0.00,0.00,0.00
222.78,0.43,96.63,221.47,0.21,47.18,0.00,0.00,0.00,0.00,0.00,0.00,0.00,0.00,0.00
222.94,0.43,96.52,221.14,0.21,46.91,0.00,0.00,0.00,0.00,0.00,0.00,0.00,0.00,0.00
221.68,0.43,95.92,220.90,0.21,46.76,0.00,0.00,0.00,0.00,0.00,0.00,0.00,0.00,0.00
220.46,0.43,95.45,219.89,0.21,46.76,0.00,0.00,0.00,0.00,0.00,0.00,0.00,0.00,0.00
220.02,0.43,95.36,221.53,0.21,47.22,0.00,0.00,0.00,0.00,0.00,0.00,0.00,0.00,0.00
219.61,0.43,95.06,220.22,0.21,46.70,0.00,0.00,0.00,0.00,0.00,0.00,0.00,0.00,0.00
221.67,0.44,96.49,222.22,0.21,47.62,0.00,0.00,0.00,0.00,0.00,0.00,0.00,0.00,0.00
223.27,0.43,97.05,221.60,0.21,47.46,0.00,0.00,0.00,0.00,0.00,0.00,0.00,0.00,0.00
227.55,0.44,99.75,225.29,0.22,49.06,0.00,0.00,0.00,0.00,0.00,0.00,0.00,0.00,0.00
221.10,0.43,96.04,222.41,0.21,47.46,0.00,0.00,0.00,0.00,0.00,0.00,0.00,0.00,0.00
223.03,0.43,96.68,222.00,0.21,47.32,0.00,0.00,0.00,0.00,0.00,0.00,0.00,0.00,0.00
224.18,0.43,96.48,218.07,0.21,45.96,0.00,0.00,0.00,0.00,0.00,0.00,0.00,0.00,0.00
222.60,0.43,96.59,221.99,0.21,47.42,0.00,0.00,0.00,0.00,0.00,0.00,0.00,0.00,0.00
223.19,0.43,96.33,220.13,0.21,46.43,0.00,0.00,0.00,0.00,0.00,0.00,0.00,0.00,0.00
221.93,0.43,96.06,221.08,0.21,46.90,0.00,0.00,0.00,0.00,0.00,0.00,0.00,0.00,0.00
221.39,0.43,95.76,221.48,0.21,46.89,0.00,0.00,0.00,0.00,0.00,0.00,0.00,0.00,0.00
222.83,0.43,95.89,218.49,0.21,45.86,0.00,0.00,0.00,0.00,0.00,0.00,0.00,0.00,0.00
221.21,0.43,95.71,220.84,0.21,46.93,0.00,0.00,0.00,0.00,0.00,0.00,0.00,0.00,0.00
216.79,0.43,93.32,219.14,0.21,46.20,0.00,0.00,0.00,0.00,0.00,0.00,0.00,0.00,0.00
221.73,0.43,96.11,220.82,0.21,46.94,0.00,0.00,0.00,0.00,0.00,0.00,0.00,0.00,0.00
222.39,0.43,96.54,222.75,0.21,47.58,0.00,0.00,0.00,0.00,0.00,0.00,0.00,0.00,0.00
221.99,0.43,96.31,221.74,0.21,47.24,0.00,0.00,0.00,0.00,0.00,0.00,0.00,0.00,0.00
222.83,0.43,96.27,219.82,0.21,46.49,0.00,0.00,0.00,0.00,0.00,0.00,0.00,0.00,0.00
221.24,0.43,96.17,222.35,0.21,47.71,0.00,0.00,0.00,0.00,0.00,0.00,0.00,0.00,0.00
221.02,0.43,95.45,219.63,0.21,46.61,0.00,0.00,0.00,0.00,0.00,0.00,0.00,0.00,0.00
223.49,0.43,97.14,222.95,0.21,47.66,0.00,0.00,0.00,0.00,0.00,0.00,0.00,0.00,0.00
220.81,0.43,95.53,220.05,0.21,46.62,0.00,0.00,0.00,0.00,0.00,0.00,0.00,0.00,0.00
221.21,0.43,95.96,222.75,0.21,47.59,0.00,0.00,0.00,0.00,0.00,0.00,0.00,0.00,0.00
221.42,0.43,95.37,219.13,0.21,46.26,0.00,0.00,0.00,0.00,0.00,0.00,0.00,0.00,0.00
220.01,0.43,95.51,222.41,0.21,47.45,0.00,0.00,0.00,0.00,0.00,0.00,0.00,0.00,0.00
220.74,0.44,96.05,222.84,0.21,47.74,0.00,0.00,0.00,0.00,0.00,0.00,0.00,0.00,0.00
222.94,0.43,96.74,222.47,0.21,47.42,0.00,0.00,0.00,0.00,0.00,0.00,0.00,0.00,0.00
222.99,0.43,96.49,220.93,0.21,46.81,0.00,0.00,0.00,0.00,0.00,0.00,0.00,0.00,0.00
219.22,0.43,95.09,221.54,0.21,47.18,0.00,0.00,0.00,0.00,0.00,0.00,0.00,0.00,0.00
220.21,0.43,95.70,222.15,0.21,47.62,0.00,0.00,0.00,0.00,0.00,0.00,0.00,0.00,0.00
222.44,0.44,96.83,223.20,0.21,48.00,0.00,0.00,0.00,0.00,0.00,0.00,0.00,0.00,0.00
220.72,0.43,95.71,221.32,0.21,47.22,0.00,0.00,0.00,0.00,0.00,0.00,0.00,0.00,0.00
218.96,0.43,95.22,223.15,0.21,47.88,0.00,0.00,0.00,0.00,0.00,0.00,0.00,0.00,0.00
222.19,0.43,96.64,222.61,0.21,47.68,0.00,0.00,0.00,0.00,0.00,0.00,0.00,0.00,0.00
221.72,0.43,95.31,216.56,0.21,45.30,0.00,0.00,0.00,0.00,0.00,0.00,0.00,0.00,0.00
221.50,0.43,95.51,218.98,0.21,46.11,0.00,0.00,0.00,0.00,0.00,0.00,0.00,0.00,0.00
220.69,0.43,95.79,220.82,0.21,47.19,0.00,0.00,0.00,0.00,0.00,0.00,0.00,0.00,0.00
222.57,0.44,96.82,222.29,0.21,47.62,0.00,0.00,0.00,0.00,0.00,0.00,0.00,0.00,0.00
223.57,0.43,96.90,220.43,0.21,46.94,0.00,0.00,0.00,0.00,0.00,0.00,0.00,0.00,0.00
222.21,0.43,96.25,221.40,0.21,47.01,0.00,0.00,0.00,0.00,0.00,0.00,0.00,0.00,0.00
218.49,0.43,94.86,222.31,0.21,47.44,0.00,0.00,0.00,0.00,0.00,0.00,0.00,0.00,0.00
219.46,0.43,94.59,218.33,0.21,45.94,0.00,0.00,0.00,0.00,0.00,0.00,0.00,0.00,0.00
223.48,0.44,97.28,223.88,0.21,48.00,0.00,0.00,0.00,0.00,0.00,0.00,0.00,0.00,0.00
221.30,0.43,96.07,221.64,0.21,47.31,0.00,0.00,0.00,0.00,0.00,0.00,0.00,0.00,0.00
221.13,0.43,95.79,221.31,0.21,46.93,0.00,0.00,0.00,0.00,0.00,0.00,0.00,0.00,0.00
222.58,0.43,96.24,220.16,0.21,46.72,0.00,0.00,0.00,0.00,0.00,0.00,0.00,0.00,0.00
221.98,0.43,96.20,221.20,0.21,47.00,0.00,0.00,0.00,0.00,0.00,0.00,0.00,0.00,0.00
222.64,0.43,96.70,221.31,0.21,47.35,0.00,0.00,0.00,0.00,0.00,0.00,0.00,0.00,0.00
223.70,0.43,97.26,222.34,0.21,47.66,0.00,0.00,0.00,0.00,0.00,0.00,0.00,0.00,0.00
223.87,0.43,97.29,222.27,0.21,47.57,0.00,0.00,0.00,0.00,0.00,0.00,0.00,0.00,0.00
221.63,0.43,96.06,220.98,0.21,47.00,0.00,0.00,0.00,0.00,0.00,0.00,0.00,0.00,0.00
220.52,0.43,95.46,221.02,0.21,47.01,0.00,0.00,0.00,0.00,0.00,0.00,0.00,0.00,0.00
221.48,0.43,95.87,221.49,0.21,47.09,0.00,0.00,0.00,0.00,0.00,0.00,0.00,0.00,0.00
220.60,0.43,95.61,221.34,0.21,47.14,0.00,0.00,0.00,0.00,0.00,0.00,0.00,0.00,0.00
221.13,0.43,95.87,221.07,0.21,47.06,0.00,0.00,0.00,0.00,0.00,0.00,0.00,0.00,0.00
223.11,0.43,96.81,221.53,0.21,47.17,0.00,0.00,0.00,0.00,0.00,0.00,0.00,0.00,0.00
221.98,0.43,95.68,218.46,0.21,46.15,0.00,0.00,0.00,0.00,0.00,0.00,0.00,0.00,0.00
222.66,0.43,96.81,223.51,0.21,47.64,0.00,0.00,0.00,0.00,0.00,0.00,0.00,0.00,0.00
222.74,0.43,96.69,221.49,0.21,47.24,0.00,0.00,0.00,0.00,0.00,0.00,0.00,0.00,0.00
223.32,0.43,96.94,221.88,0.21,47.44,0.00,0.00,0.00,0.00,0.00,0.00,0.00,0.00,0.00
221.86,0.43,96.35,221.66,0.21,47.30,0.00,0.00,0.00,0.00,0.00,0.00,0.00,0.00,0.00
219.33,0.43,94.96,221.50,0.21,46.98,0.00,0.00,0.00,0.00,0.00,0.00,0.00,0.00,0.00
220.36,0.43,95.57,221.61,0.21,47.19,0.00,0.00,0.00,0.00,0.00,0.00,0.00,0.00,0.00
221.52,0.43,95.89,220.55,0.21,46.77,0.00,0.00,0.00,0.00,0.00,0.00,0.00,0.00,0.00
219.31,0.43,95.28,222.23,0.21,47.60,0.00,0.00,0.00,0.00,0.00,0.00,0.00,0.00,0.00
223.31,0.43,96.97,221.55,0.21,47.42,0.00,0.00,0.00,0.00,0.00,0.00,0.00,0.00,0.00
222.43,0.43,96.29,220.26,0.21,46.78,0.00,0.00,0.00,0.00,0.00,0.00,0.00,0.00,0.00
222.42,0.43,96.49,222.13,0.21,47.30,0.00,0.00,0.00,0.00,0.00,0.00,0.00,0.00,0.00
223.25,0.43,96.38,219.16,0.21,46.28,0.00,0.00,0.00,0.00,0.00,0.00,0.00,0.00,0.00
220.48,0.43,95.30,220.06,0.21,46.60,0.00,0.00,0.00,0.00,0.00,0.00,0.00,0.00,0.00
221.37,0.43,96.04,222.23,0.21,47.36,0.00,0.00,0.00,0.00,0.00,0.00,0.00,0.00,0.00
220.49,0.43,94.83,217.58,0.21,45.59,0.00,0.00,0.00,0.00,0.00,0.00,0.00,0.00,0.00
220.38,0.43,95.34,221.33,0.21,46.64,0.00,0.00,0.00,0.00,0.00,0.00,0.00,0.00,0.00
222.95,0.43,96.92,222.54,0.21,47.71,0.00,0.00,0.00,0.00,0.00,0.00,0.00,0.00,0.00
223.00,0.44,97.01,223.10,0.21,47.80,0.00,0.00,0.00,0.00,0.00,0.00,0.00,0.00,0.00
220.11,0.44,95.97,224.01,0.21,48.31,0.00,0.00,0.00,0.00,0.00,0.00,0.00,0.00,0.00
223.73,0.43,97.04,221.54,0.21,47.25,0.00,0.00,0.00,0.00,0.00,0.00,0.00,0.00,0.00
220.98,0.43,95.59,220.89,0.21,46.78,0.00,0.00,0.00,0.00,0.00,0.00,0.00,0.00,0.00
222.08,0.43,96.20,220.83,0.21,46.90,0.00,0.00,0.00,0.00,0.00,0.00,0.00,0.00,0.00
220.76,0.43,95.24,219.57,0.21,46.22,0.00,0.00,0.00,0.00,0.00,0.00,0.00,0.00,0.00
217.99,0.43,94.41,221.68,0.21,47.15,0.00,0.00,0.00,0.00,0.00,0.00,0.00,0.00,0.00
222.45,0.43,96.59,222.21,0.21,47.48,0.00,0.00,0.00,0.00,0.00,0.00,0.00,0.00,0.00
223.39,0.43,96.66,222.06,0.21,47.08,0.00,0.00,0.00,0.00,0.00,0.00,0.00,0.00,0.00
222.76,0.43,96.69,221.76,0.21,47.35,0.00,0.00,0.00,0.00,0.00,0.00,0.00,0.00,0.00
223.01,0.43,96.69,221.75,0.21,47.19,0.00,0.00,0.00,0.00,0.00,0.00,0.00,0.00,0.00
219.61,0.43,94.77,219.84,0.21,46.42,0.00,0.00,0.00,0.00,0.00,0.00,0.00,0.00,0.00
218.04,0.43,94.34,221.45,0.21,47.01,0.00,0.00,0.00,0.00,0.00,0.00,0.00,0.00,0.00
222.23,0.43,96.21,224.49,0.21,47.19,0.00,0.00,0.00,0.00,0.00,0.00,0.00,0.00,0.00
221.31,0.43,95.75,221.10,0.21,46.82,0.00,0.00,0.00,0.00,0.00,0.00,0.00,0.00,0.00
219.97,0.43,95.34,220.59,0.21,46.90,0.00,0.00,0.00,0.00,0.00,0.00,0.00,0.00,0.00
220.58,0.43,95.43,220.50,0.21,46.81,0.00,0.00,0.00,0.00,0.00,0.00,0.00,0.00,0.00
217.91,0.43,94.23,219.98,0.21,46.55,0.00,0.00,0.00,0.00,0.00,0.00,0.00,0.00,0.00
221.17,0.43,96.19,222.76,0.21,47.69,0.00,0.00,0.00,0.00,0.00,0.00,0.00,0.00,0.00
221.57,0.43,96.18,222.53,0.21,47.53,0.00,0.00,0.00,0.00,0.00,0.00,0.00,0.00,0.00
222.08,0.43,96.47,222.21,0.21,47.49,0.00,0.00,0.00,0.00,0.00,0.00,0.00,0.00,0.00
220.43,0.43,95.78,222.78,0.21,47.74,0.00,0.00,0.00,0.00,0.00,0.00,0.00,0.00,0.00
221.64,0.43,96.35,222.32,0.21,47.55,0.00,0.00,0.00,0.00,0.00,0.00,0.00,0.00,0.00
221.42,0.43,95.86,220.56,0.21,46.91,0.00,0.00,0.00,0.00,0.00,0.00,0.00,0.00,0.00
222.19,0.43,96.48,221.14,0.21,47.20,0.00,0.00,0.00,0.00,0.00,0.00,0.00,0.00,0.00
222.75,0.43,96.73,222.50,0.21,47.60,0.00,0.00,0.00,0.00,0.00,0.00,0.00,0.00,0.00
221.31,0.43,95.99,221.94,0.21,47.24,0.00,0.00,0.00,0.00,0.00,0.00,0.00,0.00,0.00
221.58,0.43,96.33,222.31,0.21,47.67,0.00,0.00,0.00,0.00,0.00,0.00,0.00,0.00,0.00
222.71,0.43,96.72,221.84,0.21,47.30,0.00,0.00,0.00,0.00,0.00,0.00,0.00,0.00,0.00
223.64,0.43,96.97,221.28,0.21,47.17,0.00,0.00,0.00,0.00,0.00,0.00,0.00,0.00,0.00
221.33,0.43,96.06,221.84,0.21,47.38,0.00,0.00,0.00,0.00,0.00,0.00,0.00,0.00,0.00
220.28,0.43,95.26,220.78,0.21,46.75,0.00,0.00,0.00,0.00,0.00,0.00,0.00,0.00,0.00
220.49,0.43,95.23,219.01,0.21,46.34,0.00,0.00,0.00,0.00,0.00,0.00,0.00,0.00,0.00
219.81,0.43,95.21,221.46,0.21,47.02,0.00,0.00,0.00,0.00,0.00,0.00,0.00,0.00,0.00
222.10,0.43,96.19,220.72,0.21,46.92,0.00,0.00,0.00,0.00,0.00,0.00,0.00,0.00,0.00
222.26,0.43,96.44,226.70,0.21,47.76,0.00,0.00,0.00,0.00,0.00,0.00,0.00,0.00,0.00
223.17,0.43,96.96,222.26,0.21,47.58,0.00,0.00,0.00,0.00,0.00,0.00,0.00,0.00,0.00
220.77,0.44,96.21,223.90,0.21,48.27,0.00,0.00,0.00,0.00,0.00,0.00,0.00,0.00,0.00
218.97,0.43,94.67,220.14,0.21,46.61,0.00,0.00,0.00,0.00,0.00,0.00,0.00,0.00,0.00
218.93,0.43,95.21,222.44,0.21,47.59,0.00,0.00,0.00,0.00,0.00,0.00,0.00,0.00,0.00
222.09,0.43,96.13,220.14,0.21,46.67,0.00,0.00,0.00,0.00,0.00,0.00,0.00,0.00,0.00
220.62,0.43,95.51,220.79,0.21,46.95,0.00,0.00,0.00,0.00,0.00,0.00,0.00,0.00,0.00
222.02,0.44,96.66,222.39,0.21,47.71,0.00,0.00,0.00,0.00,0.00,0.00,0.00,0.00,0.00
222.05,0.43,96.39,222.07,0.21,47.44,0.00,0.00,0.00,0.00,0.00,0.00,0.00,0.00,0.00
221.54,0.43,95.82,220.07,0.21,46.72,0.00,0.00,0.00,0.00,0.00,0.00,0.00,0.00,0.00
221.19,0.43,95.68,221.37,0.21,47.00,0.00,0.00,0.00,0.00,0.00,0.00,0.00,0.00,0.00
220.83,0.43,95.61,221.63,0.21,47.02,0.00,0.00,0.00,0.00,0.00,0.00,0.00,0.00,0.00
220.06,0.43,95.03,219.74,0.21,46.46,0.00,0.00,0.00,0.00,0.00,0.00,0.00,0.00,0.00
221.54,0.43,95.91,221.04,0.21,46.89,0.00,0.00,0.00,0.00,0.00,0.00,0.00,0.00,0.00
220.89,0.43,95.87,222.00,0.21,47.38,0.00,0.00,0.00,0.00,0.00,0.00,0.00,0.00,0.00
221.16,0.43,96.14,222.05,0.21,47.63,0.00,0.00,0.00,0.00,0.00,0.00,0.00,0.00,0.00
222.77,0.44,97.04,222.84,0.21,47.96,0.00,0.00,0.00,0.00,0.00,0.00,0.00,0.00,0.00
222.19,0.43,96.44,221.73,0.21,47.43,0.00,0.00,0.00,0.00,0.00,0.00,0.00,0.00,0.00
222.85,0.43,96.94,222.99,0.21,47.90,0.00,0.00,0.00,0.00,0.00,0.00,0.00,0.00,0.00
223.24,0.43,97.00,223.89,0.21,47.94,0.00,0.00,0.00,0.00,0.00,0.00,0.00,0.00,0.00
222.94,0.43,96.94,222.66,0.21,47.65,0.00,0.00,0.00,0.00,0.00,0.00,0.00,0.00,0.00
222.82,0.43,96.47,220.60,0.21,46.88,0.00,0.00,0.00,0.00,0.00,0.00,0.00,0.00,0.00
224.17,0.43,97.22,221.81,0.21,47.19,0.00,0.00,0.00,0.00,0.00,0.00,0.00,0.00,0.00
221.72,0.43,96.06,221.54,0.21,47.06,0.00,0.00,0.00,0.00,0.00,0.00,0.00,0.00,0.00
223.95,0.43,97.14,221.82,0.21,47.34,0.00,0.00,0.00,0.00,0.00,0.00,0.00,0.00,0.00
222.73,0.43,96.36,220.90,0.21,46.87,0.00,0.00,0.00,0.00,0.00,0.00,0.00,0.00,0.00
222.29,0.43,96.25,221.29,0.21,46.87,0.00,0.00,0.00,0.00,0.00,0.00,0.00,0.00,0.00
222.29,0.43,96.36,221.78,0.21,47.17,0.00,0.00,0.00,0.00,0.00,0.00,0.00,0.00,0.00
221.69,0.44,96.54,222.72,0.21,47.90,0.00,0.00,0.00,0.00,0.00,0.00,0.00,0.00,0.00
221.18,0.43,96.15,222.60,0.21,47.59,0.00,0.00,0.00,0.00,0.00,0.00,0.00,0.00,0.00
219.43,0.43,95.25,222.16,0.21,47.39,0.00,0.00,0.00,0.00,0.00,0.00,0.00,0.00,0.00
221.79,0.43,96.32,222.32,0.21,47.50,0.00,0.00,0.00,0.00,0.00,0.00,0.00,0.00,0.00
222.80,0.44,96.92,222.61,0.21,47.77,0.00,0.00,0.00,0.00,0.00,0.00,0.00,0.00,0.00
222.50,0.43,96.72,222.41,0.21,47.63,0.00,0.00,0.00,0.00,0.00,0.00,0.00,0.00,0.00
218.76,0.43,94.82,222.49,0.21,47.40,0.00,0.00,0.00,0.00,0.00,0.00,0.00,0.00,0.00
221.47,0.43,96.14,221.86,0.21,47.35,0.00,0.00,0.00,0.00,0.00,0.00,0.00,0.00,0.00
222.80,0.43,96.50,221.58,0.21,47.02,0.00,0.00,0.00,0.00,0.00,0.00,0.00,0.00,0.00
221.49,0.43,96.13,221.65,0.21,47.32,0.00,0.00,0.00,0.00,0.00,0.00,0.00,0.00,0.00
221.91,0.44,96.54,223.34,0.21,47.84,0.00,0.00,0.00,0.00,0.00,0.00,0.00,0.00,0.00
222.47,0.43,96.56,221.87,0.21,47.40,0.00,0.00,0.00,0.00,0.00,0.00,0.00,0.00,0.00
221.61,0.43,96.38,223.18,0.21,47.89,0.00,0.00,0.00,0.00,0.00,0.00,0.00,0.00,0.00
221.12,0.43,96.06,223.01,0.21,47.75,0.00,0.00,0.00,0.00,0.00,0.00,0.00,0.00,0.00
220.44,0.43,95.48,222.29,0.21,47.29,0.00,0.00,0.00,0.00,0.00,0.00,0.00,0.00,0.00
221.80,0.43,96.46,222.72,0.21,47.66,0.00,0.00,0.00,0.00,0.00,0.00,0.00,0.00,0.00
221.73,0.43,96.37,225.15,0.21,48.22,0.00,0.00,0.00,0.00,0.00,0.00,0.00,0.00,0.00
221.15,0.43,95.70,220.33,0.21,46.78,0.00,0.00,0.00,0.00,0.00,0.00,0.00,0.00,0.00
222.61,0.23,50.55,0.00,0.00,0.00,0.00,0.00,0.00,0.00,0.00,0.00,0.00,0.00,0.00
223.29,0.23,51.03,0.00,0.00,0.00,0.00,0.00,0.00,0.00,0.00,0.00,0.00,0.00,0.00
224.68,0.23,51.63,0.00,0.00,0.00,0.00,0.00,0.00,0.00,0.00,0.00,0.00,0.00,0.00
224.07,0.23,51.54,0.00,0.00,0.00,0.00,0.00,0.00,0.00,0.00,0.00,0.00,0.00,0.00
222.72,0.23,50.56,0.00,0.00,0.00,0.00,0.00,0.00,0.00,0.00,0.00,0.00,0.00,0.00
221.93,0.23,50.50,0.00,0.00,0.00,0.00,0.00,0.00,0.00,0.00,0.00,0.00,0.00,0.00
223.02,0.23,51.01,0.00,0.00,0.00,0.00,0.00,0.00,0.00,0.00,0.00,0.00,0.00,0.00
220.77,0.22,49.65,0.00,0.00,0.00,0.00,0.00,0.00,0.00,0.00,0.00,0.00,0.00,0.00
224.55,0.23,51.55,0.00,0.00,0.00,0.00,0.00,0.00,0.00,0.00,0.00,0.00,0.00,0.00
223.06,0.23,50.72,0.00,0.00,0.00,0.00,0.00,0.00,0.00,0.00,0.00,0.00,0.00,0.00
224.77,0.23,51.54,0.00,0.00,0.00,0.00,0.00,0.00,0.00,0.00,0.00,0.00,0.00,0.00
223.14,0.23,50.75,0.00,0.00,0.00,0.00,0.00,0.00,0.00,0.00,0.00,0.00,0.00,0.00
223.10,0.23,51.07,0.00,0.00,0.00,0.00,0.00,0.00,0.00,0.00,0.00,0.00,0.00,0.00
223.67,0.23,51.00,0.00,0.00,0.00,0.00,0.00,0.00,0.00,0.00,0.00,0.00,0.00,0.00
224.15,0.23,51.48,0.00,0.00,0.00,0.00,0.00,0.00,0.00,0.00,0.00,0.00,0.00,0.00
224.63,0.23,51.58,0.00,0.00,0.00,0.00,0.00,0.00,0.00,0.00,0.00,0.00,0.00,0.00
225.03,0.23,51.83,0.00,0.00,0.00,0.00,0.00,0.00,0.00,0.00,0.00,0.00,0.00,0.00
223.82,0.23,51.12,0.00,0.00,0.00,0.00,0.00,0.00,0.00,0.00,0.00,0.00,0.00,0.00
221.38,0.23,49.91,0.00,0.00,0.00,0.00,0.00,0.00,0.00,0.00,0.00,0.00,0.00,0.00
223.47,0.23,50.97,0.00,0.00,0.00,0.00,0.00,0.00,0.00,0.00,0.00,0.00,0.00,0.00
220.76,0.22,49.63,0.00,0.00,0.00,0.00,0.00,0.00,0.00,0.00,0.00,0.00,0.00,0.00
223.59,0.23,51.06,0.00,0.00,0.00,0.00,0.00,0.00,0.00,0.00,0.00,0.00,0.00,0.00
222.61,0.23,50.67,0.00,0.00,0.00,0.00,0.00,0.00,0.00,0.00,0.00,0.00,0.00,0.00
221.13,0.23,50.46,0.00,0.00,0.00,0.00,0.00,0.00,0.00,0.00,0.00,0.00,0.00,0.00
222.70,0.23,50.62,0.00,0.00,0.00,0.00,0.00,0.00,0.00,0.00,0.00,0.00,0.00,0.00
224.68,0.23,51.27,0.00,0.00,0.00,0.00,0.00,0.00,0.00,0.00,0.00,0.00,0.00,0.00
222.41,0.23,50.62,0.00,0.00,0.00,0.00,0.00,0.00,0.00,0.00,0.00,0.00,0.00,0.00
222.40,0.23,50.59,0.00,0.00,0.00,0.00,0.00,0.00,0.00,0.00,0.00,0.00,0.00,0.00
220.97,0.23,49.78,0.00,0.00,0.00,0.00,0.00,0.00,0.00,0.00,0.00,0.00,0.00,0.00
224.25,0.23,51.45,0.00,0.00,0.00,0.00,0.00,0.00,0.00,0.00,0.00,0.00,0.00,0.00
222.32,0.23,50.66,0.00,0.00,0.00,0.00,0.00,0.00,0.00,0.00,0.00,0.00,0.00,0.00
223.27,0.23,50.84,0.00,0.00,0.00,0.00,0.00,0.00,0.00,0.00,0.00,0.00,0.00,0.00
224.11,0.23,51.33,0.00,0.00,0.00,0.00,0.00,0.00,0.00,0.00,0.00,0.00,0.00,0.00
220.96,0.23,50.02,0.00,0.00,0.00,0.00,0.00,0.00,0.00,0.00,0.00,0.00,0.00,0.00
220.70,0.23,49.88,0.00,0.00,0.00,0.00,0.00,0.00,0.00,0.00,0.00,0.00,0.00,0.00
224.17,0.23,51.18,0.00,0.00,0.00,0.00,0.00,0.00,0.00,0.00,0.00,0.00,0.00,0.00
222.74,0.23,50.81,0.00,0.00,0.00,0.00,0.00,0.00,0.00,0.00,0.00,0.00,0.00,0.00
221.70,0.23,49.94,0.00,0.00,0.00,0.00,0.00,0.00,0.00,0.00,0.00,0.00,0.00,0.00
220.62,0.23,49.88,0.00,0.00,0.00,0.00,0.00,0.00,0.00,0.00,0.00,0.00,0.00,0.00
223.04,0.23,50.70,0.00,0.00,0.00,0.00,0.00,0.00,0.00,0.00,0.00,0.00,0.00,0.00
223.49,0.23,51.10,0.00,0.00,0.00,0.00,0.00,0.00,0.00,0.00,0.00,0.00,0.00,0.00
223.80,0.23,51.28,0.00,0.00,0.00,0.00,0.00,0.00,0.00,0.00,0.00,0.00,0.00,0.00
221.96,0.23,50.41,0.00,0.00,0.00,0.00,0.00,0.00,0.00,0.00,0.00,0.00,0.00,0.00
222.66,0.23,50.64,0.00,0.00,0.00,0.00,0.00,0.00,0.00,0.00,0.00,0.00,0.00,0.00
223.83,0.23,51.29,0.00,0.00,0.00,0.00,0.00,0.00,0.00,0.00,0.00,0.00,0.00,0.00
221.74,0.23,50.47,0.00,0.00,0.00,0.00,0.00,0.00,0.00,0.00,0.00,0.00,0.00,0.00
223.06,0.23,50.92,0.00,0.00,0.00,0.00,0.00,0.00,0.00,0.00,0.00,0.00,0.00,0.00
222.07,0.23,50.75,0.00,0.00,0.00,0.00,0.00,0.00,0.00,0.00,0.00,0.00,0.00,0.00
221.58,0.23,50.03,0.00,0.00,0.00,0.00,0.00,0.00,0.00,0.00,0.00,0.00,0.00,0.00
223.06,0.23,50.80,0.00,0.00,0.00,0.00,0.00,0.00,0.00,0.00,0.00,0.00,0.00,0.00
222.66,0.23,50.75,0.00,0.00,0.00,0.00,0.00,0.00,0.00,0.00,0.00,0.00,0.00,0.00
224.36,0.23,51.31,0.00,0.00,0.00,0.00,0.00,0.00,0.00,0.00,0.00,0.00,0.00,0.00
228.02,0.23,52.92,0.00,0.00,0.00,0.00,0.00,0.00,0.00,0.00,0.00,0.00,0.00,0.00
223.69,0.23,51.11,0.00,0.00,0.00,0.00,0.00,0.00,0.00,0.00,0.00,0.00,0.00,0.00
223.59,0.23,51.05,0.00,0.00,0.00,0.00,0.00,0.00,0.00,0.00,0.00,0.00,0.00,0.00
222.08,0.23,50.37,0.00,0.00,0.00,0.00,0.00,0.00,0.00,0.00,0.00,0.00,0.00,0.00
223.58,0.23,51.25,0.00,0.00,0.00,0.00,0.00,0.00,0.00,0.00,0.00,0.00,0.00,0.00
221.78,0.23,50.25,0.00,0.00,0.00,0.00,0.00,0.00,0.00,0.00,0.00,0.00,0.00,0.00
221.25,0.23,50.04,0.00,0.00,0.00,0.00,0.00,0.00,0.00,0.00,0.00,0.00,0.00,0.00
223.50,0.23,50.95,0.00,0.00,0.00,0.00,0.00,0.00,0.00,0.00,0.00,0.00,0.00,0.00
221.60,0.23,50.39,0.00,0.00,0.00,0.00,0.00,0.00,0.00,0.00,0.00,0.00,0.00,0.00
221.26,0.23,49.98,0.00,0.00,0.00,0.00,0.00,0.00,0.00,0.00,0.00,0.00,0.00,0.00
220.54,0.23,49.77,0.00,0.00,0.00,0.00,0.00,0.00,0.00,0.00,0.00,0.00,0.00,0.00
224.38,0.23,51.23,0.00,0.00,0.00,0.00,0.00,0.00,0.00,0.00,0.00,0.00,0.00,0.00
223.27,0.23,50.97,0.00,0.00,0.00,0.00,0.00,0.00,0.00,0.00,0.00,0.00,0.00,0.00
221.15,0.23,50.01,0.00,0.00,0.00,0.00,0.00,0.00,0.00,0.00,0.00,0.00,0.00,0.00
223.55,0.23,51.06,0.00,0.00,0.00,0.00,0.00,0.00,0.00,0.00,0.00,0.00,0.00,0.00
222.35,0.23,50.52,0.00,0.00,0.00,0.00,0.00,0.00,0.00,0.00,0.00,0.00,0.00,0.00
223.18,0.23,50.50,0.00,0.00,0.00,0.00,0.00,0.00,0.00,0.00,0.00,0.00,0.00,0.00
223.84,0.23,51.04,0.00,0.00,0.00,0.00,0.00,0.00,0.00,0.00,0.00,0.00,0.00,0.00
221.68,0.23,50.34,0.00,0.00,0.00,0.00,0.00,0.00,0.00,0.00,0.00,0.00,0.00,0.00
222.43,0.23,50.32,0.00,0.00,0.00,0.00,0.00,0.00,0.00,0.00,0.00,0.00,0.00,0.00
223.15,0.23,50.94,0.00,0.00,0.00,0.00,0.00,0.00,0.00,0.00,0.00,0.00,0.00,0.00
224.36,0.23,51.60,0.00,0.00,0.00,0.00,0.00,0.00,0.00,0.00,0.00,0.00,0.00,0.00
223.54,0.23,50.84,0.00,0.00,0.00,0.00,0.00,0.00,0.00,0.00,0.00,0.00,0.00,0.00
221.01,0.23,50.04,0.00,0.00,0.00,0.00,0.00,0.00,0.00,0.00,0.00,0.00,0.00,0.00
222.34,0.23,50.87,0.00,0.00,0.00,0.00,0.00,0.00,0.00,0.00,0.00,0.00,0.00,0.00
223.68,0.23,51.27,0.00,0.00,0.00,0.00,0.00,0.00,0.00,0.00,0.00,0.00,0.00,0.00
221.22,0.23,50.03,0.00,0.00,0.00,0.00,0.00,0.00,0.00,0.00,0.00,0.00,0.00,0.00
223.43,0.23,51.19,0.00,0.00,0.00,0.00,0.00,0.00,0.00,0.00,0.00,0.00,0.00,0.00
222.93,0.23,50.70,0.00,0.00,0.00,0.00,0.00,0.00,0.00,0.00,0.00,0.00,0.00,0.00
221.33,0.23,50.06,0.00,0.00,0.00,0.00,0.00,0.00,0.00,0.00,0.00,0.00,0.00,0.00
223.27,0.23,50.89,0.00,0.00,0.00,0.00,0.00,0.00,0.00,0.00,0.00,0.00,0.00,0.00
223.35,0.23,50.87,0.00,0.00,0.00,0.00,0.00,0.00,0.00,0.00,0.00,0.00,0.00,0.00
223.91,0.23,51.18,0.00,0.00,0.00,0.00,0.00,0.00,0.00,0.00,0.00,0.00,0.00,0.00
223.87,0.23,51.03,0.00,0.00,0.00,0.00,0.00,0.00,0.00,0.00,0.00,0.00,0.00,0.00
223.78,0.23,51.22,0.00,0.00,0.00,0.00,0.00,0.00,0.00,0.00,0.00,0.00,0.00,0.00
220.93,0.23,49.89,0.00,0.00,0.00,0.00,0.00,0.00,0.00,0.00,0.00,0.00,0.00,0.00
222.29,0.23,50.59,0.00,0.00,0.00,0.00,0.00,0.00,0.00,0.00,0.00,0.00,0.00,0.00
222.37,0.23,50.68,0.00,0.00,0.00,0.00,0.00,0.00,0.00,0.00,0.00,0.00,0.00,0.00
224.12,0.23,51.32,0.00,0.00,0.00,0.00,0.00,0.00,0.00,0.00,0.00,0.00,0.00,0.00
218.69,0.22,48.88,0.00,0.00,0.00,0.00,0.00,0.00,0.00,0.00,0.00,0.00,0.00,0.00
222.26,0.23,50.39,0.00,0.00,0.00,0.00,0.00,0.00,0.00,0.00,0.00,0.00,0.00,0.00
223.20,0.23,51.14,0.00,0.00,0.00,0.00,0.00,0.00,0.00,0.00,0.00,0.00,0.00,0.00
219.51,0.22,49.14,0.00,0.00,0.00,0.00,0.00,0.00,0.00,0.00,0.00,0.00,0.00,0.00
223.64,0.23,51.20,0.00,0.00,0.00,0.00,0.00,0.00,0.00,0.00,0.00,0.00,0.00,0.00
223.64,0.23,51.20,0.00,0.00,0.00,0.00,0.00,0.00,0.00,0.00,0.00,0.00,0.00,0.00
225.40,0.23,52.01,0.00,0.00,0.00,0.00,0.00,0.00,0.00,0.00,0.00,0.00,0.00,0.00
223.39,0.23,50.93,0.00,0.00,0.00,0.00,0.00,0.00,0.00,0.00,0.00,0.00,0.00,0.00
222.08,0.23,50.45,0.00,0.00,0.00,0.00,0.00,0.00,0.00,0.00,0.00,0.00,0.00,0.00
224.18,0.23,51.39,0.00,0.00,0.00,0.00,0.00,0.00,0.00,0.00,0.00,0.00,0.00,0.00
220.89,0.23,50.01,0.00,0.00,0.00,0.00,0.00,0.00,0.00,0.00,0.00,0.00,0.00,0.00
220.04,0.23,49.59,0.00,0.00,0.00,0.00,0.00,0.00,0.00,0.00,0.00,0.00,0.00,0.00
223.46,0.23,51.02,0.00,0.00,0.00,0.00,0.00,0.00,0.00,0.00,0.00,0.00,0.00,0.00
224.83,0.23,51.82,0.00,0.00,0.00,0.00,0.00,0.00,0.00,0.00,0.00,0.00,0.00,0.00
222.76,0.23,50.62,0.00,0.00,0.00,0.00,0.00,0.00,0.00,0.00,0.00,0.00,0.00,0.00
222.07,0.23,50.53,0.00,0.00,0.00,0.00,0.00,0.00,0.00,0.00,0.00,0.00,0.00,0.00
223.57,0.23,51.43,0.00,0.00,0.00,0.00,0.00,0.00,0.00,0.00,0.00,0.00,0.00,0.00
216.68,0.22,48.23,0.00,0.00,0.00,0.00,0.00,0.00,0.00,0.00,0.00,0.00,0.00,0.00
223.03,0.23,50.99,0.00,0.00,0.00,0.00,0.00,0.00,0.00,0.00,0.00,0.00,0.00,0.00
224.13,0.23,51.30,0.00,0.00,0.00,0.00,0.00,0.00,0.00,0.00,0.00,0.00,0.00,0.00
224.29,0.23,51.22,0.00,0.00,0.00,0.00,0.00,0.00,0.00,0.00,0.00,0.00,0.00,0.00
222.10,0.23,50.62,0.00,0.00,0.00,0.00,0.00,0.00,0.00,0.00,0.00,0.00,0.00,0.00
221.17,0.23,49.82,0.00,0.00,0.00,0.00,0.00,0.00,0.00,0.00,0.00,0.00,0.00,0.00
218.91,0.22,48.90,0.00,0.00,0.00,0.00,0.00,0.00,0.00,0.00,0.00,0.00,0.00,0.00
221.79,0.23,50.15,0.00,0.00,0.00,0.00,0.00,0.00,0.00,0.00,0.00,0.00,0.00,0.00
222.82,0.23,50.84,0.00,0.00,0.00,0.00,0.00,0.00,0.00,0.00,0.00,0.00,0.00,0.00
223.56,0.23,51.23,0.00,0.00,0.00,0.00,0.00,0.00,0.00,0.00,0.00,0.00,0.00,0.00
225.11,0.23,51.72,0.00,0.00,0.00,0.00,0.00,0.00,0.00,0.00,0.00,0.00,0.00,0.00
223.68,0.23,51.38,0.00,0.00,0.00,0.00,0.00,0.00,0.00,0.00,0.00,0.00,0.00,0.00
221.19,0.23,50.21,0.00,0.00,0.00,0.00,0.00,0.00,0.00,0.00,0.00,0.00,0.00,0.00
220.96,0.23,49.95,0.00,0.00,0.00,0.00,0.00,0.00,0.00,0.00,0.00,0.00,0.00,0.00
222.79,0.23,50.75,0.00,0.00,0.00,0.00,0.00,0.00,0.00,0.00,0.00,0.00,0.00,0.00
222.98,0.23,50.86,0.00,0.00,0.00,0.00,0.00,0.00,0.00,0.00,0.00,0.00,0.00,0.00
223.95,0.23,51.21,0.00,0.00,0.00,0.00,0.00,0.00,0.00,0.00,0.00,0.00,0.00,0.00
222.03,0.23,50.51,0.00,0.00,0.00,0.00,0.00,0.00,0.00,0.00,0.00,0.00,0.00,0.00
222.04,0.23,50.42,0.00,0.00,0.00,0.00,0.00,0.00,0.00,0.00,0.00,0.00,0.00,0.00
222.92,0.23,50.70,0.00,0.00,0.00,0.00,0.00,0.00,0.00,0.00,0.00,0.00,0.00,0.00
221.49,0.23,50.50,0.00,0.00,0.00,0.00,0.00,0.00,0.00,0.00,0.00,0.00,0.00,0.00
221.38,0.23,50.18,0.00,0.00,0.00,0.00,0.00,0.00,0.00,0.00,0.00,0.00,0.00,0.00
222.07,0.23,50.67,0.00,0.00,0.00,0.00,0.00,0.00,0.00,0.00,0.00,0.00,0.00,0.00
220.39,0.22,49.33,0.00,0.00,0.00,0.00,0.00,0.00,0.00,0.00,0.00,0.00,0.00,0.00
223.79,0.23,51.04,0.00,0.00,0.00,0.00,0.00,0.00,0.00,0.00,0.00,0.00,0.00,0.00
222.64,0.23,50.82,0.00,0.00,0.00,0.00,0.00,0.00,0.00,0.00,0.00,0.00,0.00,0.00
224.82,0.23,51.82,0.00,0.00,0.00,0.00,0.00,0.00,0.00,0.00,0.00,0.00,0.00,0.00
223.54,0.23,51.24,0.00,0.00,0.00,0.00,0.00,0.00,0.00,0.00,0.00,0.00,0.00,0.00
224.10,0.23,51.38,0.00,0.00,0.00,0.00,0.00,0.00,0.00,0.00,0.00,0.00,0.00,0.00
224.03,0.23,51.33,0.00,0.00,0.00,0.00,0.00,0.00,0.00,0.00,0.00,0.00,0.00,0.00
224.76,0.23,51.57,0.00,0.00,0.00,0.00,0.00,0.00,0.00,0.00,0.00,0.00,0.00,0.00
219.62,0.23,49.50,0.00,0.00,0.00,0.00,0.00,0.00,0.00,0.00,0.00,0.00,0.00,0.00
222.37,0.23,50.57,0.00,0.00,0.00,0.00,0.00,0.00,0.00,0.00,0.00,0.00,0.00,0.00
222.47,0.23,50.96,0.00,0.00,0.00,0.00,0.00,0.00,0.00,0.00,0.00,0.00,0.00,0.00
219.08,0.22,48.96,0.00,0.00,0.00,0.00,0.00,0.00,0.00,0.00,0.00,0.00,0.00,0.00
221.42,0.23,50.11,0.00,0.00,0.00,0.00,0.00,0.00,0.00,0.00,0.00,0.00,0.00,0.00
221.39,0.23,50.43,0.00,0.00,0.00,0.00,0.00,0.00,0.00,0.00,0.00,0.00,0.00,0.00
223.82,0.23,51.20,0.00,0.00,0.00,0.00,0.00,0.00,0.00,0.00,0.00,0.00,0.00,0.00
224.93,0.23,51.56,0.00,0.00,0.00,0.00,0.00,0.00,0.00,0.00,0.00,0.00,0.00,0.00
225.61,0.23,51.91,0.00,0.00,0.00,0.00,0.00,0.00,0.00,0.00,0.00,0.00,0.00,0.00
223.49,0.23,51.22,0.00,0.00,0.00,0.00,0.00,0.00,0.00,0.00,0.00,0.00,0.00,0.00
222.76,0.23,50.52,0.00,0.00,0.00,0.00,0.00,0.00,0.00,0.00,0.00,0.00,0.00,0.00
222.23,0.23,50.27,0.00,0.00,0.00,0.00,0.00,0.00,0.00,0.00,0.00,0.00,0.00,0.00
220.02,0.22,49.44,0.00,0.00,0.00,0.00,0.00,0.00,0.00,0.00,0.00,0.00,0.00,0.00
221.12,0.23,50.23,0.00,0.00,0.00,0.00,0.00,0.00,0.00,0.00,0.00,0.00,0.00,0.00
222.50,0.23,50.69,0.00,0.00,0.00,0.00,0.00,0.00,0.00,0.00,0.00,0.00,0.00,0.00
223.72,0.23,51.16,0.00,0.00,0.00,0.00,0.00,0.00,0.00,0.00,0.00,0.00,0.00,0.00
221.14,0.23,50.13,0.00,0.00,0.00,0.00,0.00,0.00,0.00,0.00,0.00,0.00,0.00,0.00
222.77,0.23,50.71,0.00,0.00,0.00,0.00,0.00,0.00,0.00,0.00,0.00,0.00,0.00,0.00
223.59,0.23,51.13,0.00,0.00,0.00,0.00,0.00,0.00,0.00,0.00,0.00,0.00,0.00,0.00
222.17,0.23,50.49,0.00,0.00,0.00,0.00,0.00,0.00,0.00,0.00,0.00,0.00,0.00,0.00
224.13,0.23,51.54,0.00,0.00,0.00,0.00,0.00,0.00,0.00,0.00,0.00,0.00,0.00,0.00
221.12,0.23,49.91,0.00,0.00,0.00,0.00,0.00,0.00,0.00,0.00,0.00,0.00,0.00,0.00
224.17,0.23,51.55,0.00,0.00,0.00,0.00,0.00,0.00,0.00,0.00,0.00,0.00,0.00,0.00
222.35,0.23,50.47,0.00,0.00,0.00,0.00,0.00,0.00,0.00,0.00,0.00,0.00,0.00,0.00
221.72,0.23,50.31,0.00,0.00,0.00,0.00,0.00,0.00,0.00,0.00,0.00,0.00,0.00,0.00
222.91,0.23,51.13,0.00,0.00,0.00,0.00,0.00,0.00,0.00,0.00,0.00,0.00,0.00,0.00
221.29,0.23,50.01,0.00,0.00,0.00,0.00,0.00,0.00,0.00,0.00,0.00,0.00,0.00,0.00
219.31,0.22,49.23,0.00,0.00,0.00,0.00,0.00,0.00,0.00,0.00,0.00,0.00,0.00,0.00
222.05,0.23,50.29,0.00,0.00,0.00,0.00,0.00,0.00,0.00,0.00,0.00,0.00,0.00,0.00
221.59,0.23,50.35,0.00,0.00,0.00,0.00,0.00,0.00,0.00,0.00,0.00,0.00,0.00,0.00
223.44,0.23,51.40,0.00,0.00,0.00,0.00,0.00,0.00,0.00,0.00,0.00,0.00,0.00,0.00
221.86,0.23,50.55,0.00,0.00,0.00,0.00,0.00,0.00,0.00,0.00,0.00,0.00,0.00,0.00
223.31,0.23,51.14,0.00,0.00,0.00,0.00,0.00,0.00,0.00,0.00,0.00,0.00,0.00,0.00
222.75,0.23,50.62,0.00,0.00,0.00,0.00,0.00,0.00,0.00,0.00,0.00,0.00,0.00,0.00
223.80,0.23,51.39,0.00,0.00,0.00,0.00,0.00,0.00,0.00,0.00,0.00,0.00,0.00,0.00
221.97,0.23,50.72,0.00,0.00,0.00,0.00,0.00,0.00,0.00,0.00,0.00,0.00,0.00,0.00
223.31,0.23,50.97,0.00,0.00,0.00,0.00,0.00,0.00,0.00,0.00,0.00,0.00,0.00,0.00
223.10,0.23,50.80,0.00,0.00,0.00,0.00,0.00,0.00,0.00,0.00,0.00,0.00,0.00,0.00
222.94,0.23,50.79,0.00,0.00,0.00,0.00,0.00,0.00,0.00,0.00,0.00,0.00,0.00,0.00
222.68,0.23,51.03,0.00,0.00,0.00,0.00,0.00,0.00,0.00,0.00,0.00,0.00,0.00,0.00
223.14,0.23,51.16,0.00,0.00,0.00,0.00,0.00,0.00,0.00,0.00,0.00,0.00,0.00,0.00
221.90,0.23,50.22,0.00,0.00,0.00,0.00,0.00,0.00,0.00,0.00,0.00,0.00,0.00,0.00
221.02,0.23,50.00,0.00,0.00,0.00,0.00,0.00,0.00,0.00,0.00,0.00,0.00,0.00,0.00
221.18,0.23,49.99,0.00,0.00,0.00,0.00,0.00,0.00,0.00,0.00,0.00,0.00,0.00,0.00
224.39,0.23,51.42,0.00,0.00,0.00,0.00,0.00,0.00,0.00,0.00,0.00,0.00,0.00,0.00
222.24,0.23,50.54,0.00,0.00,0.00,0.00,0.00,0.00,0.00,0.00,0.00,0.00,0.00,0.00
222.53,0.23,50.54,0.00,0.00,0.00,0.00,0.00,0.00,0.00,0.00,0.00,0.00,0.00,0.00
221.86,0.23,50.16,0.00,0.00,0.00,0.00,0.00,0.00,0.00,0.00,0.00,0.00,0.00,0.00
219.15,0.22,49.04,0.00,0.00,0.00,0.00,0.00,0.00,0.00,0.00,0.00,0.00,0.00,0.00
222.70,0.23,50.51,0.00,0.00,0.00,0.00,0.00,0.00,0.00,0.00,0.00,0.00,0.00,0.00
223.27,0.23,50.96,0.00,0.00,0.00,0.00,0.00,0.00,0.00,0.00,0.00,0.00,0.00,0.00
225.69,0.23,51.87,0.00,0.00,0.00,0.00,0.00,0.00,0.00,0.00,0.00,0.00,0.00,0.00
224.48,0.23,51.30,0.00,0.00,0.00,0.00,0.00,0.00,0.00,0.00,0.00,0.00,0.00,0.00
225.12,0.23,51.95,0.00,0.00,0.00,0.00,0.00,0.00,0.00,0.00,0.00,0.00,0.00,0.00
225.83,0.23,52.12,0.00,0.00,0.00,0.00,0.00,0.00,0.00,0.00,0.00,0.00,0.00,0.00
224.23,0.23,51.53,0.00,0.00,0.00,0.00,0.00,0.00,0.00,0.00,0.00,0.00,0.00,0.00
224.45,0.23,51.53,0.00,0.00,0.00,0.00,0.00,0.00,0.00,0.00,0.00,0.00,0.00,0.00
223.00,0.23,50.97,0.00,0.00,0.00,0.00,0.00,0.00,0.00,0.00,0.00,0.00,0.00,0.00
222.52,0.23,50.70,0.00,0.00,0.00,0.00,0.00,0.00,0.00,0.00,0.00,0.00,0.00,0.00
222.50,0.23,50.43,0.00,0.00,0.00,0.00,0.00,0.00,0.00,0.00,0.00,0.00,0.00,0.00
222.02,0.23,50.37,0.00,0.00,0.00,0.00,0.00,0.00,0.00,0.00,0.00,0.00,0.00,0.00
222.05,0.23,50.49,0.00,0.00,0.00,0.00,0.00,0.00,0.00,0.00,0.00,0.00,0.00,0.00
224.18,0.23,51.34,0.00,0.00,0.00,0.00,0.00,0.00,0.00,0.00,0.00,0.00,0.00,0.00
220.45,0.22,49.48,0.00,0.00,0.00,0.00,0.00,0.00,0.00,0.00,0.00,0.00,0.00,0.00
223.14,0.23,50.97,0.00,0.00,0.00,0.00,0.00,0.00,0.00,0.00,0.00,0.00,0.00,0.00
224.00,0.23,51.67,0.00,0.00,0.00,0.00,0.00,0.00,0.00,0.00,0.00,0.00,0.00,0.00
223.79,0.23,51.23,0.00,0.00,0.00,0.00,0.00,0.00,0.00,0.00,0.00,0.00,0.00,0.00
223.48,0.23,51.36,0.00,0.00,0.00,0.00,0.00,0.00,0.00,0.00,0.00,0.00,0.00,0.00
220.28,0.23,49.60,0.00,0.00,0.00,0.00,0.00,0.00,0.00,0.00,0.00,0.00,0.00,0.00
221.22,0.23,49.88,0.00,0.00,0.00,0.00,0.00,0.00,0.00,0.00,0.00,0.00,0.00,0.00
220.96,0.23,49.75,0.00,0.00,0.00,0.00,0.00,0.00,0.00,0.00,0.00,0.00,0.00,0.00
223.79,0.23,51.29,0.00,0.00,0.00,0.00,0.00,0.00,0.00,0.00,0.00,0.00,0.00,0.00
223.01,0.23,51.22,0.00,0.00,0.00,0.00,0.00,0.00,0.00,0.00,0.00,0.00,0.00,0.00
222.73,0.23,51.06,0.00,0.00,0.00,0.00,0.00,0.00,0.00,0.00,0.00,0.00,0.00,0.00
224.28,0.23,51.43,0.00,0.00,0.00,0.00,0.00,0.00,0.00,0.00,0.00,0.00,0.00,0.00
221.56,0.23,50.41,0.00,0.00,0.00,0.00,0.00,0.00,0.00,0.00,0.00,0.00,0.00,0.00
221.66,0.23,50.34,0.00,0.00,0.00,0.00,0.00,0.00,0.00,0.00,0.00,0.00,0.00,0.00
223.31,0.23,51.00,0.00,0.00,0.00,0.00,0.00,0.00,0.00,0.00,0.00,0.00,0.00,0.00
223.71,0.23,51.01,0.00,0.00,0.00,0.00,0.00,0.00,0.00,0.00,0.00,0.00,0.00,0.00
223.50,0.23,51.29,0.00,0.00,0.00,0.00,0.00,0.00,0.00,0.00,0.00,0.00,0.00,0.00
223.52,0.23,51.17,0.00,0.00,0.00,0.00,0.00,0.00,0.00,0.00,0.00,0.00,0.00,0.00
221.75,0.23,50.39,0.00,0.00,0.00,0.00,0.00,0.00,0.00,0.00,0.00,0.00,0.00,0.00
222.28,0.23,50.70,0.00,0.00,0.00,0.00,0.00,0.00,0.00,0.00,0.00,0.00,0.00,0.00
223.12,0.23,50.75,0.00,0.00,0.00,0.00,0.00,0.00,0.00,0.00,0.00,0.00,0.00,0.00
223.32,0.23,51.15,0.00,0.00,0.00,0.00,0.00,0.00,0.00,0.00,0.00,0.00,0.00,0.00
222.89,0.23,50.72,0.00,0.00,0.00,0.00,0.00,0.00,0.00,0.00,0.00,0.00,0.00,0.00
224.62,0.23,51.53,0.00,0.00,0.00,0.00,0.00,0.00,0.00,0.00,0.00,0.00,0.00,0.00
224.29,0.23,51.30,0.00,0.00,0.00,0.00,0.00,0.00,0.00,0.00,0.00,0.00,0.00,0.00
224.20,0.23,51.55,0.00,0.00,0.00,0.00,0.00,0.00,0.00,0.00,0.00,0.00,0.00,0.00
224.98,0.23,51.56,0.00,0.00,0.00,0.00,0.00,0.00,0.00,0.00,0.00,0.00,0.00,0.00
223.97,0.23,51.43,0.00,0.00,0.00,0.00,0.00,0.00,0.00,0.00,0.00,0.00,0.00,0.00
222.26,0.23,50.63,0.00,0.00,0.00,0.00,0.00,0.00,0.00,0.00,0.00,0.00,0.00,0.00
224.31,0.23,51.62,0.00,0.00,0.00,0.00,0.00,0.00,0.00,0.00,0.00,0.00,0.00,0.00
223.83,0.23,51.15,0.00,0.00,0.00,0.00,0.00,0.00,0.00,0.00,0.00,0.00,0.00,0.00
223.93,0.23,51.28,0.00,0.00,0.00,0.00,0.00,0.00,0.00,0.00,0.00,0.00,0.00,0.00
224.64,0.23,51.50,0.00,0.00,0.00,0.00,0.00,0.00,0.00,0.00,0.00,0.00,0.00,0.00
224.04,0.23,51.29,0.00,0.00,0.00,0.00,0.00,0.00,0.00,0.00,0.00,0.00,0.00,0.00
222.10,0.23,50.60,0.00,0.00,0.00,0.00,0.00,0.00,0.00,0.00,0.00,0.00,0.00,0.00
222.24,0.23,50.52,0.00,0.00,0.00,0.00,0.00,0.00,0.00,0.00,0.00,0.00,0.00,0.00
229.43,0.23,53.88,0.00,0.00,0.00,0.00,0.00,0.00,0.00,0.00,0.00,0.00,0.00,0.00
224.39,0.23,51.42,0.00,0.00,0.00,0.00,0.00,0.00,0.00,0.00,0.00,0.00,0.00,0.00
225.45,0.23,52.08,0.00,0.00,0.00,0.00,0.00,0.00,0.00,0.00,0.00,0.00,0.00,0.00
223.15,0.23,50.90,0.00,0.00,0.00,0.00,0.00,0.00,0.00,0.00,0.00,0.00,0.00,0.00
224.14,0.23,51.65,0.00,0.00,0.00,0.00,0.00,0.00,0.00,0.00,0.00,0.00,0.00,0.00
222.42,0.23,50.53,0.00,0.00,0.00,0.00,0.00,0.00,0.00,0.00,0.00,0.00,0.00,0.00
222.69,0.23,50.78,0.00,0.00,0.00,0.00,0.00,0.00,0.00,0.00,0.00,0.00,0.00,0.00
223.16,0.23,50.95,0.00,0.00,0.00,0.00,0.00,0.00,0.00,0.00,0.00,0.00,0.00,0.00
222.15,0.23,50.28,0.00,0.00,0.00,0.00,0.00,0.00,0.00,0.00,0.00,0.00,0.00,0.00
223.05,0.23,50.66,0.00,0.00,0.00,0.00,0.00,0.00,0.00,0.00,0.00,0.00,0.00,0.00
222.33,0.23,50.66,0.00,0.00,0.00,0.00,0.00,0.00,0.00,0.00,0.00,0.00,0.00,0.00
224.47,0.23,51.52,0.00,0.00,0.00,0.00,0.00,0.00,0.00,0.00,0.00,0.00,0.00,0.00
223.48,0.23,51.09,0.00,0.00,0.00,0.00,0.00,0.00,0.00,0.00,0.00,0.00,0.00,0.00
225.29,0.23,51.98,0.00,0.00,0.00,0.00,0.00,0.00,0.00,0.00,0.00,0.00,0.00,0.00
223.82,0.23,51.23,0.00,0.00,0.00,0.00,0.00,0.00,0.00,0.00,0.00,0.00,0.00,0.00
223.32,0.23,50.91,0.00,0.00,0.00,0.00,0.00,0.00,0.00,0.00,0.00,0.00,0.00,0.00
221.19,0.23,50.21,0.00,0.00,0.00,0.00,0.00,0.00,0.00,0.00,0.00,0.00,0.00,0.00
222.70,0.23,50.96,0.00,0.00,0.00,0.00,0.00,0.00,0.00,0.00,0.00,0.00,0.00,0.00
223.80,0.23,51.31,0.00,0.00,0.00,0.00,0.00,0.00,0.00,0.00,0.00,0.00,0.00,0.00
223.96,0.23,51.12,0.00,0.00,0.00,0.00,0.00,0.00,0.00,0.00,0.00,0.00,0.00,0.00
223.58,0.23,51.33,0.00,0.00,0.00,0.00,0.00,0.00,0.00,0.00,0.00,0.00,0.00,0.00
219.18,0.22,48.84,0.00,0.00,0.00,0.00,0.00,0.00,0.00,0.00,0.00,0.00,0.00,0.00
221.63,0.23,50.22,0.00,0.00,0.00,0.00,0.00,0.00,0.00,0.00,0.00,0.00,0.00,0.00
222.78,0.23,50.78,0.00,0.00,0.00,0.00,0.00,0.00,0.00,0.00,0.00,0.00,0.00,0.00
220.01,0.22,49.50,0.00,0.00,0.00,0.00,0.00,0.00,0.00,0.00,0.00,0.00,0.00,0.00
223.61,0.23,51.28,0.00,0.00,0.00,0.00,0.00,0.00,0.00,0.00,0.00,0.00,0.00,0.00
224.87,0.23,51.42,0.00,0.00,0.00,0.00,0.00,0.00,0.00,0.00,0.00,0.00,0.00,0.00
224.12,0.23,51.45,0.00,0.00,0.00,0.00,0.00,0.00,0.00,0.00,0.00,0.00,0.00,0.00
223.75,0.23,51.18,0.00,0.00,0.00,0.00,0.00,0.00,0.00,0.00,0.00,0.00,0.00,0.00
223.60,0.23,51.25,0.00,0.00,0.00,0.00,0.00,0.00,0.00,0.00,0.00,0.00,0.00,0.00
222.46,0.23,50.57,0.00,0.00,0.00,0.00,0.00,0.00,0.00,0.00,0.00,0.00,0.00,0.00
226.52,0.23,52.41,0.00,0.00,0.00,0.00,0.00,0.00,0.00,0.00,0.00,0.00,0.00,0.00
223.30,0.23,51.20,0.00,0.00,0.00,0.00,0.00,0.00,0.00,0.00,0.00,0.00,0.00,0.00
223.21,0.23,50.95,0.00,0.00,0.00,0.00,0.00,0.00,0.00,0.00,0.00,0.00,0.00,0.00
221.80,0.23,50.57,0.00,0.00,0.00,0.00,0.00,0.00,0.00,0.00,0.00,0.00,0.00,0.00
224.05,0.23,51.14,0.00,0.00,0.00,0.00,0.00,0.00,0.00,0.00,0.00,0.00,0.00,0.00
225.85,0.23,52.16,0.00,0.00,0.00,0.00,0.00,0.00,0.00,0.00,0.00,0.00,0.00,0.00
223.36,0.23,51.26,0.00,0.00,0.00,0.00,0.00,0.00,0.00,0.00,0.00,0.00,0.00,0.00
223.43,0.23,51.12,0.00,0.00,0.00,0.00,0.00,0.00,0.00,0.00,0.00,0.00,0.00,0.00
222.26,0.23,50.39,0.00,0.00,0.00,0.00,0.00,0.00,0.00,0.00,0.00,0.00,0.00,0.00
222.10,0.23,50.59,0.00,0.00,0.00,0.00,0.00,0.00,0.00,0.00,0.00,0.00,0.00,0.00
222.91,0.23,50.92,0.00,0.00,0.00,0.00,0.00,0.00,0.00,0.00,0.00,0.00,0.00,0.00
222.11,0.23,50.70,0.00,0.00,0.00,0.00,0.00,0.00,0.00,0.00,0.00,0.00,0.00,0.00
220.41,0.23,49.80,0.00,0.00,0.00,0.00,0.00,0.00,0.00,0.00,0.00,0.00,0.00,0.00
220.00,0.22,49.34,0.00,0.00,0.00,0.00,0.00,0.00,0.00,0.00,0.00,0.00,0.00,0.00
222.28,0.23,50.40,0.00,0.00,0.00,0.00,0.00,0.00,0.00,0.00,0.00,0.00,0.00,0.00
221.09,0.23,50.18,0.00,0.00,0.00,0.00,0.00,0.00,0.00,0.00,0.00,0.00,0.00,0.00
223.46,0.23,51.08,0.00,0.00,0.00,0.00,0.00,0.00,0.00,0.00,0.00,0.00,0.00,0.00
222.56,0.23,50.78,0.00,0.00,0.00,0.00,0.00,0.00,0.00,0.00,0.00,0.00,0.00,0.00
223.95,0.23,51.39,0.00,0.00,0.00,0.00,0.00,0.00,0.00,0.00,0.00,0.00,0.00,0.00
223.74,0.23,51.31,0.00,0.00,0.00,0.00,0.00,0.00,0.00,0.00,0.00,0.00,0.00,0.00
222.40,0.23,50.62,0.00,0.00,0.00,0.00,0.00,0.00,0.00,0.00,0.00,0.00,0.00,0.00
224.12,0.23,51.25,0.00,0.00,0.00,0.00,0.00,0.00,0.00,0.00,0.00,0.00,0.00,0.00
222.70,0.23,50.74,0.00,0.00,0.00,0.00,0.00,0.00,0.00,0.00,0.00,0.00,0.00,0.00
224.23,0.23,51.44,0.00,0.00,0.00,0.00,0.00,0.00,0.00,0.00,0.00,0.00,0.00,0.00
220.98,0.23,50.02,0.00,0.00,0.00,0.00,0.00,0.00,0.00,0.00,0.00,0.00,0.00,0.00
221.46,0.23,50.24,0.00,0.00,0.00,0.00,0.00,0.00,0.00,0.00,0.00,0.00,0.00,0.00
221.10,0.23,50.39,0.00,0.00,0.00,0.00,0.00,0.00,0.00,0.00,0.00,0.00,0.00,0.00
222.16,0.23,50.54,0.00,0.00,0.00,0.00,0.00,0.00,0.00,0.00,0.00,0.00,0.00,0.00
222.41,0.23,50.54,0.00,0.00,0.00,0.00,0.00,0.00,0.00,0.00,0.00,0.00,0.00,0.00
222.68,0.23,50.66,0.00,0.00,0.00,0.00,0.00,0.00,0.00,0.00,0.00,0.00,0.00,0.00
224.10,0.23,51.28,0.00,0.00,0.00,0.00,0.00,0.00,0.00,0.00,0.00,0.00,0.00,0.00
224.82,0.23,51.58,0.00,0.00,0.00,0.00,0.00,0.00,0.00,0.00,0.00,0.00,0.00,0.00
224.12,0.23,51.19,0.00,0.00,0.00,0.00,0.00,0.00,0.00,0.00,0.00,0.00,0.00,0.00
222.26,0.23,50.81,0.00,0.00,0.00,0.00,0.00,0.00,0.00,0.00,0.00,0.00,0.00,0.00
221.18,0.23,50.21,0.00,0.00,0.00,0.00,0.00,0.00,0.00,0.00,0.00,0.00,0.00,0.00
221.88,0.23,50.64,0.00,0.00,0.00,0.00,0.00,0.00,0.00,0.00,0.00,0.00,0.00,0.00
222.35,0.23,50.59,0.00,0.00,0.00,0.00,0.00,0.00,0.00,0.00,0.00,0.00,0.00,0.00
222.66,0.23,50.82,0.00,0.00,0.00,0.00,0.00,0.00,0.00,0.00,0.00,0.00,0.00,0.00
223.23,0.23,51.11,0.00,0.00,0.00,0.00,0.00,0.00,0.00,0.00,0.00,0.00,0.00,0.00
222.99,0.23,50.96,0.00,0.00,0.00,0.00,0.00,0.00,0.00,0.00,0.00,0.00,0.00,0.00
221.61,0.23,50.19,0.00,0.00,0.00,0.00,0.00,0.00,0.00,0.00,0.00,0.00,0.00,0.00
222.68,0.23,50.68,0.00,0.00,0.00,0.00,0.00,0.00,0.00,0.00,0.00,0.00,0.00,0.00
221.95,0.23,50.40,0.00,0.00,0.00,0.00,0.00,0.00,0.00,0.00,0.00,0.00,0.00,0.00
223.55,0.23,51.07,0.00,0.00,0.00,0.00,0.00,0.00,0.00,0.00,0.00,0.00,0.00,0.00
222.72,0.23,50.75,0.00,0.00,0.00,0.00,0.00,0.00,0.00,0.00,0.00,0.00,0.00,0.00
222.65,0.23,50.80,0.00,0.00,0.00,0.00,0.00,0.00,0.00,0.00,0.00,0.00,0.00,0.00
219.92,0.22,49.27,0.00,0.00,0.00,0.00,0.00,0.00,0.00,0.00,0.00,0.00,0.00,0.00
222.73,0.23,50.64,0.00,0.00,0.00,0.00,0.00,0.00,0.00,0.00,0.00,0.00,0.00,0.00
222.60,0.23,50.67,0.00,0.00,0.00,0.00,0.00,0.00,0.00,0.00,0.00,0.00,0.00,0.00
221.39,0.23,50.21,0.00,0.00,0.00,0.00,0.00,0.00,0.00,0.00,0.00,0.00,0.00,0.00
222.94,0.23,50.69,0.00,0.00,0.00,0.00,0.00,0.00,0.00,0.00,0.00,0.00,0.00,0.00
221.98,0.23,50.62,0.00,0.00,0.00,0.00,0.00,0.00,0.00,0.00,0.00,0.00,0.00,0.00
221.04,0.23,50.12,0.00,0.00,0.00,0.00,0.00,0.00,0.00,0.00,0.00,0.00,0.00,0.00
222.82,0.23,50.82,0.00,0.00,0.00,0.00,0.00,0.00,0.00,0.00,0.00,0.00,0.00,0.00
223.27,0.23,50.63,0.00,0.00,0.00,0.00,0.00,0.00,0.00,0.00,0.00,0.00,0.00,0.00
222.23,0.23,50.45,0.00,0.00,0.00,0.00,0.00,0.00,0.00,0.00,0.00,0.00,0.00,0.00
221.54,0.23,50.35,0.00,0.00,0.00,0.00,0.00,0.00,0.00,0.00,0.00,0.00,0.00,0.00
223.52,0.23,51.28,0.00,0.00,0.00,0.00,0.00,0.00,0.00,0.00,0.00,0.00,0.00,0.00
224.45,0.23,51.45,0.00,0.00,0.00,0.00,0.00,0.00,0.00,0.00,0.00,0.00,0.00,0.00
223.01,0.23,51.10,0.00,0.00,0.00,0.00,0.00,0.00,0.00,0.00,0.00,0.00,0.00,0.00
223.89,0.23,51.51,0.00,0.00,0.00,0.00,0.00,0.00,0.00,0.00,0.00,0.00,0.00,0.00
224.36,0.23,51.58,0.00,0.00,0.00,0.00,0.00,0.00,0.00,0.00,0.00,0.00,0.00,0.00
224.88,0.23,51.78,0.00,0.00,0.00,0.00,0.00,0.00,0.00,0.00,0.00,0.00,0.00,0.00
223.24,0.23,50.87,0.00,0.00,0.00,0.00,0.00,0.00,0.00,0.00,0.00,0.00,0.00,0.00
222.36,0.23,50.53,0.00,0.00,0.00,0.00,0.00,0.00,0.00,0.00,0.00,0.00,0.00,0.00
222.00,0.23,50.52,0.00,0.00,0.00,0.00,0.00,0.00,0.00,0.00,0.00,0.00,0.00,0.00
221.63,0.23,50.47,0.00,0.00,0.00,0.00,0.00,0.00,0.00,0.00,0.00,0.00,0.00,0.00
222.81,0.23,50.80,0.00,0.00,0.00,0.00,0.00,0.00,0.00,0.00,0.00,0.00,0.00,0.00
222.83,0.23,51.01,0.00,0.00,0.00,0.00,0.00,0.00,0.00,0.00,0.00,0.00,0.00,0.00
224.26,0.23,51.36,0.00,0.00,0.00,0.00,0.00,0.00,0.00,0.00,0.00,0.00,0.00,0.00
223.67,0.23,51.07,0.00,0.00,0.00,0.00,0.00,0.00,0.00,0.00,0.00,0.00,0.00,0.00
223.82,0.23,51.25,0.00,0.00,0.00,0.00,0.00,0.00,0.00,0.00,0.00,0.00,0.00,0.00
224.93,0.23,51.55,0.00,0.00,0.00,0.00,0.00,0.00,0.00,0.00,0.00,0.00,0.00,0.00
221.94,0.23,50.44,0.00,0.00,0.00,0.00,0.00,0.00,0.00,0.00,0.00,0.00,0.00,0.00
222.65,0.23,50.71,0.00,0.00,0.00,0.00,0.00,0.00,0.00,0.00,0.00,0.00,0.00,0.00
223.47,0.23,50.93,0.00,0.00,0.00,0.00,0.00,0.00,0.00,0.00,0.00,0.00,0.00,0.00
221.68,0.23,50.36,0.00,0.00,0.00,0.00,0.00,0.00,0.00,0.00,0.00,0.00,0.00,0.00
223.60,0.23,51.12,0.00,0.00,0.00,0.00,0.00,0.00,0.00,0.00,0.00,0.00,0.00,0.00
222.38,0.23,50.67,0.00,0.00,0.00,0.00,0.00,0.00,0.00,0.00,0.00,0.00,0.00,0.00
223.35,0.23,50.72,0.00,0.00,0.00,0.00,0.00,0.00,0.00,0.00,0.00,0.00,0.00,0.00
223.72,0.23,51.34,0.00,0.00,0.00,0.00,0.00,0.00,0.00,0.00,0.00,0.00,0.00,0.00
222.94,0.23,50.60,0.00,0.00,0.00,0.00,0.00,0.00,0.00,0.00,0.00,0.00,0.00,0.00
222.27,0.23,50.56,0.00,0.00,0.00,0.00,0.00,0.00,0.00,0.00,0.00,0.00,0.00,0.00
220.08,0.23,49.53,0.00,0.00,0.00,0.00,0.00,0.00,0.00,0.00,0.00,0.00,0.00,0.00
224.85,0.23,51.74,0.00,0.00,0.00,0.00,0.00,0.00,0.00,0.00,0.00,0.00,0.00,0.00
223.72,0.23,50.91,0.00,0.00,0.00,0.00,0.00,0.00,0.00,0.00,0.00,0.00,0.00,0.00
222.23,0.23,50.70,0.00,0.00,0.00,0.00,0.00,0.00,0.00,0.00,0.00,0.00,0.00,0.00
221.68,0.23,50.19,0.00,0.00,0.00,0.00,0.00,0.00,0.00,0.00,0.00,0.00,0.00,0.00
219.59,0.22,49.27,0.00,0.00,0.00,0.00,0.00,0.00,0.00,0.00,0.00,0.00,0.00,0.00
222.51,0.23,50.76,0.00,0.00,0.00,0.00,0.00,0.00,0.00,0.00,0.00,0.00,0.00,0.00
223.72,0.23,51.17,0.00,0.00,0.00,0.00,0.00,0.00,0.00,0.00,0.00,0.00,0.00,0.00
221.63,0.23,50.07,0.00,0.00,0.00,0.00,0.00,0.00,0.00,0.00,0.00,0.00,0.00,0.00
222.40,0.23,50.77,0.00,0.00,0.00,0.00,0.00,0.00,0.00,0.00,0.00,0.00,0.00,0.00
222.25,0.23,50.61,0.00,0.00,0.00,0.00,0.00,0.00,0.00,0.00,0.00,0.00,0.00,0.00
222.52,0.23,50.44,0.00,0.00,0.00,0.00,0.00,0.00,0.00,0.00,0.00,0.00,0.00,0.00
222.51,0.23,50.60,0.00,0.00,0.00,0.00,0.00,0.00,0.00,0.00,0.00,0.00,0.00,0.00
224.14,0.23,51.07,0.00,0.00,0.00,0.00,0.00,0.00,0.00,0.00,0.00,0.00,0.00,0.00
222.71,0.23,50.95,0.00,0.00,0.00,0.00,0.00,0.00,0.00,0.00,0.00,0.00,0.00,0.00
224.48,0.23,51.77,0.00,0.00,0.00,0.00,0.00,0.00,0.00,0.00,0.00,0.00,0.00,0.00
224.41,0.23,51.60,0.00,0.00,0.00,0.00,0.00,0.00,0.00,0.00,0.00,0.00,0.00,0.00
220.14,0.22,49.37,0.00,0.00,0.00,0.00,0.00,0.00,0.00,0.00,0.00,0.00,0.00,0.00
223.53,0.23,50.89,0.00,0.00,0.00,0.00,0.00,0.00,0.00,0.00,0.00,0.00,0.00,0.00
223.44,0.23,51.05,0.00,0.00,0.00,0.00,0.00,0.00,0.00,0.00,0.00,0.00,0.00,0.00
223.47,0.23,51.19,0.00,0.00,0.00,0.00,0.00,0.00,0.00,0.00,0.00,0.00,0.00,0.00
223.44,0.23,51.03,0.00,0.00,0.00,0.00,0.00,0.00,0.00,0.00,0.00,0.00,0.00,0.00
221.44,0.23,50.07,0.00,0.00,0.00,0.00,0.00,0.00,0.00,0.00,0.00,0.00,0.00,0.00
221.61,0.23,50.44,0.00,0.00,0.00,0.00,0.00,0.00,0.00,0.00,0.00,0.00,0.00,0.00
222.28,0.23,50.75,0.00,0.00,0.00,0.00,0.00,0.00,0.00,0.00,0.00,0.00,0.00,0.00
223.84,0.23,51.19,0.00,0.00,0.00,0.00,0.00,0.00,0.00,0.00,0.00,0.00,0.00,0.00
224.09,0.23,51.34,0.00,0.00,0.00,0.00,0.00,0.00,0.00,0.00,0.00,0.00,0.00,0.00
221.07,0.23,49.80,0.00,0.00,0.00,0.00,0.00,0.00,0.00,0.00,0.00,0.00,0.00,0.00
222.33,0.23,50.48,0.00,0.00,0.00,0.00,0.00,0.00,0.00,0.00,0.00,0.00,0.00,0.00
222.37,0.23,50.38,0.00,0.00,0.00,0.00,0.00,0.00,0.00,0.00,0.00,0.00,0.00,0.00
223.74,0.23,51.29,0.00,0.00,0.00,0.00,0.00,0.00,0.00,0.00,0.00,0.00,0.00,0.00
223.00,0.23,50.69,0.00,0.00,0.00,0.00,0.00,0.00,0.00,0.00,0.00,0.00,0.00,0.00
219.78,0.22,49.25,0.00,0.00,0.00,0.00,0.00,0.00,0.00,0.00,0.00,0.00,0.00,0.00
222.96,0.23,50.93,0.00,0.00,0.00,0.00,0.00,0.00,0.00,0.00,0.00,0.00,0.00,0.00
223.30,0.23,50.88,0.00,0.00,0.00,0.00,0.00,0.00,0.00,0.00,0.00,0.00,0.00,0.00
224.04,0.23,51.26,0.00,0.00,0.00,0.00,0.00,0.00,0.00,0.00,0.00,0.00,0.00,0.00
219.18,0.22,49.01,0.00,0.00,0.00,0.00,0.00,0.00,0.00,0.00,0.00,0.00,0.00,0.00
221.93,0.23,50.40,0.00,0.00,0.00,0.00,0.00,0.00,0.00,0.00,0.00,0.00,0.00,0.00
221.60,0.23,50.28,0.00,0.00,0.00,0.00,0.00,0.00,0.00,0.00,0.00,0.00,0.00,0.00
221.25,0.23,50.08,0.00,0.00,0.00,0.00,0.00,0.00,0.00,0.00,0.00,0.00,0.00,0.00
227.45,0.23,53.06,0.00,0.00,0.00,0.00,0.00,0.00,0.00,0.00,0.00,0.00,0.00,0.00
221.01,0.23,50.13,0.00,0.00,0.00,0.00,0.00,0.00,0.00,0.00,0.00,0.00,0.00,0.00
220.75,0.22,49.67,0.00,0.00,0.00,0.00,0.00,0.00,0.00,0.00,0.00,0.00,0.00,0.00
224.44,0.23,51.79,0.00,0.00,0.00,0.00,0.00,0.00,0.00,0.00,0.00,0.00,0.00,0.00
222.71,0.23,50.72,0.00,0.00,0.00,0.00,0.00,0.00,0.00,0.00,0.00,0.00,0.00,0.00
218.97,0.22,49.00,0.00,0.00,0.00,0.00,0.00,0.00,0.00,0.00,0.00,0.00,0.00,0.00
218.00,0.22,48.69,0.00,0.00,0.00,0.00,0.00,0.00,0.00,0.00,0.00,0.00,0.00,0.00
222.01,0.23,50.39,0.00,0.00,0.00,0.00,0.00,0.00,0.00,0.00,0.00,0.00,0.00,0.00
219.95,0.22,49.47,0.00,0.00,0.00,0.00,0.00,0.00,0.00,0.00,0.00,0.00,0.00,0.00
223.04,0.23,50.97,0.00,0.00,0.00,0.00,0.00,0.00,0.00,0.00,0.00,0.00,0.00,0.00
222.59,0.23,50.88,0.00,0.00,0.00,0.00,0.00,0.00,0.00,0.00,0.00,0.00,0.00,0.00
222.38,0.23,50.58,0.00,0.00,0.00,0.00,0.00,0.00,0.00,0.00,0.00,0.00,0.00,0.00
219.25,0.22,49.03,0.00,0.00,0.00,0.00,0.00,0.00,0.00,0.00,0.00,0.00,0.00,0.00
222.15,0.23,50.52,0.00,0.00,0.00,0.00,0.00,0.00,0.00,0.00,0.00,0.00,0.00,0.00
224.91,0.23,51.84,0.00,0.00,0.00,0.00,0.00,0.00,0.00,0.00,0.00,0.00,0.00,0.00
222.71,0.23,50.74,0.00,0.00,0.00,0.00,0.00,0.00,0.00,0.00,0.00,0.00,0.00,0.00
218.17,0.22,48.96,0.00,0.00,0.00,0.00,0.00,0.00,0.00,0.00,0.00,0.00,0.00,0.00
225.64,0.23,52.02,0.00,0.00,0.00,0.00,0.00,0.00,0.00,0.00,0.00,0.00,0.00,0.00
222.24,0.23,50.75,0.00,0.00,0.00,0.00,0.00,0.00,0.00,0.00,0.00,0.00,0.00,0.00
221.72,0.23,50.27,0.00,0.00,0.00,0.00,0.00,0.00,0.00,0.00,0.00,0.00,0.00,0.00
224.44,0.23,51.45,0.00,0.00,0.00,0.00,0.00,0.00,0.00,0.00,0.00,0.00,0.00,0.00
224.57,0.23,51.34,0.00,0.00,0.00,0.00,0.00,0.00,0.00,0.00,0.00,0.00,0.00,0.00
222.95,0.23,50.91,0.00,0.00,0.00,0.00,0.00,0.00,0.00,0.00,0.00,0.00,0.00,0.00
222.42,0.23,50.76,0.00,0.00,0.00,0.00,0.00,0.00,0.00,0.00,0.00,0.00,0.00,0.00
222.23,0.23,50.68,0.00,0.00,0.00,0.00,0.00,0.00,0.00,0.00,0.00,0.00,0.00,0.00
223.47,0.23,51.10,0.00,0.00,0.00,0.00,0.00,0.00,0.00,0.00,0.00,0.00,0.00,0.00
224.87,0.23,51.83,0.00,0.00,0.00,0.00,0.00,0.00,0.00,0.00,0.00,0.00,0.00,0.00
222.25,0.23,50.32,0.00,0.00,0.00,0.00,0.00,0.00,0.00,0.00,0.00,0.00,0.00,0.00
221.90,0.23,50.21,0.00,0.00,0.00,0.00,0.00,0.00,0.00,0.00,0.00,0.00,0.00,0.00
224.39,0.23,51.29,0.00,0.00,0.00,0.00,0.00,0.00,0.00,0.00,0.00,0.00,0.00,0.00
223.61,0.23,51.13,0.00,0.00,0.00,0.00,0.00,0.00,0.00,0.00,0.00,0.00,0.00,0.00
222.45,0.23,50.72,0.00,0.00,0.00,0.00,0.00,0.00,0.00,0.00,0.00,0.00,0.00,0.00
221.19,0.23,50.24,0.00,0.00,0.00,0.00,0.00,0.00,0.00,0.00,0.00,0.00,0.00,0.00
223.38,0.23,51.13,0.00,0.00,0.00,0.00,0.00,0.00,0.00,0.00,0.00,0.00,0.00,0.00
224.10,0.23,51.41,0.00,0.00,0.00,0.00,0.00,0.00,0.00,0.00,0.00,0.00,0.00,0.00
222.72,0.23,50.88,0.00,0.00,0.00,0.00,0.00,0.00,0.00,0.00,0.00,0.00,0.00,0.00
222.46,0.23,50.38,0.00,0.00,0.00,0.00,0.00,0.00,0.00,0.00,0.00,0.00,0.00,0.00
222.97,0.23,51.04,0.00,0.00,0.00,0.00,0.00,0.00,0.00,0.00,0.00,0.00,0.00,0.00
224.44,0.23,51.14,0.00,0.00,0.00,0.00,0.00,0.00,0.00,0.00,0.00,0.00,0.00,0.00
221.01,0.23,50.32,0.00,0.00,0.00,0.00,0.00,0.00,0.00,0.00,0.00,0.00,0.00,0.00
222.62,0.23,50.75,0.00,0.00,0.00,0.00,0.00,0.00,0.00,0.00,0.00,0.00,0.00,0.00
222.90,0.23,50.88,0.00,0.00,0.00,0.00,0.00,0.00,0.00,0.00,0.00,0.00,0.00,0.00
222.27,0.23,50.72,0.00,0.00,0.00,0.00,0.00,0.00,0.00,0.00,0.00,0.00,0.00,0.00
224.18,0.23,51.32,0.00,0.00,0.00,0.00,0.00,0.00,0.00,0.00,0.00,0.00,0.00,0.00
221.99,0.23,50.28,0.00,0.00,0.00,0.00,0.00,0.00,0.00,0.00,0.00,0.00,0.00,0.00
222.59,0.23,50.61,0.00,0.00,0.00,0.00,0.00,0.00,0.00,0.00,0.00,0.00,0.00,0.00
223.89,0.23,51.29,0.00,0.00,0.00,0.00,0.00,0.00,0.00,0.00,0.00,0.00,0.00,0.00
224.37,0.23,51.29,0.00,0.00,0.00,0.00,0.00,0.00,0.00,0.00,0.00,0.00,0.00,0.00
222.76,0.23,50.77,0.00,0.00,0.00,0.00,0.00,0.00,0.00,0.00,0.00,0.00,0.00,0.00
223.21,0.23,51.36,0.00,0.00,0.00,0.00,0.00,0.00,0.00,0.00,0.00,0.00,0.00,0.00
223.65,0.23,51.23,0.00,0.00,0.00,0.00,0.00,0.00,0.00,0.00,0.00,0.00,0.00,0.00
223.33,0.23,50.99,0.00,0.00,0.00,0.00,0.00,0.00,0.00,0.00,0.00,0.00,0.00,0.00
222.59,0.23,50.71,0.00,0.00,0.00,0.00,0.00,0.00,0.00,0.00,0.00,0.00,0.00,0.00
219.13,0.22,49.11,0.00,0.00,0.00,0.00,0.00,0.00,0.00,0.00,0.00,0.00,0.00,0.00
222.36,0.23,50.67,0.00,0.00,0.00,0.00,0.00,0.00,0.00,0.00,0.00,0.00,0.00,0.00
224.42,0.23,51.55,0.00,0.00,0.00,0.00,0.00,0.00,0.00,0.00,0.00,0.00,0.00,0.00
223.01,0.23,50.62,0.00,0.00,0.00,0.00,0.00,0.00,0.00,0.00,0.00,0.00,0.00,0.00
221.19,0.23,50.28,0.00,0.00,0.00,0.00,0.00,0.00,0.00,0.00,0.00,0.00,0.00,0.00
222.40,0.23,50.76,0.00,0.00,0.00,0.00,0.00,0.00,0.00,0.00,0.00,0.00,0.00,0.00
223.59,0.23,51.13,0.00,0.00,0.00,0.00,0.00,0.00,0.00,0.00,0.00,0.00,0.00,0.00
223.03,0.23,50.88,0.00,0.00,0.00,0.00,0.00,0.00,0.00,0.00,0.00,0.00,0.00,0.00
222.28,0.23,50.65,0.00,0.00,0.00,0.00,0.00,0.00,0.00,0.00,0.00,0.00,0.00,0.00
217.51,0.22,48.45,0.00,0.00,0.00,0.00,0.00,0.00,0.00,0.00,0.00,0.00,0.00,0.00
222.80,0.23,50.66,0.00,0.00,0.00,0.00,0.00,0.00,0.00,0.00,0.00,0.00,0.00,0.00
224.36,0.23,51.57,0.00,0.00,0.00,0.00,0.00,0.00,0.00,0.00,0.00,0.00,0.00,0.00
223.85,0.23,51.30,0.00,0.00,0.00,0.00,0.00,0.00,0.00,0.00,0.00,0.00,0.00,0.00
221.53,0.23,50.55,0.00,0.00,0.00,0.00,0.00,0.00,0.00,0.00,0.00,0.00,0.00,0.00
220.77,0.23,49.86,0.00,0.00,0.00,0.00,0.00,0.00,0.00,0.00,0.00,0.00,0.00,0.00
219.17,0.22,48.81,0.00,0.00,0.00,0.00,0.00,0.00,0.00,0.00,0.00,0.00,0.00,0.00
221.92,0.23,50.47,0.00,0.00,0.00,0.00,0.00,0.00,0.00,0.00,0.00,0.00,0.00,0.00
223.72,0.23,51.28,0.00,0.00,0.00,0.00,0.00,0.00,0.00,0.00,0.00,0.00,0.00,0.00
221.28,0.23,50.05,0.00,0.00,0.00,0.00,0.00,0.00,0.00,0.00,0.00,0.00,0.00,0.00
217.90,0.22,48.52,0.00,0.00,0.00,0.00,0.00,0.00,0.00,0.00,0.00,0.00,0.00,0.00
222.50,0.23,50.82,0.00,0.00,0.00,0.00,0.00,0.00,0.00,0.00,0.00,0.00,0.00,0.00
221.52,0.23,50.30,0.00,0.00,0.00,0.00,0.00,0.00,0.00,0.00,0.00,0.00,0.00,0.00
223.17,0.23,51.09,0.00,0.00,0.00,0.00,0.00,0.00,0.00,0.00,0.00,0.00,0.00,0.00
221.62,0.23,50.40,0.00,0.00,0.00,0.00,0.00,0.00,0.00,0.00,0.00,0.00,0.00,0.00
218.67,0.22,48.86,0.00,0.00,0.00,0.00,0.00,0.00,0.00,0.00,0.00,0.00,0.00,0.00
222.58,0.23,50.90,0.00,0.00,0.00,0.00,0.00,0.00,0.00,0.00,0.00,0.00,0.00,0.00
221.89,0.23,50.41,0.00,0.00,0.00,0.00,0.00,0.00,0.00,0.00,0.00,0.00,0.00,0.00
223.03,0.23,50.82,0.00,0.00,0.00,0.00,0.00,0.00,0.00,0.00,0.00,0.00,0.00,0.00
222.58,0.23,50.74,0.00,0.00,0.00,0.00,0.00,0.00,0.00,0.00,0.00,0.00,0.00,0.00
221.83,0.23,50.59,0.00,0.00,0.00,0.00,0.00,0.00,0.00,0.00,0.00,0.00,0.00,0.00
221.25,0.23,50.16,0.00,0.00,0.00,0.00,0.00,0.00,0.00,0.00,0.00,0.00,0.00,0.00
222.35,0.23,50.39,0.00,0.00,0.00,0.00,0.00,0.00,0.00,0.00,0.00,0.00,0.00,0.00
221.80,0.23,50.35,0.00,0.00,0.00,0.00,0.00,0.00,0.00,0.00,0.00,0.00,0.00,0.00
221.85,0.23,50.38,0.00,0.00,0.00,0.00,0.00,0.00,0.00,0.00,0.00,0.00,0.00,0.00
223.02,0.23,50.75,0.00,0.00,0.00,0.00,0.00,0.00,0.00,0.00,0.00,0.00,0.00,0.00
224.34,0.23,51.42,0.00,0.00,0.00,0.00,0.00,0.00,0.00,0.00,0.00,0.00,0.00,0.00
222.98,0.23,50.94,0.00,0.00,0.00,0.00,0.00,0.00,0.00,0.00,0.00,0.00,0.00,0.00
221.08,0.23,49.98,0.00,0.00,0.00,0.00,0.00,0.00,0.00,0.00,0.00,0.00,0.00,0.00
222.82,0.23,50.96,0.00,0.00,0.00,0.00,0.00,0.00,0.00,0.00,0.00,0.00,0.00,0.00
223.10,0.23,50.86,0.00,0.00,0.00,0.00,0.00,0.00,0.00,0.00,0.00,0.00,0.00,0.00
223.42,0.23,51.12,0.00,0.00,0.00,0.00,0.00,0.00,0.00,0.00,0.00,0.00,0.00,0.00
220.89,0.23,50.18,0.00,0.00,0.00,0.00,0.00,0.00,0.00,0.00,0.00,0.00,0.00,0.00
224.06,0.23,51.30,0.00,0.00,0.00,0.00,0.00,0.00,0.00,0.00,0.00,0.00,0.00,0.00
222.43,0.23,50.60,0.00,0.00,0.00,0.00,0.00,0.00,0.00,0.00,0.00,0.00,0.00,0.00
222.09,0.23,50.51,0.00,0.00,0.00,0.00,0.00,0.00,0.00,0.00,0.00,0.00,0.00,0.00
222.63,0.23,50.72,0.00,0.00,0.00,0.00,0.00,0.00,0.00,0.00,0.00,0.00,0.00,0.00
223.67,0.23,51.29,0.00,0.00,0.00,0.00,0.00,0.00,0.00,0.00,0.00,0.00,0.00,0.00
221.89,0.23,50.20,0.00,0.00,0.00,0.00,0.00,0.00,0.00,0.00,0.00,0.00,0.00,0.00
221.84,0.23,50.35,0.00,0.00,0.00,0.00,0.00,0.00,0.00,0.00,0.00,0.00,0.00,0.00
215.51,0.22,47.43,0.00,0.00,0.00,0.00,0.00,0.00,0.00,0.00,0.00,0.00,0.00,0.00
222.29,0.23,50.47,0.00,0.00,0.00,0.00,0.00,0.00,0.00,0.00,0.00,0.00,0.00,0.00
223.85,0.23,51.09,0.00,0.00,0.00,0.00,0.00,0.00,0.00,0.00,0.00,0.00,0.00,0.00
222.46,0.23,50.81,0.00,0.00,0.00,0.00,0.00,0.00,0.00,0.00,0.00,0.00,0.00,0.00
221.33,0.23,50.08,0.00,0.00,0.00,0.00,0.00,0.00,0.00,0.00,0.00,0.00,0.00,0.00
223.05,0.23,50.99,0.00,0.00,0.00,0.00,0.00,0.00,0.00,0.00,0.00,0.00,0.00,0.00
223.87,0.23,51.18,0.00,0.00,0.00,0.00,0.00,0.00,0.00,0.00,0.00,0.00,0.00,0.00
234.14,0.24,56.08,0.00,0.00,0.00,0.00,0.00,0.00,0.00,0.00,0.00,0.00,0.00,0.00
221.76,0.23,50.51,0.00,0.00,0.00,0.00,0.00,0.00,0.00,0.00,0.00,0.00,0.00,0.00
222.61,0.23,50.32,0.00,0.00,0.00,0.00,0.00,0.00,0.00,0.00,0.00,0.00,0.00,0.00
221.48,0.23,50.11,0.00,0.00,0.00,0.00,0.00,0.00,0.00,0.00,0.00,0.00,0.00,0.00
222.81,0.23,50.73,0.00,0.00,0.00,0.00,0.00,0.00,0.00,0.00,0.00,0.00,0.00,0.00
223.55,0.23,51.08,0.00,0.00,0.00,0.00,0.00,0.00,0.00,0.00,0.00,0.00,0.00,0.00
222.55,0.23,50.69,0.00,0.00,0.00,0.00,0.00,0.00,0.00,0.00,0.00,0.00,0.00,0.00
220.83,0.23,49.93,0.00,0.00,0.00,0.00,0.00,0.00,0.00,0.00,0.00,0.00,0.00,0.00
221.79,0.23,50.21,0.00,0.00,0.00,0.00,0.00,0.00,0.00,0.00,0.00,0.00,0.00,0.00
223.16,0.23,51.10,0.00,0.00,0.00,0.00,0.00,0.00,0.00,0.00,0.00,0.00,0.00,0.00
223.51,0.23,51.09,0.00,0.00,0.00,0.00,0.00,0.00,0.00,0.00,0.00,0.00,0.00,0.00
221.67,0.23,50.19,0.00,0.00,0.00,0.00,0.00,0.00,0.00,0.00,0.00,0.00,0.00,0.00
221.35,0.23,50.22,0.00,0.00,0.00,0.00,0.00,0.00,0.00,0.00,0.00,0.00,0.00,0.00
221.46,0.23,50.36,0.00,0.00,0.00,0.00,0.00,0.00,0.00,0.00,0.00,0.00,0.00,0.00
224.05,0.23,51.28,0.00,0.00,0.00,0.00,0.00,0.00,0.00,0.00,0.00,0.00,0.00,0.00
223.59,0.23,51.19,0.00,0.00,0.00,0.00,0.00,0.00,0.00,0.00,0.00,0.00,0.00,0.00
221.69,0.23,50.44,0.00,0.00,0.00,0.00,0.00,0.00,0.00,0.00,0.00,0.00,0.00,0.00
223.37,0.23,51.16,0.00,0.00,0.00,0.00,0.00,0.00,0.00,0.00,0.00,0.00,0.00,0.00
223.18,0.23,51.04,0.00,0.00,0.00,0.00,0.00,0.00,0.00,0.00,0.00,0.00,0.00,0.00
222.47,0.23,50.63,0.00,0.00,0.00,0.00,0.00,0.00,0.00,0.00,0.00,0.00,0.00,0.00
222.29,0.23,50.63,0.00,0.00,0.00,0.00,0.00,0.00,0.00,0.00,0.00,0.00,0.00,0.00
223.06,0.23,50.82,0.00,0.00,0.00,0.00,0.00,0.00,0.00,0.00,0.00,0.00,0.00,0.00
221.68,0.23,50.36,0.00,0.00,0.00,0.00,0.00,0.00,0.00,0.00,0.00,0.00,0.00,0.00
218.03,0.22,48.75,0.00,0.00,0.00,0.00,0.00,0.00,0.00,0.00,0.00,0.00,0.00,0.00
222.70,0.23,51.00,0.00,0.00,0.00,0.00,0.00,0.00,0.00,0.00,0.00,0.00,0.00,0.00
223.63,0.23,51.25,0.00,0.00,0.00,0.00,0.00,0.00,0.00,0.00,0.00,0.00,0.00,0.00
222.53,0.23,50.65,0.00,0.00,0.00,0.00,0.00,0.00,0.00,0.00,0.00,0.00,0.00,0.00
221.88,0.23,50.54,0.00,0.00,0.00,0.00,0.00,0.00,0.00,0.00,0.00,0.00,0.00,0.00
223.00,0.23,51.02,0.00,0.00,0.00,0.00,0.00,0.00,0.00,0.00,0.00,0.00,0.00,0.00
224.00,0.23,51.24,0.00,0.00,0.00,0.00,0.00,0.00,0.00,0.00,0.00,0.00,0.00,0.00
221.12,0.23,50.14,0.00,0.00,0.00,0.00,0.00,0.00,0.00,0.00,0.00,0.00,0.00,0.00
225.91,0.23,52.17,0.00,0.00,0.00,0.00,0.00,0.00,0.00,0.00,0.00,0.00,0.00,0.00
223.83,0.23,51.17,0.00,0.00,0.00,0.00,0.00,0.00,0.00,0.00,0.00,0.00,0.00,0.00
222.91,0.23,50.84,0.00,0.00,0.00,0.00,0.00,0.00,0.00,0.00,0.00,0.00,0.00,0.00
220.87,0.23,49.98,0.00,0.00,0.00,0.00,0.00,0.00,0.00,0.00,0.00,0.00,0.00,0.00
219.99,0.23,49.70,0.00,0.00,0.00,0.00,0.00,0.00,0.00,0.00,0.00,0.00,0.00,0.00
223.79,0.23,51.13,0.00,0.00,0.00,0.00,0.00,0.00,0.00,0.00,0.00,0.00,0.00,0.00
223.44,0.23,50.78,0.00,0.00,0.00,0.00,0.00,0.00,0.00,0.00,0.00,0.00,0.00,0.00
223.53,0.23,50.97,0.00,0.00,0.00,0.00,0.00,0.00,0.00,0.00,0.00,0.00,0.00,0.00
222.79,0.23,50.74,0.00,0.00,0.00,0.00,0.00,0.00,0.00,0.00,0.00,0.00,0.00,0.00
222.89,0.23,50.59,0.00,0.00,0.00,0.00,0.00,0.00,0.00,0.00,0.00,0.00,0.00,0.00
223.13,0.23,51.04,0.00,0.00,0.00,0.00,0.00,0.00,0.00,0.00,0.00,0.00,0.00,0.00
223.69,0.23,50.89,0.00,0.00,0.00,0.00,0.00,0.00,0.00,0.00,0.00,0.00,0.00,0.00
222.11,0.23,50.48,0.00,0.00,0.00,0.00,0.00,0.00,0.00,0.00,0.00,0.00,0.00,0.00
222.42,0.23,50.67,0.00,0.00,0.00,0.00,0.00,0.00,0.00,0.00,0.00,0.00,0.00,0.00
222.39,0.23,50.58,0.00,0.00,0.00,0.00,0.00,0.00,0.00,0.00,0.00,0.00,0.00,0.00
221.41,0.23,50.16,0.00,0.00,0.00,0.00,0.00,0.00,0.00,0.00,0.00,0.00,0.00,0.00
223.00,0.23,50.69,0.00,0.00,0.00,0.00,0.00,0.00,0.00,0.00,0.00,0.00,0.00,0.00
222.74,0.23,50.65,0.00,0.00,0.00,0.00,0.00,0.00,0.00,0.00,0.00,0.00,0.00,0.00
224.18,0.23,51.43,0.00,0.00,0.00,0.00,0.00,0.00,0.00,0.00,0.00,0.00,0.00,0.00
223.16,0.23,50.84,0.00,0.00,0.00,0.00,0.00,0.00,0.00,0.00,0.00,0.00,0.00,0.00
222.77,0.23,50.61,0.00,0.00,0.00,0.00,0.00,0.00,0.00,0.00,0.00,0.00,0.00,0.00
222.87,0.23,50.71,0.00,0.00,0.00,0.00,0.00,0.00,0.00,0.00,0.00,0.00,0.00,0.00
223.01,0.23,50.71,0.00,0.00,0.00,0.00,0.00,0.00,0.00,0.00,0.00,0.00,0.00,0.00
219.93,0.23,49.72,0.00,0.00,0.00,0.00,0.00,0.00,0.00,0.00,0.00,0.00,0.00,0.00
219.62,0.22,49.25,0.00,0.00,0.00,0.00,0.00,0.00,0.00,0.00,0.00,0.00,0.00,0.00
223.98,0.23,51.25,0.00,0.00,0.00,0.00,0.00,0.00,0.00,0.00,0.00,0.00,0.00,0.00
221.13,0.23,49.92,0.00,0.00,0.00,0.00,0.00,0.00,0.00,0.00,0.00,0.00,0.00,0.00
223.10,0.23,50.69,0.00,0.00,0.00,0.00,0.00,0.00,0.00,0.00,0.00,0.00,0.00,0.00
221.47,0.23,50.94,0.00,0.00,0.00,0.00,0.00,0.00,0.00,0.00,0.00,0.00,0.00,0.00
223.00,0.23,51.12,0.00,0.00,0.00,0.00,0.00,0.00,0.00,0.00,0.00,0.00,0.00,0.00
222.77,0.23,51.19,0.00,0.00,0.00,0.00,0.00,0.00,0.00,0.00,0.00,0.00,0.00,0.00
224.30,0.23,51.35,0.00,0.00,0.00,0.00,0.00,0.00,0.00,0.00,0.00,0.00,0.00,0.00
224.96,0.23,51.57,0.00,0.00,0.00,0.00,0.00,0.00,0.00,0.00,0.00,0.00,0.00,0.00
0.00,0.00,0.00,0.00,0.00,0.00,0.00,0.00,0.00,0.00,0.00,0.00,0.00,0.00,0.00
0.00,0.00,0.00,0.00,0.00,0.00,0.00,0.00,0.00,0.00,0.00,0.00,0.00,0.00,0.00
0.00,0.00,0.00,0.00,0.00,0.00,0.00,0.00,0.00,0.00,0.00,0.00,0.00,0.00,0.00
0.00,0.00,0.00,0.00,0.00,0.00,0.00,0.00,0.00,0.00,0.00,0.00,0.00,0.00,0.00
0.00,0.00,0.00,0.00,0.00,0.00,0.00,0.00,0.00,0.00,0.00,0.00,0.00,0.00,0.00
0.00,0.00,0.00,0.00,0.00,0.00,0.00,0.00,0.00,0.00,0.00,0.00,0.00,0.00,0.00
0.00,0.00,0.00,0.00,0.00,0.00,0.00,0.00,0.00,0.00,0.00,0.00,0.00,0.00,0.00
0.00,0.00,0.00,0.00,0.00,0.00,0.00,0.00,0.00,0.00,0.00,0.00,0.00,0.00,0.00
0.00,0.00,0.00,0.00,0.00,0.00,0.00,0.00,0.00,0.00,0.00,0.00,0.00,0.00,0.00
0.00,0.00,0.00,0.00,0.00,0.00,0.00,0.00,0.00,0.00,0.00,0.00,0.00,0.00,0.00
0.00,0.00,0.00,0.00,0.00,0.00,0.00,0.00,0.00,0.00,0.00,0.00,0.00,0.00,0.00
0.00,0.00,0.00,0.00,0.00,0.00,0.00,0.00,0.00,0.00,0.00,0.00,0.00,0.00,0.00
0.00,0.00,0.00,0.00,0.00,0.00,0.00,0.00,0.00,0.00,0.00,0.00,0.00,0.00,0.00
0.00,0.00,0.00,0.00,0.00,0.00,0.00,0.00,0.00,0.00,0.00,0.00,0.00,0.00,0.00
0.00,0.00,0.00,0.00,0.00,0.00,0.00,0.00,0.00,0.00,0.00,0.00,0.00,0.00,0.00
0.00,0.00,0.00,0.00,0.00,0.00,0.00,0.00,0.00,0.00,0.00,0.00,0.00,0.00,0.00
0.00,0.00,0.00,0.00,0.00,0.00,0.00,0.00,0.00,0.00,0.00,0.00,0.00,0.00,0.00
