ò222.33,0.93,206.63,222.97,0.21,44.02,221.63,0.31,86.66,229.62,0.22,47.40,251.20,0.19,26.31
228.84,0.89,202.70,222.77,0.21,43.72,228.14,0.27,65.56,219.19,0.21,44.46,230.64,0.20,26.90
231.05,0.86,198.85,225.34,0.21,44.67,230.35,0.24,54.14,227.30,0.21,46.18,226.15,0.20,26.30
224.37,0.85,190.32,220.91,0.21,43.34,223.67,0.23,49.14,226.66,0.21,46.09,224.88,0.20,26.09
226.53,0.84,190.65,220.73,0.21,43.00,225.83,0.22,47.63,229.62,0.21,47.03,228.64,0.20,26.78
229.95,0.84,192.73,223.16,0.21,43.70,229.25,0.22,45.28,229.19,0.22,47.45,228.73,0.20,27.24
232.53,0.83,193.60,222.91,0.21,43.31,231.83,0.22,45.26,226.93,0.21,46.40,227.40,0.20,26.00
224.27,0.84,187.77,230.12,0.21,45.68,223.57,0.22,45.10,229.49,0.21,46.93,226.70,0.20,25.57
223.89,0.83,186.79,221.99,0.21,43.58,223.19,0.22,44.68,229.23,0.21,47.24,227.63,0.19,25.85
225.72,0.83,187.59,222.63,0.21,43.27,225.02,0.21,43.93,228.48,0.22,47.03,226.16,0.19,26.28
226.85,0.83,187.23,220.91,0.21,43.06,226.15,0.21,44.03,223.51,0.21,45.19,227.19,0.19,26.01
224.03,0.83,186.16,227.15,0.21,44.84,223.33,0.22,44.42,225.30,0.21,45.93,231.23,0.20,26.41
229.34,0.83,189.39,243.88,0.21,43.34,228.64,0.21,44.02,225.42,0.21,46.19,227.02,0.19,25.49
226.62,0.83,188.80,231.83,0.21,46.13,225.92,0.21,44.21,226.40,0.21,46.14,230.83,0.19,27.26
224.90,0.83,187.41,223.21,0.21,43.51,224.20,0.21,43.98,227.57,0.21,46.77,230.06,0.20,27.45
230.56,0.83,192.26,221.84,0.21,43.13,229.86,0.22,44.43,227.63,0.22,46.97,230.34,0.20,27.01
229.84,0.83,191.53,220.55,0.21,43.32,229.14,0.22,44.73,225.08,0.21,45.93,223.00,0.20,25.09
225.58,0.84,188.39,230.01,0.21,45.82,224.88,0.21,44.14,225.90,0.21,46.36,226.25,0.19,25.85
224.48,0.83,186.74,226.56,0.21,44.14,223.78,0.22,44.35,227.06,0.21,46.70,229.55,0.19,26.76
222.51,0.84,186.02,224.80,0.21,44.11,221.81,0.22,44.48,225.92,0.22,46.65,227.83,0.20,26.69
231.40,0.83,192.18,223.26,0.20,43.56,230.70,0.22,44.78,228.03,0.22,47.12,227.86,0.19,26.46
232.12,0.83,192.08,225.25,0.21,44.10,231.42,0.22,45.21,228.29,0.21,46.47,226.81,0.19,24.45
226.30,0.84,189.18,229.95,0.21,45.60,225.60,0.21,44.26,227.80,0.21,46.65,228.82,0.20,26.33
227.45,0.83,189.54,226.86,0.21,44.63,226.75,0.22,44.50,225.22,0.21,45.92,227.82,0.20,25.69
220.51,0.83,183.81,229.12,0.21,45.71,219.81,0.22,44.49,243.28,0.21,46.40,224.13,0.19,24.58
222.18,0.83,184.91,230.07,0.21,45.75,221.48,0.21,44.20,229.71,0.22,47.42,228.06,0.19,25.94
230.65,0.84,192.88,223.22,0.21,44.06,229.95,0.22,44.96,227.91,0.22,46.98,227.65,0.20,26.41
229.88,0.84,192.35,224.02,0.21,43.68,229.18,0.22,44.85,230.29,0.22,47.72,231.37,0.20,27.54
228.19,0.84,191.10,222.17,0.21,43.51,227.49,0.22,44.92,228.90,0.21,47.06,228.72,0.20,27.00
229.98,0.84,192.14,221.98,0.21,43.63,229.28,0.22,44.97,227.16,0.21,46.48,232.39,0.20,27.26
230.33,0.83,191.14,225.97,0.21,45.07,229.63,0.21,44.38,225.87,0.21,46.01,227.63,0.19,26.07
223.23,0.83,186.15,220.45,0.21,42.91,222.53,0.21,44.32,229.39,0.22,47.61,228.55,0.20,26.85
231.61,0.83,193.16,230.02,0.21,45.74,230.91,0.21,44.19,224.87,0.21,46.10,225.63,0.20,25.90
221.51,0.84,185.99,231.17,0.21,46.26,220.81,0.22,44.70,226.35,0.21,46.71,232.87,0.20,27.00
234.47,0.84,195.84,223.63,0.21,44.19,233.77,0.22,44.92,228.72,0.22,47.41,226.37,0.19,26.43
223.78,0.83,185.49,223.02,0.21,43.65,223.08,0.22,44.81,227.61,0.21,46.46,226.53,0.19,25.28
226.11,0.83,188.70,222.98,0.21,43.55,225.41,0.22,44.44,245.94,0.21,46.72,232.43,0.20,27.76
225.85,0.83,188.07,224.77,0.21,43.90,225.15,0.21,44.25,230.59,0.21,47.15,229.51,0.20,25.97
223.32,0.83,185.70,222.91,0.21,43.41,222.62,0.21,44.37,228.51,0.22,47.24,230.08,0.19,26.15
231.31,0.84,193.84,225.75,0.21,44.87,230.61,0.22,45.25,227.25,0.21,46.54,227.09,0.20,25.90
223.93,0.83,186.19,224.39,0.21,44.29,223.23,0.21,44.37,228.56,0.21,46.80,227.01,0.19,25.13
223.01,0.84,186.37,223.98,0.21,44.10,222.31,0.21,44.17,226.51,0.21,46.44,228.12,0.20,26.75
229.11,0.83,189.75,223.49,0.21,43.79,228.41,0.21,44.47,232.40,0.21,47.14,228.42,0.19,25.08
231.01,0.84,193.29,228.65,0.21,45.47,230.31,0.22,44.80,226.33,0.21,46.14,228.77,0.20,26.73
230.43,0.84,192.82,225.27,0.21,44.19,229.73,0.21,44.37,226.15,0.21,46.23,232.66,0.20,27.13
229.17,0.83,189.95,221.58,0.21,42.96,228.47,0.22,44.85,226.95,0.21,46.50,226.20,0.19,24.85
221.50,0.84,185.40,228.75,0.21,45.49,220.80,0.22,45.22,228.79,0.22,47.15,227.77,0.19,26.90
226.33,0.83,188.03,224.33,0.21,44.00,225.63,0.22,45.03,227.38,0.21,46.61,223.92,0.19,24.93
225.54,0.84,189.26,230.12,0.21,46.19,224.84,0.22,45.33,226.87,0.21,46.69,227.44,0.20,25.88
235.52,0.82,194.01,220.78,0.21,43.16,234.82,0.21,44.52,225.03,0.21,45.76,224.78,0.19,24.75
226.58,0.83,189.17,227.65,0.21,45.27,225.88,0.21,44.32,228.58,0.21,46.99,229.88,0.20,26.99
223.06,0.83,184.94,222.24,0.21,43.16,222.36,0.21,44.18,225.45,0.21,45.97,233.89,0.20,27.39
228.77,0.82,188.48,224.36,0.21,43.93,228.07,0.22,44.61,226.45,0.21,46.07,228.95,0.19,26.68
224.17,0.82,184.64,223.13,0.21,43.63,223.47,0.21,43.84,228.36,0.21,46.83,225.63,0.19,24.21
224.25,0.83,186.07,222.58,0.20,43.25,223.55,0.22,44.61,229.20,0.22,47.37,230.52,0.19,27.04
221.66,0.83,185.07,221.50,0.21,43.32,220.96,0.21,44.51,231.69,0.21,47.50,231.21,0.20,27.09
228.07,0.83,188.62,221.08,0.21,43.70,227.37,0.22,45.01,227.89,0.21,46.86,223.71,0.19,24.50
224.73,0.83,187.51,224.28,0.21,44.38,224.03,0.22,44.68,228.08,0.21,46.55,225.36,0.20,26.03
223.14,0.83,184.75,223.26,0.21,43.71,222.44,0.22,44.92,228.52,0.21,46.68,228.68,0.19,25.32
229.72,0.83,191.34,223.73,0.21,44.65,229.02,0.22,44.83,226.67,0.21,46.44,248.58,0.19,25.88
227.06,0.84,190.47,229.38,0.21,45.93,226.36,0.22,44.85,227.90,0.21,47.05,228.06,0.20,27.06
234.81,0.84,196.46,232.19,0.21,46.12,234.11,0.22,45.07,226.07,0.21,46.34,222.57,0.19,24.97
227.87,0.84,191.40,226.34,0.21,44.51,227.17,0.22,44.86,227.39,0.21,46.54,221.53,0.20,24.42
225.76,0.84,189.09,231.45,0.21,46.48,225.06,0.21,44.39,226.78,0.21,46.10,228.76,0.20,26.02
226.65,0.83,187.05,222.32,0.21,43.37,225.95,0.21,43.70,226.64,0.21,46.38,229.26,0.19,26.25
231.91,0.84,193.83,221.12,0.21,44.21,231.21,0.21,44.32,221.31,0.21,45.04,227.33,0.20,26.53
223.91,0.83,185.40,230.76,0.21,45.41,223.21,0.22,44.78,227.24,0.21,46.81,226.01,0.19,25.35
225.07,0.84,188.18,230.55,0.21,45.77,224.37,0.22,44.88,226.98,0.21,46.38,225.59,0.20,25.70
227.19,0.83,189.56,230.05,0.21,45.60,226.49,0.22,44.72,226.72,0.21,46.15,221.93,0.20,24.05
223.97,0.83,186.52,226.52,0.21,45.23,223.27,0.22,44.54,223.94,0.21,45.19,225.54,0.20,25.57
223.60,0.84,186.78,228.47,0.21,45.33,222.90,0.22,44.76,224.46,0.21,45.74,226.89,0.20,25.87
225.10,0.84,188.48,227.42,0.21,44.75,224.40,0.22,44.57,227.74,0.21,46.50,228.66,0.20,26.44
228.34,0.84,191.89,226.80,0.21,44.48,227.64,0.22,44.58,229.17,0.21,47.04,229.08,0.20,27.42
223.57,0.83,185.76,219.20,0.21,42.70,222.87,0.21,43.50,226.52,0.21,46.39,227.70,0.20,26.38
224.20,0.83,185.98,220.24,0.21,42.66,223.50,0.21,44.11,228.65,0.22,47.30,228.26,0.19,26.45
229.24,0.83,189.33,216.82,0.20,42.26,228.54,0.21,44.28,223.91,0.21,45.32,227.08,0.19,26.06
218.77,0.83,181.45,224.45,0.21,44.39,218.07,0.21,43.54,227.92,0.21,46.90,224.24,0.19,24.93
230.12,0.83,191.03,225.22,0.21,44.28,229.42,0.21,43.43,225.56,0.21,46.13,228.93,0.20,26.54
229.84,0.83,190.70,224.57,0.21,43.94,229.14,0.21,43.73,225.56,0.21,46.25,225.24,0.19,25.38
220.62,0.84,184.37,228.85,0.21,45.79,219.92,0.21,44.37,226.34,0.21,45.83,224.27,0.20,25.33
230.20,0.84,192.71,224.49,0.21,44.13,229.50,0.21,43.60,226.71,0.21,46.71,228.56,0.20,26.73
229.77,0.84,192.05,226.04,0.21,44.46,229.07,0.21,44.37,225.04,0.21,45.68,223.95,0.20,25.43
224.87,0.84,188.07,220.43,0.20,42.46,224.17,0.21,44.15,227.74,0.21,46.62,228.31,0.20,27.10
224.43,0.85,189.79,229.29,0.21,45.70,223.73,0.21,43.95,228.62,0.21,46.93,228.04,0.21,28.15
258.67,0.83,215.33,233.68,0.21,42.75,257.97,0.21,43.67,224.66,0.21,45.97,228.80,0.20,26.66
231.46,0.84,193.90,222.70,0.21,43.83,230.76,0.21,43.92,228.44,0.21,46.45,228.32,0.20,26.84
224.64,0.83,186.19,221.07,0.21,43.03,223.94,0.21,43.39,227.23,0.21,46.74,230.23,0.20,26.68
221.11,0.83,184.39,222.27,0.21,43.36,220.41,0.21,43.68,227.86,0.22,46.93,228.15,0.20,26.69
229.98,0.83,190.73,221.62,0.21,43.24,229.28,0.21,44.00,226.69,0.21,46.23,227.66,0.20,26.23
226.24,0.82,185.23,220.11,0.21,42.59,225.54,0.21,42.70,227.28,0.21,46.58,228.58,0.19,25.49
229.86,0.84,192.30,222.33,0.21,43.71,229.16,0.22,44.51,228.93,0.21,47.05,229.42,0.20,27.16
231.18,0.83,192.54,221.74,0.21,43.48,230.48,0.21,44.17,228.18,0.21,46.32,228.23,0.20,25.74
221.95,0.84,186.32,222.45,0.21,43.64,221.25,0.22,44.22,226.26,0.22,46.61,230.45,0.20,27.39
227.24,0.83,189.19,221.11,0.21,43.66,226.54,0.21,44.18,224.08,0.21,45.60,222.59,0.20,25.65
223.29,0.84,186.54,228.73,0.21,45.22,222.59,0.21,44.19,227.41,0.21,47.13,231.10,0.20,27.03
223.19,0.83,185.71,220.94,0.21,42.54,222.49,0.21,44.20,228.80,0.21,46.58,230.51,0.20,26.92
225.84,0.83,186.44,223.69,0.21,43.58,225.14,0.22,44.59,226.61,0.21,46.44,227.02,0.19,25.63
230.81,0.83,192.51,223.98,0.21,43.83,230.11,0.22,44.42,223.03,0.21,45.37,224.92,0.20,26.05
219.43,0.85,185.52,234.11,0.21,47.70,218.73,0.22,44.51,230.59,0.22,47.81,228.07,0.20,27.01
228.03,0.84,190.62,225.08,0.21,44.69,227.33,0.21,44.23,226.44,0.21,46.70,225.97,0.20,26.03
222.33,0.82,182.20,222.72,0.21,43.47,221.63,0.21,44.03,228.18,0.21,46.53,223.82,0.18,23.48
223.16,0.83,184.67,222.75,0.21,44.05,222.46,0.21,44.30,222.73,0.21,45.09,228.25,0.19,25.91
224.23,0.83,186.54,226.19,0.21,44.78,223.53,0.22,44.50,226.82,0.21,46.23,226.97,0.19,25.42
224.39,0.84,189.41,229.76,0.21,45.69,223.69,0.22,44.84,224.37,0.21,45.78,229.95,0.20,26.98
227.85,0.84,190.73,222.56,0.21,43.93,227.15,0.22,44.94,229.57,0.21,46.99,228.43,0.20,26.11
221.91,0.83,184.10,223.18,0.21,43.84,221.21,0.21,43.93,228.53,0.21,46.87,228.14,0.19,25.54
226.17,0.83,188.09,222.11,0.21,43.29,225.47,0.21,44.27,227.89,0.21,46.98,227.73,0.19,25.69
226.73,0.84,190.27,222.70,0.21,43.76,226.03,0.21,43.78,227.38,0.21,46.39,257.39,0.20,28.30
230.57,0.83,191.43,224.89,0.21,44.44,229.87,0.21,44.42,226.81,0.21,46.56,230.47,0.19,27.26
232.30,0.83,192.87,229.65,0.21,44.82,231.60,0.21,44.32,230.92,0.21,47.17,228.79,0.19,26.59
231.94,0.82,190.96,224.95,0.21,44.17,231.24,0.22,44.79,226.56,0.21,45.95,224.82,0.19,24.54
226.90,0.84,190.05,230.94,0.21,46.36,226.20,0.22,44.89,226.82,0.21,46.41,232.76,0.20,26.63
228.98,0.83,190.19,225.18,0.21,44.24,228.28,0.22,45.00,226.59,0.21,46.34,224.09,0.19,25.57
223.31,0.83,186.07,229.07,0.21,45.84,222.61,0.21,44.41,230.20,0.21,47.13,228.50,0.19,26.25
231.18,0.82,190.38,223.18,0.21,43.84,230.48,0.21,43.79,223.68,0.21,45.08,227.65,0.19,26.01
225.97,0.83,188.29,229.38,0.21,45.27,225.27,0.21,44.38,228.62,0.21,47.13,227.88,0.20,26.45
223.78,0.83,185.14,217.32,0.20,41.83,223.08,0.21,44.34,227.27,0.21,46.77,229.99,0.19,25.88
225.32,0.83,187.65,228.43,0.21,45.08,224.62,0.22,44.53,229.09,0.21,46.97,226.31,0.19,25.72
220.79,0.83,183.81,227.38,0.21,44.99,220.09,0.22,45.15,227.34,0.21,46.92,225.10,0.19,25.68
225.29,0.83,187.83,228.14,0.21,44.94,224.59,0.22,44.97,252.25,0.22,46.92,252.87,0.19,27.94
228.68,0.83,189.38,221.29,0.21,42.92,227.98,0.22,45.14,228.48,0.21,46.97,227.20,0.19,25.82
223.81,0.84,187.50,228.85,0.21,45.67,223.11,0.22,45.47,224.96,0.21,45.80,232.44,0.20,27.24
229.37,0.83,191.25,226.24,0.21,44.61,228.67,0.22,45.10,226.22,0.21,46.56,231.16,0.19,26.79
229.38,0.83,190.88,229.26,0.21,45.84,228.68,0.22,44.70,229.28,0.22,47.32,228.88,0.19,25.70
230.40,0.83,191.86,223.86,0.21,44.05,229.70,0.22,45.19,227.63,0.21,46.65,224.70,0.19,25.25
226.37,0.83,188.62,231.44,0.21,45.97,225.67,0.22,44.51,226.10,0.21,46.23,228.80,0.19,26.06
230.62,0.83,190.45,224.34,0.21,44.85,229.92,0.22,44.70,227.08,0.21,45.93,229.12,0.19,25.10
226.86,0.82,186.06,221.90,0.21,43.83,226.16,0.21,44.46,226.24,0.21,46.09,224.85,0.18,24.34
231.45,0.84,193.75,226.05,0.21,45.14,230.75,0.22,45.01,224.94,0.21,46.06,228.41,0.20,26.76
230.16,0.83,191.62,224.58,0.21,44.58,229.46,0.22,44.73,227.84,0.21,46.36,228.22,0.19,26.69
224.67,0.83,185.87,224.32,0.21,43.67,223.97,0.21,44.58,225.31,0.21,46.00,226.33,0.19,25.84
224.54,0.83,185.93,263.57,0.21,44.75,223.84,0.21,43.43,228.18,0.21,46.81,226.84,0.19,25.66
224.44,0.83,185.49,222.13,0.21,43.32,223.74,0.21,44.33,228.49,0.21,46.66,224.92,0.19,25.25
225.89,0.83,188.54,228.29,0.21,44.33,225.19,0.22,45.32,229.46,0.21,47.03,233.52,0.20,27.79
228.01,0.83,190.38,229.58,0.21,45.24,227.31,0.22,44.54,231.61,0.22,47.73,230.63,0.20,27.28
221.04,0.83,182.90,225.10,0.21,43.93,220.34,0.22,44.81,226.72,0.21,46.37,223.14,0.19,24.17
226.48,0.83,188.27,226.24,0.21,44.83,225.78,0.22,45.00,227.42,0.22,46.94,229.02,0.19,25.84
227.49,0.83,188.23,221.43,0.21,43.19,226.79,0.21,44.24,227.43,0.21,46.79,229.61,0.19,26.31
231.09,0.83,192.91,221.01,0.21,44.20,230.39,0.22,44.92,227.46,0.21,46.48,227.83,0.20,26.91
221.92,0.83,184.86,222.26,0.21,43.62,221.22,0.22,44.68,226.23,0.21,46.10,226.27,0.20,26.32
221.14,0.83,183.36,221.41,0.21,43.25,220.44,0.21,44.38,224.11,0.21,45.57,230.61,0.19,26.28
229.98,0.83,190.62,229.03,0.21,45.77,229.28,0.21,44.10,223.37,0.21,45.35,225.10,0.19,25.51
222.18,0.83,185.50,229.30,0.21,45.30,221.48,0.22,44.93,226.87,0.21,46.59,231.64,0.19,26.89
244.62,0.83,203.30,229.85,0.21,44.04,243.92,0.21,44.31,225.81,0.21,45.72,224.61,0.20,25.96
224.15,0.83,184.97,224.71,0.21,44.17,223.45,0.21,44.40,226.54,0.21,46.30,227.26,0.19,25.20
225.10,0.83,186.33,230.29,0.21,44.77,224.40,0.21,44.52,227.44,0.21,46.37,226.27,0.19,25.63
223.56,0.82,184.36,219.82,0.21,42.33,222.86,0.21,44.19,229.38,0.21,47.09,225.92,0.19,25.37
226.41,0.84,189.41,229.35,0.21,45.68,225.71,0.22,44.90,231.38,0.22,47.75,227.76,0.19,26.29
230.21,0.83,190.45,222.89,0.21,43.61,229.51,0.21,44.28,223.88,0.21,45.64,223.20,0.19,24.67
228.59,0.83,190.45,228.19,0.21,45.28,227.89,0.22,44.64,228.90,0.21,47.15,227.30,0.19,26.08
231.43,0.83,192.16,226.57,0.21,43.86,230.73,0.22,44.84,228.48,0.22,47.25,231.38,0.19,26.93
222.82,0.83,185.55,221.96,0.21,43.47,222.12,0.21,44.33,226.70,0.21,46.55,228.03,0.20,27.17
224.11,0.83,185.16,221.08,0.21,43.20,223.41,0.21,44.63,229.37,0.21,46.66,223.34,0.19,24.39
222.47,0.83,184.90,230.70,0.21,46.15,221.77,0.22,45.22,225.50,0.21,45.44,230.08,0.19,25.90
226.18,0.83,187.59,221.32,0.21,43.23,225.48,0.21,44.31,254.25,0.21,48.06,242.56,0.19,26.12
229.35,0.83,189.96,227.58,0.21,44.82,228.65,0.21,44.33,223.29,0.21,45.35,220.90,0.19,24.64
226.41,0.83,188.34,229.57,0.21,45.16,225.71,0.21,44.25,227.03,0.21,46.55,230.23,0.20,26.42
228.05,0.83,189.74,221.20,0.21,43.16,227.35,0.21,43.69,230.29,0.22,47.49,227.82,0.20,26.40
224.31,0.83,185.24,222.42,0.21,43.18,223.61,0.21,44.12,229.13,0.21,46.57,229.20,0.19,26.81
220.57,0.83,183.08,220.50,0.21,42.47,219.87,0.21,44.39,229.08,0.22,47.39,228.29,0.19,26.47
229.72,0.84,192.14,224.37,0.21,44.22,229.02,0.22,44.90,228.61,0.21,46.80,227.67,0.20,26.76
223.20,0.82,184.10,219.16,0.21,42.70,222.50,0.21,44.15,228.74,0.21,46.88,226.80,0.19,25.31
230.39,0.83,191.64,224.05,0.21,44.76,229.69,0.22,44.59,223.48,0.21,45.80,225.74,0.19,25.35
225.05,0.83,186.95,229.14,0.21,45.29,224.35,0.22,44.84,229.86,0.22,47.58,227.05,0.19,25.88
230.73,0.83,192.51,223.17,0.21,44.16,230.03,0.22,44.90,234.62,0.22,48.50,229.49,0.19,26.58
232.49,0.83,193.57,227.46,0.21,44.49,231.79,0.22,45.28,227.06,0.21,46.32,225.27,0.19,25.82
224.51,0.83,186.08,225.17,0.21,44.56,223.81,0.21,44.10,246.17,0.21,47.54,229.79,0.19,26.56
223.60,0.84,186.98,229.30,0.21,45.17,222.90,0.21,44.38,226.33,0.21,46.58,232.48,0.20,27.44
228.52,0.83,189.47,224.19,0.21,44.19,227.82,0.22,44.46,228.64,0.21,46.90,224.38,0.19,25.13
220.54,0.83,183.30,222.53,0.21,43.75,219.84,0.21,44.24,225.66,0.21,45.73,228.14,0.20,26.60
230.14,0.83,191.32,219.20,0.21,42.71,229.44,0.21,44.09,225.80,0.21,46.36,223.63,0.20,25.44
223.49,0.82,184.29,220.71,0.21,43.03,222.79,0.21,43.36,224.54,0.21,45.66,225.06,0.19,26.16
232.87,0.82,191.47,220.41,0.21,43.05,232.17,0.21,43.44,226.85,0.21,45.83,224.19,0.19,24.97
224.90,0.82,185.10,225.60,0.21,44.14,224.20,0.21,43.62,225.03,0.21,45.83,225.18,0.19,24.53
222.89,0.83,184.94,220.29,0.21,42.55,222.19,0.21,43.61,226.41,0.21,46.57,227.34,0.20,27.29
226.69,0.82,186.32,219.03,0.20,42.17,225.99,0.21,43.76,226.99,0.21,46.50,226.54,0.19,23.82
224.01,0.83,185.38,224.23,0.21,43.92,223.31,0.21,44.06,223.11,0.21,45.47,224.22,0.20,25.89
222.42,0.82,183.29,227.52,0.21,44.76,221.72,0.21,43.85,227.04,0.21,46.43,226.73,0.19,25.21
251.82,0.83,208.27,236.34,0.21,42.81,251.12,0.21,44.17,224.25,0.21,45.63,222.84,0.19,25.03
223.39,0.82,184.13,219.47,0.21,42.78,222.69,0.21,43.91,226.66,0.21,46.62,229.11,0.19,25.79
227.53,0.83,188.55,223.84,0.21,43.58,226.83,0.21,44.42,224.84,0.21,46.01,226.70,0.19,25.59
221.11,0.84,185.29,227.22,0.21,45.26,220.41,0.22,44.88,226.28,0.21,46.23,227.22,0.20,27.74
226.08,0.83,186.80,218.44,0.21,42.36,225.38,0.21,44.02,224.31,0.21,45.74,222.40,0.19,24.97
225.06,0.83,186.29,224.08,0.21,43.92,224.36,0.21,43.94,224.25,0.21,45.35,221.41,0.20,24.50
221.41,0.84,185.62,226.90,0.21,44.53,220.71,0.21,44.01,225.18,0.21,45.74,222.53,0.20,25.09
225.14,0.84,188.17,226.85,0.21,44.54,224.44,0.22,44.38,225.79,0.21,46.11,228.97,0.20,26.93
231.16,0.84,193.24,226.45,0.21,44.43,230.46,0.21,43.73,229.68,0.21,46.64,230.87,0.20,28.54
222.57,0.83,183.68,222.26,0.21,43.32,221.87,0.21,43.28,226.25,0.21,46.17,224.87,0.19,25.72
231.21,0.83,191.37,221.12,0.21,43.23,230.51,0.21,43.84,224.42,0.21,45.15,231.21,0.20,26.66
228.81,0.82,188.42,227.24,0.20,43.58,228.11,0.21,44.26,225.35,0.21,45.28,224.69,0.19,25.46
267.09,0.83,222.79,245.70,0.21,45.57,266.39,0.21,43.82,224.98,0.21,45.46,227.46,0.20,26.91
222.18,0.82,183.19,223.58,0.21,43.72,221.48,0.21,43.52,224.75,0.21,45.79,226.65,0.19,25.90
230.50,0.83,190.58,220.47,0.20,42.84,229.80,0.21,43.40,221.97,0.21,45.13,227.46,0.20,26.22
226.28,0.82,186.46,219.99,0.20,42.51,225.58,0.21,43.41,227.92,0.21,46.64,226.47,0.19,25.86
229.44,0.83,190.22,221.40,0.21,43.95,228.74,0.21,43.87,226.95,0.21,46.02,225.74,0.20,26.31
226.21,0.83,187.84,229.95,0.21,45.77,225.51,0.21,43.71,226.87,0.21,46.15,229.05,0.19,25.99
228.71,0.83,189.76,221.92,0.21,43.71,228.01,0.21,44.08,227.51,0.21,46.70,230.48,0.19,26.67
229.18,0.83,189.38,225.37,0.21,43.73,228.48,0.21,43.47,228.90,0.21,46.44,225.54,0.20,25.78
222.13,0.83,185.40,225.64,0.21,44.27,221.43,0.21,43.35,227.48,0.21,46.69,230.15,0.20,26.50
227.33,0.83,189.25,221.94,0.21,43.30,226.63,0.21,43.81,227.46,0.21,46.52,225.48,0.20,26.52
222.71,0.83,184.42,220.40,0.21,42.90,222.01,0.21,43.57,226.97,0.21,46.34,224.86,0.20,25.99
225.46,0.83,186.92,221.73,0.21,43.23,224.76,0.21,44.41,225.18,0.21,45.82,228.79,0.20,25.87
249.23,0.82,205.49,223.37,0.20,43.03,248.53,0.22,44.61,223.95,0.21,45.21,225.23,0.19,24.96
225.06,0.83,187.29,224.65,0.21,43.65,224.36,0.22,44.64,226.95,0.21,46.51,221.89,0.20,25.64
217.97,0.83,181.31,229.73,0.21,45.34,217.27,0.22,44.64,228.08,0.21,46.87,227.59,0.19,26.25
226.03,0.83,187.31,222.23,0.21,43.33,225.33,0.21,44.08,228.11,0.21,46.97,227.41,0.19,26.37
227.58,0.82,187.66,218.07,0.20,42.28,226.88,0.21,44.32,225.63,0.21,46.00,226.24,0.19,26.70
220.19,0.83,182.38,222.08,0.21,43.02,219.49,0.21,44.35,225.59,0.21,46.23,226.74,0.19,26.32
229.45,0.83,190.44,226.45,0.21,44.79,228.75,0.22,44.76,225.79,0.21,45.87,227.55,0.19,26.03
220.95,0.83,183.08,221.08,0.21,43.10,220.25,0.21,44.39,225.15,0.21,45.53,223.32,0.20,24.69
227.66,0.83,189.15,221.17,0.21,44.25,226.96,0.21,43.49,227.29,0.21,46.41,226.23,0.20,25.59
232.03,0.83,191.90,219.53,0.21,42.89,231.33,0.21,44.25,224.34,0.21,45.48,222.00,0.19,24.90
221.30,0.83,182.73,229.83,0.21,46.03,220.60,0.21,44.04,230.01,0.21,46.78,225.74,0.19,25.22
233.34,0.83,193.70,223.55,0.21,43.92,232.64,0.21,43.87,225.70,0.21,45.71,223.75,0.20,25.37
227.08,0.83,187.75,228.67,0.21,45.24,226.38,0.21,43.67,222.76,0.21,44.97,222.68,0.19,24.82
223.07,0.83,184.60,229.38,0.21,45.73,222.37,0.21,44.05,225.57,0.21,45.76,230.51,0.19,27.50
223.13,0.82,183.48,220.87,0.21,42.86,222.43,0.21,43.45,225.16,0.21,45.66,224.68,0.19,24.74
227.47,0.82,187.34,228.44,0.21,45.08,226.77,0.21,43.38,223.81,0.21,45.66,223.79,0.19,25.16
221.24,0.83,183.61,227.56,0.21,44.99,220.54,0.21,44.02,226.51,0.21,46.39,229.84,0.19,26.44
225.27,0.82,185.54,217.63,0.20,41.99,224.57,0.21,43.36,226.15,0.21,46.09,225.28,0.19,25.77
222.94,0.84,186.33,228.17,0.21,45.13,222.24,0.22,45.07,227.72,0.22,47.16,232.28,0.19,27.10
226.98,0.83,188.25,225.84,0.21,44.59,226.28,0.21,44.18,226.15,0.21,46.28,227.97,0.19,26.60
231.36,0.83,191.41,226.08,0.21,44.13,230.66,0.21,43.90,227.22,0.21,46.49,227.53,0.19,25.96
228.59,0.84,192.22,224.29,0.21,44.16,227.89,0.21,44.24,227.29,0.21,46.75,227.11,0.20,27.95
222.26,0.83,185.22,219.93,0.21,42.62,221.56,0.21,44.21,226.38,0.21,45.97,232.12,0.20,28.65
226.75,0.83,188.09,219.98,0.21,42.82,226.05,0.21,43.66,222.39,0.21,45.25,259.05,0.20,27.45
243.70,0.83,202.36,242.71,0.21,40.93,243.00,0.21,43.92,225.41,0.21,45.78,226.74,0.20,26.34
225.32,0.83,187.62,231.55,0.21,46.26,224.62,0.21,44.37,224.89,0.21,45.72,226.07,0.19,26.29
232.58,0.83,192.61,224.31,0.21,44.36,231.88,0.21,44.14,223.90,0.21,45.11,226.25,0.20,26.00
226.41,0.83,187.55,223.64,0.20,43.27,225.71,0.22,44.39,228.38,0.21,46.59,229.42,0.20,26.23
229.42,0.82,189.04,223.03,0.21,43.40,228.72,0.21,43.93,223.30,0.21,44.80,226.11,0.19,25.42
228.26,0.83,189.10,228.10,0.21,44.82,227.56,0.21,43.99,226.48,0.21,45.23,223.39,0.20,25.83
223.75,0.82,182.73,222.78,0.21,43.56,223.05,0.21,43.67,225.04,0.21,45.14,224.20,0.19,24.54
222.56,0.83,183.67,223.02,0.21,43.29,221.86,0.21,43.16,223.19,0.21,45.44,224.73,0.19,25.38
227.66,0.83,188.65,223.28,0.20,43.09,226.96,0.21,43.97,220.88,0.21,44.96,229.24,0.20,27.84
228.09,0.82,187.38,222.29,0.21,43.12,227.39,0.21,43.40,227.67,0.21,46.06,223.30,0.19,24.39
226.71,0.82,185.44,227.97,0.21,44.33,226.01,0.21,44.05,223.14,0.21,44.86,228.51,0.19,25.47
224.25,0.83,185.02,221.11,0.21,43.10,223.55,0.21,43.49,226.90,0.21,46.43,224.29,0.19,24.97
257.59,0.82,211.51,245.42,0.21,45.96,256.89,0.21,43.47,257.76,0.21,47.01,230.63,0.19,25.69
223.57,0.83,184.59,220.99,0.21,43.16,222.87,0.21,43.56,224.81,0.21,45.96,229.52,0.19,26.71
224.38,0.82,184.76,219.70,0.21,42.75,223.68,0.21,43.35,226.81,0.21,45.65,227.58,0.20,26.46
225.49,0.83,186.29,224.06,0.21,43.82,224.79,0.21,43.14,225.71,0.21,45.79,227.67,0.20,25.84
229.28,0.82,188.23,221.34,0.21,43.41,228.58,0.21,44.15,225.96,0.21,45.67,225.03,0.19,25.07
225.65,0.82,185.77,222.32,0.20,42.91,224.95,0.21,44.18,225.65,0.21,45.90,224.42,0.19,26.15
230.44,0.82,188.37,222.67,0.20,42.27,229.74,0.21,43.24,224.88,0.21,45.44,228.97,0.19,25.84
220.84,0.83,182.79,221.39,0.20,42.80,220.14,0.21,43.58,226.10,0.21,45.84,226.67,0.20,26.16
220.75,0.82,181.50,219.44,0.20,42.39,220.05,0.21,43.65,229.21,0.21,47.06,227.03,0.19,25.14
230.67,0.83,190.57,221.43,0.21,43.11,229.97,0.21,43.66,227.48,0.21,45.99,226.32,0.20,26.20
223.88,0.83,185.50,230.40,0.21,45.55,223.18,0.21,44.38,225.83,0.21,45.76,227.78,0.19,25.87
229.92,0.83,191.72,230.42,0.21,45.45,229.22,0.21,43.47,225.40,0.21,45.79,233.43,0.20,27.54
252.39,0.84,211.09,222.93,0.21,43.20,251.69,0.21,43.10,243.08,0.22,45.43,228.99,0.20,26.98
226.46,0.82,186.07,220.85,0.21,43.24,225.76,0.21,43.32,224.80,0.21,45.45,223.09,0.19,24.78
221.35,0.84,185.67,226.87,0.21,44.89,220.65,0.21,43.77,226.34,0.21,46.35,230.61,0.20,28.39
221.73,0.83,183.21,221.05,0.20,42.36,221.03,0.21,43.51,226.76,0.21,46.27,225.41,0.20,27.07
220.79,0.83,182.34,222.20,0.20,42.56,220.09,0.21,43.58,231.15,0.21,47.27,223.91,0.19,25.96
225.52,0.83,188.05,227.35,0.21,45.14,224.82,0.22,44.50,224.91,0.21,45.66,226.07,0.20,26.30
218.13,0.83,181.04,226.35,0.21,44.37,217.43,0.21,44.15,225.67,0.21,46.28,230.99,0.19,27.05
226.53,0.83,187.23,223.46,0.21,43.38,225.83,0.21,44.01,223.02,0.21,45.33,230.77,0.20,26.14
225.58,0.83,186.41,227.71,0.21,44.36,224.88,0.21,43.51,222.38,0.21,45.09,225.24,0.19,25.88
221.46,0.83,183.97,223.51,0.21,44.03,220.76,0.21,43.72,227.01,0.21,46.44,228.48,0.20,25.42
221.76,0.83,183.15,229.57,0.21,45.27,221.06,0.21,44.13,226.73,0.21,45.83,227.36,0.19,24.85
226.96,0.83,187.98,222.12,0.21,43.65,226.26,0.21,43.76,225.58,0.21,46.24,227.68,0.19,26.37
216.75,0.83,179.40,226.83,0.20,42.69,216.05,0.21,43.47,167.13,0.21,28.43,243.80,0.19,25.27
222.07,0.83,184.75,228.06,0.21,44.96,221.37,0.21,44.02,227.20,0.21,46.61,230.37,0.20,27.00
223.20,0.83,185.22,218.55,0.21,42.25,222.50,0.21,43.56,227.38,0.21,46.78,225.14,0.20,26.22
224.23,0.82,184.60,219.14,0.20,42.37,223.53,0.21,43.44,224.57,0.21,45.44,222.46,0.19,24.35
225.82,0.82,185.45,223.87,0.21,43.67,225.12,0.21,43.23,226.66,0.21,46.07,225.55,0.19,24.94
226.79,0.83,187.20,226.18,0.21,44.12,226.09,0.21,42.87,223.04,0.21,45.37,225.10,0.20,25.88
219.98,0.83,182.87,229.76,0.21,45.45,219.28,0.21,44.03,229.58,0.21,46.90,224.10,0.20,25.77
222.67,0.82,183.70,224.84,0.21,43.98,221.97,0.21,42.89,222.43,0.21,45.03,223.19,0.20,25.31
219.38,0.84,183.91,223.67,0.21,43.65,218.68,0.21,43.63,225.70,0.21,46.11,224.32,0.21,27.30
221.36,0.83,183.49,219.05,0.20,42.25,220.66,0.21,43.76,224.43,0.21,45.84,227.89,0.20,27.49
226.16,0.83,187.23,221.30,0.21,42.65,225.46,0.21,43.66,228.26,0.21,46.50,228.14,0.20,26.75
228.98,0.82,188.70,221.29,0.21,42.86,228.28,0.21,43.73,225.65,0.21,45.99,228.99,0.19,26.40
230.33,0.83,191.36,219.96,0.21,42.85,229.63,0.21,43.96,228.17,0.21,46.87,245.96,0.20,26.51
220.57,0.83,183.42,227.60,0.21,45.12,219.87,0.21,43.85,224.71,0.21,45.77,233.60,0.20,27.89
227.49,0.82,186.98,219.90,0.20,42.55,226.79,0.21,43.98,225.41,0.21,45.89,226.85,0.19,25.79
220.12,0.83,182.56,228.38,0.21,44.81,219.42,0.21,44.41,227.84,0.21,46.34,226.79,0.19,26.39
225.92,0.83,187.07,222.36,0.21,43.05,225.22,0.21,43.69,222.77,0.21,45.05,229.90,0.20,27.38
228.75,0.83,189.59,218.99,0.21,42.90,228.05,0.21,43.37,227.27,0.21,46.46,225.49,0.20,26.39
225.91,0.83,187.55,225.51,0.21,44.33,225.21,0.21,43.57,224.57,0.21,46.37,229.17,0.19,26.84
227.80,0.82,187.32,219.07,0.21,42.56,227.10,0.21,43.54,225.98,0.21,46.21,225.53,0.19,26.03
223.89,0.83,185.24,227.23,0.21,44.46,223.19,0.21,43.83,231.82,0.21,47.60,227.04,0.19,25.96
220.90,0.82,181.95,220.12,0.20,42.38,220.20,0.21,43.90,227.54,0.21,45.88,224.89,0.20,24.83
222.75,0.83,184.31,218.08,0.20,41.89,222.05,0.21,44.02,227.99,0.21,46.61,230.03,0.20,27.32
226.84,0.83,187.32,220.97,0.21,42.61,226.14,0.21,43.70,243.03,0.21,46.83,223.74,0.19,25.48
219.62,0.83,183.25,234.52,0.21,45.38,218.92,0.21,44.09,230.36,0.21,47.16,227.25,0.20,26.97
229.67,0.83,190.40,221.77,0.21,43.00,228.97,0.21,44.31,228.45,0.21,46.53,223.43,0.19,25.09
220.73,0.83,182.50,227.42,0.21,44.73,220.03,0.21,43.57,226.93,0.21,46.45,225.30,0.19,26.03
230.50,0.83,190.63,223.89,0.20,43.11,229.80,0.21,44.11,230.96,0.22,47.82,225.83,0.19,25.38
226.30,0.83,188.86,220.32,0.21,43.05,225.60,0.22,44.53,227.71,0.21,46.74,227.27,0.20,26.05
222.49,0.82,182.93,222.18,0.21,43.30,221.79,0.21,43.73,227.29,0.21,46.28,228.22,0.19,26.97
221.57,0.83,183.26,220.74,0.21,42.94,220.87,0.21,43.91,229.65,0.21,46.49,224.32,0.20,25.15
222.62,0.83,185.10,230.33,0.21,45.35,221.92,0.21,44.28,226.62,0.21,46.60,224.66,0.19,24.33
227.54,0.82,187.01,227.17,0.21,44.28,226.84,0.22,44.55,227.09,0.21,45.99,225.13,0.19,24.51
221.08,0.83,184.49,227.60,0.21,44.99,220.38,0.21,44.35,228.05,0.22,47.34,226.05,0.19,25.99
227.15,0.83,188.42,221.18,0.20,42.70,226.45,0.21,43.92,226.67,0.21,46.64,226.81,0.20,26.05
228.02,0.82,187.79,218.88,0.20,41.49,227.32,0.21,43.85,218.71,0.21,43.88,222.68,0.20,25.56
226.02,0.83,188.44,256.90,0.21,49.03,225.32,0.21,42.96,227.80,0.21,46.26,233.91,0.20,28.02
228.00,0.83,188.88,223.68,0.21,43.94,227.30,0.21,44.20,230.73,0.21,47.02,227.48,0.19,25.65
224.05,0.83,185.23,219.60,0.21,42.44,223.35,0.21,43.81,225.30,0.21,46.22,234.17,0.19,27.70
225.77,0.82,185.69,222.02,0.21,43.62,225.07,0.21,43.38,223.64,0.21,45.25,222.68,0.19,24.56
223.47,0.83,184.69,220.04,0.21,43.08,222.77,0.21,44.18,225.26,0.21,45.05,231.93,0.20,26.92
222.48,0.83,184.76,222.18,0.21,42.97,221.78,0.21,43.95,230.89,0.21,47.38,226.65,0.20,26.69
224.13,0.83,185.50,219.44,0.20,42.31,223.43,0.21,43.88,229.31,0.22,47.41,229.66,0.19,26.48
224.06,0.83,185.74,220.97,0.21,42.99,223.36,0.21,44.04,229.34,0.21,46.81,225.99,0.19,25.89
222.66,0.82,183.36,226.29,0.21,44.68,221.96,0.21,44.16,227.00,0.21,46.35,227.90,0.19,24.99
225.67,0.84,188.45,228.14,0.21,44.75,224.97,0.22,45.02,228.39,0.21,46.48,228.99,0.20,26.14
224.23,0.83,185.82,226.15,0.21,44.05,223.53,0.21,44.18,228.00,0.21,46.14,224.81,0.20,25.60
221.66,0.82,182.72,219.69,0.21,42.56,220.96,0.21,43.86,258.31,0.21,45.47,226.82,0.19,25.62
222.71,0.84,185.99,231.36,0.21,46.05,222.01,0.22,43.60,261.77,0.22,49.25,232.91,0.19,26.70
225.59,0.82,185.92,222.21,0.21,43.26,224.89,0.22,44.49,226.26,0.21,46.01,222.04,0.19,24.08
222.86,0.83,186.01,228.90,0.21,45.45,222.16,0.21,43.95,225.75,0.21,45.99,224.75,0.20,25.75
220.24,0.83,182.46,220.02,0.21,43.11,219.54,0.21,44.07,224.32,0.21,46.10,226.78,0.19,25.77
227.57,0.82,187.59,222.69,0.21,44.51,226.87,0.21,44.36,223.35,0.21,45.06,220.65,0.19,23.08
222.40,0.83,184.64,225.77,0.21,44.50,221.70,0.21,44.29,225.49,0.21,45.54,224.76,0.20,25.62
225.06,0.83,185.73,221.47,0.21,43.18,224.36,0.21,43.55,226.04,0.21,46.21,227.32,0.19,26.06
227.58,0.82,187.24,226.23,0.21,44.65,226.88,0.21,43.73,221.05,0.21,44.11,226.10,0.19,25.72
223.09,0.83,185.35,228.95,0.21,45.67,222.39,0.21,43.91,229.18,0.21,47.14,231.34,0.19,26.23
222.34,0.83,184.23,219.95,0.21,42.53,221.64,0.21,43.61,230.08,0.21,47.23,230.19,0.20,27.88
229.87,0.82,188.11,222.01,0.20,43.09,229.17,0.21,43.34,224.05,0.21,45.53,231.01,0.19,26.31
230.27,0.83,190.40,249.87,0.21,44.21,229.57,0.21,43.63,229.03,0.21,46.99,226.95,0.19,25.44
225.11,0.83,186.88,223.63,0.20,43.08,224.41,0.21,44.03,226.77,0.21,46.10,232.64,0.20,26.98
226.07,0.83,187.09,218.08,0.21,42.19,225.37,0.21,43.89,228.48,0.21,47.00,227.25,0.19,25.22
228.56,0.83,188.97,215.65,0.20,41.37,227.86,0.21,43.98,228.70,0.21,47.21,228.84,0.19,26.51
224.79,0.83,187.12,219.24,0.21,42.46,224.09,0.21,44.00,224.73,0.21,46.12,226.54,0.20,26.79
224.71,0.83,186.47,224.17,0.21,43.41,224.01,0.21,43.79,228.69,0.21,46.79,227.07,0.20,26.30
227.71,0.82,186.93,218.90,0.20,41.87,227.01,0.21,43.68,226.02,0.21,46.12,225.21,0.19,25.63
218.23,0.83,181.15,224.44,0.21,44.10,217.53,0.21,44.26,226.09,0.21,46.20,228.68,0.19,26.40
228.90,0.83,190.24,220.95,0.20,43.03,228.20,0.22,44.72,227.84,0.21,46.79,228.00,0.20,27.12
228.72,0.83,189.22,224.31,0.21,43.99,228.02,0.21,44.27,228.32,0.21,46.50,229.16,0.19,25.91
224.78,0.83,186.07,223.55,0.21,43.50,224.08,0.21,43.82,226.37,0.21,46.13,226.91,0.19,27.16
226.69,0.82,186.85,219.81,0.21,42.54,225.99,0.21,43.73,225.88,0.21,46.30,228.12,0.19,25.62
228.19,0.83,188.89,225.42,0.21,44.84,227.49,0.21,43.72,246.61,0.21,45.92,224.11,0.19,25.24
225.62,0.83,186.78,226.41,0.21,44.80,224.92,0.21,43.89,222.73,0.21,45.16,223.35,0.19,25.63
225.73,0.82,186.22,229.81,0.21,45.81,225.03,0.21,43.79,224.82,0.21,45.74,226.25,0.19,25.37
224.04,0.83,185.18,218.69,0.21,42.51,223.34,0.22,44.38,225.92,0.21,46.23,228.02,0.19,26.45
226.10,0.83,186.81,222.84,0.21,43.03,225.40,0.21,43.87,223.83,0.21,45.08,226.22,0.20,26.51
221.80,0.83,183.50,219.34,0.21,42.40,221.10,0.21,43.57,229.14,0.21,46.61,227.62,0.20,25.96
227.44,0.83,188.37,221.53,0.21,43.13,226.74,0.21,43.77,226.01,0.21,46.31,230.53,0.20,27.00
223.95,0.83,184.95,220.12,0.21,42.48,223.25,0.21,43.28,225.25,0.21,45.71,225.72,0.20,26.74
226.35,0.82,185.24,219.26,0.20,42.13,225.65,0.21,43.97,230.82,0.21,46.78,225.74,0.19,24.40
222.49,0.83,184.50,222.38,0.20,42.93,221.79,0.21,43.68,228.46,0.21,46.53,228.29,0.20,27.53
219.63,0.82,181.07,220.65,0.21,42.93,218.93,0.21,43.83,227.21,0.21,45.88,227.38,0.19,25.84
219.53,0.83,181.24,222.92,0.21,43.32,218.83,0.21,44.22,224.73,0.21,46.06,226.49,0.19,25.56
256.30,0.83,213.00,246.23,0.21,45.91,255.60,0.21,44.37,224.94,0.21,45.84,221.22,0.20,25.08
227.07,0.84,189.62,226.98,0.21,45.00,226.37,0.21,43.86,224.00,0.21,45.60,230.80,0.20,28.12
226.05,0.83,187.14,220.93,0.21,43.27,225.35,0.21,44.42,224.83,0.21,46.46,226.99,0.19,25.88
229.13,0.83,189.62,221.19,0.21,43.27,228.43,0.21,44.05,227.67,0.21,46.70,229.45,0.19,26.47
230.86,0.83,191.74,222.12,0.21,43.81,230.16,0.22,44.55,227.00,0.21,46.55,231.57,0.19,27.61
225.57,0.82,185.76,220.86,0.21,43.14,224.87,0.21,44.01,226.88,0.21,46.34,227.99,0.19,25.49
231.26,0.83,191.61,226.30,0.21,44.39,230.56,0.21,43.65,223.61,0.21,45.38,230.34,0.20,27.40
229.90,0.82,189.23,222.72,0.21,43.72,229.20,0.21,43.66,223.08,0.21,44.95,223.89,0.19,24.89
223.61,0.83,184.83,227.19,0.21,44.73,222.91,0.21,43.35,224.34,0.21,45.71,226.76,0.20,26.39
223.18,0.83,185.26,231.38,0.21,45.66,222.48,0.21,44.12,228.51,0.21,46.58,230.09,0.19,26.60
221.48,0.82,181.75,222.45,0.20,42.73,220.78,0.21,43.48,226.39,0.21,46.32,225.98,0.19,25.65
228.74,0.83,189.85,224.18,0.21,43.86,228.04,0.21,43.78,225.48,0.21,45.64,230.98,0.20,27.92
246.69,0.83,203.57,223.38,0.20,42.99,245.99,0.21,44.06,225.64,0.21,45.85,230.06,0.19,27.34
223.99,0.83,184.83,233.27,0.21,44.03,223.29,0.21,43.98,227.85,0.21,46.19,225.40,0.19,25.19
223.53,0.82,183.84,225.40,0.21,43.90,222.83,0.21,43.69,225.13,0.21,45.91,221.10,0.19,24.45
226.42,0.83,187.64,231.19,0.21,45.63,225.72,0.21,43.84,222.93,0.21,45.47,222.64,0.19,24.61
224.78,0.84,188.37,227.82,0.21,44.88,224.08,0.22,45.81,228.86,0.21,47.00,226.21,0.20,26.83
229.03,0.82,188.76,225.36,0.21,44.68,228.33,0.21,43.89,223.14,0.21,45.39,221.93,0.19,24.70
224.34,0.83,185.65,227.09,0.21,45.01,223.64,0.22,44.70,227.70,0.21,46.56,226.94,0.19,24.80
225.49,0.83,186.50,222.22,0.21,43.26,224.79,0.21,44.45,225.14,0.21,45.80,227.72,0.19,25.69
222.08,0.82,182.66,223.43,0.21,43.53,221.38,0.21,43.73,226.63,0.21,45.92,225.01,0.19,24.81
219.82,0.84,183.82,230.30,0.21,45.99,219.12,0.21,43.61,225.71,0.21,46.33,233.79,0.20,26.75
222.15,0.82,183.21,220.63,0.21,42.80,221.45,0.21,43.42,228.69,0.21,46.79,227.28,0.19,25.92
225.33,0.82,184.25,220.88,0.21,42.72,224.63,0.21,43.31,280.04,0.21,46.72,257.08,0.19,27.52
221.74,0.83,183.32,224.39,0.21,43.12,221.04,0.21,43.61,228.89,0.21,46.82,229.64,0.20,27.03
221.21,0.82,182.30,219.54,0.21,42.45,220.51,0.21,44.06,225.18,0.21,45.73,222.60,0.19,24.46
225.86,0.83,187.02,226.30,0.21,44.50,225.16,0.21,43.92,226.19,0.21,46.19,226.29,0.19,25.04
224.29,0.83,185.28,219.67,0.21,42.83,223.59,0.21,44.10,225.80,0.21,46.31,227.83,0.19,26.38
235.18,0.83,195.48,225.56,0.21,44.38,234.48,0.21,44.30,223.92,0.21,45.54,227.71,0.20,26.60
224.93,0.83,186.01,223.59,0.20,42.91,224.23,0.22,44.46,226.15,0.21,46.23,227.34,0.19,26.36
228.85,0.83,190.33,227.45,0.21,44.86,228.15,0.21,44.20,226.06,0.21,45.97,227.03,0.20,25.72
227.33,0.82,187.43,218.12,0.20,41.99,226.63,0.21,44.09,226.81,0.21,46.01,227.45,0.19,27.28
230.39,0.83,191.74,222.88,0.21,43.83,229.69,0.21,43.66,226.68,0.21,46.33,229.06,0.20,27.26
224.32,0.83,185.21,223.59,0.20,42.67,223.62,0.21,44.23,225.53,0.21,46.22,229.10,0.20,25.91
227.49,0.83,189.82,221.44,0.20,42.65,226.79,0.22,44.99,228.26,0.22,47.22,229.75,0.20,27.80
222.78,0.82,182.58,220.10,0.21,42.96,222.08,0.21,44.16,274.89,0.21,47.42,238.15,0.19,26.37
228.55,0.84,191.48,227.19,0.21,45.12,227.85,0.22,44.63,228.66,0.21,46.29,230.82,0.20,27.31
228.55,0.82,188.34,222.97,0.21,44.03,227.85,0.21,43.52,226.33,0.21,45.98,224.66,0.19,24.69
223.32,0.83,185.06,229.63,0.21,45.52,222.62,0.21,43.92,225.24,0.21,45.67,227.82,0.19,26.53
224.76,0.83,185.90,229.73,0.21,45.57,224.06,0.21,44.42,228.37,0.21,46.77,225.83,0.19,25.00
221.52,0.83,184.16,223.96,0.21,43.48,220.82,0.21,44.22,225.82,0.21,46.48,228.62,0.20,25.85
224.03,0.82,184.76,223.10,0.21,43.52,223.33,0.22,45.26,226.33,0.21,46.36,227.84,0.19,25.44
222.26,0.82,182.58,221.44,0.21,42.96,221.56,0.21,44.33,224.75,0.21,45.33,225.46,0.19,25.08
229.53,0.83,189.64,226.20,0.21,44.18,228.83,0.21,43.60,225.42,0.21,45.66,225.53,0.19,26.04
222.39,0.83,184.66,223.14,0.20,43.18,221.69,0.21,44.65,221.85,0.21,45.47,231.04,0.20,27.34
229.56,0.83,190.70,220.48,0.21,43.16,228.86,0.21,44.35,231.68,0.21,47.45,226.30,0.19,26.45
227.15,0.84,189.86,225.64,0.21,44.30,226.45,0.21,44.35,230.09,0.21,46.90,225.70,0.20,26.89
222.90,0.83,186.01,223.12,0.21,40.56,222.20,0.22,46.08,225.99,0.22,46.29,228.42,0.20,25.70
224.33,0.83,186.75,222.25,0.21,43.42,223.63,0.21,44.29,227.52,0.21,46.90,233.56,0.20,26.40
232.39,0.83,193.26,225.96,0.21,44.80,231.69,0.22,44.65,224.38,0.21,44.84,230.28,0.20,26.48
230.18,0.82,189.50,222.66,0.21,43.64,229.48,0.21,44.06,229.44,0.21,46.63,224.63,0.19,23.83
225.44,0.83,187.20,230.59,0.21,45.28,224.74,0.21,43.96,225.31,0.21,45.97,223.01,0.20,25.31
224.33,0.82,184.99,228.43,0.21,45.49,223.63,0.22,44.63,226.99,0.21,46.51,226.50,0.19,24.87
217.81,0.83,181.45,225.84,0.21,44.79,217.11,0.22,44.72,228.66,0.21,46.69,227.21,0.20,25.19
222.72,0.84,186.14,221.68,0.21,43.63,222.02,0.21,44.33,232.25,0.21,47.23,224.27,0.20,25.22
222.60,0.84,186.38,229.33,0.21,45.87,221.90,0.22,45.31,227.19,0.21,46.21,228.65,0.20,25.42
225.49,0.83,186.29,233.74,0.21,44.80,224.79,0.21,42.94,227.75,0.21,46.29,225.06,0.20,24.41
220.62,0.83,183.51,223.28,0.21,43.81,219.92,0.21,44.32,225.00,0.21,46.16,230.11,0.19,26.01
229.75,0.83,191.63,223.12,0.21,43.70,229.05,0.21,43.92,224.48,0.21,45.99,231.94,0.20,27.27
226.35,0.84,189.20,243.15,0.21,42.87,225.65,0.22,44.23,225.50,0.21,46.34,225.94,0.20,26.60
222.98,0.83,185.89,229.58,0.21,45.47,222.28,0.22,45.04,226.16,0.21,46.17,229.04,0.19,25.70
227.95,0.83,189.77,226.11,0.21,44.33,227.25,0.22,44.65,225.87,0.21,46.07,225.82,0.20,25.92
229.27,0.82,187.78,229.46,0.20,43.83,228.57,0.21,43.90,225.87,0.21,45.87,226.89,0.19,25.49
224.90,0.83,187.34,222.66,0.21,43.65,224.20,0.21,44.54,225.91,0.21,46.13,227.35,0.20,25.99
228.82,0.84,191.47,226.48,0.21,45.02,228.12,0.21,44.38,227.57,0.21,46.70,227.70,0.20,26.52
222.07,0.83,184.53,226.98,0.21,44.99,221.37,0.21,44.30,226.95,0.21,46.32,228.06,0.20,24.90
224.21,0.82,183.51,224.16,0.21,43.56,223.51,0.21,44.01,226.41,0.21,45.93,225.91,0.19,24.66
222.66,0.83,185.58,226.08,0.21,44.44,221.96,0.21,44.07,226.54,0.21,46.31,228.24,0.20,26.18
228.68,0.83,190.49,224.10,0.21,43.60,227.98,0.21,44.17,230.74,0.21,47.55,231.04,0.20,26.96
224.36,0.83,186.80,224.19,0.21,43.70,223.66,0.21,44.47,228.75,0.21,46.62,228.90,0.20,26.30
226.68,0.83,188.08,220.68,0.21,42.73,225.98,0.21,44.50,228.54,0.21,46.98,230.22,0.20,27.25
235.11,0.83,194.96,228.93,0.21,44.51,234.41,0.21,44.51,224.04,0.21,45.63,227.42,0.19,26.26
232.02,0.82,191.40,223.03,0.21,43.67,231.32,0.21,44.00,227.08,0.21,46.28,227.81,0.19,26.00
231.63,0.83,192.77,225.16,0.21,44.32,230.93,0.21,44.14,225.78,0.21,45.95,233.58,0.20,27.60
229.49,0.82,188.68,224.71,0.21,44.22,228.79,0.21,44.22,226.20,0.21,45.49,229.05,0.19,25.92
230.56,0.82,189.51,220.68,0.20,42.43,229.86,0.21,43.89,221.39,0.21,44.91,232.76,0.19,26.91
229.71,0.82,189.09,222.23,0.21,43.30,229.01,0.21,43.10,225.45,0.21,45.59,227.89,0.19,26.27
228.22,0.83,188.85,221.10,0.21,43.08,227.52,0.21,43.73,228.40,0.21,46.89,229.18,0.19,26.49
230.95,0.83,190.94,221.97,0.20,42.73,230.25,0.21,43.96,225.44,0.21,46.01,231.05,0.20,27.18
230.30,0.81,187.41,216.93,0.21,42.12,229.60,0.21,43.66,226.78,0.21,45.87,226.70,0.18,23.96
222.88,0.82,183.19,226.27,0.21,44.01,222.18,0.21,43.61,224.88,0.21,45.35,224.97,0.19,25.75
224.85,0.82,184.78,225.47,0.21,44.13,224.15,0.21,43.38,228.03,0.21,46.54,226.07,0.19,23.37
222.78,0.83,184.83,224.68,0.21,43.94,222.08,0.21,43.59,225.62,0.21,45.94,226.54,0.19,26.45
229.42,0.83,189.93,220.47,0.21,42.67,228.72,0.21,43.68,251.27,0.21,45.79,245.71,0.19,26.91
231.64,0.82,190.29,226.52,0.21,44.33,230.94,0.21,43.35,227.18,0.21,45.95,227.51,0.19,25.31
223.74,0.83,185.57,229.26,0.21,45.02,223.04,0.21,43.45,224.27,0.21,45.12,230.66,0.20,27.37
229.20,0.83,190.12,226.71,0.21,44.89,228.50,0.21,43.68,224.92,0.21,45.46,228.63,0.20,26.88
224.65,0.82,185.17,222.54,0.21,43.00,223.95,0.21,43.70,225.36,0.21,45.61,230.98,0.19,26.88
223.12,0.82,183.13,222.81,0.21,43.52,222.42,0.21,43.32,230.12,0.21,47.02,227.82,0.19,25.17
230.66,0.82,189.41,224.58,0.20,43.28,229.96,0.21,43.11,219.33,0.21,44.06,231.33,0.19,26.42
228.37,0.83,189.66,228.92,0.21,44.97,227.67,0.21,43.83,227.75,0.21,46.68,226.91,0.19,25.53
228.75,0.83,189.24,228.89,0.21,44.59,228.05,0.21,44.04,226.97,0.21,46.26,227.63,0.19,26.37
231.32,0.83,191.16,225.40,0.21,43.69,230.62,0.21,43.68,223.99,0.21,45.73,226.68,0.19,25.25
230.67,0.82,190.24,225.18,0.21,44.68,229.97,0.21,43.73,227.14,0.21,46.44,227.37,0.19,24.67
231.67,0.82,191.04,224.37,0.21,43.58,230.97,0.21,43.76,227.40,0.21,46.46,228.14,0.19,26.09
225.68,0.83,187.92,222.49,0.21,42.98,224.98,0.21,42.77,227.36,0.21,46.27,227.34,0.20,27.21
250.94,0.83,207.91,226.06,0.21,43.19,250.24,0.21,43.53,222.05,0.21,45.25,228.52,0.20,25.35
226.81,0.83,187.22,227.23,0.21,44.33,226.11,0.21,43.26,226.50,0.21,45.77,224.56,0.20,23.97
230.65,0.84,193.20,228.04,0.21,44.64,229.95,0.21,43.36,233.11,0.21,47.40,227.49,0.20,26.15
226.71,0.82,185.20,221.35,0.21,42.92,226.01,0.21,43.39,226.17,0.21,45.61,223.29,0.19,23.84
222.55,0.83,185.58,224.37,0.20,43.61,221.85,0.21,43.09,223.23,0.21,45.17,225.21,0.21,26.02
221.92,0.84,185.61,227.35,0.21,44.78,221.22,0.21,43.61,225.94,0.21,46.25,223.86,0.20,25.31
226.63,0.84,190.64,229.30,0.21,45.40,225.93,0.21,43.91,230.64,0.21,47.47,227.76,0.20,26.56
231.75,0.84,194.21,223.87,0.21,44.04,231.05,0.21,43.33,227.45,0.21,46.32,230.65,0.20,27.50
229.12,0.85,193.90,227.00,0.21,44.33,228.42,0.21,43.64,229.13,0.22,47.38,231.46,0.21,27.91
228.15,0.83,189.84,228.41,0.21,45.55,227.45,0.21,43.85,230.62,0.21,47.36,224.54,0.19,24.78
222.89,0.83,184.84,221.72,0.21,43.46,222.19,0.21,43.86,230.85,0.21,47.42,228.33,0.19,24.52
225.42,0.84,188.44,222.89,0.21,43.50,224.72,0.21,43.58,223.39,0.21,45.50,228.33,0.20,26.31
249.49,0.83,205.93,227.50,0.21,44.41,248.79,0.21,43.74,227.59,0.21,46.60,228.52,0.19,25.46
231.38,0.84,193.78,222.98,0.21,43.34,230.68,0.21,44.26,228.03,0.21,46.33,229.75,0.20,25.72
224.30,0.82,185.02,219.31,0.21,42.59,223.60,0.21,43.53,228.93,0.21,46.44,226.12,0.19,24.13
222.98,0.84,186.40,228.33,0.21,45.00,222.28,0.21,43.96,229.85,0.21,47.29,227.50,0.20,25.13
222.69,0.84,186.47,219.39,0.21,42.43,221.99,0.21,44.02,230.05,0.21,47.02,225.40,0.20,25.72
221.80,0.83,184.72,224.14,0.21,43.74,221.10,0.21,43.84,227.94,0.22,47.14,225.89,0.20,24.77
225.32,0.83,186.94,222.48,0.21,43.45,224.62,0.21,43.42,224.42,0.21,44.86,225.03,0.20,24.69
226.14,0.83,188.79,224.96,0.21,45.08,225.44,0.22,44.11,226.08,0.21,45.91,223.58,0.20,24.01
224.06,0.83,185.46,221.11,0.21,43.09,223.36,0.21,43.21,226.44,0.21,45.60,227.03,0.20,25.25
225.35,0.84,188.21,232.86,0.21,45.86,224.65,0.21,43.69,227.23,0.21,46.73,229.85,0.20,26.46
229.48,0.83,191.09,220.99,0.21,42.62,228.78,0.21,43.43,225.29,0.21,45.49,229.08,0.20,27.74
222.51,0.83,185.79,228.26,0.21,45.12,221.81,0.21,43.90,224.33,0.21,45.29,231.16,0.20,26.27
244.63,0.83,202.76,222.21,0.21,43.70,243.93,0.21,43.85,230.03,0.21,46.80,227.92,0.19,25.00
224.31,0.83,186.53,223.54,0.21,43.69,223.61,0.21,43.96,228.01,0.21,46.96,228.64,0.19,25.72
226.80,0.83,188.98,223.52,0.21,43.88,226.10,0.21,43.81,222.89,0.21,45.28,233.03,0.20,26.61
229.11,0.82,188.36,223.45,0.21,43.84,228.41,0.21,42.62,225.75,0.21,46.05,226.36,0.19,25.26
222.28,0.83,183.68,220.12,0.21,42.83,221.58,0.21,42.95,225.80,0.21,45.86,227.41,0.20,26.60
224.67,0.82,183.18,220.20,0.20,42.44,223.97,0.21,43.03,228.17,0.21,46.58,229.76,0.19,26.05
224.61,0.83,185.88,220.32,0.20,42.44,223.91,0.21,43.58,229.78,0.22,47.52,227.24,0.19,26.13
225.02,0.83,186.77,226.49,0.21,44.80,224.32,0.21,43.72,228.29,0.21,47.16,227.54,0.19,25.69
219.14,0.82,180.66,221.59,0.21,43.22,218.44,0.21,43.31,227.31,0.21,46.32,224.39,0.19,24.39
224.87,0.82,185.44,225.93,0.21,44.38,224.17,0.22,44.14,226.47,0.21,46.20,225.07,0.19,23.96
229.11,0.84,191.37,228.13,0.21,45.06,228.41,0.22,43.99,226.64,0.21,46.49,229.89,0.20,26.38
229.65,0.83,190.38,224.74,0.21,43.94,228.95,0.21,43.56,222.19,0.21,44.67,227.27,0.20,25.48
241.64,0.83,200.11,220.95,0.21,43.05,240.94,0.21,42.91,229.73,0.21,47.00,230.68,0.19,26.10
230.28,0.83,191.29,224.33,0.21,44.08,229.58,0.21,43.56,223.27,0.21,45.61,228.94,0.20,26.56
226.46,0.83,188.12,224.93,0.21,43.91,225.76,0.21,43.65,226.97,0.21,46.63,227.99,0.19,26.45
229.90,0.83,191.80,223.53,0.21,43.98,229.20,0.21,43.88,227.48,0.22,46.85,231.89,0.20,26.83
229.60,0.83,190.69,223.81,0.21,44.20,228.90,0.22,43.91,226.33,0.21,46.53,223.94,0.19,24.10
222.78,0.83,185.33,228.75,0.21,45.21,222.08,0.22,44.53,232.14,0.22,47.77,229.62,0.19,26.36
223.75,0.83,185.56,222.67,0.21,43.30,223.05,0.21,43.83,227.50,0.22,47.17,225.47,0.19,25.22
223.76,0.83,186.08,221.22,0.21,43.42,223.06,0.22,44.35,225.82,0.21,46.26,226.59,0.19,26.45
223.02,0.83,184.15,220.57,0.21,42.88,222.32,0.21,43.71,226.54,0.21,45.54,227.55,0.19,26.18
223.82,0.83,185.14,223.89,0.21,43.64,223.12,0.21,43.04,228.00,0.21,46.04,226.64,0.20,25.10
231.44,0.83,192.15,226.12,0.21,44.74,230.74,0.21,43.88,228.55,0.21,46.76,226.79,0.19,24.84
230.88,0.83,192.01,220.15,0.21,42.92,230.18,0.21,43.53,227.53,0.21,46.34,229.80,0.20,27.53
230.04,0.84,192.34,230.19,0.21,46.12,229.34,0.21,43.86,246.48,0.21,47.22,225.11,0.20,26.66
227.39,0.83,188.45,227.23,0.21,45.03,226.69,0.21,43.93,228.50,0.22,46.85,226.94,0.19,26.19
232.99,0.82,191.61,220.57,0.21,43.82,232.29,0.21,43.21,227.57,0.21,46.43,228.14,0.19,23.22
219.50,0.83,181.63,229.78,0.21,45.44,218.80,0.21,43.25,225.82,0.21,45.71,225.70,0.19,25.22
224.51,0.82,185.05,227.42,0.21,44.61,223.81,0.22,44.08,226.22,0.21,46.04,224.53,0.19,23.99
221.71,0.83,184.75,228.02,0.21,44.76,221.01,0.22,44.13,227.29,0.22,47.19,227.62,0.19,26.27
232.61,0.83,193.69,227.12,0.21,44.89,231.91,0.22,44.40,230.79,0.22,47.55,229.72,0.19,26.03
223.51,0.83,184.90,226.47,0.21,44.17,222.81,0.21,43.50,224.46,0.21,45.86,224.72,0.19,26.17
227.25,0.83,189.26,223.88,0.21,44.09,226.55,0.21,43.75,228.49,0.21,47.30,230.43,0.19,26.72
229.95,0.83,189.77,223.00,0.21,43.44,229.25,0.22,44.06,227.35,0.21,46.08,224.14,0.19,24.79
222.86,0.82,183.74,226.79,0.21,44.87,222.16,0.21,43.25,226.74,0.21,46.19,227.68,0.19,25.79
224.21,0.83,184.98,224.20,0.21,43.54,223.51,0.21,43.74,228.67,0.21,46.81,229.64,0.19,26.74
224.41,0.83,186.00,222.79,0.21,43.33,223.71,0.21,43.69,228.40,0.21,46.74,226.62,0.19,26.42
246.86,0.83,204.55,226.68,0.21,44.71,246.16,0.21,44.19,225.64,0.21,46.09,230.52,0.19,26.55
227.93,0.83,188.56,227.42,0.21,45.03,227.23,0.21,43.41,221.76,0.21,44.79,224.47,0.19,25.20
227.00,0.82,187.15,223.47,0.21,43.42,226.30,0.21,42.94,228.78,0.21,46.52,231.54,0.19,26.54
227.98,0.83,189.39,219.50,0.21,42.58,227.28,0.21,44.12,222.71,0.21,45.23,231.27,0.20,27.00
226.76,0.83,187.96,220.40,0.20,42.50,226.06,0.21,43.58,229.07,0.22,47.51,228.36,0.19,26.42
223.08,0.83,184.48,225.60,0.21,44.24,222.38,0.22,44.47,222.94,0.21,45.27,230.77,0.19,26.16
220.45,0.83,183.20,228.56,0.21,45.27,219.75,0.21,43.98,228.94,0.21,46.91,231.39,0.19,27.81
223.48,0.83,186.12,222.67,0.21,43.24,222.78,0.22,44.57,225.27,0.21,46.07,231.88,0.20,27.59
228.85,0.84,192.39,221.14,0.21,43.49,228.15,0.22,44.71,227.70,0.21,46.81,231.68,0.20,29.29
222.97,0.83,184.77,223.24,0.21,43.82,222.27,0.21,43.67,228.63,0.21,45.89,227.46,0.20,26.02
225.53,0.83,187.26,222.09,0.21,43.37,224.83,0.22,44.75,223.10,0.21,45.39,226.78,0.19,25.04
227.12,0.83,187.84,228.89,0.21,45.09,226.42,0.22,44.24,226.27,0.21,46.08,227.94,0.19,25.70
225.75,0.83,187.80,252.90,0.21,46.74,225.05,0.21,44.02,226.85,0.21,46.59,230.63,0.19,26.80
232.97,0.82,191.00,220.73,0.21,43.17,232.27,0.21,43.83,226.14,0.21,45.31,224.14,0.19,24.76
219.69,0.83,182.17,228.27,0.21,44.91,218.99,0.21,44.22,226.20,0.21,46.08,227.30,0.19,26.20
225.72,0.83,188.11,228.83,0.21,45.16,225.02,0.21,44.12,228.89,0.21,47.27,229.97,0.20,26.88
229.79,0.82,189.48,222.92,0.21,43.28,229.09,0.22,44.33,227.47,0.21,46.45,222.32,0.19,22.28
225.02,0.83,187.10,226.28,0.21,44.07,224.32,0.21,43.92,225.32,0.21,45.99,226.52,0.20,27.03
226.23,0.83,188.26,229.66,0.21,44.90,225.53,0.22,44.43,228.18,0.21,47.00,232.17,0.20,28.64
222.12,0.82,182.99,224.20,0.21,44.10,221.42,0.22,44.64,222.60,0.21,44.78,232.50,0.19,26.88
220.11,0.82,181.54,223.64,0.21,43.48,219.41,0.22,44.50,227.01,0.21,46.85,228.01,0.19,26.45
233.40,0.83,194.17,225.36,0.21,45.12,232.70,0.22,44.83,228.03,0.21,46.77,226.92,0.19,24.96
232.76,0.83,192.44,225.74,0.21,43.98,232.06,0.21,43.92,229.36,0.21,46.83,226.18,0.19,25.23
226.56,0.82,185.82,221.06,0.21,42.84,225.86,0.21,44.08,226.68,0.21,45.74,223.05,0.19,23.82
228.43,0.83,189.55,222.73,0.21,43.28,227.73,0.22,44.68,222.75,0.21,45.09,238.06,0.20,29.00
229.47,0.83,191.10,228.81,0.21,45.77,228.77,0.21,43.35,220.40,0.21,44.66,233.28,0.20,26.93
227.65,0.83,188.20,222.31,0.20,43.09,226.95,0.21,44.18,228.42,0.21,46.75,226.73,0.19,25.27
229.68,0.83,191.60,225.87,0.21,44.05,228.98,0.22,44.52,225.87,0.21,46.15,232.31,0.20,27.09
229.18,0.84,192.56,226.76,0.21,44.60,228.48,0.22,44.55,223.72,0.21,46.02,231.41,0.20,27.60
229.83,0.83,191.05,227.57,0.21,44.65,229.13,0.22,44.30,225.92,0.21,46.36,227.91,0.19,26.02
224.99,0.83,186.09,224.21,0.21,44.37,224.29,0.22,44.28,225.98,0.21,46.12,223.91,0.19,24.18
223.94,0.83,186.27,228.37,0.21,45.01,223.24,0.21,44.01,226.22,0.21,45.88,229.86,0.20,27.29
230.26,0.84,193.63,216.91,0.21,42.33,229.56,0.22,44.61,227.28,0.21,46.38,231.93,0.21,28.28
223.64,0.82,184.34,220.57,0.21,43.08,222.94,0.21,43.66,221.78,0.21,44.74,232.12,0.19,26.80
229.22,0.83,190.58,223.07,0.21,43.70,228.52,0.22,44.23,226.10,0.21,46.52,229.30,0.19,26.32
225.06,0.83,187.81,232.48,0.21,46.14,224.36,0.22,44.55,228.06,0.21,46.73,231.12,0.19,27.12
231.38,0.84,194.44,223.43,0.21,44.41,230.68,0.22,44.43,229.88,0.21,47.19,232.94,0.20,28.84
223.66,0.83,186.01,223.25,0.21,43.78,222.96,0.21,43.93,254.05,0.21,46.27,257.12,0.20,26.88
224.72,0.83,185.59,221.37,0.21,43.15,224.02,0.21,43.33,225.23,0.21,46.08,227.42,0.19,24.95
226.14,0.83,186.65,229.56,0.21,44.38,225.44,0.21,43.91,228.45,0.21,46.41,224.50,0.19,24.37
228.65,0.83,190.36,222.00,0.21,43.28,227.95,0.21,44.00,230.69,0.21,47.66,227.92,0.20,26.41
223.72,0.83,185.08,224.94,0.21,44.42,223.02,0.21,44.00,226.90,0.21,45.38,226.94,0.19,24.63
225.28,0.83,187.12,224.66,0.21,43.94,224.58,0.21,43.90,226.92,0.21,46.21,230.73,0.20,27.48
232.46,0.83,193.94,221.70,0.21,43.95,231.76,0.21,43.47,229.74,0.21,46.63,229.65,0.20,27.85
229.54,0.83,191.65,224.80,0.21,44.52,228.84,0.21,43.59,227.47,0.21,46.18,235.38,0.20,28.35
227.54,0.83,188.66,223.08,0.21,43.14,226.84,0.21,43.44,229.62,0.22,47.57,230.60,0.19,26.90
222.55,0.83,184.51,225.71,0.21,43.91,221.85,0.21,44.07,225.03,0.21,46.02,231.56,0.19,26.68
226.53,0.84,189.22,230.49,0.21,45.56,225.83,0.22,44.45,223.18,0.21,44.94,233.68,0.20,28.06
228.08,0.83,189.15,216.21,0.21,42.03,227.38,0.21,44.06,227.44,0.21,46.93,228.84,0.19,26.51
226.42,0.83,186.84,223.96,0.21,43.82,225.72,0.21,43.56,224.15,0.21,45.96,255.87,0.19,26.29
229.84,0.84,192.20,224.43,0.21,44.90,229.14,0.22,44.60,221.22,0.21,45.12,230.09,0.20,26.02
233.54,0.84,195.69,224.67,0.21,44.71,232.84,0.21,43.80,228.29,0.21,46.58,227.64,0.20,26.06
230.46,0.83,191.13,223.03,0.21,43.88,229.76,0.22,44.26,231.85,0.21,47.06,224.28,0.19,24.50
222.33,0.83,184.77,220.63,0.21,43.08,221.63,0.21,43.63,228.24,0.21,46.69,226.87,0.20,25.20
223.92,0.84,188.36,221.92,0.21,43.32,223.22,0.21,43.68,230.29,0.22,48.65,229.46,0.20,26.81
221.44,0.82,182.40,226.54,0.21,44.35,220.74,0.21,43.93,224.39,0.21,45.65,228.31,0.19,26.45
226.13,0.83,187.79,227.48,0.21,44.71,225.43,0.21,44.05,226.79,0.21,46.28,226.34,0.19,23.70
224.33,0.83,186.60,226.47,0.21,44.12,223.63,0.21,44.07,226.52,0.21,46.26,228.28,0.20,25.88
229.02,0.83,189.51,225.23,0.21,43.86,228.32,0.22,44.46,227.70,0.21,46.96,227.64,0.19,25.82
226.67,0.83,187.61,224.46,0.21,43.86,225.97,0.22,44.01,228.29,0.21,46.48,226.43,0.19,24.73
228.93,0.84,192.39,224.94,0.21,44.16,228.23,0.21,43.87,231.29,0.22,47.74,228.90,0.20,27.68
227.25,0.83,188.83,219.18,0.21,43.07,226.55,0.21,44.00,225.76,0.21,46.30,231.61,0.20,27.41
247.95,0.84,208.07,217.32,0.21,41.86,247.25,0.21,43.91,228.97,0.21,46.93,228.71,0.20,26.77
228.99,0.84,192.65,230.87,0.21,45.47,228.29,0.21,43.78,223.76,0.22,45.94,232.49,0.20,28.21
230.18,0.84,192.94,222.43,0.21,43.78,229.48,0.21,43.62,220.53,0.21,44.96,230.82,0.20,27.91
222.79,0.84,186.24,229.50,0.21,45.49,222.09,0.22,44.61,227.13,0.21,46.51,229.20,0.20,25.24
228.79,0.84,191.22,226.18,0.21,44.31,228.09,0.22,44.62,226.32,0.21,46.18,230.14,0.20,25.47
230.66,0.83,191.32,225.83,0.21,44.31,229.96,0.21,43.74,225.80,0.21,45.84,223.43,0.20,24.97
221.22,0.83,183.26,230.18,0.21,45.89,220.52,0.21,43.79,224.61,0.21,45.22,223.69,0.19,24.86
226.54,0.84,189.33,226.90,0.21,45.11,225.84,0.22,44.14,227.17,0.21,45.95,227.73,0.20,26.07
222.43,0.84,186.36,228.94,0.21,45.44,221.73,0.21,43.48,228.96,0.21,46.61,229.62,0.20,27.64
227.23,0.83,188.43,222.51,0.21,43.35,226.53,0.21,43.39,227.02,0.22,46.44,227.70,0.19,26.04
226.54,0.82,186.16,221.57,0.21,43.16,225.84,0.21,43.27,228.83,0.21,46.23,231.62,0.19,26.63
227.09,0.82,185.77,219.82,0.21,42.65,226.39,0.21,43.55,228.21,0.21,46.65,223.50,0.19,23.99
264.39,0.83,219.64,234.83,0.21,42.74,263.69,0.21,43.55,226.11,0.21,46.15,231.36,0.20,27.11
229.19,0.84,191.92,222.60,0.21,43.80,228.49,0.22,44.22,227.79,0.21,46.58,234.50,0.20,28.06
228.50,0.84,190.82,223.33,0.21,43.70,227.80,0.22,44.21,228.45,0.22,47.13,231.31,0.20,27.34
223.23,0.83,186.07,221.93,0.21,43.30,222.53,0.21,44.14,227.69,0.21,46.68,230.22,0.20,27.16
229.58,0.83,191.18,225.15,0.21,44.36,228.88,0.22,44.30,226.04,0.21,46.39,231.17,0.19,26.89
225.41,0.83,186.41,222.45,0.21,43.42,224.71,0.22,44.18,229.32,0.21,47.17,228.74,0.19,25.67
223.18,0.83,185.33,221.16,0.21,43.31,222.48,0.22,43.98,225.16,0.21,46.15,232.41,0.19,26.68
230.72,0.83,192.39,230.97,0.21,45.74,230.02,0.22,44.50,226.88,0.21,46.48,230.08,0.20,27.81
228.44,0.83,189.01,222.66,0.21,43.19,227.74,0.21,43.74,228.88,0.21,46.81,228.66,0.19,26.66
228.12,0.83,189.71,226.24,0.21,45.10,227.42,0.21,43.66,225.97,0.22,46.81,228.22,0.19,25.31
223.50,0.83,184.73,225.23,0.21,44.71,222.80,0.22,44.03,227.80,0.21,46.22,224.81,0.19,24.24
228.26,0.84,191.08,229.89,0.21,45.36,227.56,0.22,44.06,227.16,0.21,46.83,232.69,0.20,27.05
228.59,0.83,189.26,267.79,0.21,44.04,227.89,0.22,43.76,223.82,0.21,45.66,231.46,0.19,25.96
224.04,0.84,187.27,228.38,0.21,45.44,223.34,0.22,44.75,225.24,0.21,45.71,227.85,0.20,26.39
221.74,0.83,184.68,227.83,0.21,45.06,221.04,0.22,44.60,229.05,0.22,47.08,229.57,0.19,26.46
225.80,0.83,186.99,226.70,0.21,44.23,225.10,0.22,44.14,224.22,0.21,45.91,229.03,0.19,26.19
232.25,0.83,192.89,222.79,0.21,45.18,231.55,0.22,44.05,232.16,0.22,47.81,231.30,0.19,26.72
227.13,0.84,190.83,227.08,0.21,44.94,226.43,0.22,44.23,234.91,0.22,48.72,229.60,0.20,27.25
224.18,0.83,185.40,220.38,0.21,42.67,223.48,0.22,44.01,227.37,0.21,46.31,229.01,0.19,26.34
226.66,0.83,188.84,222.06,0.21,43.38,225.96,0.21,43.73,222.85,0.21,45.39,233.57,0.20,27.19
230.30,0.82,189.64,222.83,0.21,43.42,229.60,0.21,42.88,229.10,0.21,46.67,230.14,0.19,24.38
229.63,0.83,190.23,231.03,0.21,42.43,228.93,0.21,43.48,224.86,0.21,45.57,229.52,0.19,25.70
230.28,0.83,190.99,231.21,0.21,45.59,229.58,0.21,43.69,225.42,0.21,45.65,229.33,0.19,23.49
222.73,0.84,186.00,231.09,0.21,46.22,222.03,0.21,43.53,229.31,0.21,46.58,231.43,0.20,26.49
226.55,0.84,189.89,228.77,0.21,44.56,225.85,0.21,43.48,225.96,0.21,46.64,230.48,0.20,26.99
233.92,0.83,195.22,228.59,0.21,44.65,233.22,0.21,43.87,227.03,0.21,46.69,228.17,0.20,26.80
231.93,0.83,193.19,226.36,0.21,44.59,231.23,0.21,43.36,223.03,0.21,45.17,230.62,0.20,26.41
232.21,0.84,194.03,224.60,0.21,44.44,231.51,0.21,43.64,223.67,0.21,46.17,230.19,0.20,26.02
225.91,0.83,187.35,225.48,0.21,44.17,225.21,0.22,43.85,226.58,0.21,46.60,227.61,0.19,25.10
228.34,0.83,189.60,227.71,0.21,45.38,227.64,0.21,43.39,230.07,0.21,47.13,229.78,0.19,27.03
224.78,0.84,187.77,226.86,0.21,44.95,224.08,0.21,43.39,220.01,0.21,44.76,233.14,0.20,28.28
231.91,0.84,194.58,218.14,0.21,42.63,231.21,0.21,43.99,230.67,0.21,47.18,233.81,0.20,28.86
228.78,0.83,188.82,225.06,0.21,43.50,228.08,0.21,43.68,224.26,0.21,45.08,224.22,0.19,24.63
220.78,0.83,183.07,228.64,0.21,45.71,220.08,0.22,44.09,223.31,0.21,45.17,225.89,0.19,24.25
223.93,0.82,184.50,231.08,0.21,45.77,223.23,0.21,43.78,224.53,0.21,45.30,224.16,0.19,23.16
221.10,0.83,183.92,229.05,0.21,45.09,220.40,0.21,43.03,228.31,0.21,46.89,230.78,0.20,27.18
224.89,0.83,186.62,223.25,0.21,44.34,224.19,0.22,43.85,225.83,0.21,46.61,227.73,0.19,25.40
231.95,0.83,192.24,232.19,0.21,45.96,231.25,0.21,43.49,228.65,0.21,45.62,227.29,0.19,25.59
260.03,0.83,216.42,227.94,0.21,45.60,259.33,0.21,43.38,233.35,0.21,47.44,231.93,0.19,24.52
232.44,0.82,191.76,225.48,0.21,44.17,231.74,0.21,43.53,230.32,0.21,46.38,229.01,0.19,24.60
227.09,0.83,187.85,231.44,0.21,45.91,226.39,0.21,43.45,227.66,0.21,46.24,227.50,0.19,25.02
227.47,0.83,189.21,228.50,0.21,45.29,226.77,0.22,43.89,231.20,0.22,48.38,231.97,0.19,26.63
225.79,0.81,183.95,225.40,0.21,43.92,225.09,0.22,44.30,228.14,0.21,46.78,223.02,0.18,21.58
225.86,0.83,188.47,224.91,0.21,43.81,225.16,0.21,43.67,226.67,0.22,46.93,232.33,0.20,27.69
230.71,0.84,193.45,225.79,0.21,44.54,230.01,0.22,44.09,230.87,0.22,47.52,233.68,0.20,28.03
223.82,0.83,186.38,227.23,0.21,45.20,223.12,0.22,43.84,226.32,0.22,46.73,229.69,0.19,25.36
225.68,0.83,186.95,227.05,0.21,44.25,224.98,0.22,44.39,227.60,0.21,45.97,230.06,0.19,26.17
227.33,0.83,188.76,224.55,0.21,43.80,226.63,0.21,43.56,223.16,0.21,45.42,231.70,0.20,27.05
232.86,0.83,194.33,226.27,0.21,44.95,232.16,0.22,44.21,226.99,0.22,46.91,230.20,0.19,26.55
232.25,0.83,193.93,222.66,0.21,43.39,231.55,0.21,43.33,228.50,0.21,47.02,233.96,0.20,27.79
229.51,0.83,189.38,221.59,0.21,43.04,228.81,0.21,43.78,244.06,0.21,46.27,228.13,0.19,25.24
226.14,0.83,188.44,223.78,0.21,44.20,225.44,0.22,44.31,227.50,0.21,46.46,233.53,0.20,27.21
221.72,0.83,183.71,229.32,0.21,45.01,221.02,0.22,44.07,225.26,0.21,45.22,232.21,0.19,27.29
224.04,0.83,186.21,221.54,0.21,43.31,223.34,0.22,44.23,229.18,0.22,47.51,231.13,0.19,26.56
229.92,0.83,191.74,228.30,0.21,45.58,229.22,0.22,43.79,220.80,0.21,44.82,229.97,0.20,26.79
225.11,0.83,187.71,228.21,0.21,45.40,224.41,0.22,44.27,227.94,0.21,46.95,231.09,0.19,25.52
228.33,0.82,188.17,220.85,0.21,42.94,227.63,0.21,43.62,224.86,0.21,45.77,226.70,0.19,25.01
219.97,0.83,183.03,231.07,0.21,45.61,219.27,0.21,43.42,231.17,0.21,46.48,236.05,0.20,28.10
228.67,0.84,191.07,227.90,0.21,45.09,227.97,0.22,44.11,223.38,0.21,45.84,235.27,0.20,28.80
226.35,0.83,187.51,225.10,0.21,43.46,225.65,0.21,43.78,226.84,0.21,46.35,231.44,0.19,26.45
223.56,0.82,182.80,223.93,0.21,43.37,222.86,0.21,43.73,228.62,0.21,46.09,228.89,0.18,25.26
225.26,0.84,188.63,230.52,0.21,45.24,224.56,0.22,44.41,223.79,0.21,45.35,233.30,0.20,27.55
227.32,0.83,189.79,226.52,0.21,44.67,226.62,0.22,44.50,259.44,0.21,46.59,224.55,0.20,24.13
253.38,0.83,210.82,245.08,0.21,43.25,252.68,0.22,44.15,226.00,0.21,46.50,233.02,0.20,27.44
229.77,0.83,191.07,225.56,0.21,44.13,229.07,0.21,43.85,226.11,0.21,46.57,228.43,0.19,25.01
224.36,0.83,185.64,231.37,0.21,45.84,223.66,0.22,44.76,223.63,0.21,45.32,228.92,0.19,25.33
223.97,0.83,185.16,224.41,0.21,43.70,223.27,0.21,43.83,225.20,0.22,46.40,229.49,0.19,25.61
229.51,0.82,189.14,227.79,0.21,45.13,228.81,0.22,44.03,226.27,0.21,45.93,226.28,0.19,25.26
227.35,0.83,189.06,227.09,0.21,45.43,226.65,0.21,43.66,227.05,0.22,46.86,227.19,0.19,25.59
224.59,0.83,186.88,230.11,0.21,45.48,223.89,0.21,43.45,227.37,0.22,47.12,231.91,0.19,26.38
232.60,0.84,194.38,225.35,0.21,44.50,231.90,0.21,43.84,228.16,0.22,47.03,228.00,0.20,26.53
223.71,0.83,185.00,220.45,0.21,42.91,223.01,0.21,43.48,225.05,0.21,45.56,232.55,0.19,25.91
230.04,0.83,190.83,233.19,0.21,45.90,229.34,0.22,44.78,225.50,0.21,45.62,227.31,0.19,24.55
223.27,0.83,184.95,225.62,0.21,44.45,222.57,0.22,44.03,223.74,0.21,44.92,231.91,0.19,26.93
226.30,0.83,187.32,225.60,0.21,44.13,225.60,0.21,43.90,226.29,0.21,46.00,227.66,0.19,26.45
222.87,0.83,185.33,230.11,0.21,45.63,222.17,0.21,44.10,242.32,0.21,46.92,225.92,0.19,25.70
226.07,0.83,187.82,228.89,0.21,45.25,225.37,0.21,43.83,229.02,0.21,47.12,229.86,0.19,26.11
229.71,0.83,191.16,230.01,0.21,44.90,229.01,0.22,43.88,229.52,0.22,47.41,229.39,0.19,25.91
227.28,0.83,187.75,223.48,0.21,43.41,226.58,0.21,43.26,225.02,0.21,45.38,233.01,0.19,27.40
228.64,0.83,190.25,224.73,0.21,44.09,227.94,0.21,43.70,232.25,0.22,48.11,231.67,0.19,26.40
226.34,0.83,187.22,225.95,0.21,44.39,225.64,0.21,43.12,223.22,0.21,45.50,229.64,0.19,26.53
226.94,0.84,189.54,225.21,0.21,43.87,226.24,0.22,43.86,227.74,0.22,47.32,233.44,0.20,27.49
229.58,0.83,190.55,221.32,0.21,43.53,228.88,0.21,43.87,226.94,0.22,46.91,231.15,0.19,26.44
224.62,0.83,185.77,225.64,0.21,44.19,223.92,0.22,44.92,227.52,0.21,46.23,229.05,0.19,25.89
222.53,0.83,185.65,221.20,0.21,43.44,221.83,0.21,43.90,229.14,0.21,46.80,232.10,0.20,27.68
222.46,0.82,182.75,222.28,0.21,43.30,221.76,0.21,43.40,225.25,0.21,45.61,227.81,0.19,24.77
226.21,0.84,189.33,229.86,0.21,44.80,225.51,0.22,44.11,225.57,0.21,46.17,231.66,0.20,26.34
223.99,0.83,184.98,222.74,0.21,43.61,223.29,0.21,43.95,225.66,0.21,45.79,230.22,0.19,26.10
223.30,0.82,184.11,227.20,0.21,44.10,222.60,0.21,43.05,230.59,0.21,47.09,268.91,0.19,28.52
227.73,0.84,190.52,223.93,0.21,44.02,227.03,0.21,43.89,229.19,0.22,47.57,232.31,0.20,28.27
228.02,0.83,189.59,223.18,0.21,43.81,227.32,0.21,43.93,230.02,0.21,46.90,232.81,0.20,28.01
234.39,0.82,192.73,218.64,0.20,41.91,233.69,0.21,43.55,229.56,0.21,46.92,229.69,0.19,26.29
229.57,0.82,189.34,225.46,0.21,43.90,228.87,0.21,44.08,224.72,0.21,45.21,223.41,0.19,22.05
231.94,0.83,193.27,227.35,0.21,44.38,231.24,0.21,43.99,227.18,0.21,45.66,227.07,0.20,26.11
226.63,0.83,188.11,224.91,0.21,44.25,225.93,0.21,44.03,230.37,0.21,46.65,229.19,0.19,25.72
231.83,0.83,191.92,223.75,0.20,43.08,231.13,0.22,44.22,223.91,0.21,45.21,227.75,0.20,26.69
220.65,0.83,183.54,228.56,0.21,45.13,219.95,0.21,43.86,230.05,0.21,47.18,229.15,0.19,26.55
225.79,0.82,186.10,220.78,0.21,42.63,225.09,0.21,44.20,227.60,0.21,46.24,231.91,0.19,26.38
228.90,0.83,189.74,225.80,0.20,43.47,228.20,0.22,44.20,228.97,0.21,46.53,227.18,0.20,26.84
227.20,0.83,188.73,229.89,0.21,45.27,226.50,0.21,43.90,226.85,0.21,46.61,233.41,0.19,26.92
224.50,0.83,187.41,226.26,0.21,44.22,223.80,0.22,44.47,248.40,0.21,45.77,249.66,0.19,26.63
231.73,0.83,192.15,226.55,0.21,44.24,231.03,0.21,43.60,220.59,0.21,44.33,249.50,0.20,26.68
227.02,0.82,187.14,229.39,0.21,44.51,226.32,0.21,43.43,228.33,0.21,46.04,222.68,0.19,24.45
225.49,0.83,186.63,227.03,0.21,44.56,224.79,0.21,43.93,224.05,0.21,45.02,228.76,0.19,26.81
222.99,0.82,183.94,228.05,0.21,45.06,222.29,0.21,43.67,226.48,0.21,45.56,225.05,0.19,24.00
225.39,0.83,187.41,225.92,0.21,43.84,224.69,0.22,44.32,221.96,0.21,44.83,226.61,0.20,26.12
215.90,0.84,180.68,231.91,0.21,46.17,215.20,0.21,43.90,222.81,0.21,45.75,237.12,0.20,28.74
222.94,0.83,184.45,226.73,0.21,44.56,222.24,0.22,44.46,228.50,0.21,46.82,226.13,0.19,25.11
228.49,0.83,188.81,217.89,0.21,42.28,227.79,0.21,43.62,230.07,0.21,47.24,226.89,0.19,24.91
223.23,0.82,183.35,227.35,0.21,44.56,222.53,0.21,43.15,230.52,0.21,47.46,228.79,0.19,25.76
234.78,0.83,194.19,220.72,0.21,43.25,234.08,0.21,43.25,224.17,0.21,45.53,230.05,0.19,26.27
229.22,0.82,187.48,227.12,0.20,43.51,228.52,0.21,43.75,230.60,0.21,45.88,226.45,0.19,25.78
225.85,0.83,187.00,225.31,0.21,44.10,225.15,0.21,43.80,226.67,0.21,46.28,225.03,0.19,25.89
226.12,0.83,187.89,222.53,0.21,43.20,225.42,0.21,43.08,231.35,0.21,44.68,230.00,0.20,26.70
231.62,0.82,190.68,223.13,0.21,44.05,230.92,0.22,44.19,228.74,0.21,46.82,258.62,0.19,25.51
230.40,0.83,191.18,224.14,0.21,44.29,229.70,0.21,43.60,223.94,0.21,46.15,229.74,0.19,26.00
225.66,0.82,185.98,221.43,0.21,42.84,224.96,0.22,44.07,217.77,0.21,43.71,233.10,0.19,26.58
225.65,0.82,185.33,229.31,0.21,44.59,224.95,0.21,43.12,225.97,0.21,46.02,226.52,0.19,25.10
226.10,0.83,187.24,217.42,0.21,42.22,225.40,0.21,42.79,227.51,0.21,46.26,233.34,0.20,27.05
227.44,0.83,188.77,228.74,0.21,44.44,226.74,0.21,43.93,225.20,0.21,45.46,230.87,0.20,27.34
229.79,0.83,191.46,221.97,0.21,42.82,229.09,0.21,43.10,225.22,0.21,46.27,230.20,0.20,27.86
223.71,0.82,183.94,221.24,0.21,42.84,223.01,0.21,43.19,227.83,0.21,46.44,228.39,0.19,26.13
226.16,0.82,186.00,223.65,0.21,43.70,225.46,0.21,43.06,226.64,0.21,45.81,231.31,0.19,26.32
230.63,0.83,191.43,225.32,0.21,45.05,229.93,0.21,43.37,221.84,0.21,45.24,228.80,0.19,25.84
228.96,0.82,188.40,227.64,0.21,44.59,228.26,0.21,43.87,228.73,0.21,46.41,230.34,0.19,25.60
229.49,0.83,190.87,226.21,0.21,44.41,228.79,0.21,43.80,222.02,0.21,45.36,229.33,0.19,26.18
224.21,0.83,186.34,267.24,0.21,45.86,223.51,0.21,43.60,229.83,0.21,46.95,232.30,0.19,26.44
224.39,0.83,186.94,230.17,0.21,43.90,223.69,0.21,43.41,224.12,0.21,45.29,233.40,0.20,27.71
232.10,0.82,190.61,222.94,0.21,43.61,231.40,0.21,43.13,228.15,0.21,46.15,227.91,0.19,25.90
227.90,0.83,188.80,223.96,0.21,43.76,227.20,0.21,43.22,226.52,0.21,46.19,229.47,0.20,26.97
228.33,0.83,188.41,219.96,0.21,43.49,227.63,0.21,43.16,228.49,0.21,46.18,228.68,0.19,25.32
225.93,0.83,187.13,228.83,0.21,44.65,225.23,0.21,43.93,227.92,0.21,46.58,227.07,0.19,25.25
231.75,0.82,190.07,223.41,0.20,42.93,231.05,0.21,43.85,222.09,0.21,45.01,225.47,0.19,24.96
219.46,0.82,181.03,225.85,0.21,44.24,218.76,0.21,43.19,226.48,0.21,46.14,229.15,0.19,26.38
225.38,0.83,187.01,228.79,0.21,44.88,224.68,0.21,43.71,227.93,0.21,46.53,226.57,0.19,25.41
222.47,0.83,184.31,222.00,0.21,43.48,221.77,0.21,42.96,225.41,0.21,46.27,229.48,0.19,25.95
224.27,0.82,183.90,229.65,0.20,44.03,223.57,0.21,43.35,230.61,0.21,47.28,225.09,0.19,24.60
223.31,0.83,185.05,228.47,0.21,45.38,222.61,0.21,43.97,228.33,0.21,46.92,229.47,0.19,25.46
234.51,0.83,193.91,222.89,0.21,43.61,233.81,0.21,43.22,224.04,0.21,45.41,231.95,0.19,26.04
258.14,0.83,213.10,226.86,0.21,45.08,257.44,0.22,44.24,223.63,0.21,45.26,224.92,0.19,24.98
227.23,0.83,187.98,229.29,0.21,44.77,226.53,0.21,43.60,228.95,0.21,46.63,230.33,0.19,25.64
227.01,0.83,188.94,225.95,0.21,44.10,226.31,0.21,43.40,221.39,0.21,45.03,233.47,0.20,27.67
226.46,0.82,186.30,228.23,0.21,44.65,225.76,0.21,43.14,225.26,0.21,45.31,225.94,0.19,24.99
225.34,0.83,187.06,226.82,0.21,43.99,224.64,0.21,43.44,231.57,0.21,46.68,230.67,0.20,27.28
229.00,0.83,189.27,228.91,0.21,44.96,228.30,0.21,43.70,225.13,0.21,45.78,227.76,0.19,26.35
228.95,0.83,188.97,223.51,0.21,43.39,228.25,0.21,43.98,229.02,0.21,46.81,226.64,0.19,24.98
232.92,0.84,195.59,223.20,0.21,43.64,232.22,0.22,44.04,226.28,0.21,46.33,232.77,0.20,27.25
223.02,0.83,185.01,220.03,0.21,42.67,222.32,0.21,43.58,226.21,0.21,46.32,230.16,0.20,27.11
234.05,0.82,192.12,226.96,0.20,44.26,233.35,0.21,43.50,222.82,0.21,45.11,223.31,0.19,24.84
224.39,0.84,187.90,230.40,0.21,45.65,223.69,0.21,43.60,226.97,0.21,46.64,227.73,0.20,27.06
227.19,0.83,188.71,220.57,0.20,42.48,226.49,0.21,43.79,228.61,0.22,47.12,232.03,0.20,26.58
227.37,0.84,190.09,218.81,0.21,42.15,226.67,0.21,43.27,223.55,0.21,45.74,231.74,0.20,27.59
215.94,0.83,178.77,228.25,0.21,43.40,215.24,0.21,43.10,228.55,0.21,46.50,227.17,0.20,25.89
222.34,0.83,185.28,227.81,0.21,45.23,221.64,0.21,43.34,221.77,0.21,44.62,227.24,0.20,26.15
228.60,0.83,190.19,220.46,0.21,43.06,227.90,0.21,43.24,225.44,0.21,45.82,229.39,0.20,26.98
222.22,0.84,186.53,228.65,0.21,45.14,221.52,0.21,43.69,224.14,0.21,46.08,228.41,0.20,26.67
229.21,0.83,189.14,225.78,0.20,43.52,228.51,0.21,43.66,222.73,0.21,45.69,230.31,0.19,26.41
223.62,0.83,185.52,229.56,0.21,45.33,222.92,0.21,43.28,228.02,0.21,46.19,230.31,0.20,26.52
228.67,0.83,190.27,225.46,0.21,43.66,227.97,0.21,43.82,227.62,0.22,47.08,230.77,0.20,26.93
226.93,0.83,188.72,220.84,0.21,43.02,226.23,0.21,43.32,225.75,0.21,46.20,228.37,0.20,26.81
225.25,0.84,188.11,228.37,0.21,44.93,224.55,0.21,43.24,224.96,0.21,45.84,228.73,0.20,26.43
221.97,0.84,185.45,228.68,0.21,44.84,221.27,0.21,43.83,231.64,0.22,47.73,226.82,0.20,26.23
230.64,0.82,188.77,227.83,0.21,44.65,229.94,0.21,43.54,222.81,0.21,44.81,223.23,0.19,24.36
222.56,0.82,183.51,230.38,0.21,45.56,221.86,0.21,43.41,228.33,0.21,46.36,223.96,0.19,24.69
226.41,0.83,188.84,222.40,0.21,44.18,225.71,0.21,44.10,265.63,0.21,48.53,244.21,0.20,27.22
226.86,0.83,187.71,222.85,0.21,43.80,226.16,0.21,42.63,228.09,0.21,46.70,228.52,0.19,26.27
225.20,0.83,187.78,225.97,0.21,44.33,224.50,0.21,43.82,229.74,0.22,47.15,228.95,0.20,26.84
225.60,0.83,187.39,231.76,0.21,45.40,224.90,0.22,44.18,224.27,0.21,45.24,230.72,0.19,27.04
231.14,0.82,190.42,225.66,0.21,44.89,230.44,0.22,44.36,228.16,0.21,46.17,223.33,0.19,24.41
223.84,0.83,186.84,229.42,0.21,45.18,223.14,0.22,45.10,226.47,0.22,46.51,228.54,0.19,26.16
230.20,0.83,191.51,218.50,0.21,43.14,229.50,0.22,44.51,234.08,0.22,48.82,228.07,0.19,25.74
231.62,0.83,193.10,227.29,0.21,44.14,230.92,0.22,45.34,230.98,0.22,47.92,225.55,0.19,25.73
228.51,0.83,189.32,224.88,0.21,43.97,227.81,0.21,43.73,225.18,0.21,45.81,229.31,0.20,27.13
226.57,0.83,187.12,223.73,0.21,43.37,225.87,0.21,42.84,227.73,0.21,46.44,230.63,0.19,27.62
227.68,0.83,188.76,221.54,0.21,44.55,226.98,0.21,44.02,231.21,0.21,47.43,230.47,0.19,26.32
234.29,0.83,195.15,226.67,0.21,44.60,233.59,0.22,44.12,225.63,0.21,46.16,229.88,0.19,27.18
229.02,0.83,190.03,224.51,0.21,43.62,228.32,0.22,44.22,231.83,0.21,47.42,227.70,0.19,26.42
222.44,0.83,184.68,222.53,0.21,43.21,221.74,0.21,43.61,239.68,0.21,45.48,227.05,0.20,25.77
232.85,0.82,191.34,228.92,0.21,45.05,232.15,0.21,43.34,229.90,0.21,46.82,227.12,0.19,23.35
225.91,0.84,189.55,227.13,0.21,44.07,225.21,0.21,43.63,227.30,0.22,47.10,229.91,0.20,27.71
223.17,0.82,183.00,224.93,0.21,43.97,222.47,0.21,43.38,221.40,0.21,43.77,229.84,0.19,25.07
227.41,0.83,188.31,227.78,0.21,44.86,226.71,0.21,43.81,224.58,0.21,45.38,223.54,0.19,24.95
226.38,0.83,187.94,227.70,0.21,44.49,225.68,0.21,43.62,228.79,0.21,46.19,230.60,0.20,27.01
230.74,0.83,192.34,227.63,0.21,44.44,230.04,0.21,43.67,225.96,0.21,46.38,227.92,0.20,27.53
229.25,0.82,188.29,224.06,0.21,43.68,228.55,0.21,43.66,228.59,0.21,45.49,222.33,0.19,24.40
220.96,0.83,184.43,229.38,0.21,45.32,220.26,0.21,44.00,227.13,0.21,46.58,224.97,0.20,25.25
227.30,0.83,189.45,230.18,0.21,45.52,226.60,0.21,43.98,229.16,0.21,46.62,232.53,0.20,26.86
225.42,0.83,187.41,223.80,0.21,43.47,224.72,0.21,43.72,230.59,0.22,47.78,226.87,0.20,25.79
229.27,0.84,191.70,221.09,0.21,43.31,228.57,0.21,43.84,226.67,0.21,46.20,231.62,0.20,27.50
226.26,0.82,185.69,223.43,0.20,43.19,225.56,0.21,43.45,227.84,0.21,46.00,228.03,0.19,25.48
235.32,0.83,196.00,224.47,0.21,43.80,234.62,0.21,43.21,258.08,0.21,46.19,246.92,0.20,25.97
227.10,0.83,188.77,225.00,0.21,44.35,226.40,0.21,43.84,221.77,0.21,45.02,229.90,0.20,25.98
231.26,0.82,190.21,218.86,0.21,42.69,230.56,0.21,43.27,223.81,0.21,44.94,226.36,0.19,24.63
222.66,0.83,184.68,234.81,0.20,45.04,221.96,0.21,43.89,228.27,0.21,46.80,227.18,0.20,25.62
225.13,0.84,189.32,226.19,0.21,44.26,224.43,0.22,44.53,226.09,0.21,46.73,231.75,0.20,27.81
221.06,0.82,181.75,222.19,0.21,42.76,220.36,0.21,43.77,227.23,0.21,45.77,228.39,0.19,25.63
222.98,0.84,186.25,227.48,0.21,44.26,222.28,0.21,43.73,225.56,0.21,45.63,230.05,0.20,27.61
216.09,0.83,179.72,233.74,0.21,46.06,215.39,0.21,43.40,224.93,0.21,45.24,229.74,0.20,26.44
230.30,0.82,189.68,228.17,0.21,44.12,229.60,0.21,43.64,227.73,0.21,46.71,235.67,0.19,27.17
226.93,0.83,187.63,226.12,0.21,44.35,226.23,0.21,43.24,227.33,0.21,46.65,227.37,0.19,25.43
228.25,0.83,190.25,224.67,0.21,44.77,227.55,0.21,43.77,224.92,0.21,44.85,234.00,0.20,27.41
229.02,0.84,192.27,224.81,0.21,43.88,228.32,0.21,43.94,224.32,0.21,45.86,230.65,0.20,27.60
222.47,0.83,184.68,225.48,0.21,44.14,221.77,0.21,43.40,226.60,0.21,46.59,228.51,0.20,26.19
224.73,0.83,186.03,223.64,0.21,38.33,224.03,0.21,43.29,221.64,0.21,44.88,226.49,0.20,25.92
225.54,0.84,188.94,226.15,0.21,44.60,224.84,0.22,44.37,229.52,0.21,46.99,232.05,0.20,27.44
234.65,0.82,193.45,222.64,0.20,43.18,233.95,0.21,43.72,225.35,0.21,45.81,226.44,0.19,25.89
224.32,0.83,186.68,222.56,0.21,43.15,223.62,0.21,43.25,224.12,0.21,45.20,231.62,0.20,28.39
227.99,0.83,189.39,220.74,0.20,42.46,227.29,0.21,43.83,225.96,0.21,46.27,232.17,0.20,27.72
226.76,0.83,188.36,219.75,0.21,41.84,226.06,0.21,43.29,227.00,0.21,46.59,228.58,0.20,26.80
233.63,0.83,193.74,223.48,0.21,44.04,232.93,0.21,43.35,229.14,0.21,45.95,226.65,0.20,26.57
224.74,0.82,184.41,224.19,0.20,43.60,224.04,0.21,43.70,227.28,0.21,46.05,227.29,0.19,23.90
225.29,0.84,188.30,228.89,0.21,45.33,224.59,0.22,44.47,227.21,0.21,45.81,233.30,0.20,26.99
222.77,0.83,183.88,224.16,0.21,43.71,222.07,0.21,43.36,228.22,0.21,46.83,231.23,0.19,26.73
230.29,0.82,188.87,220.51,0.20,42.59,229.59,0.22,44.40,230.64,0.21,46.64,226.85,0.19,24.77
220.38,0.83,182.50,229.84,0.21,45.51,219.68,0.22,44.35,226.96,0.21,45.95,220.91,0.19,23.56
223.75,0.83,186.01,229.82,0.21,45.25,223.05,0.21,43.82,227.85,0.21,46.34,230.50,0.20,27.41
255.79,0.82,210.70,252.73,0.20,45.32,255.09,0.21,42.26,223.31,0.21,45.18,225.77,0.20,25.36
223.06,0.83,185.61,230.48,0.21,45.55,222.36,0.21,43.57,221.85,0.21,44.83,225.38,0.20,26.14
218.79,0.84,182.91,230.18,0.21,45.41,218.09,0.21,43.78,227.33,0.21,46.80,229.08,0.20,27.05
233.45,0.83,194.87,229.38,0.21,45.29,232.75,0.21,43.61,230.08,0.21,47.22,231.51,0.20,27.53
230.92,0.83,191.46,227.95,0.21,44.61,230.22,0.21,44.05,227.19,0.21,46.20,236.69,0.20,26.30
233.78,0.82,191.70,229.94,0.21,44.73,233.08,0.21,43.86,228.49,0.21,46.88,227.46,0.18,26.28
230.95,0.82,189.02,222.05,0.21,43.07,230.25,0.21,43.65,228.55,0.21,46.17,225.93,0.19,24.32
227.96,0.82,187.84,225.78,0.21,44.23,227.26,0.21,43.56,228.99,0.21,47.08,228.26,0.19,24.47
224.19,0.83,185.95,224.15,0.21,43.41,223.49,0.21,43.83,224.23,0.21,45.77,230.64,0.20,26.73
223.35,0.83,184.87,220.47,0.21,42.68,222.65,0.21,43.13,227.24,0.21,46.31,231.07,0.20,26.94
231.84,0.83,192.43,217.81,0.20,41.58,231.14,0.21,43.94,231.40,0.21,47.53,222.79,0.20,26.70
220.28,0.82,180.81,223.14,0.21,43.11,219.58,0.21,43.40,226.06,0.21,46.20,224.82,0.19,24.62
233.82,0.82,191.65,227.13,0.21,44.47,233.12,0.21,43.76,223.80,0.21,44.67,221.46,0.19,23.84
225.32,0.84,188.27,232.04,0.21,45.88,224.62,0.22,44.21,225.93,0.21,45.51,228.91,0.20,27.01
219.96,0.83,182.92,229.39,0.21,45.59,219.26,0.22,44.26,227.63,0.21,47.21,226.82,0.19,25.33
222.23,0.83,183.74,226.41,0.21,44.34,221.53,0.21,43.85,232.00,0.21,47.79,230.65,0.19,25.99
231.77,0.82,190.91,221.59,0.20,42.97,231.07,0.21,43.87,227.22,0.21,46.31,229.88,0.19,25.91
229.70,0.82,188.67,219.33,0.21,42.40,229.00,0.21,43.60,224.67,0.21,45.49,226.90,0.19,25.39
220.83,0.83,183.05,226.29,0.21,44.49,220.13,0.21,43.75,224.78,0.21,45.49,227.03,0.20,26.26
226.18,0.83,187.82,231.36,0.21,45.83,225.48,0.21,43.50,229.18,0.21,47.27,234.30,0.19,26.79
235.31,0.82,192.79,228.74,0.21,45.27,234.61,0.21,43.56,229.62,0.21,46.31,222.78,0.18,23.01
227.28,0.83,188.69,228.68,0.21,44.51,226.58,0.22,44.38,222.44,0.21,45.43,230.14,0.19,26.61
232.46,0.83,194.04,230.06,0.21,45.30,231.76,0.21,43.91,220.50,0.21,45.06,230.01,0.20,26.65
230.33,0.83,190.11,223.16,0.21,43.06,229.63,0.21,44.08,225.76,0.21,45.79,224.08,0.19,25.17
227.35,0.84,190.25,228.69,0.21,44.46,226.65,0.21,44.36,227.16,0.21,46.73,228.94,0.20,26.49
223.91,0.83,185.58,225.59,0.21,43.99,223.21,0.21,43.67,225.29,0.21,45.76,221.63,0.20,25.71
219.72,0.81,177.37,226.95,0.21,44.44,219.02,0.21,44.09,225.89,0.21,45.41,223.56,0.18,22.65
233.58,0.83,193.82,227.23,0.21,44.49,232.88,0.21,43.74,229.33,0.21,46.74,228.20,0.19,26.39
224.80,0.84,188.30,227.18,0.21,44.76,224.10,0.21,44.12,231.51,0.21,46.73,227.13,0.20,27.18
224.79,0.84,188.48,229.06,0.21,45.61,224.09,0.22,44.95,224.87,0.21,45.96,225.37,0.20,26.35
227.58,0.83,189.27,215.38,0.21,42.03,226.88,0.21,43.93,226.12,0.21,46.45,230.85,0.20,27.14
227.75,0.82,186.32,227.62,0.20,43.41,227.05,0.21,44.32,226.41,0.21,46.10,223.74,0.19,24.02
224.62,0.83,186.15,224.82,0.21,43.88,223.92,0.21,43.42,225.98,0.21,45.94,233.66,0.20,27.03
221.70,0.83,184.25,229.28,0.21,44.90,221.00,0.21,44.10,223.97,0.21,45.68,228.02,0.20,26.19
227.45,0.83,188.39,223.64,0.21,43.56,226.75,0.21,44.03,226.73,0.21,46.40,232.34,0.19,26.67
227.01,0.83,187.39,227.76,0.21,45.01,226.31,0.21,43.80,228.44,0.21,46.33,226.53,0.19,25.54
230.37,0.83,190.99,227.43,0.21,44.56,229.67,0.21,43.34,225.68,0.21,45.83,227.23,0.20,25.34
231.49,0.83,193.07,221.08,0.21,43.16,230.79,0.21,43.83,228.15,0.21,46.40,229.69,0.20,26.20
227.99,0.83,189.06,229.73,0.21,45.17,227.29,0.21,44.39,221.74,0.21,44.95,243.71,0.20,27.22
229.54,0.83,189.77,216.33,0.20,41.79,228.84,0.22,44.57,225.22,0.21,46.32,228.34,0.20,26.10
226.84,0.83,188.55,222.70,0.21,43.32,226.14,0.21,44.14,228.04,0.21,46.88,230.92,0.20,26.41
226.34,0.84,189.02,222.35,0.21,43.10,225.64,0.22,44.43,226.49,0.21,46.34,231.30,0.20,27.32
232.38,0.83,193.85,228.54,0.21,44.30,231.68,0.22,44.50,224.19,0.21,45.51,232.84,0.20,27.36
228.91,0.83,190.54,228.83,0.21,45.39,228.21,0.21,43.89,229.57,0.21,47.14,229.13,0.19,25.49
226.01,0.83,187.57,226.05,0.21,43.79,225.31,0.21,43.69,224.38,0.21,45.90,231.84,0.20,26.96
227.03,0.82,186.14,225.75,0.21,43.85,226.33,0.21,44.40,225.35,0.21,45.70,229.14,0.19,25.51
221.68,0.83,183.14,221.05,0.21,42.99,220.98,0.21,43.01,229.71,0.21,46.79,228.77,0.19,26.53
235.91,0.82,194.21,226.33,0.21,44.18,235.21,0.21,43.48,230.14,0.21,46.74,226.23,0.19,25.38
223.83,0.83,185.85,235.56,0.21,46.40,223.13,0.21,43.80,226.01,0.21,46.27,227.39,0.19,25.99
225.08,0.83,187.36,228.00,0.21,45.02,224.38,0.21,44.28,230.07,0.21,46.82,231.77,0.19,26.54
227.52,0.82,187.55,228.53,0.21,45.25,226.82,0.21,44.30,224.88,0.21,45.42,227.70,0.19,24.74
269.50,0.82,222.30,222.02,0.21,43.46,268.80,0.22,44.26,226.09,0.21,45.68,224.39,0.19,24.73
222.99,0.84,188.10,227.56,0.21,44.29,222.29,0.21,43.91,227.56,0.21,46.76,231.40,0.21,27.72
217.55,0.83,180.25,227.91,0.21,44.50,216.85,0.21,43.71,223.42,0.21,46.00,230.76,0.20,26.09
224.45,0.83,187.41,226.24,0.21,44.21,223.75,0.21,43.80,231.15,0.21,47.04,230.05,0.20,27.31
219.77,0.83,182.74,225.76,0.21,44.48,219.07,0.21,43.40,224.98,0.21,45.64,231.07,0.20,26.81
231.10,0.83,191.98,221.66,0.21,44.07,230.40,0.21,44.19,222.12,0.21,44.81,229.26,0.20,26.52
232.55,0.83,192.92,225.36,0.21,43.57,231.85,0.21,44.43,222.42,0.21,45.03,234.64,0.20,27.41
229.32,0.83,190.13,215.48,0.20,40.95,228.62,0.22,44.85,227.28,0.21,46.81,226.98,0.19,25.39
220.25,0.84,184.13,230.62,0.21,45.31,219.55,0.22,44.45,226.10,0.21,45.74,231.27,0.20,27.06
230.91,0.83,192.30,219.71,0.21,43.37,230.21,0.21,44.13,228.85,0.21,46.27,230.74,0.20,27.12
229.56,0.84,192.42,228.41,0.21,44.65,228.86,0.21,44.04,227.65,0.21,46.46,230.66,0.20,27.65
228.24,0.83,189.71,221.48,0.21,43.07,227.54,0.21,43.93,232.24,0.21,47.16,230.56,0.20,27.17
227.04,0.84,190.21,228.95,0.21,45.13,226.34,0.21,43.90,227.58,0.22,46.89,226.21,0.20,25.94
223.04,0.83,185.73,262.01,0.21,44.45,222.34,0.21,43.17,226.89,0.21,45.88,227.04,0.20,26.90
223.65,0.83,186.33,226.71,0.21,44.42,222.95,0.22,44.59,221.86,0.21,44.95,231.25,0.20,26.10
229.55,0.84,192.79,223.32,0.21,44.30,228.85,0.22,44.72,222.29,0.21,45.36,230.34,0.20,27.20
228.67,0.84,191.03,223.92,0.21,43.42,227.97,0.21,44.09,223.79,0.21,46.14,231.75,0.20,26.82
227.12,0.83,188.75,220.57,0.20,42.52,226.42,0.21,43.45,229.59,0.22,47.41,229.23,0.20,26.78
223.78,0.83,186.08,226.08,0.21,43.59,223.08,0.21,44.01,222.10,0.21,44.96,228.82,0.20,26.06
220.21,0.84,184.07,229.43,0.21,44.95,219.51,0.21,44.04,226.77,0.21,46.03,229.72,0.20,27.14
231.94,0.83,192.30,220.96,0.21,43.47,231.24,0.21,43.76,224.10,0.21,45.44,227.84,0.20,26.42
228.57,0.83,189.85,221.69,0.21,43.02,227.87,0.21,43.47,225.72,0.21,46.04,227.65,0.20,26.85
231.79,0.83,193.20,228.51,0.21,45.43,231.09,0.21,44.01,222.89,0.21,45.25,228.87,0.20,26.43
229.31,0.83,189.74,220.43,0.21,42.94,228.61,0.21,43.94,225.66,0.21,45.57,225.01,0.19,24.98
226.54,0.83,187.34,223.58,0.21,43.62,225.84,0.21,44.11,229.98,0.21,46.98,227.38,0.19,25.64
226.44,0.83,188.40,230.87,0.21,45.34,225.74,0.22,44.53,229.99,0.21,46.44,259.40,0.20,25.55
226.11,0.84,188.95,227.42,0.21,44.57,225.41,0.22,44.39,226.64,0.21,46.33,230.93,0.20,26.82
234.50,0.83,193.47,227.70,0.21,45.17,233.80,0.21,44.10,227.89,0.21,46.42,226.65,0.19,25.66
224.88,0.84,188.70,223.23,0.21,43.23,224.18,0.21,44.34,231.03,0.22,47.50,233.06,0.20,27.48
232.58,0.83,193.04,217.45,0.21,42.04,231.88,0.21,44.01,226.63,0.21,46.19,227.84,0.20,26.33
225.78,0.83,187.22,227.34,0.21,44.32,225.08,0.21,44.11,226.93,0.21,45.91,224.53,0.20,25.70
223.21,0.82,184.03,220.05,0.21,42.56,222.51,0.21,43.23,224.50,0.21,44.92,234.13,0.20,27.92
230.10,0.83,190.82,221.89,0.21,43.92,229.40,0.21,43.42,230.07,0.21,46.87,227.20,0.20,25.94
224.47,0.82,184.26,219.16,0.21,42.48,223.77,0.21,42.96,233.87,0.21,45.81,226.14,0.19,25.24
225.08,0.83,186.94,228.69,0.21,44.86,224.38,0.21,44.28,222.95,0.21,45.57,230.09,0.20,26.23
230.87,0.84,194.48,225.04,0.21,43.89,230.17,0.21,43.96,224.66,0.21,45.63,227.08,0.21,27.49
227.22,0.84,191.90,224.93,0.21,44.79,226.52,0.21,44.06,227.51,0.21,46.25,229.21,0.21,26.75
225.82,0.82,185.53,224.06,0.21,43.80,225.12,0.21,43.40,229.35,0.21,46.54,229.13,0.19,24.28
253.79,0.84,213.41,227.40,0.21,44.89,253.09,0.21,44.01,220.27,0.21,44.28,233.41,0.21,27.24
228.37,0.84,190.86,226.75,0.21,44.32,227.67,0.21,43.81,228.98,0.21,46.77,228.66,0.20,27.00
221.74,0.84,185.27,219.28,0.21,42.50,221.04,0.21,44.21,226.70,0.21,46.15,227.60,0.20,27.00
220.78,0.84,185.21,225.90,0.21,43.79,220.08,0.21,44.25,224.67,0.21,46.07,232.36,0.20,27.02
227.27,0.84,189.97,218.99,0.21,43.34,226.57,0.21,44.14,228.28,0.21,46.64,227.57,0.20,25.97
226.80,0.84,190.06,219.59,0.21,43.06,226.10,0.21,43.71,224.55,0.21,45.78,226.46,0.20,27.51
225.70,0.83,188.00,226.79,0.21,44.32,225.00,0.21,43.90,228.20,0.21,46.53,225.95,0.20,25.08
228.64,0.83,189.30,222.02,0.21,43.22,227.94,0.21,43.66,219.78,0.21,43.50,225.88,0.20,25.79
226.39,0.83,189.03,230.00,0.21,45.64,225.69,0.21,43.96,224.74,0.21,45.77,225.05,0.20,24.67
218.46,0.81,176.42,228.91,0.21,45.58,217.76,0.22,45.13,224.79,0.21,45.30,222.53,0.17,21.01
221.04,0.83,184.11,220.65,0.21,42.77,220.34,0.21,44.07,225.21,0.21,45.13,229.74,0.20,26.69
218.51,0.83,180.54,222.79,0.21,43.45,217.81,0.22,44.93,228.95,0.21,46.70,226.97,0.19,24.88
222.92,0.85,188.50,223.01,0.21,44.45,222.22,0.22,44.70,233.19,0.22,47.91,228.05,0.20,26.50
235.21,0.83,195.99,232.42,0.21,44.56,234.51,0.21,43.61,229.30,0.21,46.66,224.11,0.20,25.41
222.18,0.83,185.29,223.17,0.21,43.14,221.48,0.21,43.92,226.54,0.21,46.56,230.39,0.20,27.02
226.86,0.83,187.65,224.45,0.20,43.37,226.16,0.21,43.70,230.76,0.21,47.03,226.42,0.20,25.60
227.89,0.83,189.32,218.09,0.20,42.13,227.19,0.21,43.73,227.94,0.21,46.30,230.88,0.20,26.30
226.80,0.83,187.37,222.14,0.21,43.75,226.10,0.21,44.08,225.97,0.21,46.33,224.02,0.19,24.37
228.32,0.83,190.53,229.96,0.21,45.36,227.62,0.22,44.69,231.76,0.22,48.10,227.13,0.19,25.20
226.38,0.83,188.94,229.92,0.21,45.29,225.68,0.21,43.29,226.80,0.21,46.38,227.78,0.20,25.84
224.90,0.83,186.92,222.14,0.21,43.10,224.20,0.21,43.15,229.68,0.21,46.87,229.86,0.20,26.39
224.38,0.84,187.66,224.72,0.21,44.28,223.68,0.21,44.34,225.19,0.21,45.78,226.48,0.20,26.68
229.01,0.83,190.84,227.03,0.21,45.18,228.31,0.21,44.09,228.69,0.21,46.01,224.28,0.20,24.44
223.97,0.83,185.22,222.44,0.21,43.07,223.27,0.21,43.68,224.09,0.21,45.45,231.85,0.20,27.37
231.43,0.83,191.29,222.44,0.21,44.11,230.73,0.21,43.57,224.40,0.21,45.49,226.02,0.19,25.22
221.84,0.84,186.99,231.21,0.21,46.13,221.14,0.21,43.72,251.88,0.21,47.23,263.96,0.20,26.27
223.49,0.83,185.96,221.72,0.21,43.55,222.79,0.21,44.07,228.83,0.22,47.11,227.08,0.19,25.59
232.69,0.84,195.61,228.55,0.21,46.12,231.99,0.21,43.88,228.48,0.21,47.05,229.31,0.20,26.41
227.06,0.82,187.13,220.83,0.21,43.21,226.36,0.21,43.72,224.78,0.21,45.66,228.23,0.19,25.43
232.77,0.83,194.21,220.14,0.21,43.61,232.07,0.21,44.06,227.49,0.22,46.83,230.50,0.19,26.89
230.02,0.82,189.69,223.06,0.21,43.69,229.32,0.21,43.90,228.21,0.21,46.38,227.16,0.19,25.65
221.00,0.82,180.71,222.23,0.21,43.05,220.30,0.21,43.78,225.18,0.21,45.33,225.31,0.19,24.33
230.76,0.83,191.49,224.69,0.21,43.86,230.06,0.22,44.12,224.68,0.21,45.44,227.06,0.20,25.39
229.03,0.84,191.42,225.14,0.21,44.56,228.33,0.22,44.37,229.12,0.21,46.89,232.52,0.20,27.44
226.76,0.84,189.68,223.46,0.21,43.71,226.06,0.22,44.38,231.65,0.22,47.54,232.70,0.20,26.11
224.74,0.83,185.60,228.45,0.21,45.52,224.04,0.22,44.43,232.40,0.21,47.07,226.31,0.19,23.95
223.88,0.82,183.88,223.17,0.21,43.29,223.18,0.22,44.20,228.36,0.21,46.39,227.56,0.19,24.62
226.99,0.83,188.55,223.21,0.21,43.58,226.29,0.21,44.15,229.41,0.21,46.79,229.42,0.19,25.49
257.77,0.83,215.22,228.78,0.21,45.04,257.07,0.22,44.30,228.24,0.22,47.23,237.32,0.19,28.73
223.46,0.83,184.75,221.99,0.21,43.47,222.76,0.22,44.30,228.50,0.22,47.09,230.68,0.19,26.50
226.17,0.84,188.92,221.76,0.21,43.04,225.47,0.22,44.32,228.24,0.21,46.32,233.73,0.20,27.59
226.08,0.83,187.70,224.94,0.21,44.09,225.38,0.22,44.21,226.09,0.21,46.21,224.17,0.19,25.46
224.61,0.83,187.09,233.19,0.21,46.09,223.91,0.22,45.02,227.91,0.21,46.61,225.82,0.19,24.45
226.86,0.83,188.89,230.13,0.21,45.69,226.16,0.22,44.61,232.60,0.21,47.21,228.70,0.19,25.01
221.46,0.83,184.46,231.80,0.21,46.23,220.76,0.22,44.81,227.18,0.21,46.61,231.06,0.19,26.16
233.09,0.83,193.48,218.72,0.21,42.70,232.39,0.21,43.68,226.82,0.22,46.91,232.82,0.19,26.78
226.24,0.82,186.39,219.61,0.20,42.27,225.54,0.21,44.17,227.19,0.21,46.51,229.94,0.19,26.06
231.31,0.83,192.82,223.68,0.20,43.10,230.61,0.22,44.41,228.69,0.22,47.17,232.87,0.20,28.26
226.95,0.83,188.32,221.27,0.21,43.79,226.25,0.21,44.09,233.40,0.22,48.15,227.98,0.19,25.67
228.09,0.82,186.43,233.03,0.21,45.91,227.39,0.21,44.22,226.84,0.21,46.06,225.09,0.18,22.91
227.70,0.83,189.22,229.64,0.21,45.48,227.00,0.21,43.97,228.05,0.21,46.65,231.50,0.19,26.24
264.12,0.83,218.89,220.87,0.21,42.14,263.42,0.21,43.91,225.43,0.21,46.33,230.01,0.20,27.75
223.11,0.82,183.52,224.79,0.21,43.86,222.41,0.21,43.95,222.96,0.21,44.73,227.81,0.19,25.14
218.44,0.83,182.27,233.11,0.21,46.41,217.74,0.21,44.02,226.38,0.21,46.19,229.88,0.20,26.35
231.70,0.83,192.75,230.71,0.21,45.36,231.00,0.21,44.07,228.96,0.21,46.56,228.61,0.19,25.85
231.27,0.83,191.31,222.34,0.21,43.07,230.58,0.21,44.05,230.01,0.21,46.48,229.70,0.19,26.16
229.86,0.83,191.04,224.60,0.21,43.96,229.16,0.21,43.56,225.37,0.21,45.89,228.02,0.20,26.29
225.72,0.82,186.21,223.45,0.21,43.55,225.02,0.21,42.96,225.88,0.21,45.57,227.34,0.19,26.48
226.00,0.82,185.52,226.69,0.21,44.23,225.30,0.22,44.65,224.72,0.21,44.93,228.83,0.19,25.71
224.21,0.83,185.71,226.30,0.21,44.66,223.51,0.22,44.35,220.36,0.21,44.06,232.55,0.19,26.80
231.37,0.83,192.27,224.33,0.21,44.92,230.67,0.21,43.78,230.90,0.21,47.08,227.90,0.19,26.04
227.65,0.84,190.15,230.61,0.21,45.65,226.95,0.22,44.74,226.62,0.22,47.05,228.31,0.19,26.24
233.77,0.83,194.34,225.12,0.21,44.70,233.07,0.22,44.50,224.65,0.21,45.82,228.92,0.19,25.51
225.33,0.84,189.42,236.71,0.21,46.93,224.63,0.22,44.21,225.19,0.21,46.35,256.08,0.20,28.40
230.88,0.83,192.55,223.44,0.21,43.87,230.18,0.22,44.73,226.74,0.21,46.57,231.08,0.19,26.49
226.28,0.83,187.39,224.50,0.21,43.69,225.58,0.22,44.30,229.16,0.21,46.88,227.59,0.19,26.01
233.24,0.83,193.91,223.92,0.21,44.82,232.54,0.22,44.25,229.06,0.21,46.57,225.60,0.19,25.37
226.23,0.83,187.67,229.05,0.21,44.93,225.53,0.22,44.63,227.58,0.21,46.91,228.76,0.19,25.72
232.69,0.83,193.56,224.84,0.21,44.66,231.99,0.22,44.89,228.60,0.21,46.71,229.25,0.19,25.77
228.60,0.82,187.04,225.16,0.21,44.25,227.90,0.22,44.81,227.94,0.21,45.79,223.40,0.18,24.00
220.51,0.83,183.79,224.16,0.21,43.92,219.81,0.21,44.15,230.53,0.22,47.50,232.72,0.20,26.73
231.23,0.83,192.89,226.71,0.21,44.37,230.53,0.22,44.97,226.52,0.22,46.61,232.27,0.19,26.70
227.38,0.82,186.55,224.68,0.21,43.83,226.68,0.22,45.01,229.11,0.21,46.35,227.84,0.18,23.53
225.85,0.83,187.32,232.69,0.21,46.27,225.15,0.22,44.83,228.64,0.21,46.86,225.97,0.19,25.03
227.36,0.84,190.59,227.38,0.21,44.94,226.66,0.22,44.80,229.62,0.22,47.68,234.62,0.19,27.50
229.64,0.83,191.58,224.54,0.21,44.29,228.94,0.22,45.01,228.44,0.22,47.29,228.35,0.19,26.19
225.69,0.83,188.29,229.73,0.21,44.94,224.99,0.22,44.80,236.32,0.22,42.20,232.02,0.20,26.59
222.74,0.83,184.86,225.63,0.21,43.96,222.04,0.22,44.47,230.85,0.22,47.60,230.88,0.19,26.41
234.75,0.84,196.22,225.29,0.21,44.39,234.05,0.22,45.03,231.23,0.22,47.66,231.76,0.19,26.90
227.35,0.83,189.32,223.68,0.21,44.85,226.65,0.22,45.81,221.36,0.21,44.81,232.86,0.19,26.46
226.87,0.83,188.41,222.74,0.21,43.47,226.17,0.22,44.55,225.60,0.21,45.96,231.35,0.19,26.54
226.54,0.83,187.94,227.05,0.21,44.31,225.84,0.21,43.80,225.29,0.21,46.24,230.46,0.19,26.75
222.60,0.83,183.99,226.96,0.21,44.71,221.90,0.21,43.63,224.79,0.21,45.87,226.35,0.19,25.08
232.26,0.83,193.50,228.23,0.21,45.30,231.56,0.22,44.67,227.76,0.21,46.99,230.71,0.19,25.86
229.62,0.83,190.73,221.35,0.21,43.09,228.92,0.21,44.04,230.40,0.22,47.83,231.81,0.19,26.06
221.98,0.82,182.67,224.30,0.21,43.38,221.28,0.21,44.15,229.93,0.21,47.39,228.81,0.19,25.47
228.22,0.83,189.87,224.28,0.21,43.72,227.52,0.22,44.42,227.24,0.21,46.23,233.53,0.20,27.27
230.01,0.83,190.14,220.58,0.21,42.99,229.31,0.22,44.67,230.07,0.21,46.96,227.33,0.19,25.20
222.38,0.83,185.36,230.19,0.21,45.75,221.68,0.22,44.57,228.34,0.22,47.17,230.83,0.19,26.01
227.87,0.83,189.19,221.76,0.21,43.25,227.17,0.22,44.39,224.96,0.21,45.67,235.08,0.20,27.36
231.04,0.83,191.77,229.72,0.21,45.55,230.34,0.21,44.17,230.91,0.21,46.40,230.93,0.19,25.78
234.59,0.84,196.06,222.32,0.21,43.56,233.89,0.21,44.18,229.25,0.22,47.46,234.06,0.20,28.79
224.27,0.84,187.36,228.52,0.21,45.31,223.57,0.22,45.42,227.59,0.21,46.63,229.85,0.19,26.43
220.90,0.84,184.72,230.02,0.21,45.93,220.20,0.22,45.35,226.09,0.22,46.59,233.73,0.19,27.03
232.78,0.83,193.88,225.33,0.21,44.16,232.08,0.22,44.95,231.55,0.22,47.87,231.97,0.19,26.88
227.24,0.83,189.69,224.20,0.21,44.26,226.54,0.22,44.55,229.61,0.21,47.26,229.55,0.19,27.33
228.71,0.82,187.88,230.07,0.21,45.40,228.01,0.21,44.10,229.18,0.21,46.73,228.59,0.18,25.51
227.86,0.83,188.03,234.26,0.21,47.06,227.16,0.22,44.75,227.70,0.21,46.31,228.72,0.18,24.09
228.99,0.82,186.90,227.31,0.21,44.83,228.29,0.22,44.60,224.25,0.21,45.11,224.23,0.18,22.91
220.77,0.84,184.71,228.34,0.21,45.14,220.07,0.22,44.74,230.20,0.22,47.82,231.04,0.19,25.84
233.04,0.83,193.73,224.11,0.21,44.16,232.34,0.22,44.54,227.69,0.21,46.41,228.98,0.19,25.74
230.40,0.82,189.81,247.71,0.21,45.98,229.70,0.21,43.62,227.79,0.21,46.61,226.97,0.19,24.16
228.21,0.83,190.43,229.13,0.21,45.29,227.51,0.22,44.62,224.31,0.21,45.85,234.91,0.20,26.75
232.52,0.83,193.49,222.20,0.21,43.14,231.82,0.21,44.11,226.89,0.22,47.12,230.77,0.19,26.49
222.59,0.82,183.06,226.67,0.21,44.73,221.89,0.21,44.01,230.48,0.21,46.66,224.83,0.19,24.51
221.70,0.83,184.08,227.40,0.21,44.38,221.00,0.22,44.39,229.02,0.21,46.51,227.47,0.20,26.18
224.17,0.83,186.25,224.23,0.21,43.46,223.47,0.21,43.87,230.99,0.22,47.97,230.58,0.19,26.96
221.24,0.83,184.35,229.38,0.21,45.34,220.54,0.22,44.60,229.58,0.22,47.73,228.89,0.19,26.02
221.00,0.83,183.29,223.54,0.21,43.55,220.30,0.22,44.52,222.16,0.21,45.18,230.89,0.19,27.10
214.39,0.84,179.44,232.59,0.21,46.37,213.69,0.22,45.49,229.47,0.21,46.50,227.50,0.20,26.29
222.70,0.83,184.39,226.10,0.21,44.19,222.00,0.21,44.16,224.58,0.22,46.24,229.42,0.19,25.26
227.39,0.84,190.36,227.68,0.21,45.28,226.69,0.22,45.33,233.35,0.22,48.26,231.46,0.19,26.19
235.69,0.84,197.62,227.74,0.21,45.64,234.99,0.22,45.03,231.35,0.22,48.02,230.36,0.19,26.11
224.71,0.84,188.72,226.48,0.21,44.78,224.01,0.22,44.70,231.45,0.22,47.67,229.25,0.20,25.91
230.45,0.83,192.11,229.29,0.21,44.75,229.75,0.22,44.17,228.46,0.22,47.15,228.48,0.19,25.94
222.44,0.83,185.03,233.15,0.21,43.86,221.74,0.22,44.78,229.63,0.22,47.30,229.46,0.19,26.26
228.77,0.84,191.07,223.24,0.21,44.55,228.07,0.22,45.03,229.51,0.22,47.21,231.93,0.19,25.92
222.46,0.84,185.82,223.62,0.21,43.82,221.76,0.22,45.28,229.20,0.22,47.22,227.44,0.19,26.23
224.85,0.83,187.29,223.88,0.21,43.88,224.15,0.22,45.78,228.40,0.21,46.92,227.34,0.19,25.32
225.52,0.83,188.31,225.81,0.21,44.67,224.82,0.22,47.25,225.15,0.21,45.60,229.57,0.19,25.74
236.35,0.61,143.89,235.64,0.20,45.31,235.65,0.00,0.00,228.41,0.21,46.47,230.01,0.19,25.35
225.78,0.62,140.41,236.99,0.21,47.43,225.08,0.00,0.00,233.19,0.22,48.04,232.51,0.19,25.55
229.90,0.62,141.44,235.83,0.21,47.04,229.20,0.00,0.00,233.25,0.22,47.98,232.46,0.19,24.03
231.03,0.62,142.22,238.27,0.21,47.55,230.33,0.00,0.00,229.13,0.21,46.48,227.95,0.19,24.77
228.50,0.62,140.62,230.03,0.21,45.48,227.80,0.00,0.00,228.23,0.21,46.25,236.95,0.19,27.14
233.22,0.62,143.47,232.34,0.21,45.75,232.52,0.00,0.00,229.90,0.21,46.66,229.59,0.19,25.75
229.51,0.62,141.70,233.25,0.21,45.65,228.81,0.00,0.00,228.13,0.22,46.48,235.15,0.19,26.59
234.49,0.62,145.06,228.79,0.21,44.12,233.79,0.00,0.00,234.41,0.22,48.69,233.49,0.19,26.17
229.89,0.61,140.97,233.55,0.21,46.25,229.19,0.00,0.00,226.99,0.21,45.77,227.53,0.19,25.39
228.53,0.61,139.77,233.29,0.21,45.92,227.83,0.00,0.00,228.29,0.21,46.05,225.20,0.19,24.87
226.55,0.62,139.41,237.26,0.21,47.24,225.85,0.00,0.00,252.97,0.21,47.35,228.08,0.19,24.71
227.65,0.62,140.49,237.91,0.21,47.48,226.95,0.00,0.00,230.25,0.21,46.76,227.85,0.19,25.29
226.02,0.61,137.60,234.03,0.21,46.58,225.32,0.00,0.00,227.66,0.21,46.12,224.14,0.19,23.58
224.73,0.61,137.66,233.67,0.21,46.47,224.03,0.00,0.00,228.66,0.21,46.68,224.17,0.19,24.10
224.25,0.62,138.39,232.35,0.21,46.09,223.55,0.00,0.00,229.80,0.21,47.14,230.46,0.19,25.76
220.34,0.62,135.84,236.74,0.21,47.22,219.64,0.00,0.00,227.77,0.21,46.41,231.23,0.19,26.36
229.52,0.62,142.86,231.68,0.21,45.93,228.82,0.00,0.00,228.06,0.22,46.80,238.17,0.20,27.85
225.76,0.62,139.78,260.81,0.21,49.79,225.06,0.00,0.00,230.36,0.22,47.38,229.74,0.19,25.29
226.75,0.61,138.90,230.06,0.21,45.43,226.05,0.00,0.00,233.06,0.21,47.86,231.86,0.19,24.53
226.16,0.62,139.95,225.56,0.21,43.58,225.46,0.00,0.00,229.37,0.22,47.31,235.05,0.20,27.55
231.58,0.62,143.62,226.25,0.21,43.78,230.88,0.00,0.00,231.19,0.22,47.81,232.30,0.20,28.16
229.20,0.62,143.01,229.04,0.21,45.86,228.50,0.00,0.00,231.76,0.22,47.82,235.46,0.20,28.10
229.07,0.62,141.58,233.55,0.21,45.99,228.37,0.00,0.00,229.91,0.21,46.93,228.70,0.19,26.22
218.05,0.61,133.84,238.02,0.21,47.10,217.35,0.00,0.00,230.36,0.21,46.89,226.55,0.19,24.55
266.00,0.60,160.89,222.45,0.21,42.84,265.30,0.00,0.00,227.57,0.21,45.97,224.93,0.19,24.50
229.28,0.62,141.37,229.08,0.21,45.03,228.58,0.00,0.00,230.97,0.22,47.41,232.42,0.19,26.24
234.13,0.61,143.57,229.74,0.21,45.01,233.43,0.00,0.00,233.24,0.21,47.33,224.06,0.19,24.88
229.76,0.61,141.23,233.13,0.21,46.53,229.06,0.00,0.00,227.03,0.21,46.18,231.81,0.19,26.25
233.51,0.61,143.05,230.61,0.21,45.30,232.81,0.00,0.00,229.92,0.21,46.47,229.83,0.19,25.49
236.07,0.61,144.48,222.79,0.21,43.26,235.37,0.00,0.00,229.88,0.21,46.44,231.48,0.19,25.66
231.01,0.62,142.15,229.83,0.21,45.56,230.31,0.00,0.00,228.77,0.21,46.47,253.81,0.19,25.13
226.42,0.62,140.31,240.72,0.21,46.02,225.72,0.00,0.00,237.38,0.22,48.65,230.24,0.19,26.68
229.92,0.63,143.88,234.26,0.21,46.03,229.22,0.00,0.00,240.72,0.22,44.52,237.33,0.20,27.90
234.50,0.61,143.81,234.42,0.21,46.04,233.80,0.00,0.00,226.85,0.21,45.82,234.13,0.19,26.63
232.93,0.61,141.46,227.75,0.21,44.52,232.23,0.00,0.00,227.12,0.21,45.82,228.03,0.19,24.91
226.10,0.61,138.68,231.31,0.21,45.52,225.40,0.00,0.00,227.65,0.21,46.00,225.68,0.19,25.03
227.39,0.61,139.51,231.09,0.21,45.18,226.69,0.00,0.00,229.22,0.21,46.63,229.71,0.19,26.14
227.95,0.61,139.18,231.12,0.21,45.59,227.25,0.00,0.00,230.89,0.22,47.60,267.51,0.19,25.50
228.69,0.61,139.99,229.03,0.21,45.33,227.99,0.00,0.00,229.98,0.21,46.82,225.20,0.19,24.40
226.35,0.61,138.41,230.99,0.21,45.67,225.65,0.00,0.00,232.01,0.22,47.93,243.03,0.18,27.37
233.74,0.62,145.55,236.00,0.21,46.98,233.04,0.00,0.00,231.78,0.21,47.09,236.00,0.20,27.42
229.76,0.61,140.88,231.54,0.21,45.61,229.06,0.00,0.00,230.46,0.21,46.88,226.36,0.19,24.80
226.34,0.60,136.75,228.39,0.20,43.80,225.64,0.00,0.00,229.02,0.21,46.25,229.26,0.19,24.77
229.43,0.61,140.43,226.11,0.21,44.25,228.73,0.00,0.00,229.88,0.21,47.07,232.55,0.19,26.25
233.90,0.61,142.51,231.75,0.21,45.50,233.20,0.00,0.00,230.39,0.21,46.35,223.95,0.19,23.33
225.99,0.62,140.02,224.70,0.21,43.61,225.29,0.00,0.00,232.86,0.22,48.13,234.13,0.19,26.17
226.86,0.62,140.12,226.92,0.21,44.25,226.16,0.00,0.00,229.42,0.22,47.23,233.63,0.19,27.02
229.27,0.62,141.89,231.34,0.21,45.58,228.57,0.00,0.00,232.70,0.22,47.63,232.01,0.19,26.37
235.78,0.61,144.68,221.52,0.21,43.55,235.08,0.00,0.00,232.12,0.22,47.46,229.47,0.19,25.12
235.20,0.62,144.94,235.02,0.21,46.36,234.50,0.00,0.00,230.94,0.21,47.13,229.01,0.19,25.65
232.47,0.61,142.22,232.31,0.21,45.82,231.77,0.00,0.00,231.08,0.21,46.89,229.34,0.19,24.91
226.63,0.62,140.11,235.01,0.21,46.61,225.93,0.00,0.00,232.17,0.22,48.02,254.18,0.19,25.79
234.66,0.62,144.50,229.68,0.21,45.87,233.96,0.00,0.00,228.73,0.21,46.41,234.61,0.19,25.82
237.99,0.62,148.11,232.32,0.21,45.72,237.29,0.00,0.00,238.23,0.22,50.11,235.05,0.19,26.66
234.15,0.61,143.20,229.23,0.21,46.26,233.45,0.00,0.00,233.09,0.22,48.10,231.50,0.18,23.86
233.05,0.62,144.62,235.58,0.21,46.63,232.35,0.00,0.00,229.72,0.22,47.17,233.57,0.19,26.14
230.46,0.62,141.93,233.33,0.21,46.11,229.76,0.00,0.00,231.19,0.21,46.90,231.30,0.19,25.92
227.96,0.62,140.50,232.05,0.21,45.55,227.26,0.00,0.00,223.97,0.21,45.35,238.58,0.19,27.47
236.79,0.61,145.13,233.92,0.21,45.96,236.09,0.00,0.00,228.91,0.21,45.96,227.84,0.19,24.74
229.25,0.61,140.95,231.69,0.21,45.80,228.55,0.00,0.00,233.04,0.22,47.54,232.53,0.19,25.60
228.00,0.61,140.12,236.39,0.21,46.91,227.30,0.00,0.00,231.19,0.22,47.34,228.62,0.19,24.65
225.61,0.62,139.61,233.06,0.21,45.73,224.91,0.00,0.00,231.92,0.22,47.77,237.25,0.19,27.01
235.19,0.62,145.71,233.82,0.21,46.48,234.49,0.00,0.00,232.53,0.22,47.46,234.62,0.19,25.97
231.33,0.61,141.11,233.34,0.21,45.51,230.63,0.00,0.00,230.74,0.21,47.01,227.86,0.19,25.56
228.01,0.62,140.62,235.47,0.21,46.59,227.31,0.00,0.00,230.76,0.21,47.03,227.60,0.19,25.24
229.48,0.62,142.42,229.98,0.21,45.44,228.78,0.00,0.00,228.19,0.21,44.70,237.74,0.20,26.51
226.59,0.62,139.83,227.64,0.21,44.16,225.89,0.00,0.00,229.09,0.22,46.76,240.59,0.19,27.08
239.76,0.62,147.46,229.30,0.21,44.59,239.06,0.00,0.00,228.37,0.21,46.21,228.88,0.19,25.31
231.91,0.61,141.73,234.64,0.21,45.88,231.21,0.00,0.00,229.05,0.21,46.65,227.86,0.19,24.40
230.54,0.63,145.64,226.64,0.21,44.25,229.84,0.00,0.00,240.43,0.23,51.26,236.31,0.20,27.09
234.36,0.62,144.88,229.97,0.21,44.84,233.66,0.00,0.00,231.04,0.22,48.07,234.02,0.19,25.83
237.94,0.61,145.81,227.44,0.21,44.15,237.24,0.00,0.00,233.95,0.22,47.90,235.11,0.19,26.33
233.27,0.62,144.26,231.47,0.21,45.60,232.57,0.00,0.00,255.26,0.21,46.93,234.49,0.19,26.63
233.72,0.61,141.55,226.45,0.21,43.89,233.02,0.00,0.00,229.19,0.21,46.11,229.60,0.19,24.84
230.62,0.61,140.10,232.25,0.21,45.36,229.92,0.00,0.00,228.63,0.21,46.03,225.95,0.19,24.58
230.65,0.61,140.50,228.22,0.21,44.43,229.95,0.00,0.00,230.62,0.21,46.94,228.22,0.19,24.67
232.82,0.61,142.70,230.27,0.21,45.40,232.12,0.00,0.00,233.90,0.22,48.12,232.05,0.19,26.25
227.51,0.62,141.14,227.60,0.21,44.53,226.81,0.00,0.00,231.13,0.22,47.73,238.45,0.19,26.87
234.68,0.61,143.22,223.50,0.21,43.52,233.98,0.00,0.00,229.70,0.21,46.22,226.76,0.19,25.01
228.07,0.61,139.67,227.78,0.21,44.24,227.37,0.00,0.00,229.95,0.21,46.73,228.34,0.19,25.50
228.20,0.61,139.09,230.93,0.21,44.98,227.50,0.00,0.00,229.74,0.21,46.72,227.18,0.19,24.73
233.12,0.62,143.93,235.53,0.21,46.82,232.42,0.00,0.00,232.46,0.21,47.70,231.20,0.19,25.33
227.23,0.61,139.18,227.49,0.21,44.37,226.53,0.00,0.00,227.71,0.21,46.11,228.78,0.19,25.13
228.63,0.61,139.74,232.54,0.21,46.11,227.93,0.00,0.00,227.44,0.21,46.02,228.54,0.19,25.24
231.32,0.60,139.90,227.99,0.21,44.84,230.62,0.00,0.00,229.74,0.21,46.61,227.75,0.18,23.91
225.68,0.62,138.94,236.47,0.21,47.64,224.98,0.00,0.00,231.27,0.21,46.91,228.29,0.19,25.12
224.24,0.62,139.01,242.59,0.21,45.79,223.54,0.00,0.00,231.52,0.21,47.11,233.81,0.20,26.82
231.77,0.61,140.75,230.48,0.21,45.04,231.07,0.00,0.00,227.39,0.21,45.52,228.54,0.19,25.10
227.78,0.61,139.53,235.67,0.21,46.31,227.08,0.00,0.00,228.75,0.21,46.31,226.60,0.19,24.94
229.63,0.61,140.73,233.08,0.21,46.49,228.93,0.00,0.00,235.68,0.22,48.61,226.48,0.18,24.19
230.04,0.62,141.85,226.78,0.21,44.48,229.34,0.00,0.00,231.99,0.21,47.42,232.01,0.19,26.03
234.76,0.62,144.94,232.25,0.21,45.54,234.06,0.00,0.00,230.46,0.21,46.85,231.42,0.19,26.22
223.85,0.61,135.87,231.33,0.21,45.51,223.15,0.00,0.00,228.58,0.21,46.50,223.70,0.18,23.89
233.08,0.61,143.12,232.90,0.21,46.29,232.38,0.00,0.00,232.32,0.21,47.19,226.94,0.19,24.57
226.65,0.63,141.92,236.48,0.21,47.24,225.95,0.00,0.00,230.46,0.21,47.01,228.56,0.20,26.23
228.71,0.62,142.14,230.55,0.21,45.88,228.01,0.00,0.00,229.59,0.21,46.38,230.35,0.20,25.60
230.18,0.62,142.30,227.74,0.21,43.96,229.48,0.00,0.00,226.92,0.21,45.79,225.44,0.20,24.97
231.94,0.63,145.34,228.38,0.21,45.20,231.24,0.00,0.00,230.52,0.21,46.96,237.67,0.20,27.13
231.79,0.62,142.95,235.56,0.21,46.61,231.09,0.00,0.00,230.77,0.22,47.48,227.18,0.19,24.18
229.04,0.62,142.61,232.49,0.21,46.14,228.34,0.00,0.00,232.33,0.21,46.71,245.92,0.20,25.06
223.87,0.62,138.65,233.91,0.21,46.53,223.17,0.00,0.00,228.82,0.21,46.47,227.75,0.19,24.53
223.21,0.62,139.21,237.60,0.21,47.09,222.51,0.00,0.00,229.59,0.21,46.59,228.20,0.20,25.79
228.67,0.62,142.58,233.72,0.21,45.63,227.97,0.00,0.00,231.32,0.22,47.35,240.47,0.20,27.41
238.93,0.62,149.23,232.19,0.21,45.59,238.23,0.00,0.00,230.27,0.21,46.53,236.44,0.20,27.22
234.45,0.62,145.72,227.04,0.21,44.91,233.75,0.00,0.00,227.30,0.22,46.19,238.33,0.19,26.99
230.58,0.63,144.13,230.67,0.21,45.36,229.88,0.00,0.00,229.11,0.22,47.22,235.37,0.20,27.96
228.51,0.62,141.38,232.09,0.21,45.27,227.81,0.00,0.00,254.89,0.21,47.71,241.83,0.20,25.52
227.94,0.62,141.76,227.48,0.21,45.14,227.24,0.00,0.00,231.27,0.22,47.07,237.97,0.20,27.12
234.26,0.61,143.28,228.61,0.21,44.95,233.56,0.00,0.00,229.41,0.21,46.45,228.78,0.19,24.78
225.27,0.61,137.93,231.52,0.21,45.68,224.57,0.00,0.00,230.48,0.21,46.89,228.88,0.19,24.72
231.43,0.62,143.15,233.71,0.21,46.38,230.73,0.00,0.00,235.75,0.22,48.68,232.91,0.19,24.88
230.63,0.62,141.98,238.60,0.21,46.17,229.93,0.00,0.00,233.89,0.22,48.92,236.58,0.19,25.78
234.49,0.62,144.60,233.65,0.21,45.79,233.79,0.00,0.00,227.86,0.21,46.34,237.37,0.19,27.26
232.95,0.61,143.17,232.27,0.21,45.66,232.25,0.00,0.00,228.36,0.22,46.26,233.88,0.19,26.00
251.50,0.61,153.25,230.16,0.21,44.49,250.80,0.00,0.00,229.41,0.21,46.65,228.60,0.19,24.97
235.63,0.62,146.69,233.69,0.21,46.73,234.93,0.00,0.00,225.09,0.22,46.08,233.64,0.19,26.38
228.85,0.62,141.28,233.69,0.21,46.20,228.15,0.00,0.00,230.84,0.22,47.59,231.08,0.19,26.06
230.84,0.62,142.08,231.46,0.21,45.52,230.14,0.00,0.00,227.52,0.22,46.79,231.60,0.19,26.35
231.81,0.61,141.24,229.08,0.21,44.86,231.11,0.00,0.00,229.21,0.21,46.30,229.11,0.19,24.79
228.40,0.62,140.56,231.65,0.21,45.65,227.70,0.00,0.00,231.09,0.21,47.05,230.29,0.19,25.46
230.77,0.61,141.21,232.85,0.21,45.62,230.07,0.00,0.00,229.52,0.21,46.32,237.86,0.19,26.95
234.35,0.62,144.45,262.66,0.21,46.94,233.65,0.00,0.00,232.55,0.21,47.54,233.83,0.19,26.13
234.56,0.61,142.76,228.08,0.21,44.50,233.86,0.00,0.00,228.40,0.21,46.07,227.26,0.19,24.57
228.60,0.61,139.89,236.51,0.21,47.27,227.90,0.00,0.00,229.56,0.21,46.38,230.91,0.19,24.95
235.74,0.61,143.68,231.11,0.21,45.01,235.04,0.00,0.00,228.82,0.21,46.48,229.16,0.19,25.45
229.18,0.61,140.93,231.30,0.21,45.74,228.48,0.00,0.00,230.66,0.21,47.09,229.47,0.19,25.25
229.76,0.61,139.04,231.99,0.21,44.88,229.06,0.00,0.00,229.02,0.21,46.52,228.22,0.19,25.10
233.71,0.62,144.12,233.16,0.21,45.78,233.01,0.00,0.00,233.69,0.22,48.10,234.67,0.19,26.69
233.42,0.60,141.02,222.95,0.21,43.55,232.72,0.00,0.00,231.04,0.21,47.03,224.70,0.18,22.48
233.54,0.61,142.71,231.71,0.21,45.69,232.84,0.00,0.00,227.03,0.21,45.80,226.17,0.19,24.31
227.38,0.61,139.15,235.55,0.21,46.20,226.68,0.00,0.00,231.02,0.21,47.08,226.86,0.19,24.98
228.64,0.61,139.90,233.33,0.21,45.95,227.94,0.00,0.00,228.00,0.21,46.20,227.58,0.19,25.14
232.78,0.61,143.02,233.24,0.21,46.18,232.08,0.00,0.00,234.61,0.21,47.81,230.17,0.19,25.17
231.22,0.61,140.60,228.35,0.21,44.65,230.52,0.00,0.00,230.38,0.21,46.59,228.18,0.19,24.43
227.38,0.62,140.13,230.48,0.21,44.96,226.68,0.00,0.00,225.90,0.21,42.41,260.24,0.19,27.23
226.32,0.62,140.18,226.88,0.21,43.93,225.62,0.00,0.00,234.75,0.22,48.95,236.33,0.19,26.72
235.18,0.62,146.19,236.18,0.21,46.53,234.48,0.00,0.00,231.11,0.22,47.26,236.05,0.19,27.33
236.02,0.62,145.42,232.45,0.21,45.76,235.32,0.00,0.00,231.70,0.21,47.08,234.39,0.19,26.74
232.73,0.62,143.29,228.45,0.21,44.87,232.03,0.00,0.00,234.08,0.21,47.73,236.62,0.19,26.76
235.09,0.62,144.73,229.41,0.21,44.36,234.39,0.00,0.00,230.59,0.22,47.15,234.16,0.19,25.93
232.51,0.61,141.93,231.40,0.21,45.47,231.81,0.00,0.00,230.42,0.21,46.32,228.27,0.19,24.89
232.67,0.61,142.79,233.64,0.21,46.01,231.97,0.00,0.00,234.30,0.22,48.26,233.71,0.19,26.18
233.90,0.61,143.01,228.08,0.21,44.50,233.20,0.00,0.00,230.19,0.21,46.66,229.96,0.19,25.30
232.16,0.62,143.76,236.37,0.21,46.72,231.46,0.00,0.00,228.63,0.22,46.66,235.34,0.19,27.05
232.81,0.62,143.81,230.90,0.21,44.97,232.11,0.00,0.00,233.59,0.22,47.97,233.35,0.19,26.09
228.22,0.61,140.05,225.95,0.21,43.90,227.52,0.00,0.00,235.77,0.22,48.33,231.63,0.19,25.21
231.77,0.63,145.39,228.76,0.21,45.02,231.07,0.00,0.00,236.86,0.22,49.22,230.22,0.20,26.50
227.22,0.62,140.05,229.33,0.21,45.07,226.52,0.00,0.00,230.55,0.22,47.51,230.18,0.19,24.27
237.03,0.62,147.28,236.92,0.21,47.24,236.33,0.00,0.00,238.56,0.21,47.96,225.20,0.19,23.72
228.96,0.62,142.27,229.05,0.21,45.15,228.26,0.00,0.00,231.84,0.22,47.63,235.83,0.20,26.24
232.54,0.60,140.57,232.81,0.21,44.75,231.84,0.00,0.00,232.01,0.21,47.41,226.95,0.18,23.22
230.21,0.61,141.48,225.76,0.21,43.91,229.51,0.00,0.00,230.15,0.22,47.15,232.44,0.19,25.75
227.89,0.62,141.88,226.94,0.21,44.38,227.19,0.00,0.00,229.91,0.21,46.91,233.27,0.20,26.41
232.69,0.62,144.09,223.76,0.21,44.19,231.99,0.00,0.00,229.48,0.22,47.00,237.27,0.19,26.45
231.39,0.62,144.16,230.37,0.21,45.00,230.69,0.00,0.00,231.56,0.21,47.10,227.78,0.20,25.43
228.88,0.62,141.58,234.17,0.21,45.32,228.18,0.00,0.00,229.14,0.21,46.24,229.29,0.20,26.27
227.30,0.62,140.04,235.98,0.21,46.54,226.60,0.00,0.00,231.09,0.21,46.95,228.34,0.19,25.31
225.05,0.60,135.13,234.40,0.21,46.34,224.35,0.00,0.00,230.58,0.21,47.20,227.07,0.18,21.58
227.42,0.62,140.79,232.40,0.21,45.84,226.72,0.00,0.00,227.65,0.21,46.08,229.23,0.20,25.58
228.26,0.62,141.26,234.46,0.21,46.64,227.56,0.00,0.00,230.26,0.21,46.49,227.45,0.19,24.98
231.80,0.61,142.52,234.63,0.21,46.63,231.10,0.00,0.00,226.34,0.21,45.61,229.52,0.19,24.66
229.24,0.62,141.27,230.42,0.21,44.74,228.54,0.00,0.00,231.20,0.21,47.30,233.81,0.19,26.17
229.51,0.62,142.43,236.56,0.21,46.50,228.81,0.00,0.00,230.05,0.21,46.63,232.92,0.20,26.19
236.10,0.62,145.83,229.19,0.21,45.41,235.40,0.00,0.00,232.41,0.22,48.40,228.70,0.19,24.52
228.55,0.62,140.81,231.94,0.21,45.52,227.85,0.00,0.00,228.56,0.21,46.14,225.19,0.19,24.85
229.10,0.62,141.36,233.99,0.21,46.48,228.40,0.00,0.00,230.05,0.21,46.13,231.33,0.19,25.71
233.85,0.62,144.89,228.81,0.21,44.82,233.15,0.00,0.00,229.65,0.21,46.30,226.84,0.20,25.25
228.07,0.62,142.13,224.62,0.21,43.53,227.37,0.00,0.00,232.26,0.22,48.09,235.86,0.20,27.97
230.05,0.63,143.93,227.01,0.21,44.37,229.35,0.00,0.00,231.13,0.22,48.01,231.12,0.20,26.03
226.36,0.62,140.21,232.49,0.21,45.44,225.66,0.00,0.00,231.79,0.21,47.16,235.76,0.20,27.25
232.86,0.61,143.15,237.87,0.21,44.65,232.16,0.00,0.00,235.28,0.21,47.98,228.18,0.19,23.68
229.17,0.62,141.22,232.20,0.21,45.37,228.47,0.00,0.00,231.19,0.22,47.49,229.66,0.19,25.99
228.15,0.60,138.01,226.34,0.21,43.96,227.45,0.00,0.00,227.69,0.21,45.79,226.75,0.19,24.03
228.11,0.62,141.04,232.36,0.21,45.76,227.41,0.00,0.00,231.19,0.22,48.04,235.02,0.19,25.94
231.40,0.62,143.69,238.09,0.21,47.61,230.70,0.00,0.00,230.70,0.22,47.91,233.41,0.19,25.93
233.69,0.61,142.37,228.64,0.21,44.51,232.99,0.00,0.00,230.15,0.21,46.90,230.43,0.19,25.01
228.64,0.61,140.24,249.83,0.21,48.69,227.94,0.00,0.00,237.48,0.22,49.59,231.97,0.18,24.54
242.18,0.61,148.55,234.02,0.21,46.23,241.48,0.00,0.00,232.55,0.21,47.53,233.91,0.19,25.99
228.95,0.62,141.12,227.77,0.21,44.08,228.25,0.00,0.00,230.60,0.22,47.31,234.67,0.19,26.70
235.11,0.60,142.10,228.55,0.20,43.43,234.41,0.00,0.00,227.60,0.21,46.05,227.11,0.19,25.20
230.24,0.62,143.30,227.43,0.21,44.39,229.54,0.00,0.00,231.89,0.22,47.64,230.65,0.19,26.01
232.50,0.62,144.61,236.69,0.21,46.64,231.80,0.00,0.00,228.18,0.21,46.39,230.71,0.20,26.21
226.62,0.62,140.20,233.16,0.21,46.11,225.92,0.00,0.00,227.15,0.21,46.13,236.08,0.20,26.36
279.22,0.62,172.17,253.47,0.21,48.57,278.52,0.00,0.00,230.33,0.21,47.01,232.50,0.19,25.97
228.68,0.62,141.02,222.02,0.21,42.68,227.98,0.00,0.00,231.75,0.21,47.24,235.53,0.20,26.66
233.90,0.61,142.43,227.27,0.21,44.75,233.20,0.00,0.00,229.09,0.21,46.23,228.01,0.19,24.73
225.71,0.61,137.70,235.41,0.21,46.57,225.01,0.00,0.00,228.08,0.21,45.78,227.95,0.19,25.08
228.19,0.62,141.51,230.85,0.21,45.26,227.49,0.00,0.00,228.27,0.22,47.00,235.14,0.19,27.04
230.86,0.61,141.19,227.59,0.21,44.53,230.16,0.00,0.00,229.19,0.21,46.46,226.33,0.19,24.85
228.16,0.61,139.54,232.11,0.21,45.72,227.46,0.00,0.00,235.27,0.22,47.86,229.15,0.19,25.03
252.19,0.61,154.86,229.21,0.21,45.45,251.49,0.00,0.00,230.99,0.21,47.18,231.17,0.19,25.87
228.12,0.61,138.38,228.77,0.21,44.62,227.42,0.00,0.00,227.35,0.21,45.61,226.32,0.19,24.25
223.53,0.61,137.21,234.47,0.21,46.73,222.83,0.00,0.00,227.60,0.21,45.91,231.45,0.19,25.28
236.08,0.61,144.94,233.88,0.21,45.86,235.38,0.00,0.00,228.68,0.21,46.62,228.47,0.19,24.57
226.88,0.62,140.06,230.94,0.21,45.76,226.18,0.00,0.00,231.11,0.22,47.47,237.04,0.19,27.14
230.33,0.61,141.36,233.37,0.21,46.36,229.63,0.00,0.00,233.26,0.21,47.75,231.61,0.19,25.55
225.57,0.61,138.52,226.69,0.21,44.19,224.87,0.00,0.00,254.52,0.22,51.98,233.94,0.19,25.33
231.31,0.62,143.81,233.49,0.21,46.35,230.61,0.00,0.00,232.89,0.22,48.30,235.06,0.19,26.31
231.75,0.62,142.57,227.17,0.21,44.47,231.05,0.00,0.00,229.16,0.22,47.07,235.55,0.19,26.60
234.07,0.62,145.57,234.85,0.21,46.96,233.37,0.00,0.00,224.13,0.22,45.99,234.40,0.19,26.09
232.16,0.62,143.24,224.85,0.21,43.59,231.46,0.00,0.00,237.71,0.22,49.21,233.69,0.19,26.63
226.16,0.62,140.54,233.69,0.21,46.30,225.46,0.00,0.00,231.60,0.22,47.55,234.10,0.19,26.94
226.56,0.61,138.51,227.37,0.21,43.91,225.86,0.00,0.00,234.63,0.22,48.39,233.34,0.19,26.02
232.56,0.62,144.20,231.09,0.21,45.85,231.86,0.00,0.00,236.07,0.22,49.10,233.58,0.19,27.38
230.61,0.62,142.42,231.68,0.21,45.30,229.91,0.00,0.00,231.62,0.22,47.86,230.10,0.19,26.05
232.06,0.61,142.31,231.09,0.21,44.78,231.36,0.00,0.00,233.19,0.22,48.12,230.46,0.19,26.22
236.75,0.62,146.90,229.18,0.21,45.68,236.05,0.00,0.00,233.02,0.22,48.11,235.40,0.19,27.33
227.67,0.61,140.00,228.63,0.21,44.48,226.97,0.00,0.00,225.87,0.21,45.75,235.59,0.19,26.82
234.49,0.61,143.83,235.20,0.21,46.63,233.79,0.00,0.00,231.48,0.21,47.11,230.16,0.19,24.74
226.39,0.61,139.08,235.98,0.21,47.11,225.69,0.00,0.00,227.87,0.21,46.52,228.83,0.19,24.69
227.20,0.62,141.37,236.06,0.21,47.31,226.50,0.00,0.00,246.79,0.22,48.34,228.10,0.19,25.05
239.69,0.62,148.17,232.07,0.21,45.90,238.99,0.00,0.00,230.80,0.21,47.15,237.59,0.19,27.02
235.14,0.61,144.26,231.78,0.21,45.27,234.44,0.00,0.00,233.64,0.21,48.02,229.97,0.19,24.02
226.64,0.61,139.11,230.17,0.21,44.63,225.94,0.00,0.00,226.45,0.21,45.79,233.01,0.19,25.70
230.57,0.61,140.61,233.25,0.21,45.85,229.87,0.00,0.00,236.88,0.21,48.19,228.63,0.19,24.01
234.56,0.61,142.73,230.06,0.21,45.15,233.86,0.00,0.00,231.89,0.21,46.82,232.65,0.19,25.15
229.87,0.61,140.49,226.66,0.21,44.36,229.17,0.00,0.00,230.02,0.21,46.38,229.40,0.19,25.15
233.43,0.62,143.97,234.30,0.21,46.27,232.73,0.00,0.00,230.54,0.22,47.12,257.76,0.19,27.32
236.14,0.62,145.86,236.92,0.21,47.06,235.44,0.00,0.00,233.73,0.22,48.30,232.09,0.19,26.16
229.94,0.61,140.27,228.60,0.21,44.32,229.24,0.00,0.00,230.49,0.21,46.71,226.75,0.19,24.50
234.20,0.62,144.07,228.31,0.21,44.42,233.50,0.00,0.00,228.52,0.21,46.95,234.56,0.19,26.42
233.55,0.62,143.88,223.58,0.21,43.72,232.85,0.00,0.00,233.67,0.22,48.03,233.70,0.19,27.12
237.26,0.62,146.30,233.29,0.21,46.22,236.56,0.00,0.00,233.10,0.22,47.92,233.40,0.19,25.63
235.73,0.62,146.76,227.09,0.21,44.46,235.03,0.00,0.00,234.36,0.22,48.96,235.76,0.19,26.74
232.98,0.61,142.35,233.20,0.21,45.53,232.28,0.00,0.00,259.75,0.21,50.13,244.60,0.19,25.66
227.74,0.62,140.32,232.87,0.21,45.75,227.04,0.00,0.00,227.65,0.22,46.44,234.58,0.19,26.40
233.32,0.61,141.92,230.15,0.21,45.06,232.62,0.00,0.00,213.76,0.21,41.68,236.25,0.19,26.94
235.21,0.62,145.64,231.58,0.21,45.91,234.51,0.00,0.00,226.98,0.21,46.12,237.44,0.19,27.38
230.75,0.61,140.50,235.61,0.21,46.19,230.05,0.00,0.00,227.39,0.21,45.91,228.88,0.19,25.33
231.06,0.61,140.03,230.76,0.21,45.10,230.36,0.00,0.00,227.93,0.21,45.67,227.57,0.19,24.50
228.48,0.61,139.69,234.86,0.21,46.67,227.78,0.00,0.00,230.16,0.21,46.54,230.26,0.19,25.33
226.49,0.61,138.23,229.64,0.21,45.56,225.79,0.00,0.00,250.24,0.22,47.95,246.58,0.18,23.83
266.71,0.62,164.27,229.70,0.21,43.32,266.01,0.00,0.00,227.77,0.21,46.28,225.04,0.19,24.51
225.18,0.62,139.15,229.03,0.21,44.76,224.48,0.00,0.00,228.42,0.22,47.06,232.94,0.19,25.85
231.81,0.61,142.12,232.31,0.21,44.89,231.11,0.00,0.00,229.60,0.22,47.00,237.65,0.19,27.10
231.13,0.61,139.85,234.62,0.21,45.67,230.43,0.00,0.00,228.46,0.21,46.06,227.71,0.19,24.63
228.89,0.61,139.01,232.02,0.21,44.97,228.19,0.00,0.00,230.03,0.21,46.64,225.86,0.19,24.62
233.23,0.61,142.25,231.42,0.21,45.42,232.53,0.00,0.00,227.29,0.21,46.23,226.18,0.19,24.35
225.26,0.62,138.73,233.32,0.21,46.24,224.56,0.00,0.00,228.93,0.21,46.54,230.87,0.19,25.31
245.97,0.61,151.17,237.38,0.21,47.17,245.27,0.00,0.00,232.35,0.21,47.52,229.93,0.19,25.18
224.48,0.62,138.87,234.24,0.21,46.51,223.78,0.00,0.00,232.55,0.22,48.61,228.12,0.19,25.21
229.55,0.62,142.34,233.78,0.21,45.94,228.85,0.00,0.00,234.58,0.21,47.71,236.52,0.19,26.95
230.72,0.62,142.16,235.31,0.21,46.40,230.02,0.00,0.00,230.13,0.21,46.84,226.47,0.19,25.03
223.44,0.62,137.70,222.70,0.21,43.37,222.74,0.00,0.00,230.37,0.22,47.40,236.01,0.19,26.83
234.18,0.61,143.51,231.52,0.21,44.98,233.48,0.00,0.00,224.78,0.21,45.51,235.54,0.19,26.77
233.72,0.62,145.80,232.27,0.21,45.65,233.02,0.00,0.00,230.78,0.21,44.94,260.73,0.20,28.62
228.68,0.61,140.36,229.53,0.21,44.97,227.98,0.00,0.00,227.30,0.21,45.60,226.70,0.19,24.97
230.71,0.62,142.88,229.84,0.21,44.94,230.01,0.00,0.00,232.25,0.22,48.10,232.54,0.19,25.53
233.24,0.63,146.22,228.68,0.21,45.53,232.54,0.00,0.00,233.72,0.22,48.18,234.80,0.20,26.51
225.96,0.61,137.81,234.15,0.21,44.64,225.26,0.00,0.00,231.80,0.21,47.10,228.79,0.19,24.49
228.18,0.62,140.44,231.84,0.21,45.63,227.48,0.00,0.00,232.69,0.22,47.77,226.89,0.19,24.26
232.38,0.62,144.72,231.60,0.21,45.92,231.68,0.00,0.00,224.14,0.21,45.54,239.91,0.20,27.67
233.46,0.62,145.38,229.64,0.21,45.20,232.76,0.00,0.00,232.52,0.22,47.38,236.80,0.19,26.85
233.65,0.62,145.30,227.83,0.21,44.74,232.95,0.00,0.00,230.26,0.22,47.27,234.83,0.20,26.34
230.62,0.62,143.01,223.88,0.21,42.94,229.92,0.00,0.00,231.94,0.22,47.84,233.85,0.20,26.73
228.26,0.61,140.26,227.36,0.21,44.09,227.56,0.00,0.00,230.68,0.21,47.18,228.10,0.19,24.88
226.51,0.62,141.40,234.66,0.21,46.46,225.81,0.00,0.00,228.65,0.22,47.08,236.50,0.20,27.48
231.48,0.62,144.06,234.31,0.21,46.14,230.78,0.00,0.00,228.98,0.21,46.27,235.79,0.20,26.18
232.46,0.62,144.27,231.20,0.21,45.36,231.76,0.00,0.00,228.38,0.21,46.56,239.94,0.20,28.38
262.80,0.63,164.73,236.10,0.21,44.21,262.10,0.00,0.00,265.30,0.22,51.66,234.85,0.20,27.54
226.36,0.61,138.52,228.04,0.21,44.25,225.66,0.00,0.00,229.31,0.21,46.25,229.67,0.19,25.76
231.34,0.62,142.80,229.21,0.21,44.26,230.64,0.00,0.00,229.11,0.22,47.13,234.21,0.19,26.52
231.67,0.62,143.77,227.55,0.21,44.21,230.97,0.00,0.00,230.56,0.22,46.65,233.70,0.20,26.86
233.73,0.62,144.71,229.29,0.21,44.87,233.03,0.00,0.00,231.71,0.21,47.12,229.88,0.20,26.24
231.21,0.63,144.65,222.43,0.21,43.14,230.51,0.00,0.00,232.32,0.22,47.63,238.61,0.20,29.02
230.86,0.63,144.55,227.00,0.21,44.81,230.16,0.00,0.00,229.05,0.21,46.61,231.23,0.20,26.13
232.63,0.61,142.54,264.47,0.21,48.45,231.93,0.00,0.00,239.09,0.21,46.89,229.83,0.19,25.07
230.08,0.62,143.28,230.89,0.21,45.39,229.38,0.00,0.00,228.64,0.22,46.84,238.53,0.20,27.41
232.41,0.61,142.75,231.13,0.21,44.49,231.71,0.00,0.00,232.07,0.21,46.68,238.09,0.20,27.26
233.27,0.62,144.61,233.38,0.21,46.05,232.57,0.00,0.00,228.90,0.21,46.17,236.86,0.20,27.48
237.01,0.61,145.10,233.33,0.21,45.60,236.31,0.00,0.00,223.22,0.21,45.17,236.75,0.19,27.18
230.70,0.61,141.19,233.86,0.21,45.98,230.00,0.00,0.00,228.66,0.21,46.33,228.94,0.19,25.31
231.59,0.61,140.88,236.72,0.21,45.73,230.89,0.00,0.00,230.14,0.21,46.60,229.61,0.19,23.85
270.45,0.61,166.29,256.58,0.21,47.61,269.75,0.00,0.00,243.31,0.22,47.02,231.43,0.19,25.85
237.01,0.62,146.66,228.52,0.21,45.21,236.31,0.00,0.00,231.86,0.22,47.44,234.80,0.19,26.90
231.75,0.62,143.02,229.09,0.21,45.03,231.05,0.00,0.00,228.87,0.22,47.54,233.58,0.19,26.17
232.02,0.62,143.30,229.75,0.21,45.05,231.32,0.00,0.00,234.81,0.21,47.97,234.11,0.19,26.58
228.02,0.61,139.15,227.46,0.21,43.78,227.32,0.00,0.00,229.54,0.21,45.71,229.69,0.19,25.30
234.37,0.62,144.24,223.99,0.21,43.57,233.67,0.00,0.00,224.43,0.21,46.04,236.83,0.19,27.27
234.77,0.62,145.40,225.80,0.21,44.52,234.07,0.00,0.00,233.06,0.22,47.72,233.42,0.19,26.43
234.81,0.62,145.10,271.09,0.21,44.62,234.11,0.00,0.00,289.34,0.21,46.58,254.10,0.20,27.17
235.50,0.61,144.35,225.59,0.21,43.83,234.80,0.00,0.00,223.25,0.21,45.09,236.46,0.19,27.40
231.83,0.61,142.11,225.58,0.21,43.77,231.13,0.00,0.00,233.49,0.22,47.97,228.21,0.19,24.50
225.90,0.62,139.76,236.09,0.21,46.42,225.20,0.00,0.00,235.44,0.22,48.31,229.54,0.19,25.24
226.84,0.61,139.08,226.28,0.21,43.95,226.14,0.00,0.00,230.29,0.22,47.22,229.69,0.19,25.31
228.46,0.61,139.41,234.53,0.21,45.55,227.76,0.00,0.00,229.88,0.21,46.88,230.73,0.19,25.01
233.06,0.61,142.88,228.08,0.21,44.01,232.36,0.00,0.00,229.52,0.22,47.42,233.81,0.19,26.56
249.54,0.61,151.44,227.07,0.21,43.07,248.84,0.00,0.00,230.00,0.21,46.70,227.93,0.19,24.73
234.92,0.62,144.56,231.35,0.21,45.17,234.22,0.00,0.00,235.37,0.22,48.02,235.90,0.19,26.80
234.17,0.61,143.92,224.54,0.21,43.45,233.47,0.00,0.00,229.24,0.21,46.77,233.90,0.19,26.22
232.70,0.61,142.30,223.89,0.21,42.81,232.00,0.00,0.00,234.66,0.22,48.27,231.27,0.19,26.70
232.71,0.61,141.95,226.37,0.21,44.15,232.01,0.00,0.00,228.93,0.21,46.61,226.95,0.19,24.59
237.38,0.61,145.18,229.60,0.21,44.83,236.68,0.00,0.00,233.13,0.22,47.83,233.60,0.19,25.78
233.72,0.62,144.82,223.47,0.21,43.88,233.02,0.00,0.00,233.00,0.22,47.90,256.80,0.19,27.36
227.58,0.62,141.11,229.87,0.21,45.00,226.88,0.00,0.00,233.25,0.22,47.87,236.53,0.19,27.38
234.17,0.62,144.27,223.70,0.21,43.39,233.47,0.00,0.00,231.81,0.22,47.78,233.55,0.19,27.19
235.34,0.61,143.60,224.91,0.21,43.00,234.64,0.00,0.00,233.08,0.21,47.36,230.24,0.19,25.76
228.08,0.61,140.17,227.01,0.21,44.04,227.38,0.00,0.00,233.23,0.21,47.60,237.65,0.19,26.53
239.15,0.61,146.40,228.56,0.21,45.01,238.45,0.00,0.00,228.80,0.21,46.27,234.26,0.19,26.36
234.23,0.62,144.67,236.28,0.21,46.58,233.53,0.00,0.00,229.38,0.21,46.52,232.99,0.19,25.99
233.92,0.61,143.01,233.41,0.21,45.46,233.22,0.00,0.00,227.34,0.21,45.96,286.56,0.19,29.11
237.90,0.61,146.17,232.28,0.21,45.83,237.20,0.00,0.00,232.58,0.22,48.10,233.28,0.19,26.38
234.45,0.61,143.85,230.84,0.21,44.46,233.75,0.00,0.00,233.17,0.22,47.81,233.97,0.19,26.06
233.26,0.61,141.90,230.57,0.21,44.32,232.56,0.00,0.00,231.16,0.22,47.26,232.04,0.19,25.07
226.36,0.61,138.72,232.52,0.21,45.61,225.66,0.00,0.00,233.73,0.21,47.59,230.72,0.19,25.23
231.22,0.62,142.83,233.87,0.21,46.33,230.52,0.00,0.00,234.39,0.22,47.94,239.08,0.19,27.13
234.35,0.62,144.67,234.02,0.21,45.67,233.65,0.00,0.00,236.80,0.22,48.46,235.71,0.19,26.45
234.67,0.61,144.13,230.96,0.21,44.73,233.97,0.00,0.00,272.87,0.21,49.99,253.04,0.19,26.32
234.62,0.61,143.64,231.26,0.21,44.99,233.92,0.00,0.00,230.96,0.21,46.88,234.31,0.19,25.55
229.78,0.61,140.80,227.66,0.21,44.49,229.08,0.00,0.00,231.25,0.21,46.78,231.99,0.19,26.15
229.31,0.61,140.37,238.68,0.21,47.39,228.61,0.00,0.00,229.71,0.21,46.64,229.13,0.19,24.75
229.91,0.62,141.53,234.37,0.21,46.48,229.21,0.00,0.00,228.82,0.21,46.30,235.39,0.19,26.30
236.58,0.62,146.89,226.27,0.21,44.76,235.88,0.00,0.00,232.75,0.22,48.00,238.82,0.19,26.88
229.18,0.61,140.67,228.12,0.21,44.64,228.48,0.00,0.00,230.57,0.22,47.18,228.10,0.19,25.02
235.71,0.62,146.76,234.61,0.21,46.48,235.01,0.00,0.00,231.41,0.22,47.49,234.82,0.19,26.69
237.61,0.62,148.26,229.99,0.21,45.05,236.91,0.00,0.00,233.48,0.22,48.19,238.37,0.20,27.49
226.90,0.61,137.58,225.05,0.21,43.20,226.20,0.00,0.00,230.71,0.21,46.47,228.99,0.19,24.83
226.05,0.61,138.17,234.19,0.21,46.09,225.35,0.00,0.00,232.17,0.21,47.04,230.37,0.19,25.20
229.54,0.61,140.50,232.85,0.21,46.06,228.84,0.00,0.00,229.31,0.21,46.92,228.72,0.19,24.99
231.90,0.61,142.13,231.80,0.21,45.36,231.20,0.00,0.00,232.64,0.22,47.76,234.82,0.19,26.12
236.15,0.62,145.92,227.98,0.21,44.78,235.45,0.00,0.00,228.02,0.21,46.59,235.10,0.19,26.40
234.57,0.62,144.81,229.54,0.21,45.31,233.87,0.00,0.00,229.33,0.22,46.90,239.69,0.19,27.23
233.43,0.61,143.08,238.79,0.21,47.33,232.73,0.00,0.00,229.08,0.21,46.55,231.29,0.19,25.41
229.40,0.62,142.77,235.74,0.21,46.86,228.70,0.00,0.00,235.56,0.22,48.33,238.54,0.19,27.59
231.56,0.62,142.44,231.26,0.21,45.88,230.86,0.00,0.00,226.73,0.21,45.41,236.67,0.19,27.02
235.77,0.61,144.40,230.22,0.21,45.14,235.07,0.00,0.00,224.01,0.21,45.03,232.95,0.19,26.34
227.51,0.62,140.21,236.83,0.21,46.49,226.81,0.00,0.00,229.04,0.21,46.42,237.74,0.19,26.80
236.81,0.62,145.70,228.41,0.21,43.91,236.11,0.00,0.00,235.59,0.22,48.54,236.37,0.19,26.88
237.64,0.73,172.73,225.94,0.21,43.99,236.94,0.11,11.51,229.04,0.22,47.04,228.73,0.19,25.34
230.44,0.83,191.76,231.71,0.21,46.32,229.74,0.22,47.70,228.39,0.21,46.73,228.33,0.19,25.11
226.30,0.84,189.13,227.06,0.21,44.78,225.60,0.22,47.34,228.98,0.22,47.13,230.46,0.19,25.95
227.98,0.83,189.80,224.84,0.21,44.05,227.28,0.22,47.06,228.27,0.21,46.68,235.11,0.19,27.19
234.88,0.83,194.07,220.64,0.20,42.78,234.18,0.22,47.39,224.67,0.21,45.70,234.50,0.19,26.55
234.39,0.29,66.84,229.73,0.21,45.00,233.69,0.00,0.00,0.00,0.00,0.00,0.00,0.07,0.00
217.08,0.85,184.85,0.00,0.00,0.00,216.38,0.00,0.00,0.00,0.62,0.00,0.00,0.23,0.00
216.76,0.80,173.87,0.00,0.00,0.00,216.06,0.00,0.00,0.00,0.58,0.00,0.00,0.22,0.00
214.54,0.76,164.10,0.00,0.00,0.00,213.84,0.00,0.00,0.00,0.55,0.00,0.00,0.21,0.00
219.23,0.72,158.49,0.00,0.00,0.00,218.53,0.00,0.00,0.00,0.53,0.00,0.00,0.20,0.00
215.59,0.69,148.32,0.00,0.00,0.00,214.89,0.00,0.00,0.00,0.50,0.00,0.00,0.19,0.00
217.15,0.59,127.50,0.00,0.00,0.00,216.45,0.00,0.00,0.00,0.45,0.00,0.00,0.13,0.00
214.38,0.51,108.27,0.00,0.00,0.00,213.68,0.00,0.00,0.00,0.42,0.00,0.00,0.08,0.00
219.09,0.48,104.33,0.00,0.00,0.00,218.39,0.00,0.00,0.00,0.40,0.00,0.00,0.08,0.00
216.67,0.45,98.36,0.00,0.00,0.00,215.97,0.00,0.00,0.00,0.38,0.00,0.00,0.07,0.00
215.76,0.43,93.43,0.00,0.00,0.00,215.06,0.00,0.00,0.00,0.37,0.00,0.00,0.06,0.00
214.31,0.38,81.14,0.00,0.00,0.00,213.61,0.00,0.00,0.00,0.32,0.00,0.00,0.06,0.00
214.81,0.33,70.36,0.00,0.00,0.00,214.11,0.00,0.00,0.00,0.27,0.00,0.00,0.06,0.00
214.90,0.31,65.62,0.00,0.00,0.00,214.20,0.00,0.00,0.00,0.25,0.00,0.00,0.05,0.00
214.90,0.25,52.83,0.00,0.00,0.00,214.20,0.00,0.00,0.00,0.25,0.00,0.00,0.00,0.00
217.41,0.19,41.35,0.00,0.00,0.00,216.71,0.00,0.00,0.00,0.19,0.00,0.00,0.00,0.00
0.00,0.14,0.00,0.00,0.00,0.00,0.00,0.00,0.00,0.00,0.14,0.00,0.00,0.00,0.00
0.00,0.13,0.00,0.00,0.00,0.00,0.00,0.00,0.00,0.00,0.13,0.00,0.00,0.00,0.00
0.00,0.12,0.00,0.00,0.00,0.00,0.00,0.00,0.00,0.00,0.12,0.00,0.00,0.00,0.00
0.00,0.09,0.00,0.00,0.00,0.00,0.00,0.00,0.00,0.00,0.09,0.00,0.00,0.00,0.00
0.00,0.06,0.00,0.00,0.00,0.00,0.00,0.00,0.00,0.00,0.06,0.00,0.00,0.00,0.00
0.00,0.00,0.00,0.00,0.00,0.00,0.00,0.00,0.00,0.00,0.00,0.00,0.00,0.00,0.00
0.00,0.00,0.00,0.00,0.00,0.00,0.00,0.00,0.00,0.00,0.00,0.00,0.00,0.00,0.00
0.00,0.00,0.00,0.00,0.00,0.00,0.00,0.00,0.00,0.00,0.00,0.00,0.00,0.00,0.00
0.00,0.00,0.00,0.00,0.00,0.00,0.00,0.00,0.00,0.00,0.00,0.00,0.00,0.00,0.00
0.00,0.00,0.00,0.00,0.00,0.00,0.00,0.00,0.00,0.00,0.00,0.00,0.00,0.00,0.00
0.00,0.00,0.00,0.00,0.00,0.00,0.00,0.00,0.00,0.00,0.00,0.00,0.00,0.00,0.00
0.00,0.00,0.00,0.00,0.00,0.00,0.00,0.00,0.00,0.00,0.00,0.00,0.00,0.00,0.00
0.00,0.00,0.00,0.00,0.00,0.00,0.00,0.00,0.00,0.00,0.00,0.00,0.00,0.00,0.00
0.00,0.00,0.00,0.00,0.00,0.00,0.00,0.00,0.00,0.00,0.00,0.00,0.00,0.00,0.00
0.00,0.00,0.00,0.00,0.00,0.00,0.00,0.00,0.00,0.00,0.00,0.00,0.00,0.00,0.00
215.69,0.20,43.70,0.00,0.00,0.00,214.99,0.00,0.00,0.00,0.00,0.00,0.00,0.00,0.00
216.11,0.20,43.62,0.00,0.00,0.00,215.41,0.00,0.00,0.00,0.00,0.00,0.00,0.00,0.00
214.61,0.20,42.98,0.00,0.00,0.00,213.91,0.00,0.00,0.00,0.00,0.00,0.00,0.00,0.00
217.09,0.21,44.88,0.00,0.00,0.00,216.39,0.00,0.00,0.00,0.00,0.00,0.00,0.00,0.00
215.31,0.20,43.72,0.00,0.00,0.00,214.61,0.00,0.00,0.00,0.00,0.00,0.00,0.00,0.00
215.66,0.20,43.58,0.00,0.00,0.00,214.96,0.00,0.00,0.00,0.00,0.00,0.00,0.00,0.00
213.44,0.20,42.73,0.00,0.00,0.00,212.74,0.00,0.00,0.00,0.00,0.00,0.00,0.00,0.00
215.11,0.20,43.90,0.00,0.00,0.00,214.41,0.00,0.00,0.00,0.00,0.00,0.00,0.00,0.00
215.47,0.20,43.62,0.00,0.00,0.00,214.77,0.00,0.00,0.00,0.00,0.00,0.00,0.00,0.00
214.37,0.20,43.33,0.00,0.00,0.00,213.67,0.00,0.00,0.00,0.00,0.00,0.00,0.00,0.00
216.84,0.20,43.83,0.00,0.00,0.00,216.14,0.00,0.00,0.00,0.00,0.00,0.00,0.00,0.00
216.50,0.20,43.93,0.00,0.00,0.00,215.80,0.00,0.00,0.00,0.00,0.00,0.00,0.00,0.00
216.02,0.20,43.64,0.00,0.00,0.00,215.32,0.00,0.00,0.00,0.00,0.00,0.00,0.00,0.00
215.06,0.20,43.55,0.00,0.00,0.00,214.36,0.00,0.00,0.00,0.00,0.00,0.00,0.00,0.00
217.99,0.21,44.97,0.00,0.00,0.00,217.29,0.00,0.00,0.00,0.00,0.00,0.00,0.00,0.00
213.65,0.21,45.19,215.10,0.21,45.73,212.95,0.00,0.00,0.00,0.00,0.00,0.00,0.00,0.00
213.64,0.21,44.92,214.14,0.21,45.19,212.94,0.00,0.00,0.00,0.00,0.00,0.00,0.00,0.00
218.53,0.57,125.39,0.00,0.21,0.00,217.83,0.00,0.00,0.00,0.37,0.00,0.00,0.00,0.00
217.75,0.53,114.78,0.00,0.18,0.00,217.05,0.00,0.00,0.00,0.34,0.00,0.00,0.00,0.00
217.48,0.48,104.65,0.00,0.16,0.00,216.78,0.00,0.00,0.00,0.32,0.00,0.00,0.00,0.00
217.41,0.45,98.65,0.00,0.15,0.00,216.71,0.00,0.00,0.00,0.30,0.00,0.00,0.00,0.00
213.94,0.44,93.71,0.00,0.14,0.00,213.24,0.00,0.00,0.00,0.29,0.00,0.00,0.00,0.00
214.98,0.44,95.47,0.00,0.14,0.00,214.28,0.00,0.00,0.00,0.31,0.00,0.00,0.00,0.00
218.24,0.41,89.26,0.00,0.13,0.00,217.54,0.00,0.00,0.00,0.28,0.00,0.00,0.00,0.00
217.20,0.37,80.10,0.00,0.13,0.00,216.50,0.00,0.00,0.00,0.24,0.00,0.00,0.00,0.00
219.03,0.33,72.51,0.00,0.13,0.00,218.33,0.00,0.00,0.00,0.21,0.00,0.00,0.00,0.00
216.39,0.31,67.18,0.00,0.11,0.00,215.69,0.00,0.00,0.00,0.20,0.00,0.00,0.00,0.00
216.11,0.21,44.31,0.00,0.11,0.00,215.41,0.00,0.00,0.00,0.10,0.00,0.00,0.00,0.00
217.95,0.10,21.82,0.00,0.10,0.00,217.25,0.00,0.00,0.00,0.00,0.00,0.00,0.00,0.00
219.12,0.09,19.83,0.00,0.09,0.00,218.42,0.00,0.00,0.00,0.00,0.00,0.00,0.00,0.00
215.67,0.08,17.95,0.00,0.08,0.00,214.97,0.00,0.00,0.00,0.00,0.00,0.00,0.00,0.00
215.53,0.08,16.44,0.00,0.08,0.00,214.83,0.00,0.00,0.00,0.00,0.00,0.00,0.00,0.00
214.66,0.08,16.22,0.00,0.08,0.00,213.96,0.00,0.00,0.00,0.00,0.00,0.00,0.00,0.00
216.65,0.07,14.64,0.00,0.07,0.00,215.95,0.00,0.00,0.00,0.00,0.00,0.00,0.00,0.00
218.35,0.07,14.98,0.00,0.07,0.00,217.65,0.00,0.00,0.00,0.00,0.00,0.00,0.00,0.00
219.19,0.06,13.39,0.00,0.06,0.00,218.49,0.00,0.00,0.00,0.00,0.00,0.00,0.00,0.00
214.23,0.06,11.89,0.00,0.06,0.00,213.53,0.00,0.00,0.00,0.00,0.00,0.00,0.00,0.00
217.53,0.05,11.09,0.00,0.05,0.00,216.83,0.00,0.00,0.00,0.00,0.00,0.00,0.00,0.00
216.05,0.20,44.24,0.00,0.00,0.00,215.35,0.00,0.00,0.00,0.00,0.00,0.00,0.00,0.00
215.24,0.20,43.63,0.00,0.00,0.00,214.54,0.00,0.00,0.00,0.00,0.00,0.00,0.00,0.00
215.58,0.20,43.61,0.00,0.00,0.00,214.88,0.00,0.00,0.00,0.00,0.00,0.00,0.00,0.00
215.34,0.21,44.22,0.00,0.00,0.00,214.64,0.00,0.00,0.00,0.00,0.00,0.00,0.00,0.00
214.09,0.20,43.72,0.00,0.00,0.00,213.39,0.00,0.00,0.00,0.00,0.00,0.00,0.00,0.00
0.00,0.00,0.00,0.00,0.00,0.00,0.00,0.00,0.00,0.00,0.00,0.00,0.00,0.00,0.00
0.00,0.00,0.00,0.00,0.00,0.00,0.00,0.00,0.00,0.00,0.00,0.00,0.00,0.00,0.00
0.00,0.00,0.00,0.00,0.00,0.00,0.00,0.00,0.00,0.00,0.00,0.00,0.00,0.00,0.00
0.00,0.00,0.00,0.00,0.00,0.00,0.00,0.00,0.00,0.00,0.00,0.00,0.00,0.00,0.00
214.03,0.20,43.45,0.00,0.00,0.00,213.33,0.00,0.00,0.00,0.00,0.00,0.00,0.00,0.00
214.69,0.20,43.87,0.00,0.00,0.00,213.99,0.00,0.00,0.00,0.00,0.00,0.00,0.00,0.00
218.16,0.21,44.88,0.00,0.00,0.00,217.46,0.00,0.00,0.00,0.00,0.00,0.00,0.00,0.00
215.81,0.21,44.30,0.00,0.00,0.00,215.11,0.00,0.00,0.00,0.00,0.00,0.00,0.00,0.00
216.38,0.20,44.05,0.00,0.00,0.00,215.68,0.00,0.00,0.00,0.00,0.00,0.00,0.00,0.00
214.11,0.20,43.61,0.00,0.00,0.00,213.41,0.00,0.00,0.00,0.00,0.00,0.00,0.00,0.00
214.09,0.20,43.38,0.00,0.00,0.00,213.39,0.00,0.00,0.00,0.00,0.00,0.00,0.00,0.00
214.04,0.49,105.17,0.00,0.00,0.00,213.34,0.00,0.00,217.13,0.23,47.00,0.00,0.06,0.00
215.04,0.42,91.06,0.00,0.00,0.00,214.34,0.00,0.00,220.30,0.22,47.16,0.00,0.00,0.00
212.31,0.42,89.84,0.00,0.00,0.00,211.61,0.00,0.00,221.62,0.22,47.81,0.00,0.00,0.00
213.23,0.42,89.79,0.00,0.00,0.00,212.53,0.00,0.00,216.26,0.22,46.50,0.00,0.00,0.00
214.56,0.42,90.16,0.00,0.00,0.00,213.86,0.00,0.00,219.30,0.22,47.13,0.00,0.00,0.00
213.50,0.42,89.56,0.00,0.00,0.00,212.80,0.00,0.00,217.00,0.21,46.56,0.00,0.00,0.00
213.32,0.42,89.55,0.00,0.00,0.00,212.62,0.00,0.00,217.39,0.22,46.65,0.00,0.00,0.00
213.65,0.42,89.59,0.00,0.00,0.00,212.95,0.00,0.00,218.66,0.21,46.81,0.00,0.00,0.00
215.21,0.42,90.86,0.00,0.00,0.00,214.51,0.00,0.00,222.72,0.22,42.29,0.00,0.00,0.00
215.32,0.42,89.84,0.00,0.00,0.00,214.62,0.00,0.00,215.75,0.21,45.82,0.00,0.00,0.00
212.58,0.42,90.19,0.00,0.00,0.00,211.88,0.00,0.00,223.94,0.22,49.26,0.00,0.00,0.00
214.03,0.42,90.05,0.00,0.00,0.00,213.33,0.00,0.00,220.56,0.22,47.60,0.00,0.00,0.00
213.74,0.42,89.82,0.00,0.00,0.00,213.04,0.00,0.00,219.06,0.22,47.22,0.00,0.00,0.00
212.55,0.42,89.05,0.00,0.00,0.00,211.85,0.00,0.00,218.21,0.21,46.70,0.00,0.00,0.00
213.81,0.63,135.59,0.00,0.00,0.00,213.11,0.22,45.20,217.80,0.21,46.45,0.00,0.00,0.00
215.84,0.64,137.06,0.00,0.00,0.00,215.14,0.22,46.45,217.01,0.21,46.28,0.00,0.00,0.00
213.61,0.63,134.91,0.00,0.00,0.00,212.91,0.22,45.66,241.12,0.21,45.97,0.00,0.00,0.00
212.44,0.63,134.19,0.00,0.00,0.00,211.74,0.22,43.77,221.75,0.21,44.97,0.00,0.00,0.00
214.37,0.63,135.04,0.00,0.00,0.00,213.67,0.21,44.87,214.70,0.21,45.25,0.00,0.00,0.00
215.24,0.63,136.40,0.00,0.00,0.00,214.54,0.22,45.26,216.75,0.21,46.26,0.00,0.00,0.00
214.23,0.63,135.40,0.00,0.00,0.00,213.53,0.22,45.03,215.79,0.21,45.71,0.00,0.00,0.00
214.51,0.63,135.55,0.00,0.00,0.00,213.81,0.22,45.46,214.56,0.21,45.23,0.00,0.00,0.00
210.22,0.63,133.08,0.00,0.00,0.00,209.52,0.21,45.11,217.89,0.21,46.66,0.00,0.00,0.00
218.05,0.63,138.09,0.00,0.00,0.00,217.35,0.22,45.88,216.80,0.21,46.15,0.00,0.00,0.00
214.17,0.63,135.48,0.00,0.00,0.00,213.47,0.22,45.41,215.73,0.21,45.65,0.00,0.00,0.00
213.49,0.63,134.58,0.00,0.00,0.00,212.79,0.21,43.86,214.29,0.21,45.27,0.00,0.00,0.00
215.49,0.63,136.27,0.00,0.00,0.00,214.79,0.21,43.59,217.16,0.21,46.36,0.00,0.00,0.00
218.16,0.63,138.14,0.00,0.00,0.00,217.46,0.21,43.61,217.01,0.21,46.46,0.00,0.00,0.00
211.90,0.87,184.49,0.00,0.00,0.00,211.20,0.21,45.10,218.22,0.21,46.25,219.93,0.24,32.14
213.01,0.87,185.32,0.00,0.00,0.00,212.31,0.21,44.21,218.09,0.21,46.05,222.67,0.24,31.75
223.45,0.87,193.62,0.00,0.00,0.00,222.75,0.21,44.93,218.61,0.21,45.74,215.54,0.24,30.44
218.88,0.87,191.35,0.00,0.00,0.00,218.18,0.22,44.54,218.90,0.21,46.29,226.08,0.24,32.97
218.13,0.87,189.70,0.00,0.00,0.00,217.43,0.21,42.76,219.58,0.21,46.21,224.56,0.24,32.26
218.82,0.87,190.00,0.00,0.00,0.00,218.12,0.21,42.92,218.64,0.21,45.65,224.16,0.24,31.70
218.90,0.87,191.03,0.00,0.00,0.00,218.20,0.21,42.16,222.09,0.21,46.89,221.77,0.24,32.72
216.73,0.87,188.30,0.00,0.00,0.00,216.03,0.21,42.65,224.25,0.22,47.74,220.74,0.23,31.54
219.96,0.87,191.95,0.00,0.00,0.00,219.26,0.21,42.91,222.40,0.22,47.60,226.38,0.24,32.87
219.88,0.88,192.96,0.00,0.00,0.00,219.18,0.22,43.29,221.22,0.22,46.84,226.50,0.24,32.79
216.21,0.87,188.59,0.00,0.00,0.00,215.51,0.22,42.95,224.71,0.22,47.48,225.22,0.24,32.99
218.40,0.87,189.28,0.00,0.00,0.00,217.70,0.21,42.45,222.41,0.21,46.46,223.69,0.23,31.27
217.65,0.87,188.42,0.00,0.00,0.00,216.95,0.21,42.66,221.81,0.21,46.33,219.44,0.23,30.43
218.08,0.87,190.23,0.00,0.00,0.00,217.38,0.22,42.83,223.31,0.21,47.14,226.83,0.24,32.90
253.18,0.87,221.30,0.00,0.00,0.00,252.48,0.22,43.18,224.88,0.22,48.07,223.89,0.24,31.04
216.74,0.87,188.97,0.00,0.00,0.00,216.04,0.22,43.37,222.21,0.21,46.82,223.65,0.24,31.22
221.41,0.86,190.50,0.00,0.00,0.00,220.71,0.21,42.31,221.81,0.21,45.91,220.87,0.23,30.59
218.46,0.87,190.41,0.00,0.00,0.00,217.76,0.22,43.26,222.24,0.21,46.47,227.08,0.24,32.94
221.28,0.87,193.19,0.00,0.00,0.00,220.58,0.21,42.74,222.05,0.21,46.53,225.37,0.24,32.04
219.17,0.87,190.82,0.00,0.00,0.00,218.47,0.22,42.81,222.78,0.21,46.61,222.27,0.24,31.14
219.85,0.87,190.61,0.00,0.00,0.00,219.15,0.21,42.46,222.83,0.21,46.42,217.12,0.23,29.63
221.38,0.87,193.31,0.00,0.00,0.00,220.68,0.22,43.05,224.39,0.21,46.92,226.47,0.24,32.68
221.68,0.87,192.07,0.00,0.00,0.00,220.98,0.22,42.98,226.63,0.21,46.25,221.49,0.24,30.62
222.29,0.88,194.54,0.00,0.00,0.00,221.59,0.21,42.26,223.85,0.21,46.67,229.67,0.24,32.95
218.92,0.87,190.95,0.00,0.00,0.00,218.22,0.22,42.90,221.21,0.21,46.04,225.12,0.24,31.73
223.20,0.87,193.95,0.00,0.00,0.00,222.50,0.21,42.32,224.50,0.21,46.46,226.32,0.24,31.83
220.07,0.87,190.99,0.00,0.00,0.00,219.37,0.21,42.60,225.53,0.21,46.97,273.40,0.23,34.35
224.94,0.87,196.22,0.00,0.00,0.00,224.24,0.22,42.87,224.24,0.21,46.67,241.67,0.24,33.40
225.01,0.87,196.30,0.00,0.00,0.00,224.31,0.21,42.26,227.66,0.22,47.38,227.53,0.24,32.39
225.27,0.87,196.17,0.00,0.00,0.00,224.57,0.22,42.76,226.21,0.21,47.17,226.90,0.24,31.14
222.89,0.87,194.54,0.00,0.00,0.00,222.19,0.22,42.48,223.58,0.21,46.69,228.72,0.24,32.05
222.10,0.87,193.34,0.00,0.00,0.00,221.40,0.21,41.98,229.47,0.22,48.11,227.02,0.24,31.19
222.92,0.87,194.11,0.00,0.00,0.00,222.22,0.22,42.73,221.57,0.21,45.99,226.01,0.24,30.95
222.03,0.87,193.35,0.00,0.00,0.00,221.33,0.21,42.11,226.35,0.21,46.72,225.75,0.24,31.68
227.30,0.87,198.07,0.00,0.00,0.00,226.60,0.22,42.94,221.71,0.21,45.52,224.61,0.24,31.19
215.15,0.87,187.96,0.00,0.00,0.00,214.45,0.22,42.66,222.91,0.21,46.49,229.28,0.24,32.21
223.55,0.88,196.00,0.00,0.00,0.00,222.85,0.21,42.26,223.32,0.21,46.37,229.41,0.24,32.67
225.84,0.88,198.19,0.00,0.00,0.00,225.14,0.22,42.59,227.99,0.22,47.60,227.81,0.24,32.97
220.12,0.87,190.72,0.00,0.00,0.00,219.42,0.22,43.48,222.79,0.21,45.83,223.15,0.23,29.82
224.60,0.87,195.23,0.00,0.00,0.00,223.90,0.22,43.04,223.95,0.21,46.24,223.80,0.24,30.41
233.20,0.87,203.36,0.00,0.00,0.00,232.50,0.22,42.79,224.92,0.21,46.32,225.52,0.24,31.38
281.04,0.87,245.46,0.00,0.00,0.00,280.34,0.22,42.75,225.78,0.22,46.96,228.22,0.24,31.50
222.45,0.88,195.02,0.00,0.00,0.00,221.75,0.22,42.80,223.75,0.21,46.38,226.48,0.24,32.91
221.64,0.87,192.74,0.00,0.00,0.00,220.94,0.21,42.26,221.74,0.21,45.42,225.79,0.24,31.60
220.10,0.87,192.17,0.00,0.00,0.00,219.40,0.21,42.10,224.05,0.21,46.19,228.81,0.24,32.88
224.40,0.87,194.45,0.00,0.00,0.00,223.70,0.21,41.80,223.56,0.21,45.57,226.82,0.24,31.21
218.34,0.87,190.00,0.00,0.00,0.00,217.64,0.21,41.06,225.33,0.21,46.58,229.58,0.24,32.65
222.95,0.87,193.31,0.00,0.00,0.00,222.25,0.21,41.53,226.07,0.21,46.71,227.84,0.24,31.82
223.29,0.87,195.22,0.00,0.00,0.00,222.59,0.21,41.96,227.54,0.21,47.20,228.12,0.24,32.13
225.17,0.87,195.57,0.00,0.00,0.00,224.47,0.21,42.07,224.91,0.21,46.40,226.30,0.24,31.08
218.56,0.87,190.08,0.00,0.00,0.00,217.86,0.21,42.32,226.82,0.21,47.23,231.47,0.24,32.57
225.27,0.87,196.74,0.00,0.00,0.00,224.57,0.22,42.84,227.82,0.21,47.30,228.01,0.24,32.14
223.21,0.87,194.85,0.00,0.00,0.00,222.51,0.22,42.75,227.19,0.21,47.13,263.50,0.24,33.73
221.13,0.87,192.70,0.00,0.00,0.00,220.43,0.22,43.41,226.11,0.22,47.02,229.90,0.24,31.85
225.45,0.87,195.82,0.00,0.00,0.00,224.75,0.22,42.91,227.20,0.21,46.84,224.37,0.23,29.48
223.14,0.87,193.64,0.00,0.00,0.00,222.44,0.22,43.03,222.30,0.21,46.01,224.16,0.23,30.92
225.83,0.87,195.50,0.00,0.00,0.00,225.13,0.21,42.34,224.96,0.21,46.53,224.74,0.23,31.02
223.11,0.86,192.72,0.00,0.00,0.00,222.41,0.21,42.30,222.45,0.21,45.61,224.00,0.23,30.50
223.33,0.86,192.65,0.00,0.00,0.00,222.63,0.21,41.61,224.42,0.21,46.22,227.76,0.23,31.78
223.65,0.86,192.60,0.00,0.00,0.00,222.95,0.21,41.63,227.57,0.21,46.88,225.73,0.23,29.99
219.67,0.87,190.37,0.00,0.00,0.00,218.97,0.21,41.52,227.69,0.22,47.64,227.98,0.23,31.62
219.35,0.87,190.39,0.00,0.00,0.00,218.65,0.22,42.23,225.85,0.21,47.01,232.77,0.23,32.43
230.37,0.86,197.74,0.00,0.00,0.00,229.67,0.21,41.94,227.50,0.21,47.06,220.45,0.23,28.97
220.29,0.86,189.22,0.00,0.00,0.00,219.59,0.21,41.61,223.34,0.21,46.01,224.43,0.23,30.05
221.36,0.87,191.52,0.00,0.00,0.00,220.66,0.22,42.17,223.10,0.21,45.73,229.41,0.23,31.95
233.51,0.87,202.31,0.00,0.00,0.00,232.81,0.22,42.19,228.13,0.21,43.95,227.42,0.23,31.22
225.41,0.86,193.70,0.00,0.00,0.00,224.71,0.21,42.10,275.49,0.21,46.16,229.49,0.23,31.59
226.85,0.86,195.25,0.00,0.00,0.00,226.15,0.22,42.39,223.82,0.21,46.05,222.79,0.23,29.94
227.24,0.86,195.94,0.00,0.00,0.00,226.54,0.22,42.22,224.62,0.21,46.20,224.15,0.23,30.57
226.06,0.86,195.11,0.00,0.00,0.00,225.36,0.21,41.97,225.88,0.21,46.92,228.89,0.23,31.43
229.25,0.86,197.90,0.00,0.00,0.00,228.55,0.21,41.89,224.53,0.21,46.48,228.14,0.23,31.46
219.95,0.87,190.57,0.00,0.00,0.00,219.25,0.21,42.22,228.03,0.22,47.62,228.94,0.23,31.76
225.37,0.87,195.23,0.00,0.00,0.00,224.67,0.21,41.59,224.48,0.21,46.56,231.16,0.23,32.61
223.22,0.86,191.60,0.00,0.00,0.00,222.52,0.21,41.66,224.16,0.21,45.72,223.94,0.23,30.58
222.97,0.87,193.42,0.00,0.00,0.00,222.27,0.21,42.39,227.08,0.22,47.40,228.43,0.23,31.05
225.92,0.86,194.82,0.00,0.00,0.00,225.22,0.21,42.19,224.97,0.21,46.38,225.37,0.23,31.02
228.49,0.86,196.20,0.00,0.00,0.00,227.79,0.21,42.23,226.42,0.21,46.35,225.85,0.23,30.44
220.94,0.87,191.13,0.00,0.00,0.00,220.24,0.22,42.75,227.47,0.21,47.18,226.46,0.23,31.27
224.89,0.86,192.75,0.00,0.00,0.00,224.19,0.21,42.51,220.75,0.21,44.93,224.13,0.23,30.54
223.17,0.86,191.33,0.00,0.00,0.00,222.47,0.22,42.19,225.07,0.21,45.96,225.91,0.23,30.48
217.60,0.86,186.09,0.00,0.00,0.00,216.90,0.21,41.45,222.49,0.21,45.83,228.07,0.23,31.26
224.38,0.88,196.76,0.00,0.00,0.00,223.68,0.21,42.26,224.54,0.21,46.47,227.59,0.24,30.95
226.65,0.87,196.56,0.00,0.00,0.00,225.95,0.21,41.90,220.26,0.21,44.94,231.69,0.24,32.18
220.63,0.88,193.32,0.00,0.00,0.00,219.93,0.21,41.71,224.85,0.21,46.30,225.39,0.24,30.73
221.59,0.87,192.87,0.00,0.00,0.00,220.89,0.21,41.81,226.48,0.21,46.79,226.00,0.24,29.33
222.84,0.87,193.52,0.00,0.00,0.00,222.14,0.21,42.06,226.26,0.21,46.93,228.18,0.24,30.88
230.74,0.88,201.93,0.00,0.00,0.00,230.04,0.22,42.48,229.01,0.21,47.21,232.39,0.24,32.77
227.77,0.84,191.51,0.00,0.00,0.00,227.07,0.22,42.68,222.45,0.21,45.06,226.32,0.21,28.19
225.74,0.86,193.14,0.00,0.00,0.00,225.04,0.22,42.31,224.17,0.22,46.60,228.92,0.22,29.28
225.52,0.88,197.66,0.00,0.00,0.00,224.82,0.21,42.02,228.27,0.21,47.36,225.36,0.24,31.06
222.90,0.85,189.08,0.00,0.00,0.00,222.20,0.22,42.69,227.09,0.21,46.69,225.29,0.21,27.92
224.07,0.88,197.78,0.00,0.00,0.00,223.37,0.22,42.85,236.61,0.21,47.82,236.27,0.25,33.01
224.69,0.89,199.69,0.00,0.00,0.00,223.99,0.22,43.18,225.11,0.21,46.21,235.87,0.25,35.22
224.74,0.87,194.89,0.00,0.00,0.00,224.04,0.22,42.75,225.11,0.21,46.40,226.47,0.23,30.71
219.86,0.87,190.90,0.00,0.00,0.00,219.16,0.22,42.62,224.68,0.21,46.34,226.23,0.24,31.20
221.68,0.86,190.92,0.00,0.00,0.00,220.98,0.21,42.13,222.44,0.21,45.43,220.11,0.23,29.17
226.68,0.87,197.37,0.00,0.00,0.00,225.98,0.21,42.30,225.54,0.21,46.58,222.53,0.24,31.06
223.13,0.86,191.84,0.00,0.00,0.00,222.43,0.21,41.66,223.49,0.21,45.95,228.09,0.23,30.81
222.63,0.86,191.77,0.00,0.00,0.00,221.93,0.21,41.66,225.45,0.21,46.64,222.57,0.23,29.66
224.39,0.86,193.24,0.00,0.00,0.00,223.69,0.21,41.62,225.69,0.21,46.65,228.59,0.23,30.51
224.38,0.86,192.24,0.00,0.00,0.00,223.68,0.21,41.45,226.72,0.21,47.16,227.02,0.22,29.10
224.47,0.86,193.60,0.00,0.00,0.00,223.77,0.22,42.43,227.71,0.22,47.54,226.58,0.23,29.92
226.05,0.87,195.76,0.00,0.00,0.00,225.35,0.22,42.80,223.12,0.21,45.86,257.04,0.23,31.52
224.48,0.86,193.91,0.00,0.00,0.00,223.78,0.22,42.43,226.36,0.21,47.07,228.65,0.23,30.46
223.81,0.87,194.23,0.00,0.00,0.00,223.11,0.21,42.10,226.31,0.21,46.99,225.84,0.24,31.29
221.32,0.86,190.90,0.00,0.00,0.00,220.62,0.22,42.36,225.68,0.21,46.47,228.66,0.23,31.20
224.46,0.86,193.34,0.00,0.00,0.00,223.76,0.22,42.59,222.88,0.21,45.59,222.49,0.23,29.06
225.29,0.87,195.81,0.00,0.00,0.00,224.59,0.21,41.97,222.43,0.21,45.58,228.83,0.24,32.50
226.29,0.87,196.16,0.00,0.00,0.00,225.59,0.21,41.52,225.92,0.21,46.67,227.03,0.24,31.95
224.72,0.87,195.40,0.00,0.00,0.00,224.02,0.21,42.07,222.57,0.21,45.51,229.68,0.24,31.77
224.17,0.86,193.52,0.00,0.00,0.00,223.47,0.21,41.72,225.09,0.21,46.38,225.36,0.23,31.28
227.53,0.87,196.82,0.00,0.00,0.00,226.83,0.22,42.51,225.21,0.21,46.05,228.97,0.23,30.77
225.64,0.86,193.85,0.00,0.00,0.00,224.94,0.21,41.49,229.28,0.22,47.76,225.10,0.23,29.55
223.99,0.86,191.79,0.00,0.00,0.00,223.29,0.21,41.35,224.59,0.21,46.14,230.79,0.23,30.53
224.69,0.86,193.53,0.00,0.00,0.00,223.99,0.21,41.89,228.42,0.21,47.20,227.75,0.23,30.81
277.15,0.86,238.30,0.00,0.00,0.00,276.45,0.21,41.77,267.11,0.21,50.35,225.18,0.23,30.65
227.37,0.86,195.55,0.00,0.00,0.00,226.67,0.21,41.75,223.61,0.21,46.06,229.68,0.23,31.18
222.35,0.86,191.40,0.00,0.00,0.00,221.65,0.21,41.83,227.15,0.21,47.09,228.79,0.23,30.90
229.22,0.86,197.35,0.00,0.00,0.00,228.52,0.21,41.25,225.24,0.21,46.17,232.68,0.23,32.79
224.00,0.86,192.40,0.00,0.00,0.00,223.30,0.21,42.06,239.01,0.21,48.17,225.24,0.23,29.22
225.09,0.86,194.09,0.00,0.00,0.00,224.39,0.22,42.42,222.67,0.21,45.31,229.36,0.23,30.76
222.97,0.86,192.17,0.00,0.00,0.00,222.27,0.22,42.46,225.23,0.21,46.63,228.67,0.23,30.47
226.38,0.86,194.63,0.00,0.00,0.00,225.68,0.21,42.08,225.58,0.21,46.21,227.73,0.23,31.35
221.14,0.86,189.85,0.00,0.00,0.00,220.44,0.21,42.47,225.75,0.21,46.61,224.94,0.23,29.90
224.24,0.87,195.01,0.00,0.00,0.00,223.54,0.22,42.58,226.17,0.21,46.73,233.67,0.23,33.14
224.94,0.87,195.26,0.00,0.00,0.00,224.24,0.21,41.83,226.51,0.21,46.86,228.00,0.24,32.22
221.51,0.86,191.19,0.00,0.00,0.00,220.81,0.22,42.28,228.06,0.21,47.23,227.95,0.23,30.16
226.40,0.87,196.03,0.00,0.00,0.00,225.70,0.22,42.43,224.69,0.21,46.29,233.65,0.23,31.72
223.72,0.86,193.01,0.00,0.00,0.00,223.02,0.22,42.14,229.83,0.21,47.53,226.07,0.23,29.31
222.50,0.87,193.09,0.00,0.00,0.00,221.80,0.22,42.69,228.46,0.21,47.00,225.70,0.23,31.29
225.64,0.86,194.37,0.00,0.00,0.00,224.94,0.21,41.78,225.09,0.21,46.07,229.28,0.23,31.31
222.79,0.86,191.16,0.00,0.00,0.00,222.09,0.21,41.81,223.48,0.21,45.70,225.68,0.23,30.35
223.86,0.86,193.43,0.00,0.00,0.00,223.16,0.21,41.49,222.87,0.21,45.49,233.63,0.23,32.80
224.57,0.86,192.95,0.00,0.00,0.00,223.87,0.21,41.68,223.36,0.21,45.73,225.36,0.23,31.03
225.73,0.86,193.18,0.00,0.00,0.00,225.03,0.21,42.02,225.74,0.21,46.43,223.14,0.22,29.19
227.82,0.86,196.87,0.00,0.00,0.00,227.12,0.22,42.35,228.57,0.21,47.49,228.60,0.23,31.54
224.77,0.87,194.48,0.00,0.00,0.00,224.07,0.22,42.53,227.22,0.21,46.80,232.08,0.23,32.75
227.59,0.85,194.48,0.00,0.00,0.00,226.89,0.22,42.37,226.77,0.21,46.27,225.32,0.22,29.13
227.89,0.85,194.34,0.00,0.00,0.00,227.19,0.22,42.20,225.30,0.21,45.46,226.33,0.22,29.32
222.45,0.86,190.72,0.00,0.00,0.00,221.75,0.21,41.86,225.48,0.21,46.34,229.36,0.23,29.25
228.21,0.86,196.56,0.00,0.00,0.00,227.51,0.21,41.51,264.51,0.21,47.57,253.86,0.23,31.87
226.21,0.86,193.53,0.00,0.00,0.00,225.51,0.21,41.77,227.35,0.21,46.57,227.66,0.23,30.30
220.93,0.86,190.16,0.00,0.00,0.00,220.23,0.21,41.67,223.88,0.21,45.95,224.63,0.23,30.60
221.96,0.85,188.43,0.00,0.00,0.00,221.26,0.21,41.59,225.25,0.21,45.80,223.65,0.22,29.22
221.78,0.86,190.43,0.00,0.00,0.00,221.08,0.22,42.51,221.95,0.21,45.29,229.48,0.23,31.42
221.62,0.85,189.14,0.00,0.00,0.00,220.92,0.21,41.80,223.62,0.21,46.04,221.84,0.22,28.90
225.14,0.86,192.99,0.00,0.00,0.00,224.44,0.21,42.13,227.64,0.21,47.52,231.90,0.22,31.56
227.84,0.86,195.42,0.00,0.00,0.00,227.14,0.21,42.02,227.90,0.21,47.08,229.83,0.22,29.35
228.93,0.86,196.21,0.00,0.00,0.00,228.23,0.22,42.25,225.36,0.21,46.31,225.79,0.22,30.01
222.25,0.86,190.92,0.00,0.00,0.00,221.55,0.21,42.11,227.69,0.21,47.28,227.40,0.23,30.91
227.35,0.86,196.16,0.00,0.00,0.00,226.65,0.21,42.16,221.17,0.21,45.34,233.11,0.23,33.45
224.11,0.85,190.70,0.00,0.00,0.00,223.41,0.22,42.24,225.72,0.21,46.01,225.60,0.22,28.78
222.18,0.85,188.57,0.00,0.00,0.00,221.48,0.21,41.61,224.20,0.21,45.59,224.34,0.22,28.64
234.71,0.85,200.37,0.00,0.00,0.00,234.01,0.21,41.58,224.85,0.21,45.82,225.28,0.23,31.15
222.94,0.86,191.07,0.00,0.00,0.00,222.24,0.21,41.64,223.28,0.21,45.42,233.58,0.23,31.85
227.23,0.85,193.22,0.00,0.00,0.00,226.53,0.21,41.97,225.79,0.21,46.07,229.11,0.22,30.24
228.32,0.85,193.40,0.00,0.00,0.00,227.62,0.21,41.85,222.48,0.21,44.93,224.67,0.22,29.09
219.86,0.85,186.99,0.00,0.00,0.00,219.16,0.21,41.65,224.78,0.21,46.02,224.68,0.22,28.72
222.11,0.85,189.35,0.00,0.00,0.00,221.41,0.21,42.04,227.25,0.21,46.89,229.76,0.22,29.31
226.54,0.86,194.87,0.00,0.00,0.00,225.84,0.21,42.09,227.08,0.21,46.87,231.63,0.23,31.64
219.48,0.86,188.51,0.00,0.00,0.00,218.78,0.21,42.00,227.21,0.21,46.29,229.85,0.23,30.24
223.24,0.86,191.31,0.00,0.00,0.00,222.54,0.21,41.68,227.50,0.21,46.72,226.75,0.23,29.74
223.56,0.87,194.09,0.00,0.00,0.00,222.86,0.22,42.48,227.89,0.21,47.03,228.55,0.23,32.35
222.80,0.86,191.77,0.00,0.00,0.00,222.10,0.21,42.08,222.63,0.21,45.19,235.17,0.23,32.52
224.13,0.85,191.24,0.00,0.00,0.00,223.43,0.21,41.61,227.75,0.21,46.55,227.45,0.22,30.21
223.75,0.85,190.39,162.57,0.00,0.00,223.05,0.21,41.49,226.76,0.21,46.01,227.67,0.22,29.32
223.22,0.86,191.38,0.00,0.00,0.00,222.52,0.21,42.16,229.78,0.21,47.11,230.22,0.22,30.93
227.42,0.85,194.24,0.00,0.00,0.00,226.72,0.21,41.67,228.10,0.21,46.72,230.46,0.22,30.16
227.69,0.85,194.57,0.00,0.00,0.00,226.99,0.21,41.07,223.33,0.21,45.46,234.54,0.23,32.14
225.24,0.85,191.84,0.00,0.00,0.00,224.54,0.21,42.02,227.59,0.21,46.15,228.97,0.22,30.91
227.58,0.85,194.22,0.00,0.00,0.00,226.88,0.21,42.16,223.86,0.21,45.36,228.65,0.22,30.37
226.10,0.85,191.48,0.00,0.00,0.00,225.40,0.21,41.89,228.81,0.21,46.48,225.67,0.21,28.71
225.07,0.86,192.52,0.00,0.00,0.00,224.37,0.21,42.03,229.01,0.21,46.90,231.93,0.23,31.04
227.61,0.85,194.41,0.00,0.00,0.00,226.91,0.21,42.04,225.11,0.21,46.56,229.02,0.22,29.78
227.29,0.85,193.27,0.00,0.00,0.00,226.59,0.21,41.53,228.27,0.21,46.47,226.79,0.22,29.39
224.09,0.86,192.16,0.00,0.00,0.00,223.39,0.21,42.39,220.79,0.21,45.55,230.15,0.22,30.52
229.56,0.85,196.03,0.00,0.00,0.00,228.86,0.21,41.88,225.23,0.21,45.81,233.32,0.22,31.37
227.35,0.85,193.27,0.00,0.00,0.00,226.65,0.21,41.95,223.72,0.21,45.56,226.40,0.22,30.03
228.61,0.85,195.14,0.00,0.00,0.00,227.91,0.21,41.90,253.28,0.21,45.53,252.65,0.22,32.59
220.66,0.85,187.76,0.00,0.00,0.00,219.96,0.21,42.20,225.14,0.21,45.81,224.25,0.22,29.24
228.48,0.85,195.05,0.00,0.00,0.00,227.78,0.21,41.91,225.98,0.21,46.46,231.88,0.22,31.09
228.16,0.86,195.40,0.00,0.00,0.00,227.46,0.21,42.61,225.08,0.21,46.26,231.18,0.22,30.29
228.83,0.85,195.35,0.00,0.00,0.00,228.13,0.21,41.89,225.55,0.21,46.45,225.50,0.22,29.79
229.44,0.85,196.06,0.00,0.00,0.00,228.74,0.22,43.26,223.63,0.21,45.32,230.33,0.22,30.33
226.14,0.85,192.05,0.00,0.00,0.00,225.44,0.21,42.43,224.72,0.21,45.52,226.53,0.22,29.78
223.59,0.85,190.90,0.00,0.00,0.00,222.89,0.21,42.46,225.92,0.21,46.46,227.49,0.22,29.95
230.80,0.85,196.56,0.00,0.00,0.00,230.11,0.21,41.72,227.18,0.21,46.69,226.97,0.22,29.10
227.23,0.86,194.44,0.00,0.00,0.00,226.53,0.22,41.90,229.24,0.22,47.61,227.02,0.22,29.23
226.40,0.86,193.87,0.00,0.00,0.00,225.70,0.21,41.93,228.72,0.21,47.13,230.76,0.22,30.17
229.74,0.85,194.79,0.00,0.00,0.00,229.04,0.22,42.89,227.50,0.21,46.09,227.42,0.22,27.93
221.00,0.85,188.21,0.00,0.00,0.00,220.30,0.22,42.66,228.26,0.21,46.60,224.23,0.22,28.68
223.52,0.85,189.45,0.00,0.00,0.00,222.82,0.21,42.33,225.07,0.21,45.83,226.43,0.22,28.65
250.99,0.85,212.25,0.00,0.00,0.00,250.29,0.21,42.66,222.96,0.21,45.44,223.58,0.21,28.12
226.03,0.86,193.37,0.00,0.00,0.00,225.33,0.21,42.06,227.00,0.22,47.17,232.26,0.22,30.33
225.98,0.85,193.21,0.00,0.00,0.00,225.28,0.21,42.46,224.67,0.22,46.57,232.15,0.22,29.95
223.85,0.85,190.67,0.00,0.00,0.00,223.15,0.22,42.53,227.79,0.21,46.72,228.60,0.22,29.07
233.49,0.85,198.88,0.00,0.00,0.00,232.79,0.21,41.87,228.43,0.21,46.71,232.85,0.22,30.96
223.60,0.85,190.00,0.00,0.00,0.00,222.90,0.21,41.72,225.77,0.21,46.37,229.95,0.22,30.72
227.94,0.85,192.95,0.00,0.00,0.00,227.24,0.21,41.96,226.27,0.21,46.26,224.45,0.22,27.31
223.69,0.85,189.62,0.00,0.00,0.00,222.99,0.21,41.93,224.53,0.21,46.22,225.99,0.22,27.53
221.24,0.85,187.86,0.00,0.00,0.00,220.54,0.21,42.09,228.69,0.21,46.22,224.64,0.22,28.14
223.70,0.85,190.73,0.00,0.00,0.00,223.00,0.22,42.93,225.61,0.21,46.52,227.38,0.22,29.26
233.41,0.85,198.81,0.00,0.00,0.00,232.71,0.22,42.90,228.00,0.21,46.89,232.94,0.22,30.50
232.99,0.79,183.05,0.00,0.09,0.00,232.29,0.24,54.22,220.59,0.23,45.68,230.51,0.22,29.15
225.10,0.75,168.36,0.00,0.08,0.00,224.40,0.23,50.00,229.51,0.22,47.01,227.31,0.21,26.76
227.00,0.73,166.19,0.00,0.07,0.00,226.30,0.22,45.09,224.40,0.22,46.10,234.09,0.22,30.14
230.21,0.72,166.44,0.00,0.07,0.00,229.51,0.22,44.19,231.49,0.22,47.64,232.16,0.22,29.49
230.05,0.71,163.20,0.00,0.06,0.00,229.35,0.22,43.73,228.16,0.22,46.16,232.64,0.22,30.16
230.00,0.71,162.15,0.00,0.05,0.00,229.30,0.22,42.83,229.76,0.22,47.60,228.85,0.22,29.23
231.34,0.64,148.91,0.00,0.00,0.00,230.64,0.22,42.78,227.48,0.21,46.17,227.90,0.22,28.23
226.57,0.64,145.51,0.00,0.00,0.00,225.87,0.21,41.98,232.08,0.21,47.10,226.98,0.22,27.76
226.58,0.65,146.62,0.00,0.00,0.00,225.88,0.21,41.85,225.68,0.21,46.35,232.04,0.22,29.83
225.07,0.64,144.18,0.00,0.00,0.00,224.37,0.21,42.02,226.16,0.21,45.29,228.62,0.22,27.94
224.52,0.65,146.11,0.00,0.00,0.00,223.82,0.21,42.37,226.15,0.21,46.17,230.24,0.22,29.23
223.39,0.64,143.72,0.00,0.00,0.00,222.69,0.21,42.22,232.18,0.21,47.80,230.33,0.21,28.34
230.02,0.64,147.74,0.00,0.00,0.00,229.32,0.22,42.78,225.91,0.21,45.66,226.59,0.22,28.32
222.28,0.64,143.37,0.00,0.00,0.00,221.58,0.22,42.91,225.34,0.21,45.94,229.63,0.22,28.03
225.12,0.65,145.77,0.00,0.00,0.00,224.42,0.22,42.53,231.17,0.22,48.25,228.86,0.22,28.58
224.91,0.65,146.28,0.00,0.00,0.00,224.21,0.21,41.85,229.52,0.22,47.83,236.42,0.22,31.18
225.76,0.65,146.57,0.00,0.00,0.00,225.06,0.21,42.49,227.42,0.21,46.48,231.95,0.22,30.38
222.08,0.65,144.57,0.00,0.00,0.00,221.38,0.22,42.81,225.39,0.21,46.10,235.56,0.22,30.57
228.44,0.64,146.33,0.00,0.00,0.00,227.74,0.21,42.00,227.85,0.21,46.84,227.02,0.21,28.21
225.99,0.65,146.42,0.00,0.00,0.00,225.29,0.21,42.51,225.89,0.21,46.15,232.34,0.22,29.62
228.75,0.66,150.26,0.00,0.00,0.00,228.05,0.22,43.61,227.18,0.22,47.09,235.36,0.22,31.60
230.47,0.65,149.35,0.00,0.00,0.00,229.77,0.22,43.31,226.18,0.21,46.33,230.09,0.22,28.95
223.50,0.65,145.63,0.00,0.00,0.00,222.80,0.22,43.72,227.08,0.22,46.55,233.24,0.22,29.98
227.85,0.48,109.90,0.00,0.05,0.00,0.00,0.00,0.00,226.33,0.21,46.63,226.43,0.21,27.43
223.17,0.43,95.48,0.00,0.00,0.00,0.00,0.00,0.00,231.89,0.21,47.94,224.04,0.21,25.90
228.58,0.43,97.69,0.00,0.00,0.00,0.00,0.00,0.00,230.00,0.21,47.38,225.01,0.21,26.63
225.23,0.43,95.92,0.00,0.00,0.00,0.00,0.00,0.00,224.29,0.21,46.31,225.30,0.21,27.51
229.55,0.43,98.24,0.00,0.00,0.00,0.00,0.00,0.00,229.97,0.22,47.96,230.59,0.21,28.78
227.19,0.42,96.31,0.00,0.00,0.00,0.00,0.00,0.00,230.29,0.21,47.43,225.23,0.21,27.37
225.00,0.43,95.68,0.00,0.00,0.00,0.00,0.00,0.00,227.61,0.21,46.60,226.74,0.21,27.50
226.34,0.42,95.75,0.00,0.00,0.00,0.00,0.00,0.00,226.88,0.21,46.47,227.20,0.21,28.05
224.85,0.65,145.13,0.00,0.00,0.00,224.15,0.22,44.10,228.42,0.21,47.47,228.76,0.22,29.31
225.85,0.64,145.33,0.00,0.00,0.00,225.15,0.21,43.27,225.38,0.22,46.63,229.84,0.21,29.05
226.14,0.64,144.49,0.00,0.00,0.00,225.44,0.21,42.53,229.60,0.21,46.80,228.43,0.21,29.53
222.41,0.64,143.43,0.00,0.00,0.00,221.71,0.21,42.37,223.75,0.21,45.77,230.41,0.22,29.20
224.91,0.63,142.37,0.00,0.00,0.00,224.21,0.21,42.30,229.82,0.21,46.55,228.31,0.21,26.64
226.13,0.64,143.68,0.00,0.00,0.00,225.43,0.21,42.12,226.59,0.21,46.28,230.83,0.21,28.72
233.08,0.63,147.99,0.00,0.00,0.00,232.38,0.21,42.01,221.92,0.21,44.85,225.10,0.21,28.20
234.05,0.64,150.03,0.00,0.00,0.00,233.35,0.21,42.20,230.22,0.21,47.14,223.43,0.21,27.23
224.47,0.64,144.51,0.00,0.00,0.00,223.77,0.21,41.95,225.84,0.21,46.37,231.30,0.22,29.00
225.39,0.64,145.12,0.00,0.00,0.00,224.69,0.22,42.26,245.79,0.21,47.45,230.76,0.21,28.56
224.05,0.64,142.98,0.00,0.00,0.00,223.35,0.21,41.97,226.61,0.21,46.54,233.04,0.21,29.70
223.18,0.64,142.81,0.00,0.00,0.00,222.48,0.21,42.26,229.08,0.21,46.96,228.03,0.21,28.10
225.93,0.64,143.92,0.00,0.00,0.00,225.23,0.21,41.88,229.13,0.21,47.00,233.32,0.21,28.45
226.09,0.64,145.20,0.00,0.00,0.00,225.39,0.21,42.33,226.73,0.21,46.35,226.23,0.21,28.18
226.75,0.64,145.47,0.00,0.00,0.00,226.05,0.21,41.32,227.82,0.21,46.52,231.46,0.22,30.06
225.28,0.64,143.89,0.00,0.00,0.00,224.58,0.21,41.64,226.85,0.21,45.63,230.11,0.22,28.46
221.15,0.64,141.22,0.00,0.00,0.00,220.45,0.21,41.80,224.99,0.21,45.14,234.72,0.22,30.07
226.41,0.64,145.42,0.00,0.00,0.00,225.71,0.22,42.57,229.85,0.21,47.15,231.03,0.21,28.37
225.52,0.64,144.01,0.00,0.00,0.00,224.82,0.22,42.82,225.10,0.21,45.68,229.12,0.21,28.12
221.54,0.64,141.70,0.00,0.00,0.00,220.84,0.21,42.01,230.67,0.21,47.58,229.20,0.21,28.36
229.43,0.63,145.07,0.00,0.00,0.00,228.73,0.21,41.58,228.10,0.21,46.08,223.76,0.21,26.08
224.45,0.63,142.26,0.00,0.00,0.00,223.75,0.21,41.92,227.35,0.21,46.06,227.20,0.21,27.20
222.74,0.64,142.92,0.00,0.00,0.00,222.04,0.21,42.16,225.43,0.21,45.96,230.85,0.22,29.30
265.93,0.64,170.43,0.00,0.00,0.00,265.23,0.21,41.81,227.40,0.21,46.52,230.48,0.21,28.53
234.30,0.64,149.29,0.00,0.00,0.00,233.60,0.21,42.23,230.84,0.22,47.68,228.89,0.21,27.99
225.24,0.64,143.82,0.00,0.00,0.00,224.54,0.22,42.63,226.43,0.21,46.24,230.81,0.21,27.57
224.30,0.64,142.99,0.00,0.00,0.00,223.60,0.21,41.36,231.83,0.21,47.38,225.90,0.21,26.82
225.60,0.64,144.57,0.00,0.00,0.00,224.90,0.21,42.06,227.62,0.21,46.94,226.96,0.21,28.50
221.73,0.64,140.87,0.00,0.00,0.00,221.03,0.21,41.48,224.68,0.21,45.25,225.58,0.21,28.33
232.94,0.64,149.75,0.00,0.00,0.00,232.24,0.21,41.59,229.46,0.21,47.24,231.08,0.22,29.38
222.66,0.64,141.56,0.00,0.00,0.00,221.96,0.21,42.28,225.25,0.21,45.61,225.90,0.21,27.33
222.78,0.64,143.22,0.00,0.00,0.00,222.08,0.21,42.12,228.61,0.21,46.99,228.18,0.21,28.25
225.35,0.64,145.07,0.00,0.00,0.00,224.65,0.22,42.68,225.85,0.21,46.48,232.87,0.21,29.85
225.09,0.64,143.79,0.00,0.00,0.00,224.39,0.21,42.09,222.40,0.21,45.16,231.84,0.21,29.12
223.16,0.64,143.33,0.00,0.00,0.00,222.46,0.21,42.33,226.63,0.21,47.01,232.33,0.21,29.39
226.21,0.63,143.04,0.00,0.00,0.00,225.51,0.21,41.40,218.33,0.21,38.25,232.63,0.21,28.89
223.46,0.64,141.93,0.00,0.00,0.00,222.76,0.21,41.42,227.11,0.21,46.94,226.86,0.21,27.83
226.56,0.64,145.65,0.00,0.00,0.00,225.86,0.21,41.75,226.63,0.21,46.45,228.06,0.22,28.39
226.11,0.64,145.12,0.00,0.00,0.00,225.41,0.21,42.14,227.41,0.21,46.38,230.13,0.21,28.69
226.77,0.65,146.42,0.00,0.00,0.00,226.07,0.21,42.62,224.45,0.21,46.29,232.47,0.22,29.40
222.33,0.64,141.22,0.00,0.00,0.00,221.63,0.21,41.44,223.68,0.21,45.14,224.60,0.21,27.14
224.50,0.64,143.74,0.00,0.00,0.00,223.80,0.21,41.27,227.62,0.21,46.83,229.23,0.21,28.48
223.94,0.63,141.84,0.00,0.00,0.00,223.24,0.21,41.06,224.86,0.21,45.55,223.69,0.21,26.53
223.95,0.64,142.33,0.00,0.00,0.00,223.25,0.21,40.74,227.11,0.21,46.12,229.29,0.21,28.20
224.80,0.64,143.88,0.00,0.00,0.00,224.10,0.21,41.32,226.00,0.21,46.15,230.74,0.22,28.44
224.43,0.63,141.09,0.00,0.00,0.00,223.73,0.21,41.30,221.66,0.21,44.16,223.99,0.21,25.77
219.22,0.63,138.45,0.00,0.00,0.00,218.52,0.21,41.70,224.23,0.21,45.32,224.73,0.21,27.07
226.80,0.64,144.83,0.00,0.00,0.00,226.10,0.21,41.61,226.79,0.21,46.83,227.84,0.21,28.47
222.41,0.64,141.35,0.00,0.00,0.00,221.71,0.21,42.15,227.21,0.21,46.34,247.90,0.21,30.19
226.28,0.64,143.90,0.00,0.00,0.00,225.58,0.21,41.10,230.58,0.21,47.42,227.91,0.21,28.58
223.13,0.64,141.89,0.00,0.00,0.00,222.43,0.21,41.86,226.63,0.21,46.39,230.63,0.21,27.84
227.17,0.64,144.53,0.00,0.00,0.00,226.47,0.21,40.86,226.19,0.21,46.18,229.50,0.21,29.05
229.83,0.63,145.79,0.00,0.00,0.00,229.13,0.21,41.29,225.97,0.21,46.07,228.17,0.21,28.10
224.89,0.64,142.88,0.00,0.00,0.00,224.19,0.21,41.63,226.79,0.21,46.26,226.20,0.21,28.08
230.38,0.63,145.57,0.00,0.00,0.00,229.68,0.21,41.86,227.05,0.21,46.18,227.14,0.21,27.33
222.04,0.64,141.88,0.00,0.00,0.00,221.34,0.22,42.46,226.66,0.21,46.42,227.96,0.21,29.03
229.71,0.64,146.01,0.00,0.00,0.00,229.01,0.21,41.04,230.51,0.21,47.36,231.51,0.21,29.56
234.20,0.63,148.30,0.00,0.00,0.00,233.50,0.21,41.35,226.62,0.21,46.41,229.55,0.21,28.70
233.48,0.63,147.08,0.00,0.00,0.00,232.78,0.21,41.11,221.63,0.21,44.52,230.41,0.21,28.53
229.76,0.63,144.44,0.00,0.00,0.00,229.06,0.21,41.64,225.94,0.21,46.18,226.83,0.20,27.06
226.95,0.63,142.87,0.00,0.00,0.00,226.25,0.21,41.53,235.44,0.21,46.40,236.46,0.20,28.60
223.91,0.64,142.29,0.00,0.00,0.00,223.21,0.21,41.87,229.35,0.21,46.91,228.22,0.21,28.67
225.92,0.63,142.72,0.00,0.00,0.00,225.22,0.21,41.31,225.53,0.21,45.91,223.91,0.21,27.71
225.86,0.64,144.26,0.00,0.00,0.00,225.16,0.21,41.70,227.73,0.21,47.10,227.23,0.21,26.90
220.28,0.63,138.97,0.00,0.00,0.00,219.58,0.21,41.70,223.57,0.21,45.32,224.74,0.21,27.73
225.75,0.63,142.88,0.00,0.00,0.00,225.05,0.21,41.47,225.46,0.21,46.01,226.14,0.21,27.14
222.27,0.64,141.42,0.00,0.00,0.00,221.57,0.21,41.46,223.19,0.21,45.66,230.25,0.21,29.55
230.91,0.63,145.06,0.00,0.00,0.00,230.21,0.21,41.17,224.40,0.21,45.77,226.13,0.20,26.80
223.64,0.63,141.90,0.00,0.00,0.00,222.94,0.21,41.30,224.78,0.21,45.74,230.87,0.21,28.96
226.20,0.63,142.80,0.00,0.00,0.00,225.50,0.21,40.98,223.15,0.21,45.23,230.19,0.21,28.30
226.60,0.63,143.47,0.00,0.00,0.00,225.90,0.21,41.67,227.89,0.21,45.61,229.22,0.21,28.29
231.59,0.63,146.95,0.00,0.00,0.00,230.89,0.21,41.51,226.35,0.21,45.71,227.62,0.21,28.48
221.35,0.63,140.09,0.00,0.00,0.00,220.65,0.21,41.16,225.57,0.21,45.69,231.66,0.21,28.57
226.58,0.63,143.21,0.00,0.00,0.00,225.88,0.21,41.23,235.13,0.21,46.46,246.64,0.21,30.44
222.27,0.63,140.22,0.00,0.00,0.00,221.57,0.21,41.46,226.85,0.21,46.54,225.41,0.20,27.22
230.39,0.63,145.26,0.00,0.00,0.00,229.69,0.21,41.19,224.17,0.21,45.16,228.46,0.21,27.95
224.09,0.63,140.77,0.00,0.00,0.00,223.39,0.21,42.02,221.38,0.21,44.58,223.68,0.21,27.11
225.83,0.63,141.76,0.00,0.00,0.00,225.13,0.21,41.70,227.49,0.21,46.51,227.71,0.20,27.50
233.22,0.63,147.04,0.00,0.00,0.00,232.52,0.21,41.49,224.60,0.21,45.69,226.66,0.21,27.75
221.53,0.63,140.49,0.00,0.00,0.00,220.83,0.21,41.62,229.27,0.21,47.02,228.04,0.21,28.42
230.10,0.63,145.21,0.00,0.00,0.00,229.40,0.21,42.07,224.05,0.21,45.35,228.71,0.21,27.71
223.18,0.63,140.94,0.00,0.00,0.00,222.48,0.21,41.78,227.52,0.21,46.24,232.12,0.21,28.77
222.17,0.63,140.98,0.00,0.00,0.00,221.47,0.21,41.74,229.19,0.21,46.99,230.74,0.21,29.09
227.30,0.63,142.26,0.00,0.00,0.00,226.60,0.21,41.44,224.10,0.21,45.34,227.35,0.20,26.97
218.30,0.63,137.66,0.00,0.00,0.00,217.60,0.21,41.02,224.78,0.21,45.75,231.49,0.21,29.16
221.03,0.63,139.32,0.00,0.00,0.00,220.33,0.21,41.46,222.43,0.21,44.96,226.43,0.21,27.37
225.64,0.63,141.67,0.00,0.00,0.00,224.94,0.21,41.48,255.31,0.21,47.47,242.74,0.20,28.44
225.72,0.63,142.64,0.00,0.00,0.00,225.02,0.21,41.86,227.61,0.21,46.20,226.57,0.21,27.79
231.26,0.63,145.51,0.00,0.00,0.00,230.56,0.21,41.23,223.70,0.21,45.42,227.37,0.21,27.38
227.52,0.64,144.92,0.00,0.00,0.00,226.82,0.21,41.83,227.33,0.21,46.44,227.04,0.21,28.43
224.88,0.63,141.88,0.00,0.00,0.00,224.18,0.21,41.64,226.95,0.21,46.56,228.15,0.21,27.88
220.99,0.63,140.06,0.00,0.00,0.00,220.29,0.21,41.23,227.66,0.21,46.05,229.08,0.21,28.89
225.27,0.63,142.51,0.00,0.00,0.00,224.57,0.21,40.57,224.81,0.21,45.37,225.98,0.21,27.90
219.99,0.62,136.97,0.00,0.00,0.00,219.29,0.21,40.47,226.09,0.21,45.74,225.50,0.20,26.27
221.00,0.63,138.20,0.00,0.00,0.00,220.30,0.21,40.98,223.97,0.21,45.01,225.73,0.21,26.72
221.75,0.63,140.62,0.00,0.00,0.00,221.05,0.21,40.72,226.55,0.21,45.73,227.71,0.21,28.35
230.05,0.63,144.74,0.00,0.00,0.00,229.35,0.21,40.71,225.73,0.21,45.97,225.20,0.21,27.50
224.31,0.63,142.21,0.00,0.00,0.00,223.61,0.21,41.66,225.17,0.21,45.72,227.64,0.21,28.44
223.61,0.63,141.64,0.00,0.00,0.00,222.91,0.21,41.51,226.49,0.21,46.46,232.35,0.21,29.11
225.67,0.63,142.15,0.00,0.00,0.00,224.97,0.21,41.76,242.20,0.21,46.03,232.05,0.21,28.19
223.79,0.63,141.00,0.00,0.00,0.00,223.09,0.21,40.79,228.07,0.21,46.59,226.42,0.21,27.50
219.33,0.63,138.27,0.00,0.00,0.00,218.63,0.21,41.64,224.02,0.21,45.68,223.71,0.21,27.10
221.08,0.63,139.57,0.00,0.00,0.00,220.38,0.21,40.85,229.10,0.21,46.96,230.45,0.21,28.18
226.98,0.63,142.88,0.00,0.00,0.00,226.28,0.21,41.33,225.87,0.21,46.10,227.74,0.21,27.58
227.72,0.63,142.43,0.00,0.00,0.00,227.02,0.21,41.51,227.25,0.21,45.71,225.86,0.20,26.75
222.39,0.63,140.12,0.00,0.00,0.00,221.69,0.21,41.34,226.30,0.21,45.88,226.47,0.21,27.20
236.49,0.63,148.76,0.00,0.00,0.00,235.79,0.21,41.77,228.74,0.21,46.62,227.23,0.20,27.83
220.49,0.63,138.34,0.00,0.00,0.00,219.79,0.21,41.96,226.77,0.21,46.66,227.38,0.20,26.67
225.92,0.63,143.30,0.00,0.00,0.00,225.22,0.21,41.37,227.56,0.21,46.80,226.93,0.21,28.12
225.68,0.63,142.81,0.00,0.00,0.00,224.98,0.21,41.34,230.00,0.21,47.12,225.26,0.21,27.59
225.08,0.63,142.85,0.00,0.00,0.00,224.38,0.21,41.21,224.44,0.21,45.59,229.38,0.21,28.81
231.10,0.63,144.95,0.00,0.00,0.00,230.40,0.21,41.49,225.08,0.21,45.48,226.19,0.20,27.02
224.47,0.63,141.12,0.00,0.00,0.00,223.77,0.21,41.23,227.09,0.21,46.41,228.87,0.20,27.17
255.87,0.63,161.90,0.00,0.00,0.00,255.17,0.21,42.05,227.92,0.21,46.48,232.49,0.21,28.34
225.60,0.64,143.32,0.00,0.00,0.00,224.90,0.21,41.34,229.05,0.21,47.04,226.95,0.21,27.83
226.36,0.63,143.26,0.00,0.00,0.00,225.66,0.21,41.09,229.32,0.21,46.96,229.73,0.21,28.96
224.43,0.63,140.32,0.00,0.00,0.00,223.73,0.21,40.94,225.32,0.21,46.01,229.65,0.20,27.58
230.83,0.62,143.65,0.00,0.00,0.00,230.13,0.21,40.96,223.97,0.21,45.15,222.62,0.20,25.84
224.21,0.63,141.73,0.00,0.00,0.00,223.51,0.21,41.67,225.33,0.21,45.64,226.54,0.21,27.07
226.34,0.63,142.39,0.00,0.00,0.00,225.64,0.21,41.17,223.65,0.21,45.33,228.47,0.21,25.69
220.78,0.63,140.19,0.00,0.00,0.00,220.08,0.21,41.82,223.15,0.21,45.19,230.82,0.21,28.53
225.87,0.63,142.22,0.00,0.00,0.00,225.17,0.21,41.65,226.50,0.21,45.81,226.31,0.21,26.80
218.77,0.63,137.94,0.00,0.00,0.00,218.07,0.21,41.19,226.34,0.21,45.95,230.53,0.21,27.97
226.95,0.63,142.33,0.00,0.00,0.00,226.25,0.21,41.09,228.03,0.21,46.31,224.96,0.21,26.48
222.45,0.63,139.69,0.00,0.00,0.00,221.75,0.21,41.45,223.32,0.21,45.40,222.82,0.20,26.28
224.09,0.63,142.23,0.00,0.00,0.00,223.39,0.21,41.17,217.50,0.21,43.51,230.42,0.21,28.33
262.53,0.63,166.26,0.00,0.00,0.00,261.83,0.21,41.67,228.29,0.21,46.68,232.94,0.21,28.49
223.96,0.63,140.33,0.00,0.00,0.00,223.26,0.21,41.38,219.29,0.21,43.84,229.79,0.21,28.07
218.25,0.63,136.74,0.00,0.00,0.00,217.55,0.21,41.82,223.09,0.21,44.99,223.54,0.20,26.98
222.87,0.63,140.15,0.00,0.00,0.00,222.17,0.21,41.08,223.49,0.21,45.53,230.61,0.21,27.58
228.36,0.63,143.86,0.00,0.00,0.00,227.66,0.21,41.55,224.04,0.21,45.13,229.74,0.21,28.51
225.64,0.63,142.64,0.00,0.00,0.00,224.94,0.21,41.36,226.65,0.21,46.47,224.48,0.21,26.62
221.74,0.64,141.35,0.00,0.00,0.00,221.04,0.21,41.57,226.95,0.21,46.90,231.23,0.21,28.90
223.20,0.63,140.51,0.00,0.00,0.00,222.50,0.21,41.05,226.63,0.21,46.26,226.41,0.21,26.37
225.21,0.63,140.86,0.00,0.00,0.00,224.51,0.21,40.81,224.16,0.21,45.29,225.88,0.20,26.55
225.81,0.63,142.71,0.00,0.00,0.00,225.11,0.21,40.83,224.61,0.21,45.63,230.22,0.21,28.90
223.74,0.63,140.47,0.00,0.00,0.00,223.04,0.21,41.43,223.63,0.21,45.59,227.74,0.20,27.46
227.55,0.62,141.85,0.00,0.00,0.00,226.85,0.21,41.27,224.61,0.21,45.43,223.84,0.20,26.08
264.48,0.63,166.38,0.00,0.00,0.00,263.78,0.21,41.32,226.18,0.21,45.82,231.87,0.21,26.15
226.28,0.63,142.63,0.00,0.00,0.00,225.58,0.21,42.06,227.28,0.21,46.66,227.05,0.20,27.05
227.29,0.63,142.62,0.00,0.00,0.00,226.59,0.21,41.26,229.20,0.21,46.70,227.53,0.20,27.38
223.09,0.63,140.26,0.00,0.00,0.00,222.39,0.21,41.13,228.58,0.21,46.84,226.20,0.20,26.57
225.36,0.63,142.10,0.00,0.00,0.00,224.66,0.21,41.25,230.13,0.21,47.30,231.56,0.20,28.45
225.41,0.62,140.85,0.00,0.00,0.00,224.71,0.21,40.99,230.09,0.21,46.68,227.89,0.20,27.33
224.02,0.62,138.44,0.00,0.00,0.00,223.32,0.21,41.12,227.65,0.21,45.43,225.56,0.20,26.13
222.97,0.62,139.12,0.00,0.00,0.00,222.27,0.21,41.12,224.98,0.21,45.42,226.40,0.20,26.37
221.49,0.62,136.58,0.00,0.00,0.00,220.79,0.21,41.71,225.70,0.21,45.33,224.62,0.20,25.34
231.94,0.63,145.21,0.00,0.00,0.00,231.24,0.21,41.98,225.24,0.21,45.86,225.39,0.20,26.50
228.46,0.63,143.72,0.00,0.00,0.00,227.76,0.21,41.35,225.08,0.21,45.63,232.42,0.21,28.32
226.25,0.63,141.47,0.00,0.00,0.00,225.55,0.21,41.24,226.22,0.21,46.04,224.42,0.20,27.01
227.70,0.62,141.60,0.00,0.00,0.00,227.00,0.21,40.96,227.94,0.21,45.54,227.81,0.20,27.09
251.99,0.62,157.21,0.00,0.00,0.00,251.29,0.21,41.14,255.08,0.22,47.85,245.55,0.20,25.26
225.08,0.62,139.07,0.00,0.00,0.00,224.38,0.21,41.44,226.20,0.21,45.98,226.82,0.20,26.69
230.51,0.63,144.34,0.00,0.00,0.00,229.81,0.21,41.63,228.23,0.21,46.25,230.24,0.20,28.16
231.79,0.63,145.88,0.00,0.00,0.00,231.09,0.21,42.06,231.25,0.21,47.39,229.19,0.20,26.81
234.09,0.63,148.16,0.00,0.00,0.00,233.39,0.21,41.95,233.52,0.21,47.87,231.06,0.21,29.07
221.43,0.63,138.82,0.00,0.00,0.00,220.73,0.21,41.84,230.34,0.21,46.86,229.01,0.20,27.61
225.61,0.62,140.39,0.00,0.00,0.00,224.91,0.21,41.72,230.79,0.21,47.48,228.59,0.19,26.27
221.51,0.63,139.72,0.00,0.00,0.00,220.81,0.21,41.53,227.09,0.21,46.44,231.47,0.21,27.82
232.78,0.62,143.88,0.00,0.00,0.00,232.08,0.21,40.25,224.68,0.21,45.27,229.81,0.20,27.18
226.78,0.62,140.79,0.00,0.00,0.00,226.08,0.21,40.36,230.32,0.21,47.22,230.72,0.20,27.39
229.65,0.63,143.75,0.00,0.00,0.00,228.95,0.21,41.20,225.71,0.21,45.27,230.40,0.20,27.19
223.54,0.63,140.15,0.00,0.00,0.00,222.84,0.21,41.16,226.59,0.21,45.94,228.27,0.20,26.87
227.20,0.62,140.64,0.00,0.00,0.00,226.50,0.21,41.48,222.39,0.21,44.05,228.62,0.20,27.07
222.74,0.63,139.95,0.00,0.00,0.00,222.04,0.22,42.29,245.48,0.21,46.36,254.57,0.20,26.80
224.79,0.63,141.01,0.00,0.00,0.00,224.09,0.21,41.13,231.74,0.21,47.71,228.90,0.20,27.20
224.29,0.62,140.03,0.00,0.00,0.00,223.59,0.21,41.38,231.95,0.21,47.81,227.72,0.20,25.64
225.66,0.62,140.81,0.00,0.00,0.00,224.96,0.21,41.50,230.17,0.21,46.73,231.20,0.20,28.09
230.80,0.62,144.20,0.00,0.00,0.00,230.10,0.21,41.57,227.80,0.21,45.84,227.77,0.20,27.35
229.38,0.62,143.01,0.00,0.00,0.00,228.68,0.21,41.14,228.34,0.21,46.62,227.72,0.20,27.17
226.55,0.63,142.52,0.00,0.00,0.00,225.85,0.21,41.48,223.90,0.21,45.21,233.00,0.20,28.39
228.73,0.63,143.68,0.00,0.00,0.00,228.03,0.21,42.02,228.56,0.21,46.72,228.37,0.20,27.64
232.12,0.63,145.73,0.00,0.00,0.00,231.42,0.21,40.96,228.70,0.21,46.57,230.18,0.20,27.64
226.67,0.62,141.43,0.00,0.00,0.00,225.97,0.21,40.98,228.13,0.21,45.93,227.78,0.20,26.77
225.34,0.63,141.96,0.00,0.00,0.00,224.64,0.21,41.69,225.12,0.21,45.63,233.82,0.20,28.28
230.33,0.63,144.05,0.00,0.00,0.00,229.63,0.21,41.67,228.58,0.21,46.12,230.25,0.20,27.00
224.63,0.63,140.91,0.00,0.00,0.00,223.93,0.21,41.68,260.85,0.21,47.02,247.87,0.20,27.89
222.84,0.63,141.23,0.00,0.00,0.00,222.14,0.21,42.21,225.99,0.21,46.00,239.50,0.21,29.07
226.11,0.62,140.79,0.00,0.00,0.00,225.41,0.21,41.33,227.55,0.21,46.18,228.66,0.20,26.77
222.45,0.63,139.52,0.00,0.00,0.00,221.75,0.21,41.99,224.95,0.21,45.66,229.52,0.20,27.36
230.68,0.62,142.82,0.00,0.00,0.00,229.98,0.21,41.33,226.89,0.21,45.40,228.62,0.20,26.71
222.42,0.63,139.93,0.00,0.00,0.00,221.72,0.21,42.00,225.43,0.21,44.83,229.38,0.20,26.91
234.99,0.62,146.63,0.00,0.00,0.00,234.29,0.21,42.04,226.24,0.21,45.65,226.27,0.20,26.62
230.79,0.63,144.68,0.00,0.00,0.00,230.09,0.21,40.34,228.08,0.22,47.33,232.20,0.20,27.56
227.51,0.62,141.89,0.00,0.00,0.00,226.81,0.21,41.09,227.91,0.21,46.32,226.13,0.20,25.52
221.80,0.63,138.87,0.00,0.00,0.00,221.10,0.21,41.37,227.90,0.21,46.48,229.23,0.20,27.46
221.48,0.63,139.73,0.00,0.00,0.00,220.78,0.21,41.35,226.69,0.21,46.13,231.94,0.21,28.24
231.48,0.62,143.14,0.00,0.00,0.00,230.78,0.21,41.37,226.03,0.21,45.09,230.99,0.20,27.54
224.06,0.62,139.55,0.00,0.00,0.00,223.36,0.21,41.47,230.82,0.21,47.06,226.27,0.20,25.77
230.07,0.63,145.22,0.00,0.00,0.00,229.37,0.21,41.58,252.44,0.21,47.51,247.88,0.21,27.02
220.49,0.63,138.45,0.00,0.00,0.00,219.79,0.21,41.90,225.48,0.21,45.47,261.35,0.20,27.60
229.47,0.63,144.28,0.00,0.00,0.00,228.77,0.21,41.35,232.00,0.21,47.17,231.91,0.20,27.90
233.19,0.62,144.79,0.00,0.00,0.00,232.49,0.21,40.96,228.71,0.21,46.68,227.84,0.20,26.34
234.49,0.62,146.23,0.00,0.00,0.00,233.79,0.21,41.88,229.28,0.21,46.59,228.03,0.20,26.83
223.69,0.63,140.44,0.00,0.00,0.00,222.99,0.21,41.48,228.01,0.21,46.87,229.60,0.20,27.22
224.76,0.63,140.80,0.00,0.00,0.00,224.06,0.21,41.61,231.57,0.21,47.24,229.05,0.20,26.94
220.45,0.63,138.31,0.00,0.00,0.00,219.75,0.21,41.06,228.93,0.21,46.72,230.72,0.20,28.24
224.74,0.62,139.87,0.00,0.00,0.00,224.04,0.21,41.43,226.10,0.21,45.91,229.35,0.20,26.52
223.77,0.62,139.15,0.00,0.00,0.00,223.07,0.21,41.52,227.02,0.21,46.26,232.57,0.20,27.46
223.11,0.62,137.76,0.00,0.00,0.00,222.41,0.21,41.38,225.13,0.21,45.22,225.95,0.20,24.87
224.77,0.63,141.64,0.00,0.00,0.00,224.07,0.21,42.10,228.68,0.21,46.94,232.80,0.20,27.76
227.84,0.62,141.60,0.00,0.00,0.00,227.14,0.21,40.25,229.57,0.21,46.76,223.83,0.20,25.85
228.28,0.62,141.05,0.00,0.00,0.00,227.58,0.21,41.61,226.31,0.21,45.88,270.85,0.19,28.52
223.10,0.63,139.84,0.00,0.00,0.00,222.40,0.21,41.78,227.47,0.21,46.46,233.78,0.20,28.13
225.24,0.62,140.27,0.00,0.00,0.00,224.54,0.21,41.12,225.02,0.21,45.71,226.20,0.20,26.78
229.56,0.63,143.68,0.00,0.00,0.00,228.86,0.21,41.45,225.08,0.21,45.66,234.14,0.20,28.57
225.51,0.62,139.79,0.00,0.00,0.00,224.81,0.21,41.65,225.55,0.21,45.64,225.12,0.20,25.49
223.53,0.62,139.64,0.00,0.00,0.00,222.83,0.22,42.13,225.87,0.21,46.18,230.42,0.20,27.06
230.40,0.63,144.12,0.00,0.00,0.00,229.70,0.21,41.42,230.24,0.21,47.14,228.99,0.20,27.10
223.98,0.63,141.11,0.00,0.00,0.00,223.28,0.21,41.82,229.37,0.21,47.07,229.93,0.20,27.40
233.28,0.62,145.56,0.00,0.00,0.00,232.58,0.21,41.41,229.13,0.21,46.35,230.80,0.20,27.33
234.08,0.62,145.24,0.00,0.00,0.00,233.38,0.21,41.11,225.34,0.21,45.31,227.93,0.20,25.98
222.38,0.62,137.56,0.00,0.00,0.00,221.68,0.21,42.09,230.73,0.21,47.06,230.74,0.19,26.24
228.88,0.63,144.18,0.00,0.00,0.00,228.18,0.21,41.78,227.85,0.21,46.68,232.33,0.20,27.81
228.08,0.62,142.18,0.00,0.00,0.00,227.38,0.21,41.45,226.23,0.21,46.29,227.87,0.20,26.70
223.93,0.63,141.75,0.00,0.00,0.00,223.23,0.21,41.76,232.06,0.21,47.58,229.97,0.21,27.74
258.31,0.62,159.28,0.00,0.00,0.00,257.61,0.21,41.21,231.12,0.21,45.00,260.44,0.19,28.15
220.79,0.62,137.58,0.00,0.00,0.00,220.09,0.21,41.38,228.02,0.21,45.87,226.63,0.20,26.19
221.90,0.62,138.51,0.00,0.00,0.00,221.20,0.21,41.47,229.69,0.21,46.28,231.80,0.20,27.76
231.94,0.63,145.84,0.00,0.00,0.00,231.24,0.21,41.72,230.51,0.21,47.05,230.22,0.20,27.11
222.10,0.62,137.84,0.00,0.00,0.00,221.40,0.21,41.63,230.76,0.21,46.99,228.99,0.19,26.75
229.96,0.62,143.22,0.00,0.00,0.00,229.26,0.21,41.16,226.06,0.21,45.73,232.69,0.20,27.55
229.06,0.62,142.40,0.00,0.00,0.00,228.36,0.21,41.49,228.50,0.21,46.44,227.71,0.20,26.19
225.25,0.62,140.44,0.00,0.00,0.00,224.55,0.21,41.57,227.80,0.21,45.93,229.23,0.20,26.74
234.27,0.62,146.29,0.00,0.00,0.00,233.57,0.22,42.13,228.36,0.21,46.40,227.85,0.20,26.30
223.35,0.62,139.17,0.00,0.00,0.00,222.65,0.21,42.19,229.01,0.21,46.27,227.04,0.20,26.52
228.74,0.62,141.81,0.00,0.00,0.00,228.04,0.21,41.39,226.38,0.21,46.03,225.55,0.19,25.61
225.59,0.62,140.66,0.00,0.00,0.00,224.89,0.21,41.53,230.05,0.21,47.23,229.10,0.20,26.73
220.29,0.63,138.23,0.00,0.00,0.00,219.59,0.21,41.52,226.91,0.21,45.90,227.70,0.20,27.24
214.99,0.63,135.06,0.00,0.00,0.00,214.29,0.21,41.23,226.05,0.21,45.65,258.23,0.20,29.61
231.38,0.62,144.20,0.00,0.00,0.00,230.68,0.21,42.08,228.18,0.21,46.41,229.21,0.20,26.57
222.91,0.63,139.77,0.00,0.00,0.00,222.21,0.21,41.77,229.13,0.21,46.98,229.34,0.20,27.41
231.51,0.62,144.48,0.00,0.00,0.00,230.81,0.21,41.51,228.82,0.21,46.52,223.62,0.20,26.00
231.54,0.62,144.26,0.00,0.00,0.00,230.84,0.21,41.03,226.93,0.21,46.29,230.81,0.20,27.76
227.59,0.62,142.00,0.00,0.00,0.00,226.89,0.21,41.87,227.80,0.21,45.77,226.08,0.20,25.90
233.20,0.62,145.59,0.00,0.00,0.00,232.50,0.21,41.50,227.71,0.21,46.35,226.06,0.20,26.21
225.50,0.63,141.42,0.00,0.00,0.00,224.80,0.21,41.32,226.22,0.21,45.99,233.43,0.20,28.52
229.76,0.63,144.14,0.00,0.00,0.00,229.06,0.21,41.16,229.02,0.21,46.74,229.49,0.20,26.97
229.29,0.62,141.82,0.00,0.00,0.00,228.59,0.21,41.06,221.39,0.21,44.21,232.70,0.20,27.87
228.03,0.62,141.96,0.00,0.00,0.00,227.33,0.21,41.85,228.77,0.21,46.45,229.64,0.20,27.21
228.23,0.62,141.28,0.00,0.00,0.00,227.53,0.21,41.69,228.58,0.21,46.36,227.34,0.19,26.38
221.11,0.63,138.41,0.00,0.00,0.00,220.41,0.21,41.97,227.54,0.21,45.62,234.85,0.20,28.88
229.95,0.62,142.32,0.00,0.00,0.00,229.25,0.21,41.17,253.76,0.21,46.60,232.45,0.20,26.84
226.94,0.62,139.64,0.00,0.00,0.00,226.24,0.21,41.39,229.40,0.21,46.69,227.46,0.19,25.99
228.72,0.62,142.55,0.00,0.00,0.00,228.02,0.21,42.01,226.94,0.21,45.99,228.00,0.20,26.45
221.84,0.62,138.36,0.00,0.00,0.00,221.14,0.22,42.28,228.56,0.21,46.33,226.54,0.20,25.95
222.90,0.63,139.41,0.00,0.00,0.00,222.20,0.21,41.40,232.69,0.21,47.41,230.86,0.20,27.16
232.11,0.62,144.26,0.00,0.00,0.00,231.41,0.21,41.13,227.11,0.21,45.46,229.90,0.20,27.12
224.83,0.62,138.98,0.00,0.00,0.00,224.13,0.21,41.56,227.89,0.21,46.16,226.81,0.19,25.51
224.49,0.63,140.56,0.00,0.00,0.00,223.79,0.21,41.35,226.84,0.21,45.87,226.23,0.20,26.50
224.07,0.63,141.15,0.00,0.00,0.00,223.37,0.21,41.17,228.53,0.21,46.27,228.30,0.21,26.37
222.93,0.62,137.76,0.00,0.00,0.00,222.23,0.21,41.32,225.80,0.21,45.72,226.63,0.20,27.06
223.87,0.62,139.83,0.00,0.00,0.00,223.17,0.21,41.75,224.00,0.21,45.16,233.40,0.20,27.61
251.17,0.62,156.46,0.00,0.00,0.00,250.47,0.21,41.74,243.56,0.21,45.71,226.23,0.20,25.97
225.94,0.63,142.81,0.00,0.00,0.00,225.24,0.21,41.06,235.93,0.22,49.63,232.56,0.20,28.48
222.61,0.62,138.74,0.00,0.00,0.00,221.91,0.21,41.18,232.01,0.21,47.27,230.11,0.20,27.09
227.72,0.62,141.77,0.00,0.00,0.00,227.02,0.21,41.38,228.40,0.21,46.50,228.35,0.20,27.17
229.21,0.62,142.60,0.00,0.00,0.00,228.51,0.21,41.60,228.45,0.21,45.83,225.91,0.20,25.74
223.46,0.63,140.73,0.00,0.00,0.00,222.76,0.22,42.16,226.48,0.21,45.91,233.09,0.20,27.76
225.11,0.63,140.87,0.00,0.00,0.00,224.41,0.21,41.52,229.26,0.21,46.86,231.00,0.20,27.79
227.48,0.62,141.19,0.00,0.00,0.00,226.78,0.21,41.19,225.80,0.21,45.66,232.98,0.20,27.81
227.26,0.62,140.78,0.00,0.00,0.00,226.56,0.21,41.53,228.91,0.21,45.96,235.30,0.20,27.66
223.70,0.62,138.53,0.00,0.00,0.00,223.00,0.21,41.35,229.17,0.21,46.22,226.52,0.20,25.78
224.51,0.62,139.68,0.00,0.00,0.00,223.81,0.21,41.86,227.68,0.21,46.25,230.55,0.20,26.82
218.75,0.62,135.08,0.00,0.00,0.00,218.05,0.21,41.08,230.53,0.21,46.97,231.20,0.19,27.16
221.43,0.62,136.87,0.00,0.00,0.00,220.73,0.21,40.89,227.90,0.21,46.02,226.59,0.20,26.36
240.33,0.62,149.50,0.00,0.00,0.00,239.63,0.21,41.03,229.68,0.21,46.52,228.19,0.20,25.99
224.45,0.62,138.15,0.00,0.00,0.00,223.75,0.21,42.01,224.61,0.21,45.02,223.84,0.19,25.61
224.93,0.63,141.85,0.00,0.00,0.00,224.23,0.21,41.53,229.16,0.21,46.42,228.64,0.21,26.77
232.18,0.63,146.29,0.00,0.00,0.00,231.48,0.21,41.60,230.25,0.21,47.03,231.36,0.20,27.58
222.47,0.62,138.13,0.00,0.00,0.00,221.77,0.21,41.50,225.07,0.21,45.62,232.71,0.20,27.48
232.87,0.62,144.46,0.00,0.00,0.00,232.17,0.21,41.34,228.65,0.21,45.97,228.92,0.20,26.22
223.31,0.62,137.39,0.00,0.00,0.00,222.61,0.21,41.45,229.40,0.21,46.13,227.44,0.19,26.11
231.77,0.62,143.63,0.00,0.00,0.00,231.07,0.21,41.06,229.57,0.21,46.89,227.29,0.19,26.13
231.39,0.62,144.06,0.00,0.00,0.00,230.69,0.21,42.07,230.62,0.21,46.51,227.96,0.20,25.69
226.51,0.62,139.92,0.00,0.00,0.00,225.81,0.21,41.42,226.99,0.21,45.85,226.94,0.19,25.72
226.84,0.62,141.19,0.00,0.00,0.00,226.14,0.21,40.75,229.41,0.21,46.52,231.46,0.20,26.96
229.52,0.62,143.37,0.00,0.00,0.00,228.82,0.21,41.00,222.85,0.21,44.95,231.98,0.20,27.78
224.10,0.62,139.18,0.00,0.00,0.00,223.40,0.21,40.95,227.08,0.21,45.99,228.29,0.20,27.11
237.21,0.62,147.24,0.00,0.00,0.00,236.51,0.21,41.42,228.87,0.21,46.31,224.22,0.20,25.11
222.80,0.63,139.40,0.00,0.00,0.00,222.10,0.21,41.53,227.14,0.21,46.10,226.23,0.20,26.85
223.99,0.62,139.55,0.00,0.00,0.00,223.29,0.21,40.99,229.07,0.21,46.62,235.23,0.20,28.60
219.24,0.62,135.76,0.00,0.00,0.00,218.54,0.21,41.14,229.59,0.21,46.37,226.60,0.20,24.88
221.13,0.62,136.76,0.00,0.00,0.00,220.43,0.21,40.93,227.54,0.21,45.71,224.06,0.20,26.53
226.66,0.61,139.13,0.00,0.00,0.00,225.96,0.21,41.28,227.29,0.21,46.09,229.46,0.19,26.10
233.81,0.62,145.21,0.00,0.00,0.00,233.11,0.21,41.14,226.85,0.21,45.66,225.45,0.20,25.29
224.01,0.61,135.97,0.00,0.00,0.00,223.31,0.21,41.70,228.85,0.21,46.55,223.97,0.18,24.48
222.72,0.63,139.78,0.00,0.00,0.00,222.02,0.21,41.34,226.15,0.21,45.84,231.73,0.20,27.21
226.46,0.63,142.59,0.00,0.00,0.00,225.76,0.21,40.89,227.53,0.21,46.06,225.98,0.21,27.41
222.83,0.62,138.62,0.00,0.00,0.00,222.13,0.21,41.60,225.32,0.21,45.47,224.18,0.20,25.95
227.74,0.62,140.71,0.00,0.00,0.00,227.04,0.21,40.87,226.37,0.21,46.21,229.10,0.20,28.48
224.04,0.63,141.17,0.00,0.00,0.00,223.34,0.21,41.11,222.72,0.21,44.74,250.32,0.21,28.46
231.12,0.62,143.42,0.00,0.00,0.00,230.42,0.21,41.19,226.16,0.21,45.50,229.21,0.20,26.20
230.29,0.62,143.82,0.00,0.00,0.00,229.59,0.21,41.46,226.66,0.21,46.20,229.44,0.20,27.34
223.57,0.61,137.08,0.00,0.00,0.00,222.87,0.21,41.20,228.30,0.21,45.95,227.42,0.19,25.36
221.32,0.62,138.10,0.00,0.00,0.00,220.62,0.21,41.28,228.08,0.21,46.17,233.42,0.20,27.89
225.95,0.62,140.95,0.00,0.00,0.00,225.25,0.21,41.05,230.40,0.21,47.18,228.12,0.20,27.16
221.82,0.62,137.76,0.00,0.00,0.00,221.12,0.21,41.22,229.66,0.21,46.91,229.86,0.20,26.81
233.00,0.62,143.95,0.00,0.00,0.00,232.30,0.21,40.91,224.85,0.21,44.98,225.69,0.20,26.25
227.99,0.62,140.87,0.00,0.00,0.00,227.29,0.21,41.04,225.32,0.21,45.06,223.84,0.20,24.91
223.70,0.62,139.12,0.00,0.00,0.00,223.00,0.21,41.05,223.96,0.21,45.24,230.39,0.20,27.48
227.52,0.62,141.40,0.00,0.00,0.00,226.82,0.21,41.05,230.17,0.21,47.25,228.24,0.20,26.84
229.31,0.63,143.46,0.00,0.00,0.00,228.61,0.21,41.00,226.80,0.21,46.04,234.66,0.20,27.67
230.50,0.62,142.33,0.00,0.00,0.00,229.80,0.21,40.62,226.10,0.21,45.24,227.62,0.20,26.72
223.66,0.62,138.41,0.00,0.00,0.00,222.96,0.21,41.15,255.74,0.21,46.24,230.03,0.20,26.84
228.77,0.62,141.20,0.00,0.00,0.00,228.07,0.21,40.84,226.22,0.21,45.50,222.75,0.20,25.83
229.44,0.62,141.62,0.00,0.00,0.00,228.74,0.21,40.73,225.61,0.21,45.35,230.22,0.20,26.68
231.27,0.62,142.49,0.00,0.00,0.00,230.57,0.21,41.32,226.50,0.21,45.78,225.74,0.19,25.87
226.77,0.63,141.91,0.00,0.00,0.00,226.07,0.21,41.62,225.27,0.21,45.94,227.67,0.20,26.78
225.61,0.62,138.90,0.00,0.00,0.00,224.91,0.21,40.92,226.20,0.21,45.08,225.60,0.20,24.85
220.26,0.62,136.32,0.00,0.00,0.00,219.56,0.21,40.54,226.36,0.21,45.34,228.78,0.20,27.34
224.23,0.62,139.82,0.00,0.00,0.00,223.53,0.21,41.32,229.48,0.21,46.57,227.58,0.20,27.62
230.54,0.62,142.42,0.00,0.00,0.00,229.84,0.21,41.33,228.38,0.21,46.06,226.59,0.19,26.51
224.31,0.61,137.82,0.00,0.00,0.00,223.61,0.21,40.85,229.36,0.21,46.42,227.37,0.19,25.51
221.51,0.63,138.57,0.00,0.00,0.00,220.81,0.21,41.18,229.65,0.21,46.62,227.22,0.20,27.53
221.74,0.62,137.98,0.00,0.00,0.00,221.04,0.21,41.39,225.44,0.21,45.19,226.95,0.20,27.47
222.14,0.62,137.92,0.00,0.00,0.00,221.44,0.21,41.23,228.69,0.21,46.31,225.98,0.20,25.97
229.21,0.62,142.63,0.00,0.00,0.00,228.51,0.21,40.77,254.07,0.21,47.43,245.20,0.20,27.24
225.87,0.63,141.45,0.00,0.00,0.00,225.17,0.21,41.47,225.85,0.21,45.33,227.43,0.20,26.01
221.77,0.63,139.06,0.00,0.00,0.00,221.07,0.21,40.78,227.80,0.21,46.17,233.44,0.20,27.57
225.05,0.62,140.03,0.00,0.00,0.00,224.35,0.21,41.07,228.26,0.21,46.48,229.47,0.20,26.17
232.51,0.62,144.16,0.00,0.00,0.00,231.81,0.21,41.18,227.85,0.21,45.97,225.88,0.20,26.08
224.96,0.62,140.39,0.00,0.00,0.00,224.26,0.21,41.70,227.46,0.21,46.02,226.73,0.20,26.97
227.21,0.62,140.46,0.00,0.00,0.00,226.51,0.21,40.95,228.87,0.21,46.37,227.51,0.20,25.86
222.13,0.62,137.61,0.00,0.00,0.00,221.43,0.21,41.31,227.61,0.21,46.38,227.43,0.19,26.16
227.20,0.63,142.40,0.00,0.00,0.00,226.50,0.21,40.65,229.04,0.21,46.44,228.45,0.20,27.48
232.30,0.62,143.43,0.00,0.00,0.00,231.60,0.21,41.21,225.22,0.21,45.26,229.34,0.20,27.06
222.53,0.62,137.13,0.00,0.00,0.00,221.83,0.21,41.42,227.01,0.21,45.74,227.82,0.19,26.02
222.07,0.63,139.23,0.00,0.00,0.00,221.37,0.21,41.32,231.55,0.21,47.39,233.82,0.20,28.56
221.59,0.62,137.04,0.00,0.00,0.00,220.89,0.21,40.95,225.59,0.21,45.08,242.12,0.20,25.34
222.71,0.61,136.66,0.00,0.00,0.00,222.01,0.21,40.81,224.41,0.21,44.91,225.73,0.19,25.40
234.64,0.62,146.09,0.00,0.00,0.00,233.94,0.21,41.21,226.63,0.21,45.43,227.10,0.20,26.75
222.57,0.61,136.48,0.00,0.00,0.00,221.87,0.21,41.16,223.72,0.21,44.78,225.40,0.19,25.50
221.21,0.62,137.60,0.00,0.00,0.00,220.51,0.21,41.56,231.37,0.21,47.15,230.43,0.20,26.91
219.68,0.62,136.26,0.00,0.00,0.00,218.98,0.21,40.91,223.90,0.21,44.98,231.01,0.20,27.82
222.82,0.61,136.68,0.00,0.00,0.00,222.12,0.21,41.09,224.54,0.21,44.75,226.22,0.19,26.65
228.99,0.62,142.43,0.00,0.00,0.00,228.29,0.21,40.98,224.23,0.21,45.04,223.53,0.20,25.58
224.64,0.62,139.00,0.00,0.00,0.00,223.94,0.22,42.49,223.09,0.21,44.29,228.76,0.20,27.33
223.28,0.62,139.45,0.00,0.00,0.00,222.58,0.21,41.43,230.44,0.21,47.48,225.13,0.20,24.63
220.61,0.62,137.73,0.00,0.00,0.00,219.91,0.21,41.14,226.72,0.21,45.71,226.04,0.20,26.81
220.62,0.62,137.16,0.00,0.00,0.00,219.92,0.21,40.45,227.58,0.21,46.00,226.39,0.20,27.04
219.05,0.61,133.67,0.00,0.00,0.00,218.35,0.21,40.98,229.14,0.21,46.26,227.85,0.19,25.61
228.48,0.63,143.34,0.00,0.00,0.00,227.78,0.21,40.55,226.77,0.21,45.95,230.67,0.21,27.77
230.40,0.61,141.66,0.00,0.00,0.00,229.70,0.21,40.60,224.96,0.21,45.20,223.53,0.20,24.89
227.35,0.61,139.80,0.00,0.00,0.00,226.65,0.21,40.68,225.22,0.21,44.54,226.09,0.20,26.00
222.53,0.62,137.65,0.00,0.00,0.00,221.83,0.21,41.69,239.82,0.21,47.34,228.60,0.19,26.20
227.34,0.63,142.51,0.00,0.00,0.00,226.64,0.21,41.70,230.16,0.21,46.51,228.64,0.20,26.71
223.31,0.63,140.24,0.00,0.00,0.00,222.61,0.21,41.56,225.33,0.21,45.64,232.16,0.20,27.98
224.23,0.62,138.19,0.00,0.00,0.00,223.53,0.21,40.18,225.96,0.21,45.45,228.08,0.20,26.63
224.65,0.62,138.27,0.00,0.00,0.00,223.95,0.21,41.03,227.38,0.21,45.69,224.43,0.19,24.78
222.88,0.62,137.22,0.00,0.00,0.00,222.18,0.21,40.89,225.03,0.21,44.90,226.91,0.20,25.46
225.68,0.62,140.42,0.00,0.00,0.00,224.98,0.21,40.84,226.20,0.21,45.82,226.79,0.20,26.90
230.75,0.61,141.66,0.00,0.00,0.00,230.05,0.21,41.07,225.86,0.21,45.41,226.65,0.19,24.67
228.97,0.61,140.74,0.00,0.00,0.00,228.27,0.21,40.87,227.70,0.21,45.74,226.53,0.19,25.35
225.54,0.62,139.24,0.00,0.00,0.00,224.84,0.21,40.64,223.72,0.21,45.07,222.48,0.20,25.16
224.98,0.62,140.16,0.00,0.00,0.00,224.28,0.21,40.57,224.63,0.21,45.38,223.78,0.20,26.42
226.19,0.61,138.39,0.00,0.00,0.00,225.49,0.21,40.89,227.62,0.21,46.25,224.75,0.19,25.34
233.31,0.62,145.54,0.00,0.00,0.00,232.61,0.21,41.46,227.71,0.21,45.85,225.55,0.20,26.37
223.53,0.63,139.98,0.00,0.00,0.00,222.83,0.21,40.52,228.06,0.21,45.82,227.80,0.21,27.43
221.39,0.62,137.73,0.00,0.00,0.00,220.69,0.21,40.92,224.92,0.21,45.02,226.82,0.20,27.93
221.33,0.62,137.80,0.00,0.00,0.00,220.63,0.21,40.46,225.15,0.21,45.29,228.83,0.20,27.19
230.51,0.61,141.74,0.00,0.00,0.00,229.81,0.21,40.37,223.56,0.21,44.54,221.18,0.20,25.20
227.13,0.62,141.89,0.00,0.00,0.00,226.43,0.21,40.77,227.10,0.21,46.19,225.27,0.20,26.90
221.07,0.62,137.03,0.00,0.00,0.00,220.37,0.21,41.11,226.32,0.21,45.59,225.21,0.20,25.22
225.16,0.63,142.10,0.00,0.00,0.00,224.46,0.21,41.44,228.77,0.21,46.18,229.45,0.21,28.47
228.17,0.63,142.82,0.00,0.00,0.00,227.47,0.21,41.42,223.55,0.21,45.03,224.64,0.20,27.29
228.07,0.62,140.48,0.00,0.00,0.00,227.37,0.21,41.13,224.26,0.21,45.17,225.32,0.20,25.12
220.98,0.61,135.00,0.00,0.00,0.00,220.28,0.21,40.91,226.43,0.21,45.30,231.26,0.19,24.93
219.98,0.62,136.14,0.00,0.00,0.00,219.28,0.21,39.97,225.10,0.21,45.18,226.82,0.20,26.34
222.22,0.62,138.06,0.00,0.00,0.00,221.52,0.21,39.73,228.48,0.21,46.13,228.88,0.20,25.67
221.99,0.62,138.28,0.00,0.00,0.00,221.29,0.21,40.57,224.44,0.21,44.49,227.38,0.21,26.69
222.98,0.61,136.48,0.00,0.00,0.00,222.28,0.21,40.87,226.61,0.21,45.68,227.41,0.19,25.91
229.80,0.62,143.29,0.00,0.00,0.00,229.10,0.21,41.49,228.68,0.21,46.51,229.06,0.20,26.50
229.90,0.62,142.21,0.00,0.00,0.00,229.20,0.21,40.59,227.32,0.21,46.21,226.20,0.20,26.21
228.69,0.62,141.30,0.00,0.00,0.00,227.99,0.21,40.70,227.36,0.21,45.75,226.68,0.20,26.28
226.55,0.62,140.79,0.00,0.00,0.00,225.85,0.21,40.67,225.50,0.21,45.29,232.99,0.20,27.82
227.25,0.62,140.92,0.00,0.00,0.00,226.55,0.21,40.26,226.62,0.21,45.71,227.03,0.20,27.21
227.51,0.62,140.37,0.00,0.00,0.00,226.81,0.21,41.14,227.85,0.21,45.96,227.92,0.19,26.85
223.54,0.62,137.92,0.00,0.00,0.00,222.84,0.21,41.08,227.29,0.21,45.15,225.10,0.20,25.72
221.02,0.61,135.11,0.00,0.00,0.00,220.32,0.21,41.15,226.26,0.21,45.53,224.89,0.19,24.31
220.63,0.61,134.94,0.00,0.00,0.00,219.93,0.21,40.71,226.16,0.21,45.25,227.51,0.19,26.10
220.28,0.62,136.07,0.00,0.00,0.00,219.58,0.21,40.48,226.15,0.21,45.31,228.81,0.20,26.43
221.74,0.62,138.37,0.00,0.00,0.00,221.04,0.21,41.06,241.68,0.21,45.08,234.98,0.20,26.32
222.61,0.62,137.90,0.00,0.00,0.00,221.91,0.21,41.26,227.81,0.21,46.18,230.31,0.20,26.53
232.82,0.62,145.48,0.00,0.00,0.00,232.12,0.21,41.28,228.01,0.21,45.81,226.76,0.20,26.66
219.49,0.62,136.32,0.00,0.00,0.00,218.79,0.21,41.34,227.02,0.21,45.97,227.68,0.20,26.73
224.34,0.62,139.69,0.00,0.00,0.00,223.64,0.21,40.74,228.22,0.21,46.13,230.40,0.20,27.19
220.87,0.61,135.71,0.00,0.00,0.00,220.17,0.21,40.55,228.04,0.21,45.65,226.16,0.19,24.65
222.01,0.62,137.61,0.00,0.00,0.00,221.31,0.21,40.65,226.06,0.21,45.65,228.16,0.20,26.26
229.68,0.62,142.80,0.00,0.00,0.00,228.98,0.21,40.99,227.62,0.21,46.18,229.26,0.20,26.43
229.25,0.62,141.21,0.00,0.00,0.00,228.55,0.21,41.13,227.31,0.21,45.75,228.09,0.19,25.80
220.22,0.62,135.85,0.00,0.00,0.00,219.52,0.21,41.47,228.48,0.21,46.45,227.29,0.19,26.21
233.03,0.62,143.72,0.00,0.00,0.00,232.33,0.21,40.89,228.14,0.21,46.35,226.41,0.19,24.85
228.17,0.63,142.78,0.00,0.00,0.00,227.47,0.21,41.58,227.03,0.21,45.80,230.11,0.20,27.98
222.75,0.63,139.81,0.00,0.00,0.00,222.05,0.21,41.55,254.22,0.21,51.08,249.57,0.20,26.96
224.68,0.62,139.08,0.00,0.00,0.00,223.98,0.21,40.46,227.26,0.21,45.93,231.64,0.20,27.82
223.28,0.62,138.14,0.00,0.00,0.00,222.58,0.21,41.06,227.78,0.21,45.89,227.79,0.20,27.31
228.72,0.62,141.52,0.00,0.00,0.00,228.02,0.21,40.83,227.75,0.21,46.07,228.24,0.20,27.29
228.94,0.62,142.36,0.00,0.00,0.00,228.24,0.21,41.16,226.39,0.21,45.80,229.55,0.20,26.51
222.10,0.62,137.50,0.00,0.00,0.00,221.40,0.21,42.11,230.81,0.21,46.48,225.71,0.19,24.47
222.86,0.62,138.21,0.00,0.00,0.00,222.16,0.21,41.75,229.51,0.21,46.94,230.42,0.19,26.83
228.02,0.63,142.58,0.00,0.00,0.00,227.32,0.21,41.47,228.35,0.21,45.97,233.20,0.20,27.51
233.06,0.62,144.19,0.00,0.00,0.00,232.36,0.21,41.52,228.36,0.21,46.32,228.99,0.19,25.79
223.32,0.62,138.03,0.00,0.00,0.00,222.62,0.21,41.79,228.91,0.21,46.10,229.41,0.19,26.51
227.73,0.62,141.24,0.00,0.00,0.00,227.03,0.21,42.14,227.45,0.21,45.88,231.54,0.19,27.11
228.12,0.61,140.24,0.00,0.00,0.00,227.42,0.21,41.76,226.37,0.21,45.60,225.71,0.19,24.95
234.51,0.62,146.32,0.00,0.00,0.00,233.81,0.21,40.99,228.68,0.21,47.18,232.15,0.20,27.15
223.40,0.61,136.35,0.00,0.00,0.00,222.70,0.21,41.18,228.46,0.21,45.78,226.55,0.19,24.82
235.46,0.62,146.33,0.00,0.00,0.00,234.76,0.21,40.64,225.73,0.21,45.96,232.59,0.20,27.21
224.97,0.62,139.21,0.00,0.00,0.00,224.27,0.21,40.54,223.75,0.21,44.86,229.45,0.20,26.48
228.81,0.62,142.77,0.00,0.00,0.00,228.11,0.21,40.83,228.94,0.21,46.44,229.52,0.20,26.86
226.02,0.63,142.63,0.00,0.00,0.00,225.32,0.21,41.92,225.37,0.21,45.56,232.51,0.21,27.36
227.63,0.62,141.14,0.00,0.00,0.00,226.93,0.21,42.05,231.99,0.21,46.94,227.67,0.19,25.14
223.56,0.63,140.64,0.00,0.00,0.00,222.86,0.21,41.92,228.73,0.21,46.81,229.58,0.20,26.29
227.80,0.63,142.54,0.00,0.00,0.00,227.10,0.21,41.74,228.43,0.21,46.08,226.44,0.20,24.92
224.97,0.62,140.52,0.00,0.00,0.00,224.27,0.21,41.23,229.19,0.21,46.39,232.69,0.20,26.36
228.28,0.62,142.38,0.00,0.00,0.00,227.58,0.21,41.03,226.11,0.21,45.65,229.67,0.20,26.84
231.71,0.63,145.16,0.00,0.00,0.00,231.01,0.21,41.65,230.57,0.21,46.89,227.26,0.20,26.20
235.92,0.62,146.00,0.00,0.00,0.00,235.22,0.21,41.20,228.44,0.21,45.86,227.83,0.20,25.15
222.96,0.63,140.42,0.00,0.00,0.00,222.26,0.21,41.89,227.41,0.21,45.89,227.40,0.21,26.38
225.61,0.62,140.33,0.00,0.00,0.00,224.91,0.21,41.88,228.22,0.21,46.39,228.16,0.20,25.39
228.21,0.62,142.42,0.00,0.00,0.00,227.51,0.21,40.71,228.37,0.21,47.15,229.85,0.20,26.31
225.94,0.62,141.05,0.00,0.00,0.00,225.24,0.21,41.69,223.34,0.21,45.04,235.50,0.20,27.48
225.34,0.63,141.41,0.00,0.00,0.00,224.64,0.21,41.20,226.45,0.21,46.05,230.79,0.20,26.38
223.46,0.62,139.27,0.00,0.00,0.00,222.76,0.21,41.42,230.80,0.21,46.67,229.41,0.20,26.37
231.68,0.62,144.30,0.00,0.00,0.00,230.98,0.21,41.33,228.16,0.21,46.42,228.86,0.20,25.99
228.05,0.62,140.59,0.00,0.00,0.00,227.35,0.21,41.55,226.94,0.21,45.45,225.31,0.19,23.68
226.76,0.63,141.89,0.00,0.00,0.00,226.06,0.21,41.13,228.32,0.21,46.36,230.91,0.20,26.64
224.83,0.62,139.77,0.00,0.00,0.00,224.13,0.21,40.89,227.08,0.21,46.11,232.48,0.20,26.81
229.57,0.62,142.86,0.00,0.00,0.00,228.87,0.21,41.66,229.97,0.21,47.14,232.09,0.19,26.93
236.95,0.62,147.02,0.00,0.00,0.00,236.25,0.21,41.26,229.13,0.21,46.16,229.24,0.20,25.43
225.65,0.63,141.88,0.00,0.00,0.00,224.95,0.21,41.17,230.45,0.21,46.88,233.23,0.20,27.19
224.36,0.62,139.45,0.00,0.00,0.00,223.66,0.21,41.38,229.25,0.21,46.66,229.50,0.20,26.72
227.86,0.62,141.72,0.00,0.00,0.00,227.16,0.21,40.94,246.52,0.21,45.84,232.21,0.20,27.93
226.27,0.61,138.87,0.00,0.00,0.00,225.57,0.21,41.19,225.00,0.21,45.23,226.49,0.19,25.23
229.16,0.61,140.83,0.00,0.00,0.00,228.46,0.21,40.85,225.76,0.21,45.25,225.41,0.19,24.70
226.26,0.62,139.20,0.00,0.00,0.00,225.56,0.21,41.49,228.45,0.21,45.89,226.98,0.19,25.26
225.56,0.62,139.84,0.00,0.00,0.00,224.86,0.21,41.57,233.29,0.21,47.50,230.32,0.19,26.18
230.02,0.62,142.75,0.00,0.00,0.00,229.32,0.21,41.49,228.39,0.21,46.05,225.10,0.20,24.87
226.46,0.62,139.59,0.00,0.00,0.00,225.76,0.21,41.41,227.35,0.21,46.13,228.51,0.19,27.01
226.35,0.61,138.97,0.00,0.00,0.00,225.65,0.21,41.70,229.08,0.21,46.15,228.00,0.19,25.74
225.64,0.62,138.78,0.00,0.00,0.00,224.94,0.21,41.64,230.42,0.21,45.83,227.84,0.19,25.32
230.28,0.62,142.50,0.00,0.00,0.00,229.58,0.21,41.40,231.20,0.21,47.42,230.33,0.19,26.36
231.22,0.62,142.56,0.00,0.00,0.00,230.52,0.21,41.78,230.10,0.21,47.22,228.35,0.19,25.95
229.54,0.62,141.29,0.00,0.00,0.00,228.84,0.21,40.84,224.25,0.21,45.34,224.60,0.19,25.03
234.31,0.62,145.57,0.00,0.00,0.00,233.61,0.21,40.67,227.73,0.21,46.43,232.97,0.20,27.38
233.68,0.62,144.64,0.00,0.00,0.00,232.98,0.21,41.56,229.40,0.21,46.83,230.67,0.19,26.65
228.54,0.62,140.70,0.00,0.00,0.00,227.84,0.21,41.08,229.51,0.21,46.49,230.50,0.19,26.21
230.25,0.62,143.17,0.00,0.00,0.00,229.55,0.21,41.57,229.06,0.21,46.12,231.89,0.20,27.77
228.59,0.61,139.43,0.00,0.00,0.00,227.89,0.21,41.94,229.13,0.21,46.01,225.38,0.19,24.13
231.16,0.62,142.90,0.00,0.00,0.00,230.46,0.21,41.88,226.58,0.21,45.53,230.69,0.19,26.63
224.69,0.63,140.51,0.00,0.00,0.00,223.99,0.21,41.68,231.46,0.21,46.79,236.16,0.20,27.68
229.96,0.62,143.29,0.00,0.00,0.00,229.26,0.21,41.13,228.96,0.21,46.75,229.84,0.20,26.96
229.70,0.61,141.15,0.00,0.00,0.00,229.00,0.21,41.33,229.01,0.21,46.46,229.06,0.19,25.78
232.60,0.62,143.80,0.00,0.00,0.00,231.90,0.21,41.05,227.79,0.21,45.56,228.48,0.20,26.42
223.00,0.61,137.11,0.00,0.00,0.00,222.30,0.21,41.11,225.51,0.21,45.12,228.67,0.19,26.55
224.69,0.61,137.00,0.00,0.00,0.00,223.99,0.21,41.35,227.38,0.21,45.66,227.11,0.19,24.84
227.22,0.62,140.98,0.00,0.00,0.00,226.52,0.21,41.85,229.94,0.21,46.65,227.44,0.19,25.49
233.75,0.62,144.11,0.00,0.00,0.00,233.05,0.21,41.23,225.62,0.21,45.29,224.28,0.19,25.16
230.43,0.63,144.14,0.00,0.00,0.00,229.73,0.21,41.51,260.40,0.21,47.97,251.36,0.20,27.18
229.56,0.62,142.66,0.00,0.00,0.00,228.86,0.21,41.21,232.56,0.21,47.27,229.61,0.20,26.52
227.01,0.62,139.95,0.00,0.00,0.00,226.31,0.22,42.58,226.36,0.21,45.39,231.34,0.19,26.15
232.70,0.61,142.73,0.00,0.00,0.00,232.00,0.21,40.67,223.18,0.21,44.31,227.29,0.19,25.68
225.29,0.61,137.51,0.00,0.00,0.00,224.59,0.21,40.76,224.60,0.21,44.98,225.55,0.19,24.92
233.99,0.60,141.31,0.00,0.00,0.00,233.29,0.21,41.84,227.12,0.21,45.74,226.71,0.18,23.79
234.44,0.62,145.49,0.00,0.00,0.00,233.74,0.22,42.60,230.78,0.21,47.08,230.89,0.19,26.81
231.32,0.62,143.70,0.00,0.00,0.00,230.62,0.21,42.02,228.13,0.21,46.65,230.36,0.19,26.23
227.89,0.62,142.31,0.00,0.00,0.00,227.19,0.21,41.63,231.14,0.21,47.05,231.01,0.20,27.75
226.39,0.62,140.62,0.00,0.00,0.00,225.69,0.21,41.45,229.23,0.21,46.24,230.33,0.20,27.16
225.78,0.61,138.68,0.00,0.00,0.00,225.08,0.21,40.95,225.69,0.21,45.67,231.24,0.19,26.39
235.04,0.62,145.20,0.00,0.00,0.00,234.34,0.21,40.72,228.96,0.21,46.72,230.53,0.19,26.64
229.70,0.62,142.00,0.00,0.00,0.00,229.00,0.21,41.53,228.59,0.21,46.17,229.06,0.19,26.09
230.79,0.62,142.01,0.00,0.00,0.00,230.09,0.21,41.18,228.38,0.21,46.26,229.72,0.19,26.17
225.93,0.62,139.40,0.00,0.00,0.00,225.23,0.21,41.46,228.64,0.21,46.40,226.82,0.19,25.53
225.90,0.61,138.00,0.00,0.00,0.00,225.20,0.21,41.72,228.51,0.21,46.09,222.82,0.19,23.04
225.02,0.62,139.83,0.00,0.00,0.00,224.32,0.21,42.04,228.25,0.21,46.36,232.13,0.19,27.33
230.34,0.62,143.38,0.00,0.00,0.00,229.64,0.21,41.37,228.21,0.21,46.47,232.71,0.20,27.58
225.01,0.62,139.44,0.00,0.00,0.00,224.31,0.21,41.48,226.80,0.21,45.44,232.98,0.20,27.49
226.25,0.62,140.11,0.00,0.00,0.00,225.55,0.21,41.02,230.51,0.21,46.67,230.03,0.20,26.79
229.85,0.62,143.35,0.00,0.00,0.00,229.15,0.21,41.89,227.20,0.21,45.97,228.88,0.20,26.10
226.47,0.62,141.08,0.00,0.00,0.00,225.77,0.21,42.02,231.53,0.21,47.08,231.34,0.19,26.59
226.86,0.62,141.54,0.00,0.00,0.00,226.16,0.21,41.50,227.46,0.21,46.40,231.82,0.20,26.67
231.12,0.62,143.52,0.00,0.00,0.00,230.42,0.21,41.33,231.06,0.21,46.91,232.62,0.20,27.43
229.31,0.62,141.28,0.00,0.00,0.00,228.61,0.21,40.68,224.05,0.21,44.99,230.40,0.20,26.94
228.26,0.63,142.79,0.00,0.00,0.00,227.56,0.21,41.38,224.84,0.21,45.64,230.47,0.20,27.77
224.66,0.62,140.07,0.00,0.00,0.00,223.96,0.21,41.37,226.66,0.21,45.69,229.05,0.20,26.15
261.43,0.63,163.54,0.00,0.00,0.00,260.73,0.21,41.47,228.07,0.21,46.03,229.91,0.20,26.43
231.88,0.62,143.36,0.00,0.00,0.00,231.18,0.21,41.73,226.97,0.21,45.37,227.54,0.20,25.05
222.47,0.62,138.75,0.00,0.00,0.00,221.77,0.21,41.43,227.54,0.21,46.06,231.45,0.20,26.47
233.71,0.62,144.37,0.00,0.00,0.00,233.01,0.21,40.56,225.84,0.21,45.50,225.65,0.20,25.68
224.40,0.62,138.97,0.00,0.00,0.00,223.70,0.21,41.05,224.40,0.21,46.15,231.32,0.19,26.41
225.95,0.62,139.21,0.00,0.00,0.00,225.25,0.21,40.88,228.43,0.21,46.14,228.83,0.19,25.71
234.37,0.62,145.00,0.00,0.00,0.00,233.67,0.21,41.28,227.68,0.21,46.14,228.76,0.20,25.66
229.56,0.62,142.76,0.00,0.00,0.00,228.86,0.21,41.24,229.36,0.21,46.53,233.31,0.20,27.25
225.98,0.62,140.15,0.00,0.00,0.00,225.28,0.21,41.80,225.81,0.21,45.71,226.21,0.19,25.81
224.74,0.61,138.00,0.00,0.00,0.00,224.04,0.21,40.71,226.16,0.21,45.34,226.10,0.19,25.63
222.73,0.62,137.78,0.00,0.00,0.00,222.03,0.21,41.16,227.45,0.21,45.73,226.79,0.20,25.31
222.64,0.62,137.60,0.00,0.00,0.00,221.94,0.21,40.83,227.65,0.21,46.11,230.46,0.19,26.67
234.71,0.62,145.57,0.00,0.00,0.00,234.01,0.21,41.97,227.47,0.21,46.09,227.74,0.19,25.09
224.73,0.62,138.94,0.00,0.00,0.00,224.03,0.21,41.84,265.73,0.21,49.27,229.21,0.19,22.88
233.77,0.63,146.29,0.00,0.00,0.00,233.07,0.21,41.77,227.62,0.21,45.98,231.51,0.20,27.49
235.53,0.62,146.43,0.00,0.00,0.00,234.83,0.21,41.37,225.88,0.21,45.78,231.19,0.20,27.25
225.09,0.61,137.88,0.00,0.00,0.00,224.39,0.21,41.06,229.06,0.21,45.51,226.63,0.19,25.27
223.05,0.61,135.60,0.00,0.00,0.00,222.35,0.21,41.36,226.83,0.21,45.59,227.71,0.19,24.65
233.78,0.62,144.74,0.00,0.00,0.00,233.08,0.22,42.46,230.44,0.21,46.71,228.38,0.19,25.75
226.66,0.61,138.64,0.00,0.00,0.00,225.96,0.21,41.60,227.92,0.21,45.99,224.60,0.19,24.46
235.72,0.62,145.41,0.00,0.00,0.00,235.02,0.21,41.04,228.30,0.21,46.08,226.01,0.19,25.65
226.91,0.61,137.58,0.00,0.00,0.00,226.21,0.21,41.06,231.01,0.21,47.23,228.42,0.18,25.03
235.51,0.62,146.63,0.00,0.00,0.00,234.81,0.21,41.12,227.52,0.21,45.82,230.34,0.20,27.61
224.35,0.62,138.88,0.00,0.00,0.00,223.65,0.21,41.14,228.97,0.21,46.32,231.31,0.20,26.57
225.79,0.62,139.32,0.00,0.00,0.00,225.09,0.21,41.18,225.94,0.21,45.06,227.99,0.20,25.77
225.91,0.62,139.69,0.00,0.00,0.00,225.21,0.21,41.17,228.88,0.21,46.14,257.62,0.19,25.74
230.98,0.62,142.96,0.00,0.00,0.00,230.28,0.21,40.49,226.30,0.21,45.88,233.43,0.20,27.19
227.11,0.62,140.41,0.00,0.00,0.00,226.41,0.21,41.57,224.08,0.21,44.52,227.21,0.20,25.82
226.22,0.62,140.75,0.00,0.00,0.00,225.52,0.21,41.88,222.88,0.21,44.61,231.39,0.20,26.68
227.14,0.62,140.46,0.00,0.00,0.00,226.44,0.21,41.54,228.85,0.21,46.84,231.50,0.19,25.55
231.35,0.61,142.12,0.00,0.00,0.00,230.65,0.21,40.33,228.27,0.21,46.26,233.26,0.19,26.83
224.35,0.63,141.05,0.00,0.00,0.00,223.65,0.21,41.26,224.55,0.21,45.37,231.27,0.20,26.85
226.36,0.62,139.69,0.00,0.00,0.00,225.66,0.21,41.60,226.42,0.21,45.27,228.86,0.20,26.04
225.19,0.62,138.95,0.00,0.00,0.00,224.49,0.21,41.43,227.98,0.21,45.82,226.62,0.19,25.06
230.80,0.62,143.35,0.00,0.00,0.00,230.10,0.21,41.79,227.60,0.21,46.26,229.67,0.19,26.08
232.51,0.61,142.59,0.00,0.00,0.00,231.81,0.21,41.58,230.39,0.21,46.28,227.34,0.19,24.96
225.57,0.63,141.12,0.00,0.00,0.00,224.87,0.21,41.55,230.22,0.21,47.04,229.43,0.20,26.55
229.77,0.62,142.65,0.00,0.00,0.00,229.07,0.21,40.98,227.00,0.21,45.94,229.35,0.20,26.06
227.34,0.62,140.65,0.00,0.00,0.00,226.64,0.21,41.00,226.79,0.21,45.83,230.22,0.20,25.70
226.12,0.62,140.97,0.00,0.00,0.00,225.42,0.21,41.63,226.94,0.21,45.44,264.57,0.20,27.72
229.36,0.62,141.89,0.00,0.00,0.00,228.66,0.21,40.80,251.19,0.21,48.37,227.83,0.19,25.15
227.03,0.62,140.35,0.00,0.00,0.00,226.33,0.21,40.96,229.28,0.21,46.90,233.18,0.19,27.03
225.73,0.62,139.17,0.00,0.00,0.00,225.03,0.21,40.75,230.02,0.21,46.86,226.70,0.19,25.30
225.56,0.63,141.52,0.00,0.00,0.00,224.86,0.21,41.58,226.94,0.21,45.85,232.76,0.20,28.68
224.68,0.62,138.58,0.00,0.00,0.00,223.98,0.21,41.20,228.93,0.21,46.13,229.92,0.19,26.73
224.83,0.62,139.26,0.00,0.00,0.00,224.13,0.21,41.27,224.05,0.21,44.94,230.18,0.20,26.74
225.54,0.61,137.94,0.00,0.00,0.00,224.84,0.21,41.18,225.90,0.21,45.31,226.58,0.19,24.96
226.66,0.61,139.18,0.00,0.00,0.00,225.96,0.21,41.49,226.09,0.21,45.18,230.06,0.19,26.15
225.13,0.62,139.21,0.00,0.00,0.00,224.43,0.21,41.52,226.81,0.21,45.68,230.33,0.19,27.27
226.16,0.61,138.00,0.00,0.00,0.00,225.46,0.21,39.92,225.98,0.21,45.14,228.79,0.19,26.02
225.82,0.61,137.75,0.00,0.00,0.00,225.12,0.21,41.47,225.55,0.21,44.93,228.56,0.19,25.03
229.69,0.61,140.92,0.00,0.00,0.00,228.99,0.21,41.93,229.50,0.21,45.85,229.64,0.19,25.23
228.15,0.62,141.34,0.00,0.00,0.00,227.45,0.21,40.81,234.66,0.21,46.80,232.42,0.19,26.36
269.71,0.62,165.91,0.00,0.00,0.00,269.01,0.21,40.80,226.24,0.21,45.26,230.45,0.19,26.18
233.63,0.62,145.11,0.00,0.00,0.00,232.93,0.21,40.74,228.40,0.21,47.17,234.66,0.20,27.69
226.47,0.62,140.53,0.00,0.00,0.00,225.77,0.21,41.36,231.68,0.21,47.18,229.64,0.19,26.66
224.44,0.61,137.74,0.00,0.00,0.00,223.74,0.21,40.97,225.41,0.21,45.16,226.77,0.19,24.70
225.42,0.61,138.43,0.00,0.00,0.00,224.72,0.21,41.44,226.19,0.21,44.89,225.89,0.19,26.90
224.99,0.62,138.62,0.00,0.00,0.00,224.29,0.21,40.96,228.74,0.21,45.70,225.38,0.20,25.08
227.93,0.62,142.28,0.00,0.00,0.00,227.23,0.21,41.45,227.10,0.21,45.69,225.92,0.20,26.67
225.55,0.62,140.10,0.00,0.00,0.00,224.85,0.21,41.72,226.82,0.21,45.81,228.79,0.20,26.49
230.42,0.62,143.35,0.00,0.00,0.00,229.72,0.21,42.10,227.72,0.21,46.05,231.71,0.20,26.78
234.08,0.62,146.02,0.00,0.00,0.00,233.38,0.21,41.19,226.00,0.21,46.06,231.47,0.20,28.00
228.26,0.62,142.61,0.00,0.00,0.00,227.56,0.21,41.40,227.55,0.21,46.08,227.90,0.20,26.08
223.58,0.62,137.83,0.00,0.00,0.00,222.88,0.21,41.22,223.73,0.21,44.92,249.95,0.19,25.02
226.74,0.60,136.94,0.00,0.00,0.00,226.04,0.21,41.38,229.01,0.21,45.11,254.26,0.18,24.79
230.31,0.63,145.38,0.00,0.00,0.00,229.61,0.21,41.29,226.80,0.21,45.92,231.77,0.21,29.25
224.39,0.62,138.82,0.00,0.00,0.00,223.69,0.21,41.35,229.11,0.21,46.75,231.36,0.19,26.58
233.55,0.62,144.57,0.00,0.00,0.00,232.85,0.21,40.80,227.23,0.21,45.91,232.11,0.20,26.89
226.33,0.62,139.66,0.00,0.00,0.00,225.63,0.21,40.73,225.54,0.21,45.28,227.80,0.20,26.22
225.24,0.62,138.80,0.00,0.00,0.00,224.54,0.21,40.52,224.50,0.21,46.06,227.61,0.19,24.73
227.91,0.62,142.15,0.00,0.00,0.00,227.21,0.21,41.35,225.82,0.21,45.95,231.14,0.20,26.88
226.17,0.62,139.71,0.00,0.00,0.00,225.47,0.21,41.44,227.84,0.21,46.19,225.13,0.19,26.09
224.83,0.62,138.93,0.00,0.00,0.00,224.13,0.21,42.00,229.82,0.21,46.49,227.17,0.19,25.37
230.22,0.62,143.85,0.00,0.00,0.00,229.52,0.21,41.52,229.92,0.21,47.02,230.11,0.20,26.89
226.95,0.62,141.06,0.00,0.00,0.00,226.25,0.21,41.19,228.21,0.21,46.25,232.52,0.20,27.12
223.17,0.62,139.43,0.00,0.00,0.00,222.47,0.21,41.01,230.07,0.21,46.49,228.83,0.20,26.73
251.53,0.62,155.28,0.00,0.00,0.00,250.83,0.21,41.57,227.70,0.21,45.65,224.96,0.20,24.33
257.70,0.61,157.84,0.00,0.00,0.00,257.00,0.21,41.50,228.07,0.21,44.58,226.31,0.19,25.27
225.10,0.61,138.14,0.00,0.00,0.00,224.40,0.21,41.51,225.76,0.21,45.07,226.32,0.19,24.63
225.13,0.63,141.24,0.00,0.00,0.00,224.43,0.21,41.71,228.82,0.21,46.79,230.31,0.20,27.14
235.87,0.62,147.12,0.00,0.00,0.00,235.17,0.21,41.69,228.95,0.21,46.37,230.66,0.20,26.28
225.32,0.61,138.42,0.00,0.00,0.00,224.62,0.21,41.13,225.10,0.21,45.40,226.13,0.19,24.86
228.26,0.61,139.99,0.00,0.00,0.00,227.56,0.21,41.41,227.04,0.21,45.36,229.02,0.19,26.22
224.68,0.62,139.10,0.00,0.00,0.00,223.98,0.21,40.98,225.84,0.21,45.53,234.49,0.20,27.32
231.94,0.61,141.15,0.00,0.00,0.00,231.24,0.21,40.30,224.77,0.21,44.90,226.61,0.19,25.05
227.13,0.62,141.81,0.00,0.00,0.00,226.43,0.21,41.37,228.83,0.21,46.65,232.23,0.20,27.55
231.73,0.61,142.37,0.00,0.00,0.00,231.03,0.21,40.61,222.53,0.21,44.58,231.89,0.19,26.25
230.82,0.62,142.82,0.00,0.00,0.00,230.12,0.21,41.08,224.49,0.21,44.68,229.50,0.20,26.93
226.96,0.62,140.98,0.00,0.00,0.00,226.26,0.21,41.65,228.09,0.21,46.29,229.81,0.20,26.97
230.32,0.62,142.09,0.00,0.00,0.00,229.62,0.21,40.92,227.06,0.21,45.84,225.23,0.20,25.75
224.89,0.62,140.39,0.00,0.00,0.00,224.19,0.21,41.44,227.53,0.21,46.64,233.50,0.20,28.22
229.38,0.61,140.52,0.00,0.00,0.00,228.68,0.21,41.54,229.45,0.21,46.46,223.47,0.19,23.72
223.16,0.61,137.02,0.00,0.00,0.00,222.46,0.21,41.27,229.55,0.21,46.35,230.00,0.19,25.42
224.87,0.62,139.57,0.00,0.00,0.00,224.17,0.21,41.37,230.99,0.21,47.07,231.25,0.19,26.47
228.57,0.62,142.08,0.00,0.00,0.00,227.87,0.21,41.53,228.17,0.21,46.58,229.48,0.20,26.63
223.52,0.61,137.16,0.00,0.00,0.00,222.82,0.21,41.22,228.59,0.21,45.90,227.38,0.19,25.31
225.39,0.61,138.36,0.00,0.00,0.00,224.69,0.21,41.15,224.00,0.21,44.94,231.09,0.19,26.44
226.98,0.61,138.86,0.00,0.00,0.00,226.28,0.21,41.26,225.09,0.21,45.16,226.58,0.19,25.04
225.21,0.62,138.55,0.00,0.00,0.00,224.51,0.21,41.21,229.10,0.21,45.59,228.59,0.19,25.45
225.12,0.62,140.12,0.00,0.00,0.00,224.42,0.21,41.39,224.47,0.21,44.57,227.10,0.20,25.65
224.78,0.62,140.23,0.00,0.00,0.00,224.08,0.21,40.47,228.70,0.21,46.70,230.95,0.20,26.59
229.30,0.63,144.35,0.00,0.00,0.00,228.60,0.21,41.77,231.96,0.21,47.49,228.32,0.20,26.44
222.74,0.62,138.47,0.00,0.00,0.00,222.04,0.21,40.97,229.98,0.21,46.68,229.74,0.20,26.72
232.22,0.62,144.93,0.00,0.00,0.00,231.52,0.21,40.59,218.21,0.21,42.66,243.86,0.20,27.04
226.82,0.62,140.79,0.00,0.00,0.00,226.12,0.21,41.34,224.70,0.21,45.13,231.40,0.20,26.88
234.61,0.62,145.75,0.00,0.00,0.00,233.91,0.21,41.33,226.98,0.21,45.67,228.73,0.20,26.26
232.94,0.62,144.63,0.00,0.00,0.00,232.24,0.21,40.83,227.86,0.21,45.74,230.41,0.20,26.25
233.28,0.62,144.10,0.00,0.00,0.00,232.58,0.21,41.67,227.90,0.21,46.07,229.36,0.19,25.34
231.49,0.61,142.05,0.00,0.00,0.00,230.79,0.21,41.67,229.02,0.21,45.95,228.40,0.19,24.35
224.06,0.62,137.96,0.00,0.00,0.00,223.36,0.21,41.15,225.91,0.21,45.35,229.28,0.19,25.25
223.65,0.62,137.73,0.00,0.00,0.00,222.95,0.21,42.07,228.08,0.21,45.96,229.54,0.19,25.47
222.48,0.63,139.39,0.00,0.00,0.00,221.78,0.21,41.42,229.79,0.21,46.86,229.85,0.20,26.84
225.30,0.62,139.72,0.00,0.00,0.00,224.60,0.21,41.16,227.30,0.21,46.22,229.39,0.20,26.83
229.18,0.62,141.68,0.00,0.00,0.00,228.48,0.21,40.84,225.71,0.21,45.20,226.13,0.20,25.22
232.84,0.62,144.43,0.00,0.00,0.00,232.14,0.21,40.85,224.52,0.21,45.50,232.98,0.20,26.97
226.24,0.62,140.19,0.00,0.00,0.00,225.54,0.21,41.47,228.71,0.21,46.23,231.71,0.20,26.10
232.05,0.62,144.74,0.00,0.00,0.00,231.35,0.21,41.67,228.14,0.21,46.50,229.14,0.20,25.96
264.25,0.62,165.11,0.00,0.00,0.00,263.55,0.21,41.58,227.62,0.21,45.94,232.20,0.20,27.41
225.51,0.62,140.45,0.00,0.00,0.00,224.81,0.21,41.96,227.66,0.21,46.83,229.85,0.19,26.62
230.53,0.62,143.48,0.00,0.00,0.00,229.83,0.21,41.54,227.92,0.21,46.44,231.59,0.20,26.42
230.28,0.62,143.86,0.00,0.00,0.00,229.58,0.21,41.68,226.65,0.21,46.41,230.78,0.20,26.48
225.90,0.62,139.80,0.00,0.00,0.00,225.20,0.21,41.59,229.59,0.21,46.92,231.45,0.19,26.49
228.33,0.62,141.16,0.00,0.00,0.00,227.63,0.21,41.23,227.82,0.21,45.80,230.09,0.20,25.98
230.46,0.62,143.14,0.00,0.00,0.00,229.76,0.21,41.02,226.10,0.21,45.59,230.54,0.20,27.14
226.44,0.62,140.23,0.00,0.00,0.00,225.74,0.21,41.56,227.15,0.21,46.06,233.22,0.19,26.80
225.18,0.61,137.41,0.00,0.00,0.00,224.48,0.21,41.71,227.58,0.21,45.63,228.72,0.19,24.69
230.42,0.62,141.89,0.00,0.00,0.00,229.72,0.21,41.54,228.62,0.21,46.53,226.93,0.19,24.60
231.35,0.62,143.06,0.00,0.00,0.00,230.65,0.21,42.25,226.63,0.21,45.90,231.44,0.19,26.21
226.13,0.62,139.15,0.00,0.00,0.00,225.43,0.21,41.79,226.56,0.21,45.80,224.71,0.19,24.73
226.41,0.62,140.24,0.00,0.00,0.00,225.71,0.21,41.59,232.96,0.21,48.14,232.43,0.19,26.16
230.76,0.62,142.20,0.00,0.00,0.00,230.06,0.21,41.79,231.03,0.21,47.24,229.69,0.19,25.37
253.38,0.62,156.50,0.00,0.00,0.00,252.68,0.21,40.97,226.08,0.21,45.78,230.52,0.19,26.36
231.15,0.62,142.52,0.00,0.00,0.00,230.45,0.21,41.61,226.97,0.21,45.29,228.56,0.19,25.77
226.65,0.61,138.94,0.00,0.00,0.00,225.95,0.21,40.80,224.64,0.21,45.26,225.89,0.19,25.47
233.16,0.62,144.46,0.00,0.00,0.00,232.46,0.21,41.36,225.80,0.21,45.74,232.23,0.20,26.60
225.88,0.61,138.31,0.00,0.00,0.00,225.18,0.21,40.94,224.93,0.21,45.07,227.27,0.19,25.67
231.81,0.62,142.67,0.00,0.00,0.00,231.11,0.21,41.74,226.55,0.21,45.56,228.09,0.19,25.55
225.48,0.61,137.28,0.00,0.00,0.00,224.78,0.21,41.58,230.37,0.21,46.33,225.36,0.19,23.96
225.56,0.62,139.78,0.00,0.00,0.00,224.86,0.21,41.32,233.30,0.22,47.45,230.84,0.19,26.56
229.92,0.61,140.50,0.00,0.00,0.00,229.22,0.21,41.65,225.81,0.21,44.75,228.58,0.19,25.42
226.24,0.62,140.36,0.00,0.00,0.00,225.54,0.21,41.53,232.33,0.21,47.44,233.28,0.19,27.36
228.52,0.61,140.05,0.00,0.00,0.00,227.82,0.21,40.13,230.89,0.21,47.18,228.28,0.19,26.08
229.26,0.62,141.80,0.00,0.00,0.00,228.56,0.21,41.09,225.45,0.21,45.27,226.96,0.20,23.60
226.75,0.62,139.98,0.00,0.00,0.00,226.05,0.21,41.36,226.52,0.21,45.51,225.42,0.19,23.19
225.32,0.61,137.87,0.00,0.00,0.00,224.62,0.21,41.17,230.86,0.21,45.91,258.38,0.19,24.13
254.28,0.62,158.77,0.00,0.00,0.00,253.58,0.21,41.12,225.97,0.21,45.89,232.39,0.20,27.89
227.03,0.62,139.70,0.00,0.00,0.00,226.33,0.21,41.37,226.91,0.21,46.28,231.68,0.19,25.22
226.01,0.62,140.74,0.00,0.00,0.00,225.31,0.21,41.73,219.67,0.21,44.13,230.77,0.20,25.60
227.24,0.64,144.71,0.00,0.00,0.00,226.54,0.21,41.89,230.91,0.21,46.86,226.74,0.21,24.66
228.08,0.63,144.49,0.00,0.00,0.00,227.38,0.21,42.18,229.51,0.21,47.28,231.01,0.20,26.68
234.31,0.62,146.41,0.00,0.00,0.00,233.61,0.21,41.14,224.45,0.21,45.36,225.99,0.20,25.17
227.53,0.63,143.91,0.00,0.00,0.00,226.83,0.21,42.19,227.07,0.21,46.74,231.42,0.20,26.14
222.68,0.64,141.98,0.00,0.00,0.00,221.98,0.21,41.84,226.37,0.22,47.34,230.99,0.20,26.66
230.15,0.63,144.28,0.00,0.00,0.00,229.45,0.21,40.91,228.11,0.21,46.15,229.38,0.20,26.97
222.59,0.64,143.10,0.00,0.00,0.00,221.89,0.21,41.29,227.05,0.21,45.45,234.77,0.22,27.87
232.54,0.62,144.31,0.00,0.00,0.00,231.84,0.21,40.49,225.80,0.21,45.26,225.02,0.20,25.63
228.61,0.63,143.39,0.00,0.00,0.00,227.91,0.21,40.96,226.73,0.21,45.92,237.28,0.21,27.16
227.35,0.63,142.16,0.00,0.00,0.00,226.65,0.21,40.61,224.62,0.21,45.07,228.83,0.20,26.34
267.52,0.62,165.86,0.00,0.00,0.00,266.82,0.21,41.37,274.01,0.22,46.61,236.13,0.19,25.59
228.70,0.62,142.48,0.00,0.00,0.00,228.00,0.21,41.54,229.78,0.21,46.49,229.82,0.20,26.14
223.06,0.61,136.33,0.00,0.00,0.00,222.36,0.21,41.46,227.59,0.21,45.53,230.48,0.19,25.53
225.32,0.62,138.79,0.00,0.00,0.00,224.62,0.21,41.20,230.91,0.21,46.81,226.71,0.19,24.73
224.34,0.62,139.65,0.00,0.00,0.00,223.64,0.21,41.19,224.39,0.21,45.55,231.60,0.20,27.08
228.05,0.62,141.96,0.00,0.00,0.00,227.35,0.21,41.29,225.95,0.21,45.75,231.31,0.20,26.72
228.50,0.62,140.57,0.00,0.00,0.00,227.80,0.21,41.45,228.82,0.21,46.17,227.20,0.19,24.93
226.89,0.62,140.08,0.00,0.00,0.00,226.19,0.21,42.14,228.12,0.21,46.21,231.96,0.19,25.40
235.38,0.63,147.82,0.00,0.00,0.00,234.68,0.21,41.61,227.20,0.21,45.79,234.74,0.20,27.48
226.24,0.62,141.15,0.00,0.00,0.00,225.54,0.21,41.70,231.18,0.21,47.34,232.54,0.19,26.10
231.25,0.62,144.30,0.00,0.00,0.00,230.55,0.21,41.73,229.84,0.21,46.57,230.03,0.20,26.29
232.39,0.63,145.75,0.00,0.00,0.00,231.69,0.21,41.41,230.45,0.21,47.20,228.32,0.20,25.95
232.59,0.62,144.22,0.00,0.00,0.00,231.89,0.21,41.29,226.85,0.21,45.93,231.93,0.20,25.75
233.51,0.63,146.50,0.00,0.00,0.00,232.81,0.22,42.50,232.20,0.21,47.09,230.61,0.20,26.43
230.53,0.63,146.27,0.00,0.00,0.00,229.83,0.21,39.88,229.59,0.21,46.20,311.54,0.21,33.69
224.72,0.62,139.38,0.00,0.00,0.00,224.02,0.21,41.86,228.83,0.21,46.53,229.63,0.19,25.37
235.41,0.63,148.10,0.00,0.00,0.00,234.71,0.21,42.03,228.21,0.21,46.05,226.49,0.20,26.27
224.21,0.63,141.47,0.00,0.00,0.00,223.51,0.21,41.78,222.25,0.21,44.86,232.38,0.21,27.61
231.27,0.63,146.27,0.00,0.00,0.00,230.57,0.21,41.65,231.08,0.21,47.35,231.05,0.20,27.42
230.34,0.62,143.25,0.00,0.00,0.00,229.64,0.21,41.80,228.69,0.21,46.30,233.44,0.20,26.02
224.84,0.62,140.20,0.00,0.00,0.00,224.14,0.21,41.80,230.85,0.21,46.94,227.96,0.20,26.32
226.92,0.63,142.19,0.00,0.00,0.00,226.22,0.21,41.68,231.79,0.21,47.33,228.41,0.20,27.34
225.72,0.62,138.94,0.00,0.00,0.00,225.02,0.21,42.09,227.91,0.21,46.37,233.23,0.19,25.81
222.10,0.63,138.85,0.00,0.00,0.00,221.40,0.21,41.49,227.41,0.21,45.57,232.79,0.20,27.32
230.97,0.62,143.80,0.00,0.00,0.00,230.27,0.21,41.58,230.25,0.21,46.94,232.32,0.20,27.42
230.51,0.62,142.57,0.00,0.00,0.00,229.81,0.21,40.74,229.01,0.21,46.29,232.33,0.20,26.16
232.33,0.62,144.42,0.00,0.00,0.00,231.63,0.21,40.88,226.28,0.21,45.64,231.08,0.20,26.16
233.63,0.62,144.27,0.00,0.00,0.00,232.93,0.21,40.81,223.43,0.21,45.76,231.91,0.19,25.80
231.55,0.62,144.18,0.00,0.00,0.00,230.85,0.21,40.65,225.60,0.22,44.37,231.60,0.19,26.54
230.96,0.62,144.05,0.00,0.00,0.00,230.26,0.21,41.24,225.33,0.21,45.08,227.37,0.20,26.42
226.42,0.62,140.05,0.00,0.00,0.00,225.72,0.21,41.82,226.20,0.21,45.95,228.16,0.19,25.31
232.37,0.63,146.23,0.00,0.00,0.00,231.67,0.21,42.05,225.42,0.21,45.77,227.21,0.20,27.02
227.05,0.62,140.61,0.00,0.00,0.00,226.35,0.21,41.74,228.55,0.21,45.90,231.37,0.19,25.92
229.51,0.62,142.90,0.00,0.00,0.00,228.81,0.21,41.02,226.26,0.21,45.73,231.43,0.20,27.03
231.94,0.61,140.77,0.00,0.00,0.00,231.24,0.21,41.37,228.04,0.21,45.96,223.55,0.18,20.82
227.15,0.62,141.49,0.00,0.00,0.00,226.45,0.21,42.04,228.36,0.21,47.02,229.69,0.20,25.51
228.07,0.63,142.69,0.00,0.00,0.00,227.37,0.21,41.64,228.85,0.21,46.54,229.41,0.20,25.89
226.24,0.62,141.35,0.00,0.00,0.00,225.54,0.21,41.67,225.51,0.21,46.27,231.44,0.20,26.51
232.00,0.62,142.99,0.00,0.00,0.00,231.30,0.21,41.13,223.73,0.21,45.25,229.34,0.19,24.81
224.39,0.63,140.56,0.00,0.00,0.00,223.69,0.21,41.37,228.88,0.21,46.03,228.42,0.20,25.43
224.47,0.62,139.83,0.00,0.00,0.00,223.77,0.21,40.96,228.38,0.21,45.68,228.93,0.20,26.21
225.87,0.62,140.60,0.00,0.00,0.00,225.17,0.21,40.85,227.55,0.21,46.36,228.69,0.20,26.10
230.78,0.62,143.58,0.00,0.00,0.00,230.08,0.21,40.61,227.98,0.21,46.28,231.56,0.20,26.69
223.61,0.61,136.44,0.00,0.00,0.00,222.91,0.21,40.62,231.26,0.21,47.10,230.60,0.19,25.19
228.93,0.61,140.39,0.00,0.00,0.00,228.23,0.21,41.54,226.52,0.21,45.80,249.28,0.19,25.27
228.58,0.62,142.50,0.00,0.00,0.00,227.88,0.21,41.11,224.37,0.21,44.54,233.64,0.20,27.26
231.73,0.62,142.79,0.00,0.00,0.00,231.03,0.21,40.83,230.11,0.21,46.25,228.59,0.19,26.11
230.94,0.62,142.88,0.00,0.00,0.00,230.24,0.21,40.54,223.67,0.21,45.14,231.71,0.20,26.95
228.91,0.62,142.07,0.00,0.00,0.00,228.21,0.21,41.33,225.10,0.21,45.02,232.48,0.20,27.22
231.49,0.62,144.33,0.00,0.00,0.00,230.79,0.21,41.01,226.91,0.21,45.13,231.13,0.20,26.82
227.94,0.62,141.62,0.00,0.00,0.00,227.24,0.21,41.37,223.45,0.21,44.35,233.60,0.20,27.34
230.88,0.62,143.28,0.00,0.00,0.00,230.18,0.21,41.64,225.70,0.21,45.47,231.69,0.20,26.29
231.05,0.62,144.05,0.00,0.00,0.00,230.35,0.21,41.42,224.19,0.21,44.75,235.72,0.20,27.39
230.93,0.62,144.01,0.00,0.00,0.00,230.23,0.21,41.26,226.71,0.21,45.76,231.30,0.20,27.19
232.66,0.62,143.26,0.00,0.00,0.00,231.96,0.21,41.84,229.50,0.21,46.16,226.00,0.19,24.28
225.88,0.62,139.16,0.00,0.00,0.00,225.18,0.21,41.50,228.25,0.21,45.53,226.64,0.19,24.52
232.79,0.62,144.48,0.00,0.00,0.00,232.09,0.21,41.87,224.51,0.21,45.32,229.87,0.20,26.19
230.17,0.62,142.78,0.00,0.00,0.00,229.47,0.21,41.82,228.00,0.21,46.13,228.86,0.19,26.14
229.91,0.61,140.98,0.00,0.00,0.00,229.21,0.21,41.45,223.13,0.21,44.03,229.06,0.19,25.64
224.91,0.62,139.88,0.00,0.00,0.00,224.21,0.21,41.55,227.44,0.21,46.02,228.67,0.20,26.49
224.54,0.63,140.47,0.00,0.00,0.00,223.84,0.22,42.26,231.08,0.21,47.12,235.03,0.20,28.50
220.29,0.62,137.61,0.00,0.00,0.00,219.59,0.21,41.86,228.79,0.21,46.91,232.99,0.20,27.68
223.00,0.62,137.43,0.00,0.00,0.00,222.30,0.21,40.89,231.73,0.21,47.43,230.71,0.19,26.28
230.93,0.62,144.07,0.00,0.00,0.00,230.23,0.21,41.09,229.53,0.21,46.86,231.89,0.20,27.16
224.70,0.62,139.38,0.00,0.00,0.00,224.00,0.21,41.64,224.36,0.21,45.18,232.84,0.20,26.47
229.85,0.61,141.16,0.00,0.00,0.00,229.15,0.21,40.77,225.61,0.21,45.25,226.80,0.19,25.01
229.83,0.62,141.36,0.00,0.00,0.00,229.13,0.21,41.23,227.96,0.21,45.87,229.19,0.19,25.80
223.62,0.62,138.09,0.00,0.00,0.00,222.92,0.21,41.64,227.21,0.21,45.39,229.46,0.19,26.34
229.45,0.62,142.43,0.00,0.00,0.00,228.75,0.21,40.99,227.65,0.21,43.33,232.27,0.20,26.06
229.30,0.62,141.69,0.00,0.00,0.00,228.60,0.21,41.08,222.31,0.21,44.73,235.60,0.20,26.68
225.58,0.62,140.01,0.00,0.00,0.00,224.88,0.21,41.39,227.54,0.21,46.39,232.74,0.20,26.19
225.70,0.61,138.58,0.00,0.00,0.00,225.00,0.21,40.42,225.50,0.21,45.13,229.57,0.19,26.27
228.84,0.62,141.52,0.00,0.00,0.00,228.14,0.21,40.81,226.94,0.21,46.11,232.28,0.20,26.84
231.14,0.61,141.49,0.00,0.00,0.00,230.44,0.21,40.39,222.42,0.21,44.32,228.07,0.19,25.67
223.64,0.62,139.36,0.00,0.00,0.00,222.94,0.21,41.23,221.78,0.21,44.68,227.11,0.20,26.62
227.05,0.61,138.95,0.00,0.00,0.00,226.35,0.21,41.57,223.37,0.21,44.51,228.18,0.19,24.71
228.53,0.63,142.96,0.00,0.00,0.00,227.83,0.21,41.39,233.44,0.21,47.86,230.36,0.20,27.38
226.19,0.61,138.40,0.00,0.00,0.00,225.49,0.21,41.62,230.32,0.21,46.16,226.45,0.19,24.87
224.53,0.63,140.40,0.00,0.00,0.00,223.83,0.21,41.19,228.29,0.22,47.13,230.29,0.20,26.08
230.10,0.62,143.21,0.00,0.00,0.00,229.40,0.21,41.56,230.00,0.22,47.57,227.85,0.19,25.80
222.49,0.61,136.48,0.00,0.00,0.00,221.79,0.21,40.62,226.88,0.21,45.10,228.31,0.19,26.00
228.92,0.62,140.99,0.00,0.00,0.00,228.22,0.21,41.11,229.51,0.21,46.48,231.27,0.19,26.70
230.90,0.61,140.82,0.00,0.00,0.00,230.20,0.21,41.23,252.60,0.21,46.89,228.43,0.19,25.18
227.22,0.62,141.53,0.00,0.00,0.00,226.52,0.21,41.47,226.89,0.21,45.94,230.35,0.20,27.06
227.15,0.62,140.41,0.00,0.00,0.00,226.45,0.21,42.00,228.90,0.21,46.48,229.83,0.19,25.93
231.07,0.62,142.87,0.00,0.00,0.00,230.37,0.21,41.29,230.28,0.21,47.09,228.81,0.19,25.90
235.23,0.62,145.17,0.00,0.00,0.00,234.53,0.21,41.00,226.49,0.21,45.51,226.55,0.19,25.95
226.59,0.62,139.76,0.00,0.00,0.00,225.89,0.21,41.10,226.28,0.21,45.61,232.77,0.19,26.88
232.15,0.62,142.88,0.00,0.00,0.00,231.45,0.21,41.09,225.38,0.21,45.41,231.24,0.19,26.57
232.10,0.62,144.00,0.00,0.00,0.00,231.40,0.21,41.64,229.93,0.21,46.20,231.39,0.20,26.41
230.63,0.62,141.86,0.00,0.00,0.00,229.93,0.21,41.57,227.85,0.21,45.94,226.60,0.19,25.50
226.01,0.61,138.93,0.00,0.00,0.00,225.31,0.21,41.42,230.13,0.21,45.41,231.00,0.19,27.27
227.01,0.61,138.62,0.00,0.00,0.00,226.31,0.21,40.55,227.49,0.21,45.84,225.64,0.19,25.46
233.44,0.62,143.64,0.00,0.00,0.00,232.74,0.21,41.73,226.77,0.21,46.18,224.14,0.19,24.64
226.37,0.62,139.46,0.00,0.00,0.00,225.67,0.21,41.59,219.48,0.21,43.77,228.91,0.19,25.95
224.38,0.61,136.30,0.00,0.00,0.00,223.68,0.21,41.26,230.72,0.21,45.72,229.07,0.19,25.37
238.24,0.62,148.45,0.00,0.00,0.00,237.54,0.21,41.03,226.10,0.21,44.97,233.44,0.20,27.81
229.72,0.62,142.78,0.00,0.00,0.00,229.02,0.21,41.37,221.21,0.21,44.16,234.60,0.20,27.59
226.13,0.62,139.94,0.00,0.00,0.00,225.43,0.21,41.15,225.79,0.21,45.99,228.53,0.19,25.92
226.57,0.62,140.14,0.00,0.00,0.00,225.87,0.21,41.66,228.58,0.21,45.91,231.27,0.19,25.96
232.26,0.62,144.93,0.00,0.00,0.00,231.56,0.21,41.70,228.86,0.21,46.54,229.23,0.20,25.62
224.09,0.62,138.63,0.00,0.00,0.00,223.39,0.21,41.18,227.35,0.21,46.50,230.19,0.19,25.91
222.62,0.62,138.87,0.00,0.00,0.00,221.92,0.21,41.85,230.43,0.21,46.81,232.60,0.20,27.58
227.68,0.62,141.08,0.00,0.00,0.00,226.98,0.21,41.48,232.73,0.21,47.57,231.36,0.19,26.69
231.85,0.62,143.76,0.00,0.00,0.00,231.15,0.21,41.16,226.09,0.21,45.19,234.43,0.20,27.76
229.49,0.62,142.90,0.00,0.00,0.00,228.79,0.21,41.00,224.46,0.21,45.43,235.07,0.20,27.52
231.51,0.61,140.59,0.00,0.00,0.00,230.81,0.21,41.19,226.99,0.21,45.40,228.57,0.19,24.24
227.41,0.62,140.71,0.00,0.00,0.00,226.71,0.21,40.35,235.71,0.21,47.78,229.58,0.20,26.70
225.49,0.62,139.32,0.00,0.00,0.00,224.79,0.21,41.08,224.68,0.21,45.57,230.19,0.19,26.25
230.32,0.61,141.35,0.00,0.00,0.00,229.62,0.21,41.48,226.30,0.21,45.36,224.94,0.19,24.94
227.21,0.62,141.33,0.00,0.00,0.00,226.51,0.21,41.38,225.68,0.21,45.71,233.55,0.20,27.13
232.24,0.61,141.81,0.00,0.00,0.00,231.54,0.21,41.74,231.47,0.21,46.84,229.99,0.18,24.87
230.67,0.61,141.39,0.00,0.00,0.00,229.97,0.21,40.93,226.70,0.21,45.76,227.25,0.19,25.31
223.71,0.63,140.36,0.00,0.00,0.00,223.01,0.21,41.93,232.06,0.21,47.59,231.96,0.20,27.41
229.39,0.62,142.29,0.00,0.00,0.00,228.69,0.21,41.01,229.60,0.21,47.41,231.52,0.19,26.69
225.92,0.62,141.07,0.00,0.00,0.00,225.22,0.21,41.42,228.10,0.21,46.68,230.84,0.20,27.25
225.91,0.62,139.21,0.00,0.00,0.00,225.21,0.21,40.87,224.81,0.21,45.26,227.97,0.19,26.16
228.15,0.62,140.92,0.00,0.00,0.00,227.45,0.21,40.82,227.87,0.21,46.04,232.33,0.19,27.04
232.18,0.62,143.19,0.00,0.00,0.00,231.48,0.21,40.94,222.61,0.21,44.14,233.51,0.20,27.52
229.58,0.62,142.82,0.00,0.00,0.00,228.88,0.21,41.29,228.49,0.21,47.12,232.97,0.20,27.81
235.54,0.62,145.70,0.00,0.00,0.00,234.84,0.21,41.30,226.85,0.21,45.21,230.15,0.20,26.11
230.09,0.61,140.63,0.00,0.00,0.00,229.39,0.21,40.98,224.96,0.21,44.97,227.67,0.19,24.68
232.71,0.61,143.01,0.00,0.00,0.00,232.01,0.21,41.22,230.40,0.21,47.49,228.25,0.19,25.29
227.66,0.61,139.01,0.00,0.00,0.00,226.96,0.21,41.64,228.76,0.21,46.03,227.02,0.19,24.75
225.23,0.62,139.87,0.00,0.00,0.00,224.53,0.21,42.25,222.94,0.21,44.51,232.44,0.20,26.56
228.31,0.62,140.81,0.00,0.00,0.00,227.61,0.21,41.34,230.46,0.21,47.64,231.02,0.19,25.98
231.85,0.62,143.79,0.00,0.00,0.00,231.15,0.21,41.63,228.20,0.21,46.15,230.87,0.19,26.10
230.00,0.62,142.92,0.00,0.00,0.00,229.30,0.21,41.44,230.19,0.21,46.82,227.79,0.20,25.12
227.81,0.62,142.22,0.00,0.00,0.00,227.11,0.21,42.22,229.50,0.21,46.94,227.25,0.20,27.59
228.07,0.62,141.25,0.00,0.00,0.00,227.37,0.21,42.21,231.20,0.21,46.94,229.69,0.19,24.85
231.96,0.62,143.32,0.00,0.00,0.00,231.26,0.21,41.10,226.43,0.21,45.67,229.38,0.19,25.98
227.30,0.62,140.69,0.00,0.00,0.00,226.60,0.21,41.42,223.36,0.21,45.13,232.01,0.20,26.97
230.56,0.63,144.19,0.00,0.00,0.00,229.86,0.21,41.22,225.63,0.21,45.46,236.56,0.20,28.18
232.60,0.62,143.37,0.00,0.00,0.00,231.90,0.21,40.83,223.88,0.21,45.09,229.08,0.19,26.08
226.30,0.59,134.57,0.00,0.00,0.00,225.60,0.21,41.38,228.06,0.21,45.61,218.99,0.17,21.06
227.88,0.61,138.94,0.00,0.00,0.00,227.18,0.21,41.10,225.56,0.21,45.23,230.47,0.19,24.64
230.03,0.62,142.87,0.00,0.00,0.00,229.33,0.21,41.11,242.79,0.21,43.23,222.08,0.20,24.68
228.56,0.62,141.48,0.00,0.00,0.00,227.86,0.21,41.22,229.68,0.21,46.11,228.40,0.20,25.91
226.65,0.62,141.55,0.00,0.00,0.00,225.95,0.21,42.17,229.74,0.21,46.89,230.86,0.20,26.15
231.61,0.62,144.42,0.00,0.00,0.00,230.91,0.21,41.91,225.83,0.21,46.09,230.98,0.20,26.31
226.84,0.62,140.02,0.00,0.00,0.00,226.14,0.21,40.78,227.27,0.21,45.83,231.58,0.19,26.24
229.93,0.62,142.71,0.00,0.00,0.00,229.23,0.21,41.43,226.92,0.21,46.51,234.23,0.19,26.44
237.20,0.62,146.93,0.00,0.00,0.00,236.50,0.21,41.26,231.31,0.21,46.64,226.41,0.20,25.43
223.75,0.62,138.61,0.00,0.00,0.00,223.05,0.21,41.39,226.74,0.21,45.60,232.39,0.19,25.83
233.68,0.62,144.01,0.00,0.00,0.00,232.98,0.21,40.04,229.72,0.21,46.81,225.74,0.19,24.32
224.68,0.61,137.89,0.00,0.00,0.00,223.98,0.21,40.97,230.32,0.21,47.18,229.58,0.19,24.52
224.99,0.61,138.31,0.00,0.00,0.00,224.29,0.21,40.98,226.12,0.21,45.49,226.81,0.19,24.31
225.87,0.61,138.47,0.00,0.00,0.00,225.17,0.21,41.11,237.46,0.21,47.54,224.63,0.19,23.78
230.46,0.62,142.84,0.00,0.00,0.00,229.76,0.21,41.17,226.83,0.21,45.90,234.35,0.20,27.40
231.45,0.62,143.38,0.00,0.00,0.00,230.75,0.21,40.87,229.16,0.21,46.04,232.27,0.20,26.92
237.91,0.62,147.58,0.00,0.00,0.00,237.21,0.22,42.20,228.08,0.21,40.92,246.06,0.19,25.58
234.31,0.62,145.32,0.00,0.00,0.00,233.61,0.22,42.40,231.65,0.21,46.51,229.33,0.19,25.94
229.31,0.62,142.37,0.00,0.00,0.00,228.61,0.21,41.25,228.58,0.21,46.37,231.26,0.20,27.40
227.89,0.62,141.18,0.00,0.00,0.00,227.19,0.21,41.44,231.27,0.21,47.31,227.56,0.19,25.79
234.46,0.61,143.68,0.00,0.00,0.00,233.76,0.21,40.42,229.81,0.21,46.04,241.36,0.19,24.64
227.13,0.62,140.50,0.00,0.00,0.00,226.43,0.21,41.21,232.21,0.21,47.20,229.93,0.19,27.11
229.61,0.61,140.58,0.00,0.00,0.00,228.91,0.21,41.54,225.17,0.21,45.07,227.48,0.19,23.74
231.55,0.61,140.40,0.00,0.00,0.00,230.85,0.21,41.71,227.02,0.21,44.87,232.29,0.19,25.15
224.25,0.62,138.83,0.00,0.00,0.00,223.55,0.21,41.66,227.03,0.21,45.64,229.42,0.19,26.42
228.48,0.62,141.95,0.00,0.00,0.00,227.78,0.21,41.71,229.69,0.21,45.83,228.87,0.20,26.07
226.56,0.62,139.64,0.00,0.00,0.00,225.86,0.21,41.71,226.67,0.21,45.43,225.75,0.19,24.36
230.18,0.62,142.28,0.00,0.00,0.00,229.48,0.21,41.35,225.74,0.21,45.70,233.96,0.19,26.60
232.32,0.61,141.56,0.00,0.00,0.00,231.62,0.21,41.51,233.51,0.21,47.57,226.68,0.18,22.58
228.10,0.62,141.10,0.00,0.00,0.00,227.40,0.21,41.22,225.43,0.21,45.10,226.59,0.20,25.63
225.59,0.61,137.71,0.00,0.00,0.00,224.89,0.21,40.58,250.65,0.21,47.79,248.29,0.19,25.12
228.30,0.62,141.91,0.00,0.00,0.00,227.60,0.21,41.43,230.17,0.21,46.49,232.28,0.20,27.09
228.98,0.62,142.13,0.00,0.00,0.00,228.28,0.21,41.28,225.38,0.21,45.14,229.65,0.20,26.31
224.22,0.62,139.23,0.00,0.00,0.00,223.52,0.21,41.84,228.57,0.21,46.44,230.66,0.20,26.37
224.99,0.62,139.60,0.00,0.00,0.00,224.29,0.21,41.21,221.79,0.21,44.55,231.81,0.20,26.60
228.46,0.62,142.60,0.00,0.00,0.00,227.76,0.21,41.55,229.33,0.21,46.36,230.94,0.20,26.66
231.73,0.62,143.39,0.00,0.00,0.00,231.03,0.21,40.77,230.67,0.21,46.88,229.53,0.19,25.55
226.49,0.62,140.53,0.00,0.00,0.00,225.79,0.21,40.67,230.55,0.21,46.84,228.49,0.20,25.70
226.74,0.62,140.93,0.00,0.00,0.00,226.04,0.21,40.94,224.92,0.21,45.32,230.20,0.20,27.06
229.51,0.63,143.88,0.00,0.00,0.00,228.81,0.21,41.57,228.13,0.21,45.97,231.49,0.20,26.94
224.76,0.62,139.27,0.00,0.00,0.00,224.06,0.21,41.28,224.48,0.21,45.05,232.20,0.20,26.79
229.09,0.62,142.87,0.00,0.00,0.00,228.39,0.21,41.84,229.72,0.21,46.83,231.45,0.20,26.13
225.41,0.62,140.52,0.00,0.00,0.00,224.71,0.21,41.08,229.73,0.21,46.56,233.55,0.20,27.49
229.18,0.62,141.70,0.00,0.00,0.00,228.48,0.21,40.37,219.84,0.21,43.48,231.43,0.19,25.64
229.80,0.62,142.02,0.00,0.00,0.00,229.10,0.21,40.43,227.46,0.21,46.18,232.63,0.20,26.45
226.51,0.62,140.55,0.00,0.00,0.00,225.81,0.21,41.10,223.49,0.21,45.52,230.98,0.20,26.45
226.95,0.63,142.18,0.00,0.00,0.00,226.25,0.22,42.21,227.48,0.21,46.23,230.47,0.20,26.67
228.71,0.61,139.99,0.00,0.00,0.00,228.01,0.21,40.94,230.44,0.21,46.53,226.02,0.19,23.41
226.51,0.62,140.24,0.00,0.00,0.00,225.81,0.21,41.06,229.12,0.21,46.65,232.91,0.20,25.86
228.70,0.62,141.65,0.00,0.00,0.00,228.00,0.21,41.10,225.72,0.21,45.31,228.29,0.20,25.48
228.93,0.62,142.66,0.00,0.00,0.00,228.23,0.21,41.44,226.05,0.21,45.77,228.11,0.20,25.70
225.91,0.61,138.47,0.00,0.00,0.00,225.21,0.21,41.62,228.87,0.21,45.78,226.70,0.19,24.67
221.44,0.61,134.31,0.00,0.00,0.00,220.74,0.21,41.50,232.60,0.21,47.24,221.77,0.18,22.38
221.67,0.61,136.30,0.00,0.00,0.00,220.97,0.21,41.21,224.28,0.21,45.12,228.12,0.19,24.83
225.19,0.62,139.32,0.00,0.00,0.00,224.49,0.21,41.40,225.51,0.21,45.24,227.37,0.20,25.37
231.56,0.62,144.72,0.00,0.00,0.00,230.86,0.21,41.47,231.41,0.21,47.49,228.94,0.20,26.16
229.26,0.62,142.17,0.00,0.00,0.00,228.56,0.21,41.35,226.33,0.21,45.89,261.35,0.19,27.55
221.92,0.61,136.29,0.00,0.00,0.00,221.22,0.21,41.09,225.70,0.21,44.78,225.87,0.19,25.62
230.36,0.61,141.41,0.00,0.00,0.00,229.66,0.21,40.53,223.99,0.21,44.43,230.97,0.20,25.89
229.70,0.62,141.92,0.00,0.00,0.00,229.00,0.21,41.08,229.28,0.21,46.06,225.58,0.19,25.09
233.39,0.62,144.20,0.00,0.00,0.00,232.69,0.21,40.98,229.06,0.21,47.01,230.77,0.19,27.27
238.47,0.62,146.87,0.00,0.00,0.00,237.77,0.21,40.70,226.47,0.21,45.70,225.24,0.19,25.54
230.51,0.62,143.80,0.00,0.00,0.00,229.81,0.22,42.09,229.32,0.21,47.03,230.54,0.19,26.09
228.84,0.63,143.21,0.00,0.00,0.00,228.14,0.21,41.01,227.30,0.21,46.33,234.29,0.20,27.85
227.26,0.62,141.46,0.00,0.00,0.00,226.56,0.21,41.26,221.92,0.21,44.40,235.01,0.20,27.71
223.12,0.62,137.71,0.00,0.00,0.00,222.42,0.21,41.30,228.60,0.21,45.92,228.32,0.19,25.10
227.79,0.61,139.56,0.00,0.00,0.00,227.09,0.21,40.62,230.46,0.21,46.65,227.42,0.19,24.24
228.23,0.62,141.76,0.00,0.00,0.00,227.53,0.21,40.81,224.98,0.21,46.41,229.81,0.20,25.75
229.02,0.61,140.39,0.00,0.00,0.00,228.32,0.21,41.38,227.69,0.21,45.12,226.84,0.19,24.91
230.01,0.62,142.34,0.00,0.00,0.00,229.31,0.21,41.61,230.41,0.21,46.72,225.13,0.19,24.63
226.54,0.62,141.17,0.00,0.00,0.00,225.84,0.21,41.60,225.48,0.21,45.72,248.72,0.20,26.86
229.08,0.62,142.01,0.00,0.00,0.00,228.38,0.21,42.01,227.25,0.21,45.40,231.09,0.19,25.60
229.60,0.62,142.52,0.00,0.00,0.00,228.90,0.21,41.16,224.93,0.21,45.04,229.43,0.20,25.68
232.06,0.62,143.49,0.00,0.00,0.00,231.36,0.21,41.38,228.57,0.21,46.16,230.06,0.20,25.33
222.29,0.62,138.16,0.00,0.00,0.00,221.59,0.21,41.73,225.77,0.21,45.80,230.77,0.20,26.57
226.40,0.62,140.60,0.00,0.00,0.00,225.70,0.21,41.32,226.81,0.21,45.87,227.17,0.20,25.23
230.57,0.62,142.08,0.00,0.00,0.00,229.87,0.21,41.01,228.62,0.21,46.36,224.41,0.19,24.44
226.41,0.62,140.58,0.00,0.00,0.00,225.71,0.21,41.19,221.09,0.21,44.00,235.73,0.20,27.39
232.69,0.62,144.28,0.00,0.00,0.00,231.99,0.21,41.29,227.92,0.21,45.84,232.51,0.20,27.43
235.66,0.62,145.51,0.00,0.00,0.00,234.96,0.21,41.03,225.68,0.21,45.11,227.41,0.20,24.44
226.64,0.62,139.41,0.00,0.00,0.00,225.94,0.21,40.93,228.88,0.21,45.90,224.94,0.19,25.14
232.41,0.62,144.72,0.00,0.00,0.00,231.71,0.21,41.34,228.91,0.21,45.98,231.51,0.20,26.87
237.14,0.62,146.25,0.00,0.00,0.00,236.44,0.21,41.39,226.67,0.21,45.85,229.83,0.19,25.66
235.72,0.62,146.85,0.00,0.00,0.00,235.02,0.21,41.71,228.54,0.21,46.04,230.60,0.20,25.13
226.18,0.61,138.04,0.00,0.00,0.00,225.48,0.21,41.54,237.64,0.21,44.05,233.47,0.19,25.98
234.89,0.63,147.30,0.00,0.00,0.00,234.19,0.22,42.29,229.72,0.21,46.54,231.35,0.20,26.80
232.45,0.62,143.72,0.00,0.00,0.00,231.75,0.21,41.43,226.65,0.21,45.61,226.90,0.19,24.60
224.07,0.62,139.86,0.00,0.00,0.00,223.37,0.21,41.76,226.85,0.21,46.09,224.80,0.20,25.23
227.00,0.63,142.49,0.00,0.00,0.00,226.30,0.21,40.93,229.79,0.21,47.40,229.16,0.20,25.67
226.78,0.63,142.84,0.00,0.00,0.00,226.08,0.21,40.74,228.36,0.21,46.31,233.11,0.21,28.22
227.70,0.63,142.86,0.00,0.00,0.00,227.00,0.21,41.21,228.63,0.21,46.46,232.93,0.20,27.58
230.92,0.61,141.79,0.00,0.00,0.00,230.22,0.21,41.06,227.11,0.21,45.61,224.24,0.19,22.74
224.82,0.62,138.95,0.00,0.00,0.00,224.12,0.21,41.19,224.61,0.21,44.68,233.01,0.20,26.84
229.57,0.63,144.30,0.00,0.00,0.00,228.87,0.21,41.62,229.01,0.21,46.12,232.94,0.20,27.31
226.69,0.63,142.73,0.00,0.00,0.00,225.99,0.21,41.58,227.15,0.21,45.59,230.69,0.21,28.15
224.35,0.62,139.43,0.00,0.00,0.00,223.65,0.21,41.37,228.73,0.21,45.96,229.96,0.20,25.95
224.58,0.62,140.08,0.00,0.00,0.00,223.88,0.21,40.99,228.52,0.21,46.46,229.50,0.20,25.95
232.94,0.62,145.01,0.00,0.00,0.00,232.24,0.21,41.04,226.94,0.21,45.85,230.90,0.20,25.96
230.60,0.60,137.32,0.00,0.00,0.00,229.90,0.21,41.21,270.61,0.21,48.26,266.17,0.17,20.74
235.70,0.63,147.48,0.00,0.00,0.00,235.00,0.21,41.30,225.78,0.21,45.63,229.16,0.20,25.63
225.81,0.62,140.39,0.00,0.00,0.00,225.11,0.21,41.37,228.64,0.21,46.74,225.64,0.20,24.88
227.59,0.63,143.41,0.00,0.00,0.00,226.89,0.21,41.75,226.34,0.21,45.74,230.23,0.21,27.03
230.47,0.62,142.50,0.00,0.00,0.00,229.77,0.21,41.65,232.42,0.21,46.98,229.39,0.19,23.72
228.37,0.62,141.94,0.00,0.00,0.00,227.67,0.21,41.30,227.41,0.21,45.63,223.93,0.20,24.08
226.77,0.63,141.85,0.00,0.00,0.00,226.07,0.21,41.75,226.79,0.21,45.67,232.13,0.20,26.61
229.78,0.62,142.91,0.00,0.00,0.00,229.08,0.21,42.32,225.69,0.21,45.34,227.04,0.20,25.44
226.33,0.62,140.10,0.00,0.00,0.00,225.63,0.21,41.81,225.32,0.21,45.73,228.17,0.19,24.36
229.51,0.62,142.85,0.00,0.00,0.00,228.81,0.21,41.42,227.91,0.21,46.26,229.47,0.20,25.29
225.05,0.63,141.73,0.00,0.00,0.00,224.35,0.21,41.95,229.10,0.21,46.89,233.12,0.20,26.44
231.88,0.63,145.59,0.00,0.00,0.00,231.18,0.21,41.26,225.59,0.21,45.47,233.45,0.20,26.70
230.64,0.62,143.16,0.00,0.00,0.00,229.94,0.21,41.06,231.12,0.22,47.46,226.53,0.19,25.18
229.50,0.62,143.06,0.00,0.00,0.00,228.80,0.21,41.01,221.05,0.21,44.64,231.72,0.20,26.05
231.48,0.62,142.81,0.00,0.00,0.00,230.78,0.21,41.32,241.91,0.21,47.10,242.07,0.20,27.42
225.24,0.63,141.16,0.00,0.00,0.00,224.54,0.21,41.24,227.80,0.21,46.41,232.05,0.20,26.06
228.06,0.62,140.85,0.00,0.00,0.00,227.36,0.21,40.62,230.06,0.21,46.72,228.11,0.19,25.93
223.45,0.62,138.37,0.00,0.00,0.00,222.75,0.21,41.18,221.92,0.21,44.26,234.46,0.20,27.71
228.34,0.62,141.21,0.00,0.00,0.00,227.64,0.21,41.74,227.34,0.21,45.47,225.98,0.19,23.99
232.62,0.61,142.94,0.00,0.00,0.00,231.92,0.21,41.65,226.24,0.21,45.78,230.18,0.19,23.82
225.91,0.63,141.78,0.00,0.00,0.00,225.21,0.21,41.85,232.42,0.21,47.04,231.88,0.20,27.10
230.73,0.62,143.93,0.00,0.00,0.00,230.03,0.21,42.00,232.13,0.21,47.16,227.81,0.20,25.41
235.35,0.62,145.30,0.00,0.00,0.00,234.65,0.21,41.61,229.00,0.21,46.40,226.68,0.19,24.92
225.79,0.62,139.01,0.00,0.00,0.00,225.09,0.21,41.59,226.54,0.21,45.64,229.23,0.19,25.71
222.41,0.63,139.32,0.00,0.00,0.00,221.71,0.21,41.68,229.59,0.21,46.45,231.84,0.20,27.36
230.65,0.62,143.57,0.00,0.00,0.00,229.95,0.21,41.66,227.30,0.21,45.61,233.35,0.20,25.79
232.11,0.62,143.60,0.00,0.00,0.00,231.41,0.21,41.69,232.15,0.21,46.78,232.99,0.19,26.66
231.87,0.62,143.75,169.51,0.00,0.00,231.17,0.21,41.18,225.56,0.21,45.82,229.01,0.19,26.87
227.64,0.62,140.46,0.00,0.00,0.00,226.94,0.21,41.65,227.77,0.21,46.74,228.90,0.19,24.54
232.32,0.62,143.54,0.00,0.00,0.00,231.62,0.21,40.80,226.25,0.21,45.02,230.48,0.20,27.07
233.48,0.62,144.44,0.00,0.00,0.00,232.78,0.21,41.17,227.79,0.21,46.19,230.59,0.20,26.03
230.86,0.62,142.67,0.00,0.00,0.00,230.16,0.21,40.88,228.25,0.21,46.17,228.16,0.19,26.18
235.51,0.62,145.07,0.00,0.00,0.00,234.81,0.21,41.79,225.15,0.21,44.87,227.32,0.19,25.25
222.40,0.61,135.71,0.00,0.00,0.00,221.70,0.21,41.20,230.99,0.21,45.91,227.89,0.19,24.92
226.83,0.62,140.40,0.00,0.00,0.00,226.13,0.21,41.52,225.79,0.21,45.61,233.91,0.19,26.16
234.36,0.62,145.19,0.00,0.00,0.00,233.66,0.21,41.46,225.05,0.21,45.62,228.19,0.19,25.60
237.25,0.62,147.25,0.00,0.00,0.00,236.55,0.21,41.54,228.97,0.21,46.17,229.90,0.20,25.30
231.44,0.62,142.57,0.00,0.00,0.00,230.74,0.21,40.72,228.68,0.21,46.06,228.57,0.19,25.78
236.08,0.61,145.18,0.00,0.00,0.00,235.38,0.21,41.10,224.35,0.21,44.93,229.75,0.19,26.12
229.93,0.62,142.80,0.00,0.00,0.00,229.23,0.21,41.62,226.64,0.21,45.64,231.11,0.20,26.07
233.05,0.61,143.18,0.00,0.00,0.00,232.35,0.21,41.97,229.33,0.21,45.88,228.42,0.19,23.48
273.91,0.61,166.57,0.00,0.00,0.00,273.21,0.21,41.74,223.98,0.21,44.42,223.35,0.19,22.60
225.69,0.63,141.35,0.00,0.00,0.00,224.99,0.21,42.12,229.24,0.21,46.86,227.71,0.20,25.84
229.55,0.62,143.21,0.00,0.00,0.00,228.85,0.21,41.36,226.59,0.21,46.37,233.70,0.20,26.72
234.11,0.61,143.25,0.00,0.00,0.00,233.41,0.21,41.48,226.04,0.21,45.68,226.73,0.19,25.08
232.55,0.61,142.66,0.00,0.00,0.00,231.85,0.21,41.68,228.52,0.21,45.50,224.97,0.19,24.45
231.91,0.62,142.81,0.00,0.00,0.00,231.21,0.21,41.44,225.91,0.21,45.23,228.78,0.19,24.29
232.91,0.62,144.30,0.00,0.00,0.00,232.21,0.21,41.59,226.40,0.21,46.35,226.78,0.19,25.28
228.08,0.62,142.04,0.00,0.00,0.00,227.38,0.21,41.99,228.48,0.21,46.47,229.11,0.20,25.80
229.94,0.62,142.25,0.00,0.00,0.00,229.24,0.21,41.10,226.18,0.21,45.57,230.64,0.19,26.33
239.21,0.61,146.28,0.00,0.00,0.00,238.51,0.21,40.97,227.28,0.21,45.83,223.55,0.19,23.16
228.24,0.62,141.36,0.00,0.00,0.00,227.54,0.21,41.19,225.07,0.21,45.53,226.46,0.20,25.82
224.72,0.62,139.35,0.00,0.00,0.00,224.02,0.21,40.87,224.06,0.21,44.98,233.83,0.20,26.00
227.09,0.62,140.62,0.00,0.00,0.00,226.39,0.21,40.50,227.56,0.21,45.80,229.93,0.20,25.88
225.75,0.61,137.16,0.00,0.00,0.00,225.05,0.21,40.12,250.83,0.21,48.67,225.88,0.19,21.48
224.48,0.62,139.70,0.00,0.00,0.00,223.78,0.21,41.34,230.31,0.21,46.87,226.05,0.20,25.27
223.04,0.62,137.92,0.00,0.00,0.00,222.34,0.21,41.48,221.87,0.21,44.33,232.32,0.20,26.35
232.24,0.62,143.70,0.00,0.00,0.00,231.54,0.21,40.86,226.90,0.21,45.79,229.60,0.20,25.78
222.62,0.62,137.65,0.00,0.00,0.00,221.92,0.21,41.11,220.75,0.21,44.40,230.23,0.20,25.75
229.98,0.62,142.69,0.00,0.00,0.00,229.28,0.21,41.33,228.52,0.21,46.12,231.90,0.20,26.65
228.38,0.62,142.01,0.00,0.00,0.00,227.68,0.21,41.36,222.53,0.21,44.50,238.23,0.20,27.37
229.02,0.62,141.53,0.00,0.00,0.00,228.32,0.21,41.54,229.49,0.21,46.52,232.60,0.19,26.14
231.99,0.62,144.32,0.00,0.00,0.00,231.29,0.21,41.94,226.74,0.21,45.86,232.58,0.20,26.67
234.67,0.61,143.99,0.00,0.00,0.00,233.97,0.21,41.42,221.00,0.21,43.61,234.58,0.19,26.74
223.73,0.62,139.35,0.00,0.00,0.00,223.03,0.21,41.44,229.95,0.21,46.33,231.79,0.20,26.56
227.35,0.62,140.15,0.00,0.00,0.00,226.65,0.21,40.99,229.06,0.21,46.53,229.81,0.19,25.61
225.76,0.62,140.21,0.00,0.00,0.00,225.06,0.21,41.25,227.99,0.21,46.83,230.87,0.20,26.40
227.18,0.62,141.20,0.00,0.00,0.00,226.48,0.21,40.94,232.84,0.21,46.75,232.64,0.20,26.90
227.16,0.62,140.74,0.00,0.00,0.00,226.46,0.21,42.27,223.95,0.21,45.10,231.65,0.19,25.86
230.11,0.62,142.82,0.00,0.00,0.00,229.41,0.21,41.79,228.71,0.21,45.57,231.92,0.20,26.51
232.33,0.62,144.21,0.00,0.00,0.00,231.63,0.21,41.76,227.42,0.21,46.56,231.92,0.19,26.37
231.33,0.62,142.57,0.00,0.00,0.00,230.63,0.21,40.73,229.32,0.21,46.79,228.79,0.19,25.42
232.24,0.62,143.31,0.00,0.00,0.00,231.54,0.21,41.85,226.36,0.21,45.52,228.80,0.19,25.40
225.20,0.62,140.32,0.00,0.00,0.00,224.50,0.21,41.90,230.72,0.21,47.24,230.60,0.20,26.18
229.02,0.62,142.45,0.00,0.00,0.00,228.32,0.21,40.99,225.60,0.21,45.73,231.43,0.20,26.91
232.85,0.61,142.94,0.00,0.00,0.00,232.15,0.21,40.79,231.23,0.21,47.19,228.65,0.19,24.95
222.32,0.63,139.44,0.00,0.00,0.00,221.62,0.21,41.43,228.87,0.21,46.98,233.00,0.20,28.94
223.00,0.61,135.96,0.00,0.00,0.00,222.30,0.21,41.42,225.62,0.21,44.84,225.94,0.19,23.36
230.38,0.61,141.03,0.00,0.00,0.00,229.68,0.21,41.27,228.09,0.21,45.27,224.19,0.19,25.04
228.70,0.62,142.49,0.00,0.00,0.00,228.00,0.21,41.60,230.30,0.21,47.01,227.53,0.20,25.73
227.55,0.62,140.68,0.00,0.00,0.00,226.85,0.21,41.46,226.14,0.21,45.28,227.11,0.20,25.17
228.37,0.61,138.88,0.00,0.00,0.00,227.67,0.21,41.13,228.55,0.21,45.98,229.62,0.18,25.34
264.90,0.62,163.09,0.00,0.00,0.00,264.20,0.21,40.94,228.84,0.21,46.16,231.36,0.19,25.20
219.89,0.62,135.90,0.00,0.00,0.00,219.19,0.21,42.04,228.89,0.21,46.70,230.42,0.19,25.41
227.73,0.61,140.05,0.00,0.00,0.00,227.03,0.21,41.19,228.59,0.21,46.06,226.30,0.19,25.37
228.17,0.62,141.35,0.00,0.00,0.00,227.47,0.21,41.01,228.71,0.21,46.78,229.73,0.20,26.49
232.27,0.61,142.73,0.00,0.00,0.00,231.57,0.21,41.39,225.93,0.21,45.64,230.32,0.19,25.71
233.67,0.62,143.87,0.00,0.00,0.00,232.97,0.21,40.83,224.86,0.21,45.29,228.86,0.19,26.23
234.68,0.62,144.76,0.00,0.00,0.00,233.98,0.21,41.45,226.26,0.21,45.65,230.40,0.19,25.33
224.09,0.61,136.96,0.00,0.00,0.00,223.39,0.21,41.61,225.55,0.21,45.11,227.74,0.19,23.95
229.53,0.62,141.28,0.00,0.00,0.00,228.83,0.21,40.60,225.31,0.21,45.19,234.63,0.19,26.87
229.68,0.60,138.32,0.00,0.00,0.00,228.98,0.21,41.32,227.91,0.21,45.54,230.44,0.18,23.37
223.87,0.61,136.43,0.00,0.00,0.00,223.17,0.21,41.53,227.87,0.21,46.60,229.28,0.18,25.02
228.92,0.62,142.08,0.00,0.00,0.00,228.22,0.21,41.75,231.13,0.21,47.38,228.75,0.19,25.31
229.23,0.61,140.88,0.00,0.00,0.00,228.53,0.21,40.33,229.31,0.21,46.36,224.76,0.19,25.51
236.11,0.61,144.92,0.00,0.00,0.00,235.41,0.21,40.56,225.28,0.21,45.28,258.48,0.19,25.86
223.96,0.62,138.17,0.00,0.00,0.00,223.26,0.21,40.66,294.64,0.22,56.25,205.25,0.19,13.10
224.20,0.62,138.66,0.00,0.00,0.00,223.50,0.21,41.19,226.70,0.21,46.14,229.52,0.19,25.74
234.20,0.62,144.57,0.00,0.00,0.00,233.50,0.21,41.45,228.23,0.21,45.89,231.81,0.19,26.64
230.13,0.61,141.52,0.00,0.00,0.00,229.43,0.21,40.92,224.39,0.21,44.77,226.03,0.19,24.67
231.69,0.62,143.96,0.00,0.00,0.00,230.99,0.21,41.45,223.29,0.21,44.42,231.66,0.20,28.57
226.95,0.61,139.50,0.00,0.00,0.00,226.25,0.21,40.96,229.15,0.21,46.21,229.82,0.19,25.56
223.35,0.62,138.84,0.00,0.00,0.00,222.65,0.21,41.24,227.21,0.21,45.60,223.33,0.20,24.90
223.53,0.62,137.84,0.00,0.00,0.00,222.83,0.21,41.07,229.93,0.21,46.10,230.02,0.19,27.20
231.24,0.62,143.40,0.00,0.00,0.00,230.54,0.21,41.36,227.34,0.21,46.13,230.66,0.20,25.83
231.62,0.62,144.18,0.00,0.00,0.00,230.92,0.21,42.25,225.83,0.21,46.00,231.66,0.20,26.27
234.95,0.62,144.78,0.00,0.00,0.00,234.25,0.21,41.56,227.05,0.21,46.03,231.02,0.19,26.51
222.22,0.62,137.76,0.00,0.00,0.00,221.52,0.21,41.39,233.16,0.22,47.81,230.77,0.19,26.06
223.49,0.62,137.65,0.00,0.00,0.00,222.79,0.21,41.08,229.98,0.21,46.64,229.99,0.19,25.74
234.80,0.61,144.31,0.00,0.00,0.00,234.10,0.21,40.92,223.70,0.21,45.09,228.11,0.19,26.64
232.80,0.62,143.28,0.00,0.00,0.00,232.10,0.21,41.70,226.45,0.21,45.69,237.84,0.19,25.50
229.69,0.61,141.04,0.00,0.00,0.00,228.99,0.21,40.75,226.73,0.21,45.38,224.12,0.19,24.37
222.46,0.62,137.29,0.00,0.00,0.00,221.76,0.21,41.86,227.98,0.21,46.91,228.28,0.19,25.67
237.82,0.62,147.72,0.00,0.00,0.00,237.12,0.21,41.32,231.27,0.21,47.37,231.14,0.19,26.18
228.89,0.62,142.17,0.00,0.00,0.00,228.19,0.21,41.57,224.03,0.21,45.17,230.96,0.20,26.63
226.45,0.62,140.33,0.00,0.00,0.00,225.75,0.21,41.15,231.69,0.21,47.43,230.85,0.19,26.32
230.10,0.62,142.58,0.00,0.00,0.00,229.40,0.21,40.79,226.41,0.21,45.84,231.36,0.20,26.23
231.01,0.62,142.89,0.00,0.00,0.00,230.31,0.21,41.07,222.17,0.21,44.71,233.67,0.20,26.14
229.41,0.62,142.11,0.00,0.00,0.00,228.71,0.21,41.06,230.68,0.21,46.78,232.84,0.20,25.91
226.36,0.61,138.75,0.00,0.00,0.00,225.66,0.21,41.88,232.07,0.21,46.32,227.02,0.19,24.25
222.35,0.62,138.11,0.00,0.00,0.00,221.65,0.21,41.34,225.33,0.21,45.12,237.07,0.20,27.27
227.67,0.62,141.91,0.00,0.00,0.00,226.97,0.21,41.70,228.25,0.21,46.04,229.13,0.20,26.68
226.75,0.62,140.55,0.00,0.00,0.00,226.05,0.21,41.26,227.76,0.21,46.12,230.02,0.20,26.40
227.81,0.62,140.61,0.00,0.00,0.00,227.11,0.21,40.66,227.76,0.21,45.84,257.86,0.20,27.00
227.60,0.62,140.88,0.00,0.00,0.00,226.90,0.21,40.67,227.37,0.21,46.80,265.91,0.20,27.63
228.03,0.62,140.93,0.00,0.00,0.00,227.33,0.21,41.00,224.07,0.21,45.12,230.50,0.20,25.85
223.29,0.62,137.68,0.00,0.00,0.00,222.59,0.21,40.95,229.87,0.21,46.02,224.79,0.19,24.27
223.22,0.62,137.87,0.00,0.00,0.00,222.52,0.21,41.31,230.32,0.21,45.91,230.69,0.20,26.05
227.15,0.61,138.74,0.00,0.00,0.00,226.45,0.21,40.08,222.82,0.21,44.18,227.67,0.19,25.47
229.55,0.63,144.17,0.00,0.00,0.00,228.85,0.21,41.60,227.57,0.21,46.43,231.23,0.20,27.50
227.02,0.62,139.84,0.00,0.00,0.00,226.32,0.21,41.67,227.00,0.21,45.98,230.51,0.19,27.31
231.56,0.62,144.40,0.00,0.00,0.00,230.86,0.21,41.57,226.67,0.21,45.84,234.50,0.20,26.99
229.42,0.62,142.23,0.00,0.00,0.00,228.72,0.21,40.90,225.10,0.21,45.45,232.87,0.20,26.98
230.04,0.62,142.42,0.00,0.00,0.00,229.34,0.21,41.34,225.15,0.21,45.49,230.22,0.19,25.96
225.09,0.62,140.42,0.00,0.00,0.00,224.39,0.21,40.93,226.23,0.21,45.66,228.81,0.20,27.25
230.60,0.62,143.63,0.00,0.00,0.00,229.90,0.21,41.75,229.76,0.21,46.39,228.61,0.20,25.04
224.28,0.61,137.79,0.00,0.00,0.00,223.58,0.21,42.07,223.86,0.21,40.31,254.02,0.19,27.40
228.20,0.62,142.24,0.00,0.00,0.00,227.50,0.21,41.64,230.69,0.21,46.56,232.59,0.20,26.30
232.33,0.62,144.02,0.00,0.00,0.00,231.63,0.21,41.53,228.36,0.21,46.14,229.41,0.19,26.25
225.14,0.61,136.56,0.00,0.00,0.00,224.44,0.21,41.67,226.57,0.21,45.21,225.45,0.18,23.48
224.66,0.62,139.11,0.00,0.00,0.00,223.96,0.21,41.01,230.78,0.21,46.22,228.90,0.20,25.96
225.08,0.62,139.29,0.00,0.00,0.00,224.38,0.21,40.74,223.64,0.21,45.14,230.21,0.20,25.42
225.76,0.61,138.06,0.00,0.00,0.00,225.06,0.21,39.81,224.31,0.21,44.96,226.25,0.19,24.86
228.22,0.63,142.67,0.00,0.00,0.00,227.52,0.21,40.58,229.12,0.21,46.22,235.01,0.20,26.91
224.52,0.62,139.54,0.00,0.00,0.00,223.82,0.21,41.08,228.17,0.21,46.19,233.06,0.20,26.28
230.18,0.62,143.70,0.00,0.00,0.00,229.48,0.21,41.06,227.11,0.21,45.84,229.74,0.20,25.93
234.92,0.62,145.32,0.00,0.00,0.00,234.22,0.21,41.57,231.27,0.21,46.89,230.04,0.19,25.65
235.58,0.62,145.00,0.00,0.00,0.00,234.88,0.21,41.26,230.69,0.21,46.38,224.71,0.19,23.82
228.30,0.61,139.22,0.00,0.00,0.00,227.60,0.21,40.58,229.95,0.21,46.23,229.00,0.19,24.61
227.92,0.62,141.62,0.00,0.00,0.00,227.22,0.21,41.11,229.60,0.21,47.13,232.31,0.20,25.62
223.59,0.62,139.65,0.00,0.00,0.00,222.89,0.21,40.87,230.41,0.21,46.63,229.90,0.20,28.38
229.82,0.62,142.60,0.00,0.00,0.00,229.12,0.21,41.02,226.77,0.21,45.59,233.15,0.20,26.81
228.47,0.61,140.44,0.00,0.00,0.00,227.77,0.21,40.28,226.02,0.21,45.21,230.62,0.20,25.77
227.76,0.61,139.94,0.00,0.00,0.00,227.06,0.21,40.94,224.91,0.21,45.01,227.25,0.19,24.96
228.05,0.62,141.92,0.00,0.00,0.00,227.35,0.21,41.45,226.89,0.21,46.08,227.02,0.20,26.52
228.06,0.62,141.67,0.00,0.00,0.00,227.36,0.21,41.56,230.01,0.21,46.21,228.46,0.20,26.18
229.49,0.62,143.42,0.00,0.00,0.00,228.79,0.21,41.94,226.34,0.21,45.63,234.20,0.20,26.93
231.33,0.63,144.92,0.00,0.00,0.00,230.63,0.21,41.72,231.84,0.21,47.32,231.31,0.20,26.48
229.14,0.62,141.92,0.00,0.00,0.00,228.44,0.21,40.94,227.81,0.21,45.56,226.91,0.20,27.53
225.50,0.62,140.65,0.00,0.00,0.00,224.80,0.21,41.41,228.23,0.21,45.79,227.60,0.20,25.70
225.24,0.62,140.62,0.00,0.00,0.00,224.54,0.21,41.32,232.22,0.21,47.40,231.74,0.20,26.60
228.66,0.61,140.40,0.00,0.00,0.00,227.96,0.21,41.28,229.69,0.21,46.57,229.68,0.19,25.62
229.01,0.62,142.38,0.00,0.00,0.00,228.31,0.21,41.08,229.08,0.21,45.94,229.03,0.20,27.49
259.38,0.61,158.17,0.00,0.00,0.00,258.68,0.21,41.21,228.54,0.21,45.75,229.91,0.19,24.58
224.52,0.62,140.31,0.00,0.00,0.00,223.82,0.21,42.24,228.72,0.21,46.45,233.12,0.20,26.56
232.06,0.63,145.36,0.00,0.00,0.00,231.36,0.21,41.47,229.74,0.21,46.94,235.59,0.20,27.78
228.14,0.62,141.73,0.00,0.00,0.00,227.44,0.21,40.67,232.71,0.21,46.73,227.96,0.20,24.32
225.31,0.62,139.76,0.00,0.00,0.00,224.61,0.21,41.11,226.44,0.21,45.51,234.54,0.20,27.02
228.62,0.62,142.62,0.00,0.00,0.00,227.92,0.21,40.97,226.53,0.21,45.84,231.13,0.20,26.34
232.10,0.62,143.51,0.00,0.00,0.00,231.40,0.21,41.01,226.19,0.21,45.22,233.42,0.20,26.67
232.44,0.61,142.77,0.00,0.00,0.00,231.74,0.21,41.27,223.27,0.21,44.67,225.77,0.19,24.65
233.90,0.63,147.65,0.00,0.00,0.00,233.20,0.21,41.64,232.25,0.21,47.75,231.34,0.20,28.24
227.11,0.62,140.95,0.00,0.00,0.00,226.41,0.21,41.49,224.45,0.21,44.81,225.95,0.20,24.56
227.88,0.62,142.27,0.00,0.00,0.00,227.18,0.21,41.62,227.41,0.21,46.59,231.53,0.20,26.21
232.97,0.62,144.35,0.00,0.00,0.00,232.27,0.21,41.40,224.14,0.21,45.10,229.01,0.20,25.40
228.43,0.62,141.32,0.00,0.00,0.00,227.73,0.21,39.89,228.26,0.21,46.32,226.63,0.20,25.34
227.13,0.62,141.04,0.00,0.00,0.00,226.43,0.21,40.99,224.69,0.21,45.69,233.45,0.20,26.12
271.12,0.62,168.02,0.00,0.00,0.00,270.42,0.21,41.41,223.92,0.21,44.96,224.18,0.20,25.15
232.89,0.62,144.56,0.00,0.00,0.00,232.19,0.21,41.72,225.73,0.21,45.78,228.11,0.19,24.70
222.97,0.62,139.08,0.00,0.00,0.00,222.27,0.21,42.00,227.18,0.21,46.19,234.00,0.20,27.00
231.61,0.62,143.21,0.00,0.00,0.00,230.91,0.21,41.04,231.87,0.21,46.75,230.42,0.20,26.48
225.59,0.63,142.43,0.00,0.00,0.00,224.89,0.21,42.00,234.03,0.21,47.73,230.59,0.20,27.20
224.76,0.62,138.73,0.00,0.00,0.00,224.06,0.21,42.18,229.67,0.21,46.19,224.37,0.19,23.95
224.79,0.63,140.86,0.00,0.00,0.00,224.09,0.21,41.36,227.78,0.21,46.27,234.76,0.20,27.53
234.50,0.62,144.34,0.00,0.00,0.00,233.80,0.21,41.31,228.90,0.21,46.00,227.25,0.19,23.78
229.32,0.62,141.30,0.00,0.00,0.00,228.62,0.21,40.57,228.25,0.21,46.27,227.93,0.19,24.69
222.56,0.62,137.70,0.00,0.00,0.00,221.86,0.21,41.31,224.42,0.21,45.19,224.71,0.20,24.83
228.12,0.62,141.89,0.00,0.00,0.00,227.42,0.21,41.96,229.68,0.21,46.91,227.27,0.20,25.77
225.47,0.62,138.81,0.00,0.00,0.00,224.77,0.21,40.92,226.54,0.21,45.77,225.56,0.19,25.05
226.01,0.63,141.53,0.00,0.00,0.00,225.31,0.21,40.91,227.50,0.21,46.66,236.41,0.20,28.06
274.07,0.61,168.47,0.00,0.00,0.00,273.37,0.21,40.96,228.44,0.21,44.58,301.36,0.19,29.57
224.18,0.61,137.55,0.00,0.00,0.00,223.48,0.21,40.65,227.19,0.21,45.58,225.83,0.19,25.05
226.85,0.62,140.61,0.00,0.00,0.00,226.15,0.21,40.92,226.32,0.21,45.67,233.82,0.20,26.61
228.11,0.63,143.00,0.00,0.00,0.00,227.41,0.21,41.66,231.06,0.22,48.54,231.02,0.20,26.97
223.55,0.62,139.28,0.00,0.00,0.00,222.85,0.21,41.98,225.13,0.21,45.64,231.41,0.20,25.95
227.95,0.62,140.94,0.00,0.00,0.00,227.25,0.21,41.25,227.39,0.21,45.59,227.85,0.20,25.23
224.75,0.62,139.25,0.00,0.00,0.00,224.05,0.21,42.00,233.39,0.21,46.35,228.15,0.20,25.02
227.12,0.62,141.42,0.00,0.00,0.00,226.42,0.21,41.06,226.91,0.21,45.94,233.10,0.20,26.56
231.88,0.62,143.74,0.00,0.00,0.00,231.18,0.21,40.60,227.24,0.21,45.65,228.87,0.20,25.78
232.06,0.61,142.63,0.00,0.00,0.00,231.36,0.21,40.47,222.23,0.21,44.15,228.96,0.20,26.07
227.23,0.62,140.63,0.00,0.00,0.00,226.53,0.21,40.99,222.78,0.21,44.92,232.98,0.20,26.65
231.91,0.62,143.86,0.00,0.00,0.00,231.21,0.21,41.20,225.32,0.21,45.14,229.47,0.20,25.13
226.23,0.62,140.08,0.00,0.00,0.00,225.53,0.21,41.12,225.26,0.21,45.04,227.40,0.20,24.54
227.62,0.62,140.73,0.00,0.00,0.00,226.92,0.21,40.46,250.43,0.21,42.85,238.98,0.20,25.34
278.05,0.63,174.37,0.00,0.00,0.00,277.35,0.21,41.84,223.63,0.21,45.11,228.18,0.20,26.95
231.79,0.62,144.21,0.00,0.00,0.00,231.09,0.21,41.12,229.16,0.21,46.50,230.46,0.20,25.96
227.83,0.63,142.67,0.00,0.00,0.00,227.13,0.21,41.79,228.67,0.21,44.56,231.34,0.20,26.30
240.48,0.62,150.11,0.00,0.00,0.00,239.78,0.21,41.27,231.15,0.21,47.30,231.05,0.20,25.41
229.11,0.62,141.42,0.00,0.00,0.00,228.41,0.21,41.19,229.98,0.21,46.57,230.06,0.19,25.24
231.77,0.62,144.39,0.00,0.00,0.00,231.07,0.21,40.69,230.92,0.21,46.71,231.84,0.20,26.22
229.80,0.62,142.48,0.00,0.00,0.00,229.10,0.21,40.57,224.19,0.21,44.79,231.25,0.20,26.48
227.35,0.62,140.47,0.00,0.00,0.00,226.65,0.21,40.75,224.78,0.21,45.13,233.39,0.20,26.71
229.84,0.62,142.66,0.00,0.00,0.00,229.14,0.21,41.17,228.05,0.21,45.47,231.14,0.20,26.09
230.47,0.62,143.19,0.00,0.00,0.00,229.77,0.21,41.10,228.14,0.21,46.23,228.06,0.20,25.53
230.47,0.63,144.18,0.00,0.00,0.00,229.77,0.21,41.53,229.62,0.21,46.58,230.92,0.20,25.57
227.91,0.63,142.63,0.00,0.00,0.00,227.21,0.21,41.14,230.44,0.21,46.77,226.71,0.20,25.28
221.41,0.61,136.02,0.00,0.00,0.00,220.71,0.21,41.04,229.11,0.21,45.69,226.92,0.20,24.28
222.62,0.62,138.98,0.00,0.00,0.00,221.92,0.21,40.41,225.16,0.21,45.16,290.29,0.20,26.82
229.41,0.62,142.37,0.00,0.00,0.00,228.71,0.21,40.97,228.42,0.21,46.29,224.10,0.20,23.62
229.61,0.62,141.66,0.00,0.00,0.00,228.91,0.21,40.74,223.85,0.21,44.53,234.00,0.20,26.55
230.92,0.61,141.88,0.00,0.00,0.00,230.22,0.21,40.66,223.93,0.21,44.23,227.63,0.20,26.08
231.40,0.62,144.00,0.00,0.00,0.00,230.70,0.21,41.32,223.78,0.21,44.58,230.28,0.20,26.38
235.92,0.62,146.69,0.00,0.00,0.00,235.22,0.21,40.91,225.11,0.21,45.85,230.70,0.20,26.49
229.77,0.62,142.00,0.00,0.00,0.00,229.07,0.21,41.78,229.52,0.21,46.45,226.89,0.19,25.38
237.18,0.63,148.47,0.00,0.00,0.00,236.48,0.21,41.30,231.16,0.21,47.18,227.28,0.20,25.53
224.62,0.63,141.30,0.00,0.00,0.00,223.92,0.21,40.34,239.06,0.22,50.69,232.07,0.20,26.55
226.27,0.62,140.26,0.00,0.00,0.00,225.57,0.21,40.59,225.01,0.21,45.34,231.58,0.20,26.45
229.12,0.62,141.47,0.00,0.00,0.00,228.42,0.21,41.13,230.15,0.21,46.96,229.79,0.19,26.11
225.18,0.62,139.64,0.00,0.00,0.00,224.48,0.21,41.46,228.34,0.21,46.27,229.90,0.20,25.80
228.85,0.62,141.46,0.00,0.00,0.00,228.15,0.21,41.31,231.22,0.21,47.01,227.04,0.19,23.55
227.58,0.62,141.99,0.00,0.00,0.00,226.88,0.21,41.16,228.67,0.21,46.60,229.94,0.20,26.07
234.07,0.62,146.07,0.00,0.00,0.00,233.37,0.21,41.41,266.26,0.21,49.03,277.64,0.20,30.79
227.91,0.62,141.01,0.00,0.00,0.00,227.21,0.21,40.32,231.38,0.21,46.77,227.79,0.20,24.83
225.08,0.62,138.48,0.00,0.00,0.00,224.38,0.21,40.52,229.91,0.21,46.69,227.45,0.19,25.59
224.82,0.62,139.44,0.00,0.00,0.00,224.12,0.21,41.25,230.04,0.21,46.74,230.02,0.20,25.52
228.48,0.61,139.21,0.00,0.00,0.00,227.78,0.21,41.05,228.53,0.21,45.09,224.84,0.19,22.94
226.24,0.62,141.36,0.00,0.00,0.00,225.54,0.21,41.42,230.00,0.21,46.33,229.19,0.20,25.66
237.26,0.62,146.45,0.00,0.00,0.00,236.56,0.21,41.41,227.85,0.21,45.74,226.26,0.19,24.70
228.39,0.63,142.82,0.00,0.00,0.00,227.69,0.21,41.55,233.20,0.21,47.51,233.08,0.20,27.33
225.95,0.62,139.05,0.00,0.00,0.00,225.25,0.21,41.69,235.34,0.21,46.81,227.57,0.19,23.70
230.82,0.62,142.76,0.00,0.00,0.00,230.12,0.21,41.26,227.69,0.21,46.21,231.55,0.19,26.19
231.73,0.61,142.42,0.00,0.00,0.00,231.03,0.21,40.52,229.52,0.21,46.66,228.98,0.19,25.87
222.12,0.61,136.15,0.00,0.00,0.00,221.42,0.21,40.33,226.59,0.21,45.78,230.36,0.19,25.44
227.86,0.62,140.70,0.00,0.00,0.00,227.16,0.21,40.56,229.04,0.21,45.93,229.74,0.20,25.44
231.84,0.61,141.62,0.00,0.00,0.00,231.14,0.21,41.13,225.31,0.21,44.70,223.42,0.19,23.21
230.28,0.61,141.61,0.00,0.00,0.00,229.58,0.21,40.67,226.40,0.21,45.18,225.94,0.20,24.52
228.18,0.62,140.55,0.00,0.00,0.00,227.48,0.21,41.09,226.14,0.21,45.02,228.91,0.19,25.27
230.83,0.61,141.27,0.00,0.00,0.00,230.13,0.21,41.49,226.11,0.21,45.30,227.02,0.19,25.22
226.65,0.62,139.63,0.00,0.00,0.00,225.95,0.21,41.33,225.31,0.21,45.19,224.85,0.19,24.88
225.54,0.63,141.60,0.00,0.00,0.00,224.84,0.21,42.05,230.20,0.21,47.49,230.17,0.20,25.64
226.26,0.62,139.61,0.00,0.00,0.00,225.56,0.21,41.34,232.49,0.21,47.20,227.09,0.19,25.05
224.13,0.63,140.21,0.00,0.00,0.00,223.43,0.21,41.52,230.05,0.21,46.93,235.77,0.20,26.97
225.56,0.62,138.94,0.00,0.00,0.00,224.86,0.21,40.28,230.99,0.21,46.89,229.20,0.19,27.00
226.16,0.62,139.95,0.00,0.00,0.00,225.46,0.21,40.92,226.05,0.21,45.52,229.90,0.20,26.89
230.60,0.62,142.37,0.00,0.00,0.00,229.90,0.21,41.60,229.70,0.21,45.89,225.16,0.20,24.63
228.55,0.61,140.20,0.00,0.00,0.00,227.85,0.21,40.66,225.58,0.21,45.26,224.22,0.19,24.05
223.57,0.62,139.38,0.00,0.00,0.00,222.87,0.21,41.32,225.73,0.21,46.33,228.70,0.20,26.39
228.60,0.62,142.19,0.00,0.00,0.00,227.90,0.21,42.09,223.94,0.21,44.93,233.53,0.20,26.46
226.05,0.62,139.89,0.00,0.00,0.00,225.35,0.21,40.42,247.47,0.21,48.73,229.70,0.19,24.93
226.21,0.60,135.54,0.00,0.00,0.00,225.51,0.21,40.42,230.86,0.21,46.95,224.61,0.18,21.36
222.92,0.62,138.27,0.00,0.00,0.00,222.22,0.21,41.41,229.34,0.21,46.93,232.04,0.19,25.78
222.44,0.63,139.41,0.00,0.00,0.00,221.74,0.21,41.32,228.82,0.21,46.35,232.64,0.20,26.75
227.31,0.62,140.77,0.00,0.00,0.00,226.61,0.21,40.67,232.03,0.21,47.33,230.44,0.20,26.17
229.97,0.61,140.73,0.00,0.00,0.00,229.27,0.21,41.07,227.03,0.21,45.86,227.92,0.19,24.58
221.30,0.62,136.60,0.00,0.00,0.00,220.60,0.21,40.43,229.71,0.21,46.08,229.73,0.20,27.10
226.76,0.61,139.09,0.00,0.00,0.00,226.06,0.21,40.56,227.34,0.21,45.99,232.20,0.19,25.72
231.33,0.62,142.56,0.00,0.00,0.00,230.63,0.21,41.27,230.05,0.21,46.51,230.11,0.19,26.67
234.36,0.62,144.25,0.00,0.00,0.00,233.66,0.21,40.88,229.25,0.21,46.28,229.38,0.19,24.89
226.07,0.61,138.45,0.00,0.00,0.00,225.37,0.21,41.39,228.85,0.21,46.35,229.75,0.19,24.55
230.46,0.62,143.79,0.00,0.00,0.00,229.76,0.21,41.71,226.52,0.21,45.84,233.36,0.20,27.02
229.64,0.62,143.02,0.00,0.00,0.00,228.94,0.21,41.92,228.32,0.21,45.91,231.43,0.20,26.76
225.94,0.62,139.78,0.00,0.00,0.00,225.24,0.21,40.74,226.38,0.21,43.21,256.38,0.20,28.98
230.84,0.62,143.64,0.00,0.00,0.00,230.14,0.21,40.94,229.30,0.21,46.83,232.06,0.20,27.14
230.21,0.62,142.19,0.00,0.00,0.00,229.51,0.21,41.19,224.39,0.21,44.88,232.53,0.20,26.98
227.98,0.61,140.05,0.00,0.00,0.00,227.28,0.21,40.29,227.75,0.21,45.63,227.72,0.19,26.76
230.19,0.62,142.11,0.00,0.00,0.00,229.49,0.21,41.21,222.74,0.21,45.38,231.12,0.19,25.47
228.44,0.61,140.23,0.00,0.00,0.00,227.74,0.21,40.60,229.10,0.21,46.05,224.62,0.19,24.24
228.40,0.61,139.92,0.00,0.00,0.00,227.70,0.21,41.11,227.59,0.21,45.85,231.70,0.19,25.62
229.18,0.62,142.23,0.00,0.00,0.00,228.48,0.21,41.98,227.92,0.21,46.00,227.90,0.19,26.06
233.12,0.62,143.80,0.00,0.00,0.00,232.42,0.21,41.83,225.55,0.21,45.72,228.50,0.19,25.50
227.76,0.61,140.04,0.00,0.00,0.00,227.06,0.21,41.43,228.55,0.21,46.15,231.89,0.19,26.12
228.40,0.62,141.11,0.00,0.00,0.00,227.70,0.21,41.06,227.95,0.21,45.72,232.16,0.20,26.31
227.17,0.61,139.38,0.00,0.00,0.00,226.47,0.21,40.72,232.07,0.21,46.76,227.59,0.19,26.03
229.01,0.61,140.49,0.00,0.00,0.00,228.31,0.21,40.90,228.09,0.21,45.62,227.12,0.19,24.92
226.20,0.62,139.56,0.00,0.00,0.00,225.50,0.21,41.44,227.72,0.21,46.36,229.94,0.19,25.74
224.24,0.62,138.63,0.00,0.00,0.00,223.54,0.21,41.57,270.97,0.21,52.73,246.26,0.19,24.17
223.22,0.62,137.57,0.00,0.00,0.00,222.52,0.21,41.61,225.65,0.21,45.57,229.06,0.19,25.44
228.76,0.62,140.78,0.00,0.00,0.00,228.06,0.21,40.90,222.84,0.21,44.47,228.00,0.19,25.98
230.47,0.62,141.87,0.00,0.00,0.00,229.77,0.21,40.95,228.17,0.21,46.32,231.11,0.19,25.53
231.38,0.61,140.54,0.00,0.00,0.00,230.68,0.21,40.65,229.53,0.21,46.07,225.26,0.19,24.23
225.06,0.62,138.68,0.00,0.00,0.00,224.36,0.21,41.05,229.45,0.21,46.31,227.91,0.19,25.62
228.19,0.61,140.25,0.00,0.00,0.00,227.49,0.21,40.93,221.12,0.21,43.94,230.26,0.20,26.73
229.42,0.62,141.53,0.00,0.00,0.00,228.72,0.21,41.72,220.75,0.21,44.39,231.60,0.19,26.03
228.39,0.62,141.22,0.00,0.00,0.00,227.69,0.21,41.79,228.30,0.21,45.72,229.88,0.19,26.45
226.78,0.62,139.94,0.00,0.00,0.00,226.08,0.21,41.50,223.43,0.21,44.98,236.81,0.19,27.46
227.91,0.62,141.62,0.00,0.00,0.00,227.21,0.21,41.68,227.72,0.21,45.38,229.09,0.20,26.52
223.81,0.61,135.97,0.00,0.00,0.00,223.11,0.21,41.12,227.27,0.21,45.20,228.17,0.19,24.36
228.26,0.62,141.35,0.00,0.00,0.00,227.56,0.21,41.63,228.23,0.21,46.19,227.82,0.19,26.09
230.66,0.61,140.78,0.00,0.00,0.00,229.96,0.21,40.48,227.40,0.21,46.26,230.00,0.19,24.95
228.75,0.62,141.74,0.00,0.00,0.00,228.05,0.21,41.14,246.38,0.21,44.76,245.38,0.20,23.96
232.37,0.61,141.08,0.00,0.00,0.00,231.67,0.21,41.15,228.59,0.21,46.18,227.46,0.18,22.82
229.44,0.62,143.06,0.00,0.00,0.00,228.74,0.21,40.99,231.42,0.21,47.02,229.91,0.20,28.33
224.39,0.62,139.01,0.00,0.00,0.00,223.69,0.21,41.21,224.77,0.21,45.34,230.39,0.19,26.63
228.12,0.61,139.72,0.00,0.00,0.00,227.42,0.21,40.50,229.63,0.21,46.70,231.04,0.19,26.18
229.83,0.61,139.99,0.00,0.00,0.00,229.13,0.21,40.73,226.30,0.21,44.71,223.43,0.19,23.86
230.93,0.62,143.04,0.00,0.00,0.00,230.23,0.21,40.98,227.58,0.21,45.57,230.95,0.20,26.11
226.32,0.62,139.47,0.00,0.00,0.00,225.62,0.21,41.83,228.81,0.21,46.69,230.40,0.19,25.56
228.37,0.61,139.48,0.00,0.00,0.00,227.67,0.21,41.35,226.90,0.21,45.60,229.23,0.19,25.77
231.52,0.61,141.71,0.00,0.00,0.00,230.82,0.21,40.86,230.86,0.21,46.47,229.75,0.19,25.73
229.62,0.61,141.17,0.00,0.00,0.00,228.92,0.21,40.66,228.54,0.21,45.14,230.77,0.20,27.03
228.41,0.61,140.35,0.00,0.00,0.00,227.71,0.21,41.15,229.17,0.21,46.30,227.84,0.19,24.55
225.17,0.62,139.35,0.00,0.00,0.00,224.47,0.21,41.42,233.07,0.21,47.19,231.42,0.19,26.38
224.40,0.62,139.32,0.00,0.00,0.00,223.70,0.21,40.52,229.44,0.22,47.21,228.74,0.19,26.17
221.75,0.62,138.56,0.00,0.00,0.00,221.05,0.21,41.71,230.44,0.21,46.55,231.98,0.20,27.22
233.07,0.61,142.36,0.00,0.00,0.00,232.37,0.21,40.34,228.09,0.21,45.98,228.28,0.19,24.64
228.29,0.61,138.38,0.00,0.00,0.00,227.59,0.21,40.51,223.80,0.21,44.63,224.49,0.19,24.50
227.00,0.61,139.46,0.00,0.00,0.00,226.30,0.21,41.32,229.44,0.21,46.43,227.16,0.19,25.64
227.61,0.62,141.52,0.00,0.00,0.00,226.91,0.21,41.19,227.16,0.21,46.07,228.75,0.20,25.89
229.18,0.62,143.07,0.00,0.00,0.00,228.48,0.21,41.80,224.47,0.21,45.73,234.12,0.20,26.75
225.53,0.62,139.98,0.00,0.00,0.00,224.83,0.21,41.12,226.17,0.21,46.21,233.81,0.20,27.12
230.41,0.62,141.95,0.00,0.00,0.00,229.71,0.21,41.75,228.54,0.21,46.10,228.71,0.19,25.09
228.70,0.61,139.67,0.00,0.00,0.00,228.00,0.21,40.98,230.79,0.21,47.18,228.42,0.19,24.61
224.18,0.61,136.78,0.00,0.00,0.00,223.48,0.21,40.89,230.86,0.21,46.83,226.09,0.19,23.89
229.30,0.62,141.33,0.00,0.00,0.00,228.60,0.21,41.16,227.31,0.21,45.65,228.18,0.19,25.98
224.59,0.62,140.15,0.00,0.00,0.00,223.89,0.21,41.39,226.98,0.21,46.60,231.42,0.20,26.96
226.51,0.62,139.78,0.00,0.00,0.00,225.81,0.21,41.35,226.11,0.21,45.61,235.24,0.19,27.12
226.29,0.62,140.45,0.00,0.00,0.00,225.59,0.21,41.43,221.76,0.21,44.51,230.71,0.20,26.82
233.99,0.62,145.26,0.00,0.00,0.00,233.29,0.21,40.80,227.05,0.21,45.93,230.69,0.20,27.24
228.11,0.60,137.65,0.00,0.00,0.00,227.41,0.21,41.62,224.89,0.21,44.77,228.19,0.18,23.34
226.96,0.62,141.00,0.00,0.00,0.00,226.26,0.21,41.94,227.54,0.21,46.30,231.64,0.20,26.55
231.57,0.61,141.36,0.00,0.00,0.00,230.87,0.21,41.16,225.94,0.21,45.31,226.34,0.19,25.05
229.72,0.61,141.14,0.00,0.00,0.00,229.02,0.21,41.08,226.60,0.21,45.26,229.86,0.19,26.08
231.00,0.61,140.64,0.00,0.00,0.00,230.30,0.21,40.80,225.31,0.21,45.18,224.07,0.19,23.81
229.05,0.63,143.80,0.00,0.00,0.00,228.35,0.21,41.93,229.91,0.21,46.63,230.47,0.20,27.14
228.46,0.62,141.98,0.00,0.00,0.00,227.76,0.21,41.72,225.98,0.21,45.98,234.01,0.20,27.83
229.34,0.62,142.09,0.00,0.00,0.00,228.64,0.21,40.15,225.43,0.21,45.58,231.10,0.20,26.93
223.86,0.62,138.55,0.00,0.00,0.00,223.16,0.21,40.68,226.81,0.21,45.81,231.28,0.20,26.37
233.03,0.62,144.33,0.00,0.00,0.00,232.33,0.21,40.86,230.51,0.21,47.05,230.75,0.19,26.15
228.42,0.61,140.43,0.00,0.00,0.00,227.72,0.21,41.47,230.61,0.21,46.14,229.43,0.19,25.26
227.47,0.61,138.41,0.00,0.00,0.00,226.77,0.21,41.11,227.70,0.21,45.25,228.66,0.19,24.93
225.41,0.62,138.83,0.00,0.00,0.00,224.71,0.21,41.35,227.24,0.21,45.70,227.99,0.19,27.28
229.43,0.62,142.97,0.00,0.00,0.00,228.73,0.21,40.74,231.25,0.21,46.88,228.04,0.20,25.82
225.04,0.62,139.87,0.00,0.00,0.00,224.34,0.21,41.84,230.80,0.21,46.74,230.30,0.20,26.95
226.90,0.62,140.84,0.00,0.00,0.00,226.20,0.21,40.99,226.00,0.21,45.99,232.05,0.20,26.87
235.94,0.62,145.61,0.00,0.00,0.00,235.24,0.21,40.79,230.21,0.21,46.83,225.88,0.19,24.62
224.78,0.62,139.65,0.00,0.00,0.00,224.08,0.21,40.59,229.40,0.21,46.64,226.92,0.20,25.56
235.86,0.61,143.30,0.00,0.00,0.00,235.16,0.21,40.09,226.59,0.21,45.63,228.35,0.19,24.74
224.51,0.62,138.31,0.00,0.00,0.00,223.81,0.21,40.81,220.66,0.21,44.22,230.37,0.20,26.32
237.78,0.61,145.78,0.00,0.00,0.00,237.08,0.21,40.86,224.60,0.21,45.34,230.24,0.19,25.82
224.81,0.62,139.99,0.00,0.00,0.00,224.11,0.21,41.03,229.01,0.21,46.95,229.22,0.20,26.52
224.35,0.61,136.76,0.00,0.00,0.00,223.65,0.21,39.96,232.24,0.21,47.25,224.33,0.19,22.74
222.24,0.61,136.46,0.00,0.00,0.00,221.54,0.21,41.01,246.95,0.21,47.45,245.58,0.19,28.00
225.09,0.62,139.60,0.00,0.00,0.00,224.39,0.21,40.84,227.89,0.21,45.54,233.71,0.20,27.56
224.18,0.61,136.63,0.00,0.00,0.00,223.48,0.21,40.59,229.21,0.21,46.11,232.21,0.19,25.86
230.67,0.61,141.60,0.00,0.00,0.00,229.97,0.21,41.45,229.67,0.21,46.31,225.42,0.19,24.39
225.13,0.63,141.50,0.00,0.00,0.00,224.43,0.21,41.75,231.59,0.21,47.03,228.63,0.20,27.42
229.96,0.62,143.03,0.00,0.00,0.00,229.26,0.21,41.59,228.36,0.21,46.13,223.00,0.20,24.67
223.69,0.62,137.79,0.00,0.00,0.00,222.99,0.21,41.00,229.99,0.22,47.52,230.30,0.19,24.96
222.37,0.62,137.71,0.00,0.00,0.00,221.67,0.21,41.09,225.56,0.21,45.72,228.39,0.20,26.16
223.68,0.61,137.04,0.00,0.00,0.00,222.98,0.21,41.14,224.16,0.21,44.84,225.52,0.19,25.38
219.10,0.61,133.85,0.00,0.00,0.00,218.40,0.21,40.53,226.70,0.21,46.24,231.79,0.19,26.26
230.65,0.61,140.68,0.00,0.00,0.00,229.95,0.21,40.47,227.77,0.21,45.07,228.72,0.19,24.86
231.99,0.61,142.07,0.00,0.00,0.00,231.29,0.21,40.99,225.82,0.21,44.85,226.76,0.19,24.61
227.40,0.60,136.38,0.00,0.00,0.00,226.70,0.21,40.84,231.70,0.21,46.81,225.59,0.18,23.31
227.37,0.61,139.19,0.00,0.00,0.00,226.67,0.21,40.07,226.60,0.21,45.52,222.39,0.19,24.39
282.09,0.61,172.83,0.00,0.00,0.00,281.39,0.21,42.13,223.89,0.21,44.44,226.94,0.19,24.81
226.07,0.62,140.89,0.00,0.00,0.00,225.37,0.21,41.57,226.86,0.21,45.32,231.76,0.20,27.12
227.41,0.61,139.10,0.00,0.00,0.00,226.71,0.21,40.19,229.14,0.21,46.41,226.61,0.19,24.03
229.73,0.62,142.29,0.00,0.00,0.00,229.03,0.21,41.60,227.31,0.21,46.56,233.57,0.19,26.92
231.14,0.61,140.52,0.00,0.00,0.00,230.44,0.21,40.93,220.41,0.20,43.13,226.73,0.19,24.19
224.66,0.62,139.02,0.00,0.00,0.00,223.96,0.21,40.81,224.95,0.21,44.56,231.93,0.20,25.69
230.14,0.61,140.65,0.00,0.00,0.00,229.44,0.21,40.92,226.01,0.21,45.35,229.22,0.19,24.72
233.06,0.62,143.80,0.00,0.00,0.00,232.36,0.21,40.55,230.26,0.21,46.32,228.13,0.20,25.92
232.90,0.62,145.05,0.00,0.00,0.00,232.20,0.21,41.68,228.05,0.21,45.96,229.17,0.20,26.24
221.03,0.62,137.16,0.00,0.00,0.00,220.33,0.21,41.07,228.37,0.21,46.17,229.70,0.20,26.28
230.05,0.62,141.79,0.00,0.00,0.00,229.35,0.21,39.81,225.58,0.21,45.01,232.16,0.20,26.86
228.03,0.62,140.69,0.00,0.00,0.00,227.33,0.21,41.12,221.94,0.21,44.71,235.94,0.20,27.10
230.82,0.61,141.50,0.00,0.00,0.00,230.12,0.21,41.00,228.40,0.21,45.90,227.11,0.19,25.36
229.18,0.61,139.66,0.00,0.00,0.00,228.48,0.21,40.29,224.36,0.21,44.63,226.00,0.19,24.72
266.86,0.62,164.40,0.00,0.00,0.00,266.16,0.21,41.06,227.73,0.21,45.64,229.84,0.20,25.30
230.12,0.61,140.92,0.00,0.00,0.00,229.42,0.21,39.88,224.81,0.21,44.74,226.50,0.19,25.69
226.77,0.62,140.46,0.00,0.00,0.00,226.07,0.21,41.22,224.69,0.21,45.81,231.62,0.20,26.15
234.80,0.62,145.10,0.00,0.00,0.00,234.10,0.21,41.62,227.90,0.21,45.87,229.10,0.19,25.36
229.24,0.62,141.97,0.00,0.00,0.00,228.54,0.21,41.38,225.73,0.21,45.52,231.16,0.20,25.99
228.32,0.62,140.93,0.00,0.00,0.00,227.62,0.21,41.35,227.87,0.21,45.41,231.76,0.19,25.37
231.93,0.61,142.21,0.00,0.00,0.00,231.23,0.21,40.82,229.05,0.21,46.32,225.46,0.19,24.77
224.57,0.62,138.58,0.00,0.00,0.00,223.87,0.21,41.74,222.00,0.21,44.62,228.86,0.19,25.49
226.58,0.61,138.51,0.00,0.00,0.00,225.88,0.21,40.70,226.40,0.21,45.52,224.33,0.19,24.23
234.96,0.62,146.59,0.00,0.00,0.00,234.26,0.21,41.73,225.94,0.21,45.61,232.15,0.20,26.41
229.69,0.61,140.91,0.00,0.00,0.00,228.99,0.21,40.69,230.78,0.21,46.93,227.18,0.19,24.35
224.47,0.62,139.68,0.00,0.00,0.00,223.77,0.21,41.47,232.53,0.21,47.67,228.22,0.20,24.94
222.06,0.62,137.34,0.00,0.00,0.00,221.36,0.21,40.95,224.77,0.21,45.16,233.30,0.20,26.58
225.87,0.62,140.89,0.00,0.00,0.00,225.17,0.21,41.06,230.35,0.21,46.92,234.07,0.20,27.72
230.31,0.61,140.31,0.00,0.00,0.00,229.61,0.21,40.72,226.50,0.21,44.70,224.93,0.19,23.31
230.05,0.62,142.14,0.00,0.00,0.00,229.35,0.21,40.98,226.80,0.21,45.60,226.28,0.20,24.47
230.77,0.61,141.89,0.00,0.00,0.00,230.07,0.21,41.64,232.24,0.21,46.00,226.54,0.19,24.50
225.41,0.62,139.19,0.00,0.00,0.00,224.71,0.21,41.08,231.27,0.21,46.81,224.11,0.19,24.28
227.89,0.62,141.79,0.00,0.00,0.00,227.19,0.21,41.47,228.48,0.21,46.63,230.07,0.20,26.59
225.76,0.62,139.83,0.00,0.00,0.00,225.06,0.21,41.63,222.45,0.21,44.47,230.90,0.20,26.27
222.14,0.62,137.62,0.00,0.00,0.00,221.44,0.21,40.61,227.51,0.21,45.72,226.34,0.20,26.04
225.90,0.62,139.36,0.00,0.00,0.00,225.20,0.21,40.70,226.39,0.21,44.93,230.34,0.20,25.80
225.52,0.62,139.96,0.00,0.00,0.00,224.82,0.21,41.18,225.16,0.21,46.10,230.38,0.20,26.52
231.41,0.61,141.15,0.00,0.00,0.00,230.71,0.21,40.02,225.77,0.21,44.91,226.70,0.19,24.95
227.00,0.61,138.71,0.00,0.00,0.00,226.30,0.21,40.37,223.73,0.21,44.57,228.80,0.19,25.38
227.35,0.62,140.78,0.00,0.00,0.00,226.65,0.21,41.73,221.70,0.21,44.71,230.59,0.20,26.46
227.61,0.61,138.59,0.00,0.00,0.00,226.91,0.21,40.11,222.50,0.21,44.25,226.75,0.19,24.33
234.05,0.62,145.07,0.00,0.00,0.00,233.35,0.21,41.51,224.47,0.21,45.28,231.91,0.20,26.23
230.40,0.62,142.83,0.00,0.00,0.00,229.70,0.21,41.83,226.22,0.21,44.49,233.24,0.20,26.44
231.20,0.62,144.39,0.00,0.00,0.00,230.50,0.21,41.61,226.68,0.21,45.81,231.72,0.20,26.35
225.90,0.62,140.51,0.00,0.00,0.00,225.20,0.21,41.83,226.83,0.21,45.67,228.39,0.20,26.02
223.52,0.62,138.70,0.00,0.00,0.00,222.82,0.21,41.88,226.95,0.21,46.09,228.47,0.19,25.75
222.43,0.61,136.39,0.00,0.00,0.00,221.73,0.21,40.92,226.78,0.21,45.34,225.92,0.19,24.74
231.29,0.62,144.13,0.00,0.00,0.00,230.59,0.21,41.52,226.63,0.21,45.68,229.38,0.20,26.17
223.13,0.61,137.14,0.00,0.00,0.00,222.43,0.21,40.67,230.04,0.21,46.36,229.38,0.19,25.34
223.21,0.62,138.05,0.00,0.00,0.00,222.51,0.21,40.76,223.82,0.21,44.57,226.54,0.20,25.43
228.03,0.62,140.75,0.00,0.00,0.00,227.33,0.21,40.94,225.92,0.21,44.90,226.81,0.20,24.94
229.10,0.61,140.38,0.00,0.00,0.00,228.40,0.21,39.80,225.98,0.21,44.92,223.59,0.20,23.28
227.61,0.62,141.11,0.00,0.00,0.00,226.91,0.21,40.11,225.21,0.21,44.89,228.15,0.20,26.07
234.36,0.63,146.86,0.00,0.00,0.00,233.66,0.21,40.74,229.21,0.21,46.07,232.94,0.21,26.03
227.69,0.62,141.78,0.00,0.00,0.00,226.99,0.21,40.92,223.21,0.21,44.39,230.41,0.20,26.11
231.48,0.63,145.94,0.00,0.00,0.00,230.78,0.21,41.67,227.33,0.21,46.02,232.97,0.21,26.94
230.73,0.61,141.72,0.00,0.00,0.00,230.03,0.21,41.41,231.13,0.21,47.12,223.19,0.19,22.30
226.41,0.62,141.18,0.00,0.00,0.00,225.71,0.21,41.32,230.78,0.21,47.31,233.00,0.20,26.26
225.93,0.62,140.67,0.00,0.00,0.00,225.23,0.21,41.03,229.58,0.21,46.59,230.47,0.20,26.03
232.26,0.61,141.81,0.00,0.00,0.00,231.56,0.21,40.10,231.63,0.21,47.14,229.84,0.19,24.95
226.69,0.62,141.53,0.00,0.00,0.00,225.99,0.21,41.22,227.82,0.21,46.37,229.18,0.20,26.15
230.95,0.62,144.14,0.00,0.00,0.00,230.25,0.21,41.19,225.60,0.21,44.39,232.41,0.20,26.54
228.41,0.62,141.50,0.00,0.00,0.00,227.71,0.21,40.82,228.18,0.21,45.77,232.63,0.20,25.98
232.19,0.62,144.39,0.00,0.00,0.00,231.49,0.21,41.46,229.27,0.21,46.30,227.38,0.20,25.07
227.32,0.63,142.61,0.00,0.00,0.00,226.62,0.21,41.37,223.99,0.21,45.24,233.16,0.20,26.19
229.56,0.62,141.93,0.00,0.00,0.00,228.86,0.21,40.92,227.56,0.21,46.04,228.02,0.20,25.33
225.61,0.62,139.88,0.00,0.00,0.00,224.91,0.21,41.52,220.20,0.21,44.72,262.31,0.20,28.24
225.36,0.62,138.60,0.00,0.00,0.00,224.66,0.21,40.81,225.37,0.21,45.43,226.32,0.19,24.46
223.73,0.62,138.52,0.00,0.00,0.00,223.03,0.21,41.06,227.16,0.21,45.75,233.38,0.20,26.64
231.03,0.62,142.67,0.00,0.00,0.00,230.33,0.21,40.59,227.82,0.21,46.08,230.83,0.20,25.86
233.79,0.62,144.90,0.00,0.00,0.00,233.09,0.21,41.39,229.04,0.21,46.05,230.53,0.20,25.59
231.58,0.63,144.97,0.00,0.00,0.00,230.88,0.21,41.87,232.17,0.21,47.18,231.21,0.20,26.76
225.37,0.62,140.14,0.00,0.00,0.00,224.67,0.21,42.00,228.75,0.21,46.41,232.25,0.20,26.44
226.37,0.62,140.18,0.00,0.00,0.00,225.67,0.21,41.68,224.61,0.21,45.01,230.79,0.20,26.71
233.62,0.62,144.61,0.00,0.00,0.00,232.92,0.21,41.01,227.05,0.21,46.23,233.53,0.19,26.74
232.64,0.61,142.92,0.00,0.00,0.00,231.94,0.21,40.93,229.52,0.21,46.12,228.67,0.19,25.27
233.40,0.61,143.01,0.00,0.00,0.00,232.70,0.21,41.24,228.56,0.21,46.14,232.88,0.19,25.70
226.45,0.62,140.13,0.00,0.00,0.00,225.75,0.21,41.88,224.64,0.21,44.33,226.11,0.20,24.91
230.31,0.62,143.33,0.00,0.00,0.00,229.61,0.21,41.99,228.77,0.21,46.67,233.30,0.19,26.24
229.35,0.62,141.76,0.00,0.00,0.00,228.65,0.21,41.70,228.11,0.21,45.51,234.70,0.20,27.64
224.94,0.62,138.55,0.00,0.00,0.00,224.24,0.21,41.35,224.55,0.21,44.90,228.03,0.20,24.53
225.58,0.62,139.06,0.00,0.00,0.00,224.88,0.21,40.67,226.58,0.21,45.64,234.88,0.19,26.66
235.68,0.61,144.19,0.00,0.00,0.00,234.98,0.21,41.22,224.59,0.21,44.51,228.39,0.19,24.66
225.78,0.62,140.18,0.00,0.00,0.00,225.08,0.21,41.13,228.95,0.21,46.28,231.50,0.20,26.06
231.59,0.62,142.99,0.00,0.00,0.00,230.89,0.21,41.12,227.28,0.21,45.59,234.70,0.20,27.71
232.40,0.62,144.99,0.00,0.00,0.00,231.70,0.21,41.81,230.50,0.21,46.52,229.59,0.20,26.36
233.55,0.61,142.81,0.00,0.00,0.00,232.85,0.21,40.79,228.33,0.21,45.72,228.83,0.19,25.47
225.15,0.62,138.66,0.00,0.00,0.00,224.45,0.21,41.43,225.77,0.21,45.49,229.95,0.19,26.24
232.45,0.61,142.83,0.00,0.00,0.00,231.75,0.21,41.06,222.97,0.21,44.26,234.62,0.19,26.67
228.85,0.62,141.16,0.00,0.00,0.00,228.15,0.21,41.01,228.65,0.21,46.17,227.78,0.19,25.64
228.12,0.61,138.64,0.00,0.00,0.00,227.42,0.21,40.57,222.22,0.21,43.85,225.86,0.19,24.87
222.07,0.62,137.81,0.00,0.00,0.00,221.37,0.21,41.32,226.74,0.21,45.76,228.44,0.20,26.49
227.84,0.62,140.34,0.00,0.00,0.00,227.14,0.21,41.07,225.65,0.21,45.09,225.60,0.20,24.59
232.62,0.62,144.34,0.00,0.00,0.00,231.92,0.21,41.59,225.41,0.21,45.81,230.79,0.20,26.08
224.04,0.62,138.12,0.00,0.00,0.00,223.34,0.21,40.74,248.19,0.21,48.34,232.92,0.19,26.43
228.01,0.62,142.36,0.00,0.00,0.00,227.31,0.21,41.97,230.74,0.21,47.40,232.80,0.20,28.22
223.95,0.62,139.16,0.00,0.00,0.00,223.25,0.21,40.94,226.98,0.21,45.78,233.34,0.20,26.57
232.51,0.61,141.35,0.00,0.00,0.00,231.81,0.21,40.56,227.16,0.21,44.86,226.82,0.19,23.98
223.47,0.61,136.74,0.00,0.00,0.00,222.77,0.21,41.02,224.93,0.21,45.54,229.60,0.19,24.97
230.24,0.62,141.81,0.00,0.00,0.00,229.54,0.21,41.75,230.53,0.21,46.80,229.86,0.19,25.04
224.42,0.62,138.99,0.00,0.00,0.00,223.72,0.21,42.20,230.66,0.21,46.98,229.09,0.19,24.93
229.48,0.62,141.39,0.00,0.00,0.00,228.78,0.21,41.29,232.47,0.21,47.34,228.85,0.19,24.76
225.44,0.61,138.18,0.00,0.00,0.00,224.74,0.21,40.49,226.65,0.21,45.26,225.66,0.19,24.33
227.30,0.62,140.02,0.00,0.00,0.00,226.60,0.21,41.02,229.15,0.21,45.95,230.63,0.20,27.04
225.64,0.62,140.09,0.00,0.00,0.00,224.94,0.21,41.18,228.92,0.21,46.43,229.60,0.20,26.16
230.53,0.62,142.44,0.00,0.00,0.00,229.83,0.21,41.33,230.52,0.21,45.76,228.72,0.20,25.18
227.65,0.62,140.93,0.00,0.00,0.00,226.95,0.21,41.90,225.77,0.21,45.60,232.17,0.19,26.28
228.83,0.62,141.75,0.00,0.00,0.00,228.13,0.21,41.01,226.48,0.21,45.35,227.06,0.20,25.59
228.05,0.60,137.72,0.00,0.00,0.00,227.35,0.21,40.60,283.80,0.21,48.59,252.52,0.18,23.46
223.81,0.62,138.65,0.00,0.00,0.00,223.11,0.21,41.32,222.44,0.21,44.13,230.27,0.20,25.74
227.10,0.62,140.69,0.00,0.00,0.00,226.40,0.21,41.39,231.52,0.21,46.90,230.56,0.20,26.32
231.66,0.61,141.52,0.00,0.00,0.00,230.96,0.21,41.01,233.49,0.21,47.54,229.55,0.19,24.41
231.18,0.61,140.61,0.00,0.00,0.00,230.48,0.21,41.70,226.26,0.21,45.42,227.50,0.19,24.78
223.04,0.62,138.05,0.00,0.00,0.00,222.34,0.21,41.22,228.40,0.21,46.54,231.21,0.19,25.73
229.93,0.61,141.16,0.00,0.00,0.00,229.23,0.21,40.28,226.69,0.21,45.20,225.93,0.19,25.48
220.74,0.62,136.31,0.00,0.00,0.00,220.04,0.21,41.30,236.05,0.21,48.26,228.20,0.19,25.73
228.26,0.61,140.32,0.00,0.00,0.00,227.56,0.21,40.81,224.37,0.21,44.79,225.84,0.19,25.38
230.28,0.62,142.65,0.00,0.00,0.00,229.58,0.21,42.00,228.12,0.21,46.18,234.99,0.19,26.00
223.34,0.62,139.18,0.00,0.00,0.00,222.64,0.21,41.87,226.02,0.21,45.50,232.36,0.20,26.42
226.35,0.62,141.08,0.00,0.00,0.00,225.65,0.21,42.18,225.87,0.21,45.81,231.73,0.20,26.36
226.91,0.62,139.84,0.00,0.00,0.00,226.21,0.21,42.55,227.63,0.21,46.10,228.48,0.19,24.75
285.64,0.66,189.31,0.00,0.10,0.00,284.94,0.14,16.97,230.26,0.23,46.14,226.69,0.19,24.70
228.37,0.62,141.00,0.00,0.10,0.00,0.00,0.12,0.00,252.92,0.21,45.96,253.59,0.19,25.48
228.14,0.60,136.38,0.00,0.09,0.00,0.00,0.10,0.00,230.05,0.22,47.49,229.08,0.19,24.63
226.67,0.57,129.37,0.00,0.08,0.00,0.00,0.08,0.00,231.52,0.22,47.62,232.36,0.19,25.70
227.33,0.55,124.87,0.00,0.07,0.00,0.00,0.07,0.00,228.07,0.21,46.40,228.39,0.20,26.50
225.86,0.52,117.63,0.00,0.06,0.00,0.00,0.06,0.00,228.32,0.21,46.78,225.63,0.19,24.42
227.37,0.46,103.57,0.00,0.06,0.00,0.00,0.00,0.00,227.50,0.21,45.21,224.91,0.19,23.82
231.47,0.65,149.48,215.13,0.24,47.76,0.00,0.00,0.00,229.18,0.21,46.10,226.90,0.20,25.50
227.30,0.62,140.35,226.37,0.21,44.20,0.00,0.00,0.00,226.93,0.21,46.21,228.68,0.19,25.79
227.76,0.84,190.91,230.53,0.21,45.90,227.06,0.22,44.04,222.82,0.21,44.94,232.72,0.20,26.36
229.80,0.75,171.45,223.51,0.21,43.26,229.10,0.21,44.53,0.00,0.13,0.00,231.34,0.20,26.58
227.94,0.61,139.49,221.75,0.20,42.11,227.24,0.21,43.50,0.00,0.00,0.00,225.75,0.20,25.54
222.44,0.62,138.53,230.65,0.21,45.00,221.74,0.21,42.85,0.00,0.00,0.00,229.15,0.20,25.91
231.33,0.61,141.53,222.38,0.21,43.12,230.63,0.21,41.70,0.00,0.00,0.00,230.22,0.19,24.73
227.21,0.61,139.05,223.35,0.21,42.84,226.51,0.21,40.94,0.00,0.00,0.00,233.66,0.20,26.08
227.59,0.61,139.73,242.82,0.21,42.85,226.89,0.21,41.30,0.00,0.00,0.00,230.74,0.20,25.80
229.27,0.62,142.26,232.38,0.21,45.90,228.57,0.21,42.55,0.00,0.00,0.00,232.68,0.20,26.67
222.03,0.61,136.42,221.94,0.21,42.58,221.33,0.21,42.20,0.00,0.00,0.00,231.56,0.20,26.27
229.55,0.62,141.32,227.97,0.21,41.81,228.85,0.21,42.59,0.00,0.00,0.00,226.76,0.19,25.06
228.17,0.62,140.71,227.17,0.21,44.16,227.47,0.21,42.61,0.00,0.00,0.00,231.15,0.19,25.14
227.13,0.61,139.61,223.86,0.21,43.27,226.43,0.21,42.33,0.00,0.00,0.00,228.11,0.19,24.50
229.94,0.62,141.68,225.38,0.21,43.45,229.24,0.21,42.10,0.00,0.00,0.00,227.54,0.19,24.80
227.81,0.61,137.87,225.91,0.20,42.77,227.11,0.21,42.00,0.00,0.00,0.00,227.54,0.19,23.21
225.40,0.60,135.59,224.29,0.21,42.95,224.70,0.21,41.45,0.00,0.00,0.00,221.71,0.18,21.65
230.75,0.62,142.59,228.44,0.21,44.78,230.05,0.21,42.28,0.00,0.00,0.00,232.40,0.20,26.19
229.94,0.61,141.26,217.26,0.21,41.56,229.24,0.21,41.87,0.00,0.00,0.00,227.15,0.20,24.71
230.69,0.62,142.29,220.44,0.21,42.25,229.99,0.21,42.93,0.00,0.00,0.00,234.12,0.20,26.40
232.42,0.61,142.29,225.65,0.21,43.99,231.72,0.21,42.20,0.00,0.00,0.00,222.35,0.19,22.57
225.03,0.61,137.29,226.98,0.21,43.90,224.33,0.21,42.48,0.00,0.00,0.00,224.08,0.19,24.56
229.90,0.61,140.99,227.04,0.21,43.98,229.20,0.21,41.84,0.00,0.00,0.00,221.46,0.19,23.86
226.74,0.61,138.07,220.14,0.20,41.94,226.04,0.21,41.74,0.00,0.00,0.00,224.85,0.19,24.76
226.23,0.61,137.75,223.24,0.21,42.64,225.53,0.21,41.66,0.00,0.00,0.00,225.10,0.19,25.01
223.71,0.62,138.86,228.91,0.21,44.90,223.01,0.21,41.66,0.00,0.00,0.00,230.14,0.20,26.14
226.28,0.60,136.69,222.67,0.21,42.67,225.58,0.21,41.34,0.00,0.00,0.00,231.10,0.19,24.44
229.07,0.61,138.90,224.63,0.21,44.54,228.37,0.21,41.96,0.00,0.00,0.00,230.69,0.18,24.56
232.03,0.62,143.84,224.10,0.21,43.41,231.33,0.21,42.23,0.00,0.00,0.00,229.26,0.20,25.59
225.08,0.62,139.53,228.25,0.21,44.33,224.38,0.21,42.65,0.00,0.00,0.00,231.96,0.20,24.26
235.64,0.60,141.78,220.19,0.21,42.59,234.94,0.21,42.46,0.00,0.00,0.00,224.26,0.18,22.19
228.63,0.62,140.76,217.16,0.21,41.63,227.93,0.21,42.60,0.00,0.00,0.00,223.73,0.19,25.19
223.24,0.62,137.40,221.15,0.20,41.95,222.54,0.21,42.40,0.00,0.00,0.00,234.30,0.20,26.48
228.35,0.61,140.31,227.62,0.21,44.21,227.65,0.21,42.13,0.00,0.00,0.00,225.60,0.19,24.18
230.08,0.62,141.55,228.74,0.21,44.83,229.38,0.21,42.53,0.00,0.00,0.00,227.52,0.19,24.83
280.33,0.61,172.14,208.40,0.21,38.50,279.63,0.21,42.19,0.00,0.00,0.00,225.36,0.19,24.93
239.84,0.61,146.74,249.44,0.20,43.41,239.14,0.21,42.42,0.00,0.00,0.00,233.58,0.19,26.76
225.40,0.61,138.59,226.90,0.21,43.96,224.70,0.21,42.60,0.00,0.00,0.00,230.33,0.19,25.82
230.18,0.62,142.16,227.13,0.21,44.41,229.48,0.21,42.72,0.00,0.00,0.00,231.92,0.19,26.02
228.72,0.61,139.01,229.49,0.21,44.98,228.02,0.21,41.93,0.00,0.00,0.00,227.85,0.19,23.08
234.13,0.62,144.67,233.05,0.21,45.53,233.43,0.21,42.89,0.00,0.00,0.00,230.65,0.19,25.46
221.94,0.61,135.00,224.11,0.21,43.23,221.24,0.21,42.56,0.00,0.00,0.00,227.37,0.19,24.42
224.63,0.61,137.51,223.76,0.21,43.19,223.93,0.21,42.53,0.00,0.00,0.00,226.03,0.19,23.94
229.06,0.61,140.55,225.31,0.21,43.63,228.36,0.22,43.45,0.00,0.00,0.00,226.29,0.19,25.56
222.91,0.62,137.89,225.97,0.21,44.12,222.21,0.21,42.90,0.00,0.00,0.00,231.67,0.20,26.29
227.40,0.62,140.83,219.82,0.21,42.92,226.70,0.21,42.23,0.00,0.00,0.00,227.03,0.20,24.88
228.58,0.62,141.99,218.60,0.21,42.36,227.88,0.21,41.95,0.00,0.00,0.00,226.07,0.20,25.94
225.68,0.61,137.46,222.81,0.21,42.65,224.98,0.21,41.79,0.00,0.00,0.00,230.16,0.19,25.47
255.39,0.61,156.48,259.90,0.21,45.26,254.69,0.21,42.00,0.00,0.00,0.00,224.42,0.19,23.83
242.60,0.60,146.14,232.12,0.21,42.05,241.90,0.21,42.07,0.00,0.00,0.00,226.99,0.18,22.96
229.20,0.61,140.87,223.89,0.21,42.78,228.50,0.21,41.82,0.00,0.00,0.00,230.72,0.20,25.80
230.86,0.62,143.24,230.54,0.21,45.02,230.16,0.21,42.72,0.00,0.00,0.00,230.75,0.20,26.20
223.37,0.60,134.72,230.91,0.21,45.19,222.67,0.21,42.36,0.00,0.00,0.00,222.42,0.18,23.48
220.20,0.62,135.45,223.07,0.21,43.03,219.50,0.21,41.91,0.00,0.00,0.00,230.01,0.20,24.81
232.03,0.62,143.04,227.08,0.21,44.68,231.33,0.21,42.28,0.00,0.00,0.00,226.09,0.19,25.25
228.25,0.62,141.47,227.88,0.21,44.24,227.55,0.21,42.11,0.00,0.00,0.00,230.71,0.20,25.74
222.57,0.61,136.41,222.59,0.20,42.13,221.87,0.21,42.03,0.00,0.00,0.00,229.43,0.20,26.45
228.32,0.62,141.23,229.25,0.21,44.51,227.62,0.21,41.68,0.00,0.00,0.00,234.90,0.20,27.38
233.81,0.61,143.11,226.69,0.21,44.18,233.11,0.21,41.78,0.00,0.00,0.00,226.44,0.19,24.77
231.41,0.63,145.44,227.02,0.21,44.29,230.71,0.21,42.16,0.00,0.00,0.00,225.11,0.21,25.94
226.93,0.62,141.00,229.16,0.21,44.44,226.23,0.21,42.17,0.00,0.00,0.00,224.38,0.20,25.42
253.49,0.60,151.34,217.90,0.21,35.34,252.79,0.21,42.70,0.00,0.00,0.00,222.49,0.18,23.18
229.41,0.61,140.58,239.03,0.21,42.57,228.71,0.21,40.66,0.00,0.00,0.00,225.15,0.19,25.19
228.12,0.62,140.37,227.58,0.21,44.34,227.42,0.21,42.07,0.00,0.00,0.00,222.03,0.19,24.29
226.44,0.60,136.46,226.45,0.21,44.11,225.74,0.21,41.73,0.00,0.00,0.00,227.05,0.18,24.21
229.48,0.61,139.21,230.17,0.21,44.41,228.78,0.21,41.65,0.00,0.00,0.00,220.61,0.19,21.75
227.71,0.61,139.62,218.38,0.21,42.03,227.01,0.21,41.28,0.00,0.00,0.00,234.98,0.20,26.67
229.74,0.61,140.71,225.24,0.21,43.64,229.04,0.21,42.03,0.00,0.00,0.00,228.76,0.19,25.24
225.79,0.61,137.61,229.00,0.21,43.94,225.09,0.21,41.89,0.00,0.00,0.00,226.28,0.19,24.32
226.80,0.61,138.55,226.16,0.20,43.06,226.10,0.21,42.08,0.00,0.00,0.00,226.00,0.19,24.71
228.62,0.62,141.23,222.28,0.21,42.27,227.92,0.21,41.25,0.00,0.00,0.00,221.40,0.20,24.24
225.91,0.61,137.30,220.74,0.20,41.70,225.21,0.21,40.44,0.00,0.00,0.00,227.24,0.20,24.89
223.98,0.61,137.30,224.14,0.20,42.64,223.28,0.21,41.25,0.00,0.00,0.00,228.72,0.20,26.84
228.66,0.61,138.55,225.54,0.21,43.72,227.96,0.21,41.74,0.00,0.00,0.00,228.79,0.19,24.57
223.05,0.62,137.75,225.74,0.21,43.88,222.35,0.21,41.95,0.00,0.00,0.00,223.83,0.20,25.44
255.55,0.61,155.91,239.52,0.21,43.51,254.85,0.21,41.75,0.00,0.00,0.00,226.91,0.19,25.32
222.93,0.60,134.40,227.04,0.21,44.24,222.23,0.21,41.53,0.00,0.00,0.00,223.53,0.18,22.61
221.50,0.61,135.82,228.88,0.21,44.26,220.80,0.21,42.13,0.00,0.00,0.00,222.68,0.19,25.10
225.98,0.61,137.32,227.65,0.21,43.66,225.28,0.21,42.28,0.00,0.00,0.00,230.09,0.19,23.37
226.64,0.60,136.84,219.67,0.20,40.34,225.94,0.21,41.49,0.00,0.00,0.00,229.92,0.20,25.76
226.55,0.62,140.67,225.22,0.21,43.39,225.85,0.21,41.32,0.00,0.00,0.00,223.48,0.21,25.78
222.86,0.61,135.50,226.59,0.21,43.64,222.16,0.21,41.50,0.00,0.00,0.00,227.06,0.19,25.57
224.33,0.61,137.73,227.70,0.21,44.00,223.63,0.21,41.27,0.00,0.00,0.00,225.35,0.20,25.61
224.75,0.61,137.91,225.32,0.21,43.82,224.05,0.21,41.40,0.00,0.00,0.00,229.45,0.20,25.60
230.95,0.61,141.27,224.08,0.20,42.53,230.25,0.21,41.46,0.00,0.00,0.00,230.90,0.20,26.47
226.38,0.62,140.14,229.08,0.21,44.90,225.68,0.21,41.82,0.00,0.00,0.00,232.10,0.20,27.54
220.76,0.61,134.76,225.64,0.21,43.57,220.06,0.21,41.37,0.00,0.00,0.00,231.22,0.19,26.77
230.80,0.62,142.31,224.18,0.21,43.60,230.10,0.21,41.85,0.00,0.00,0.00,221.44,0.20,22.41
269.33,0.61,165.36,217.90,0.20,40.40,268.63,0.21,41.39,0.00,0.00,0.00,224.92,0.20,26.52
222.56,0.61,135.57,225.06,0.21,43.12,221.86,0.21,41.71,0.00,0.00,0.00,224.04,0.19,25.96
224.45,0.61,137.21,223.19,0.20,42.55,223.75,0.21,41.57,0.00,0.00,0.00,231.59,0.20,26.90
231.83,0.61,141.92,227.36,0.21,44.07,231.13,0.21,41.79,0.00,0.00,0.00,228.22,0.20,25.55
224.90,0.61,137.15,221.85,0.21,42.54,224.20,0.21,40.98,0.00,0.00,0.00,224.53,0.20,25.15
223.18,0.61,135.92,223.74,0.21,42.72,222.48,0.21,41.19,0.00,0.00,0.00,224.67,0.19,23.86
225.67,0.62,139.66,228.25,0.21,44.65,224.97,0.21,41.74,0.00,0.00,0.00,226.52,0.20,25.64
221.90,0.61,136.15,226.28,0.21,43.86,221.20,0.21,41.78,0.00,0.00,0.00,224.36,0.20,25.44
230.33,0.60,138.34,229.26,0.20,43.97,229.63,0.21,42.33,0.00,0.00,0.00,220.06,0.18,23.31
223.88,0.61,136.44,224.15,0.21,43.37,223.18,0.21,41.65,0.00,0.00,0.00,230.97,0.19,26.36
225.98,0.62,139.70,228.20,0.21,44.64,225.28,0.21,42.40,0.00,0.00,0.00,235.44,0.20,26.23
226.72,0.60,136.59,227.12,0.21,44.01,226.02,0.21,42.18,0.00,0.00,0.00,225.53,0.18,23.61
230.67,0.61,140.10,222.85,0.21,42.95,229.97,0.21,41.92,0.00,0.00,0.00,228.10,0.19,24.37
222.47,0.61,135.28,220.71,0.20,42.27,221.77,0.21,41.17,0.00,0.00,0.00,224.56,0.19,24.76
219.36,0.62,136.22,233.01,0.21,45.92,218.66,0.21,42.17,0.00,0.00,0.00,227.58,0.20,25.02
225.06,0.61,137.38,230.12,0.21,44.51,224.36,0.21,41.61,0.00,0.00,0.00,225.32,0.19,24.45
230.61,0.61,139.80,227.07,0.21,44.23,229.91,0.21,41.47,0.00,0.00,0.00,226.63,0.19,24.27
226.96,0.61,138.77,225.55,0.21,43.65,226.26,0.21,42.02,0.00,0.00,0.00,229.97,0.19,25.07
234.34,0.61,142.78,231.61,0.21,45.34,233.64,0.21,42.55,0.00,0.00,0.00,227.70,0.19,24.98
241.88,0.62,150.01,219.49,0.21,43.09,241.18,0.21,42.07,0.00,0.00,0.00,229.60,0.20,26.98
226.21,0.62,139.39,224.92,0.21,43.72,225.51,0.21,42.88,0.00,0.00,0.00,230.00,0.19,25.28
226.81,0.62,140.13,230.02,0.21,44.93,226.11,0.21,42.61,0.00,0.00,0.00,229.79,0.20,25.47
228.61,0.61,139.36,226.48,0.21,43.95,227.91,0.21,42.15,0.00,0.00,0.00,227.71,0.19,24.76
227.78,0.61,140.07,220.85,0.21,42.97,227.08,0.21,41.93,0.00,0.00,0.00,233.89,0.20,26.76
225.41,0.61,137.97,227.42,0.21,43.89,224.71,0.21,41.98,0.00,0.00,0.00,226.37,0.19,25.16
224.30,0.61,136.82,261.13,0.21,45.70,223.60,0.21,41.07,0.00,0.00,0.00,234.22,0.19,26.47
228.73,0.61,140.45,223.95,0.21,42.90,228.03,0.21,42.24,0.00,0.00,0.00,230.78,0.20,26.28
227.41,0.61,139.09,222.82,0.21,42.67,226.71,0.21,41.16,0.00,0.00,0.00,230.43,0.20,25.76
228.29,0.60,136.46,222.90,0.20,42.51,227.59,0.21,41.43,0.00,0.00,0.00,225.42,0.18,23.90
228.63,0.62,141.71,222.92,0.21,43.35,227.93,0.21,41.88,0.00,0.00,0.00,230.78,0.20,26.39
228.83,0.61,140.20,227.43,0.21,45.06,228.13,0.21,42.09,0.00,0.00,0.00,230.42,0.19,24.75
229.46,0.61,140.08,222.14,0.21,42.86,228.76,0.21,41.75,0.00,0.00,0.00,225.30,0.19,25.48
225.05,0.62,139.12,233.51,0.21,45.91,224.35,0.21,42.29,0.00,0.00,0.00,233.28,0.20,25.82
227.75,0.62,140.98,231.85,0.21,45.66,227.05,0.21,42.25,0.00,0.00,0.00,231.23,0.20,24.98
222.95,0.62,137.30,228.61,0.21,44.11,222.25,0.21,42.54,0.00,0.00,0.00,229.57,0.20,26.06
221.85,0.61,135.67,223.32,0.21,43.02,221.15,0.21,41.57,0.00,0.00,0.00,222.86,0.19,25.15
230.19,0.61,141.56,228.62,0.21,44.10,229.49,0.21,41.88,0.00,0.00,0.00,229.30,0.20,25.80
226.91,0.60,137.18,224.28,0.20,43.02,226.21,0.21,40.76,0.00,0.00,0.00,244.73,0.19,25.18
219.75,0.61,134.38,232.17,0.21,44.44,219.05,0.21,41.02,0.00,0.00,0.00,219.45,0.19,24.14
225.99,0.62,139.08,229.03,0.21,44.04,225.29,0.21,41.68,0.00,0.00,0.00,230.39,0.20,25.55
225.20,0.62,139.61,255.20,0.21,47.73,224.50,0.21,41.44,0.00,0.00,0.00,225.89,0.20,26.51
222.78,0.60,132.79,220.66,0.20,42.15,222.08,0.21,40.88,0.00,0.00,0.00,248.08,0.18,27.29
224.34,0.62,138.56,224.35,0.21,42.97,223.64,0.21,41.29,0.00,0.00,0.00,226.11,0.20,23.60
226.33,0.61,137.33,226.26,0.20,42.35,225.63,0.21,40.88,0.00,0.00,0.00,224.67,0.19,24.89
227.73,0.62,141.75,231.10,0.21,44.99,227.03,0.21,42.06,0.00,0.00,0.00,231.75,0.20,26.61
223.74,0.62,138.13,226.84,0.21,43.86,223.04,0.21,42.45,0.00,0.00,0.00,242.44,0.20,26.71
226.20,0.62,139.59,233.62,0.21,44.94,225.50,0.21,42.49,0.00,0.00,0.00,231.71,0.20,26.85
225.26,0.61,137.69,229.03,0.21,44.36,224.56,0.21,41.61,0.00,0.00,0.00,227.31,0.19,24.95
229.79,0.62,141.73,229.78,0.21,45.39,229.09,0.21,41.17,0.00,0.00,0.00,232.56,0.19,25.62
228.53,0.61,139.92,232.06,0.21,45.42,227.83,0.21,42.18,0.00,0.00,0.00,229.12,0.19,24.05
226.84,0.61,139.07,225.78,0.20,43.26,226.14,0.21,41.96,0.00,0.00,0.00,219.63,0.20,23.73
285.72,0.62,175.96,263.08,0.20,40.36,285.02,0.21,42.58,0.00,0.00,0.00,225.97,0.20,26.54
222.45,0.61,136.48,227.91,0.21,44.40,221.75,0.21,42.05,0.00,0.00,0.00,228.34,0.19,24.35
229.60,0.61,139.90,224.96,0.20,42.54,228.90,0.21,41.97,0.00,0.00,0.00,232.25,0.19,25.78
223.33,0.61,135.81,220.42,0.20,42.19,222.63,0.21,41.63,0.00,0.00,0.00,227.12,0.19,25.39
228.93,0.62,141.93,223.52,0.21,43.61,228.23,0.21,41.81,0.00,0.00,0.00,227.50,0.20,25.00
227.47,0.61,138.58,222.03,0.20,42.23,226.77,0.21,41.64,0.00,0.00,0.00,232.12,0.19,24.23
224.55,0.62,138.93,229.13,0.21,44.11,223.85,0.21,41.87,0.00,0.00,0.00,232.94,0.20,27.14
229.54,0.61,139.16,221.36,0.21,42.28,228.84,0.21,40.72,0.00,0.00,0.00,224.40,0.19,23.79
226.94,0.61,139.09,220.91,0.20,42.05,226.24,0.21,41.69,0.00,0.00,0.00,234.92,0.20,26.64
230.74,0.61,140.11,224.03,0.21,43.55,230.04,0.21,41.22,0.00,0.00,0.00,228.68,0.19,24.85
234.21,0.62,145.27,230.82,0.21,45.49,233.51,0.22,43.18,0.00,0.00,0.00,227.09,0.19,24.28
224.04,0.61,137.29,225.58,0.21,43.51,223.34,0.21,41.75,0.00,0.00,0.00,227.57,0.19,25.23
230.01,0.61,139.84,227.17,0.21,43.87,229.31,0.21,41.64,0.00,0.00,0.00,225.07,0.19,23.69
281.55,0.61,172.01,238.67,0.20,41.61,280.85,0.21,42.10,0.00,0.00,0.00,231.08,0.19,26.00
225.49,0.61,137.55,221.61,0.21,42.90,224.79,0.21,41.56,0.00,0.00,0.00,231.03,0.19,26.22
226.96,0.60,137.13,224.59,0.20,42.58,226.26,0.21,41.60,0.00,0.00,0.00,225.20,0.19,24.36
226.20,0.61,137.33,227.32,0.21,43.49,225.50,0.21,41.42,0.00,0.00,0.00,230.36,0.19,25.64
224.14,0.61,137.51,221.96,0.21,42.49,223.44,0.21,42.03,0.00,0.00,0.00,230.38,0.20,25.44
227.99,0.61,138.41,220.69,0.21,43.00,227.29,0.21,41.28,0.00,0.00,0.00,223.68,0.19,24.81
229.40,0.62,142.27,225.81,0.21,43.45,228.70,0.21,41.22,0.00,0.00,0.00,231.24,0.20,26.21
228.18,0.59,135.04,218.10,0.21,42.21,227.48,0.21,41.33,0.00,0.00,0.00,225.04,0.18,21.39
225.05,0.62,139.50,228.70,0.21,44.15,224.35,0.21,41.93,0.00,0.00,0.00,229.95,0.20,25.66
221.86,0.60,133.79,220.33,0.21,42.28,221.16,0.21,41.47,0.00,0.00,0.00,223.34,0.19,22.71
222.29,0.62,137.28,224.78,0.21,43.71,221.59,0.21,41.75,0.00,0.00,0.00,227.09,0.20,24.99
228.05,0.61,139.83,223.57,0.21,43.30,227.35,0.21,41.83,0.00,0.00,0.00,222.96,0.20,23.89
222.28,0.61,136.26,274.88,0.21,50.64,221.58,0.21,40.10,0.00,0.00,0.00,228.91,0.20,25.55
237.05,0.61,145.72,222.11,0.20,42.26,236.35,0.21,40.68,0.00,0.00,0.00,230.77,0.20,27.68
223.29,0.61,135.86,227.15,0.21,43.99,222.59,0.21,41.12,0.00,0.00,0.00,221.00,0.19,24.28
227.58,0.61,138.53,228.91,0.20,43.48,226.88,0.21,41.18,0.00,0.00,0.00,220.43,0.20,23.65
225.58,0.62,140.49,225.07,0.21,43.52,224.88,0.21,41.50,0.00,0.00,0.00,223.26,0.21,26.43
228.84,0.61,140.18,215.34,0.21,41.48,228.14,0.21,41.92,0.00,0.00,0.00,232.47,0.19,25.90
230.48,0.62,142.23,225.86,0.21,43.82,229.78,0.21,41.91,0.00,0.00,0.00,231.00,0.20,26.39
223.91,0.62,137.93,226.78,0.21,44.20,223.21,0.21,42.09,0.00,0.00,0.00,229.10,0.20,25.40
226.55,0.61,138.72,226.65,0.21,43.78,225.85,0.21,41.90,0.00,0.00,0.00,231.44,0.19,24.99
228.26,0.61,140.21,218.85,0.21,42.58,227.56,0.21,42.18,0.00,0.00,0.00,224.82,0.19,23.84
223.63,0.61,136.59,227.01,0.21,43.91,222.94,0.21,41.83,0.00,0.00,0.00,224.53,0.19,23.73
224.34,0.61,137.48,220.59,0.20,42.07,223.64,0.21,41.59,0.00,0.00,0.00,225.02,0.20,24.45
229.47,0.61,139.77,222.22,0.20,42.34,228.77,0.21,40.66,0.00,0.00,0.00,226.62,0.20,24.45
226.73,0.61,137.46,228.80,0.20,43.50,226.03,0.21,40.92,0.00,0.00,0.00,230.05,0.19,24.31
224.78,0.62,140.02,227.06,0.21,44.65,224.08,0.21,41.68,0.00,0.00,0.00,226.74,0.20,26.14
225.99,0.61,137.77,222.95,0.21,42.79,225.29,0.21,40.37,0.00,0.00,0.00,224.64,0.20,25.01
224.91,0.61,136.33,229.53,0.21,44.99,224.21,0.21,42.24,0.00,0.00,0.00,229.01,0.18,23.71
227.63,0.62,140.39,225.86,0.21,44.10,226.93,0.21,41.44,0.00,0.00,0.00,232.39,0.20,26.90
225.42,0.62,139.65,227.61,0.21,44.41,224.72,0.21,42.67,0.00,0.00,0.00,233.60,0.20,26.93
231.20,0.62,143.96,222.35,0.21,43.47,230.50,0.21,41.70,0.00,0.00,0.00,227.93,0.20,25.83
228.23,0.61,138.38,229.07,0.21,41.10,227.53,0.21,41.87,0.00,0.00,0.00,231.90,0.19,23.98
222.85,0.61,136.33,221.93,0.21,42.49,222.15,0.21,41.35,0.00,0.00,0.00,249.48,0.20,26.44
220.44,0.61,134.73,221.60,0.21,42.31,219.74,0.21,41.29,0.00,0.00,0.00,238.35,0.20,26.99
223.38,0.61,135.81,226.15,0.21,43.40,222.68,0.21,42.17,0.00,0.00,0.00,228.36,0.19,24.88
230.07,0.61,140.10,219.48,0.20,41.96,229.37,0.21,41.69,0.00,0.00,0.00,228.70,0.19,26.04
226.89,0.61,139.12,220.41,0.21,42.35,226.19,0.21,40.55,0.00,0.00,0.00,229.01,0.20,25.95
229.01,0.61,139.68,247.63,0.20,42.10,228.31,0.21,41.07,0.00,0.00,0.00,230.11,0.19,25.25
229.68,0.61,139.42,223.18,0.21,43.81,228.98,0.21,40.56,0.00,0.00,0.00,227.34,0.19,24.50
225.05,0.61,138.10,224.11,0.21,43.18,224.35,0.21,41.70,0.00,0.00,0.00,227.26,0.20,25.49
224.12,0.61,137.69,221.21,0.21,42.48,223.42,0.21,42.24,0.00,0.00,0.00,225.15,0.20,24.73
222.82,0.62,139.07,231.03,0.21,45.45,222.12,0.21,42.16,0.00,0.00,0.00,223.42,0.20,23.72
223.41,0.62,138.88,231.35,0.21,45.34,222.71,0.21,41.91,0.00,0.00,0.00,225.44,0.20,25.06
235.89,0.60,141.22,229.54,0.20,44.25,235.19,0.21,42.32,0.00,0.00,0.00,228.26,0.18,23.79
228.59,0.62,141.39,223.22,0.21,43.05,227.89,0.21,41.94,0.00,0.00,0.00,224.96,0.20,24.01
224.94,0.61,137.92,227.22,0.21,43.92,224.24,0.21,42.35,0.00,0.00,0.00,231.34,0.19,26.37
225.08,0.62,139.25,229.32,0.21,44.69,224.38,0.21,42.32,0.00,0.00,0.00,233.76,0.20,26.93
224.31,0.60,134.66,225.65,0.20,43.07,223.61,0.21,41.33,0.00,0.00,0.00,226.93,0.19,23.64
222.93,0.59,132.13,226.74,0.21,43.54,222.23,0.21,41.61,0.00,0.00,0.00,221.19,0.18,22.24
270.99,0.61,165.70,248.05,0.21,45.08,270.29,0.21,40.58,0.00,0.00,0.00,229.20,0.19,25.00
226.18,0.62,139.11,227.30,0.21,44.36,225.48,0.21,42.11,0.00,0.00,0.00,228.81,0.20,25.75
226.07,0.62,139.52,227.74,0.21,44.47,225.37,0.21,41.67,0.00,0.00,0.00,226.13,0.20,27.15
225.86,0.61,138.45,223.30,0.21,43.17,225.16,0.21,41.60,0.00,0.00,0.00,230.96,0.20,26.60
230.12,0.61,140.26,223.35,0.21,43.09,229.42,0.21,41.88,0.00,0.00,0.00,226.41,0.19,25.08
227.29,0.61,138.25,223.36,0.21,43.53,226.59,0.21,42.13,0.00,0.00,0.00,226.12,0.19,24.57
225.04,0.61,138.08,225.43,0.21,43.77,224.34,0.21,42.02,0.00,0.00,0.00,227.27,0.19,25.70
227.49,0.62,140.15,228.80,0.21,43.88,226.79,0.21,42.31,0.00,0.00,0.00,225.50,0.20,23.92
228.78,0.62,140.81,224.86,0.21,43.04,228.08,0.21,42.19,0.00,0.00,0.00,227.39,0.20,25.99
227.38,0.61,137.92,226.52,0.21,44.50,226.68,0.21,41.49,0.00,0.00,0.00,226.97,0.19,23.66
228.85,0.61,138.54,221.96,0.21,42.53,228.15,0.21,41.20,0.00,0.00,0.00,226.99,0.19,26.31
240.23,0.61,147.26,228.06,0.21,44.58,239.53,0.21,42.22,0.00,0.00,0.00,230.29,0.19,24.95
229.09,0.62,141.81,229.55,0.21,45.64,228.39,0.21,42.17,0.00,0.00,0.00,229.20,0.19,25.14
228.75,0.62,141.15,222.44,0.21,42.62,228.05,0.21,41.57,0.00,0.00,0.00,227.76,0.20,25.03
227.59,0.61,139.63,226.50,0.21,43.91,226.89,0.21,41.55,0.00,0.00,0.00,226.62,0.19,25.48
232.16,0.60,140.28,225.13,0.21,43.99,231.46,0.21,41.38,0.00,0.00,0.00,225.50,0.19,23.96
228.75,0.61,140.47,222.42,0.21,42.60,228.05,0.21,41.79,0.00,0.00,0.00,228.15,0.20,25.03
227.60,0.62,140.30,226.52,0.21,44.42,226.90,0.21,41.66,0.00,0.00,0.00,228.13,0.20,25.54
235.59,0.63,148.34,222.87,0.21,44.01,234.89,0.21,42.49,0.00,0.00,0.00,226.54,0.21,26.47
244.29,0.61,147.85,232.63,0.21,44.62,243.59,0.21,42.54,0.00,0.00,0.00,224.74,0.18,21.89
225.43,0.61,137.94,222.33,0.21,42.71,224.73,0.21,41.49,0.00,0.00,0.00,222.82,0.20,24.75
237.51,0.61,146.01,250.73,0.21,46.38,236.81,0.21,41.36,0.00,0.00,0.00,226.10,0.20,24.32
226.33,0.61,137.86,225.52,0.21,42.84,225.63,0.21,41.40,0.00,0.00,0.00,231.17,0.19,25.60
253.71,0.61,154.50,229.21,0.21,44.46,253.01,0.21,42.76,0.00,0.00,0.00,227.20,0.19,23.98
230.28,0.61,141.41,227.25,0.20,42.68,229.58,0.21,42.45,0.00,0.00,0.00,226.06,0.20,25.68
225.03,0.61,137.44,223.76,0.21,42.55,224.33,0.21,41.39,0.00,0.00,0.00,231.08,0.20,25.00
225.53,0.61,136.86,220.22,0.21,42.22,224.83,0.21,41.13,0.00,0.00,0.00,227.96,0.19,25.94
226.03,0.61,137.70,226.30,0.21,42.66,225.33,0.21,41.10,0.00,0.00,0.00,230.34,0.19,26.14
233.06,0.61,142.87,226.95,0.21,43.91,232.36,0.21,41.20,0.00,0.00,0.00,234.10,0.20,26.26
232.78,0.61,141.04,234.06,0.21,45.76,232.08,0.21,41.65,0.00,0.00,0.00,224.76,0.19,24.80
222.06,0.61,134.92,222.71,0.20,42.42,221.36,0.21,41.53,0.00,0.00,0.00,223.23,0.19,23.93
229.39,0.62,141.44,221.83,0.21,43.14,228.69,0.21,42.02,0.00,0.00,0.00,230.13,0.20,25.55
224.09,0.61,136.59,224.77,0.21,42.93,223.39,0.21,41.66,0.00,0.00,0.00,231.31,0.19,24.37
226.56,0.62,139.41,230.38,0.21,43.58,225.86,0.21,41.62,0.00,0.00,0.00,232.15,0.20,26.49
227.91,0.61,139.74,231.31,0.21,45.35,227.21,0.21,41.20,0.00,0.00,0.00,228.88,0.19,24.87
228.94,0.62,140.98,224.03,0.21,43.84,228.24,0.21,42.12,0.00,0.00,0.00,226.94,0.19,24.80
227.63,0.61,138.87,223.60,0.21,43.72,226.93,0.21,42.33,0.00,0.00,0.00,227.07,0.19,24.50
228.74,0.61,138.58,232.05,0.21,45.36,228.04,0.21,42.23,0.00,0.00,0.00,222.00,0.18,22.32
226.40,0.61,137.64,223.74,0.21,42.87,225.70,0.21,41.63,0.00,0.00,0.00,228.71,0.19,25.11
231.13,0.61,141.92,226.32,0.21,43.93,230.43,0.21,41.96,0.00,0.00,0.00,229.32,0.19,25.40
243.62,0.62,149.91,225.37,0.21,43.64,242.92,0.21,42.38,0.00,0.00,0.00,228.20,0.19,25.35
226.28,0.61,138.02,228.59,0.21,44.49,225.58,0.21,42.08,0.00,0.00,0.00,227.35,0.19,23.56
227.42,0.61,138.06,225.15,0.21,43.35,226.72,0.21,40.99,0.00,0.00,0.00,228.83,0.19,23.84
225.23,0.61,136.41,222.90,0.21,42.77,224.53,0.21,41.46,0.00,0.00,0.00,227.67,0.19,23.76
225.22,0.61,137.67,222.51,0.21,42.45,224.52,0.21,41.89,0.00,0.00,0.00,229.69,0.19,25.04
228.78,0.61,140.01,224.64,0.21,43.91,228.08,0.21,42.43,0.00,0.00,0.00,229.06,0.19,24.24
225.70,0.61,137.79,219.37,0.20,41.65,225.00,0.21,42.51,0.00,0.00,0.00,229.46,0.19,25.08
227.97,0.61,139.32,221.74,0.21,44.10,227.27,0.21,42.36,0.00,0.00,0.00,229.02,0.19,25.15
225.92,0.60,136.56,227.59,0.21,44.42,225.22,0.21,42.57,0.00,0.00,0.00,226.08,0.18,22.36
222.75,0.61,136.14,226.36,0.21,43.99,222.05,0.21,42.76,0.00,0.00,0.00,225.19,0.19,24.18
227.60,0.61,138.81,225.41,0.21,44.38,226.90,0.21,42.32,0.00,0.00,0.00,227.79,0.19,24.16
223.16,0.62,138.32,222.33,0.21,42.98,222.46,0.21,41.84,0.00,0.00,0.00,225.44,0.20,24.84
224.24,0.62,137.98,222.92,0.21,42.83,223.54,0.21,42.09,0.00,0.00,0.00,230.59,0.20,27.30
223.71,0.61,136.71,222.78,0.21,43.04,223.01,0.21,42.22,0.00,0.00,0.00,225.70,0.19,24.67
226.97,0.62,140.02,230.49,0.21,45.48,226.27,0.21,42.23,0.00,0.00,0.00,225.37,0.19,25.23
224.61,0.61,137.69,224.59,0.21,43.13,223.91,0.21,42.87,0.00,0.00,0.00,230.81,0.19,24.86
222.25,0.61,136.09,227.26,0.21,44.23,221.55,0.21,42.53,0.00,0.00,0.00,223.84,0.19,24.18
221.62,0.61,136.24,232.01,0.21,45.81,220.92,0.21,42.13,0.00,0.00,0.00,223.48,0.19,24.06
228.02,0.61,140.05,223.69,0.21,43.27,227.32,0.21,41.42,0.00,0.00,0.00,226.22,0.20,24.80
223.21,0.61,136.70,223.46,0.21,42.99,222.51,0.21,41.80,0.00,0.00,0.00,229.09,0.19,26.42
227.90,0.61,139.51,227.49,0.21,43.73,227.20,0.21,41.69,0.00,0.00,0.00,230.35,0.19,25.55
219.86,0.61,134.28,222.97,0.21,42.84,219.16,0.21,41.67,0.00,0.00,0.00,230.16,0.19,25.73
231.75,0.61,141.73,221.22,0.21,43.28,231.05,0.21,41.80,0.00,0.00,0.00,223.41,0.19,25.37
231.18,0.61,140.07,221.88,0.20,42.31,230.48,0.21,41.20,0.00,0.00,0.00,226.30,0.19,25.02
222.52,0.62,136.96,249.11,0.21,41.33,221.82,0.21,42.48,0.00,0.00,0.00,230.43,0.20,26.34
228.48,0.60,137.50,219.57,0.20,41.93,227.78,0.21,41.30,0.00,0.00,0.00,226.88,0.19,23.38
225.29,0.61,137.81,228.53,0.21,44.13,224.59,0.21,41.94,0.00,0.00,0.00,227.07,0.19,24.86
231.78,0.62,142.89,229.12,0.21,44.93,231.08,0.21,42.18,0.00,0.00,0.00,231.31,0.19,24.90
227.99,0.62,140.73,226.81,0.21,44.02,227.29,0.21,41.69,0.00,0.00,0.00,226.49,0.20,25.73
225.86,0.61,138.27,221.11,0.21,42.69,225.16,0.21,41.80,0.00,0.00,0.00,227.49,0.19,25.12
228.47,0.61,138.94,221.23,0.21,42.51,227.77,0.21,41.70,0.00,0.00,0.00,223.17,0.19,24.85
227.01,0.62,140.59,230.07,0.21,45.21,226.31,0.21,42.33,0.00,0.00,0.00,228.32,0.20,25.56
228.64,0.61,139.75,221.98,0.21,42.81,227.94,0.21,41.37,0.00,0.00,0.00,227.66,0.19,25.11
229.79,0.61,139.46,221.68,0.21,43.49,229.09,0.21,42.71,0.00,0.00,0.00,229.72,0.18,24.99
228.33,0.61,139.07,223.22,0.21,42.88,227.63,0.21,42.43,0.00,0.00,0.00,229.64,0.19,25.36
229.83,0.61,140.01,225.02,0.20,43.17,229.13,0.21,42.29,0.00,0.00,0.00,228.56,0.19,25.21
225.38,0.61,138.01,232.20,0.21,45.68,224.68,0.21,42.28,0.00,0.00,0.00,252.54,0.19,27.81
224.51,0.62,138.93,227.59,0.21,44.71,223.81,0.21,42.41,0.00,0.00,0.00,228.84,0.20,25.47
228.82,0.61,139.66,229.09,0.21,44.63,228.12,0.21,42.47,0.00,0.00,0.00,233.14,0.19,23.68
227.17,0.61,138.82,223.81,0.21,43.04,226.47,0.21,42.21,0.00,0.00,0.00,225.22,0.19,23.53
228.17,0.62,140.80,220.26,0.21,42.56,227.47,0.21,42.38,0.00,0.00,0.00,232.45,0.20,27.85
232.73,0.61,142.11,232.63,0.21,45.52,232.03,0.21,42.29,0.00,0.00,0.00,225.24,0.19,24.07
228.99,0.61,139.68,230.43,0.21,44.38,228.29,0.21,42.02,0.00,0.00,0.00,225.28,0.19,24.62
228.82,0.61,138.77,225.45,0.21,43.14,228.12,0.21,41.31,0.00,0.00,0.00,227.07,0.19,24.74
228.59,0.61,138.86,225.79,0.21,43.15,227.89,0.21,40.88,0.00,0.00,0.00,227.55,0.19,26.47
228.56,0.61,139.39,222.91,0.21,43.51,227.86,0.21,41.22,0.00,0.00,0.00,235.31,0.19,25.71
227.27,0.60,136.91,221.41,0.21,42.81,226.57,0.21,40.93,0.00,0.00,0.00,225.63,0.19,24.08
233.11,0.61,143.30,235.15,0.21,44.70,232.41,0.21,42.15,0.00,0.00,0.00,226.22,0.19,24.78
229.62,0.61,139.75,228.01,0.21,44.92,228.92,0.21,42.40,0.00,0.00,0.00,228.26,0.19,25.77
225.85,0.62,140.92,222.83,0.21,43.01,225.15,0.21,42.39,0.00,0.00,0.00,233.68,0.20,27.72
231.59,0.61,142.21,223.32,0.21,44.52,230.89,0.21,41.77,0.00,0.00,0.00,228.03,0.19,25.70
225.03,0.62,139.44,228.07,0.21,43.75,224.33,0.21,42.61,0.00,0.00,0.00,234.82,0.20,27.20
230.66,0.61,140.58,227.60,0.21,44.78,229.96,0.21,41.24,0.00,0.00,0.00,245.72,0.19,26.41
237.19,0.62,146.09,240.16,0.21,45.56,236.49,0.21,41.85,0.00,0.00,0.00,233.59,0.19,26.76
246.18,0.60,148.27,240.65,0.21,45.40,245.48,0.21,41.48,0.00,0.00,0.00,227.71,0.18,23.89
229.94,0.62,142.19,228.12,0.21,45.45,229.24,0.21,41.54,0.00,0.00,0.00,230.88,0.20,26.76
230.49,0.61,141.66,232.99,0.21,45.89,229.79,0.21,42.28,0.00,0.00,0.00,226.32,0.19,25.01
238.77,0.61,145.98,231.33,0.21,45.60,238.07,0.21,42.43,0.00,0.00,0.00,231.53,0.19,25.35
234.02,0.62,144.40,229.65,0.21,45.39,233.32,0.21,42.01,0.00,0.00,0.00,229.96,0.19,25.83
229.61,0.62,141.55,226.41,0.21,44.56,228.91,0.21,42.50,0.00,0.00,0.00,230.54,0.19,24.95
227.27,0.62,139.83,237.87,0.21,45.67,226.57,0.21,41.75,0.00,0.00,0.00,233.04,0.20,25.91
232.27,0.62,143.93,222.59,0.21,43.36,231.57,0.21,41.76,0.00,0.00,0.00,236.13,0.20,27.46
233.29,0.61,142.59,228.09,0.21,44.64,232.59,0.21,41.65,0.00,0.00,0.00,227.91,0.19,24.55
226.88,0.60,136.65,222.69,0.21,42.77,226.18,0.21,41.55,0.00,0.00,0.00,227.10,0.19,24.28
228.67,0.61,138.57,230.03,0.21,44.88,227.97,0.21,41.51,0.00,0.00,0.00,230.84,0.19,24.77
231.98,0.62,143.65,231.96,0.21,44.92,231.28,0.21,42.22,0.00,0.00,0.00,229.64,0.20,27.02
229.70,0.61,140.61,224.73,0.21,43.24,229.00,0.21,41.96,0.00,0.00,0.00,228.69,0.19,25.83
228.36,0.61,139.18,225.65,0.21,44.10,227.66,0.21,42.13,0.00,0.00,0.00,226.67,0.19,24.28
223.64,0.60,134.75,230.06,0.21,43.51,222.94,0.21,41.73,0.00,0.00,0.00,229.98,0.18,23.55
237.29,0.61,143.61,224.77,0.21,43.23,236.59,0.21,42.81,0.00,0.00,0.00,225.53,0.19,23.34
222.69,0.61,134.84,221.23,0.21,42.36,221.99,0.21,41.14,0.00,0.00,0.00,249.33,0.19,24.51
229.41,0.61,140.41,224.63,0.21,43.78,228.71,0.21,42.05,0.00,0.00,0.00,229.98,0.19,25.37
242.63,0.61,147.98,225.93,0.21,43.65,241.93,0.21,42.01,0.00,0.00,0.00,248.92,0.19,25.84
229.87,0.61,140.66,227.46,0.21,44.65,229.17,0.21,42.22,0.00,0.00,0.00,222.86,0.19,23.18
225.25,0.62,139.14,226.91,0.21,44.32,224.55,0.21,41.94,0.00,0.00,0.00,233.98,0.20,25.85
227.31,0.61,139.05,222.40,0.21,42.87,226.61,0.21,42.30,0.00,0.00,0.00,228.54,0.19,23.73
220.24,0.62,135.89,268.34,0.21,48.39,219.54,0.21,42.43,0.00,0.00,0.00,228.93,0.19,26.06
226.36,0.61,138.19,219.77,0.21,43.33,225.66,0.21,41.47,0.00,0.00,0.00,230.45,0.19,25.26
224.39,0.61,137.39,226.68,0.21,43.96,223.69,0.21,41.20,0.00,0.00,0.00,231.61,0.19,26.18
233.60,0.62,144.16,246.18,0.21,46.24,232.90,0.21,41.90,0.00,0.00,0.00,230.00,0.20,26.50
229.69,0.61,140.98,227.60,0.21,44.19,228.99,0.21,41.37,0.00,0.00,0.00,232.59,0.19,26.69
232.33,0.61,141.46,221.89,0.21,41.92,231.63,0.21,41.87,0.00,0.00,0.00,227.75,0.19,25.15
230.43,0.61,140.22,225.71,0.21,43.52,229.73,0.21,41.95,0.00,0.00,0.00,228.01,0.19,24.07
232.55,0.63,145.50,229.70,0.21,43.85,231.85,0.21,42.73,0.00,0.00,0.00,231.91,0.20,26.40
223.97,0.62,137.89,226.48,0.21,43.97,223.27,0.21,42.07,0.00,0.00,0.00,227.69,0.20,24.84
230.43,0.62,142.81,222.26,0.21,43.55,229.73,0.21,41.46,0.00,0.00,0.00,233.73,0.20,27.07
227.84,0.63,142.82,224.37,0.21,43.21,227.14,0.21,42.16,0.00,0.00,0.00,229.84,0.21,26.20
226.61,0.61,137.95,222.82,0.21,43.05,225.91,0.21,42.05,0.00,0.00,0.00,229.77,0.19,25.00
227.00,0.61,138.72,227.26,0.21,44.35,226.30,0.21,42.15,0.00,0.00,0.00,230.37,0.19,24.52
227.35,0.61,138.23,224.89,0.21,43.26,226.65,0.21,41.12,0.00,0.00,0.00,261.27,0.19,29.01
233.55,0.61,141.86,223.96,0.21,42.94,232.85,0.21,42.04,0.00,0.00,0.00,225.77,0.19,24.45
228.19,0.60,137.87,224.55,0.21,43.54,227.49,0.21,42.07,0.00,0.00,0.00,229.19,0.19,23.93
228.17,0.61,140.10,223.37,0.21,42.74,227.47,0.21,41.71,0.00,0.00,0.00,232.89,0.20,27.03
229.47,0.61,140.11,228.01,0.21,44.63,228.77,0.21,41.56,0.00,0.00,0.00,232.91,0.19,26.54
228.93,0.61,140.67,231.12,0.21,45.76,228.23,0.21,41.58,0.00,0.00,0.00,228.14,0.19,25.44
230.01,0.61,139.58,225.07,0.21,43.82,229.31,0.21,41.70,0.00,0.00,0.00,227.90,0.19,25.24
227.33,0.62,140.00,224.45,0.21,43.32,226.63,0.21,42.27,0.00,0.00,0.00,236.11,0.20,27.51
230.87,0.61,140.26,228.88,0.21,44.84,230.17,0.21,41.67,0.00,0.00,0.00,229.07,0.19,24.69
223.39,0.61,135.40,222.97,0.21,43.00,222.69,0.21,41.74,0.00,0.00,0.00,229.06,0.19,25.66
227.61,0.61,138.04,231.06,0.20,44.31,226.91,0.21,41.88,0.00,0.00,0.00,228.07,0.19,24.42
226.17,0.61,138.45,222.60,0.21,42.60,225.47,0.21,41.58,0.00,0.00,0.00,226.72,0.19,25.08
228.42,0.61,139.31,219.98,0.21,42.35,227.72,0.21,40.98,0.00,0.00,0.00,226.37,0.19,25.08
229.38,0.61,139.93,228.08,0.21,44.94,228.68,0.21,41.72,0.00,0.00,0.00,228.60,0.19,25.20
227.48,0.61,138.75,224.95,0.21,43.80,226.78,0.21,42.10,0.00,0.00,0.00,230.63,0.19,25.41
228.97,0.62,141.26,233.70,0.21,45.93,228.27,0.21,42.44,0.00,0.00,0.00,234.07,0.19,26.26
233.25,0.61,141.98,227.85,0.21,44.41,232.55,0.21,42.28,0.00,0.00,0.00,227.52,0.19,25.40
220.07,0.62,135.71,228.47,0.21,44.59,219.37,0.22,43.41,0.00,0.00,0.00,235.59,0.19,25.86
225.00,0.61,137.92,228.39,0.21,44.73,224.30,0.21,42.21,0.00,0.00,0.00,231.46,0.19,25.73
227.55,0.61,139.03,231.67,0.21,45.64,226.85,0.21,42.50,0.00,0.00,0.00,226.15,0.19,24.92
228.12,0.61,139.83,222.05,0.21,43.05,227.42,0.21,42.73,0.00,0.00,0.00,233.57,0.19,26.72
231.31,0.61,141.65,269.02,0.21,48.51,230.61,0.21,42.43,0.00,0.00,0.00,230.50,0.19,25.21
228.63,0.61,139.54,224.67,0.21,43.47,227.93,0.21,42.15,0.00,0.00,0.00,226.64,0.19,24.19
226.66,0.61,138.60,228.16,0.21,43.85,225.96,0.21,42.28,0.00,0.00,0.00,233.40,0.19,26.37
227.76,0.61,139.71,229.40,0.21,44.48,227.06,0.21,42.13,0.00,0.00,0.00,230.54,0.19,26.12
223.95,0.61,136.42,225.34,0.21,43.48,223.25,0.21,42.18,0.00,0.00,0.00,227.80,0.19,23.35
224.61,0.61,136.17,227.28,0.21,44.08,223.91,0.21,41.57,0.00,0.00,0.00,227.00,0.19,23.78
226.34,0.60,136.42,222.99,0.21,43.02,225.64,0.21,41.85,0.00,0.00,0.00,224.14,0.18,23.19
225.86,0.60,136.49,230.53,0.21,44.69,225.16,0.21,41.82,0.00,0.00,0.00,224.12,0.18,23.59
230.12,0.60,138.25,227.55,0.20,43.77,229.42,0.21,42.18,0.00,0.00,0.00,227.45,0.18,24.00
229.23,0.60,138.15,221.02,0.21,42.48,228.53,0.21,42.14,0.00,0.00,0.00,225.34,0.18,24.62
223.16,0.61,136.55,233.18,0.21,45.77,222.46,0.21,41.41,0.00,0.00,0.00,233.21,0.19,26.40
234.74,0.61,142.84,228.59,0.21,44.94,234.04,0.21,41.36,0.00,0.00,0.00,227.84,0.19,24.37
226.23,0.60,136.64,222.34,0.21,42.88,225.53,0.21,41.02,0.00,0.00,0.00,228.72,0.19,24.13
226.62,0.60,136.77,222.66,0.21,42.63,225.92,0.21,41.17,0.00,0.00,0.00,226.06,0.19,25.33
227.15,0.61,138.93,230.72,0.21,45.31,226.45,0.21,41.82,0.00,0.00,0.00,226.65,0.19,25.20
228.98,0.61,140.70,226.98,0.21,43.60,228.28,0.21,42.47,0.00,0.00,0.00,232.44,0.20,26.55
228.88,0.62,141.10,231.70,0.21,45.85,228.18,0.21,42.35,0.00,0.00,0.00,233.17,0.19,26.21
230.91,0.61,140.48,227.09,0.21,44.04,230.21,0.21,41.61,0.00,0.00,0.00,259.62,0.19,26.96
228.62,0.60,138.22,230.47,0.21,45.65,227.92,0.21,42.16,0.00,0.00,0.00,227.42,0.18,22.87
223.25,0.61,136.93,228.74,0.21,45.01,222.55,0.21,41.37,0.00,0.00,0.00,234.07,0.19,26.58
229.67,0.60,138.50,230.12,0.21,45.35,228.97,0.21,42.13,0.00,0.00,0.00,224.37,0.18,24.33
228.26,0.62,140.44,224.73,0.21,43.56,227.56,0.21,42.06,0.00,0.00,0.00,228.92,0.19,25.78
231.85,0.62,144.64,231.88,0.21,45.93,231.15,0.21,42.41,0.00,0.00,0.00,228.74,0.20,26.41
225.58,0.61,138.49,227.42,0.21,44.60,224.88,0.21,42.44,0.00,0.00,0.00,225.67,0.19,25.23
230.78,0.61,140.87,230.65,0.21,44.70,230.08,0.21,42.21,0.00,0.00,0.00,230.56,0.19,25.26
226.21,0.61,139.04,226.74,0.21,44.23,225.51,0.21,42.33,0.00,0.00,0.00,229.03,0.19,26.21
232.23,0.61,142.42,227.46,0.21,44.78,231.53,0.21,41.94,0.00,0.00,0.00,229.13,0.19,24.69
225.28,0.62,138.84,227.18,0.21,44.25,224.58,0.21,42.77,0.00,0.00,0.00,235.08,0.19,27.03
228.20,0.61,139.69,223.14,0.21,42.88,227.50,0.21,42.38,0.00,0.00,0.00,227.34,0.19,25.00
221.12,0.62,136.91,230.15,0.21,45.45,220.42,0.21,42.63,0.00,0.00,0.00,233.24,0.19,26.60
229.58,0.61,140.58,229.85,0.21,44.72,228.88,0.21,42.20,0.00,0.00,0.00,226.54,0.19,25.27
231.55,0.62,143.26,226.46,0.21,44.18,230.85,0.21,42.92,0.00,0.00,0.00,232.61,0.19,26.50
229.91,0.62,141.44,232.43,0.21,45.69,229.21,0.21,42.96,0.00,0.00,0.00,227.49,0.19,25.26
226.92,0.62,139.95,227.76,0.21,44.14,226.22,0.21,42.88,0.00,0.00,0.00,233.90,0.19,26.10
225.29,0.62,139.35,235.99,0.21,46.45,224.59,0.21,42.12,0.00,0.00,0.00,230.93,0.19,25.81
230.31,0.61,141.51,227.19,0.21,43.57,229.61,0.21,42.55,0.00,0.00,0.00,228.05,0.19,25.17
228.20,0.62,141.16,218.70,0.21,42.84,227.50,0.21,42.22,0.00,0.00,0.00,230.67,0.20,27.37
223.70,0.61,136.29,227.53,0.21,44.18,223.00,0.21,42.73,0.00,0.00,0.00,229.57,0.19,26.40
223.85,0.62,137.68,226.97,0.21,44.13,223.15,0.21,42.30,0.00,0.00,0.00,227.75,0.19,25.78
226.43,0.61,137.97,225.90,0.20,43.34,225.73,0.21,42.38,0.00,0.00,0.00,230.92,0.19,25.53
225.90,0.62,140.07,228.17,0.21,44.37,225.20,0.21,42.86,0.00,0.00,0.00,229.16,0.20,25.49
227.77,0.63,144.54,224.92,0.21,42.99,227.07,0.21,42.33,0.00,0.00,0.00,246.42,0.22,33.11
228.07,0.62,141.76,232.11,0.21,45.19,227.37,0.21,42.94,0.00,0.00,0.00,235.72,0.20,26.67
251.75,0.62,154.94,235.97,0.21,44.76,251.05,0.21,42.16,0.00,0.00,0.00,229.39,0.19,25.55
232.39,0.62,143.88,221.49,0.21,43.13,231.69,0.21,42.37,0.00,0.00,0.00,232.24,0.20,25.46
233.33,0.62,143.63,222.92,0.21,43.35,232.63,0.22,43.56,0.00,0.00,0.00,233.62,0.19,25.35
229.95,0.62,142.65,230.57,0.21,44.89,229.25,0.22,43.07,0.00,0.00,0.00,236.52,0.19,26.37
229.84,0.61,139.29,228.23,0.21,44.73,229.14,0.22,43.12,0.00,0.00,0.00,226.18,0.18,22.98
231.98,0.61,142.56,229.64,0.21,44.84,231.28,0.22,43.01,0.00,0.00,0.00,230.39,0.19,24.58
225.63,0.62,140.09,225.18,0.21,43.52,224.93,0.21,42.60,0.00,0.00,0.00,227.96,0.20,25.54
226.35,0.61,138.74,224.61,0.21,43.29,225.65,0.21,42.59,0.00,0.00,0.00,230.77,0.19,25.71
232.26,0.62,143.10,229.61,0.21,44.80,231.56,0.22,43.10,0.00,0.00,0.00,229.24,0.19,25.12
232.53,0.61,142.76,225.78,0.21,43.71,231.83,0.21,42.17,0.00,0.00,0.00,234.08,0.19,26.39
232.18,0.61,142.48,226.40,0.21,43.97,231.48,0.21,41.86,0.00,0.00,0.00,236.21,0.19,26.78
232.27,0.61,140.98,231.92,0.21,45.70,231.57,0.21,42.33,0.00,0.00,0.00,228.45,0.18,23.17
229.92,0.61,140.84,226.76,0.21,44.03,229.22,0.21,42.28,0.00,0.00,0.00,237.87,0.19,25.96
229.52,0.61,139.99,227.91,0.21,43.90,228.82,0.21,41.68,0.00,0.00,0.00,262.72,0.19,26.81
230.60,0.62,142.53,231.88,0.21,45.49,229.90,0.21,41.62,0.00,0.00,0.00,233.24,0.20,26.82
230.40,0.61,141.12,224.50,0.21,43.14,229.70,0.21,42.54,0.00,0.00,0.00,234.31,0.19,26.34
232.08,0.61,142.24,230.68,0.21,45.02,231.38,0.21,42.59,0.00,0.00,0.00,230.46,0.19,23.92
227.04,0.61,139.50,234.33,0.21,45.81,226.34,0.21,42.66,0.00,0.00,0.00,230.71,0.19,24.86
238.38,0.61,146.38,233.52,0.21,45.98,237.68,0.21,42.56,0.00,0.00,0.00,227.54,0.19,24.58
235.62,0.61,144.70,229.52,0.21,45.05,234.92,0.22,43.09,0.00,0.00,0.00,234.87,0.19,25.21
232.79,0.61,143.15,226.04,0.21,43.41,232.09,0.22,43.21,0.00,0.00,0.00,237.05,0.19,27.04
231.18,0.62,142.31,226.01,0.21,43.65,230.48,0.22,42.94,0.00,0.00,0.00,235.16,0.19,26.67
236.75,0.61,145.17,232.65,0.21,45.14,236.05,0.21,42.69,0.00,0.00,0.00,232.27,0.19,26.27
230.96,0.61,140.20,219.19,0.21,41.83,230.26,0.21,42.60,0.00,0.00,0.00,226.60,0.19,24.66
233.18,0.62,144.04,222.31,0.21,43.38,232.48,0.21,42.20,0.00,0.00,0.00,232.51,0.19,26.25
232.96,0.61,142.97,229.04,0.21,44.99,232.26,0.21,42.29,0.00,0.00,0.00,231.03,0.19,25.11
242.74,0.61,147.10,227.05,0.21,43.71,242.04,0.21,41.43,0.00,0.00,0.00,231.89,0.19,23.92
230.46,0.61,140.74,222.77,0.21,42.99,229.76,0.21,41.90,0.00,0.00,0.00,231.09,0.19,25.76
233.16,0.62,143.48,227.13,0.21,43.83,232.46,0.22,42.91,0.00,0.00,0.00,233.20,0.19,25.86
231.51,0.61,141.91,228.46,0.21,44.47,230.81,0.21,42.51,0.00,0.00,0.00,228.73,0.19,25.17
234.30,0.62,144.72,229.30,0.21,44.64,233.60,0.21,42.06,0.00,0.00,0.00,232.64,0.20,27.19
228.91,0.62,140.86,228.33,0.21,44.55,228.21,0.21,42.47,0.00,0.00,0.00,230.42,0.19,25.60
232.45,0.62,143.78,230.90,0.21,45.62,231.75,0.21,42.51,0.00,0.00,0.00,233.66,0.19,26.15
223.69,0.61,136.23,233.00,0.21,45.78,222.99,0.21,42.08,0.00,0.00,0.00,228.03,0.19,24.48
229.24,0.61,140.10,225.69,0.21,43.80,228.54,0.21,42.27,0.00,0.00,0.00,229.29,0.19,24.11
227.40,0.61,139.82,230.60,0.21,44.75,226.70,0.21,42.47,0.00,0.00,0.00,231.49,0.19,25.42
227.78,0.61,138.74,229.63,0.21,44.63,227.08,0.21,42.44,0.00,0.00,0.00,227.77,0.19,24.78
228.57,0.61,140.26,230.98,0.21,44.93,227.87,0.21,42.24,0.00,0.00,0.00,231.44,0.19,25.71
262.74,0.62,163.19,223.07,0.21,40.99,262.04,0.21,43.35,0.00,0.00,0.00,240.35,0.20,27.42
229.44,0.61,140.35,235.09,0.21,41.79,228.74,0.21,41.94,0.00,0.00,0.00,226.68,0.19,24.08
231.63,0.61,142.08,230.73,0.21,45.01,230.93,0.21,42.69,0.00,0.00,0.00,226.73,0.19,25.35
229.64,0.61,140.62,229.59,0.21,44.92,228.94,0.21,42.73,0.00,0.00,0.00,232.16,0.19,25.86
227.18,0.61,139.49,228.75,0.21,44.35,226.48,0.21,42.55,0.00,0.00,0.00,233.39,0.19,26.23
234.37,0.61,143.88,236.67,0.21,46.78,233.67,0.21,42.74,0.00,0.00,0.00,227.87,0.19,24.67
227.19,0.61,138.04,227.07,0.21,44.17,226.49,0.21,42.82,0.00,0.00,0.00,232.97,0.18,24.42
231.50,0.60,139.52,228.49,0.21,44.17,230.80,0.21,42.78,0.00,0.00,0.00,226.35,0.18,21.22
234.41,0.62,145.24,223.82,0.21,43.53,233.71,0.22,43.06,0.00,0.00,0.00,232.07,0.20,25.85
232.09,0.61,140.42,227.61,0.21,43.97,231.39,0.22,43.14,0.00,0.00,0.00,225.31,0.18,21.80
232.96,0.61,141.63,230.19,0.21,43.99,232.26,0.21,42.94,0.00,0.00,0.00,228.69,0.18,25.42
229.00,0.62,140.87,222.96,0.21,42.80,228.30,0.21,41.91,0.00,0.00,0.00,235.66,0.20,27.24
227.13,0.61,139.35,223.30,0.21,42.89,226.43,0.21,42.57,0.00,0.00,0.00,229.02,0.19,25.63
232.62,0.61,142.79,228.85,0.21,44.57,231.92,0.21,42.06,0.00,0.00,0.00,257.12,0.19,25.52
234.26,0.62,144.45,229.25,0.21,44.73,233.56,0.21,41.59,0.00,0.00,0.00,233.95,0.20,27.59
276.07,0.61,168.46,229.21,0.21,44.87,275.37,0.21,42.67,0.00,0.00,0.00,228.77,0.19,23.89
233.00,0.61,141.29,229.38,0.21,43.87,232.30,0.21,42.88,0.00,0.00,0.00,226.80,0.19,24.03
229.24,0.61,139.84,226.92,0.21,43.93,228.54,0.21,42.58,0.00,0.00,0.00,228.38,0.19,24.69
230.03,0.61,141.38,225.26,0.21,43.46,229.33,0.22,43.22,0.00,0.00,0.00,235.23,0.19,26.06
229.53,0.61,140.57,231.25,0.21,45.06,228.83,0.21,42.67,0.00,0.00,0.00,230.38,0.19,25.44
232.19,0.62,143.40,232.13,0.21,45.81,231.49,0.22,43.29,0.00,0.00,0.00,231.24,0.19,25.93
231.24,0.61,142.14,232.50,0.21,45.73,230.54,0.21,42.56,0.00,0.00,0.00,235.13,0.19,26.23
229.14,0.61,140.35,227.50,0.21,44.37,228.44,0.22,43.22,0.00,0.00,0.00,232.53,0.19,24.67
237.04,0.60,142.98,235.99,0.21,45.10,236.34,0.21,42.67,0.00,0.00,0.00,230.69,0.18,23.91
228.87,0.61,139.25,228.95,0.21,44.51,228.17,0.21,43.02,0.00,0.00,0.00,228.29,0.19,24.60
230.11,0.60,139.18,224.85,0.21,42.98,229.41,0.21,42.62,0.00,0.00,0.00,226.57,0.19,23.59
229.54,0.61,140.37,229.28,0.21,44.59,228.84,0.21,42.74,0.00,0.00,0.00,228.24,0.19,24.86
226.55,0.61,138.91,269.67,0.21,46.81,225.85,0.21,42.16,0.00,0.00,0.00,229.31,0.19,24.75
229.07,0.61,140.58,254.12,0.21,45.64,228.37,0.22,43.03,0.00,0.00,0.00,232.33,0.19,25.79
230.70,0.62,142.79,228.48,0.21,45.45,230.00,0.21,42.62,0.00,0.00,0.00,237.13,0.19,27.30
227.06,0.61,138.04,224.42,0.21,43.43,226.36,0.21,42.65,0.00,0.00,0.00,233.25,0.19,24.88
232.39,0.62,144.42,230.27,0.21,45.83,231.69,0.21,42.67,0.00,0.00,0.00,235.16,0.19,26.16
233.11,0.62,144.82,233.04,0.21,45.58,232.41,0.22,43.31,0.00,0.00,0.00,236.35,0.20,26.25
228.70,0.61,140.39,227.80,0.21,43.98,228.00,0.21,43.06,0.00,0.00,0.00,229.34,0.19,23.13
227.24,0.62,140.75,231.85,0.21,45.68,226.54,0.22,43.10,0.00,0.00,0.00,237.03,0.19,26.81
231.48,0.61,140.96,227.00,0.21,44.24,230.78,0.22,43.19,0.00,0.00,0.00,229.66,0.18,24.38
232.33,0.61,142.51,228.10,0.21,43.95,231.63,0.22,43.29,0.00,0.00,0.00,229.57,0.19,25.51
234.71,0.61,144.26,227.52,0.21,44.27,234.01,0.21,43.08,0.00,0.00,0.00,234.14,0.19,25.88
232.94,0.61,141.48,231.69,0.21,45.41,232.24,0.22,43.29,0.00,0.00,0.00,229.06,0.18,23.60
229.03,0.61,139.06,228.23,0.21,44.90,228.33,0.22,43.53,0.00,0.00,0.00,228.01,0.18,23.47
235.09,0.62,145.80,225.43,0.21,44.50,234.39,0.22,43.37,0.00,0.00,0.00,233.79,0.19,26.16
231.79,0.61,141.70,230.67,0.21,44.32,231.09,0.21,42.24,0.00,0.00,0.00,227.20,0.19,24.99
228.23,0.61,140.31,235.79,0.21,46.78,227.53,0.22,43.33,0.00,0.00,0.00,230.48,0.19,24.57
234.01,0.61,143.47,231.92,0.21,45.28,233.31,0.22,43.23,0.00,0.00,0.00,232.62,0.19,24.93
227.09,0.61,138.22,231.43,0.21,45.18,226.39,0.22,43.57,0.00,0.00,0.00,231.32,0.18,24.54
233.25,0.61,142.36,227.92,0.21,44.76,232.55,0.21,42.62,0.00,0.00,0.00,227.05,0.19,24.73
229.16,0.61,140.85,236.00,0.21,46.45,228.46,0.21,43.08,0.00,0.00,0.00,231.72,0.19,25.66
227.77,0.62,140.29,229.24,0.21,44.55,227.07,0.21,42.99,0.00,0.00,0.00,233.19,0.19,27.23
229.77,0.61,139.33,228.32,0.21,44.52,229.07,0.21,42.92,0.00,0.00,0.00,231.80,0.18,24.70
226.61,0.61,139.04,226.84,0.21,43.89,225.91,0.21,42.76,0.00,0.00,0.00,231.80,0.19,26.00
234.05,0.61,142.86,228.90,0.21,44.74,233.35,0.21,42.28,0.00,0.00,0.00,233.62,0.19,24.98
228.16,0.61,140.10,226.12,0.21,43.72,227.46,0.21,42.71,0.00,0.00,0.00,234.57,0.19,26.83
234.48,0.62,144.51,229.36,0.21,44.94,233.78,0.21,42.94,0.00,0.00,0.00,228.74,0.19,24.99
231.17,0.61,141.12,226.52,0.21,36.51,230.47,0.22,43.87,0.00,0.00,0.00,228.74,0.19,25.25
236.30,0.60,142.50,229.46,0.21,45.10,235.60,0.21,42.91,0.00,0.00,0.00,227.74,0.18,23.81
231.93,0.61,141.75,230.57,0.21,44.62,231.23,0.21,42.95,0.00,0.00,0.00,229.15,0.19,24.16
227.23,0.62,139.95,229.10,0.21,44.39,226.53,0.21,42.48,0.00,0.00,0.00,234.81,0.19,26.65
226.88,0.61,138.06,227.45,0.21,44.29,226.18,0.21,43.02,0.00,0.00,0.00,233.75,0.18,24.31
236.77,0.62,146.73,231.35,0.21,45.33,236.07,0.22,43.35,0.00,0.00,0.00,236.16,0.19,26.89
230.23,0.60,137.45,229.10,0.21,44.82,229.53,0.21,43.14,0.00,0.00,0.00,225.81,0.17,22.19
226.65,0.61,137.76,223.67,0.21,43.00,225.95,0.21,42.68,0.00,0.00,0.00,229.16,0.19,23.68
227.61,0.61,139.75,228.75,0.21,44.36,226.91,0.21,43.08,0.00,0.00,0.00,229.95,0.19,25.55
228.81,0.61,139.10,228.21,0.21,44.38,228.11,0.21,42.40,0.00,0.00,0.00,228.94,0.19,24.72
223.54,0.61,136.03,229.72,0.21,44.79,222.84,0.21,42.27,0.00,0.00,0.00,235.97,0.19,25.80
229.76,0.60,138.61,231.52,0.21,45.51,229.06,0.22,43.20,0.00,0.00,0.00,225.52,0.18,23.39
229.32,0.60,138.66,225.26,0.21,43.45,228.62,0.21,42.08,0.00,0.00,0.00,226.83,0.19,24.47
230.32,0.61,139.63,253.17,0.21,43.30,229.62,0.21,41.77,0.00,0.00,0.00,232.02,0.19,25.58
233.39,0.61,143.26,231.39,0.21,45.81,232.69,0.21,43.17,0.00,0.00,0.00,234.90,0.19,26.83
234.49,0.61,142.68,235.01,0.21,45.44,233.79,0.21,43.11,0.00,0.00,0.00,227.01,0.19,24.76
230.52,0.61,140.88,234.58,0.21,46.09,229.82,0.21,42.80,0.00,0.00,0.00,228.84,0.19,24.31
227.60,0.61,138.97,231.13,0.21,45.08,226.90,0.21,42.87,0.00,0.00,0.00,229.97,0.19,24.98
229.89,0.61,140.99,232.18,0.21,45.30,229.19,0.21,42.40,0.00,0.00,0.00,234.57,0.19,26.47
230.17,0.61,140.12,230.19,0.21,44.99,229.47,0.21,42.86,0.00,0.00,0.00,228.40,0.19,25.37
237.02,0.62,146.15,231.85,0.21,45.37,236.32,0.21,43.19,0.00,0.00,0.00,231.57,0.19,25.44
233.40,0.61,141.40,232.71,0.21,45.59,232.70,0.21,42.59,0.00,0.00,0.00,228.84,0.18,23.99
232.34,0.61,140.60,231.15,0.21,45.15,231.64,0.22,43.22,0.00,0.00,0.00,232.44,0.18,24.04
235.95,0.61,143.78,230.80,0.21,45.61,235.25,0.22,43.60,0.00,0.00,0.00,232.25,0.18,24.62
235.00,0.60,142.12,230.36,0.21,44.72,234.30,0.22,43.56,0.00,0.00,0.00,228.11,0.18,24.12
231.24,0.61,141.36,218.62,0.21,42.80,230.54,0.22,43.75,0.00,0.00,0.00,228.78,0.19,24.28
227.00,0.61,138.60,225.00,0.21,43.32,226.30,0.21,43.21,0.00,0.00,0.00,236.23,0.19,21.55
225.84,0.59,134.23,224.99,0.21,42.87,225.14,0.21,43.17,0.00,0.00,0.00,231.54,0.17,22.26
227.15,0.62,139.80,222.48,0.21,42.75,226.45,0.21,42.25,0.00,0.00,0.00,235.22,0.20,27.56
235.09,0.62,144.66,233.74,0.21,45.65,234.39,0.21,42.39,0.00,0.00,0.00,233.78,0.19,26.16
227.70,0.62,140.59,235.88,0.21,46.49,227.00,0.22,43.66,0.00,0.00,0.00,235.98,0.19,25.97
236.43,0.62,145.43,232.84,0.21,45.29,235.73,0.22,43.37,0.00,0.00,0.00,230.14,0.19,25.49
229.94,0.61,139.62,232.35,0.21,44.68,229.24,0.21,42.61,0.00,0.00,0.00,230.09,0.19,25.33
235.36,0.61,144.52,226.25,0.21,44.00,234.66,0.21,42.17,0.00,0.00,0.00,234.59,0.19,26.91
228.39,0.61,138.58,225.66,0.21,43.55,227.69,0.21,42.97,0.00,0.00,0.00,226.83,0.18,24.24
231.91,0.61,141.04,231.31,0.21,44.62,231.21,0.21,42.87,0.00,0.00,0.00,233.88,0.19,26.16
236.37,0.61,143.54,228.75,0.21,44.25,235.67,0.21,42.43,0.00,0.00,0.00,230.03,0.19,24.83
234.43,0.60,140.93,220.71,0.21,42.71,233.73,0.21,41.94,0.00,0.00,0.00,228.29,0.18,23.98
232.55,0.62,143.75,236.03,0.21,46.89,231.85,0.21,43.08,0.00,0.00,0.00,237.08,0.19,26.60
229.06,0.62,141.61,231.11,0.21,45.44,228.36,0.22,43.33,0.00,0.00,0.00,231.98,0.19,25.84
236.61,0.61,143.89,226.93,0.21,43.85,235.91,0.22,43.95,0.00,0.00,0.00,232.03,0.18,24.12
235.52,0.61,144.54,221.57,0.21,43.18,234.82,0.21,42.60,0.00,0.00,0.00,234.10,0.19,27.40
224.64,0.62,138.34,230.05,0.21,44.81,223.94,0.22,43.80,0.00,0.00,0.00,235.79,0.19,26.08
230.97,0.60,139.68,225.83,0.21,44.03,230.27,0.21,43.20,0.00,0.00,0.00,226.64,0.18,23.64
229.74,0.61,140.06,223.45,0.21,42.82,229.04,0.21,42.98,0.00,0.00,0.00,231.26,0.19,25.28
236.09,0.62,145.47,235.65,0.21,46.54,235.39,0.22,43.60,0.00,0.00,0.00,232.87,0.19,25.64
231.50,0.60,139.58,235.49,0.21,45.87,230.80,0.21,43.19,0.00,0.00,0.00,228.08,0.18,23.02
233.45,0.61,143.18,224.53,0.21,43.37,232.75,0.22,43.31,0.00,0.00,0.00,235.21,0.19,25.61
239.88,0.62,147.67,234.01,0.21,46.04,239.18,0.21,42.94,0.00,0.00,0.00,231.55,0.19,25.48
234.53,0.62,145.29,233.29,0.21,45.39,233.83,0.22,43.11,0.00,0.00,0.00,235.72,0.19,27.82
236.88,0.61,145.33,226.15,0.21,43.71,236.18,0.22,43.18,0.00,0.00,0.00,233.57,0.19,26.61
236.34,0.61,144.15,231.10,0.21,44.39,235.64,0.22,43.92,0.00,0.00,0.00,230.77,0.19,25.26
227.49,0.62,141.75,228.05,0.21,44.54,226.79,0.22,43.79,0.00,0.00,0.00,234.71,0.20,27.77
226.20,0.62,140.69,239.62,0.21,42.65,225.50,0.21,42.44,0.00,0.00,0.00,234.13,0.20,27.46
296.47,0.61,182.31,238.61,0.21,43.98,295.77,0.22,43.27,0.00,0.00,0.00,231.40,0.19,24.82
226.88,0.61,139.30,232.45,0.21,45.48,226.18,0.21,43.27,0.00,0.00,0.00,231.62,0.19,25.92
233.09,0.61,143.00,230.33,0.21,44.79,232.39,0.21,42.70,0.00,0.00,0.00,230.02,0.19,26.02
232.04,0.60,140.02,228.26,0.21,44.27,231.34,0.21,42.71,0.00,0.00,0.00,229.79,0.18,23.92
227.86,0.60,137.56,228.78,0.21,44.55,227.16,0.21,42.92,0.00,0.00,0.00,223.70,0.18,23.11
227.16,0.62,140.49,227.62,0.21,44.62,226.46,0.22,44.00,0.00,0.00,0.00,225.58,0.19,23.18
232.86,0.61,141.86,229.34,0.21,43.93,232.16,0.21,43.18,0.00,0.00,0.00,234.35,0.19,25.15
230.48,0.61,141.47,230.12,0.21,44.72,229.78,0.21,43.18,0.00,0.00,0.00,228.52,0.19,25.18
235.68,0.61,144.65,229.08,0.21,44.18,234.98,0.22,43.60,0.00,0.00,0.00,231.97,0.19,25.50
236.43,0.61,143.61,232.49,0.21,45.51,235.73,0.21,42.58,0.00,0.00,0.00,229.74,0.18,23.72
233.23,0.61,141.92,228.08,0.21,44.62,232.53,0.21,43.01,0.00,0.00,0.00,231.52,0.18,25.38
235.09,0.62,144.97,226.15,0.21,44.43,234.39,0.22,43.54,0.00,0.00,0.00,229.82,0.19,24.69
228.68,0.61,139.92,231.00,0.21,45.35,227.98,0.22,43.23,0.00,0.00,0.00,229.67,0.19,24.57
235.97,0.61,144.67,230.95,0.21,44.95,235.27,0.22,43.40,0.00,0.00,0.00,301.66,0.19,28.60
229.65,0.62,141.79,229.34,0.21,44.79,228.95,0.22,43.62,0.00,0.00,0.00,235.85,0.19,25.19
222.23,0.62,136.78,232.46,0.21,45.99,221.53,0.22,43.41,0.00,0.00,0.00,231.59,0.19,25.02
234.63,0.61,143.48,232.28,0.21,45.25,233.93,0.21,42.88,0.00,0.00,0.00,238.60,0.19,26.50
236.97,0.60,143.16,230.57,0.21,44.82,236.27,0.21,43.16,0.00,0.00,0.00,226.43,0.18,23.28
232.43,0.61,142.13,228.32,0.21,44.36,231.73,0.21,42.58,0.00,0.00,0.00,228.23,0.19,24.65
226.00,0.61,138.88,230.50,0.21,44.94,225.30,0.21,43.06,0.00,0.00,0.00,232.74,0.19,24.57
236.78,0.61,144.41,232.21,0.21,45.57,236.08,0.21,43.29,0.00,0.00,0.00,232.25,0.18,24.80
231.57,0.62,143.41,227.15,0.21,44.28,230.87,0.21,42.53,0.00,0.00,0.00,225.81,0.20,25.11
231.98,0.61,142.48,223.86,0.21,43.91,231.28,0.21,42.35,0.00,0.00,0.00,223.98,0.19,21.78
229.36,0.61,139.68,230.82,0.21,45.05,228.66,0.21,42.33,0.00,0.00,0.00,229.68,0.19,24.44
238.62,0.61,145.15,225.79,0.21,43.70,237.92,0.21,43.02,0.00,0.00,0.00,234.97,0.19,25.16
229.56,0.61,140.87,225.33,0.21,43.35,228.86,0.22,43.01,0.00,0.00,0.00,233.36,0.19,25.72
233.76,0.62,144.95,236.07,0.21,46.79,233.06,0.21,43.30,0.00,0.00,0.00,239.64,0.19,23.99
229.03,0.63,143.28,280.11,0.21,46.45,228.33,0.21,43.71,0.00,0.00,0.00,235.20,0.20,27.25
231.86,0.62,143.15,233.48,0.21,46.12,231.16,0.21,43.25,0.00,0.00,0.00,232.15,0.19,25.12
235.20,0.61,143.95,225.73,0.21,43.83,234.50,0.21,43.22,0.00,0.00,0.00,226.20,0.19,23.84
227.89,0.61,140.13,231.41,0.21,45.23,227.19,0.21,43.02,0.00,0.00,0.00,226.34,0.19,24.17
234.48,0.62,145.70,229.95,0.21,45.01,233.78,0.22,43.73,0.00,0.00,0.00,230.96,0.19,25.14
228.48,0.62,142.50,231.44,0.21,45.49,227.78,0.22,43.67,0.00,0.00,0.00,230.12,0.20,25.60
233.20,0.62,144.54,227.38,0.21,44.39,232.50,0.22,43.96,0.00,0.00,0.00,229.82,0.19,25.00
235.28,0.62,145.49,229.39,0.21,44.34,234.58,0.22,43.77,0.00,0.00,0.00,231.28,0.19,25.20
235.68,0.62,145.23,226.72,0.21,43.29,234.98,0.22,43.68,0.00,0.00,0.00,228.64,0.19,24.61
230.05,0.62,142.11,227.11,0.21,44.28,229.35,0.22,43.45,0.00,0.00,0.00,231.66,0.19,25.68
229.72,0.61,140.95,224.80,0.21,43.26,229.02,0.21,42.49,0.00,0.00,0.00,230.21,0.19,26.49
235.49,0.62,145.09,228.99,0.21,44.71,234.79,0.22,43.47,0.00,0.00,0.00,229.24,0.19,24.65
228.78,0.60,136.83,261.63,0.21,44.26,228.08,0.21,42.64,0.00,0.00,0.00,229.76,0.18,24.14
285.01,0.61,172.98,258.09,0.21,41.25,284.31,0.21,42.94,0.00,0.00,0.00,230.65,0.19,25.55
232.26,0.62,142.86,229.08,0.21,44.36,231.56,0.21,43.30,0.00,0.00,0.00,227.55,0.19,25.30
234.33,0.62,145.76,237.28,0.21,46.91,233.63,0.21,43.26,0.00,0.00,0.00,227.31,0.19,25.85
229.02,0.61,140.10,225.00,0.21,43.34,228.32,0.21,42.81,0.00,0.00,0.00,231.76,0.19,25.24
233.48,0.61,143.46,231.01,0.21,45.28,232.78,0.21,43.09,0.00,0.00,0.00,226.47,0.19,24.40
227.65,0.62,140.32,231.02,0.21,45.23,226.95,0.21,43.22,0.00,0.00,0.00,235.13,0.19,26.07
230.45,0.61,141.72,234.29,0.21,46.04,229.75,0.21,42.69,0.00,0.00,0.00,228.02,0.19,24.90
230.22,0.61,141.05,230.75,0.21,44.81,229.52,0.21,43.09,0.00,0.00,0.00,228.95,0.19,24.63
225.89,0.62,138.99,236.56,0.21,46.75,225.19,0.22,43.45,0.00,0.00,0.00,227.04,0.19,25.02
231.93,0.60,140.24,231.19,0.21,45.23,231.23,0.21,42.69,0.00,0.00,0.00,225.80,0.18,23.70
232.36,0.61,142.11,229.93,0.21,44.53,231.66,0.21,42.87,0.00,0.00,0.00,231.82,0.19,25.18
229.68,0.62,141.97,228.25,0.21,43.93,228.98,0.21,42.70,0.00,0.00,0.00,232.84,0.20,26.22
229.43,0.61,140.88,223.66,0.21,42.86,228.73,0.21,42.56,0.00,0.00,0.00,275.31,0.19,28.45
234.70,0.61,143.16,225.03,0.21,43.64,234.00,0.21,43.35,0.00,0.00,0.00,227.76,0.19,24.95
230.96,0.61,140.79,229.48,0.21,44.52,230.26,0.21,42.89,0.00,0.00,0.00,231.74,0.19,24.70
228.86,0.61,140.25,230.86,0.21,44.90,228.16,0.21,43.37,0.00,0.00,0.00,228.78,0.19,24.42
231.89,0.62,143.14,226.01,0.21,43.81,231.19,0.21,42.96,0.00,0.00,0.00,226.94,0.20,26.18
228.17,0.61,139.38,225.59,0.21,43.64,227.47,0.21,43.92,0.00,0.00,0.00,230.74,0.19,25.88
224.88,0.83,186.64,227.60,0.21,44.87,224.18,0.21,44.06,223.18,0.22,45.77,229.75,0.19,25.46
234.92,0.83,195.19,221.96,0.21,43.75,234.22,0.21,42.92,225.64,0.22,46.53,231.09,0.19,26.66
232.05,0.82,190.76,226.16,0.21,43.92,231.35,0.21,44.18,227.85,0.22,46.74,228.27,0.19,24.98
236.61,0.55,129.61,231.65,0.21,45.53,235.91,0.22,44.88,0.00,0.00,0.00,0.00,0.12,0.00
217.93,0.42,92.46,214.02,0.21,44.94,217.23,0.22,45.34,0.00,0.00,0.00,0.00,0.00,0.00
215.52,0.42,91.01,209.90,0.21,43.65,214.82,0.22,45.69,0.00,0.00,0.00,0.00,0.00,0.00
215.29,0.26,57.02,214.10,0.21,45.32,0.00,0.00,0.00,0.00,0.00,0.00,0.00,0.05,0.00
214.75,0.08,17.72,0.00,0.00,0.00,0.00,0.00,0.00,0.00,0.08,0.00,0.00,0.00,0.00
214.04,0.08,16.26,0.00,0.00,0.00,0.00,0.00,0.00,0.00,0.08,0.00,0.00,0.00,0.00
215.18,0.06,13.40,0.00,0.00,0.00,0.00,0.00,0.00,0.00,0.06,0.00,0.00,0.00,0.00
215.58,0.21,44.83,0.00,0.00,0.00,0.00,0.00,0.00,0.00,0.00,0.00,0.00,0.00,0.00
216.58,0.21,44.88,0.00,0.00,0.00,0.00,0.00,0.00,0.00,0.00,0.00,0.00,0.00,0.00
214.84,0.21,44.32,0.00,0.00,0.00,0.00,0.00,0.00,0.00,0.00,0.00,0.00,0.00,0.00
214.37,0.20,43.91,0.00,0.00,0.00,0.00,0.00,0.00,0.00,0.00,0.00,0.00,0.00,0.00
217.18,0.21,45.09,0.00,0.00,0.00,0.00,0.00,0.00,0.00,0.00,0.00,0.00,0.00,0.00
219.56,0.21,45.88,0.00,0.00,0.00,0.00,0.00,0.00,0.00,0.00,0.00,0.00,0.00,0.00
224.16,0.22,48.19,0.00,0.00,0.00,0.00,0.00,0.00,0.00,0.00,0.00,0.00,0.00,0.00
219.23,0.21,46.03,0.00,0.00,0.00,0.00,0.00,0.00,0.00,0.00,0.00,0.00,0.00,0.00
215.21,0.21,44.48,0.00,0.00,0.00,0.00,0.00,0.00,0.00,0.00,0.00,0.00,0.00,0.00
219.29,0.21,46.47,0.00,0.00,0.00,0.00,0.00,0.00,0.00,0.00,0.00,0.00,0.00,0.00
214.06,0.21,44.06,0.00,0.00,0.00,0.00,0.00,0.00,0.00,0.00,0.00,0.00,0.00,0.00
214.11,0.21,44.06,0.00,0.00,0.00,0.00,0.00,0.00,0.00,0.00,0.00,0.00,0.00,0.00
217.82,0.21,45.61,0.00,0.00,0.00,0.00,0.00,0.00,0.00,0.00,0.00,0.00,0.00,0.00
215.68,0.21,44.85,0.00,0.00,0.00,0.00,0.00,0.00,0.00,0.00,0.00,0.00,0.00,0.00
212.83,0.20,43.59,0.00,0.00,0.00,0.00,0.00,0.00,0.00,0.00,0.00,0.00,0.00,0.00
216.95,0.21,44.94,0.00,0.00,0.00,0.00,0.00,0.00,0.00,0.00,0.00,0.00,0.00,0.00
215.53,0.21,44.70,0.00,0.00,0.00,0.00,0.00,0.00,0.00,0.00,0.00,0.00,0.00,0.00
215.06,0.21,44.66,0.00,0.00,0.00,0.00,0.00,0.00,0.00,0.00,0.00,0.00,0.00,0.00
214.34,0.21,44.16,0.00,0.00,0.00,0.00,0.00,0.00,0.00,0.00,0.00,0.00,0.00,0.00
217.07,0.21,45.57,0.00,0.00,0.00,0.00,0.00,0.00,0.00,0.00,0.00,0.00,0.00,0.00
215.49,0.21,44.74,0.00,0.00,0.00,0.00,0.00,0.00,0.00,0.00,0.00,0.00,0.00,0.00
218.52,0.21,45.61,0.00,0.00,0.00,0.00,0.00,0.00,0.00,0.00,0.00,0.00,0.00,0.00
214.16,0.21,44.53,0.00,0.00,0.00,0.00,0.00,0.00,0.00,0.00,0.00,0.00,0.00,0.00
216.33,0.21,44.87,0.00,0.00,0.00,0.00,0.00,0.00,0.00,0.00,0.00,0.00,0.00,0.00
216.75,0.21,44.65,0.00,0.00,0.00,0.00,0.00,0.00,0.00,0.00,0.00,0.00,0.00,0.00
216.67,0.21,44.57,0.00,0.00,0.00,0.00,0.00,0.00,0.00,0.00,0.00,0.00,0.00,0.00
215.12,0.21,44.47,0.00,0.00,0.00,0.00,0.00,0.00,0.00,0.00,0.00,0.00,0.00,0.00
217.25,0.21,45.10,0.00,0.00,0.00,0.00,0.00,0.00,0.00,0.00,0.00,0.00,0.00,0.00
215.62,0.21,44.92,0.00,0.00,0.00,0.00,0.00,0.00,0.00,0.00,0.00,0.00,0.00,0.00
215.62,0.21,44.64,0.00,0.00,0.00,0.00,0.00,0.00,0.00,0.00,0.00,0.00,0.00,0.00
214.55,0.21,44.23,0.00,0.00,0.00,0.00,0.00,0.00,0.00,0.00,0.00,0.00,0.00,0.00
216.15,0.21,44.71,0.00,0.00,0.00,0.00,0.00,0.00,0.00,0.00,0.00,0.00,0.00,0.00
213.40,0.20,43.32,0.00,0.00,0.00,0.00,0.00,0.00,0.00,0.00,0.00,0.00,0.00,0.00
216.76,0.21,44.75,0.00,0.00,0.00,0.00,0.00,0.00,0.00,0.00,0.00,0.00,0.00,0.00
215.76,0.21,45.46,0.00,0.00,0.00,0.00,0.00,0.00,0.00,0.00,0.00,0.00,0.00,0.00
214.15,0.21,44.84,0.00,0.00,0.00,0.00,0.00,0.00,0.00,0.00,0.00,0.00,0.00,0.00
216.30,0.20,44.22,0.00,0.00,0.00,0.00,0.00,0.00,0.00,0.00,0.00,0.00,0.00,0.00
215.48,0.21,44.73,0.00,0.00,0.00,0.00,0.00,0.00,0.00,0.00,0.00,0.00,0.00,0.00
214.14,0.21,44.32,0.00,0.00,0.00,0.00,0.00,0.00,0.00,0.00,0.00,0.00,0.00,0.00
215.01,0.21,44.49,0.00,0.00,0.00,0.00,0.00,0.00,0.00,0.00,0.00,0.00,0.00,0.00
215.03,0.21,44.32,0.00,0.00,0.00,0.00,0.00,0.00,0.00,0.00,0.00,0.00,0.00,0.00
214.57,0.20,43.79,0.00,0.00,0.00,0.00,0.00,0.00,0.00,0.00,0.00,0.00,0.00,0.00
215.07,0.21,44.20,0.00,0.00,0.00,0.00,0.00,0.00,0.00,0.00,0.00,0.00,0.00,0.00
214.49,0.21,44.53,0.00,0.00,0.00,0.00,0.00,0.00,0.00,0.00,0.00,0.00,0.00,0.00
216.59,0.21,44.54,0.00,0.00,0.00,0.00,0.00,0.00,0.00,0.00,0.00,0.00,0.00,0.00
219.48,0.21,45.61,0.00,0.00,0.00,0.00,0.00,0.00,0.00,0.00,0.00,0.00,0.00,0.00
215.49,0.21,44.62,0.00,0.00,0.00,0.00,0.00,0.00,0.00,0.00,0.00,0.00,0.00,0.00
215.84,0.21,45.02,0.00,0.00,0.00,0.00,0.00,0.00,0.00,0.00,0.00,0.00,0.00,0.00
213.65,0.21,43.90,0.00,0.00,0.00,0.00,0.00,0.00,0.00,0.00,0.00,0.00,0.00,0.00
213.33,0.21,44.05,0.00,0.00,0.00,0.00,0.00,0.00,0.00,0.00,0.00,0.00,0.00,0.00
213.73,0.21,43.92,0.00,0.00,0.00,0.00,0.00,0.00,0.00,0.00,0.00,0.00,0.00,0.00
212.78,0.20,43.23,0.00,0.00,0.00,0.00,0.00,0.00,0.00,0.00,0.00,0.00,0.00,0.00
216.76,0.21,45.07,0.00,0.00,0.00,0.00,0.00,0.00,0.00,0.00,0.00,0.00,0.00,0.00
215.58,0.21,44.31,0.00,0.00,0.00,0.00,0.00,0.00,0.00,0.00,0.00,0.00,0.00,0.00
213.55,0.20,43.74,0.00,0.00,0.00,0.00,0.00,0.00,0.00,0.00,0.00,0.00,0.00,0.00
214.15,0.21,44.15,0.00,0.00,0.00,0.00,0.00,0.00,0.00,0.00,0.00,0.00,0.00,0.00
217.46,0.21,45.29,0.00,0.00,0.00,0.00,0.00,0.00,0.00,0.00,0.00,0.00,0.00,0.00
213.79,0.20,43.65,0.00,0.00,0.00,0.00,0.00,0.00,0.00,0.00,0.00,0.00,0.00,0.00
215.26,0.21,44.29,0.00,0.00,0.00,0.00,0.00,0.00,0.00,0.00,0.00,0.00,0.00,0.00
215.17,0.21,44.46,0.00,0.00,0.00,0.00,0.00,0.00,0.00,0.00,0.00,0.00,0.00,0.00
217.54,0.21,45.41,0.00,0.00,0.00,0.00,0.00,0.00,0.00,0.00,0.00,0.00,0.00,0.00
213.62,0.21,44.25,0.00,0.00,0.00,0.00,0.00,0.00,0.00,0.00,0.00,0.00,0.00,0.00
213.64,0.21,44.16,0.00,0.00,0.00,0.00,0.00,0.00,0.00,0.00,0.00,0.00,0.00,0.00
217.01,0.21,45.29,0.00,0.00,0.00,0.00,0.00,0.00,0.00,0.00,0.00,0.00,0.00,0.00
217.86,0.21,45.46,0.00,0.00,0.00,0.00,0.00,0.00,0.00,0.00,0.00,0.00,0.00,0.00
215.45,0.21,44.42,0.00,0.00,0.00,0.00,0.00,0.00,0.00,0.00,0.00,0.00,0.00,0.00
217.12,0.21,45.38,0.00,0.00,0.00,0.00,0.00,0.00,0.00,0.00,0.00,0.00,0.00,0.00
216.62,0.21,44.83,0.00,0.00,0.00,0.00,0.00,0.00,0.00,0.00,0.00,0.00,0.00,0.00
216.03,0.21,44.79,0.00,0.00,0.00,0.00,0.00,0.00,0.00,0.00,0.00,0.00,0.00,0.00
214.86,0.21,44.37,0.00,0.00,0.00,0.00,0.00,0.00,0.00,0.00,0.00,0.00,0.00,0.00
216.13,0.21,44.96,0.00,0.00,0.00,0.00,0.00,0.00,0.00,0.00,0.00,0.00,0.00,0.00
246.57,0.24,58.29,0.00,0.00,0.00,0.00,0.00,0.00,0.00,0.00,0.00,0.00,0.00,0.00
218.08,0.21,45.62,0.00,0.00,0.00,0.00,0.00,0.00,0.00,0.00,0.00,0.00,0.00,0.00
214.86,0.21,44.77,0.00,0.00,0.00,0.00,0.00,0.00,0.00,0.00,0.00,0.00,0.00,0.00
214.16,0.21,44.41,0.00,0.00,0.00,0.00,0.00,0.00,0.00,0.00,0.00,0.00,0.00,0.00
215.58,0.21,44.42,0.00,0.00,0.00,0.00,0.00,0.00,0.00,0.00,0.00,0.00,0.00,0.00
215.87,0.21,44.85,0.00,0.00,0.00,0.00,0.00,0.00,0.00,0.00,0.00,0.00,0.00,0.00
0.00,0.00,0.00,0.00,0.00,0.00,0.00,0.00,0.00,0.00,0.00,0.00,0.00,0.00,0.00
0.00,0.00,0.00,0.00,0.00,0.00,0.00,0.00,0.00,0.00,0.00,0.00,0.00,0.00,0.00
0.00,0.00,0.00,0.00,0.00,0.00,0.00,0.00,0.00,0.00,0.00,0.00,0.00,0.00,0.00
0.00,0.00,0.00,0.00,0.00,0.00,0.00,0.00,0.00,0.00,0.00,0.00,0.00,0.00,0.00
0.00,0.00,0.00,0.00,0.00,0.00,0.00,0.00,0.00,0.00,0.00,0.00,0.00,0.00,0.00
0.00,0.00,0.00,0.00,0.00,0.00,0.00,0.00,0.00,0.00,0.00,0.00,0.00,0.00,0.00
0.00,0.00,0.00,0.00,0.00,0.00,0.00,0.00,0.00,0.00,0.00,0.00,0.00,0.00,0.00
