à0.00,0.10,0.00,0.00,0.00,0.00,0.00,0.10,0.00,0.00,0.00,0.00,0.00,0.00,0.00
0.00,0.07,0.00,0.00,0.00,0.00,0.00,0.07,0.00,0.00,0.00,0.00,0.00,0.00,0.00
0.00,0.05,0.00,0.00,0.00,0.00,0.00,0.05,0.00,0.00,0.00,0.00,0.00,0.00,0.00
0.00,0.00,0.00,0.00,0.00,0.00,0.00,0.00,0.00,0.00,0.00,0.00,0.00,0.00,0.00
0.00,0.00,0.00,0.00,0.00,0.00,0.00,0.00,0.00,0.00,0.00,0.00,0.00,0.00,0.00
0.00,0.00,0.00,0.00,0.00,0.00,0.00,0.00,0.00,0.00,0.00,0.00,0.00,0.00,0.00
0.00,0.00,0.00,0.00,0.00,0.00,0.00,0.00,0.00,0.00,0.00,0.00,0.00,0.00,0.00
0.00,0.00,0.00,0.00,0.00,0.00,0.00,0.00,0.00,0.00,0.00,0.00,0.00,0.00,0.00
0.00,0.00,0.00,0.00,0.00,0.00,0.00,0.00,0.00,0.00,0.00,0.00,0.00,0.00,0.00
0.00,0.00,0.00,0.00,0.00,0.00,0.00,0.00,0.00,0.00,0.00,0.00,0.00,0.00,0.00
0.00,0.00,0.00,0.00,0.00,0.00,0.00,0.00,0.00,0.00,0.00,0.00,0.00,0.00,0.00
0.00,0.00,0.00,0.00,0.00,0.00,0.00,0.00,0.00,0.00,0.00,0.00,0.00,0.00,0.00
0.00,0.00,0.00,0.00,0.00,0.00,0.00,0.00,0.00,0.00,0.00,0.00,0.00,0.00,0.00
0.00,0.00,0.00,0.00,0.00,0.00,0.00,0.00,0.00,0.00,0.00,0.00,0.00,0.00,0.00
0.00,0.00,0.00,0.00,0.00,0.00,0.00,0.00,0.00,0.00,0.00,0.00,0.00,0.00,0.00
0.00,0.00,0.00,0.00,0.00,0.00,0.00,0.00,0.00,0.00,0.00,0.00,0.00,0.00,0.00
0.00,0.00,0.00,0.00,0.00,0.00,0.00,0.00,0.00,0.00,0.00,0.00,0.00,0.00,0.00
0.00,0.00,0.00,0.00,0.00,0.00,0.00,0.00,0.00,0.00,0.00,0.00,0.00,0.00,0.00
0.00,0.00,0.00,0.00,0.00,0.00,0.00,0.00,0.00,0.00,0.00,0.00,0.00,0.00,0.00
0.00,0.00,0.00,0.00,0.00,0.00,0.00,0.00,0.00,0.00,0.00,0.00,0.00,0.00,0.00
0.00,0.00,0.00,0.00,0.00,0.00,0.00,0.00,0.00,0.00,0.00,0.00,0.00,0.00,0.00
0.00,0.00,0.00,0.00,0.00,0.00,0.00,0.00,0.00,0.00,0.00,0.00,0.00,0.00,0.00
0.00,0.00,0.00,0.00,0.00,0.00,0.00,0.00,0.00,0.00,0.00,0.00,0.00,0.00,0.00
0.00,0.00,0.00,0.00,0.00,0.00,0.00,0.00,0.00,0.00,0.00,0.00,0.00,0.00,0.00
0.00,0.00,0.00,0.00,0.00,0.00,0.00,0.00,0.00,0.00,0.00,0.00,0.00,0.00,0.00
0.00,0.00,0.00,0.00,0.00,0.00,0.211.94,0.11,22.50,0.00,0.00,0.00,211.24,0.11,10.70,0.00,0.00,0.00,0.00,0.00,0.00
211.57,0.07,15.84,0.00,0.00,0.00,0.00,0.07,0.00,0.00,0.00,0.00,0.00,0.00,0.00
211.60,0.05,11.24,0.00,0.00,0.00,0.00,0.05,0.00,0.00,0.00,0.00,0.00,0.00,0.00
214.07,0.20,43.54,0.00,0.00,0.00,0.00,0.00,0.00,0.00,0.00,0.00,0.00,0.00,0.00
212.93,0.20,42.97,0.00,0.00,0.00,0.00,0.00,0.00,0.00,0.00,0.00,0.00,0.00,0.00
211.60,0.20,42.52,0.00,0.00,0.00,0.00,0.00,0.00,0.00,0.00,0.00,0.00,0.00,0.00
211.28,0.20,42.30,0.00,0.00,0.00,0.00,0.00,0.00,0.00,0.00,0.00,0.00,0.00,0.00
210.22,0.20,42.07,0.00,0.00,0.00,0.00,0.00,0.00,0.00,0.00,0.00,0.00,0.00,0.00
209.52,0.20,41.55,0.00,0.00,0.00,0.00,0.00,0.00,0.00,0.00,0.00,0.00,0.00,0.00
210.06,0.20,41.80,0.00,0.00,0.00,0.00,0.00,0.00,0.00,0.00,0.00,0.00,0.00,0.00
211.38,0.20,42.29,0.00,0.00,0.00,0.00,0.00,0.00,0.00,0.00,0.00,0.00,0.00,0.00
214.08,0.20,43.56,0.00,0.00,0.00,0.00,0.00,0.00,0.00,0.00,0.00,0.00,0.00,0.00
211.15,0.20,42.13,0.00,0.00,0.00,0.00,0.00,0.00,0.00,0.00,0.00,0.00,0.00,0.00
210.90,0.20,42.24,0.00,0.00,0.00,0.00,0.00,0.00,0.00,0.00,0.00,0.00,0.00,0.00
209.88,0.20,41.93,0.00,0.00,0.00,0.00,0.00,0.00,0.00,0.00,0.00,0.00,0.00,0.00
212.44,0.20,42.83,0.00,0.00,0.00,0.00,0.00,0.00,0.00,0.00,0.00,0.00,0.00,0.00
211.84,0.20,42.68,0.00,0.00,0.00,0.00,0.00,0.00,0.00,0.00,0.00,0.00,0.00,0.00
213.46,0.20,43.09,0.00,0.00,0.00,0.00,0.00,0.00,0.00,0.00,0.00,0.00,0.00,0.00
211.31,0.20,42.43,0.00,0.00,0.00,0.00,0.00,0.00,0.00,0.00,0.00,0.00,0.00,0.00
210.10,0.20,42.01,0.00,0.00,0.00,0.00,0.00,0.00,0.00,0.00,0.00,0.00,0.00,0.00
217.26,0.21,44.79,0.00,0.00,0.00,0.00,0.00,0.00,0.00,0.00,0.00,0.00,0.00,0.00
211.13,0.20,42.45,0.00,0.00,0.00,0.00,0.00,0.00,0.00,0.00,0.00,0.00,0.00,0.00
209.70,0.20,41.66,0.00,0.00,0.00,0.00,0.00,0.00,0.00,0.00,0.00,0.00,0.00,0.00
212.43,0.20,42.70,0.00,0.00,0.00,0.00,0.00,0.00,0.00,0.00,0.00,0.00,0.00,0.00
214.74,0.20,43.89,0.00,0.00,0.00,0.00,0.00,0.00,0.00,0.00,0.00,0.00,0.00,0.00
212.77,0.20,42.90,0.00,0.00,0.00,0.00,0.00,0.00,0.00,0.00,0.00,0.00,0.00,0.00
211.44,0.20,42.27,0.00,0.00,0.00,0.00,0.00,0.00,0.00,0.00,0.00,0.00,0.00,0.00
208.79,0.20,41.61,0.00,0.00,0.00,0.00,0.00,0.00,0.00,0.00,0.00,0.00,0.00,0.00
210.43,0.20,42.18,0.00,0.00,0.00,0.00,0.00,0.00,0.00,0.00,0.00,0.00,0.00,0.00
211.71,0.20,42.33,0.00,0.00,0.00,0.00,0.00,0.00,0.00,0.00,0.00,0.00,0.00,0.00
215.45,0.20,43.87,0.00,0.00,0.00,0.00,0.00,0.00,0.00,0.00,0.00,0.00,0.00,0.00
210.25,0.20,41.96,0.00,0.00,0.00,0.00,0.00,0.00,0.00,0.00,0.00,0.00,0.00,0.00
211.37,0.20,42.10,0.00,0.00,0.00,0.00,0.00,0.00,0.00,0.00,0.00,0.00,0.00,0.00
211.09,0.20,42.14,0.00,0.00,0.00,0.00,0.00,0.00,0.00,0.00,0.00,0.00,0.00,0.00
213.29,0.20,43.35,0.00,0.00,0.00,0.00,0.00,0.00,0.00,0.00,0.00,0.00,0.00,0.00
212.23,0.20,42.73,0.00,0.00,0.00,0.00,0.00,0.00,0.00,0.00,0.00,0.00,0.00,0.00
210.41,0.20,42.16,0.00,0.00,0.00,0.00,0.00,0.00,0.00,0.00,0.00,0.00,0.00,0.00
211.44,0.20,42.38,0.00,0.00,0.00,0.00,0.00,0.00,0.00,0.00,0.00,0.00,0.00,0.00
211.49,0.20,42.31,0.00,0.00,0.00,0.00,0.00,0.00,0.00,0.00,0.00,0.00,0.00,0.00
213.52,0.20,43.27,0.00,0.00,0.00,0.00,0.00,0.00,0.00,0.00,0.00,0.00,0.00,0.00
210.59,0.20,42.28,0.00,0.00,0.00,0.00,0.00,0.00,0.00,0.00,0.00,0.00,0.00,0.00
210.80,0.20,41.96,0.00,0.00,0.00,0.00,0.00,0.00,0.00,0.00,0.00,0.00,0.00,0.00
213.02,0.20,42.88,0.00,0.00,0.00,0.00,0.00,0.00,0.00,0.00,0.00,0.00,0.00,0.00
211.33,0.20,42.38,0.00,0.00,0.00,0.00,0.00,0.00,0.00,0.00,0.00,0.00,0.00,0.00
211.56,0.20,42.34,0.00,0.00,0.00,0.00,0.00,0.00,0.00,0.00,0.00,0.00,0.00,0.00
209.27,0.20,41.56,0.00,0.00,0.00,0.00,0.00,0.00,0.00,0.00,0.00,0.00,0.00,0.00
213.13,0.20,43.39,0.00,0.00,0.00,0.00,0.00,0.00,0.00,0.00,0.00,0.00,0.00,0.00
211.46,0.20,42.29,0.00,0.00,0.00,0.00,0.00,0.00,0.00,0.00,0.00,0.00,0.00,0.00
211.35,0.20,42.15,0.00,0.00,0.00,0.00,0.00,0.00,0.00,0.00,0.00,0.00,0.00,0.00
208.63,0.20,41.47,0.00,0.00,0.00,0.00,0.00,0.00,0.00,0.00,0.00,0.00,0.00,0.00
210.45,0.20,42.09,0.00,0.00,0.00,0.00,0.00,0.00,0.00,0.00,0.00,0.00,0.00,0.00
210.71,0.20,42.03,0.00,0.00,0.00,0.00,0.00,0.00,0.00,0.00,0.00,0.00,0.00,0.00
210.46,0.20,41.85,0.00,0.00,0.00,0.00,0.00,0.00,0.00,0.00,0.00,0.00,0.00,0.00
210.26,0.20,41.80,0.00,0.00,0.00,0.00,0.00,0.00,0.00,0.00,0.00,0.00,0.00,0.00
209.51,0.20,41.79,0.00,0.00,0.00,0.00,0.00,0.00,0.00,0.00,0.00,0.00,0.00,0.00
213.88,0.20,43.42,0.00,0.00,0.00,0.00,0.00,0.00,0.00,0.00,0.00,0.00,0.00,0.00
211.56,0.20,42.34,0.00,0.00,0.00,0.00,0.00,0.00,0.00,0.00,0.00,0.00,0.00,0.00
210.05,0.20,41.89,0.00,0.00,0.00,0.00,0.00,0.00,0.00,0.00,0.00,0.00,0.00,0.00
214.69,0.20,43.52,0.00,0.00,0.00,0.00,0.00,0.00,0.00,0.00,0.00,0.00,0.00,0.00
212.69,0.20,42.78,0.00,0.00,0.00,0.00,0.00,0.00,0.00,0.00,0.00,0.00,0.00,0.00
209.43,0.20,41.55,0.00,0.00,0.00,0.00,0.00,0.00,0.00,0.00,0.00,0.00,0.00,0.00
211.01,0.20,42.08,0.00,0.00,0.00,0.00,0.00,0.00,0.00,0.00,0.00,0.00,0.00,0.00
214.24,0.20,43.74,0.00,0.00,0.00,0.00,0.00,0.00,0.00,0.00,0.00,0.00,0.00,0.00
213.07,0.20,42.99,0.00,0.00,0.00,0.00,0.00,0.00,0.00,0.00,0.00,0.00,0.00,0.00
211.22,0.20,42.37,0.00,0.00,0.00,0.00,0.00,0.00,0.00,0.00,0.00,0.00,0.00,0.00
210.44,0.20,41.97,0.00,0.00,0.00,0.00,0.00,0.00,0.00,0.00,0.00,0.00,0.00,0.00
211.94,0.20,42.72,0.00,0.00,0.00,0.00,0.00,0.00,0.00,0.00,0.00,0.00,0.00,0.00
213.28,0.20,43.13,0.00,0.00,0.00,0.00,0.00,0.00,0.00,0.00,0.00,0.00,0.00,0.00
211.25,0.20,42.37,0.00,0.00,0.00,0.00,0.00,0.00,0.00,0.00,0.00,0.00,0.00,0.00
210.54,0.20,42.03,0.00,0.00,0.00,0.00,0.00,0.00,0.00,0.00,0.00,0.00,0.00,0.00
212.02,0.41,87.27,211.20,0.21,43.86,0.00,0.00,0.00,0.00,0.00,0.00,0.00,0.00,0.00
212.04,0.41,87.45,211.64,0.21,44.16,0.00,0.00,0.00,0.00,0.00,0.00,0.00,0.00,0.00
209.44,0.41,86.38,211.05,0.21,43.91,0.00,0.00,0.00,0.00,0.00,0.00,0.00,0.00,0.00
209.30,0.41,86.46,211.62,0.21,44.18,0.00,0.00,0.00,0.00,0.00,0.00,0.00,0.00,0.00
209.23,0.41,86.39,211.68,0.21,44.15,0.00,0.00,0.00,0.00,0.00,0.00,0.00,0.00,0.00
210.19,0.41,86.75,211.60,0.21,44.18,0.00,0.00,0.00,0.00,0.00,0.00,0.00,0.00,0.00
209.60,0.41,86.39,211.27,0.21,43.91,0.00,0.00,0.00,0.00,0.00,0.00,0.00,0.00,0.00
211.20,0.41,86.79,209.75,0.21,43.43,0.00,0.00,0.00,0.00,0.00,0.00,0.00,0.00,0.00
210.54,0.41,86.80,210.92,0.21,43.85,0.00,0.00,0.00,0.00,0.00,0.00,0.00,0.00,0.00
210.03,0.41,86.62,210.99,0.21,43.92,0.00,0.00,0.00,0.00,0.00,0.00,0.00,0.00,0.00
212.13,0.41,87.57,212.17,0.21,44.35,0.00,0.00,0.00,0.00,0.00,0.00,0.00,0.00,0.00
211.05,0.41,86.99,211.53,0.21,44.00,0.00,0.00,0.00,0.00,0.00,0.00,0.00,0.00,0.00
212.35,0.41,87.77,212.42,0.21,44.53,0.00,0.00,0.00,0.00,0.00,0.00,0.00,0.00,0.00
209.48,0.41,86.34,211.24,0.21,43.96,0.00,0.00,0.00,0.00,0.00,0.00,0.00,0.00,0.00
210.15,0.41,86.21,213.16,0.21,43.29,0.00,0.00,0.00,0.00,0.00,0.00,0.00,0.00,0.00
211.54,0.41,87.09,210.87,0.21,43.85,0.00,0.00,0.00,0.00,0.00,0.00,0.00,0.00,0.00
210.06,0.41,86.32,209.78,0.21,43.37,0.00,0.00,0.00,0.00,0.00,0.00,0.00,0.00,0.00
210.32,0.41,86.78,212.80,0.21,44.46,0.00,0.00,0.00,0.00,0.00,0.00,0.00,0.00,0.00
212.10,0.41,87.31,211.03,0.21,43.88,0.00,0.00,0.00,0.00,0.00,0.00,0.00,0.00,0.00
209.59,0.41,86.90,213.49,0.21,44.92,0.00,0.00,0.00,0.00,0.00,0.00,0.00,0.00,0.00
213.17,0.41,87.94,211.77,0.21,44.20,0.00,0.00,0.00,0.00,0.00,0.00,0.00,0.00,0.00
210.78,0.41,87.04,212.20,0.21,44.29,0.00,0.00,0.00,0.00,0.00,0.00,0.00,0.00,0.00
210.98,0.42,87.80,214.62,0.21,45.48,0.00,0.00,0.00,0.00,0.00,0.00,0.00,0.00,0.00
209.79,0.41,86.48,214.44,0.21,43.14,0.00,0.00,0.00,0.00,0.00,0.00,0.00,0.00,0.00
209.23,0.41,86.16,211.34,0.21,43.97,0.00,0.00,0.00,0.00,0.00,0.00,0.00,0.00,0.00
208.88,0.41,85.94,210.47,0.21,43.73,0.00,0.00,0.00,0.00,0.00,0.00,0.00,0.00,0.00
215.03,0.42,89.43,215.29,0.21,45.69,0.00,0.00,0.00,0.00,0.00,0.00,0.00,0.00,0.00
211.85,0.41,87.19,211.14,0.21,43.81,0.00,0.00,0.00,0.00,0.00,0.00,0.00,0.00,0.00
210.60,0.63,131.71,210.76,0.21,43.83,209.90,0.21,35.03,0.00,0.00,0.00,0.00,0.00,0.00
207.98,0.63,130.43,211.06,0.21,43.94,207.28,0.22,35.61,0.00,0.00,0.00,0.00,0.00,0.00
210.68,0.63,131.84,210.71,0.21,43.84,209.98,0.21,35.37,0.00,0.00,0.00,0.00,0.00,0.00
210.28,0.63,131.67,209.68,0.21,43.32,209.58,0.22,35.71,0.00,0.00,0.00,0.00,0.00,0.00
212.25,0.63,133.09,210.29,0.21,43.66,211.55,0.22,35.62,0.00,0.00,0.00,0.00,0.00,0.00
212.20,0.63,132.82,210.77,0.21,43.85,211.50,0.21,35.20,0.00,0.00,0.00,0.00,0.00,0.00
209.79,0.63,131.61,211.28,0.21,44.03,209.09,0.22,35.80,0.00,0.00,0.00,0.00,0.00,0.00
208.88,0.63,131.14,209.94,0.21,43.53,208.18,0.22,36.10,0.00,0.00,0.00,0.00,0.00,0.00
208.37,0.62,130.19,209.13,0.21,43.22,207.67,0.21,35.24,0.00,0.00,0.00,0.00,0.00,0.00
211.54,0.83,176.32,208.88,0.21,43.13,210.84,0.21,33.73,213.76,0.21,44.88,0.00,0.00,0.00
208.17,0.83,173.68,210.12,0.21,43.43,207.47,0.21,34.82,215.91,0.21,44.90,0.00,0.00,0.00
209.56,0.84,175.68,208.83,0.21,42.98,208.86,0.21,35.17,219.30,0.22,46.15,0.00,0.00,0.00
208.09,0.83,173.38,207.37,0.20,42.29,207.39,0.21,35.02,214.30,0.21,45.20,0.00,0.00,0.00
208.21,0.84,174.02,208.90,0.21,42.97,207.51,0.21,34.99,215.04,0.21,45.46,0.00,0.00,0.00
207.43,0.84,173.38,209.32,0.21,43.20,206.73,0.21,34.89,214.69,0.21,45.32,0.00,0.00,0.00
210.01,0.83,175.24,209.00,0.21,43.15,209.31,0.21,34.85,213.90,0.21,44.86,0.00,0.00,0.00
208.13,0.83,173.42,209.12,0.21,43.15,207.43,0.21,34.48,213.16,0.21,44.63,0.00,0.00,0.00
208.52,0.83,173.78,207.63,0.21,42.60,207.82,0.21,34.53,214.60,0.21,45.28,0.00,0.00,0.00
208.92,0.83,174.30,208.89,0.21,42.93,208.22,0.21,34.65,215.30,0.21,45.47,0.00,0.00,0.00
209.14,0.84,174.83,207.58,0.21,42.53,208.44,0.21,35.30,214.86,0.21,45.38,0.00,0.00,0.00
209.58,0.84,175.08,209.71,0.21,43.46,208.88,0.21,34.91,213.77,0.21,44.86,0.00,0.00,0.00
214.22,0.84,178.95,208.35,0.21,43.18,213.52,0.21,34.95,213.48,0.21,44.78,0.00,0.00,0.00
209.00,0.83,174.31,210.84,0.21,43.92,208.30,0.21,34.46,212.31,0.21,44.29,0.00,0.00,0.00
208.96,0.84,174.63,209.56,0.21,43.42,208.26,0.21,33.55,214.66,0.21,45.35,0.00,0.00,0.00
208.94,1.09,228.61,207.81,0.21,42.71,208.24,0.21,33.33,214.59,0.21,45.27,213.42,0.26,33.29
207.45,1.09,227.03,208.88,0.21,43.13,206.75,0.21,34.61,213.62,0.21,44.86,213.22,0.26,33.00
209.47,1.09,229.27,210.44,0.21,43.89,208.77,0.21,34.05,213.47,0.21,44.82,214.39,0.26,33.40
206.47,1.09,225.75,207.00,0.20,42.48,205.77,0.21,34.80,215.19,0.21,45.63,212.19,0.26,32.57
208.92,1.10,229.20,211.26,0.21,44.33,208.22,0.21,34.39,214.34,0.21,45.19,213.30,0.26,33.05
208.29,1.09,227.17,208.23,0.20,42.77,207.59,0.21,34.18,214.96,0.21,45.52,213.89,0.26,33.05
207.41,1.09,225.46,208.48,0.20,42.74,206.71,0.21,33.39,213.71,0.21,44.97,213.55,0.26,32.87
211.16,1.09,230.44,213.80,0.21,44.68,210.46,0.21,34.14,213.64,0.21,44.93,213.53,0.25,32.75
206.66,1.09,225.23,207.55,0.20,42.51,205.96,0.21,34.68,214.96,0.21,45.39,213.65,0.26,32.86
210.83,1.09,229.16,209.27,0.21,43.28,210.13,0.21,33.95,211.91,0.21,44.23,213.74,0.26,32.70
209.02,1.09,227.28,207.73,0.20,42.57,208.32,0.21,34.37,214.86,0.21,45.45,213.01,0.25,32.33
207.12,1.09,224.93,208.69,0.21,42.96,206.42,0.21,34.33,212.62,0.21,44.52,212.80,0.25,32.48
208.90,1.09,226.77,207.46,0.20,42.46,208.20,0.21,33.80,214.88,0.21,45.42,213.44,0.25,32.66
208.03,1.09,225.75,207.50,0.20,42.57,207.33,0.21,34.53,214.39,0.21,45.20,212.56,0.25,31.84
208.83,1.09,227.49,208.76,0.21,43.09,208.13,0.21,34.35,214.16,0.21,45.09,213.38,0.25,32.36
206.39,1.09,224.80,209.76,0.21,43.40,205.69,0.21,34.31,214.71,0.21,45.40,212.72,0.25,32.25
207.58,1.09,225.39,210.04,0.21,43.49,206.88,0.21,34.26,213.72,0.21,44.87,215.41,0.25,32.21
209.29,1.09,228.16,208.70,0.21,42.85,208.59,0.21,34.40,215.52,0.21,45.77,214.09,0.25,32.34
208.52,1.09,226.85,208.54,0.21,43.01,207.82,0.21,34.27,212.51,0.21,44.52,214.48,0.25,32.68
207.44,1.09,225.52,207.91,0.20,42.51,206.74,0.22,34.46,216.23,0.21,46.02,212.93,0.25,32.00
207.57,1.09,226.34,210.32,0.21,43.69,206.87,0.21,34.21,215.30,0.21,45.50,215.56,0.25,32.68
206.69,1.09,225.48,207.26,0.20,42.45,205.99,0.22,34.44,215.37,0.21,45.64,215.32,0.25,33.05
210.05,1.09,228.31,211.03,0.21,44.20,209.35,0.21,33.99,213.87,0.21,45.08,212.68,0.25,31.80
208.82,1.08,226.55,208.83,0.21,43.07,208.12,0.21,34.01,214.81,0.21,45.42,214.14,0.25,32.25
205.81,1.09,225.12,209.19,0.21,43.27,205.11,0.21,34.53,215.32,0.21,45.75,217.00,0.26,33.19
210.15,1.09,229.64,209.21,0.21,43.04,209.45,0.21,34.50,215.10,0.21,45.74,217.91,0.26,33.62
208.62,1.08,226.26,208.48,0.21,42.92,207.92,0.22,34.79,213.66,0.21,45.09,212.48,0.25,31.35
200.58,1.08,217.40,209.49,0.21,43.45,199.88,0.21,33.87,213.53,0.21,45.05,214.59,0.25,32.02
196.61,1.09,214.28,212.61,0.21,44.56,195.91,0.22,34.45,214.65,0.21,45.45,213.11,0.25,31.70
200.48,1.09,217.75,211.79,0.21,44.31,199.78,0.21,33.86,213.92,0.21,45.15,214.29,0.25,32.11
209.37,1.09,227.34,208.89,0.21,43.07,208.67,0.22,34.76,214.99,0.21,45.54,213.41,0.25,31.48
212.21,1.09,230.53,209.45,0.21,43.28,211.51,0.21,34.09,215.25,0.21,45.49,214.42,0.25,31.81
218.99,1.09,237.72,210.07,0.21,43.59,218.29,0.22,34.65,214.52,0.21,45.31,211.84,0.25,31.00
218.01,1.08,236.20,208.66,0.21,43.06,217.31,0.21,34.33,213.26,0.21,44.90,213.64,0.25,31.42
219.24,1.08,236.80,209.45,0.21,43.21,218.54,0.21,33.97,212.65,0.21,44.66,212.26,0.25,30.89
219.04,1.09,237.90,209.59,0.21,43.34,218.34,0.21,34.39,214.48,0.21,45.33,214.54,0.25,32.16
219.21,1.09,238.59,209.30,0.21,43.22,218.51,0.22,35.11,213.63,0.21,44.99,213.55,0.25,32.02
220.12,1.09,238.93,209.33,0.21,43.20,219.42,0.21,34.30,214.59,0.21,45.49,215.30,0.25,32.49
217.64,1.09,236.62,209.00,0.21,43.10,216.94,0.22,34.91,214.19,0.21,45.23,213.01,0.25,31.45
219.05,1.08,237.21,209.00,0.21,43.00,218.35,0.21,34.39,215.75,0.21,45.93,212.37,0.25,31.51
218.20,1.08,236.73,209.91,0.21,43.34,217.50,0.22,34.83,214.10,0.21,45.22,213.23,0.25,31.31
220.85,1.08,239.44,209.03,0.21,43.09,220.15,0.22,34.45,214.97,0.21,45.57,214.30,0.25,31.61
216.96,1.08,235.15,208.17,0.20,42.62,216.26,0.22,34.60,214.14,0.21,45.24,213.28,0.25,31.34
219.58,1.08,238.12,208.54,0.21,42.98,218.88,0.21,34.39,215.27,0.21,45.74,213.70,0.25,31.75
217.08,1.09,235.94,210.31,0.21,43.64,216.38,0.22,34.83,214.29,0.21,45.29,213.16,0.25,31.56
217.42,1.08,235.34,208.81,0.21,43.02,216.72,0.21,34.41,218.79,0.21,45.99,213.56,0.25,31.61
217.77,1.08,235.68,209.85,0.21,43.51,217.07,0.21,34.32,215.21,0.21,45.61,212.16,0.24,31.25
217.47,1.08,234.97,207.91,0.20,42.65,216.77,0.21,34.00,214.83,0.21,45.60,214.27,0.25,31.71
216.66,1.08,234.26,208.00,0.20,42.71,215.96,0.21,34.32,213.96,0.21,45.12,213.24,0.25,31.56
218.35,1.08,235.81,206.53,0.20,42.14,217.65,0.21,34.38,214.45,0.21,45.32,214.09,0.25,31.56
216.81,1.09,236.00,210.30,0.21,43.63,216.11,0.22,34.89,215.93,0.21,46.04,215.70,0.25,32.29
220.43,1.08,238.41,208.52,0.21,42.92,219.73,0.22,34.48,215.90,0.21,46.02,212.14,0.24,30.66
218.71,1.08,236.38,210.86,0.21,44.05,218.01,0.21,34.05,213.10,0.21,44.84,212.90,0.24,30.91
217.85,1.08,235.25,207.22,0.20,42.50,217.15,0.21,34.21,215.54,0.21,45.89,213.82,0.25,31.21
218.21,1.08,235.59,210.41,0.21,43.79,217.51,0.21,33.33,214.47,0.21,45.53,214.76,0.25,31.57
219.40,1.08,236.85,208.41,0.20,42.70,218.70,0.21,34.19,213.96,0.21,45.17,213.35,0.25,31.49
216.53,1.08,233.80,208.61,0.21,42.99,215.83,0.22,34.46,213.03,0.21,44.70,212.93,0.24,31.09
217.52,1.08,234.85,208.70,0.21,42.96,216.82,0.21,34.25,215.22,0.21,45.69,213.40,0.24,31.24
217.75,1.09,236.66,209.64,0.21,43.43,217.05,0.21,34.14,215.98,0.21,46.04,218.13,0.25,32.81
216.39,1.08,234.10,210.15,0.21,43.79,215.69,0.21,33.88,215.94,0.21,46.10,214.49,0.24,31.58
216.64,1.08,234.63,209.65,0.21,43.69,215.94,0.21,34.35,214.25,0.21,45.21,212.74,0.25,31.14
215.63,1.08,233.55,208.81,0.21,43.04,214.93,0.22,34.60,215.58,0.21,45.86,214.07,0.25,31.43
216.54,1.08,234.15,210.04,0.21,43.60,215.84,0.22,34.51,213.29,0.21,44.81,214.17,0.25,31.31
214.59,1.08,231.97,208.23,0.20,42.73,213.89,0.22,34.65,215.31,0.21,45.86,213.42,0.24,30.98
216.10,1.08,233.30,209.24,0.21,43.27,215.40,0.21,34.35,214.19,0.21,45.17,212.50,0.24,31.08
214.42,1.08,231.67,207.84,0.20,42.65,213.72,0.22,34.72,215.54,0.21,45.89,213.13,0.24,30.93
215.27,1.08,232.87,209.33,0.21,43.48,214.57,0.21,34.22,213.64,0.21,45.05,214.78,0.25,31.56
213.34,1.08,230.56,207.80,0.20,42.68,212.64,0.22,34.69,214.24,0.21,45.33,214.53,0.24,31.61
215.42,1.08,232.50,210.19,0.21,43.55,214.72,0.21,34.21,212.96,0.21,44.79,213.52,0.24,30.88
214.33,1.08,231.10,208.55,0.21,42.97,213.63,0.21,34.40,213.75,0.21,45.19,212.94,0.24,30.73
214.70,1.08,232.09,210.24,0.21,43.59,214.00,0.21,34.39,214.26,0.21,45.20,215.04,0.24,31.48
214.92,1.08,231.99,208.46,0.21,42.84,214.22,0.22,34.86,213.35,0.21,44.89,212.59,0.24,30.58
215.03,1.08,232.11,208.82,0.21,43.17,214.33,0.21,33.96,214.30,0.21,45.33,214.53,0.24,31.90
214.97,1.08,232.36,208.55,0.21,43.07,214.27,0.22,34.71,214.08,0.21,45.26,213.75,0.24,31.07
215.92,1.08,233.33,212.76,0.21,44.05,215.22,0.21,33.59,215.21,0.21,45.80,211.59,0.24,30.88
213.47,1.08,230.44,209.45,0.21,43.25,212.77,0.21,34.23,215.03,0.21,45.50,213.00,0.24,30.83
217.93,1.08,235.50,209.36,0.21,43.25,217.23,0.21,34.18,213.93,0.21,45.30,214.82,0.25,31.52
214.41,1.08,231.71,209.78,0.21,43.29,213.71,0.22,34.86,215.14,0.21,45.70,212.99,0.24,30.75
215.76,1.08,233.52,209.05,0.21,43.34,215.06,0.21,34.34,213.29,0.21,44.94,215.01,0.25,31.91
214.16,1.08,231.29,208.97,0.21,43.20,213.46,0.22,34.77,215.62,0.21,45.80,211.82,0.24,30.73
217.24,1.08,234.24,209.90,0.21,43.56,216.54,0.21,34.11,214.57,0.21,45.43,214.62,0.24,31.22
214.26,1.08,232.07,207.50,0.20,42.59,213.56,0.22,34.86,216.03,0.21,46.15,214.62,0.24,31.17
215.02,1.08,232.89,210.30,0.21,43.77,214.32,0.22,34.59,214.73,0.21,45.46,214.28,0.24,31.25
215.42,1.08,232.71,208.02,0.21,42.79,214.72,0.22,34.83,214.65,0.21,45.45,215.28,0.24,31.03
215.69,1.08,233.02,210.69,0.21,43.96,214.99,0.22,34.54,212.99,0.21,44.63,214.20,0.24,31.03
214.82,1.08,232.11,209.44,0.21,43.28,214.12,0.22,34.68,214.77,0.21,45.69,212.45,0.24,30.29
216.93,1.08,233.56,208.65,0.21,43.00,216.23,0.21,33.90,213.59,0.21,44.99,214.07,0.24,30.98
215.77,1.08,233.10,208.50,0.21,42.96,215.07,0.22,34.79,214.58,0.21,45.45,214.33,0.24,31.06
213.93,1.08,230.98,210.34,0.21,43.64,213.23,0.21,34.31,212.85,0.21,44.73,215.07,0.24,31.19
215.79,1.08,232.95,207.26,0.20,42.45,215.09,0.22,34.75,213.76,0.21,45.14,214.22,0.24,31.20
215.57,1.08,232.21,210.92,0.21,43.98,214.87,0.21,33.97,213.94,0.21,45.29,211.76,0.24,30.41
215.89,1.08,233.14,208.86,0.21,43.08,215.19,0.21,34.16,215.44,0.21,45.87,214.63,0.24,31.01
213.70,1.08,230.78,209.49,0.21,43.36,213.00,0.22,34.67,213.58,0.21,45.25,214.00,0.24,30.91
216.31,1.08,233.42,208.94,0.21,43.05,215.61,0.22,35.06,214.94,0.21,45.69,214.62,0.24,31.05
216.07,1.08,232.67,209.68,0.21,43.73,215.37,0.21,34.18,213.24,0.21,45.11,214.58,0.24,30.98
215.84,1.08,233.16,209.49,0.21,43.38,215.14,0.22,34.40,215.13,0.21,45.73,213.79,0.24,30.60
215.19,1.08,233.21,210.64,0.21,43.77,214.49,0.22,34.55,214.30,0.21,45.42,215.59,0.25,31.29
215.76,1.08,232.96,208.97,0.21,43.18,215.06,0.21,34.22,214.75,0.21,45.55,215.72,0.24,31.32
216.75,1.08,233.75,209.72,0.21,43.35,216.05,0.22,35.08,214.41,0.21,45.38,212.08,0.24,30.28
214.83,1.08,232.39,209.09,0.21,43.22,214.13,0.22,34.46,215.37,0.21,45.90,215.04,0.24,31.04
216.92,1.08,234.41,210.46,0.21,43.73,216.22,0.22,34.70,213.38,0.21,45.04,214.51,0.24,30.96
215.03,1.08,232.12,207.00,0.20,42.48,214.33,0.22,34.57,214.67,0.21,45.57,216.66,0.24,31.42
214.65,1.08,231.21,210.19,0.21,43.72,213.95,0.22,34.69,213.79,0.21,45.10,211.75,0.24,30.07
214.45,1.08,231.52,208.94,0.21,43.15,213.75,0.21,34.47,215.84,0.21,45.92,215.51,0.24,31.05
214.98,1.08,231.11,209.68,0.21,43.57,214.28,0.22,34.45,214.17,0.21,45.34,212.16,0.24,29.87
216.17,1.08,232.96,209.38,0.21,43.21,215.47,0.21,34.35,215.71,0.21,45.88,213.77,0.24,30.58
215.67,1.08,233.28,209.42,0.21,43.35,214.97,0.22,35.03,214.57,0.21,45.52,214.24,0.24,30.72
217.37,1.07,233.62,210.72,0.21,44.09,216.67,0.21,33.29,213.80,0.21,45.23,214.13,0.24,30.61
217.10,1.08,234.72,212.85,0.21,44.77,216.40,0.21,34.16,215.75,0.21,45.81,213.54,0.24,30.50
215.43,1.08,231.88,209.99,0.21,43.59,214.73,0.21,33.80,214.46,0.21,45.42,213.88,0.24,30.98
215.19,1.08,231.78,208.66,0.21,42.97,214.49,0.22,34.94,214.22,0.21,45.32,214.13,0.24,30.37
216.07,1.08,233.52,209.74,0.21,43.40,215.37,0.22,34.63,214.81,0.21,45.52,216.09,0.24,31.31
215.41,1.08,232.32,209.07,0.21,43.07,214.71,0.22,34.87,215.71,0.21,45.66,212.72,0.24,30.19
217.11,1.08,233.53,208.25,0.21,42.86,216.41,0.21,34.22,213.35,0.21,44.99,215.39,0.24,31.41
214.27,1.08,231.77,209.50,0.21,43.46,213.57,0.22,34.86,214.59,0.21,45.48,213.83,0.24,30.88
216.52,1.08,233.61,209.12,0.21,43.27,215.82,0.21,34.42,215.44,0.21,45.79,214.82,0.24,30.93
215.16,1.08,232.31,210.99,0.21,44.00,214.46,0.21,34.53,215.45,0.21,45.90,212.29,0.24,30.15
216.65,1.08,233.59,209.52,0.21,43.34,215.95,0.21,34.24,215.50,0.21,45.92,214.20,0.24,30.99
218.25,1.08,235.98,212.72,0.21,44.68,217.55,0.22,34.84,213.86,0.21,45.20,213.84,0.24,30.80
213.40,1.08,230.47,210.01,0.21,43.51,212.70,0.21,34.43,215.14,0.21,45.75,215.21,0.24,31.00
215.57,1.08,232.75,210.89,0.21,43.99,214.87,0.21,34.36,213.74,0.21,45.20,213.69,0.24,30.99
216.73,1.08,233.53,208.53,0.21,43.14,216.03,0.21,34.36,216.64,0.21,46.32,215.36,0.24,30.63
216.94,1.07,233.01,209.64,0.21,43.17,216.24,0.22,34.56,213.06,0.21,44.92,213.06,0.24,29.81
218.50,1.07,234.73,208.53,0.21,43.04,217.80,0.21,33.98,215.34,0.21,45.92,215.29,0.24,30.92
217.21,1.08,235.48,214.44,0.21,45.36,216.51,0.22,35.00,214.13,0.21,45.24,214.15,0.24,30.82
215.47,1.08,232.17,209.25,0.21,43.30,214.77,0.21,34.20,215.49,0.21,45.86,215.26,0.24,31.22
214.74,1.08,231.46,210.82,0.21,43.79,214.04,0.22,34.60,213.81,0.21,45.28,214.41,0.24,30.82
216.21,1.08,232.68,210.57,0.21,43.73,215.51,0.22,34.65,214.17,0.21,45.46,214.06,0.24,30.27
216.20,1.08,232.77,209.38,0.21,43.36,215.50,0.21,34.17,215.57,0.21,45.92,214.59,0.24,30.74
215.67,1.08,233.23,208.89,0.21,43.10,214.97,0.21,34.41,215.16,0.21,45.72,215.99,0.24,30.99
215.89,1.08,232.93,211.94,0.21,44.41,215.19,0.22,34.59,214.69,0.21,45.50,214.50,0.24,30.60
215.01,1.08,232.12,209.38,0.21,43.22,214.31,0.22,34.88,215.88,0.21,46.18,212.20,0.24,29.29
216.89,1.08,233.69,210.68,0.21,43.88,216.19,0.21,33.82,213.88,0.21,45.31,215.39,0.24,31.22
215.43,1.08,232.05,209.32,0.21,43.36,214.73,0.22,34.97,215.49,0.21,45.95,212.55,0.24,29.73
217.73,1.08,234.22,209.79,0.21,43.60,217.03,0.21,34.28,214.45,0.21,45.33,215.44,0.24,30.77
215.30,1.08,231.63,209.76,0.21,43.50,214.60,0.22,34.95,212.93,0.21,45.00,213.56,0.24,30.31
215.14,1.08,231.88,210.58,0.21,43.74,214.44,0.21,34.19,215.04,0.21,45.57,215.68,0.24,30.89
214.67,1.08,230.97,209.21,0.21,43.19,213.97,0.22,34.79,214.26,0.21,45.36,212.91,0.24,29.96
218.11,1.08,236.08,212.48,0.21,44.64,217.41,0.22,34.73,215.87,0.21,46.15,213.72,0.24,30.49
214.89,1.08,231.14,211.51,0.21,44.09,214.19,0.21,34.29,214.64,0.21,45.43,212.40,0.24,30.32
214.67,1.08,231.96,212.06,0.21,44.44,213.97,0.21,34.26,216.25,0.21,46.22,214.51,0.24,30.60
216.21,1.08,233.02,212.11,0.21,43.86,215.51,0.22,34.83,215.08,0.21,45.86,214.04,0.24,30.47
216.79,1.07,233.05,207.27,0.20,42.70,216.09,0.21,34.25,215.41,0.21,45.93,215.11,0.24,30.93
217.23,1.08,233.90,210.12,0.21,43.70,216.53,0.21,34.47,215.40,0.21,45.90,213.88,0.24,29.96
215.94,1.08,232.65,210.38,0.21,43.90,215.24,0.21,34.42,215.15,0.21,45.78,213.82,0.24,30.36
216.89,1.08,233.28,208.85,0.21,43.09,216.19,0.21,34.38,216.08,0.21,46.16,214.03,0.24,30.43
215.61,1.08,232.54,208.24,0.21,42.93,214.91,0.22,34.64,213.83,0.21,45.41,213.60,0.24,30.39
216.98,1.08,234.16,208.86,0.21,43.14,216.28,0.22,34.62,216.53,0.21,46.31,215.47,0.24,30.92
215.01,1.08,231.66,210.31,0.21,43.58,214.31,0.22,34.63,213.22,0.21,45.17,214.70,0.24,30.75
214.23,1.08,230.90,208.61,0.20,42.76,213.53,0.21,34.29,214.31,0.21,45.71,214.47,0.24,30.99
214.97,1.08,231.25,209.47,0.21,43.25,214.27,0.22,35.00,214.56,0.21,45.51,214.44,0.24,30.69
216.27,1.07,232.46,207.90,0.20,42.62,215.57,0.22,34.92,216.01,0.21,46.14,213.68,0.24,30.12
217.20,1.08,233.81,209.36,0.21,43.40,216.50,0.22,34.63,214.38,0.21,45.40,214.64,0.24,30.76
216.87,1.08,233.29,207.57,0.20,42.63,216.17,0.22,35.22,215.00,0.21,45.67,212.57,0.24,29.84
216.07,1.08,232.45,208.68,0.21,43.07,215.37,0.21,34.25,216.18,0.21,46.04,215.18,0.24,30.69
213.44,1.07,229.08,209.35,0.21,43.18,212.74,0.21,34.00,213.84,0.21,45.22,214.42,0.24,30.67
216.64,1.07,232.88,207.83,0.20,42.71,215.94,0.21,34.41,215.00,0.21,45.58,214.82,0.24,30.40
215.41,1.08,231.67,210.13,0.21,43.74,214.71,0.21,33.71,213.73,0.21,45.25,214.80,0.24,30.73
215.43,1.07,231.45,209.20,0.21,43.04,214.73,0.22,34.73,215.18,0.21,45.84,214.62,0.24,30.18
217.60,1.07,232.67,205.75,0.20,41.82,216.90,0.22,34.63,213.76,0.21,45.14,213.29,0.24,29.67
213.99,1.08,230.48,211.01,0.21,43.85,213.29,0.21,34.05,216.80,0.21,46.19,214.41,0.24,30.39
219.01,1.08,236.07,212.68,0.21,44.82,218.31,0.21,34.32,216.04,0.21,46.08,214.89,0.24,30.44
216.88,1.08,234.59,212.22,0.21,44.47,216.18,0.22,35.38,215.16,0.21,45.84,213.43,0.24,30.34
217.21,1.07,233.27,208.27,0.21,42.96,216.51,0.21,34.31,215.53,0.21,45.89,214.09,0.24,30.47
217.14,1.08,234.43,213.26,0.21,44.91,216.44,0.22,35.22,214.26,0.21,45.42,214.42,0.24,30.34
216.50,1.08,232.87,209.28,0.21,43.35,215.80,0.22,34.65,215.76,0.21,45.97,216.07,0.24,30.76
214.82,1.08,231.64,210.17,0.21,43.67,214.12,0.22,34.62,214.18,0.21,45.33,214.69,0.24,30.62
216.69,1.08,233.33,208.29,0.20,42.77,215.99,0.22,35.12,215.79,0.21,46.11,214.90,0.24,30.25
216.77,1.08,233.07,208.52,0.20,42.89,216.07,0.22,34.53,215.30,0.21,45.87,214.16,0.24,30.49
216.72,1.08,233.89,212.35,0.21,44.68,216.02,0.22,35.07,213.13,0.21,45.18,213.26,0.24,30.02
221.04,1.08,237.78,207.76,0.21,42.96,220.34,0.21,34.10,214.26,0.21,45.60,215.92,0.24,30.80
216.09,1.07,232.18,209.11,0.21,43.23,215.39,0.22,34.99,214.06,0.21,45.23,213.78,0.24,29.98
216.13,1.08,233.05,210.78,0.21,43.75,215.43,0.21,34.40,215.51,0.21,45.84,213.32,0.24,29.48
215.61,1.08,232.78,212.46,0.21,44.60,214.91,0.21,34.15,214.34,0.21,45.38,213.58,0.24,30.31
217.24,1.08,233.68,209.76,0.21,43.61,216.54,0.21,33.77,214.31,0.21,45.44,214.48,0.24,30.68
215.86,1.08,232.54,210.18,0.21,43.67,215.16,0.21,34.22,214.32,0.21,45.39,214.96,0.24,30.75
215.02,1.08,231.93,208.53,0.21,42.97,214.32,0.22,34.98,213.61,0.21,45.36,214.75,0.24,30.43
216.70,1.08,233.50,209.72,0.21,43.47,216.00,0.21,34.20,214.96,0.21,45.65,215.51,0.24,30.85
215.11,1.08,232.59,208.60,0.21,42.94,214.41,0.22,34.96,215.83,0.21,46.11,213.73,0.24,30.32
216.03,1.08,232.44,210.62,0.21,43.67,215.33,0.21,34.09,217.63,0.21,46.02,217.54,0.24,30.91
213.57,1.08,230.07,208.37,0.20,42.84,212.87,0.22,34.64,215.64,0.21,45.79,214.01,0.24,30.28
215.53,1.07,231.57,208.18,0.21,42.87,214.83,0.21,34.05,214.69,0.21,45.41,215.64,0.24,30.88
217.37,1.08,234.01,212.12,0.21,44.47,216.67,0.21,34.30,213.98,0.21,45.40,213.79,0.24,30.30
216.65,1.07,232.46,207.59,0.20,42.58,215.95,0.21,34.00,216.42,0.21,46.37,214.38,0.24,30.08
217.56,1.08,235.21,212.91,0.21,44.88,216.86,0.21,34.37,215.20,0.21,45.85,213.44,0.24,30.22
215.88,1.08,232.59,210.25,0.21,43.65,215.18,0.21,34.56,214.55,0.21,45.51,215.53,0.24,30.72
215.69,1.07,231.68,209.89,0.21,43.50,214.99,0.21,34.15,213.35,0.21,45.18,213.66,0.24,30.47
218.48,1.08,235.26,211.85,0.21,44.42,217.78,0.21,33.30,214.98,0.21,45.77,215.90,0.24,31.01
214.40,1.08,230.51,209.69,0.21,43.31,213.70,0.21,34.63,214.08,0.21,45.19,213.27,0.24,29.81
215.09,1.08,231.33,208.10,0.20,42.48,214.39,0.21,33.98,215.69,0.21,45.96,215.06,0.24,30.77
217.54,1.08,234.01,212.35,0.21,44.48,216.84,0.21,34.28,213.67,0.21,45.23,213.38,0.24,30.08
218.16,1.08,235.03,212.84,0.21,44.64,217.46,0.21,33.85,214.91,0.21,45.62,215.83,0.24,30.73
216.02,1.08,232.97,209.91,0.21,43.59,215.32,0.22,35.11,214.48,0.21,45.53,214.05,0.24,30.16
218.52,1.07,234.39,207.77,0.20,42.65,217.82,0.21,34.40,214.25,0.21,45.41,213.95,0.24,30.09
214.95,1.07,230.94,209.90,0.21,43.53,214.25,0.22,34.63,213.38,0.21,45.03,213.01,0.24,29.70
219.76,1.07,235.52,209.15,0.21,43.31,219.06,0.21,33.91,214.66,0.21,45.62,213.15,0.24,29.67
217.46,1.07,233.75,211.86,0.21,44.28,216.76,0.21,34.38,213.89,0.21,45.35,213.89,0.24,29.71
217.47,1.07,233.65,209.79,0.21,43.50,216.77,0.21,34.38,213.18,0.21,44.88,218.20,0.24,31.28
217.56,1.08,234.79,213.08,0.21,44.91,216.86,0.22,35.04,214.60,0.21,45.58,213.76,0.24,29.69
218.05,1.07,234.37,208.92,0.21,43.25,217.35,0.21,34.29,213.98,0.21,45.42,214.08,0.24,30.42
217.03,1.08,233.69,209.14,0.21,43.12,216.33,0.21,34.57,216.87,0.21,46.53,214.38,0.24,30.15
218.28,1.08,235.13,213.65,0.21,45.07,217.58,0.21,34.26,214.47,0.21,45.54,214.27,0.24,29.86
215.69,1.07,231.86,207.15,0.20,42.49,214.99,0.22,34.86,215.70,0.21,45.90,213.79,0.24,30.20
216.74,1.07,232.48,209.79,0.21,43.48,216.04,0.21,34.64,212.21,0.21,44.54,212.87,0.24,29.55
214.44,1.07,229.72,207.58,0.20,42.50,213.74,0.21,34.48,214.81,0.21,45.54,214.87,0.24,30.03
214.96,1.08,231.11,210.34,0.21,43.61,214.26,0.22,34.74,213.43,0.21,45.22,213.84,0.24,29.72
216.02,1.08,232.24,207.54,0.20,42.45,215.32,0.22,35.19,216.10,0.21,46.28,215.00,0.24,29.96
216.80,1.08,233.21,209.47,0.21,43.25,216.10,0.22,34.75,215.23,0.21,45.79,214.39,0.24,30.53
217.42,1.07,233.37,209.25,0.21,43.23,216.72,0.21,34.30,216.69,0.21,46.01,214.81,0.24,30.20
216.08,1.08,233.03,209.49,0.21,43.26,215.38,0.22,34.77,215.04,0.21,45.87,215.94,0.24,30.52
216.58,1.07,232.25,208.59,0.20,42.88,215.88,0.21,34.36,215.49,0.21,45.95,214.02,0.24,29.96
216.37,1.07,232.25,210.60,0.21,43.79,215.67,0.22,35.04,214.53,0.21,45.58,211.82,0.23,29.30
214.88,1.07,230.98,208.56,0.21,42.90,214.18,0.21,34.61,216.08,0.21,46.12,214.79,0.24,30.17
214.39,1.07,229.75,210.20,0.21,43.51,213.69,0.21,33.60,214.30,0.21,45.49,213.32,0.24,29.96
219.53,1.08,236.14,210.83,0.21,44.02,218.83,0.21,33.80,215.98,0.21,46.20,215.78,0.24,30.22
214.53,1.08,230.75,210.29,0.21,43.65,213.83,0.21,34.52,214.46,0.21,45.53,215.68,0.24,30.80
216.50,1.08,232.74,209.29,0.21,43.23,215.80,0.21,34.42,216.16,0.21,46.24,215.20,0.24,30.13
214.76,1.07,230.78,210.18,0.21,43.47,214.06,0.22,34.91,214.72,0.21,45.72,213.82,0.24,30.08
217.90,1.07,234.23,209.34,0.20,42.89,217.20,0.21,34.50,215.29,0.21,45.88,217.07,0.24,31.16
217.76,1.07,233.94,211.56,0.21,44.26,217.06,0.21,34.45,215.07,0.21,45.64,214.35,0.24,30.30
218.79,1.07,235.00,213.06,0.21,44.70,218.09,0.21,33.79,214.97,0.21,45.65,216.37,0.24,30.65
217.44,1.08,234.27,212.89,0.21,44.77,216.74,0.21,34.75,215.37,0.21,45.85,214.51,0.24,30.03
217.75,1.08,234.77,211.49,0.21,44.18,217.05,0.21,34.66,214.58,0.21,45.56,214.84,0.24,30.27
214.55,1.07,229.64,210.90,0.21,43.77,213.85,0.22,34.71,214.85,0.21,45.62,212.61,0.23,29.54
214.11,1.07,229.31,208.66,0.21,42.97,213.41,0.21,33.97,214.23,0.21,45.34,216.59,0.24,31.03
215.61,1.07,231.13,207.83,0.20,42.59,214.91,0.22,35.26,214.98,0.21,45.66,213.77,0.24,30.02
217.30,1.07,233.39,208.79,0.21,43.15,216.60,0.21,34.58,214.13,0.21,45.45,215.39,0.24,30.38
216.51,1.07,232.15,209.31,0.21,43.30,215.81,0.22,34.94,214.08,0.21,45.33,213.83,0.24,29.76
217.38,1.07,232.89,210.82,0.21,43.17,216.68,0.21,33.97,214.29,0.21,45.45,213.91,0.24,29.73
215.54,1.08,231.95,209.14,0.21,43.26,214.84,0.22,34.90,213.98,0.21,45.51,215.41,0.24,30.45
219.07,1.08,236.85,211.91,0.21,44.32,218.37,0.21,34.02,217.40,0.22,46.80,217.56,0.24,31.16
219.55,1.08,236.10,212.31,0.21,44.30,218.85,0.21,34.43,216.69,0.21,46.41,214.17,0.24,29.89
217.50,1.07,232.99,210.33,0.21,43.62,216.80,0.21,33.45,214.89,0.21,45.61,214.71,0.24,30.12
215.47,1.07,231.20,209.94,0.21,43.49,214.77,0.22,35.05,213.91,0.21,45.33,214.25,0.24,29.85
217.82,1.07,233.72,208.23,0.20,42.77,217.12,0.21,34.50,217.40,0.21,46.55,214.59,0.24,30.19
215.96,1.07,231.75,209.79,0.21,43.32,215.26,0.21,34.43,214.82,0.21,45.76,214.52,0.24,30.12
217.15,1.07,232.90,207.69,0.20,42.65,216.45,0.21,34.41,214.61,0.21,45.64,215.33,0.24,30.54
216.13,1.08,232.90,209.80,0.21,43.50,215.43,0.22,35.29,215.82,0.21,45.79,212.78,0.24,29.85
216.82,1.07,231.95,208.00,0.20,42.72,216.12,0.21,34.01,214.62,0.21,45.71,213.54,0.24,29.45
215.87,1.07,231.50,210.16,0.21,43.48,215.17,0.21,34.41,212.43,0.21,44.78,212.88,0.24,29.47
216.54,1.07,232.61,209.19,0.21,43.18,215.84,0.21,34.24,215.91,0.21,45.99,215.18,0.24,30.63
216.76,1.07,232.58,209.04,0.21,43.15,216.06,0.22,34.57,213.32,0.21,45.10,214.45,0.24,30.19
217.17,1.07,232.63,208.73,0.21,43.08,216.47,0.21,34.02,215.85,0.21,46.08,215.41,0.24,30.30
216.58,1.07,232.60,211.36,0.21,43.99,215.88,0.22,34.81,213.35,0.21,45.23,213.38,0.24,29.84
219.05,1.08,235.94,212.20,0.21,44.60,218.35,0.21,34.53,215.53,0.21,45.86,215.15,0.24,30.52
218.25,1.08,234.82,212.71,0.21,44.54,217.55,0.22,34.84,215.82,0.21,46.07,214.02,0.24,29.91
218.13,1.08,235.64,212.62,0.21,44.52,217.43,0.21,33.92,216.27,0.21,46.32,218.98,0.24,31.41
218.81,1.07,234.64,212.55,0.21,44.37,218.11,0.21,33.64,213.98,0.21,45.36,215.50,0.24,30.50
216.75,1.07,232.94,207.85,0.20,42.50,216.05,0.22,35.04,215.91,0.21,46.13,215.09,0.24,30.39
217.05,1.07,233.33,211.14,0.21,43.98,216.35,0.21,34.02,213.92,0.21,45.44,214.98,0.24,30.05
215.09,1.07,230.48,208.57,0.21,42.98,214.39,0.21,34.52,213.41,0.21,45.33,213.37,0.24,29.35
217.40,1.07,233.12,209.99,0.21,43.45,216.70,0.21,34.06,214.97,0.21,45.64,215.95,0.24,30.30
214.74,1.08,231.09,208.71,0.21,43.06,214.04,0.22,35.17,215.83,0.21,46.03,213.49,0.24,29.86
217.81,1.07,233.36,208.53,0.20,42.78,217.11,0.21,34.29,215.26,0.21,45.71,214.15,0.24,30.08
216.37,1.08,232.67,210.94,0.21,43.88,215.67,0.21,34.32,214.24,0.21,45.39,216.66,0.24,30.40
219.71,1.07,235.41,207.42,0.20,42.55,219.01,0.21,33.97,215.21,0.21,45.85,214.42,0.24,30.23
215.95,1.08,232.70,209.18,0.21,43.22,215.25,0.21,34.26,219.55,0.22,47.04,215.63,0.24,30.30
215.68,1.08,231.88,208.54,0.21,42.96,214.98,0.22,34.65,215.42,0.21,45.90,214.92,0.24,30.45
214.71,1.07,230.14,212.03,0.21,44.36,214.01,0.21,33.93,212.48,0.21,44.62,214.43,0.24,30.28
217.15,1.07,233.07,208.23,0.20,42.73,216.45,0.21,34.46,215.23,0.21,45.78,214.58,0.24,30.22
218.84,1.08,235.87,211.61,0.21,44.38,218.14,0.21,34.52,215.05,0.21,45.69,214.73,0.24,30.13
216.06,1.08,232.27,211.20,0.21,43.95,215.36,0.21,33.87,215.67,0.21,46.06,214.83,0.24,30.43
217.32,1.07,233.13,208.71,0.21,43.07,216.62,0.21,34.05,215.08,0.21,45.58,214.63,0.24,30.63
215.60,1.07,231.13,208.17,0.20,42.66,214.90,0.21,34.34,214.45,0.21,45.68,214.20,0.24,30.01
216.48,1.07,231.96,208.72,0.21,42.94,215.78,0.21,33.66,215.78,0.21,46.04,213.79,0.24,29.66
214.55,1.07,229.76,209.00,0.21,43.10,213.85,0.21,33.95,214.93,0.21,45.65,213.51,0.24,29.94
213.97,1.07,229.15,209.25,0.21,42.92,213.27,0.21,33.69,214.03,0.21,45.24,214.59,0.24,29.71
220.07,1.07,235.74,209.60,0.21,43.25,219.37,0.21,33.96,214.16,0.21,45.49,213.20,0.24,29.42
216.59,1.07,231.16,208.13,0.20,42.74,215.89,0.21,33.91,214.12,0.21,45.36,212.95,0.23,28.86
217.47,1.08,234.24,212.56,0.21,44.70,216.77,0.21,34.04,214.33,0.21,45.38,213.93,0.24,30.21
216.88,1.07,232.34,207.67,0.20,42.56,216.18,0.21,34.40,215.22,0.21,45.72,214.44,0.24,30.13
214.85,1.07,229.70,206.19,0.20,42.02,214.15,0.21,33.80,214.00,0.21,45.33,214.22,0.24,30.03
216.50,1.07,231.58,208.53,0.20,42.86,215.80,0.21,34.42,214.83,0.21,45.57,213.05,0.23,29.48
216.37,1.07,231.94,211.25,0.21,44.07,215.67,0.21,33.88,213.31,0.21,45.07,214.18,0.24,30.05
218.78,1.08,235.24,211.66,0.21,44.16,218.08,0.21,34.65,213.61,0.21,45.28,214.62,0.24,30.47
215.96,1.07,230.96,209.79,0.21,43.38,215.26,0.21,34.24,212.58,0.21,44.74,216.39,0.24,29.89
217.80,1.07,232.72,208.11,0.20,42.79,217.10,0.21,33.67,213.02,0.21,44.86,219.77,0.24,30.25
214.91,1.07,229.78,208.14,0.20,42.71,214.21,0.21,33.85,212.78,0.21,44.81,213.95,0.24,30.24
217.06,1.08,233.50,211.54,0.21,44.19,216.36,0.21,34.27,214.75,0.21,45.62,214.48,0.24,29.83
215.80,1.07,230.99,209.40,0.21,43.31,215.10,0.21,33.87,214.54,0.21,45.50,214.31,0.24,29.78
217.67,1.07,233.07,210.50,0.21,43.74,216.97,0.21,33.63,215.09,0.21,45.76,215.33,0.24,30.17
216.28,1.07,231.35,210.39,0.21,43.71,215.58,0.21,33.94,212.32,0.21,44.55,213.58,0.24,29.72
216.13,1.07,231.31,208.07,0.20,42.77,215.43,0.21,34.02,214.97,0.21,45.77,213.09,0.24,29.45
215.93,1.07,231.38,206.81,0.20,42.13,215.23,0.22,34.85,214.69,0.21,45.62,214.23,0.24,29.79
214.63,1.07,229.59,207.91,0.20,42.55,213.93,0.21,34.22,213.49,0.21,45.03,214.30,0.24,30.08
215.68,1.07,230.05,206.97,0.20,42.23,214.98,0.21,33.90,213.43,0.21,44.93,213.88,0.24,30.06
216.56,1.07,232.16,209.65,0.20,42.54,215.86,0.21,33.98,215.17,0.21,45.97,214.61,0.24,29.41
214.87,1.07,230.60,209.10,0.21,43.14,214.17,0.21,34.15,214.00,0.21,45.25,213.49,0.24,30.01
215.69,1.07,230.08,207.72,0.20,42.50,214.99,0.21,33.92,215.82,0.21,46.07,212.03,0.23,28.81
216.69,1.07,231.99,209.90,0.21,43.48,215.99,0.21,33.94,214.31,0.21,45.33,214.33,0.24,29.68
215.84,1.07,230.77,207.49,0.20,42.43,215.14,0.21,33.89,215.35,0.21,45.94,212.82,0.24,29.20
218.12,1.07,233.54,213.05,0.21,44.83,217.42,0.21,34.18,210.08,0.21,43.66,215.80,0.24,30.50
216.35,1.07,231.69,207.92,0.20,42.80,215.65,0.22,34.60,215.06,0.21,45.75,213.74,0.23,29.51
218.11,1.07,232.76,209.82,0.21,43.38,217.41,0.21,33.65,212.42,0.21,44.63,215.01,0.24,30.02
215.31,1.07,230.32,207.62,0.20,42.34,214.61,0.21,34.22,215.31,0.21,45.89,214.12,0.24,29.87
217.59,1.08,234.17,210.58,0.21,43.74,216.89,0.21,34.12,217.97,0.21,46.90,220.80,0.24,30.69
218.37,1.08,235.05,211.76,0.21,44.28,217.67,0.21,34.51,216.93,0.21,46.49,215.37,0.24,30.25
217.36,1.07,232.45,209.01,0.21,43.24,216.66,0.21,33.69,214.17,0.21,45.31,214.37,0.24,29.70
217.25,1.07,232.74,207.78,0.20,42.53,216.55,0.21,34.07,216.53,0.21,46.43,213.46,0.24,29.34
215.86,1.07,230.63,209.53,0.21,43.20,215.16,0.21,33.61,212.23,0.21,44.71,215.71,0.24,30.26
214.92,1.07,230.49,210.19,0.21,43.42,214.22,0.21,34.24,215.85,0.21,46.12,212.69,0.24,29.17
217.32,1.07,231.98,210.31,0.21,43.70,216.62,0.21,33.58,211.85,0.21,44.43,214.45,0.24,29.67
218.29,1.07,234.19,211.48,0.21,44.07,217.59,0.21,33.78,215.02,0.21,45.80,214.29,0.24,29.76
218.57,1.08,236.65,212.58,0.21,44.60,217.87,0.21,34.13,215.57,0.21,46.03,217.80,0.24,31.27
219.75,1.08,237.31,212.32,0.21,44.35,219.05,0.21,33.60,218.08,0.22,46.67,217.22,0.24,30.70
219.60,1.07,235.57,212.29,0.21,44.50,218.90,0.21,33.85,211.93,0.21,44.59,212.84,0.24,29.91
216.74,1.07,231.18,208.10,0.20,42.60,216.04,0.21,34.19,215.13,0.21,45.73,213.50,0.23,29.60
216.38,1.07,230.89,208.34,0.20,42.82,215.68,0.21,34.06,214.29,0.21,45.42,212.46,0.23,29.18
218.67,1.07,233.97,209.72,0.21,43.41,217.97,0.21,33.79,215.23,0.21,45.78,214.67,0.24,30.12
217.03,1.07,231.46,210.72,0.21,43.81,216.33,0.21,33.74,212.18,0.21,44.60,213.37,0.23,29.38
215.95,1.07,230.26,209.00,0.21,43.12,215.25,0.21,33.51,215.27,0.21,45.86,213.38,0.23,29.63
214.95,1.06,228.62,208.07,0.20,42.69,214.25,0.21,34.15,213.19,0.21,44.84,213.61,0.23,29.41
216.18,1.06,230.10,209.28,0.21,43.22,215.48,0.21,33.28,212.68,0.21,44.75,213.98,0.23,29.88
217.44,1.07,232.57,212.84,0.21,44.63,216.74,0.21,34.50,214.85,0.21,45.60,213.54,0.23,29.24
216.35,1.07,230.66,209.78,0.21,43.14,215.65,0.21,33.30,213.54,0.21,45.24,216.55,0.23,30.59
216.90,1.07,231.91,211.48,0.21,44.02,216.20,0.21,34.21,215.14,0.21,45.71,212.55,0.23,28.88
216.87,1.06,230.90,208.65,0.21,43.08,216.17,0.21,33.30,214.05,0.21,45.22,213.45,0.23,29.54
215.66,1.07,230.44,208.87,0.21,43.20,214.96,0.21,34.18,215.21,0.21,45.87,213.32,0.23,29.69
217.75,1.07,233.63,213.10,0.21,44.76,217.05,0.21,33.70,214.60,0.21,45.56,214.99,0.24,29.97
215.86,1.06,229.57,206.79,0.20,42.28,215.16,0.21,33.72,214.77,0.21,45.46,212.78,0.23,29.58
220.03,1.07,235.63,214.12,0.21,45.24,219.33,0.21,34.14,213.55,0.21,45.01,213.13,0.23,29.42
216.05,1.07,230.28,206.42,0.20,42.07,215.35,0.21,33.60,215.76,0.21,46.04,214.28,0.23,29.82
217.83,1.07,232.96,211.64,0.21,44.20,217.13,0.21,34.11,212.13,0.21,44.43,213.82,0.24,29.82
215.87,1.07,230.44,207.46,0.20,42.47,215.17,0.21,33.87,214.28,0.21,45.43,214.59,0.24,29.53
216.59,1.07,231.07,209.10,0.21,43.07,215.89,0.21,33.72,213.08,0.21,44.92,213.71,0.24,29.78
214.66,1.07,228.81,207.72,0.20,42.46,213.96,0.21,33.67,214.80,0.21,45.59,214.30,0.23,29.91
215.45,1.07,229.95,209.34,0.21,43.11,214.75,0.21,33.88,212.83,0.21,44.95,213.09,0.23,29.42
218.66,1.07,234.54,211.83,0.21,44.16,217.96,0.21,34.07,215.53,0.21,45.93,216.11,0.24,30.40
213.80,1.07,228.66,208.87,0.21,43.09,213.10,0.21,34.08,214.24,0.21,45.45,213.29,0.24,29.84
217.57,1.08,234.11,212.15,0.21,44.27,216.87,0.21,33.54,216.75,0.21,46.34,217.99,0.24,31.17
217.59,1.07,232.93,209.73,0.21,43.52,216.89,0.21,33.97,215.50,0.21,45.92,213.44,0.23,29.62
217.48,1.07,232.39,212.96,0.21,44.55,216.78,0.21,33.52,212.15,0.21,44.56,213.95,0.24,30.14
216.70,1.07,232.78,209.66,0.21,43.43,216.00,0.22,35.63,216.18,0.21,46.16,214.98,0.24,29.63
213.92,1.07,228.35,208.96,0.21,43.39,213.22,0.21,33.92,212.69,0.21,44.89,212.89,0.23,29.62
216.14,1.06,230.09,207.65,0.20,42.52,215.44,0.21,33.62,215.35,0.21,45.86,214.32,0.23,29.76
214.86,1.06,226.98,207.98,0.20,42.53,214.16,0.21,32.89,213.19,0.21,44.85,212.55,0.23,28.77
215.78,1.06,229.80,207.85,0.20,42.45,215.08,0.21,33.27,215.48,0.21,45.82,213.92,0.24,29.65
215.43,1.07,229.88,210.23,0.21,43.62,214.73,0.21,33.74,214.74,0.21,45.69,212.75,0.23,29.35
215.34,1.06,229.32,209.04,0.20,43.07,214.64,0.21,33.54,213.24,0.21,44.98,214.77,0.23,29.91
215.43,1.06,229.28,207.99,0.20,42.62,214.73,0.21,33.89,214.66,0.21,45.68,214.10,0.23,29.18
216.10,1.06,229.71,208.66,0.21,42.97,215.40,0.21,33.60,212.44,0.21,44.66,212.67,0.23,29.13
215.51,1.07,230.13,207.54,0.20,42.32,214.81,0.21,34.52,215.16,0.21,45.83,214.12,0.23,29.36
216.50,1.07,230.62,208.97,0.21,43.01,215.80,0.21,33.70,213.03,0.21,44.97,214.25,0.23,29.61
216.17,1.06,230.14,209.22,0.21,43.04,215.47,0.21,33.93,214.37,0.21,45.43,214.34,0.23,29.28
217.04,1.07,231.99,211.64,0.21,44.09,216.34,0.21,34.06,213.55,0.21,45.11,213.37,0.23,29.04
216.01,1.06,229.25,208.01,0.20,42.56,215.31,0.21,33.59,213.78,0.21,45.13,215.24,0.23,29.38
218.19,1.07,233.88,212.94,0.21,44.70,217.49,0.21,34.20,214.92,0.21,45.61,214.99,0.23,29.16
218.25,1.07,233.01,213.43,0.21,44.70,217.55,0.21,33.75,214.46,0.21,45.44,214.46,0.23,29.50
216.12,1.06,229.81,208.36,0.20,42.76,215.42,0.21,34.22,214.41,0.21,45.54,212.87,0.23,28.52
219.55,1.07,235.01,210.63,0.21,43.69,218.85,0.21,34.19,214.27,0.21,45.47,213.44,0.23,29.31
216.77,1.07,232.08,212.58,0.21,44.54,216.07,0.21,34.17,213.80,0.21,45.34,214.58,0.23,29.03
218.51,1.07,233.43,214.62,0.21,45.19,217.81,0.21,33.20,214.13,0.21,45.36,214.49,0.23,29.22
217.31,1.07,231.50,207.33,0.20,42.44,216.61,0.21,33.69,218.27,0.21,46.42,215.43,0.23,29.57
220.30,1.06,234.31,211.58,0.21,43.79,219.60,0.21,33.59,213.66,0.21,45.12,214.55,0.23,29.25
216.39,1.06,229.31,208.01,0.20,42.62,215.69,0.21,33.73,214.26,0.21,45.45,212.72,0.23,28.51
216.70,1.06,230.45,209.02,0.21,43.14,216.00,0.21,33.73,212.38,0.21,44.79,216.12,0.23,29.66
215.14,1.07,229.63,207.72,0.20,42.56,214.44,0.21,34.04,214.93,0.21,45.69,218.91,0.23,31.06
218.45,1.07,232.87,212.84,0.21,44.89,217.75,0.21,34.34,212.49,0.21,44.63,213.62,0.23,28.71
216.06,1.07,230.48,210.51,0.21,43.63,215.36,0.21,34.10,215.53,0.21,46.03,213.63,0.23,28.84
218.66,1.07,233.63,213.39,0.21,44.84,217.96,0.21,33.59,214.13,0.21,45.35,214.76,0.23,29.47
214.91,1.07,230.57,211.48,0.21,44.18,214.21,0.22,35.18,215.01,0.21,45.75,215.24,0.23,29.40
218.54,1.06,232.43,208.10,0.20,42.69,217.84,0.21,33.93,214.70,0.21,45.67,215.68,0.23,29.01
215.16,1.06,228.87,212.32,0.21,43.64,214.46,0.21,34.20,214.15,0.21,45.53,212.33,0.23,28.41
216.91,1.07,231.02,208.94,0.21,43.09,216.21,0.21,33.65,215.24,0.21,45.84,216.69,0.23,29.84
216.51,1.07,231.00,210.06,0.21,43.42,215.81,0.21,34.00,214.49,0.21,45.44,214.84,0.23,29.04
217.36,1.06,231.01,209.04,0.21,43.01,216.66,0.21,33.69,216.00,0.21,46.09,215.35,0.23,29.10
216.31,1.06,229.94,209.72,0.21,43.50,215.61,0.21,33.54,213.93,0.21,45.30,214.09,0.23,28.77
217.33,1.06,230.98,210.59,0.21,43.62,216.63,0.21,34.10,214.45,0.21,45.61,212.92,0.23,28.08
216.53,1.06,230.14,210.10,0.21,43.39,215.83,0.21,33.87,216.57,0.21,46.33,213.99,0.23,28.73
218.58,1.07,233.93,210.12,0.21,43.42,217.88,0.21,34.14,215.04,0.21,45.73,214.00,0.24,29.51
219.52,1.07,233.85,212.76,0.21,44.65,218.82,0.21,33.72,213.26,0.21,45.00,215.01,0.23,28.93
217.20,1.07,232.05,212.15,0.21,44.23,216.50,0.21,33.86,215.57,0.21,45.91,213.69,0.23,28.84
216.87,1.07,231.53,209.86,0.21,43.49,216.17,0.21,33.64,214.95,0.21,45.67,216.08,0.23,29.81
217.87,1.07,232.79,210.63,0.21,43.75,217.17,0.21,34.48,213.21,0.21,45.23,213.93,0.23,29.06
217.12,1.07,231.32,209.37,0.21,43.40,216.42,0.21,33.82,213.35,0.21,45.15,215.71,0.23,29.59
215.46,1.06,229.47,210.06,0.21,43.34,214.76,0.21,34.03,215.25,0.21,45.80,213.34,0.23,28.67
219.44,1.07,234.15,213.03,0.21,44.80,218.74,0.21,33.71,213.74,0.21,45.35,215.34,0.23,29.05
213.76,1.06,227.02,207.92,0.20,42.61,213.06,0.21,34.11,213.83,0.21,45.26,213.71,0.23,28.75
218.19,1.06,231.84,211.60,0.21,44.22,217.49,0.21,33.05,213.63,0.21,45.07,214.61,0.23,28.73
215.60,1.06,228.23,208.43,0.20,42.88,214.90,0.21,33.55,212.77,0.21,44.96,213.71,0.23,28.30
215.70,1.06,228.54,208.85,0.20,42.90,215.00,0.21,33.23,214.09,0.21,45.20,214.23,0.23,28.64
215.20,1.07,229.93,214.42,0.21,45.16,214.50,0.21,34.08,216.77,0.21,45.74,215.01,0.23,28.70
218.45,1.06,231.92,208.46,0.20,42.82,217.75,0.21,33.67,213.37,0.21,44.98,214.78,0.23,28.98
217.05,1.06,231.09,211.87,0.21,44.14,216.35,0.21,33.68,214.35,0.21,45.41,214.19,0.23,28.98
218.03,1.06,231.03,208.06,0.20,42.71,217.33,0.21,33.60,213.89,0.21,45.32,214.76,0.23,28.62
217.63,1.06,231.60,212.27,0.21,44.45,216.93,0.21,33.70,214.77,0.21,45.78,213.18,0.23,27.98
217.31,1.07,232.40,208.98,0.21,43.07,216.61,0.21,34.26,216.88,0.21,46.57,218.54,0.23,30.05
218.84,1.07,233.27,210.92,0.21,43.78,218.14,0.21,33.83,214.51,0.21,45.60,214.10,0.23,29.13
219.59,1.06,233.52,210.95,0.21,43.97,218.89,0.21,33.65,211.94,0.21,44.47,213.59,0.23,28.46
217.76,1.07,232.19,211.74,0.21,43.94,217.06,0.21,33.80,215.11,0.21,45.69,213.78,0.23,28.20
219.19,1.07,233.86,213.46,0.21,44.78,218.49,0.21,33.91,212.50,0.21,44.67,215.03,0.23,29.09
217.62,1.06,231.50,210.86,0.21,43.20,216.92,0.21,33.80,214.29,0.21,45.49,215.79,0.23,29.05
214.71,1.06,228.12,211.18,0.21,44.04,214.01,0.21,34.13,212.93,0.21,44.88,210.77,0.23,27.92
217.36,1.06,231.37,211.67,0.21,44.12,216.66,0.21,33.47,217.40,0.22,46.85,212.02,0.23,27.71
213.90,1.06,227.30,208.02,0.20,42.78,213.20,0.21,33.87,214.84,0.21,45.74,212.10,0.23,27.78
218.64,1.06,231.83,211.13,0.21,43.90,217.94,0.21,33.23,213.64,0.21,45.06,213.45,0.23,28.45
215.49,1.06,229.18,212.63,0.21,44.31,214.79,0.21,34.02,215.05,0.21,45.73,212.05,0.23,28.07
219.18,1.06,233.16,213.45,0.21,44.82,218.48,0.21,33.18,211.95,0.21,44.55,214.67,0.23,29.06
217.21,1.07,231.61,211.21,0.21,43.85,216.51,0.21,33.97,215.22,0.21,45.75,212.50,0.23,28.47
215.99,1.06,228.32,208.71,0.21,43.14,215.29,0.21,33.55,210.95,0.21,43.98,214.46,0.23,28.37
216.47,1.06,230.16,209.28,0.21,43.09,215.77,0.21,34.13,213.65,0.21,45.24,213.95,0.23,28.70
215.84,1.05,227.53,209.34,0.20,43.00,215.14,0.21,33.51,210.18,0.21,43.82,212.93,0.23,28.12
215.58,1.06,229.57,209.76,0.21,43.17,214.88,0.21,33.92,214.61,0.21,45.53,213.39,0.23,28.36
217.31,1.06,230.23,209.38,0.21,43.19,216.61,0.21,33.58,212.38,0.21,44.79,212.37,0.23,28.08
217.67,1.06,231.64,211.63,0.21,44.11,216.97,0.21,33.06,214.57,0.21,45.56,215.29,0.23,28.79
217.41,1.06,230.90,212.50,0.21,44.45,216.71,0.21,33.91,211.95,0.21,44.37,212.72,0.23,27.93
217.76,1.06,231.09,208.61,0.20,42.91,217.06,0.21,33.73,214.54,0.21,45.44,214.32,0.23,28.18
215.57,1.07,230.22,210.66,0.21,43.66,214.87,0.21,34.25,213.24,0.21,45.15,214.45,0.23,28.97
215.88,1.06,229.83,207.66,0.20,42.55,215.18,0.21,33.92,218.49,0.22,47.19,214.37,0.23,28.09
216.27,1.06,229.75,208.77,0.21,42.99,215.57,0.21,33.59,214.89,0.21,45.73,211.99,0.23,27.99
216.23,1.06,229.15,208.35,0.20,42.70,215.53,0.21,33.49,215.24,0.21,45.46,214.29,0.23,28.33
216.25,1.06,229.75,208.63,0.21,42.96,215.55,0.21,34.44,216.42,0.21,45.94,214.05,0.23,28.19
216.05,1.06,229.55,208.68,0.21,42.91,215.35,0.21,33.57,215.55,0.21,45.86,214.30,0.23,28.47
216.01,1.06,229.33,208.94,0.21,43.10,215.31,0.21,34.06,214.40,0.21,45.48,213.05,0.23,27.92
217.67,1.06,230.93,207.67,0.20,42.47,216.97,0.21,33.68,215.04,0.21,45.76,214.38,0.23,28.57
215.66,1.06,228.84,209.61,0.21,43.16,214.96,0.21,34.13,212.89,0.21,44.84,211.75,0.23,27.59
216.82,1.06,229.58,207.68,0.20,42.48,216.12,0.21,33.58,214.32,0.21,45.47,212.90,0.23,27.81
218.21,1.06,231.37,211.51,0.21,44.11,217.51,0.21,32.59,214.26,0.21,45.42,211.92,0.23,27.89
217.57,1.06,230.19,208.73,0.20,42.83,216.87,0.21,33.62,214.22,0.21,45.36,214.61,0.23,28.38
214.72,1.06,227.81,207.97,0.20,42.58,214.02,0.21,33.86,214.61,0.21,45.64,214.24,0.23,28.24
214.82,1.06,227.86,208.53,0.20,42.92,214.12,0.21,33.68,214.13,0.21,45.41,214.42,0.23,28.44
214.99,1.06,227.36,207.91,0.20,42.55,214.29,0.21,34.04,212.72,0.21,44.84,212.24,0.23,27.41
216.81,1.06,230.43,208.20,0.20,42.61,216.11,0.21,33.34,214.61,0.21,45.60,213.26,0.23,28.42
219.10,1.06,232.54,207.72,0.20,42.41,218.40,0.21,34.13,214.34,0.21,45.50,212.90,0.23,28.11
216.33,1.06,229.50,210.09,0.21,43.44,215.63,0.21,33.31,213.94,0.21,45.30,214.27,0.23,28.03
216.39,1.06,229.85,207.66,0.20,42.35,215.69,0.21,34.29,214.27,0.21,45.47,213.42,0.23,28.05
216.73,1.07,230.83,208.48,0.20,42.83,216.03,0.21,32.89,216.27,0.21,46.25,217.22,0.23,29.63
218.85,1.06,232.89,211.31,0.21,43.98,218.15,0.21,33.76,214.14,0.21,45.36,214.62,0.23,28.39
217.74,1.06,231.37,212.39,0.21,44.24,217.04,0.21,33.95,212.67,0.21,44.72,213.32,0.23,28.18
216.02,1.06,228.79,207.93,0.20,42.67,215.32,0.21,33.62,215.32,0.21,45.50,214.70,0.23,28.21
216.80,1.06,229.53,211.09,0.21,43.80,216.10,0.21,33.30,214.02,0.21,45.25,213.01,0.23,27.73
216.28,1.06,228.77,210.10,0.21,43.30,215.58,0.21,33.34,213.33,0.21,45.04,213.43,0.23,28.03
214.76,1.06,228.06,207.90,0.20,42.44,214.06,0.22,35.03,214.76,0.21,45.70,212.99,0.23,27.87
216.66,1.06,230.20,210.93,0.21,43.79,215.96,0.21,33.80,213.21,0.21,44.95,213.71,0.23,28.21
216.63,1.06,230.13,209.09,0.21,43.07,215.93,0.21,33.83,216.16,0.21,46.02,214.72,0.23,27.96
216.66,1.06,229.84,210.37,0.21,43.50,215.96,0.21,33.69,214.77,0.21,45.51,213.07,0.23,28.05
217.94,1.06,231.12,209.87,0.21,43.50,217.24,0.21,33.72,213.72,0.21,45.06,214.46,0.23,28.41
214.25,1.06,227.11,209.26,0.21,43.14,213.55,0.21,33.59,213.21,0.21,44.99,213.59,0.23,28.41
217.51,1.06,230.68,212.32,0.21,44.28,216.81,0.21,33.52,213.56,0.21,45.07,214.71,0.23,28.50
216.58,1.06,230.58,213.78,0.21,44.09,215.88,0.21,34.42,214.82,0.21,45.60,212.88,0.23,28.02
218.33,1.06,231.97,212.73,0.21,44.58,217.63,0.21,33.53,212.19,0.21,44.59,214.58,0.23,28.27
217.93,1.06,229.98,208.14,0.20,42.71,217.23,0.21,33.44,213.71,0.21,45.18,214.83,0.23,28.18
217.14,1.06,230.22,211.54,0.21,44.04,216.44,0.21,33.92,212.43,0.21,44.57,213.02,0.23,27.82
217.59,1.06,230.50,211.36,0.21,43.93,216.89,0.21,33.46,214.54,0.21,45.48,215.47,0.23,28.52
215.35,1.05,226.95,207.87,0.20,42.60,214.65,0.21,33.80,212.37,0.21,44.72,213.69,0.22,27.48
216.90,1.06,229.36,209.64,0.21,43.13,216.20,0.21,33.31,213.78,0.21,45.19,214.75,0.23,28.34
214.78,1.06,227.34,208.12,0.20,42.73,214.08,0.21,34.05,213.12,0.21,45.03,213.24,0.23,27.89
217.13,1.06,229.15,209.61,0.21,43.19,216.43,0.21,33.45,212.37,0.21,44.64,215.04,0.23,27.90
216.92,1.06,230.17,210.58,0.21,43.69,216.22,0.21,33.34,215.79,0.21,46.11,211.06,0.23,27.50
216.49,1.06,228.54,210.23,0.20,43.30,215.79,0.21,33.55,212.57,0.21,44.68,214.68,0.23,28.00
216.17,1.06,228.81,208.25,0.20,42.58,215.47,0.21,34.12,214.69,0.21,45.51,215.05,0.23,28.20
213.94,1.06,226.51,210.77,0.21,43.68,213.24,0.21,33.55,212.80,0.21,44.93,212.98,0.23,27.90
218.18,1.06,230.37,207.80,0.20,42.62,217.48,0.21,33.80,215.14,0.21,45.66,213.69,0.22,27.64
215.34,1.06,227.19,208.63,0.21,43.10,214.64,0.21,33.77,214.47,0.21,45.49,212.48,0.22,27.31
215.77,1.05,227.53,211.76,0.21,44.33,215.07,0.21,32.84,213.41,0.21,44.87,215.53,0.22,28.06
217.60,1.06,229.76,210.20,0.21,43.56,216.90,0.21,33.54,213.49,0.21,45.06,213.39,0.22,27.70
217.01,1.05,228.56,208.86,0.20,42.91,216.31,0.21,33.49,211.01,0.21,44.08,214.43,0.23,27.90
216.11,1.06,229.05,208.90,0.20,42.83,215.41,0.21,34.16,213.67,0.21,45.12,214.25,0.23,27.96
217.06,1.05,228.19,210.04,0.20,43.07,216.36,0.21,33.49,213.51,0.21,45.14,213.58,0.22,27.37
215.96,1.05,227.51,207.28,0.20,42.23,215.26,0.21,33.45,215.00,0.21,45.68,215.05,0.22,28.07
215.46,1.06,228.57,209.95,0.21,43.51,214.76,0.21,34.18,212.87,0.21,44.95,213.85,0.23,28.17
217.52,1.05,228.87,208.42,0.20,42.76,216.82,0.21,33.10,214.31,0.21,45.47,214.90,0.22,28.09
215.59,1.05,227.22,209.15,0.21,43.05,214.89,0.21,33.50,213.93,0.21,45.17,213.28,0.22,27.26
215.60,1.06,227.74,207.21,0.20,42.29,214.90,0.21,33.58,214.98,0.21,45.60,214.84,0.23,28.07
215.96,1.05,227.61,207.65,0.20,42.39,215.26,0.21,33.93,213.84,0.21,45.28,212.16,0.22,27.30
219.53,1.06,232.26,211.44,0.21,43.99,218.83,0.21,33.61,213.57,0.21,44.97,214.16,0.23,27.73
219.12,1.06,231.42,209.35,0.21,43.17,218.42,0.21,34.00,214.28,0.21,45.37,214.48,0.22,27.42
218.83,1.06,231.24,210.82,0.21,43.85,218.13,0.21,33.80,215.65,0.21,45.55,212.89,0.22,27.40
217.58,1.06,229.59,207.93,0.20,42.53,216.88,0.21,33.44,215.14,0.21,45.84,215.34,0.22,27.86
216.90,1.05,228.36,209.44,0.21,43.13,216.20,0.21,33.28,215.39,0.21,45.84,214.48,0.22,27.62
218.00,1.06,230.08,208.01,0.20,42.55,217.30,0.21,34.05,215.25,0.21,45.76,213.21,0.22,27.35
214.80,1.06,226.83,209.80,0.21,43.28,214.10,0.21,33.68,212.87,0.21,44.67,217.98,0.23,28.37
219.41,1.05,230.79,207.09,0.20,42.38,218.71,0.21,33.46,214.96,0.21,45.72,214.05,0.22,27.29
215.03,1.05,226.86,208.58,0.20,42.84,214.33,0.21,34.40,213.94,0.21,45.27,211.59,0.22,26.62
215.93,1.05,227.30,209.01,0.20,42.85,215.23,0.21,33.44,213.55,0.21,45.08,214.01,0.22,27.91
217.61,1.06,230.11,212.00,0.21,44.16,216.91,0.21,33.93,213.51,0.21,45.05,213.27,0.22,27.39
216.81,1.05,228.70,209.26,0.20,43.02,216.11,0.21,33.82,214.43,0.21,45.35,213.76,0.22,27.92
215.14,1.06,227.01,210.94,0.21,43.75,214.44,0.21,33.91,213.80,0.21,45.31,213.54,0.22,27.16
217.48,1.06,230.25,209.10,0.20,42.96,216.78,0.21,34.33,216.12,0.21,45.93,217.76,0.22,28.58
217.53,1.06,229.64,207.16,0.20,42.47,216.83,0.21,34.06,212.82,0.21,44.83,213.97,0.22,27.87
218.44,1.05,230.07,211.76,0.21,44.01,217.74,0.21,33.62,213.14,0.21,44.91,214.09,0.22,27.39
217.21,1.06,229.69,211.47,0.21,43.84,216.51,0.21,33.73,216.35,0.21,46.27,213.98,0.22,27.41
218.00,1.06,230.23,211.17,0.21,43.79,217.30,0.21,33.69,213.16,0.21,45.01,213.80,0.22,27.51
217.30,1.06,229.64,208.57,0.20,42.78,216.60,0.21,34.14,215.86,0.21,45.99,216.87,0.22,28.52
215.54,1.05,226.89,207.55,0.20,42.59,214.84,0.21,33.85,213.73,0.21,45.28,213.65,0.22,27.45
214.18,1.05,225.40,207.28,0.20,42.40,213.48,0.21,33.64,214.55,0.21,45.47,214.91,0.22,27.79
215.68,1.05,226.35,208.01,0.20,42.40,214.98,0.21,33.94,215.39,0.21,45.30,213.92,0.22,26.95
217.08,1.05,228.37,211.44,0.21,44.20,216.38,0.21,32.87,214.13,0.21,45.21,213.05,0.22,27.26
216.39,1.06,228.86,211.23,0.21,44.08,215.69,0.21,33.61,214.49,0.21,45.48,212.97,0.22,27.00
216.76,1.05,227.70,208.97,0.21,43.11,216.06,0.21,33.56,212.46,0.21,44.79,212.67,0.22,26.85
216.54,1.05,228.20,207.38,0.20,42.36,215.84,0.21,33.84,215.02,0.21,45.74,214.76,0.22,27.72
216.72,1.05,227.73,209.94,0.21,43.54,216.02,0.21,33.44,213.00,0.21,44.91,212.27,0.22,26.91
217.91,1.05,229.21,209.61,0.21,43.29,217.21,0.21,33.47,213.36,0.21,45.01,215.13,0.22,27.63
216.63,1.05,227.54,207.65,0.20,42.62,215.93,0.21,33.76,213.96,0.21,45.23,213.15,0.22,26.90
216.95,1.06,229.09,212.57,0.21,44.42,216.25,0.21,33.11,214.82,0.21,45.54,214.39,0.22,27.62
215.83,1.06,227.71,209.83,0.21,43.38,215.13,0.21,33.91,215.18,0.21,45.86,212.98,0.22,26.98
219.18,1.06,231.67,212.97,0.21,44.65,218.48,0.21,33.69,212.79,0.21,44.74,213.43,0.22,27.19
218.32,1.05,229.68,206.24,0.20,41.94,217.62,0.21,34.53,214.26,0.21,45.42,214.17,0.22,27.39
216.22,1.05,226.63,207.30,0.20,42.21,215.52,0.21,33.64,213.68,0.21,45.06,212.17,0.22,26.86
216.75,1.05,228.03,210.19,0.21,43.43,216.05,0.21,33.16,214.05,0.21,45.24,214.60,0.22,27.53
214.71,1.05,226.08,210.38,0.21,43.53,214.01,0.21,33.86,214.10,0.21,45.35,213.60,0.22,27.03
217.47,1.05,228.19,209.74,0.21,43.17,216.77,0.21,33.41,212.04,0.21,44.46,215.03,0.22,27.40
217.43,1.05,228.71,208.08,0.20,42.46,216.73,0.21,33.74,217.32,0.21,46.48,214.26,0.22,27.12
216.71,1.05,227.57,209.10,0.21,43.25,216.01,0.21,33.78,212.30,0.21,44.70,213.60,0.22,26.78
216.19,1.05,226.76,207.75,0.20,42.55,215.49,0.21,33.39,214.51,0.21,45.43,213.51,0.22,27.00
217.95,1.05,229.09,211.72,0.21,43.98,217.25,0.21,33.46,214.86,0.21,45.13,213.70,0.22,27.00
217.54,1.05,228.17,207.11,0.20,42.31,216.84,0.21,33.53,213.23,0.21,45.04,214.96,0.22,27.39
215.76,1.05,226.58,209.42,0.20,43.00,215.06,0.21,33.53,214.42,0.21,45.51,214.11,0.22,27.06
216.74,1.05,226.89,209.56,0.21,43.12,216.04,0.21,32.68,214.42,0.21,45.53,214.21,0.22,27.22
216.88,1.05,226.68,208.38,0.20,42.68,216.18,0.21,33.80,214.79,0.21,45.49,213.03,0.21,26.51
216.35,1.05,226.91,210.47,0.21,43.41,215.65,0.21,33.48,213.42,0.21,45.05,213.79,0.22,27.02
215.58,1.05,226.13,207.57,0.20,42.17,214.88,0.21,33.64,214.78,0.21,45.56,215.38,0.22,27.40
216.29,1.05,227.65,210.58,0.21,43.54,215.59,0.21,33.91,214.52,0.21,45.54,213.14,0.22,26.87
217.42,1.05,228.61,209.47,0.21,43.12,216.72,0.21,33.61,214.14,0.21,45.26,215.22,0.22,27.57
216.02,1.05,226.30,207.41,0.20,42.40,215.32,0.21,33.05,214.59,0.21,45.61,212.23,0.22,26.42
219.62,1.05,230.79,212.69,0.21,44.51,218.92,0.21,33.58,212.74,0.21,44.72,214.44,0.22,27.02
219.20,1.06,231.59,211.83,0.21,44.01,218.50,0.21,34.54,215.56,0.21,45.98,213.91,0.22,26.93
217.74,1.05,227.84,209.50,0.21,43.24,217.04,0.21,33.22,213.36,0.21,45.03,213.94,0.22,26.96
218.28,1.05,229.39,212.70,0.21,44.40,217.58,0.21,33.40,214.05,0.21,45.34,214.56,0.22,27.10
215.76,1.05,226.65,210.00,0.21,43.54,215.06,0.21,34.01,213.43,0.21,44.95,213.89,0.22,26.80
217.83,1.05,228.83,208.60,0.20,42.67,217.13,0.21,33.46,215.83,0.21,46.04,215.20,0.22,27.19
217.06,1.06,229.39,213.18,0.21,44.76,216.36,0.21,34.27,214.16,0.21,45.42,213.81,0.22,26.65
219.57,1.06,231.92,210.96,0.21,43.84,218.87,0.21,33.80,215.00,0.21,45.71,215.33,0.22,27.17
216.08,1.06,228.22,209.78,0.21,43.42,215.38,0.21,34.19,214.87,0.21,45.64,214.81,0.22,27.39
215.71,1.06,227.70,209.64,0.21,43.27,215.01,0.21,34.17,215.56,0.21,45.85,215.47,0.22,27.40
218.62,1.06,231.57,213.70,0.21,45.00,217.92,0.22,34.62,213.27,0.21,44.95,215.06,0.22,27.49
217.32,1.05,228.63,207.99,0.20,42.64,216.62,0.21,33.52,215.87,0.21,46.07,215.52,0.22,26.78
219.67,1.05,230.92,213.29,0.21,44.84,218.97,0.21,33.46,213.22,0.21,45.08,214.42,0.22,26.49
215.95,1.06,227.86,208.78,0.20,42.93,215.25,0.22,35.12,214.89,0.21,45.70,214.50,0.22,26.63
218.02,1.05,228.90,209.27,0.21,43.04,217.32,0.21,33.11,215.88,0.21,46.14,213.96,0.22,26.69
217.29,1.06,229.96,213.86,0.21,45.09,216.59,0.21,34.09,214.26,0.21,45.38,214.14,0.22,26.81
217.29,1.05,229.21,208.12,0.20,42.71,216.59,0.22,34.65,216.26,0.21,46.12,213.50,0.22,26.41
219.80,1.05,231.44,212.36,0.21,44.49,219.10,0.21,33.76,213.55,0.21,45.12,214.65,0.22,26.83
217.67,1.06,229.77,211.85,0.21,44.04,216.97,0.21,34.08,214.68,0.21,45.65,215.12,0.22,26.68
220.22,1.05,231.49,210.65,0.21,43.46,219.52,0.21,33.71,215.03,0.21,45.73,214.95,0.22,26.79
217.63,1.05,229.11,210.95,0.21,43.72,216.93,0.21,34.50,212.62,0.21,44.72,215.43,0.22,27.01
218.55,1.06,231.09,211.78,0.21,44.17,217.85,0.21,34.55,215.46,0.21,45.92,215.61,0.22,26.69
219.96,1.06,232.72,212.97,0.21,44.53,219.26,0.21,34.06,215.63,0.21,46.08,215.55,0.22,26.94
216.97,1.05,227.76,209.18,0.21,43.22,216.27,0.21,33.49,214.18,0.21,45.40,214.91,0.22,27.05
218.15,1.05,229.80,210.34,0.20,43.23,217.45,0.21,34.21,215.07,0.21,45.88,213.90,0.22,26.39
217.68,1.06,229.94,210.77,0.21,43.57,216.98,0.21,34.04,215.23,0.21,45.92,215.88,0.22,27.02
216.72,1.06,229.43,211.10,0.21,43.89,216.02,0.21,34.34,214.98,0.21,45.74,215.39,0.22,27.30
216.46,1.06,228.78,209.54,0.20,43.08,215.76,0.21,34.27,216.24,0.21,46.33,214.08,0.22,26.87
218.04,1.05,229.93,211.41,0.21,43.92,217.34,0.21,34.02,215.23,0.21,45.88,218.00,0.22,27.38
216.33,1.05,227.28,209.15,0.20,43.03,215.63,0.21,34.14,213.28,0.21,44.95,214.75,0.22,26.56
218.94,1.06,231.81,210.72,0.21,43.79,218.24,0.22,34.80,215.60,0.21,46.12,213.89,0.22,26.69
219.28,1.05,230.72,209.50,0.21,43.34,218.58,0.21,33.56,215.75,0.21,45.98,216.00,0.22,26.87
216.45,1.06,228.68,210.69,0.21,43.71,215.75,0.21,34.06,214.56,0.21,45.50,216.16,0.22,27.21
217.20,1.06,229.69,209.63,0.21,43.27,216.50,0.21,34.54,215.15,0.21,45.97,213.34,0.22,26.55
219.33,1.05,231.12,210.03,0.21,43.29,218.63,0.21,34.08,216.74,0.21,46.43,216.91,0.22,26.83
218.42,1.06,230.85,211.32,0.21,43.98,217.72,0.21,33.54,217.07,0.21,46.54,218.78,0.22,27.93
216.60,1.05,227.55,208.40,0.21,42.99,215.90,0.21,34.41,213.39,0.21,45.12,213.81,0.22,26.63
216.07,1.05,227.34,209.58,0.21,43.22,215.37,0.21,33.63,215.95,0.21,46.30,215.84,0.22,26.90
217.70,1.04,227.41,212.82,0.20,43.47,217.00,0.21,33.89,212.12,0.21,44.54,216.30,0.21,26.44
218.90,1.06,231.32,213.36,0.21,44.89,218.20,0.21,34.36,214.65,0.21,45.64,215.07,0.22,26.92
217.54,1.06,230.46,212.70,0.21,44.48,216.84,0.22,34.70,216.08,0.21,46.20,215.53,0.22,26.95
217.33,1.05,228.49,208.64,0.20,42.80,216.63,0.21,33.62,215.61,0.21,45.99,216.10,0.22,27.01
217.27,1.06,229.29,210.97,0.21,43.84,216.57,0.21,34.30,214.54,0.21,45.65,215.48,0.22,27.08
217.91,1.05,229.19,209.56,0.21,43.19,217.21,0.21,34.43,215.84,0.21,46.05,215.12,0.22,26.56
216.95,1.05,227.38,208.85,0.20,42.94,216.25,0.21,34.09,215.65,0.21,46.16,215.96,0.21,26.53
218.06,1.05,229.56,210.61,0.21,43.68,217.36,0.21,33.86,213.32,0.21,45.17,215.65,0.22,26.81
217.37,1.05,228.78,211.42,0.21,43.94,216.67,0.21,34.53,215.19,0.21,45.82,214.92,0.21,26.63
219.33,1.05,230.97,210.05,0.21,43.07,218.63,0.22,35.76,217.90,0.21,46.51,215.52,0.21,26.14
220.54,1.06,233.18,213.67,0.21,44.90,219.84,0.21,34.49,215.84,0.21,46.08,216.91,0.22,27.10
217.39,1.05,228.75,211.08,0.21,43.86,216.69,0.21,34.12,215.46,0.21,45.80,215.37,0.22,26.64
217.59,1.05,228.82,209.29,0.20,42.97,216.89,0.21,34.29,215.68,0.21,46.20,214.15,0.22,26.15
220.33,1.05,231.48,212.59,0.21,44.39,219.63,0.21,34.12,214.77,0.21,45.81,215.04,0.21,26.32
217.38,1.05,228.58,211.60,0.21,44.10,216.68,0.21,34.22,213.35,0.21,45.22,215.11,0.22,26.62
216.91,1.05,228.79,211.67,0.21,44.16,216.21,0.21,34.52,215.71,0.21,45.99,216.21,0.22,26.41
217.35,1.05,228.44,209.47,0.21,43.25,216.65,0.21,34.26,216.72,0.21,46.45,215.27,0.21,26.47
218.56,1.05,230.44,210.52,0.21,43.69,217.86,0.21,34.02,216.69,0.21,46.50,215.73,0.22,26.53
218.34,1.06,230.48,212.45,0.21,44.40,217.64,0.21,34.46,215.52,0.21,45.92,215.85,0.22,26.85
217.59,1.06,229.74,211.19,0.21,43.96,216.89,0.22,34.73,214.26,0.21,45.40,215.83,0.22,26.17
219.34,1.05,231.37,213.51,0.21,44.91,218.64,0.21,34.17,217.05,0.21,46.58,215.79,0.21,26.60
217.41,1.05,228.47,210.00,0.21,43.55,216.71,0.21,34.05,216.80,0.21,46.45,215.38,0.21,26.40
216.72,1.05,227.98,210.46,0.21,43.46,216.02,0.21,34.44,214.61,0.21,45.68,215.06,0.22,26.34
216.87,1.05,228.24,208.83,0.20,42.94,216.17,0.21,34.61,215.54,0.21,46.08,214.56,0.22,26.42
220.94,1.05,233.07,212.48,0.21,44.46,220.24,0.21,34.03,216.02,0.21,46.23,216.12,0.22,26.69
219.30,1.05,230.17,212.20,0.21,44.35,218.60,0.21,33.78,216.08,0.21,46.16,214.68,0.21,25.97
218.31,1.06,230.40,214.45,0.21,45.35,217.61,0.21,34.63,215.63,0.21,46.08,215.00,0.21,26.30
217.62,1.05,229.11,211.06,0.21,43.92,216.92,0.21,34.39,215.70,0.21,46.07,214.61,0.22,26.32
218.70,1.05,230.36,210.38,0.21,43.50,218.00,0.21,34.44,219.07,0.22,47.05,216.08,0.21,26.54
220.47,1.06,234.25,213.92,0.21,45.01,219.77,0.22,35.62,217.38,0.21,46.77,217.76,0.22,27.25
217.45,1.05,228.96,211.15,0.21,44.10,216.75,0.21,34.12,214.61,0.21,45.72,215.85,0.22,26.69
218.42,1.05,229.03,209.97,0.21,43.45,217.72,0.21,34.45,213.85,0.21,45.44,214.54,0.21,26.00
218.44,1.06,230.59,209.95,0.21,43.41,217.74,0.21,34.44,217.37,0.22,46.87,215.77,0.22,26.91
219.08,1.05,230.44,212.01,0.21,44.15,218.38,0.21,33.86,217.03,0.21,46.50,216.53,0.21,26.52
219.80,1.05,230.62,211.62,0.21,44.17,219.10,0.21,34.15,214.36,0.21,45.48,215.49,0.21,26.30
217.87,1.05,229.00,212.66,0.21,44.36,217.17,0.21,33.90,216.13,0.21,46.36,216.33,0.21,26.10
217.71,1.05,228.84,210.46,0.21,43.51,217.01,0.22,34.72,215.50,0.21,45.93,214.17,0.21,25.95
220.35,1.06,232.81,213.69,0.21,44.85,219.65,0.22,34.82,216.38,0.21,46.42,215.35,0.21,26.32
219.59,1.05,230.06,210.96,0.21,43.87,218.89,0.21,34.09,215.69,0.21,45.87,217.79,0.21,25.96
218.95,1.05,230.40,211.52,0.21,44.05,218.25,0.21,34.04,215.03,0.21,45.85,216.06,0.22,26.64
217.56,1.05,229.12,213.61,0.21,44.94,216.86,0.21,34.39,214.87,0.21,45.71,213.90,0.21,25.98
219.49,1.06,231.60,213.42,0.21,44.65,218.79,0.22,34.97,215.22,0.21,45.83,214.59,0.21,26.20
219.07,1.05,230.53,210.36,0.21,43.60,218.37,0.21,34.27,216.95,0.21,46.57,215.91,0.21,26.44
217.71,1.05,229.46,210.86,0.21,43.70,217.01,0.21,33.99,216.19,0.21,46.09,215.23,0.22,26.75
218.40,1.05,229.00,210.21,0.21,43.54,217.70,0.21,33.77,214.27,0.21,45.47,215.86,0.21,26.46
218.12,1.05,229.86,210.48,0.21,43.65,217.42,0.21,34.48,216.03,0.21,46.41,215.20,0.21,26.36
218.21,1.05,229.51,211.93,0.21,44.14,217.51,0.21,34.62,215.19,0.21,45.88,214.58,0.21,26.14
218.05,1.05,229.48,209.10,0.21,43.03,217.35,0.21,34.11,219.13,0.22,47.30,217.55,0.21,26.64
218.73,1.05,230.08,214.58,0.21,44.45,218.03,0.21,34.13,215.63,0.21,46.08,215.12,0.21,26.19
218.73,1.06,230.86,214.35,0.21,45.19,218.03,0.21,34.27,215.62,0.21,46.18,216.38,0.21,26.53
218.25,1.05,228.89,210.18,0.21,43.57,217.55,0.21,34.35,214.08,0.21,45.38,215.86,0.21,26.23
219.86,1.05,231.45,210.44,0.21,43.59,219.16,0.22,34.70,217.20,0.22,46.78,213.77,0.21,25.54
220.99,1.05,232.06,212.73,0.21,44.52,220.29,0.21,33.71,215.53,0.21,46.02,216.24,0.21,26.43
219.99,1.05,231.75,215.38,0.21,45.62,219.29,0.21,33.66,216.10,0.21,46.20,216.47,0.21,26.43
218.93,1.06,232.13,212.94,0.21,44.68,218.23,0.22,35.05,217.12,0.21,46.72,220.08,0.22,27.66
218.04,1.05,229.80,209.66,0.21,43.43,217.34,0.22,35.15,215.85,0.21,46.23,213.40,0.21,26.15
218.56,1.05,230.25,209.97,0.21,43.51,217.86,0.21,34.20,218.30,0.22,47.14,215.87,0.21,26.67
218.60,1.05,228.82,210.96,0.21,43.52,217.90,0.21,33.91,214.79,0.21,45.75,216.63,0.21,26.70
216.70,1.05,226.71,208.67,0.20,42.82,216.00,0.21,34.09,215.24,0.21,45.77,215.96,0.21,26.61
217.86,1.05,228.70,212.97,0.21,44.52,217.16,0.21,34.02,215.65,0.21,46.02,214.56,0.21,25.80
217.05,1.05,227.38,209.34,0.20,43.08,216.35,0.21,34.36,216.04,0.21,46.16,215.35,0.21,26.39
217.52,1.05,228.57,210.87,0.21,43.58,216.82,0.21,34.01,218.33,0.22,47.10,216.36,0.21,26.58
219.16,1.05,230.04,212.61,0.21,44.30,218.46,0.21,33.89,214.87,0.21,45.63,216.62,0.21,26.89
218.00,1.05,228.15,211.90,0.21,44.19,217.30,0.21,34.31,213.46,0.21,45.21,215.74,0.21,26.25
219.41,1.05,231.09,213.55,0.21,44.86,218.71,0.21,34.38,215.60,0.21,46.05,214.51,0.21,26.21
218.65,1.05,228.84,209.31,0.21,43.20,217.95,0.21,34.17,216.82,0.21,46.58,215.06,0.21,26.13
220.23,1.05,231.55,214.33,0.21,45.33,219.53,0.21,34.32,215.38,0.21,45.83,216.74,0.21,26.66
218.48,1.05,230.20,214.08,0.21,45.12,217.78,0.21,34.27,215.83,0.21,46.07,214.46,0.21,26.39
220.84,1.05,232.67,213.02,0.21,44.57,220.14,0.22,34.87,215.16,0.21,45.86,214.05,0.21,25.99
217.78,1.05,228.83,210.00,0.21,43.31,217.08,0.21,34.32,216.75,0.21,46.49,216.28,0.21,26.64
223.44,1.05,234.93,212.43,0.21,44.40,222.74,0.21,34.46,215.00,0.21,45.87,216.09,0.21,26.61
217.81,1.05,227.91,211.32,0.21,43.92,217.11,0.21,33.76,215.80,0.21,46.04,216.69,0.21,26.56
218.92,1.05,230.27,214.39,0.21,45.23,218.22,0.21,34.43,216.23,0.21,46.13,214.71,0.21,25.99
219.48,1.05,230.59,213.42,0.21,44.68,218.78,0.21,34.36,215.90,0.21,46.06,216.93,0.21,26.50
218.86,1.05,229.11,209.37,0.21,43.28,218.16,0.21,34.24,216.33,0.21,46.29,215.06,0.21,26.11
219.22,1.05,229.68,211.69,0.21,44.14,218.52,0.21,34.07,216.32,0.21,46.31,215.59,0.21,26.41
219.60,1.05,230.55,209.88,0.21,43.58,218.90,0.21,34.23,215.03,0.21,45.83,216.16,0.21,26.68
218.22,1.05,229.00,209.87,0.21,43.26,217.52,0.22,34.83,215.77,0.21,46.10,216.34,0.21,26.61
219.48,1.05,230.08,209.88,0.21,43.43,218.78,0.21,34.66,215.13,0.21,45.83,216.22,0.21,26.27
219.69,1.05,229.76,211.06,0.21,43.72,218.99,0.21,33.90,216.20,0.21,46.38,215.38,0.21,26.11
219.45,1.05,230.03,210.92,0.21,43.78,218.75,0.21,33.76,215.37,0.21,46.00,216.36,0.21,26.63
217.43,1.05,228.56,211.47,0.21,43.93,216.73,0.22,35.04,216.12,0.21,46.15,217.36,0.21,26.63
217.42,1.05,228.58,210.69,0.21,43.86,216.72,0.22,35.62,216.41,0.21,46.51,215.23,0.21,25.83
218.25,1.05,229.65,213.86,0.21,44.97,217.55,0.21,34.51,217.40,0.22,46.84,214.78,0.21,25.95
220.55,1.05,231.27,212.12,0.21,44.33,219.85,0.21,34.19,214.95,0.21,45.65,217.98,0.21,26.73
219.13,1.05,230.75,212.85,0.21,44.61,218.43,0.22,35.32,215.95,0.21,46.29,216.62,0.21,26.21
218.56,1.05,229.07,210.16,0.21,43.69,217.86,0.21,34.70,216.98,0.21,46.69,215.36,0.21,26.14
219.16,1.05,230.11,214.90,0.21,45.30,218.46,0.21,33.98,216.83,0.21,46.46,215.65,0.21,26.29
218.70,1.05,229.61,211.43,0.21,44.19,218.00,0.21,34.24,216.45,0.21,46.28,216.63,0.21,26.65
217.92,1.05,229.32,213.60,0.21,44.85,217.22,0.22,34.85,216.51,0.21,46.45,214.84,0.21,26.14
218.63,1.05,228.84,210.16,0.21,43.48,217.93,0.22,35.14,216.80,0.21,46.48,214.86,0.21,25.86
221.44,1.05,232.88,214.44,0.21,45.23,220.74,0.21,34.61,217.25,0.21,46.66,215.91,0.21,26.26
217.35,1.05,227.54,211.23,0.21,43.86,216.65,0.21,34.06,216.06,0.21,46.22,215.27,0.21,26.20
217.36,1.05,227.86,210.90,0.21,43.50,216.66,0.22,34.94,214.83,0.21,45.72,215.94,0.21,26.17
219.58,1.05,230.73,213.51,0.21,44.70,218.88,0.22,34.67,216.20,0.21,46.18,215.34,0.21,25.97
219.50,1.05,230.72,213.89,0.21,45.00,218.80,0.21,34.21,216.32,0.21,46.29,215.76,0.21,26.29
223.04,1.05,234.19,214.48,0.21,45.32,222.34,0.21,33.80,216.14,0.21,46.15,216.99,0.21,26.48
219.11,1.05,230.09,215.99,0.21,45.71,218.41,0.21,34.90,214.55,0.21,45.71,214.43,0.21,25.94
221.01,1.05,232.73,212.76,0.21,44.54,220.31,0.22,36.40,215.98,0.21,46.10,215.91,0.21,26.26
221.51,1.05,232.48,213.95,0.21,44.99,220.81,0.21,35.15,216.37,0.21,46.32,215.35,0.21,26.09
220.63,1.05,232.05,213.91,0.21,45.01,219.93,0.22,35.57,215.36,0.21,45.85,216.61,0.21,26.28
219.93,1.05,231.20,212.87,0.21,44.43,219.23,0.22,35.84,215.76,0.21,46.18,215.39,0.21,26.24
220.97,1.04,230.70,210.17,0.21,43.49,220.27,0.21,34.96,215.73,0.21,46.01,216.04,0.21,26.18
220.47,1.05,231.35,213.89,0.21,44.90,219.77,0.21,35.05,214.93,0.21,45.77,216.50,0.21,26.16
219.36,1.04,229.15,211.15,0.21,43.75,218.66,0.22,35.83,213.02,0.21,45.10,214.68,0.21,25.47
218.50,1.05,229.35,212.78,0.21,44.57,217.80,0.21,35.29,217.56,0.21,46.70,216.19,0.21,26.02
218.95,1.05,229.01,210.53,0.21,43.69,218.25,0.21,34.86,215.77,0.21,46.00,215.71,0.21,26.24
217.72,1.04,227.47,211.12,0.21,43.82,217.02,0.21,34.68,215.15,0.21,45.90,216.08,0.21,25.96
218.43,1.06,231.15,210.44,0.21,43.56,217.73,0.22,36.59,219.60,0.22,47.75,220.37,0.21,26.78
220.04,1.05,230.41,209.26,0.21,43.33,219.34,0.22,34.86,217.14,0.21,46.73,216.41,0.21,25.89
218.61,1.05,230.18,211.68,0.21,44.24,217.91,0.22,35.24,217.24,0.21,46.75,216.82,0.21,26.39
217.26,1.05,227.37,209.55,0.21,43.38,216.56,0.22,35.08,214.89,0.21,46.01,216.31,0.21,25.78
217.36,1.05,228.01,211.34,0.21,44.05,216.66,0.22,35.75,217.75,0.21,46.84,214.44,0.21,25.43
221.47,1.05,232.88,212.77,0.21,44.32,220.77,0.22,34.94,216.46,0.21,46.44,216.49,0.21,26.10
218.16,1.05,229.35,212.35,0.21,43.98,217.46,0.22,35.16,218.22,0.21,47.01,220.06,0.21,26.73
217.42,1.05,228.14,210.13,0.21,43.65,216.72,0.22,35.95,214.84,0.21,45.83,215.67,0.21,25.57
221.17,1.05,232.84,212.97,0.21,44.45,220.47,0.22,34.84,217.21,0.21,46.70,216.12,0.21,26.32
220.12,1.05,230.40,210.15,0.21,43.54,219.42,0.21,34.38,216.68,0.21,46.48,217.24,0.21,26.34
219.30,1.05,230.21,211.70,0.21,44.15,218.60,0.22,35.41,215.19,0.21,45.92,215.30,0.21,26.02
218.41,1.05,229.60,212.19,0.21,44.23,217.71,0.22,35.49,216.45,0.21,46.35,215.24,0.21,25.73
219.52,1.05,230.27,211.41,0.21,43.86,218.82,0.22,35.41,217.71,0.21,46.94,216.85,0.21,25.89
216.67,1.05,227.92,211.39,0.21,43.97,215.97,0.22,35.90,215.33,0.21,45.99,216.37,0.21,25.98
220.92,1.06,233.14,214.53,0.21,45.07,220.22,0.22,35.69,217.99,0.22,47.14,218.55,0.21,26.37
218.76,1.05,230.19,211.00,0.21,43.67,218.06,0.22,35.63,219.60,0.22,47.62,220.96,0.21,26.68
218.87,1.05,230.05,214.10,0.21,44.57,218.17,0.21,34.42,217.68,0.21,46.92,216.75,0.21,25.89
217.16,1.05,226.98,216.84,0.21,45.27,216.46,0.22,34.97,215.87,0.21,46.12,215.25,0.20,25.44
220.82,1.05,232.13,217.01,0.21,45.47,220.12,0.22,35.43,217.16,0.21,46.58,216.23,0.21,25.98
222.10,1.05,232.63,220.98,0.21,46.54,221.40,0.22,35.03,214.88,0.21,45.56,216.56,0.21,25.80
220.26,1.05,231.64,219.38,0.21,46.00,219.56,0.22,34.92,215.39,0.21,45.93,215.90,0.21,26.11
219.18,1.06,231.29,216.26,0.21,44.83,218.48,0.22,35.53,218.92,0.22,47.42,219.72,0.21,26.67
220.22,1.05,230.22,215.53,0.21,44.72,219.52,0.21,34.14,216.48,0.21,46.42,216.90,0.21,26.43
219.54,1.04,229.34,217.00,0.21,45.22,218.84,0.21,34.35,215.61,0.21,45.95,215.40,0.21,25.77
220.58,1.05,231.03,219.23,0.21,46.10,219.88,0.21,34.48,217.05,0.21,46.55,214.69,0.21,25.82
220.79,1.05,231.94,222.10,0.21,46.22,220.09,0.21,34.56,215.42,0.21,45.82,216.78,0.21,26.52
220.11,1.05,230.66,219.15,0.21,46.02,219.41,0.21,34.60,215.43,0.21,45.99,215.71,0.21,25.96
219.38,1.04,228.99,216.37,0.21,44.85,218.68,0.21,34.40,217.34,0.21,46.72,214.78,0.21,25.65
218.22,1.04,227.45,214.84,0.21,44.20,217.52,0.21,34.37,214.37,0.21,45.42,217.51,0.21,26.35
220.04,1.05,230.96,219.43,0.21,46.17,219.34,0.21,33.76,217.70,0.22,46.90,218.80,0.21,26.61
219.24,1.04,228.84,216.23,0.21,44.85,218.54,0.21,33.99,217.47,0.21,46.72,216.20,0.21,25.75
218.88,1.04,228.29,219.39,0.21,46.08,218.18,0.21,33.30,216.76,0.21,46.34,215.08,0.21,25.57
219.16,1.05,229.48,216.36,0.21,45.03,218.46,0.21,34.13,215.97,0.21,46.14,214.99,0.21,25.95
219.93,1.05,230.77,218.59,0.21,45.84,219.23,0.21,33.78,217.16,0.21,46.65,216.23,0.21,26.20
219.07,0.83,182.56,218.02,0.21,45.55,218.37,0.22,34.01,0.00,0.00,0.00,216.63,0.21,26.11
219.13,0.84,183.59,219.75,0.21,46.25,218.43,0.22,34.21,0.00,0.00,0.00,218.31,0.21,26.27
221.25,0.83,184.16,216.67,0.21,45.09,220.55,0.22,33.64,0.00,0.00,0.00,217.02,0.21,25.65
223.63,0.83,186.52,218.15,0.21,45.58,222.93,0.22,33.85,0.00,0.00,0.00,216.74,0.21,25.71
220.75,0.84,184.77,217.60,0.21,45.53,220.05,0.21,33.69,0.00,0.00,0.00,221.82,0.21,27.18
221.64,0.84,185.35,221.86,0.21,46.93,220.94,0.22,35.11,0.00,0.00,0.00,219.72,0.21,26.26
219.20,0.83,182.63,217.44,0.21,45.39,218.50,0.22,35.09,0.00,0.00,0.00,218.23,0.21,26.00
221.33,0.84,185.06,217.40,0.21,45.32,220.63,0.21,34.79,0.00,0.00,0.00,221.15,0.21,27.18
217.46,0.83,181.13,217.93,0.21,45.56,216.76,0.22,35.35,0.00,0.00,0.00,216.32,0.21,25.54
222.87,0.84,186.24,221.30,0.21,46.65,222.17,0.21,34.90,0.00,0.00,0.00,217.95,0.21,26.17
222.52,0.83,185.74,220.01,0.21,46.46,221.82,0.21,35.01,0.00,0.00,0.00,217.75,0.21,25.82
225.65,0.83,188.08,219.95,0.21,46.21,224.95,0.21,34.80,0.00,0.00,0.00,217.54,0.21,26.01
220.00,0.83,183.34,216.31,0.21,45.01,219.30,0.22,35.36,0.00,0.00,0.00,218.36,0.21,26.50
219.84,0.83,183.13,217.75,0.21,45.70,219.14,0.21,33.48,0.00,0.00,0.00,219.97,0.21,26.59
218.88,0.69,150.85,213.75,0.21,43.98,218.18,0.22,33.75,0.00,0.00,0.00,0.00,0.07,0.00
218.87,0.63,137.36,218.08,0.21,45.85,218.17,0.22,33.85,0.00,0.00,0.00,0.00,0.00,0.00
217.46,0.84,183.68,229.74,0.21,49.22,216.76,0.22,34.35,216.08,0.21,46.34,0.00,0.00,0.00
219.27,0.89,195.02,214.47,0.20,44.30,218.57,0.22,35.31,213.70,0.21,45.33,0.00,0.05,0.00
217.82,0.84,182.81,214.43,0.20,44.20,217.12,0.22,35.80,216.21,0.21,46.36,0.00,0.00,0.00
215.63,0.84,180.38,214.73,0.21,44.45,214.93,0.22,35.14,214.12,0.21,45.54,0.00,0.00,0.00
218.54,0.84,183.07,216.98,0.21,45.33,217.84,0.21,35.05,215.03,0.21,45.72,0.00,0.00,0.00
215.46,0.84,180.34,215.51,0.21,44.82,214.76,0.21,35.09,215.89,0.21,46.06,0.00,0.00,0.00
217.04,0.84,181.81,216.71,0.21,45.23,216.34,0.21,34.57,216.28,0.21,46.27,0.00,0.00,0.00
218.01,0.84,182.69,214.96,0.21,44.54,217.31,0.21,34.98,215.76,0.21,46.30,0.00,0.00,0.00
216.40,0.86,185.73,216.86,0.21,45.20,215.70,0.16,11.69,216.17,0.21,45.86,0.00,0.07,0.00
218.25,0.63,137.81,216.45,0.21,45.18,0.00,0.00,0.00,218.05,0.22,47.33,0.00,0.00,0.00
219.21,0.63,138.19,218.74,0.21,46.52,0.00,0.00,0.00,216.39,0.21,46.38,0.00,0.00,0.00
219.15,0.63,137.20,215.84,0.21,44.93,0.00,0.00,0.00,219.09,0.22,47.11,0.00,0.00,0.00
219.53,0.84,184.11,214.58,0.21,44.38,218.83,0.21,35.08,216.74,0.21,46.63,0.00,0.00,0.00
216.40,0.84,181.58,214.74,0.21,44.61,215.70,0.22,35.16,216.45,0.21,46.49,0.00,0.00,0.00
218.04,0.84,183.53,216.59,0.21,45.30,217.34,0.22,35.67,216.09,0.21,46.30,0.00,0.00,0.00
217.31,0.84,182.13,214.66,0.21,44.54,216.61,0.22,35.29,215.34,0.21,45.96,0.00,0.00,0.00
217.00,0.84,181.83,215.68,0.21,44.70,216.30,0.22,35.43,215.17,0.21,45.96,0.00,0.00,0.00
218.56,0.84,183.64,216.92,0.21,45.32,217.86,0.21,35.01,217.40,0.21,46.83,0.00,0.00,0.00
219.15,0.84,183.68,214.91,0.21,44.53,218.45,0.22,35.22,216.57,0.21,46.41,0.00,0.00,0.00
218.39,0.84,183.07,215.01,0.21,44.65,217.69,0.22,35.33,215.37,0.21,46.03,0.00,0.00,0.00
217.80,0.84,182.46,215.94,0.21,44.98,217.10,0.21,35.00,215.72,0.21,46.12,0.00,0.00,0.00
218.36,0.84,183.06,213.50,0.20,43.98,217.66,0.22,35.52,219.01,0.21,46.75,0.00,0.00,0.00
215.98,0.84,181.61,213.96,0.21,44.22,215.28,0.22,36.16,218.10,0.21,47.07,0.00,0.00,0.00
218.06,0.84,182.87,216.28,0.21,45.15,217.36,0.21,35.03,215.99,0.21,46.32,0.00,0.00,0.00
216.70,0.84,181.49,214.78,0.20,44.35,216.00,0.22,35.43,216.56,0.21,46.34,0.00,0.00,0.00
220.67,0.84,185.36,215.90,0.21,45.04,219.97,0.22,35.47,215.73,0.21,46.09,0.00,0.00,0.00
217.03,0.84,181.49,215.01,0.21,44.48,216.33,0.21,34.81,216.41,0.21,46.38,0.00,0.00,0.00
216.50,0.84,181.00,215.68,0.21,44.82,215.80,0.21,34.97,215.06,0.21,45.84,0.00,0.00,0.00
220.46,0.84,184.60,214.40,0.21,44.34,219.76,0.22,35.27,215.70,0.21,46.10,0.00,0.00,0.00
216.29,0.84,182.32,214.02,0.21,44.21,215.59,0.22,36.11,219.16,0.22,47.85,0.00,0.00,0.00
218.99,0.84,183.43,214.29,0.20,44.17,218.29,0.22,35.76,216.46,0.21,46.33,0.00,0.00,0.00
219.28,0.84,183.96,218.10,0.21,45.65,218.58,0.21,34.74,216.06,0.21,46.42,0.00,0.00,0.00
218.73,0.84,183.53,214.40,0.21,44.37,218.03,0.22,35.87,217.00,0.21,46.71,0.00,0.00,0.00
217.89,0.84,182.14,215.03,0.21,44.60,217.19,0.21,34.57,216.28,0.21,46.41,0.00,0.00,0.00
216.97,0.84,181.90,215.54,0.21,44.82,216.27,0.21,35.04,216.47,0.21,46.46,0.00,0.00,0.00
219.88,0.83,183.39,215.51,0.21,44.88,219.18,0.21,34.64,213.73,0.21,45.17,0.00,0.00,0.00
217.62,0.84,182.13,214.57,0.21,44.47,216.92,0.21,34.62,217.38,0.21,46.84,0.00,0.00,0.00
219.31,0.84,183.48,215.61,0.21,44.71,218.61,0.21,35.21,215.04,0.21,45.86,0.00,0.00,0.00
218.37,0.84,183.26,215.73,0.21,44.85,217.67,0.21,35.03,216.67,0.21,46.62,0.00,0.00,0.00
218.19,0.83,181.92,215.86,0.21,44.85,217.49,0.21,34.24,214.31,0.21,45.61,0.00,0.00,0.00
217.46,0.84,182.18,215.17,0.21,44.61,216.76,0.21,34.61,217.52,0.22,46.94,0.00,0.00,0.00
220.58,0.84,184.91,216.23,0.21,45.03,219.88,0.21,35.23,215.59,0.21,46.14,0.00,0.00,0.00
218.09,0.84,182.44,216.24,0.21,44.99,217.39,0.21,34.73,215.58,0.21,46.00,0.00,0.00,0.00
219.11,0.84,183.63,215.82,0.21,44.91,218.41,0.21,34.94,217.24,0.21,46.65,0.00,0.00,0.00
218.93,0.84,183.07,216.97,0.21,45.32,218.23,0.21,34.88,213.45,0.21,45.26,0.00,0.00,0.00
217.77,0.84,182.08,214.24,0.21,44.33,217.07,0.21,34.74,216.39,0.21,46.53,0.00,0.00,0.00
216.76,0.84,181.27,215.99,0.21,44.89,216.06,0.21,34.65,216.52,0.21,46.52,0.00,0.00,0.00
214.35,0.84,179.39,216.20,0.21,45.06,213.65,0.21,34.72,215.53,0.21,46.18,0.00,0.00,0.00
218.78,0.83,182.28,215.24,0.21,44.55,218.08,0.21,34.32,214.81,0.21,45.57,0.00,0.00,0.00
216.24,0.84,180.72,214.84,0.21,44.45,215.54,0.21,34.78,216.65,0.21,46.43,0.00,0.00,0.00
217.42,0.84,182.03,216.32,0.21,45.14,216.72,0.21,34.97,215.61,0.21,46.09,0.00,0.00,0.00
216.83,0.84,181.30,216.39,0.21,45.29,216.13,0.21,34.53,214.41,0.21,45.67,0.00,0.00,0.00
217.63,0.84,181.94,215.85,0.21,44.43,216.93,0.21,34.41,217.90,0.21,46.93,0.00,0.00,0.00
217.42,0.84,182.01,215.57,0.21,44.75,216.72,0.21,35.02,216.13,0.21,46.26,0.00,0.00,0.00
216.32,0.84,180.97,216.28,0.21,45.29,215.62,0.21,34.49,215.04,0.21,45.86,0.00,0.00,0.00
217.13,0.84,181.69,215.44,0.21,44.56,216.43,0.21,35.32,217.02,0.21,46.62,0.00,0.00,0.00
216.43,0.84,181.32,215.94,0.21,44.94,215.73,0.21,35.02,216.09,0.21,46.35,0.00,0.00,0.00
217.69,0.84,182.09,216.92,0.21,45.40,216.99,0.21,34.56,215.99,0.21,46.10,0.00,0.00,0.00
218.02,0.84,182.22,213.96,0.21,44.31,217.32,0.21,34.61,216.10,0.21,46.26,0.00,0.00,0.00
216.11,0.84,181.18,215.51,0.21,44.96,215.41,0.22,35.58,215.77,0.21,46.05,0.00,0.00,0.00
217.25,0.83,181.29,215.33,0.21,44.79,216.55,0.21,34.65,214.45,0.21,45.59,0.00,0.00,0.00
220.63,0.84,184.23,215.02,0.21,44.62,219.93,0.21,34.63,215.04,0.21,45.89,0.00,0.00,0.00
216.29,0.84,181.45,215.70,0.21,45.09,215.59,0.21,35.18,214.90,0.21,45.78,0.00,0.00,0.00
217.39,0.84,182.08,214.40,0.21,44.29,216.69,0.22,35.19,217.13,0.21,46.58,0.00,0.00,0.00
217.02,0.84,182.73,216.32,0.21,45.25,216.32,0.22,35.67,216.85,0.21,46.68,0.00,0.00,0.00
219.09,0.84,183.50,215.86,0.21,45.00,218.39,0.22,35.42,213.58,0.21,45.28,0.00,0.00,0.00
218.70,0.84,183.04,213.98,0.21,44.22,218.00,0.21,34.93,216.67,0.21,46.54,0.00,0.00,0.00
217.14,0.84,181.97,214.80,0.21,44.47,216.44,0.22,35.28,216.94,0.21,46.52,0.00,0.00,0.00
218.52,0.84,183.08,217.16,0.21,45.42,217.82,0.21,35.02,214.94,0.21,45.73,0.00,0.00,0.00
218.22,0.84,183.05,214.41,0.21,44.31,217.52,0.22,35.28,217.65,0.21,46.89,0.00,0.00,0.00
215.97,0.84,180.83,214.06,0.20,44.04,215.27,0.22,35.52,217.62,0.21,46.82,0.00,0.00,0.00
217.71,0.84,182.98,217.39,0.21,45.49,217.01,0.22,35.98,214.65,0.21,45.75,0.00,0.00,0.00
216.97,0.84,182.02,214.74,0.21,44.48,216.27,0.21,35.29,219.46,0.22,47.34,0.00,0.00,0.00
217.02,0.84,182.22,213.25,0.20,43.80,216.32,0.22,36.10,217.47,0.21,46.86,0.00,0.00,0.00
221.47,0.84,186.62,219.57,0.21,46.43,220.77,0.22,36.25,215.30,0.21,45.80,0.00,0.00,0.00
217.65,0.84,182.76,219.34,0.21,46.44,216.95,0.21,34.67,215.27,0.21,45.95,0.00,0.00,0.00
218.00,0.84,182.74,214.18,0.20,44.26,217.30,0.22,35.62,216.83,0.21,46.68,0.00,0.00,0.00
216.60,0.84,181.60,214.36,0.20,44.20,215.90,0.22,35.60,216.86,0.21,46.69,0.00,0.00,0.00
218.18,0.84,184.27,220.14,0.21,46.83,217.48,0.22,35.85,215.86,0.21,46.15,0.00,0.00,0.00
217.80,0.84,182.19,215.36,0.21,44.65,217.10,0.21,34.70,216.76,0.21,46.36,0.00,0.00,0.00
216.57,0.84,181.10,213.47,0.20,43.97,215.87,0.22,35.59,215.57,0.21,46.14,0.00,0.00,0.00
213.85,0.84,179.25,215.40,0.21,44.69,213.15,0.22,35.54,216.26,0.21,46.30,0.00,0.00,0.00
219.85,0.84,184.08,216.76,0.21,45.13,219.15,0.21,35.04,215.05,0.21,45.82,0.00,0.00,0.00
216.32,0.83,180.56,215.30,0.20,44.11,215.62,0.21,34.69,216.83,0.21,46.47,0.00,0.00,0.00
217.92,0.84,182.83,215.67,0.21,44.92,217.22,0.22,35.62,216.09,0.21,46.36,0.00,0.00,0.00
219.76,0.84,184.23,216.88,0.21,45.21,219.06,0.21,35.34,216.20,0.21,46.20,0.00,0.00,0.00
218.01,0.84,182.29,214.40,0.21,44.44,217.31,0.21,34.74,216.06,0.21,46.48,0.00,0.00,0.00
215.52,0.84,181.26,215.69,0.21,44.81,214.82,0.22,35.93,216.37,0.21,46.45,0.00,0.00,0.00
218.28,0.84,183.06,216.07,0.21,45.05,217.58,0.22,35.69,214.72,0.21,45.68,0.00,0.00,0.00
217.25,0.84,182.07,214.01,0.20,44.08,216.55,0.22,35.93,216.42,0.21,46.46,0.00,0.00,0.00
217.62,0.84,182.83,216.12,0.21,44.97,216.92,0.22,35.42,217.01,0.21,46.86,0.00,0.00,0.00
217.65,0.84,182.67,216.78,0.21,45.38,216.95,0.22,35.48,215.53,0.21,46.09,0.00,0.00,0.00
216.64,0.84,181.43,216.48,0.21,45.19,215.94,0.21,34.83,216.39,0.21,46.44,0.00,0.00,0.00
215.18,0.84,180.18,215.54,0.21,44.58,214.48,0.21,34.91,217.69,0.21,46.80,0.00,0.00,0.00
216.14,0.84,181.30,215.62,0.21,44.84,215.44,0.22,35.29,215.97,0.21,46.33,0.00,0.00,0.00
218.04,0.84,182.33,216.19,0.21,45.13,217.34,0.21,34.70,215.30,0.21,45.90,0.00,0.00,0.00
215.79,0.84,180.50,214.27,0.20,44.19,215.09,0.21,35.02,217.18,0.21,46.65,0.00,0.00,0.00
216.89,0.84,182.25,215.45,0.21,44.86,216.19,0.22,35.69,215.93,0.21,46.22,0.00,0.00,0.00
217.43,0.84,181.65,216.39,0.21,45.14,216.73,0.21,34.55,214.75,0.21,45.66,0.00,0.00,0.00
218.06,0.83,182.04,215.72,0.21,44.92,217.36,0.21,34.34,215.51,0.21,45.96,0.00,0.00,0.00
217.10,0.83,181.15,214.42,0.21,44.39,216.40,0.21,34.68,215.20,0.21,45.88,0.00,0.00,0.00
216.72,0.84,181.02,214.73,0.21,44.32,216.02,0.21,35.00,215.68,0.21,46.03,0.00,0.00,0.00
217.62,0.83,181.43,214.46,0.21,44.46,216.92,0.21,34.05,215.87,0.21,46.17,0.00,0.00,0.00
218.85,0.84,182.87,216.97,0.21,44.90,218.15,0.21,34.84,214.78,0.21,45.64,0.00,0.00,0.00
218.58,0.83,182.33,215.64,0.21,44.88,217.88,0.21,34.62,214.07,0.21,45.29,0.00,0.00,0.00
217.69,0.83,181.10,214.18,0.20,44.17,216.99,0.21,34.19,214.82,0.21,45.74,0.00,0.00,0.00
217.97,0.84,182.41,214.87,0.21,44.49,217.27,0.21,34.71,217.08,0.21,46.72,0.00,0.00,0.00
214.30,0.84,179.11,214.74,0.21,44.39,213.60,0.21,34.72,216.89,0.21,46.50,0.00,0.00,0.00
216.29,0.83,179.86,215.04,0.21,44.62,215.59,0.21,34.25,213.69,0.21,45.16,0.00,0.00,0.00
216.42,0.83,180.16,214.86,0.21,44.40,215.72,0.21,34.41,214.10,0.21,45.39,0.00,0.00,0.00
220.96,0.84,185.23,218.53,0.21,45.99,220.26,0.21,34.51,216.63,0.21,46.39,0.00,0.00,0.00
216.83,0.83,180.58,211.26,0.20,43.03,216.13,0.21,34.73,216.14,0.21,46.28,0.00,0.00,0.00
218.59,0.83,182.40,215.71,0.21,44.91,217.89,0.21,34.50,214.31,0.21,45.48,0.00,0.00,0.00
216.20,0.83,180.15,213.36,0.20,43.76,215.50,0.21,34.42,217.05,0.21,46.24,0.00,0.00,0.00
216.57,0.83,180.56,213.08,0.20,43.56,215.87,0.21,34.92,216.03,0.21,46.24,0.00,0.00,0.00
214.99,0.83,178.90,215.25,0.21,44.61,214.29,0.21,34.36,213.86,0.21,45.24,0.00,0.00,0.00
217.17,0.83,180.97,215.27,0.21,44.68,216.47,0.21,34.51,214.07,0.21,45.39,0.00,0.00,0.00
216.87,0.83,181.03,214.59,0.21,44.41,216.17,0.21,34.56,215.93,0.21,46.17,0.00,0.00,0.00
215.97,0.83,180.18,213.96,0.20,44.05,215.27,0.21,34.62,215.63,0.21,46.03,0.00,0.00,0.00
216.75,0.83,180.88,215.88,0.21,44.76,216.05,0.21,34.54,215.12,0.21,45.87,0.00,0.00,0.00
217.29,0.83,181.30,215.49,0.21,44.79,216.59,0.21,34.17,216.09,0.21,46.10,0.00,0.00,0.00
218.23,0.83,181.69,215.36,0.21,44.63,217.53,0.21,34.03,215.15,0.21,45.77,0.00,0.00,0.00
217.66,0.83,181.46,215.21,0.20,44.42,216.96,0.21,34.37,216.31,0.21,46.27,0.00,0.00,0.00
215.57,0.83,179.57,213.56,0.20,43.83,214.87,0.21,34.45,217.25,0.21,46.17,0.00,0.00,0.00
216.15,0.83,180.35,216.75,0.21,45.26,215.45,0.21,34.61,212.94,0.21,44.92,0.00,0.00,0.00
216.12,0.83,179.96,214.16,0.20,44.16,215.42,0.21,34.57,213.99,0.21,45.39,0.00,0.00,0.00
217.82,0.83,181.17,213.76,0.20,44.02,217.12,0.21,34.10,215.57,0.21,45.91,0.00,0.00,0.00
216.65,0.84,181.13,214.24,0.20,44.15,215.95,0.21,35.04,216.46,0.21,46.39,0.00,0.00,0.00
214.03,0.84,180.73,215.67,0.21,44.86,213.33,0.22,36.94,216.49,0.21,46.41,0.00,0.00,0.00
216.56,0.84,181.97,215.57,0.21,44.72,215.86,0.22,36.02,217.24,0.21,46.75,0.00,0.00,0.00
217.56,0.84,182.07,216.43,0.21,45.01,216.86,0.21,35.09,215.76,0.21,46.07,0.00,0.00,0.00
215.67,0.83,180.07,214.17,0.20,44.11,214.97,0.21,35.05,215.72,0.21,46.06,0.00,0.00,0.00
217.04,0.84,181.41,215.14,0.21,44.55,216.34,0.21,35.16,214.57,0.21,45.61,0.00,0.00,0.00
215.47,0.83,179.88,214.47,0.20,44.22,214.77,0.22,35.19,214.64,0.21,45.54,0.00,0.00,0.00
217.48,0.84,181.91,217.96,0.21,45.17,216.78,0.21,34.65,217.58,0.21,46.37,0.00,0.00,0.00
216.79,0.83,179.87,213.19,0.20,43.77,216.09,0.21,34.30,213.22,0.21,45.03,0.00,0.00,0.00
215.10,0.83,178.99,213.24,0.20,43.54,214.40,0.21,34.61,216.09,0.21,46.20,0.00,0.00,0.00
215.95,0.84,180.85,213.10,0.20,43.82,215.25,0.22,36.28,215.13,0.21,45.90,0.00,0.00,0.00
216.50,0.83,180.68,216.14,0.21,44.88,215.80,0.21,35.08,212.29,0.21,44.72,0.00,0.00,0.00
216.74,0.83,180.44,215.09,0.21,44.54,216.04,0.21,34.53,213.29,0.21,45.10,0.00,0.00,0.00
216.49,0.84,180.84,214.52,0.20,44.29,215.79,0.22,35.64,214.47,0.21,45.64,0.00,0.00,0.00
216.45,0.83,180.65,214.29,0.20,44.08,215.75,0.22,35.47,213.78,0.21,45.31,0.00,0.00,0.00
215.21,0.84,179.82,213.92,0.20,44.03,214.51,0.22,35.38,215.38,0.21,46.02,0.00,0.00,0.00
214.70,0.84,179.57,213.79,0.20,43.88,214.00,0.22,36.25,214.69,0.21,45.69,0.00,0.00,0.00
217.24,0.83,181.22,215.72,0.21,44.74,216.54,0.21,35.23,213.52,0.21,45.13,0.00,0.00,0.00
217.36,0.83,180.61,213.58,0.20,43.89,216.66,0.21,34.66,213.21,0.21,45.07,0.00,0.00,0.00
216.46,0.83,179.40,213.96,0.20,44.13,215.76,0.21,33.91,213.38,0.21,44.96,0.00,0.00,0.00
217.87,0.83,181.52,212.48,0.20,43.45,217.17,0.22,35.61,214.66,0.21,45.70,0.00,0.00,0.00
215.11,0.83,178.45,213.27,0.20,43.68,214.41,0.21,34.23,214.37,0.21,45.57,0.00,0.00,0.00
213.71,0.83,177.38,213.15,0.20,43.73,213.01,0.21,34.70,213.05,0.21,44.85,0.00,0.00,0.00
218.11,0.83,181.52,214.67,0.21,44.52,217.41,0.21,34.46,213.91,0.21,45.22,0.00,0.00,0.00
215.59,0.83,179.31,219.12,0.21,46.39,214.89,0.21,33.03,212.98,0.21,44.85,0.00,0.00,0.00
216.78,0.83,180.02,215.25,0.21,44.54,216.08,0.21,34.01,212.56,0.21,44.74,0.00,0.00,0.00
217.53,0.83,181.03,215.16,0.21,44.47,216.83,0.21,34.44,214.58,0.21,45.44,0.00,0.00,0.00
215.40,0.83,179.51,213.02,0.20,43.73,214.70,0.21,34.93,214.49,0.21,45.62,0.00,0.00,0.00
214.93,0.83,178.84,213.06,0.20,43.62,214.23,0.21,35.04,213.58,0.21,45.12,0.00,0.00,0.00
215.37,0.83,179.30,213.42,0.20,43.81,214.67,0.21,35.08,213.74,0.21,45.15,0.00,0.00,0.00
218.33,0.83,181.25,214.37,0.21,44.33,217.63,0.21,33.76,213.99,0.21,45.24,0.00,0.00,0.00
214.99,0.83,178.77,213.71,0.20,43.92,214.29,0.21,34.13,215.33,0.21,45.86,0.00,0.00,0.00
215.05,0.83,179.52,213.53,0.20,43.78,214.35,0.22,35.36,214.90,0.21,45.70,0.00,0.00,0.00
214.94,0.83,178.78,213.07,0.20,43.73,214.24,0.21,34.17,216.04,0.21,46.13,0.00,0.00,0.00
215.58,0.83,179.75,216.38,0.21,44.97,214.88,0.21,34.36,214.52,0.21,45.55,0.00,0.00,0.00
216.01,0.83,179.07,214.74,0.21,44.48,215.31,0.21,33.69,213.09,0.21,44.80,0.00,0.00,0.00
220.91,0.83,183.52,214.63,0.21,44.21,220.21,0.21,34.10,214.41,0.21,45.30,0.00,0.00,0.00
217.33,0.83,180.44,214.84,0.20,44.39,216.63,0.21,34.11,213.78,0.21,45.17,0.00,0.00,0.00
218.39,0.83,181.51,214.15,0.20,44.14,217.69,0.21,34.26,214.62,0.21,45.50,0.00,0.00,0.00
216.01,0.83,179.61,213.48,0.20,43.77,215.31,0.21,34.30,215.00,0.21,45.70,0.00,0.00,0.00
215.29,0.83,179.13,215.30,0.21,44.57,214.59,0.21,33.95,214.63,0.21,45.64,0.00,0.00,0.00
216.20,0.83,179.81,214.61,0.21,44.38,215.50,0.21,33.88,214.66,0.21,45.61,0.00,0.00,0.00
220.40,0.83,182.58,213.20,0.20,43.64,219.70,0.21,33.73,214.43,0.21,45.47,0.00,0.00,0.00
216.41,0.83,179.83,213.82,0.20,44.01,215.71,0.21,33.99,215.58,0.21,45.93,0.00,0.00,0.00
215.40,0.83,179.01,214.12,0.20,44.08,214.70,0.21,34.37,214.05,0.21,45.36,0.00,0.00,0.00
216.53,0.83,179.74,215.11,0.20,44.10,215.83,0.21,34.20,213.73,0.21,45.16,0.00,0.00,0.00
214.11,0.83,177.81,214.39,0.20,44.19,213.41,0.21,34.33,214.09,0.21,45.26,0.00,0.00,0.00
214.92,0.83,178.87,214.95,0.21,44.40,214.22,0.21,34.57,214.32,0.21,45.52,0.00,0.00,0.00
216.26,0.83,178.95,213.27,0.20,43.73,215.56,0.21,33.88,213.20,0.21,45.05,0.00,0.00,0.00
216.40,0.83,179.55,213.30,0.20,43.75,215.70,0.21,33.57,215.93,0.21,46.11,0.00,0.00,0.00
213.93,0.83,177.68,213.07,0.20,43.64,213.23,0.21,34.45,213.94,0.21,45.29,0.00,0.00,0.00
216.34,0.83,180.00,215.35,0.21,44.65,215.64,0.21,34.63,213.01,0.21,44.94,0.00,0.00,0.00
216.90,0.83,179.65,213.95,0.20,44.03,216.20,0.21,33.85,213.81,0.21,45.02,0.00,0.00,0.00
217.04,0.83,180.37,214.63,0.20,44.10,216.34,0.21,33.91,215.70,0.21,46.00,0.00,0.00,0.00
213.91,0.83,177.77,213.53,0.20,43.77,213.21,0.21,34.43,214.18,0.21,45.38,0.00,0.00,0.00
217.43,0.83,180.80,217.02,0.21,45.18,216.73,0.21,33.78,213.71,0.21,45.09,0.00,0.00,0.00
215.20,0.83,178.36,214.57,0.21,44.43,214.50,0.21,33.56,213.89,0.21,45.12,0.00,0.00,0.00
218.12,0.83,180.35,213.58,0.20,43.75,217.42,0.21,33.60,214.35,0.21,45.15,0.00,0.00,0.00
215.45,0.83,178.80,214.03,0.20,44.05,214.75,0.21,33.91,214.68,0.21,45.50,0.00,0.00,0.00
213.21,0.83,177.01,212.16,0.20,43.19,212.51,0.21,34.32,215.53,0.21,45.92,0.00,0.00,0.00
215.34,0.83,178.51,213.82,0.20,44.02,214.64,0.21,34.42,212.39,0.21,44.52,0.00,0.00,0.00
216.14,0.83,179.34,214.26,0.20,44.20,215.44,0.21,33.93,213.47,0.21,45.15,0.00,0.00,0.00
215.92,0.83,179.77,213.24,0.20,43.70,215.22,0.21,34.69,215.89,0.21,46.06,0.00,0.00,0.00
216.08,0.83,179.59,213.23,0.20,43.58,215.38,0.21,34.69,214.59,0.21,45.54,0.00,0.00,0.00
215.21,0.83,179.48,214.22,0.20,44.12,214.51,0.21,35.24,215.42,0.21,45.91,0.00,0.00,0.00
214.50,0.83,178.45,219.09,0.21,45.14,213.80,0.21,34.49,213.07,0.21,44.97,0.00,0.00,0.00
223.97,0.84,187.32,216.67,0.21,45.24,223.27,0.21,35.01,213.98,0.21,45.41,0.00,0.00,0.00
216.36,0.83,179.47,212.79,0.20,43.57,215.66,0.21,34.32,214.29,0.21,45.42,0.00,0.00,0.00
219.22,0.83,181.77,213.21,0.20,43.67,218.52,0.21,33.56,215.45,0.21,45.92,0.00,0.00,0.00
215.72,0.83,179.65,212.97,0.20,43.61,215.02,0.21,35.10,214.94,0.21,45.66,0.00,0.00,0.00
214.47,0.83,178.31,214.85,0.20,44.34,213.77,0.21,35.00,212.69,0.21,44.61,0.00,0.00,0.00
215.90,0.83,179.16,213.31,0.20,43.81,215.20,0.21,34.43,212.81,0.21,44.79,0.00,0.00,0.00
216.91,0.83,180.39,213.73,0.20,43.86,216.21,0.21,34.29,215.57,0.21,46.07,0.00,0.00,0.00
216.17,0.83,179.26,212.19,0.20,43.25,215.47,0.21,34.18,214.51,0.21,45.57,0.00,0.00,0.00
215.49,0.83,178.83,212.71,0.20,43.46,214.79,0.21,33.95,215.93,0.21,46.07,0.00,0.00,0.00
214.53,0.83,178.50,212.20,0.20,43.29,213.83,0.21,35.01,215.01,0.21,45.63,0.00,0.00,0.00
216.82,0.83,179.90,213.50,0.20,43.50,216.12,0.21,34.90,213.02,0.21,44.76,0.00,0.00,0.00
215.75,0.83,178.35,214.52,0.20,44.29,215.05,0.21,33.99,209.28,0.21,43.47,0.00,0.00,0.00
214.09,0.83,178.69,210.59,0.20,42.90,213.39,0.22,35.60,217.41,0.21,46.74,0.00,0.00,0.00
215.08,0.83,179.11,215.29,0.21,44.67,214.38,0.21,34.95,213.03,0.21,44.90,0.00,0.00,0.00
215.58,0.83,179.82,215.26,0.21,44.64,214.88,0.21,35.19,213.36,0.21,45.15,0.00,0.00,0.00
216.50,0.83,179.64,214.63,0.20,44.30,215.80,0.21,34.42,212.12,0.21,44.67,0.00,0.00,0.00
218.54,0.83,181.80,213.78,0.20,43.86,217.84,0.21,34.76,214.91,0.21,45.55,0.00,0.00,0.00
214.96,0.83,178.91,212.95,0.20,43.40,214.26,0.21,35.06,214.61,0.21,45.56,0.00,0.00,0.00
215.45,0.83,178.89,213.30,0.20,43.75,214.75,0.21,34.43,213.06,0.21,44.94,0.00,0.00,0.00
216.13,0.83,179.97,215.08,0.21,44.55,215.43,0.21,34.65,213.67,0.21,45.16,0.00,0.00,0.00
217.05,0.83,180.18,214.59,0.20,44.20,216.35,0.21,34.59,212.41,0.21,44.64,0.00,0.00,0.00
216.24,0.83,179.93,214.51,0.21,44.41,215.54,0.21,34.75,212.37,0.21,44.69,0.00,0.00,0.00
218.06,0.83,182.07,214.48,0.20,44.19,217.36,0.21,35.19,216.25,0.21,46.19,0.00,0.00,0.00
216.00,0.83,179.62,213.22,0.20,43.75,215.30,0.21,34.81,213.94,0.21,45.36,0.00,0.00,0.00
219.80,0.84,183.84,218.57,0.21,45.69,219.10,0.21,34.64,214.90,0.21,45.63,0.00,0.00,0.00
216.03,0.83,179.77,213.84,0.20,43.87,215.33,0.22,35.12,213.43,0.21,44.98,0.00,0.00,0.00
216.52,0.83,179.99,213.26,0.20,43.78,215.82,0.21,34.63,213.49,0.21,45.13,0.00,0.00,0.00
219.99,0.83,182.11,213.47,0.20,43.82,219.29,0.21,34.06,212.15,0.21,44.48,0.00,0.00,0.00
217.31,0.83,180.09,213.13,0.20,43.31,216.61,0.21,34.02,214.90,0.21,45.62,0.00,0.00,0.00
216.76,0.83,179.73,213.47,0.20,43.79,216.06,0.21,34.19,213.59,0.21,45.04,0.00,0.00,0.00
219.30,0.83,182.18,216.31,0.21,45.01,218.60,0.21,34.11,212.71,0.21,44.69,0.00,0.00,0.00
215.75,0.83,179.05,215.22,0.21,44.52,215.05,0.21,34.17,212.32,0.21,44.60,0.00,0.00,0.00
216.96,0.83,180.15,214.21,0.20,43.93,216.26,0.21,34.01,215.36,0.21,45.75,0.00,0.00,0.00
215.68,0.83,178.91,213.81,0.20,43.89,214.98,0.21,33.84,214.38,0.21,45.45,0.00,0.00,0.00
215.34,0.83,178.31,214.38,0.20,44.23,214.64,0.21,33.78,212.96,0.21,44.74,0.00,0.00,0.00
216.21,0.83,179.35,214.90,0.21,44.51,215.51,0.21,33.89,212.69,0.21,44.81,0.00,0.00,0.00
215.29,0.83,178.12,213.33,0.20,43.73,214.59,0.21,33.48,213.77,0.21,45.14,0.00,0.00,0.00
215.18,0.83,178.26,212.04,0.20,43.22,214.48,0.21,33.88,216.27,0.21,45.67,0.00,0.00,0.00
214.82,0.83,178.61,213.87,0.20,43.85,214.12,0.21,34.78,213.81,0.21,45.13,0.00,0.00,0.00
215.05,0.83,179.39,213.86,0.20,43.93,214.35,0.22,35.69,213.55,0.21,45.03,0.00,0.00,0.00
216.80,0.83,180.49,214.84,0.21,44.50,216.10,0.21,34.00,215.66,0.21,45.91,0.00,0.00,0.00
216.25,0.83,179.37,214.54,0.20,44.25,215.55,0.21,33.51,214.69,0.21,45.54,0.00,0.00,0.00
215.36,0.83,179.29,214.52,0.20,44.07,214.66,0.21,34.06,215.98,0.21,46.24,0.00,0.00,0.00
215.70,0.83,179.23,214.33,0.20,44.06,215.00,0.21,34.48,214.33,0.21,45.34,0.00,0.00,0.00
216.47,0.83,179.40,215.48,0.21,44.65,215.77,0.21,33.62,212.57,0.21,44.73,0.00,0.00,0.00
217.35,0.83,179.99,214.95,0.21,44.48,216.65,0.21,33.49,213.14,0.21,44.91,0.00,0.00,0.00
216.34,0.83,179.45,212.83,0.20,43.51,215.64,0.21,34.36,214.50,0.21,45.60,0.00,0.00,0.00
214.93,0.83,178.88,213.52,0.20,43.84,214.23,0.21,34.86,213.59,0.21,45.40,0.00,0.00,0.00
213.36,0.83,177.06,213.83,0.20,43.95,212.66,0.21,33.98,214.80,0.21,45.52,0.00,0.00,0.00
215.79,0.83,179.14,215.17,0.21,44.51,215.09,0.21,33.88,213.36,0.21,45.11,0.00,0.00,0.00
219.66,0.83,182.08,215.13,0.21,44.63,218.96,0.21,33.39,213.19,0.21,44.97,0.00,0.00,0.00
217.04,0.83,179.94,213.38,0.20,43.62,216.34,0.21,33.77,215.05,0.21,45.88,0.00,0.00,0.00
214.63,0.83,178.52,213.44,0.20,43.70,213.93,0.21,34.53,215.21,0.21,45.78,0.00,0.00,0.00
215.47,0.83,179.04,214.25,0.20,44.12,214.77,0.21,34.28,213.82,0.21,45.22,0.00,0.00,0.00
216.33,0.83,179.68,215.23,0.20,44.46,215.63,0.21,33.79,215.18,0.21,45.64,0.00,0.00,0.00
219.50,0.82,180.82,210.83,0.20,42.45,218.80,0.21,33.47,213.89,0.21,45.16,0.00,0.00,0.00
217.58,0.83,180.71,214.60,0.20,44.32,216.88,0.21,33.98,214.34,0.21,45.37,0.00,0.00,0.00
215.10,0.83,178.01,212.94,0.20,43.62,214.40,0.21,34.10,211.94,0.21,44.41,0.00,0.00,0.00
217.66,0.83,181.33,214.69,0.20,44.37,216.96,0.21,34.21,216.02,0.21,46.08,0.00,0.00,0.00
217.06,0.83,179.87,214.10,0.20,44.05,216.36,0.21,33.81,212.77,0.21,44.81,0.00,0.00,0.00
216.06,0.83,178.44,212.06,0.20,43.10,215.36,0.21,32.84,215.32,0.21,45.86,0.00,0.00,0.00
217.21,0.83,180.40,214.39,0.20,44.17,216.51,0.21,34.21,213.18,0.21,44.97,0.00,0.00,0.00
217.79,0.83,180.27,214.85,0.20,44.15,217.09,0.21,33.66,213.30,0.21,44.89,0.00,0.00,0.00
214.86,0.83,178.62,212.89,0.20,43.56,214.16,0.21,34.31,215.74,0.21,45.95,0.00,0.00,0.00
213.77,0.83,177.89,213.66,0.20,43.86,213.07,0.21,34.88,213.32,0.21,45.01,0.00,0.00,0.00
216.83,0.83,180.71,215.96,0.21,44.94,216.13,0.21,33.89,215.02,0.21,45.77,0.00,0.00,0.00
215.39,0.83,178.96,214.94,0.20,44.33,214.69,0.21,33.89,214.29,0.21,45.43,0.00,0.00,0.00
216.36,0.83,179.74,213.85,0.20,43.96,215.66,0.21,34.39,214.44,0.21,45.36,0.00,0.00,0.00
217.85,0.83,180.96,212.63,0.20,43.51,217.15,0.21,34.32,213.91,0.21,45.31,0.00,0.00,0.00
217.77,0.83,180.68,215.68,0.21,44.69,217.07,0.21,33.46,214.04,0.21,45.24,0.00,0.00,0.00
215.16,0.83,178.70,212.77,0.20,43.59,214.46,0.21,34.15,215.49,0.21,45.88,0.00,0.00,0.00
217.12,0.83,180.71,216.19,0.21,44.82,216.42,0.21,34.03,214.50,0.21,45.40,0.00,0.00,0.00
214.79,0.83,177.91,215.13,0.21,44.48,214.09,0.21,33.61,212.25,0.21,44.58,0.00,0.00,0.00
216.81,0.83,179.66,214.54,0.20,44.15,216.11,0.21,33.39,214.60,0.21,45.46,0.00,0.00,0.00
214.43,0.83,177.63,214.00,0.20,43.86,213.73,0.21,33.42,214.43,0.21,45.46,0.00,0.00,0.00
215.39,0.83,178.62,215.01,0.20,44.29,214.69,0.21,33.78,213.51,0.21,45.13,0.00,0.00,0.00
217.00,0.83,179.66,213.87,0.20,43.99,216.30,0.21,33.93,211.73,0.21,44.32,0.00,0.00,0.00
216.51,0.83,179.62,213.41,0.20,43.71,215.81,0.21,33.82,215.39,0.21,45.75,0.00,0.00,0.00
215.46,0.83,178.64,215.12,0.20,44.17,214.76,0.21,33.76,213.13,0.21,44.92,0.00,0.00,0.00
215.72,0.83,179.87,218.49,0.21,46.04,215.02,0.21,33.82,213.76,0.21,45.07,0.00,0.00,0.00
216.48,0.83,179.13,214.15,0.20,44.07,215.78,0.21,33.19,213.90,0.21,45.22,0.00,0.00,0.00
215.29,0.83,178.55,212.86,0.20,43.71,214.59,0.21,34.22,213.59,0.21,45.00,0.00,0.00,0.00
214.96,0.83,178.47,214.59,0.20,44.16,214.26,0.21,34.35,212.18,0.21,44.60,0.00,0.00,0.00
217.56,0.83,180.27,214.76,0.20,44.36,216.86,0.21,33.67,213.02,0.21,44.78,0.00,0.00,0.00
218.21,0.83,180.83,212.94,0.20,43.58,217.51,0.21,33.80,215.26,0.21,45.67,0.00,0.00,0.00
214.56,0.83,177.97,213.97,0.20,43.96,213.86,0.21,34.25,212.64,0.21,44.72,0.00,0.00,0.00
216.91,0.83,179.99,213.40,0.20,43.89,216.21,0.21,33.83,214.48,0.21,45.43,0.00,0.00,0.00
216.26,0.83,179.02,212.63,0.20,43.33,215.56,0.21,34.00,214.16,0.21,45.19,0.00,0.00,0.00
221.82,0.83,184.87,214.03,0.20,44.03,221.12,0.22,35.19,212.56,0.21,44.59,0.00,0.00,0.00
216.67,0.83,179.58,214.14,0.20,44.10,215.97,0.21,33.69,213.70,0.21,45.11,0.00,0.00,0.00
215.55,0.83,179.30,214.55,0.20,44.13,214.85,0.21,34.02,215.73,0.21,45.96,0.00,0.00,0.00
215.54,0.83,179.15,213.69,0.20,43.87,214.84,0.21,34.61,214.52,0.21,45.35,0.00,0.00,0.00
215.45,0.83,178.97,215.15,0.21,44.46,214.75,0.21,34.28,213.43,0.21,45.00,0.00,0.00,0.00
216.29,0.83,179.39,214.12,0.20,44.02,215.59,0.21,33.63,215.01,0.21,45.65,0.00,0.00,0.00
216.74,0.83,180.84,218.31,0.21,45.68,216.04,0.21,34.33,214.03,0.21,45.28,0.00,0.00,0.00
214.73,0.83,178.14,213.56,0.20,43.90,214.03,0.21,34.09,214.04,0.21,45.29,0.00,0.00,0.00
214.78,0.83,178.02,213.67,0.20,43.92,214.08,0.21,34.08,213.57,0.21,45.04,0.00,0.00,0.00
216.86,0.83,179.76,215.83,0.21,44.61,216.16,0.21,33.27,215.12,0.21,45.62,0.00,0.00,0.00
218.96,0.83,182.53,218.35,0.21,45.69,218.26,0.21,33.94,212.48,0.21,44.94,0.00,0.00,0.00
217.05,0.84,181.81,219.61,0.21,46.34,216.35,0.21,34.54,215.86,0.21,46.02,0.00,0.00,0.00
215.64,0.83,179.52,214.75,0.21,44.36,214.94,0.21,34.61,213.95,0.21,45.31,0.00,0.00,0.00
218.71,0.83,182.14,218.96,0.21,46.08,218.01,0.21,33.66,214.16,0.21,45.27,0.00,0.00,0.00
216.76,0.83,180.23,214.61,0.20,44.24,216.06,0.21,33.98,214.95,0.21,45.73,0.00,0.00,0.00
216.31,0.83,179.96,213.90,0.20,43.91,215.61,0.21,34.38,215.96,0.21,45.99,0.00,0.00,0.00
213.82,0.83,177.34,212.98,0.20,43.65,213.12,0.21,34.14,214.67,0.21,45.41,0.00,0.00,0.00
216.06,0.83,179.09,215.63,0.21,44.59,215.36,0.21,33.77,213.30,0.21,44.92,0.00,0.00,0.00
218.11,0.83,180.70,214.43,0.20,44.28,217.41,0.21,33.27,214.87,0.21,45.59,0.00,0.00,0.00
216.23,0.83,180.25,217.54,0.21,45.54,215.53,0.21,33.80,214.96,0.21,45.72,0.00,0.00,0.00
216.48,0.83,180.10,213.77,0.20,43.88,215.78,0.21,33.93,216.76,0.21,46.44,0.00,0.00,0.00
215.49,0.83,179.56,217.08,0.21,45.22,214.79,0.21,34.66,214.36,0.21,45.31,0.00,0.00,0.00
216.78,0.83,179.94,213.99,0.20,44.01,216.08,0.21,34.44,214.05,0.21,45.17,0.00,0.00,0.00
216.63,0.83,179.64,214.26,0.20,44.13,215.93,0.21,33.80,214.90,0.21,45.60,0.00,0.00,0.00
215.06,0.83,179.08,215.25,0.21,44.44,214.36,0.21,34.14,215.61,0.21,45.94,0.00,0.00,0.00
215.14,0.83,178.70,213.61,0.20,43.72,214.44,0.21,34.44,214.69,0.21,45.53,0.00,0.00,0.00
216.29,0.83,179.19,215.33,0.21,44.55,215.59,0.21,33.67,212.92,0.21,44.81,0.00,0.00,0.00
218.06,0.83,181.14,216.96,0.21,45.21,217.36,0.21,33.67,213.14,0.21,44.87,0.00,0.00,0.00
219.35,0.83,181.84,212.76,0.20,43.46,218.65,0.21,34.36,214.47,0.21,45.40,0.00,0.00,0.00
215.44,0.83,178.96,213.70,0.20,43.80,214.74,0.21,34.38,214.44,0.21,45.45,0.00,0.00,0.00
216.26,0.83,179.77,214.84,0.21,44.36,215.56,0.21,34.14,214.82,0.21,45.55,0.00,0.00,0.00
218.53,0.83,182.00,217.66,0.21,45.50,217.83,0.21,33.61,214.72,0.21,45.60,0.00,0.00,0.00
218.99,0.83,181.71,214.30,0.20,44.15,218.29,0.21,33.81,213.96,0.21,45.29,0.00,0.00,0.00
217.42,0.83,180.19,213.51,0.20,43.73,216.72,0.21,33.88,214.77,0.21,45.46,0.00,0.00,0.00
216.23,0.83,179.57,213.26,0.20,43.75,215.53,0.21,34.61,214.50,0.21,45.38,0.00,0.00,0.00
218.34,0.83,181.87,217.63,0.21,45.75,217.64,0.21,33.93,213.12,0.21,44.90,0.00,0.00,0.00
217.03,0.83,180.72,215.38,0.21,44.48,216.33,0.21,34.33,215.23,0.21,45.73,0.00,0.00,0.00
220.37,0.83,182.80,214.08,0.20,44.01,219.67,0.21,33.61,214.94,0.21,45.72,0.00,0.00,0.00
216.60,0.83,179.78,214.40,0.20,44.14,215.90,0.21,33.55,215.56,0.21,45.90,0.00,0.00,0.00
217.42,0.83,180.86,213.24,0.20,43.71,216.72,0.21,34.71,214.75,0.21,45.52,0.00,0.00,0.00
216.24,0.83,180.21,214.85,0.20,44.28,215.54,0.21,34.20,218.11,0.21,46.46,0.00,0.00,0.00
221.44,0.83,183.63,214.77,0.21,44.43,220.74,0.21,33.58,214.43,0.21,45.34,0.00,0.00,0.00
215.11,0.83,178.07,212.41,0.20,43.19,214.41,0.21,33.54,215.84,0.21,45.97,0.00,0.00,0.00
215.43,0.83,179.14,214.34,0.20,44.11,214.73,0.21,34.27,215.63,0.21,45.85,0.00,0.00,0.00
216.61,0.83,179.53,215.10,0.21,44.55,215.91,0.21,33.60,213.10,0.21,44.88,0.00,0.00,0.00
218.62,0.83,181.45,212.28,0.20,43.37,217.92,0.21,34.01,215.81,0.21,46.03,0.00,0.00,0.00
215.69,0.83,178.77,212.75,0.20,43.39,214.99,0.21,34.26,214.37,0.21,45.33,0.00,0.00,0.00
216.15,0.83,179.12,214.33,0.20,44.19,215.45,0.21,34.13,212.37,0.21,44.58,0.00,0.00,0.00
218.68,0.83,181.32,214.41,0.20,44.21,217.98,0.21,33.14,215.96,0.21,46.08,0.00,0.00,0.00
214.72,0.83,178.23,213.35,0.20,43.57,214.02,0.21,34.24,214.60,0.21,45.50,0.00,0.00,0.00
217.05,0.83,181.18,213.78,0.20,44.00,216.35,0.22,35.51,213.95,0.21,45.17,0.00,0.00,0.00
216.57,0.83,180.21,212.97,0.20,43.51,215.87,0.21,34.50,215.81,0.21,46.05,0.00,0.00,0.00
217.22,0.83,181.22,214.04,0.20,44.01,216.52,0.21,34.55,216.88,0.21,46.42,0.00,0.00,0.00
217.05,0.83,180.14,214.07,0.20,43.98,216.35,0.21,33.46,216.44,0.21,46.19,0.00,0.00,0.00
215.17,0.83,179.12,213.68,0.20,43.89,214.47,0.21,34.40,215.49,0.21,45.90,0.00,0.00,0.00
215.24,0.83,179.35,214.59,0.21,44.29,214.54,0.21,34.36,215.62,0.21,45.84,0.00,0.00,0.00
216.30,0.83,180.13,213.63,0.20,43.88,215.60,0.21,34.50,215.61,0.21,45.85,0.00,0.00,0.00
216.42,0.83,179.78,213.77,0.20,43.81,215.72,0.21,34.17,214.27,0.21,45.44,0.00,0.00,0.00
217.80,0.83,180.86,212.97,0.20,43.52,217.10,0.21,34.19,215.73,0.21,45.91,0.00,0.00,0.00
216.03,0.83,179.82,214.80,0.21,44.42,215.33,0.21,34.53,214.36,0.21,45.26,0.00,0.00,0.00
217.42,0.84,181.57,216.35,0.21,44.97,216.72,0.21,34.12,217.31,0.21,46.61,0.00,0.00,0.00
216.21,0.83,179.54,214.47,0.20,44.12,215.51,0.21,34.21,214.86,0.21,45.44,0.00,0.00,0.00
214.64,0.83,178.40,215.67,0.21,44.53,213.94,0.21,33.89,215.51,0.21,45.78,0.00,0.00,0.00
217.22,0.83,180.67,213.79,0.20,43.92,216.52,0.21,34.28,215.47,0.21,45.91,0.00,0.00,0.00
218.14,0.83,182.04,218.56,0.21,45.84,217.44,0.21,34.12,214.38,0.21,45.35,0.00,0.00,0.00
215.73,0.83,179.50,215.10,0.20,44.34,215.03,0.21,34.53,214.21,0.21,45.33,0.00,0.00,0.00
216.28,0.83,179.95,215.76,0.21,44.63,215.58,0.21,34.35,213.66,0.21,45.17,0.00,0.00,0.00
217.26,0.83,180.40,214.57,0.20,44.19,216.56,0.21,33.87,215.10,0.21,45.63,0.00,0.00,0.00
214.74,0.83,178.36,213.44,0.20,43.76,214.04,0.21,34.59,213.60,0.21,45.04,0.00,0.00,0.00
216.81,0.83,180.37,217.20,0.21,45.38,216.11,0.21,34.07,213.95,0.21,45.03,0.00,0.00,0.00
216.30,0.83,180.50,213.77,0.20,43.99,215.60,0.21,34.62,216.46,0.21,46.38,0.00,0.00,0.00
217.44,0.83,180.56,215.68,0.21,44.74,216.74,0.21,34.21,211.89,0.21,44.41,0.00,0.00,0.00
217.13,0.83,180.73,214.90,0.20,44.42,216.43,0.21,34.11,215.62,0.21,45.94,0.00,0.00,0.00
216.01,0.83,179.38,215.14,0.21,44.50,215.31,0.21,33.95,213.02,0.21,44.91,0.00,0.00,0.00
217.77,0.83,181.02,213.57,0.20,43.81,217.07,0.21,34.29,214.96,0.21,45.60,0.00,0.00,0.00
215.47,0.83,179.14,213.85,0.20,44.00,214.77,0.21,34.42,214.54,0.21,45.47,0.00,0.00,0.00
216.89,0.83,180.32,214.53,0.20,44.26,216.19,0.21,33.97,214.88,0.21,45.57,0.00,0.00,0.00
215.86,0.83,179.30,213.13,0.20,43.71,215.16,0.21,34.43,214.42,0.21,45.27,0.00,0.00,0.00
216.99,0.83,180.17,216.15,0.21,44.83,216.29,0.21,33.61,213.79,0.21,45.15,0.00,0.00,0.00
215.48,0.83,178.97,214.44,0.20,43.90,214.78,0.21,34.38,213.78,0.21,45.09,0.00,0.00,0.00
217.17,0.83,180.19,214.94,0.21,44.39,216.47,0.21,33.46,214.39,0.21,45.42,0.00,0.00,0.00
216.22,0.83,179.13,212.63,0.20,43.29,215.52,0.21,34.16,214.49,0.21,45.32,0.00,0.00,0.00
215.56,0.83,178.60,214.98,0.20,44.30,214.86,0.21,33.95,212.15,0.21,44.48,0.00,0.00,0.00
216.77,0.83,179.62,214.28,0.20,44.08,216.07,0.21,33.43,214.37,0.21,45.35,0.00,0.00,0.00
217.42,0.83,180.00,213.30,0.20,43.67,216.72,0.21,34.11,212.76,0.21,44.70,0.00,0.00,0.00
215.93,0.83,179.05,215.06,0.21,44.51,215.23,0.21,33.47,214.29,0.21,45.22,0.00,0.00,0.00
215.77,0.83,179.53,214.63,0.20,44.22,215.07,0.21,34.22,215.28,0.21,45.74,0.00,0.00,0.00
215.13,0.83,178.37,213.67,0.20,43.82,214.43,0.21,33.91,213.79,0.21,45.10,0.00,0.00,0.00
216.55,0.83,179.79,214.77,0.20,44.35,215.85,0.21,33.82,214.39,0.21,45.38,0.00,0.00,0.00
215.50,0.83,178.38,212.37,0.20,43.27,214.80,0.21,33.72,214.30,0.21,45.35,0.00,0.00,0.00
216.31,0.83,179.02,215.01,0.21,44.38,215.61,0.21,33.03,214.15,0.21,45.17,0.00,0.00,0.00
216.47,0.83,180.29,214.89,0.20,44.35,215.77,0.21,34.35,214.86,0.21,45.68,0.00,0.00,0.00
215.44,0.83,178.58,215.62,0.20,44.47,214.74,0.21,34.00,212.50,0.21,44.51,0.00,0.00,0.00
217.40,0.83,180.24,212.82,0.20,43.45,216.70,0.21,33.77,215.67,0.21,45.87,0.00,0.00,0.00
216.34,0.83,179.03,212.39,0.20,43.19,215.64,0.21,33.92,214.23,0.21,45.29,0.00,0.00,0.00
219.21,0.83,181.68,213.83,0.20,43.91,218.51,0.21,33.84,214.04,0.21,45.20,0.00,0.00,0.00
215.79,0.83,179.08,215.64,0.21,44.77,215.09,0.21,33.85,212.89,0.21,44.68,0.00,0.00,0.00
216.52,0.83,179.77,213.59,0.20,43.62,215.82,0.21,33.82,215.37,0.21,45.75,0.00,0.00,0.00
214.67,0.83,177.49,213.15,0.20,43.56,213.97,0.21,33.27,213.91,0.21,45.28,0.00,0.00,0.00
219.72,0.83,183.39,219.70,0.21,46.33,219.02,0.21,33.65,214.54,0.21,45.39,0.00,0.00,0.00
215.47,0.83,178.80,213.10,0.20,43.54,214.77,0.21,34.26,213.49,0.21,45.11,0.00,0.00,0.00
214.64,0.82,176.73,213.23,0.20,43.61,213.94,0.21,32.93,211.76,0.21,44.19,0.00,0.00,0.00
214.44,0.82,176.19,212.41,0.20,43.30,213.74,0.21,32.73,210.81,0.21,43.84,0.00,0.00,0.00
215.30,0.83,177.92,212.33,0.20,43.25,214.60,0.21,33.58,213.60,0.21,44.99,0.00,0.00,0.00
215.79,0.83,178.10,213.21,0.20,43.59,215.09,0.21,33.42,212.11,0.21,44.46,0.00,0.00,0.00
213.98,0.82,175.78,212.27,0.20,43.10,213.28,0.21,33.17,210.50,0.21,43.69,0.00,0.00,0.00
216.19,0.82,177.87,212.69,0.20,43.42,215.49,0.21,33.22,211.16,0.21,43.81,0.00,0.00,0.00
214.10,0.82,176.18,212.25,0.20,43.26,213.40,0.21,32.91,212.34,0.21,44.34,0.00,0.00,0.00
215.43,0.82,177.43,213.69,0.20,43.90,214.73,0.21,33.02,209.97,0.21,43.64,0.00,0.00,0.00
214.33,0.82,176.59,211.45,0.20,43.07,213.63,0.21,33.16,212.40,0.21,44.56,0.00,0.00,0.00
214.00,0.83,176.87,213.95,0.20,43.80,213.30,0.21,32.98,216.43,0.21,45.72,0.00,0.00,0.00
215.42,0.83,177.77,212.11,0.20,43.28,214.72,0.21,33.06,214.51,0.21,45.40,0.00,0.00,0.00
215.00,0.82,177.17,212.17,0.20,43.05,214.30,0.21,32.99,213.90,0.21,45.05,0.00,0.00,0.00
214.16,0.83,176.90,211.30,0.20,42.89,213.46,0.21,33.44,214.15,0.21,45.25,0.00,0.00,0.00
213.86,0.82,176.26,211.08,0.20,42.65,213.16,0.21,33.66,212.49,0.21,44.55,0.00,0.00,0.00
213.48,0.83,176.13,211.56,0.20,42.82,212.78,0.21,33.41,213.46,0.21,44.98,0.00,0.00,0.00
214.82,0.82,176.69,211.72,0.20,43.09,214.12,0.21,32.78,213.59,0.21,44.65,0.00,0.00,0.00
213.97,0.83,176.94,214.64,0.21,44.31,213.27,0.21,33.28,211.65,0.21,44.20,0.00,0.00,0.00
214.37,0.83,177.09,213.12,0.20,43.77,213.67,0.21,33.51,212.30,0.21,44.45,0.00,0.00,0.00
214.58,0.82,176.56,212.24,0.20,43.15,213.88,0.21,32.51,213.28,0.21,44.94,0.00,0.00,0.00
217.36,0.82,179.24,211.12,0.20,42.64,216.66,0.21,33.43,214.00,0.21,45.15,0.00,0.00,0.00
213.46,0.83,176.70,213.20,0.20,43.63,212.76,0.21,33.50,213.62,0.21,45.09,0.00,0.00,0.00
214.65,0.83,177.42,211.81,0.20,42.98,213.95,0.21,33.79,212.86,0.21,44.83,0.00,0.00,0.00
215.38,0.82,177.38,211.84,0.20,43.19,214.68,0.21,33.05,212.43,0.21,44.47,0.00,0.00,0.00
216.10,0.83,178.29,213.43,0.20,43.75,215.40,0.21,32.95,212.40,0.21,44.53,0.00,0.00,0.00
215.69,0.83,178.37,213.40,0.20,43.93,214.99,0.21,33.37,213.47,0.21,44.91,0.00,0.00,0.00
215.60,0.83,178.64,212.61,0.20,43.33,214.90,0.21,34.01,214.13,0.21,45.41,0.00,0.00,0.00
213.04,0.83,176.38,212.59,0.20,43.34,212.34,0.21,34.01,213.75,0.21,45.10,0.00,0.00,0.00
214.82,0.82,177.09,214.65,0.20,43.88,214.12,0.21,32.79,212.68,0.21,44.74,0.00,0.00,0.00
216.59,0.83,179.51,212.57,0.20,43.23,215.89,0.21,33.94,214.97,0.21,45.54,0.00,0.00,0.00
215.39,0.83,177.86,212.35,0.20,43.43,214.69,0.21,33.40,212.84,0.21,44.64,0.00,0.00,0.00
216.05,0.83,178.50,211.71,0.20,43.07,215.35,0.21,33.14,214.30,0.21,45.39,0.00,0.00,0.00
214.46,0.83,177.77,213.57,0.20,43.77,213.76,0.21,34.20,213.88,0.21,45.06,0.00,0.00,0.00
218.00,0.83,179.95,214.02,0.20,44.06,217.30,0.21,33.14,211.49,0.21,44.16,0.00,0.00,0.00
216.90,0.83,179.31,213.42,0.20,43.33,216.20,0.21,33.80,213.31,0.21,44.90,0.00,0.00,0.00
215.54,0.83,178.78,212.02,0.20,43.12,214.84,0.21,34.08,215.19,0.21,45.75,0.00,0.00,0.00
213.38,0.83,176.40,213.63,0.20,43.91,212.68,0.21,33.77,212.24,0.21,44.35,0.00,0.00,0.00
217.22,0.83,179.22,212.80,0.20,43.46,216.52,0.21,33.31,212.92,0.21,44.66,0.00,0.00,0.00
217.07,0.83,180.38,216.23,0.21,44.90,216.37,0.21,33.46,214.60,0.21,45.41,0.00,0.00,0.00
214.26,0.83,176.80,214.05,0.20,43.97,213.56,0.21,32.95,212.25,0.21,44.45,0.00,0.00,0.00
216.29,0.83,179.17,212.10,0.20,43.20,215.59,0.21,33.43,215.16,0.21,45.66,0.00,0.00,0.00
216.21,0.83,178.85,211.70,0.20,43.01,215.51,0.21,33.56,215.33,0.21,45.80,0.00,0.00,0.00
213.63,0.83,176.36,211.80,0.20,42.97,212.93,0.21,33.57,213.29,0.21,45.03,0.00,0.00,0.00
215.87,0.83,178.20,213.49,0.20,43.77,215.17,0.21,33.19,212.02,0.21,44.43,0.00,0.00,0.00
215.71,0.83,179.74,214.81,0.21,44.34,215.01,0.21,33.61,217.15,0.21,46.47,0.00,0.00,0.00
215.52,0.82,177.67,213.28,0.20,43.76,214.82,0.21,33.08,211.00,0.21,44.07,0.00,0.00,0.00
217.03,0.83,179.57,216.43,0.20,44.35,216.33,0.21,33.29,213.37,0.21,44.95,0.00,0.00,0.00
214.27,0.83,177.44,213.28,0.20,43.57,213.57,0.21,33.77,213.85,0.21,45.14,0.00,0.00,0.00
216.22,0.82,178.33,212.60,0.20,43.48,215.52,0.21,32.75,214.02,0.21,45.18,0.00,0.00,0.00
214.78,0.82,177.08,213.16,0.20,43.54,214.08,0.21,32.85,213.34,0.21,44.84,0.00,0.00,0.00
213.84,0.83,176.73,212.74,0.20,43.46,213.14,0.21,33.39,214.60,0.21,45.32,0.00,0.00,0.00
213.89,0.83,176.66,212.67,0.20,43.38,213.19,0.21,33.25,214.08,0.21,45.18,0.00,0.00,0.00
214.61,0.83,178.00,219.15,0.21,45.00,213.91,0.21,33.89,212.37,0.21,44.51,0.00,0.00,0.00
215.74,0.82,177.88,212.49,0.20,43.31,215.04,0.21,33.08,212.88,0.21,44.60,0.00,0.00,0.00
216.15,0.83,178.77,212.81,0.20,43.43,215.45,0.21,33.62,214.41,0.21,45.44,0.00,0.00,0.00
214.21,0.82,176.69,211.08,0.20,42.74,213.51,0.21,32.87,214.87,0.21,45.71,0.00,0.00,0.00
213.05,0.83,175.99,212.69,0.20,43.34,212.35,0.21,33.03,213.92,0.21,45.19,0.00,0.00,0.00
215.88,0.83,178.57,213.73,0.20,43.83,215.18,0.21,33.96,212.63,0.21,44.71,0.00,0.00,0.00
216.57,0.82,177.99,211.98,0.20,43.07,215.87,0.21,32.58,212.08,0.21,44.47,0.00,0.00,0.00
216.29,0.82,178.01,211.28,0.20,42.65,215.59,0.21,33.11,213.47,0.21,44.94,0.00,0.00,0.00
215.78,0.83,178.09,212.29,0.20,43.21,215.08,0.21,33.38,213.45,0.21,44.84,0.00,0.00,0.00
213.95,0.83,177.04,214.03,0.20,44.02,213.25,0.21,33.65,212.49,0.21,44.53,0.00,0.00,0.00
215.59,0.82,177.47,213.22,0.20,43.65,214.89,0.21,32.75,212.39,0.21,44.37,0.00,0.00,0.00
215.76,0.83,178.48,211.50,0.20,43.05,215.06,0.21,33.33,215.52,0.21,45.77,0.00,0.00,0.00
214.53,0.83,177.78,213.30,0.20,43.26,213.83,0.21,34.58,213.23,0.21,44.73,0.00,0.00,0.00
215.97,0.83,178.45,213.50,0.20,43.90,215.27,0.21,33.55,211.21,0.21,44.03,0.00,0.00,0.00
216.13,0.83,178.42,213.32,0.20,43.69,215.43,0.21,33.26,213.41,0.21,44.84,0.00,0.00,0.00
214.45,0.83,177.38,210.85,0.20,42.68,213.75,0.21,34.45,213.64,0.21,45.10,0.00,0.00,0.00
214.44,0.82,176.91,212.78,0.20,43.45,213.74,0.21,33.38,212.33,0.21,44.66,0.00,0.00,0.00
215.10,0.83,177.86,213.04,0.20,43.51,214.40,0.21,33.66,213.59,0.21,45.09,0.00,0.00,0.00
214.10,0.82,175.89,211.90,0.20,42.86,213.40,0.21,32.22,212.46,0.21,44.74,0.00,0.00,0.00
214.36,0.83,176.91,212.31,0.20,43.22,213.66,0.21,33.61,212.84,0.21,44.67,0.00,0.00,0.00
215.85,0.83,178.42,213.93,0.20,43.95,215.15,0.21,33.05,213.20,0.21,44.86,0.00,0.00,0.00
214.93,0.83,177.35,212.26,0.20,43.12,214.23,0.21,33.11,214.54,0.21,45.36,0.00,0.00,0.00
216.63,0.83,179.28,212.49,0.20,43.33,215.93,0.21,33.70,214.14,0.21,45.20,0.00,0.00,0.00
213.33,0.83,176.72,214.32,0.20,44.08,212.63,0.21,33.89,212.95,0.21,44.83,0.00,0.00,0.00
217.08,0.83,180.05,217.87,0.21,45.17,216.38,0.21,32.82,211.36,0.21,44.37,0.00,0.00,0.00
214.56,0.83,177.28,210.92,0.20,42.63,213.86,0.21,33.46,215.22,0.21,45.74,0.00,0.00,0.00
214.32,0.83,177.26,214.65,0.20,44.26,213.62,0.21,33.44,212.44,0.21,44.50,0.00,0.00,0.00
217.88,0.83,180.53,212.22,0.20,43.21,217.18,0.21,33.33,217.22,0.21,46.46,0.00,0.00,0.00
214.31,0.83,177.34,214.56,0.20,44.29,213.61,0.21,33.65,211.99,0.21,44.38,0.00,0.00,0.00
216.61,0.83,178.88,212.88,0.20,43.55,215.91,0.21,33.15,214.15,0.21,45.18,0.00,0.00,0.00
214.97,0.83,177.50,212.39,0.20,42.86,214.27,0.21,33.81,213.88,0.21,45.07,0.00,0.00,0.00
214.01,0.83,177.08,213.28,0.20,43.63,213.31,0.21,33.99,212.99,0.21,44.67,0.00,0.00,0.00
215.98,0.83,178.42,213.16,0.20,43.57,215.28,0.21,33.35,212.81,0.21,44.75,0.00,0.00,0.00
215.07,0.83,177.80,212.01,0.20,43.15,214.37,0.21,33.87,213.86,0.21,44.98,0.00,0.00,0.00
217.11,0.83,180.23,213.41,0.20,43.65,216.41,0.21,34.44,213.68,0.21,45.15,0.00,0.00,0.00
217.88,0.83,180.97,213.68,0.20,43.82,217.18,0.21,33.92,216.07,0.21,45.99,0.00,0.00,0.00
215.86,0.83,179.56,211.80,0.20,42.98,215.16,0.21,34.60,218.16,0.21,46.92,0.00,0.00,0.00
213.93,0.83,176.65,212.46,0.20,43.27,213.23,0.21,33.24,214.27,0.21,45.30,0.00,0.00,0.00
214.71,0.83,177.70,212.73,0.20,43.38,214.01,0.21,33.93,213.89,0.21,45.06,0.00,0.00,0.00
214.04,0.83,177.46,213.06,0.20,43.63,213.34,0.21,34.43,213.96,0.21,45.20,0.00,0.00,0.00
215.77,0.82,177.75,212.60,0.20,43.32,215.07,0.21,33.45,212.53,0.21,44.48,0.00,0.00,0.00
214.73,0.83,177.32,211.60,0.20,42.96,214.03,0.21,33.61,214.41,0.21,45.36,0.00,0.00,0.00
217.20,0.83,181.04,211.43,0.20,42.94,216.50,0.22,35.29,217.09,0.21,46.57,0.00,0.00,0.00
214.40,0.83,177.31,211.68,0.20,43.05,213.70,0.21,33.74,214.35,0.21,45.42,0.00,0.00,0.00
215.83,0.83,178.35,212.63,0.20,43.22,215.13,0.21,33.79,213.97,0.21,45.31,0.00,0.00,0.00
213.00,0.83,176.71,212.57,0.20,43.37,212.30,0.21,33.62,217.96,0.21,46.75,0.00,0.00,0.00
214.13,0.83,177.25,213.12,0.20,43.46,213.43,0.21,34.25,213.67,0.21,45.16,0.00,0.00,0.00
216.08,0.82,178.02,212.07,0.20,43.24,215.38,0.21,33.48,212.66,0.21,44.57,0.00,0.00,0.00
217.00,0.82,178.76,212.47,0.20,42.65,216.30,0.21,33.42,214.45,0.21,45.29,0.00,0.00,0.00
214.89,0.83,177.82,212.12,0.20,43.08,214.19,0.21,34.60,212.85,0.21,44.61,0.00,0.00,0.00
215.72,0.82,177.90,211.77,0.20,42.93,215.02,0.21,33.74,213.37,0.21,44.80,0.00,0.00,0.00
218.12,0.82,179.82,210.65,0.20,42.63,217.42,0.21,33.41,214.36,0.21,45.27,0.00,0.00,0.00
214.67,0.82,176.97,211.77,0.20,42.93,213.97,0.21,33.30,214.82,0.21,45.36,0.00,0.00,0.00
216.09,0.83,178.33,211.65,0.20,42.93,215.39,0.21,33.72,213.50,0.21,45.03,0.00,0.00,0.00
213.74,0.82,176.10,211.36,0.20,42.88,213.04,0.21,33.56,213.30,0.21,44.78,0.00,0.00,0.00
215.38,0.83,178.30,214.00,0.20,43.93,214.68,0.21,33.80,213.27,0.21,44.95,0.00,0.00,0.00
214.48,0.82,176.90,212.62,0.20,43.24,213.78,0.21,33.28,213.21,0.21,44.92,0.00,0.00,0.00
219.37,0.82,180.93,212.74,0.20,43.33,218.67,0.21,33.60,213.22,0.21,44.80,0.00,0.00,0.00
212.98,0.83,176.87,214.40,0.20,44.15,212.28,0.21,34.36,213.82,0.21,45.12,0.00,0.00,0.00
216.03,0.83,178.53,213.13,0.20,43.60,215.33,0.21,33.94,212.29,0.21,44.50,0.00,0.00,0.00
215.38,0.82,177.68,213.99,0.20,43.89,214.68,0.21,32.82,212.97,0.21,44.75,0.00,0.00,0.00
214.10,0.83,176.93,213.02,0.20,43.44,213.40,0.21,33.25,214.92,0.21,45.58,0.00,0.00,0.00
214.34,0.83,176.85,213.44,0.20,43.58,213.64,0.21,33.46,212.79,0.21,44.69,0.00,0.00,0.00
215.23,0.82,177.56,212.33,0.20,43.22,214.53,0.21,33.71,212.56,0.21,44.61,0.00,0.00,0.00
217.04,0.83,179.44,213.57,0.20,43.65,216.34,0.21,33.67,213.91,0.21,45.15,0.00,0.00,0.00
214.62,0.83,177.10,212.17,0.20,43.20,213.92,0.21,33.75,212.94,0.21,44.72,0.00,0.00,0.00
217.37,0.82,179.09,212.02,0.20,43.09,216.67,0.21,33.62,212.97,0.21,44.61,0.00,0.00,0.00
213.48,0.83,176.45,211.86,0.20,42.85,212.78,0.21,34.28,213.61,0.21,45.02,0.00,0.00,0.00
214.87,0.83,177.58,214.26,0.20,43.98,214.17,0.21,33.58,213.27,0.21,44.83,0.00,0.00,0.00
215.00,0.83,177.81,212.51,0.20,43.19,214.30,0.21,34.18,214.04,0.21,45.15,0.00,0.00,0.00
216.99,0.83,179.35,214.79,0.20,44.33,216.29,0.21,33.49,212.49,0.21,44.48,0.00,0.00,0.00
215.96,0.83,178.84,213.54,0.20,43.71,215.26,0.21,33.81,214.65,0.21,45.41,0.00,0.00,0.00
213.91,0.82,176.28,214.13,0.20,44.02,213.21,0.21,33.26,212.13,0.21,44.29,0.00,0.00,0.00
214.53,0.83,177.23,212.62,0.20,43.46,213.83,0.21,33.74,213.20,0.21,44.88,0.00,0.00,0.00
214.31,0.83,177.43,212.75,0.20,43.37,213.61,0.21,34.34,212.68,0.21,44.77,0.00,0.00,0.00
214.53,0.82,176.92,212.56,0.20,43.21,213.83,0.21,33.55,213.79,0.21,44.96,0.00,0.00,0.00
213.96,0.83,176.88,214.55,0.20,44.17,213.26,0.21,33.08,214.63,0.21,45.25,0.00,0.00,0.00
214.35,0.83,176.98,211.23,0.20,42.77,213.65,0.21,34.08,213.07,0.21,44.78,0.00,0.00,0.00
214.78,0.83,177.36,210.93,0.20,42.56,214.08,0.21,33.63,215.21,0.21,45.69,0.00,0.00,0.00
213.71,0.83,176.96,215.60,0.21,44.55,213.01,0.21,33.37,213.40,0.21,44.91,0.00,0.00,0.00
215.24,0.82,177.38,212.08,0.20,43.20,214.54,0.21,32.96,213.96,0.21,45.13,0.00,0.00,0.00
218.74,0.83,182.36,216.61,0.21,44.94,218.04,0.21,34.36,214.01,0.21,45.34,0.00,0.00,0.00
214.45,0.83,177.30,213.35,0.20,43.71,213.75,0.21,33.94,212.72,0.21,44.61,0.00,0.00,0.00
216.18,0.83,179.24,216.42,0.21,44.79,215.48,0.21,34.04,211.94,0.21,44.49,0.00,0.00,0.00
213.50,0.83,176.47,213.00,0.20,43.49,212.80,0.21,33.96,212.96,0.21,44.66,0.00,0.00,0.00
217.41,0.83,179.54,212.93,0.20,43.37,216.71,0.21,34.07,211.96,0.21,44.40,0.00,0.00,0.00
215.59,0.83,178.56,213.52,0.20,43.86,214.89,0.21,33.61,214.27,0.21,45.26,0.00,0.00,0.00
213.12,0.83,175.97,214.83,0.20,44.26,212.42,0.21,33.38,212.43,0.21,44.49,0.00,0.00,0.00
214.38,0.82,176.65,212.35,0.20,43.15,213.68,0.21,33.65,212.92,0.21,44.64,0.00,0.00,0.00
214.59,0.82,176.84,212.57,0.20,43.24,213.89,0.21,33.31,212.50,0.21,44.58,0.00,0.00,0.00
216.17,0.82,178.30,212.56,0.20,43.35,215.47,0.21,33.74,212.64,0.21,44.41,0.00,0.00,0.00
215.48,0.83,177.87,211.32,0.20,42.88,214.78,0.21,34.04,213.16,0.21,44.76,0.00,0.00,0.00
215.02,0.82,177.33,213.07,0.20,43.52,214.32,0.21,33.80,212.08,0.21,44.52,0.00,0.00,0.00
215.30,0.83,177.77,211.88,0.20,43.18,214.60,0.21,33.57,213.68,0.21,45.17,0.00,0.00,0.00
217.21,0.83,179.54,212.43,0.20,43.18,216.51,0.21,34.01,213.68,0.21,45.06,0.00,0.00,0.00
212.98,0.82,175.62,213.04,0.20,43.51,212.28,0.21,33.46,212.24,0.21,44.53,0.00,0.00,0.00
215.82,0.82,177.44,211.16,0.20,42.72,215.12,0.21,33.41,212.07,0.21,44.34,0.00,0.00,0.00
213.79,0.83,177.84,211.96,0.20,43.06,213.09,0.21,35.42,215.32,0.21,45.92,0.00,0.00,0.00
215.96,0.82,178.13,213.08,0.20,43.56,215.26,0.21,33.26,213.44,0.21,44.93,0.00,0.00,0.00
217.44,0.83,179.94,212.56,0.20,43.34,216.74,0.21,33.94,214.53,0.21,45.30,0.00,0.00,0.00
215.66,0.82,176.94,209.42,0.20,41.94,214.96,0.21,33.02,213.37,0.21,44.79,0.00,0.00,0.00
214.38,0.83,177.20,213.95,0.20,43.73,213.68,0.21,33.09,214.91,0.21,45.47,0.00,0.00,0.00
215.57,0.83,178.80,211.45,0.20,42.95,214.87,0.21,34.20,217.07,0.21,46.49,0.00,0.00,0.00
212.57,0.83,175.88,214.76,0.20,44.35,211.87,0.21,32.85,216.48,0.21,45.88,0.00,0.00,0.00
213.91,0.82,176.19,211.33,0.20,42.91,213.21,0.21,33.38,212.41,0.21,44.54,0.00,0.00,0.00
215.77,0.82,177.68,212.52,0.20,43.39,215.07,0.21,33.06,213.03,0.21,44.64,0.00,0.00,0.00
217.27,0.82,178.48,211.43,0.20,42.85,216.57,0.21,32.73,212.97,0.21,44.70,0.00,0.00,0.00
214.64,0.82,177.02,211.65,0.20,42.92,213.94,0.21,33.48,213.40,0.21,44.94,0.00,0.00,0.00
216.11,0.82,177.87,213.66,0.20,43.84,215.41,0.21,32.96,211.21,0.21,43.97,0.00,0.00,0.00
215.62,0.83,177.93,211.15,0.20,42.63,214.92,0.21,32.98,214.87,0.21,45.76,0.00,0.00,0.00
213.09,0.83,176.14,212.75,0.20,43.34,212.39,0.21,33.58,213.30,0.21,45.05,0.00,0.00,0.00
214.84,0.83,177.78,214.40,0.20,44.15,214.14,0.21,33.53,212.98,0.21,44.81,0.00,0.00,0.00
214.37,0.82,176.64,212.57,0.20,43.38,213.67,0.21,33.43,211.59,0.21,44.08,0.00,0.00,0.00
216.75,0.82,178.47,212.35,0.20,43.26,216.05,0.21,33.27,212.66,0.21,44.53,0.00,0.00,0.00
216.87,0.83,179.12,213.21,0.20,43.65,216.17,0.21,33.22,213.76,0.21,45.01,0.00,0.00,0.00
215.11,0.83,178.35,212.69,0.20,43.33,214.41,0.21,34.56,213.61,0.21,45.21,0.00,0.00,0.00
216.14,0.83,178.36,212.52,0.20,43.25,215.44,0.21,33.87,212.90,0.21,44.77,0.00,0.00,0.00
216.36,0.82,178.34,212.80,0.20,43.49,215.66,0.21,33.38,212.49,0.21,44.60,0.00,0.00,0.00
216.17,0.82,177.84,210.63,0.20,42.49,215.47,0.21,33.41,212.65,0.21,44.66,0.00,0.00,0.00
214.60,0.83,177.55,213.24,0.20,43.66,213.90,0.21,34.16,213.38,0.21,44.88,0.00,0.00,0.00
214.59,0.82,176.81,213.49,0.20,43.64,213.89,0.21,33.20,211.94,0.21,44.43,0.00,0.00,0.00
217.63,0.82,178.66,212.13,0.20,43.16,216.93,0.21,32.98,212.14,0.21,44.17,0.00,0.00,0.00
215.29,0.83,178.32,212.39,0.20,43.21,214.59,0.21,34.38,213.93,0.21,45.20,0.00,0.00,0.00
213.78,0.83,177.59,213.54,0.20,43.65,213.08,0.21,34.34,216.00,0.21,46.16,0.00,0.00,0.00
214.90,0.83,177.79,214.20,0.20,43.86,214.20,0.21,34.10,212.43,0.21,44.66,0.00,0.00,0.00
215.11,0.83,177.52,214.66,0.20,44.21,214.41,0.21,33.28,213.24,0.21,44.70,0.00,0.00,0.00
212.97,0.83,176.02,213.38,0.20,43.49,212.27,0.21,34.05,213.35,0.21,44.86,0.00,0.00,0.00
214.85,0.82,176.50,212.41,0.20,43.35,214.15,0.21,33.08,210.90,0.21,43.89,0.00,0.00,0.00
215.05,0.83,177.90,212.73,0.20,43.34,214.35,0.21,33.90,215.11,0.21,45.42,0.00,0.00,0.00
214.50,0.83,177.15,212.38,0.20,43.11,213.80,0.21,33.82,213.89,0.21,45.11,0.00,0.00,0.00
213.45,0.83,176.17,211.53,0.20,42.86,212.75,0.21,34.01,212.80,0.21,44.70,0.00,0.00,0.00
213.09,0.82,175.54,211.59,0.20,42.85,212.39,0.21,33.86,212.54,0.21,44.50,0.00,0.00,0.00
214.34,0.82,175.84,210.95,0.20,42.59,213.64,0.21,33.19,211.79,0.21,44.19,0.00,0.00,0.00
215.86,0.82,177.90,212.21,0.20,43.03,215.16,0.21,33.40,213.90,0.21,45.12,0.00,0.00,0.00
215.06,0.83,177.58,211.44,0.20,42.88,214.36,0.21,34.20,213.30,0.21,44.78,0.00,0.00,0.00
215.28,0.82,177.59,213.32,0.20,43.73,214.58,0.21,33.42,212.37,0.21,44.49,0.00,0.00,0.00
216.02,0.83,178.27,211.42,0.20,42.81,215.32,0.21,33.48,214.22,0.21,45.46,0.00,0.00,0.00
214.89,0.83,177.37,213.35,0.20,43.65,214.19,0.21,33.85,212.18,0.21,44.44,0.00,0.00,0.00
218.31,0.82,179.79,211.20,0.20,42.54,217.61,0.21,33.84,213.88,0.21,45.00,0.00,0.00,0.00
214.08,0.83,176.75,211.09,0.20,42.85,213.38,0.21,34.15,212.53,0.21,44.60,0.00,0.00,0.00
214.23,0.82,175.70,212.05,0.20,43.07,213.53,0.21,32.81,211.95,0.21,44.24,0.00,0.00,0.00
215.79,0.83,178.30,212.22,0.20,43.26,215.09,0.21,34.04,212.99,0.21,44.78,0.00,0.00,0.00
212.79,0.82,175.25,211.97,0.20,43.01,212.09,0.21,33.36,214.39,0.21,45.27,0.00,0.00,0.00
214.39,0.82,176.15,212.11,0.20,43.11,213.69,0.21,33.45,211.81,0.21,44.17,0.00,0.00,0.00
214.14,0.83,176.77,212.34,0.20,43.23,213.44,0.21,33.75,214.15,0.21,45.14,0.00,0.00,0.00
215.72,0.83,178.15,214.05,0.20,43.97,215.02,0.21,33.92,212.27,0.21,44.43,0.00,0.00,0.00
215.59,0.82,177.45,212.69,0.20,43.29,214.89,0.21,33.56,211.56,0.21,44.19,0.00,0.00,0.00
215.42,0.82,177.44,211.72,0.20,43.01,214.72,0.21,33.97,211.29,0.21,44.09,0.00,0.00,0.00
213.74,0.82,176.19,211.88,0.20,42.81,213.04,0.21,33.68,214.42,0.21,45.28,0.00,0.00,0.00
215.29,0.82,177.56,212.81,0.20,43.37,214.59,0.21,33.66,212.85,0.21,44.70,0.00,0.00,0.00
214.98,0.82,177.17,212.82,0.20,43.38,214.28,0.21,33.66,211.69,0.21,44.31,0.00,0.00,0.00
216.20,0.82,177.98,212.79,0.20,43.31,215.50,0.21,33.20,213.22,0.21,44.84,0.00,0.00,0.00
213.43,0.83,176.19,210.59,0.20,42.41,212.73,0.21,34.43,213.37,0.21,44.93,0.00,0.00,0.00
213.96,0.82,176.38,214.11,0.20,44.01,213.26,0.21,33.72,211.67,0.21,44.07,0.00,0.00,0.00
215.91,0.82,177.52,211.26,0.20,42.96,215.21,0.21,33.15,212.86,0.21,44.64,0.00,0.00,0.00
214.53,0.83,177.33,211.25,0.20,42.81,213.83,0.21,34.55,213.71,0.21,44.99,0.00,0.00,0.00
213.55,0.83,177.00,213.47,0.20,43.76,212.85,0.21,34.97,212.25,0.21,44.42,0.00,0.00,0.00
219.13,0.83,181.16,216.58,0.21,44.93,218.43,0.21,33.64,211.86,0.21,44.18,0.00,0.00,0.00
216.71,0.83,179.43,214.62,0.20,44.11,216.01,0.21,33.89,213.62,0.21,44.90,0.00,0.00,0.00
213.77,0.82,175.83,211.45,0.20,42.90,213.07,0.21,33.83,211.42,0.21,44.04,0.00,0.00,0.00
215.55,0.83,178.24,213.87,0.20,43.87,214.85,0.21,33.95,212.69,0.21,44.68,0.00,0.00,0.00
215.41,0.83,178.70,211.65,0.20,42.88,214.71,0.21,34.76,216.66,0.21,46.35,0.00,0.00,0.00
214.34,0.82,176.47,211.08,0.20,42.84,213.64,0.21,34.25,211.16,0.21,44.06,0.00,0.00,0.00
214.46,0.83,177.12,212.70,0.20,43.31,213.76,0.21,33.49,216.97,0.21,46.04,0.00,0.00,0.00
216.91,0.83,179.11,212.75,0.20,43.38,216.21,0.21,34.03,213.24,0.21,44.85,0.00,0.00,0.00
218.57,0.82,180.26,214.99,0.20,44.36,217.87,0.21,33.77,211.02,0.21,43.85,0.00,0.00,0.00
215.55,0.83,178.71,215.70,0.21,44.58,214.85,0.21,33.93,213.97,0.21,45.06,0.00,0.00,0.00
215.18,0.82,177.27,212.20,0.20,43.27,214.48,0.21,33.63,212.97,0.21,44.63,0.00,0.00,0.00
218.93,0.83,180.64,214.96,0.20,44.06,218.23,0.21,33.53,212.23,0.21,44.45,0.00,0.00,0.00
214.69,0.82,177.10,212.79,0.20,43.42,213.99,0.21,33.49,213.49,0.21,44.99,0.00,0.00,0.00
212.44,0.82,174.86,211.44,0.20,42.82,211.74,0.21,34.00,211.76,0.21,44.21,0.00,0.00,0.00
214.56,0.82,176.27,212.15,0.20,43.15,213.86,0.21,33.41,210.74,0.21,43.89,0.00,0.00,0.00
213.97,0.82,176.01,210.86,0.20,42.59,213.27,0.21,33.46,212.92,0.21,44.78,0.00,0.00,0.00
214.64,0.82,176.88,211.57,0.20,42.92,213.94,0.21,34.09,212.57,0.21,44.54,0.00,0.00,0.00
214.20,0.82,176.42,213.20,0.20,43.65,213.50,0.21,33.46,212.37,0.21,44.42,0.00,0.00,0.00
214.55,0.83,177.17,213.76,0.20,43.71,213.85,0.21,33.56,214.36,0.21,45.25,0.00,0.00,0.00
211.61,0.82,174.27,212.57,0.20,43.24,210.91,0.21,33.80,212.06,0.21,44.36,0.00,0.00,0.00
217.52,0.83,179.78,216.92,0.21,44.99,216.82,0.21,33.25,212.81,0.21,44.63,0.00,0.00,0.00
213.71,0.82,176.13,211.72,0.20,42.94,213.01,0.21,33.98,213.18,0.21,44.78,0.00,0.00,0.00
213.75,0.82,175.90,213.11,0.20,43.59,213.05,0.21,33.56,210.92,0.21,43.94,0.00,0.00,0.00
215.48,0.82,176.82,210.70,0.20,42.46,214.78,0.21,33.46,212.47,0.21,44.45,0.00,0.00,0.00
214.91,0.83,177.33,211.71,0.20,43.17,214.21,0.21,33.62,214.33,0.21,45.26,0.00,0.00,0.00
214.48,0.82,176.47,211.69,0.20,42.91,213.78,0.21,34.05,212.06,0.21,44.26,0.00,0.00,0.00
215.27,0.82,177.17,211.47,0.20,42.82,214.57,0.21,33.90,211.88,0.21,44.31,0.00,0.00,0.00
216.13,0.82,177.68,212.43,0.20,43.28,215.43,0.21,33.61,210.80,0.21,43.76,0.00,0.00,0.00
214.18,0.82,176.45,212.30,0.20,43.28,213.48,0.21,33.55,213.43,0.21,44.82,0.00,0.00,0.00
213.77,0.82,176.17,212.21,0.20,43.33,213.07,0.21,33.90,211.59,0.21,44.17,0.00,0.00,0.00
214.46,0.83,177.11,213.25,0.20,43.42,213.76,0.21,33.88,214.17,0.21,45.13,0.00,0.00,0.00
215.10,0.82,176.70,211.20,0.20,42.55,214.40,0.21,33.27,212.80,0.21,44.73,0.00,0.00,0.00
214.58,0.82,176.42,211.66,0.20,42.91,213.88,0.21,33.73,212.16,0.21,44.29,0.00,0.00,0.00
213.03,0.82,175.23,211.99,0.20,43.09,212.33,0.21,33.39,213.12,0.21,44.77,0.00,0.00,0.00
214.95,0.82,177.25,212.89,0.20,43.49,214.25,0.21,33.96,211.47,0.21,44.08,0.00,0.00,0.00
215.46,0.82,177.42,212.50,0.20,43.23,214.76,0.21,33.66,212.36,0.21,44.44,0.00,0.00,0.00
214.29,0.82,176.12,209.48,0.20,41.96,213.59,0.21,33.76,213.46,0.21,44.92,0.00,0.00,0.00
212.53,0.82,174.79,212.49,0.20,43.31,211.83,0.21,33.65,210.03,0.21,43.58,0.00,0.00,0.00
213.93,0.82,176.07,211.78,0.20,42.90,213.23,0.21,33.34,213.67,0.21,44.97,0.00,0.00,0.00
213.74,0.82,175.93,211.61,0.20,42.82,213.04,0.21,33.71,212.62,0.21,44.56,0.00,0.00,0.00
213.56,0.82,175.64,210.90,0.20,42.58,212.86,0.21,33.72,212.21,0.21,44.39,0.00,0.00,0.00
213.80,0.82,175.18,211.40,0.20,42.52,213.10,0.21,33.23,211.58,0.21,44.03,0.00,0.00,0.00
216.02,0.82,177.96,214.18,0.20,44.01,215.32,0.21,33.11,212.92,0.21,44.58,0.00,0.00,0.00
213.94,0.82,176.36,212.31,0.20,43.19,213.24,0.21,33.79,212.11,0.21,44.42,0.00,0.00,0.00
215.13,0.82,177.35,211.55,0.20,42.99,214.43,0.21,33.85,211.87,0.21,44.24,0.00,0.00,0.00
215.49,0.82,177.62,212.08,0.20,43.00,214.79,0.21,33.65,213.46,0.21,44.96,0.00,0.00,0.00
211.86,0.83,174.86,211.93,0.20,42.92,211.16,0.21,34.29,212.96,0.21,44.68,0.00,0.00,0.00
215.47,0.83,177.98,213.61,0.20,43.74,214.77,0.21,33.70,212.98,0.21,44.76,0.00,0.00,0.00
215.12,0.82,177.08,212.03,0.20,42.95,214.42,0.21,33.58,213.87,0.21,44.95,0.00,0.00,0.00
214.21,0.82,176.55,213.06,0.20,43.50,213.51,0.21,33.58,212.90,0.21,44.67,0.00,0.00,0.00
213.87,0.83,176.45,213.42,0.20,43.65,213.17,0.21,33.67,212.81,0.21,44.67,0.00,0.00,0.00
217.74,0.83,179.80,213.12,0.20,43.63,217.04,0.21,33.55,214.07,0.21,45.16,0.00,0.00,0.00
214.25,0.83,176.97,214.41,0.20,43.86,213.55,0.21,33.46,214.05,0.21,45.20,0.00,0.00,0.00
216.95,0.83,179.15,214.24,0.20,44.23,216.25,0.21,34.02,210.55,0.21,43.75,0.00,0.00,0.00
215.36,0.82,177.12,213.10,0.20,43.38,214.66,0.21,33.56,211.76,0.21,44.18,0.00,0.00,0.00
214.31,0.82,176.35,212.43,0.20,43.16,213.61,0.21,33.33,213.10,0.21,44.79,0.00,0.00,0.00
213.84,0.82,176.08,211.01,0.20,42.54,213.14,0.21,34.01,213.27,0.21,44.85,0.00,0.00,0.00
216.04,0.82,177.87,213.03,0.20,43.55,215.34,0.21,33.97,211.15,0.21,43.88,0.00,0.00,0.00
215.10,0.82,177.00,212.59,0.20,43.37,214.40,0.21,33.18,213.15,0.21,44.73,0.00,0.00,0.00
215.81,0.82,177.83,211.67,0.20,42.97,215.11,0.21,33.80,213.81,0.21,44.98,0.00,0.00,0.00
215.36,0.82,177.42,215.71,0.20,44.36,214.66,0.21,33.64,211.17,0.21,43.68,0.00,0.00,0.00
215.78,0.82,178.00,212.55,0.20,43.26,215.08,0.21,33.72,213.42,0.21,44.97,0.00,0.00,0.00
213.35,0.82,175.67,210.18,0.20,42.27,212.65,0.21,33.95,213.63,0.21,44.98,0.00,0.00,0.00
213.42,0.83,176.50,213.62,0.20,43.73,212.72,0.21,33.82,214.05,0.21,45.14,0.00,0.00,0.00
217.72,0.82,179.26,213.32,0.20,43.65,217.02,0.21,33.52,212.17,0.21,44.33,0.00,0.00,0.00
212.79,0.82,174.50,210.14,0.20,42.42,212.09,0.21,32.99,213.05,0.21,44.67,0.00,0.00,0.00
214.14,0.82,176.47,211.38,0.20,42.89,213.44,0.21,33.83,213.74,0.21,45.00,0.00,0.00,0.00
213.53,0.82,175.57,213.09,0.20,43.56,212.83,0.21,33.37,211.67,0.21,44.14,0.00,0.00,0.00
215.09,0.82,176.88,212.30,0.20,43.32,214.39,0.21,33.10,212.95,0.21,44.56,0.00,0.00,0.00
214.26,0.82,176.54,211.45,0.20,42.88,213.56,0.21,33.98,213.24,0.21,44.75,0.00,0.00,0.00
212.14,0.82,174.64,213.15,0.20,43.42,211.44,0.21,33.94,211.89,0.21,43.97,0.00,0.00,0.00
214.08,0.82,175.92,212.16,0.20,43.07,213.38,0.21,33.44,211.55,0.21,44.15,0.00,0.00,0.00
215.39,0.82,177.35,212.15,0.20,43.11,214.69,0.21,33.56,213.37,0.21,44.78,0.00,0.00,0.00
213.02,0.82,175.34,211.40,0.20,42.85,212.32,0.21,34.09,211.52,0.21,44.00,0.00,0.00,0.00
214.12,0.82,176.23,211.32,0.20,42.74,213.42,0.21,33.92,212.30,0.21,44.36,0.00,0.00,0.00
213.50,0.82,175.21,212.41,0.20,43.24,212.80,0.21,33.36,211.00,0.21,43.84,0.00,0.00,0.00
214.56,0.82,176.31,212.83,0.20,43.39,213.86,0.21,33.01,212.22,0.21,44.44,0.00,0.00,0.00
214.56,0.82,176.46,211.26,0.20,42.69,213.86,0.21,33.75,213.15,0.21,44.55,0.00,0.00,0.00
213.81,0.82,176.39,213.51,0.20,43.78,213.11,0.21,33.57,211.93,0.21,44.36,0.00,0.00,0.00
214.55,0.82,176.52,210.26,0.20,42.27,213.85,0.21,33.58,215.46,0.21,45.41,0.00,0.00,0.00
214.16,0.82,176.34,211.73,0.20,42.56,213.46,0.21,33.94,213.85,0.21,44.99,0.00,0.00,0.00
215.41,0.82,177.59,215.48,0.20,44.33,214.71,0.21,33.13,212.38,0.21,44.49,0.00,0.00,0.00
217.62,0.82,179.23,213.59,0.20,43.69,216.92,0.21,33.79,211.30,0.21,44.02,0.00,0.00,0.00
214.21,0.82,175.99,211.24,0.20,42.74,213.51,0.21,33.05,213.75,0.21,45.02,0.00,0.00,0.00
213.21,0.83,176.31,211.75,0.20,42.98,212.51,0.21,34.11,215.26,0.21,45.59,0.00,0.00,0.00
213.99,0.83,176.68,213.41,0.20,43.63,213.29,0.21,33.98,212.78,0.21,44.59,0.00,0.00,0.00
215.29,0.82,177.33,213.20,0.20,43.65,214.59,0.21,33.55,211.37,0.21,44.06,0.00,0.00,0.00
215.74,0.82,177.61,211.99,0.20,42.92,215.04,0.21,33.69,213.29,0.21,44.78,0.00,0.00,0.00
215.25,0.83,177.82,212.50,0.20,43.33,214.55,0.21,34.33,213.06,0.21,44.69,0.00,0.00,0.00
214.30,0.82,176.68,213.46,0.20,43.78,213.60,0.21,33.89,210.95,0.21,43.95,0.00,0.00,0.00
219.51,0.83,181.71,213.96,0.20,43.47,218.81,0.21,34.05,215.44,0.21,45.62,0.00,0.00,0.00
214.44,0.82,176.83,213.16,0.20,43.44,213.74,0.21,33.71,213.92,0.21,45.04,0.00,0.00,0.00
217.73,0.83,179.83,212.25,0.20,43.12,217.03,0.21,34.22,213.84,0.21,45.05,0.00,0.00,0.00
214.25,0.82,176.14,212.34,0.20,43.29,213.55,0.21,33.65,211.08,0.21,43.86,0.00,0.00,0.00
216.87,0.82,178.57,212.71,0.20,43.24,216.17,0.21,33.61,212.58,0.21,44.54,0.00,0.00,0.00
213.78,0.83,176.54,212.77,0.20,43.33,213.08,0.21,33.91,213.78,0.21,45.04,0.00,0.00,0.00
214.71,0.82,176.89,212.25,0.20,43.30,214.01,0.21,33.92,212.18,0.21,44.28,0.00,0.00,0.00
214.66,0.82,176.89,212.95,0.20,43.47,213.96,0.21,33.41,213.42,0.21,44.88,0.00,0.00,0.00
214.48,0.82,176.70,211.59,0.20,42.90,213.78,0.21,33.75,213.41,0.21,44.88,0.00,0.00,0.00
214.90,0.83,177.37,211.41,0.20,42.80,214.20,0.21,34.10,214.33,0.21,45.27,0.00,0.00,0.00
214.06,0.82,176.38,215.17,0.20,43.72,213.36,0.21,33.96,211.64,0.21,44.18,0.00,0.00,0.00
215.68,0.82,177.46,212.20,0.20,43.10,214.98,0.21,33.21,213.55,0.21,44.85,0.00,0.00,0.00
215.81,0.83,178.19,212.75,0.20,43.31,215.11,0.21,34.17,212.76,0.21,44.60,0.00,0.00,0.00
215.20,0.83,177.87,213.46,0.20,43.62,214.50,0.21,34.31,211.97,0.21,44.37,0.00,0.00,0.00
214.61,0.82,176.28,212.95,0.20,43.47,213.91,0.21,33.23,210.54,0.21,43.70,0.00,0.00,0.00
218.12,0.82,179.64,211.89,0.20,43.05,217.42,0.21,33.37,213.92,0.21,45.12,0.00,0.00,0.00
213.58,0.83,177.14,211.94,0.20,43.12,212.88,0.21,34.88,213.89,0.21,45.20,0.00,0.00,0.00
214.98,0.82,176.89,213.52,0.20,43.59,214.28,0.21,33.45,211.39,0.21,44.06,0.00,0.00,0.00
216.74,0.82,178.61,213.10,0.20,43.53,216.04,0.21,33.45,212.89,0.21,44.61,0.00,0.00,0.00
216.57,0.82,178.30,210.88,0.20,42.49,215.87,0.21,33.76,214.88,0.21,45.19,0.00,0.00,0.00
215.73,0.82,177.80,212.52,0.20,43.25,215.03,0.21,34.07,211.61,0.21,44.16,0.00,0.00,0.00
214.61,0.83,177.19,214.48,0.20,44.19,213.91,0.21,33.73,212.02,0.21,44.26,0.00,0.00,0.00
216.21,0.83,178.38,212.77,0.20,43.32,215.51,0.21,33.97,212.74,0.21,44.57,0.00,0.00,0.00
214.34,0.82,176.72,212.20,0.20,43.05,213.64,0.21,33.86,213.71,0.21,44.90,0.00,0.00,0.00
215.60,0.83,178.13,214.44,0.20,44.02,214.90,0.21,33.97,211.80,0.21,44.26,0.00,0.00,0.00
216.43,0.83,178.81,211.85,0.20,43.07,215.73,0.21,33.52,216.03,0.21,45.82,0.00,0.00,0.00
216.99,0.82,178.95,211.74,0.20,42.93,216.29,0.21,33.66,214.02,0.21,45.16,0.00,0.00,0.00
214.02,0.82,176.31,212.51,0.20,43.30,213.32,0.21,33.88,211.25,0.21,44.05,0.00,0.00,0.00
215.91,0.82,177.67,213.40,0.20,43.58,215.21,0.21,33.45,210.90,0.21,43.88,0.00,0.00,0.00
217.40,0.82,179.12,213.20,0.20,43.28,216.70,0.21,33.10,214.79,0.21,45.32,0.00,0.00,0.00
219.56,0.83,182.39,210.97,0.20,42.62,218.86,0.21,34.50,220.11,0.21,47.33,0.00,0.00,0.00
216.32,0.82,178.43,213.51,0.20,43.71,215.62,0.21,33.80,212.67,0.21,44.46,0.00,0.00,0.00
215.41,0.82,176.84,209.72,0.20,42.18,214.71,0.21,33.75,211.97,0.21,44.24,0.00,0.00,0.00
213.50,0.83,176.30,212.91,0.20,43.49,212.80,0.21,33.71,213.52,0.21,44.87,0.00,0.00,0.00
217.27,0.83,180.15,215.53,0.20,44.43,216.57,0.21,33.97,214.58,0.21,45.33,0.00,0.00,0.00
214.13,0.82,176.65,212.81,0.20,43.35,213.43,0.21,33.67,212.98,0.21,44.78,0.00,0.00,0.00
215.75,0.82,177.43,213.58,0.20,43.70,215.05,0.21,33.62,210.60,0.21,43.63,0.00,0.00,0.00
216.10,0.82,178.25,212.85,0.20,43.36,215.40,0.21,33.45,214.41,0.21,45.25,0.00,0.00,0.00
215.72,0.82,177.36,213.88,0.20,43.72,215.02,0.21,33.30,211.39,0.21,43.98,0.00,0.00,0.00
216.53,0.82,178.45,213.43,0.20,43.55,215.83,0.21,33.62,212.43,0.21,44.44,0.00,0.00,0.00
214.46,0.83,177.08,212.52,0.20,43.32,213.76,0.21,33.79,213.93,0.21,45.10,0.00,0.00,0.00
213.03,0.83,176.20,215.51,0.21,44.78,212.33,0.21,33.90,211.49,0.21,43.99,0.00,0.00,0.00
215.73,0.82,177.80,213.78,0.20,43.66,215.03,0.21,33.48,212.67,0.21,44.54,0.00,0.00,0.00
215.18,0.83,177.69,212.59,0.20,43.30,214.48,0.21,33.78,214.51,0.21,45.31,0.00,0.00,0.00
215.24,0.82,177.47,210.86,0.20,42.67,214.54,0.21,34.03,213.44,0.21,44.89,0.00,0.00,0.00
215.72,0.83,179.38,215.91,0.21,44.77,215.02,0.21,34.44,214.63,0.21,45.39,0.00,0.00,0.00
214.49,0.82,176.71,213.00,0.20,43.48,213.79,0.21,33.65,212.98,0.21,44.64,0.00,0.00,0.00
215.93,0.82,177.72,213.39,0.20,43.54,215.23,0.21,33.51,212.14,0.21,44.30,0.00,0.00,0.00
215.02,0.83,177.72,212.60,0.20,43.23,214.32,0.21,34.10,214.09,0.21,45.15,0.00,0.00,0.00
214.81,0.82,176.98,213.30,0.20,43.57,214.11,0.21,33.68,212.79,0.21,44.49,0.00,0.00,0.00
217.52,0.83,179.61,212.55,0.20,43.34,216.82,0.21,34.07,213.62,0.21,44.91,0.00,0.00,0.00
214.22,0.82,176.43,211.77,0.20,42.98,213.52,0.21,33.94,212.76,0.21,44.56,0.00,0.00,0.00
215.81,0.83,178.26,214.01,0.20,44.04,215.11,0.21,33.72,212.64,0.21,44.58,0.00,0.00,0.00
218.63,0.82,179.98,211.75,0.20,42.92,217.93,0.21,33.51,213.10,0.21,44.77,0.00,0.00,0.00
216.68,0.82,178.39,211.63,0.20,42.75,215.98,0.21,34.09,212.04,0.21,44.36,0.00,0.00,0.00
215.94,0.83,178.20,212.94,0.20,43.50,215.24,0.21,34.04,212.78,0.21,44.58,0.00,0.00,0.00
218.02,0.83,179.89,213.26,0.20,43.63,217.32,0.21,33.74,213.63,0.21,44.86,0.00,0.00,0.00
214.23,0.82,176.37,211.71,0.20,42.93,213.53,0.21,33.83,212.38,0.21,44.45,0.00,0.00,0.00
216.90,0.82,178.25,212.81,0.20,43.19,216.20,0.21,33.55,211.45,0.21,43.93,0.00,0.00,0.00
212.72,0.82,174.65,211.36,0.20,42.72,212.02,0.21,33.72,210.82,0.21,43.90,0.00,0.00,0.00
214.34,0.82,176.66,211.69,0.20,42.97,213.64,0.21,33.84,213.50,0.21,44.85,0.00,0.00,0.00
213.72,0.83,176.32,213.51,0.20,43.72,213.02,0.21,33.67,212.94,0.21,44.71,0.00,0.00,0.00
215.94,0.83,178.22,213.63,0.20,43.68,215.24,0.21,33.55,213.74,0.21,45.08,0.00,0.00,0.00
214.13,0.82,175.80,210.46,0.20,42.37,213.43,0.21,33.64,212.47,0.21,44.43,0.00,0.00,0.00
213.76,0.82,175.89,211.41,0.20,42.72,213.06,0.21,33.55,213.82,0.21,44.99,0.00,0.00,0.00
213.40,0.82,175.90,213.79,0.20,43.67,212.70,0.21,33.59,212.87,0.21,44.57,0.00,0.00,0.00
213.14,0.82,175.35,214.55,0.20,44.08,212.44,0.21,33.32,211.65,0.21,44.00,0.00,0.00,0.00
213.57,0.82,175.06,211.72,0.20,42.86,212.87,0.21,33.09,212.46,0.21,44.29,0.00,0.00,0.00
214.69,0.82,176.68,213.19,0.20,43.48,213.99,0.21,33.45,211.78,0.21,44.19,0.00,0.00,0.00
214.38,0.82,176.64,212.58,0.20,43.22,213.68,0.21,33.89,212.37,0.21,44.37,0.00,0.00,0.00
214.79,0.82,176.97,213.06,0.20,43.47,214.09,0.21,33.27,213.82,0.21,44.97,0.00,0.00,0.00
215.58,0.82,177.65,212.03,0.20,43.06,214.88,0.21,34.07,212.38,0.21,44.41,0.00,0.00,0.00
214.15,0.82,176.41,211.53,0.20,42.88,213.45,0.21,33.81,212.29,0.21,44.44,0.00,0.00,0.00
217.90,0.82,179.09,212.76,0.20,43.37,217.20,0.21,33.38,211.18,0.21,43.96,0.00,0.00,0.00
215.27,0.82,176.58,212.79,0.20,43.37,214.57,0.21,33.13,209.95,0.21,43.52,0.00,0.00,0.00
213.21,0.82,175.19,212.35,0.20,43.27,212.51,0.21,33.15,212.22,0.21,44.30,0.00,0.00,0.00
214.35,0.82,176.18,212.27,0.20,43.17,213.65,0.21,33.73,211.03,0.21,43.82,0.00,0.00,0.00
214.71,0.82,176.01,209.47,0.20,41.71,214.01,0.21,33.47,213.47,0.21,44.83,0.00,0.00,0.00
213.35,0.82,175.21,210.12,0.20,42.18,212.65,0.21,33.36,213.93,0.21,44.95,0.00,0.00,0.00
213.56,0.82,175.03,212.26,0.20,43.04,212.86,0.21,33.24,210.56,0.21,43.61,0.00,0.00,0.00
213.72,0.82,175.18,212.14,0.20,43.14,213.02,0.21,33.00,210.48,0.21,43.59,0.00,0.00,0.00
213.12,0.82,175.45,211.57,0.20,42.89,212.42,0.21,33.69,213.06,0.21,44.71,0.00,0.00,0.00
214.32,0.82,176.34,212.63,0.20,43.20,213.62,0.21,33.69,212.07,0.21,44.20,0.00,0.00,0.00
214.75,0.82,176.30,212.31,0.20,43.11,214.05,0.21,33.51,210.41,0.21,43.67,0.00,0.00,0.00
215.25,0.82,176.71,211.92,0.20,42.98,214.55,0.21,33.13,212.04,0.21,44.27,0.00,0.00,0.00
217.70,0.82,178.83,212.27,0.20,43.15,217.00,0.21,33.11,212.09,0.21,44.30,0.00,0.00,0.00
214.59,0.82,176.31,212.43,0.20,43.05,213.89,0.21,33.46,211.85,0.21,44.11,0.00,0.00,0.00
212.39,0.82,174.84,211.43,0.20,42.77,211.69,0.21,33.53,214.42,0.21,45.07,0.00,0.00,0.00
212.97,0.82,175.22,210.47,0.20,42.31,212.27,0.21,33.78,214.18,0.21,45.01,0.00,0.00,0.00
212.11,0.83,175.23,214.23,0.20,43.70,211.41,0.21,33.95,213.01,0.21,44.72,0.00,0.00,0.00
214.68,0.82,176.68,212.02,0.20,42.92,213.98,0.21,33.88,211.98,0.21,44.31,0.00,0.00,0.00
215.16,0.83,177.53,214.93,0.20,44.21,214.46,0.21,33.69,212.01,0.21,44.16,0.00,0.00,0.00
215.09,0.82,176.77,213.00,0.20,43.39,214.39,0.21,33.28,212.20,0.21,44.28,0.00,0.00,0.00
215.28,0.82,177.41,213.00,0.20,43.59,214.58,0.21,33.73,212.24,0.21,44.34,0.00,0.00,0.00
214.67,0.82,176.28,211.72,0.20,42.86,213.97,0.21,33.14,213.34,0.21,44.78,0.00,0.00,0.00
215.17,0.82,176.83,212.01,0.20,43.06,214.47,0.21,33.38,212.76,0.21,44.47,0.00,0.00,0.00
213.90,0.82,175.62,210.94,0.20,42.48,213.20,0.21,33.72,212.80,0.21,44.49,0.00,0.00,0.00
215.52,0.82,177.25,211.04,0.20,42.74,214.82,0.21,33.72,212.89,0.21,44.60,0.00,0.00,0.00
214.42,0.82,176.05,211.61,0.20,42.92,213.72,0.21,33.74,211.11,0.21,43.77,0.00,0.00,0.00
216.98,0.82,178.45,212.73,0.20,43.21,216.28,0.21,33.68,211.75,0.21,44.15,0.00,0.00,0.00
214.76,0.82,176.62,212.65,0.20,43.38,214.06,0.21,33.62,212.36,0.21,44.29,0.00,0.00,0.00
213.86,0.83,176.79,212.83,0.20,43.30,213.16,0.21,33.18,217.36,0.21,46.56,0.00,0.00,0.00
214.41,0.83,177.07,216.78,0.21,44.95,213.71,0.21,33.33,213.17,0.21,44.62,0.00,0.00,0.00
213.39,0.82,175.01,210.89,0.20,42.53,212.69,0.21,33.84,210.88,0.21,43.80,0.00,0.00,0.00
214.98,0.82,176.32,211.64,0.20,42.87,214.28,0.21,33.31,212.63,0.21,44.28,0.00,0.00,0.00
213.21,0.82,175.03,210.83,0.20,42.28,212.51,0.21,33.79,212.11,0.21,44.32,0.00,0.00,0.00
213.20,0.82,175.43,211.62,0.20,42.70,212.50,0.21,33.59,214.45,0.21,45.20,0.00,0.00,0.00
213.91,0.82,176.27,211.25,0.20,42.69,213.21,0.21,33.65,214.45,0.21,45.32,0.00,0.00,0.00
213.26,0.82,174.77,210.40,0.20,42.28,212.56,0.21,33.30,212.39,0.21,44.38,0.00,0.00,0.00
213.02,0.82,175.35,211.34,0.20,42.63,212.32,0.21,33.60,214.69,0.21,45.27,0.00,0.00,0.00
213.41,0.82,175.19,209.80,0.20,41.99,212.71,0.21,33.65,213.46,0.21,44.79,0.00,0.00,0.00
213.41,0.82,175.68,211.01,0.20,42.52,212.71,0.21,34.03,212.84,0.21,44.62,0.00,0.00,0.00
213.34,0.82,174.90,210.32,0.20,42.25,212.64,0.21,33.61,211.73,0.21,44.08,0.00,0.00,0.00
215.35,0.82,176.54,211.22,0.20,42.48,214.65,0.21,33.65,211.39,0.21,43.93,0.00,0.00,0.00
214.77,0.82,176.04,210.05,0.20,42.22,214.07,0.21,33.65,211.01,0.21,43.86,0.00,0.00,0.00
217.44,0.82,178.95,214.70,0.20,43.87,216.74,0.21,33.47,211.41,0.21,43.93,0.00,0.00,0.00
214.86,0.82,176.38,212.76,0.20,43.27,214.16,0.21,32.99,212.22,0.21,44.31,0.00,0.00,0.00
214.88,0.82,175.85,212.42,0.20,43.18,214.18,0.21,32.95,210.04,0.21,43.40,0.00,0.00,0.00
215.11,0.82,176.29,210.76,0.20,42.54,214.41,0.21,32.92,212.64,0.21,44.44,0.00,0.00,0.00
213.79,0.82,175.59,211.39,0.20,42.70,213.09,0.21,33.55,212.40,0.21,44.30,0.00,0.00,0.00
213.71,0.82,175.56,211.37,0.20,42.72,213.01,0.21,33.69,212.55,0.21,44.28,0.00,0.00,0.00
214.32,0.82,176.22,211.90,0.20,42.92,213.62,0.21,33.83,212.20,0.21,44.27,0.00,0.00,0.00
215.07,0.82,176.58,211.10,0.20,42.71,214.37,0.21,33.02,213.33,0.21,44.75,0.00,0.00,0.00
215.01,0.82,176.77,212.74,0.20,43.33,214.31,0.21,33.28,213.64,0.21,44.74,0.00,0.00,0.00
213.53,0.82,175.23,212.49,0.20,43.07,212.83,0.21,33.37,211.21,0.21,43.89,0.00,0.00,0.00
215.51,0.82,176.79,211.35,0.20,42.67,214.81,0.21,33.18,212.77,0.21,44.42,0.00,0.00,0.00
216.45,0.82,177.64,211.63,0.20,42.74,215.75,0.21,33.42,212.06,0.21,44.16,0.00,0.00,0.00
215.25,0.82,176.56,211.29,0.20,42.75,214.55,0.21,33.41,211.12,0.21,43.81,0.00,0.00,0.00
214.44,0.82,176.46,212.97,0.20,43.38,213.74,0.21,33.59,212.53,0.21,44.38,0.00,0.00,0.00
215.83,0.82,177.13,211.98,0.20,43.14,215.13,0.21,33.42,210.48,0.21,43.60,0.00,0.00,0.00
216.92,0.82,178.78,213.73,0.20,43.77,216.22,0.21,33.51,212.89,0.21,44.53,0.00,0.00,0.00
213.71,0.82,176.09,210.36,0.20,42.38,213.01,0.21,34.26,213.52,0.21,44.82,0.00,0.00,0.00
213.92,0.83,177.49,211.75,0.20,42.87,213.22,0.21,35.09,215.37,0.21,45.70,0.00,0.00,0.00
217.73,0.83,179.70,216.44,0.20,44.60,217.03,0.21,33.25,211.90,0.21,44.30,0.00,0.00,0.00
212.66,0.83,175.44,211.04,0.20,42.60,211.96,0.21,34.07,213.24,0.21,44.80,0.00,0.00,0.00
218.05,0.83,180.27,216.35,0.21,44.72,217.35,0.21,34.12,211.69,0.21,44.14,0.00,0.00,0.00
213.51,0.83,177.43,213.37,0.20,43.63,212.81,0.21,34.86,216.60,0.21,46.23,0.00,0.00,0.00
213.37,0.82,176.00,211.15,0.20,42.66,212.67,0.21,34.41,212.47,0.21,44.36,0.00,0.00,0.00
212.54,0.82,175.01,211.26,0.20,42.62,211.84,0.21,33.66,211.45,0.21,44.11,0.00,0.00,0.00
215.49,0.83,178.17,210.68,0.20,42.58,214.79,0.21,34.60,214.77,0.21,45.45,0.00,0.00,0.00
214.70,0.82,177.02,213.50,0.20,43.64,214.00,0.21,33.49,211.51,0.21,44.10,0.00,0.00,0.00
216.27,0.83,178.88,212.08,0.20,43.16,215.57,0.21,34.60,214.30,0.21,45.23,0.00,0.00,0.00
216.75,0.83,180.05,212.35,0.20,43.05,216.05,0.21,35.00,216.91,0.21,46.35,0.00,0.00,0.00
217.45,0.83,180.61,211.32,0.20,42.75,216.75,0.21,34.68,217.93,0.21,46.78,0.00,0.00,0.00
214.97,0.82,177.05,212.49,0.20,43.14,214.27,0.21,34.03,211.99,0.21,44.28,0.00,0.00,0.00
215.73,0.83,178.21,211.58,0.20,42.82,215.03,0.21,34.35,213.91,0.21,44.98,0.00,0.00,0.00
213.43,0.82,175.81,212.90,0.20,43.35,212.73,0.21,33.68,212.33,0.21,44.35,0.00,0.00,0.00
212.68,0.82,175.44,212.21,0.20,43.15,211.98,0.21,33.94,213.52,0.21,44.76,0.00,0.00,0.00
212.43,0.83,176.00,212.63,0.20,43.22,211.73,0.21,34.43,215.41,0.21,45.84,0.00,0.00,0.00
216.01,0.83,179.01,215.14,0.20,44.19,215.31,0.21,34.23,212.82,0.21,44.69,0.00,0.00,0.00
215.69,0.82,177.60,211.82,0.20,42.88,214.99,0.21,33.70,212.22,0.21,44.38,0.00,0.00,0.00
213.24,0.83,176.55,215.05,0.20,43.65,212.54,0.21,34.13,216.03,0.21,46.02,0.00,0.00,0.00
214.26,0.83,177.47,211.76,0.20,42.91,213.56,0.21,34.52,215.80,0.21,45.88,0.00,0.00,0.00
217.05,0.83,179.09,213.05,0.20,43.34,216.35,0.21,34.34,211.86,0.21,44.21,0.00,0.00,0.00
214.23,0.83,177.78,211.66,0.20,43.00,213.53,0.21,34.66,216.71,0.21,46.32,0.00,0.00,0.00
213.99,0.83,177.52,212.93,0.20,43.49,213.29,0.21,34.33,216.45,0.21,46.05,0.00,0.00,0.00
216.92,0.82,178.22,211.29,0.20,42.86,216.22,0.21,32.91,212.52,0.21,44.46,0.00,0.00,0.00
214.48,0.82,176.30,212.50,0.20,42.95,213.78,0.21,33.38,211.44,0.21,43.97,0.00,0.00,0.00
215.42,0.82,177.30,210.55,0.20,42.41,214.72,0.21,34.19,212.95,0.21,44.69,0.00,0.00,0.00
213.22,0.83,175.92,211.92,0.20,43.06,212.52,0.21,33.96,212.24,0.21,44.42,0.00,0.00,0.00
214.84,0.82,176.41,210.03,0.20,42.20,214.14,0.21,33.62,213.52,0.21,44.87,0.00,0.00,0.00
215.59,0.82,176.87,211.41,0.20,42.78,214.89,0.21,33.05,211.21,0.21,43.91,0.00,0.00,0.00
215.30,0.83,178.69,212.42,0.20,43.24,214.60,0.21,34.90,215.94,0.21,46.00,0.00,0.00,0.00
212.67,0.82,175.37,213.04,0.20,43.27,211.97,0.21,33.52,213.31,0.21,44.73,0.00,0.00,0.00
213.23,0.82,175.25,211.20,0.20,42.73,212.53,0.21,34.48,210.39,0.21,43.50,0.00,0.00,0.00
214.16,0.82,176.38,210.10,0.20,42.11,213.46,0.21,34.19,214.63,0.21,45.31,0.00,0.00,0.00
217.65,0.82,178.09,211.46,0.20,42.72,216.95,0.21,32.64,210.77,0.21,43.70,0.00,0.00,0.00
216.35,0.83,179.32,216.11,0.21,44.72,215.65,0.21,33.97,212.50,0.21,44.49,0.00,0.00,0.00
214.61,0.82,176.90,211.66,0.20,42.84,213.91,0.21,34.04,213.51,0.21,44.80,0.00,0.00,0.00
213.25,0.82,174.98,212.34,0.20,42.76,212.55,0.21,33.39,212.08,0.21,44.12,0.00,0.00,0.00
214.56,0.82,176.43,212.19,0.20,42.95,213.86,0.21,33.23,214.26,0.21,45.22,0.00,0.00,0.00
215.08,0.83,177.72,211.78,0.20,42.73,214.38,0.21,34.71,214.32,0.21,45.12,0.00,0.00,0.00
214.71,0.83,177.46,211.62,0.20,42.77,214.01,0.21,34.38,213.50,0.21,44.91,0.00,0.00,0.00
215.21,0.83,177.64,211.79,0.20,43.03,214.51,0.21,34.44,213.77,0.21,44.90,0.00,0.00,0.00
216.35,0.83,178.52,210.45,0.20,42.27,215.65,0.21,34.19,215.26,0.21,45.61,0.00,0.00,0.00
209.73,0.82,172.17,212.78,0.20,43.34,209.03,0.21,33.11,211.83,0.21,44.15,0.00,0.00,0.00
215.19,0.83,177.88,212.60,0.20,43.39,214.49,0.21,34.42,213.46,0.21,44.90,0.00,0.00,0.00
213.60,0.83,176.62,212.40,0.20,43.04,212.90,0.21,34.45,214.98,0.21,45.39,0.00,0.00,0.00
213.56,0.82,175.74,212.58,0.20,43.10,212.86,0.21,33.15,214.02,0.21,44.99,0.00,0.00,0.00
214.03,0.82,175.58,211.22,0.20,42.55,213.33,0.21,33.33,212.59,0.21,44.37,0.00,0.00,0.00
213.39,0.82,176.04,211.89,0.20,42.89,212.69,0.21,34.49,214.67,0.21,45.36,0.00,0.00,0.00
216.24,0.82,177.72,212.10,0.20,43.04,215.54,0.21,33.70,212.75,0.21,44.69,0.00,0.00,0.00
218.01,0.82,177.85,206.71,0.20,40.58,217.31,0.21,34.06,211.30,0.21,44.01,0.00,0.00,0.00
213.89,0.82,175.41,212.08,0.20,42.96,213.19,0.21,33.97,210.71,0.21,43.67,0.00,0.00,0.00
213.61,0.82,175.44,211.84,0.20,42.92,212.91,0.21,33.86,212.39,0.21,44.25,0.00,0.00,0.00
215.15,0.82,176.79,210.65,0.20,42.48,214.45,0.21,34.19,212.15,0.21,44.28,0.00,0.00,0.00
213.72,0.82,175.90,211.60,0.20,42.72,213.02,0.21,34.38,213.37,0.21,44.69,0.00,0.00,0.00
214.16,0.82,176.30,213.15,0.20,43.51,213.46,0.21,33.93,212.19,0.21,44.39,0.00,0.00,0.00
215.34,0.82,177.02,213.62,0.20,43.74,214.64,0.21,33.50,211.87,0.21,44.18,0.00,0.00,0.00
214.40,0.82,176.04,211.23,0.20,42.59,213.70,0.21,33.90,213.02,0.21,44.54,0.00,0.00,0.00
211.91,0.82,174.27,213.97,0.20,43.52,211.21,0.21,34.18,210.69,0.21,43.72,0.00,0.00,0.00
213.46,0.82,175.41,210.70,0.20,42.62,212.76,0.21,34.10,211.50,0.21,44.09,0.00,0.00,0.00
216.18,0.82,178.17,212.73,0.20,43.28,215.48,0.21,34.50,212.60,0.21,44.47,0.00,0.00,0.00
213.60,0.82,175.21,213.57,0.20,43.63,212.90,0.21,33.43,210.18,0.21,43.57,0.00,0.00,0.00
214.96,0.83,177.72,213.92,0.20,43.82,214.26,0.21,34.46,212.42,0.21,44.53,0.00,0.00,0.00
212.78,0.82,174.58,211.06,0.20,42.67,212.08,0.21,33.86,212.02,0.21,44.25,0.00,0.00,0.00
213.68,0.82,176.04,212.96,0.20,43.24,212.98,0.21,34.39,212.54,0.21,44.53,0.00,0.00,0.00
213.05,0.82,174.96,211.79,0.20,42.90,212.35,0.21,34.19,211.33,0.21,44.00,0.00,0.00,0.00
215.69,0.82,177.12,212.32,0.20,43.12,214.99,0.21,34.40,210.44,0.21,43.60,0.00,0.00,0.00
215.19,0.82,176.80,212.27,0.20,43.06,214.49,0.21,33.96,211.97,0.21,44.05,0.00,0.00,0.00
215.33,0.82,176.99,211.52,0.20,42.80,214.63,0.21,33.91,212.74,0.21,44.69,0.00,0.00,0.00
214.21,0.82,176.11,211.08,0.20,42.72,213.51,0.21,34.05,213.11,0.21,44.79,0.00,0.00,0.00
212.47,0.82,174.72,212.63,0.20,43.21,211.77,0.21,34.34,211.73,0.21,44.15,0.00,0.00,0.00
214.44,0.82,176.20,212.33,0.20,43.33,213.74,0.21,34.39,210.08,0.21,43.48,0.00,0.00,0.00
214.63,0.82,176.61,212.65,0.20,43.21,213.93,0.21,34.06,212.22,0.21,44.43,0.00,0.00,0.00
217.85,0.82,178.85,211.93,0.20,42.97,217.15,0.21,33.64,212.78,0.21,44.59,0.00,0.00,0.00
217.31,0.82,178.63,210.86,0.20,42.52,216.61,0.21,34.38,212.91,0.21,44.58,0.00,0.00,0.00
213.34,0.82,175.14,210.72,0.20,42.54,212.64,0.21,34.05,212.41,0.21,44.40,0.00,0.00,0.00
214.27,0.82,176.37,212.81,0.20,43.31,213.57,0.21,34.60,211.37,0.21,43.93,0.00,0.00,0.00
213.34,0.82,175.09,212.02,0.20,42.99,212.64,0.21,34.31,210.40,0.21,43.59,0.00,0.00,0.00
214.17,0.83,176.73,214.36,0.20,43.99,213.47,0.21,34.36,212.84,0.21,44.51,0.00,0.00,0.00
212.02,0.82,174.67,212.41,0.20,43.02,211.32,0.21,34.64,212.98,0.21,44.58,0.00,0.00,0.00
214.75,0.82,176.99,211.63,0.20,42.90,214.05,0.21,34.36,214.26,0.21,45.17,0.00,0.00,0.00
214.40,0.82,176.28,212.02,0.20,43.07,213.70,0.21,34.28,211.67,0.21,44.20,0.00,0.00,0.00
217.75,0.82,179.46,212.72,0.20,43.32,217.05,0.21,34.66,212.12,0.21,44.28,0.00,0.00,0.00
215.81,0.82,176.99,209.81,0.20,42.09,215.11,0.21,34.35,212.16,0.21,44.28,0.00,0.00,0.00
215.37,0.82,176.75,211.75,0.20,42.89,214.67,0.21,33.78,212.18,0.21,44.31,0.00,0.00,0.00
215.03,0.82,176.77,212.74,0.20,43.25,214.33,0.21,33.84,212.86,0.21,44.63,0.00,0.00,0.00
214.22,0.82,176.32,209.95,0.20,42.20,213.52,0.21,34.95,213.57,0.21,44.61,0.00,0.00,0.00
215.25,0.82,177.05,211.54,0.20,42.98,214.55,0.21,34.78,211.19,0.21,43.90,0.00,0.00,0.00
214.71,0.82,176.88,213.45,0.20,43.68,214.01,0.21,34.56,211.73,0.21,44.12,0.00,0.00,0.00
213.71,0.83,176.66,215.02,0.20,44.27,213.01,0.21,34.72,213.16,0.21,44.68,0.00,0.00,0.00
216.76,0.83,179.73,216.49,0.21,44.78,216.06,0.21,34.67,214.69,0.21,45.31,0.00,0.00,0.00
214.15,0.82,176.12,213.21,0.20,43.43,213.45,0.21,34.36,211.62,0.21,44.02,0.00,0.00,0.00
216.74,0.83,179.49,215.82,0.21,44.52,216.04,0.21,34.32,213.76,0.21,45.13,0.00,0.00,0.00
213.09,0.82,175.16,210.34,0.20,42.30,212.39,0.21,34.58,212.76,0.21,44.54,0.00,0.00,0.00
214.90,0.82,176.96,211.41,0.20,42.75,214.20,0.21,34.65,213.04,0.21,44.62,0.00,0.00,0.00
215.75,0.82,177.38,213.40,0.20,43.48,215.05,0.21,34.14,211.21,0.21,43.91,0.00,0.00,0.00
213.95,0.82,176.30,212.74,0.20,43.31,213.25,0.21,34.43,211.71,0.21,44.27,0.00,0.00,0.00
215.53,0.82,177.54,212.76,0.20,43.34,214.83,0.21,34.57,212.45,0.21,44.38,0.00,0.00,0.00
213.38,0.83,176.93,211.09,0.20,42.74,212.68,0.21,34.65,217.53,0.21,46.72,0.00,0.00,0.00
213.31,0.82,175.19,212.96,0.20,43.33,212.61,0.21,34.06,210.99,0.21,43.85,0.00,0.00,0.00
217.14,0.82,178.92,213.22,0.20,43.53,216.44,0.21,33.47,213.74,0.21,44.90,0.00,0.00,0.00
214.69,0.70,150.65,211.69,0.21,43.18,0.00,0.00,0.00,217.22,0.21,45.77,0.00,0.08,0.00
218.47,0.69,151.73,212.80,0.20,43.51,0.00,0.00,0.00,213.49,0.21,44.75,0.00,0.08,0.00
218.35,0.69,151.10,217.22,0.21,44.76,0.00,0.00,0.00,215.04,0.21,45.42,0.00,0.07,0.00
215.46,0.62,133.29,214.90,0.20,44.17,0.00,0.00,0.00,212.61,0.21,44.80,0.00,0.00,0.00
217.02,0.62,134.03,215.33,0.20,44.39,0.00,0.00,0.00,214.66,0.21,45.22,0.00,0.00,0.00
215.55,0.61,132.54,213.46,0.20,43.71,0.00,0.00,0.00,212.68,0.21,44.51,0.00,0.00,0.00
215.72,0.62,133.43,214.83,0.20,44.13,0.00,0.00,0.00,215.56,0.21,45.78,0.00,0.00,0.00
218.60,0.62,135.12,217.55,0.21,45.24,0.00,0.00,0.00,212.55,0.21,44.55,0.00,0.00,0.00
215.45,0.62,132.79,215.79,0.20,44.53,0.00,0.00,0.00,211.91,0.21,44.40,0.00,0.00,0.00
215.13,0.62,133.31,215.92,0.21,44.65,0.00,0.00,0.00,214.81,0.21,45.52,0.00,0.00,0.00
215.31,0.82,177.19,210.90,0.20,42.53,214.61,0.21,33.74,213.99,0.21,45.25,0.00,0.00,0.00
215.32,0.82,177.18,211.78,0.20,42.94,214.62,0.21,33.59,213.16,0.21,44.77,0.00,0.00,0.00
213.72,1.09,233.02,212.98,0.20,43.42,213.02,0.21,33.68,214.84,0.21,45.55,218.17,0.26,33.89
216.83,1.08,233.61,212.23,0.20,43.10,216.13,0.21,32.73,214.13,0.21,45.30,214.91,0.25,32.87
216.20,0.87,188.66,213.77,0.20,43.70,215.50,0.21,35.03,0.00,0.00,0.00,214.91,0.25,32.56
217.05,0.87,189.20,214.85,0.20,44.24,216.35,0.21,34.54,0.00,0.00,0.00,217.49,0.25,33.20
217.69,0.87,189.83,213.19,0.20,43.64,216.99,0.21,35.38,0.00,0.00,0.00,214.69,0.25,32.91
216.66,0.87,188.01,215.58,0.20,43.91,215.96,0.21,35.25,0.00,0.00,0.00,213.61,0.25,31.59
218.89,0.87,190.98,215.82,0.21,44.68,218.19,0.21,34.83,0.00,0.00,0.00,215.99,0.25,32.78
217.28,0.86,187.75,211.81,0.20,43.01,216.58,0.21,34.86,0.00,0.00,0.00,215.31,0.25,32.16
218.85,0.87,190.86,214.30,0.20,44.07,218.15,0.21,34.66,0.00,0.00,0.00,217.38,0.25,33.21
216.40,0.87,188.28,215.30,0.20,44.39,215.70,0.21,34.54,0.00,0.00,0.00,216.64,0.25,32.77
216.44,0.87,187.63,214.44,0.20,43.89,215.74,0.21,34.54,0.00,0.00,0.00,216.64,0.25,32.53
216.40,0.87,188.45,214.71,0.20,44.05,215.70,0.21,35.21,0.00,0.00,0.00,215.00,0.25,32.33
213.65,0.87,185.23,213.58,0.20,43.63,212.95,0.21,34.79,0.00,0.00,0.00,213.80,0.25,32.07
216.37,0.87,188.37,214.58,0.20,44.12,215.67,0.21,34.01,0.00,0.00,0.00,217.91,0.25,33.41
211.65,0.87,183.77,212.63,0.20,43.13,210.95,0.21,34.54,0.00,0.00,0.00,218.34,0.25,32.99
217.83,0.87,189.01,215.09,0.20,44.31,217.13,0.21,34.92,0.00,0.00,0.00,214.79,0.25,31.60
219.58,0.87,190.89,212.46,0.20,43.27,218.88,0.21,34.20,0.00,0.00,0.00,217.11,0.25,32.87
217.38,0.87,188.06,214.09,0.20,43.86,216.68,0.21,33.85,0.00,0.00,0.00,214.32,0.25,31.58
218.85,0.87,190.03,213.75,0.20,43.68,218.15,0.21,34.14,0.00,0.00,0.00,217.96,0.25,32.99
216.95,0.87,188.58,216.75,0.21,45.05,216.25,0.21,34.43,0.00,0.00,0.00,214.56,0.25,31.84
217.96,0.86,187.96,213.20,0.20,43.42,217.26,0.21,33.36,0.00,0.00,0.00,214.29,0.25,31.39
219.47,0.87,190.62,214.76,0.20,44.21,218.77,0.21,34.04,0.00,0.00,0.00,217.69,0.25,32.78
215.89,0.87,186.92,213.84,0.20,43.66,215.19,0.21,34.46,0.00,0.00,0.00,215.41,0.25,31.88
218.04,0.87,189.91,216.78,0.21,45.09,217.34,0.21,35.35,0.00,0.00,0.00,217.06,0.25,32.35
216.41,0.87,187.81,215.69,0.20,44.49,215.71,0.21,37.60,0.00,0.00,0.00,216.55,0.25,32.45
217.21,0.87,188.30,215.60,0.21,44.51,216.51,0.21,44.23,0.00,0.00,0.00,215.73,0.25,31.09
217.35,0.87,188.93,214.89,0.20,44.25,216.65,0.21,44.73,0.00,0.00,0.00,216.08,0.25,32.21
217.21,0.87,188.91,217.04,0.21,45.27,216.51,0.21,44.02,0.00,0.00,0.00,216.07,0.25,31.38
215.38,0.86,186.03,212.61,0.20,43.18,214.68,0.21,43.94,0.00,0.00,0.00,214.85,0.25,31.59
218.22,0.87,190.09,217.10,0.21,45.27,217.52,0.21,43.89,0.00,0.00,0.00,218.54,0.25,32.53
214.29,0.86,184.75,212.88,0.20,43.52,213.59,0.21,43.59,0.00,0.00,0.00,215.00,0.25,31.44
215.77,0.87,187.03,217.08,0.20,44.40,215.07,0.21,44.10,0.00,0.00,0.00,221.33,0.25,30.79
215.65,0.87,187.09,214.00,0.20,43.90,214.95,0.21,44.71,0.00,0.00,0.00,215.76,0.25,31.40
216.13,0.86,186.90,212.96,0.20,43.50,215.43,0.21,44.53,0.00,0.00,0.00,215.71,0.25,31.37
217.69,0.87,188.32,214.18,0.20,43.95,216.99,0.21,44.95,0.00,0.00,0.00,212.94,0.24,30.89
217.12,0.87,188.69,216.17,0.21,44.68,216.42,0.21,44.74,0.00,0.00,0.00,215.26,0.25,31.65
218.72,0.86,189.05,215.46,0.21,44.46,218.02,0.21,44.47,0.00,0.00,0.00,213.18,0.24,30.80
218.06,0.86,188.50,215.73,0.21,44.50,217.36,0.21,44.40,0.00,0.00,0.00,213.73,0.24,30.91
219.03,0.86,189.09,213.40,0.20,43.63,218.33,0.21,44.81,0.00,0.00,0.00,214.67,0.24,30.73
217.53,0.86,186.94,212.91,0.20,43.35,216.83,0.21,34.06,0.00,0.00,0.00,215.69,0.24,31.91
216.19,0.86,186.02,213.58,0.20,43.72,215.49,0.21,33.99,0.00,0.00,0.00,216.41,0.24,32.05
216.45,0.86,186.67,213.05,0.20,43.45,215.75,0.21,34.42,0.00,0.00,0.00,216.58,0.25,32.26
214.62,0.86,184.23,211.95,0.20,42.89,213.92,0.21,34.13,0.00,0.00,0.00,216.92,0.24,31.98
216.50,0.86,186.31,213.81,0.20,43.63,215.80,0.21,34.50,0.00,0.00,0.00,215.67,0.24,31.89
216.73,0.86,186.47,214.27,0.20,43.84,216.03,0.21,34.55,0.00,0.00,0.00,216.08,0.24,31.83
216.41,0.86,186.38,212.69,0.20,43.29,215.71,0.21,34.60,0.00,0.00,0.00,216.00,0.25,31.88
216.99,0.86,186.97,215.17,0.20,44.45,216.29,0.21,34.29,0.00,0.00,0.00,214.58,0.24,31.41
217.41,0.86,186.74,214.01,0.20,43.73,216.71,0.21,34.41,0.00,0.00,0.00,213.50,0.24,31.20
216.30,0.86,186.88,212.41,0.20,43.15,215.60,0.21,34.36,0.00,0.00,0.00,213.84,0.25,31.29
216.65,0.86,186.77,213.55,0.20,43.68,215.95,0.21,34.43,0.00,0.00,0.00,213.05,0.25,30.78
216.39,0.86,185.88,213.19,0.20,43.37,215.69,0.21,34.20,0.00,0.00,0.00,214.19,0.24,31.08
217.72,0.87,188.45,215.56,0.20,44.14,217.02,0.21,34.33,0.00,0.00,0.00,215.46,0.25,32.15
216.73,0.87,187.60,214.03,0.20,43.79,216.03,0.21,34.99,0.00,0.00,0.00,216.15,0.25,31.54
216.32,0.86,186.37,212.58,0.20,43.22,215.62,0.21,34.38,0.00,0.00,0.00,217.10,0.25,31.81
214.79,0.86,185.16,213.38,0.20,43.56,214.09,0.21,34.74,0.00,0.00,0.00,215.55,0.25,31.65
216.10,0.86,186.93,215.91,0.20,44.43,215.40,0.21,34.86,0.00,0.00,0.00,217.34,0.25,31.99
217.52,0.86,187.07,213.16,0.20,43.43,216.82,0.21,34.94,0.00,0.00,0.00,213.45,0.24,30.53
215.29,0.86,185.55,214.93,0.20,44.07,214.59,0.21,34.31,0.00,0.00,0.00,214.83,0.25,30.84
214.94,0.86,185.51,213.73,0.20,43.69,214.24,0.21,34.43,0.00,0.00,0.00,215.70,0.25,31.51
218.63,0.87,189.64,216.89,0.21,44.97,217.93,0.21,34.68,0.00,0.00,0.00,217.62,0.25,32.03
215.76,0.86,185.34,213.14,0.20,43.43,215.06,0.21,34.45,0.00,0.00,0.00,219.74,0.24,31.43
217.59,0.86,187.55,213.80,0.20,43.63,216.89,0.21,34.60,0.00,0.00,0.00,213.25,0.25,31.12
217.84,0.86,188.22,212.75,0.20,43.14,217.14,0.21,34.27,0.00,0.00,0.00,217.76,0.25,32.57
215.45,0.86,185.58,214.13,0.20,43.85,214.75,0.21,34.44,0.00,0.00,0.00,216.25,0.24,30.80
216.23,0.86,186.29,213.41,0.20,43.54,215.53,0.21,34.48,0.00,0.00,0.00,214.68,0.25,31.25
218.65,0.86,188.37,213.49,0.20,43.61,217.95,0.21,34.52,0.00,0.00,0.00,214.36,0.25,31.00
216.49,0.86,186.99,213.58,0.20,43.73,215.79,0.21,34.59,0.00,0.00,0.00,215.88,0.25,31.75
215.82,0.86,186.48,216.01,0.20,44.62,215.12,0.21,34.75,0.00,0.00,0.00,216.31,0.24,31.50
217.01,0.86,187.08,212.96,0.20,43.48,216.31,0.21,34.94,0.00,0.00,0.00,213.37,0.24,31.02
217.43,0.86,187.17,213.53,0.20,43.44,216.73,0.21,34.37,0.00,0.00,0.00,212.84,0.25,31.20
219.34,0.86,189.33,214.62,0.20,43.88,218.64,0.21,34.53,0.00,0.00,0.00,215.70,0.25,31.48
218.21,0.87,188.88,214.24,0.20,43.85,217.51,0.21,34.91,0.00,0.00,0.00,216.00,0.25,31.84
216.09,0.86,185.87,212.91,0.20,43.42,215.39,0.21,34.62,0.00,0.00,0.00,213.54,0.24,31.05
216.96,0.86,186.30,213.00,0.20,43.42,216.26,0.21,34.56,0.00,0.00,0.00,212.79,0.24,30.65
216.69,0.87,187.84,218.94,0.21,45.76,215.99,0.21,34.63,0.00,0.00,0.00,215.78,0.25,31.23
216.81,0.86,186.57,212.62,0.20,43.27,216.11,0.21,34.19,0.00,0.00,0.00,213.54,0.25,31.57
216.93,0.86,186.31,212.76,0.20,43.20,216.23,0.21,34.66,0.00,0.00,0.00,214.03,0.24,30.95
216.04,0.86,186.16,213.34,0.20,43.39,215.34,0.21,34.93,0.00,0.00,0.00,216.82,0.24,31.55
215.40,0.86,185.10,212.76,0.20,43.29,214.70,0.21,34.40,0.00,0.00,0.00,216.32,0.24,31.70
217.87,0.86,186.40,215.77,0.20,44.58,217.17,0.21,34.20,0.00,0.00,0.00,213.63,0.24,30.40
218.11,0.86,186.90,216.53,0.20,44.39,217.41,0.21,34.25,0.00,0.00,0.00,215.45,0.24,30.21
217.66,0.86,186.80,214.73,0.20,44.03,216.96,0.21,34.43,0.00,0.00,0.00,214.83,0.24,31.24
215.63,0.86,184.80,212.09,0.20,43.13,214.93,0.21,34.74,0.00,0.00,0.00,215.49,0.24,31.26
217.16,0.86,186.71,215.46,0.20,44.37,216.46,0.21,34.87,0.00,0.00,0.00,216.14,0.24,31.27
215.66,0.86,184.97,215.13,0.20,44.31,214.96,0.21,35.02,0.00,0.00,0.00,213.42,0.24,30.26
217.37,0.86,186.53,215.34,0.20,44.24,216.67,0.21,34.79,0.00,0.00,0.00,214.04,0.24,30.91
219.36,0.86,188.50,214.81,0.20,43.98,218.66,0.21,34.50,0.00,0.00,0.00,215.49,0.24,31.41
216.50,0.86,185.33,213.67,0.20,43.51,215.80,0.21,34.56,0.00,0.00,0.00,215.11,0.24,31.24
217.13,0.86,185.98,212.36,0.20,43.06,216.43,0.21,35.05,0.00,0.00,0.00,217.46,0.24,31.63
215.45,0.86,184.75,215.03,0.20,44.31,214.75,0.21,34.87,0.00,0.00,0.00,215.26,0.24,30.91
218.49,0.86,187.53,218.53,0.21,45.13,217.79,0.21,34.71,0.00,0.00,0.00,214.43,0.24,30.59
217.21,0.86,186.42,214.15,0.20,43.75,216.51,0.21,34.57,0.00,0.00,0.00,214.90,0.24,31.04
218.95,0.86,187.79,216.68,0.21,44.93,218.25,0.21,34.04,0.00,0.00,0.00,217.06,0.24,31.36
215.58,0.86,184.55,214.56,0.20,43.87,214.88,0.21,34.77,0.00,0.00,0.00,214.24,0.24,30.64
218.05,0.85,186.13,214.55,0.20,43.91,217.35,0.21,34.53,0.00,0.00,0.00,215.20,0.24,30.75
217.72,0.86,186.47,213.18,0.20,43.35,217.02,0.21,34.72,0.00,0.00,0.00,215.71,0.24,31.35
217.11,0.86,185.77,217.18,0.21,44.87,216.41,0.21,34.80,0.00,0.00,0.00,214.02,0.24,30.19
217.83,0.86,186.33,214.27,0.20,43.90,217.13,0.21,34.62,0.00,0.00,0.00,214.63,0.24,30.74
217.44,0.86,187.05,216.76,0.21,45.12,216.74,0.21,34.50,0.00,0.00,0.00,216.97,0.24,31.23
217.14,0.86,185.98,217.32,0.20,43.96,216.44,0.21,34.38,0.00,0.00,0.00,214.60,0.24,30.96
216.17,0.86,185.04,214.15,0.20,43.63,215.47,0.21,34.43,0.00,0.00,0.00,217.29,0.24,31.23
219.66,0.86,187.95,215.22,0.20,44.19,218.96,0.21,34.43,0.00,0.00,0.00,213.03,0.24,30.24
218.37,0.85,186.69,212.08,0.20,43.06,217.67,0.21,34.43,0.00,0.00,0.00,214.16,0.24,30.68
218.28,0.85,186.21,214.48,0.20,43.71,217.58,0.21,34.22,0.00,0.00,0.00,214.92,0.24,30.46
217.35,0.86,186.33,213.76,0.20,43.50,216.65,0.21,34.62,0.00,0.00,0.00,214.73,0.24,31.03
215.57,0.86,185.00,215.12,0.20,44.01,214.87,0.21,34.69,0.00,0.00,0.00,215.55,0.24,31.22
215.06,0.86,183.95,215.19,0.20,44.14,214.36,0.21,34.63,0.00,0.00,0.00,212.73,0.24,30.19
217.59,0.86,186.09,214.64,0.20,43.93,216.89,0.21,34.42,0.00,0.00,0.00,214.42,0.24,30.64
218.59,0.86,187.23,214.68,0.20,44.16,217.89,0.21,33.98,0.00,0.00,0.00,212.79,0.24,30.67
218.82,0.86,187.33,210.20,0.20,42.26,218.12,0.21,34.42,0.00,0.00,0.00,219.81,0.24,32.00
215.64,0.86,184.38,212.67,0.20,43.23,214.94,0.21,34.74,0.00,0.00,0.00,214.48,0.24,30.50
216.94,0.86,185.82,214.30,0.20,43.98,216.24,0.21,34.36,0.00,0.00,0.00,213.96,0.24,30.80
216.44,0.86,185.68,213.24,0.20,43.40,215.74,0.21,34.63,0.00,0.00,0.00,217.39,0.24,31.43
216.12,0.86,185.49,215.75,0.20,44.57,215.42,0.21,34.58,0.00,0.00,0.00,213.55,0.24,30.46
218.90,0.86,187.59,216.03,0.20,44.51,218.20,0.21,34.05,0.00,0.00,0.00,213.94,0.24,30.60
218.19,0.86,187.10,215.86,0.20,44.30,217.49,0.21,34.34,0.00,0.00,0.00,215.52,0.24,30.99
217.24,0.85,185.14,213.92,0.20,43.57,216.54,0.21,33.99,0.00,0.00,0.00,215.33,0.24,30.56
217.37,0.86,186.87,214.07,0.20,43.71,216.67,0.21,34.99,0.00,0.00,0.00,221.75,0.24,31.75
214.95,0.86,184.29,214.73,0.20,44.02,214.25,0.21,34.04,0.00,0.00,0.00,217.85,0.24,31.60
217.91,0.86,186.75,214.57,0.20,43.96,217.21,0.21,34.58,0.00,0.00,0.00,216.31,0.24,30.99
214.35,0.86,183.44,213.88,0.20,43.66,213.65,0.21,34.23,0.00,0.00,0.00,216.66,0.24,31.07
217.23,0.86,186.35,213.74,0.20,43.43,216.53,0.21,34.57,0.00,0.00,0.00,217.49,0.24,31.47
215.71,0.86,184.64,213.41,0.20,43.55,215.01,0.21,34.88,0.00,0.00,0.00,215.28,0.24,30.65
217.44,0.86,186.74,213.60,0.20,43.63,216.74,0.21,35.29,0.00,0.00,0.00,214.34,0.24,30.62
217.61,0.86,187.13,214.19,0.20,43.77,216.91,0.21,34.70,0.00,0.00,0.00,215.93,0.24,30.69
219.34,0.87,190.02,216.98,0.21,44.97,218.64,0.21,35.64,0.00,0.00,0.00,214.90,0.24,30.88
217.72,0.86,188.14,215.00,0.20,44.17,217.02,0.21,35.72,0.00,0.00,0.00,213.86,0.24,30.67
217.11,0.86,187.07,213.88,0.20,43.77,216.41,0.21,34.73,0.00,0.00,0.00,217.60,0.24,31.41
218.48,0.86,187.79,212.91,0.20,43.28,217.78,0.21,34.29,0.00,0.00,0.00,215.58,0.24,30.59
216.59,0.86,187.26,216.34,0.21,44.75,215.89,0.21,35.08,0.00,0.00,0.00,217.24,0.24,31.28
216.90,0.86,187.50,216.89,0.21,44.83,216.20,0.21,35.65,0.00,0.00,0.00,214.73,0.24,30.15
218.25,0.86,188.26,214.35,0.20,44.00,217.55,0.21,35.12,0.00,0.00,0.00,215.03,0.24,30.72
219.60,0.86,188.13,215.55,0.20,44.21,218.90,0.21,33.92,0.00,0.00,0.00,213.58,0.24,29.90
217.51,0.86,187.75,216.74,0.21,44.71,216.81,0.21,35.56,0.00,0.00,0.00,213.57,0.24,30.49
217.87,0.86,187.47,214.15,0.20,43.89,217.17,0.21,34.11,0.00,0.00,0.00,216.39,0.24,31.36
217.30,0.86,186.01,216.15,0.20,44.54,216.60,0.21,34.24,0.00,0.00,0.00,215.00,0.24,30.63
214.60,0.86,184.41,217.06,0.21,44.82,213.90,0.21,35.27,0.00,0.00,0.00,213.66,0.24,30.23
215.05,0.85,183.76,215.13,0.20,43.87,214.35,0.21,34.37,0.00,0.00,0.00,213.96,0.24,30.25
216.04,0.86,184.83,213.82,0.20,43.51,215.34,0.21,34.15,0.00,0.00,0.00,214.47,0.24,30.61
215.40,0.85,183.71,214.26,0.20,43.67,214.70,0.21,34.51,0.00,0.00,0.00,213.55,0.24,30.06
218.64,0.85,186.57,214.33,0.20,43.67,217.94,0.21,33.77,0.00,0.00,0.00,217.79,0.24,31.03
218.61,0.86,187.42,215.59,0.20,44.12,217.91,0.21,34.46,0.00,0.00,0.00,217.24,0.24,31.57
215.89,0.85,184.00,213.12,0.20,43.32,215.19,0.21,34.50,0.00,0.00,0.00,213.71,0.24,30.23
217.65,0.85,185.04,214.04,0.20,43.51,216.95,0.21,34.17,0.00,0.00,0.00,214.04,0.24,30.31
217.11,0.85,185.18,213.45,0.20,43.30,216.41,0.21,34.66,0.00,0.00,0.00,215.27,0.24,30.53
215.82,0.85,184.24,215.82,0.20,43.84,215.12,0.21,34.45,0.00,0.00,0.00,214.58,0.24,30.46
216.00,0.86,185.13,213.51,0.20,43.39,215.30,0.21,34.44,0.00,0.00,0.00,216.77,0.24,31.27
215.74,0.86,184.52,217.68,0.21,44.96,215.04,0.21,34.10,0.00,0.00,0.00,215.77,0.24,30.72
216.27,0.85,183.85,211.81,0.20,42.66,215.57,0.21,34.06,0.00,0.00,0.00,214.93,0.24,30.51
215.60,0.85,184.18,214.07,0.20,43.77,214.90,0.21,34.10,0.00,0.00,0.00,214.18,0.24,30.47
217.69,0.85,185.56,213.46,0.20,43.28,216.99,0.21,34.30,0.00,0.00,0.00,213.25,0.24,30.22
215.79,0.85,183.48,212.10,0.20,42.80,215.09,0.21,34.00,0.00,0.00,0.00,214.45,0.24,30.26
216.24,0.86,184.96,213.82,0.20,43.36,215.54,0.21,34.77,0.00,0.00,0.00,215.21,0.24,30.70
215.92,0.85,184.19,213.40,0.20,43.51,215.22,0.21,34.41,0.00,0.00,0.00,215.02,0.24,30.38
215.12,0.86,183.94,213.43,0.20,43.46,214.42,0.21,34.27,0.00,0.00,0.00,217.15,0.24,30.98
217.43,0.85,185.66,214.93,0.20,43.91,216.73,0.21,34.43,0.00,0.00,0.00,213.24,0.24,29.79
217.47,0.85,185.80,215.59,0.20,44.23,216.77,0.21,33.97,0.00,0.00,0.00,216.97,0.24,31.01
217.07,0.85,185.34,214.24,0.20,43.61,216.37,0.21,34.55,0.00,0.00,0.00,214.21,0.24,30.44
218.08,0.86,187.08,215.35,0.20,44.17,217.38,0.21,34.88,0.00,0.00,0.00,216.75,0.24,31.02
218.66,0.85,186.16,214.81,0.20,43.99,217.96,0.21,34.12,0.00,0.00,0.00,214.03,0.24,30.17
217.54,0.86,186.66,214.45,0.20,43.96,216.84,0.21,34.21,0.00,0.00,0.00,219.05,0.24,31.97
216.47,0.86,185.39,213.91,0.20,43.74,215.77,0.21,34.17,0.00,0.00,0.00,218.30,0.24,31.79
215.89,0.86,185.04,214.11,0.20,43.75,215.19,0.21,34.91,0.00,0.00,0.00,217.87,0.24,31.16
217.57,0.85,185.12,215.41,0.20,44.03,216.87,0.21,33.78,0.00,0.00,0.00,214.05,0.24,30.16
217.82,0.86,186.49,214.53,0.20,43.92,217.12,0.21,34.31,0.00,0.00,0.00,218.50,0.24,30.86
218.31,0.85,186.34,214.80,0.20,44.01,217.61,0.21,34.59,0.00,0.00,0.00,214.01,0.24,30.27
218.41,0.85,186.66,212.52,0.20,43.00,217.71,0.21,34.78,0.00,0.00,0.00,214.73,0.24,30.69
216.38,0.86,185.40,215.76,0.20,44.43,215.68,0.21,34.56,0.00,0.00,0.00,216.47,0.24,30.73
215.76,0.85,184.25,213.81,0.20,43.76,215.06,0.21,34.18,0.00,0.00,0.00,215.54,0.24,30.84
217.13,0.86,185.88,212.92,0.20,43.19,216.43,0.21,34.47,0.00,0.00,0.00,217.38,0.24,31.57
215.65,0.85,184.24,215.25,0.20,44.04,214.95,0.21,35.12,0.00,0.00,0.00,214.15,0.24,30.02
216.62,0.86,186.23,216.83,0.21,44.78,215.92,0.21,34.71,0.00,0.00,0.00,216.74,0.24,30.95
216.84,0.86,185.67,217.09,0.20,44.58,216.14,0.21,34.51,0.00,0.00,0.00,214.59,0.24,30.24
215.52,0.85,184.03,215.02,0.20,44.00,214.82,0.21,34.39,0.00,0.00,0.00,216.11,0.24,30.71
219.49,0.85,186.77,214.28,0.20,43.82,218.79,0.21,34.16,0.00,0.00,0.00,213.45,0.24,29.96
218.74,0.85,186.50,213.34,0.20,43.48,218.04,0.21,34.74,0.00,0.00,0.00,214.51,0.24,29.90
218.98,0.86,187.23,215.78,0.20,44.24,218.28,0.21,34.39,0.00,0.00,0.00,215.13,0.24,30.52
217.44,0.85,185.69,213.83,0.20,43.73,216.74,0.21,34.95,0.00,0.00,0.00,217.62,0.24,30.94
218.08,0.85,186.23,216.77,0.21,44.64,217.38,0.21,34.63,0.00,0.00,0.00,216.41,0.23,30.25
216.26,0.86,185.27,215.59,0.20,44.28,215.56,0.21,34.45,0.00,0.00,0.00,216.53,0.24,31.12
216.50,0.86,185.27,213.98,0.20,43.72,215.80,0.21,34.39,0.00,0.00,0.00,219.01,0.24,31.59
216.39,0.86,185.41,214.28,0.20,43.74,215.69,0.21,34.77,0.00,0.00,0.00,217.91,0.24,31.02
217.26,0.85,185.06,214.19,0.20,43.77,216.56,0.21,34.79,0.00,0.00,0.00,214.30,0.23,29.98
218.32,0.85,186.18,214.44,0.20,43.77,217.62,0.21,34.60,0.00,0.00,0.00,216.72,0.24,30.93
217.07,0.85,185.19,212.51,0.20,43.04,216.37,0.21,35.22,0.00,0.00,0.00,215.87,0.24,30.30
217.85,0.86,186.74,216.81,0.21,44.80,217.15,0.21,34.30,0.00,0.00,0.00,216.73,0.24,30.94
216.12,0.85,184.44,216.15,0.21,44.68,215.42,0.21,34.50,0.00,0.00,0.00,215.71,0.23,30.19
217.84,0.86,186.44,212.49,0.20,43.06,217.14,0.21,34.97,0.00,0.00,0.00,217.95,0.24,31.09
217.46,0.86,186.43,215.77,0.20,44.37,216.76,0.21,34.62,0.00,0.00,0.00,215.81,0.24,30.36
217.20,0.86,185.96,213.49,0.20,43.41,216.50,0.21,34.21,0.00,0.00,0.00,216.42,0.24,30.66
218.49,0.86,186.99,216.08,0.21,44.62,217.79,0.21,34.73,0.00,0.00,0.00,215.32,0.24,29.65
219.30,0.86,187.98,214.62,0.20,43.81,218.60,0.21,34.91,0.00,0.00,0.00,217.00,0.24,30.57
218.18,0.86,186.83,213.46,0.20,43.59,217.48,0.21,35.10,0.00,0.00,0.00,220.27,0.24,30.95
215.26,0.86,184.47,215.45,0.20,44.25,214.56,0.21,35.06,0.00,0.00,0.00,215.39,0.24,30.44
218.10,0.85,186.35,214.69,0.20,43.99,217.40,0.21,34.35,0.00,0.00,0.00,217.15,0.24,30.70
215.64,0.86,184.48,214.34,0.20,43.85,214.94,0.21,34.09,0.00,0.00,0.00,218.85,0.24,31.53
218.50,0.86,187.84,219.69,0.21,45.90,217.80,0.21,34.78,0.00,0.00,0.00,215.74,0.24,30.41
217.11,0.85,185.13,214.47,0.20,43.98,216.41,0.21,34.23,0.00,0.00,0.00,215.55,0.24,30.40
218.00,0.86,186.71,219.40,0.21,45.65,217.30,0.21,34.64,0.00,0.00,0.00,214.35,0.24,29.87
219.39,0.85,186.64,213.52,0.20,43.51,218.69,0.21,34.66,0.00,0.00,0.00,216.19,0.23,30.49
217.41,0.85,185.82,214.00,0.20,43.60,216.71,0.21,34.92,0.00,0.00,0.00,216.91,0.24,31.15
217.74,0.85,185.56,214.70,0.20,44.09,217.04,0.21,34.12,0.00,0.00,0.00,213.85,0.24,29.96
220.69,0.85,188.54,216.07,0.20,44.42,219.99,0.21,34.69,0.00,0.00,0.00,216.37,0.24,30.58
216.19,0.85,184.56,214.38,0.20,43.78,215.49,0.21,34.50,0.00,0.00,0.00,216.69,0.24,30.03
215.19,0.86,184.89,214.89,0.20,44.26,214.49,0.21,34.11,0.00,0.00,0.00,216.87,0.24,31.23
219.61,0.86,187.89,218.92,0.21,45.40,218.91,0.21,34.57,0.00,0.00,0.00,213.91,0.23,29.92
218.10,0.86,186.69,216.19,0.20,44.53,217.40,0.21,34.39,0.00,0.00,0.00,215.75,0.24,30.74
218.09,0.85,186.33,213.56,0.20,43.65,217.39,0.21,34.48,0.00,0.00,0.00,218.14,0.24,30.84
217.98,0.87,189.34,216.26,0.20,44.41,217.28,0.22,35.87,0.00,0.00,0.00,218.95,0.25,31.55
217.36,0.86,186.36,219.53,0.21,45.65,216.66,0.21,34.73,0.00,0.00,0.00,214.06,0.24,29.67
219.89,0.85,187.75,215.53,0.20,44.35,219.19,0.21,33.97,0.00,0.00,0.00,217.41,0.24,30.23
216.09,0.86,184.97,213.19,0.20,43.38,215.39,0.21,35.09,0.00,0.00,0.00,216.15,0.24,30.34
219.44,0.86,189.54,214.65,0.20,44.08,218.74,0.21,34.95,0.00,0.00,0.00,215.13,0.24,29.81
215.31,0.86,185.66,214.45,0.20,43.70,214.61,0.21,34.51,0.00,0.00,0.00,218.56,0.25,31.97
214.13,0.86,184.06,214.74,0.20,43.76,213.43,0.21,34.69,0.00,0.00,0.00,214.59,0.24,30.19
217.98,0.86,186.73,214.96,0.20,43.85,217.28,0.21,34.43,0.00,0.00,0.00,214.08,0.24,30.80
217.64,0.86,186.19,213.85,0.20,43.50,216.94,0.21,34.04,0.00,0.00,0.00,216.36,0.24,30.94
215.98,0.85,184.01,213.15,0.20,43.39,215.28,0.21,33.55,0.00,0.00,0.00,213.67,0.24,29.80
218.74,0.86,187.22,212.29,0.20,42.87,218.04,0.21,33.79,0.00,0.00,0.00,215.74,0.24,30.98
215.95,0.86,184.92,215.77,0.20,44.36,215.25,0.21,34.27,0.00,0.00,0.00,213.97,0.24,29.76
216.81,0.85,184.72,212.80,0.20,43.18,216.11,0.21,33.75,0.00,0.00,0.00,217.23,0.24,30.61
215.72,0.86,185.01,213.13,0.20,43.27,215.02,0.21,34.22,0.00,0.00,0.00,216.99,0.24,30.53
214.98,0.85,183.77,213.77,0.20,43.60,214.28,0.21,34.18,0.00,0.00,0.00,215.59,0.24,29.94
216.77,0.85,184.81,213.30,0.20,43.32,216.07,0.21,33.84,0.00,0.00,0.00,215.33,0.24,29.98
219.78,0.85,187.14,213.68,0.20,43.48,219.08,0.21,35.07,0.00,0.00,0.00,214.32,0.23,29.66
218.43,0.85,185.71,213.92,0.20,43.59,217.73,0.21,34.07,0.00,0.00,0.00,212.95,0.23,29.34
219.19,0.85,186.65,213.94,0.20,43.47,218.49,0.21,33.79,0.00,0.00,0.00,214.66,0.24,30.11
217.44,0.85,185.58,213.30,0.20,43.36,216.74,0.21,34.23,0.00,0.00,0.00,214.78,0.24,30.45
218.80,0.85,186.11,213.53,0.20,43.64,218.10,0.21,34.09,0.00,0.00,0.00,213.72,0.23,30.09
218.92,0.85,186.99,211.36,0.20,42.87,218.22,0.21,34.81,0.00,0.00,0.00,215.18,0.24,30.50
218.68,0.85,186.76,213.50,0.20,43.46,217.98,0.21,34.00,0.00,0.00,0.00,215.44,0.24,30.32
215.63,0.85,184.33,215.93,0.21,44.64,214.93,0.21,34.02,0.00,0.00,0.00,214.30,0.24,29.41
218.72,0.85,186.30,212.38,0.20,43.11,218.02,0.21,34.22,0.00,0.00,0.00,214.11,0.24,29.49
219.53,0.86,187.98,214.28,0.20,43.70,218.83,0.21,34.50,0.00,0.00,0.00,218.48,0.24,31.19
215.72,0.85,183.68,214.00,0.20,43.49,215.02,0.21,34.57,0.00,0.00,0.00,212.71,0.23,29.86
218.34,0.85,186.30,214.68,0.20,43.84,217.64,0.21,34.86,0.00,0.00,0.00,213.19,0.23,28.94
217.08,0.85,185.36,214.40,0.20,43.72,216.38,0.21,34.21,0.00,0.00,0.00,212.84,0.24,30.01
218.30,0.86,187.05,211.83,0.20,42.90,217.60,0.21,34.15,0.00,0.00,0.00,220.41,0.24,31.68
214.78,0.86,184.05,214.83,0.20,44.05,214.08,0.21,34.26,0.00,0.00,0.00,216.83,0.24,31.10
216.53,0.85,184.88,214.60,0.20,43.86,215.83,0.21,34.21,0.00,0.00,0.00,216.42,0.24,30.54
215.95,0.85,183.89,213.10,0.20,43.20,215.25,0.21,34.36,0.00,0.00,0.00,214.14,0.24,30.47
215.69,0.86,184.46,214.06,0.20,43.76,214.99,0.21,33.99,0.00,0.00,0.00,217.92,0.24,30.86
217.79,0.85,185.99,216.30,0.20,44.38,217.09,0.21,33.55,0.00,0.00,0.00,215.03,0.24,29.60
215.64,0.85,183.50,212.63,0.20,43.04,214.94,0.21,34.35,0.00,0.00,0.00,216.19,0.24,30.54
215.58,0.85,183.81,212.88,0.20,43.29,214.88,0.21,34.26,0.00,0.00,0.00,214.40,0.24,30.19
214.07,0.85,182.14,212.38,0.20,43.04,213.37,0.21,34.29,0.00,0.00,0.00,216.57,0.24,30.00
213.94,0.85,182.18,212.20,0.20,43.07,213.24,0.21,34.40,0.00,0.00,0.00,214.83,0.24,30.10
217.46,0.85,185.66,213.85,0.20,43.50,216.76,0.21,34.44,0.00,0.00,0.00,215.61,0.24,30.18
216.60,0.86,185.44,215.26,0.20,44.04,215.90,0.21,34.07,0.00,0.00,0.00,214.98,0.24,30.84
216.95,0.85,184.48,214.14,0.20,43.58,216.25,0.21,33.81,0.00,0.00,0.00,213.72,0.24,29.43
219.59,0.85,187.11,212.46,0.20,42.80,218.89,0.21,34.40,0.00,0.00,0.00,215.35,0.24,30.24
216.48,0.86,185.47,212.69,0.20,43.13,215.78,0.21,35.04,0.00,0.00,0.00,215.65,0.24,31.11
216.09,0.85,184.69,214.90,0.20,44.06,215.39,0.21,34.11,0.00,0.00,0.00,215.34,0.24,30.00
217.36,0.86,186.01,215.83,0.20,44.35,216.66,0.21,34.25,0.00,0.00,0.00,217.41,0.24,30.86
216.45,0.85,184.80,213.11,0.20,42.98,215.75,0.21,34.36,0.00,0.00,0.00,213.64,0.24,30.23
217.00,0.86,185.63,213.76,0.20,43.51,216.30,0.21,34.69,0.00,0.00,0.00,216.49,0.24,30.48
217.17,0.85,185.32,214.46,0.20,43.71,216.47,0.21,33.61,0.00,0.00,0.00,217.09,0.24,30.83
216.85,0.85,185.35,214.84,0.20,43.85,216.15,0.21,34.47,0.00,0.00,0.00,216.89,0.24,30.10
215.30,0.85,183.32,213.70,0.20,43.49,214.60,0.21,34.40,0.00,0.00,0.00,214.54,0.24,29.51
218.13,0.86,187.25,213.21,0.20,43.43,217.43,0.21,34.19,0.00,0.00,0.00,217.20,0.24,31.32
216.49,0.86,185.48,213.76,0.20,43.54,215.79,0.21,34.51,0.00,0.00,0.00,217.79,0.24,31.57
215.98,0.85,184.24,213.57,0.20,43.63,215.28,0.21,33.91,0.00,0.00,0.00,213.95,0.24,29.92
219.41,0.85,187.38,213.28,0.20,43.37,218.71,0.21,34.83,0.00,0.00,0.00,217.55,0.24,30.95
214.97,0.85,183.16,213.12,0.20,43.35,214.27,0.21,34.27,0.00,0.00,0.00,212.20,0.24,29.59
218.01,0.85,185.67,213.18,0.20,43.20,217.31,0.21,34.20,0.00,0.00,0.00,216.23,0.24,31.08
215.67,0.86,185.05,214.68,0.20,43.93,214.97,0.21,35.96,0.00,0.00,0.00,215.59,0.24,29.59
215.03,0.85,183.75,214.08,0.20,43.70,214.33,0.21,34.34,0.00,0.00,0.00,214.61,0.24,30.53
215.78,0.85,184.29,215.81,0.20,44.41,215.08,0.21,34.18,0.00,0.00,0.00,214.06,0.24,30.27
218.17,0.85,185.50,214.18,0.20,43.47,217.47,0.21,33.67,0.00,0.00,0.00,213.86,0.24,30.26
219.36,0.85,187.19,213.60,0.20,43.32,218.66,0.21,34.55,0.00,0.00,0.00,214.74,0.24,30.34
217.49,0.86,186.62,215.39,0.21,44.34,216.79,0.21,34.79,0.00,0.00,0.00,216.56,0.24,30.46
215.83,0.85,184.08,213.88,0.20,43.51,215.13,0.21,34.95,0.00,0.00,0.00,216.20,0.23,29.46
215.76,0.85,184.03,214.36,0.20,43.88,215.06,0.21,33.86,0.00,0.00,0.00,213.17,0.24,29.95
216.49,0.85,184.16,213.62,0.20,43.30,215.79,0.21,34.63,0.00,0.00,0.00,214.85,0.23,29.19
218.95,0.86,187.21,216.45,0.21,44.72,218.25,0.21,33.98,0.00,0.00,0.00,215.12,0.24,30.70
219.45,0.85,187.46,214.78,0.20,43.82,218.75,0.21,34.81,0.00,0.00,0.00,215.21,0.24,29.87
216.83,0.85,185.30,213.70,0.20,43.61,216.13,0.21,34.49,0.00,0.00,0.00,214.96,0.24,30.65
216.90,0.85,185.29,217.01,0.20,43.83,216.20,0.21,34.33,0.00,0.00,0.00,215.71,0.24,30.87
215.68,0.86,185.42,214.87,0.20,43.83,214.98,0.21,34.88,0.00,0.00,0.00,213.95,0.24,30.15
219.27,0.86,187.78,216.73,0.20,44.57,218.57,0.21,34.57,0.00,0.00,0.00,213.58,0.24,29.19
216.87,0.85,184.44,212.95,0.20,43.27,216.17,0.21,33.59,0.00,0.00,0.00,215.57,0.24,29.66
218.38,0.86,187.58,215.73,0.20,44.21,217.68,0.21,34.64,0.00,0.00,0.00,215.44,0.24,30.16
217.02,0.85,185.11,214.10,0.20,43.73,216.32,0.21,34.13,0.00,0.00,0.00,214.12,0.24,29.31
219.08,0.86,187.66,213.03,0.20,43.18,218.38,0.21,34.79,0.00,0.00,0.00,214.64,0.24,29.47
216.95,0.85,185.41,213.74,0.20,43.69,216.25,0.21,34.37,0.00,0.00,0.00,216.19,0.24,30.14
217.72,0.86,186.45,211.60,0.20,42.65,217.02,0.21,34.88,0.00,0.00,0.00,219.82,0.24,31.01
217.39,0.85,185.45,215.66,0.20,44.12,216.69,0.21,34.77,0.00,0.00,0.00,212.56,0.23,28.40
220.10,0.85,188.12,214.75,0.20,43.67,219.40,0.21,34.43,0.00,0.00,0.00,215.84,0.24,30.10
214.73,0.86,183.78,214.16,0.20,43.75,214.03,0.21,34.74,0.00,0.00,0.00,216.68,0.24,30.27
217.57,0.85,185.17,213.42,0.20,43.36,216.87,0.21,35.04,0.00,0.00,0.00,215.34,0.23,29.59
218.79,0.85,186.57,215.14,0.20,44.02,218.09,0.21,34.61,0.00,0.00,0.00,215.13,0.23,29.53
221.01,0.85,188.69,214.67,0.20,43.94,220.31,0.21,34.72,0.00,0.00,0.00,214.78,0.24,29.04
217.68,0.86,186.13,214.41,0.20,43.55,216.98,0.21,35.28,0.00,0.00,0.00,217.68,0.24,30.15
215.80,0.85,183.43,216.56,0.20,44.38,215.10,0.21,34.80,0.00,0.00,0.00,215.40,0.23,29.51
219.67,0.86,188.11,218.00,0.21,45.20,218.97,0.21,34.17,0.00,0.00,0.00,217.27,0.24,30.61
217.58,0.85,185.28,211.18,0.20,42.43,216.88,0.21,34.94,0.00,0.00,0.00,224.75,0.24,30.52
219.83,0.86,187.98,221.97,0.20,45.09,219.13,0.21,34.98,0.00,0.00,0.00,217.65,0.24,30.33
216.05,0.85,183.45,216.54,0.20,44.54,215.35,0.21,34.43,0.00,0.00,0.00,213.71,0.23,28.79
219.12,0.85,185.60,213.15,0.20,42.97,218.42,0.21,34.98,0.00,0.00,0.00,213.53,0.23,29.25
218.76,0.85,186.00,214.63,0.20,43.60,218.06,0.21,35.17,0.00,0.00,0.00,214.87,0.23,29.61
215.73,0.85,183.03,214.16,0.20,43.75,215.03,0.21,34.58,0.00,0.00,0.00,213.48,0.23,29.25
220.70,0.85,187.86,213.41,0.20,43.42,220.00,0.21,34.29,0.00,0.00,0.00,218.66,0.24,29.66
217.88,0.85,186.08,218.01,0.21,44.95,217.18,0.21,35.15,0.00,0.00,0.00,217.54,0.23,29.41
215.97,0.85,183.18,214.40,0.20,43.79,215.27,0.21,34.59,0.00,0.00,0.00,216.60,0.23,29.60
224.30,0.84,188.95,216.62,0.20,43.97,223.60,0.21,33.97,0.00,0.00,0.00,212.67,0.23,27.91
218.15,0.85,184.93,214.16,0.20,43.81,217.45,0.21,34.70,0.00,0.00,0.00,214.83,0.23,29.08
219.80,0.85,186.90,215.04,0.20,44.09,219.10,0.21,34.63,0.00,0.00,0.00,215.65,0.23,29.60
217.78,0.85,185.69,214.92,0.20,44.07,217.08,0.21,35.03,0.00,0.00,0.00,219.22,0.23,30.20
217.45,0.85,183.83,213.20,0.20,43.22,216.75,0.21,34.58,0.00,0.00,0.00,216.35,0.23,29.23
218.43,0.85,185.76,212.98,0.20,43.28,217.73,0.21,35.48,0.00,0.00,0.00,216.27,0.23,29.82
218.59,0.85,185.54,216.31,0.20,44.45,217.89,0.21,34.83,0.00,0.00,0.00,214.68,0.23,28.33
219.66,0.85,186.94,215.12,0.20,44.06,218.96,0.21,34.08,0.00,0.00,0.00,217.18,0.23,30.17
216.33,0.85,182.85,211.81,0.20,42.64,215.63,0.21,34.71,0.00,0.00,0.00,214.24,0.23,29.32
217.23,0.85,183.64,213.04,0.20,42.80,216.53,0.21,34.76,0.00,0.00,0.00,214.65,0.23,28.46
218.15,0.85,185.73,213.66,0.20,43.46,217.45,0.21,34.76,0.00,0.00,0.00,215.90,0.23,29.91
217.77,0.85,184.69,213.71,0.20,43.50,217.07,0.21,34.51,0.00,0.00,0.00,216.61,0.23,29.04
218.10,0.85,185.31,215.37,0.20,44.17,217.40,0.21,34.91,0.00,0.00,0.00,215.42,0.23,28.95
219.10,0.85,185.92,215.06,0.20,44.03,218.40,0.21,34.19,0.00,0.00,0.00,214.43,0.23,28.36
219.07,0.85,185.29,211.72,0.20,42.55,218.37,0.21,35.13,0.00,0.00,0.00,214.40,0.23,28.90
220.66,0.85,186.58,212.22,0.20,42.84,219.96,0.21,34.73,0.00,0.00,0.00,214.52,0.23,28.96
216.61,0.85,183.52,215.11,0.20,44.06,215.91,0.21,34.51,0.00,0.00,0.00,216.59,0.23,29.55
216.09,0.85,182.85,213.19,0.20,43.31,215.39,0.21,34.51,0.00,0.00,0.00,217.63,0.23,28.89
217.18,0.85,184.14,216.01,0.20,44.34,216.48,0.21,35.01,0.00,0.00,0.00,212.81,0.23,28.59
219.24,0.85,186.24,215.53,0.20,43.84,218.54,0.21,34.61,0.00,0.00,0.00,215.82,0.23,29.72
216.00,0.85,182.76,213.37,0.20,43.36,215.30,0.21,34.83,0.00,0.00,0.00,215.03,0.23,28.73
220.29,0.85,187.17,212.95,0.20,43.35,219.59,0.21,34.55,0.00,0.00,0.00,218.71,0.23,30.42
216.96,0.85,184.31,215.06,0.20,43.98,216.26,0.21,35.09,0.00,0.00,0.00,217.04,0.23,29.45
214.94,0.84,181.31,213.90,0.20,43.61,214.24,0.21,34.46,0.00,0.00,0.00,213.56,0.23,28.65
219.76,0.85,186.25,213.49,0.20,43.35,219.06,0.21,34.75,0.00,0.00,0.00,215.41,0.23,29.01
218.48,0.85,185.14,216.14,0.20,44.22,217.78,0.21,34.95,0.00,0.00,0.00,213.34,0.23,28.85
220.64,0.85,186.70,213.45,0.20,43.39,219.94,0.21,34.50,0.00,0.00,0.00,216.13,0.23,29.75
218.63,0.85,185.15,215.82,0.20,44.21,217.93,0.21,34.34,0.00,0.00,0.00,215.09,0.23,28.70
218.65,0.85,185.42,219.43,0.20,44.44,217.95,0.21,34.99,0.00,0.00,0.00,215.47,0.23,28.86
219.24,0.85,186.16,215.48,0.20,44.12,218.54,0.21,34.43,0.00,0.00,0.00,218.53,0.23,29.65
218.51,0.85,185.66,216.17,0.20,44.27,217.81,0.21,35.25,0.00,0.00,0.00,216.53,0.23,28.82
219.05,0.85,185.82,215.04,0.20,44.19,218.35,0.21,34.07,0.00,0.00,0.00,217.30,0.23,29.32
218.37,0.85,185.44,216.96,0.20,44.51,217.67,0.21,35.01,0.00,0.00,0.00,213.97,0.23,28.44
218.60,0.85,185.48,214.82,0.20,43.97,217.90,0.21,34.23,0.00,0.00,0.00,216.87,0.23,29.32
217.25,0.85,184.92,214.60,0.20,43.83,216.55,0.21,34.67,0.00,0.00,0.00,215.57,0.23,29.26
218.55,0.85,185.44,215.40,0.20,43.81,217.85,0.21,34.76,0.00,0.00,0.00,216.30,0.23,28.73
221.12,0.85,188.58,215.82,0.20,44.26,220.42,0.21,34.42,0.00,0.00,0.00,219.99,0.23,30.01
216.39,0.84,182.80,212.95,0.20,42.93,215.69,0.21,34.96,0.00,0.00,0.00,215.20,0.23,28.54
219.05,0.85,186.36,215.42,0.20,44.21,218.35,0.21,34.73,0.00,0.00,0.00,217.39,0.23,29.44
219.21,0.85,185.68,213.55,0.20,43.37,218.51,0.21,34.70,0.00,0.00,0.00,217.93,0.23,29.19
213.78,0.85,181.42,213.69,0.20,43.38,213.08,0.21,35.01,0.00,0.00,0.00,217.62,0.23,29.02
219.41,0.85,186.05,220.44,0.21,46.12,218.71,0.21,34.60,0.00,0.00,0.00,214.44,0.23,27.88
218.85,0.85,185.67,214.75,0.20,43.71,218.15,0.21,35.04,0.00,0.00,0.00,217.08,0.23,29.15
216.72,0.85,183.66,217.11,0.21,44.77,216.02,0.21,34.74,0.00,0.00,0.00,216.40,0.23,28.53
217.32,0.85,184.47,214.40,0.20,43.66,216.62,0.21,34.36,0.00,0.00,0.00,218.99,0.23,29.72
220.57,0.85,187.10,216.23,0.20,44.28,219.87,0.21,34.92,0.00,0.00,0.00,218.05,0.23,28.94
215.23,0.84,181.69,214.44,0.20,43.67,214.53,0.21,34.49,0.00,0.00,0.00,215.55,0.23,28.71
219.48,0.85,185.66,221.12,0.21,45.30,218.78,0.21,34.34,0.00,0.00,0.00,217.02,0.23,28.95
217.39,0.85,183.81,213.67,0.20,43.50,216.69,0.21,34.74,0.00,0.00,0.00,214.71,0.23,28.13
220.21,0.84,185.64,215.09,0.20,44.34,219.51,0.21,34.62,0.00,0.00,0.00,212.13,0.22,27.37
219.42,0.85,186.15,213.82,0.20,43.40,218.72,0.21,34.78,0.00,0.00,0.00,219.56,0.23,29.50
216.12,0.85,183.42,213.81,0.20,43.54,215.42,0.21,34.95,0.00,0.00,0.00,217.77,0.23,29.20
217.75,0.84,183.88,213.97,0.20,43.75,217.05,0.21,34.16,0.00,0.00,0.00,217.69,0.23,29.13
214.71,0.84,180.23,213.51,0.20,43.25,214.01,0.21,34.69,0.00,0.00,0.00,213.03,0.22,27.73
219.39,0.85,186.24,214.35,0.20,43.66,218.69,0.21,35.00,0.00,0.00,0.00,215.77,0.23,28.55
219.58,0.85,185.93,214.61,0.20,43.73,218.88,0.21,34.67,0.00,0.00,0.00,217.54,0.23,29.03
216.55,0.85,183.08,216.05,0.20,44.26,215.85,0.21,33.67,0.00,0.00,0.00,217.86,0.23,28.88
220.55,0.85,186.67,217.44,0.21,44.79,219.85,0.21,34.45,0.00,0.00,0.00,215.35,0.23,28.60
218.43,0.84,184.41,214.17,0.20,43.62,217.73,0.21,34.67,0.00,0.00,0.00,213.31,0.23,27.90
219.79,0.85,185.89,213.37,0.20,43.40,219.09,0.21,34.63,0.00,0.00,0.00,216.60,0.23,28.89
217.55,0.84,183.33,214.88,0.20,43.64,216.85,0.21,34.60,0.00,0.00,0.00,215.27,0.23,28.36
217.75,0.84,183.73,212.66,0.20,42.85,217.05,0.21,35.20,0.00,0.00,0.00,213.97,0.23,27.77
220.55,0.85,186.94,217.27,0.21,44.81,219.85,0.21,34.58,0.00,0.00,0.00,215.55,0.23,28.75
218.37,0.84,184.45,212.96,0.20,43.16,217.67,0.21,34.76,0.00,0.00,0.00,217.78,0.23,28.90
218.99,0.85,186.35,218.28,0.21,45.02,218.29,0.21,34.99,0.00,0.00,0.00,219.16,0.23,29.13
217.02,0.84,182.40,213.00,0.20,43.27,216.32,0.21,34.90,0.00,0.00,0.00,214.31,0.22,27.38
222.23,0.84,187.02,218.35,0.20,44.50,221.53,0.21,34.41,0.00,0.00,0.00,214.87,0.22,27.77
218.91,0.84,184.19,212.28,0.20,42.79,218.21,0.21,34.46,0.00,0.00,0.00,215.70,0.23,28.20
219.40,0.85,185.98,216.41,0.21,44.48,218.70,0.21,34.90,0.00,0.00,0.00,216.99,0.23,28.34
217.90,0.84,183.78,214.60,0.20,43.94,217.20,0.21,34.16,0.00,0.00,0.00,215.99,0.23,28.59
217.55,0.84,182.95,214.57,0.20,43.94,216.85,0.21,34.71,0.00,0.00,0.00,216.89,0.22,28.17
215.96,0.84,182.32,215.63,0.20,43.86,215.26,0.21,35.03,0.00,0.00,0.00,216.19,0.23,28.21
218.40,0.84,183.94,215.47,0.20,43.92,217.70,0.21,34.74,0.00,0.00,0.00,216.24,0.22,28.26
218.39,0.84,184.00,214.40,0.20,43.41,217.69,0.21,35.40,0.00,0.00,0.00,215.53,0.22,27.93
219.76,0.84,185.15,216.15,0.20,44.44,219.06,0.21,35.01,0.00,0.00,0.00,215.38,0.22,27.83
218.78,0.84,184.63,215.98,0.20,44.25,218.08,0.21,34.75,0.00,0.00,0.00,217.72,0.23,28.75
217.82,0.84,183.42,214.18,0.20,43.63,217.12,0.21,34.83,0.00,0.00,0.00,215.93,0.22,28.15
217.85,0.84,183.78,214.29,0.20,43.66,217.15,0.21,34.92,0.00,0.00,0.00,217.75,0.22,28.58
217.07,0.84,182.45,214.39,0.20,43.64,216.37,0.21,35.04,0.00,0.00,0.00,215.45,0.22,27.56
220.26,0.84,185.11,217.27,0.21,44.89,219.56,0.21,34.35,0.00,0.00,0.00,214.83,0.22,27.31
219.19,0.84,183.56,212.90,0.20,43.04,218.49,0.21,35.02,0.00,0.00,0.00,215.95,0.22,27.75
220.50,0.84,185.54,218.89,0.21,45.39,219.80,0.21,34.22,0.00,0.00,0.00,214.94,0.22,27.56
219.66,0.84,184.50,214.21,0.20,43.54,218.96,0.21,34.33,0.00,0.00,0.00,217.09,0.22,28.48
217.71,0.84,183.18,215.43,0.20,44.03,217.01,0.21,34.88,0.00,0.00,0.00,213.58,0.22,27.54
218.81,0.84,184.33,214.63,0.20,43.68,218.11,0.21,34.65,0.00,0.00,0.00,220.07,0.22,28.21
217.81,0.84,183.74,216.31,0.20,44.45,217.11,0.21,35.03,0.00,0.00,0.00,214.88,0.22,27.76
220.23,0.84,184.69,216.46,0.20,44.33,219.53,0.21,34.52,0.00,0.00,0.00,213.52,0.22,27.42
220.87,0.84,185.96,213.70,0.20,43.39,220.17,0.21,34.47,0.00,0.00,0.00,218.18,0.23,28.63
215.74,0.84,181.60,213.15,0.20,43.26,215.04,0.21,34.99,0.00,0.00,0.00,217.46,0.22,28.30
217.00,0.84,182.04,215.35,0.20,44.03,216.30,0.21,34.66,0.00,0.00,0.00,213.90,0.22,27.45
220.49,0.84,184.79,214.64,0.20,43.99,219.79,0.21,34.31,0.00,0.00,0.00,215.01,0.22,27.52
220.85,0.84,186.42,214.54,0.20,43.84,220.15,0.21,34.86,0.00,0.00,0.00,218.40,0.23,28.63
216.15,0.84,182.45,215.77,0.20,44.22,215.45,0.21,35.32,0.00,0.00,0.00,214.84,0.22,27.75
220.17,0.84,184.92,215.44,0.20,44.17,219.47,0.21,34.54,0.00,0.00,0.00,213.96,0.22,27.55
219.83,0.84,184.35,214.19,0.20,43.18,219.13,0.21,35.12,0.00,0.00,0.00,217.91,0.22,28.27
217.36,0.84,183.35,216.31,0.20,44.48,216.66,0.21,35.12,0.00,0.00,0.00,218.03,0.22,28.40
215.45,0.84,181.54,217.44,0.21,44.83,214.75,0.21,34.29,0.00,0.00,0.00,217.30,0.22,28.09
216.02,0.84,181.05,212.99,0.20,43.27,215.32,0.21,34.90,0.00,0.00,0.00,216.10,0.22,27.86
218.59,0.84,183.69,216.15,0.20,44.42,217.89,0.21,35.04,0.00,0.00,0.00,215.08,0.22,27.38
217.99,0.84,183.60,214.57,0.20,43.69,217.29,0.21,35.17,0.00,0.00,0.00,218.47,0.22,28.66
212.32,0.84,178.48,212.80,0.20,42.99,211.62,0.21,35.47,0.00,0.00,0.00,219.97,0.22,28.61
216.67,0.84,181.97,214.75,0.20,43.72,215.97,0.21,34.91,0.00,0.00,0.00,215.90,0.22,27.72
215.73,0.84,180.66,213.11,0.20,43.37,215.03,0.21,34.58,0.00,0.00,0.00,216.37,0.22,27.84
218.42,0.84,182.44,215.75,0.20,44.18,217.72,0.21,34.66,0.00,0.00,0.00,215.70,0.22,27.24
218.07,0.84,182.60,214.14,0.20,43.63,217.37,0.21,34.56,0.00,0.00,0.00,216.11,0.22,27.73
218.92,0.84,183.23,214.04,0.20,43.44,218.22,0.21,34.25,0.00,0.00,0.00,214.47,0.22,27.70
217.30,0.84,182.32,212.56,0.20,42.70,216.60,0.21,35.02,0.00,0.00,0.00,217.50,0.22,28.21
216.76,0.84,182.37,215.31,0.20,44.18,216.06,0.21,34.79,0.00,0.00,0.00,213.01,0.22,27.37
217.85,0.84,182.96,214.22,0.20,43.63,217.15,0.21,34.59,0.00,0.00,0.00,217.02,0.22,28.29
217.73,0.84,183.22,213.71,0.20,43.47,217.03,0.21,34.62,0.00,0.00,0.00,219.33,0.22,28.67
217.54,0.84,183.14,214.89,0.20,43.73,216.84,0.21,34.81,0.00,0.00,0.00,215.67,0.22,27.86
216.84,0.84,181.74,213.42,0.20,43.40,216.14,0.21,34.76,0.00,0.00,0.00,216.90,0.22,27.86
217.99,0.84,183.19,214.91,0.20,43.92,217.29,0.21,34.32,0.00,0.00,0.00,217.63,0.22,28.50
217.97,0.84,182.25,214.74,0.20,43.25,217.27,0.21,34.75,0.00,0.00,0.00,215.13,0.22,27.37
220.31,0.84,185.30,214.41,0.20,43.78,219.61,0.21,35.16,0.00,0.00,0.00,216.23,0.22,27.81
216.92,0.84,182.33,215.20,0.20,44.09,216.22,0.21,34.58,0.00,0.00,0.00,218.28,0.22,28.16
219.81,0.84,184.90,214.86,0.20,43.89,219.11,0.21,34.90,0.00,0.00,0.00,215.35,0.22,27.91
216.78,0.84,181.04,213.60,0.20,43.31,216.08,0.21,34.91,0.00,0.00,0.00,214.64,0.22,27.04
220.39,0.84,184.57,215.28,0.20,44.08,219.69,0.21,34.39,0.00,0.00,0.00,217.11,0.22,28.02
217.06,0.84,181.56,216.80,0.20,44.52,216.36,0.21,33.87,0.00,0.00,0.00,215.48,0.22,27.62
216.16,0.83,180.33,214.25,0.20,43.71,215.46,0.21,34.79,0.00,0.00,0.00,213.33,0.22,26.66
218.83,0.84,182.76,214.48,0.20,43.70,218.13,0.21,34.67,0.00,0.00,0.00,216.31,0.22,27.33
216.00,0.84,180.50,211.82,0.20,42.70,215.30,0.21,34.78,0.00,0.00,0.00,217.00,0.22,28.02
218.95,0.84,183.24,214.99,0.20,43.69,218.25,0.21,35.00,0.00,0.00,0.00,216.21,0.22,27.37
215.94,0.84,181.09,215.13,0.20,44.06,215.24,0.21,34.37,0.00,0.00,0.00,218.42,0.22,27.82
218.52,0.84,183.88,217.43,0.21,44.93,217.82,0.21,34.15,0.00,0.00,0.00,216.66,0.22,27.73
218.20,0.84,182.85,213.91,0.20,43.57,217.50,0.21,35.05,0.00,0.00,0.00,215.24,0.22,27.69
216.63,0.84,182.07,212.84,0.20,43.15,215.93,0.21,34.87,0.00,0.00,0.00,213.94,0.22,27.12
221.25,0.84,186.01,214.12,0.20,43.60,220.55,0.21,34.64,0.00,0.00,0.00,218.98,0.22,28.28
218.95,0.84,184.06,217.70,0.21,44.82,218.25,0.21,34.88,0.00,0.00,0.00,215.28,0.22,27.22
219.32,0.84,183.38,214.77,0.20,43.93,218.62,0.21,34.54,0.00,0.00,0.00,214.59,0.22,27.02
222.05,0.84,185.86,217.42,0.20,44.50,221.35,0.21,34.80,0.00,0.00,0.00,214.64,0.22,27.07
217.96,0.84,182.51,213.69,0.20,43.18,217.26,0.21,35.46,0.00,0.00,0.00,216.48,0.22,27.42
217.99,0.84,182.78,215.52,0.20,44.02,217.29,0.21,34.89,0.00,0.00,0.00,214.42,0.22,26.91
218.12,0.84,183.12,217.03,0.21,44.66,217.42,0.21,34.61,0.00,0.00,0.00,217.53,0.22,27.62
218.52,0.84,183.92,216.64,0.20,44.32,217.82,0.21,34.96,0.00,0.00,0.00,217.36,0.22,27.52
216.25,0.84,181.13,214.05,0.20,43.53,215.55,0.21,34.72,0.00,0.00,0.00,215.44,0.22,27.09
217.81,0.84,182.13,214.61,0.20,43.80,217.11,0.21,34.89,0.00,0.00,0.00,216.26,0.22,27.26
217.94,0.84,182.91,213.47,0.20,43.16,217.24,0.21,34.63,0.00,0.00,0.00,215.89,0.22,27.72
220.16,0.84,184.61,216.08,0.20,44.13,219.46,0.21,35.07,0.00,0.00,0.00,214.67,0.22,27.13
217.37,0.84,183.00,214.27,0.20,43.85,216.67,0.21,35.19,0.00,0.00,0.00,217.37,0.22,27.95
217.90,0.83,181.26,213.27,0.20,43.11,217.20,0.21,34.58,0.00,0.00,0.00,217.46,0.22,27.49
221.10,0.84,184.87,218.73,0.21,45.13,220.40,0.21,34.04,0.00,0.00,0.00,214.91,0.22,26.93
216.91,0.83,180.46,214.17,0.20,43.62,216.21,0.21,34.47,0.00,0.00,0.00,215.64,0.22,27.00
219.42,0.84,183.48,214.08,0.20,43.54,218.72,0.21,35.03,0.00,0.00,0.00,215.28,0.22,27.45
217.94,0.84,182.59,217.90,0.20,44.11,217.24,0.21,35.63,0.00,0.00,0.00,214.86,0.22,27.18
216.07,0.84,180.77,214.67,0.20,43.55,215.37,0.21,35.30,0.00,0.00,0.00,215.95,0.22,27.39
219.24,0.83,182.35,212.68,0.20,42.91,218.54,0.21,34.93,0.00,0.00,0.00,216.63,0.22,27.13
215.22,0.83,179.71,213.01,0.20,43.07,214.52,0.21,34.61,0.00,0.00,0.00,216.73,0.22,27.86
221.77,0.83,184.31,210.96,0.20,42.28,221.07,0.21,34.56,0.00,0.00,0.00,216.62,0.22,27.49
216.61,0.83,180.58,215.26,0.20,43.92,215.91,0.21,35.67,0.00,0.00,0.00,215.77,0.21,27.08
219.08,0.84,183.01,213.26,0.20,43.20,218.38,0.21,35.33,0.00,0.00,0.00,217.36,0.22,27.82
220.37,0.84,184.40,219.34,0.21,45.35,219.67,0.21,34.39,0.00,0.00,0.00,217.66,0.22,27.90
217.67,0.83,179.61,215.71,0.20,43.94,216.97,0.21,33.50,0.00,0.00,0.00,214.16,0.21,26.68
218.84,0.83,181.62,211.15,0.20,42.36,218.14,0.21,34.86,0.00,0.00,0.00,215.82,0.22,26.23
218.69,0.84,183.83,211.66,0.20,42.71,217.99,0.21,34.47,0.00,0.00,0.00,215.38,0.23,28.18
216.67,0.84,182.74,215.05,0.20,43.83,215.97,0.21,35.58,0.00,0.00,0.00,214.79,0.22,27.89
218.51,0.84,182.68,213.72,0.20,43.25,217.81,0.21,35.02,0.00,0.00,0.00,213.53,0.22,26.22
222.49,0.83,185.29,212.21,0.20,42.92,221.79,0.21,34.78,0.00,0.00,0.00,214.27,0.22,27.38
217.56,0.84,182.36,215.03,0.20,43.68,216.86,0.21,35.69,0.00,0.00,0.00,215.47,0.22,27.86
218.01,0.83,180.23,214.03,0.20,43.52,217.31,0.21,35.71,0.00,0.00,0.00,215.76,0.21,25.61
216.97,0.84,182.14,216.01,0.20,44.22,216.27,0.21,35.58,0.00,0.00,0.00,215.56,0.22,28.08
218.71,0.83,181.96,213.36,0.20,43.33,218.01,0.21,34.45,0.00,0.00,0.00,215.05,0.22,26.70
219.38,0.83,182.98,212.98,0.20,43.20,218.68,0.21,35.40,0.00,0.00,0.00,214.80,0.22,26.53
218.32,0.83,182.23,216.23,0.20,43.76,217.62,0.21,35.78,0.00,0.00,0.00,213.36,0.21,26.30
219.17,0.84,183.24,215.15,0.20,44.10,218.47,0.21,35.37,0.00,0.00,0.00,218.29,0.22,27.21
216.20,0.83,179.04,215.23,0.20,44.07,215.50,0.21,34.43,0.00,0.00,0.00,214.72,0.21,26.17
218.51,0.83,181.27,215.40,0.20,44.02,217.81,0.21,34.67,0.00,0.00,0.00,216.84,0.21,26.48
216.32,0.83,179.55,212.65,0.20,42.94,215.62,0.21,34.84,0.00,0.00,0.00,214.27,0.21,26.61
217.02,0.83,180.10,212.18,0.20,42.91,216.32,0.21,34.90,0.00,0.00,0.00,218.54,0.21,27.12
218.69,0.84,183.35,219.72,0.21,45.59,217.99,0.21,34.59,0.00,0.00,0.00,214.27,0.22,26.43
219.37,0.83,181.73,213.47,0.20,43.28,218.67,0.21,35.10,0.00,0.00,0.00,215.33,0.21,26.43
218.60,0.84,182.67,214.70,0.20,43.95,217.90,0.21,35.25,0.00,0.00,0.00,216.87,0.22,26.84
219.87,0.83,182.94,217.43,0.21,44.93,219.17,0.21,34.18,0.00,0.00,0.00,214.08,0.21,25.73
220.80,0.84,185.33,216.49,0.20,44.49,220.10,0.21,34.70,0.00,0.00,0.00,218.62,0.22,28.01
217.15,0.84,181.65,217.50,0.21,45.09,216.45,0.21,34.92,0.00,0.00,0.00,216.76,0.21,26.85
217.59,0.84,181.93,214.79,0.20,44.03,216.89,0.21,34.96,0.00,0.00,0.00,216.70,0.22,26.91
218.94,0.84,183.53,218.89,0.21,45.39,218.24,0.21,34.74,0.00,0.00,0.00,221.18,0.22,27.66
215.39,0.83,178.98,213.35,0.20,43.26,214.69,0.21,34.80,0.00,0.00,0.00,215.84,0.21,26.75
216.43,0.84,180.73,214.52,0.20,43.69,215.73,0.21,34.69,0.00,0.00,0.00,217.97,0.22,27.45
219.20,0.83,182.61,218.57,0.21,45.29,218.50,0.21,34.02,0.00,0.00,0.00,213.64,0.21,25.72
216.23,0.83,179.04,213.46,0.20,43.55,215.53,0.21,35.07,0.00,0.00,0.00,213.30,0.21,25.78
217.10,0.83,180.89,214.90,0.20,43.87,216.40,0.21,34.73,0.00,0.00,0.00,214.33,0.21,26.28
215.23,0.83,179.45,213.70,0.20,43.47,214.53,0.21,35.01,0.00,0.00,0.00,215.26,0.21,25.98
216.87,0.83,180.87,215.71,0.20,44.08,216.17,0.21,34.92,0.00,0.00,0.00,213.76,0.21,26.15
220.37,0.84,184.17,213.63,0.20,43.39,219.67,0.21,34.72,0.00,0.00,0.00,216.11,0.22,27.06
217.02,0.83,180.19,210.23,0.20,42.01,216.32,0.21,34.44,0.00,0.00,0.00,214.66,0.22,26.83
217.79,0.83,181.04,212.05,0.20,42.76,217.09,0.21,34.71,0.00,0.00,0.00,215.68,0.22,26.78
216.58,0.83,180.44,214.91,0.20,43.71,215.88,0.21,34.65,0.00,0.00,0.00,217.98,0.22,26.74
219.47,0.84,183.26,215.25,0.20,43.92,218.77,0.21,35.46,0.00,0.00,0.00,214.44,0.22,26.31
221.41,0.84,184.91,214.75,0.20,43.38,220.71,0.21,35.23,0.00,0.00,0.00,212.85,0.22,26.26
219.41,0.84,184.53,215.78,0.20,44.22,218.71,0.21,35.00,0.00,0.00,0.00,219.84,0.22,27.65
217.71,0.84,182.31,218.69,0.21,45.01,217.01,0.21,34.40,0.00,0.00,0.00,216.73,0.22,26.40
211.94,0.83,175.08,214.03,0.20,43.38,211.24,0.21,35.37,0.00,0.00,0.00,213.38,0.21,25.26
219.86,0.84,184.04,215.49,0.20,43.95,219.16,0.21,35.22,0.00,0.00,0.00,217.05,0.22,27.33
217.67,0.83,181.41,214.76,0.20,43.77,216.97,0.21,34.71,0.00,0.00,0.00,213.56,0.22,26.29
218.70,0.83,182.26,215.48,0.20,44.06,218.00,0.21,34.88,0.00,0.00,0.00,214.98,0.21,26.39
219.47,0.84,183.59,215.38,0.20,43.94,218.77,0.21,35.88,0.00,0.00,0.00,215.71,0.22,26.76
220.78,0.83,182.95,214.30,0.20,43.47,220.08,0.21,34.45,0.00,0.00,0.00,215.56,0.21,26.42
218.44,0.84,182.42,214.88,0.20,43.78,217.74,0.21,35.76,0.00,0.00,0.00,214.91,0.21,26.86
217.68,0.83,180.51,217.16,0.20,44.52,216.98,0.21,33.55,0.00,0.00,0.00,217.81,0.21,26.76
217.40,0.83,181.47,213.91,0.20,43.38,216.70,0.21,35.46,0.00,0.00,0.00,214.60,0.22,26.50
220.84,0.84,184.48,212.76,0.20,43.00,220.14,0.21,34.40,0.00,0.00,0.00,217.73,0.22,27.34
216.92,0.83,180.04,213.67,0.20,43.37,216.22,0.21,33.71,0.00,0.00,0.00,216.25,0.21,26.26
216.36,0.83,180.22,212.47,0.20,42.93,215.66,0.21,33.83,0.00,0.00,0.00,220.16,0.22,27.78
218.88,0.84,183.71,219.11,0.21,45.40,218.18,0.21,33.59,0.00,0.00,0.00,215.09,0.22,26.82
221.85,0.83,184.11,213.27,0.20,43.14,221.15,0.21,32.51,0.00,0.00,0.00,217.51,0.22,26.82
215.69,0.83,179.62,213.53,0.20,43.31,214.99,0.21,33.55,0.00,0.00,0.00,215.15,0.22,26.50
216.31,0.83,178.54,212.77,0.20,42.97,215.61,0.21,32.55,0.00,0.00,0.00,216.26,0.21,26.32
216.62,0.83,179.99,212.47,0.20,42.93,215.92,0.21,33.91,0.00,0.00,0.00,216.16,0.21,26.69
218.94,0.83,182.37,214.72,0.20,43.85,218.24,0.21,34.87,0.00,0.00,0.00,214.54,0.21,26.25
217.04,0.84,181.27,215.59,0.20,44.13,216.34,0.21,35.03,0.00,0.00,0.00,215.39,0.21,26.41
219.09,0.83,182.79,216.14,0.20,44.23,218.39,0.21,34.76,0.00,0.00,0.00,212.37,0.21,25.74
217.66,0.83,180.88,214.50,0.20,43.50,216.96,0.21,33.65,0.00,0.00,0.00,215.33,0.21,26.35
219.73,0.83,182.66,214.94,0.20,44.05,219.03,0.21,34.17,0.00,0.00,0.00,216.65,0.21,26.59
216.83,0.83,179.97,213.29,0.20,43.27,216.13,0.21,34.27,0.00,0.00,0.00,215.69,0.21,26.30
218.84,0.83,181.61,214.86,0.20,43.99,218.14,0.21,34.79,0.00,0.00,0.00,215.12,0.21,25.61
215.93,0.83,178.49,214.26,0.20,43.76,215.23,0.21,33.47,0.00,0.00,0.00,213.99,0.21,25.98
218.75,0.83,181.30,213.11,0.20,43.32,218.05,0.21,33.09,0.00,0.00,0.00,213.66,0.21,26.03
219.73,0.83,181.32,214.03,0.20,43.39,219.03,0.21,32.65,0.00,0.00,0.00,214.01,0.21,26.04
217.76,0.83,180.42,212.88,0.20,43.17,217.06,0.21,33.50,0.00,0.00,0.00,214.16,0.21,26.17
215.87,0.83,179.02,212.77,0.20,42.97,215.17,0.21,34.20,0.00,0.00,0.00,216.05,0.21,26.32
218.94,0.83,181.77,213.75,0.20,43.49,218.24,0.21,34.00,0.00,0.00,0.00,217.17,0.21,26.64
217.74,0.83,180.24,214.39,0.20,43.70,217.04,0.21,34.31,0.00,0.00,0.00,212.79,0.21,25.47
219.47,0.83,182.25,214.81,0.20,43.84,218.77,0.21,33.66,0.00,0.00,0.00,216.86,0.21,26.62
218.56,0.83,181.14,217.07,0.20,44.55,217.86,0.21,33.30,0.00,0.00,0.00,213.51,0.21,25.75
218.37,0.83,180.77,211.79,0.20,42.78,217.67,0.21,34.40,0.00,0.00,0.00,214.84,0.21,25.97
219.03,0.83,181.14,213.22,0.20,43.35,218.33,0.21,33.90,0.00,0.00,0.00,214.39,0.21,25.90
218.19,0.83,182.02,217.22,0.21,44.95,217.49,0.21,34.10,0.00,0.00,0.00,217.55,0.21,26.71
217.23,0.83,180.49,215.15,0.20,44.04,216.53,0.21,34.05,0.00,0.00,0.00,214.34,0.21,25.67
220.18,0.83,182.25,212.65,0.20,43.05,219.48,0.21,33.68,0.00,0.00,0.00,216.72,0.21,26.78
216.78,0.83,179.15,213.92,0.20,43.41,216.08,0.21,33.56,0.00,0.00,0.00,217.58,0.21,26.09
218.14,0.83,181.55,216.30,0.20,43.76,217.44,0.21,34.15,0.00,0.00,0.00,219.38,0.21,27.16
219.01,0.84,183.00,219.85,0.21,45.76,218.31,0.21,34.12,0.00,0.00,0.00,215.28,0.21,26.19
219.95,0.83,182.51,214.35,0.20,43.87,219.25,0.21,33.50,0.00,0.00,0.00,218.33,0.21,26.58
218.30,0.83,180.93,214.12,0.20,43.64,217.60,0.21,33.99,0.00,0.00,0.00,216.19,0.21,25.60
218.44,0.83,181.61,215.95,0.20,44.34,217.74,0.21,34.30,0.00,0.00,0.00,216.95,0.21,26.18
216.09,0.83,178.85,213.91,0.20,43.38,215.39,0.21,34.57,0.00,0.00,0.00,216.45,0.21,26.27
218.14,0.83,180.88,215.25,0.20,43.96,217.44,0.21,34.99,0.00,0.00,0.00,216.59,0.21,25.81
218.95,0.83,181.83,216.80,0.20,44.55,218.25,0.21,34.39,0.00,0.00,0.00,213.65,0.21,25.66
221.71,0.83,183.88,214.08,0.20,43.42,221.01,0.21,33.34,0.00,0.00,0.00,216.80,0.21,26.45
218.28,0.82,179.71,213.17,0.20,43.22,217.58,0.21,33.37,0.00,0.00,0.00,217.62,0.21,26.59
219.11,0.83,181.28,216.34,0.20,44.37,218.41,0.21,33.90,0.00,0.00,0.00,215.41,0.21,25.85
218.64,0.83,180.38,213.44,0.20,43.16,217.94,0.21,33.53,0.00,0.00,0.00,214.65,0.21,25.58
221.81,0.83,183.64,215.75,0.20,44.08,221.11,0.21,33.19,0.00,0.00,0.00,216.22,0.21,26.05
218.33,0.83,180.82,215.69,0.20,44.17,217.63,0.21,33.97,0.00,0.00,0.00,214.83,0.21,25.94
219.91,0.83,181.79,212.74,0.20,42.96,219.21,0.21,33.65,0.00,0.00,0.00,218.79,0.21,26.92
219.15,0.83,182.37,218.51,0.21,45.05,218.45,0.21,33.62,0.00,0.00,0.00,215.46,0.21,25.99
218.97,0.83,181.33,213.56,0.20,43.37,218.27,0.21,34.08,0.00,0.00,0.00,215.08,0.21,25.83
217.73,0.83,180.55,215.43,0.20,43.97,217.03,0.21,34.18,0.00,0.00,0.00,217.03,0.21,25.90
218.39,0.82,179.76,213.73,0.20,43.25,217.69,0.21,33.12,0.00,0.00,0.00,214.33,0.21,25.70
218.21,0.83,180.42,213.68,0.20,43.33,217.51,0.21,33.91,0.00,0.00,0.00,214.62,0.21,25.70
219.16,0.82,180.54,214.36,0.20,43.67,218.46,0.21,34.15,0.00,0.00,0.00,212.68,0.21,25.22
219.63,0.83,181.65,214.33,0.20,43.76,218.93,0.21,33.65,0.00,0.00,0.00,214.33,0.21,25.72
217.64,0.83,179.90,214.64,0.20,43.76,216.94,0.21,33.30,0.00,0.00,0.00,217.30,0.21,26.30
216.29,0.83,178.52,214.61,0.20,43.75,215.59,0.21,33.94,0.00,0.00,0.00,215.49,0.21,25.76
221.28,0.83,183.29,217.00,0.21,44.83,220.58,0.21,34.03,0.00,0.00,0.00,215.37,0.21,25.77
218.44,0.82,180.15,216.01,0.20,44.17,217.74,0.21,33.62,0.00,0.00,0.00,215.65,0.21,25.93
219.83,0.83,182.12,215.69,0.20,44.22,219.13,0.21,33.67,0.00,0.00,0.00,219.39,0.21,26.71
217.41,0.83,181.26,218.65,0.21,45.27,216.71,0.21,33.65,0.00,0.00,0.00,215.98,0.21,26.39
219.77,0.83,181.44,213.47,0.20,43.33,219.07,0.21,33.72,0.00,0.00,0.00,216.49,0.21,26.08
218.98,0.83,181.55,218.19,0.21,44.98,218.28,0.21,34.54,0.00,0.00,0.00,215.25,0.21,25.51
221.92,0.83,183.57,214.21,0.20,43.68,221.22,0.21,33.10,0.00,0.00,0.00,218.35,0.21,26.67
218.97,0.83,182.30,218.11,0.21,44.93,218.27,0.21,33.47,0.00,0.00,0.00,215.55,0.21,26.51
219.75,0.83,181.57,212.55,0.20,43.07,219.05,0.21,33.22,0.00,0.00,0.00,216.16,0.21,25.81
218.73,0.83,180.58,213.83,0.20,43.54,218.03,0.21,33.96,0.00,0.00,0.00,215.76,0.21,25.94
219.69,0.82,180.88,213.69,0.20,43.39,218.99,0.21,32.96,0.00,0.00,0.00,218.51,0.21,26.52
218.58,0.83,181.11,217.21,0.21,44.38,217.88,0.21,34.33,0.00,0.00,0.00,218.88,0.21,26.23
217.56,0.83,180.05,215.10,0.20,43.98,216.86,0.21,34.26,0.00,0.00,0.00,215.94,0.21,25.33
216.64,0.83,179.14,213.91,0.20,43.47,215.94,0.21,33.89,0.00,0.00,0.00,216.08,0.21,25.89
218.13,0.82,179.88,214.59,0.20,43.70,217.43,0.21,33.79,0.00,0.00,0.00,214.86,0.21,25.74
218.54,0.83,180.47,212.63,0.20,42.94,217.84,0.21,33.37,0.00,0.00,0.00,217.03,0.21,26.58
219.39,0.82,181.00,214.27,0.20,43.44,218.69,0.21,32.94,0.00,0.00,0.00,216.35,0.21,26.31
217.22,0.83,180.07,216.77,0.20,44.47,216.52,0.21,34.17,0.00,0.00,0.00,217.34,0.21,26.46
216.00,0.82,177.87,214.35,0.20,43.65,215.30,0.21,34.16,0.00,0.00,0.00,215.89,0.21,25.54
218.70,0.83,180.66,214.68,0.20,43.58,218.00,0.21,33.77,0.00,0.00,0.00,215.18,0.21,26.02
217.91,0.83,180.61,214.29,0.20,43.55,217.21,0.21,34.29,0.00,0.00,0.00,218.01,0.21,26.47
217.14,0.82,179.12,216.08,0.20,44.14,216.44,0.21,33.75,0.00,0.00,0.00,214.58,0.21,25.34
219.05,0.82,180.47,212.01,0.20,42.42,218.35,0.21,33.68,0.00,0.00,0.00,214.06,0.21,25.82
219.81,0.83,182.50,216.49,0.20,44.40,219.11,0.21,35.00,0.00,0.00,0.00,214.49,0.21,25.62
220.91,0.82,181.74,214.35,0.20,43.59,220.21,0.21,33.93,0.00,0.00,0.00,216.36,0.21,25.86
217.45,0.83,179.47,213.38,0.20,43.22,216.75,0.21,33.77,0.00,0.00,0.00,217.30,0.21,25.97
218.00,0.82,179.74,215.44,0.20,43.76,217.30,0.21,33.48,0.00,0.00,0.00,214.78,0.21,25.73
219.54,0.83,181.65,212.72,0.20,42.87,218.84,0.21,33.90,0.00,0.00,0.00,217.57,0.21,26.40
216.15,0.82,177.38,211.56,0.20,42.45,215.45,0.21,34.05,0.00,0.00,0.00,217.61,0.21,25.89
216.18,0.82,177.97,213.04,0.20,43.19,215.48,0.21,34.17,0.00,0.00,0.00,215.39,0.21,25.43
220.01,0.83,181.74,215.98,0.20,44.36,219.31,0.21,34.83,0.00,0.00,0.00,215.71,0.20,25.48
218.72,0.83,181.04,214.68,0.20,43.76,218.02,0.21,34.19,0.00,0.00,0.00,217.77,0.21,26.43
218.92,0.83,180.67,217.29,0.20,44.56,218.22,0.21,33.53,0.00,0.00,0.00,214.05,0.21,24.97
217.61,0.83,179.53,214.59,0.20,43.87,216.91,0.21,33.61,0.00,0.00,0.00,214.46,0.21,25.58
219.67,0.83,182.00,216.03,0.20,44.22,218.97,0.21,34.26,0.00,0.00,0.00,214.76,0.21,25.87
219.11,0.82,180.72,213.23,0.20,43.14,218.41,0.21,34.05,0.00,0.00,0.00,216.40,0.21,25.98
219.25,0.83,181.91,215.37,0.20,44.04,218.55,0.21,35.26,0.00,0.00,0.00,217.10,0.21,25.85
217.43,0.83,179.79,214.17,0.20,43.40,216.73,0.21,33.32,0.00,0.00,0.00,217.31,0.21,26.06
217.76,0.83,180.15,214.32,0.20,43.69,217.06,0.21,34.18,0.00,0.00,0.00,215.18,0.21,25.71
219.76,0.83,181.38,214.38,0.20,43.71,219.06,0.21,33.77,0.00,0.00,0.00,215.74,0.21,25.56
221.28,0.83,182.74,215.69,0.20,43.98,220.58,0.21,33.40,0.00,0.00,0.00,214.33,0.21,25.47
219.64,0.83,181.67,213.76,0.20,43.46,218.94,0.21,31.39,0.00,0.00,0.00,219.40,0.21,26.49
217.81,0.83,180.52,218.07,0.21,44.93,217.11,0.21,32.16,0.00,0.00,0.00,218.62,0.21,26.49
215.20,1.04,223.48,213.39,0.20,43.34,214.50,0.21,31.49,215.21,0.21,45.49,216.65,0.21,26.12
217.96,1.04,226.46,215.92,0.20,44.17,217.26,0.21,32.10,215.83,0.21,45.51,215.53,0.21,25.82
218.58,0.83,181.13,215.49,0.20,44.26,0.00,0.00,0.00,217.60,0.21,46.44,215.48,0.21,25.40
221.41,0.83,183.45,215.66,0.20,44.34,0.00,0.00,0.00,217.91,0.21,46.48,216.42,0.21,25.38
218.19,0.83,182.14,215.19,0.20,44.13,0.00,0.00,0.00,217.63,0.21,46.32,216.81,0.21,26.04
218.54,0.83,181.04,214.69,0.20,43.90,0.00,0.00,0.00,216.86,0.21,46.00,214.72,0.21,25.28
221.19,0.83,183.64,216.58,0.20,44.57,0.00,0.00,0.00,217.76,0.21,46.32,215.96,0.21,25.19
218.18,0.83,181.13,214.50,0.20,43.83,0.00,0.00,0.00,215.82,0.21,45.69,215.63,0.21,25.77
219.48,0.83,182.82,215.55,0.20,44.26,0.00,0.00,0.00,214.33,0.21,44.97,217.31,0.21,25.76
216.11,0.83,178.76,214.13,0.20,43.61,0.00,0.00,0.00,215.02,0.21,45.31,216.78,0.21,25.72
219.74,0.83,182.17,215.40,0.20,44.04,0.00,0.00,0.00,213.98,0.21,45.01,217.29,0.21,26.46
216.99,0.83,179.47,215.26,0.20,43.96,0.00,0.00,0.00,216.96,0.21,46.02,215.48,0.21,25.56
220.76,0.83,182.14,214.33,0.20,43.48,0.00,0.00,0.00,215.59,0.21,45.42,215.58,0.21,25.68
219.72,0.83,182.86,215.33,0.20,43.88,0.00,0.00,0.00,216.35,0.21,45.90,213.66,0.21,25.70
218.40,0.83,180.26,216.43,0.20,44.02,0.00,0.00,0.00,216.11,0.21,45.47,214.83,0.21,25.42
220.51,0.82,181.55,216.72,0.20,44.25,0.00,0.00,0.00,215.58,0.21,45.49,214.59,0.20,25.19
217.90,1.00,216.94,216.00,0.20,44.32,217.20,0.17,20.94,215.31,0.21,45.19,214.94,0.21,25.79
217.53,1.04,226.42,213.28,0.20,43.27,216.83,0.21,33.43,218.15,0.21,46.63,218.95,0.21,26.56
218.78,1.03,226.13,213.82,0.20,43.21,218.08,0.21,32.25,214.76,0.21,45.31,216.58,0.21,26.17
218.30,0.83,181.01,217.25,0.20,44.69,0.00,0.00,0.00,215.15,0.21,45.58,215.69,0.21,25.87
218.56,0.83,181.11,215.08,0.21,44.20,0.00,0.00,0.00,212.94,0.21,44.51,214.63,0.21,25.90
219.20,0.82,179.69,214.92,0.20,43.51,0.00,0.00,0.00,212.65,0.21,44.39,215.57,0.20,25.16
219.81,0.82,180.40,214.82,0.20,44.01,0.00,0.00,0.00,215.79,0.21,45.64,214.68,0.20,24.93
220.76,0.62,137.17,0.00,0.00,0.00,0.00,0.00,0.00,215.94,0.21,45.85,216.50,0.21,25.36
220.51,0.62,136.85,0.00,0.00,0.00,0.00,0.00,0.00,217.02,0.21,46.26,219.15,0.20,25.71
216.32,0.63,136.00,0.00,0.00,0.00,0.00,0.00,0.00,215.68,0.21,45.91,218.67,0.21,26.45
218.21,0.83,180.25,216.87,0.21,44.62,0.00,0.00,0.00,215.01,0.21,45.16,214.37,0.21,25.25
220.75,0.83,182.12,216.66,0.21,44.43,0.00,0.00,0.00,214.31,0.21,44.98,215.93,0.21,25.56
218.58,0.83,181.61,217.76,0.21,44.97,0.00,0.00,0.00,215.26,0.21,45.40,217.05,0.21,25.74
219.86,0.82,180.26,214.03,0.20,43.53,0.00,0.00,0.00,215.81,0.21,45.74,216.70,0.20,25.06
217.20,0.84,181.46,213.86,0.20,43.38,0.00,0.00,0.00,218.14,0.21,46.68,218.88,0.22,26.77
217.95,0.83,180.59,214.55,0.20,43.69,0.00,0.00,0.00,217.32,0.21,46.07,215.64,0.21,25.81
218.59,0.83,181.02,216.15,0.20,44.16,0.00,0.00,0.00,217.77,0.21,46.35,216.10,0.21,25.59
219.16,0.82,180.76,213.70,0.20,43.18,0.00,0.00,0.00,216.80,0.21,45.86,214.82,0.21,25.56
217.55,0.83,180.31,215.27,0.20,43.78,0.00,0.00,0.00,215.37,0.21,45.32,217.30,0.21,26.11
219.10,0.83,181.49,214.78,0.20,43.08,0.00,0.00,0.00,217.95,0.21,46.37,215.75,0.21,26.09
219.14,0.82,180.62,215.40,0.20,43.81,0.00,0.00,0.00,215.44,0.21,45.33,215.96,0.21,25.60
219.99,0.82,181.16,214.27,0.20,43.26,0.00,0.00,0.00,214.61,0.21,45.08,216.84,0.21,25.90
219.82,0.83,181.85,216.02,0.20,44.32,0.00,0.00,0.00,216.09,0.21,45.69,215.08,0.21,25.72
219.68,0.82,180.62,214.54,0.20,43.29,0.00,0.00,0.00,215.29,0.21,45.48,215.36,0.21,25.44
218.41,0.83,180.76,216.09,0.20,44.26,0.00,0.00,0.00,216.03,0.21,45.72,214.81,0.21,25.54
220.97,0.83,183.07,218.34,0.21,44.58,0.00,0.00,0.00,218.18,0.21,46.69,216.34,0.21,25.69
217.54,0.82,179.29,215.43,0.20,43.97,0.00,0.00,0.00,216.48,0.21,45.88,215.87,0.20,25.52
219.25,0.83,182.72,216.39,0.20,44.21,0.00,0.00,0.00,218.44,0.21,46.80,218.93,0.21,26.77
219.66,0.83,181.77,216.93,0.21,44.59,0.00,0.00,0.00,216.06,0.21,45.64,218.98,0.21,26.05
217.25,0.83,179.43,210.73,0.20,42.08,0.00,0.00,0.00,216.21,0.21,45.84,219.93,0.21,26.61
220.11,0.82,181.51,213.81,0.20,43.36,0.00,0.00,0.00,215.14,0.21,45.37,216.22,0.21,25.76
220.99,0.82,181.76,216.09,0.20,44.13,0.00,0.00,0.00,214.57,0.21,45.11,214.37,0.21,25.34
220.59,0.83,182.63,215.93,0.20,44.14,0.00,0.00,0.00,216.03,0.21,45.69,217.41,0.21,26.08
219.02,0.82,180.17,217.09,0.21,44.72,0.00,0.00,0.00,215.65,0.21,45.45,214.12,0.20,24.90
220.14,0.82,181.05,216.68,0.20,44.30,0.00,0.00,0.00,218.21,0.21,46.66,217.32,0.20,25.35
220.19,0.83,182.24,217.56,0.21,44.91,0.00,0.00,0.00,216.90,0.21,45.82,218.29,0.21,26.14
217.71,0.82,178.31,214.31,0.20,43.29,0.00,0.00,0.00,214.06,0.21,44.81,216.88,0.20,25.61
219.20,0.82,180.16,215.37,0.20,43.90,0.00,0.00,0.00,213.18,0.21,44.39,217.58,0.21,25.58
218.74,0.82,179.42,213.69,0.20,43.41,0.00,0.00,0.00,214.11,0.21,44.87,214.22,0.20,25.04
221.26,0.83,183.18,216.36,0.20,44.50,0.00,0.00,0.00,216.17,0.21,45.76,216.04,0.21,25.80
219.86,0.83,182.00,216.52,0.20,44.31,0.00,0.00,0.00,215.34,0.21,45.43,216.08,0.21,26.02
217.71,0.82,179.59,215.90,0.20,43.98,0.00,0.00,0.00,217.87,0.21,46.32,214.28,0.21,25.26
219.41,0.82,179.87,212.05,0.20,42.40,0.00,0.00,0.00,215.71,0.21,45.35,217.17,0.21,26.14
219.25,0.82,180.79,214.80,0.20,43.51,0.00,0.00,0.00,214.42,0.21,44.99,215.96,0.21,26.05
219.52,0.82,180.04,215.59,0.20,43.95,0.00,0.00,0.00,213.93,0.21,44.69,215.93,0.20,25.50
219.49,0.82,180.05,215.66,0.20,43.90,0.00,0.00,0.00,213.71,0.21,44.73,215.44,0.20,25.27
219.56,0.83,181.44,216.57,0.20,43.96,0.00,0.00,0.00,215.84,0.21,45.60,216.45,0.21,25.51
219.22,0.82,179.84,215.23,0.20,43.98,0.00,0.00,0.00,215.55,0.21,45.28,216.43,0.20,25.21
219.78,0.83,181.61,218.18,0.21,44.98,0.00,0.00,0.00,214.93,0.21,45.23,214.51,0.21,25.37
219.63,0.82,180.53,216.12,0.20,44.13,0.00,0.00,0.00,216.41,0.21,45.90,215.46,0.20,25.12
218.71,0.83,180.72,215.92,0.20,44.01,0.00,0.00,0.00,216.37,0.21,45.86,218.43,0.21,25.90
217.76,0.83,180.62,212.70,0.20,42.93,0.00,0.00,0.00,218.18,0.21,46.58,218.89,0.21,26.61
217.34,0.83,179.58,215.29,0.20,43.71,0.00,0.00,0.00,216.21,0.21,45.84,216.88,0.21,25.78
219.59,0.82,180.36,215.08,0.20,43.74,0.00,0.00,0.00,215.72,0.21,45.63,216.38,0.20,25.46
217.82,0.82,179.46,214.19,0.20,43.29,0.00,0.00,0.00,215.89,0.21,45.56,217.31,0.21,26.03
219.01,0.82,179.39,215.55,0.20,43.82,0.00,0.00,0.00,213.10,0.21,44.49,215.28,0.20,24.97
220.43,0.82,181.27,216.08,0.20,44.16,0.00,0.00,0.00,212.95,0.21,44.48,215.59,0.21,25.58
220.19,0.82,181.42,216.01,0.20,44.20,0.00,0.00,0.00,216.73,0.21,45.92,217.63,0.20,25.09
220.34,0.82,180.93,214.20,0.20,43.61,0.00,0.00,0.00,216.59,0.21,45.93,215.36,0.20,25.04
220.71,0.82,181.25,215.99,0.20,44.02,0.00,0.00,0.00,215.75,0.21,45.52,217.38,0.20,25.46
218.16,0.82,178.93,214.74,0.20,43.80,0.00,0.00,0.00,215.96,0.21,45.64,216.67,0.20,25.24
220.68,0.83,182.54,215.29,0.20,43.99,0.00,0.00,0.00,218.23,0.21,46.08,214.43,0.21,25.48
219.57,0.82,180.75,217.87,0.20,44.85,0.00,0.00,0.00,217.33,0.21,46.33,216.35,0.20,24.99
219.05,0.83,180.97,216.70,0.20,44.29,0.00,0.00,0.00,216.08,0.21,45.72,217.94,0.21,25.55
217.56,0.83,179.54,212.99,0.20,43.08,0.00,0.00,0.00,215.64,0.21,45.80,219.44,0.21,26.08
218.40,0.83,180.25,218.60,0.21,45.09,0.00,0.00,0.00,215.21,0.21,45.45,215.07,0.20,25.41
219.59,0.82,180.54,214.33,0.20,43.50,0.00,0.00,0.00,215.62,0.21,45.67,215.71,0.21,25.37
219.58,0.82,180.21,215.87,0.20,44.15,0.00,0.00,0.00,213.97,0.21,44.88,214.87,0.20,25.26
220.27,0.83,182.16,215.42,0.20,43.91,0.00,0.00,0.00,216.73,0.21,46.02,218.51,0.21,26.22
221.15,0.83,182.95,218.51,0.21,45.14,0.00,0.00,0.00,215.70,0.21,45.70,216.08,0.21,25.60
219.93,0.82,181.26,215.51,0.20,43.97,0.00,0.00,0.00,214.76,0.21,45.29,217.81,0.21,25.70
217.49,0.82,179.29,215.18,0.20,44.11,0.00,0.00,0.00,215.18,0.21,45.52,215.98,0.21,25.31
218.49,0.82,179.12,216.52,0.20,44.51,0.00,0.00,0.00,215.13,0.21,45.23,215.90,0.20,25.19
218.24,0.82,179.51,214.03,0.20,43.33,0.00,0.00,0.00,215.40,0.21,45.45,218.78,0.21,25.80
224.99,0.82,184.11,214.77,0.20,43.77,0.00,0.00,0.00,213.29,0.21,44.57,215.40,0.20,25.10
219.87,0.82,180.65,216.00,0.20,44.32,0.00,0.00,0.00,212.61,0.21,44.35,215.99,0.21,25.45
220.00,0.82,180.82,216.89,0.20,44.45,0.00,0.00,0.00,214.99,0.21,45.37,215.37,0.20,25.10
219.99,0.83,182.33,217.20,0.21,44.65,0.00,0.00,0.00,217.69,0.21,46.46,219.17,0.21,26.21
217.52,0.82,179.34,216.52,0.20,44.38,0.00,0.00,0.00,217.02,0.21,46.08,215.82,0.20,25.34
218.67,0.82,179.94,215.71,0.20,43.94,0.00,0.00,0.00,213.44,0.21,44.68,216.26,0.21,25.94
219.72,0.83,181.92,217.79,0.20,44.09,0.00,0.00,0.00,215.75,0.21,45.48,217.77,0.21,26.20
218.95,0.82,180.57,215.42,0.20,43.76,0.00,0.00,0.00,216.93,0.21,46.34,218.17,0.21,25.69
217.12,0.83,179.56,217.70,0.20,44.64,0.00,0.00,0.00,216.45,0.21,45.95,222.60,0.21,26.59
220.72,0.83,182.28,220.34,0.21,46.01,0.00,0.00,0.00,215.86,0.21,45.71,216.03,0.20,25.26
218.25,0.82,180.05,216.04,0.20,44.25,0.00,0.00,0.00,216.93,0.21,45.83,216.39,0.21,25.74
217.46,0.83,179.52,216.49,0.20,44.32,0.00,0.00,0.00,215.41,0.21,45.50,217.61,0.21,25.40
218.21,0.82,179.55,213.77,0.20,43.46,0.00,0.00,0.00,216.54,0.21,45.83,214.74,0.21,25.27
219.59,0.82,180.38,214.07,0.20,43.38,0.00,0.00,0.00,215.52,0.21,45.59,216.23,0.20,24.84
219.19,0.82,180.25,213.68,0.20,43.29,0.00,0.00,0.00,213.66,0.21,44.74,219.82,0.21,26.24
219.90,0.83,181.57,215.59,0.20,44.05,0.00,0.00,0.00,217.04,0.21,46.22,218.97,0.21,25.70
219.31,0.82,179.66,215.49,0.20,43.93,0.00,0.00,0.00,216.29,0.21,45.77,217.47,0.20,24.71
216.25,0.82,177.58,213.82,0.20,43.32,0.00,0.00,0.00,216.86,0.21,46.02,215.55,0.20,25.14
219.64,0.82,180.89,215.78,0.20,44.01,0.00,0.00,0.00,216.35,0.21,45.73,217.78,0.21,25.59
216.69,0.82,178.31,214.78,0.20,43.85,0.00,0.00,0.00,214.31,0.21,45.05,216.21,0.21,25.67
219.61,0.82,180.62,213.68,0.20,43.11,0.00,0.00,0.00,215.00,0.21,45.18,215.58,0.21,25.46
219.58,0.82,179.59,215.78,0.20,44.05,0.00,0.00,0.00,214.22,0.21,45.00,214.63,0.20,24.82
218.10,0.83,179.93,216.41,0.20,44.31,0.00,0.00,0.00,215.92,0.21,45.64,214.93,0.21,25.37
218.92,0.82,180.35,217.78,0.20,44.79,0.00,0.00,0.00,218.02,0.21,46.53,215.96,0.20,25.13
218.00,0.82,178.88,217.07,0.20,44.56,0.00,0.00,0.00,216.02,0.21,45.66,217.80,0.20,25.03
217.59,0.82,178.73,213.96,0.20,43.43,0.00,0.00,0.00,213.56,0.21,44.91,215.84,0.21,25.75
219.47,0.82,180.18,214.96,0.20,43.71,0.00,0.00,0.00,215.01,0.21,45.36,217.58,0.20,25.24
218.59,0.82,179.29,211.32,0.20,42.55,0.00,0.00,0.00,214.79,0.21,45.19,215.23,0.21,25.26
221.10,0.82,180.75,215.14,0.20,43.64,0.00,0.00,0.00,215.58,0.21,45.52,216.38,0.20,25.09
220.69,0.82,181.94,217.51,0.21,44.80,0.00,0.00,0.00,215.18,0.21,45.54,216.54,0.20,25.43
219.06,0.82,180.41,217.62,0.20,44.62,0.00,0.00,0.00,215.08,0.21,45.45,218.79,0.20,25.25
218.91,0.82,179.23,214.47,0.20,43.58,0.00,0.00,0.00,215.89,0.21,45.63,216.77,0.20,25.17
219.32,0.82,179.33,215.40,0.20,43.79,0.00,0.00,0.00,214.54,0.21,45.03,217.59,0.20,25.63
219.68,0.83,181.59,214.82,0.20,43.56,0.00,0.00,0.00,217.85,0.21,46.55,218.71,0.21,26.35
217.69,0.82,178.28,214.77,0.20,43.51,0.00,0.00,0.00,215.40,0.21,45.44,215.52,0.20,25.13
220.68,0.82,181.01,214.31,0.20,43.34,0.00,0.00,0.00,213.43,0.21,44.55,217.09,0.21,25.36
218.70,0.82,179.38,215.90,0.20,44.30,0.00,0.00,0.00,213.31,0.21,44.60,215.42,0.20,24.89
223.37,0.83,185.54,215.76,0.20,44.06,0.00,0.00,0.00,218.38,0.21,46.74,219.39,0.21,26.33
220.15,0.83,181.92,217.62,0.20,44.54,0.00,0.00,0.00,216.57,0.21,45.73,218.30,0.21,25.82
218.01,0.83,180.09,213.74,0.20,43.27,0.00,0.00,0.00,216.10,0.21,45.82,216.92,0.21,26.09
218.08,0.82,179.18,213.97,0.20,43.47,0.00,0.00,0.00,216.51,0.21,46.07,217.81,0.20,25.71
218.52,0.82,179.56,215.61,0.20,43.98,0.00,0.00,0.00,217.65,0.21,46.42,216.75,0.20,25.11
218.90,0.83,180.70,217.53,0.20,44.70,0.00,0.00,0.00,216.34,0.21,45.43,217.25,0.21,25.74
223.14,0.82,184.05,218.35,0.20,44.76,0.00,0.00,0.00,215.18,0.21,45.34,215.70,0.21,25.56
220.63,0.82,181.26,216.10,0.20,44.06,0.00,0.00,0.00,214.39,0.21,45.19,216.43,0.20,25.20
217.36,0.82,178.44,215.26,0.20,44.05,0.00,0.00,0.00,215.73,0.21,45.59,215.92,0.20,25.04
219.67,0.82,181.05,217.87,0.21,45.10,0.00,0.00,0.00,213.90,0.21,44.90,217.46,0.21,25.36
216.75,0.82,177.67,215.57,0.20,44.07,0.00,0.00,0.00,216.58,0.21,46.05,215.45,0.20,25.10
217.14,0.82,177.95,214.39,0.20,43.46,0.00,0.00,0.00,217.23,0.21,45.83,217.51,0.20,25.44
218.80,0.83,180.95,215.75,0.20,43.84,0.00,0.00,0.00,218.55,0.21,46.64,219.61,0.21,26.20
219.86,0.82,179.73,218.23,0.21,45.02,0.00,0.00,0.00,214.26,0.21,45.01,216.52,0.20,24.79
219.87,0.82,180.32,214.85,0.20,43.69,0.00,0.00,0.00,213.84,0.21,44.86,213.92,0.20,25.01
219.89,0.83,181.53,217.06,0.20,44.62,0.00,0.00,0.00,214.12,0.21,44.99,214.97,0.21,25.61
221.00,0.82,180.73,216.04,0.20,43.98,0.00,0.00,0.00,214.51,0.21,45.12,215.42,0.20,25.00
218.02,0.83,181.06,215.52,0.20,43.75,0.00,0.00,0.00,217.06,0.21,46.11,222.02,0.21,26.92
216.75,0.82,178.25,218.59,0.20,44.42,0.00,0.00,0.00,214.20,0.21,44.94,214.40,0.21,25.29
221.37,0.83,183.38,215.62,0.20,43.90,0.00,0.00,0.00,215.96,0.21,45.81,217.07,0.21,26.08
220.56,0.82,180.90,218.81,0.21,45.34,0.00,0.00,0.00,215.33,0.21,45.52,215.83,0.20,24.32
219.11,0.82,179.83,215.16,0.20,43.83,0.00,0.00,0.00,215.55,0.21,45.43,216.01,0.20,24.92
217.49,0.83,179.80,214.12,0.20,43.39,0.00,0.00,0.00,217.80,0.21,46.47,219.57,0.21,26.42
218.86,0.82,179.79,216.23,0.20,44.27,0.00,0.00,0.00,215.36,0.21,45.25,215.35,0.20,25.01
220.98,0.82,181.04,216.11,0.20,44.17,0.00,0.00,0.00,214.70,0.21,45.27,213.72,0.20,24.78
219.98,0.82,181.11,216.22,0.20,44.29,0.00,0.00,0.00,216.52,0.21,45.89,217.01,0.20,25.46
219.06,0.83,180.73,217.14,0.20,44.55,0.00,0.00,0.00,215.85,0.21,45.66,216.25,0.21,25.20
218.61,0.83,181.26,215.04,0.20,43.83,0.00,0.00,0.00,217.88,0.21,46.68,218.49,0.21,26.05
217.79,0.83,180.17,217.16,0.20,44.60,0.00,0.00,0.00,215.68,0.21,45.43,217.99,0.21,26.02
217.07,0.82,178.18,214.36,0.20,43.45,0.00,0.00,0.00,214.32,0.21,45.10,213.77,0.21,25.16
219.66,0.82,180.74,215.10,0.20,43.57,0.00,0.00,0.00,216.24,0.21,45.83,216.64,0.21,25.67
221.38,0.82,181.05,216.03,0.20,44.22,0.00,0.00,0.00,214.25,0.21,44.91,214.27,0.20,24.32
219.71,0.82,180.75,216.25,0.20,44.26,0.00,0.00,0.00,212.21,0.21,44.17,214.93,0.21,25.58
219.09,0.83,180.91,216.68,0.20,44.44,0.00,0.00,0.00,216.44,0.21,45.97,214.75,0.21,25.16
217.32,0.83,179.79,216.43,0.20,44.33,0.00,0.00,0.00,217.42,0.21,46.36,216.14,0.21,24.86
218.93,0.82,180.10,218.21,0.20,44.86,0.00,0.00,0.00,214.18,0.21,44.86,217.66,0.20,26.34
217.27,0.81,176.74,215.97,0.20,43.62,0.00,0.00,0.00,212.87,0.21,44.33,215.41,0.20,24.98
220.23,0.82,181.14,215.90,0.20,44.09,0.00,0.00,0.00,214.94,0.21,45.30,216.73,0.21,26.00
218.14,0.82,178.00,219.51,0.21,45.44,0.00,0.00,0.00,215.92,0.21,45.61,215.11,0.20,24.99
218.55,0.82,179.19,216.22,0.20,44.25,0.00,0.00,0.00,213.92,0.21,44.93,215.88,0.20,24.75
218.30,0.82,179.55,215.20,0.20,43.72,0.00,0.00,0.00,212.51,0.21,44.26,217.94,0.21,26.23
218.13,0.82,179.93,212.05,0.20,42.65,0.00,0.00,0.00,215.71,0.21,45.54,215.48,0.21,25.67
216.03,0.82,177.08,219.63,0.20,44.67,0.00,0.00,0.00,214.23,0.21,44.94,215.31,0.20,25.27
218.21,0.82,178.54,214.57,0.20,43.59,0.00,0.00,0.00,214.53,0.21,45.46,217.83,0.20,25.64
219.35,0.82,180.95,217.02,0.20,44.55,0.00,0.00,0.00,216.13,0.21,45.86,217.21,0.20,26.37
219.07,0.82,179.01,219.09,0.21,45.37,0.00,0.00,0.00,214.56,0.21,45.01,212.06,0.20,24.85
217.93,0.81,177.40,214.24,0.20,43.27,0.00,0.00,0.00,212.71,0.21,44.36,215.27,0.20,25.55
218.16,0.82,178.51,217.07,0.20,44.38,0.00,0.00,0.00,213.66,0.21,44.82,214.68,0.20,24.89
219.14,0.82,179.12,213.90,0.20,43.65,0.00,0.00,0.00,213.70,0.21,44.67,217.87,0.20,26.05
217.71,0.82,177.54,214.09,0.20,43.47,0.00,0.00,0.00,210.04,0.21,43.38,216.30,0.20,25.55
219.89,0.82,180.57,217.34,0.20,44.59,0.00,0.00,0.00,213.28,0.21,44.52,216.16,0.20,25.99
220.11,0.82,180.80,215.81,0.20,43.97,0.00,0.00,0.00,215.20,0.21,45.33,215.05,0.20,25.28
218.56,0.82,179.80,214.45,0.20,43.42,0.00,0.00,0.00,216.15,0.21,45.84,214.39,0.21,25.74
217.78,0.82,178.69,216.57,0.20,44.19,0.00,0.00,0.00,215.06,0.21,45.35,216.16,0.20,25.58
216.14,0.81,176.14,215.62,0.20,43.43,0.00,0.00,0.00,213.79,0.21,44.81,215.42,0.20,25.12
217.33,0.82,178.21,216.03,0.20,44.15,0.00,0.00,0.00,213.84,0.21,44.82,216.97,0.20,25.71
219.61,0.82,180.84,216.68,0.20,44.46,0.00,0.00,0.00,216.40,0.21,45.97,216.75,0.20,25.42
217.85,0.82,178.79,215.49,0.20,43.70,0.00,0.00,0.00,213.58,0.21,44.68,216.16,0.21,25.88
217.24,0.82,178.00,213.40,0.20,43.39,0.00,0.00,0.00,214.39,0.21,45.08,215.69,0.20,25.08
220.47,0.82,180.34,215.29,0.20,43.86,0.00,0.00,0.00,213.89,0.21,44.94,215.11,0.20,25.23
219.77,0.82,180.36,217.66,0.21,44.74,0.00,0.00,0.00,214.09,0.21,44.91,214.45,0.20,24.97
218.87,0.82,179.67,214.91,0.20,43.63,0.00,0.00,0.00,215.21,0.21,45.29,215.17,0.20,25.24
216.78,0.82,178.50,218.17,0.21,44.99,0.00,0.00,0.00,216.75,0.21,46.07,218.02,0.20,25.43
219.35,0.82,180.33,218.45,0.21,45.04,0.00,0.00,0.00,216.55,0.21,45.84,215.36,0.20,25.20
219.60,0.82,180.53,215.78,0.20,44.05,0.00,0.00,0.00,214.82,0.21,45.21,215.02,0.20,25.54
218.37,0.83,180.69,217.23,0.20,44.59,0.00,0.00,0.00,218.55,0.21,46.84,217.06,0.20,25.64
219.36,0.83,181.05,219.77,0.20,44.57,0.00,0.00,0.00,216.42,0.21,46.02,218.54,0.21,25.70
217.42,0.82,178.86,216.55,0.20,44.20,0.00,0.00,0.00,214.39,0.21,45.13,216.10,0.21,25.88
218.23,0.82,178.71,213.47,0.20,42.92,0.00,0.00,0.00,215.84,0.21,45.73,219.06,0.20,25.76
220.09,0.82,180.59,217.95,0.21,44.95,0.00,0.00,0.00,213.96,0.21,44.85,216.57,0.20,25.57
219.26,0.82,179.44,213.15,0.20,42.92,0.00,0.00,0.00,215.13,0.21,45.64,217.98,0.20,25.27
216.86,0.82,178.07,215.85,0.20,43.79,0.00,0.00,0.00,214.56,0.21,45.12,214.88,0.21,25.28
221.97,0.82,182.69,218.10,0.20,44.55,0.00,0.00,0.00,217.32,0.21,46.33,215.60,0.20,25.06
219.49,0.82,180.17,217.67,0.20,44.67,0.00,0.00,0.00,213.96,0.21,44.97,215.52,0.20,25.62
219.10,0.82,179.24,216.42,0.20,44.15,0.00,0.00,0.00,214.79,0.21,45.19,215.18,0.20,25.15
219.23,0.82,180.41,215.23,0.20,43.79,0.00,0.00,0.00,215.49,0.21,45.56,215.86,0.21,25.45
218.85,0.82,178.92,217.06,0.20,44.53,0.00,0.00,0.00,216.84,0.21,45.84,214.13,0.20,24.37
223.20,0.82,184.06,215.27,0.20,43.92,0.00,0.00,0.00,216.58,0.21,45.79,220.51,0.21,25.34
219.06,0.82,179.43,215.74,0.20,43.98,0.00,0.00,0.00,216.44,0.21,45.88,215.17,0.20,24.86
219.93,0.82,181.37,215.12,0.20,43.85,0.00,0.00,0.00,214.96,0.21,45.44,217.38,0.21,25.59
217.34,0.82,177.97,215.41,0.20,43.95,0.00,0.00,0.00,216.67,0.21,45.97,213.73,0.20,24.61
218.40,0.82,178.89,216.16,0.20,44.11,0.00,0.00,0.00,214.03,0.21,45.00,215.69,0.20,25.12
218.31,0.82,179.30,217.50,0.20,44.51,0.00,0.00,0.00,215.95,0.21,45.76,215.07,0.20,24.75
219.71,0.83,182.23,216.89,0.20,44.35,0.00,0.00,0.00,219.55,0.21,46.68,219.07,0.21,26.36
218.33,0.82,179.82,218.17,0.20,44.58,0.00,0.00,0.00,216.09,0.21,45.70,215.75,0.20,25.34
218.55,0.83,180.34,216.12,0.20,44.06,0.00,0.00,0.00,216.14,0.21,45.72,215.71,0.21,25.60
219.25,0.82,179.56,217.52,0.21,44.73,0.00,0.00,0.00,215.18,0.21,45.46,213.49,0.20,24.22
220.44,0.82,181.39,218.42,0.21,45.07,0.00,0.00,0.00,214.77,0.21,45.30,216.35,0.20,24.53
218.38,0.82,178.55,215.21,0.20,43.95,0.00,0.00,0.00,213.63,0.21,44.70,215.22,0.20,24.54
219.74,0.82,180.77,217.86,0.20,44.88,0.00,0.00,0.00,214.92,0.21,45.36,214.03,0.20,24.59
222.40,0.82,182.84,218.77,0.21,45.25,0.00,0.00,0.00,214.36,0.21,45.14,215.94,0.20,25.06
220.25,0.82,180.24,214.42,0.20,43.35,0.00,0.00,0.00,216.27,0.21,45.87,217.87,0.20,24.96
217.29,0.82,178.83,214.85,0.20,43.90,0.00,0.00,0.00,218.32,0.21,46.60,216.22,0.20,25.03
218.46,0.83,181.76,217.20,0.20,44.68,0.00,0.00,0.00,221.09,0.22,47.77,214.35,0.21,25.18
219.46,0.82,180.74,216.87,0.20,44.37,0.00,0.00,0.00,217.54,0.21,46.36,215.38,0.20,24.78
221.66,0.82,182.65,218.98,0.20,44.39,0.00,0.00,0.00,217.33,0.21,46.27,215.11,0.20,24.77
220.79,0.82,181.90,217.06,0.21,44.58,0.00,0.00,0.00,215.70,0.21,45.71,214.65,0.20,25.31
220.87,0.83,182.32,216.42,0.20,43.99,0.00,0.00,0.00,217.37,0.21,46.22,215.21,0.21,25.61
220.23,0.83,182.49,216.01,0.20,44.06,0.00,0.00,0.00,219.52,0.21,47.21,216.58,0.21,25.58
220.79,0.83,182.76,217.98,0.21,44.89,0.00,0.00,0.00,217.36,0.21,46.39,215.36,0.21,25.58
221.53,0.83,183.61,217.37,0.21,44.75,0.00,0.00,0.00,217.24,0.21,46.39,217.75,0.21,24.97
220.11,0.83,182.19,219.20,0.21,45.50,0.00,0.00,0.00,219.04,0.21,46.76,216.32,0.20,25.44
220.62,0.82,181.34,216.80,0.20,44.33,0.00,0.00,0.00,219.30,0.21,47.11,216.85,0.20,24.71
219.03,0.83,181.02,215.92,0.20,44.06,0.00,0.00,0.00,217.70,0.21,46.72,216.03,0.21,25.02
224.53,0.83,185.29,215.70,0.20,44.06,0.00,0.00,0.00,217.04,0.21,46.11,214.37,0.21,25.06
219.43,0.82,180.85,216.47,0.20,44.37,0.00,0.00,0.00,217.46,0.21,46.51,216.10,0.20,25.26
219.61,0.82,181.02,212.24,0.20,42.62,0.00,0.00,0.00,217.38,0.21,46.45,216.70,0.21,25.74
219.30,0.83,181.35,216.77,0.20,44.29,0.00,0.00,0.00,219.22,0.21,47.22,216.08,0.20,25.13
220.98,0.82,181.86,215.43,0.20,43.80,0.00,0.00,0.00,216.34,0.21,46.05,215.07,0.20,24.85
222.11,0.83,184.50,217.23,0.21,44.77,0.00,0.00,0.00,218.37,0.21,46.81,215.08,0.21,25.57
220.81,0.83,182.63,214.66,0.20,43.70,0.00,0.00,0.00,220.49,0.22,47.59,219.04,0.21,25.65
218.00,0.82,179.84,215.14,0.20,43.99,0.00,0.00,0.00,217.67,0.21,46.53,215.99,0.20,24.87
219.80,0.83,181.88,218.03,0.21,44.66,0.00,0.00,0.00,216.08,0.21,45.76,216.16,0.21,25.48
221.42,0.83,183.59,217.05,0.20,44.43,0.00,0.00,0.00,218.70,0.21,46.90,218.83,0.21,25.65
217.83,0.83,180.08,214.54,0.20,43.81,0.00,0.00,0.00,219.98,0.22,47.34,216.25,0.20,25.17
221.48,0.82,182.40,217.73,0.21,44.88,0.00,0.00,0.00,216.70,0.21,46.22,213.25,0.20,24.51
221.52,0.82,182.68,215.71,0.20,43.81,0.00,0.00,0.00,219.35,0.22,47.21,216.38,0.20,25.47
219.03,0.82,179.79,215.82,0.20,44.24,0.00,0.00,0.00,214.90,0.21,45.47,214.61,0.20,24.81
220.81,0.82,181.82,217.04,0.20,44.56,0.00,0.00,0.00,216.99,0.21,46.19,215.56,0.20,25.04
221.89,0.82,182.34,216.14,0.20,44.08,0.00,0.00,0.00,216.01,0.21,45.96,216.65,0.20,24.88
220.81,0.82,181.16,215.43,0.20,43.84,0.00,0.00,0.00,216.54,0.21,46.06,217.02,0.20,24.99
220.07,0.82,180.58,213.39,0.20,43.01,0.00,0.00,0.00,219.08,0.21,47.11,217.87,0.20,25.30
219.65,0.82,180.66,215.43,0.20,43.74,0.00,0.00,0.00,219.15,0.21,47.05,218.60,0.20,25.70
219.98,0.82,180.80,215.76,0.20,43.86,0.00,0.00,0.00,219.33,0.21,47.15,215.50,0.20,24.95
218.92,0.83,180.63,216.26,0.20,44.43,0.00,0.00,0.00,217.25,0.21,46.31,216.95,0.20,25.37
219.88,0.83,182.02,218.49,0.21,45.24,0.00,0.00,0.00,218.74,0.22,47.22,215.26,0.20,24.89
220.78,0.83,182.49,217.36,0.20,44.70,0.00,0.00,0.00,217.67,0.21,46.54,216.48,0.20,24.63
219.02,0.82,180.31,216.50,0.21,44.69,0.00,0.00,0.00,218.69,0.21,46.83,215.41,0.20,24.90
219.86,0.82,180.62,214.76,0.20,43.82,0.00,0.00,0.00,217.34,0.21,46.44,215.30,0.20,25.13
221.29,0.82,181.63,216.31,0.20,44.17,0.00,0.00,0.00,218.46,0.21,46.88,215.72,0.20,24.94
220.16,0.82,181.31,214.15,0.20,43.28,0.00,0.00,0.00,220.29,0.22,47.96,218.38,0.20,24.81
217.52,0.82,179.22,215.29,0.20,44.24,0.00,0.00,0.00,216.81,0.21,46.31,216.90,0.20,25.58
220.27,0.82,181.31,219.44,0.21,45.55,0.00,0.00,0.00,213.49,0.21,45.07,217.51,0.20,25.32
221.01,0.82,182.26,215.23,0.20,44.06,0.00,0.00,0.00,218.68,0.21,46.85,217.46,0.20,25.42
220.61,0.82,180.66,215.95,0.20,44.09,0.00,0.00,0.00,216.67,0.21,46.21,218.33,0.20,25.30
222.71,0.82,181.64,216.87,0.20,44.35,0.00,0.00,0.00,213.18,0.21,44.77,214.62,0.20,24.45
221.38,0.82,182.60,215.28,0.20,43.97,0.00,0.00,0.00,219.46,0.22,47.31,220.01,0.20,25.61
218.55,0.82,179.26,213.14,0.20,43.23,0.00,0.00,0.00,216.14,0.21,46.00,216.09,0.20,25.15
220.74,0.83,182.58,216.89,0.21,44.87,0.00,0.00,0.00,213.84,0.21,45.21,217.13,0.21,25.92
221.13,0.82,181.65,214.17,0.20,43.59,0.00,0.00,0.00,215.52,0.21,45.86,216.64,0.20,25.45
221.16,0.82,181.05,218.55,0.21,45.09,0.00,0.00,0.00,214.30,0.21,45.26,216.89,0.20,24.75
222.07,0.82,182.53,215.61,0.20,44.24,0.00,0.00,0.00,217.03,0.21,46.41,216.29,0.20,25.04
221.08,0.82,181.51,215.73,0.20,44.26,0.00,0.00,0.00,216.01,0.21,45.94,216.01,0.20,25.27
222.81,0.83,183.93,221.78,0.21,46.64,0.00,0.00,0.00,213.95,0.21,45.22,216.16,0.20,25.61
219.78,0.82,180.48,219.39,0.21,45.37,0.00,0.00,0.00,214.70,0.21,45.52,217.08,0.20,24.94
221.70,0.82,182.40,216.31,0.20,44.50,0.00,0.00,0.00,219.29,0.22,47.25,216.71,0.20,25.19
223.40,0.82,183.01,215.55,0.20,44.16,0.00,0.00,0.00,216.33,0.21,46.01,217.22,0.20,25.36
220.84,0.82,180.85,215.13,0.20,44.09,0.00,0.00,0.00,213.64,0.21,44.99,215.44,0.20,24.90
221.35,0.82,181.87,215.27,0.20,44.02,0.00,0.00,0.00,215.46,0.21,45.71,217.14,0.20,25.61
218.78,0.82,179.73,215.74,0.20,44.29,0.00,0.00,0.00,215.47,0.21,45.85,214.83,0.20,25.02
222.88,0.82,182.64,215.31,0.20,44.18,0.00,0.00,0.00,214.77,0.21,45.46,216.02,0.20,25.14
220.02,0.82,180.52,214.51,0.20,43.84,0.00,0.00,0.00,214.88,0.21,45.48,215.83,0.20,25.00
220.28,0.82,181.08,216.70,0.21,44.60,0.00,0.00,0.00,214.06,0.21,45.12,215.33,0.20,25.05
220.85,0.82,181.95,213.93,0.20,43.44,0.00,0.00,0.00,222.44,0.22,48.33,219.90,0.20,25.84
220.14,0.82,181.61,217.43,0.21,44.94,0.00,0.00,0.00,217.30,0.21,46.55,216.45,0.20,25.06
221.64,0.83,183.66,214.81,0.20,44.02,0.00,0.00,0.00,217.98,0.21,46.64,219.81,0.21,26.27
217.39,0.83,179.59,214.26,0.20,43.69,0.00,0.00,0.00,221.83,0.22,48.01,218.99,0.20,25.45
215.40,0.83,177.78,216.67,0.20,44.52,0.00,0.00,0.00,219.28,0.22,47.27,216.68,0.20,24.76
220.87,0.83,182.45,219.35,0.21,45.57,0.00,0.00,0.00,216.48,0.21,46.15,216.74,0.20,25.32
220.50,0.82,181.13,217.18,0.20,44.58,0.00,0.00,0.00,215.10,0.21,45.59,216.40,0.20,25.32
220.60,0.83,182.06,214.13,0.20,43.47,0.00,0.00,0.00,221.01,0.22,47.79,218.11,0.20,25.68
218.71,0.82,180.06,216.66,0.20,44.26,0.00,0.00,0.00,218.95,0.22,47.23,216.25,0.20,24.95
221.52,0.82,181.95,216.57,0.20,44.40,0.00,0.00,0.00,218.53,0.21,46.92,216.40,0.20,25.00
221.97,0.82,182.55,214.05,0.20,43.46,0.00,0.00,0.00,217.43,0.21,46.32,217.04,0.20,25.83
218.96,0.82,180.06,213.70,0.20,43.28,0.00,0.00,0.00,220.82,0.22,47.79,216.84,0.20,25.30
219.77,0.83,182.05,216.64,0.20,44.37,0.00,0.00,0.00,220.99,0.22,47.85,216.27,0.20,25.15
220.34,0.82,181.26,216.69,0.20,44.25,0.00,0.00,0.00,215.88,0.21,45.72,215.03,0.20,24.82
220.87,0.82,181.60,217.26,0.20,44.64,0.00,0.00,0.00,216.71,0.21,46.21,217.64,0.20,25.18
220.35,0.83,182.12,214.48,0.20,43.67,0.00,0.00,0.00,219.15,0.22,47.17,216.56,0.21,25.43
219.54,0.82,179.30,217.82,0.21,44.90,0.00,0.00,0.00,215.24,0.21,45.57,215.15,0.20,24.30
220.57,0.82,181.48,217.19,0.20,44.59,0.00,0.00,0.00,216.30,0.21,45.95,216.49,0.20,25.23
221.37,0.82,181.86,216.72,0.20,44.32,0.00,0.00,0.00,217.92,0.21,46.45,215.80,0.20,25.19
220.10,0.82,180.22,214.55,0.20,43.71,0.00,0.00,0.00,217.03,0.21,46.22,217.70,0.20,25.25
219.77,0.82,180.54,215.73,0.20,44.14,0.00,0.00,0.00,218.41,0.21,46.97,215.96,0.20,24.37
221.02,0.82,182.02,216.54,0.20,44.37,0.00,0.00,0.00,216.24,0.21,45.85,216.43,0.20,24.72
220.45,0.82,181.76,214.87,0.20,44.00,0.00,0.00,0.00,216.44,0.21,46.07,218.04,0.20,25.56
218.90,0.83,181.23,214.26,0.20,43.70,0.00,0.00,0.00,219.26,0.22,47.30,219.63,0.21,25.29
218.71,0.83,182.02,220.49,0.21,46.41,0.00,0.00,0.00,219.68,0.22,47.46,216.21,0.20,24.76
223.69,0.83,185.46,217.57,0.21,44.92,0.00,0.00,0.00,218.68,0.21,47.08,221.48,0.21,26.12
217.48,0.82,178.57,214.03,0.20,43.53,0.00,0.00,0.00,218.97,0.22,47.19,217.12,0.20,24.84
219.48,0.83,181.75,220.52,0.21,46.13,0.00,0.00,0.00,218.79,0.21,46.96,214.98,0.20,24.79
221.26,0.82,182.36,215.80,0.20,44.01,0.00,0.00,0.00,218.03,0.21,46.75,218.00,0.20,26.03
220.05,0.82,179.69,215.73,0.20,43.83,0.00,0.00,0.00,218.10,0.21,46.74,216.86,0.20,24.70
221.34,0.82,182.10,216.13,0.20,44.09,0.00,0.00,0.00,218.27,0.21,46.81,217.09,0.20,25.26
217.17,0.83,179.18,217.12,0.21,44.82,0.00,0.00,0.00,217.84,0.21,46.76,217.20,0.20,25.14
221.94,0.82,182.77,216.75,0.21,44.89,0.00,0.00,0.00,214.26,0.21,45.30,216.36,0.20,25.20
219.04,0.82,178.96,213.87,0.20,43.31,0.00,0.00,0.00,215.96,0.21,46.13,215.29,0.20,24.79
220.80,0.83,182.33,216.40,0.21,44.57,0.00,0.00,0.00,218.14,0.21,46.63,217.59,0.20,25.52
221.96,0.82,181.62,215.58,0.20,44.08,0.00,0.00,0.00,214.84,0.21,45.62,214.94,0.20,24.73
219.93,0.83,182.16,216.82,0.21,44.80,0.00,0.00,0.00,220.95,0.22,47.84,220.14,0.20,25.83
218.37,0.82,179.57,214.15,0.20,43.66,0.00,0.00,0.00,217.42,0.21,46.52,217.03,0.20,25.15
221.30,0.82,182.07,215.62,0.20,44.22,0.00,0.00,0.00,215.58,0.21,45.47,215.88,0.20,25.09
220.69,0.82,182.02,214.74,0.20,43.88,0.00,0.00,0.00,219.71,0.21,47.14,217.04,0.20,25.17
216.63,0.82,177.93,214.96,0.20,43.95,0.00,0.00,0.00,217.68,0.21,46.36,217.10,0.20,24.84
222.28,0.83,183.62,217.77,0.20,44.85,0.00,0.00,0.00,218.15,0.21,46.86,217.08,0.20,25.26
218.53,0.82,179.82,215.16,0.20,44.01,0.00,0.00,0.00,216.94,0.21,46.35,216.28,0.20,25.03
221.95,0.82,182.06,215.45,0.20,44.04,0.00,0.00,0.00,216.62,0.21,45.48,217.75,0.20,25.01
221.63,0.82,182.59,216.54,0.20,44.09,0.00,0.00,0.00,220.06,0.22,47.54,216.16,0.20,25.00
222.46,0.83,183.81,218.31,0.21,45.25,0.00,0.00,0.00,218.56,0.21,46.86,216.45,0.20,24.65
217.97,0.82,179.11,214.60,0.20,43.76,0.00,0.00,0.00,218.83,0.21,47.05,215.12,0.20,24.73
221.42,0.82,182.55,216.73,0.20,44.61,0.00,0.00,0.00,219.92,0.21,47.34,217.56,0.20,25.52
220.60,0.82,181.37,216.19,0.20,44.24,0.00,0.00,0.00,217.40,0.21,46.49,217.30,0.20,24.74
218.92,0.82,179.41,215.45,0.20,44.03,0.00,0.00,0.00,217.51,0.21,46.21,217.14,0.20,25.24
220.54,0.82,181.13,216.81,0.20,44.47,0.00,0.00,0.00,216.45,0.21,45.91,216.48,0.20,25.24
221.85,0.83,183.19,215.26,0.20,43.62,0.00,0.00,0.00,220.20,0.21,47.36,219.16,0.21,25.97
217.99,0.83,180.65,216.12,0.21,44.45,0.00,0.00,0.00,217.05,0.21,46.16,216.77,0.21,25.69
221.50,0.82,182.53,216.67,0.20,44.43,0.00,0.00,0.00,219.02,0.21,46.93,218.90,0.20,25.37
215.29,0.82,177.35,220.84,0.20,45.06,0.00,0.00,0.00,219.23,0.21,47.10,216.83,0.20,24.81
217.89,0.82,178.85,215.40,0.20,44.05,0.00,0.00,0.00,217.22,0.21,46.42,215.79,0.20,24.77
221.61,0.82,181.90,217.30,0.20,44.52,0.00,0.00,0.00,217.07,0.21,46.19,218.20,0.20,24.85
219.36,0.82,179.60,215.94,0.20,44.37,0.00,0.00,0.00,216.48,0.21,46.03,215.38,0.20,24.77
221.55,0.83,182.86,218.06,0.21,45.18,0.00,0.00,0.00,219.82,0.22,47.41,218.58,0.20,25.84
221.27,0.82,181.55,218.02,0.21,44.94,0.00,0.00,0.00,216.53,0.21,46.04,216.06,0.20,24.65
221.35,0.82,181.92,215.09,0.20,43.97,0.00,0.00,0.00,218.04,0.21,46.61,217.70,0.20,25.26
217.28,0.83,180.00,214.67,0.20,43.84,0.00,0.00,0.00,220.11,0.22,47.54,220.43,0.21,26.46
217.77,0.82,178.72,213.00,0.20,42.94,0.00,0.00,0.00,218.55,0.21,46.87,217.84,0.20,25.54
219.82,0.83,182.41,215.98,0.20,44.44,0.00,0.00,0.00,219.06,0.21,47.09,219.37,0.21,26.12
217.99,0.82,179.06,214.67,0.20,43.89,0.00,0.00,0.00,219.15,0.21,47.16,216.36,0.20,25.00
219.50,0.83,181.61,218.30,0.21,45.04,0.00,0.00,0.00,217.27,0.21,46.38,218.17,0.21,25.89
219.46,0.82,180.64,216.94,0.20,44.42,0.00,0.00,0.00,217.29,0.21,46.45,215.63,0.20,24.90
221.40,0.82,181.58,216.37,0.20,44.38,0.00,0.00,0.00,215.43,0.21,45.56,216.44,0.20,25.00
220.89,0.82,181.69,215.14,0.20,43.94,0.00,0.00,0.00,220.18,0.22,47.40,218.67,0.20,25.10
216.95,0.82,178.80,215.76,0.20,43.79,0.00,0.00,0.00,220.94,0.22,47.68,215.84,0.20,24.78
221.99,0.83,183.53,216.64,0.20,44.51,0.00,0.00,0.00,217.22,0.21,46.31,216.81,0.21,25.34
218.47,0.82,179.08,213.44,0.20,43.33,0.00,0.00,0.00,215.61,0.21,45.66,216.17,0.20,25.45
221.36,0.83,182.74,214.34,0.20,43.58,0.00,0.00,0.00,219.19,0.22,47.42,220.18,0.20,25.98
218.98,0.83,181.14,216.08,0.20,44.23,0.00,0.00,0.00,220.58,0.22,47.73,217.70,0.20,25.04
219.85,0.82,180.77,214.85,0.20,43.85,0.00,0.00,0.00,218.19,0.21,46.83,217.44,0.20,25.09
219.31,0.82,180.09,217.48,0.21,44.83,0.00,0.00,0.00,217.49,0.21,46.22,215.83,0.20,25.04
219.52,0.82,179.70,216.16,0.20,44.26,0.00,0.00,0.00,216.21,0.21,45.81,215.65,0.20,24.64
220.85,0.82,180.84,213.44,0.20,43.29,0.00,0.00,0.00,217.95,0.21,46.60,216.91,0.20,25.11
219.38,0.82,179.25,214.78,0.20,43.84,0.00,0.00,0.00,215.97,0.21,45.82,216.39,0.20,24.53
221.68,0.82,182.38,216.32,0.20,44.32,0.00,0.00,0.00,218.56,0.21,46.86,217.08,0.20,25.45
218.72,0.82,179.09,214.72,0.20,43.48,0.00,0.00,0.00,216.62,0.21,45.97,215.59,0.20,25.22
219.90,0.82,181.16,217.03,0.20,44.61,0.00,0.00,0.00,219.31,0.21,47.12,216.17,0.20,25.11
220.88,0.82,181.60,217.46,0.20,44.47,0.00,0.00,0.00,216.40,0.21,45.93,216.53,0.20,25.29
218.74,0.82,178.70,215.91,0.20,43.95,0.00,0.00,0.00,216.45,0.21,45.99,216.07,0.20,24.86
220.81,0.82,179.97,214.15,0.20,43.31,0.00,0.00,0.00,217.51,0.21,46.41,215.49,0.20,24.81
220.29,0.82,181.17,217.54,0.20,44.74,0.00,0.00,0.00,217.81,0.21,46.48,216.34,0.20,24.68
218.43,0.82,178.58,214.07,0.20,43.42,0.00,0.00,0.00,214.55,0.21,45.29,216.67,0.20,25.23
217.88,0.82,179.34,215.31,0.20,43.98,0.00,0.00,0.00,216.78,0.21,46.08,216.54,0.20,25.06
221.40,0.82,181.75,216.94,0.20,44.28,0.00,0.00,0.00,215.55,0.21,45.60,214.69,0.20,24.77
220.73,0.82,181.32,217.56,0.21,44.87,0.00,0.00,0.00,216.17,0.21,46.07,216.05,0.20,24.89
222.17,0.82,182.64,215.36,0.20,44.10,0.00,0.00,0.00,214.97,0.21,45.42,217.38,0.20,25.93
219.61,0.82,178.99,215.74,0.20,44.07,0.00,0.00,0.00,215.20,0.21,45.37,214.47,0.20,24.54
219.03,0.81,178.49,215.24,0.20,43.70,0.00,0.00,0.00,215.30,0.21,45.50,216.21,0.20,25.07
220.23,0.82,181.39,216.41,0.20,44.26,0.00,0.00,0.00,216.71,0.21,46.02,217.54,0.20,25.50
219.07,0.82,178.95,215.45,0.20,43.83,0.00,0.00,0.00,213.39,0.21,44.73,217.64,0.20,25.44
218.80,0.82,179.03,215.27,0.20,43.95,0.00,0.00,0.00,216.16,0.21,46.06,215.70,0.20,24.60
220.00,0.81,178.84,213.67,0.20,43.33,0.00,0.00,0.00,215.51,0.21,45.53,216.10,0.20,24.61
219.14,0.82,179.74,218.03,0.21,45.33,0.00,0.00,0.00,213.79,0.21,45.13,214.33,0.20,24.59
219.87,0.81,178.28,214.54,0.20,43.78,0.00,0.00,0.00,214.51,0.21,45.23,214.60,0.19,24.03
219.15,0.82,180.55,215.11,0.20,43.99,0.00,0.00,0.00,213.98,0.21,44.95,218.16,0.21,25.42
215.53,0.82,176.48,214.47,0.20,43.64,0.00,0.00,0.00,213.92,0.21,44.79,216.15,0.20,25.56
220.38,0.82,180.22,216.41,0.20,44.24,0.00,0.00,0.00,213.96,0.21,44.74,217.21,0.20,25.74
217.40,0.81,176.82,214.59,0.20,43.53,0.00,0.00,0.00,214.13,0.21,45.06,215.74,0.20,24.41
217.96,0.82,179.28,215.00,0.20,43.85,0.00,0.00,0.00,216.20,0.21,45.87,216.88,0.20,25.28
220.00,0.82,181.00,215.60,0.20,43.88,0.00,0.00,0.00,215.08,0.21,45.21,216.21,0.21,25.51
220.52,0.82,180.59,215.64,0.20,43.84,0.00,0.00,0.00,213.65,0.21,45.17,214.41,0.20,24.54
219.22,0.82,180.54,215.10,0.20,43.86,0.00,0.00,0.00,215.82,0.21,45.50,217.54,0.21,25.72
218.72,0.82,178.80,216.18,0.20,44.14,0.00,0.00,0.00,215.32,0.21,45.47,214.20,0.20,24.54
218.66,0.82,179.83,213.23,0.20,43.20,0.00,0.00,0.00,217.49,0.21,46.47,219.86,0.20,25.66
219.16,0.82,179.26,215.41,0.20,43.84,0.00,0.00,0.00,214.34,0.21,45.22,216.58,0.20,25.19
223.85,0.82,184.46,214.04,0.20,43.33,0.00,0.00,0.00,216.04,0.21,45.94,218.39,0.21,25.83
218.76,0.83,181.03,216.57,0.20,44.37,0.00,0.00,0.00,217.51,0.21,46.29,219.81,0.21,26.00
218.57,0.82,179.48,217.48,0.20,44.59,0.00,0.00,0.00,213.17,0.21,44.56,217.66,0.20,25.30
219.61,0.83,181.45,217.30,0.20,44.64,0.00,0.00,0.00,219.99,0.22,47.46,216.44,0.20,24.81
217.98,0.82,179.15,217.38,0.20,44.59,0.00,0.00,0.00,215.90,0.21,45.55,216.77,0.20,24.68
220.44,0.82,180.78,215.88,0.20,44.29,0.00,0.00,0.00,215.83,0.21,45.95,216.54,0.20,24.48
220.63,0.82,181.57,214.82,0.20,43.69,0.00,0.00,0.00,216.30,0.21,45.87,216.49,0.20,25.44
219.07,0.81,178.15,213.39,0.20,43.19,0.00,0.00,0.00,215.05,0.21,45.28,216.89,0.20,24.74
217.15,0.82,177.11,213.65,0.20,43.24,0.00,0.00,0.00,216.33,0.21,45.61,215.74,0.20,24.85
219.93,0.82,181.04,217.67,0.20,44.65,0.00,0.00,0.00,216.91,0.21,46.12,216.81,0.20,25.09
219.19,0.82,179.47,213.75,0.20,43.00,0.00,0.00,0.00,216.60,0.21,45.93,220.13,0.20,25.82
218.93,0.82,178.79,214.06,0.20,43.48,0.00,0.00,0.00,212.09,0.21,44.37,217.15,0.20,24.90
220.79,0.82,180.05,214.21,0.20,43.42,0.00,0.00,0.00,213.47,0.21,44.79,215.15,0.20,24.44
222.22,0.82,182.24,215.08,0.20,43.89,0.00,0.00,0.00,216.84,0.21,46.05,216.40,0.20,24.91
220.29,0.82,180.78,216.29,0.20,44.27,0.00,0.00,0.00,213.79,0.21,44.88,217.20,0.20,25.31
218.51,0.81,177.89,215.72,0.20,43.79,0.00,0.00,0.00,212.55,0.21,44.55,215.35,0.20,24.70
218.66,0.82,178.30,213.60,0.20,43.29,0.00,0.00,0.00,212.79,0.21,44.52,213.01,0.20,24.57
219.59,0.82,180.30,213.68,0.20,43.44,0.00,0.00,0.00,214.05,0.21,45.15,214.94,0.20,25.52
216.95,0.82,178.19,213.68,0.20,43.33,0.00,0.00,0.00,215.50,0.21,45.50,213.75,0.21,25.09
217.34,0.81,177.07,213.07,0.20,43.00,0.00,0.00,0.00,212.02,0.21,44.26,215.55,0.20,24.98
219.60,0.82,180.23,212.89,0.20,42.90,0.00,0.00,0.00,215.60,0.21,45.66,214.83,0.21,25.37
220.34,0.83,181.82,214.12,0.20,43.68,0.00,0.00,0.00,213.34,0.21,44.78,216.02,0.21,25.10
217.04,0.81,176.51,213.03,0.20,43.03,0.00,0.00,0.00,214.80,0.21,45.48,215.40,0.20,24.38
216.56,0.83,179.12,212.45,0.20,42.87,0.00,0.00,0.00,213.10,0.21,44.70,215.46,0.21,25.80
218.19,0.82,178.33,214.27,0.20,43.41,0.00,0.00,0.00,213.36,0.21,44.69,213.61,0.20,24.54
216.21,0.83,178.71,213.57,0.20,43.42,0.00,0.00,0.00,214.68,0.21,45.27,216.63,0.21,25.88
217.01,0.81,176.16,213.67,0.20,43.11,0.00,0.00,0.00,216.54,0.21,45.74,215.36,0.20,24.35
219.45,0.82,179.76,215.70,0.20,44.13,0.00,0.00,0.00,212.21,0.21,44.52,215.98,0.20,24.98
217.23,0.82,177.09,212.91,0.20,43.03,0.00,0.00,0.00,213.21,0.21,44.71,215.17,0.20,24.83
219.44,0.82,180.88,214.07,0.20,43.57,0.00,0.00,0.00,215.48,0.21,45.61,218.03,0.21,25.26
219.81,0.81,179.05,213.19,0.20,43.09,0.00,0.00,0.00,216.10,0.21,45.81,214.97,0.20,25.14
218.75,0.82,178.28,215.58,0.20,44.01,0.00,0.00,0.00,214.47,0.21,45.17,216.07,0.20,25.25
218.60,0.81,177.52,212.29,0.20,42.62,0.00,0.00,0.00,213.46,0.21,44.89,215.17,0.20,25.16
218.59,0.81,177.46,214.53,0.20,43.58,0.00,0.00,0.00,212.90,0.21,44.58,214.97,0.20,25.02
215.01,0.82,176.14,222.44,0.21,45.64,0.00,0.00,0.00,214.81,0.21,45.26,217.09,0.20,25.69
219.23,0.81,177.63,213.84,0.20,43.21,0.00,0.00,0.00,215.06,0.21,45.31,217.96,0.20,25.08
220.03,0.82,179.62,219.08,0.21,45.42,0.00,0.00,0.00,215.53,0.21,45.67,216.29,0.20,24.95
218.81,0.81,178.06,215.95,0.20,44.28,0.00,0.00,0.00,214.57,0.21,45.09,218.17,0.20,25.65
217.37,0.82,177.41,214.05,0.20,43.36,0.00,0.00,0.00,217.04,0.21,46.25,214.63,0.20,25.10
219.10,0.82,178.95,217.17,0.20,44.64,0.00,0.00,0.00,216.12,0.21,45.80,216.54,0.20,25.44
220.52,0.81,179.24,214.27,0.20,43.45,0.00,0.00,0.00,215.19,0.21,45.56,217.22,0.20,25.25
220.40,0.82,179.91,217.33,0.20,44.76,0.00,0.00,0.00,215.32,0.21,45.45,214.96,0.20,24.77
219.10,0.82,179.08,214.98,0.20,43.15,0.00,0.00,0.00,216.25,0.21,46.14,216.76,0.20,25.34
220.16,0.61,133.73,0.00,0.00,0.00,0.00,0.00,0.00,214.33,0.21,45.13,216.94,0.19,24.78
219.14,0.83,182.07,0.00,0.00,0.00,218.44,0.22,34.23,215.51,0.21,45.61,216.67,0.20,25.15
218.35,0.83,181.47,0.00,0.00,0.00,217.65,0.22,34.02,217.42,0.21,46.51,221.78,0.20,26.14
218.36,0.83,180.27,0.00,0.00,0.00,217.66,0.22,34.57,215.84,0.21,45.87,214.82,0.19,24.46
221.23,0.83,184.39,0.00,0.00,0.00,220.53,0.22,34.04,219.33,0.21,47.15,220.81,0.20,25.93
219.69,0.83,181.68,0.00,0.00,0.00,218.99,0.22,34.41,215.88,0.21,45.73,214.87,0.20,24.75
219.41,0.83,181.06,0.00,0.00,0.00,218.71,0.22,33.36,217.20,0.21,46.33,214.73,0.19,24.45
218.55,0.83,181.12,0.00,0.00,0.00,217.85,0.21,34.08,213.77,0.21,44.96,215.33,0.20,25.34
222.33,0.83,184.11,0.00,0.00,0.00,221.63,0.22,34.05,216.16,0.21,45.84,214.98,0.20,24.88
218.50,0.83,181.20,0.00,0.00,0.00,217.80,0.21,32.81,214.40,0.21,45.25,216.74,0.20,25.95
218.01,0.83,181.20,0.00,0.00,0.00,217.31,0.22,33.41,216.13,0.21,45.90,214.78,0.20,25.22
218.45,0.83,180.35,0.00,0.00,0.00,217.75,0.22,34.65,213.51,0.21,44.78,215.39,0.20,24.83
218.72,0.83,181.17,0.00,0.00,0.00,218.02,0.21,33.86,213.68,0.21,44.88,214.96,0.20,25.03
219.53,0.83,182.44,0.00,0.00,0.00,218.83,0.22,34.30,214.00,0.21,45.02,215.97,0.20,25.58
217.13,0.83,180.50,0.00,0.00,0.00,216.43,0.22,34.08,212.69,0.21,44.73,218.26,0.20,25.71
217.81,0.83,180.65,0.00,0.00,0.00,217.11,0.22,34.26,216.30,0.21,46.03,215.16,0.20,25.00
218.52,0.83,181.20,0.00,0.00,0.00,217.82,0.22,33.68,215.33,0.21,45.60,216.54,0.20,25.25
217.51,0.83,179.95,0.00,0.00,0.00,216.81,0.22,33.80,214.93,0.21,45.43,215.97,0.20,25.34
221.27,0.82,182.24,0.00,0.00,0.00,220.57,0.21,32.85,213.68,0.21,44.90,215.96,0.20,25.12
221.11,0.83,183.37,0.00,0.00,0.00,220.41,0.22,34.77,214.21,0.21,45.28,214.93,0.20,25.09
221.51,0.83,183.20,0.00,0.00,0.00,220.81,0.22,34.13,214.12,0.21,45.08,215.76,0.20,25.24
218.82,0.83,181.43,0.00,0.00,0.00,218.12,0.21,33.84,216.50,0.21,46.14,214.72,0.20,25.20
218.32,0.83,180.17,0.00,0.00,0.00,217.62,0.21,33.86,215.67,0.21,45.79,215.39,0.20,24.76
217.64,0.83,180.33,0.00,0.00,0.00,216.94,0.22,33.93,216.88,0.21,46.30,216.22,0.20,25.00
220.25,0.83,182.45,0.00,0.00,0.00,219.55,0.22,34.00,216.10,0.21,45.98,214.99,0.20,25.12
219.25,0.83,181.22,0.00,0.00,0.00,218.55,0.21,33.72,215.95,0.21,45.79,216.06,0.20,24.99
219.90,0.82,181.31,0.00,0.00,0.00,219.20,0.21,32.31,214.04,0.21,45.03,215.88,0.20,25.48
218.65,0.83,180.42,0.00,0.00,0.00,217.95,0.21,33.41,217.60,0.21,46.28,216.89,0.20,25.01
222.28,0.84,186.04,0.00,0.00,0.00,221.58,0.21,33.64,219.34,0.21,47.18,219.08,0.20,26.49
218.01,0.83,180.81,0.00,0.00,0.00,217.31,0.21,33.47,217.60,0.21,46.46,219.17,0.20,25.94
216.99,0.83,179.77,0.00,0.00,0.00,216.29,0.21,33.82,215.16,0.21,45.58,215.62,0.20,25.67
218.76,0.83,180.53,0.00,0.00,0.00,218.06,0.21,33.56,215.42,0.21,45.69,218.61,0.20,25.39
220.77,0.83,182.45,0.00,0.00,0.00,220.07,0.21,33.70,214.84,0.21,45.52,215.69,0.20,25.15
218.58,0.82,179.76,0.00,0.00,0.00,217.88,0.21,33.87,217.18,0.21,45.76,218.53,0.19,24.82
218.31,0.83,180.60,0.00,0.00,0.00,217.61,0.21,33.39,218.90,0.21,46.90,218.48,0.20,25.30
219.85,0.82,181.33,0.00,0.00,0.00,219.15,0.22,33.34,214.26,0.21,45.26,214.98,0.19,24.78
220.18,0.83,182.83,0.00,0.00,0.00,219.48,0.21,33.72,214.85,0.21,45.44,215.00,0.20,25.27
218.93,0.83,180.92,0.00,0.00,0.00,218.23,0.22,33.52,214.18,0.21,45.14,215.86,0.20,25.10
219.55,0.83,182.80,0.00,0.00,0.00,218.85,0.21,33.40,216.49,0.21,45.95,217.49,0.20,25.93
220.03,0.83,182.13,0.00,0.00,0.00,219.33,0.21,33.78,214.70,0.21,45.45,215.29,0.20,25.07
217.01,0.83,180.37,0.00,0.00,0.00,216.31,0.22,33.32,215.30,0.21,45.45,214.99,0.20,25.13
218.73,0.83,181.16,0.00,0.00,0.00,218.03,0.22,33.89,212.67,0.21,44.55,216.41,0.20,25.08
220.28,0.83,182.88,0.00,0.00,0.00,219.58,0.22,33.88,217.91,0.21,46.67,215.34,0.20,24.86
218.81,0.83,182.53,0.00,0.00,0.00,218.11,0.22,33.33,216.84,0.21,46.10,215.14,0.20,25.22
219.57,0.83,182.23,0.00,0.00,0.00,218.87,0.22,33.38,214.32,0.21,45.13,216.25,0.20,25.47
218.19,0.82,178.01,0.00,0.00,0.00,217.49,0.21,33.44,212.26,0.21,44.43,214.47,0.19,23.98
218.09,0.83,180.47,0.00,0.00,0.00,217.39,0.21,33.74,215.50,0.21,45.64,215.52,0.20,25.10
218.25,0.82,179.68,0.00,0.00,0.00,217.55,0.21,33.84,214.18,0.21,45.07,214.86,0.19,24.80
220.41,0.83,183.72,0.00,0.00,0.00,219.71,0.21,33.37,217.45,0.21,46.47,217.66,0.20,25.81
221.12,0.83,183.61,0.00,0.00,0.00,220.42,0.21,33.52,214.45,0.21,45.11,216.76,0.20,25.69
218.86,0.83,181.08,0.00,0.00,0.00,218.16,0.21,33.52,215.51,0.21,45.53,219.04,0.20,25.74
219.38,0.82,180.67,0.00,0.00,0.00,218.68,0.21,33.52,215.83,0.21,45.77,214.59,0.20,24.53
218.01,0.83,181.58,0.00,0.00,0.00,217.31,0.22,33.19,218.74,0.21,46.88,216.71,0.20,25.44
219.10,0.83,181.11,0.00,0.00,0.00,218.40,0.21,33.43,213.51,0.21,44.78,216.55,0.20,25.33
218.55,0.82,179.99,0.00,0.00,0.00,217.85,0.21,33.62,214.79,0.21,45.30,214.95,0.20,24.42
219.70,0.83,181.75,0.00,0.00,0.00,219.00,0.21,33.28,215.89,0.21,45.83,215.00,0.20,25.17
217.19,0.82,179.08,0.00,0.00,0.00,216.49,0.22,33.98,212.35,0.21,44.50,213.63,0.20,24.70
220.92,0.83,182.87,0.00,0.00,0.00,220.22,0.21,33.16,217.45,0.21,46.32,216.52,0.20,25.13
219.11,0.83,181.69,0.00,0.00,0.00,218.41,0.22,33.07,218.55,0.21,46.98,216.09,0.20,24.96
216.93,0.83,180.48,0.00,0.00,0.00,216.23,0.22,33.65,213.98,0.21,44.92,217.61,0.20,25.62
216.89,0.83,179.44,0.00,0.00,0.00,216.19,0.21,33.61,218.50,0.21,46.95,216.18,0.20,25.01
220.08,0.83,181.63,0.00,0.00,0.00,219.38,0.22,33.42,217.06,0.21,46.20,217.30,0.19,24.64
220.62,0.83,183.83,0.00,0.00,0.00,219.92,0.22,33.92,218.06,0.21,46.52,217.82,0.20,25.67
218.03,0.83,180.40,0.00,0.00,0.00,217.33,0.22,34.22,218.72,0.21,46.80,216.74,0.19,24.71
220.32,0.83,182.98,0.00,0.00,0.00,219.62,0.21,33.60,217.02,0.21,46.30,218.82,0.20,25.58
220.05,0.83,182.17,0.00,0.00,0.00,219.35,0.21,32.97,215.19,0.21,45.58,220.41,0.20,26.02
219.90,0.83,182.22,0.00,0.00,0.00,219.20,0.22,34.30,216.64,0.21,46.19,216.15,0.20,24.88
219.30,0.82,180.68,0.00,0.00,0.00,218.60,0.21,32.78,212.89,0.21,44.49,214.64,0.20,24.84
218.89,0.83,181.40,0.00,0.00,0.00,218.19,0.22,34.17,216.76,0.21,46.19,215.59,0.20,24.74
217.54,0.84,182.73,0.00,0.00,0.00,216.84,0.21,33.62,216.54,0.21,46.24,220.82,0.21,27.03
218.18,0.82,179.58,0.00,0.00,0.00,217.48,0.21,33.52,215.61,0.21,45.61,219.50,0.19,24.96
218.10,0.83,181.23,0.00,0.00,0.00,217.40,0.22,32.74,214.65,0.21,45.31,216.49,0.20,25.25
219.53,0.82,180.45,0.00,0.00,0.00,218.83,0.21,33.23,216.32,0.21,45.79,215.10,0.19,24.50
219.99,0.83,181.64,0.00,0.00,0.00,219.29,0.21,33.17,214.89,0.21,45.42,217.28,0.20,25.66
217.77,0.83,180.37,0.00,0.00,0.00,217.07,0.21,33.02,216.97,0.21,46.17,215.63,0.20,25.37
217.65,0.82,178.83,0.00,0.00,0.00,216.95,0.21,33.38,212.75,0.21,44.60,216.99,0.20,25.08
217.40,0.82,179.03,0.00,0.00,0.00,216.70,0.21,33.37,215.32,0.21,45.67,215.35,0.19,24.51
217.54,0.82,178.91,0.00,0.00,0.00,216.84,0.21,33.52,212.46,0.21,44.47,215.69,0.20,24.31
221.05,0.83,183.62,0.00,0.00,0.00,220.35,0.21,33.86,214.35,0.21,45.24,216.71,0.20,25.80
217.61,0.83,180.63,0.00,0.00,0.00,216.91,0.22,33.91,216.15,0.21,45.88,216.34,0.20,25.57
220.37,0.83,182.55,0.00,0.00,0.00,219.67,0.21,33.50,219.96,0.21,47.29,216.98,0.20,25.17
217.39,0.83,179.49,0.00,0.00,0.00,216.69,0.22,34.00,214.00,0.21,45.16,214.98,0.20,25.04
220.57,0.82,181.39,0.00,0.00,0.00,219.87,0.21,33.64,215.92,0.21,45.64,216.82,0.19,25.02
217.39,0.83,180.20,0.00,0.00,0.00,216.69,0.21,32.62,211.53,0.21,44.12,214.92,0.20,25.55
216.45,0.83,178.98,0.00,0.00,0.00,215.75,0.21,33.48,215.68,0.21,45.83,218.77,0.20,25.47
219.09,0.82,179.94,0.00,0.00,0.00,218.39,0.21,33.77,214.62,0.21,45.15,214.47,0.19,24.58
219.23,0.83,181.66,0.00,0.00,0.00,218.53,0.21,33.69,216.48,0.21,45.94,215.19,0.20,25.34
219.60,0.83,181.93,0.00,0.00,0.00,218.90,0.21,33.83,214.26,0.21,45.19,214.78,0.20,25.26
220.21,0.83,182.63,0.00,0.00,0.00,219.51,0.22,33.88,214.58,0.21,45.27,217.00,0.20,25.67
217.92,0.83,180.00,0.00,0.00,0.00,217.22,0.21,33.45,216.65,0.21,46.06,215.13,0.20,24.92
219.79,0.83,183.25,0.00,0.00,0.00,219.09,0.22,33.20,219.06,0.21,46.99,214.52,0.20,25.15
219.88,0.82,181.19,0.00,0.00,0.00,219.18,0.22,33.99,213.02,0.21,44.56,215.39,0.20,24.67
219.36,0.83,182.07,0.00,0.00,0.00,218.66,0.21,33.48,217.72,0.21,46.42,219.05,0.20,25.42
218.72,0.83,180.89,0.00,0.00,0.00,218.02,0.21,33.84,214.59,0.21,45.31,215.66,0.20,25.09
216.72,0.83,180.27,0.00,0.00,0.00,216.02,0.21,33.40,216.59,0.21,46.17,217.90,0.20,25.67
219.86,0.82,180.89,0.00,0.00,0.00,219.16,0.21,33.32,217.72,0.21,46.46,213.95,0.19,24.14
219.14,0.83,181.06,0.00,0.00,0.00,218.44,0.21,33.66,213.54,0.21,44.73,215.38,0.20,25.07
218.73,0.83,181.80,0.00,0.00,0.00,218.03,0.22,33.34,215.81,0.21,45.64,215.99,0.20,25.05
218.76,0.83,180.97,0.00,0.00,0.00,218.06,0.21,32.98,215.70,0.21,45.73,219.24,0.20,25.90
222.25,0.82,181.89,0.00,0.00,0.00,221.55,0.22,33.69,213.70,0.21,44.89,214.47,0.19,23.81
217.88,0.82,179.74,0.00,0.00,0.00,217.18,0.22,33.98,213.32,0.21,44.69,214.23,0.20,24.67
220.80,0.83,183.44,0.00,0.00,0.00,220.10,0.21,33.35,216.61,0.21,45.99,216.70,0.20,25.38
220.06,0.83,183.35,0.00,0.00,0.00,219.36,0.21,33.71,213.65,0.21,44.75,215.49,0.21,25.64
219.35,0.83,183.10,0.00,0.00,0.00,218.65,0.21,33.09,217.29,0.21,46.45,220.24,0.21,26.37
218.67,0.83,181.91,0.00,0.00,0.00,217.97,0.22,34.14,218.78,0.21,46.85,216.62,0.20,24.94
219.44,0.82,180.49,0.00,0.00,0.00,218.74,0.21,33.32,214.83,0.21,45.34,215.01,0.20,24.36
217.35,0.83,179.39,0.00,0.00,0.00,216.65,0.22,33.86,217.30,0.21,46.40,218.00,0.19,24.63
221.04,0.82,180.92,0.00,0.00,0.00,220.34,0.22,33.99,212.90,0.21,44.57,216.22,0.19,24.60
217.15,0.83,180.23,0.00,0.00,0.00,216.45,0.22,33.24,215.87,0.21,45.74,215.69,0.20,25.09
219.82,0.83,181.57,0.00,0.00,0.00,219.12,0.21,33.55,215.40,0.21,45.54,216.46,0.20,25.02
218.51,0.83,180.53,0.00,0.00,0.00,217.81,0.21,33.66,215.69,0.21,45.73,215.06,0.20,24.96
217.47,0.83,180.25,0.00,0.00,0.00,216.77,0.21,32.68,214.54,0.21,45.31,217.48,0.20,25.75
218.62,0.82,179.70,0.00,0.00,0.00,217.92,0.21,33.52,214.68,0.21,45.20,214.22,0.19,24.63
217.20,0.83,180.69,0.00,0.00,0.00,216.50,0.21,33.38,215.14,0.21,45.37,216.48,0.20,25.70
219.31,0.83,181.80,0.00,0.00,0.00,218.61,0.21,33.70,217.12,0.21,46.28,215.07,0.20,25.20
216.97,0.82,178.90,0.00,0.00,0.00,216.27,0.21,33.52,217.52,0.21,46.25,215.20,0.19,24.71
218.96,0.83,181.00,0.00,0.00,0.00,218.26,0.21,32.87,215.26,0.21,45.42,215.47,0.20,25.69
219.51,0.83,182.03,0.00,0.00,0.00,218.81,0.22,33.63,218.36,0.21,46.68,217.73,0.20,25.21
217.76,0.83,180.37,0.00,0.00,0.00,217.06,0.21,33.77,217.24,0.21,46.21,216.06,0.20,25.36
218.82,0.83,180.92,0.00,0.00,0.00,218.12,0.21,33.54,214.97,0.21,45.37,215.90,0.20,25.19
218.91,0.83,180.65,0.00,0.00,0.00,218.21,0.21,33.52,213.85,0.21,44.77,217.99,0.20,25.58
218.57,0.83,181.95,0.00,0.00,0.00,217.87,0.22,33.81,217.60,0.21,46.48,215.15,0.20,25.37
219.57,0.83,182.35,0.00,0.00,0.00,218.87,0.21,33.40,215.46,0.21,45.67,215.25,0.20,25.63
218.50,0.82,180.03,0.00,0.00,0.00,217.80,0.21,32.32,213.65,0.21,44.78,215.15,0.20,25.47
219.13,0.82,180.67,0.00,0.00,0.00,218.43,0.21,33.41,214.81,0.21,45.35,215.07,0.20,25.21
218.06,0.83,181.61,0.00,0.00,0.00,217.36,0.21,33.65,213.62,0.21,44.75,216.32,0.21,26.03
219.42,0.83,181.19,0.00,0.00,0.00,218.72,0.21,33.27,214.32,0.21,45.12,219.55,0.20,25.37
218.94,0.83,181.53,0.00,0.00,0.00,218.24,0.21,33.34,215.77,0.21,45.80,216.29,0.20,25.35
216.85,0.83,178.99,0.00,0.00,0.00,216.15,0.22,33.04,212.34,0.21,44.19,215.36,0.20,25.00
217.92,0.84,183.05,0.00,0.00,0.00,217.22,0.21,33.72,218.32,0.21,46.66,218.56,0.21,26.28
214.84,0.84,179.51,0.00,0.00,0.00,214.14,0.21,33.14,215.35,0.21,45.60,221.35,0.21,26.74
219.20,0.83,182.18,0.00,0.00,0.00,218.50,0.22,33.14,215.31,0.21,45.60,215.02,0.20,24.94
219.72,0.82,181.22,0.00,0.00,0.00,219.02,0.21,33.16,214.69,0.21,45.18,214.40,0.20,24.92
217.23,0.82,179.10,0.00,0.00,0.00,216.53,0.21,33.34,213.80,0.21,44.85,214.89,0.20,24.65
219.83,0.83,183.36,0.00,0.00,0.00,219.13,0.22,33.51,215.55,0.21,45.69,214.22,0.20,24.98
219.84,0.83,181.59,0.00,0.00,0.00,219.14,0.22,33.89,216.20,0.21,45.85,216.16,0.19,24.52
217.62,0.82,179.35,0.00,0.00,0.00,216.92,0.21,33.62,213.05,0.21,44.58,215.08,0.20,25.11
220.15,0.83,181.65,0.00,0.00,0.00,219.45,0.21,33.28,216.97,0.21,46.39,221.27,0.20,25.38
219.22,0.82,180.43,0.00,0.00,0.00,218.52,0.21,33.82,214.12,0.21,45.09,214.39,0.19,24.45
218.69,0.83,182.54,0.00,0.00,0.00,217.99,0.21,33.31,217.60,0.21,46.61,219.55,0.20,26.35
217.74,0.82,179.37,0.00,0.00,0.00,217.04,0.22,33.61,214.88,0.21,45.23,216.47,0.20,24.79
220.50,0.83,183.69,0.00,0.00,0.00,219.80,0.22,33.25,215.52,0.21,45.58,217.08,0.20,25.67
217.47,0.83,180.36,0.00,0.00,0.00,216.77,0.21,33.84,214.27,0.21,44.92,214.99,0.20,25.10
217.37,0.82,178.99,0.00,0.00,0.00,216.67,0.21,33.47,214.42,0.21,45.17,216.09,0.20,24.75
216.92,0.83,180.45,0.00,0.00,0.00,216.22,0.21,33.44,217.87,0.21,46.46,215.58,0.20,25.28
219.54,0.83,183.23,0.00,0.00,0.00,218.84,0.21,33.55,218.64,0.21,46.68,216.33,0.20,25.78
218.84,0.82,180.21,0.00,0.00,0.00,218.14,0.21,33.63,218.45,0.21,46.72,214.78,0.19,24.17
219.97,0.83,181.54,0.00,0.00,0.00,219.27,0.21,33.59,213.86,0.21,45.07,215.33,0.20,24.78
220.81,0.83,182.37,0.00,0.00,0.00,220.11,0.21,33.18,214.44,0.21,45.15,216.22,0.20,25.45
219.19,0.83,181.86,0.00,0.00,0.00,218.49,0.21,33.25,216.82,0.21,46.12,217.74,0.20,25.65
218.84,0.83,180.56,0.00,0.00,0.00,218.14,0.22,32.86,216.18,0.21,45.90,216.44,0.19,24.80
218.58,0.83,181.84,0.00,0.00,0.00,217.88,0.21,33.69,218.79,0.21,46.82,215.37,0.20,25.41
220.19,0.83,183.17,0.00,0.00,0.00,219.49,0.21,33.56,217.80,0.21,46.71,219.28,0.20,25.87
220.31,0.82,181.13,0.00,0.00,0.00,219.61,0.21,33.52,215.10,0.21,45.43,215.97,0.19,24.86
218.25,0.83,181.36,0.00,0.00,0.00,217.55,0.21,33.55,215.55,0.21,45.66,221.43,0.20,26.20
219.70,0.82,180.80,0.00,0.00,0.00,219.00,0.21,33.62,215.05,0.21,45.37,215.34,0.19,24.75
217.89,0.82,179.29,0.00,0.00,0.00,217.19,0.21,33.41,216.23,0.21,45.68,215.80,0.19,24.65
220.85,0.82,181.84,0.00,0.00,0.00,220.15,0.21,33.52,215.54,0.21,45.62,214.27,0.19,24.27
220.02,0.82,181.48,0.00,0.00,0.00,219.32,0.22,33.83,214.92,0.21,45.41,214.38,0.20,24.53
218.09,0.83,180.57,0.00,0.00,0.00,217.39,0.22,33.05,214.47,0.21,45.16,216.41,0.20,25.01
217.66,0.83,179.57,0.00,0.00,0.00,216.96,0.22,33.88,211.49,0.21,43.95,213.82,0.20,24.71
219.63,0.83,181.57,0.00,0.00,0.00,218.93,0.22,33.50,214.91,0.21,45.43,219.56,0.20,25.55
219.54,0.83,181.38,0.00,0.00,0.00,218.84,0.21,33.77,213.88,0.21,44.93,216.12,0.20,25.23
218.47,0.82,179.25,0.00,0.00,0.00,217.77,0.21,33.52,213.71,0.21,44.85,213.80,0.19,23.97
219.85,0.82,181.01,0.00,0.00,0.00,219.15,0.21,33.36,214.46,0.21,44.98,216.28,0.20,24.59
218.80,0.83,180.94,0.00,0.00,0.00,218.10,0.21,33.35,214.76,0.21,45.24,215.60,0.20,25.24
219.69,0.83,183.27,0.00,0.00,0.00,218.99,0.21,33.45,216.45,0.21,46.17,218.55,0.20,26.05
221.29,0.83,183.55,0.00,0.00,0.00,220.59,0.21,32.57,218.58,0.21,46.91,216.96,0.20,25.58
218.73,0.83,181.11,0.00,0.00,0.00,218.03,0.22,34.13,218.26,0.21,46.65,216.73,0.20,24.83
219.76,0.83,182.45,0.00,0.00,0.00,219.06,0.21,33.51,217.01,0.21,46.08,215.90,0.20,25.05
218.59,0.83,181.56,0.00,0.00,0.00,217.89,0.22,33.80,217.47,0.21,46.38,216.67,0.20,24.91
219.12,0.83,181.06,0.00,0.00,0.00,218.42,0.21,33.33,215.34,0.21,45.55,216.10,0.20,24.87
219.04,0.83,180.98,0.00,0.00,0.00,218.34,0.21,33.60,214.07,0.21,45.01,215.00,0.20,24.76
219.82,0.82,180.77,0.00,0.00,0.00,219.12,0.21,33.34,213.23,0.21,44.68,215.91,0.20,24.58
219.26,0.83,181.01,0.00,0.00,0.00,218.56,0.21,32.93,216.50,0.21,45.77,220.78,0.20,25.45
219.55,0.82,180.62,0.00,0.00,0.00,218.85,0.21,33.19,212.88,0.21,44.47,214.41,0.20,24.47
218.52,0.83,181.50,0.00,0.00,0.00,217.82,0.22,33.66,217.19,0.21,46.16,215.98,0.20,24.93
217.78,0.82,179.46,0.00,0.00,0.00,217.08,0.22,33.65,217.55,0.21,46.48,215.42,0.19,24.41
219.34,0.83,182.47,0.00,0.00,0.00,218.64,0.21,33.45,215.93,0.21,45.70,219.04,0.20,25.85
218.70,0.83,180.96,0.00,0.00,0.00,218.00,0.21,33.63,219.03,0.21,46.89,214.88,0.20,24.60
216.05,0.82,177.87,0.00,0.00,0.00,215.35,0.21,33.58,215.02,0.21,45.15,214.75,0.20,24.55
217.27,0.82,179.03,0.00,0.00,0.00,216.57,0.21,33.39,214.90,0.21,45.41,215.77,0.20,24.91
217.30,0.83,181.17,0.00,0.00,0.00,216.60,0.21,33.39,217.15,0.21,46.34,218.63,0.20,25.84
220.54,0.83,182.33,0.00,0.00,0.00,219.84,0.22,33.95,214.42,0.21,45.19,216.96,0.20,25.46
219.04,0.83,181.72,0.00,0.00,0.00,218.34,0.21,33.38,217.32,0.21,46.23,216.52,0.20,25.48
218.86,0.82,180.15,0.00,0.00,0.00,218.16,0.21,33.50,215.13,0.21,45.35,214.28,0.20,24.20
219.10,0.82,179.75,0.00,0.00,0.00,218.40,0.21,33.65,213.57,0.21,44.72,221.38,0.19,24.75
217.88,0.83,179.90,0.00,0.00,0.00,217.18,0.21,33.46,217.18,0.21,46.09,217.49,0.20,25.18
218.87,0.82,180.37,0.00,0.00,0.00,218.17,0.21,33.54,214.09,0.21,44.83,216.04,0.20,24.69
219.03,0.83,181.91,0.00,0.00,0.00,218.33,0.21,33.16,219.45,0.21,47.14,216.66,0.20,25.29
219.73,0.83,181.70,0.00,0.00,0.00,219.03,0.21,33.46,216.83,0.21,46.08,216.14,0.20,24.63
220.28,0.83,183.56,0.00,0.00,0.00,219.58,0.21,33.52,216.88,0.21,45.57,218.15,0.20,25.87
219.44,0.82,180.95,0.00,0.00,0.00,218.74,0.21,32.56,216.20,0.21,45.91,215.86,0.20,24.70
219.25,0.83,182.00,0.00,0.00,0.00,218.55,0.21,33.26,217.73,0.21,46.39,216.77,0.20,25.15
219.43,0.83,182.03,0.00,0.00,0.00,218.73,0.21,33.64,217.02,0.21,46.04,217.42,0.20,25.43
218.35,0.83,180.58,0.00,0.00,0.00,217.65,0.21,33.21,214.57,0.21,45.09,216.86,0.20,25.34
217.74,0.83,180.47,0.00,0.00,0.00,217.04,0.21,33.23,217.20,0.21,46.42,218.04,0.20,25.25
218.65,0.83,181.48,0.00,0.00,0.00,217.95,0.21,33.28,214.31,0.21,45.13,215.21,0.20,25.51
217.85,0.82,179.14,0.00,0.00,0.00,217.15,0.21,32.70,214.34,0.21,45.01,214.95,0.20,24.78
218.50,0.83,180.88,0.00,0.00,0.00,217.80,0.21,32.88,213.65,0.21,44.57,217.05,0.20,25.66
219.94,0.83,182.47,0.00,0.00,0.00,219.24,0.21,32.94,217.00,0.21,45.71,219.22,0.20,25.83
215.62,0.83,179.03,0.00,0.00,0.00,214.92,0.21,33.00,215.52,0.21,45.40,217.17,0.20,25.64
216.38,0.83,179.21,0.00,0.00,0.00,215.68,0.21,32.68,216.67,0.21,46.02,218.67,0.20,25.80
218.49,0.82,179.34,0.00,0.00,0.00,217.79,0.21,32.77,212.64,0.21,44.29,212.00,0.20,24.20
216.77,0.82,178.18,0.00,0.00,0.00,216.07,0.21,32.42,214.39,0.21,45.19,213.97,0.20,24.61
215.54,0.82,177.41,0.00,0.00,0.00,214.84,0.21,32.68,212.17,0.21,44.18,214.50,0.20,25.24
215.68,0.83,178.59,0.00,0.00,0.00,214.98,0.21,33.16,213.23,0.21,44.65,214.04,0.20,25.14
215.77,0.83,178.20,0.00,0.00,0.00,215.07,0.21,32.55,214.90,0.21,45.20,215.69,0.20,25.23
218.48,0.82,179.48,0.00,0.00,0.00,217.78,0.21,33.18,213.77,0.21,44.77,214.82,0.20,24.55
219.12,0.82,180.58,0.00,0.00,0.00,218.42,0.21,32.61,215.56,0.21,45.14,218.10,0.20,24.98
213.59,0.83,177.41,0.00,0.00,0.00,212.89,0.21,32.60,217.12,0.21,46.12,218.98,0.20,26.17
217.33,0.83,180.03,0.00,0.00,0.00,216.63,0.21,33.19,215.98,0.21,45.54,214.27,0.20,25.02
217.42,0.83,180.63,0.00,0.00,0.00,216.72,0.21,33.00,215.72,0.21,45.66,215.52,0.20,25.32
215.76,0.83,180.03,0.00,0.00,0.00,215.06,0.21,32.80,212.81,0.21,44.30,215.25,0.21,26.26
217.23,0.83,179.65,0.00,0.00,0.00,216.53,0.21,32.92,213.75,0.21,44.61,213.47,0.20,24.89
217.68,0.82,178.98,0.00,0.00,0.00,216.98,0.21,32.47,213.38,0.21,44.76,215.37,0.20,24.79
216.77,0.82,178.58,0.00,0.00,0.00,216.07,0.21,33.20,214.70,0.21,45.24,215.40,0.20,24.45
216.37,0.82,177.93,0.00,0.00,0.00,215.67,0.21,32.55,213.82,0.21,44.61,214.43,0.20,24.90
218.14,0.82,179.49,0.00,0.00,0.00,217.44,0.21,32.36,213.58,0.21,44.69,217.99,0.20,25.28
217.58,0.83,180.05,0.00,0.00,0.00,216.88,0.21,31.93,213.45,0.21,44.48,213.56,0.21,25.51
216.19,0.82,177.85,0.00,0.00,0.00,215.49,0.21,32.74,237.37,0.21,48.36,213.88,0.20,24.55
215.17,0.82,175.66,0.00,0.00,0.00,214.47,0.21,33.03,212.67,0.21,44.37,213.24,0.19,24.04
216.11,0.82,177.44,0.00,0.00,0.00,215.41,0.21,32.55,213.70,0.21,44.82,215.98,0.20,25.05
217.84,0.83,180.42,0.00,0.00,0.00,217.14,0.21,32.27,215.62,0.21,45.34,217.56,0.20,25.86
218.23,0.83,180.63,0.00,0.00,0.00,217.53,0.21,33.21,213.03,0.21,44.44,215.18,0.20,25.55
216.29,0.83,180.25,0.00,0.00,0.00,215.59,0.21,32.95,216.79,0.21,46.01,217.86,0.21,26.07
216.21,0.82,178.03,0.00,0.00,0.00,215.51,0.21,32.63,214.43,0.21,44.91,217.70,0.20,25.45
217.50,0.82,178.77,0.00,0.00,0.00,216.80,0.21,32.90,212.70,0.21,44.15,213.35,0.20,24.60
216.40,0.84,181.48,0.00,0.00,0.00,215.70,0.21,32.94,213.02,0.21,44.33,216.30,0.21,26.98
214.52,0.82,175.40,0.00,0.00,0.00,213.82,0.21,33.00,210.88,0.21,43.71,214.47,0.19,24.75
216.96,0.80,173.98,0.00,0.00,0.00,216.26,0.21,32.81,211.53,0.21,43.91,213.41,0.18,22.81
216.63,0.82,178.34,0.00,0.00,0.00,215.93,0.21,32.79,218.05,0.21,46.70,214.88,0.19,23.76
217.41,0.81,175.42,0.00,0.00,0.00,216.71,0.21,32.81,213.28,0.21,44.70,213.55,0.18,23.50
215.96,0.83,178.69,0.00,0.00,0.00,215.26,0.21,32.84,211.63,0.21,43.93,213.00,0.20,25.01
216.62,0.83,180.18,0.00,0.00,0.00,215.92,0.21,33.03,217.85,0.21,46.26,216.44,0.20,25.57
216.11,0.81,175.62,0.00,0.00,0.00,215.41,0.21,32.36,213.06,0.21,44.45,215.32,0.19,24.01
217.65,0.83,180.00,0.00,0.00,0.00,216.95,0.21,32.65,215.00,0.21,45.37,214.11,0.20,24.84
215.06,0.82,176.69,0.00,0.00,0.00,214.36,0.21,32.73,213.66,0.21,44.79,216.40,0.20,25.11
218.28,0.82,178.03,0.00,0.00,0.00,217.58,0.21,32.50,212.69,0.21,44.32,217.96,0.19,24.92
218.21,0.82,179.99,0.00,0.00,0.00,217.51,0.21,32.82,211.35,0.21,43.77,213.05,0.20,24.60
215.58,0.82,177.35,0.00,0.00,0.00,214.88,0.21,32.79,213.21,0.21,44.46,215.90,0.20,24.92
214.72,0.84,179.93,0.00,0.00,0.00,214.02,0.21,33.36,214.69,0.21,44.91,215.62,0.21,26.60
216.95,0.82,176.91,0.00,0.00,0.00,216.25,0.21,32.15,210.89,0.21,43.71,212.84,0.20,24.24
211.62,0.82,173.94,0.00,0.00,0.00,210.92,0.21,32.11,212.65,0.21,44.17,213.45,0.20,24.84
215.26,0.82,177.43,0.00,0.00,0.00,214.56,0.21,32.87,211.40,0.21,43.83,213.85,0.20,25.01
217.58,0.82,178.00,0.00,0.00,0.00,216.88,0.21,32.48,215.56,0.21,45.56,211.94,0.19,23.69
213.05,0.83,176.36,0.00,0.00,0.00,212.35,0.21,32.57,213.55,0.21,44.57,217.16,0.21,26.04
217.37,0.82,177.44,0.00,0.00,0.00,216.67,0.21,32.49,210.76,0.21,43.65,212.29,0.20,24.02
214.46,0.83,177.62,0.00,0.00,0.00,213.76,0.21,33.04,214.82,0.21,45.22,216.97,0.20,25.71
216.32,0.80,174.11,0.00,0.00,0.00,215.62,0.21,32.38,211.25,0.21,43.58,215.04,0.19,24.11
216.01,0.82,177.65,0.00,0.00,0.00,215.31,0.21,32.47,213.86,0.21,44.78,212.77,0.20,24.23
213.99,0.83,178.68,0.00,0.00,0.00,213.29,0.21,32.88,217.78,0.21,46.33,216.32,0.21,26.15
215.51,0.83,178.26,0.00,0.00,0.00,214.81,0.21,32.86,211.45,0.21,43.91,211.79,0.20,25.07
215.60,0.84,180.14,0.00,0.00,0.00,214.90,0.21,32.54,214.54,0.21,44.97,212.92,0.21,25.86
213.95,0.83,178.18,0.00,0.00,0.00,213.25,0.21,32.79,213.91,0.21,44.94,214.00,0.21,25.64
215.91,0.84,181.14,0.00,0.00,0.00,215.22,0.21,32.37,214.55,0.21,45.00,217.38,0.22,27.26
212.50,0.81,172.67,0.00,0.00,0.00,211.80,0.21,32.34,212.65,0.21,44.42,214.07,0.19,24.14
215.15,0.80,172.90,0.00,0.00,0.00,214.45,0.21,32.66,211.86,0.21,43.85,214.07,0.18,23.49
214.38,0.83,177.16,0.00,0.00,0.00,213.68,0.21,32.63,213.10,0.21,44.46,216.99,0.20,25.55
217.02,0.81,175.35,0.00,0.00,0.00,216.32,0.21,33.19,216.01,0.21,45.64,216.65,0.18,23.42
218.31,0.83,180.18,0.00,0.00,0.00,217.61,0.21,32.45,214.62,0.21,44.99,213.69,0.20,24.94
218.50,0.80,175.63,0.00,0.00,0.00,217.80,0.21,33.18,214.83,0.21,45.01,213.00,0.18,22.69
216.49,0.83,178.93,0.00,0.00,0.00,215.79,0.21,33.38,212.02,0.21,44.08,214.57,0.20,24.85
216.74,0.82,178.29,0.00,0.00,0.00,216.04,0.22,33.78,217.26,0.21,46.02,214.37,0.19,23.54
215.95,0.81,175.94,0.00,0.00,0.00,215.25,0.21,33.22,212.41,0.21,44.28,213.41,0.19,23.29
218.23,0.83,181.00,0.00,0.00,0.00,217.53,0.21,32.74,215.66,0.21,45.52,217.84,0.20,25.44
218.27,0.83,181.34,0.00,0.00,0.00,217.57,0.21,33.57,214.04,0.21,44.78,214.44,0.20,25.02
217.59,0.82,178.31,0.00,0.00,0.00,216.89,0.21,33.00,214.12,0.21,44.83,213.77,0.19,24.06
217.63,0.83,179.87,0.00,0.00,0.00,216.93,0.21,33.16,214.03,0.21,44.84,214.42,0.20,25.08
217.90,0.82,179.38,0.00,0.00,0.00,217.20,0.21,32.96,214.84,0.21,45.41,215.11,0.20,24.94
218.31,0.83,181.74,0.00,0.00,0.00,217.61,0.21,33.14,213.93,0.21,44.68,215.34,0.21,25.86
218.21,0.81,177.81,0.00,0.00,0.00,217.51,0.21,32.87,215.61,0.21,45.47,218.32,0.19,24.77
218.96,0.81,176.55,0.00,0.00,0.00,218.26,0.21,33.44,215.57,0.21,45.45,215.76,0.18,22.73
217.36,0.82,177.18,0.00,0.00,0.00,216.66,0.21,33.02,215.72,0.21,45.42,219.49,0.19,25.26
219.77,0.83,181.33,0.00,0.00,0.00,219.07,0.21,33.23,215.08,0.21,45.10,221.91,0.20,26.03
218.05,0.81,176.49,0.00,0.00,0.00,217.35,0.21,32.88,216.12,0.21,45.48,216.92,0.18,23.64
216.39,0.83,178.87,0.00,0.00,0.00,215.69,0.21,32.89,216.25,0.21,45.81,217.55,0.20,25.83
218.23,0.82,178.60,0.00,0.00,0.00,217.53,0.21,32.67,216.52,0.21,45.89,218.10,0.19,24.32
219.07,0.82,180.10,0.00,0.00,0.00,218.37,0.21,33.03,214.18,0.21,44.75,216.15,0.20,24.58
216.58,0.83,180.02,0.00,0.00,0.00,215.88,0.21,33.07,215.87,0.21,45.52,218.73,0.20,26.07
217.95,0.83,180.38,0.00,0.00,0.00,217.25,0.21,33.08,214.83,0.21,45.02,217.64,0.20,25.70
219.09,0.83,180.99,0.00,0.00,0.00,218.39,0.21,32.89,215.94,0.21,45.60,218.30,0.20,25.32
218.33,0.82,179.74,0.00,0.00,0.00,217.63,0.21,32.78,215.53,0.21,45.43,215.10,0.20,24.48
216.76,0.82,178.09,0.00,0.00,0.00,216.06,0.21,32.87,213.75,0.21,44.68,215.53,0.20,24.69
215.81,0.82,176.87,0.00,0.00,0.00,215.11,0.21,32.95,210.10,0.21,43.18,214.89,0.20,24.92
215.29,0.82,176.08,0.00,0.00,0.00,214.59,0.21,32.46,211.93,0.21,43.89,213.09,0.20,24.23
214.56,0.82,176.56,0.00,0.00,0.00,213.86,0.21,32.48,212.33,0.21,44.07,213.15,0.20,24.77
213.81,0.82,175.81,0.00,0.00,0.00,213.11,0.21,32.37,214.36,0.21,45.00,216.39,0.20,25.27
219.42,0.82,180.43,0.00,0.00,0.00,218.72,0.21,32.12,214.76,0.21,44.98,212.58,0.20,24.82
215.05,0.82,177.38,0.00,0.00,0.00,214.35,0.21,32.44,213.89,0.21,44.81,216.57,0.20,25.57
213.04,0.82,175.24,0.00,0.00,0.00,212.34,0.21,32.35,213.47,0.21,44.38,216.20,0.20,25.43
215.33,0.82,177.32,0.00,0.00,0.00,214.63,0.21,32.12,213.98,0.21,44.71,214.16,0.20,25.15
214.15,0.82,175.73,0.00,0.00,0.00,213.45,0.21,32.50,215.85,0.21,45.46,213.78,0.20,24.55
213.48,0.82,174.55,0.00,0.00,0.00,212.78,0.21,32.19,212.79,0.21,44.30,213.21,0.20,24.30
215.59,0.82,177.78,0.00,0.00,0.00,214.89,0.21,32.50,213.56,0.21,44.65,216.92,0.20,25.84
216.85,0.82,176.77,0.00,0.00,0.00,216.15,0.21,32.27,209.37,0.20,42.92,212.90,0.20,24.37
216.07,0.82,178.12,0.00,0.00,0.00,215.37,0.21,32.29,217.44,0.21,46.02,215.71,0.20,25.24
218.19,0.82,179.50,0.00,0.00,0.00,217.49,0.21,32.51,215.64,0.21,45.44,213.33,0.20,24.60
216.24,0.83,178.55,0.00,0.00,0.00,215.54,0.21,32.63,213.72,0.21,44.63,214.35,0.20,25.23
217.32,0.82,178.21,0.00,0.00,0.00,216.62,0.21,32.64,212.10,0.21,44.04,214.01,0.20,24.53
215.67,0.82,176.93,0.00,0.00,0.00,214.97,0.21,32.56,214.91,0.21,45.22,218.40,0.20,25.22
215.93,0.82,178.10,0.00,0.00,0.00,215.23,0.21,32.55,214.03,0.21,44.81,215.88,0.20,25.52
218.36,0.82,179.52,0.00,0.00,0.00,217.66,0.21,32.75,210.68,0.21,43.57,213.45,0.20,24.73
216.79,0.82,177.55,0.00,0.00,0.00,216.09,0.21,32.75,215.20,0.21,45.32,216.69,0.19,24.72
216.31,0.82,177.12,0.00,0.00,0.00,215.61,0.21,32.74,214.61,0.21,45.07,215.05,0.19,24.41
215.44,0.82,176.63,0.00,0.00,0.00,214.74,0.21,32.12,212.48,0.21,44.17,213.30,0.20,24.61
214.67,0.81,174.62,0.00,0.00,0.00,213.97,0.21,32.46,213.37,0.21,44.54,213.29,0.19,23.87
216.67,0.82,178.59,0.00,0.00,0.00,215.97,0.21,32.41,212.73,0.21,44.29,214.09,0.20,25.35
214.61,0.81,174.72,0.00,0.00,0.00,213.91,0.21,32.47,210.75,0.21,43.51,212.99,0.19,24.16
214.89,0.81,175.04,0.00,0.00,0.00,214.19,0.21,31.63,213.87,0.21,44.59,213.49,0.19,24.33
215.36,0.82,175.65,0.00,0.00,0.00,214.66,0.21,32.29,214.26,0.21,44.84,213.53,0.19,24.33
216.02,0.82,177.17,0.00,0.00,0.00,215.32,0.21,32.51,215.42,0.21,45.37,215.28,0.20,25.01
216.20,0.82,177.94,0.00,0.00,0.00,215.50,0.21,33.09,215.26,0.21,45.38,217.39,0.20,25.26
217.59,0.82,177.70,0.00,0.00,0.00,216.89,0.21,32.17,211.61,0.21,43.87,214.52,0.20,24.58
217.28,0.83,179.72,0.00,0.00,0.00,216.58,0.21,32.89,216.12,0.21,45.63,216.31,0.20,25.46
217.75,0.82,178.95,0.00,0.00,0.00,217.05,0.21,32.51,215.64,0.21,45.38,216.94,0.20,25.14
214.16,0.82,174.87,0.00,0.00,0.00,213.46,0.21,32.50,212.95,0.21,44.40,214.15,0.19,24.17
213.01,0.81,173.17,0.00,0.00,0.00,212.31,0.21,32.32,211.61,0.21,43.80,213.33,0.19,24.25
215.49,0.82,176.09,0.00,0.00,0.00,214.79,0.21,32.46,215.17,0.21,45.32,212.64,0.19,24.00
214.58,0.82,175.91,0.00,0.00,0.00,213.88,0.21,32.23,216.06,0.21,45.62,215.37,0.20,24.81
217.11,0.82,177.27,0.00,0.00,0.00,216.41,0.21,32.29,213.87,0.21,44.65,213.18,0.19,24.05
216.34,0.82,176.98,0.00,0.00,0.00,215.64,0.21,32.79,215.46,0.21,45.35,214.08,0.19,24.11
217.49,0.82,178.18,0.00,0.00,0.00,216.79,0.21,31.89,213.71,0.21,44.60,213.71,0.20,24.49
215.54,0.82,176.15,0.00,0.00,0.00,214.84,0.21,32.81,211.59,0.21,43.79,214.86,0.20,24.32
214.07,0.82,174.96,0.00,0.00,0.00,213.37,0.21,32.28,211.91,0.21,44.04,212.52,0.20,24.46
214.90,0.82,176.24,0.00,0.00,0.00,214.20,0.21,32.06,214.45,0.21,44.86,216.28,0.20,25.38
214.40,0.82,175.63,0.00,0.00,0.00,213.70,0.21,32.65,210.38,0.20,43.30,213.70,0.20,24.17
220.74,0.82,181.79,0.00,0.00,0.00,220.04,0.21,32.14,214.52,0.21,44.94,217.69,0.20,25.06
217.20,0.84,182.40,0.00,0.00,0.00,216.50,0.21,32.97,215.10,0.21,45.11,212.20,0.21,25.14
219.14,0.83,181.26,0.00,0.00,0.00,218.44,0.21,32.42,215.23,0.21,45.18,213.81,0.20,24.09
216.18,0.83,179.93,0.00,0.00,0.00,215.48,0.21,32.73,211.87,0.21,43.58,214.52,0.21,25.05
216.03,0.83,180.08,0.00,0.00,0.00,215.33,0.21,32.09,214.68,0.21,44.98,214.86,0.21,25.95
215.82,0.83,179.17,0.00,0.00,0.00,215.12,0.21,32.57,213.15,0.21,44.41,214.71,0.21,25.47
217.15,0.83,181.05,0.00,0.00,0.00,216.45,0.21,32.17,212.87,0.21,44.35,213.13,0.21,26.15
215.44,0.84,180.38,0.00,0.00,0.00,214.74,0.21,32.17,213.21,0.21,44.44,214.57,0.22,26.38
213.85,0.82,175.98,0.00,0.00,0.00,213.15,0.21,32.15,212.67,0.21,44.31,216.44,0.20,24.64
217.98,0.82,179.37,0.00,0.00,0.00,217.28,0.21,32.27,216.58,0.21,45.84,213.84,0.20,24.45
214.24,0.82,175.61,0.00,0.00,0.00,213.54,0.21,32.36,211.56,0.21,43.81,213.43,0.20,24.63
214.84,0.82,175.79,0.00,0.00,0.00,214.14,0.21,32.00,214.41,0.21,44.87,214.99,0.20,25.03
217.86,0.82,179.15,0.00,0.00,0.00,217.16,0.21,32.45,213.71,0.21,44.48,214.40,0.20,25.02
215.79,0.82,177.74,0.00,0.00,0.00,215.09,0.21,32.68,212.82,0.21,44.12,216.70,0.20,25.96
219.55,0.81,178.39,0.00,0.00,0.00,218.85,0.21,32.02,213.38,0.21,44.26,213.56,0.19,23.70
215.63,0.82,176.16,0.00,0.00,0.00,214.93,0.21,32.76,214.37,0.21,44.95,217.02,0.19,24.55
215.62,0.81,175.09,0.00,0.00,0.00,214.92,0.21,32.19,213.61,0.21,44.53,212.82,0.19,23.78
215.26,0.83,178.01,0.00,0.00,0.00,214.56,0.21,32.51,213.87,0.21,44.75,217.42,0.20,26.07
215.83,0.82,176.08,0.00,0.00,0.00,215.13,0.21,32.22,211.47,0.21,43.62,214.61,0.20,24.38
215.95,0.82,177.65,0.00,0.00,0.00,215.25,0.21,32.17,215.99,0.21,45.45,215.79,0.20,24.51
214.34,0.82,175.78,0.00,0.00,0.00,213.64,0.21,32.37,212.66,0.21,44.31,211.76,0.20,24.54
214.16,0.82,176.21,0.00,0.00,0.00,213.46,0.21,31.93,214.68,0.21,45.23,216.87,0.20,25.53
215.29,0.83,178.26,0.00,0.00,0.00,214.59,0.21,32.48,214.39,0.21,44.92,218.05,0.20,26.38
218.08,0.81,177.26,0.00,0.00,0.00,217.38,0.21,32.13,211.33,0.21,43.72,214.89,0.19,23.78
213.69,0.82,174.31,0.00,0.00,0.00,212.99,0.21,32.28,213.60,0.21,44.66,213.95,0.19,23.56
213.70,0.81,173.75,0.00,0.00,0.00,213.00,0.21,32.38,209.98,0.21,43.24,215.36,0.19,23.39
215.48,0.82,176.01,0.00,0.00,0.00,214.78,0.21,31.75,212.40,0.21,44.01,213.11,0.20,25.16
215.21,0.82,175.94,0.00,0.00,0.00,214.51,0.21,32.55,211.07,0.21,43.53,213.78,0.20,24.32
213.74,0.82,174.36,0.00,0.00,0.00,213.04,0.21,32.53,214.31,0.21,44.76,213.63,0.19,24.16
216.37,0.82,177.72,0.00,0.00,0.00,215.67,0.21,32.01,211.46,0.21,43.71,213.23,0.20,25.13
213.66,0.82,175.62,0.00,0.00,0.00,212.96,0.21,32.43,215.11,0.21,45.12,213.89,0.20,24.47
215.87,0.82,176.41,0.00,0.00,0.00,215.17,0.21,32.45,212.76,0.21,44.18,211.98,0.20,24.44
216.47,0.82,177.03,0.00,0.00,0.00,215.77,0.21,32.03,210.96,0.21,43.56,212.75,0.20,24.93
215.56,0.83,177.89,0.00,0.00,0.00,214.86,0.21,32.41,213.70,0.21,44.76,216.26,0.20,25.62
217.76,0.82,177.90,0.00,0.00,0.00,217.06,0.21,31.49,210.97,0.21,43.66,214.12,0.20,24.46
215.30,0.82,176.70,0.00,0.00,0.00,214.60,0.21,32.27,213.05,0.21,44.44,212.55,0.20,24.38
215.83,0.82,176.81,0.00,0.00,0.00,215.13,0.21,31.86,214.78,0.21,45.01,211.79,0.20,24.54
215.88,0.82,177.30,0.00,0.00,0.00,215.18,0.21,32.11,212.54,0.21,44.18,216.65,0.20,25.43
216.33,0.82,178.36,0.00,0.00,0.00,215.63,0.21,32.82,215.61,0.21,45.18,212.04,0.20,24.32
212.60,0.83,176.10,0.00,0.00,0.00,211.90,0.21,32.38,214.63,0.21,44.90,216.43,0.21,25.35
215.92,0.83,178.54,0.00,0.00,0.00,215.22,0.21,32.11,215.27,0.21,45.23,217.68,0.20,25.46
215.02,0.82,177.17,0.00,0.00,0.00,214.32,0.21,32.44,212.19,0.21,43.99,214.89,0.20,25.08
216.65,0.82,178.30,0.00,0.00,0.00,215.95,0.21,31.94,212.39,0.21,44.17,214.07,0.20,24.49
215.76,0.82,177.99,0.00,0.00,0.00,215.06,0.21,32.50,215.33,0.21,45.31,214.17,0.20,24.25
218.99,0.82,180.37,0.00,0.00,0.00,218.29,0.21,32.02,212.70,0.21,44.18,213.76,0.20,24.99
214.57,0.83,177.23,0.00,0.00,0.00,213.87,0.21,32.32,214.87,0.21,45.03,213.22,0.20,24.76
214.80,0.83,177.44,0.00,0.00,0.00,214.10,0.21,32.55,212.94,0.21,44.39,212.35,0.20,24.49
215.43,0.83,178.23,0.00,0.00,0.00,214.73,0.21,32.42,217.02,0.21,45.92,214.90,0.20,24.59
217.26,0.83,179.36,0.00,0.00,0.00,216.56,0.21,32.23,211.79,0.21,43.82,213.98,0.20,24.86
215.98,0.82,177.93,0.00,0.00,0.00,215.28,0.21,32.48,214.14,0.21,44.73,212.52,0.20,24.49
217.97,0.83,179.83,0.00,0.00,0.00,217.27,0.21,32.23,212.49,0.21,44.27,214.56,0.20,24.74
214.77,0.82,176.75,0.00,0.00,0.00,214.07,0.21,32.45,210.75,0.21,43.25,214.86,0.20,24.67
214.77,0.83,177.45,0.00,0.00,0.00,214.07,0.21,32.65,214.17,0.21,44.95,216.91,0.20,25.26
217.34,0.82,178.88,0.00,0.00,0.00,216.64,0.21,32.39,211.97,0.21,43.84,214.69,0.20,24.46
215.84,0.83,178.78,0.00,0.00,0.00,215.14,0.21,32.52,214.95,0.21,45.13,214.34,0.20,24.93
213.69,0.82,175.50,0.00,0.00,0.00,212.99,0.21,32.17,212.42,0.21,44.13,212.53,0.20,24.17
215.39,0.83,178.15,0.00,0.00,0.00,214.69,0.21,32.20,215.12,0.21,45.30,216.68,0.20,25.05
217.92,0.82,178.76,0.00,0.00,0.00,217.22,0.21,32.23,211.01,0.21,43.56,212.38,0.20,24.36
216.34,0.83,178.79,0.00,0.00,0.00,215.64,0.21,32.20,215.36,0.21,45.19,213.88,0.20,24.81
216.88,0.83,178.97,0.00,0.00,0.00,216.18,0.21,32.22,215.22,0.21,45.18,217.34,0.20,25.36
217.20,0.82,179.11,0.00,0.00,0.00,216.50,0.21,32.33,214.10,0.21,44.70,213.77,0.20,24.67
215.81,0.82,177.91,0.00,0.00,0.00,215.11,0.21,31.93,212.58,0.21,43.97,213.10,0.20,24.84
213.92,0.82,176.25,0.00,0.00,0.00,213.22,0.21,32.21,213.16,0.21,44.31,215.90,0.20,25.37
215.06,0.82,176.66,0.00,0.00,0.00,214.36,0.21,32.41,213.30,0.21,44.33,211.97,0.20,23.81
216.67,0.82,177.85,0.00,0.00,0.00,215.97,0.21,32.16,211.33,0.21,43.68,213.02,0.20,24.24
215.10,0.83,177.93,0.00,0.00,0.00,214.40,0.21,31.78,214.62,0.21,44.87,214.74,0.21,25.39
216.52,0.83,179.01,0.00,0.00,0.00,215.82,0.21,32.36,214.48,0.21,44.81,215.48,0.20,25.25
215.32,0.82,177.35,0.00,0.00,0.00,214.62,0.21,32.48,212.56,0.21,44.02,213.48,0.20,24.72
216.62,0.83,179.03,0.00,0.00,0.00,215.92,0.21,32.32,215.77,0.21,45.46,214.11,0.20,24.90
215.51,0.83,177.91,0.00,0.00,0.00,214.81,0.21,32.08,212.75,0.21,44.25,213.50,0.20,24.94
215.37,0.83,178.47,0.00,0.00,0.00,214.67,0.21,32.62,215.46,0.21,45.50,215.96,0.20,25.22
216.95,0.82,178.60,0.00,0.00,0.00,216.25,0.21,31.93,212.81,0.21,44.30,213.21,0.20,24.52
214.67,0.83,177.89,0.00,0.00,0.00,213.97,0.21,32.49,215.37,0.21,45.24,216.66,0.21,25.59
215.96,0.83,178.58,0.00,0.00,0.00,215.26,0.21,32.28,214.31,0.21,44.70,216.16,0.20,25.37
219.04,0.82,179.85,0.00,0.00,0.00,218.34,0.21,32.25,213.07,0.21,44.42,212.58,0.20,24.13
214.90,0.82,176.09,0.00,0.00,0.00,214.20,0.21,32.27,208.77,0.20,42.61,215.00,0.20,24.92
215.20,0.82,176.57,0.00,0.00,0.00,214.50,0.21,32.13,213.53,0.21,44.65,211.80,0.20,23.80
213.70,0.82,175.89,0.00,0.00,0.00,213.00,0.21,31.97,215.48,0.21,45.17,217.41,0.20,25.12
216.21,0.82,177.52,0.00,0.00,0.00,215.51,0.21,32.35,210.89,0.21,43.51,211.86,0.20,24.12
216.48,0.82,178.32,0.00,0.00,0.00,215.78,0.21,31.68,213.82,0.21,44.59,214.80,0.20,24.93
214.94,0.82,175.90,0.00,0.00,0.00,214.24,0.21,32.62,212.06,0.21,44.02,212.27,0.20,24.16
214.64,0.83,178.70,0.00,0.00,0.00,213.94,0.21,32.36,216.61,0.21,45.84,217.05,0.21,25.81
215.74,0.82,177.24,0.00,0.00,0.00,215.04,0.21,31.83,213.30,0.21,44.57,214.30,0.20,24.76
213.85,0.82,175.59,0.00,0.00,0.00,213.15,0.21,32.63,212.90,0.21,44.17,213.81,0.20,24.21
220.98,0.84,185.21,0.00,0.00,0.00,220.28,0.21,32.40,213.82,0.21,44.68,216.34,0.21,26.85
218.45,0.83,181.34,0.00,0.00,0.00,217.75,0.21,31.99,213.88,0.21,44.63,214.98,0.21,25.41
217.95,0.82,179.31,0.00,0.00,0.00,217.25,0.21,32.15,214.15,0.21,44.87,215.56,0.20,24.05
215.81,0.84,180.81,0.00,0.00,0.00,215.11,0.21,32.23,214.69,0.21,45.13,213.29,0.21,26.27
215.01,0.81,174.31,0.00,0.00,0.00,214.31,0.21,32.69,217.20,0.21,45.95,215.19,0.18,22.85
218.58,0.82,179.02,0.00,0.00,0.00,217.88,0.21,32.34,214.30,0.21,44.91,214.27,0.20,23.40
215.94,0.83,178.35,0.00,0.00,0.00,215.24,0.21,32.11,213.50,0.21,44.55,215.68,0.20,25.06
218.00,0.83,180.55,0.00,0.00,0.00,217.30,0.21,32.47,212.17,0.21,44.01,215.32,0.21,25.12
215.78,0.82,177.71,0.00,0.00,0.00,215.08,0.21,32.34,214.69,0.21,45.01,215.86,0.20,24.35
215.18,0.81,173.44,0.00,0.00,0.00,214.48,0.21,32.48,216.44,0.21,45.81,218.86,0.18,22.75
217.84,0.85,185.32,0.00,0.00,0.00,217.14,0.21,32.26,214.12,0.21,44.70,218.32,0.23,28.61
217.53,0.80,174.36,0.00,0.00,0.00,216.83,0.21,32.16,214.08,0.21,44.72,214.33,0.18,22.71
215.62,0.83,179.64,0.00,0.00,0.00,214.92,0.21,32.59,211.52,0.21,43.67,216.47,0.21,26.37
216.11,0.81,175.25,0.00,0.00,0.00,215.41,0.21,32.08,215.37,0.21,45.23,216.05,0.19,23.96
218.47,0.84,183.31,0.00,0.00,0.00,217.77,0.21,32.92,218.39,0.21,46.37,217.26,0.21,25.93
216.05,0.83,180.00,0.00,0.00,0.00,215.35,0.21,32.76,216.84,0.21,45.90,218.20,0.21,25.52
218.07,0.81,176.37,0.00,0.00,0.00,217.37,0.21,32.55,215.42,0.21,45.34,213.96,0.18,23.73
214.87,0.83,177.63,0.00,0.00,0.00,214.17,0.21,32.62,216.49,0.21,45.75,217.67,0.20,25.82
217.44,0.83,179.69,0.00,0.00,0.00,216.74,0.21,32.30,213.81,0.21,44.69,215.36,0.20,25.77
213.77,0.80,171.25,0.00,0.00,0.00,213.07,0.21,31.97,214.25,0.21,45.09,218.34,0.18,22.87
217.27,0.80,173.18,0.00,0.00,0.00,216.57,0.21,31.97,213.57,0.21,44.67,215.15,0.18,22.64
215.58,0.82,176.12,0.00,0.00,0.00,214.88,0.21,32.40,213.51,0.21,44.57,212.73,0.19,23.60
212.85,0.81,172.91,0.00,0.00,0.00,212.15,0.21,31.92,216.58,0.21,45.73,218.38,0.19,23.70
214.57,0.84,179.41,0.00,0.00,0.00,213.87,0.21,32.12,216.78,0.21,45.86,217.25,0.21,27.18
215.22,0.84,181.09,0.00,0.00,0.00,214.52,0.21,32.28,216.64,0.21,45.70,215.93,0.22,27.29
216.46,0.83,179.34,0.00,0.00,0.00,215.76,0.21,32.42,212.97,0.21,44.44,214.17,0.21,24.99
216.93,0.81,175.94,0.00,0.00,0.00,216.23,0.21,32.17,212.86,0.21,44.25,217.43,0.19,24.19
216.09,0.82,177.38,0.00,0.00,0.00,215.39,0.21,32.51,214.74,0.21,45.03,213.48,0.20,23.65
215.86,0.81,173.96,0.00,0.00,0.00,215.16,0.21,32.20,213.63,0.21,44.70,217.50,0.18,23.28
218.36,0.81,176.02,0.00,0.00,0.00,217.66,0.21,32.72,211.24,0.21,43.58,211.89,0.18,23.27
216.72,0.81,175.97,0.00,0.00,0.00,216.02,0.21,32.19,214.93,0.21,45.12,214.38,0.19,22.89
213.90,0.82,174.77,0.00,0.00,0.00,213.20,0.21,31.76,215.15,0.21,45.28,216.27,0.19,24.80
219.20,0.82,178.90,0.00,0.00,0.00,218.50,0.21,32.41,214.06,0.21,44.65,215.84,0.19,24.65
216.61,0.83,179.95,0.00,0.00,0.00,215.91,0.21,32.21,214.65,0.21,45.06,214.80,0.21,26.17
215.42,0.81,175.55,0.00,0.00,0.00,214.72,0.21,31.74,214.85,0.21,45.11,218.18,0.19,24.23
216.65,0.81,175.38,0.00,0.00,0.00,215.95,0.21,32.04,211.78,0.21,43.80,217.47,0.19,23.73
217.03,0.81,175.84,0.00,0.00,0.00,216.33,0.21,31.79,212.96,0.21,44.35,213.40,0.19,23.46
217.18,0.82,178.04,0.00,0.00,0.00,216.48,0.21,32.11,212.86,0.21,44.02,213.07,0.20,24.41
216.37,0.82,176.36,0.00,0.00,0.00,215.67,0.21,32.04,213.58,0.21,44.46,217.24,0.19,24.41
216.08,0.82,177.50,0.00,0.00,0.00,215.38,0.21,32.68,213.09,0.21,44.39,217.69,0.20,24.63
214.62,0.81,174.68,0.00,0.00,0.00,213.92,0.21,31.61,213.56,0.21,44.58,215.75,0.19,24.27
215.82,0.82,175.99,0.00,0.00,0.00,215.12,0.21,32.17,213.73,0.21,44.45,214.11,0.19,23.69
216.20,0.81,176.02,0.00,0.00,0.00,215.50,0.21,31.86,211.82,0.21,43.86,213.57,0.19,23.14
214.86,0.82,176.42,0.00,0.00,0.00,214.16,0.21,31.77,212.55,0.21,44.19,213.31,0.20,24.30
214.60,0.82,176.13,0.00,0.00,0.00,213.90,0.21,31.84,212.61,0.21,44.21,211.63,0.20,24.21
215.35,0.82,177.08,0.00,0.00,0.00,214.65,0.21,32.23,210.31,0.21,43.36,213.06,0.20,24.81
213.99,0.82,175.15,0.00,0.00,0.00,213.29,0.21,32.32,213.64,0.21,44.45,213.02,0.20,24.09
213.82,0.82,175.10,0.00,0.00,0.00,213.12,0.21,31.77,213.34,0.21,44.53,212.97,0.20,24.16
218.46,0.83,180.95,0.00,0.00,0.00,217.76,0.21,32.25,215.53,0.21,45.58,215.57,0.20,25.30
217.44,0.81,177.10,0.00,0.00,0.00,216.74,0.21,32.10,212.12,0.21,44.08,213.41,0.19,23.88
212.83,0.82,174.26,0.00,0.00,0.00,212.13,0.21,31.47,213.68,0.21,44.21,213.44,0.20,24.77
217.30,0.82,178.94,0.00,0.00,0.00,216.60,0.21,32.09,212.42,0.21,44.16,218.09,0.20,26.11
216.94,0.82,177.00,0.00,0.00,0.00,216.24,0.21,32.18,212.76,0.21,44.18,215.84,0.19,24.95
215.96,0.82,178.11,0.00,0.00,0.00,215.26,0.21,31.87,214.00,0.21,44.60,214.84,0.20,26.71
217.19,0.83,180.66,0.00,0.00,0.00,216.49,0.21,32.27,212.69,0.21,44.14,215.47,0.21,26.95
214.95,0.82,175.92,0.00,0.00,0.00,214.25,0.21,32.00,213.13,0.21,44.40,215.80,0.20,25.17
215.66,0.81,174.63,0.00,0.00,0.00,214.96,0.21,31.61,212.69,0.21,44.06,212.87,0.19,24.33
215.04,0.80,172.52,0.00,0.00,0.00,214.34,0.21,31.85,210.80,0.21,43.37,213.25,0.18,21.77
215.86,0.80,173.17,0.00,0.00,0.00,215.16,0.21,31.68,214.56,0.21,44.87,213.81,0.18,21.09
214.02,0.80,172.08,0.00,0.00,0.00,213.32,0.21,32.09,214.10,0.21,44.80,214.37,0.18,22.07
217.44,0.82,177.42,0.00,0.00,0.00,216.74,0.21,32.19,214.75,0.21,44.96,212.84,0.19,23.33
216.49,0.81,176.14,0.00,0.00,0.00,215.79,0.21,32.09,212.56,0.21,44.34,213.89,0.19,23.56
214.74,0.82,176.69,0.00,0.00,0.00,214.04,0.21,32.21,211.81,0.21,43.85,213.58,0.20,25.81
215.94,0.82,176.27,0.00,0.00,0.00,215.24,0.21,32.40,211.92,0.21,43.82,212.06,0.20,24.22
216.64,0.82,176.81,0.00,0.00,0.00,215.94,0.21,32.23,213.73,0.21,44.44,217.79,0.19,24.75
214.71,0.81,172.93,0.00,0.00,0.00,214.01,0.21,32.46,212.35,0.21,43.95,212.45,0.18,22.13
216.37,0.83,179.13,0.00,0.00,0.00,215.67,0.21,31.96,214.56,0.21,44.92,216.81,0.21,26.13
217.82,0.82,178.91,0.00,0.00,0.00,217.12,0.21,32.22,214.45,0.21,44.81,211.08,0.20,24.11
217.31,0.82,178.77,0.00,0.00,0.00,216.61,0.21,31.96,215.14,0.21,45.07,215.43,0.20,25.63
214.57,0.82,176.94,0.00,0.00,0.00,213.87,0.21,32.47,213.04,0.21,44.24,214.99,0.20,25.75
214.85,0.82,175.80,0.00,0.00,0.00,214.15,0.21,31.84,213.80,0.21,44.64,216.82,0.20,25.13
214.77,0.82,175.78,0.00,0.00,0.00,214.07,0.21,32.16,212.92,0.21,44.39,216.78,0.20,25.18
217.59,0.82,178.50,0.00,0.00,0.00,216.89,0.21,30.52,216.37,0.21,45.67,212.87,0.20,24.40
213.47,0.82,174.96,0.00,0.05,0.00,212.77,0.14,16.02,210.49,0.21,43.86,214.85,0.21,25.66
215.73,0.62,133.47,0.00,0.00,0.00,0.00,0.00,0.00,212.64,0.21,43.74,214.28,0.21,25.21
219.17,0.61,134.69,0.00,0.00,0.00,0.00,0.00,0.00,212.84,0.21,44.17,215.00,0.20,24.96
215.17,0.61,130.41,0.00,0.00,0.00,0.00,0.00,0.00,214.36,0.21,44.67,213.32,0.19,24.13
214.06,0.61,130.30,0.00,0.00,0.00,0.00,0.00,0.00,215.73,0.21,45.67,214.11,0.19,24.45
219.99,0.61,133.43,0.00,0.00,0.00,0.00,0.00,0.00,213.33,0.21,44.53,213.51,0.20,24.60
215.72,0.60,129.61,0.00,0.00,0.00,0.00,0.00,0.00,211.78,0.21,43.83,212.68,0.19,24.25
216.56,0.61,131.33,0.00,0.00,0.00,0.00,0.00,0.00,214.23,0.21,45.02,216.38,0.19,25.23
216.99,0.61,133.12,0.00,0.00,0.00,0.00,0.00,0.00,214.30,0.21,44.88,212.37,0.20,24.45
214.32,0.61,130.12,0.00,0.00,0.00,0.00,0.00,0.00,210.60,0.21,43.53,214.38,0.20,24.27
216.52,0.62,134.35,0.00,0.00,0.00,0.00,0.00,0.00,213.75,0.21,44.45,213.00,0.21,24.86
216.47,0.62,134.04,0.00,0.00,0.00,0.00,0.00,0.00,215.98,0.21,45.57,217.24,0.21,25.20
216.31,0.61,130.99,0.00,0.00,0.00,0.00,0.00,0.00,213.38,0.21,43.64,215.13,0.19,23.23
218.12,0.62,135.36,0.00,0.00,0.00,0.00,0.00,0.00,211.19,0.21,43.73,216.41,0.21,26.37
218.04,0.63,136.29,0.00,0.00,0.00,0.00,0.00,0.00,213.97,0.21,44.72,213.79,0.21,26.06
213.73,0.61,131.21,0.00,0.00,0.00,0.00,0.00,0.00,213.82,0.21,44.67,213.00,0.20,24.29
216.03,0.61,131.09,0.00,0.00,0.00,0.00,0.00,0.00,213.93,0.21,44.89,215.94,0.19,23.48
216.51,0.60,130.66,0.00,0.00,0.00,0.00,0.00,0.00,213.10,0.21,44.37,214.94,0.19,23.53
216.51,0.61,132.49,0.00,0.00,0.00,0.00,0.00,0.00,212.03,0.21,44.05,213.50,0.20,24.45
216.48,0.61,131.33,0.00,0.00,0.00,0.00,0.00,0.00,212.15,0.21,44.10,214.33,0.20,24.25
216.76,0.60,131.07,0.00,0.00,0.00,0.00,0.00,0.00,212.45,0.21,44.22,214.09,0.19,23.62
212.07,0.60,128.05,0.00,0.00,0.00,0.00,0.00,0.00,213.82,0.21,44.54,215.06,0.19,23.46
216.16,0.60,130.74,0.00,0.00,0.00,0.00,0.00,0.00,215.15,0.21,45.14,215.28,0.19,24.52
216.36,0.61,132.82,0.00,0.00,0.00,0.00,0.00,0.00,214.79,0.21,45.05,214.08,0.20,25.05
217.04,0.61,132.54,0.00,0.00,0.00,0.00,0.00,0.00,213.87,0.21,44.73,216.79,0.20,25.58
219.12,0.62,135.56,0.00,0.00,0.00,0.00,0.00,0.00,213.51,0.21,44.68,215.63,0.21,25.07
218.10,0.61,133.41,0.00,0.00,0.00,0.00,0.00,0.00,214.35,0.21,45.05,214.96,0.20,24.10
216.64,0.59,128.77,0.00,0.00,0.00,0.00,0.00,0.00,213.22,0.21,44.41,213.49,0.18,23.82
218.55,0.62,134.75,0.00,0.00,0.00,0.00,0.00,0.00,212.51,0.21,43.97,213.87,0.21,25.92
219.60,0.59,129.87,0.00,0.00,0.00,0.00,0.00,0.00,213.17,0.21,44.35,213.97,0.18,22.64
218.41,0.60,129.97,0.00,0.00,0.00,0.00,0.00,0.00,214.95,0.21,45.16,214.28,0.18,22.83
215.70,0.60,129.65,0.00,0.00,0.00,0.00,0.00,0.00,214.27,0.21,44.85,217.49,0.19,24.23
217.00,0.61,133.28,0.00,0.00,0.00,0.00,0.00,0.00,214.89,0.21,45.13,214.25,0.20,24.87
214.60,0.61,130.77,0.00,0.00,0.00,0.00,0.00,0.00,213.45,0.21,44.58,214.06,0.20,25.04
215.70,0.61,131.03,0.00,0.00,0.00,0.00,0.00,0.00,213.48,0.21,44.51,214.31,0.20,24.69
215.36,0.61,130.65,0.00,0.00,0.00,0.00,0.00,0.00,213.40,0.21,44.47,214.01,0.20,24.14
217.86,0.61,132.62,0.00,0.00,0.00,0.00,0.00,0.00,215.53,0.21,45.39,218.00,0.20,25.26
217.96,0.60,130.64,0.00,0.00,0.00,0.00,0.00,0.00,214.37,0.21,44.99,217.36,0.19,23.78
220.30,0.61,135.25,0.00,0.00,0.00,0.00,0.00,0.00,215.37,0.21,44.99,218.03,0.20,25.48
216.56,0.61,131.91,0.00,0.00,0.00,0.00,0.00,0.00,214.66,0.21,44.93,215.25,0.20,24.73
217.01,0.60,131.06,0.00,0.00,0.00,0.00,0.00,0.00,213.83,0.21,44.47,212.53,0.19,24.30
215.72,0.61,131.43,0.00,0.00,0.00,0.00,0.00,0.00,213.18,0.21,44.47,213.70,0.20,24.43
214.80,0.61,131.84,0.00,0.00,0.00,0.00,0.00,0.00,214.10,0.21,44.80,217.64,0.20,25.84
216.82,0.61,131.66,0.00,0.00,0.00,0.00,0.00,0.00,209.84,0.20,43.11,213.86,0.20,24.44
215.97,0.61,131.89,0.00,0.00,0.00,0.00,0.00,0.00,213.36,0.21,44.47,214.48,0.20,24.53
220.32,0.61,134.57,0.00,0.00,0.00,0.00,0.00,0.00,214.78,0.21,44.96,213.27,0.20,24.49
218.70,0.61,133.90,0.00,0.00,0.00,0.00,0.00,0.00,214.25,0.21,44.78,214.09,0.20,24.50
215.15,0.61,132.00,0.00,0.00,0.00,0.00,0.00,0.00,212.33,0.21,43.96,212.88,0.20,24.41
220.37,0.60,133.18,0.00,0.00,0.00,0.00,0.00,0.00,211.92,0.21,43.67,213.00,0.20,24.23
216.67,0.62,134.27,0.00,0.00,0.00,0.00,0.00,0.00,216.99,0.21,45.96,218.42,0.20,26.44
218.33,0.61,132.33,0.00,0.00,0.00,0.00,0.00,0.00,213.24,0.21,44.50,214.17,0.19,24.59
214.05,0.60,129.46,0.00,0.00,0.00,0.00,0.00,0.00,214.04,0.21,44.64,213.10,0.19,23.87
213.34,0.60,129.00,0.00,0.00,0.00,0.00,0.00,0.00,212.30,0.21,44.11,210.61,0.19,23.66
216.32,0.61,131.20,0.00,0.00,0.00,0.00,0.00,0.00,212.14,0.21,43.91,213.80,0.20,24.32
216.67,0.61,132.22,0.00,0.00,0.00,0.00,0.00,0.00,211.55,0.21,43.97,213.57,0.20,25.07
215.10,0.61,130.46,0.00,0.00,0.00,0.00,0.00,0.00,212.29,0.21,43.91,215.07,0.20,24.30
216.50,0.61,131.85,0.00,0.00,0.00,0.00,0.00,0.00,212.11,0.21,44.15,210.77,0.20,23.91
214.01,0.62,131.88,0.00,0.00,0.00,0.00,0.00,0.00,214.16,0.21,44.82,217.57,0.20,25.64
218.34,0.62,134.61,0.00,0.00,0.00,0.00,0.00,0.00,212.24,0.21,44.02,216.29,0.21,25.67
218.72,0.61,133.46,0.00,0.00,0.00,0.00,0.00,0.00,211.87,0.21,43.98,213.71,0.20,24.67
215.46,0.61,132.01,0.00,0.00,0.00,0.00,0.00,0.00,214.97,0.21,44.81,213.06,0.20,24.42
218.60,0.61,134.02,0.00,0.00,0.00,0.00,0.00,0.00,213.35,0.21,44.27,215.69,0.20,25.32
219.63,0.61,135.05,0.00,0.00,0.00,0.00,0.00,0.00,214.40,0.21,44.75,216.26,0.20,25.80
217.94,0.61,133.59,0.00,0.00,0.00,0.00,0.00,0.00,215.71,0.21,45.39,213.90,0.20,24.55
215.71,0.61,130.76,0.00,0.00,0.00,0.00,0.00,0.00,212.52,0.21,44.04,212.92,0.20,24.23
214.12,0.61,130.85,0.00,0.00,0.00,0.00,0.00,0.00,213.87,0.21,44.62,212.56,0.20,24.29
214.59,0.61,131.54,0.00,0.00,0.00,0.00,0.00,0.00,214.25,0.21,44.96,215.33,0.20,25.49
217.44,0.61,132.76,0.00,0.00,0.00,0.00,0.00,0.00,214.43,0.21,44.87,213.18,0.20,24.59
216.29,0.61,132.74,0.00,0.00,0.00,0.00,0.00,0.00,215.21,0.21,45.20,216.84,0.20,25.44
215.64,0.61,131.95,0.00,0.00,0.00,0.00,0.00,0.00,216.08,0.21,45.56,214.26,0.20,24.65
216.34,0.61,132.15,0.00,0.00,0.00,0.00,0.00,0.00,215.19,0.21,45.08,211.96,0.20,24.49
217.25,0.60,130.90,0.00,0.00,0.00,0.00,0.00,0.00,209.95,0.20,43.08,212.77,0.19,24.13
214.11,0.61,130.56,0.00,0.00,0.00,0.00,0.00,0.00,214.12,0.21,44.59,211.42,0.20,24.12
214.53,0.61,131.05,0.00,0.00,0.00,0.00,0.00,0.00,214.18,0.21,44.29,213.59,0.20,25.15
214.98,0.61,130.53,0.00,0.00,0.00,0.00,0.00,0.00,210.71,0.21,43.44,212.41,0.20,24.65
214.19,0.61,130.14,0.00,0.00,0.00,0.00,0.00,0.00,211.07,0.21,43.54,212.71,0.20,24.34
213.79,0.61,130.76,0.00,0.00,0.00,0.00,0.00,0.00,213.50,0.21,44.51,213.79,0.20,24.75
216.71,0.61,132.37,0.00,0.00,0.00,0.00,0.00,0.00,213.10,0.21,44.02,215.55,0.20,24.69
215.79,0.61,132.51,0.00,0.00,0.00,0.00,0.00,0.00,215.78,0.21,45.12,215.89,0.20,25.35
217.32,0.61,132.40,0.00,0.00,0.00,0.00,0.00,0.00,211.66,0.21,43.81,216.04,0.20,24.32
214.51,0.62,132.44,0.00,0.00,0.00,0.00,0.00,0.00,214.06,0.21,45.23,219.44,0.20,26.16
221.38,0.62,137.05,0.00,0.00,0.00,0.00,0.00,0.00,216.42,0.21,45.62,217.49,0.21,25.70
219.15,0.62,134.98,0.00,0.00,0.00,0.00,0.00,0.00,213.57,0.21,44.45,217.49,0.20,25.24
218.03,0.61,133.95,0.00,0.00,0.00,0.00,0.00,0.00,213.89,0.21,44.57,215.93,0.20,25.26
217.12,0.61,133.24,0.00,0.00,0.00,0.00,0.00,0.00,213.98,0.21,44.62,214.50,0.20,24.29
218.39,0.61,133.63,0.00,0.00,0.00,0.00,0.00,0.00,212.11,0.21,44.08,214.78,0.20,24.16
212.59,0.61,130.31,0.00,0.00,0.00,0.00,0.00,0.00,213.73,0.21,44.57,212.81,0.20,24.39
216.42,0.61,132.08,0.00,0.00,0.00,0.00,0.00,0.00,211.97,0.21,43.95,213.22,0.20,24.29
216.53,0.62,133.54,0.00,0.00,0.00,0.00,0.00,0.00,217.14,0.21,45.73,216.91,0.20,25.19
219.36,0.61,134.31,0.00,0.00,0.00,0.00,0.00,0.00,214.06,0.21,44.87,213.03,0.20,24.17
215.74,0.61,132.55,0.00,0.00,0.00,0.00,0.00,0.00,214.30,0.21,45.03,217.17,0.20,25.16
219.17,0.62,136.69,0.00,0.00,0.00,0.00,0.00,0.00,214.98,0.21,45.04,217.51,0.21,26.02
215.87,0.62,134.14,0.00,0.00,0.00,0.00,0.00,0.00,215.76,0.21,45.44,214.46,0.21,23.87
217.50,0.60,129.90,0.00,0.00,0.00,0.00,0.00,0.00,212.46,0.21,44.09,216.22,0.19,24.03
217.30,0.61,131.78,0.00,0.00,0.00,0.00,0.00,0.00,216.02,0.21,45.61,217.61,0.19,24.49
217.78,0.60,130.69,0.00,0.00,0.00,0.00,0.00,0.00,215.56,0.21,45.26,216.55,0.19,23.80
217.73,0.62,135.46,0.00,0.00,0.00,0.00,0.00,0.00,216.84,0.21,46.07,218.02,0.21,24.58
217.94,0.61,133.98,0.00,0.00,0.00,0.00,0.00,0.00,216.47,0.21,45.82,217.94,0.20,23.95
219.67,0.62,135.21,0.00,0.00,0.00,0.00,0.00,0.00,217.15,0.21,45.98,219.78,0.20,24.36
220.10,0.62,136.79,0.00,0.00,0.00,0.00,0.00,0.00,216.60,0.21,45.84,216.42,0.21,25.45
217.00,0.63,135.78,0.00,0.00,0.00,0.00,0.00,0.00,218.33,0.21,46.69,218.40,0.21,25.69
217.25,0.62,134.42,0.00,0.00,0.00,0.00,0.00,0.00,213.80,0.21,44.86,215.96,0.21,25.28
218.09,0.61,133.46,0.00,0.00,0.00,0.00,0.00,0.00,214.13,0.21,44.92,214.87,0.20,24.88
217.84,0.61,133.44,0.00,0.00,0.00,0.00,0.00,0.00,216.77,0.21,45.94,216.52,0.20,23.16
217.93,0.62,135.56,0.00,0.00,0.00,0.00,0.00,0.00,213.88,0.21,44.96,216.03,0.21,25.71
216.48,0.61,132.15,0.00,0.00,0.00,0.00,0.00,0.00,215.26,0.21,45.44,215.51,0.20,24.88
216.03,0.61,132.08,0.00,0.00,0.00,0.00,0.00,0.00,216.51,0.21,45.82,216.41,0.20,24.59
218.76,0.61,133.56,0.00,0.00,0.00,0.00,0.00,0.00,215.73,0.21,45.69,217.00,0.20,24.53
218.78,0.63,138.92,0.00,0.00,0.00,0.00,0.00,0.00,218.53,0.21,46.86,219.82,0.22,27.29
219.49,0.62,135.97,0.00,0.00,0.00,0.00,0.00,0.00,217.63,0.21,46.44,217.82,0.20,25.17
217.83,0.63,136.54,0.00,0.00,0.00,0.00,0.00,0.00,216.19,0.21,45.66,219.85,0.21,26.48
218.60,0.62,135.39,0.00,0.00,0.00,0.00,0.00,0.00,215.85,0.21,45.71,219.37,0.20,25.63
218.78,0.62,134.76,0.00,0.00,0.00,0.00,0.00,0.00,217.14,0.21,45.84,216.51,0.20,24.36
220.28,0.62,135.91,0.00,0.00,0.00,0.00,0.00,0.00,217.36,0.21,46.04,217.82,0.20,25.36
219.37,0.61,134.85,0.00,0.00,0.00,0.00,0.00,0.00,215.06,0.21,45.15,214.25,0.20,24.26
220.10,0.62,136.17,0.00,0.00,0.00,0.00,0.00,0.00,217.07,0.21,46.09,217.38,0.20,25.32
217.86,0.62,135.08,0.00,0.00,0.00,0.00,0.00,0.00,215.63,0.21,45.70,216.24,0.21,25.19
219.76,0.62,135.25,0.00,0.00,0.00,0.00,0.00,0.00,215.97,0.21,45.67,220.13,0.20,25.07
217.83,0.62,134.67,0.00,0.00,0.00,0.00,0.00,0.00,214.57,0.21,45.18,217.82,0.21,25.61
219.03,0.62,134.71,0.00,0.00,0.00,0.00,0.00,0.00,215.87,0.21,45.77,214.98,0.20,24.82
217.54,0.62,133.86,0.00,0.00,0.00,0.00,0.00,0.00,213.41,0.21,44.68,215.95,0.20,25.10
219.55,0.62,135.49,0.00,0.00,0.00,0.00,0.00,0.00,215.30,0.21,45.49,215.86,0.20,25.26
216.45,0.61,131.49,0.00,0.00,0.00,0.00,0.00,0.00,213.70,0.21,44.71,216.59,0.20,24.10
216.95,0.62,133.65,0.00,0.00,0.00,0.00,0.00,0.00,213.97,0.21,44.89,215.55,0.20,25.56
216.66,0.62,133.59,0.00,0.00,0.00,0.00,0.00,0.00,217.44,0.21,46.26,218.22,0.20,25.30
218.25,0.61,133.28,0.00,0.00,0.00,0.00,0.00,0.00,214.67,0.21,45.35,215.80,0.20,24.59
219.09,0.61,134.11,0.00,0.00,0.00,0.00,0.00,0.00,215.03,0.21,45.41,217.85,0.20,24.89
219.20,0.61,134.09,0.00,0.00,0.00,0.00,0.00,0.00,217.19,0.21,46.04,216.79,0.20,24.66
223.71,0.62,137.69,0.00,0.00,0.00,0.00,0.00,0.00,216.63,0.21,45.99,214.07,0.20,24.87
216.09,0.62,133.23,0.00,0.00,0.00,0.00,0.00,0.00,214.72,0.21,45.23,216.54,0.20,25.78
216.19,0.62,133.72,0.00,0.00,0.00,0.00,0.00,0.00,216.73,0.21,46.14,219.86,0.20,25.94
218.20,0.61,133.55,0.00,0.00,0.00,0.00,0.00,0.00,214.51,0.21,45.01,214.38,0.20,24.78
218.88,0.61,134.31,0.00,0.00,0.00,0.00,0.00,0.00,217.66,0.21,46.42,215.09,0.20,24.78
217.06,0.61,133.44,0.00,0.00,0.00,0.00,0.00,0.00,215.36,0.21,45.46,218.66,0.20,25.40
219.23,0.61,133.85,0.00,0.00,0.00,0.00,0.00,0.00,216.42,0.21,45.71,214.96,0.20,24.77
218.13,0.61,133.76,0.00,0.00,0.00,0.00,0.00,0.00,216.86,0.21,45.94,218.89,0.20,25.51
218.54,0.62,135.69,0.00,0.00,0.00,0.00,0.00,0.00,215.76,0.21,45.58,218.59,0.21,25.06
217.37,0.63,136.23,0.00,0.00,0.00,0.00,0.00,0.00,217.82,0.21,46.34,218.62,0.21,25.88
220.04,0.62,135.40,0.00,0.00,0.00,0.00,0.00,0.00,213.63,0.21,44.72,215.91,0.20,24.51
217.88,0.61,133.91,0.00,0.00,0.00,0.00,0.00,0.00,214.65,0.21,45.01,216.39,0.20,24.24
217.43,0.62,135.72,0.00,0.00,0.00,0.00,0.00,0.00,219.98,0.21,47.25,216.45,0.21,24.99
217.56,0.61,133.25,0.00,0.00,0.00,0.00,0.00,0.00,213.78,0.21,44.82,213.31,0.20,24.08
216.32,0.62,133.54,0.00,0.00,0.00,0.00,0.00,0.00,217.47,0.21,46.52,215.31,0.20,24.63
217.42,0.61,133.64,0.00,0.00,0.00,0.00,0.00,0.00,219.49,0.21,47.15,215.53,0.20,23.89
220.16,0.62,135.65,0.00,0.00,0.00,0.00,0.00,0.00,215.17,0.21,45.36,215.54,0.20,24.90
217.57,0.62,134.19,0.00,0.00,0.00,0.00,0.00,0.00,215.26,0.21,45.48,215.39,0.20,24.89
218.79,0.62,135.47,0.00,0.00,0.00,0.00,0.00,0.00,213.58,0.21,44.83,216.21,0.21,24.76
218.73,0.62,134.99,0.00,0.00,0.00,0.00,0.00,0.00,215.21,0.21,45.34,218.89,0.20,23.90
218.91,0.62,136.48,0.00,0.00,0.00,0.00,0.00,0.00,215.89,0.21,45.57,221.19,0.21,26.34
221.21,0.61,134.84,0.00,0.00,0.00,0.00,0.00,0.00,214.57,0.21,45.28,217.04,0.20,23.60
218.25,0.62,136.05,0.00,0.00,0.00,0.00,0.00,0.00,215.11,0.21,45.35,216.09,0.21,25.76
216.71,0.61,131.81,0.00,0.00,0.00,0.00,0.00,0.00,216.13,0.21,45.70,216.30,0.19,23.19
218.00,0.62,136.21,0.00,0.00,0.00,0.00,0.00,0.00,215.99,0.21,45.70,219.11,0.21,25.65
217.25,0.61,133.55,0.00,0.00,0.00,0.00,0.00,0.00,213.67,0.21,44.61,217.37,0.20,25.19
218.52,0.62,135.10,0.00,0.00,0.00,0.00,0.00,0.00,217.56,0.21,46.32,216.43,0.20,25.73
217.08,0.62,134.81,0.00,0.00,0.00,0.00,0.00,0.00,216.16,0.21,45.81,217.74,0.21,25.80
216.70,0.62,134.47,0.00,0.00,0.00,0.00,0.00,0.00,219.78,0.21,47.15,217.94,0.20,25.38
218.79,0.62,134.71,0.00,0.00,0.00,0.00,0.00,0.00,215.79,0.21,45.70,215.94,0.20,25.10
218.98,0.62,135.01,0.00,0.00,0.00,0.00,0.00,0.00,219.51,0.21,46.97,216.20,0.20,24.68
219.78,0.61,134.43,0.00,0.00,0.00,0.00,0.00,0.00,214.68,0.21,45.23,216.18,0.20,24.52
218.35,0.61,134.25,0.00,0.00,0.00,0.00,0.00,0.00,218.30,0.21,46.39,218.43,0.20,25.15
219.83,0.62,136.14,0.00,0.00,0.00,0.00,0.00,0.00,216.41,0.21,45.82,218.45,0.20,26.19
221.55,0.62,137.90,0.00,0.00,0.00,0.00,0.00,0.00,217.25,0.21,46.33,220.23,0.21,25.60
218.56,0.61,133.14,0.00,0.00,0.00,0.00,0.00,0.00,213.61,0.21,44.79,214.04,0.20,24.35
218.25,0.61,133.53,0.00,0.00,0.00,0.00,0.00,0.00,215.04,0.21,45.30,217.04,0.20,24.52
219.45,0.61,134.44,0.00,0.00,0.00,0.00,0.00,0.00,216.29,0.21,45.70,216.84,0.20,24.58
218.77,0.62,134.58,0.00,0.00,0.00,0.00,0.00,0.00,214.52,0.21,45.15,216.02,0.20,24.88
218.55,0.62,135.30,0.00,0.00,0.00,0.00,0.00,0.00,218.31,0.21,46.55,217.06,0.20,24.99
216.69,0.62,133.43,0.00,0.00,0.00,0.00,0.00,0.00,218.23,0.21,46.49,217.10,0.20,24.71
220.83,0.61,135.73,0.00,0.00,0.00,0.00,0.00,0.00,217.97,0.21,46.44,216.39,0.20,24.89
218.81,0.61,133.04,0.00,0.00,0.00,0.00,0.00,0.00,213.15,0.21,44.45,215.26,0.20,24.22
217.53,0.62,133.89,0.00,0.00,0.00,0.00,0.00,0.00,216.03,0.21,45.94,216.41,0.20,25.32
215.12,0.62,132.57,0.00,0.00,0.00,0.00,0.00,0.00,216.71,0.21,45.96,216.92,0.20,25.28
221.20,0.61,136.01,0.00,0.00,0.00,0.00,0.00,0.00,213.45,0.21,44.80,217.29,0.20,25.64
216.31,0.61,132.74,0.00,0.00,0.00,0.00,0.00,0.00,214.49,0.21,45.08,214.60,0.20,24.59
217.00,0.61,133.07,0.00,0.00,0.00,0.00,0.00,0.00,217.03,0.21,46.17,216.16,0.20,24.93
215.46,0.61,132.45,0.00,0.00,0.00,0.00,0.00,0.00,215.97,0.21,45.77,213.02,0.20,23.86
216.99,0.61,131.83,0.00,0.00,0.00,0.00,0.00,0.00,214.78,0.21,45.11,215.75,0.19,24.52
224.59,0.61,137.29,0.00,0.00,0.00,0.00,0.00,0.00,216.30,0.21,45.95,214.28,0.20,24.18
216.76,0.61,132.45,0.00,0.00,0.00,0.00,0.00,0.00,213.50,0.21,44.69,216.18,0.20,24.51
220.66,0.61,135.37,0.00,0.00,0.00,0.00,0.00,0.00,216.78,0.21,45.86,216.31,0.20,24.89
216.00,0.61,132.19,0.00,0.00,0.00,0.00,0.00,0.00,215.95,0.21,45.61,215.98,0.20,24.46
220.16,0.62,136.56,0.00,0.00,0.00,0.00,0.00,0.00,217.16,0.21,46.19,218.27,0.20,25.46
217.51,0.61,132.63,0.00,0.00,0.00,0.00,0.00,0.00,213.32,0.21,44.54,213.84,0.20,24.21
220.16,0.62,136.02,0.00,0.00,0.00,0.00,0.00,0.00,216.95,0.21,45.99,220.40,0.20,25.46
221.13,0.61,134.74,0.00,0.00,0.00,0.00,0.00,0.00,215.38,0.21,45.56,214.55,0.20,24.20
217.56,0.61,132.71,0.00,0.00,0.00,0.00,0.00,0.00,215.70,0.21,45.52,217.24,0.20,24.77
217.80,0.61,133.71,0.00,0.00,0.00,0.00,0.00,0.00,218.04,0.21,46.53,215.14,0.20,24.29
217.71,0.61,132.93,0.00,0.00,0.00,0.00,0.00,0.00,215.89,0.21,45.62,215.73,0.20,24.01
217.63,0.61,132.93,0.00,0.00,0.00,0.00,0.00,0.00,217.59,0.21,46.13,214.26,0.20,23.93
219.26,0.61,134.51,0.00,0.00,0.00,0.00,0.00,0.00,213.89,0.21,44.83,215.59,0.20,25.10
216.94,0.61,132.80,0.00,0.00,0.00,0.00,0.00,0.00,214.49,0.21,45.16,215.20,0.20,24.15
218.84,0.61,134.55,0.00,0.00,0.00,0.00,0.00,0.00,215.84,0.21,45.49,216.83,0.20,24.56
216.08,0.62,133.46,0.00,0.00,0.00,0.00,0.00,0.00,217.32,0.21,46.18,217.81,0.20,25.39
216.25,0.61,132.19,0.00,0.00,0.00,0.00,0.00,0.00,216.31,0.21,45.66,215.19,0.20,24.20
219.71,0.61,133.81,0.00,0.00,0.00,0.00,0.00,0.00,214.64,0.21,45.18,217.01,0.20,24.17
219.47,0.62,136.71,0.00,0.00,0.00,0.00,0.00,0.00,216.67,0.21,46.00,215.06,0.21,25.47
216.84,0.62,133.53,0.00,0.00,0.00,0.00,0.00,0.00,213.83,0.21,44.83,216.25,0.20,25.11
218.99,0.61,133.57,0.00,0.00,0.00,0.00,0.00,0.00,214.81,0.21,45.20,214.86,0.20,24.22
216.79,0.61,132.38,0.00,0.00,0.00,0.00,0.00,0.00,214.66,0.21,45.13,216.38,0.20,24.91
219.30,0.61,134.08,0.00,0.00,0.00,0.00,0.00,0.00,212.93,0.21,44.48,216.40,0.20,25.11
216.23,0.61,131.59,0.00,0.00,0.00,0.00,0.00,0.00,215.31,0.21,45.30,215.68,0.20,24.11
217.61,0.61,132.94,0.00,0.00,0.00,0.00,0.00,0.00,214.27,0.21,44.96,215.83,0.20,24.47
220.19,0.62,136.20,0.00,0.00,0.00,0.00,0.00,0.00,216.09,0.21,45.81,216.80,0.20,25.08
216.55,0.61,133.07,0.00,0.00,0.00,0.00,0.00,0.00,216.21,0.21,45.83,214.80,0.20,24.13
216.44,0.62,134.10,0.00,0.00,0.00,0.00,0.00,0.00,214.67,0.21,45.28,218.55,0.21,25.79
220.00,0.61,134.02,0.00,0.00,0.00,0.00,0.00,0.00,212.80,0.21,44.48,215.90,0.20,24.27
217.87,0.61,133.02,0.00,0.00,0.00,0.00,0.00,0.00,213.04,0.21,44.51,213.65,0.20,24.04
220.88,0.61,135.06,0.00,0.00,0.00,0.00,0.00,0.00,215.26,0.21,45.34,216.20,0.20,24.32
219.39,0.61,134.72,0.00,0.00,0.00,0.00,0.00,0.00,213.90,0.21,44.94,215.96,0.20,25.57
216.60,0.61,131.93,0.00,0.00,0.00,0.00,0.00,0.00,216.22,0.21,45.77,214.92,0.19,23.79
217.19,0.61,132.78,0.00,0.00,0.00,0.00,0.00,0.00,212.78,0.21,44.42,216.16,0.20,24.86
218.47,0.61,134.17,0.00,0.00,0.00,0.00,0.00,0.00,215.84,0.21,45.56,215.55,0.20,24.84
217.91,0.61,132.60,0.00,0.00,0.00,0.00,0.00,0.00,215.85,0.21,45.65,214.20,0.19,23.68
217.79,0.61,132.67,0.00,0.00,0.00,0.00,0.00,0.00,213.16,0.21,44.60,213.85,0.20,24.30
217.73,0.61,133.67,0.00,0.00,0.00,0.00,0.00,0.00,216.00,0.21,45.75,220.11,0.20,25.73
217.64,0.62,135.39,0.00,0.00,0.00,0.00,0.00,0.00,216.97,0.21,46.20,217.79,0.21,25.26
217.58,0.61,133.35,0.00,0.00,0.00,0.00,0.00,0.00,214.82,0.21,45.13,216.45,0.20,24.98
218.71,0.61,133.03,0.00,0.00,0.00,0.00,0.00,0.00,214.61,0.21,45.16,215.85,0.20,24.17
216.28,0.62,133.25,0.00,0.00,0.00,0.00,0.00,0.00,216.07,0.21,45.75,220.45,0.20,25.59
219.92,0.61,133.81,0.00,0.00,0.00,0.00,0.00,0.00,214.47,0.21,45.06,216.60,0.20,25.10
217.15,0.61,132.82,0.00,0.00,0.00,0.00,0.00,0.00,217.82,0.21,46.40,216.99,0.20,24.62
218.40,0.62,134.49,0.00,0.00,0.00,0.00,0.00,0.00,215.49,0.21,45.56,217.62,0.20,25.20
218.11,0.61,133.26,0.00,0.00,0.00,0.00,0.00,0.00,217.51,0.21,46.29,215.61,0.20,24.58
219.73,0.61,134.48,0.00,0.00,0.00,0.00,0.00,0.00,214.87,0.21,45.32,216.24,0.20,24.30
216.30,0.62,133.16,0.00,0.00,0.00,0.00,0.00,0.00,215.59,0.21,45.43,216.00,0.20,25.17
220.85,0.61,135.24,0.00,0.00,0.00,0.00,0.00,0.00,217.98,0.21,46.44,217.14,0.20,24.95
218.80,0.62,135.51,0.00,0.00,0.00,0.00,0.00,0.00,217.54,0.21,46.45,220.21,0.20,25.75
220.69,0.61,135.20,0.00,0.00,0.00,0.00,0.00,0.00,214.68,0.21,45.11,216.52,0.20,25.08
217.55,0.61,133.77,0.00,0.00,0.00,0.00,0.00,0.00,216.63,0.21,46.01,218.81,0.20,24.98
220.20,0.61,134.40,0.00,0.00,0.00,0.00,0.00,0.00,212.86,0.21,44.54,215.94,0.20,24.70
218.42,0.61,133.93,0.00,0.00,0.00,0.00,0.00,0.00,216.17,0.21,45.83,214.61,0.20,24.91
221.74,0.61,134.99,0.00,0.00,0.00,0.00,0.00,0.00,215.64,0.21,45.55,215.90,0.20,23.90
219.38,0.62,135.69,0.00,0.00,0.00,0.00,0.00,0.00,217.43,0.21,46.45,219.47,0.20,25.68
219.16,0.61,133.22,0.00,0.00,0.00,0.00,0.00,0.00,213.43,0.21,44.74,215.02,0.20,24.57
219.27,0.61,133.21,0.00,0.00,0.00,0.00,0.00,0.00,214.16,0.21,44.95,212.62,0.19,23.42
219.20,0.61,134.20,0.00,0.00,0.00,0.00,0.00,0.00,219.07,0.21,46.98,216.68,0.20,24.14
215.85,0.62,133.15,0.00,0.00,0.00,0.00,0.00,0.00,217.05,0.21,46.37,219.64,0.20,25.05
218.34,0.61,133.16,0.00,0.00,0.00,0.00,0.00,0.00,214.49,0.21,45.10,215.70,0.20,24.34
219.70,0.61,134.50,0.00,0.00,0.00,0.00,0.00,0.00,215.18,0.21,45.37,214.78,0.20,24.93
216.82,0.61,132.54,0.00,0.00,0.00,0.00,0.00,0.00,216.97,0.21,46.09,216.71,0.20,24.45
219.17,0.62,135.17,0.00,0.00,0.00,0.00,0.00,0.00,219.46,0.21,47.14,218.68,0.20,24.76
218.83,0.62,134.92,0.00,0.00,0.00,0.00,0.00,0.00,219.73,0.21,47.25,216.38,0.20,24.88
221.38,0.61,135.96,0.00,0.00,0.00,0.00,0.00,0.00,217.22,0.21,46.23,218.33,0.20,24.96
220.09,0.61,134.62,0.00,0.00,0.00,0.00,0.00,0.00,214.13,0.21,44.97,216.03,0.20,24.78
216.73,0.61,133.15,0.00,0.00,0.00,0.00,0.00,0.00,217.46,0.21,46.32,215.25,0.20,24.86
216.14,0.61,131.49,0.00,0.00,0.00,0.00,0.00,0.00,215.03,0.21,45.41,215.20,0.19,24.53
217.51,0.61,132.96,0.00,0.00,0.00,0.00,0.00,0.00,213.68,0.21,44.76,215.22,0.20,24.25
219.47,0.61,134.02,0.00,0.00,0.00,0.00,0.00,0.00,215.12,0.21,45.30,216.37,0.20,24.84
220.27,0.61,134.95,0.00,0.00,0.00,0.00,0.00,0.00,214.96,0.21,45.32,215.71,0.20,24.57
218.29,0.62,135.82,0.00,0.00,0.00,0.00,0.00,0.00,219.96,0.22,47.51,218.79,0.20,25.49
220.04,0.61,134.13,0.00,0.00,0.00,0.00,0.00,0.00,212.23,0.21,44.33,215.85,0.20,24.83
219.30,0.62,135.60,0.00,0.00,0.00,0.00,0.00,0.00,216.84,0.21,46.00,216.12,0.20,25.69
217.47,0.62,134.32,0.00,0.00,0.00,0.00,0.00,0.00,214.48,0.21,45.10,216.09,0.20,25.34
218.65,0.62,134.88,0.00,0.00,0.00,0.00,0.00,0.00,219.57,0.21,47.24,215.33,0.20,24.27
217.52,0.61,132.15,0.00,0.00,0.00,0.00,0.00,0.00,214.80,0.21,45.28,214.53,0.19,23.93
217.60,0.61,133.29,0.00,0.00,0.00,0.00,0.00,0.00,213.59,0.21,44.69,215.57,0.20,24.79
218.71,0.61,134.35,0.00,0.00,0.00,0.00,0.00,0.00,217.14,0.21,46.16,217.79,0.20,23.89
215.55,0.61,131.42,0.00,0.00,0.00,0.00,0.00,0.00,214.43,0.21,45.00,215.46,0.20,24.08
217.31,0.62,135.38,0.00,0.00,0.00,0.00,0.00,0.00,217.78,0.21,46.55,219.64,0.21,26.17
220.55,0.61,134.88,0.00,0.00,0.00,0.00,0.00,0.00,216.65,0.21,46.03,215.43,0.20,24.29
215.47,0.62,132.72,0.00,0.00,0.00,0.00,0.00,0.00,214.96,0.21,45.33,217.97,0.20,25.63
217.95,0.61,133.38,0.00,0.00,0.00,0.00,0.00,0.00,215.12,0.21,45.33,216.02,0.20,24.73
217.26,0.62,134.55,0.00,0.00,0.00,0.00,0.00,0.00,221.17,0.21,47.65,216.35,0.20,25.61
219.05,0.61,134.44,0.00,0.00,0.00,0.00,0.00,0.00,216.98,0.21,45.65,221.04,0.20,26.12
218.71,0.61,134.15,0.00,0.00,0.00,0.00,0.00,0.00,217.58,0.21,46.33,214.76,0.20,25.12
217.72,0.61,133.80,0.00,0.00,0.00,0.00,0.00,0.00,215.02,0.21,45.29,219.12,0.20,25.17
216.68,0.61,132.09,0.00,0.00,0.00,0.00,0.00,0.00,213.78,0.21,44.68,215.35,0.20,24.37
216.63,0.61,132.85,0.00,0.00,0.00,0.00,0.00,0.00,216.21,0.21,45.80,214.67,0.20,24.56
217.63,0.61,133.09,0.00,0.00,0.00,0.00,0.00,0.00,215.50,0.21,45.51,216.08,0.20,24.69
219.14,0.61,134.21,0.00,0.00,0.00,0.00,0.00,0.00,216.22,0.21,45.71,214.86,0.20,24.33
218.96,0.62,135.15,0.00,0.00,0.00,0.00,0.00,0.00,217.85,0.21,46.30,219.80,0.20,25.62
217.73,0.61,132.82,0.00,0.00,0.00,0.00,0.00,0.00,215.33,0.21,45.44,216.76,0.20,25.11
216.08,0.61,131.58,0.00,0.00,0.00,0.00,0.00,0.00,215.49,0.21,45.45,215.56,0.20,24.34
220.14,0.61,134.26,0.00,0.00,0.00,0.00,0.00,0.00,213.53,0.21,44.86,214.56,0.20,24.88
217.24,0.61,133.23,0.00,0.00,0.00,0.00,0.00,0.00,217.89,0.21,46.63,218.18,0.20,25.26
217.83,0.61,133.50,0.00,0.00,0.00,0.00,0.00,0.00,217.06,0.21,46.04,216.88,0.20,25.30
216.80,0.61,133.06,0.00,0.00,0.00,0.00,0.00,0.00,217.00,0.21,46.09,216.90,0.20,25.37
217.34,0.61,133.48,0.00,0.00,0.00,0.00,0.00,0.00,215.81,0.21,45.73,220.11,0.20,25.10
218.33,0.62,135.18,0.00,0.00,0.00,0.00,0.00,0.00,219.93,0.21,47.27,219.58,0.20,25.77
215.70,0.61,131.93,0.00,0.00,0.00,0.00,0.00,0.00,215.78,0.21,45.76,215.21,0.20,24.60
217.72,0.62,133.96,0.00,0.00,0.00,0.00,0.00,0.00,218.36,0.21,46.79,220.14,0.20,25.42
219.54,0.61,134.30,0.00,0.00,0.00,0.00,0.00,0.00,216.29,0.21,45.92,216.53,0.20,24.75
221.02,0.61,134.22,0.00,0.00,0.00,0.00,0.00,0.00,213.65,0.21,44.86,214.99,0.19,24.15
217.88,0.60,131.49,0.00,0.00,0.00,0.00,0.00,0.00,213.18,0.21,44.56,216.23,0.19,24.33
220.04,0.61,133.57,0.00,0.00,0.00,0.00,0.00,0.00,213.64,0.21,44.64,217.01,0.20,24.76
218.49,0.61,132.70,0.00,0.00,0.00,0.00,0.00,0.00,216.30,0.21,45.40,215.69,0.19,24.59
217.48,0.62,133.95,0.00,0.00,0.00,0.00,0.00,0.00,217.39,0.21,46.26,218.41,0.20,25.61
219.03,0.61,132.63,0.00,0.00,0.00,0.00,0.00,0.00,213.74,0.21,44.96,215.38,0.19,24.07
217.69,0.61,133.62,0.00,0.00,0.00,0.00,0.00,0.00,216.20,0.21,45.70,216.15,0.20,25.69
217.92,0.61,133.70,0.00,0.00,0.00,0.00,0.00,0.00,215.66,0.21,45.77,220.17,0.20,25.99
219.93,0.61,133.53,0.00,0.00,0.00,0.00,0.00,0.00,212.92,0.21,44.55,215.35,0.20,24.26
218.53,0.61,133.02,0.00,0.00,0.00,0.00,0.00,0.00,214.81,0.21,45.21,215.31,0.20,24.73
217.93,0.61,133.07,0.00,0.00,0.00,0.00,0.00,0.00,215.01,0.21,45.21,215.51,0.20,24.90
217.03,0.61,133.16,0.00,0.00,0.00,0.00,0.00,0.00,220.04,0.21,47.29,218.02,0.20,25.11
216.01,0.61,131.40,0.00,0.00,0.00,0.00,0.00,0.00,216.23,0.21,45.90,217.56,0.19,25.04
219.23,0.61,133.67,0.00,0.00,0.00,0.00,0.00,0.00,214.02,0.21,45.07,216.17,0.20,25.24
217.80,0.61,133.90,0.00,0.00,0.00,0.00,0.00,0.00,217.43,0.21,46.37,220.27,0.20,25.87
219.99,0.61,133.37,0.00,0.00,0.00,0.00,0.00,0.00,215.32,0.21,45.43,216.18,0.19,24.45
215.46,0.61,131.43,0.00,0.00,0.00,0.00,0.00,0.00,215.04,0.21,45.38,216.89,0.20,25.16
217.82,0.61,133.02,0.00,0.00,0.00,0.00,0.00,0.00,215.43,0.21,45.59,216.75,0.20,25.10
219.35,0.61,133.07,0.00,0.00,0.00,0.00,0.00,0.00,214.43,0.21,45.06,215.78,0.19,24.43
219.67,0.61,134.60,0.00,0.00,0.00,0.00,0.00,0.00,217.08,0.21,46.39,219.18,0.20,25.60
220.18,0.61,134.01,0.00,0.00,0.00,0.00,0.00,0.00,214.90,0.21,45.28,217.04,0.20,24.81
216.99,0.61,131.56,0.00,0.00,0.00,0.00,0.00,0.00,214.11,0.21,45.04,216.25,0.19,24.62
216.76,0.61,132.52,0.00,0.00,0.00,0.00,0.00,0.00,216.27,0.21,46.02,219.87,0.20,25.34
218.19,0.61,133.28,0.00,0.00,0.00,0.00,0.00,0.00,215.98,0.21,45.76,215.25,0.20,25.02
217.90,0.61,132.05,0.00,0.00,0.00,0.00,0.00,0.00,213.57,0.21,44.79,216.12,0.19,24.66
219.07,0.61,134.66,0.00,0.00,0.00,0.00,0.00,0.00,218.25,0.21,46.33,219.59,0.20,25.74
219.49,0.61,134.06,0.00,0.00,0.00,0.00,0.00,0.00,216.73,0.21,46.00,215.71,0.20,25.02
216.95,0.61,133.37,0.00,0.00,0.00,0.00,0.00,0.00,217.17,0.21,46.13,218.40,0.20,25.96
220.58,0.61,133.90,0.00,0.00,0.00,0.00,0.00,0.00,215.10,0.21,45.39,216.04,0.19,24.54
218.42,0.61,133.47,0.00,0.00,0.00,0.00,0.00,0.00,216.92,0.21,46.16,219.94,0.20,25.19
220.34,0.61,134.05,0.00,0.00,0.00,0.00,0.00,0.00,216.77,0.21,46.18,214.85,0.19,23.97
219.36,0.62,135.57,0.00,0.00,0.00,0.00,0.00,0.00,220.65,0.21,47.60,216.65,0.20,25.09
218.95,0.61,134.05,0.00,0.00,0.00,0.00,0.00,0.00,214.93,0.21,45.33,216.48,0.20,24.74
217.53,0.61,132.88,0.00,0.00,0.00,0.00,0.00,0.00,214.25,0.21,45.07,215.28,0.20,24.64
217.99,0.62,134.07,0.00,0.00,0.00,0.00,0.00,0.00,218.20,0.21,46.71,218.15,0.20,24.95
219.12,0.61,134.26,0.00,0.00,0.00,0.00,0.00,0.00,216.12,0.21,45.80,215.66,0.20,24.92
219.13,0.61,134.23,0.00,0.00,0.00,0.00,0.00,0.00,214.99,0.21,45.46,215.74,0.20,25.00
216.63,0.61,131.79,0.00,0.00,0.00,0.00,0.00,0.00,215.75,0.21,45.54,216.42,0.20,24.38
220.38,0.61,135.47,0.00,0.00,0.00,0.00,0.00,0.00,216.09,0.21,45.85,216.43,0.20,25.50
217.56,0.61,133.03,0.00,0.00,0.00,0.00,0.00,0.00,215.11,0.21,45.35,215.14,0.20,24.76
219.89,0.61,133.94,0.00,0.00,0.00,0.00,0.00,0.00,215.35,0.21,45.51,214.54,0.20,24.61
214.22,0.61,131.27,0.00,0.00,0.00,0.00,0.00,0.00,215.91,0.21,45.72,215.70,0.20,25.16
220.88,0.62,136.33,0.00,0.00,0.00,0.00,0.00,0.00,216.44,0.21,45.98,218.82,0.20,25.58
216.90,0.61,133.33,0.00,0.00,0.00,0.00,0.00,0.00,217.73,0.21,46.43,212.23,0.20,24.74
217.40,0.61,132.48,0.00,0.00,0.00,0.00,0.00,0.00,215.08,0.21,45.44,215.26,0.20,24.52
215.07,0.61,131.22,0.00,0.00,0.00,0.00,0.00,0.00,214.91,0.21,45.30,214.75,0.20,24.82
216.54,0.61,132.11,0.00,0.00,0.00,0.00,0.00,0.00,215.80,0.21,45.60,215.67,0.20,24.83
217.51,0.61,132.56,0.00,0.00,0.00,0.00,0.00,0.00,215.72,0.21,45.77,218.37,0.19,24.75
219.16,0.61,133.03,0.00,0.00,0.00,0.00,0.00,0.00,215.19,0.21,45.31,215.57,0.19,24.28
219.06,0.61,133.65,0.00,0.00,0.00,0.00,0.00,0.00,215.76,0.21,45.71,216.13,0.20,24.75
218.48,0.62,134.68,0.00,0.00,0.00,0.00,0.00,0.00,217.45,0.21,46.48,219.43,0.20,25.96
222.40,0.61,135.95,0.00,0.00,0.00,0.00,0.00,0.00,215.17,0.21,45.51,216.24,0.20,25.17
218.45,0.62,134.74,0.00,0.00,0.00,0.00,0.00,0.00,218.05,0.21,46.80,218.78,0.20,25.64
219.25,0.61,134.42,0.00,0.00,0.00,0.00,0.00,0.00,215.72,0.21,45.84,215.38,0.20,25.20
217.87,0.61,132.70,0.00,0.00,0.00,0.00,0.00,0.00,215.60,0.21,45.50,216.25,0.20,24.59
215.72,0.61,132.03,0.00,0.00,0.00,0.00,0.00,0.00,217.88,0.21,46.46,217.00,0.20,24.83
217.31,0.61,132.73,0.00,0.00,0.00,0.00,0.00,0.00,218.08,0.21,46.52,218.38,0.19,24.24
219.43,0.61,134.50,0.00,0.00,0.00,0.00,0.00,0.00,214.69,0.21,45.23,215.62,0.20,25.08
217.46,0.62,133.90,0.00,0.00,0.00,0.00,0.00,0.00,218.31,0.21,46.75,218.57,0.20,25.52
217.04,0.61,133.40,0.00,0.00,0.00,0.00,0.00,0.00,218.20,0.21,46.59,218.52,0.20,25.02
217.12,0.61,132.88,0.00,0.00,0.00,0.00,0.00,0.00,214.93,0.21,45.40,217.75,0.20,24.91
216.62,0.62,133.23,0.00,0.00,0.00,0.00,0.00,0.00,216.13,0.21,45.93,220.45,0.20,25.64
221.27,0.61,136.05,0.00,0.00,0.00,0.00,0.00,0.00,216.33,0.21,45.93,218.89,0.20,25.43
220.16,0.62,135.46,0.00,0.00,0.00,0.00,0.00,0.00,217.31,0.21,46.23,218.03,0.20,25.44
219.31,0.61,132.69,0.00,0.00,0.00,0.00,0.00,0.00,214.96,0.21,45.22,215.68,0.19,23.66
219.55,0.61,134.48,0.00,0.00,0.00,0.00,0.00,0.00,217.41,0.21,46.36,218.66,0.20,24.67
220.92,0.61,135.12,0.00,0.00,0.00,0.00,0.00,0.00,215.22,0.21,45.52,217.07,0.20,24.94
216.97,0.61,132.46,0.00,0.00,0.00,0.00,0.00,0.00,215.20,0.21,45.31,216.72,0.20,24.84
220.75,0.61,134.42,0.00,0.00,0.00,0.00,0.00,0.00,215.29,0.21,45.36,215.67,0.20,24.09
220.20,0.61,135.40,0.00,0.00,0.00,0.00,0.00,0.00,215.38,0.21,45.49,218.44,0.20,25.50
219.20,0.61,134.11,0.00,0.00,0.00,0.00,0.00,0.00,215.65,0.21,45.54,218.03,0.20,25.15
218.26,0.61,133.21,0.00,0.00,0.00,0.00,0.00,0.00,217.49,0.21,46.27,216.06,0.19,24.52
222.31,0.62,138.11,0.00,0.00,0.00,0.00,0.00,0.00,220.09,0.21,47.38,220.59,0.20,26.37
220.92,0.61,135.37,0.00,0.00,0.00,0.00,0.00,0.00,216.95,0.21,46.20,217.03,0.20,24.77
219.13,0.61,133.79,0.00,0.00,0.00,0.00,0.00,0.00,216.85,0.21,46.03,215.60,0.20,24.47
218.18,0.61,133.31,0.00,0.00,0.00,0.00,0.00,0.00,214.91,0.21,45.23,215.94,0.20,24.75
218.08,0.61,133.05,0.00,0.00,0.00,0.00,0.00,0.00,215.93,0.21,45.71,215.45,0.20,24.33
218.80,0.61,134.13,0.00,0.00,0.00,0.00,0.00,0.00,216.13,0.21,45.79,215.87,0.20,24.75
217.18,0.61,132.19,0.00,0.00,0.00,0.00,0.00,0.00,214.88,0.21,45.41,215.82,0.19,23.85
217.93,0.62,134.84,0.00,0.00,0.00,0.00,0.00,0.00,217.69,0.21,46.37,220.66,0.20,26.31
220.65,0.61,134.52,0.00,0.00,0.00,0.00,0.00,0.00,216.00,0.21,45.85,215.62,0.19,23.79
217.75,0.62,134.01,0.00,0.00,0.00,0.00,0.00,0.00,217.36,0.21,46.26,219.42,0.20,26.04
221.25,0.61,135.79,0.00,0.00,0.00,0.00,0.00,0.00,218.46,0.21,46.74,220.05,0.20,24.76
219.64,0.61,135.02,0.00,0.00,0.00,0.00,0.00,0.00,219.12,0.21,47.09,216.11,0.20,24.88
217.41,0.61,132.29,0.00,0.00,0.00,0.00,0.00,0.00,215.25,0.21,45.48,215.55,0.19,24.19
216.37,0.62,133.66,0.00,0.00,0.00,0.00,0.00,0.00,216.14,0.21,45.79,220.33,0.20,26.82
219.18,0.62,135.42,0.00,0.00,0.00,0.00,0.00,0.00,219.90,0.21,47.04,217.33,0.20,25.61
218.15,0.61,132.77,0.00,0.00,0.00,0.00,0.00,0.00,216.00,0.21,45.75,217.15,0.19,24.65
219.31,0.61,133.34,0.00,0.00,0.00,0.00,0.00,0.00,215.67,0.21,45.44,215.85,0.19,23.91
217.72,0.61,133.86,0.00,0.00,0.00,0.00,0.00,0.00,215.51,0.21,45.62,217.37,0.20,25.51
218.25,0.61,133.35,0.00,0.00,0.00,0.00,0.00,0.00,216.94,0.21,46.14,216.73,0.20,24.96
218.43,0.61,132.90,0.00,0.00,0.00,0.00,0.00,0.00,215.33,0.21,45.46,217.96,0.19,24.97
217.99,0.61,133.47,0.00,0.00,0.00,0.00,0.00,0.00,218.57,0.21,46.90,217.92,0.20,24.99
218.58,0.61,133.39,0.00,0.00,0.00,0.00,0.00,0.00,216.53,0.21,46.04,216.20,0.20,24.70
218.40,0.61,133.17,0.00,0.00,0.00,0.00,0.00,0.00,216.30,0.21,45.93,216.84,0.19,24.73
220.56,0.61,134.60,0.00,0.00,0.00,0.00,0.00,0.00,215.32,0.21,45.54,219.04,0.20,25.31
219.28,0.61,134.46,0.00,0.00,0.00,0.00,0.00,0.00,215.75,0.21,45.83,220.25,0.20,25.72
222.66,0.61,135.51,0.00,0.00,0.00,0.00,0.00,0.00,216.52,0.21,45.96,219.18,0.19,25.11
220.24,0.61,133.87,0.00,0.00,0.00,0.00,0.00,0.00,215.48,0.21,45.54,216.90,0.19,24.66
218.97,0.61,134.11,0.00,0.00,0.00,0.00,0.00,0.00,217.99,0.21,46.54,224.64,0.20,25.70
220.53,0.61,134.27,0.00,0.00,0.00,0.00,0.00,0.00,216.38,0.21,46.00,218.58,0.19,24.88
218.53,0.61,133.32,0.00,0.00,0.00,0.00,0.00,0.00,217.73,0.21,46.36,216.84,0.19,24.70
219.93,0.61,133.98,0.00,0.00,0.00,0.00,0.00,0.00,215.71,0.21,45.61,216.75,0.20,24.88
218.78,0.61,133.53,0.00,0.00,0.00,0.00,0.00,0.00,215.71,0.21,45.66,217.36,0.20,25.04
220.05,0.61,134.13,0.00,0.00,0.00,0.00,0.00,0.00,214.05,0.21,44.95,217.71,0.20,25.02
219.51,0.61,134.79,0.00,0.00,0.00,0.00,0.00,0.00,218.75,0.21,46.98,220.45,0.20,25.38
221.87,0.62,136.54,0.00,0.00,0.00,0.00,0.00,0.00,218.90,0.21,46.95,216.90,0.20,25.08
218.74,0.61,134.27,0.00,0.00,0.00,0.00,0.00,0.00,219.75,0.21,47.12,217.83,0.20,25.01
220.80,0.61,134.33,0.00,0.00,0.00,0.00,0.00,0.00,216.67,0.21,45.84,218.95,0.19,24.74
220.90,0.61,134.74,0.00,0.00,0.00,0.00,0.00,0.00,217.81,0.21,46.39,217.96,0.19,24.75
218.18,0.61,133.17,0.00,0.00,0.00,0.00,0.00,0.00,217.25,0.21,46.34,217.50,0.19,24.94
218.03,0.61,133.21,0.00,0.00,0.00,0.00,0.00,0.00,216.81,0.21,46.11,217.13,0.20,24.81
218.79,0.62,135.37,0.00,0.00,0.00,0.00,0.00,0.00,220.78,0.22,47.77,223.00,0.20,26.07
223.53,0.61,136.25,0.00,0.00,0.00,0.00,0.00,0.00,219.10,0.21,46.97,217.89,0.19,24.54
218.48,0.61,133.74,0.00,0.00,0.00,0.00,0.00,0.00,219.60,0.21,47.07,220.60,0.19,25.14
219.22,0.61,134.03,0.00,0.00,0.00,0.00,0.00,0.00,216.32,0.21,45.77,218.54,0.20,24.92
217.70,0.61,133.51,0.00,0.00,0.00,0.00,0.00,0.00,220.94,0.21,47.55,221.27,0.20,25.41
220.09,0.61,135.17,0.00,0.00,0.00,0.00,0.00,0.00,220.14,0.21,47.36,217.66,0.20,25.03
219.43,0.61,134.31,0.00,0.00,0.00,0.00,0.00,0.00,216.83,0.21,46.20,217.48,0.20,24.89
217.97,0.61,133.29,0.00,0.00,0.00,0.00,0.00,0.00,218.04,0.21,46.57,219.04,0.20,25.14
218.68,0.61,133.59,0.00,0.00,0.00,0.00,0.00,0.00,218.37,0.21,46.60,220.55,0.19,25.13
222.30,0.61,136.46,0.00,0.00,0.00,0.00,0.00,0.00,221.74,0.22,47.86,219.28,0.19,24.73
218.96,0.61,133.87,0.00,0.00,0.00,0.00,0.00,0.00,216.07,0.21,45.70,217.05,0.20,24.88
220.81,0.61,134.70,0.00,0.00,0.00,0.00,0.00,0.00,216.10,0.21,45.64,217.47,0.20,25.06
219.54,0.61,134.21,0.00,0.00,0.00,0.00,0.00,0.00,217.55,0.21,46.20,217.19,0.20,25.03
219.54,0.61,133.92,0.00,0.00,0.00,0.00,0.00,0.00,217.30,0.21,46.19,216.28,0.19,24.59
220.69,0.61,133.90,0.00,0.00,0.00,0.00,0.00,0.00,216.08,0.21,45.75,217.50,0.19,24.57
222.69,0.61,135.60,0.00,0.00,0.00,0.00,0.00,0.00,215.76,0.21,45.62,216.33,0.19,24.63
218.42,0.61,133.19,0.00,0.00,0.00,0.00,0.00,0.00,216.31,0.21,45.86,218.78,0.20,24.61
220.40,0.62,135.65,0.00,0.00,0.00,0.00,0.00,0.00,218.77,0.21,46.84,221.13,0.20,25.75
221.76,0.61,134.46,0.00,0.00,0.00,0.00,0.00,0.00,216.74,0.21,45.83,217.48,0.19,24.29
220.19,0.61,135.22,0.00,0.00,0.00,0.00,0.00,0.00,220.78,0.21,47.56,218.85,0.20,25.30
219.11,0.61,133.23,0.00,0.00,0.00,0.00,0.00,0.00,217.06,0.21,46.05,218.78,0.19,24.48
218.09,0.61,132.93,0.00,0.00,0.00,0.00,0.00,0.00,218.66,0.21,46.78,217.59,0.19,24.77
222.68,0.61,135.98,0.00,0.00,0.00,0.00,0.00,0.00,217.06,0.21,45.97,216.60,0.20,24.76
219.21,0.60,132.59,0.00,0.00,0.00,0.00,0.00,0.00,216.41,0.21,45.98,216.60,0.19,24.16
220.15,0.61,134.31,0.00,0.00,0.00,0.00,0.00,0.00,215.92,0.21,45.77,216.53,0.20,24.84
218.22,0.61,133.45,0.00,0.00,0.00,0.00,0.00,0.00,218.31,0.21,46.76,219.65,0.20,25.23
222.22,0.61,135.33,0.00,0.00,0.00,0.00,0.00,0.00,218.41,0.21,46.10,222.03,0.19,25.32
223.12,0.61,135.10,0.00,0.00,0.00,0.00,0.00,0.00,216.08,0.21,45.65,216.68,0.19,24.75
219.34,0.61,133.74,0.00,0.00,0.00,0.00,0.00,0.00,217.69,0.21,46.31,217.47,0.19,25.05
218.09,0.61,132.08,0.00,0.00,0.00,0.00,0.00,0.00,215.92,0.21,45.71,215.90,0.19,24.18
218.00,0.61,132.80,0.00,0.00,0.00,0.00,0.00,0.00,219.48,0.21,47.04,219.48,0.19,24.81
221.81,0.61,135.47,0.00,0.00,0.00,0.00,0.00,0.00,219.51,0.21,47.08,217.93,0.19,24.84
219.48,0.61,133.37,0.00,0.00,0.00,0.00,0.00,0.00,217.89,0.21,46.38,215.97,0.19,24.16
219.23,0.61,133.93,0.00,0.00,0.00,0.00,0.00,0.00,218.69,0.21,47.05,220.56,0.19,24.99
223.60,0.61,136.61,0.00,0.00,0.00,0.00,0.00,0.00,218.51,0.21,46.69,220.80,0.19,24.86
222.99,0.61,136.53,0.00,0.00,0.00,0.00,0.00,0.00,218.71,0.21,46.84,222.39,0.20,25.75
225.20,0.61,137.66,0.00,0.00,0.00,0.00,0.00,0.00,220.13,0.21,47.44,220.73,0.19,25.09
221.12,0.61,135.08,0.00,0.00,0.00,0.00,0.00,0.00,220.07,0.21,47.35,216.43,0.19,24.44
219.58,0.61,133.37,0.00,0.00,0.00,0.00,0.00,0.00,218.25,0.21,46.62,216.48,0.19,24.19
219.69,0.61,134.48,0.00,0.00,0.00,0.00,0.00,0.00,218.49,0.21,46.73,220.47,0.20,25.22
221.30,0.61,135.53,0.00,0.00,0.00,0.00,0.00,0.00,219.41,0.21,46.99,219.26,0.20,25.14
222.13,0.61,134.55,0.00,0.00,0.00,0.00,0.00,0.00,216.55,0.21,45.89,218.42,0.19,24.47
223.84,0.61,136.40,0.00,0.00,0.00,0.00,0.00,0.00,216.50,0.21,45.83,217.71,0.19,24.91
219.46,0.61,133.67,0.00,0.00,0.00,0.00,0.00,0.00,216.26,0.21,45.78,218.75,0.19,25.25
220.30,0.61,134.55,0.00,0.00,0.00,0.00,0.00,0.00,218.73,0.21,46.92,216.47,0.19,24.60
220.57,0.61,135.20,0.00,0.00,0.00,0.00,0.00,0.00,218.93,0.21,46.91,222.12,0.20,25.74
222.93,0.61,135.47,0.00,0.00,0.00,0.00,0.00,0.00,220.16,0.21,47.48,219.36,0.19,24.42
220.20,0.61,134.46,0.00,0.00,0.00,0.00,0.00,0.00,218.55,0.21,46.87,219.00,0.19,24.95
221.84,0.61,135.01,0.00,0.00,0.00,0.00,0.00,0.00,221.27,0.21,47.37,219.19,0.19,24.83
222.15,0.61,135.14,0.00,0.00,0.00,0.00,0.00,0.00,217.12,0.21,46.14,218.91,0.19,25.04
219.97,0.61,133.69,0.00,0.00,0.00,0.00,0.00,0.00,216.20,0.21,45.81,216.17,0.19,24.31
221.42,0.61,135.36,0.00,0.00,0.00,0.00,0.00,0.00,219.33,0.21,46.94,219.37,0.19,24.88
221.24,0.61,134.64,0.00,0.00,0.00,0.00,0.00,0.00,216.22,0.21,45.89,218.37,0.19,24.92
219.41,0.61,134.06,0.00,0.00,0.00,0.00,0.00,0.00,219.88,0.22,47.55,220.28,0.19,25.14
221.80,0.61,135.84,0.00,0.00,0.00,0.00,0.00,0.00,219.72,0.21,47.11,221.67,0.20,25.53
221.90,0.61,135.49,0.00,0.00,0.00,0.00,0.00,0.00,218.43,0.21,46.69,217.01,0.19,24.69
219.11,0.61,134.13,0.00,0.00,0.00,0.00,0.00,0.00,217.37,0.21,46.43,219.72,0.20,25.22
221.67,0.61,135.41,0.00,0.00,0.00,0.00,0.00,0.00,219.31,0.21,47.09,217.66,0.19,24.72
220.94,0.61,135.59,0.00,0.00,0.00,0.00,0.00,0.00,219.92,0.21,47.31,221.95,0.20,25.83
221.47,0.61,136.15,0.00,0.00,0.00,0.00,0.00,0.00,217.72,0.21,46.53,219.00,0.20,25.58
219.73,0.62,135.55,0.00,0.00,0.00,0.00,0.00,0.00,219.71,0.21,47.19,220.55,0.20,25.76
219.82,0.61,134.41,0.00,0.00,0.00,0.00,0.00,0.00,217.21,0.21,46.13,214.48,0.20,24.14
217.88,0.61,133.29,0.00,0.00,0.00,0.00,0.00,0.00,215.97,0.21,45.78,217.93,0.20,25.05
221.34,0.61,135.32,0.00,0.00,0.00,0.00,0.00,0.00,217.90,0.21,46.52,216.90,0.20,24.80
220.08,0.61,134.69,0.00,0.00,0.00,0.00,0.00,0.00,216.51,0.21,45.95,216.91,0.20,24.86
218.16,0.61,133.18,0.00,0.00,0.00,0.00,0.00,0.00,217.85,0.21,46.53,220.30,0.19,25.10
220.14,0.60,133.10,0.00,0.00,0.00,0.00,0.00,0.00,215.18,0.21,45.53,217.06,0.19,24.51
219.75,0.61,134.64,0.00,0.00,0.00,0.00,0.00,0.00,217.24,0.21,46.36,220.37,0.20,25.60
223.32,0.61,135.78,0.00,0.00,0.00,0.00,0.00,0.00,216.81,0.21,46.06,216.09,0.19,24.59
220.80,0.61,134.29,0.00,0.00,0.00,0.00,0.00,0.00,216.88,0.21,46.21,215.37,0.19,24.25
221.73,0.61,134.81,0.00,0.00,0.00,0.00,0.00,0.00,217.73,0.21,46.20,215.70,0.19,24.51
218.56,0.61,133.45,0.00,0.00,0.00,0.00,0.00,0.00,219.26,0.21,47.11,218.74,0.19,24.84
220.10,0.61,134.37,0.00,0.00,0.00,0.00,0.00,0.00,218.90,0.21,47.00,217.87,0.19,24.87
220.65,0.61,134.96,0.00,0.00,0.00,0.00,0.00,0.00,219.36,0.21,47.02,219.85,0.19,25.42
218.95,0.61,133.58,0.00,0.00,0.00,0.00,0.00,0.00,218.33,0.21,46.84,219.28,0.19,24.88
219.83,0.61,133.60,0.00,0.00,0.00,0.00,0.00,0.00,219.07,0.21,46.68,217.11,0.19,24.62
220.34,0.61,134.56,0.00,0.00,0.00,0.00,0.00,0.00,218.39,0.21,46.60,218.15,0.19,24.91
218.09,0.61,133.60,0.00,0.00,0.00,0.00,0.00,0.00,218.74,0.21,46.78,218.20,0.20,25.09
218.71,0.61,133.67,0.00,0.00,0.00,0.00,0.00,0.00,218.45,0.21,46.67,216.93,0.19,24.88
220.44,0.62,135.62,0.00,0.00,0.00,0.00,0.00,0.00,219.57,0.21,47.25,221.06,0.20,25.85
222.27,0.61,135.95,0.00,0.00,0.00,0.00,0.00,0.00,217.64,0.21,46.30,218.63,0.20,25.32
218.47,0.61,133.46,0.00,0.00,0.00,0.00,0.00,0.00,217.40,0.21,46.18,218.11,0.20,24.91
222.40,0.61,135.86,0.00,0.00,0.00,0.00,0.00,0.00,221.39,0.22,47.86,217.95,0.19,24.72
219.67,0.40,86.81,0.00,0.00,0.00,0.00,0.00,0.00,0.00,0.00,0.00,215.82,0.19,24.51
223.47,0.40,89.53,0.00,0.00,0.00,0.00,0.00,0.00,0.00,0.00,0.00,217.56,0.20,25.49
224.11,0.39,87.51,0.00,0.00,0.00,0.00,0.00,0.00,0.00,0.00,0.00,216.40,0.19,23.84
223.04,0.40,88.93,0.00,0.00,0.00,0.00,0.00,0.00,0.00,0.00,0.00,217.54,0.20,25.07
224.35,0.39,88.10,0.00,0.00,0.00,0.00,0.00,0.00,0.00,0.00,0.00,216.75,0.19,24.57
218.76,0.40,88.16,0.00,0.00,0.00,0.00,0.00,0.00,0.00,0.00,0.00,220.41,0.20,26.23
222.92,0.64,142.96,0.00,0.00,0.00,222.22,0.24,40.39,0.00,0.00,0.00,217.61,0.20,25.83
218.42,0.68,149.38,0.00,0.07,0.00,217.72,0.22,35.16,0.00,0.00,0.00,215.73,0.19,24.43
218.92,0.68,147.92,0.00,0.06,0.00,218.22,0.22,35.35,0.00,0.00,0.00,218.55,0.19,24.81
220.68,0.67,148.80,0.00,0.06,0.00,219.98,0.22,34.83,0.00,0.00,0.00,220.91,0.20,25.86
219.43,0.61,134.17,0.00,0.00,0.00,218.73,0.22,34.15,0.00,0.00,0.00,218.25,0.19,24.56
220.84,0.62,136.78,0.00,0.00,0.00,220.14,0.22,34.56,0.00,0.00,0.00,218.37,0.20,25.07
219.54,0.61,133.72,0.00,0.00,0.00,218.84,0.21,33.50,0.00,0.00,0.00,219.00,0.19,24.89
219.86,0.61,134.98,0.00,0.00,0.00,219.16,0.22,34.30,0.00,0.00,0.00,220.23,0.19,25.32
220.71,0.62,136.17,0.00,0.00,0.00,220.01,0.22,35.49,0.00,0.00,0.00,218.61,0.19,24.76
217.49,0.61,133.03,0.00,0.00,0.00,216.79,0.22,34.52,0.00,0.00,0.00,218.00,0.19,24.41
221.69,0.61,135.46,0.00,0.00,0.00,220.99,0.22,33.76,0.00,0.00,0.00,219.47,0.19,25.01
219.99,0.61,134.44,0.00,0.00,0.00,219.29,0.22,34.74,0.00,0.00,0.00,215.50,0.19,23.80
218.28,0.62,135.43,0.00,0.00,0.00,217.58,0.22,34.97,0.00,0.00,0.00,219.33,0.20,25.44
221.12,0.62,136.22,0.00,0.00,0.00,220.42,0.22,33.81,0.00,0.00,0.00,221.23,0.20,25.58
220.01,0.62,135.70,0.00,0.00,0.00,219.31,0.22,34.87,0.00,0.00,0.00,220.17,0.19,25.02
217.30,0.62,134.12,0.00,0.00,0.00,216.60,0.22,34.44,0.00,0.00,0.00,218.49,0.20,25.07
218.62,0.62,134.76,0.00,0.00,0.00,217.92,0.22,34.07,0.00,0.00,0.00,218.81,0.19,24.94
221.63,0.61,135.72,0.00,0.00,0.00,220.93,0.22,34.21,0.00,0.00,0.00,217.25,0.19,24.42
219.31,0.62,135.45,0.00,0.00,0.00,218.61,0.22,34.26,0.00,0.00,0.00,217.99,0.20,24.80
224.05,0.61,137.26,0.00,0.00,0.00,223.35,0.22,34.27,0.00,0.00,0.00,218.45,0.19,24.71
221.98,0.61,135.71,0.00,0.00,0.00,221.28,0.22,34.55,0.00,0.00,0.00,215.96,0.19,24.26
220.25,0.61,135.25,0.00,0.00,0.00,219.55,0.22,34.03,0.00,0.00,0.00,217.23,0.19,24.66
219.39,0.62,135.04,0.00,0.00,0.00,218.69,0.22,33.73,0.00,0.00,0.00,218.17,0.19,25.10
219.05,0.62,134.83,0.00,0.00,0.00,218.35,0.22,34.58,0.00,0.00,0.00,217.43,0.19,25.00
219.68,0.62,135.54,0.00,0.00,0.00,218.98,0.22,34.95,0.00,0.00,0.00,222.12,0.19,25.48
219.47,0.61,134.61,0.00,0.00,0.00,218.77,0.22,34.24,0.00,0.00,0.00,218.22,0.19,24.43
219.96,0.61,135.00,0.00,0.00,0.00,219.26,0.22,34.47,0.00,0.00,0.00,218.50,0.19,25.06
220.09,0.62,135.79,0.00,0.00,0.00,219.39,0.22,34.47,0.00,0.00,0.00,218.62,0.20,25.25
219.97,0.61,135.21,0.00,0.00,0.00,219.27,0.22,35.20,0.00,0.00,0.00,220.34,0.19,25.10
219.27,0.61,134.53,0.00,0.00,0.00,218.57,0.22,33.93,0.00,0.00,0.00,217.98,0.19,24.71
218.43,0.61,134.18,0.00,0.00,0.00,217.73,0.22,33.22,0.00,0.00,0.00,220.56,0.20,25.65
222.34,0.61,136.54,0.00,0.00,0.00,221.64,0.22,34.49,0.00,0.00,0.00,218.59,0.19,24.46
217.25,0.61,133.44,0.00,0.00,0.00,216.55,0.22,34.08,0.00,0.00,0.00,217.15,0.19,24.43
220.82,0.61,135.27,0.00,0.00,0.00,220.12,0.22,34.07,0.00,0.00,0.00,216.59,0.19,24.18
224.65,0.61,137.68,0.00,0.00,0.00,223.95,0.22,33.81,0.00,0.00,0.00,219.14,0.19,25.10
222.91,0.62,137.61,0.00,0.00,0.00,222.21,0.22,33.66,0.00,0.00,0.00,218.97,0.20,25.04
219.12,0.62,135.30,0.00,0.00,0.00,218.42,0.22,34.69,0.00,0.00,0.00,219.70,0.20,25.27
219.33,0.61,134.11,0.00,0.00,0.00,218.63,0.22,34.54,0.00,0.00,0.00,216.98,0.19,24.30
218.47,0.62,135.28,0.00,0.00,0.00,217.77,0.22,33.79,0.00,0.00,0.00,220.29,0.20,25.46
221.73,0.61,135.75,0.00,0.00,0.00,221.03,0.22,34.14,0.00,0.00,0.00,217.36,0.19,24.52
221.30,0.61,135.38,0.00,0.00,0.00,220.60,0.22,33.37,0.00,0.00,0.00,216.39,0.19,24.42
220.45,0.61,135.19,0.00,0.00,0.00,219.75,0.22,33.69,0.00,0.00,0.00,218.44,0.19,25.28
220.04,0.62,135.49,0.00,0.00,0.00,219.34,0.22,35.33,0.00,0.00,0.00,216.18,0.19,24.69
222.83,0.61,136.81,0.00,0.00,0.00,222.13,0.22,32.85,0.00,0.00,0.00,218.56,0.19,25.13
218.42,0.62,134.75,0.00,0.00,0.00,217.72,0.22,34.24,0.00,0.00,0.00,217.86,0.20,25.03
222.40,0.62,137.99,0.00,0.00,0.00,221.70,0.22,34.27,0.00,0.00,0.00,218.58,0.20,25.06
219.82,0.62,135.81,0.00,0.00,0.00,219.12,0.22,35.11,0.00,0.00,0.00,218.10,0.20,24.59
218.92,0.62,134.89,0.00,0.00,0.00,218.22,0.22,34.84,0.00,0.00,0.00,220.37,0.19,25.43
221.50,0.62,136.45,0.00,0.00,0.00,220.80,0.22,34.35,0.00,0.00,0.00,219.84,0.19,25.11
219.36,0.61,134.01,0.00,0.00,0.00,218.66,0.22,34.46,0.00,0.00,0.00,217.02,0.19,24.18
222.09,0.62,137.11,0.00,0.00,0.00,221.39,0.22,33.24,0.00,0.00,0.00,221.69,0.20,25.74
220.30,0.61,135.45,0.00,0.00,0.00,219.60,0.22,34.23,0.00,0.00,0.00,216.97,0.19,24.90
220.39,0.61,134.83,0.00,0.00,0.00,219.69,0.22,33.39,0.00,0.00,0.00,219.92,0.19,24.98
218.97,0.61,134.06,0.00,0.00,0.00,218.27,0.22,33.80,0.00,0.00,0.00,215.22,0.19,24.20
221.15,0.61,135.40,0.00,0.00,0.00,220.45,0.22,34.35,0.00,0.00,0.00,215.77,0.19,24.18
220.34,0.62,135.56,0.00,0.00,0.00,219.64,0.22,34.98,0.00,0.00,0.00,217.98,0.19,24.77
223.04,0.61,136.52,0.00,0.00,0.00,222.34,0.22,34.38,0.00,0.00,0.00,216.70,0.19,24.50
222.60,0.62,137.03,0.00,0.00,0.00,221.90,0.22,34.74,0.00,0.00,0.00,219.57,0.19,25.29
219.93,0.62,135.38,0.00,0.00,0.00,219.23,0.22,33.63,0.00,0.00,0.00,218.53,0.19,24.81
220.44,0.61,135.56,0.00,0.00,0.00,219.74,0.22,34.55,0.00,0.00,0.00,216.51,0.19,24.72
221.47,0.62,136.27,0.00,0.00,0.00,220.77,0.22,33.83,0.00,0.00,0.00,220.05,0.20,25.71
220.86,0.62,136.64,0.00,0.00,0.00,220.16,0.22,34.33,0.00,0.00,0.00,219.03,0.20,25.03
218.81,0.62,135.35,0.00,0.00,0.00,218.11,0.22,35.29,0.00,0.00,0.00,215.40,0.20,24.60
218.77,0.61,133.92,0.00,0.00,0.00,218.07,0.22,34.30,0.00,0.00,0.00,215.88,0.19,24.02
222.95,0.62,137.27,0.00,0.00,0.00,222.25,0.22,34.80,0.00,0.00,0.00,216.37,0.19,24.48
220.19,0.62,136.12,0.00,0.00,0.00,219.49,0.22,35.46,0.00,0.00,0.00,219.96,0.20,25.54
220.04,0.62,136.56,0.00,0.00,0.00,219.34,0.22,35.33,0.00,0.00,0.00,216.50,0.20,24.87
217.72,0.62,134.11,0.00,0.00,0.00,217.02,0.22,34.14,0.00,0.00,0.00,217.58,0.20,24.85
219.06,0.62,134.86,0.00,0.00,0.00,218.36,0.22,34.77,0.00,0.00,0.00,219.59,0.19,25.01
218.48,0.62,134.49,0.00,0.00,0.00,217.78,0.22,34.09,0.00,0.00,0.00,215.41,0.19,24.38
218.98,0.61,134.00,0.00,0.00,0.00,218.28,0.22,34.51,0.00,0.00,0.00,217.45,0.19,24.88
218.94,0.61,134.12,0.00,0.00,0.00,218.24,0.22,34.02,0.00,0.00,0.00,217.87,0.19,24.66
219.77,0.61,134.81,0.00,0.00,0.00,219.07,0.22,34.03,0.00,0.00,0.00,218.03,0.19,25.01
218.50,0.62,135.12,0.00,0.00,0.00,217.80,0.22,35.10,0.00,0.00,0.00,218.01,0.20,24.99
218.47,0.62,134.75,0.00,0.00,0.00,217.77,0.22,34.31,0.00,0.00,0.00,216.07,0.20,24.96
222.05,0.62,137.99,0.00,0.00,0.00,221.35,0.22,34.35,0.00,0.00,0.00,218.33,0.20,25.17
220.06,0.62,136.62,0.00,0.00,0.00,219.36,0.22,34.04,0.00,0.00,0.00,217.19,0.20,25.20
218.49,0.62,135.14,0.00,0.00,0.00,217.79,0.22,33.63,0.00,0.00,0.00,220.88,0.20,26.04
218.52,0.61,133.87,0.00,0.00,0.00,217.82,0.22,34.87,0.00,0.00,0.00,218.73,0.19,24.79
219.75,0.62,135.72,0.00,0.00,0.00,219.05,0.22,33.59,0.00,0.00,0.00,218.18,0.20,25.24
219.95,0.62,136.22,0.00,0.00,0.00,219.25,0.22,34.83,0.00,0.00,0.00,218.46,0.19,24.79
218.78,0.62,134.84,0.00,0.00,0.00,218.08,0.22,34.30,0.00,0.00,0.00,217.67,0.19,24.77
221.61,0.62,136.43,0.00,0.00,0.00,220.91,0.22,34.17,0.00,0.00,0.00,217.46,0.20,24.81
218.42,0.62,135.09,0.00,0.00,0.00,217.72,0.22,34.63,0.00,0.00,0.00,216.11,0.20,24.88
217.99,0.62,134.56,0.00,0.00,0.00,217.29,0.22,33.86,0.00,0.00,0.00,217.05,0.20,24.67
221.78,0.62,136.81,0.00,0.00,0.00,221.08,0.22,34.27,0.00,0.00,0.00,217.91,0.20,25.04
219.04,0.61,134.35,0.00,0.00,0.00,218.34,0.22,33.56,0.00,0.00,0.00,218.41,0.19,25.03
218.97,0.62,135.12,0.00,0.00,0.00,218.27,0.22,34.12,0.00,0.00,0.00,215.51,0.19,24.55
218.10,0.62,134.26,0.00,0.00,0.00,217.40,0.22,33.48,0.00,0.00,0.00,216.98,0.19,24.48
218.03,0.62,134.51,0.00,0.00,0.00,217.33,0.22,35.13,0.00,0.00,0.00,216.49,0.19,24.67
221.07,0.62,136.11,0.00,0.00,0.00,220.37,0.22,34.13,0.00,0.00,0.00,217.41,0.19,25.07
219.52,0.61,134.97,0.00,0.00,0.00,218.82,0.22,34.15,0.00,0.00,0.00,216.69,0.19,24.68
218.83,0.62,134.79,0.00,0.00,0.00,218.13,0.22,34.29,0.00,0.00,0.00,216.52,0.19,24.75
218.66,0.61,134.27,0.00,0.00,0.00,217.96,0.22,33.80,0.00,0.00,0.00,215.58,0.19,24.60
217.73,0.62,134.79,0.00,0.00,0.00,217.03,0.22,35.50,0.00,0.00,0.00,215.84,0.20,24.75
222.39,0.62,137.11,0.00,0.00,0.00,221.69,0.22,33.56,0.00,0.00,0.00,218.26,0.20,24.99
219.92,0.62,135.80,0.00,0.00,0.00,219.22,0.22,34.22,0.00,0.00,0.00,217.32,0.20,25.08
218.04,0.62,134.14,0.00,0.00,0.00,217.34,0.22,33.59,0.00,0.00,0.00,219.54,0.19,25.22
221.50,0.61,135.83,0.00,0.00,0.00,220.80,0.22,33.86,0.00,0.00,0.00,217.97,0.19,24.92
220.59,0.62,136.61,0.00,0.00,0.00,219.89,0.22,34.36,0.00,0.00,0.00,217.43,0.20,25.48
220.36,0.61,135.07,0.00,0.00,0.00,219.66,0.22,34.21,0.00,0.00,0.00,217.26,0.19,24.61
218.49,0.62,135.05,0.00,0.00,0.00,217.79,0.22,34.13,0.00,0.00,0.00,218.83,0.20,25.31
220.31,0.61,134.74,0.00,0.00,0.00,219.61,0.22,33.59,0.00,0.00,0.00,216.05,0.19,24.54
219.69,0.62,135.46,0.00,0.00,0.00,218.99,0.22,34.09,0.00,0.00,0.00,216.93,0.20,25.20
218.04,0.62,135.21,0.00,0.00,0.00,217.34,0.22,32.81,0.00,0.00,0.00,219.89,0.20,26.00
220.30,0.62,135.82,0.00,0.00,0.00,219.60,0.22,34.54,0.00,0.00,0.00,217.63,0.20,24.89
222.38,0.62,137.62,0.00,0.00,0.00,221.68,0.22,34.17,0.00,0.00,0.00,218.52,0.20,25.25
218.69,0.62,134.71,0.00,0.00,0.00,217.99,0.22,34.52,0.00,0.00,0.00,216.28,0.19,24.68
219.15,0.62,135.89,0.00,0.00,0.00,218.45,0.22,33.74,0.00,0.00,0.00,218.95,0.20,25.46
218.38,0.61,133.62,0.00,0.00,0.00,217.68,0.22,33.93,0.00,0.00,0.00,215.41,0.19,23.92
219.14,0.62,135.15,0.00,0.00,0.00,218.44,0.22,34.34,0.00,0.00,0.00,219.20,0.20,25.28
218.93,0.62,135.65,0.00,0.00,0.00,218.23,0.22,33.84,0.00,0.00,0.00,219.19,0.20,25.40
219.40,0.62,135.06,0.00,0.00,0.00,218.70,0.22,34.39,0.00,0.00,0.00,219.92,0.19,25.17
218.41,0.61,134.25,0.00,0.00,0.00,217.71,0.22,34.25,0.00,0.00,0.00,218.76,0.19,24.98
222.28,0.62,137.04,0.00,0.00,0.00,221.58,0.22,34.38,0.00,0.00,0.00,215.95,0.20,24.66
220.88,0.62,135.98,0.00,0.00,0.00,220.18,0.22,34.26,0.00,0.00,0.00,216.83,0.19,24.71
222.79,0.62,138.04,0.00,0.00,0.00,222.09,0.22,33.90,0.00,0.00,0.00,215.92,0.20,24.83
223.23,0.62,137.36,0.00,0.00,0.00,222.53,0.22,34.34,0.00,0.00,0.00,215.91,0.19,24.41
219.85,0.61,134.98,0.00,0.00,0.00,219.15,0.22,34.25,0.00,0.00,0.00,217.14,0.19,24.64
221.00,0.62,136.45,0.00,0.00,0.00,220.30,0.22,34.32,0.00,0.00,0.00,218.23,0.20,25.21
221.86,0.61,136.29,0.00,0.00,0.00,221.16,0.22,34.29,0.00,0.00,0.00,215.68,0.19,24.42
218.95,0.61,134.61,0.00,0.00,0.00,218.25,0.22,34.14,0.00,0.00,0.00,216.54,0.19,24.88
221.69,0.62,136.91,0.00,0.00,0.00,220.99,0.22,34.02,0.00,0.00,0.00,218.20,0.20,25.05
218.17,0.61,133.50,0.00,0.00,0.00,217.47,0.22,33.86,0.00,0.00,0.00,216.37,0.19,24.66
222.24,0.61,135.86,0.00,0.00,0.00,221.54,0.22,34.03,0.00,0.00,0.00,216.77,0.19,24.20
222.98,0.62,137.43,0.00,0.00,0.00,222.28,0.22,33.54,0.00,0.00,0.00,217.18,0.20,24.95
220.57,0.62,136.47,0.00,0.00,0.00,219.87,0.22,34.58,0.00,0.00,0.00,221.84,0.20,26.12
221.19,0.61,135.63,0.00,0.00,0.00,220.49,0.22,33.70,0.00,0.00,0.00,216.80,0.19,24.54
220.05,0.61,134.66,0.00,0.00,0.00,219.35,0.22,33.93,0.00,0.00,0.00,217.26,0.19,24.75
220.09,0.62,136.05,0.00,0.00,0.00,219.39,0.22,33.88,0.00,0.00,0.00,221.26,0.20,26.35
219.01,0.61,134.09,0.00,0.00,0.00,218.31,0.22,34.11,0.00,0.00,0.00,215.32,0.19,24.61
217.91,0.61,133.47,0.00,0.00,0.00,217.21,0.22,33.44,0.00,0.00,0.00,218.44,0.19,24.91
217.92,0.62,135.33,0.00,0.00,0.00,217.22,0.22,34.19,0.00,0.00,0.00,218.31,0.20,25.90
220.84,0.62,135.96,0.00,0.00,0.00,220.14,0.22,33.75,0.00,0.00,0.00,217.69,0.20,25.01
218.89,0.62,134.91,0.00,0.00,0.00,218.19,0.22,34.75,0.00,0.00,0.00,215.93,0.19,24.66
220.01,0.61,134.81,0.00,0.00,0.00,219.31,0.22,34.04,0.00,0.00,0.00,218.09,0.19,24.88
221.38,0.61,135.60,0.00,0.00,0.00,220.68,0.22,34.26,0.00,0.00,0.00,216.95,0.19,24.71
218.36,0.62,134.47,0.00,0.00,0.00,217.66,0.22,34.63,0.00,0.00,0.00,217.05,0.19,25.04
216.83,0.62,134.01,0.00,0.00,0.00,216.13,0.22,33.92,0.00,0.00,0.00,218.07,0.20,25.19
220.14,0.61,134.57,0.00,0.00,0.00,219.44,0.22,34.15,0.00,0.00,0.00,215.95,0.19,24.41
218.94,0.62,134.72,0.00,0.00,0.00,218.24,0.22,33.96,0.00,0.00,0.00,216.92,0.20,25.06
220.27,0.61,134.41,0.00,0.00,0.00,219.57,0.22,34.17,0.00,0.00,0.00,215.44,0.19,24.10
221.63,0.62,136.83,0.00,0.00,0.00,220.93,0.22,34.07,0.00,0.00,0.00,222.00,0.20,25.85
221.75,0.61,135.88,0.00,0.00,0.00,221.05,0.22,34.06,0.00,0.00,0.00,216.64,0.19,24.26
218.89,0.62,135.32,0.00,0.00,0.00,218.19,0.22,34.88,0.00,0.00,0.00,217.22,0.20,25.26
222.17,0.61,136.04,0.00,0.00,0.00,221.47,0.22,34.69,0.00,0.00,0.00,217.03,0.19,24.47
219.69,0.62,135.60,0.00,0.00,0.00,218.99,0.22,34.19,0.00,0.00,0.00,220.50,0.19,25.03
220.05,0.62,135.58,0.00,0.00,0.00,219.35,0.22,33.96,0.00,0.00,0.00,216.04,0.19,24.60
222.51,0.61,135.87,0.00,0.00,0.00,221.81,0.22,34.34,0.00,0.00,0.00,215.56,0.19,24.05
220.49,0.62,136.33,0.00,0.00,0.00,219.79,0.22,33.61,0.00,0.00,0.00,218.82,0.20,24.98
218.33,0.62,134.68,0.00,0.00,0.00,217.63,0.22,34.31,0.00,0.00,0.00,217.26,0.20,25.05
219.87,0.61,135.07,0.00,0.00,0.00,219.17,0.22,34.15,0.00,0.00,0.00,217.61,0.19,24.74
219.35,0.61,134.90,0.00,0.00,0.00,218.65,0.22,34.31,0.00,0.00,0.00,218.00,0.19,24.68
220.95,0.61,135.79,0.00,0.00,0.00,220.25,0.22,34.20,0.00,0.00,0.00,218.13,0.19,24.94
221.25,0.62,136.31,0.00,0.00,0.00,220.55,0.22,33.93,0.00,0.00,0.00,218.88,0.20,25.20
217.95,0.62,134.33,0.00,0.00,0.00,217.25,0.22,34.12,0.00,0.00,0.00,216.91,0.20,25.23
216.98,0.61,133.40,0.00,0.00,0.00,216.28,0.22,34.79,0.00,0.00,0.00,216.85,0.19,24.53
221.22,0.62,136.23,0.00,0.00,0.00,220.52,0.22,33.98,0.00,0.00,0.00,214.93,0.20,24.51
220.61,0.62,136.13,0.00,0.00,0.00,219.91,0.22,34.67,0.00,0.00,0.00,216.29,0.20,24.61
220.21,0.62,135.54,0.00,0.00,0.00,219.51,0.22,34.53,0.00,0.00,0.00,217.30,0.19,24.63
217.52,0.62,135.61,0.00,0.00,0.00,216.82,0.22,34.87,0.00,0.00,0.00,217.81,0.20,25.05
223.30,0.62,137.90,0.00,0.00,0.00,222.60,0.22,34.48,0.00,0.00,0.00,219.33,0.20,25.22
222.11,0.62,136.83,0.00,0.00,0.00,221.41,0.22,34.34,0.00,0.00,0.00,218.50,0.20,24.63
218.60,0.62,135.61,0.00,0.00,0.00,217.90,0.22,33.66,0.00,0.00,0.00,219.92,0.20,25.70
222.30,0.62,136.87,0.00,0.00,0.00,221.60,0.22,34.55,0.00,0.00,0.00,218.77,0.19,24.92
221.64,0.62,137.55,0.00,0.00,0.00,220.94,0.22,34.14,0.00,0.00,0.00,221.46,0.20,25.87
221.13,0.62,136.42,0.00,0.00,0.00,220.43,0.22,34.51,0.00,0.00,0.00,217.77,0.19,24.59
222.30,0.62,136.86,0.00,0.00,0.00,221.60,0.22,34.54,0.00,0.00,0.00,218.85,0.19,24.84
220.87,0.62,136.65,0.00,0.00,0.00,220.17,0.22,34.25,0.00,0.00,0.00,217.65,0.20,24.91
223.27,0.62,138.07,0.00,0.00,0.00,222.57,0.22,34.37,0.00,0.00,0.00,222.38,0.20,26.19
220.99,0.62,137.08,0.00,0.00,0.00,220.29,0.22,34.00,0.00,0.00,0.00,222.40,0.20,26.24
219.72,0.62,135.94,0.00,0.00,0.00,219.02,0.22,34.69,0.00,0.00,0.00,218.58,0.20,25.20
220.93,0.62,136.45,0.00,0.00,0.00,220.23,0.22,34.03,0.00,0.00,0.00,217.62,0.20,24.60
219.41,0.62,135.14,0.00,0.00,0.00,218.71,0.22,34.70,0.00,0.00,0.00,217.28,0.19,24.67
222.21,0.61,136.40,0.00,0.00,0.00,221.51,0.22,34.25,0.00,0.00,0.00,217.89,0.19,24.78
222.27,0.62,136.86,0.00,0.00,0.00,221.57,0.22,34.61,0.00,0.00,0.00,217.60,0.19,24.95
226.02,0.62,139.26,0.00,0.00,0.00,225.32,0.22,34.27,0.00,0.00,0.00,220.07,0.20,25.36
221.83,0.62,137.01,0.00,0.00,0.00,221.13,0.22,34.43,0.00,0.00,0.00,218.60,0.20,25.43
220.25,0.62,135.58,0.00,0.00,0.00,219.55,0.22,34.32,0.00,0.00,0.00,217.83,0.20,25.05
221.22,0.62,136.07,0.00,0.00,0.00,220.52,0.22,33.06,0.00,0.00,0.00,220.56,0.20,25.54
219.66,0.62,135.13,0.00,0.00,0.00,218.96,0.22,33.99,0.00,0.00,0.00,219.54,0.19,25.02
222.37,0.61,136.43,0.00,0.00,0.00,221.67,0.22,34.25,0.00,0.00,0.00,217.84,0.19,24.84
221.67,0.62,136.40,0.00,0.00,0.00,220.97,0.22,34.17,0.00,0.00,0.00,217.39,0.20,24.74
219.09,0.62,134.79,0.00,0.00,0.00,218.39,0.22,34.32,0.00,0.00,0.00,218.30,0.19,25.03
219.44,0.62,135.96,0.00,0.00,0.00,218.74,0.22,34.34,0.00,0.00,0.00,222.68,0.20,26.11
218.41,0.61,133.69,0.00,0.00,0.00,217.71,0.22,34.69,0.00,0.00,0.00,216.11,0.19,23.88
221.46,0.62,136.57,0.00,0.00,0.00,220.76,0.22,34.81,0.00,0.00,0.00,216.44,0.19,24.72
219.08,0.62,135.18,0.00,0.00,0.00,218.38,0.22,34.91,0.00,0.00,0.00,220.67,0.19,25.43
222.26,0.62,137.36,0.00,0.00,0.00,221.56,0.22,34.39,0.00,0.00,0.00,218.65,0.20,24.97
218.49,0.61,134.23,0.00,0.00,0.00,217.79,0.22,34.75,0.00,0.00,0.00,216.54,0.19,24.21
220.18,0.62,136.14,0.00,0.00,0.00,219.48,0.22,34.15,0.00,0.00,0.00,217.13,0.19,24.73
220.71,0.61,135.56,0.00,0.00,0.00,220.01,0.22,34.65,0.00,0.00,0.00,217.88,0.19,24.68
223.51,0.61,136.56,0.00,0.00,0.00,222.81,0.22,34.07,0.00,0.00,0.00,216.43,0.19,24.24
220.85,0.62,135.87,0.00,0.00,0.00,220.15,0.22,34.24,0.00,0.00,0.00,217.51,0.20,24.95
221.18,0.61,135.55,0.00,0.00,0.00,220.48,0.22,34.65,0.00,0.00,0.00,217.88,0.19,24.49
220.67,0.61,135.25,0.00,0.00,0.00,219.97,0.22,34.12,0.00,0.00,0.00,216.90,0.19,24.41
223.13,0.62,137.72,0.00,0.00,0.00,222.43,0.22,34.12,0.00,0.00,0.00,221.84,0.20,25.74
221.73,0.61,135.63,0.00,0.00,0.00,221.03,0.22,33.99,0.00,0.00,0.00,217.07,0.19,24.34
221.34,0.62,136.44,0.00,0.00,0.00,220.64,0.22,34.54,0.00,0.00,0.00,221.76,0.19,25.53
218.62,0.62,135.05,0.00,0.00,0.00,217.92,0.22,34.66,0.00,0.00,0.00,221.45,0.20,25.52
220.34,0.62,135.77,0.00,0.00,0.00,219.64,0.22,34.48,0.00,0.00,0.00,218.31,0.19,24.96
220.58,0.61,134.72,0.00,0.00,0.00,219.88,0.22,33.64,0.00,0.00,0.00,216.78,0.19,24.24
221.08,0.61,135.45,0.00,0.00,0.00,220.38,0.22,33.93,0.00,0.00,0.00,217.16,0.19,24.69
219.53,0.61,134.64,0.00,0.00,0.00,218.83,0.22,33.76,0.00,0.00,0.00,220.84,0.19,25.15
219.40,0.62,135.01,0.00,0.00,0.00,218.70,0.22,33.54,0.00,0.00,0.00,219.49,0.19,24.91
219.87,0.61,134.36,0.00,0.00,0.00,219.17,0.22,33.28,0.00,0.00,0.00,218.25,0.19,24.53
220.83,0.61,135.02,0.00,0.00,0.00,220.13,0.22,34.30,0.00,0.00,0.00,216.85,0.19,24.23
219.97,0.61,135.17,0.00,0.00,0.00,219.27,0.22,34.02,0.00,0.00,0.00,217.83,0.19,24.81
220.15,0.62,136.05,0.00,0.00,0.00,219.45,0.22,33.86,0.00,0.00,0.00,222.17,0.20,25.62
218.55,0.62,134.48,0.00,0.00,0.00,217.85,0.22,33.79,0.00,0.00,0.00,216.06,0.19,24.52
220.82,0.61,135.24,0.00,0.00,0.00,220.12,0.22,34.23,0.00,0.00,0.00,216.00,0.19,24.23
223.83,0.61,136.69,0.00,0.00,0.00,223.13,0.22,34.39,0.00,0.00,0.00,215.50,0.19,23.93
220.64,0.62,135.95,0.00,0.00,0.00,219.94,0.22,34.76,0.00,0.00,0.00,218.03,0.19,24.92
222.92,0.62,137.97,0.00,0.00,0.00,222.22,0.22,34.50,0.00,0.00,0.00,218.95,0.20,25.07
219.36,0.62,135.30,0.00,0.00,0.00,218.66,0.22,34.07,0.00,0.00,0.00,220.01,0.20,25.39
218.65,0.61,133.30,0.00,0.00,0.00,217.95,0.22,34.01,0.00,0.00,0.00,217.79,0.19,24.27
223.68,0.61,137.00,0.00,0.00,0.00,222.98,0.22,33.71,0.00,0.00,0.00,217.96,0.19,24.75
218.33,0.62,134.53,0.00,0.00,0.00,217.63,0.22,34.26,0.00,0.00,0.00,215.68,0.20,24.88
219.74,0.62,135.16,0.00,0.00,0.00,219.04,0.22,33.99,0.00,0.00,0.00,219.24,0.20,25.20
220.69,0.61,135.31,0.00,0.00,0.00,219.99,0.22,34.29,0.00,0.00,0.00,219.93,0.19,24.78
217.93,0.61,133.30,0.00,0.00,0.00,217.23,0.22,34.11,0.00,0.00,0.00,215.33,0.19,24.09
220.12,0.62,135.92,0.00,0.00,0.00,219.42,0.22,34.32,0.00,0.00,0.00,221.59,0.20,25.67
220.10,0.61,134.83,0.00,0.00,0.00,219.40,0.22,34.26,0.00,0.00,0.00,217.08,0.19,24.33
220.93,0.62,135.99,0.00,0.00,0.00,220.23,0.22,34.29,0.00,0.00,0.00,217.72,0.19,25.04
220.59,0.62,135.67,0.00,0.00,0.00,219.89,0.22,34.34,0.00,0.00,0.00,221.67,0.19,25.41
221.06,0.61,135.43,0.00,0.00,0.00,220.36,0.22,34.72,0.00,0.00,0.00,219.30,0.19,24.72
220.36,0.62,135.93,0.00,0.00,0.00,219.66,0.22,33.88,0.00,0.00,0.00,216.92,0.19,24.70
220.04,0.62,135.53,0.00,0.00,0.00,219.34,0.22,34.32,0.00,0.00,0.00,219.56,0.19,25.14
219.47,0.62,135.11,0.00,0.00,0.00,218.77,0.22,33.64,0.00,0.00,0.00,219.14,0.19,24.88
218.60,0.62,134.63,0.00,0.00,0.00,217.90,0.22,33.56,0.00,0.00,0.00,217.92,0.19,24.85
220.11,0.61,134.56,0.00,0.00,0.00,219.41,0.22,34.16,0.00,0.00,0.00,215.43,0.19,23.71
223.96,0.62,137.76,0.00,0.00,0.00,223.26,0.22,34.13,0.00,0.00,0.00,219.17,0.19,25.18
222.33,0.61,136.39,0.00,0.00,0.00,221.63,0.22,34.15,0.00,0.00,0.00,217.12,0.19,24.52
218.66,0.61,133.91,0.00,0.00,0.00,217.96,0.22,33.78,0.00,0.00,0.00,218.03,0.19,24.59
220.01,0.62,135.33,0.00,0.00,0.00,219.31,0.22,34.19,0.00,0.00,0.00,216.49,0.19,24.80
218.12,0.62,135.61,0.00,0.00,0.00,217.42,0.22,33.78,0.00,0.00,0.00,220.36,0.20,26.09
218.86,0.62,136.06,0.00,0.00,0.00,218.16,0.22,33.70,0.00,0.00,0.00,220.74,0.20,25.95
219.83,0.62,135.69,0.00,0.00,0.00,219.13,0.22,34.23,0.00,0.00,0.00,219.79,0.20,25.55
221.49,0.62,136.28,0.00,0.00,0.00,220.79,0.22,34.17,0.00,0.00,0.00,217.38,0.19,24.90
219.28,0.61,134.44,0.00,0.00,0.00,218.58,0.22,34.57,0.00,0.00,0.00,219.43,0.19,24.75
223.69,0.61,137.24,0.00,0.00,0.00,222.99,0.22,34.21,0.00,0.00,0.00,216.38,0.19,24.41
222.86,0.62,138.21,0.00,0.00,0.00,222.16,0.22,34.55,0.00,0.00,0.00,219.01,0.20,24.95
218.51,0.62,135.09,0.00,0.00,0.00,217.81,0.22,33.68,0.00,0.00,0.00,218.90,0.20,25.39
217.22,0.62,134.28,0.00,0.00,0.00,216.52,0.22,33.96,0.00,0.00,0.00,219.72,0.20,25.56
218.32,0.61,134.04,0.00,0.00,0.00,217.62,0.22,33.69,0.00,0.00,0.00,216.64,0.19,24.54
219.60,0.62,135.72,0.00,0.00,0.00,218.90,0.22,33.95,0.00,0.00,0.00,218.06,0.20,25.21
219.98,0.62,136.12,0.00,0.00,0.00,219.28,0.22,34.20,0.00,0.00,0.00,219.18,0.20,25.30
218.14,0.62,134.26,0.00,0.00,0.00,217.44,0.22,34.27,0.00,0.00,0.00,218.54,0.19,24.65
222.44,0.61,136.56,0.00,0.00,0.00,221.74,0.22,34.02,0.00,0.00,0.00,217.66,0.19,24.74
222.53,0.61,136.68,0.00,0.00,0.00,221.83,0.22,34.08,0.00,0.00,0.00,219.73,0.19,25.02
221.34,0.61,135.52,0.00,0.00,0.00,220.64,0.22,33.89,0.00,0.00,0.00,216.87,0.19,24.37
222.23,0.62,136.71,0.00,0.00,0.00,221.53,0.22,34.69,0.00,0.00,0.00,220.03,0.19,24.47
220.24,0.61,134.57,0.00,0.00,0.00,219.54,0.22,34.12,0.00,0.00,0.00,217.20,0.19,23.88
219.61,0.61,134.56,0.00,0.00,0.00,218.91,0.22,34.29,0.00,0.00,0.00,219.56,0.19,24.96
219.55,0.61,134.40,0.00,0.00,0.00,218.85,0.22,34.01,0.00,0.00,0.00,217.82,0.19,24.48
221.06,0.62,136.56,0.00,0.00,0.00,220.36,0.22,34.33,0.00,0.00,0.00,220.76,0.20,25.73
221.83,0.61,136.09,0.00,0.00,0.00,221.13,0.22,33.92,0.00,0.00,0.00,218.29,0.19,24.84
218.84,0.61,133.95,0.00,0.00,0.00,218.14,0.22,34.26,0.00,0.00,0.00,218.24,0.19,24.55
222.06,0.61,135.41,0.00,0.00,0.00,221.36,0.22,33.77,0.00,0.00,0.00,219.02,0.19,24.76
219.44,0.62,135.32,0.00,0.00,0.00,218.74,0.22,34.09,0.00,0.00,0.00,220.91,0.20,25.62
220.86,0.62,136.07,0.00,0.00,0.00,220.16,0.22,34.02,0.00,0.00,0.00,220.68,0.20,25.63
223.70,0.61,136.64,0.00,0.00,0.00,223.00,0.22,34.28,0.00,0.00,0.00,218.36,0.19,24.49
218.98,0.62,134.84,0.00,0.00,0.00,218.28,0.22,34.50,0.00,0.00,0.00,219.72,0.19,25.14
219.74,0.61,134.62,0.00,0.00,0.00,219.04,0.22,33.53,0.00,0.00,0.00,217.30,0.19,24.61
219.60,0.61,134.80,0.00,0.00,0.00,218.90,0.22,33.92,0.00,0.00,0.00,217.51,0.19,24.40
220.90,0.62,136.04,0.00,0.00,0.00,220.20,0.22,34.07,0.00,0.00,0.00,221.47,0.20,25.63
221.54,0.61,135.33,0.00,0.00,0.00,220.84,0.22,34.28,0.00,0.00,0.00,216.19,0.19,24.15
220.29,0.61,135.09,0.00,0.00,0.00,219.59,0.22,34.09,0.00,0.00,0.00,218.07,0.19,24.78
219.09,0.62,135.05,0.00,0.00,0.00,218.39,0.22,34.39,0.00,0.00,0.00,218.78,0.20,25.20
218.56,0.61,133.39,0.00,0.00,0.00,217.86,0.22,34.39,0.00,0.00,0.00,215.66,0.19,24.26
223.25,0.61,136.73,0.00,0.00,0.00,222.55,0.22,33.91,0.00,0.00,0.00,216.79,0.19,24.85
220.29,0.62,135.58,0.00,0.00,0.00,219.59,0.22,33.97,0.00,0.00,0.00,219.09,0.20,25.36
219.26,0.62,135.43,0.00,0.00,0.00,218.56,0.22,33.95,0.00,0.00,0.00,221.11,0.20,25.69
222.64,0.62,137.08,0.00,0.00,0.00,221.94,0.22,34.57,0.00,0.00,0.00,215.95,0.19,24.87
221.12,0.61,135.77,0.00,0.00,0.00,220.42,0.22,34.63,0.00,0.00,0.00,216.55,0.19,24.66
217.70,0.62,134.56,0.00,0.00,0.00,217.00,0.22,34.00,0.00,0.00,0.00,222.35,0.20,25.81
220.67,0.62,135.77,0.00,0.00,0.00,219.97,0.22,34.26,0.00,0.00,0.00,222.17,0.19,25.66
220.28,0.61,135.46,0.00,0.00,0.00,219.58,0.22,34.25,0.00,0.00,0.00,219.97,0.19,25.08
219.69,0.62,135.82,0.00,0.00,0.00,218.99,0.22,34.25,0.00,0.00,0.00,219.45,0.20,25.13
219.55,0.62,135.14,0.00,0.00,0.00,218.85,0.22,34.25,0.00,0.00,0.00,219.48,0.19,25.11
218.41,0.61,133.61,0.00,0.00,0.00,217.71,0.22,33.72,0.00,0.00,0.00,216.52,0.19,24.45
221.98,0.61,136.11,0.00,0.00,0.00,221.28,0.22,34.27,0.00,0.00,0.00,218.19,0.19,24.76
219.87,0.62,135.33,0.00,0.00,0.00,219.17,0.22,34.03,0.00,0.00,0.00,217.40,0.19,24.55
221.91,0.61,135.39,0.00,0.00,0.00,221.21,0.22,34.06,0.00,0.00,0.00,216.74,0.19,24.14
218.19,0.62,134.39,0.00,0.00,0.00,217.49,0.22,34.07,0.00,0.00,0.00,221.54,0.20,25.65
222.89,0.61,136.63,0.00,0.00,0.00,222.19,0.22,34.39,0.00,0.00,0.00,217.71,0.19,24.53
219.61,0.61,134.81,0.00,0.00,0.00,218.91,0.22,33.96,0.00,0.00,0.00,218.57,0.19,24.85
220.93,0.61,133.98,0.00,0.00,0.00,220.23,0.22,33.70,0.00,0.00,0.00,214.14,0.19,23.58
219.80,0.61,134.54,0.00,0.00,0.00,219.10,0.22,33.87,0.00,0.00,0.00,218.32,0.19,24.95
218.67,0.61,134.36,0.00,0.00,0.00,217.97,0.22,33.68,0.00,0.00,0.00,218.74,0.19,25.25
220.85,0.61,134.22,0.00,0.00,0.00,220.15,0.22,33.83,0.00,0.00,0.00,217.07,0.19,24.16
220.22,0.61,134.47,0.00,0.00,0.00,219.52,0.22,34.15,0.00,0.00,0.00,217.89,0.19,24.59
220.49,0.61,134.55,0.00,0.00,0.00,219.79,0.22,33.86,0.00,0.00,0.00,219.29,0.19,24.79
220.77,0.61,135.44,0.00,0.00,0.00,220.07,0.22,33.97,0.00,0.00,0.00,220.86,0.19,25.27
219.51,0.61,134.45,0.00,0.00,0.00,218.81,0.22,33.72,0.00,0.00,0.00,218.92,0.19,24.96
220.33,0.62,135.81,0.00,0.00,0.00,219.63,0.22,33.47,0.00,0.00,0.00,219.16,0.20,25.54
218.44,0.61,133.12,0.00,0.00,0.00,217.74,0.22,33.65,0.00,0.00,0.00,216.76,0.19,24.48
220.08,0.61,135.24,0.00,0.00,0.00,219.38,0.22,34.15,0.00,0.00,0.00,218.18,0.19,25.02
218.12,0.62,134.26,0.00,0.00,0.00,217.42,0.22,34.52,0.00,0.00,0.00,218.57,0.19,25.13
219.07,0.61,134.29,0.00,0.00,0.00,218.37,0.22,34.22,0.00,0.00,0.00,216.72,0.19,24.31
216.03,0.62,133.18,0.00,0.00,0.00,215.33,0.22,34.11,0.00,0.00,0.00,218.03,0.20,25.38
219.58,0.62,135.08,0.00,0.00,0.00,218.88,0.22,33.75,0.00,0.00,0.00,215.68,0.20,24.86
220.23,0.61,135.34,0.00,0.00,0.00,219.53,0.22,34.23,0.00,0.00,0.00,216.66,0.19,24.75
220.53,0.61,135.15,0.00,0.00,0.00,219.83,0.22,33.88,0.00,0.00,0.00,217.01,0.19,24.81
220.91,0.61,135.06,0.00,0.00,0.00,220.21,0.22,34.12,0.00,0.00,0.00,218.04,0.19,24.38
222.02,0.61,136.49,0.00,0.00,0.00,221.32,0.22,33.90,0.00,0.00,0.00,221.82,0.19,25.76
221.60,0.61,135.44,0.00,0.00,0.00,220.90,0.22,34.04,0.00,0.00,0.00,217.65,0.19,24.67
219.36,0.62,135.50,0.00,0.00,0.00,218.66,0.22,34.54,0.00,0.00,0.00,220.06,0.20,25.70
218.72,0.62,135.36,0.00,0.00,0.00,218.02,0.22,34.06,0.00,0.00,0.00,217.66,0.20,25.40
220.64,0.61,135.12,0.00,0.00,0.00,219.94,0.22,33.37,0.00,0.00,0.00,218.25,0.19,24.46
221.40,0.62,137.12,0.00,0.00,0.00,220.70,0.22,34.30,0.00,0.00,0.00,221.13,0.20,25.46
221.25,0.62,137.00,0.00,0.00,0.00,220.55,0.22,34.55,0.00,0.00,0.00,218.16,0.20,25.17
220.35,0.62,135.57,0.00,0.00,0.00,219.65,0.22,34.20,0.00,0.00,0.00,216.78,0.19,24.81
220.96,0.62,136.50,0.00,0.00,0.00,220.26,0.22,34.34,0.00,0.00,0.00,220.10,0.20,25.73
218.17,0.61,133.37,0.00,0.00,0.00,217.47,0.22,34.33,0.00,0.00,0.00,217.26,0.19,24.31
220.71,0.61,135.40,0.00,0.00,0.00,220.01,0.22,34.04,0.00,0.00,0.00,218.54,0.19,24.93
219.58,0.62,135.95,0.00,0.00,0.00,218.88,0.22,34.60,0.00,0.00,0.00,219.61,0.20,25.13
218.71,0.61,134.14,0.00,0.00,0.00,218.01,0.22,34.61,0.00,0.00,0.00,216.70,0.19,24.39
220.11,0.61,134.40,0.00,0.00,0.00,219.41,0.22,33.81,0.00,0.00,0.00,217.20,0.19,24.40
222.00,0.61,136.26,0.00,0.00,0.00,221.30,0.22,34.03,0.00,0.00,0.00,220.04,0.19,25.14
220.12,0.61,134.76,0.00,0.00,0.00,219.42,0.22,33.90,0.00,0.00,0.00,217.78,0.19,24.72
221.94,0.61,135.79,0.00,0.00,0.00,221.24,0.22,33.70,0.00,0.00,0.00,219.53,0.19,25.03
220.37,0.61,134.70,0.00,0.00,0.00,219.67,0.22,34.29,0.00,0.00,0.00,217.31,0.19,24.53
223.12,0.61,136.77,0.00,0.00,0.00,222.42,0.22,33.97,0.00,0.00,0.00,221.67,0.19,25.24
222.01,0.62,136.79,0.00,0.00,0.00,221.31,0.22,34.04,0.00,0.00,0.00,221.13,0.20,25.85
218.32,0.62,134.88,0.00,0.00,0.00,217.62,0.22,34.00,0.00,0.00,0.00,218.06,0.20,25.15
217.69,0.62,134.03,0.00,0.00,0.00,216.99,0.22,33.95,0.00,0.00,0.00,218.45,0.19,25.32
218.74,0.62,135.14,0.00,0.00,0.00,218.04,0.22,33.96,0.00,0.00,0.00,219.69,0.20,25.72
218.28,0.61,134.17,0.00,0.00,0.00,217.58,0.22,33.67,0.00,0.00,0.00,216.88,0.19,24.88
219.64,0.62,135.35,0.00,0.00,0.00,218.94,0.22,33.90,0.00,0.00,0.00,217.44,0.20,25.23
219.46,0.62,135.30,0.00,0.00,0.00,218.76,0.22,33.73,0.00,0.00,0.00,220.62,0.20,25.79
217.69,0.62,134.63,0.00,0.00,0.00,216.99,0.22,34.03,0.00,0.00,0.00,222.24,0.20,26.34
218.70,0.62,134.70,0.00,0.00,0.00,218.00,0.22,33.59,0.00,0.00,0.00,218.25,0.20,25.27
218.90,0.62,135.75,0.00,0.00,0.00,218.20,0.22,33.89,0.00,0.00,0.00,222.63,0.20,26.09
221.79,0.62,136.72,0.00,0.00,0.00,221.09,0.22,34.04,0.00,0.00,0.00,216.31,0.20,24.70
221.07,0.61,135.43,0.00,0.00,0.00,220.37,0.22,33.56,0.00,0.00,0.00,215.75,0.19,24.32
218.58,0.62,135.53,0.00,0.00,0.00,217.88,0.22,33.88,0.00,0.00,0.00,217.33,0.20,25.16
220.95,0.61,135.37,0.00,0.00,0.00,220.25,0.22,34.52,0.00,0.00,0.00,215.70,0.19,24.07
220.76,0.62,136.00,0.00,0.00,0.00,220.06,0.22,33.59,0.00,0.00,0.00,218.01,0.20,25.13
222.02,0.61,135.91,0.00,0.00,0.00,221.32,0.22,33.59,0.00,0.00,0.00,218.61,0.19,24.66
220.08,0.62,135.44,0.00,0.00,0.00,219.38,0.22,34.19,0.00,0.00,0.00,218.50,0.19,24.84
219.97,0.61,134.62,0.00,0.00,0.00,219.27,0.22,33.89,0.00,0.00,0.00,220.53,0.19,25.02
219.93,0.61,135.19,0.00,0.00,0.00,219.23,0.22,34.15,0.00,0.00,0.00,217.01,0.19,24.51
220.46,0.62,136.17,0.00,0.00,0.00,219.76,0.22,34.48,0.00,0.00,0.00,217.91,0.20,25.12
221.44,0.61,135.29,0.00,0.00,0.00,220.74,0.22,33.61,0.00,0.00,0.00,217.27,0.19,24.22
218.54,0.61,133.43,0.00,0.00,0.00,217.84,0.22,33.78,0.00,0.00,0.00,216.49,0.19,24.09
220.64,0.62,135.96,0.00,0.00,0.00,219.94,0.22,33.64,0.00,0.00,0.00,217.15,0.20,25.04
222.37,0.61,136.09,0.00,0.00,0.00,221.67,0.22,33.98,0.00,0.00,0.00,217.09,0.19,24.46
220.25,0.61,134.90,0.00,0.00,0.00,219.55,0.22,33.63,0.00,0.00,0.00,218.95,0.19,25.18
218.27,0.61,133.13,0.00,0.00,0.00,217.57,0.22,33.73,0.00,0.00,0.00,217.35,0.19,24.48
218.77,0.61,134.12,0.00,0.00,0.00,218.07,0.22,33.64,0.00,0.00,0.00,217.72,0.19,24.88
218.44,0.62,134.78,0.00,0.00,0.00,217.74,0.22,33.90,0.00,0.00,0.00,221.75,0.20,25.91
221.04,0.61,135.09,0.00,0.00,0.00,220.34,0.22,34.22,0.00,0.00,0.00,217.89,0.19,24.87
218.08,0.61,134.10,0.00,0.00,0.00,217.38,0.22,34.20,0.00,0.00,0.00,218.78,0.19,25.11
221.42,0.61,135.04,0.00,0.00,0.00,220.72,0.22,34.33,0.00,0.00,0.00,217.72,0.19,24.21
222.43,0.61,136.02,0.00,0.00,0.00,221.73,0.22,34.13,0.00,0.00,0.00,217.19,0.19,24.47
221.86,0.61,135.44,0.00,0.00,0.00,221.16,0.22,34.06,0.00,0.00,0.00,216.97,0.19,24.32
222.04,0.61,135.63,0.00,0.00,0.00,221.34,0.22,33.82,0.00,0.00,0.00,216.49,0.19,24.33
219.86,0.62,135.52,0.00,0.00,0.00,219.16,0.22,33.55,0.00,0.00,0.00,217.23,0.20,24.82
220.05,0.61,133.89,0.00,0.00,0.00,219.35,0.22,33.62,0.00,0.00,0.00,217.97,0.19,24.26
221.82,0.61,136.39,0.00,0.00,0.00,221.12,0.22,33.89,0.00,0.00,0.00,217.59,0.19,25.14
219.96,0.61,134.35,0.00,0.00,0.00,219.26,0.22,33.93,0.00,0.00,0.00,219.10,0.19,24.71
220.81,0.61,135.01,0.00,0.00,0.00,220.11,0.22,34.14,0.00,0.00,0.00,218.58,0.19,24.73
219.83,0.61,134.31,0.00,0.00,0.00,219.13,0.22,33.88,0.00,0.00,0.00,218.78,0.19,24.73
220.43,0.61,135.50,0.00,0.00,0.00,219.73,0.22,33.71,0.00,0.00,0.00,218.46,0.20,25.14
220.16,0.61,134.38,0.00,0.00,0.00,219.46,0.22,33.57,0.00,0.00,0.00,217.11,0.19,24.55
225.02,0.61,137.50,0.00,0.00,0.00,224.32,0.22,33.69,0.00,0.00,0.00,219.41,0.19,25.04
219.33,0.61,134.36,0.00,0.00,0.00,218.63,0.22,33.74,0.00,0.00,0.00,218.30,0.19,24.97
219.39,0.62,135.21,0.00,0.00,0.00,218.69,0.22,33.83,0.00,0.00,0.00,217.77,0.20,25.13
221.56,0.62,136.60,0.00,0.00,0.00,220.86,0.22,34.03,0.00,0.00,0.00,219.59,0.20,25.51
220.05,0.62,135.80,0.00,0.00,0.00,219.35,0.22,33.59,0.00,0.00,0.00,220.30,0.20,25.74
221.37,0.61,136.07,0.00,0.00,0.00,220.67,0.22,33.84,0.00,0.00,0.00,222.08,0.20,25.76
217.99,0.61,133.79,0.00,0.00,0.00,217.29,0.22,33.79,0.00,0.00,0.00,218.67,0.19,25.03
221.56,0.61,136.12,0.00,0.00,0.00,220.86,0.22,34.12,0.00,0.00,0.00,217.93,0.19,24.72
218.43,0.61,134.18,0.00,0.00,0.00,217.73,0.22,33.85,0.00,0.00,0.00,219.50,0.19,24.59
221.60,0.61,136.06,0.00,0.00,0.00,220.90,0.22,34.01,0.00,0.00,0.00,217.20,0.19,24.43
222.16,0.62,137.48,0.00,0.00,0.00,221.46,0.22,34.30,0.00,0.00,0.00,220.37,0.20,25.49
218.34,0.61,134.24,0.00,0.00,0.00,217.64,0.22,33.39,0.00,0.00,0.00,216.71,0.20,25.22
219.45,0.61,134.69,0.00,0.00,0.00,218.75,0.22,34.00,0.00,0.00,0.00,220.22,0.19,25.27
219.28,0.62,135.08,0.00,0.00,0.00,218.58,0.22,33.73,0.00,0.00,0.00,219.23,0.20,25.17
218.99,0.61,134.67,0.00,0.00,0.00,218.29,0.22,33.66,0.00,0.00,0.00,217.18,0.20,25.24
220.03,0.61,134.95,0.00,0.00,0.00,219.33,0.22,33.39,0.00,0.00,0.00,218.40,0.19,25.02
219.40,0.62,135.29,0.00,0.00,0.00,218.70,0.22,33.58,0.00,0.00,0.00,218.73,0.20,25.51
218.69,0.61,133.57,0.00,0.00,0.00,217.99,0.22,33.93,0.00,0.00,0.00,215.29,0.19,24.13
217.87,0.61,133.97,0.00,0.00,0.00,217.17,0.21,33.45,0.00,0.00,0.00,221.71,0.20,26.01
221.35,0.62,136.21,0.00,0.00,0.00,220.65,0.22,33.51,0.00,0.00,0.00,217.42,0.20,25.47
220.03,0.62,135.90,0.00,0.00,0.00,219.33,0.22,33.56,0.00,0.00,0.00,216.56,0.20,25.26
220.22,0.62,135.87,0.00,0.00,0.00,219.52,0.22,33.69,0.00,0.00,0.00,217.66,0.20,25.33
218.84,0.61,134.10,0.00,0.00,0.00,218.14,0.21,33.12,0.00,0.00,0.00,216.47,0.20,25.00
218.43,0.61,132.74,0.00,0.00,0.00,217.73,0.22,33.53,0.00,0.00,0.00,215.53,0.19,24.12
221.02,0.61,135.10,0.00,0.00,0.00,220.32,0.22,33.91,0.00,0.00,0.00,216.51,0.19,24.40
218.09,0.61,133.50,0.00,0.00,0.00,217.39,0.21,33.45,0.00,0.00,0.00,217.61,0.19,24.72
221.53,0.61,136.20,0.00,0.00,0.00,220.83,0.22,33.58,0.00,0.00,0.00,217.37,0.20,24.87
220.83,0.62,136.07,0.00,0.00,0.00,220.13,0.22,33.85,0.00,0.00,0.00,219.07,0.20,25.02
222.12,0.61,136.59,0.00,0.00,0.00,221.42,0.22,33.27,0.00,0.00,0.00,216.64,0.20,24.82
220.70,0.61,135.59,0.00,0.00,0.00,220.00,0.22,33.98,0.00,0.00,0.00,219.16,0.19,24.97
218.04,0.62,134.90,0.00,0.00,0.00,217.34,0.21,33.50,0.00,0.00,0.00,219.02,0.20,25.67
217.12,0.61,133.00,0.00,0.00,0.00,216.42,0.22,33.44,0.00,0.00,0.00,215.51,0.19,24.23
219.86,0.61,134.83,0.00,0.00,0.00,219.16,0.21,33.25,0.00,0.00,0.00,218.72,0.19,24.84
218.13,0.62,134.58,0.00,0.00,0.00,217.43,0.22,33.81,0.00,0.00,0.00,216.96,0.20,25.26
221.41,0.62,136.71,0.00,0.00,0.00,220.71,0.22,33.56,0.00,0.00,0.00,216.22,0.20,25.06
217.15,0.61,132.96,0.00,0.00,0.00,216.45,0.22,33.33,0.00,0.00,0.00,213.99,0.19,23.70
218.44,0.62,134.83,0.00,0.00,0.00,217.74,0.21,33.20,0.00,0.00,0.00,216.86,0.20,25.08
219.77,0.62,136.43,0.00,0.00,0.00,219.07,0.22,33.29,0.00,0.00,0.00,219.05,0.20,25.53
221.37,0.61,135.87,0.00,0.00,0.00,220.67,0.21,33.19,0.00,0.00,0.00,216.65,0.20,24.73
217.22,0.62,133.69,0.00,0.00,0.00,216.52,0.22,33.69,0.00,0.00,0.00,215.75,0.20,24.82
216.11,0.62,132.91,0.00,0.00,0.00,215.41,0.22,33.69,0.00,0.00,0.00,216.11,0.20,24.48
221.41,0.61,135.76,0.00,0.00,0.00,220.71,0.22,33.53,0.00,0.00,0.00,216.50,0.19,24.56
218.07,0.62,134.61,0.00,0.00,0.00,217.37,0.22,33.37,0.00,0.00,0.00,215.76,0.20,24.69
220.20,0.61,135.00,0.00,0.00,0.00,219.50,0.22,33.39,0.00,0.00,0.00,215.69,0.19,24.47
217.74,0.62,134.71,0.00,0.00,0.00,217.04,0.22,33.49,0.00,0.00,0.00,217.25,0.20,25.30
219.04,0.61,134.50,0.00,0.00,0.00,218.34,0.22,33.60,0.00,0.00,0.00,215.22,0.20,24.52
218.47,0.62,134.75,0.00,0.00,0.00,217.77,0.22,33.47,0.00,0.00,0.00,214.66,0.20,24.76
219.62,0.62,135.14,0.00,0.00,0.00,218.92,0.21,33.15,0.00,0.00,0.00,215.41,0.20,24.87
220.74,0.62,136.91,0.00,0.00,0.00,220.04,0.22,33.53,0.00,0.00,0.00,219.53,0.20,25.72
220.39,0.61,134.62,0.00,0.00,0.00,219.69,0.22,33.38,0.00,0.00,0.00,216.54,0.19,24.40
221.49,0.61,135.75,0.00,0.00,0.00,220.79,0.22,33.32,0.00,0.00,0.00,216.97,0.19,24.71
220.25,0.62,136.73,0.00,0.00,0.00,219.55,0.22,33.60,0.00,0.00,0.00,216.63,0.20,25.25
217.48,0.61,132.73,0.00,0.00,0.00,216.78,0.22,33.51,0.00,0.00,0.00,215.88,0.19,24.04
221.63,0.62,138.11,0.00,0.00,0.00,220.93,0.22,33.28,0.00,0.00,0.00,217.39,0.20,26.01
217.68,0.61,133.69,0.00,0.00,0.00,216.98,0.22,33.36,0.00,0.00,0.00,215.94,0.20,24.23
220.07,0.62,135.96,0.00,0.00,0.00,219.37,0.21,33.40,0.00,0.00,0.00,218.26,0.20,25.61
219.52,0.61,133.88,0.00,0.00,0.00,218.82,0.22,33.56,0.00,0.00,0.00,214.86,0.19,23.99
217.85,0.61,133.36,0.00,0.00,0.00,217.15,0.22,33.66,0.00,0.00,0.00,217.15,0.19,24.46
218.84,0.61,133.66,0.00,0.00,0.00,218.14,0.21,33.40,0.00,0.00,0.00,215.38,0.19,23.93
216.91,0.61,132.49,0.00,0.00,0.00,216.21,0.22,33.58,0.00,0.00,0.00,216.08,0.19,24.21
220.06,0.62,135.53,0.00,0.00,0.00,219.36,0.21,33.02,0.00,0.00,0.00,217.60,0.20,25.42
217.96,0.62,134.52,0.00,0.00,0.00,217.26,0.21,33.07,0.00,0.00,0.00,215.51,0.20,25.01
216.66,0.62,133.96,0.00,0.00,0.00,215.96,0.21,33.22,0.00,0.00,0.00,216.55,0.20,25.19
217.12,0.61,133.30,0.00,0.00,0.00,216.42,0.21,33.43,0.00,0.00,0.00,215.64,0.20,24.75
219.07,0.62,134.86,0.00,0.00,0.00,218.37,0.21,33.08,0.00,0.00,0.00,217.07,0.20,25.19
217.32,0.62,134.97,0.00,0.00,0.00,216.62,0.22,33.70,0.00,0.00,0.00,215.37,0.20,24.94
218.07,0.61,134.08,0.00,0.00,0.00,217.37,0.22,33.57,0.00,0.00,0.00,216.33,0.20,24.46
219.16,0.62,136.02,0.00,0.00,0.00,218.46,0.21,33.34,0.00,0.00,0.00,217.64,0.20,25.39
221.40,0.61,134.23,0.00,0.00,0.00,220.70,0.21,30.63,0.00,0.00,0.00,217.62,0.19,24.84
219.97,0.40,88.22,0.00,0.00,0.00,0.00,0.00,0.00,0.00,0.00,0.00,216.78,0.20,24.72
222.23,0.61,134.59,219.00,0.21,45.87,0.00,0.00,0.00,0.00,0.00,0.00,215.85,0.19,24.08
217.70,0.61,132.38,218.78,0.21,45.55,0.00,0.00,0.00,0.00,0.00,0.00,217.45,0.20,24.36
220.55,0.61,135.41,222.14,0.21,46.99,0.00,0.00,0.00,0.00,0.00,0.00,219.43,0.20,25.45
217.87,0.61,133.24,220.84,0.21,46.55,0.00,0.00,0.00,0.00,0.00,0.00,216.88,0.20,25.16
219.72,0.61,134.04,217.89,0.21,45.51,0.00,0.00,0.00,0.00,0.00,0.00,218.66,0.20,25.36
219.70,0.61,134.50,217.28,0.21,45.19,0.00,0.00,0.00,0.00,0.00,0.00,219.67,0.20,25.70
220.01,0.60,132.85,217.29,0.21,45.06,0.00,0.00,0.00,0.00,0.00,0.00,218.17,0.19,24.41
221.34,0.61,135.48,222.75,0.21,47.32,0.00,0.00,0.00,0.00,0.00,0.00,215.36,0.19,24.31
221.06,0.61,134.21,218.75,0.21,45.72,0.00,0.00,0.00,0.00,0.00,0.00,216.79,0.19,24.78
221.20,0.60,133.51,216.61,0.21,44.81,0.00,0.00,0.00,0.00,0.00,0.00,216.05,0.19,24.09
221.49,0.61,135.27,223.15,0.21,46.90,0.00,0.00,0.00,0.00,0.00,0.00,215.79,0.20,24.66
218.37,0.61,133.35,219.08,0.21,45.98,0.00,0.00,0.00,0.00,0.00,0.00,219.16,0.20,25.19
219.12,0.60,132.53,215.22,0.21,44.28,0.00,0.00,0.00,0.00,0.00,0.00,215.50,0.19,24.29
218.80,0.62,136.04,219.43,0.21,45.94,0.00,0.00,0.00,0.00,0.00,0.00,220.24,0.21,26.50
216.57,0.61,131.88,218.27,0.21,45.50,0.00,0.00,0.00,0.00,0.00,0.00,216.65,0.20,24.53
219.76,0.61,133.58,218.07,0.21,45.65,0.00,0.00,0.00,0.00,0.00,0.00,217.16,0.19,24.44
220.51,0.61,135.08,221.37,0.21,46.76,0.00,0.00,0.00,0.00,0.00,0.00,215.84,0.20,24.85
221.52,0.61,136.20,223.81,0.21,47.74,0.00,0.00,0.00,0.00,0.00,0.00,215.92,0.20,24.90
218.82,0.61,133.25,221.83,0.21,46.93,0.00,0.00,0.00,0.00,0.00,0.00,218.05,0.19,24.66
220.08,0.61,133.16,219.35,0.21,45.88,0.00,0.00,0.00,0.00,0.00,0.00,216.92,0.19,24.65
218.68,0.61,133.44,219.18,0.21,46.05,0.00,0.00,0.00,0.00,0.00,0.00,219.13,0.20,25.28
221.29,0.61,135.06,221.89,0.21,46.87,0.00,0.00,0.00,0.00,0.00,0.00,216.84,0.20,24.48
219.96,0.61,134.30,217.60,0.21,45.45,0.00,0.00,0.00,0.00,0.00,0.00,218.71,0.20,25.26
219.30,0.61,133.52,221.44,0.21,46.73,0.00,0.00,0.00,0.00,0.00,0.00,215.76,0.19,24.28
220.64,0.61,134.74,220.90,0.21,46.89,0.00,0.00,0.00,0.00,0.00,0.00,217.14,0.19,24.60
217.10,0.61,132.56,217.83,0.21,45.45,0.00,0.00,0.00,0.00,0.00,0.00,216.00,0.20,24.92
218.50,0.61,133.34,218.54,0.21,45.63,0.00,0.00,0.00,0.00,0.00,0.00,217.53,0.20,25.03
218.91,0.61,133.66,217.99,0.21,45.54,0.00,0.00,0.00,0.00,0.00,0.00,220.76,0.20,25.65
219.17,0.61,133.40,223.26,0.21,47.74,0.00,0.00,0.00,0.00,0.00,0.00,217.13,0.19,24.30
218.80,0.61,132.70,217.76,0.21,45.26,0.00,0.00,0.00,0.00,0.00,0.00,216.95,0.19,24.43
221.51,0.61,135.09,220.80,0.21,46.58,0.00,0.00,0.00,0.00,0.00,0.00,217.04,0.20,24.93
217.85,0.61,132.82,217.86,0.21,45.61,0.00,0.00,0.00,0.00,0.00,0.00,216.26,0.20,24.85
221.27,0.61,134.99,217.72,0.21,45.53,0.00,0.00,0.00,0.00,0.00,0.00,218.11,0.20,25.16
217.23,0.61,133.00,218.30,0.21,45.62,0.00,0.00,0.00,0.00,0.00,0.00,218.83,0.20,25.80
222.36,0.61,136.19,222.65,0.21,47.35,0.00,0.00,0.00,0.00,0.00,0.00,216.20,0.20,24.63
221.31,0.61,134.37,220.71,0.21,46.52,0.00,0.00,0.00,0.00,0.00,0.00,217.95,0.19,24.79
219.13,0.61,132.88,218.63,0.21,45.58,0.00,0.00,0.00,0.00,0.00,0.00,218.95,0.19,24.78
219.06,0.61,133.24,217.64,0.21,45.42,0.00,0.00,0.00,0.00,0.00,0.00,217.98,0.20,24.79
217.62,0.61,133.56,217.97,0.21,45.41,0.00,0.00,0.00,0.00,0.00,0.00,216.72,0.20,25.26
219.02,0.61,133.36,218.14,0.21,45.61,0.00,0.00,0.00,0.00,0.00,0.00,218.12,0.20,24.84
220.78,0.61,134.67,218.78,0.21,45.91,0.00,0.00,0.00,0.00,0.00,0.00,217.84,0.20,25.12
220.29,0.61,134.59,222.96,0.21,47.38,0.00,0.00,0.00,0.00,0.00,0.00,218.38,0.19,24.82
220.51,0.61,134.58,219.02,0.21,46.06,0.00,0.00,0.00,0.00,0.00,0.00,217.84,0.20,25.38
218.66,0.61,132.58,219.88,0.21,46.33,0.00,0.00,0.00,0.00,0.00,0.00,215.15,0.19,24.11
221.22,0.61,134.02,218.43,0.21,45.77,0.00,0.00,0.00,0.00,0.00,0.00,220.26,0.19,24.92
218.47,0.61,132.77,219.71,0.21,46.34,0.00,0.00,0.00,0.00,0.00,0.00,215.61,0.19,24.31
219.50,0.61,134.20,217.74,0.21,45.40,0.00,0.00,0.00,0.00,0.00,0.00,216.22,0.20,25.09
217.74,0.61,132.86,217.20,0.21,45.21,0.00,0.00,0.00,0.00,0.00,0.00,216.57,0.20,24.97
219.98,0.61,133.72,217.49,0.21,45.40,0.00,0.00,0.00,0.00,0.00,0.00,221.14,0.20,25.22
217.90,0.61,132.49,218.02,0.21,45.48,0.00,0.00,0.00,0.00,0.00,0.00,215.73,0.20,24.31
218.02,0.61,132.86,218.72,0.21,45.93,0.00,0.00,0.00,0.00,0.00,0.00,217.11,0.20,24.59
219.10,0.61,134.33,221.18,0.21,46.69,0.00,0.00,0.00,0.00,0.00,0.00,214.41,0.20,24.51
218.00,0.61,132.87,218.66,0.21,45.74,0.00,0.00,0.00,0.00,0.00,0.00,215.67,0.20,24.96
217.82,0.61,132.99,217.41,0.21,45.00,0.00,0.00,0.00,0.00,0.00,0.00,218.65,0.20,25.33
219.01,0.61,134.39,222.21,0.21,47.03,0.00,0.00,0.00,0.00,0.00,0.00,215.25,0.20,24.53
219.74,0.61,133.01,220.27,0.21,46.26,0.00,0.00,0.00,0.00,0.00,0.00,215.30,0.19,23.82
216.90,0.60,131.06,217.15,0.21,45.12,0.00,0.00,0.00,0.00,0.00,0.00,214.69,0.19,23.88
218.72,0.61,132.80,217.71,0.21,45.40,0.00,0.00,0.00,0.00,0.00,0.00,218.83,0.19,24.53
217.73,0.61,132.36,217.76,0.21,45.13,0.00,0.00,0.00,0.00,0.00,0.00,217.05,0.20,24.39
220.43,0.61,133.78,219.75,0.21,46.35,0.00,0.00,0.00,0.00,0.00,0.00,215.80,0.19,24.39
217.89,0.61,133.69,216.07,0.21,44.86,0.00,0.00,0.00,0.00,0.00,0.00,217.61,0.20,25.42
216.91,0.61,131.68,218.29,0.21,45.69,0.00,0.00,0.00,0.00,0.00,0.00,219.47,0.19,24.67
221.31,0.61,134.72,218.56,0.21,45.90,0.00,0.00,0.00,0.00,0.00,0.00,217.96,0.20,25.40
217.02,0.61,132.18,218.39,0.21,45.58,0.00,0.00,0.00,0.00,0.00,0.00,216.88,0.20,24.83
219.40,0.60,132.31,216.42,0.21,44.81,0.00,0.00,0.00,0.00,0.00,0.00,214.45,0.19,24.58
218.53,0.61,133.18,221.33,0.21,46.60,0.00,0.00,0.00,0.00,0.00,0.00,217.23,0.20,24.66
219.68,0.61,133.87,223.68,0.21,47.57,0.00,0.00,0.00,0.00,0.00,0.00,217.03,0.19,24.37
218.76,0.61,132.69,218.50,0.21,45.44,0.00,0.00,0.00,0.00,0.00,0.00,215.54,0.20,24.65
217.99,0.61,133.18,217.69,0.21,45.25,0.00,0.00,0.00,0.00,0.00,0.00,219.80,0.20,25.83
218.92,0.60,132.45,217.48,0.21,45.22,0.00,0.00,0.00,0.00,0.00,0.00,216.46,0.19,24.07
219.81,0.61,134.50,220.94,0.21,46.49,0.00,0.00,0.00,0.00,0.00,0.00,219.97,0.20,25.57
221.50,0.61,134.45,219.70,0.21,46.20,0.00,0.00,0.00,0.00,0.00,0.00,216.13,0.19,24.59
219.30,0.61,132.68,218.21,0.21,45.44,0.00,0.00,0.00,0.00,0.00,0.00,215.91,0.19,24.44
218.01,0.61,132.39,221.66,0.21,46.78,0.00,0.00,0.00,0.00,0.00,0.00,218.24,0.19,24.53
217.70,0.61,133.05,217.49,0.21,45.39,0.00,0.00,0.00,0.00,0.00,0.00,216.03,0.20,25.19
214.17,0.60,129.24,217.57,0.21,45.10,0.00,0.00,0.00,0.00,0.00,0.00,215.62,0.19,24.13
221.28,0.61,134.89,220.32,0.21,46.48,0.00,0.00,0.00,0.00,0.00,0.00,217.35,0.20,24.52
218.13,0.60,131.79,218.23,0.21,45.62,0.00,0.00,0.00,0.00,0.00,0.00,215.88,0.19,24.33
219.36,0.61,133.00,217.13,0.21,45.08,0.00,0.00,0.00,0.00,0.00,0.00,216.46,0.19,24.48
219.40,0.61,133.94,223.17,0.21,47.45,0.00,0.00,0.00,0.00,0.00,0.00,217.56,0.19,24.80
220.88,0.61,135.82,221.09,0.21,46.61,0.00,0.00,0.00,0.00,0.00,0.00,217.32,0.20,25.46
219.37,0.61,134.25,219.11,0.21,45.77,0.00,0.00,0.00,0.00,0.00,0.00,217.57,0.20,25.13
217.87,0.61,132.97,218.68,0.21,45.81,0.00,0.00,0.00,0.00,0.00,0.00,214.83,0.20,24.37
218.53,0.61,134.03,219.89,0.21,46.18,0.00,0.00,0.00,0.00,0.00,0.00,221.97,0.20,25.34
219.93,0.61,134.09,216.86,0.21,45.10,0.00,0.00,0.00,0.00,0.00,0.00,217.37,0.20,25.17
217.74,0.61,133.27,219.26,0.21,45.83,0.00,0.00,0.00,0.00,0.00,0.00,216.84,0.20,24.98
218.65,0.61,132.91,217.60,0.21,45.32,0.00,0.00,0.00,0.00,0.00,0.00,218.02,0.20,24.84
220.04,0.61,134.48,218.49,0.21,45.42,0.00,0.00,0.00,0.00,0.00,0.00,214.51,0.20,24.76
220.97,0.61,135.11,219.10,0.21,45.98,0.00,0.00,0.00,0.00,0.00,0.00,216.92,0.20,24.96
217.71,0.61,131.97,216.68,0.21,44.80,0.00,0.00,0.00,0.00,0.00,0.00,218.18,0.20,24.69
218.78,0.60,130.18,217.80,0.21,45.27,0.00,0.00,0.00,0.00,0.00,0.00,216.25,0.18,23.10
221.06,0.61,134.61,220.89,0.21,46.51,0.00,0.00,0.00,0.00,0.00,0.00,220.13,0.19,25.12
218.64,0.61,132.49,218.94,0.21,45.75,0.00,0.00,0.00,0.00,0.00,0.00,215.26,0.19,24.00
219.77,0.61,134.10,218.51,0.21,45.82,0.00,0.00,0.00,0.00,0.00,0.00,216.28,0.20,24.78
216.91,0.60,131.15,216.50,0.21,44.80,0.00,0.00,0.00,0.00,0.00,0.00,214.67,0.19,24.41
217.74,0.60,131.71,217.70,0.21,45.28,0.00,0.00,0.00,0.00,0.00,0.00,216.30,0.19,24.31
218.53,0.61,134.03,217.75,0.21,45.50,0.00,0.00,0.00,0.00,0.00,0.00,215.17,0.20,25.34
220.12,0.61,133.41,216.24,0.21,44.64,0.00,0.00,0.00,0.00,0.00,0.00,216.30,0.20,25.14
216.94,0.61,132.67,215.77,0.21,44.56,0.00,0.00,0.00,0.00,0.00,0.00,214.91,0.20,25.31
218.65,0.60,130.65,217.56,0.21,45.25,0.00,0.00,0.00,0.00,0.00,0.00,217.26,0.19,23.87
219.15,0.59,129.31,216.80,0.21,45.04,0.00,0.00,0.00,0.00,0.00,0.00,215.89,0.18,22.86
217.55,0.60,129.54,216.31,0.21,44.56,0.00,0.00,0.00,0.00,0.00,0.00,217.75,0.19,24.06
221.30,0.59,129.84,218.05,0.21,45.20,0.00,0.00,0.00,0.00,0.00,0.00,214.29,0.18,22.18
220.85,0.61,133.99,222.36,0.21,47.16,0.00,0.00,0.00,0.00,0.00,0.00,216.69,0.19,24.25
220.67,0.62,136.39,217.31,0.21,45.23,0.00,0.00,0.00,0.00,0.00,0.00,215.57,0.21,25.70
217.81,0.62,135.63,216.14,0.21,44.74,0.00,0.00,0.00,0.00,0.00,0.00,215.45,0.21,26.37
233.10,0.62,144.73,219.84,0.21,45.20,0.00,0.00,0.00,0.00,0.00,0.00,214.95,0.21,26.39
218.34,0.60,130.22,217.83,0.21,45.36,0.00,0.00,0.00,0.00,0.00,0.00,215.95,0.18,23.21
220.03,0.61,133.90,216.32,0.21,44.88,0.00,0.00,0.00,0.00,0.00,0.00,216.06,0.20,25.39
218.00,0.59,129.36,216.13,0.21,44.72,0.00,0.00,0.00,0.00,0.00,0.00,216.23,0.18,22.91
222.72,0.61,135.12,220.17,0.21,45.66,0.00,0.00,0.00,0.00,0.00,0.00,214.08,0.19,25.03
218.54,0.61,134.16,219.40,0.21,45.85,0.00,0.00,0.00,0.00,0.00,0.00,218.69,0.20,25.84
220.07,0.59,130.79,216.85,0.21,45.20,0.00,0.00,0.00,0.00,0.00,0.00,213.85,0.18,23.31
218.39,0.59,127.86,216.99,0.21,45.12,0.00,0.00,0.00,0.00,0.00,0.00,216.32,0.17,22.26
219.37,0.59,128.63,216.08,0.21,44.78,0.00,0.00,0.00,0.00,0.00,0.00,217.65,0.18,23.06
218.60,0.59,128.92,221.26,0.21,46.53,0.00,0.00,0.00,0.00,0.00,0.00,215.72,0.18,22.89
216.65,0.60,130.01,216.56,0.21,44.87,0.00,0.00,0.00,0.00,0.00,0.00,213.83,0.19,23.58
217.97,0.61,132.49,221.92,0.21,46.98,0.00,0.00,0.00,0.00,0.00,0.00,216.13,0.19,24.72
221.35,0.60,133.28,220.05,0.21,46.49,0.00,0.00,0.00,0.00,0.00,0.00,216.41,0.19,24.07
218.44,0.61,133.06,223.61,0.21,46.83,0.00,0.00,0.00,0.00,0.00,0.00,217.00,0.20,25.19
217.95,0.61,132.31,219.92,0.21,46.29,0.00,0.00,0.00,0.00,0.00,0.00,217.58,0.19,24.99
217.46,0.61,132.30,217.75,0.21,45.35,0.00,0.00,0.00,0.00,0.00,0.00,214.49,0.20,24.85
218.61,0.61,133.86,219.10,0.21,46.07,0.00,0.00,0.00,0.00,0.00,0.00,217.69,0.20,25.49
218.75,0.62,135.51,217.61,0.21,44.91,0.00,0.00,0.00,0.00,0.00,0.00,214.79,0.21,26.14
217.56,0.60,130.45,216.28,0.21,44.77,0.00,0.00,0.00,0.00,0.00,0.00,215.72,0.19,24.17
219.16,0.62,136.16,215.98,0.21,44.82,0.00,0.00,0.00,0.00,0.00,0.00,215.99,0.21,26.70
218.13,0.60,130.03,216.67,0.21,44.93,0.00,0.00,0.00,0.00,0.00,0.00,215.95,0.19,24.74
216.76,0.60,130.63,216.04,0.21,44.61,0.00,0.00,0.00,0.00,0.00,0.00,215.13,0.19,24.38
219.52,0.58,127.98,216.65,0.21,44.85,0.00,0.00,0.00,0.00,0.00,0.00,214.89,0.17,23.18
216.96,0.62,135.47,217.33,0.21,45.10,0.00,0.00,0.00,0.00,0.00,0.00,216.73,0.21,26.69
217.89,0.63,136.65,219.00,0.21,46.04,0.00,0.00,0.00,0.00,0.00,0.00,216.69,0.21,27.33
218.62,0.63,137.13,217.19,0.21,45.27,0.00,0.00,0.00,0.00,0.00,0.00,214.96,0.22,27.01
218.51,0.62,135.99,216.64,0.21,44.95,0.00,0.00,0.00,0.00,0.00,0.00,218.10,0.21,27.14
219.37,0.58,127.73,215.59,0.21,44.44,0.00,0.00,0.00,0.00,0.00,0.00,216.83,0.17,23.19
216.18,0.61,131.30,216.66,0.21,44.80,0.00,0.00,0.00,0.00,0.00,0.00,216.46,0.20,25.93
219.46,0.58,128.18,216.67,0.21,44.95,0.00,0.00,0.00,0.00,0.00,0.00,217.65,0.17,22.82
217.95,0.62,135.70,216.49,0.21,44.76,0.00,0.00,0.00,0.00,0.00,0.00,215.78,0.21,27.03
217.02,0.60,129.50,217.27,0.21,45.06,0.00,0.00,0.00,0.00,0.00,0.00,216.78,0.19,24.76
216.87,0.61,132.75,217.90,0.21,45.51,0.00,0.00,0.00,0.00,0.00,0.00,216.68,0.20,25.44
219.54,0.61,134.39,217.06,0.21,45.00,0.00,0.00,0.00,0.00,0.00,0.00,217.88,0.20,26.19
216.52,0.61,132.77,214.66,0.21,44.21,0.00,0.00,0.00,0.00,0.00,0.00,215.48,0.20,25.89
215.54,0.61,130.52,215.86,0.21,44.71,0.00,0.00,0.00,0.00,0.00,0.00,215.88,0.20,24.72
216.82,0.61,131.51,216.33,0.21,44.67,0.00,0.00,0.00,0.00,0.00,0.00,215.51,0.20,25.92
218.56,0.61,133.93,218.02,0.21,45.36,0.00,0.00,0.00,0.00,0.00,0.00,215.90,0.20,26.20
218.20,0.59,129.20,213.03,0.20,43.49,0.00,0.00,0.00,0.00,0.00,0.00,214.19,0.19,24.96
215.78,0.60,129.21,218.65,0.21,45.59,0.00,0.00,0.00,0.00,0.00,0.00,211.02,0.19,24.51
216.89,0.60,129.33,216.46,0.21,44.69,0.00,0.00,0.00,0.00,0.00,0.00,212.68,0.19,24.55
217.45,0.60,129.81,218.85,0.21,45.73,0.00,0.00,0.00,0.00,0.00,0.00,214.46,0.19,24.47
215.59,0.60,128.77,216.99,0.21,44.80,0.00,0.00,0.00,0.00,0.00,0.00,215.56,0.19,25.42
218.11,0.60,130.41,216.30,0.21,44.52,0.00,0.00,0.00,0.00,0.00,0.00,217.18,0.19,25.49
212.78,0.60,127.84,214.38,0.21,44.01,0.00,0.00,0.00,0.00,0.00,0.00,212.51,0.19,24.98
215.29,0.60,128.72,218.35,0.21,45.47,0.00,0.00,0.00,0.00,0.00,0.00,212.26,0.19,24.23
217.09,0.59,128.78,215.83,0.21,44.50,0.00,0.00,0.00,0.00,0.00,0.00,215.51,0.18,24.55
214.64,0.59,126.26,214.02,0.20,43.80,0.00,0.00,0.00,0.00,0.00,0.00,213.14,0.18,23.94
216.42,0.59,127.54,216.39,0.21,44.64,0.00,0.00,0.00,0.00,0.00,0.00,211.91,0.18,23.61
215.21,0.60,129.07,218.60,0.21,46.14,0.00,0.00,0.00,0.00,0.00,0.00,213.13,0.19,24.48
215.38,0.60,129.86,213.90,0.20,43.65,0.00,0.00,0.00,0.00,0.00,0.00,215.25,0.20,25.34
216.10,0.60,129.84,218.43,0.21,45.56,0.00,0.00,0.00,0.00,0.00,0.00,214.79,0.19,24.91
215.21,0.60,128.21,213.89,0.20,43.70,0.00,0.00,0.00,0.00,0.00,0.00,214.18,0.19,24.67
216.51,0.60,129.89,220.26,0.21,46.20,0.00,0.00,0.00,0.00,0.00,0.00,213.25,0.19,24.39
215.75,0.60,130.26,214.41,0.20,43.80,0.00,0.00,0.00,0.00,0.00,0.00,213.12,0.20,25.43
215.11,0.59,127.41,216.97,0.21,44.45,0.00,0.00,0.00,0.00,0.00,0.00,213.67,0.18,24.11
215.88,0.60,128.92,214.86,0.20,44.01,0.00,0.00,0.00,0.00,0.00,0.00,215.85,0.19,24.89
212.91,0.59,125.97,215.94,0.21,44.44,0.00,0.00,0.00,0.00,0.00,0.00,213.71,0.18,24.02
216.68,0.60,129.22,215.07,0.20,44.09,0.00,0.00,0.00,0.00,0.00,0.00,213.07,0.19,24.47
216.73,0.60,130.41,218.71,0.21,45.49,0.00,0.00,0.00,0.00,0.00,0.00,213.75,0.19,24.69
219.26,0.60,131.55,218.66,0.21,45.61,0.00,0.00,0.00,0.00,0.00,0.00,214.39,0.19,24.88
218.58,0.60,131.00,216.86,0.21,44.82,0.00,0.00,0.00,0.00,0.00,0.00,212.42,0.19,24.54
214.93,0.59,127.14,213.90,0.20,43.76,0.00,0.00,0.00,0.00,0.00,0.00,212.89,0.18,24.06
216.78,0.60,129.95,216.45,0.21,44.93,0.00,0.00,0.00,0.00,0.00,0.00,215.34,0.19,25.39
215.83,0.60,129.75,212.69,0.20,43.54,0.00,0.00,0.00,0.00,0.00,0.00,212.76,0.19,25.60
215.10,0.60,129.24,215.23,0.21,44.35,0.00,0.00,0.00,0.00,0.00,0.00,213.11,0.19,25.29
216.12,0.60,128.60,214.89,0.21,44.13,0.00,0.00,0.00,0.00,0.00,0.00,213.62,0.19,24.95
215.64,0.61,130.60,214.53,0.20,43.96,0.00,0.00,0.00,0.00,0.00,0.00,217.31,0.20,26.46
214.64,0.60,129.10,214.91,0.20,43.67,0.00,0.00,0.00,0.00,0.00,0.00,210.48,0.19,25.29
216.67,0.61,131.11,214.76,0.20,43.98,0.00,0.00,0.00,0.00,0.00,0.00,212.70,0.20,25.76
215.34,0.59,127.12,213.92,0.20,43.82,0.00,0.00,0.00,0.00,0.00,0.00,214.67,0.18,24.56
214.44,0.60,127.80,213.60,0.20,43.64,0.00,0.00,0.00,0.00,0.00,0.00,212.61,0.19,24.97
216.12,0.59,127.45,215.24,0.21,44.23,0.00,0.00,0.00,0.00,0.00,0.00,213.42,0.18,24.35
220.79,0.59,130.80,217.72,0.21,45.35,0.00,0.00,0.00,0.00,0.00,0.00,212.77,0.18,24.05
214.89,0.60,129.07,213.95,0.20,43.81,0.00,0.00,0.00,0.00,0.00,0.00,214.50,0.19,25.80
214.42,0.59,127.48,212.84,0.20,43.23,0.00,0.00,0.00,0.00,0.00,0.00,212.99,0.19,24.93
216.52,0.60,128.95,214.01,0.20,43.79,0.00,0.00,0.00,0.00,0.00,0.00,214.47,0.19,25.23
215.66,0.60,128.37,214.01,0.20,43.82,0.00,0.00,0.00,0.00,0.00,0.00,214.13,0.19,25.12
215.53,0.59,127.15,214.71,0.20,44.05,0.00,0.00,0.00,0.00,0.00,0.00,213.53,0.18,24.47
215.28,0.59,127.67,213.69,0.20,43.43,0.00,0.00,0.00,0.00,0.00,0.00,213.87,0.19,24.51
218.63,0.60,131.86,220.59,0.21,46.34,0.00,0.00,0.00,0.00,0.00,0.00,218.03,0.19,25.71
216.23,0.59,127.71,213.28,0.20,43.40,0.00,0.00,0.00,0.00,0.00,0.00,212.29,0.18,24.09
216.58,0.60,129.15,220.30,0.21,46.10,0.00,0.00,0.00,0.00,0.00,0.00,214.29,0.18,24.69
215.26,0.60,128.86,215.00,0.21,44.20,0.00,0.00,0.00,0.00,0.00,0.00,214.62,0.19,25.04
214.71,0.59,127.29,214.02,0.20,43.76,0.00,0.00,0.00,0.00,0.00,0.00,212.24,0.19,24.44
215.36,0.59,127.47,214.67,0.20,43.97,0.00,0.00,0.00,0.00,0.00,0.00,215.11,0.18,24.75
218.09,0.59,129.62,216.40,0.21,44.51,0.00,0.00,0.00,0.00,0.00,0.00,215.37,0.19,24.98
213.17,0.60,127.51,213.45,0.20,43.65,0.00,0.00,0.00,0.00,0.00,0.00,212.56,0.19,25.00
216.58,0.59,128.79,216.61,0.21,44.79,0.00,0.00,0.00,0.00,0.00,0.00,214.01,0.18,24.98
214.03,0.60,127.96,213.34,0.20,43.53,0.00,0.00,0.00,0.00,0.00,0.00,213.52,0.19,25.31
214.98,0.59,126.69,214.86,0.21,44.17,0.00,0.00,0.00,0.00,0.00,0.00,213.31,0.18,23.86
218.15,0.62,134.24,216.31,0.21,44.68,0.00,0.00,0.00,0.00,0.00,0.00,216.01,0.21,27.19
217.15,0.60,131.21,214.44,0.20,43.94,0.00,0.00,0.00,0.00,0.00,0.00,214.84,0.20,25.87
214.21,0.61,129.67,214.70,0.20,44.06,0.00,0.00,0.00,0.00,0.00,0.00,211.70,0.20,25.08
216.45,0.60,129.85,215.17,0.21,44.33,0.00,0.00,0.00,0.00,0.00,0.00,211.99,0.19,24.78
216.74,0.60,129.72,215.31,0.20,44.13,0.00,0.00,0.00,0.00,0.00,0.00,215.05,0.19,25.35
214.27,0.59,127.24,213.19,0.20,43.46,0.00,0.00,0.00,0.00,0.00,0.00,214.34,0.19,23.97
213.48,0.60,128.48,215.04,0.21,44.32,0.00,0.00,0.00,0.00,0.00,0.00,211.51,0.19,24.67
215.13,0.60,129.56,215.05,0.20,44.16,0.00,0.00,0.00,0.00,0.00,0.00,214.49,0.19,25.68
215.02,0.59,127.50,214.31,0.20,43.94,0.00,0.00,0.00,0.00,0.00,0.00,212.10,0.18,24.24
219.36,0.60,131.67,217.23,0.21,44.89,0.00,0.00,0.00,0.00,0.00,0.00,212.69,0.19,25.16
216.81,0.60,130.46,214.31,0.21,44.13,0.00,0.00,0.00,0.00,0.00,0.00,213.45,0.19,25.70
214.48,0.59,126.85,215.31,0.21,44.21,0.00,0.00,0.00,0.00,0.00,0.00,214.07,0.18,24.68
219.18,0.60,131.70,219.67,0.21,45.87,0.00,0.00,0.00,0.00,0.00,0.00,212.53,0.19,24.87
217.89,0.60,129.67,214.26,0.21,43.99,0.00,0.00,0.00,0.00,0.00,0.00,214.28,0.19,25.04
215.85,0.59,128.19,213.47,0.20,43.64,0.00,0.00,0.00,0.00,0.00,0.00,212.53,0.19,24.58
213.09,0.59,126.24,213.78,0.20,43.77,0.00,0.00,0.00,0.00,0.00,0.00,211.87,0.18,24.50
216.17,0.59,128.11,215.00,0.21,44.38,0.00,0.00,0.00,0.00,0.00,0.00,214.09,0.18,24.41
215.54,0.60,129.09,213.54,0.20,43.63,0.00,0.00,0.00,0.00,0.00,0.00,213.03,0.19,24.89
214.51,0.60,127.82,214.18,0.20,43.98,0.00,0.00,0.00,0.00,0.00,0.00,213.86,0.19,24.84
216.12,0.60,128.99,214.66,0.21,44.18,0.00,0.00,0.00,0.00,0.00,0.00,213.82,0.19,25.09
215.52,0.60,128.56,214.44,0.20,43.96,0.00,0.00,0.00,0.00,0.00,0.00,213.06,0.19,24.95
218.04,0.60,130.88,221.35,0.21,46.47,0.00,0.00,0.00,0.00,0.00,0.00,212.35,0.19,24.64
217.62,0.59,127.51,214.24,0.20,43.91,0.00,0.00,0.00,0.00,0.00,0.00,214.01,0.18,23.91
216.54,0.59,128.11,214.05,0.20,43.65,0.00,0.00,0.00,0.00,0.00,0.00,214.36,0.18,24.44
220.02,0.60,131.17,219.17,0.21,45.66,0.00,0.00,0.00,0.00,0.00,0.00,216.32,0.18,25.05
226.10,0.60,135.39,217.42,0.21,44.76,0.00,0.00,0.00,0.00,0.00,0.00,215.46,0.19,25.20
215.66,0.59,127.74,216.00,0.21,44.45,0.00,0.00,0.00,0.00,0.00,0.00,213.28,0.18,24.25
217.44,0.60,129.81,215.84,0.21,44.35,0.00,0.00,0.00,0.00,0.00,0.00,212.95,0.19,24.47
215.60,0.59,128.01,214.12,0.20,43.84,0.00,0.00,0.00,0.00,0.00,0.00,213.73,0.19,24.83
219.08,0.60,130.62,216.41,0.20,44.06,0.00,0.00,0.00,0.00,0.00,0.00,214.70,0.19,24.79
215.35,0.59,127.91,215.52,0.21,44.41,0.00,0.00,0.00,0.00,0.00,0.00,214.93,0.18,24.78
217.76,0.60,129.62,215.95,0.21,44.48,0.00,0.00,0.00,0.00,0.00,0.00,213.42,0.19,24.63
214.55,0.59,127.38,213.19,0.20,43.54,0.00,0.00,0.00,0.00,0.00,0.00,212.80,0.19,24.37
216.23,0.60,128.90,215.59,0.21,44.31,0.00,0.00,0.00,0.00,0.00,0.00,215.66,0.19,25.17
215.71,0.59,128.00,213.35,0.20,43.51,0.00,0.00,0.00,0.00,0.00,0.00,215.41,0.19,24.51
215.65,0.59,128.16,214.82,0.20,44.03,0.00,0.00,0.00,0.00,0.00,0.00,213.56,0.19,24.76
217.91,0.60,130.25,212.99,0.20,43.48,0.00,0.00,0.00,0.00,0.00,0.00,213.80,0.19,25.17
213.61,0.59,126.36,214.52,0.21,44.09,0.00,0.00,0.00,0.00,0.00,0.00,216.25,0.18,24.28
219.11,0.59,130.06,215.78,0.20,44.27,0.00,0.00,0.00,0.00,0.00,0.00,214.48,0.19,24.81
216.34,0.59,128.22,213.36,0.20,43.30,0.00,0.00,0.00,0.00,0.00,0.00,212.12,0.19,24.48
214.88,0.59,127.78,217.22,0.21,44.80,0.00,0.00,0.00,0.00,0.00,0.00,216.14,0.19,24.87
216.73,0.60,129.09,214.98,0.20,44.01,0.00,0.00,0.00,0.00,0.00,0.00,216.12,0.19,24.90
213.60,0.59,126.15,216.95,0.21,44.74,0.00,0.00,0.00,0.00,0.00,0.00,212.23,0.18,23.76
216.25,0.59,128.17,214.17,0.20,43.73,0.00,0.00,0.00,0.00,0.00,0.00,213.60,0.19,24.42
216.83,0.59,128.85,214.46,0.20,44.07,0.00,0.00,0.00,0.00,0.00,0.00,213.68,0.19,24.66
216.30,0.59,128.29,217.34,0.21,45.00,0.00,0.00,0.00,0.00,0.00,0.00,211.97,0.18,23.93
216.89,0.59,127.74,216.66,0.21,44.85,0.00,0.00,0.00,0.00,0.00,0.00,218.98,0.18,23.94
216.93,0.59,128.00,216.89,0.21,44.67,0.00,0.00,0.00,0.00,0.00,0.00,213.71,0.18,24.17
215.05,0.59,127.68,214.51,0.20,43.77,0.00,0.00,0.00,0.00,0.00,0.00,212.81,0.19,24.65
221.73,0.60,132.78,218.28,0.21,45.37,0.00,0.00,0.00,0.00,0.00,0.00,214.85,0.19,24.97
216.63,0.60,129.57,218.86,0.21,45.60,0.00,0.00,0.00,0.00,0.00,0.00,215.74,0.19,25.10
216.07,0.58,126.12,213.80,0.20,43.59,0.00,0.00,0.00,0.00,0.00,0.00,212.61,0.18,23.67
215.84,0.58,125.84,214.12,0.20,43.62,0.00,0.00,0.00,0.00,0.00,0.00,212.78,0.18,23.62
217.65,0.59,128.83,215.83,0.21,44.47,0.00,0.00,0.00,0.00,0.00,0.00,215.76,0.18,24.57
216.85,0.58,126.09,214.61,0.20,44.08,0.00,0.00,0.00,0.00,0.00,0.00,215.01,0.17,23.51
215.49,0.58,125.13,213.88,0.20,43.66,0.00,0.00,0.00,0.00,0.00,0.00,213.68,0.17,23.39
215.40,0.60,129.79,214.97,0.21,44.20,0.00,0.00,0.00,0.00,0.00,0.00,213.77,0.19,25.75
215.90,0.59,128.40,214.97,0.21,44.11,0.00,0.00,0.00,0.00,0.00,0.00,212.98,0.19,24.55
221.22,0.61,136.03,219.46,0.21,45.85,0.00,0.00,0.00,0.00,0.00,0.00,217.58,0.20,27.41
218.47,0.59,128.96,214.89,0.20,44.03,0.00,0.00,0.00,0.00,0.00,0.00,215.81,0.18,24.65
214.28,0.58,123.59,215.58,0.20,43.89,0.00,0.00,0.00,0.00,0.00,0.00,213.35,0.17,22.91
214.73,0.59,125.89,211.16,0.20,42.49,0.00,0.00,0.00,0.00,0.00,0.00,213.93,0.18,24.74
215.19,0.60,128.74,216.36,0.21,44.34,0.00,0.00,0.00,0.00,0.00,0.00,215.00,0.19,25.35
218.12,0.58,126.78,217.82,0.21,45.10,0.00,0.00,0.00,0.00,0.00,0.00,213.19,0.17,23.20
217.89,0.60,130.02,218.63,0.21,44.99,0.00,0.00,0.00,0.00,0.00,0.00,215.76,0.19,25.28
217.60,0.59,128.56,216.72,0.21,44.83,0.00,0.00,0.00,0.00,0.00,0.00,213.22,0.18,24.65
216.69,0.58,125.84,214.96,0.20,43.96,0.00,0.00,0.00,0.00,0.00,0.00,214.45,0.17,24.47
218.16,0.58,127.53,214.43,0.20,44.03,0.00,0.00,0.00,0.00,0.00,0.00,214.65,0.18,23.95
215.55,0.59,126.90,214.60,0.20,44.00,0.00,0.00,0.00,0.00,0.00,0.00,213.45,0.18,23.82
215.89,0.59,126.72,213.50,0.20,43.55,0.00,0.00,0.00,0.00,0.00,0.00,214.56,0.18,23.86
217.19,0.61,132.69,218.40,0.21,45.30,0.00,0.00,0.00,0.00,0.00,0.00,215.36,0.20,26.67
214.52,0.60,129.55,214.47,0.20,43.78,0.00,0.00,0.00,0.00,0.00,0.00,216.35,0.20,26.31
216.38,0.60,129.31,218.43,0.21,45.62,0.00,0.00,0.00,0.00,0.00,0.00,213.55,0.19,24.34
215.23,0.58,125.81,213.85,0.20,43.92,0.00,0.00,0.00,0.00,0.00,0.00,214.31,0.18,23.98
215.94,0.60,129.43,213.25,0.20,43.40,0.00,0.00,0.00,0.00,0.00,0.00,214.35,0.19,25.84
217.51,0.58,127.03,217.99,0.21,45.23,0.00,0.00,0.00,0.00,0.00,0.00,214.05,0.17,23.58
217.38,0.60,129.56,215.31,0.21,44.20,0.00,0.00,0.00,0.00,0.00,0.00,215.58,0.19,25.46
215.78,0.59,128.38,214.93,0.20,43.98,0.00,0.00,0.00,0.00,0.00,0.00,213.69,0.19,25.11
215.65,0.57,123.34,213.55,0.20,43.62,0.00,0.00,0.00,0.00,0.00,0.00,214.12,0.16,22.77
217.27,0.59,127.24,214.36,0.20,43.79,0.00,0.00,0.00,0.00,0.00,0.00,212.24,0.18,24.17
213.97,0.58,124.36,212.93,0.20,43.29,0.00,0.00,0.00,0.00,0.00,0.00,213.65,0.18,23.14
217.85,0.60,129.81,218.76,0.21,45.40,0.00,0.00,0.00,0.00,0.00,0.00,212.79,0.19,24.21
218.71,0.61,132.94,220.20,0.21,46.09,0.00,0.00,0.00,0.00,0.00,0.00,215.39,0.20,25.77
214.83,0.60,129.88,214.79,0.20,44.06,0.00,0.00,0.00,0.00,0.00,0.00,212.54,0.20,25.42
214.52,0.58,124.22,212.44,0.20,43.06,0.00,0.00,0.00,0.00,0.00,0.00,213.00,0.17,23.33
214.11,0.58,125.04,216.25,0.21,44.63,0.00,0.00,0.00,0.00,0.00,0.00,213.31,0.17,23.42
214.46,0.59,125.93,214.64,0.20,44.02,0.00,0.00,0.00,0.00,0.00,0.00,214.02,0.18,24.28
215.23,0.60,129.21,214.10,0.20,43.86,0.00,0.00,0.00,0.00,0.00,0.00,216.35,0.19,25.93
215.82,0.59,127.52,216.37,0.21,44.51,0.00,0.00,0.00,0.00,0.00,0.00,214.27,0.18,24.54
220.09,0.60,131.77,218.47,0.21,45.60,0.00,0.00,0.00,0.00,0.00,0.00,214.65,0.19,25.07
217.01,0.60,129.55,217.59,0.21,45.20,0.00,0.00,0.00,0.00,0.00,0.00,216.70,0.19,25.41
215.21,0.59,127.47,216.20,0.21,44.72,0.00,0.00,0.00,0.00,0.00,0.00,211.53,0.18,23.86
216.59,0.59,128.33,214.25,0.20,43.96,0.00,0.00,0.00,0.00,0.00,0.00,214.33,0.18,24.82
214.09,0.59,126.08,212.92,0.20,43.34,0.00,0.00,0.00,0.00,0.00,0.00,212.37,0.18,24.45
217.46,0.59,128.17,216.61,0.21,44.44,0.00,0.00,0.00,0.00,0.00,0.00,214.70,0.18,24.33
217.70,0.60,129.53,219.59,0.21,45.72,0.00,0.00,0.00,0.00,0.00,0.00,214.05,0.18,24.79
217.57,0.60,129.67,217.19,0.21,45.06,0.00,0.00,0.00,0.00,0.00,0.00,214.11,0.19,24.90
216.42,0.59,128.60,218.02,0.21,45.54,0.00,0.00,0.00,0.00,0.00,0.00,216.38,0.18,25.06
214.68,0.59,126.37,216.76,0.21,44.84,0.00,0.00,0.00,0.00,0.00,0.00,212.29,0.18,23.80
213.59,0.60,128.08,214.68,0.21,44.30,0.00,0.00,0.00,0.00,0.00,0.00,214.81,0.19,25.64
216.32,0.59,128.57,214.31,0.20,43.97,0.00,0.00,0.00,0.00,0.00,0.00,217.24,0.19,25.29
216.99,0.60,129.35,219.31,0.21,45.85,0.00,0.00,0.00,0.00,0.00,0.00,217.34,0.18,25.39
217.06,0.59,129.14,216.41,0.21,44.82,0.00,0.00,0.00,0.00,0.00,0.00,213.80,0.19,24.92
216.78,0.59,128.88,217.53,0.21,45.19,0.00,0.00,0.00,0.00,0.00,0.00,213.76,0.18,24.72
216.60,0.59,128.85,217.30,0.21,45.24,0.00,0.00,0.00,0.00,0.00,0.00,213.06,0.18,24.67
214.71,0.59,126.49,214.88,0.20,43.92,0.00,0.00,0.00,0.00,0.00,0.00,214.34,0.18,24.56
216.85,0.59,128.20,216.27,0.21,44.56,0.00,0.00,0.00,0.00,0.00,0.00,214.18,0.18,24.53
216.42,0.59,128.27,217.38,0.21,45.06,0.00,0.00,0.00,0.00,0.00,0.00,217.36,0.18,25.33
215.73,0.60,128.50,214.27,0.20,43.87,0.00,0.00,0.00,0.00,0.00,0.00,214.63,0.19,25.10
218.01,0.60,131.64,217.98,0.21,45.54,0.00,0.00,0.00,0.00,0.00,0.00,214.47,0.19,25.47
216.51,0.59,127.97,213.69,0.20,43.79,0.00,0.00,0.00,0.00,0.00,0.00,214.28,0.18,24.99
215.00,0.59,126.73,214.31,0.20,43.88,0.00,0.00,0.00,0.00,0.00,0.00,213.75,0.18,24.33
217.08,0.58,126.37,214.63,0.21,44.20,0.00,0.00,0.00,0.00,0.00,0.00,213.75,0.17,23.09
218.54,0.60,130.75,219.58,0.21,45.99,0.00,0.00,0.00,0.00,0.00,0.00,215.17,0.19,25.19
218.69,0.60,131.10,220.72,0.21,46.38,0.00,0.00,0.00,0.00,0.00,0.00,215.16,0.19,25.23
215.11,0.59,126.87,213.63,0.20,43.58,0.00,0.00,0.00,0.00,0.00,0.00,217.69,0.18,25.10
216.19,0.59,127.43,213.59,0.20,43.58,0.00,0.00,0.00,0.00,0.00,0.00,213.96,0.18,24.36
216.19,0.59,127.50,217.74,0.21,45.27,0.00,0.00,0.00,0.00,0.00,0.00,214.20,0.18,24.34
216.47,0.59,127.50,216.13,0.21,44.59,0.00,0.00,0.00,0.00,0.00,0.00,218.02,0.18,25.03
214.74,0.59,126.26,213.67,0.20,43.58,0.00,0.00,0.00,0.00,0.00,0.00,215.01,0.18,24.51
217.23,0.59,128.12,215.31,0.20,44.23,0.00,0.00,0.00,0.00,0.00,0.00,212.26,0.18,23.97
217.30,0.60,130.64,214.57,0.21,44.16,0.00,0.00,0.00,0.00,0.00,0.00,215.83,0.19,26.15
216.00,0.59,127.66,214.17,0.20,43.92,0.00,0.00,0.00,0.00,0.00,0.00,212.84,0.18,24.52
215.43,0.59,127.13,214.39,0.20,43.89,0.00,0.00,0.00,0.00,0.00,0.00,213.61,0.18,24.56
215.53,0.59,126.23,216.24,0.21,44.59,0.00,0.00,0.00,0.00,0.00,0.00,214.02,0.18,23.59
218.35,0.60,131.03,220.52,0.21,46.26,0.00,0.00,0.00,0.00,0.00,0.00,215.19,0.19,25.38
216.49,0.59,127.46,218.69,0.21,45.51,0.00,0.00,0.00,0.00,0.00,0.00,215.02,0.18,24.53
216.84,0.59,128.46,218.96,0.21,46.00,0.00,0.00,0.00,0.00,0.00,0.00,213.30,0.18,24.02
217.74,0.59,128.45,217.27,0.21,45.18,0.00,0.00,0.00,0.00,0.00,0.00,213.40,0.18,24.24
220.28,0.60,131.24,219.65,0.21,45.92,0.00,0.00,0.00,0.00,0.00,0.00,214.02,0.18,24.96
215.55,0.59,127.95,213.47,0.20,43.56,0.00,0.00,0.00,0.00,0.00,0.00,214.45,0.19,24.98
217.48,0.60,130.52,219.71,0.21,45.84,0.00,0.00,0.00,0.00,0.00,0.00,215.07,0.19,24.81
216.44,0.60,129.93,215.12,0.21,44.20,0.00,0.00,0.00,0.00,0.00,0.00,214.14,0.19,25.06
214.96,0.60,128.36,213.72,0.20,43.53,0.00,0.00,0.00,0.00,0.00,0.00,212.28,0.19,24.54
215.86,0.59,128.43,214.54,0.21,44.06,0.00,0.00,0.00,0.00,0.00,0.00,213.67,0.19,24.23
216.53,0.59,127.87,215.00,0.20,44.12,0.00,0.00,0.00,0.00,0.00,0.00,213.77,0.18,24.00
217.60,0.60,129.93,217.84,0.21,45.19,0.00,0.00,0.00,0.00,0.00,0.00,212.65,0.19,23.94
215.56,0.61,130.64,216.30,0.21,44.61,0.00,0.00,0.00,0.00,0.00,0.00,215.62,0.20,25.82
217.68,0.60,130.02,217.18,0.21,44.99,0.00,0.00,0.00,0.00,0.00,0.00,213.41,0.19,24.58
214.77,0.60,128.87,213.40,0.20,43.60,0.00,0.00,0.00,0.00,0.00,0.00,212.55,0.19,24.82
218.44,0.60,131.06,214.84,0.21,44.12,0.00,0.00,0.00,0.00,0.00,0.00,214.43,0.19,25.19
215.96,0.59,127.76,214.39,0.20,43.73,0.00,0.00,0.00,0.00,0.00,0.00,213.62,0.18,24.12
215.59,0.60,128.88,214.19,0.20,43.51,0.00,0.00,0.00,0.00,0.00,0.00,213.95,0.19,24.96
217.47,0.60,131.24,215.61,0.20,44.25,0.00,0.00,0.00,0.00,0.00,0.00,213.96,0.20,25.57
214.35,0.59,126.23,214.40,0.20,43.78,0.00,0.00,0.00,0.00,0.00,0.00,215.22,0.18,24.12
221.03,0.59,129.42,216.84,0.21,44.58,0.00,0.00,0.00,0.00,0.00,0.00,215.15,0.18,23.97
218.73,0.60,130.92,219.23,0.21,45.57,0.00,0.00,0.00,0.00,0.00,0.00,216.02,0.19,25.26
218.13,0.59,129.38,220.50,0.21,46.21,0.00,0.00,0.00,0.00,0.00,0.00,213.14,0.18,24.09
217.00,0.58,126.09,216.64,0.21,44.60,0.00,0.00,0.00,0.00,0.00,0.00,214.39,0.17,23.60
216.54,0.58,124.57,214.57,0.20,43.83,0.00,0.00,0.00,0.00,0.00,0.00,212.56,0.17,22.79
216.93,0.61,133.14,215.99,0.21,44.52,0.00,0.00,0.00,0.00,0.00,0.00,214.97,0.20,27.21
219.91,0.60,131.65,219.93,0.21,45.77,0.00,0.00,0.00,0.00,0.00,0.00,216.21,0.19,25.30
218.19,0.59,128.43,218.58,0.21,45.15,0.00,0.00,0.00,0.00,0.00,0.00,212.83,0.18,23.56
217.66,0.59,128.56,218.18,0.21,45.11,0.00,0.00,0.00,0.00,0.00,0.00,214.70,0.18,24.46
214.56,0.59,126.63,216.10,0.21,44.50,0.00,0.00,0.00,0.00,0.00,0.00,213.65,0.18,23.94
214.28,0.58,124.97,216.23,0.20,43.85,0.00,0.00,0.00,0.00,0.00,0.00,212.86,0.18,24.02
214.93,0.61,130.49,215.37,0.20,44.16,0.00,0.00,0.00,0.00,0.00,0.00,213.61,0.20,25.77
217.27,0.60,129.57,217.88,0.21,45.33,0.00,0.00,0.00,0.00,0.00,0.00,215.59,0.19,25.01
216.93,0.61,131.43,218.97,0.21,45.54,0.00,0.00,0.00,0.00,0.00,0.00,218.75,0.20,27.11
215.22,0.57,123.46,214.97,0.20,43.50,0.00,0.00,0.00,0.00,0.00,0.00,213.79,0.17,23.00
215.53,0.60,129.52,214.65,0.20,43.81,0.00,0.00,0.00,0.00,0.00,0.00,215.16,0.19,26.52
217.03,0.61,132.25,214.63,0.20,43.87,0.00,0.00,0.00,0.00,0.00,0.00,215.07,0.20,26.38
216.73,0.58,124.91,215.57,0.20,44.08,0.00,0.00,0.00,0.00,0.00,0.00,214.85,0.17,23.90
216.56,0.62,133.26,219.40,0.21,45.50,0.00,0.00,0.00,0.00,0.00,0.00,216.76,0.21,26.24
213.87,0.61,131.25,214.77,0.20,43.83,0.00,0.00,0.00,0.00,0.00,0.00,216.25,0.21,27.26
213.95,0.59,125.46,214.11,0.20,43.42,0.00,0.00,0.00,0.00,0.00,0.00,217.06,0.18,24.23
215.77,0.58,125.19,218.65,0.21,45.32,0.00,0.00,0.00,0.00,0.00,0.00,214.92,0.17,22.67
218.70,0.61,133.10,214.94,0.20,43.78,0.00,0.00,0.00,0.00,0.00,0.00,216.16,0.20,26.15
216.26,0.59,126.87,219.79,0.21,45.65,0.00,0.00,0.00,0.00,0.00,0.00,213.80,0.18,24.73
215.64,0.59,127.74,214.33,0.20,43.79,0.00,0.00,0.00,0.00,0.00,0.00,216.68,0.18,25.26
215.87,0.57,123.53,212.80,0.20,43.13,0.00,0.00,0.00,0.00,0.00,0.00,216.75,0.17,24.07
217.98,0.58,126.92,219.28,0.21,45.42,0.00,0.00,0.00,0.00,0.00,0.00,215.19,0.17,23.62
217.43,0.58,126.36,214.73,0.20,43.86,0.00,0.00,0.00,0.00,0.00,0.00,215.15,0.17,23.71
214.37,0.59,127.24,214.11,0.20,43.70,0.00,0.00,0.00,0.00,0.00,0.00,215.85,0.19,24.84
217.91,0.60,130.18,215.65,0.20,43.89,0.00,0.00,0.00,0.00,0.00,0.00,218.37,0.19,26.21
218.91,0.58,126.70,219.18,0.21,45.38,0.00,0.00,0.00,0.00,0.00,0.00,214.12,0.17,22.99
214.83,0.61,130.32,216.01,0.21,44.34,0.00,0.00,0.00,0.00,0.00,0.00,213.91,0.20,26.07
217.55,0.59,128.70,216.48,0.20,44.24,0.00,0.00,0.00,0.00,0.00,0.00,214.36,0.18,24.04
216.98,0.58,126.47,215.65,0.20,44.23,0.00,0.00,0.00,0.00,0.00,0.00,213.54,0.17,23.48
218.16,0.59,128.76,214.97,0.20,44.06,0.00,0.00,0.00,0.00,0.00,0.00,213.90,0.18,24.37
217.95,0.60,129.87,220.16,0.21,45.97,0.00,0.00,0.00,0.00,0.00,0.00,212.57,0.18,24.10
217.53,0.59,128.13,220.33,0.21,45.80,0.00,0.00,0.00,0.00,0.00,0.00,214.13,0.18,23.46
212.97,0.60,127.78,214.58,0.20,43.74,0.00,0.00,0.00,0.00,0.00,0.00,217.47,0.19,26.40
215.76,0.58,126.14,214.44,0.20,43.59,0.00,0.00,0.00,0.00,0.00,0.00,214.16,0.18,23.95
219.69,0.58,127.62,219.79,0.21,45.75,0.00,0.00,0.00,0.00,0.00,0.00,215.59,0.17,23.48
217.49,0.60,131.16,216.24,0.21,44.65,0.00,0.00,0.00,0.00,0.00,0.00,214.16,0.19,25.49
214.38,0.60,127.60,214.90,0.20,43.82,0.00,0.00,0.00,0.00,0.00,0.00,214.65,0.19,25.69
218.11,0.60,130.13,217.17,0.21,44.71,0.00,0.00,0.00,0.00,0.00,0.00,212.17,0.19,25.00
214.80,0.60,128.69,216.14,0.20,44.35,0.00,0.00,0.00,0.00,0.00,0.00,217.48,0.19,26.00
220.87,0.59,131.01,218.00,0.21,44.70,0.00,0.00,0.00,0.00,0.00,0.00,212.91,0.18,24.40
215.98,0.60,129.45,216.13,0.20,44.25,0.00,0.00,0.00,0.00,0.00,0.00,216.61,0.19,25.45
219.23,0.60,130.50,219.97,0.21,45.64,0.00,0.00,0.00,0.00,0.00,0.00,213.36,0.18,23.94
215.31,0.59,127.65,213.21,0.20,43.10,0.00,0.00,0.00,0.00,0.00,0.00,213.77,0.19,25.01
221.12,0.59,130.46,220.44,0.21,45.66,0.00,0.00,0.00,0.00,0.00,0.00,214.83,0.18,23.98
221.57,0.60,132.82,218.51,0.21,44.98,0.00,0.00,0.00,0.00,0.00,0.00,216.19,0.19,25.70
214.97,0.59,127.15,212.99,0.20,43.04,0.00,0.00,0.00,0.00,0.00,0.00,215.11,0.19,25.06
220.65,0.59,129.90,217.04,0.20,44.51,0.00,0.00,0.00,0.00,0.00,0.00,212.77,0.18,24.23
215.21,0.59,127.58,215.78,0.20,44.11,0.00,0.00,0.00,0.00,0.00,0.00,212.15,0.19,24.35
222.46,0.59,131.82,218.33,0.20,43.74,0.00,0.00,0.00,0.00,0.00,0.00,213.70,0.19,24.64
216.66,0.59,127.22,211.31,0.20,42.45,0.00,0.00,0.00,0.00,0.00,0.00,214.16,0.18,24.78
215.41,0.59,127.49,215.86,0.20,44.24,0.00,0.00,0.00,0.00,0.00,0.00,212.47,0.18,24.53
216.31,0.60,129.43,218.16,0.21,44.84,0.00,0.00,0.00,0.00,0.00,0.00,215.00,0.19,25.49
218.60,0.59,128.99,219.98,0.21,45.28,0.00,0.00,0.00,0.00,0.00,0.00,214.32,0.18,24.53
215.89,0.59,128.43,216.72,0.20,44.35,0.00,0.00,0.00,0.00,0.00,0.00,214.13,0.19,25.11
217.60,0.59,129.23,220.78,0.21,45.93,0.00,0.00,0.00,0.00,0.00,0.00,213.87,0.18,24.49
217.11,0.59,127.94,213.19,0.20,42.94,0.00,0.00,0.00,0.00,0.00,0.00,212.82,0.18,24.64
218.29,0.59,129.54,215.80,0.20,44.16,0.00,0.00,0.00,0.00,0.00,0.00,215.47,0.19,25.27
217.36,0.60,129.82,218.17,0.21,44.75,0.00,0.00,0.00,0.00,0.00,0.00,214.73,0.19,25.38
218.16,0.59,128.83,216.14,0.20,44.23,0.00,0.00,0.00,0.00,0.00,0.00,213.79,0.18,24.55
215.81,0.59,127.04,214.58,0.20,43.61,0.00,0.00,0.00,0.00,0.00,0.00,211.66,0.18,24.04
216.50,0.60,129.20,217.07,0.21,44.64,0.00,0.00,0.00,0.00,0.00,0.00,214.56,0.19,25.11
218.39,0.60,130.56,218.39,0.21,45.04,0.00,0.00,0.00,0.00,0.00,0.00,215.46,0.19,25.25
218.37,0.59,128.96,212.91,0.20,43.08,0.00,0.00,0.00,0.00,0.00,0.00,212.41,0.18,24.47
215.41,0.59,127.50,215.14,0.20,43.90,0.00,0.00,0.00,0.00,0.00,0.00,212.92,0.18,24.49
218.66,0.59,129.24,215.61,0.21,44.27,0.00,0.00,0.00,0.00,0.00,0.00,216.31,0.18,24.71
220.52,0.60,131.96,219.09,0.21,45.16,0.00,0.00,0.00,0.00,0.00,0.00,215.22,0.19,25.50
217.63,0.59,128.55,220.45,0.21,45.88,0.00,0.00,0.00,0.00,0.00,0.00,213.48,0.18,24.11
215.34,0.59,127.31,215.71,0.20,43.92,0.00,0.00,0.00,0.00,0.00,0.00,212.34,0.18,24.45
216.42,0.59,128.27,218.76,0.21,45.20,0.00,0.00,0.00,0.00,0.00,0.00,211.75,0.18,24.07
214.88,0.59,127.43,216.04,0.20,44.16,0.00,0.00,0.00,0.00,0.00,0.00,214.61,0.19,25.03
219.44,0.59,130.09,215.37,0.20,43.93,0.00,0.00,0.00,0.00,0.00,0.00,215.60,0.19,25.12
218.33,0.59,128.86,217.34,0.21,44.63,0.00,0.00,0.00,0.00,0.00,0.00,212.12,0.18,24.02
215.50,0.59,128.18,215.30,0.20,44.05,0.00,0.00,0.00,0.00,0.00,0.00,214.67,0.19,24.90
218.62,0.60,130.56,214.51,0.20,43.84,0.00,0.00,0.00,0.00,0.00,0.00,218.07,0.19,25.97
218.44,0.59,129.87,216.71,0.20,44.32,0.00,0.00,0.00,0.00,0.00,0.00,215.81,0.19,25.10
219.75,0.60,131.07,217.04,0.20,44.53,0.00,0.00,0.00,0.00,0.00,0.00,215.40,0.19,25.34
216.06,0.59,127.72,213.99,0.20,43.56,0.00,0.00,0.00,0.00,0.00,0.00,214.40,0.18,24.91
217.69,0.59,129.24,214.10,0.20,43.40,0.00,0.00,0.00,0.00,0.00,0.00,215.65,0.19,25.11
217.59,0.59,129.30,217.08,0.20,44.38,0.00,0.00,0.00,0.00,0.00,0.00,214.85,0.19,24.90
213.25,0.59,125.27,212.89,0.20,42.90,0.00,0.00,0.00,0.00,0.00,0.00,215.28,0.18,24.67
219.56,0.59,129.99,216.76,0.21,44.61,0.00,0.00,0.00,0.00,0.00,0.00,215.01,0.18,24.86
214.30,0.59,126.96,218.78,0.21,45.30,0.00,0.00,0.00,0.00,0.00,0.00,217.38,0.18,25.32
214.67,0.59,127.00,214.78,0.20,43.74,0.00,0.00,0.00,0.00,0.00,0.00,215.98,0.18,25.20
219.40,0.59,128.78,215.92,0.20,44.25,0.00,0.00,0.00,0.00,0.00,0.00,214.17,0.18,24.13
215.22,0.60,128.11,215.71,0.20,44.11,0.00,0.00,0.00,0.00,0.00,0.00,216.28,0.19,25.42
218.53,0.59,129.48,218.50,0.21,45.18,0.00,0.00,0.00,0.00,0.00,0.00,214.56,0.18,24.54
217.76,0.60,130.04,214.84,0.20,43.79,0.00,0.00,0.00,0.00,0.00,0.00,218.10,0.19,25.92
219.76,0.59,129.91,213.73,0.20,43.14,0.00,0.00,0.00,0.00,0.00,0.00,215.99,0.19,24.96
222.63,0.59,131.90,218.23,0.21,45.01,0.00,0.00,0.00,0.00,0.00,0.00,217.17,0.18,25.36
216.38,0.59,127.54,213.92,0.20,43.50,0.00,0.00,0.00,0.00,0.00,0.00,212.84,0.18,24.25
218.81,0.60,130.58,219.86,0.21,45.50,0.00,0.00,0.00,0.00,0.00,0.00,218.58,0.19,25.77
219.02,0.59,130.08,215.63,0.20,43.86,0.00,0.00,0.00,0.00,0.00,0.00,214.64,0.19,25.16
217.34,0.60,129.53,218.36,0.21,44.99,0.00,0.00,0.00,0.00,0.00,0.00,216.52,0.19,25.50
221.69,0.58,129.43,217.21,0.21,44.70,0.00,0.00,0.00,0.00,0.00,0.00,216.10,0.17,23.96
218.90,0.60,131.70,219.39,0.21,45.37,0.00,0.00,0.00,0.00,0.00,0.00,214.75,0.19,25.28
219.22,0.59,128.30,217.02,0.20,44.41,0.00,0.00,0.00,0.00,0.00,0.00,215.46,0.18,24.02
218.79,0.59,128.69,214.61,0.20,43.73,0.00,0.00,0.00,0.00,0.00,0.00,214.22,0.18,24.06
216.25,0.59,127.85,214.75,0.20,43.77,0.00,0.00,0.00,0.00,0.00,0.00,214.28,0.18,24.68
220.08,0.60,131.09,220.62,0.21,45.95,0.00,0.00,0.00,0.00,0.00,0.00,214.20,0.18,24.21
216.27,0.59,127.44,215.76,0.20,44.23,0.00,0.00,0.00,0.00,0.00,0.00,215.48,0.18,24.43
219.15,0.61,134.26,217.65,0.21,44.70,0.00,0.00,0.00,0.00,0.00,0.00,214.97,0.20,27.22
218.28,0.61,133.71,219.24,0.21,45.57,0.00,0.00,0.00,0.00,0.00,0.00,214.09,0.20,26.53
217.88,0.60,130.69,216.95,0.21,44.80,0.00,0.00,0.00,0.00,0.00,0.00,215.97,0.19,26.17
217.40,0.61,132.67,219.92,0.21,45.80,0.00,0.00,0.00,0.00,0.00,0.00,220.28,0.20,28.34
215.28,0.61,130.53,215.44,0.20,43.68,0.00,0.00,0.00,0.00,0.00,0.00,214.30,0.20,26.50
214.84,0.59,126.57,216.60,0.20,44.46,0.00,0.00,0.00,0.00,0.00,0.00,214.10,0.18,24.90
215.12,0.59,127.07,214.56,0.20,43.64,0.00,0.00,0.00,0.00,0.00,0.00,217.35,0.18,25.68
218.36,0.60,131.97,217.34,0.21,44.93,0.00,0.00,0.00,0.00,0.00,0.00,214.10,0.20,26.08
216.36,0.57,122.78,215.62,0.20,44.33,0.00,0.00,0.00,0.00,0.00,0.00,215.19,0.16,22.16
219.50,0.57,126.03,221.15,0.21,46.29,0.00,0.00,0.00,0.00,0.00,0.00,213.64,0.16,22.83
215.81,0.60,130.31,214.64,0.20,43.94,0.00,0.00,0.00,0.00,0.00,0.00,215.77,0.20,26.19
216.61,0.58,126.02,217.93,0.21,45.12,0.00,0.00,0.00,0.00,0.00,0.00,213.91,0.17,22.79
216.08,0.62,134.14,214.33,0.20,43.79,0.00,0.00,0.00,0.00,0.00,0.00,214.36,0.21,27.85
215.16,0.58,124.23,214.29,0.20,43.87,0.00,0.00,0.00,0.00,0.00,0.00,214.99,0.17,23.07
213.33,0.61,129.89,214.31,0.20,43.71,0.00,0.00,0.00,0.00,0.00,0.00,217.51,0.20,27.39
215.60,0.59,126.52,214.42,0.20,43.82,0.00,0.00,0.00,0.00,0.00,0.00,214.53,0.18,25.12
215.72,0.57,123.09,215.31,0.20,44.11,0.00,0.00,0.00,0.00,0.00,0.00,214.55,0.16,22.37
216.55,0.59,127.37,216.28,0.20,44.34,0.00,0.00,0.00,0.00,0.00,0.00,215.29,0.18,25.27
214.87,0.61,131.12,215.13,0.20,44.03,0.00,0.00,0.00,0.00,0.00,0.00,217.01,0.20,27.74
215.74,0.60,129.13,215.77,0.20,44.18,0.00,0.00,0.00,0.00,0.00,0.00,215.20,0.19,25.97
213.86,0.57,121.95,218.10,0.21,45.25,0.00,0.00,0.00,0.00,0.00,0.00,215.31,0.16,22.07
218.79,0.60,131.71,221.32,0.21,46.57,0.00,0.00,0.00,0.00,0.00,0.00,217.42,0.19,25.85
215.52,0.59,127.70,217.23,0.21,44.85,0.00,0.00,0.00,0.00,0.00,0.00,215.91,0.18,24.70
217.99,0.58,126.50,214.29,0.20,43.74,0.00,0.00,0.00,0.00,0.00,0.00,214.80,0.17,23.68
215.65,0.60,128.55,215.18,0.21,44.24,0.00,0.00,0.00,0.00,0.00,0.00,215.58,0.19,25.39
216.93,0.59,128.24,215.61,0.20,44.32,0.00,0.00,0.00,0.00,0.00,0.00,217.95,0.18,25.57
219.53,0.59,130.02,220.44,0.21,46.09,0.00,0.00,0.00,0.00,0.00,0.00,215.44,0.18,24.26
219.54,0.59,130.40,221.55,0.21,46.53,0.00,0.00,0.00,0.00,0.00,0.00,217.71,0.18,24.96
216.04,0.59,127.48,216.56,0.21,44.75,0.00,0.00,0.00,0.00,0.00,0.00,214.33,0.18,24.43
220.53,0.59,130.70,221.99,0.21,46.66,0.00,0.00,0.00,0.00,0.00,0.00,216.71,0.18,24.74
218.07,0.59,129.21,216.90,0.20,44.19,0.00,0.00,0.00,0.00,0.00,0.00,213.81,0.18,24.71
217.05,0.60,130.16,216.56,0.21,44.81,0.00,0.00,0.00,0.00,0.00,0.00,217.74,0.19,26.04
217.86,0.60,129.89,220.49,0.21,46.09,0.00,0.00,0.00,0.00,0.00,0.00,217.00,0.18,25.14
219.28,0.59,129.33,216.27,0.21,44.74,0.00,0.00,0.00,0.00,0.00,0.00,217.49,0.18,24.80
216.85,0.59,128.86,218.18,0.21,44.98,0.00,0.00,0.00,0.00,0.00,0.00,216.07,0.18,25.28
217.77,0.59,129.17,216.16,0.21,44.60,0.00,0.00,0.00,0.00,0.00,0.00,217.29,0.18,25.19
220.04,0.59,130.60,221.08,0.21,46.39,0.00,0.00,0.00,0.00,0.00,0.00,216.84,0.18,24.74
218.86,0.59,129.05,220.47,0.21,46.12,0.00,0.00,0.00,0.00,0.00,0.00,214.22,0.18,24.01
218.85,0.60,130.47,217.17,0.21,44.92,0.00,0.00,0.00,0.00,0.00,0.00,216.25,0.19,25.23
216.74,0.60,130.19,219.85,0.21,45.96,0.00,0.00,0.00,0.00,0.00,0.00,215.84,0.19,25.01
215.89,0.60,128.87,215.90,0.21,44.52,0.00,0.00,0.00,0.00,0.00,0.00,213.33,0.19,24.33
220.06,0.60,131.53,220.67,0.21,46.26,0.00,0.00,0.00,0.00,0.00,0.00,216.42,0.19,24.85
218.21,0.60,130.04,219.52,0.21,45.71,0.00,0.00,0.00,0.00,0.00,0.00,214.64,0.18,24.37
216.01,0.60,130.27,220.45,0.21,46.08,0.00,0.00,0.00,0.00,0.00,0.00,215.80,0.19,25.19
218.72,0.60,130.59,216.35,0.20,44.54,0.00,0.00,0.00,0.00,0.00,0.00,217.74,0.19,25.36
215.30,0.59,127.95,212.78,0.20,43.24,0.00,0.00,0.00,0.00,0.00,0.00,216.05,0.19,25.00
218.53,0.60,132.08,216.61,0.21,44.69,0.00,0.00,0.00,0.00,0.00,0.00,217.66,0.20,25.73
216.33,0.60,129.44,220.27,0.21,45.41,0.00,0.00,0.00,0.00,0.00,0.00,217.25,0.19,25.19
216.55,0.59,128.46,215.36,0.21,44.25,0.00,0.00,0.00,0.00,0.00,0.00,216.52,0.18,25.10
218.44,0.59,129.43,214.94,0.20,44.12,0.00,0.00,0.00,0.00,0.00,0.00,219.39,0.18,25.62
218.08,0.60,130.12,221.09,0.21,46.48,0.00,0.00,0.00,0.00,0.00,0.00,217.80,0.18,25.30
216.98,0.60,129.64,215.32,0.21,44.32,0.00,0.00,0.00,0.00,0.00,0.00,220.28,0.19,25.94
219.01,0.60,131.23,221.83,0.21,46.81,0.00,0.00,0.00,0.00,0.00,0.00,215.22,0.19,25.30
217.08,0.59,127.94,214.10,0.20,43.79,0.00,0.00,0.00,0.00,0.00,0.00,217.08,0.18,24.95
219.89,0.60,131.40,221.72,0.21,46.71,0.00,0.00,0.00,0.00,0.00,0.00,215.54,0.18,24.94
219.08,0.59,129.25,219.21,0.21,45.65,0.00,0.00,0.00,0.00,0.00,0.00,215.32,0.18,23.73
223.07,0.59,132.20,219.22,0.21,45.72,0.00,0.00,0.00,0.00,0.00,0.00,216.10,0.18,24.77
218.57,0.59,128.20,218.20,0.21,45.11,0.00,0.00,0.00,0.00,0.00,0.00,214.66,0.18,24.28
220.59,0.60,131.30,219.29,0.21,45.70,0.00,0.00,0.00,0.00,0.00,0.00,214.51,0.18,24.97
215.41,0.59,128.06,217.14,0.21,44.91,0.00,0.00,0.00,0.00,0.00,0.00,216.94,0.19,25.26
216.67,0.59,127.52,214.59,0.20,43.86,0.00,0.00,0.00,0.00,0.00,0.00,217.52,0.18,24.85
217.33,0.59,128.58,216.81,0.21,44.71,0.00,0.00,0.00,0.00,0.00,0.00,216.40,0.18,25.11
217.33,0.59,128.69,215.22,0.21,44.27,0.00,0.00,0.00,0.00,0.00,0.00,216.66,0.18,25.09
218.52,0.59,129.27,216.07,0.21,44.51,0.00,0.00,0.00,0.00,0.00,0.00,216.25,0.18,24.99
219.07,0.60,131.50,220.08,0.21,45.97,0.00,0.00,0.00,0.00,0.00,0.00,219.39,0.19,26.08
220.19,0.60,131.31,220.51,0.21,45.96,0.00,0.00,0.00,0.00,0.00,0.00,213.17,0.18,24.32
217.86,0.59,129.35,214.46,0.20,43.96,0.00,0.00,0.00,0.00,0.00,0.00,215.72,0.19,24.67
221.45,0.60,132.54,216.25,0.21,44.42,0.00,0.00,0.00,0.00,0.00,0.00,216.12,0.19,25.35
215.22,0.59,127.73,215.97,0.21,44.56,0.00,0.00,0.00,0.00,0.00,0.00,216.43,0.18,25.04
216.89,0.59,128.55,215.88,0.21,44.42,0.00,0.00,0.00,0.00,0.00,0.00,215.49,0.18,24.96
217.39,0.59,129.02,214.25,0.20,43.82,0.00,0.00,0.00,0.00,0.00,0.00,218.58,0.19,25.50
216.80,0.59,128.40,218.25,0.21,45.30,0.00,0.00,0.00,0.00,0.00,0.00,215.56,0.18,24.85
218.89,0.59,130.13,221.84,0.21,46.76,0.00,0.00,0.00,0.00,0.00,0.00,215.46,0.18,24.51
221.30,0.60,132.69,219.49,0.21,45.96,0.00,0.00,0.00,0.00,0.00,0.00,217.87,0.19,25.78
217.61,0.60,129.64,217.10,0.21,45.22,0.00,0.00,0.00,0.00,0.00,0.00,216.32,0.19,25.22
218.35,0.60,131.27,220.77,0.21,46.37,0.00,0.00,0.00,0.00,0.00,0.00,219.57,0.19,26.04
216.92,0.60,130.48,221.27,0.21,46.63,0.00,0.00,0.00,0.00,0.00,0.00,216.72,0.19,25.11
221.23,0.60,132.30,221.96,0.21,46.70,0.00,0.00,0.00,0.00,0.00,0.00,216.19,0.18,25.00
217.24,0.59,129.12,221.64,0.21,45.02,0.00,0.00,0.00,0.00,0.00,0.00,216.98,0.18,25.08
219.08,0.60,130.39,220.06,0.21,45.66,0.00,0.00,0.00,0.00,0.00,0.00,217.70,0.18,25.09
215.54,0.59,128.02,217.18,0.21,44.87,0.00,0.00,0.00,0.00,0.00,0.00,216.97,0.18,25.01
219.04,0.60,131.12,221.43,0.21,46.28,0.00,0.00,0.00,0.00,0.00,0.00,216.44,0.19,25.14
218.61,0.59,129.61,220.35,0.21,45.49,0.00,0.00,0.00,0.00,0.00,0.00,216.24,0.18,24.65
218.19,0.59,128.34,218.68,0.21,45.21,0.00,0.00,0.00,0.00,0.00,0.00,218.01,0.18,24.78
218.52,0.60,130.59,220.77,0.21,46.19,0.00,0.00,0.00,0.00,0.00,0.00,218.87,0.19,25.64
218.22,0.59,128.07,216.30,0.20,44.32,0.00,0.00,0.00,0.00,0.00,0.00,215.12,0.18,24.27
219.69,0.59,130.53,214.60,0.20,43.77,0.00,0.00,0.00,0.00,0.00,0.00,223.09,0.19,26.58
216.29,0.59,127.72,214.90,0.20,44.04,0.00,0.00,0.00,0.00,0.00,0.00,216.13,0.18,24.96
217.05,0.59,128.35,215.65,0.20,44.22,0.00,0.00,0.00,0.00,0.00,0.00,216.00,0.18,24.82
219.17,0.60,130.56,221.95,0.21,46.52,0.00,0.00,0.00,0.00,0.00,0.00,217.13,0.18,24.99
217.43,0.59,128.05,214.59,0.20,43.90,0.00,0.00,0.00,0.00,0.00,0.00,217.01,0.18,24.65
218.08,0.59,128.54,213.58,0.20,43.48,0.00,0.00,0.00,0.00,0.00,0.00,218.87,0.18,25.44
217.38,0.59,128.52,215.89,0.20,44.28,0.00,0.00,0.00,0.00,0.00,0.00,219.31,0.18,25.56
218.69,0.59,130.09,222.70,0.21,46.89,0.00,0.00,0.00,0.00,0.00,0.00,215.74,0.18,24.82
215.73,0.59,127.42,215.96,0.21,44.38,0.00,0.00,0.00,0.00,0.00,0.00,218.98,0.18,25.11
217.02,0.59,128.52,216.19,0.21,44.59,0.00,0.00,0.00,0.00,0.00,0.00,216.19,0.18,25.08
220.40,0.59,130.82,221.57,0.21,46.45,0.00,0.00,0.00,0.00,0.00,0.00,216.40,0.18,24.65
219.45,0.59,128.91,216.71,0.21,44.70,0.00,0.00,0.00,0.00,0.00,0.00,215.38,0.18,24.32
216.75,0.59,127.98,217.75,0.21,45.06,0.00,0.00,0.00,0.00,0.00,0.00,215.29,0.18,24.36
218.03,0.60,129.77,219.74,0.21,45.89,0.00,0.00,0.00,0.00,0.00,0.00,215.02,0.18,24.50
218.36,0.59,129.02,217.06,0.21,44.99,0.00,0.00,0.00,0.00,0.00,0.00,215.00,0.18,24.30
218.13,0.59,129.32,214.81,0.20,44.07,0.00,0.00,0.00,0.00,0.00,0.00,218.93,0.18,25.88
221.64,0.59,131.47,219.34,0.21,45.55,0.00,0.00,0.00,0.00,0.00,0.00,216.23,0.18,25.23
215.53,0.59,127.83,215.60,0.21,44.42,0.00,0.00,0.00,0.00,0.00,0.00,217.03,0.18,25.53
216.27,0.60,128.85,218.14,0.21,45.37,0.00,0.00,0.00,0.00,0.00,0.00,215.88,0.18,24.33
219.41,0.60,132.44,222.31,0.21,46.92,0.00,0.00,0.00,0.00,0.00,0.00,216.32,0.19,24.89
217.07,0.59,128.76,213.98,0.20,43.86,0.00,0.00,0.00,0.00,0.00,0.00,216.90,0.19,24.68
220.14,0.60,132.18,223.11,0.21,47.14,0.00,0.00,0.00,0.00,0.00,0.00,214.48,0.19,24.33
219.01,0.60,130.90,219.33,0.21,45.83,0.00,0.00,0.00,0.00,0.00,0.00,216.31,0.19,24.41
217.34,0.60,130.00,216.99,0.21,44.99,0.00,0.00,0.00,0.00,0.00,0.00,216.60,0.19,24.97
219.85,0.60,131.31,217.61,0.21,45.16,0.00,0.00,0.00,0.00,0.00,0.00,217.37,0.19,24.91
216.63,0.60,129.16,216.14,0.21,44.61,0.00,0.00,0.00,0.00,0.00,0.00,219.49,0.19,25.73
220.40,0.60,132.04,223.08,0.21,47.30,0.00,0.00,0.00,0.00,0.00,0.00,218.52,0.18,25.56
217.68,0.59,128.53,215.53,0.20,44.29,0.00,0.00,0.00,0.00,0.00,0.00,215.45,0.18,24.64
219.84,0.59,130.31,219.31,0.21,45.75,0.00,0.00,0.00,0.00,0.00,0.00,218.95,0.18,25.14
220.83,0.59,131.17,220.88,0.21,46.32,0.00,0.00,0.00,0.00,0.00,0.00,218.45,0.18,25.01
217.27,0.59,128.65,218.09,0.21,45.47,0.00,0.00,0.00,0.00,0.00,0.00,217.51,0.18,24.89
220.26,0.60,131.57,225.19,0.21,48.35,0.00,0.00,0.00,0.00,0.00,0.00,216.00,0.18,24.28
220.78,0.60,132.13,224.28,0.21,47.75,0.00,0.00,0.00,0.00,0.00,0.00,215.85,0.18,24.54
219.18,0.59,129.70,217.08,0.21,44.78,0.00,0.00,0.00,0.00,0.00,0.00,216.43,0.18,24.72
219.49,0.59,130.04,217.33,0.21,45.08,0.00,0.00,0.00,0.00,0.00,0.00,216.82,0.18,24.75
220.03,0.59,130.29,215.87,0.21,44.64,0.00,0.00,0.00,0.00,0.00,0.00,217.94,0.18,25.37
219.13,0.59,130.31,222.15,0.21,46.57,0.00,0.00,0.00,0.00,0.00,0.00,216.34,0.18,24.57
219.72,0.59,130.26,218.02,0.21,45.30,0.00,0.00,0.00,0.00,0.00,0.00,216.76,0.18,25.10
218.69,0.59,129.13,215.20,0.21,44.43,0.00,0.00,0.00,0.00,0.00,0.00,216.89,0.18,24.96
220.37,0.60,131.55,220.49,0.21,46.43,0.00,0.00,0.00,0.00,0.00,0.00,219.49,0.18,25.55
222.86,0.60,132.78,220.72,0.21,46.43,0.00,0.00,0.00,0.00,0.00,0.00,218.89,0.18,25.40
217.85,0.60,129.89,219.48,0.21,45.81,0.00,0.00,0.00,0.00,0.00,0.00,219.87,0.19,25.62
218.35,0.59,128.85,218.11,0.21,45.56,0.00,0.00,0.00,0.00,0.00,0.00,217.67,0.18,24.68
221.76,0.59,131.21,220.87,0.21,46.18,0.00,0.00,0.00,0.00,0.00,0.00,218.39,0.18,25.04
217.63,0.59,129.11,218.34,0.21,45.22,0.00,0.00,0.00,0.00,0.00,0.00,217.63,0.18,25.01
218.28,0.59,128.13,215.90,0.21,44.54,0.00,0.00,0.00,0.00,0.00,0.00,217.27,0.18,24.54
218.61,0.59,129.40,218.27,0.21,45.45,0.00,0.00,0.00,0.00,0.00,0.00,216.49,0.18,24.61
220.18,0.59,130.75,216.33,0.21,44.91,0.00,0.00,0.00,0.00,0.00,0.00,218.20,0.18,25.51
218.29,0.60,130.22,220.51,0.21,46.22,0.00,0.00,0.00,0.00,0.00,0.00,219.79,0.18,25.58
220.36,0.59,130.81,221.30,0.21,46.49,0.00,0.00,0.00,0.00,0.00,0.00,218.54,0.18,24.99
221.68,0.59,131.37,221.67,0.21,46.88,0.00,0.00,0.00,0.00,0.00,0.00,215.02,0.18,24.42
216.89,0.59,128.14,219.79,0.21,45.90,0.00,0.00,0.00,0.00,0.00,0.00,216.58,0.18,24.61
220.37,0.59,130.35,220.42,0.21,46.30,0.00,0.00,0.00,0.00,0.00,0.00,216.39,0.18,24.38
227.17,0.59,133.56,217.52,0.21,45.16,0.00,0.00,0.00,0.00,0.00,0.00,217.52,0.18,24.40
218.54,0.59,129.11,218.86,0.21,45.74,0.00,0.00,0.00,0.00,0.00,0.00,216.01,0.18,24.19
220.76,0.59,130.15,218.23,0.21,45.09,0.00,0.00,0.00,0.00,0.00,0.00,216.86,0.18,24.72
220.48,0.60,131.26,219.08,0.21,45.66,0.00,0.00,0.00,0.00,0.00,0.00,213.61,0.18,24.53
219.32,0.59,129.77,219.90,0.21,46.27,0.00,0.00,0.00,0.00,0.00,0.00,216.62,0.18,24.40
221.11,0.59,131.18,218.23,0.21,45.40,0.00,0.00,0.00,0.00,0.00,0.00,218.44,0.18,25.07
220.58,0.59,131.24,220.63,0.21,46.26,0.00,0.00,0.00,0.00,0.00,0.00,218.88,0.18,25.42
220.31,0.59,129.83,220.83,0.21,46.28,0.00,0.00,0.00,0.00,0.00,0.00,218.05,0.18,24.58
221.62,0.59,131.13,216.86,0.21,45.13,0.00,0.00,0.00,0.00,0.00,0.00,218.25,0.18,24.83
222.46,0.59,131.58,223.47,0.21,47.43,0.00,0.00,0.00,0.00,0.00,0.00,216.95,0.18,24.03
222.50,0.59,132.34,221.45,0.21,46.70,0.00,0.00,0.00,0.00,0.00,0.00,216.20,0.18,24.63
220.36,0.59,130.46,220.07,0.21,46.21,0.00,0.00,0.00,0.00,0.00,0.00,218.00,0.18,24.75
222.15,0.60,132.38,218.98,0.21,45.70,0.00,0.00,0.00,0.00,0.00,0.00,218.51,0.18,25.31
222.17,0.60,132.25,224.21,0.21,47.72,0.00,0.00,0.00,0.00,0.00,0.00,217.61,0.18,24.69
221.50,0.59,130.36,221.01,0.21,46.50,0.00,0.00,0.00,0.00,0.00,0.00,218.22,0.18,24.30
219.98,0.60,131.14,220.81,0.21,46.61,0.00,0.00,0.00,0.00,0.00,0.00,217.96,0.18,25.09
219.82,0.59,130.64,220.15,0.21,46.06,0.00,0.00,0.00,0.00,0.00,0.00,218.89,0.18,25.04
222.57,0.60,133.32,222.22,0.21,46.93,0.00,0.00,0.00,0.00,0.00,0.00,220.57,0.18,25.72
222.61,0.60,132.79,223.13,0.21,47.35,0.00,0.00,0.00,0.00,0.00,0.00,216.99,0.18,24.86
219.02,0.60,130.55,220.06,0.21,46.31,0.00,0.00,0.00,0.00,0.00,0.00,221.25,0.18,25.55
220.93,0.59,130.66,219.78,0.21,45.98,0.00,0.00,0.00,0.00,0.00,0.00,216.52,0.18,24.54
219.15,0.59,128.69,218.54,0.21,45.14,0.00,0.00,0.00,0.00,0.00,0.00,217.25,0.18,24.29
220.93,0.59,129.62,213.46,0.20,43.42,0.00,0.00,0.00,0.00,0.00,0.00,220.31,0.18,25.48
223.29,0.59,132.12,220.42,0.21,46.20,0.00,0.00,0.00,0.00,0.00,0.00,216.67,0.18,24.62
219.95,0.59,130.76,221.59,0.21,46.88,0.00,0.00,0.00,0.00,0.00,0.00,218.36,0.18,24.82
219.31,0.59,129.81,219.09,0.21,46.02,0.00,0.00,0.00,0.00,0.00,0.00,217.12,0.18,24.61
217.70,0.60,129.99,220.68,0.21,46.48,0.00,0.00,0.00,0.00,0.00,0.00,220.46,0.18,25.91
217.62,0.59,128.58,218.25,0.21,45.55,0.00,0.00,0.00,0.00,0.00,0.00,217.75,0.18,24.73
218.84,0.60,130.66,217.50,0.21,45.24,0.00,0.00,0.00,0.00,0.00,0.00,221.13,0.19,25.97
220.82,0.59,130.46,221.51,0.21,46.73,0.00,0.00,0.00,0.00,0.00,0.00,216.79,0.18,24.31
221.98,0.59,130.44,220.51,0.21,46.41,0.00,0.00,0.00,0.00,0.00,0.00,216.84,0.17,24.15
221.42,0.59,131.35,217.91,0.21,45.29,0.00,0.00,0.00,0.00,0.00,0.00,220.16,0.18,25.19
223.01,0.60,132.88,219.98,0.21,45.97,0.00,0.00,0.00,0.00,0.00,0.00,221.67,0.18,25.78
223.91,0.59,132.42,223.84,0.21,47.63,0.00,0.00,0.00,0.00,0.00,0.00,219.31,0.18,24.76
220.43,0.59,130.67,219.73,0.21,46.19,0.00,0.00,0.00,0.00,0.00,0.00,221.34,0.18,25.33
218.84,0.60,130.61,219.28,0.21,45.85,0.00,0.00,0.00,0.00,0.00,0.00,219.35,0.18,25.52
223.60,0.59,132.97,224.26,0.21,47.91,0.00,0.00,0.00,0.00,0.00,0.00,216.92,0.18,24.10
221.95,0.59,131.04,218.85,0.21,45.64,0.00,0.00,0.00,0.00,0.00,0.00,216.80,0.18,24.31
221.68,0.60,132.72,218.95,0.21,45.76,0.00,0.00,0.00,0.00,0.00,0.00,224.42,0.19,25.89
218.56,0.60,130.42,217.60,0.21,45.32,0.00,0.00,0.00,0.00,0.00,0.00,219.30,0.19,25.21
220.03,0.60,130.93,219.53,0.21,46.10,0.00,0.00,0.00,0.00,0.00,0.00,217.13,0.18,24.60
220.05,0.60,131.12,219.03,0.21,45.86,0.00,0.00,0.00,0.00,0.00,0.00,220.33,0.18,25.55
219.46,0.59,130.25,219.56,0.21,46.10,0.00,0.00,0.00,0.00,0.00,0.00,221.35,0.18,24.90
221.82,0.60,132.34,221.30,0.21,46.73,0.00,0.00,0.00,0.00,0.00,0.00,218.86,0.18,25.09
219.04,0.59,129.66,217.33,0.21,45.20,0.00,0.00,0.00,0.00,0.00,0.00,217.94,0.18,24.84
219.16,0.59,129.75,216.93,0.21,44.96,0.00,0.00,0.00,0.00,0.00,0.00,217.61,0.18,25.03
221.28,0.59,130.71,218.95,0.21,45.71,0.00,0.00,0.00,0.00,0.00,0.00,222.50,0.18,25.02
219.69,0.59,130.42,218.48,0.21,45.73,0.00,0.00,0.00,0.00,0.00,0.00,220.32,0.18,25.47
218.64,0.60,130.37,219.13,0.21,45.98,0.00,0.00,0.00,0.00,0.00,0.00,220.64,0.18,25.38
219.78,0.60,130.99,219.21,0.21,46.00,0.00,0.00,0.00,0.00,0.00,0.00,219.08,0.18,25.47
221.29,0.59,131.57,218.60,0.21,45.59,0.00,0.00,0.00,0.00,0.00,0.00,218.19,0.18,24.99
219.08,0.59,129.88,219.76,0.21,46.36,0.00,0.00,0.00,0.00,0.00,0.00,217.05,0.18,24.48
222.80,0.59,131.53,218.15,0.21,45.42,0.00,0.00,0.00,0.00,0.00,0.00,217.88,0.18,24.55
223.68,0.59,132.59,219.58,0.21,46.00,0.00,0.00,0.00,0.00,0.00,0.00,216.56,0.18,24.37
219.87,0.59,130.38,218.57,0.21,45.80,0.00,0.00,0.00,0.00,0.00,0.00,216.56,0.18,24.73
220.07,0.59,130.79,220.55,0.21,46.39,0.00,0.00,0.00,0.00,0.00,0.00,216.80,0.18,24.68
222.86,0.59,132.24,219.91,0.21,46.04,0.00,0.00,0.00,0.00,0.00,0.00,217.67,0.18,24.96
220.19,0.59,130.28,218.77,0.21,45.49,0.00,0.00,0.00,0.00,0.00,0.00,218.29,0.18,24.91
220.30,0.60,131.44,219.04,0.21,45.99,0.00,0.00,0.00,0.00,0.00,0.00,221.25,0.18,25.73
222.51,0.60,134.36,223.97,0.21,47.81,0.00,0.00,0.00,0.00,0.00,0.00,220.53,0.19,24.96
220.58,0.60,133.08,224.63,0.21,47.82,0.00,0.00,0.00,0.00,0.00,0.00,218.67,0.19,24.94
222.70,0.60,132.56,217.97,0.21,45.19,0.00,0.00,0.00,0.00,0.00,0.00,215.87,0.19,24.31
219.87,0.60,131.07,218.02,0.21,45.36,0.00,0.00,0.00,0.00,0.00,0.00,217.38,0.19,24.54
219.75,0.60,131.20,218.33,0.21,45.48,0.00,0.00,0.00,0.00,0.00,0.00,217.08,0.19,24.45
221.23,0.60,132.30,219.55,0.21,46.06,0.00,0.00,0.00,0.00,0.00,0.00,216.33,0.19,24.33
222.86,0.59,132.40,217.60,0.21,45.28,0.00,0.00,0.00,0.00,0.00,0.00,218.52,0.18,24.49
221.24,0.60,132.29,221.65,0.21,46.72,0.00,0.00,0.00,0.00,0.00,0.00,219.26,0.18,24.83
219.99,0.59,130.73,218.63,0.21,45.64,0.00,0.00,0.00,0.00,0.00,0.00,220.19,0.18,25.25
220.27,0.59,130.46,219.65,0.21,45.99,0.00,0.00,0.00,0.00,0.00,0.00,219.48,0.18,24.62
220.08,0.59,130.53,219.18,0.21,45.74,0.00,0.00,0.00,0.00,0.00,0.00,217.63,0.18,24.31
219.39,0.59,129.97,218.03,0.21,45.32,0.00,0.00,0.00,0.00,0.00,0.00,218.41,0.18,25.12
221.26,0.60,132.34,219.41,0.21,45.85,0.00,0.00,0.00,0.00,0.00,0.00,220.78,0.19,25.62
220.37,0.60,131.43,221.81,0.21,47.00,0.00,0.00,0.00,0.00,0.00,0.00,215.22,0.18,24.40
222.32,0.59,131.89,220.56,0.21,45.88,0.00,0.00,0.00,0.00,0.00,0.00,218.45,0.18,25.09
220.92,0.60,131.50,221.20,0.21,46.54,0.00,0.00,0.00,0.00,0.00,0.00,217.38,0.18,24.81
220.25,0.59,130.46,220.24,0.21,46.15,0.00,0.00,0.00,0.00,0.00,0.00,216.49,0.18,24.43
222.13,0.59,131.69,216.59,0.21,44.76,0.00,0.00,0.00,0.00,0.00,0.00,216.13,0.18,24.53
217.06,0.60,129.40,218.37,0.21,45.12,0.00,0.00,0.00,0.00,0.00,0.00,216.37,0.19,24.84
221.03,0.60,132.26,216.67,0.21,44.82,0.00,0.00,0.00,0.00,0.00,0.00,217.87,0.19,25.37
219.88,0.59,130.17,216.30,0.21,44.75,0.00,0.00,0.00,0.00,0.00,0.00,217.67,0.18,24.73
220.17,0.59,130.75,219.25,0.21,45.93,0.00,0.00,0.00,0.00,0.00,0.00,218.36,0.18,24.72
221.33,0.60,132.06,226.11,0.21,47.48,0.00,0.00,0.00,0.00,0.00,0.00,217.54,0.18,24.70
220.46,0.59,130.79,218.62,0.21,45.68,0.00,0.00,0.00,0.00,0.00,0.00,217.43,0.18,24.37
220.56,0.59,131.12,221.49,0.21,46.63,0.00,0.00,0.00,0.00,0.00,0.00,218.56,0.18,24.72
222.71,0.60,132.81,221.46,0.21,46.76,0.00,0.00,0.00,0.00,0.00,0.00,218.69,0.18,25.09
220.64,0.60,131.83,222.23,0.21,46.97,0.00,0.00,0.00,0.00,0.00,0.00,225.28,0.18,25.51
218.65,0.59,129.89,217.66,0.21,45.15,0.00,0.00,0.00,0.00,0.00,0.00,220.01,0.18,25.67
218.17,0.60,129.82,220.97,0.21,46.37,0.00,0.00,0.00,0.00,0.00,0.00,217.97,0.18,24.97
217.71,0.59,129.31,219.91,0.21,46.02,0.00,0.00,0.00,0.00,0.00,0.00,216.20,0.18,24.65
220.50,0.59,131.12,221.80,0.21,46.75,0.00,0.00,0.00,0.00,0.00,0.00,218.16,0.18,24.88
219.30,0.59,130.17,217.67,0.21,45.21,0.00,0.00,0.00,0.00,0.00,0.00,220.46,0.18,25.34
219.69,0.60,130.99,218.08,0.21,45.67,0.00,0.00,0.00,0.00,0.00,0.00,217.39,0.18,24.94
220.62,0.60,131.43,218.70,0.21,45.62,0.00,0.00,0.00,0.00,0.00,0.00,218.13,0.18,24.83
218.96,0.60,130.76,217.81,0.21,45.14,0.00,0.00,0.00,0.00,0.00,0.00,216.33,0.19,24.85
218.50,0.60,130.25,217.95,0.21,45.09,0.00,0.00,0.00,0.00,0.00,0.00,218.86,0.19,25.23
221.53,0.60,132.74,220.22,0.21,46.28,0.00,0.00,0.00,0.00,0.00,0.00,218.98,0.19,25.57
220.15,0.60,132.22,218.12,0.21,45.44,0.00,0.00,0.00,0.00,0.00,0.00,221.31,0.19,26.03
222.37,0.60,133.26,223.86,0.21,47.48,0.00,0.00,0.00,0.00,0.00,0.00,217.38,0.18,25.02
219.82,0.60,131.35,221.28,0.21,46.58,0.00,0.00,0.00,0.00,0.00,0.00,219.47,0.18,25.44
219.00,0.59,130.13,218.49,0.21,45.73,0.00,0.00,0.00,0.00,0.00,0.00,218.37,0.18,25.13
220.86,0.59,130.89,219.81,0.21,45.98,0.00,0.00,0.00,0.00,0.00,0.00,220.08,0.18,25.19
220.77,0.60,131.76,220.36,0.21,46.23,0.00,0.00,0.00,0.00,0.00,0.00,217.73,0.18,25.01
221.56,0.60,131.93,219.86,0.21,46.15,0.00,0.00,0.00,0.00,0.00,0.00,216.91,0.18,24.67
222.60,0.59,132.27,218.86,0.21,45.59,0.00,0.00,0.00,0.00,0.00,0.00,215.89,0.18,24.43
222.41,0.59,131.98,218.52,0.21,45.49,0.00,0.00,0.00,0.00,0.00,0.00,217.62,0.18,24.85
219.04,0.60,130.45,218.98,0.21,45.47,0.00,0.00,0.00,0.00,0.00,0.00,219.76,0.18,25.27
221.22,0.60,131.90,223.43,0.21,47.19,0.00,0.00,0.00,0.00,0.00,0.00,216.43,0.18,24.51
222.55,0.59,131.63,218.97,0.21,45.60,0.00,0.00,0.00,0.00,0.00,0.00,217.41,0.18,24.53
221.61,0.59,130.58,220.56,0.21,46.24,0.00,0.00,0.00,0.00,0.00,0.00,217.08,0.18,24.37
221.00,0.60,131.93,218.88,0.21,45.46,0.00,0.00,0.00,0.00,0.00,0.00,220.35,0.19,26.28
223.04,0.59,132.50,220.39,0.21,46.38,0.00,0.00,0.00,0.00,0.00,0.00,218.69,0.18,24.94
220.60,0.59,131.22,221.28,0.21,46.67,0.00,0.00,0.00,0.00,0.00,0.00,217.54,0.18,24.86
220.36,0.59,129.72,218.02,0.21,45.38,0.00,0.00,0.00,0.00,0.00,0.00,219.10,0.18,24.89
219.30,0.59,129.75,218.67,0.21,45.90,0.00,0.00,0.00,0.00,0.00,0.00,217.79,0.18,24.73
219.67,0.59,129.32,220.53,0.21,46.30,0.00,0.00,0.00,0.00,0.00,0.00,217.68,0.18,24.24
220.14,0.59,130.14,220.44,0.21,46.09,0.00,0.00,0.00,0.00,0.00,0.00,218.59,0.18,24.97
221.33,0.60,131.72,221.05,0.21,46.74,0.00,0.00,0.00,0.00,0.00,0.00,217.31,0.18,24.67
220.73,0.59,130.72,221.39,0.21,46.84,0.00,0.00,0.00,0.00,0.00,0.00,216.79,0.18,24.45
220.32,0.60,131.80,219.89,0.21,46.04,0.00,0.00,0.00,0.00,0.00,0.00,221.19,0.19,26.33
221.53,0.59,130.63,223.07,0.21,47.45,0.00,0.00,0.00,0.00,0.00,0.00,217.16,0.17,24.56
219.91,0.59,130.56,220.48,0.21,46.33,0.00,0.00,0.00,0.00,0.00,0.00,217.51,0.18,24.97
220.72,0.59,130.94,220.41,0.21,46.30,0.00,0.00,0.00,0.00,0.00,0.00,218.16,0.18,25.05
221.73,0.59,131.27,219.47,0.21,45.98,0.00,0.00,0.00,0.00,0.00,0.00,217.98,0.18,24.45
220.09,0.59,129.20,219.07,0.21,45.78,0.00,0.00,0.00,0.00,0.00,0.00,217.11,0.18,24.26
220.43,0.59,130.57,219.29,0.21,45.92,0.00,0.00,0.00,0.00,0.00,0.00,219.39,0.18,24.69
220.26,0.60,132.32,223.49,0.21,47.27,0.00,0.00,0.00,0.00,0.00,0.00,217.05,0.19,25.45
219.33,0.60,131.46,220.88,0.21,46.49,0.00,0.00,0.00,0.00,0.00,0.00,221.05,0.19,26.18
218.60,0.59,129.08,220.74,0.21,46.48,0.00,0.00,0.00,0.00,0.00,0.00,217.97,0.18,24.58
222.75,0.59,132.20,220.57,0.21,46.64,0.00,0.00,0.00,0.00,0.00,0.00,217.38,0.18,24.49
221.06,0.59,130.47,218.59,0.21,45.44,0.00,0.00,0.00,0.00,0.00,0.00,221.79,0.18,25.60
219.93,0.59,130.01,218.37,0.21,45.47,0.00,0.00,0.00,0.00,0.00,0.00,218.28,0.18,24.75
220.85,0.60,131.71,219.52,0.21,46.00,0.00,0.00,0.00,0.00,0.00,0.00,216.42,0.18,24.54
220.62,0.59,130.72,219.46,0.21,45.80,0.00,0.00,0.00,0.00,0.00,0.00,217.97,0.18,24.77
220.85,0.59,130.23,221.67,0.21,46.81,0.00,0.00,0.00,0.00,0.00,0.00,218.04,0.18,24.47
222.76,0.60,132.74,221.17,0.21,46.48,0.00,0.00,0.00,0.00,0.00,0.00,220.66,0.18,25.20
221.07,0.59,131.12,216.69,0.21,44.82,0.00,0.00,0.00,0.00,0.00,0.00,217.38,0.18,24.97
220.70,0.59,130.74,219.25,0.21,45.77,0.00,0.00,0.00,0.00,0.00,0.00,219.77,0.18,25.26
221.00,0.59,130.54,218.77,0.21,45.82,0.00,0.00,0.00,0.00,0.00,0.00,216.91,0.18,23.93
222.22,0.59,131.76,222.72,0.21,47.28,0.00,0.00,0.00,0.00,0.00,0.00,217.48,0.18,24.45
223.14,0.60,133.76,220.12,0.21,46.16,0.00,0.00,0.00,0.00,0.00,0.00,218.25,0.19,25.85
221.03,0.59,131.30,220.50,0.21,46.35,0.00,0.00,0.00,0.00,0.00,0.00,218.81,0.18,25.20
217.70,0.59,128.69,217.94,0.21,45.43,0.00,0.00,0.00,0.00,0.00,0.00,218.65,0.18,25.11
223.85,0.59,131.80,218.79,0.21,45.50,0.00,0.00,0.00,0.00,0.00,0.00,214.03,0.18,23.24
223.21,0.60,133.62,221.55,0.21,46.93,0.00,0.00,0.00,0.00,0.00,0.00,222.49,0.18,26.18
220.24,0.59,129.90,217.68,0.21,45.38,0.00,0.00,0.00,0.00,0.00,0.00,216.92,0.18,24.33
223.87,0.59,131.93,218.81,0.21,45.80,0.00,0.00,0.00,0.00,0.00,0.00,217.13,0.18,24.51
223.59,0.59,132.36,220.77,0.21,46.34,0.00,0.00,0.00,0.00,0.00,0.00,219.35,0.18,25.16
221.03,0.59,131.27,218.03,0.21,45.47,0.00,0.00,0.00,0.00,0.00,0.00,217.64,0.18,25.00
218.10,0.59,128.93,217.05,0.21,45.01,0.00,0.00,0.00,0.00,0.00,0.00,217.31,0.18,25.01
220.64,0.59,130.75,217.37,0.21,45.11,0.00,0.00,0.00,0.00,0.00,0.00,219.81,0.18,25.46
218.53,0.59,129.75,219.72,0.21,46.16,0.00,0.00,0.00,0.00,0.00,0.00,220.91,0.18,25.18
219.77,0.59,130.64,219.48,0.21,45.99,0.00,0.00,0.00,0.00,0.00,0.00,216.37,0.18,24.77
220.26,0.59,130.34,218.42,0.21,45.54,0.00,0.00,0.00,0.00,0.00,0.00,219.48,0.18,25.18
219.38,0.59,130.23,216.99,0.21,44.92,0.00,0.00,0.00,0.00,0.00,0.00,219.78,0.18,25.44
223.01,0.59,132.62,222.09,0.21,46.83,0.00,0.00,0.00,0.00,0.00,0.00,217.43,0.18,24.77
222.12,0.59,131.09,220.14,0.21,46.05,0.00,0.00,0.00,0.00,0.00,0.00,218.02,0.18,24.66
221.27,0.59,131.00,220.32,0.21,46.10,0.00,0.00,0.00,0.00,0.00,0.00,217.66,0.18,24.70
219.98,0.59,130.22,220.11,0.21,46.05,0.00,0.00,0.00,0.00,0.00,0.00,220.22,0.18,25.17
221.91,0.59,130.88,219.16,0.21,45.91,0.00,0.00,0.00,0.00,0.00,0.00,216.77,0.18,24.48
218.64,0.59,128.82,217.89,0.21,45.31,0.00,0.00,0.00,0.00,0.00,0.00,218.35,0.18,24.76
220.51,0.59,131.05,218.84,0.21,45.67,0.00,0.00,0.00,0.00,0.00,0.00,220.04,0.18,25.31
219.43,0.59,129.92,218.63,0.21,45.53,0.00,0.00,0.00,0.00,0.00,0.00,216.93,0.18,24.75
220.37,0.59,130.86,216.84,0.21,44.96,0.00,0.00,0.00,0.00,0.00,0.00,217.65,0.18,24.91
222.99,0.59,132.19,218.50,0.21,45.30,0.00,0.00,0.00,0.00,0.00,0.00,216.38,0.18,24.53
219.93,0.59,130.29,217.79,0.21,44.95,0.00,0.00,0.00,0.00,0.00,0.00,216.28,0.18,24.57
221.47,0.60,131.96,219.23,0.21,45.43,0.00,0.00,0.00,0.00,0.00,0.00,219.59,0.19,25.33
217.80,0.60,129.97,217.53,0.21,45.11,0.00,0.00,0.00,0.00,0.00,0.00,220.77,0.19,25.69
219.79,0.59,130.46,217.75,0.21,45.19,0.00,0.00,0.00,0.00,0.00,0.00,222.20,0.18,25.67
221.60,0.60,131.93,219.92,0.21,45.93,0.00,0.00,0.00,0.00,0.00,0.00,217.08,0.18,24.84
222.03,0.60,132.27,220.18,0.21,45.88,0.00,0.00,0.00,0.00,0.00,0.00,220.38,0.18,25.61
220.72,0.60,131.66,221.22,0.21,46.22,0.00,0.00,0.00,0.00,0.00,0.00,220.60,0.18,25.51
223.39,0.60,133.89,223.98,0.21,47.76,0.00,0.00,0.00,0.00,0.00,0.00,217.14,0.18,25.01
221.54,0.59,131.02,221.29,0.21,46.51,0.00,0.00,0.00,0.00,0.00,0.00,215.86,0.18,24.29
222.07,0.59,131.37,220.07,0.21,46.25,0.00,0.00,0.00,0.00,0.00,0.00,217.00,0.18,24.50
222.40,0.59,131.97,219.87,0.21,45.69,0.00,0.00,0.00,0.00,0.00,0.00,219.52,0.18,24.86
219.10,0.59,128.25,216.94,0.21,44.76,0.00,0.00,0.00,0.00,0.00,0.00,218.43,0.18,24.91
219.77,0.59,130.32,221.59,0.21,46.56,0.00,0.00,0.00,0.00,0.00,0.00,219.24,0.18,24.86
220.55,0.60,131.31,220.50,0.21,46.12,0.00,0.00,0.00,0.00,0.00,0.00,219.63,0.18,25.50
221.31,0.60,132.06,219.13,0.21,45.90,0.00,0.00,0.00,0.00,0.00,0.00,219.85,0.18,25.53
222.21,0.59,131.54,219.27,0.21,45.81,0.00,0.00,0.00,0.00,0.00,0.00,217.88,0.18,24.89
221.08,0.59,130.27,220.66,0.21,46.26,0.00,0.00,0.00,0.00,0.00,0.00,217.69,0.18,24.44
222.92,0.59,131.26,220.36,0.21,45.91,0.00,0.00,0.00,0.00,0.00,0.00,219.72,0.18,24.45
219.28,0.59,129.58,219.69,0.21,45.87,0.00,0.00,0.00,0.00,0.00,0.00,217.94,0.18,25.00
220.84,0.59,130.75,220.89,0.21,46.34,0.00,0.00,0.00,0.00,0.00,0.00,219.35,0.18,25.09
220.25,0.59,129.97,218.13,0.21,45.35,0.00,0.00,0.00,0.00,0.00,0.00,219.45,0.18,25.03
219.97,0.59,130.08,218.55,0.21,45.42,0.00,0.00,0.00,0.00,0.00,0.00,220.88,0.18,25.20
222.14,0.59,131.61,222.65,0.21,47.04,0.00,0.00,0.00,0.00,0.00,0.00,218.81,0.18,24.93
220.90,0.59,130.79,220.04,0.21,45.94,0.00,0.00,0.00,0.00,0.00,0.00,221.30,0.18,25.81
219.65,0.59,129.59,218.72,0.21,45.83,0.00,0.00,0.00,0.00,0.00,0.00,217.89,0.18,24.73
222.84,0.59,131.32,221.33,0.21,46.69,0.00,0.00,0.00,0.00,0.00,0.00,218.29,0.18,24.67
221.06,0.59,130.93,219.40,0.21,45.89,0.00,0.00,0.00,0.00,0.00,0.00,218.59,0.18,24.73
221.16,0.60,131.69,221.33,0.21,46.70,0.00,0.00,0.00,0.00,0.00,0.00,222.06,0.18,25.44
220.44,0.59,130.49,220.90,0.21,46.37,0.00,0.00,0.00,0.00,0.00,0.00,218.42,0.18,24.74
221.66,0.59,131.00,216.88,0.21,45.02,0.00,0.00,0.00,0.00,0.00,0.00,219.06,0.18,25.74
220.56,0.60,131.53,222.65,0.21,46.94,0.00,0.00,0.00,0.00,0.00,0.00,220.10,0.18,25.18
218.77,0.59,128.19,218.11,0.21,45.36,0.00,0.00,0.00,0.00,0.00,0.00,218.04,0.18,24.48
222.82,0.59,132.48,220.16,0.21,46.22,0.00,0.00,0.00,0.00,0.00,0.00,219.63,0.18,25.75
219.47,0.59,130.32,219.93,0.21,46.22,0.00,0.00,0.00,0.00,0.00,0.00,217.50,0.18,25.05
219.55,0.59,130.46,220.63,0.21,46.28,0.00,0.00,0.00,0.00,0.00,0.00,219.14,0.18,25.49
220.09,0.59,130.39,218.72,0.21,45.49,0.00,0.00,0.00,0.00,0.00,0.00,223.21,0.18,26.04
222.05,0.60,132.54,224.99,0.21,47.76,0.00,0.00,0.00,0.00,0.00,0.00,221.57,0.18,25.49
223.39,0.59,131.94,219.97,0.21,46.23,0.00,0.00,0.00,0.00,0.00,0.00,218.05,0.18,24.49
220.91,0.59,130.43,224.16,0.21,47.38,0.00,0.00,0.00,0.00,0.00,0.00,217.07,0.18,24.21
226.72,0.59,134.45,226.89,0.21,47.46,0.00,0.00,0.00,0.00,0.00,0.00,219.87,0.18,24.98
218.40,0.59,129.94,220.79,0.21,46.75,0.00,0.00,0.00,0.00,0.00,0.00,217.60,0.18,25.03
223.32,0.59,131.80,220.48,0.21,46.22,0.00,0.00,0.00,0.00,0.00,0.00,217.87,0.18,24.51
221.87,0.59,131.82,219.49,0.21,45.85,0.00,0.00,0.00,0.00,0.00,0.00,220.92,0.18,25.74
219.29,0.59,129.39,219.69,0.21,46.08,0.00,0.00,0.00,0.00,0.00,0.00,218.25,0.18,24.77
225.04,0.59,133.80,217.45,0.21,45.14,0.00,0.00,0.00,0.00,0.00,0.00,217.28,0.18,24.96
221.44,0.59,131.63,221.70,0.21,46.64,0.00,0.00,0.00,0.00,0.00,0.00,222.02,0.18,25.75
223.37,0.59,131.82,220.87,0.21,46.49,0.00,0.00,0.00,0.00,0.00,0.00,216.62,0.18,24.57
221.43,0.59,130.62,217.43,0.21,45.21,0.00,0.00,0.00,0.00,0.00,0.00,218.64,0.18,25.14
220.85,0.59,130.90,222.86,0.21,46.59,0.00,0.00,0.00,0.00,0.00,0.00,217.81,0.18,24.59
221.43,0.59,131.02,220.74,0.21,46.48,0.00,0.00,0.00,0.00,0.00,0.00,220.88,0.18,25.21
219.94,0.59,130.17,219.19,0.21,45.99,0.00,0.00,0.00,0.00,0.00,0.00,219.83,0.18,25.42
223.61,0.59,132.74,222.27,0.21,47.18,0.00,0.00,0.00,0.00,0.00,0.00,218.50,0.18,24.54
225.49,0.59,133.19,218.67,0.21,45.53,0.00,0.00,0.00,0.00,0.00,0.00,218.51,0.18,24.93
220.56,0.59,130.43,218.56,0.21,45.70,0.00,0.00,0.00,0.00,0.00,0.00,219.62,0.18,25.23
222.76,0.59,132.21,222.64,0.21,47.09,0.00,0.00,0.00,0.00,0.00,0.00,219.95,0.18,25.15
223.76,0.59,132.82,221.40,0.21,46.71,0.00,0.00,0.00,0.00,0.00,0.00,221.54,0.18,25.28
223.58,0.59,132.12,221.74,0.21,46.75,0.00,0.00,0.00,0.00,0.00,0.00,224.77,0.18,25.45
224.67,0.59,132.82,219.83,0.21,46.31,0.00,0.00,0.00,0.00,0.00,0.00,221.43,0.18,25.15
220.34,0.59,129.77,219.32,0.21,46.00,0.00,0.00,0.00,0.00,0.00,0.00,219.16,0.18,24.39
225.35,0.59,133.32,221.08,0.21,46.54,0.00,0.00,0.00,0.00,0.00,0.00,218.98,0.18,24.90
227.00,0.59,134.28,221.29,0.21,46.35,0.00,0.00,0.00,0.00,0.00,0.00,222.91,0.18,25.54
222.16,0.59,131.78,221.39,0.21,46.82,0.00,0.00,0.00,0.00,0.00,0.00,219.95,0.18,25.17
222.98,0.59,131.31,221.26,0.21,46.72,0.00,0.00,0.00,0.00,0.00,0.00,217.38,0.18,24.12
224.18,0.59,133.15,221.09,0.21,46.25,0.00,0.00,0.00,0.00,0.00,0.00,224.13,0.18,26.28
222.07,0.59,132.04,220.88,0.21,46.61,0.00,0.00,0.00,0.00,0.00,0.00,218.37,0.18,24.85
221.89,0.59,131.59,218.62,0.21,45.67,0.00,0.00,0.00,0.00,0.00,0.00,218.34,0.18,25.01
223.97,0.59,132.16,218.78,0.21,45.80,0.00,0.00,0.00,0.00,0.00,0.00,217.88,0.18,24.88
224.69,0.59,132.91,222.48,0.21,47.17,0.00,0.00,0.00,0.00,0.00,0.00,219.60,0.18,24.90
220.79,0.59,131.22,221.17,0.21,46.63,0.00,0.00,0.00,0.00,0.00,0.00,216.50,0.18,24.13
223.85,0.59,131.96,221.85,0.21,46.82,0.00,0.00,0.00,0.00,0.00,0.00,218.02,0.18,23.67
224.50,0.59,132.40,220.82,0.21,46.43,0.00,0.00,0.00,0.00,0.00,0.00,221.25,0.18,25.31
219.73,0.59,129.51,220.71,0.21,46.49,0.00,0.00,0.00,0.00,0.00,0.00,219.24,0.18,24.57
219.97,1.74,382.88,218.25,0.21,45.41,219.27,0.33,86.22,0.00,0.56,0.00,218.34,0.44,20.47
220.16,1.17,256.84,0.00,0.13,0.00,0.00,0.00,0.00,0.00,0.50,0.00,219.16,0.33,28.87
221.35,1.03,229.00,0.00,0.12,0.00,0.00,0.00,0.00,0.00,0.45,0.00,221.35,0.26,27.54
221.61,0.92,204.04,0.00,0.10,0.00,0.00,0.00,0.00,0.00,0.40,0.00,220.40,0.22,24.88
222.75,0.85,189.65,0.00,0.08,0.00,0.00,0.00,0.00,0.00,0.37,0.00,221.13,0.20,26.26
220.53,0.80,176.24,0.00,0.07,0.00,0.00,0.00,0.00,0.00,0.34,0.00,220.95,0.19,26.19
219.67,0.75,165.50,0.00,0.06,0.00,0.00,0.00,0.00,0.00,0.30,0.00,222.29,0.19,25.72
225.73,0.75,170.02,0.00,0.00,0.00,0.00,0.11,0.00,0.00,0.26,0.00,219.35,0.18,25.51
218.10,0.84,184.19,0.00,0.00,0.00,217.40,0.22,33.81,0.00,0.24,0.00,222.16,0.18,25.55
223.63,0.82,184.23,0.00,0.00,0.00,222.93,0.22,33.46,0.00,0.22,0.00,220.05,0.18,25.68
218.43,1.01,220.22,218.41,0.21,45.96,217.73,0.21,33.45,0.00,0.20,0.00,219.85,0.18,25.22
221.23,0.99,218.00,217.31,0.21,45.47,220.53,0.22,33.75,0.00,0.18,0.00,216.71,0.18,24.72
222.79,0.98,218.38,222.76,0.21,47.19,222.09,0.22,35.38,0.00,0.17,0.00,218.11,0.18,24.80
221.73,0.79,174.62,217.85,0.21,45.53,221.03,0.22,34.56,0.00,0.16,0.00,0.00,0.00,0.00
218.68,0.78,170.21,218.28,0.21,45.89,217.98,0.22,33.88,0.00,0.15,0.00,0.00,0.00,0.00
220.73,0.78,172.63,221.24,0.21,47.01,220.03,0.22,35.36,0.00,0.15,0.00,0.00,0.00,0.00
219.97,0.77,168.78,217.54,0.21,45.61,219.27,0.22,34.72,0.00,0.14,0.00,0.00,0.00,0.00
223.10,0.76,169.81,219.56,0.21,46.40,222.40,0.21,33.46,0.00,0.13,0.00,0.00,0.00,0.00
221.46,0.76,168.04,218.57,0.21,45.89,220.76,0.22,34.46,0.00,0.13,0.00,0.00,0.00,0.00
219.92,0.75,164.71,217.76,0.21,45.67,219.22,0.22,34.62,0.00,0.12,0.00,0.00,0.00,0.00
218.76,0.73,160.45,218.13,0.21,45.63,218.06,0.22,34.30,0.00,0.11,0.00,0.00,0.00,0.00
219.54,0.73,159.24,216.98,0.21,45.27,218.84,0.22,34.78,0.00,0.10,0.00,0.00,0.00,0.00
222.09,0.72,159.68,220.53,0.21,46.86,221.39,0.22,34.61,0.00,0.09,0.00,0.00,0.00,0.00
218.76,0.63,137.14,216.87,0.21,45.35,218.06,0.22,34.01,0.00,0.00,0.00,0.00,0.00,0.00
221.03,0.63,139.99,222.45,0.21,47.50,220.33,0.22,35.08,0.00,0.00,0.00,0.00,0.00,0.00
219.11,0.63,137.57,217.68,0.21,45.44,218.41,0.22,34.48,0.00,0.00,0.00,0.00,0.00,0.00
224.05,0.63,141.22,217.92,0.21,45.59,223.35,0.22,35.06,0.00,0.00,0.00,0.00,0.00,0.00
219.95,0.63,138.39,219.02,0.21,46.11,219.25,0.22,34.26,0.00,0.00,0.00,0.00,0.00,0.00
220.59,0.63,138.57,217.70,0.21,45.59,219.89,0.22,34.66,0.00,0.00,0.00,0.00,0.00,0.00
218.86,0.63,138.14,218.81,0.21,46.00,218.16,0.22,35.33,0.00,0.00,0.00,0.00,0.00,0.00
219.92,0.63,138.36,218.88,0.21,46.15,219.22,0.22,34.57,0.00,0.00,0.00,0.00,0.00,0.00
218.00,0.63,137.57,217.96,0.21,45.62,217.30,0.22,35.70,0.00,0.00,0.00,0.00,0.00,0.00
219.77,0.63,138.61,217.51,0.21,45.48,219.07,0.22,35.54,0.00,0.00,0.00,0.00,0.00,0.00
220.50,0.63,139.39,222.00,0.21,47.30,219.80,0.22,34.92,0.00,0.00,0.00,0.00,0.00,0.00
218.77,0.63,137.74,217.89,0.21,45.63,218.07,0.22,34.91,0.00,0.00,0.00,0.00,0.00,0.00
222.57,0.63,140.96,221.53,0.21,47.15,221.87,0.22,35.32,0.00,0.00,0.00,0.00,0.00,0.00
219.21,0.63,137.88,218.20,0.21,45.83,218.51,0.22,34.75,0.00,0.00,0.00,0.00,0.00,0.00
220.51,0.63,139.29,218.82,0.21,45.94,219.81,0.22,35.57,0.00,0.00,0.00,0.00,0.00,0.00
218.57,0.63,137.56,217.98,0.21,45.58,217.87,0.22,34.96,0.00,0.00,0.00,0.00,0.00,0.00
218.41,0.63,137.32,218.30,0.21,45.99,217.71,0.22,34.54,0.00,0.00,0.00,0.00,0.00,0.00
222.17,0.63,139.74,216.09,0.21,45.03,221.47,0.22,35.15,0.00,0.00,0.00,0.00,0.00,0.00
217.91,0.63,137.38,221.25,0.21,47.00,217.21,0.22,34.47,0.00,0.00,0.00,0.00,0.00,0.00
219.84,0.63,138.32,217.40,0.21,45.46,219.14,0.22,34.74,0.00,0.00,0.00,0.00,0.00,0.00
218.20,0.63,137.54,218.89,0.21,46.12,217.50,0.22,35.26,0.00,0.00,0.00,0.00,0.00,0.00
217.01,0.63,136.48,217.03,0.21,45.39,216.31,0.22,34.71,0.00,0.00,0.00,0.00,0.00,0.00
220.86,0.63,139.01,220.43,0.21,45.86,220.16,0.22,35.00,0.00,0.00,0.00,0.00,0.00,0.00
217.64,0.63,136.26,216.90,0.21,45.09,216.94,0.22,34.06,0.00,0.00,0.00,0.00,0.00,0.00
222.90,0.63,140.83,219.97,0.21,46.58,222.20,0.22,35.04,0.00,0.00,0.00,0.00,0.00,0.00
222.18,0.63,139.71,217.98,0.21,45.73,221.48,0.22,34.59,0.00,0.00,0.00,0.00,0.00,0.00
218.94,0.63,137.63,216.74,0.21,45.01,218.24,0.22,35.73,0.00,0.00,0.00,0.00,0.00,0.00
218.47,0.63,137.39,218.84,0.21,45.96,217.77,0.22,34.85,0.00,0.00,0.00,0.00,0.00,0.00
218.91,0.63,137.66,216.77,0.21,45.16,218.21,0.22,35.01,0.00,0.00,0.00,0.00,0.00,0.00
218.43,0.63,137.45,218.34,0.21,45.67,217.73,0.22,34.70,0.00,0.00,0.00,0.00,0.00,0.00
217.79,0.63,136.74,216.37,0.21,44.87,217.09,0.22,34.86,0.00,0.00,0.00,0.00,0.00,0.00
217.71,0.63,137.13,217.68,0.21,45.43,217.01,0.22,35.14,0.00,0.00,0.00,0.00,0.00,0.00
217.04,0.63,136.74,218.85,0.21,46.02,216.34,0.22,35.31,0.00,0.00,0.00,0.00,0.00,0.00
218.99,0.63,137.97,217.37,0.21,45.35,218.29,0.22,35.66,0.00,0.00,0.00,0.00,0.00,0.00
218.38,0.63,137.16,218.39,0.21,45.75,217.68,0.22,34.50,0.00,0.00,0.00,0.00,0.00,0.00
218.45,0.63,137.24,217.13,0.21,45.20,217.75,0.22,34.92,0.00,0.00,0.00,0.00,0.00,0.00
217.92,0.63,137.45,219.59,0.21,46.20,217.22,0.22,34.93,0.00,0.00,0.00,0.00,0.00,0.00
220.79,0.63,138.70,217.69,0.21,45.39,220.09,0.22,34.80,0.00,0.00,0.00,0.00,0.00,0.00
217.27,0.63,136.51,218.19,0.21,45.67,216.57,0.22,34.35,0.00,0.00,0.00,0.00,0.00,0.00
217.28,0.63,136.57,216.81,0.21,45.06,216.58,0.22,34.91,0.00,0.00,0.00,0.00,0.00,0.00
220.92,0.63,138.87,217.73,0.21,45.56,220.22,0.22,34.55,0.00,0.00,0.00,0.00,0.00,0.00
217.91,0.63,136.91,218.97,0.21,46.00,217.21,0.22,34.64,0.00,0.00,0.00,0.00,0.00,0.00
218.78,0.63,137.37,217.99,0.21,45.14,218.08,0.22,35.26,0.00,0.00,0.00,0.00,0.00,0.00
217.91,0.63,136.69,217.83,0.21,45.29,217.21,0.22,34.63,0.00,0.00,0.00,0.00,0.00,0.00
218.42,0.63,137.10,217.38,0.21,45.37,217.72,0.22,34.68,0.00,0.00,0.00,0.00,0.00,0.00
217.47,0.63,137.16,219.57,0.21,46.29,216.77,0.22,35.11,0.00,0.00,0.00,0.00,0.00,0.00
218.37,0.63,137.36,217.51,0.21,45.45,217.67,0.22,35.10,0.00,0.00,0.00,0.00,0.00,0.00
217.92,0.63,137.05,217.72,0.21,45.55,217.22,0.22,34.86,0.00,0.00,0.00,0.00,0.00,0.00
216.69,0.63,136.16,216.68,0.21,45.15,215.99,0.22,35.39,0.00,0.00,0.00,0.00,0.00,0.00
218.73,0.63,137.69,217.93,0.21,45.56,218.03,0.22,34.94,0.00,0.00,0.00,0.00,0.00,0.00
217.60,0.63,137.08,219.28,0.21,46.11,216.90,0.22,34.62,0.00,0.00,0.00,0.00,0.00,0.00
219.42,0.63,138.25,217.85,0.21,45.41,218.72,0.22,35.14,0.00,0.00,0.00,0.00,0.00,0.00
219.49,0.63,137.69,216.58,0.21,44.99,218.79,0.22,35.22,0.00,0.00,0.00,0.00,0.00,0.00
222.32,0.63,139.91,218.15,0.21,45.63,221.62,0.22,34.91,0.00,0.00,0.00,0.00,0.00,0.00
219.68,0.63,138.27,218.31,0.21,45.79,218.98,0.22,34.58,0.00,0.00,0.00,0.00,0.00,0.00
217.59,0.63,136.97,218.67,0.21,45.98,216.89,0.22,35.12,0.00,0.00,0.00,0.00,0.00,0.00
221.85,0.63,139.51,216.95,0.21,45.23,221.15,0.22,35.04,0.00,0.00,0.00,0.00,0.00,0.00
222.27,0.63,139.84,217.56,0.21,45.38,221.57,0.22,34.83,0.00,0.00,0.00,0.00,0.00,0.00
217.39,0.63,136.91,218.34,0.21,45.88,216.69,0.22,35.12,0.00,0.00,0.00,0.00,0.00,0.00
219.88,0.63,138.74,219.14,0.21,46.09,219.18,0.22,35.36,0.00,0.00,0.00,0.00,0.00,0.00
217.11,0.63,136.30,216.47,0.21,44.90,216.41,0.22,34.92,0.00,0.00,0.00,0.00,0.00,0.00
219.28,0.63,137.63,217.70,0.21,45.47,218.58,0.22,34.97,0.00,0.00,0.00,0.00,0.00,0.00
216.99,0.63,136.86,218.58,0.21,45.75,216.29,0.22,35.66,0.00,0.00,0.00,0.00,0.00,0.00
221.25,0.63,139.19,216.47,0.21,45.00,220.55,0.22,35.61,0.00,0.00,0.00,0.00,0.00,0.00
219.46,0.63,138.16,217.30,0.21,45.45,218.76,0.22,35.04,0.00,0.00,0.00,0.00,0.00,0.00
218.76,0.63,137.66,218.15,0.21,45.77,218.06,0.22,35.19,0.00,0.00,0.00,0.00,0.00,0.00
218.12,0.63,137.59,219.53,0.21,46.30,217.42,0.22,34.89,0.00,0.00,0.00,0.00,0.00,0.00
218.89,0.63,137.32,217.36,0.21,45.21,218.19,0.22,34.47,0.00,0.00,0.00,0.00,0.00,0.00
220.44,0.63,138.38,219.13,0.21,45.70,219.74,0.22,34.22,0.00,0.00,0.00,0.00,0.00,0.00
218.32,0.63,137.40,219.18,0.21,46.11,217.62,0.22,34.71,0.00,0.00,0.00,0.00,0.00,0.00
220.76,0.63,139.28,218.03,0.21,45.62,220.06,0.22,35.55,0.00,0.00,0.00,0.00,0.00,0.00
217.09,0.63,136.15,218.81,0.21,45.78,216.39,0.22,34.02,0.00,0.00,0.00,0.00,0.00,0.00
218.65,0.63,137.19,216.06,0.21,44.78,217.95,0.22,35.36,0.00,0.00,0.00,0.00,0.00,0.00
216.90,0.63,136.05,218.60,0.21,45.96,216.20,0.22,33.79,0.00,0.00,0.00,0.00,0.00,0.00
218.90,0.63,137.95,217.54,0.21,45.43,218.20,0.22,35.82,0.00,0.00,0.00,0.00,0.00,0.00
217.64,0.63,136.96,218.95,0.21,45.89,216.94,0.22,35.03,0.00,0.00,0.00,0.00,0.00,0.00
215.85,0.63,135.32,215.32,0.20,44.44,215.15,0.22,35.47,0.00,0.00,0.00,0.00,0.00,0.00
220.04,0.63,138.29,218.90,0.21,46.08,219.34,0.22,34.11,0.00,0.00,0.00,0.00,0.00,0.00
216.59,0.63,136.05,216.19,0.21,44.95,215.89,0.22,35.21,0.00,0.00,0.00,0.00,0.00,0.00
218.90,0.63,137.77,218.79,0.21,45.93,218.20,0.22,35.05,0.00,0.00,0.00,0.00,0.00,0.00
218.50,0.63,137.54,217.71,0.21,45.58,217.80,0.22,34.85,0.00,0.00,0.00,0.00,0.00,0.00
218.84,0.63,137.48,218.98,0.21,45.41,218.14,0.22,34.73,0.00,0.00,0.00,0.00,0.00,0.00
216.27,0.63,135.81,217.02,0.21,45.04,215.57,0.22,34.92,0.00,0.00,0.00,0.00,0.00,0.00
220.59,0.63,138.38,216.63,0.21,44.98,219.89,0.22,34.34,0.00,0.00,0.00,0.00,0.00,0.00
217.57,0.63,136.65,217.64,0.21,45.60,216.87,0.22,34.70,0.00,0.00,0.00,0.00,0.00,0.00
217.04,0.63,136.70,217.08,0.21,45.14,216.34,0.22,35.70,0.00,0.00,0.00,0.00,0.00,0.00
218.24,0.63,137.11,217.99,0.21,45.51,217.54,0.22,35.08,0.00,0.00,0.00,0.00,0.00,0.00
217.77,0.63,136.74,216.82,0.21,45.14,217.07,0.22,34.68,0.00,0.00,0.00,0.00,0.00,0.00
219.94,0.63,138.85,218.43,0.21,45.84,219.24,0.22,35.74,0.00,0.00,0.00,0.00,0.00,0.00
219.08,0.63,137.52,216.31,0.21,44.99,218.38,0.22,34.70,0.00,0.00,0.00,0.00,0.00,0.00
219.74,0.63,138.11,217.52,0.21,45.46,219.04,0.22,34.39,0.00,0.00,0.00,0.00,0.00,0.00
218.55,0.63,137.35,218.66,0.21,45.74,217.85,0.22,34.49,0.00,0.00,0.00,0.00,0.00,0.00
220.77,0.63,138.87,217.88,0.21,45.72,220.07,0.22,34.85,0.00,0.00,0.00,0.00,0.00,0.00
218.84,0.63,137.32,217.16,0.21,45.20,218.14,0.22,34.64,0.00,0.00,0.00,0.00,0.00,0.00
219.55,0.63,137.61,217.64,0.21,45.39,218.85,0.22,34.10,0.00,0.00,0.00,0.00,0.00,0.00
221.48,0.63,139.00,217.04,0.21,45.18,220.78,0.22,35.14,0.00,0.00,0.00,0.00,0.00,0.00
217.86,0.63,137.71,219.87,0.21,46.43,217.16,0.22,35.43,0.00,0.00,0.00,0.00,0.00,0.00
219.24,0.63,137.66,216.25,0.21,44.71,218.54,0.22,35.64,0.00,0.00,0.00,0.00,0.00,0.00
219.25,0.63,137.51,218.87,0.21,45.84,218.55,0.22,34.37,0.00,0.00,0.00,0.00,0.00,0.00
216.65,0.63,136.05,216.55,0.21,44.94,215.95,0.22,35.26,0.00,0.00,0.00,0.00,0.00,0.00
218.16,0.63,137.11,218.56,0.21,45.80,217.46,0.22,34.46,0.00,0.00,0.00,0.00,0.00,0.00
221.66,0.63,139.02,217.16,0.21,45.14,220.96,0.22,34.96,0.00,0.00,0.00,0.00,0.00,0.00
217.67,0.63,136.57,218.57,0.21,45.71,216.97,0.22,34.29,0.00,0.00,0.00,0.00,0.00,0.00
218.14,0.63,136.63,218.09,0.21,45.57,217.44,0.22,33.92,0.00,0.00,0.00,0.00,0.00,0.00
218.30,0.63,136.97,216.78,0.21,45.11,217.60,0.22,34.92,0.00,0.00,0.00,0.00,0.00,0.00
216.65,0.63,135.71,218.53,0.21,45.69,215.95,0.22,34.30,0.00,0.00,0.00,0.00,0.00,0.00
218.37,0.63,137.15,218.82,0.21,46.01,217.67,0.22,34.08,0.00,0.00,0.00,0.00,0.00,0.00
216.28,0.63,135.97,216.81,0.21,45.17,215.58,0.22,35.37,0.00,0.00,0.00,0.00,0.00,0.00
218.72,0.63,137.30,219.55,0.21,46.22,218.02,0.22,34.07,0.00,0.00,0.00,0.00,0.00,0.00
222.21,0.63,139.07,216.29,0.21,44.72,221.51,0.22,34.53,0.00,0.00,0.00,0.00,0.00,0.00
217.82,0.63,136.95,218.67,0.21,45.92,217.12,0.22,34.84,0.00,0.00,0.00,0.00,0.00,0.00
217.64,0.63,136.89,219.16,0.21,46.25,216.94,0.22,34.27,0.00,0.00,0.00,0.00,0.00,0.00
218.19,0.63,136.90,217.08,0.21,45.21,217.49,0.22,34.91,0.00,0.00,0.00,0.00,0.00,0.00
218.65,0.63,137.02,217.60,0.21,45.40,217.95,0.22,34.29,0.00,0.00,0.00,0.00,0.00,0.00
217.97,0.63,136.57,219.64,0.21,45.76,217.27,0.22,33.94,0.00,0.00,0.00,0.00,0.00,0.00
217.56,0.63,136.34,219.37,0.21,46.09,216.86,0.21,33.75,0.00,0.00,0.00,0.00,0.00,0.00
218.96,0.63,137.01,218.95,0.21,46.06,218.26,0.21,33.64,0.00,0.00,0.00,0.00,0.00,0.00
218.70,0.62,136.58,216.62,0.21,44.88,218.00,0.22,34.07,0.00,0.00,0.00,0.00,0.00,0.00
217.75,0.63,136.60,217.07,0.21,45.16,217.05,0.22,34.65,0.00,0.00,0.00,0.00,0.00,0.00
217.26,0.63,136.17,216.64,0.21,45.08,216.56,0.22,34.66,0.00,0.00,0.00,0.00,0.00,0.00
216.37,0.62,135.03,217.14,0.21,45.16,215.67,0.21,33.59,0.00,0.00,0.00,0.00,0.00,0.00
218.53,0.63,136.80,217.96,0.21,45.54,217.83,0.22,34.14,0.00,0.00,0.00,0.00,0.00,0.00
217.64,0.63,136.35,216.42,0.21,44.95,216.94,0.22,34.72,0.00,0.00,0.00,0.00,0.00,0.00
220.11,0.63,138.04,217.17,0.21,45.15,219.41,0.22,34.93,0.00,0.00,0.00,0.00,0.00,0.00
220.93,0.63,138.20,218.63,0.21,45.66,220.23,0.21,33.89,0.00,0.00,0.00,0.00,0.00,0.00
216.95,0.63,135.75,218.01,0.21,45.53,216.25,0.22,33.96,0.00,0.00,0.00,0.00,0.00,0.00
220.10,0.63,137.63,217.79,0.21,45.35,219.40,0.22,34.23,0.00,0.00,0.00,0.00,0.00,0.00
221.35,0.62,138.02,218.64,0.21,45.18,220.65,0.21,33.56,0.00,0.00,0.00,0.00,0.00,0.00
218.30,0.62,136.10,216.18,0.21,44.73,217.60,0.21,33.77,0.00,0.00,0.00,0.00,0.00,0.00
218.52,0.62,136.12,217.09,0.21,45.21,217.82,0.21,33.31,0.00,0.00,0.00,0.00,0.00,0.00
216.94,0.62,135.51,215.61,0.20,44.48,216.24,0.22,34.58,0.00,0.00,0.00,0.00,0.00,0.00
219.30,0.62,136.24,215.50,0.20,44.49,218.60,0.21,33.30,0.00,0.00,0.00,0.00,0.00,0.00
215.78,0.62,134.64,216.53,0.21,44.87,215.08,0.22,33.89,0.00,0.00,0.00,0.00,0.00,0.00
217.22,0.62,135.50,215.81,0.21,44.72,216.52,0.21,33.80,0.00,0.00,0.00,0.00,0.00,0.00
217.49,0.63,136.03,216.76,0.21,44.95,216.79,0.22,34.28,0.00,0.00,0.00,0.00,0.00,0.00
220.05,0.63,137.73,218.22,0.21,45.65,219.35,0.22,33.94,0.00,0.00,0.00,0.00,0.00,0.00
218.24,0.62,136.32,216.47,0.21,44.99,217.54,0.22,33.97,0.00,0.00,0.00,0.00,0.00,0.00
217.99,0.62,136.14,218.30,0.21,45.59,217.29,0.21,33.53,0.00,0.00,0.00,0.00,0.00,0.00
217.32,0.63,136.06,217.87,0.21,45.41,216.62,0.22,34.14,0.00,0.00,0.00,0.00,0.00,0.00
215.67,0.63,134.90,217.90,0.21,45.05,214.97,0.22,34.00,0.00,0.00,0.00,0.00,0.00,0.00
217.41,0.63,136.12,218.73,0.21,45.78,216.71,0.22,34.14,0.00,0.00,0.00,0.00,0.00,0.00
218.08,0.63,136.59,217.43,0.21,45.22,217.38,0.22,34.43,0.00,0.00,0.00,0.00,0.00,0.00
216.94,0.63,135.75,216.59,0.21,44.89,216.24,0.22,34.43,0.00,0.00,0.00,0.00,0.00,0.00
217.55,0.62,135.82,216.25,0.20,44.59,216.85,0.22,33.93,0.00,0.00,0.00,0.00,0.00,0.00
219.38,0.62,136.83,216.63,0.21,44.75,218.68,0.22,33.55,0.00,0.00,0.00,0.00,0.00,0.00
218.19,0.62,136.07,215.69,0.20,44.52,217.49,0.22,33.57,0.00,0.00,0.00,0.00,0.00,0.00
222.35,0.62,138.73,220.53,0.21,45.43,221.65,0.21,33.65,0.00,0.00,0.00,0.00,0.00,0.00
219.00,0.63,137.06,218.08,0.21,45.59,218.30,0.22,33.62,0.00,0.00,0.00,0.00,0.00,0.00
218.71,0.62,136.28,215.92,0.21,44.65,218.01,0.21,33.28,0.00,0.00,0.00,0.00,0.00,0.00
217.68,0.62,136.03,216.52,0.21,44.88,216.98,0.22,33.90,0.00,0.00,0.00,0.00,0.00,0.00
220.40,0.62,137.62,217.39,0.21,45.20,219.70,0.21,33.86,0.00,0.00,0.00,0.00,0.00,0.00
217.73,0.63,136.76,218.87,0.21,45.77,217.03,0.22,34.53,0.00,0.00,0.00,0.00,0.00,0.00
216.34,0.63,135.56,219.56,0.21,45.76,215.64,0.22,34.33,0.00,0.00,0.00,0.00,0.00,0.00
217.18,0.63,135.93,217.31,0.21,45.08,216.48,0.22,34.39,0.00,0.00,0.00,0.00,0.00,0.00
217.35,0.62,135.58,216.82,0.21,44.90,216.65,0.22,33.55,0.00,0.00,0.00,0.00,0.00,0.00
217.57,0.62,135.74,216.22,0.20,44.58,216.87,0.22,33.90,0.00,0.00,0.00,0.00,0.00,0.00
217.02,0.63,135.64,216.04,0.20,44.64,216.32,0.22,34.79,0.00,0.00,0.00,0.00,0.00,0.00
217.61,0.62,135.66,216.57,0.20,44.80,216.91,0.22,33.69,0.00,0.00,0.00,0.00,0.00,0.00
218.98,0.62,136.18,216.33,0.20,44.74,218.28,0.21,33.45,0.00,0.00,0.00,0.00,0.00,0.00
222.15,0.63,139.01,218.08,0.21,45.33,221.45,0.22,33.69,0.00,0.00,0.00,0.00,0.00,0.00
220.42,0.62,137.48,217.43,0.21,45.17,219.72,0.21,33.66,0.00,0.00,0.00,0.00,0.00,0.00
219.17,0.62,136.72,217.71,0.21,45.31,218.47,0.21,33.56,0.00,0.00,0.00,0.00,0.00,0.00
219.45,0.63,137.33,218.10,0.21,45.54,218.75,0.22,33.80,0.00,0.00,0.00,0.00,0.00,0.00
218.79,0.62,136.33,217.98,0.21,45.30,218.09,0.21,33.03,0.00,0.00,0.00,0.00,0.00,0.00
216.34,0.63,135.35,217.24,0.21,45.14,215.64,0.22,34.04,0.00,0.00,0.00,0.00,0.00,0.00
218.82,0.63,136.90,218.87,0.21,45.95,218.12,0.21,33.83,0.00,0.00,0.00,0.00,0.00,0.00
217.50,0.63,136.56,219.13,0.21,45.98,216.80,0.22,34.06,0.00,0.00,0.00,0.00,0.00,0.00
220.30,0.63,137.72,217.44,0.21,45.35,219.60,0.22,34.07,0.00,0.00,0.00,0.00,0.00,0.00
217.44,0.62,135.73,216.40,0.21,44.81,216.74,0.22,33.78,0.00,0.00,0.00,0.00,0.00,0.00
217.59,0.62,135.56,216.73,0.21,44.95,216.89,0.21,33.64,0.00,0.00,0.00,0.00,0.00,0.00
217.85,0.63,136.24,216.91,0.21,44.93,217.15,0.22,34.58,0.00,0.00,0.00,0.00,0.00,0.00
218.24,0.63,136.62,218.72,0.21,45.51,217.54,0.22,33.79,0.00,0.00,0.00,0.00,0.00,0.00
220.72,0.63,139.35,221.00,0.21,46.74,220.02,0.22,34.74,0.00,0.00,0.00,0.00,0.00,0.00
216.62,0.62,135.35,216.47,0.21,44.82,215.92,0.22,33.93,0.00,0.00,0.00,0.00,0.00,0.00
216.92,0.63,135.98,218.27,0.21,45.49,216.22,0.22,34.22,0.00,0.00,0.00,0.00,0.00,0.00
216.55,0.62,134.89,216.85,0.21,44.87,215.85,0.21,33.41,0.00,0.00,0.00,0.00,0.00,0.00
216.70,0.62,135.07,217.27,0.21,45.13,216.00,0.21,33.71,0.00,0.00,0.00,0.00,0.00,0.00
217.42,0.62,135.35,216.23,0.21,44.68,216.72,0.21,33.60,0.00,0.00,0.00,0.00,0.00,0.00
221.21,0.62,137.52,214.91,0.20,44.32,220.51,0.21,33.25,0.00,0.00,0.00,0.00,0.00,0.00
217.14,0.62,135.01,216.24,0.20,44.55,216.44,0.21,33.36,0.00,0.00,0.00,0.00,0.00,0.00
217.83,0.62,135.47,216.54,0.21,44.72,217.13,0.21,33.33,0.00,0.00,0.00,0.00,0.00,0.00
216.58,0.62,135.21,216.72,0.21,44.93,215.88,0.22,33.61,0.00,0.00,0.00,0.00,0.00,0.00
216.74,0.63,136.35,218.46,0.21,45.64,216.04,0.22,34.60,0.00,0.00,0.00,0.00,0.00,0.00
218.01,0.63,136.65,218.44,0.21,45.75,217.31,0.22,33.84,0.00,0.00,0.00,0.00,0.00,0.00
218.05,0.63,136.51,216.60,0.21,44.76,217.35,0.22,34.42,0.00,0.00,0.00,0.00,0.00,0.00
216.64,0.63,135.94,221.55,0.21,46.74,215.94,0.21,33.52,0.00,0.00,0.00,0.00,0.00,0.00
220.66,0.62,137.57,216.35,0.21,44.81,219.96,0.21,33.90,0.00,0.00,0.00,0.00,0.00,0.00
216.36,0.62,134.68,216.26,0.20,44.70,215.66,0.21,33.53,0.00,0.00,0.00,0.00,0.00,0.00
216.37,0.63,135.55,217.56,0.21,45.21,215.67,0.22,34.14,0.00,0.00,0.00,0.00,0.00,0.00
216.80,0.63,136.95,221.60,0.21,46.98,216.10,0.22,34.76,0.00,0.00,0.00,0.00,0.00,0.00
219.71,0.63,138.15,218.60,0.21,45.72,219.01,0.22,34.59,0.00,0.00,0.00,0.00,0.00,0.00
219.93,0.63,137.48,217.74,0.21,45.26,219.23,0.22,34.23,0.00,0.00,0.00,0.00,0.00,0.00
218.16,0.62,135.93,216.66,0.21,44.82,217.46,0.21,33.69,0.00,0.00,0.00,0.00,0.00,0.00
218.11,0.63,136.94,219.28,0.21,46.09,217.41,0.22,34.19,0.00,0.00,0.00,0.00,0.00,0.00
219.57,0.63,137.64,217.67,0.21,45.32,218.87,0.22,34.67,0.00,0.00,0.00,0.00,0.00,0.00
217.14,0.63,135.83,218.26,0.21,45.68,216.44,0.21,33.48,0.00,0.00,0.00,0.00,0.00,0.00
217.47,0.63,136.47,217.40,0.21,45.13,216.77,0.22,34.59,0.00,0.00,0.00,0.00,0.00,0.00
218.36,0.62,135.82,215.72,0.20,44.45,217.66,0.21,33.86,0.00,0.00,0.00,0.00,0.00,0.00
217.79,0.62,135.87,215.81,0.21,44.65,217.09,0.22,33.70,0.00,0.00,0.00,0.00,0.00,0.00
216.91,0.62,135.42,217.21,0.21,45.02,216.21,0.22,33.46,0.00,0.00,0.00,0.00,0.00,0.00
218.43,0.62,136.49,217.16,0.21,44.97,217.73,0.22,34.62,0.00,0.00,0.00,0.00,0.00,0.00
215.37,0.63,134.96,217.85,0.21,45.35,214.67,0.22,34.18,0.00,0.00,0.00,0.00,0.00,0.00
217.80,0.63,136.75,217.98,0.21,45.56,217.10,0.22,34.93,0.00,0.00,0.00,0.00,0.00,0.00
217.66,0.62,135.94,217.05,0.21,45.16,216.96,0.21,33.95,0.00,0.00,0.00,0.00,0.00,0.00
216.77,0.62,135.00,216.37,0.21,44.80,216.08,0.21,33.26,0.00,0.00,0.00,0.00,0.00,0.00
217.06,0.63,135.83,217.58,0.21,45.36,216.36,0.22,34.23,0.00,0.00,0.00,0.00,0.00,0.00
216.37,0.63,135.53,217.99,0.21,45.37,215.67,0.22,34.29,0.00,0.00,0.00,0.00,0.00,0.00
218.55,0.62,136.38,216.43,0.21,44.73,217.85,0.22,34.06,0.00,0.00,0.00,0.00,0.00,0.00
216.36,0.62,134.90,216.33,0.21,44.76,215.66,0.21,33.76,0.00,0.00,0.00,0.00,0.00,0.00
217.25,0.62,135.19,215.51,0.20,44.43,216.55,0.21,33.42,0.00,0.00,0.00,0.00,0.00,0.00
217.90,0.62,136.05,216.77,0.21,44.80,217.20,0.22,34.09,0.00,0.00,0.00,0.00,0.00,0.00
216.01,0.62,134.16,215.81,0.20,44.34,215.31,0.21,33.33,0.00,0.00,0.00,0.00,0.00,0.00
220.38,0.63,138.91,220.68,0.21,46.59,219.68,0.22,34.33,0.00,0.00,0.00,0.00,0.00,0.00
221.91,0.62,138.25,216.34,0.21,44.85,221.21,0.21,33.26,0.00,0.00,0.00,0.00,0.00,0.00
218.54,0.62,136.29,217.75,0.21,45.35,217.84,0.21,33.56,0.00,0.00,0.00,0.00,0.00,0.00
218.56,0.63,136.93,218.57,0.21,45.70,217.86,0.22,34.11,0.00,0.00,0.00,0.00,0.00,0.00
215.63,0.63,135.53,218.64,0.21,45.74,214.93,0.22,35.08,0.00,0.00,0.00,0.00,0.00,0.00
218.78,0.63,136.96,217.57,0.21,45.28,218.08,0.22,34.26,0.00,0.00,0.00,0.00,0.00,0.00
219.69,0.62,137.02,216.18,0.21,44.79,218.99,0.21,33.77,0.00,0.00,0.00,0.00,0.00,0.00
220.74,0.63,138.16,216.98,0.21,45.09,220.04,0.22,34.36,0.00,0.00,0.00,0.00,0.00,0.00
218.05,0.62,136.27,216.64,0.21,45.01,217.35,0.22,34.26,0.00,0.00,0.00,0.00,0.00,0.00
217.27,0.62,135.70,217.99,0.21,45.37,216.57,0.21,33.79,0.00,0.00,0.00,0.00,0.00,0.00
217.43,0.63,136.00,218.36,0.21,45.66,216.73,0.21,33.61,0.00,0.00,0.00,0.00,0.00,0.00
215.70,0.62,134.66,216.09,0.21,44.70,215.00,0.22,33.87,0.00,0.00,0.00,0.00,0.00,0.00
218.32,0.63,137.24,219.61,0.21,46.14,217.62,0.22,34.49,0.00,0.00,0.00,0.00,0.00,0.00
220.03,0.62,137.38,216.21,0.21,44.75,219.33,0.22,34.23,0.00,0.00,0.00,0.00,0.00,0.00
215.22,0.62,134.49,217.11,0.21,45.11,214.52,0.22,33.98,0.00,0.00,0.00,0.00,0.00,0.00
218.60,0.62,136.06,216.74,0.21,44.92,217.90,0.21,33.51,0.00,0.00,0.00,0.00,0.00,0.00
216.37,0.62,134.96,217.36,0.21,45.23,215.67,0.21,33.38,0.00,0.00,0.00,0.00,0.00,0.00
220.39,0.63,137.75,217.18,0.21,45.22,219.69,0.22,33.98,0.00,0.00,0.00,0.00,0.00,0.00
218.56,0.62,136.55,216.42,0.21,44.79,217.86,0.22,34.22,0.00,0.00,0.00,0.00,0.00,0.00
216.74,0.63,135.59,217.13,0.21,45.10,216.04,0.22,34.18,0.00,0.00,0.00,0.00,0.00,0.00
217.68,0.63,136.19,217.12,0.21,45.16,216.98,0.22,34.05,0.00,0.00,0.00,0.00,0.00,0.00
222.09,0.62,138.32,215.94,0.20,44.63,221.39,0.21,33.86,0.00,0.00,0.00,0.00,0.00,0.00
218.26,0.63,136.56,218.32,0.21,45.64,217.56,0.21,33.86,0.00,0.00,0.00,0.00,0.00,0.00
217.31,0.62,135.16,217.25,0.21,45.09,216.61,0.21,33.13,0.00,0.00,0.00,0.00,0.00,0.00
223.58,0.62,139.69,216.44,0.21,45.05,222.88,0.22,33.92,0.00,0.00,0.00,0.00,0.00,0.00
218.95,0.62,136.49,217.02,0.21,45.17,218.25,0.21,33.53,0.00,0.00,0.00,0.00,0.00,0.00
218.98,0.62,136.35,215.63,0.20,44.48,218.28,0.21,33.69,0.00,0.00,0.00,0.00,0.00,0.00
218.34,0.63,136.74,216.86,0.21,45.10,217.64,0.22,34.34,0.00,0.00,0.00,0.00,0.00,0.00
215.63,0.63,134.82,217.16,0.21,45.16,214.93,0.22,33.75,0.00,0.00,0.00,0.00,0.00,0.00
216.93,0.63,135.75,217.41,0.21,45.28,216.23,0.22,34.26,0.00,0.00,0.00,0.00,0.00,0.00
218.01,0.63,136.38,217.19,0.21,45.25,217.31,0.22,33.91,0.00,0.00,0.00,0.00,0.00,0.00
215.69,0.62,134.69,216.60,0.21,44.87,214.99,0.22,34.04,0.00,0.00,0.00,0.00,0.00,0.00
216.27,0.62,135.09,216.95,0.21,45.11,215.57,0.21,33.68,0.00,0.00,0.00,0.00,0.00,0.00
219.46,0.63,138.42,219.81,0.21,46.27,218.76,0.22,34.66,0.00,0.00,0.00,0.00,0.00,0.00
218.00,0.63,136.34,217.89,0.21,45.42,217.30,0.22,34.00,0.00,0.00,0.00,0.00,0.00,0.00
217.80,0.63,136.41,218.59,0.21,45.76,217.10,0.22,34.08,0.00,0.00,0.00,0.00,0.00,0.00
217.58,0.63,136.29,218.40,0.21,45.62,216.88,0.22,34.38,0.00,0.00,0.00,0.00,0.00,0.00
217.75,0.63,136.12,217.77,0.21,45.00,217.05,0.22,34.13,0.00,0.00,0.00,0.00,0.00,0.00
219.99,0.62,137.44,217.24,0.21,45.08,219.29,0.22,33.98,0.00,0.00,0.00,0.00,0.00,0.00
216.25,0.63,135.75,218.73,0.21,45.85,215.55,0.22,34.34,0.00,0.00,0.00,0.00,0.00,0.00
219.11,0.63,138.44,223.35,0.21,47.61,218.41,0.22,34.01,0.00,0.00,0.00,0.00,0.00,0.00
217.04,0.63,135.88,216.81,0.21,44.95,216.34,0.22,34.48,0.00,0.00,0.00,0.00,0.00,0.00
218.39,0.63,136.98,218.34,0.21,45.72,217.69,0.22,34.43,0.00,0.00,0.00,0.00,0.00,0.00
217.73,0.63,136.29,217.94,0.21,45.47,217.03,0.22,34.06,0.00,0.00,0.00,0.00,0.00,0.00
223.56,0.63,140.19,218.36,0.21,45.65,222.86,0.22,34.54,0.00,0.00,0.00,0.00,0.00,0.00
217.88,0.63,136.20,218.04,0.21,45.42,217.18,0.21,33.72,0.00,0.00,0.00,0.00,0.00,0.00
218.20,0.62,136.30,217.27,0.21,45.29,217.50,0.21,33.75,0.00,0.00,0.00,0.00,0.00,0.00
217.97,0.63,136.49,218.20,0.21,45.46,217.27,0.22,34.31,0.00,0.00,0.00,0.00,0.00,0.00
217.43,0.62,135.82,217.45,0.21,45.29,216.73,0.21,33.87,0.00,0.00,0.00,0.00,0.00,0.00
217.06,0.62,135.50,217.36,0.21,45.24,216.36,0.21,33.55,0.00,0.00,0.00,0.00,0.00,0.00
219.40,0.62,136.63,217.87,0.21,45.40,218.70,0.21,33.29,0.00,0.00,0.00,0.00,0.00,0.00
222.28,0.63,139.42,219.28,0.21,45.82,221.58,0.22,33.86,0.00,0.00,0.00,0.00,0.00,0.00
220.36,0.63,138.30,220.09,0.21,46.30,219.66,0.22,33.49,0.00,0.00,0.00,0.00,0.00,0.00
218.94,0.62,136.80,218.13,0.21,45.47,218.24,0.21,33.77,0.00,0.00,0.00,0.00,0.00,0.00
216.88,0.62,135.20,215.54,0.20,44.44,216.18,0.22,34.08,0.00,0.00,0.00,0.00,0.00,0.00
216.36,0.63,135.68,218.19,0.21,45.52,215.66,0.22,34.60,0.00,0.00,0.00,0.00,0.00,0.00
219.97,0.63,137.82,219.53,0.21,45.97,219.27,0.22,33.92,0.00,0.00,0.00,0.00,0.00,0.00
219.18,0.63,137.60,218.34,0.21,45.66,218.48,0.22,34.29,0.00,0.00,0.00,0.00,0.00,0.00
218.84,0.63,136.78,218.12,0.21,45.52,218.14,0.21,33.88,0.00,0.00,0.00,0.00,0.00,0.00
220.80,0.63,139.64,223.26,0.21,47.63,220.10,0.22,34.17,0.00,0.00,0.00,0.00,0.00,0.00
220.86,0.63,138.09,218.49,0.21,45.59,220.16,0.21,33.93,0.00,0.00,0.00,0.00,0.00,0.00
218.59,0.62,136.33,216.85,0.21,44.99,217.89,0.21,33.70,0.00,0.00,0.00,0.00,0.00,0.00
217.87,0.63,136.40,218.74,0.21,45.70,217.17,0.22,34.00,0.00,0.00,0.00,0.00,0.00,0.00
218.66,0.62,135.95,216.16,0.21,44.74,217.96,0.21,33.26,0.00,0.00,0.00,0.00,0.00,0.00
220.22,0.62,137.57,218.02,0.21,45.53,219.52,0.21,33.51,0.00,0.00,0.00,0.00,0.00,0.00
218.62,0.62,136.39,218.34,0.21,45.56,217.92,0.21,32.98,0.00,0.00,0.00,0.00,0.00,0.00
218.16,0.62,135.90,217.07,0.21,45.13,217.46,0.21,33.09,0.00,0.00,0.00,0.00,0.00,0.00
219.61,0.63,137.26,218.21,0.21,45.48,218.91,0.21,33.55,0.00,0.00,0.00,0.00,0.00,0.00
217.79,0.62,135.55,216.69,0.21,44.89,217.09,0.21,33.01,0.00,0.00,0.00,0.00,0.00,0.00
222.01,0.62,138.41,217.42,0.21,45.23,221.31,0.21,33.66,0.00,0.00,0.00,0.00,0.00,0.00
218.99,0.62,136.36,215.14,0.20,44.51,218.29,0.21,33.55,0.00,0.00,0.00,0.00,0.00,0.00
218.03,0.62,135.88,217.97,0.21,45.43,217.33,0.21,32.99,0.00,0.00,0.00,0.00,0.00,0.00
218.03,0.62,136.05,217.47,0.21,45.17,217.33,0.21,33.87,0.00,0.00,0.00,0.00,0.00,0.00
218.48,0.62,136.23,217.96,0.21,45.40,217.78,0.21,33.27,0.00,0.00,0.00,0.00,0.00,0.00
217.91,0.62,135.92,217.14,0.21,45.02,217.21,0.21,33.66,0.00,0.00,0.00,0.00,0.00,0.00
221.45,0.62,137.78,216.68,0.21,44.99,220.75,0.21,33.40,0.00,0.00,0.00,0.00,0.00,0.00
218.01,0.63,136.39,218.87,0.21,45.93,217.31,0.21,33.52,0.00,0.00,0.00,0.00,0.00,0.00
221.31,0.62,137.84,216.58,0.21,44.75,220.61,0.21,33.57,0.00,0.00,0.00,0.00,0.00,0.00
218.95,0.63,136.93,218.54,0.21,45.70,218.25,0.21,33.78,0.00,0.00,0.00,0.00,0.00,0.00
217.61,0.63,136.13,218.54,0.21,45.71,216.91,0.21,33.96,0.00,0.00,0.00,0.00,0.00,0.00
221.28,0.63,138.60,218.18,0.21,45.71,220.58,0.22,33.76,0.00,0.00,0.00,0.00,0.00,0.00
216.72,0.63,135.49,216.61,0.21,44.84,216.02,0.22,34.02,0.00,0.00,0.00,0.00,0.00,0.00
217.55,0.63,136.12,218.17,0.21,45.24,216.85,0.22,33.99,0.00,0.00,0.00,0.00,0.00,0.00
218.58,0.63,136.69,218.31,0.21,45.55,217.88,0.21,33.73,0.00,0.00,0.00,0.00,0.00,0.00
218.56,0.63,137.08,218.94,0.21,45.99,217.86,0.22,34.14,0.00,0.00,0.00,0.00,0.00,0.00
219.95,0.63,137.75,218.41,0.21,45.63,219.25,0.22,34.07,0.00,0.00,0.00,0.00,0.00,0.00
216.01,0.63,136.25,220.35,0.21,46.64,215.31,0.22,34.63,0.00,0.00,0.00,0.00,0.00,0.00
216.89,0.63,135.85,218.23,0.21,45.55,216.19,0.22,34.16,0.00,0.00,0.00,0.00,0.00,0.00
221.41,0.63,138.87,222.04,0.21,46.55,220.71,0.22,34.05,0.00,0.00,0.00,0.00,0.00,0.00
216.56,0.63,135.51,218.16,0.21,45.47,215.86,0.22,34.11,0.00,0.00,0.00,0.00,0.00,0.00
217.23,0.63,135.98,217.39,0.21,45.12,216.53,0.22,34.44,0.00,0.00,0.00,0.00,0.00,0.00
217.10,0.63,136.22,217.28,0.21,45.34,216.40,0.22,34.44,0.00,0.00,0.00,0.00,0.00,0.00
217.56,0.63,135.99,218.68,0.21,45.67,216.86,0.21,33.57,0.00,0.00,0.00,0.00,0.00,0.00
217.88,0.62,136.08,217.65,0.21,45.36,217.18,0.21,33.86,0.00,0.00,0.00,0.00,0.00,0.00
217.65,0.63,136.13,218.89,0.21,45.75,216.95,0.21,33.81,0.00,0.00,0.00,0.00,0.00,0.00
219.32,0.63,137.39,218.83,0.21,45.93,218.62,0.22,33.92,0.00,0.00,0.00,0.00,0.00,0.00
219.25,0.63,137.45,218.48,0.21,45.79,218.55,0.22,34.20,0.00,0.00,0.00,0.00,0.00,0.00
221.05,0.63,138.51,217.59,0.21,45.47,220.35,0.22,34.34,0.00,0.00,0.00,0.00,0.00,0.00
218.66,0.62,136.65,217.49,0.21,45.36,217.96,0.21,33.65,0.00,0.00,0.00,0.00,0.00,0.00
218.65,0.63,136.76,218.04,0.21,45.40,217.95,0.22,34.13,0.00,0.00,0.00,0.00,0.00,0.00
220.74,0.62,137.45,217.73,0.21,45.16,220.04,0.21,33.38,0.00,0.00,0.00,0.00,0.00,0.00
221.12,0.62,137.93,217.08,0.21,45.08,220.42,0.21,33.64,0.00,0.00,0.00,0.00,0.00,0.00
219.51,0.63,138.06,220.34,0.21,46.31,218.81,0.22,33.99,0.00,0.00,0.00,0.00,0.00,0.00
218.32,0.63,136.92,218.54,0.21,45.78,217.62,0.22,34.17,0.00,0.00,0.00,0.00,0.00,0.00
217.92,0.63,136.34,218.71,0.21,45.74,217.22,0.21,33.72,0.00,0.00,0.00,0.00,0.00,0.00
219.01,0.62,136.72,218.05,0.21,45.50,218.31,0.21,33.70,0.00,0.00,0.00,0.00,0.00,0.00
218.40,0.63,136.59,215.39,0.21,44.62,217.70,0.22,34.78,0.00,0.00,0.00,0.00,0.00,0.00
217.90,0.63,136.32,218.42,0.21,45.63,217.20,0.21,33.82,0.00,0.00,0.00,0.00,0.00,0.00
217.34,0.62,135.74,216.80,0.21,44.95,216.64,0.22,34.02,0.00,0.00,0.00,0.00,0.00,0.00
218.40,0.63,136.73,215.64,0.21,44.54,217.70,0.22,35.06,0.00,0.00,0.00,0.00,0.00,0.00
221.30,0.63,139.31,217.94,0.21,45.47,220.60,0.22,35.36,0.00,0.00,0.00,0.00,0.00,0.00
217.59,0.63,136.55,218.67,0.21,45.72,216.89,0.22,34.29,0.00,0.00,0.00,0.00,0.00,0.00
219.57,0.63,137.96,218.91,0.21,45.86,218.87,0.22,34.42,0.00,0.00,0.00,0.00,0.00,0.00
217.79,0.63,136.56,218.89,0.21,45.97,217.09,0.22,34.13,0.00,0.00,0.00,0.00,0.00,0.00
219.73,0.63,137.38,217.27,0.21,45.19,219.03,0.22,34.05,0.00,0.00,0.00,0.00,0.00,0.00
217.51,0.63,136.45,217.33,0.21,45.30,216.81,0.22,34.88,0.00,0.00,0.00,0.00,0.00,0.00
218.80,0.63,137.56,220.09,0.21,46.30,218.10,0.22,34.39,0.00,0.00,0.00,0.00,0.00,0.00
220.71,0.63,138.52,218.14,0.21,45.74,220.01,0.22,34.20,0.00,0.00,0.00,0.00,0.00,0.00
219.08,0.63,137.29,216.30,0.21,44.95,218.38,0.22,34.93,0.00,0.00,0.00,0.00,0.00,0.00
218.32,0.63,136.87,218.14,0.21,45.54,217.62,0.22,34.41,0.00,0.00,0.00,0.00,0.00,0.00
219.11,0.63,137.13,217.97,0.21,45.72,218.41,0.21,34.00,0.00,0.00,0.00,0.00,0.00,0.00
218.60,0.63,136.75,217.65,0.21,45.36,217.90,0.22,34.12,0.00,0.00,0.00,0.00,0.00,0.00
217.95,0.63,136.69,217.71,0.21,45.48,217.25,0.22,34.39,0.00,0.00,0.00,0.00,0.00,0.00
217.38,0.63,136.71,218.62,0.21,45.85,216.68,0.22,35.08,0.00,0.00,0.00,0.00,0.00,0.00
219.72,0.63,137.48,219.30,0.21,46.01,219.02,0.21,33.62,0.00,0.00,0.00,0.00,0.00,0.00
218.49,0.62,136.43,216.25,0.20,44.58,217.79,0.22,34.18,0.00,0.00,0.00,0.00,0.00,0.00
217.23,0.63,136.02,217.40,0.21,45.20,216.53,0.22,34.23,0.00,0.00,0.00,0.00,0.00,0.00
220.56,0.63,138.00,221.01,0.21,46.02,219.86,0.21,33.72,0.00,0.00,0.00,0.00,0.00,0.00
220.99,0.63,138.49,216.56,0.20,44.69,220.29,0.22,34.87,0.00,0.00,0.00,0.00,0.00,0.00
218.42,0.63,136.63,216.93,0.21,44.99,217.72,0.22,34.07,0.00,0.00,0.00,0.00,0.00,0.00
218.96,0.63,137.26,219.31,0.21,46.12,218.26,0.22,34.12,0.00,0.00,0.00,0.00,0.00,0.00
217.87,0.62,136.07,218.06,0.21,45.54,217.17,0.21,33.52,0.00,0.00,0.00,0.00,0.00,0.00
218.24,0.63,136.82,218.54,0.21,45.65,217.54,0.22,34.22,0.00,0.00,0.00,0.00,0.00,0.00
219.81,0.63,138.24,222.48,0.21,47.35,219.11,0.21,33.39,0.00,0.00,0.00,0.00,0.00,0.00
222.00,0.63,139.18,218.13,0.21,45.56,221.30,0.22,34.09,0.00,0.00,0.00,0.00,0.00,0.00
216.78,0.63,136.02,218.50,0.21,45.67,216.08,0.22,34.27,0.00,0.00,0.00,0.00,0.00,0.00
219.43,0.63,137.49,218.36,0.21,45.80,218.73,0.21,33.66,0.00,0.00,0.00,0.00,0.00,0.00
221.03,0.63,138.57,218.25,0.21,45.67,220.33,0.22,34.53,0.00,0.00,0.00,0.00,0.00,0.00
219.16,0.63,137.27,219.53,0.21,46.16,218.46,0.21,33.60,0.00,0.00,0.00,0.00,0.00,0.00
218.00,0.63,137.21,219.16,0.21,46.03,217.30,0.22,34.70,0.00,0.00,0.00,0.00,0.00,0.00
216.66,0.63,136.08,217.72,0.21,45.48,215.96,0.22,34.43,0.00,0.00,0.00,0.00,0.00,0.00
218.14,0.63,136.68,218.96,0.21,45.96,217.44,0.21,33.53,0.00,0.00,0.00,0.00,0.00,0.00
218.03,0.63,136.70,215.78,0.21,44.68,217.33,0.22,34.70,0.00,0.00,0.00,0.00,0.00,0.00
216.56,0.63,135.36,216.91,0.21,45.03,215.86,0.22,33.93,0.00,0.00,0.00,0.00,0.00,0.00
219.80,0.63,137.44,217.37,0.21,45.23,219.10,0.22,33.75,0.00,0.00,0.00,0.00,0.00,0.00
218.83,0.63,137.11,216.94,0.21,45.05,218.13,0.22,34.25,0.00,0.00,0.00,0.00,0.00,0.00
218.00,0.62,135.71,215.82,0.21,44.60,217.30,0.21,33.24,0.00,0.00,0.00,0.00,0.00,0.00
219.09,0.63,137.07,217.91,0.21,45.42,218.39,0.22,33.74,0.00,0.00,0.00,0.00,0.00,0.00
218.95,0.63,137.45,217.60,0.21,45.33,218.25,0.22,35.03,0.00,0.00,0.00,0.00,0.00,0.00
218.47,0.63,137.01,218.73,0.21,45.86,217.77,0.22,33.92,0.00,0.00,0.00,0.00,0.00,0.00
217.57,0.62,135.50,212.55,0.20,43.24,216.87,0.22,34.36,0.00,0.00,0.00,0.00,0.00,0.00
218.15,0.63,136.74,217.74,0.21,45.44,217.45,0.22,34.67,0.00,0.00,0.00,0.00,0.00,0.00
218.89,0.62,136.70,217.73,0.21,45.37,218.19,0.21,33.51,0.00,0.00,0.00,0.00,0.00,0.00
218.13,0.63,137.08,218.42,0.21,45.71,217.43,0.22,34.25,0.00,0.00,0.00,0.00,0.00,0.00
219.52,0.63,137.68,217.77,0.21,45.34,218.82,0.22,34.94,0.00,0.00,0.00,0.00,0.00,0.00
218.27,0.63,136.73,218.38,0.21,45.63,217.57,0.22,33.83,0.00,0.00,0.00,0.00,0.00,0.00
220.30,0.63,138.33,217.53,0.21,45.25,219.60,0.22,34.74,0.00,0.00,0.00,0.00,0.00,0.00
218.07,0.63,136.65,217.49,0.21,45.29,217.37,0.22,34.78,0.00,0.00,0.00,0.00,0.00,0.00
221.71,0.63,139.03,218.13,0.21,45.50,221.01,0.22,34.59,0.00,0.00,0.00,0.00,0.00,0.00
218.95,0.63,137.16,215.80,0.21,44.92,218.25,0.22,34.45,0.00,0.00,0.00,0.00,0.00,0.00
222.12,0.63,139.83,217.49,0.21,45.42,221.42,0.22,35.46,0.00,0.00,0.00,0.00,0.00,0.00
218.65,0.63,136.85,216.52,0.21,44.84,217.95,0.22,34.25,0.00,0.00,0.00,0.00,0.00,0.00
219.34,0.63,137.09,218.26,0.21,45.49,218.64,0.21,33.43,0.00,0.00,0.00,0.00,0.00,0.00
217.89,0.63,136.72,217.88,0.21,45.56,217.19,0.22,34.02,0.00,0.00,0.00,0.00,0.00,0.00
216.95,0.63,136.61,217.01,0.21,44.99,216.25,0.22,35.24,0.00,0.00,0.00,0.00,0.00,0.00
219.54,0.63,137.83,217.12,0.21,45.27,218.84,0.22,35.12,0.00,0.00,0.00,0.00,0.00,0.00
217.51,0.63,136.26,218.28,0.21,45.65,216.81,0.22,33.95,0.00,0.00,0.00,0.00,0.00,0.00
217.11,0.63,136.59,218.40,0.21,45.67,216.41,0.22,35.09,0.00,0.00,0.00,0.00,0.00,0.00
218.66,0.63,138.00,219.38,0.21,46.07,217.96,0.22,35.65,0.00,0.00,0.00,0.00,0.00,0.00
218.00,0.63,137.12,216.88,0.21,45.13,217.30,0.22,35.50,0.00,0.00,0.00,0.00,0.00,0.00
218.04,0.63,137.67,219.08,0.21,46.04,217.34,0.22,35.56,0.00,0.00,0.00,0.00,0.00,0.00
221.13,0.63,139.29,218.89,0.21,45.50,220.43,0.22,35.79,0.00,0.00,0.00,0.00,0.00,0.00
219.20,0.63,137.48,217.96,0.21,45.48,218.50,0.22,34.16,0.00,0.00,0.00,0.00,0.00,0.00
218.65,0.63,137.06,217.52,0.21,45.31,217.95,0.22,34.07,0.00,0.00,0.00,0.00,0.00,0.00
219.44,0.63,137.68,217.66,0.21,45.19,218.74,0.22,34.32,0.00,0.00,0.00,0.00,0.00,0.00
216.70,0.63,136.12,217.23,0.21,45.25,216.00,0.22,35.42,0.00,0.00,0.00,0.00,0.00,0.00
220.86,0.63,138.54,217.06,0.21,45.11,220.16,0.22,34.33,0.00,0.00,0.00,0.00,0.00,0.00
216.85,0.63,136.42,218.67,0.21,45.90,216.15,0.22,35.04,0.00,0.00,0.00,0.00,0.00,0.00
219.52,0.63,137.71,215.58,0.20,44.58,218.82,0.22,34.61,0.00,0.00,0.00,0.00,0.00,0.00
218.65,0.63,137.67,219.39,0.21,46.26,217.95,0.22,35.01,0.00,0.00,0.00,0.00,0.00,0.00
218.34,0.63,137.60,218.39,0.21,45.75,217.64,0.22,34.81,0.00,0.00,0.00,0.00,0.00,0.00
219.72,0.63,137.96,218.32,0.21,45.68,219.02,0.22,34.05,0.00,0.00,0.00,0.00,0.00,0.00
218.89,0.63,137.37,218.49,0.21,45.55,218.19,0.22,34.15,0.00,0.00,0.00,0.00,0.00,0.00
219.74,0.63,138.47,218.92,0.21,45.98,219.04,0.22,34.55,0.00,0.00,0.00,0.00,0.00,0.00
218.85,0.63,138.18,218.18,0.21,45.59,218.15,0.22,36.15,0.00,0.00,0.00,0.00,0.00,0.00
219.27,0.63,137.89,218.45,0.21,45.74,218.57,0.22,35.18,0.00,0.00,0.00,0.00,0.00,0.00
217.54,0.63,137.19,219.23,0.21,45.96,216.84,0.22,35.61,0.00,0.00,0.00,0.00,0.00,0.00
218.77,0.63,137.96,217.29,0.21,45.28,218.07,0.22,36.06,0.00,0.00,0.00,0.00,0.00,0.00
217.65,0.63,137.41,219.04,0.21,46.11,216.95,0.22,35.62,0.00,0.00,0.00,0.00,0.00,0.00
223.14,0.63,140.74,218.91,0.21,46.07,222.44,0.22,34.65,0.00,0.00,0.00,0.00,0.00,0.00
217.52,0.63,137.18,219.57,0.21,46.38,216.82,0.22,34.92,0.00,0.00,0.00,0.00,0.00,0.00
219.98,0.63,138.72,217.94,0.21,45.59,219.28,0.22,34.81,0.00,0.00,0.00,0.00,0.00,0.00
222.87,0.63,140.32,219.14,0.21,46.20,222.17,0.22,35.02,0.00,0.00,0.00,0.00,0.00,0.00
223.87,0.63,141.24,216.76,0.21,45.13,223.17,0.22,35.33,0.00,0.00,0.00,0.00,0.00,0.00
218.14,0.63,137.34,217.95,0.21,45.65,217.44,0.22,35.45,0.00,0.00,0.00,0.00,0.00,0.00
219.24,0.63,138.02,219.41,0.21,46.23,218.54,0.22,34.20,0.00,0.00,0.00,0.00,0.00,0.00
217.92,0.63,137.27,220.79,0.21,46.42,217.22,0.22,34.93,0.00,0.00,0.00,0.00,0.00,0.00
219.36,0.63,138.17,217.92,0.21,45.45,218.66,0.22,35.14,0.00,0.00,0.00,0.00,0.00,0.00
218.31,0.63,137.54,219.48,0.21,46.16,217.61,0.22,35.35,0.00,0.00,0.00,0.00,0.00,0.00
219.15,0.63,138.08,217.56,0.21,45.39,218.45,0.22,35.12,0.00,0.00,0.00,0.00,0.00,0.00
221.47,0.63,139.84,219.45,0.21,46.08,220.77,0.22,34.65,0.00,0.00,0.00,0.00,0.00,0.00
220.93,0.63,139.29,219.77,0.21,46.17,220.23,0.22,34.49,0.00,0.00,0.00,0.00,0.00,0.00
219.25,0.63,138.00,217.78,0.21,45.49,218.55,0.22,34.53,0.00,0.00,0.00,0.00,0.00,0.00
220.65,0.63,139.93,220.38,0.21,46.60,219.95,0.22,35.03,0.00,0.00,0.00,0.00,0.00,0.00
216.57,0.63,136.27,217.05,0.21,45.26,215.87,0.22,35.39,0.00,0.00,0.00,0.00,0.00,0.00
219.95,0.63,138.82,219.36,0.21,46.02,219.25,0.22,35.30,0.00,0.00,0.00,0.00,0.00,0.00
216.95,0.63,136.57,218.55,0.21,45.78,216.25,0.22,34.90,0.00,0.00,0.00,0.00,0.00,0.00
220.07,0.63,138.54,218.51,0.21,45.77,219.37,0.22,34.94,0.00,0.00,0.00,0.00,0.00,0.00
221.60,0.63,139.58,218.45,0.21,45.87,220.90,0.22,34.38,0.00,0.00,0.00,0.00,0.00,0.00
219.25,0.63,137.68,218.97,0.21,46.00,218.55,0.22,34.34,0.00,0.00,0.00,0.00,0.00,0.00
221.06,0.63,138.85,218.25,0.21,45.76,220.36,0.22,33.88,0.00,0.00,0.00,0.00,0.00,0.00
219.00,0.63,138.78,222.41,0.21,47.40,218.30,0.22,34.43,0.00,0.00,0.00,0.00,0.00,0.00
219.04,0.63,137.76,218.37,0.21,45.74,218.34,0.22,33.93,0.00,0.00,0.00,0.00,0.00,0.00
221.69,0.63,139.81,218.28,0.21,45.72,220.99,0.22,35.42,0.00,0.00,0.00,0.00,0.00,0.00
219.58,0.63,138.77,220.02,0.21,46.37,218.88,0.22,35.64,0.00,0.00,0.00,0.00,0.00,0.00
219.18,0.63,138.36,221.04,0.21,46.68,218.48,0.22,34.34,0.00,0.00,0.00,0.00,0.00,0.00
222.84,0.64,141.70,225.63,0.21,48.68,222.14,0.22,35.10,0.00,0.00,0.00,0.00,0.00,0.00
219.95,0.63,138.27,217.73,0.21,45.36,219.25,0.22,34.30,0.00,0.00,0.00,0.00,0.00,0.00
219.96,0.63,139.44,220.25,0.21,46.54,219.26,0.22,35.14,0.00,0.00,0.00,0.00,0.00,0.00
219.14,0.63,138.71,220.42,0.21,46.65,218.44,0.22,34.63,0.00,0.00,0.00,0.00,0.00,0.00
219.88,0.63,137.90,217.85,0.21,45.46,219.18,0.22,34.64,0.00,0.00,0.00,0.00,0.00,0.00
219.69,0.64,139.55,222.94,0.21,47.65,218.99,0.22,35.71,0.00,0.00,0.00,0.00,0.00,0.00
218.21,0.63,137.63,218.61,0.21,45.84,217.51,0.22,35.37,0.00,0.00,0.00,0.00,0.00,0.00
222.81,0.63,141.05,219.00,0.21,46.02,222.11,0.22,36.04,0.00,0.00,0.00,0.00,0.00,0.00
222.06,0.63,139.44,218.14,0.21,45.48,221.36,0.22,34.66,0.00,0.00,0.00,0.00,0.00,0.00
220.21,0.63,138.72,218.03,0.21,45.58,219.51,0.22,35.34,0.00,0.00,0.00,0.00,0.00,0.00
221.38,0.63,139.70,217.84,0.21,45.56,220.68,0.22,34.95,0.00,0.00,0.00,0.00,0.00,0.00
220.73,0.63,139.07,219.77,0.21,46.44,220.03,0.22,34.68,0.00,0.00,0.00,0.00,0.00,0.00
220.79,0.63,139.08,220.35,0.21,46.55,220.09,0.22,33.81,0.00,0.00,0.00,0.00,0.00,0.00
219.48,0.63,137.95,217.19,0.21,45.22,218.78,0.22,34.50,0.00,0.00,0.00,0.00,0.00,0.00
221.67,0.63,140.01,219.58,0.21,46.28,220.97,0.22,34.54,0.00,0.00,0.00,0.00,0.00,0.00
220.18,0.63,139.20,220.24,0.21,46.49,219.48,0.22,35.56,0.00,0.00,0.00,0.00,0.00,0.00
222.42,0.63,139.74,218.08,0.21,45.66,221.72,0.22,33.92,0.00,0.00,0.00,0.00,0.00,0.00
219.70,0.63,138.69,218.08,0.21,45.57,219.00,0.22,35.05,0.00,0.00,0.00,0.00,0.00,0.00
218.71,0.63,138.17,219.83,0.21,46.39,218.01,0.22,34.54,0.00,0.00,0.00,0.00,0.00,0.00
218.91,0.63,137.60,218.50,0.21,45.81,218.21,0.22,34.81,0.00,0.00,0.00,0.00,0.00,0.00
221.03,0.63,139.60,219.87,0.21,46.42,220.33,0.22,34.38,0.00,0.00,0.00,0.00,0.00,0.00
218.40,0.63,137.51,219.96,0.21,46.46,217.70,0.22,34.52,0.00,0.00,0.00,0.00,0.00,0.00
218.10,0.63,137.50,218.97,0.21,46.01,217.40,0.22,34.57,0.00,0.00,0.00,0.00,0.00,0.00
219.73,0.63,138.63,218.55,0.21,45.71,219.03,0.22,34.79,0.00,0.00,0.00,0.00,0.00,0.00
219.82,0.63,138.51,218.56,0.21,45.87,219.12,0.22,35.14,0.00,0.00,0.00,0.00,0.00,0.00
218.50,0.63,137.78,219.74,0.21,46.43,217.80,0.22,34.58,0.00,0.00,0.00,0.00,0.00,0.00
216.62,0.63,136.05,218.95,0.21,46.10,215.92,0.22,33.33,0.00,0.00,0.00,0.00,0.00,0.00
217.98,0.63,136.83,219.08,0.21,46.02,217.28,0.22,33.49,0.00,0.00,0.00,0.00,0.00,0.00
220.76,0.63,139.35,220.31,0.21,46.69,220.06,0.22,34.87,0.00,0.00,0.00,0.00,0.00,0.00
220.11,0.63,138.36,218.80,0.21,45.90,219.41,0.22,33.90,0.00,0.00,0.00,0.00,0.00,0.00
220.44,0.63,139.00,217.50,0.21,45.34,219.74,0.22,34.91,0.00,0.00,0.00,0.00,0.00,0.00
219.14,0.63,138.75,220.86,0.21,46.79,218.44,0.22,35.69,0.00,0.00,0.00,0.00,0.00,0.00
219.98,0.63,138.65,219.32,0.21,46.12,219.28,0.22,34.46,0.00,0.00,0.00,0.00,0.00,0.00
220.20,0.63,138.94,219.12,0.21,46.10,219.50,0.22,35.24,0.00,0.00,0.00,0.00,0.00,0.00
220.95,0.63,140.04,221.27,0.21,46.95,220.25,0.22,35.61,0.00,0.00,0.00,0.00,0.00,0.00
220.22,0.63,138.98,218.47,0.21,45.73,219.52,0.22,35.51,0.00,0.00,0.00,0.00,0.00,0.00
219.91,0.63,139.19,220.37,0.21,46.51,219.21,0.22,35.45,0.00,0.00,0.00,0.00,0.00,0.00
217.60,0.63,137.21,219.71,0.21,46.28,216.90,0.22,34.90,0.00,0.00,0.00,0.00,0.00,0.00
221.84,0.63,139.65,222.10,0.21,46.88,221.14,0.22,33.90,0.00,0.00,0.00,0.00,0.00,0.00
219.19,0.63,137.62,218.14,0.21,45.58,218.49,0.22,33.77,0.00,0.00,0.00,0.00,0.00,0.00
221.35,0.63,139.82,218.92,0.21,45.92,220.65,0.22,34.93,0.00,0.00,0.00,0.00,0.00,0.00
229.15,0.64,145.59,223.85,0.21,48.00,228.45,0.22,35.27,0.00,0.00,0.00,0.00,0.00,0.00
219.42,0.63,138.14,217.77,0.21,45.46,218.72,0.22,34.66,0.00,0.00,0.00,0.00,0.00,0.00
218.78,0.63,137.98,219.36,0.21,46.12,218.08,0.22,34.33,0.00,0.00,0.00,0.00,0.00,0.00
220.04,0.63,138.09,217.29,0.21,45.26,219.34,0.22,34.77,0.00,0.00,0.00,0.00,0.00,0.00
220.87,0.63,139.22,219.32,0.21,46.18,220.17,0.22,34.25,0.00,0.00,0.00,0.00,0.00,0.00
219.59,0.63,138.52,217.01,0.21,45.16,218.89,0.22,36.10,0.00,0.00,0.00,0.00,0.00,0.00
218.20,0.63,138.17,222.01,0.21,47.12,217.50,0.22,35.23,0.00,0.00,0.00,0.00,0.00,0.00
222.48,0.63,140.58,220.17,0.21,46.55,221.78,0.22,34.54,0.00,0.00,0.00,0.00,0.00,0.00
217.65,0.63,137.24,218.70,0.21,46.06,216.95,0.22,35.08,0.00,0.00,0.00,0.00,0.00,0.00
222.06,0.64,141.44,219.13,0.21,45.94,221.36,0.23,37.42,0.00,0.00,0.00,0.00,0.00,0.00
219.57,0.63,138.50,218.90,0.21,45.96,218.87,0.22,34.64,0.00,0.00,0.00,0.00,0.00,0.00
220.25,0.63,138.81,219.41,0.21,46.02,219.55,0.22,34.40,0.00,0.00,0.00,0.00,0.00,0.00
218.36,0.63,137.61,217.92,0.21,45.50,217.66,0.22,34.64,0.00,0.00,0.00,0.00,0.00,0.00
222.02,0.63,140.06,219.44,0.21,46.15,221.32,0.22,35.19,0.00,0.00,0.00,0.00,0.00,0.00
223.19,0.63,139.96,218.34,0.21,45.79,222.49,0.22,33.45,0.00,0.00,0.00,0.00,0.00,0.00
218.98,0.63,138.11,218.79,0.21,45.98,218.28,0.22,35.18,0.00,0.00,0.00,0.00,0.00,0.00
218.44,0.63,137.67,218.47,0.21,45.74,217.74,0.22,35.17,0.00,0.00,0.00,0.00,0.00,0.00
219.55,0.63,138.64,219.73,0.21,46.30,218.85,0.22,35.15,0.00,0.00,0.00,0.00,0.00,0.00
221.53,0.63,139.90,220.90,0.21,46.75,220.83,0.22,34.89,0.00,0.00,0.00,0.00,0.00,0.00
218.83,0.63,137.86,219.26,0.21,46.13,218.13,0.22,34.76,0.00,0.00,0.00,0.00,0.00,0.00
220.02,0.63,138.69,218.64,0.21,45.84,219.32,0.22,34.64,0.00,0.00,0.00,0.00,0.00,0.00
219.51,0.63,137.82,219.40,0.21,46.15,218.81,0.22,33.51,0.00,0.00,0.00,0.00,0.00,0.00
218.96,0.63,138.19,219.15,0.21,46.08,218.26,0.22,34.50,0.00,0.00,0.00,0.00,0.00,0.00
220.71,0.63,138.91,218.54,0.21,45.78,220.01,0.22,35.04,0.00,0.00,0.00,0.00,0.00,0.00
219.66,0.64,139.56,219.22,0.21,46.15,218.96,0.22,36.01,0.00,0.00,0.00,0.00,0.00,0.00
218.79,0.63,137.71,218.88,0.21,45.96,218.09,0.22,34.84,0.00,0.00,0.00,0.00,0.00,0.00
218.86,0.63,137.71,218.00,0.21,45.54,218.16,0.22,34.45,0.00,0.00,0.00,0.00,0.00,0.00
220.05,0.63,138.53,217.32,0.21,45.33,219.35,0.22,34.41,0.00,0.00,0.00,0.00,0.00,0.00
220.19,0.63,139.51,220.02,0.21,46.42,219.49,0.22,36.00,0.00,0.00,0.00,0.00,0.00,0.00
218.86,0.63,137.76,219.75,0.21,46.19,218.16,0.22,34.64,0.00,0.00,0.00,0.00,0.00,0.00
220.07,0.63,138.39,217.82,0.21,45.42,219.37,0.22,34.99,0.00,0.00,0.00,0.00,0.00,0.00
221.05,0.63,139.90,219.72,0.21,46.26,220.35,0.22,35.81,0.00,0.00,0.00,0.00,0.00,0.00
220.94,0.63,139.29,219.89,0.21,46.46,220.24,0.22,33.95,0.00,0.00,0.00,0.00,0.00,0.00
218.30,0.63,137.58,218.99,0.21,46.08,217.60,0.22,34.98,0.00,0.00,0.00,0.00,0.00,0.00
218.87,0.63,137.78,218.03,0.21,45.67,218.17,0.22,34.31,0.00,0.00,0.00,0.00,0.00,0.00
220.37,0.63,139.13,217.17,0.21,45.29,219.67,0.22,36.07,0.00,0.00,0.00,0.00,0.00,0.00
221.35,0.63,139.25,219.41,0.21,46.22,220.65,0.22,33.80,0.00,0.00,0.00,0.00,0.00,0.00
217.80,0.63,136.67,219.21,0.21,45.93,217.10,0.22,33.53,0.00,0.00,0.00,0.00,0.00,0.00
218.48,0.63,137.62,217.70,0.21,45.51,217.78,0.22,35.45,0.00,0.00,0.00,0.00,0.00,0.00
220.47,0.63,138.55,219.45,0.21,46.17,219.77,0.22,34.49,0.00,0.00,0.00,0.00,0.00,0.00
217.97,0.63,137.55,218.53,0.21,45.78,217.27,0.22,35.64,0.00,0.00,0.00,0.00,0.00,0.00
219.97,0.63,138.32,218.06,0.21,45.56,219.27,0.22,35.05,0.00,0.00,0.00,0.00,0.00,0.00
219.94,0.63,139.00,218.69,0.21,45.97,219.24,0.22,35.12,0.00,0.00,0.00,0.00,0.00,0.00
220.20,0.63,139.06,218.80,0.21,45.93,219.50,0.22,35.86,0.00,0.00,0.00,0.00,0.00,0.00
220.53,0.63,139.36,220.04,0.21,46.49,219.83,0.22,34.75,0.00,0.00,0.00,0.00,0.00,0.00
218.84,0.63,138.41,219.41,0.21,46.36,218.14,0.22,35.92,0.00,0.00,0.00,0.00,0.00,0.00
221.10,0.63,139.71,218.57,0.21,45.85,220.40,0.22,35.22,0.00,0.00,0.00,0.00,0.00,0.00
218.82,0.63,138.80,220.78,0.21,46.86,218.12,0.22,36.01,0.00,0.00,0.00,0.00,0.00,0.00
223.04,0.63,140.65,219.76,0.21,46.54,222.34,0.22,34.00,0.00,0.00,0.00,0.00,0.00,0.00
218.69,0.63,138.09,218.76,0.21,46.09,217.99,0.22,35.51,0.00,0.00,0.00,0.00,0.00,0.00
219.45,0.63,138.77,219.78,0.21,46.29,218.75,0.22,34.88,0.00,0.00,0.00,0.00,0.00,0.00
222.81,0.63,140.97,219.93,0.21,46.36,222.11,0.22,34.98,0.00,0.00,0.00,0.00,0.00,0.00
218.80,0.63,138.46,220.77,0.21,46.81,218.10,0.22,35.43,0.00,0.00,0.00,0.00,0.00,0.00
220.17,0.63,139.41,221.07,0.21,46.81,219.47,0.22,34.94,0.00,0.00,0.00,0.00,0.00,0.00
221.92,0.63,139.98,218.35,0.21,45.76,221.22,0.22,35.54,0.00,0.00,0.00,0.00,0.00,0.00
220.83,0.63,139.49,219.72,0.21,46.35,220.13,0.22,35.20,0.00,0.00,0.00,0.00,0.00,0.00
221.53,0.63,139.82,220.40,0.21,46.62,220.83,0.22,34.22,0.00,0.00,0.00,0.00,0.00,0.00
220.80,0.63,139.39,219.26,0.21,46.22,220.10,0.22,35.24,0.00,0.00,0.00,0.00,0.00,0.00
220.35,0.63,138.95,219.18,0.21,46.07,219.65,0.22,35.14,0.00,0.00,0.00,0.00,0.00,0.00
218.75,0.63,137.72,219.20,0.21,46.10,218.05,0.22,34.70,0.00,0.00,0.00,0.00,0.00,0.00
221.55,0.63,139.30,218.37,0.21,45.61,220.85,0.22,35.00,0.00,0.00,0.00,0.00,0.00,0.00
221.55,0.63,140.26,218.97,0.21,45.90,220.85,0.22,36.22,0.00,0.00,0.00,0.00,0.00,0.00
223.02,0.63,140.89,219.01,0.21,46.15,222.32,0.22,35.32,0.00,0.00,0.00,0.00,0.00,0.00
219.35,0.63,138.11,218.92,0.21,46.02,218.65,0.22,34.80,0.00,0.00,0.00,0.00,0.00,0.00
219.52,0.63,138.26,219.16,0.21,46.14,218.82,0.22,34.81,0.00,0.00,0.00,0.00,0.00,0.00
221.59,0.63,139.87,219.80,0.21,46.35,220.89,0.22,34.43,0.00,0.00,0.00,0.00,0.00,0.00
220.45,0.63,138.64,218.62,0.21,45.75,219.75,0.22,34.00,0.00,0.00,0.00,0.00,0.00,0.00
221.77,0.63,140.32,219.77,0.21,46.15,221.07,0.22,35.11,0.00,0.00,0.00,0.00,0.00,0.00
219.94,0.63,139.18,220.79,0.21,46.59,219.24,0.22,34.60,0.00,0.00,0.00,0.00,0.00,0.00
223.45,0.63,141.70,221.76,0.21,47.25,222.75,0.22,34.78,0.00,0.00,0.00,0.00,0.00,0.00
221.00,0.63,139.54,220.34,0.21,46.67,220.30,0.22,34.97,0.00,0.00,0.00,0.00,0.00,0.00
220.39,0.63,139.18,219.64,0.21,46.22,219.69,0.22,34.82,0.00,0.00,0.00,0.00,0.00,0.00
221.65,0.63,140.51,220.75,0.21,46.61,220.95,0.22,36.24,0.00,0.00,0.00,0.00,0.00,0.00
219.96,0.63,138.53,218.41,0.21,45.82,219.26,0.22,34.47,0.00,0.00,0.00,0.00,0.00,0.00
220.04,0.63,138.72,218.86,0.21,46.11,219.34,0.22,35.16,0.00,0.00,0.00,0.00,0.00,0.00
219.64,0.63,139.21,221.67,0.21,47.36,218.94,0.22,34.64,0.00,0.00,0.00,0.00,0.00,0.00
219.74,0.63,138.85,219.63,0.21,46.11,219.04,0.22,34.86,0.00,0.00,0.00,0.00,0.00,0.00
223.73,0.63,141.63,219.76,0.21,46.38,223.03,0.22,35.76,0.00,0.00,0.00,0.00,0.00,0.00
223.67,0.64,142.22,223.78,0.21,48.13,222.97,0.22,35.46,0.00,0.00,0.00,0.00,0.00,0.00
222.11,0.63,140.55,219.08,0.21,46.11,221.41,0.22,35.91,0.00,0.00,0.00,0.00,0.00,0.00
220.91,0.63,139.73,219.30,0.21,46.19,220.21,0.22,35.58,0.00,0.00,0.00,0.00,0.00,0.00
221.34,0.63,139.84,219.98,0.21,46.53,220.64,0.22,38.34,0.00,0.00,0.00,0.00,0.00,0.00
220.50,0.63,138.31,217.79,0.21,45.40,219.80,0.22,37.22,0.00,0.00,0.00,0.00,0.00,0.00
220.72,0.63,139.74,219.85,0.21,46.59,220.02,0.22,36.22,0.00,0.00,0.00,0.00,0.00,0.00
220.41,0.63,139.47,220.77,0.21,46.75,219.71,0.22,36.01,0.00,0.00,0.00,0.00,0.00,0.00
219.05,0.63,138.34,219.30,0.21,46.07,218.35,0.22,36.17,0.00,0.00,0.00,0.00,0.00,0.00
221.07,0.63,139.83,218.42,0.21,45.81,220.37,0.22,36.65,0.00,0.00,0.00,0.00,0.00,0.00
222.37,0.64,141.68,226.06,0.21,48.90,221.67,0.22,36.19,0.00,0.00,0.00,0.00,0.00,0.00
218.47,0.63,137.70,219.26,0.21,46.06,217.77,0.22,35.96,0.00,0.00,0.00,0.00,0.00,0.00
224.69,0.63,141.72,220.12,0.21,46.42,223.99,0.22,35.03,0.00,0.00,0.00,0.00,0.00,0.00
221.46,0.63,140.15,220.23,0.21,46.51,220.76,0.22,35.62,0.00,0.00,0.00,0.00,0.00,0.00
219.28,0.63,138.73,220.16,0.21,46.69,218.58,0.22,36.15,0.00,0.00,0.00,0.00,0.00,0.00
219.45,0.63,138.85,219.64,0.21,46.39,218.75,0.22,36.30,0.00,0.00,0.00,0.00,0.00,0.00
222.22,0.63,140.96,221.51,0.21,47.20,221.52,0.22,35.58,0.00,0.00,0.00,0.00,0.00,0.00
219.23,0.63,138.32,219.84,0.21,46.45,218.53,0.22,34.63,0.00,0.00,0.00,0.00,0.00,0.00
219.86,0.63,138.74,218.61,0.21,45.82,219.16,0.22,36.37,0.00,0.00,0.00,0.00,0.00,0.00
221.17,0.63,139.74,221.05,0.21,46.94,220.47,0.22,34.79,0.00,0.00,0.00,0.00,0.00,0.00
221.52,0.63,140.29,220.90,0.21,46.92,220.82,0.22,35.34,0.00,0.00,0.00,0.00,0.00,0.00
221.31,0.63,140.05,220.24,0.21,46.51,220.61,0.22,36.50,0.00,0.00,0.00,0.00,0.00,0.00
220.91,0.63,139.87,220.39,0.21,46.57,220.21,0.22,39.61,0.00,0.00,0.00,0.00,0.00,0.00
221.65,0.63,139.46,218.33,0.21,45.70,220.95,0.22,41.00,0.00,0.00,0.00,0.00,0.00,0.00
219.65,0.63,138.71,218.67,0.21,45.90,218.95,0.22,36.94,0.00,0.00,0.00,0.00,0.00,0.00
223.24,0.64,142.89,224.10,0.21,48.19,222.54,0.22,39.28,0.00,0.00,0.00,0.00,0.00,0.00
221.75,0.63,140.05,218.86,0.21,46.28,221.05,0.22,37.43,0.00,0.00,0.00,0.00,0.00,0.00
221.63,0.63,140.14,219.66,0.21,46.35,220.93,0.22,36.96,0.00,0.00,0.00,0.00,0.00,0.00
226.26,0.63,142.62,219.42,0.21,46.11,225.56,0.22,36.55,0.00,0.00,0.00,0.00,0.00,0.00
219.64,0.63,138.94,218.57,0.21,45.84,218.94,0.22,37.32,0.00,0.00,0.00,0.00,0.00,0.00
222.55,0.63,141.27,221.94,0.21,47.58,221.85,0.22,37.23,0.00,0.00,0.00,0.00,0.00,0.00
221.25,0.63,140.17,220.17,0.21,46.61,220.55,0.22,37.31,0.00,0.00,0.00,0.00,0.00,0.00
219.04,0.63,138.37,219.03,0.21,46.08,218.34,0.22,37.83,0.00,0.00,0.00,0.00,0.00,0.00
221.47,0.63,139.44,217.79,0.21,45.50,220.77,0.22,36.69,0.00,0.00,0.00,0.00,0.00,0.00
229.23,0.63,145.07,223.18,0.21,46.71,228.53,0.22,37.46,0.00,0.00,0.00,0.00,0.00,0.00
220.46,0.63,139.20,220.39,0.21,46.55,219.76,0.22,36.73,0.00,0.00,0.00,0.00,0.00,0.00
218.56,0.63,138.72,221.24,0.21,47.17,217.86,0.22,37.44,0.00,0.00,0.00,0.00,0.00,0.00
222.13,0.63,140.78,221.99,0.21,47.37,221.43,0.22,36.81,0.00,0.00,0.00,0.00,0.00,0.00
222.48,0.63,140.36,219.29,0.21,46.07,221.78,0.22,36.71,0.00,0.00,0.00,0.00,0.00,0.00
222.20,0.63,140.54,218.61,0.21,45.86,221.50,0.22,37.47,0.00,0.00,0.00,0.00,0.00,0.00
220.85,0.63,139.49,221.05,0.21,46.68,220.15,0.22,36.57,0.00,0.00,0.00,0.00,0.00,0.00
224.53,0.63,142.06,219.61,0.21,46.36,223.83,0.22,38.15,0.00,0.00,0.00,0.00,0.00,0.00
220.64,0.63,139.19,219.23,0.21,45.95,219.94,0.22,37.88,0.00,0.00,0.00,0.00,0.00,0.00
222.10,0.63,140.95,220.70,0.21,46.93,221.40,0.22,38.13,0.00,0.00,0.00,0.00,0.00,0.00
221.17,0.63,139.47,220.11,0.21,46.51,220.47,0.22,36.16,0.00,0.00,0.00,0.00,0.00,0.00
219.94,0.63,139.58,220.34,0.21,46.79,219.24,0.22,38.34,0.00,0.00,0.00,0.00,0.00,0.00
219.05,0.63,138.24,218.55,0.21,45.97,218.35,0.22,37.65,0.00,0.00,0.00,0.00,0.00,0.00
220.42,0.63,139.42,219.80,0.21,46.27,219.72,0.22,37.35,0.00,0.00,0.00,0.00,0.00,0.00
221.38,0.63,139.76,220.19,0.21,46.55,220.68,0.22,36.49,0.00,0.00,0.00,0.00,0.00,0.00
218.24,0.63,138.01,222.31,0.21,47.29,217.54,0.22,37.07,0.00,0.00,0.00,0.00,0.00,0.00
222.27,0.64,141.30,222.37,0.21,47.30,221.57,0.22,38.48,0.00,0.00,0.00,0.00,0.00,0.00
219.51,0.63,138.96,228.82,0.21,48.19,218.81,0.22,37.60,0.00,0.00,0.00,0.00,0.00,0.00
220.77,0.63,139.57,221.08,0.21,46.83,220.07,0.22,37.52,0.00,0.00,0.00,0.00,0.00,0.00
220.94,0.63,139.85,220.61,0.21,46.79,220.24,0.22,36.71,0.00,0.00,0.00,0.00,0.00,0.00
220.70,0.63,139.38,220.89,0.21,46.86,220.00,0.22,36.27,0.00,0.00,0.00,0.00,0.00,0.00
219.75,0.63,139.05,219.18,0.21,46.09,219.05,0.22,37.39,0.00,0.00,0.00,0.00,0.00,0.00
221.71,0.63,140.16,218.10,0.21,45.59,221.01,0.22,37.51,0.00,0.00,0.00,0.00,0.00,0.00
219.97,0.63,139.25,219.75,0.21,46.32,219.27,0.22,36.99,0.00,0.00,0.00,0.00,0.00,0.00
219.02,0.51,111.88,220.39,0.21,46.53,0.00,0.10,0.00,0.00,0.00,0.00,0.00,0.00,0.00
222.85,0.42,93.97,221.39,0.22,47.10,0.00,0.00,0.00,0.00,0.00,0.00,0.00,0.00,0.00
222.50,0.42,93.15,223.18,0.22,47.73,0.00,0.00,0.00,0.00,0.00,0.00,0.00,0.00,0.00
224.12,0.63,142.13,220.38,0.21,46.13,0.00,0.00,0.00,219.91,0.22,47.58,0.00,0.00,0.00
220.36,0.63,139.57,219.81,0.21,46.63,0.00,0.00,0.00,221.09,0.22,47.84,0.00,0.00,0.00
222.07,0.63,140.33,220.18,0.21,46.60,0.00,0.00,0.00,219.11,0.22,47.22,0.00,0.00,0.00
221.96,0.63,139.94,218.46,0.21,45.94,0.00,0.00,0.00,219.16,0.22,47.30,0.00,0.00,0.00
222.09,0.63,140.53,221.94,0.21,47.13,0.00,0.00,0.00,219.66,0.22,47.73,0.00,0.00,0.00
222.29,0.64,141.85,223.45,0.21,47.86,0.00,0.00,0.00,222.62,0.22,49.04,0.00,0.00,0.00
226.12,0.63,142.63,219.63,0.21,46.39,0.00,0.00,0.00,218.95,0.22,47.39,0.00,0.00,0.00
220.72,0.63,139.61,220.77,0.21,46.98,0.00,0.00,0.00,219.64,0.22,47.68,0.00,0.00,0.00
225.72,0.63,143.12,222.73,0.21,47.75,0.00,0.00,0.00,219.85,0.22,47.66,0.00,0.00,0.00
222.65,0.63,140.76,219.51,0.21,46.32,0.00,0.00,0.00,220.61,0.22,47.99,0.00,0.00,0.00
222.83,0.63,140.77,219.82,0.21,46.20,0.00,0.00,0.00,221.43,0.22,48.30,0.00,0.00,0.00
220.94,0.64,140.32,222.72,0.21,47.54,0.00,0.00,0.00,221.43,0.22,48.51,0.00,0.00,0.00
223.98,0.64,142.67,221.31,0.21,47.07,0.00,0.00,0.00,222.85,0.22,49.29,0.00,0.00,0.00
223.07,0.63,141.11,219.63,0.21,46.27,0.00,0.00,0.00,220.39,0.22,48.24,0.00,0.00,0.00
220.66,0.63,139.69,220.68,0.21,46.71,0.00,0.00,0.00,220.46,0.22,48.15,0.00,0.00,0.00
221.55,0.63,140.16,219.01,0.21,46.18,0.00,0.00,0.00,220.51,0.22,48.19,0.00,0.00,0.00
225.42,0.63,142.48,220.05,0.21,46.53,0.00,0.00,0.00,220.79,0.22,48.24,0.00,0.00,0.00
222.83,0.63,140.75,217.57,0.21,45.40,0.00,0.00,0.00,220.55,0.22,48.59,0.00,0.00,0.00
223.21,0.63,141.39,219.91,0.21,46.50,0.00,0.00,0.00,221.31,0.22,48.63,0.00,0.00,0.00
220.98,0.63,139.42,222.03,0.21,47.19,0.00,0.00,0.00,218.56,0.22,47.33,0.00,0.00,0.00
224.75,0.63,142.38,221.35,0.21,47.07,0.00,0.00,0.00,219.78,0.22,47.95,0.00,0.00,0.00
223.30,0.63,141.09,220.02,0.21,46.45,0.00,0.00,0.00,220.25,0.22,48.00,0.00,0.00,0.00
220.65,0.63,139.93,219.73,0.21,46.44,0.00,0.00,0.00,221.55,0.22,48.72,0.00,0.00,0.00
222.79,0.63,140.69,220.59,0.21,46.67,0.00,0.00,0.00,219.95,0.22,47.99,0.00,0.00,0.00
223.31,0.63,141.19,219.99,0.21,46.43,0.00,0.00,0.00,221.66,0.22,48.45,0.00,0.00,0.00
220.48,0.63,139.93,222.37,0.21,47.61,0.00,0.00,0.00,220.49,0.22,48.28,0.00,0.00,0.00
220.44,0.63,138.93,219.07,0.21,46.18,0.00,0.00,0.00,219.57,0.22,47.83,0.00,0.00,0.00
222.07,0.63,139.90,220.32,0.21,46.65,0.00,0.00,0.00,219.84,0.22,47.07,0.00,0.00,0.00
220.31,0.63,139.32,218.74,0.21,46.10,0.00,0.00,0.00,222.43,0.22,48.92,0.00,0.00,0.00
221.50,0.63,139.69,219.24,0.21,45.98,0.00,0.00,0.00,220.80,0.22,48.22,0.00,0.00,0.00
220.16,0.63,139.32,223.00,0.21,47.60,0.00,0.00,0.00,218.19,0.22,47.38,0.00,0.00,0.00
221.23,0.64,141.01,223.05,0.21,47.74,0.00,0.00,0.00,222.56,0.22,49.29,0.00,0.00,0.00
220.53,0.63,138.94,219.65,0.21,46.42,0.00,0.00,0.00,218.92,0.22,47.42,0.00,0.00,0.00
219.75,0.63,138.89,220.84,0.21,46.65,0.00,0.00,0.00,220.11,0.22,48.08,0.00,0.00,0.00
220.63,0.63,139.02,219.53,0.21,46.08,0.00,0.00,0.00,220.08,0.22,47.88,0.00,0.00,0.00
222.49,0.63,140.20,219.45,0.21,46.14,0.00,0.00,0.00,220.25,0.22,47.85,0.00,0.00,0.00
220.02,0.63,138.26,219.22,0.21,46.08,0.00,0.00,0.00,217.23,0.22,46.88,0.00,0.00,0.00
221.59,0.63,140.03,219.81,0.21,46.46,0.00,0.00,0.00,222.08,0.22,48.27,0.00,0.00,0.00
219.90,0.63,138.86,218.61,0.21,45.78,0.00,0.00,0.00,220.64,0.22,48.40,0.00,0.00,0.00
219.27,0.63,138.33,221.26,0.21,46.72,0.00,0.00,0.00,219.97,0.22,47.84,0.00,0.00,0.00
219.26,0.63,138.82,220.19,0.21,46.52,0.00,0.00,0.00,221.69,0.22,48.67,0.00,0.00,0.00
219.44,0.63,138.99,220.47,0.21,46.64,0.00,0.00,0.00,221.23,0.22,48.53,0.00,0.00,0.00
222.15,0.63,140.34,221.09,0.21,46.87,0.00,0.00,0.00,219.38,0.22,47.69,0.00,0.00,0.00
222.48,0.63,140.39,220.62,0.21,46.64,0.00,0.00,0.00,219.66,0.22,47.76,0.00,0.00,0.00
221.58,0.63,139.77,221.27,0.21,46.89,0.00,0.00,0.00,221.84,0.22,47.43,0.00,0.00,0.00
220.16,0.63,139.03,220.22,0.21,46.43,0.00,0.00,0.00,220.13,0.22,48.07,0.00,0.00,0.00
223.30,0.63,141.13,220.69,0.21,46.69,0.00,0.00,0.00,220.67,0.22,48.18,0.00,0.00,0.00
221.91,0.63,140.45,220.07,0.21,46.41,0.00,0.00,0.00,222.70,0.22,49.01,0.00,0.00,0.00
219.71,0.63,138.73,219.66,0.21,46.33,0.00,0.00,0.00,219.22,0.22,47.86,0.00,0.00,0.00
220.77,0.63,139.66,221.85,0.21,47.15,0.00,0.00,0.00,219.20,0.22,47.90,0.00,0.00,0.00
221.46,0.63,139.69,217.58,0.21,45.51,0.00,0.00,0.00,221.51,0.22,48.70,0.00,0.00,0.00
222.37,0.63,141.12,219.97,0.21,46.51,0.00,0.00,0.00,222.54,0.22,49.22,0.00,0.00,0.00
221.46,0.63,140.08,219.32,0.21,46.26,0.00,0.00,0.00,221.27,0.22,48.58,0.00,0.00,0.00
224.53,0.63,141.73,219.20,0.21,46.17,0.00,0.00,0.00,219.16,0.22,47.85,0.00,0.00,0.00
221.28,0.63,140.47,220.52,0.21,46.58,0.00,0.00,0.00,223.15,0.22,49.43,0.00,0.00,0.00
220.65,0.64,140.16,220.71,0.21,46.73,0.00,0.00,0.00,221.44,0.22,48.93,0.00,0.00,0.00
220.52,0.63,139.78,220.05,0.21,46.51,0.00,0.00,0.00,221.57,0.22,48.82,0.00,0.00,0.00
221.96,0.63,140.92,219.41,0.21,46.29,0.00,0.00,0.00,223.96,0.22,49.69,0.00,0.00,0.00
222.53,0.63,141.12,226.65,0.21,46.83,0.00,0.00,0.00,222.35,0.22,49.06,0.00,0.00,0.00
221.07,0.64,140.65,220.62,0.21,46.81,0.00,0.00,0.00,223.43,0.22,49.73,0.00,0.00,0.00
220.29,0.63,139.52,220.16,0.21,46.55,0.00,0.00,0.00,221.23,0.22,48.75,0.00,0.00,0.00
220.72,0.64,140.31,220.45,0.21,46.84,0.00,0.00,0.00,222.21,0.22,49.25,0.00,0.00,0.00
221.14,0.64,140.50,220.41,0.21,46.77,0.00,0.00,0.00,222.39,0.22,49.23,0.00,0.00,0.00
218.99,0.63,139.06,221.14,0.21,47.18,0.00,0.00,0.00,220.51,0.22,48.55,0.00,0.00,0.00
217.76,0.63,137.33,218.36,0.21,46.08,0.00,0.00,0.00,218.68,0.22,47.56,0.00,0.00,0.00
220.91,0.63,139.98,217.44,0.21,45.72,0.00,0.00,0.00,220.75,0.22,48.89,0.00,0.00,0.00
223.00,0.64,141.73,219.24,0.21,46.24,0.00,0.00,0.00,223.02,0.22,49.60,0.00,0.00,0.00
223.49,0.63,141.53,219.87,0.21,46.42,0.00,0.00,0.00,221.78,0.22,48.79,0.00,0.00,0.00
221.31,0.63,140.52,219.35,0.21,46.23,0.00,0.00,0.00,223.12,0.22,49.56,0.00,0.00,0.00
224.37,0.64,142.72,225.41,0.21,48.69,0.00,0.00,0.00,218.08,0.22,47.56,0.00,0.00,0.00
221.82,0.63,140.65,219.59,0.21,46.44,0.00,0.00,0.00,222.84,0.22,49.15,0.00,0.00,0.00
221.17,0.63,140.07,220.68,0.21,46.59,0.00,0.00,0.00,220.84,0.22,48.61,0.00,0.00,0.00
221.01,0.63,139.75,220.80,0.21,46.61,0.00,0.00,0.00,221.19,0.22,48.51,0.00,0.00,0.00
220.55,0.63,138.98,219.73,0.21,46.36,0.00,0.00,0.00,219.00,0.22,47.63,0.00,0.00,0.00
219.11,0.63,137.64,217.84,0.21,45.54,0.00,0.00,0.00,218.65,0.22,47.50,0.00,0.00,0.00
220.19,0.63,137.72,218.35,0.21,45.56,0.00,0.00,0.00,216.00,0.21,46.44,0.00,0.00,0.00
219.42,0.63,137.56,217.32,0.21,45.28,0.00,0.00,0.00,217.88,0.22,47.12,0.00,0.00,0.00
219.79,0.63,138.35,218.45,0.21,45.78,0.00,0.00,0.00,219.55,0.22,47.83,0.00,0.00,0.00
219.53,0.63,138.42,219.10,0.21,46.03,0.00,0.00,0.00,220.43,0.22,48.38,0.00,0.00,0.00
221.35,0.63,138.83,219.52,0.21,46.24,0.00,0.00,0.00,217.27,0.21,46.83,0.00,0.00,0.00
219.00,0.63,137.68,224.17,0.21,46.93,0.00,0.00,0.00,219.27,0.22,47.55,0.00,0.00,0.00
221.30,0.63,138.69,217.60,0.21,45.47,0.00,0.00,0.00,217.65,0.22,47.14,0.00,0.00,0.00
219.67,0.63,137.79,218.86,0.21,46.03,0.00,0.00,0.00,218.36,0.22,47.05,0.00,0.00,0.00
221.02,0.63,139.06,216.96,0.21,45.50,0.00,0.00,0.00,219.41,0.22,47.79,0.00,0.00,0.00
217.48,0.63,137.32,221.32,0.21,47.12,0.00,0.00,0.00,218.77,0.22,47.54,0.00,0.00,0.00
219.97,0.63,138.63,220.17,0.21,46.63,0.00,0.00,0.00,217.17,0.22,47.14,0.00,0.00,0.00
221.88,0.63,139.41,217.82,0.21,45.63,0.00,0.00,0.00,218.78,0.22,47.56,0.00,0.00,0.00
219.88,0.63,138.06,217.14,0.21,45.25,0.00,0.00,0.00,219.24,0.22,47.66,0.00,0.00,0.00
222.30,0.63,140.70,221.41,0.21,46.99,0.00,0.00,0.00,221.76,0.22,48.18,0.00,0.00,0.00
219.54,0.63,138.66,219.46,0.21,46.31,0.00,0.00,0.00,219.27,0.22,47.93,0.00,0.00,0.00
221.06,0.63,139.93,222.16,0.21,47.38,0.00,0.00,0.00,218.26,0.22,47.49,0.00,0.00,0.00
220.11,0.63,138.62,219.95,0.21,46.28,0.00,0.00,0.00,219.11,0.22,47.73,0.00,0.00,0.00
220.73,0.63,139.08,219.57,0.21,46.27,0.00,0.00,0.00,218.51,0.22,47.55,0.00,0.00,0.00
221.75,0.63,139.64,218.32,0.21,45.81,0.00,0.00,0.00,218.50,0.22,47.60,0.00,0.00,0.00
217.77,0.63,137.03,218.88,0.21,45.90,0.00,0.00,0.00,219.01,0.22,47.65,0.00,0.00,0.00
220.54,0.63,138.41,219.79,0.21,46.42,0.00,0.00,0.00,218.84,0.21,47.09,0.00,0.00,0.00
219.04,0.63,137.55,219.42,0.21,46.07,0.00,0.00,0.00,217.30,0.22,47.00,0.00,0.00,0.00
217.42,0.63,136.32,218.15,0.21,45.57,0.00,0.00,0.00,217.79,0.22,47.22,0.00,0.00,0.00
222.45,0.63,139.77,220.53,0.21,46.66,0.00,0.00,0.00,216.35,0.22,46.59,0.00,0.00,0.00
216.93,0.63,136.05,217.31,0.21,45.58,0.00,0.00,0.00,217.55,0.22,47.01,0.00,0.00,0.00
218.43,0.63,137.32,221.29,0.21,47.19,0.00,0.00,0.00,215.05,0.21,46.00,0.00,0.00,0.00
219.69,0.62,137.19,217.60,0.21,45.31,0.00,0.00,0.00,216.73,0.21,46.61,0.00,0.00,0.00
218.78,0.63,137.24,219.05,0.21,45.80,0.00,0.00,0.00,218.37,0.22,47.22,0.00,0.00,0.00
216.21,0.63,135.39,216.32,0.21,44.98,0.00,0.00,0.00,218.06,0.22,47.23,0.00,0.00,0.00
219.25,0.63,137.20,216.87,0.21,45.09,0.00,0.00,0.00,217.85,0.22,47.04,0.00,0.00,0.00
218.94,0.62,136.83,218.87,0.21,45.76,0.00,0.00,0.00,215.89,0.21,46.24,0.00,0.00,0.00
219.40,0.63,137.21,217.93,0.21,45.52,0.00,0.00,0.00,215.47,0.21,46.11,0.00,0.00,0.00
218.40,0.63,136.77,218.42,0.21,45.76,0.00,0.00,0.00,216.68,0.22,46.68,0.00,0.00,0.00
217.84,0.63,136.74,216.95,0.21,45.11,0.00,0.00,0.00,219.02,0.22,47.77,0.00,0.00,0.00
219.73,0.63,137.62,218.70,0.21,45.78,0.00,0.00,0.00,217.08,0.22,46.76,0.00,0.00,0.00
221.71,0.62,138.08,217.02,0.21,45.12,0.00,0.00,0.00,218.87,0.21,45.56,0.00,0.00,0.00
219.28,0.63,137.48,216.04,0.21,44.82,0.00,0.00,0.00,219.62,0.22,47.79,0.00,0.00,0.00
217.79,0.63,136.88,218.95,0.21,46.03,0.00,0.00,0.00,218.18,0.22,47.36,0.00,0.00,0.00
217.21,0.63,136.69,217.16,0.21,45.41,0.00,0.00,0.00,218.70,0.22,47.72,0.00,0.00,0.00
220.60,0.63,138.39,216.82,0.21,45.24,0.00,0.00,0.00,219.63,0.22,47.71,0.00,0.00,0.00
218.63,0.63,137.37,219.90,0.21,46.24,0.00,0.00,0.00,216.33,0.22,46.78,0.00,0.00,0.00
220.53,0.63,138.74,218.82,0.21,46.31,0.00,0.00,0.00,216.34,0.22,46.83,0.00,0.00,0.00
220.03,0.63,138.15,218.66,0.21,45.66,0.00,0.00,0.00,218.78,0.22,47.68,0.00,0.00,0.00
219.45,0.63,137.94,221.20,0.21,46.72,0.00,0.00,0.00,216.18,0.22,46.62,0.00,0.00,0.00
217.33,0.63,137.49,218.58,0.21,45.95,0.00,0.00,0.00,222.70,0.22,49.03,0.00,0.00,0.00
219.38,0.63,137.93,217.24,0.21,45.33,0.00,0.00,0.00,219.98,0.22,48.00,0.00,0.00,0.00
219.17,0.63,137.75,216.11,0.21,44.67,0.00,0.00,0.00,221.24,0.22,48.70,0.00,0.00,0.00
219.00,0.63,137.77,217.79,0.21,45.63,0.00,0.00,0.00,219.39,0.22,47.80,0.00,0.00,0.00
218.82,0.62,136.75,218.03,0.21,45.47,0.00,0.00,0.00,216.84,0.21,46.62,0.00,0.00,0.00
221.34,0.63,138.43,216.59,0.21,45.12,0.00,0.00,0.00,216.56,0.22,46.85,0.00,0.00,0.00
214.79,0.63,134.63,216.50,0.21,45.16,0.00,0.00,0.00,217.57,0.22,47.06,0.00,0.00,0.00
219.55,0.63,137.63,218.07,0.21,45.49,0.00,0.00,0.00,218.03,0.22,47.41,0.00,0.00,0.00
219.42,0.63,137.66,219.23,0.21,45.88,0.00,0.00,0.00,217.20,0.22,47.00,0.00,0.00,0.00
219.25,0.63,138.03,218.22,0.21,45.37,0.00,0.00,0.00,224.04,0.22,49.20,0.00,0.00,0.00
218.07,0.63,136.34,218.22,0.21,45.84,0.00,0.00,0.00,213.70,0.21,45.64,0.00,0.00,0.00
219.06,0.63,137.65,217.94,0.21,45.74,0.00,0.00,0.00,218.87,0.22,47.62,0.00,0.00,0.00
213.58,0.63,134.16,218.44,0.21,46.01,0.00,0.00,0.00,217.70,0.22,47.05,0.00,0.00,0.00
217.87,0.62,135.85,217.56,0.21,45.20,0.00,0.00,0.00,214.69,0.21,46.16,0.00,0.00,0.00
224.78,0.63,142.11,220.80,0.21,45.92,0.00,0.00,0.00,222.24,0.22,49.05,0.00,0.00,0.00
220.10,0.63,138.65,219.32,0.21,46.18,0.00,0.00,0.00,219.27,0.22,47.75,0.00,0.00,0.00
218.46,0.63,136.95,219.74,0.21,46.37,0.00,0.00,0.00,215.28,0.21,46.19,0.00,0.00,0.00
217.31,0.63,135.88,216.57,0.21,45.23,0.00,0.00,0.00,216.34,0.21,46.65,0.00,0.00,0.00
216.99,0.63,136.91,219.73,0.21,46.63,0.00,0.00,0.00,218.73,0.22,47.61,0.00,0.00,0.00
218.42,0.63,137.86,219.09,0.21,45.88,0.00,0.00,0.00,222.34,0.22,48.86,0.00,0.00,0.00
217.57,0.63,137.10,219.46,0.21,45.91,0.00,0.00,0.00,220.40,0.22,48.34,0.00,0.00,0.00
220.29,0.63,138.63,216.35,0.21,45.26,0.00,0.00,0.00,220.89,0.22,48.39,0.00,0.00,0.00
219.01,0.62,136.75,218.09,0.21,45.46,0.00,0.00,0.00,214.58,0.21,46.13,0.00,0.00,0.00
215.22,0.63,135.88,216.18,0.21,45.32,0.00,0.00,0.00,220.52,0.22,48.64,0.00,0.00,0.00
217.71,0.63,137.03,218.01,0.21,45.49,0.00,0.00,0.00,221.55,0.22,48.54,0.00,0.00,0.00
218.90,0.63,138.24,221.62,0.21,47.26,0.00,0.00,0.00,218.70,0.22,47.46,0.00,0.00,0.00
218.17,0.63,137.38,220.10,0.21,46.19,0.00,0.00,0.00,219.77,0.22,48.03,0.00,0.00,0.00
221.81,0.63,139.44,216.88,0.21,44.92,0.00,0.00,0.00,222.02,0.22,48.82,0.00,0.00,0.00
215.82,0.63,136.10,218.87,0.21,45.73,0.00,0.00,0.00,223.14,0.22,49.13,0.00,0.00,0.00
217.73,0.63,136.79,217.78,0.21,45.52,0.00,0.00,0.00,218.55,0.22,47.52,0.00,0.00,0.00
222.36,0.63,139.36,216.24,0.21,44.94,0.00,0.00,0.00,219.37,0.22,47.61,0.00,0.00,0.00
219.21,0.64,139.29,224.33,0.21,48.23,0.00,0.00,0.00,218.12,0.22,47.26,0.00,0.00,0.00
218.25,0.63,136.91,218.80,0.21,46.00,0.00,0.00,0.00,216.22,0.22,46.68,0.00,0.00,0.00
223.12,0.63,140.61,219.52,0.21,46.31,0.00,0.00,0.00,219.78,0.22,47.94,0.00,0.00,0.00
218.06,0.63,136.95,217.60,0.21,45.55,0.00,0.00,0.00,218.31,0.22,47.53,0.00,0.00,0.00
216.76,0.63,136.91,219.26,0.21,45.87,0.00,0.00,0.00,222.55,0.22,49.14,0.00,0.00,0.00
219.95,0.63,138.45,219.94,0.21,46.34,0.00,0.00,0.00,219.99,0.22,47.90,0.00,0.00,0.00
222.64,0.63,140.47,218.59,0.21,45.60,0.00,0.00,0.00,220.28,0.22,48.54,0.00,0.00,0.00
216.85,0.63,136.62,217.07,0.21,45.25,0.00,0.00,0.00,221.13,0.22,48.63,0.00,0.00,0.00
220.77,0.63,138.94,218.54,0.21,45.56,0.00,0.00,0.00,220.87,0.22,48.44,0.00,0.00,0.00
218.73,0.63,137.56,217.25,0.21,45.15,0.00,0.00,0.00,221.42,0.22,48.63,0.00,0.00,0.00
218.05,0.63,137.38,218.44,0.21,45.56,0.00,0.00,0.00,221.55,0.22,48.70,0.00,0.00,0.00
218.30,0.63,137.64,217.58,0.21,45.73,0.00,0.00,0.00,219.16,0.22,47.92,0.00,0.00,0.00
219.43,0.63,137.64,216.97,0.21,45.07,0.00,0.00,0.00,219.25,0.22,47.80,0.00,0.00,0.00
217.30,0.63,136.66,219.74,0.21,46.13,0.00,0.00,0.00,224.23,0.22,47.55,0.00,0.00,0.00
220.18,0.63,138.25,217.37,0.21,45.40,0.00,0.00,0.00,219.20,0.22,47.67,0.00,0.00,0.00
220.97,0.62,137.66,214.03,0.20,43.91,0.00,0.00,0.00,218.89,0.22,47.48,0.00,0.00,0.00
219.09,0.63,138.76,221.03,0.21,47.14,0.00,0.00,0.00,219.66,0.22,48.11,0.00,0.00,0.00
219.04,0.63,137.42,217.92,0.21,45.34,0.00,0.00,0.00,218.13,0.22,47.56,0.00,0.00,0.00
220.07,0.63,138.22,216.30,0.21,44.83,0.00,0.00,0.00,220.72,0.22,48.37,0.00,0.00,0.00
218.15,0.63,136.93,218.51,0.21,46.01,0.00,0.00,0.00,216.90,0.22,46.94,0.00,0.00,0.00
217.63,0.63,136.97,219.03,0.21,45.95,0.00,0.00,0.00,219.42,0.22,47.91,0.00,0.00,0.00
218.67,0.63,137.44,218.11,0.21,45.59,0.00,0.00,0.00,219.82,0.22,47.87,0.00,0.00,0.00
217.17,0.63,136.16,216.86,0.21,45.05,0.00,0.00,0.00,220.30,0.22,48.05,0.00,0.00,0.00
219.49,0.63,137.92,220.21,0.21,46.21,0.00,0.00,0.00,219.26,0.22,47.56,0.00,0.00,0.00
219.50,0.63,138.27,218.32,0.21,45.89,0.00,0.00,0.00,218.38,0.22,47.82,0.00,0.00,0.00
218.50,0.63,136.89,218.52,0.21,45.91,0.00,0.00,0.00,216.41,0.21,46.53,0.00,0.00,0.00
221.79,0.63,139.02,217.05,0.21,45.35,0.00,0.00,0.00,221.04,0.22,47.10,0.00,0.00,0.00
219.40,0.63,137.99,217.57,0.21,46.12,0.00,0.00,0.00,216.90,0.22,46.92,0.00,0.00,0.00
218.19,0.63,137.23,219.15,0.21,46.16,0.00,0.00,0.00,217.95,0.22,47.46,0.00,0.00,0.00
219.30,0.63,138.17,216.88,0.21,45.10,0.00,0.00,0.00,222.32,0.22,49.01,0.00,0.00,0.00
219.96,0.62,137.46,216.24,0.21,44.78,0.00,0.00,0.00,216.46,0.22,46.83,0.00,0.00,0.00
219.83,0.63,138.49,217.02,0.21,45.30,0.00,0.00,0.00,220.94,0.22,48.54,0.00,0.00,0.00
217.42,0.63,136.34,218.77,0.21,45.76,0.00,0.00,0.00,217.54,0.22,47.07,0.00,0.00,0.00
217.78,0.63,136.61,217.34,0.21,45.72,0.00,0.00,0.00,216.07,0.22,46.68,0.00,0.00,0.00
219.96,0.63,138.40,219.64,0.21,46.39,0.00,0.00,0.00,216.50,0.22,46.96,0.00,0.00,0.00
217.00,0.63,136.48,218.07,0.21,45.98,0.00,0.00,0.00,217.54,0.22,47.31,0.00,0.00,0.00
220.62,0.63,138.94,217.60,0.21,45.55,0.00,0.00,0.00,221.58,0.22,48.65,0.00,0.00,0.00
217.42,0.63,137.09,217.07,0.21,45.41,0.00,0.00,0.00,221.50,0.22,48.84,0.00,0.00,0.00
216.75,0.63,136.51,220.18,0.21,46.69,0.00,0.00,0.00,217.33,0.22,47.13,0.00,0.00,0.00
219.60,0.63,137.50,217.08,0.21,45.21,0.00,0.00,0.00,216.10,0.22,46.73,0.00,0.00,0.00
229.37,0.63,144.38,220.59,0.21,45.52,0.00,0.00,0.00,222.01,0.22,48.70,0.00,0.00,0.00
219.06,0.63,137.43,217.29,0.21,45.54,0.00,0.00,0.00,217.23,0.22,46.94,0.00,0.00,0.00
219.31,0.63,137.42,216.27,0.21,44.86,0.00,0.00,0.00,218.82,0.22,47.65,0.00,0.00,0.00
216.95,0.63,136.36,216.77,0.21,45.12,0.00,0.00,0.00,219.33,0.22,47.97,0.00,0.00,0.00
218.08,0.63,136.86,218.09,0.21,45.61,0.00,0.00,0.00,218.21,0.22,47.35,0.00,0.00,0.00
220.14,0.63,138.17,217.31,0.21,45.56,0.00,0.00,0.00,217.62,0.22,47.15,0.00,0.00,0.00
217.73,0.63,137.23,216.24,0.21,45.16,0.00,0.00,0.00,220.16,0.22,48.40,0.00,0.00,0.00
218.51,0.63,137.29,217.71,0.21,45.44,0.00,0.00,0.00,219.59,0.22,47.90,0.00,0.00,0.00
219.44,0.63,137.15,216.00,0.21,44.97,0.00,0.00,0.00,220.90,0.21,46.53,0.00,0.00,0.00
219.23,0.63,138.38,219.24,0.21,46.09,0.00,0.00,0.00,222.04,0.22,48.82,0.00,0.00,0.00
219.00,0.63,137.35,216.91,0.21,45.05,0.00,0.00,0.00,220.16,0.22,47.96,0.00,0.00,0.00
220.97,0.63,138.63,216.36,0.21,44.92,0.00,0.00,0.00,219.51,0.22,47.91,0.00,0.00,0.00
218.67,0.63,137.19,215.70,0.21,44.69,0.00,0.00,0.00,219.09,0.22,47.83,0.00,0.00,0.00
219.30,0.63,137.73,217.37,0.21,45.24,0.00,0.00,0.00,218.59,0.22,47.73,0.00,0.00,0.00
218.58,0.63,137.37,216.75,0.21,44.86,0.00,0.00,0.00,222.41,0.22,48.95,0.00,0.00,0.00
220.29,0.63,138.86,220.96,0.21,46.90,0.00,0.00,0.00,217.91,0.22,47.17,0.00,0.00,0.00
220.67,0.63,138.13,217.83,0.21,45.43,0.00,0.00,0.00,218.51,0.22,47.17,0.00,0.00,0.00
220.08,0.63,137.84,215.45,0.21,44.62,0.00,0.00,0.00,220.03,0.22,47.82,0.00,0.00,0.00
220.84,0.63,138.49,216.26,0.21,44.85,0.00,0.00,0.00,220.27,0.22,48.06,0.00,0.00,0.00
218.49,0.63,137.18,217.82,0.21,45.41,0.00,0.00,0.00,218.90,0.22,47.69,0.00,0.00,0.00
217.97,0.63,137.29,217.79,0.21,45.49,0.00,0.00,0.00,220.72,0.22,48.47,0.00,0.00,0.00
220.49,0.63,138.81,216.92,0.21,45.20,0.00,0.00,0.00,222.43,0.22,48.85,0.00,0.00,0.00
225.38,0.63,141.03,216.04,0.21,44.80,0.00,0.00,0.00,218.71,0.22,47.45,0.00,0.00,0.00
219.01,0.63,137.44,219.92,0.21,46.40,0.00,0.00,0.00,217.53,0.22,46.96,0.00,0.00,0.00
219.17,0.63,137.89,216.50,0.21,45.09,0.00,0.00,0.00,220.33,0.22,48.45,0.00,0.00,0.00
219.02,0.63,137.91,219.92,0.21,46.14,0.00,0.00,0.00,219.37,0.22,47.89,0.00,0.00,0.00
219.17,0.63,138.10,218.76,0.21,45.74,0.00,0.00,0.00,221.89,0.22,48.77,0.00,0.00,0.00
220.10,0.63,138.71,218.44,0.21,45.79,0.00,0.00,0.00,219.14,0.22,47.94,0.00,0.00,0.00
218.07,0.63,137.24,220.71,0.21,47.02,0.00,0.00,0.00,217.75,0.21,46.95,0.00,0.00,0.00
219.65,0.63,138.11,217.75,0.21,45.48,0.00,0.00,0.00,220.25,0.22,48.07,0.00,0.00,0.00
217.64,0.63,136.19,217.38,0.21,45.42,0.00,0.00,0.00,219.99,0.21,46.39,0.00,0.00,0.00
216.33,0.63,136.02,218.18,0.21,45.70,0.00,0.00,0.00,219.41,0.22,47.86,0.00,0.00,0.00
217.88,0.63,136.64,215.52,0.21,44.97,0.00,0.00,0.00,218.94,0.22,47.55,0.00,0.00,0.00
217.55,0.63,136.93,218.58,0.21,45.89,0.00,0.00,0.00,218.98,0.22,47.84,0.00,0.00,0.00
220.95,0.63,138.37,216.81,0.21,44.92,0.00,0.00,0.00,220.09,0.22,47.92,0.00,0.00,0.00
219.20,0.63,138.30,218.93,0.21,46.16,0.00,0.00,0.00,220.95,0.22,48.38,0.00,0.00,0.00
220.63,0.63,138.26,214.30,0.21,44.48,0.00,0.00,0.00,218.17,0.22,47.45,0.00,0.00,0.00
221.78,0.63,139.18,218.85,0.21,45.89,0.00,0.00,0.00,217.34,0.22,47.07,0.00,0.00,0.00
221.69,0.63,140.24,219.74,0.21,46.38,0.00,0.00,0.00,220.93,0.22,48.71,0.00,0.00,0.00
220.53,0.63,138.19,217.37,0.21,45.31,0.00,0.00,0.00,219.00,0.22,47.47,0.00,0.00,0.00
219.64,0.63,137.93,214.14,0.21,44.32,0.00,0.00,0.00,220.06,0.22,48.42,0.00,0.00,0.00
219.93,0.63,138.24,220.19,0.21,46.23,0.00,0.00,0.00,218.41,0.22,47.48,0.00,0.00,0.00
219.69,0.63,138.69,218.21,0.21,45.50,0.00,0.00,0.00,222.87,0.22,49.43,0.00,0.00,0.00
218.21,0.63,137.61,217.02,0.21,45.36,0.00,0.00,0.00,221.80,0.22,48.82,0.00,0.00,0.00
221.58,0.63,139.20,224.62,0.21,46.72,0.00,0.00,0.00,219.30,0.22,47.77,0.00,0.00,0.00
219.99,0.63,138.58,218.58,0.21,45.68,0.00,0.00,0.00,218.96,0.22,48.16,0.00,0.00,0.00
217.52,0.63,136.71,218.77,0.21,45.71,0.00,0.00,0.00,218.18,0.22,47.58,0.00,0.00,0.00
218.83,0.63,136.99,218.63,0.21,45.88,0.00,0.00,0.00,215.89,0.21,46.39,0.00,0.00,0.00
220.86,0.63,138.84,217.44,0.21,45.52,0.00,0.00,0.00,221.16,0.22,48.37,0.00,0.00,0.00
217.09,0.63,136.23,219.06,0.21,45.89,0.00,0.00,0.00,218.42,0.22,47.34,0.00,0.00,0.00
222.04,0.63,140.15,217.58,0.21,45.57,0.00,0.00,0.00,221.45,0.22,49.00,0.00,0.00,0.00
219.68,0.63,138.90,220.58,0.21,46.58,0.00,0.00,0.00,221.30,0.22,48.68,0.00,0.00,0.00
219.46,0.63,138.13,221.18,0.21,46.74,0.00,0.00,0.00,217.30,0.22,47.12,0.00,0.00,0.00
230.56,0.63,145.17,222.61,0.21,46.41,0.00,0.00,0.00,220.76,0.22,48.18,0.00,0.00,0.00
219.34,0.63,138.53,220.37,0.21,46.71,0.00,0.00,0.00,219.33,0.22,47.89,0.00,0.00,0.00
218.55,0.63,137.73,218.08,0.21,46.00,0.00,0.00,0.00,219.78,0.22,48.08,0.00,0.00,0.00
220.89,0.63,138.81,219.35,0.21,46.20,0.00,0.00,0.00,218.05,0.22,47.21,0.00,0.00,0.00
221.33,0.63,138.70,217.67,0.21,45.68,0.00,0.00,0.00,216.44,0.22,46.83,0.00,0.00,0.00
220.08,0.63,139.30,219.86,0.21,46.50,0.00,0.00,0.00,222.54,0.22,48.61,0.00,0.00,0.00
218.98,0.63,138.14,221.43,0.21,46.96,0.00,0.00,0.00,217.88,0.22,47.40,0.00,0.00,0.00
221.62,0.64,140.79,221.47,0.21,47.10,0.00,0.00,0.00,222.15,0.22,49.16,0.00,0.00,0.00
221.37,0.63,140.43,223.15,0.21,47.91,0.00,0.00,0.00,218.37,0.22,47.66,0.00,0.00,0.00
228.60,0.63,144.53,223.66,0.21,47.11,0.00,0.00,0.00,218.84,0.22,47.96,0.00,0.00,0.00
220.07,0.63,139.38,220.35,0.21,46.55,0.00,0.00,0.00,220.61,0.22,48.65,0.00,0.00,0.00
225.67,0.63,142.50,221.43,0.21,46.99,0.00,0.00,0.00,219.07,0.22,47.93,0.00,0.00,0.00
222.00,0.63,140.40,219.85,0.21,46.51,0.00,0.00,0.00,220.15,0.22,48.53,0.00,0.00,0.00
218.85,0.63,138.06,218.99,0.21,46.17,0.00,0.00,0.00,219.84,0.22,48.28,0.00,0.00,0.00
221.55,0.63,140.17,220.95,0.21,47.01,0.00,0.00,0.00,220.27,0.22,48.40,0.00,0.00,0.00
217.94,0.64,138.68,222.41,0.21,47.86,0.00,0.00,0.00,221.37,0.22,48.83,0.00,0.00,0.00
219.74,0.63,138.83,219.58,0.21,46.33,0.00,0.00,0.00,220.98,0.22,48.59,0.00,0.00,0.00
223.21,0.63,141.41,220.89,0.21,47.02,0.00,0.00,0.00,223.11,0.22,48.06,0.00,0.00,0.00
247.23,0.63,155.81,222.26,0.21,45.74,0.00,0.00,0.00,218.86,0.22,47.88,0.00,0.00,0.00
222.25,0.63,141.03,220.20,0.21,46.78,0.00,0.00,0.00,222.75,0.22,49.32,0.00,0.00,0.00
222.82,0.63,140.54,219.87,0.21,46.69,0.00,0.00,0.00,218.64,0.22,47.70,0.00,0.00,0.00
222.12,0.63,140.00,220.52,0.21,46.49,0.00,0.00,0.00,219.36,0.22,48.05,0.00,0.00,0.00
224.57,0.63,142.18,221.85,0.21,47.32,0.00,0.00,0.00,219.94,0.22,48.13,0.00,0.00,0.00
221.68,0.63,139.98,221.12,0.21,47.09,0.00,0.00,0.00,217.53,0.22,47.29,0.00,0.00,0.00
218.39,0.63,137.37,217.99,0.21,45.89,0.00,0.00,0.00,218.16,0.22,47.36,0.00,0.00,0.00
219.45,0.63,138.93,221.30,0.21,47.03,0.00,0.00,0.00,221.14,0.22,48.71,0.00,0.00,0.00
220.76,0.63,138.69,219.78,0.21,46.11,0.00,0.00,0.00,225.34,0.22,48.62,0.00,0.00,0.00
219.32,0.63,138.72,218.34,0.21,45.85,0.00,0.00,0.00,222.14,0.22,49.12,0.00,0.00,0.00
220.29,0.63,139.27,221.62,0.21,46.80,0.00,0.00,0.00,220.70,0.22,48.50,0.00,0.00,0.00
221.45,0.64,140.99,221.41,0.21,47.52,0.00,0.00,0.00,221.56,0.22,48.86,0.00,0.00,0.00
221.85,0.63,139.96,220.83,0.21,46.77,0.00,0.00,0.00,218.08,0.22,47.52,0.00,0.00,0.00
222.02,0.63,140.63,220.28,0.21,46.42,0.00,0.00,0.00,222.12,0.22,49.19,0.00,0.00,0.00
220.89,0.63,139.72,220.80,0.21,46.80,0.00,0.00,0.00,219.65,0.22,48.21,0.00,0.00,0.00
219.83,0.63,137.82,220.13,0.21,46.55,0.00,0.00,0.00,214.70,0.21,46.01,0.00,0.00,0.00
220.96,0.63,139.76,218.98,0.21,46.25,0.00,0.00,0.00,221.26,0.22,48.82,0.00,0.00,0.00
220.69,0.63,140.02,222.82,0.21,47.34,0.00,0.00,0.00,221.99,0.22,49.27,0.00,0.00,0.00
220.43,0.63,139.57,222.08,0.21,47.23,0.00,0.00,0.00,221.04,0.22,48.54,0.00,0.00,0.00
222.24,0.63,140.72,221.43,0.21,47.22,0.00,0.00,0.00,219.75,0.22,48.24,0.00,0.00,0.00
220.72,0.63,139.53,220.35,0.21,46.87,0.00,0.00,0.00,219.62,0.22,48.08,0.00,0.00,0.00
222.29,0.63,140.18,220.06,0.21,46.41,0.00,0.00,0.00,219.96,0.22,48.08,0.00,0.00,0.00
221.71,0.63,140.26,220.25,0.21,46.40,0.00,0.00,0.00,221.60,0.22,48.93,0.00,0.00,0.00
221.37,0.63,140.00,221.18,0.21,47.07,0.00,0.00,0.00,220.15,0.22,48.26,0.00,0.00,0.00
223.16,0.63,141.19,221.34,0.21,47.14,0.00,0.00,0.00,218.64,0.22,47.79,0.00,0.00,0.00
218.96,0.63,138.22,218.71,0.21,46.00,0.00,0.00,0.00,221.56,0.22,48.67,0.00,0.00,0.00
223.54,0.63,141.44,219.97,0.21,46.62,0.00,0.00,0.00,221.18,0.22,48.73,0.00,0.00,0.00
220.18,0.63,139.60,220.52,0.21,46.76,0.00,0.00,0.00,221.65,0.22,49.15,0.00,0.00,0.00
223.92,0.63,141.23,220.84,0.21,46.95,0.00,0.00,0.00,218.08,0.22,47.50,0.00,0.00,0.00
221.74,0.63,140.41,223.32,0.21,47.76,0.00,0.00,0.00,218.85,0.22,47.84,0.00,0.00,0.00
220.49,0.63,138.32,216.84,0.21,45.23,0.00,0.00,0.00,218.40,0.22,47.50,0.00,0.00,0.00
224.14,0.64,142.38,229.21,0.21,48.31,0.00,0.00,0.00,219.75,0.22,48.17,0.00,0.00,0.00
222.13,0.63,140.80,222.93,0.21,47.51,0.00,0.00,0.00,220.64,0.22,48.43,0.00,0.00,0.00
222.45,0.63,140.99,221.47,0.21,47.22,0.00,0.00,0.00,220.07,0.22,48.31,0.00,0.00,0.00
221.16,0.63,139.41,219.29,0.21,46.40,0.00,0.00,0.00,219.12,0.22,47.76,0.00,0.00,0.00
224.51,0.63,142.01,219.94,0.21,46.68,0.00,0.00,0.00,220.53,0.22,48.51,0.00,0.00,0.00
222.33,0.63,140.82,221.18,0.21,47.18,0.00,0.00,0.00,221.07,0.22,48.52,0.00,0.00,0.00
221.81,0.63,140.28,220.78,0.21,47.05,0.00,0.00,0.00,218.86,0.22,47.85,0.00,0.00,0.00
221.01,0.63,139.66,221.50,0.21,47.02,0.00,0.00,0.00,218.48,0.22,47.85,0.00,0.00,0.00
220.52,0.63,139.99,223.46,0.21,47.99,0.00,0.00,0.00,223.48,0.22,48.95,0.00,0.00,0.00
220.91,0.63,139.42,219.39,0.21,46.31,0.00,0.00,0.00,220.17,0.22,48.25,0.00,0.00,0.00
223.71,0.63,141.19,220.23,0.21,46.67,0.00,0.00,0.00,220.29,0.22,48.21,0.00,0.00,0.00
227.11,0.63,143.35,220.11,0.21,46.66,0.00,0.00,0.00,219.24,0.22,47.99,0.00,0.00,0.00
224.58,0.63,142.00,219.10,0.21,46.18,0.00,0.00,0.00,221.25,0.22,48.75,0.00,0.00,0.00
222.94,0.63,141.00,218.98,0.21,46.33,0.00,0.00,0.00,220.92,0.22,48.67,0.00,0.00,0.00
219.51,0.63,138.63,219.71,0.21,46.28,0.00,0.00,0.00,221.18,0.22,48.61,0.00,0.00,0.00
221.70,0.63,140.11,221.52,0.21,47.24,0.00,0.00,0.00,217.72,0.22,47.34,0.00,0.00,0.00
223.82,0.63,141.54,220.67,0.21,46.96,0.00,0.00,0.00,219.34,0.22,47.93,0.00,0.00,0.00
226.09,0.63,143.25,223.52,0.21,47.95,0.00,0.00,0.00,218.73,0.22,47.68,0.00,0.00,0.00
223.64,0.64,142.19,222.69,0.21,47.62,0.00,0.00,0.00,221.99,0.22,48.99,0.00,0.00,0.00
223.30,0.63,141.66,221.37,0.21,47.22,0.00,0.00,0.00,220.83,0.22,48.58,0.00,0.00,0.00
223.83,0.63,141.58,220.13,0.21,46.58,0.00,0.00,0.00,221.52,0.22,48.68,0.00,0.00,0.00
220.53,0.63,139.30,220.93,0.21,46.88,0.00,0.00,0.00,218.90,0.22,47.82,0.00,0.00,0.00
223.27,0.63,141.77,223.29,0.21,47.85,0.00,0.00,0.00,220.79,0.22,48.52,0.00,0.00,0.00
222.53,0.63,140.38,220.47,0.21,46.64,0.00,0.00,0.00,217.98,0.22,47.61,0.00,0.00,0.00
220.47,0.63,139.11,219.60,0.21,46.36,0.00,0.00,0.00,219.46,0.22,48.01,0.00,0.00,0.00
221.62,0.64,140.87,220.02,0.21,46.67,0.00,0.00,0.00,223.38,0.22,49.66,0.00,0.00,0.00
223.04,0.63,141.43,220.75,0.21,47.05,0.00,0.00,0.00,221.26,0.22,48.74,0.00,0.00,0.00
222.40,0.63,140.51,220.38,0.21,46.65,0.00,0.00,0.00,220.90,0.22,48.43,0.00,0.00,0.00
218.78,0.63,138.90,220.90,0.21,47.06,0.00,0.00,0.00,222.73,0.22,49.13,0.00,0.00,0.00
222.14,0.63,140.61,220.24,0.21,46.79,0.00,0.00,0.00,220.31,0.22,48.33,0.00,0.00,0.00
222.49,0.63,141.26,221.13,0.21,47.07,0.00,0.00,0.00,221.95,0.22,49.04,0.00,0.00,0.00
228.38,0.63,144.67,222.76,0.21,47.35,0.00,0.00,0.00,219.12,0.22,47.82,0.00,0.00,0.00
220.83,0.63,140.03,222.37,0.21,47.59,0.00,0.00,0.00,218.50,0.22,47.79,0.00,0.00,0.00
220.00,0.63,139.47,223.24,0.21,47.84,0.00,0.00,0.00,218.35,0.22,47.89,0.00,0.00,0.00
222.17,0.63,140.13,221.72,0.21,47.18,0.00,0.00,0.00,217.11,0.22,47.01,0.00,0.00,0.00
223.47,0.63,141.32,221.69,0.21,47.24,0.00,0.00,0.00,218.63,0.22,47.75,0.00,0.00,0.00
222.28,0.63,139.84,218.26,0.21,45.82,0.00,0.00,0.00,218.15,0.22,47.45,0.00,0.00,0.00
222.34,0.63,140.32,221.15,0.21,46.74,0.00,0.00,0.00,219.35,0.22,47.95,0.00,0.00,0.00
220.14,0.63,138.33,219.13,0.21,46.11,0.00,0.00,0.00,217.51,0.22,47.16,0.00,0.00,0.00
221.39,0.63,140.01,221.73,0.21,47.15,0.00,0.00,0.00,219.87,0.22,48.23,0.00,0.00,0.00
228.89,0.63,144.34,219.92,0.21,46.41,0.00,0.00,0.00,219.80,0.22,47.98,0.00,0.00,0.00
224.63,0.63,142.01,218.60,0.21,45.84,0.00,0.00,0.00,222.56,0.22,49.41,0.00,0.00,0.00
221.71,0.63,139.98,220.02,0.21,46.66,0.00,0.00,0.00,219.00,0.22,47.77,0.00,0.00,0.00
221.61,0.63,140.58,222.07,0.21,47.30,0.00,0.00,0.00,221.41,0.22,48.80,0.00,0.00,0.00
219.63,0.63,138.18,220.63,0.21,46.53,0.00,0.00,0.00,219.28,0.22,47.73,0.00,0.00,0.00
219.12,0.63,138.23,221.68,0.21,47.11,0.00,0.00,0.00,218.83,0.22,47.58,0.00,0.00,0.00
219.30,0.63,138.18,219.45,0.21,46.24,0.00,0.00,0.00,219.86,0.22,48.01,0.00,0.00,0.00
219.28,0.63,138.29,220.52,0.21,46.63,0.00,0.00,0.00,219.96,0.22,48.12,0.00,0.00,0.00
219.95,0.63,138.91,220.16,0.21,46.73,0.00,0.00,0.00,222.62,0.22,47.84,0.00,0.00,0.00
222.41,0.63,140.01,219.91,0.21,46.16,0.00,0.00,0.00,220.68,0.22,48.37,0.00,0.00,0.00
218.27,0.63,138.57,220.68,0.21,46.94,0.00,0.00,0.00,222.50,0.22,49.21,0.00,0.00,0.00
218.98,0.63,138.06,221.40,0.21,46.92,0.00,0.00,0.00,219.42,0.22,47.79,0.00,0.00,0.00
220.86,0.63,139.29,220.43,0.21,46.54,0.00,0.00,0.00,219.79,0.22,48.02,0.00,0.00,0.00
222.18,0.63,140.42,220.59,0.21,46.62,0.00,0.00,0.00,221.12,0.22,48.56,0.00,0.00,0.00
223.19,0.63,141.24,221.78,0.21,46.83,0.00,0.00,0.00,219.77,0.22,48.04,0.00,0.00,0.00
220.02,0.63,138.82,221.66,0.21,47.01,0.00,0.00,0.00,219.95,0.22,48.02,0.00,0.00,0.00
221.70,0.63,139.45,219.29,0.21,46.32,0.00,0.00,0.00,219.01,0.22,47.63,0.00,0.00,0.00
220.20,0.63,138.95,220.51,0.21,46.68,0.00,0.00,0.00,224.21,0.22,48.57,0.00,0.00,0.00
217.38,0.63,136.22,219.79,0.21,46.08,0.00,0.00,0.00,217.20,0.22,46.92,0.00,0.00,0.00
220.09,0.63,138.95,220.33,0.21,46.75,0.00,0.00,0.00,219.31,0.22,47.96,0.00,0.00,0.00
219.24,0.63,138.32,220.04,0.21,46.21,0.00,0.00,0.00,221.71,0.22,48.90,0.00,0.00,0.00
218.79,0.63,137.76,219.74,0.21,46.32,0.00,0.00,0.00,218.73,0.22,47.63,0.00,0.00,0.00
219.50,0.63,138.47,216.60,0.21,45.45,0.00,0.00,0.00,220.80,0.22,48.71,0.00,0.00,0.00
219.14,0.63,138.06,222.24,0.21,47.31,0.00,0.00,0.00,217.08,0.22,47.08,0.00,0.00,0.00
221.54,0.63,139.70,218.23,0.21,46.21,0.00,0.00,0.00,219.93,0.22,48.06,0.00,0.00,0.00
221.13,0.63,140.01,223.37,0.21,47.91,0.00,0.00,0.00,219.95,0.22,47.91,0.00,0.00,0.00
221.18,0.63,139.19,220.16,0.21,46.59,0.00,0.00,0.00,217.70,0.22,47.27,0.00,0.00,0.00
221.31,0.63,139.86,220.40,0.21,46.65,0.00,0.00,0.00,220.89,0.22,48.65,0.00,0.00,0.00
220.52,0.63,139.31,220.61,0.21,46.72,0.00,0.00,0.00,219.59,0.22,47.98,0.00,0.00,0.00
219.40,0.63,138.56,219.26,0.21,46.20,0.00,0.00,0.00,221.94,0.22,48.84,0.00,0.00,0.00
220.05,0.63,139.43,220.70,0.21,46.78,0.00,0.00,0.00,222.92,0.22,49.16,0.00,0.00,0.00
219.36,0.63,138.53,218.69,0.21,45.91,0.00,0.00,0.00,222.49,0.22,49.01,0.00,0.00,0.00
218.16,0.63,137.68,217.56,0.21,45.70,0.00,0.00,0.00,222.86,0.22,49.14,0.00,0.00,0.00
223.24,0.63,140.89,220.14,0.21,46.52,0.00,0.00,0.00,219.09,0.22,47.91,0.00,0.00,0.00
220.41,0.63,138.76,220.27,0.21,46.62,0.00,0.00,0.00,218.40,0.22,47.38,0.00,0.00,0.00
219.75,0.63,138.01,218.55,0.21,45.80,0.00,0.00,0.00,224.46,0.22,47.60,0.00,0.00,0.00
222.77,0.64,141.75,223.44,0.21,47.98,0.00,0.00,0.00,221.52,0.22,48.91,0.00,0.00,0.00
220.37,0.63,139.09,220.00,0.21,46.66,0.00,0.00,0.00,219.96,0.22,47.94,0.00,0.00,0.00
222.72,0.63,139.86,220.31,0.21,46.62,0.00,0.00,0.00,213.91,0.21,45.96,0.00,0.00,0.00
219.52,0.63,137.60,218.42,0.21,45.69,0.00,0.00,0.00,221.68,0.22,47.08,0.00,0.00,0.00
219.30,0.62,136.94,222.94,0.21,45.54,0.00,0.00,0.00,218.22,0.21,47.05,0.00,0.00,0.00
220.43,0.63,138.75,219.34,0.21,46.28,0.00,0.00,0.00,219.54,0.22,47.72,0.00,0.00,0.00
220.91,0.63,139.59,220.94,0.21,46.61,0.00,0.00,0.00,220.60,0.22,48.58,0.00,0.00,0.00
218.74,0.63,138.01,219.81,0.21,46.77,0.00,0.00,0.00,220.08,0.22,47.84,0.00,0.00,0.00
218.28,0.63,137.50,220.62,0.21,46.70,0.00,0.00,0.00,219.56,0.22,47.72,0.00,0.00,0.00
220.10,0.63,138.14,217.98,0.21,45.69,0.00,0.00,0.00,219.71,0.22,47.86,0.00,0.00,0.00
219.43,0.63,137.47,219.60,0.21,46.26,0.00,0.00,0.00,217.52,0.21,46.96,0.00,0.00,0.00
220.87,0.63,138.53,219.31,0.21,46.10,0.00,0.00,0.00,218.91,0.22,47.28,0.00,0.00,0.00
220.53,0.63,138.33,219.61,0.21,46.25,0.00,0.00,0.00,215.53,0.21,46.36,0.00,0.00,0.00
219.30,0.63,137.57,218.01,0.21,45.60,0.00,0.00,0.00,220.13,0.22,47.98,0.00,0.00,0.00
220.06,0.63,137.80,218.87,0.21,46.15,0.00,0.00,0.00,215.81,0.21,46.36,0.00,0.00,0.00
220.83,0.63,138.08,218.06,0.21,45.63,0.00,0.00,0.00,217.54,0.21,46.76,0.00,0.00,0.00
219.30,0.63,137.37,218.94,0.21,45.95,0.00,0.00,0.00,216.60,0.21,46.62,0.00,0.00,0.00
218.11,0.63,136.76,224.07,0.21,45.55,0.00,0.00,0.00,218.74,0.22,47.42,0.00,0.00,0.00
218.96,0.63,137.78,218.52,0.21,45.76,0.00,0.00,0.00,221.17,0.22,48.35,0.00,0.00,0.00
218.51,0.63,137.37,219.99,0.21,46.48,0.00,0.00,0.00,218.01,0.22,47.15,0.00,0.00,0.00
221.07,0.63,139.17,220.18,0.21,46.44,0.00,0.00,0.00,219.76,0.22,47.79,0.00,0.00,0.00
220.04,0.63,138.51,219.35,0.21,46.11,0.00,0.00,0.00,219.73,0.22,47.88,0.00,0.00,0.00
219.24,0.63,137.41,218.95,0.21,46.01,0.00,0.00,0.00,216.57,0.21,46.67,0.00,0.00,0.00
222.91,0.63,140.33,220.25,0.21,46.55,0.00,0.00,0.00,218.72,0.22,47.69,0.00,0.00,0.00
222.43,0.63,139.42,219.17,0.21,46.03,0.00,0.00,0.00,218.97,0.22,47.43,0.00,0.00,0.00
219.99,0.63,138.33,219.49,0.21,46.17,0.00,0.00,0.00,219.73,0.22,47.95,0.00,0.00,0.00
219.46,0.63,137.28,218.66,0.21,45.84,0.00,0.00,0.00,217.14,0.21,46.78,0.00,0.00,0.00
219.72,0.63,137.48,218.33,0.21,45.81,0.00,0.00,0.00,217.30,0.21,46.87,0.00,0.00,0.00
220.79,0.63,138.65,218.59,0.21,45.92,0.00,0.00,0.00,219.42,0.22,47.77,0.00,0.00,0.00
220.80,0.63,139.81,223.71,0.21,47.84,0.00,0.00,0.00,218.55,0.22,47.79,0.00,0.00,0.00
219.43,0.63,137.79,217.89,0.21,45.77,0.00,0.00,0.00,217.07,0.22,47.12,0.00,0.00,0.00
219.60,0.63,138.10,221.96,0.21,46.95,0.00,0.00,0.00,218.98,0.22,47.48,0.00,0.00,0.00
217.76,0.63,136.53,219.21,0.21,46.05,0.00,0.00,0.00,218.65,0.21,47.17,0.00,0.00,0.00
221.85,0.63,139.35,219.93,0.21,46.31,0.00,0.00,0.00,218.46,0.22,47.47,0.00,0.00,0.00
218.34,0.63,137.29,219.17,0.21,46.04,0.00,0.00,0.00,223.63,0.22,48.05,0.00,0.00,0.00
221.43,0.63,138.74,218.26,0.21,45.76,0.00,0.00,0.00,217.42,0.21,46.95,0.00,0.00,0.00
218.77,0.63,137.68,218.85,0.21,46.04,0.00,0.00,0.00,219.37,0.22,47.76,0.00,0.00,0.00
219.94,0.63,138.15,221.62,0.21,46.89,0.00,0.00,0.00,218.31,0.22,47.20,0.00,0.00,0.00
218.25,0.63,137.14,219.27,0.21,46.13,0.00,0.00,0.00,219.64,0.22,47.66,0.00,0.00,0.00
219.86,0.63,138.54,221.75,0.21,46.87,0.00,0.00,0.00,219.96,0.22,47.96,0.00,0.00,0.00
222.49,0.63,139.63,218.95,0.21,45.93,0.00,0.00,0.00,220.26,0.22,47.84,0.00,0.00,0.00
221.61,0.63,138.75,219.00,0.21,45.82,0.00,0.00,0.00,218.65,0.21,47.12,0.00,0.00,0.00
218.39,0.63,137.49,220.27,0.21,46.47,0.00,0.00,0.00,219.95,0.22,47.87,0.00,0.00,0.00
219.04,0.63,137.82,219.86,0.21,46.39,0.00,0.00,0.00,219.49,0.22,47.81,0.00,0.00,0.00
220.01,0.63,138.26,218.63,0.21,46.08,0.00,0.00,0.00,219.60,0.22,47.71,0.00,0.00,0.00
219.83,0.63,138.00,220.29,0.21,46.39,0.00,0.00,0.00,219.57,0.22,47.44,0.00,0.00,0.00
218.55,0.63,137.19,220.80,0.21,46.64,0.00,0.00,0.00,216.45,0.21,46.60,0.00,0.00,0.00
217.89,0.63,136.41,218.03,0.21,45.67,0.00,0.00,0.00,226.85,0.21,46.68,0.00,0.00,0.00
220.15,0.63,137.83,218.11,0.21,45.61,0.00,0.00,0.00,218.47,0.22,47.17,0.00,0.00,0.00
220.87,0.63,138.97,218.26,0.21,45.66,0.00,0.00,0.00,220.86,0.22,48.40,0.00,0.00,0.00
223.93,0.63,140.53,218.31,0.21,45.58,0.00,0.00,0.00,219.54,0.22,47.78,0.00,0.00,0.00
219.91,0.63,138.08,218.80,0.21,46.09,0.00,0.00,0.00,217.95,0.22,47.29,0.00,0.00,0.00
217.91,0.63,137.05,220.11,0.21,46.57,0.00,0.00,0.00,218.70,0.22,47.28,0.00,0.00,0.00
220.20,0.62,137.55,217.60,0.21,45.51,0.00,0.00,0.00,217.20,0.21,46.59,0.00,0.00,0.00
219.49,0.62,137.05,219.00,0.21,45.79,0.00,0.00,0.00,216.36,0.21,46.36,0.00,0.00,0.00
218.83,0.62,136.49,217.96,0.21,45.36,0.00,0.00,0.00,217.08,0.21,46.51,0.00,0.00,0.00
220.74,0.63,138.03,217.69,0.21,45.45,0.00,0.00,0.00,217.44,0.21,46.78,0.00,0.00,0.00
221.68,0.63,139.17,218.70,0.21,45.73,0.00,0.00,0.00,219.40,0.22,47.73,0.00,0.00,0.00
217.72,0.63,136.82,219.40,0.21,46.14,0.00,0.00,0.00,219.03,0.22,47.53,0.00,0.00,0.00
218.33,0.63,136.48,218.24,0.21,45.61,0.00,0.00,0.00,217.16,0.21,46.71,0.00,0.00,0.00
222.74,0.63,139.75,218.61,0.21,45.98,0.00,0.00,0.00,218.16,0.22,47.18,0.00,0.00,0.00
226.22,0.63,141.60,215.91,0.21,44.81,0.00,0.00,0.00,217.01,0.21,46.81,0.00,0.00,0.00
218.95,0.62,136.35,219.67,0.21,46.29,0.00,0.00,0.00,212.37,0.21,44.79,0.00,0.00,0.00
218.49,0.63,137.08,219.51,0.21,46.22,0.00,0.00,0.00,217.12,0.21,46.84,0.00,0.00,0.00
218.37,0.63,136.94,220.02,0.21,46.20,0.00,0.00,0.00,218.43,0.21,47.11,0.00,0.00,0.00
219.14,0.63,137.58,219.94,0.21,46.43,0.00,0.00,0.00,217.70,0.22,47.07,0.00,0.00,0.00
221.57,0.63,139.90,224.32,0.21,48.27,0.00,0.00,0.00,217.85,0.21,46.94,0.00,0.00,0.00
216.96,0.63,135.63,217.84,0.21,45.50,0.00,0.00,0.00,216.71,0.21,46.60,0.00,0.00,0.00
219.22,0.63,137.40,218.37,0.21,45.65,0.00,0.00,0.00,218.40,0.22,47.29,0.00,0.00,0.00
220.21,0.63,138.38,219.31,0.21,46.12,0.00,0.00,0.00,219.83,0.22,47.86,0.00,0.00,0.00
217.19,0.63,136.75,220.75,0.21,46.58,0.00,0.00,0.00,219.08,0.22,47.61,0.00,0.00,0.00
219.09,0.63,137.77,219.73,0.21,46.35,0.00,0.00,0.00,218.90,0.22,47.54,0.00,0.00,0.00
219.33,0.59,130.35,0.00,0.00,0.00,218.63,0.18,23.12,218.13,0.22,47.15,0.00,0.00,0.00
220.61,0.64,140.48,0.00,0.00,0.00,219.91,0.22,36.29,218.79,0.22,47.34,0.00,0.00,0.00
219.21,0.65,141.49,0.00,0.00,0.00,218.51,0.22,36.91,227.77,0.22,48.95,0.00,0.00,0.00
220.36,0.64,141.06,0.00,0.00,0.00,219.66,0.22,37.10,219.30,0.22,47.67,0.00,0.00,0.00
219.36,0.64,140.92,0.00,0.00,0.00,218.66,0.22,36.67,221.98,0.22,48.64,0.00,0.00,0.00
220.23,0.64,139.88,0.00,0.00,0.00,219.53,0.22,35.39,215.61,0.21,46.20,0.00,0.00,0.00
220.53,0.64,141.24,0.00,0.00,0.00,219.83,0.22,36.10,218.81,0.22,47.51,0.00,0.00,0.00
222.13,0.64,141.19,0.00,0.00,0.00,221.43,0.22,35.24,218.12,0.21,46.94,0.00,0.00,0.00
220.86,0.64,141.94,0.00,0.00,0.00,220.16,0.22,36.83,222.09,0.22,48.90,0.00,0.00,0.00
221.75,0.64,141.50,0.00,0.00,0.00,221.05,0.22,37.07,217.17,0.21,46.71,0.00,0.00,0.00
221.90,0.64,142.00,0.00,0.00,0.00,221.20,0.22,35.91,220.69,0.22,48.15,0.00,0.00,0.00
220.47,0.64,140.90,0.00,0.00,0.00,219.77,0.22,36.99,218.09,0.22,47.19,0.00,0.00,0.00
221.45,0.64,141.53,0.00,0.00,0.00,220.75,0.22,36.79,219.03,0.22,47.54,0.00,0.00,0.00
218.15,0.64,139.22,0.00,0.00,0.00,217.45,0.22,36.13,219.47,0.22,47.09,0.00,0.00,0.00
220.66,0.64,140.62,0.00,0.00,0.00,219.96,0.22,36.58,218.63,0.21,47.26,0.00,0.00,0.00
219.01,0.64,139.66,0.00,0.00,0.00,218.31,0.22,35.70,217.73,0.22,47.15,0.00,0.00,0.00
222.28,0.64,141.60,0.00,0.00,0.00,221.58,0.22,36.53,217.63,0.21,47.03,0.00,0.00,0.00
219.59,0.64,140.26,0.00,0.00,0.00,218.89,0.22,36.85,218.62,0.22,47.25,0.00,0.00,0.00
220.16,0.64,140.55,0.00,0.00,0.00,219.46,0.22,35.57,219.05,0.22,47.62,0.00,0.00,0.00
227.57,0.64,145.37,0.00,0.00,0.00,226.87,0.22,36.48,220.93,0.22,48.01,0.00,0.00,0.00
218.37,0.64,139.24,0.00,0.00,0.00,217.67,0.22,36.49,218.77,0.22,47.43,0.00,0.00,0.00
219.07,0.64,140.23,0.00,0.00,0.00,218.37,0.22,36.02,219.40,0.22,47.68,0.00,0.00,0.00
221.12,0.64,140.81,0.00,0.00,0.00,220.42,0.22,36.74,217.49,0.21,46.80,0.00,0.00,0.00
219.85,0.63,139.47,0.00,0.00,0.00,219.15,0.22,36.39,220.20,0.21,46.00,0.00,0.00,0.00
220.19,0.64,140.36,0.00,0.00,0.00,219.49,0.22,36.71,218.26,0.21,47.04,0.00,0.00,0.00
219.60,0.64,140.40,0.00,0.00,0.00,218.90,0.22,36.46,220.67,0.22,48.27,0.00,0.00,0.00
220.42,0.64,140.47,0.00,0.00,0.00,219.72,0.22,36.42,218.85,0.22,47.37,0.00,0.00,0.00
217.42,0.64,138.62,0.00,0.00,0.00,216.72,0.22,36.59,219.15,0.22,47.42,0.00,0.00,0.00
218.78,0.64,139.28,0.00,0.00,0.00,218.08,0.22,36.78,217.60,0.21,46.66,0.00,0.00,0.00
218.84,0.64,139.08,0.00,0.00,0.00,218.14,0.22,36.27,216.94,0.21,46.76,0.00,0.00,0.00
223.45,0.64,142.26,0.00,0.00,0.00,222.75,0.22,35.09,218.94,0.22,47.30,0.00,0.00,0.00
219.12,0.64,139.75,0.00,0.00,0.00,218.42,0.22,36.34,220.14,0.22,47.78,0.00,0.00,0.00
219.89,0.64,139.80,0.00,0.00,0.00,219.19,0.22,35.81,216.54,0.21,46.48,0.00,0.00,0.00
219.47,0.64,140.48,0.00,0.00,0.00,218.77,0.22,36.98,223.96,0.22,48.27,0.00,0.00,0.00
217.50,0.64,138.27,0.00,0.00,0.00,216.80,0.22,35.81,219.62,0.22,47.59,0.00,0.00,0.00
221.73,0.64,141.12,0.00,0.00,0.00,221.03,0.22,36.65,217.09,0.21,46.59,0.00,0.00,0.00
218.32,0.64,138.70,0.00,0.00,0.00,217.62,0.22,35.90,218.59,0.22,47.18,0.00,0.00,0.00
219.60,0.64,139.60,0.00,0.00,0.00,218.90,0.22,36.33,217.45,0.21,46.73,0.00,0.00,0.00
218.35,0.64,139.44,0.00,0.00,0.00,217.65,0.22,36.09,221.77,0.22,48.52,0.00,0.00,0.00
221.70,0.64,141.09,0.00,0.00,0.00,221.00,0.22,35.51,217.84,0.22,47.10,0.00,0.00,0.00
217.89,0.63,138.02,0.00,0.00,0.00,217.19,0.22,35.84,216.18,0.21,46.22,0.00,0.00,0.00
217.80,0.63,138.20,0.00,0.00,0.00,217.10,0.22,36.11,217.07,0.21,46.64,0.00,0.00,0.00
218.08,0.64,138.83,0.00,0.00,0.00,217.38,0.22,36.05,219.06,0.22,47.43,0.00,0.00,0.00
217.74,0.63,138.11,0.00,0.00,0.00,217.04,0.22,35.78,217.73,0.21,46.91,0.00,0.00,0.00
218.38,0.63,137.93,0.00,0.00,0.00,217.68,0.22,34.37,216.27,0.21,46.18,0.00,0.00,0.00
216.93,0.63,137.34,0.00,0.00,0.00,216.23,0.22,35.76,214.96,0.21,45.66,0.00,0.00,0.00
216.98,0.63,137.57,0.00,0.00,0.00,216.28,0.22,36.08,216.36,0.21,46.24,0.00,0.00,0.00
221.56,0.63,140.66,0.00,0.00,0.00,220.86,0.22,36.11,217.92,0.21,46.78,0.00,0.00,0.00
216.92,0.64,137.78,0.00,0.00,0.00,216.22,0.22,36.06,217.43,0.21,46.87,0.00,0.00,0.00
217.70,0.64,138.62,0.00,0.00,0.00,217.00,0.22,36.32,217.51,0.21,46.97,0.00,0.00,0.00
220.46,0.63,139.99,0.00,0.00,0.00,219.76,0.22,36.21,216.77,0.21,46.51,0.00,0.00,0.00
217.87,0.63,137.34,0.00,0.00,0.00,217.17,0.21,35.17,216.12,0.21,46.07,0.00,0.00,0.00
218.09,0.63,138.45,0.00,0.00,0.00,217.39,0.22,36.20,217.80,0.21,46.74,0.00,0.00,0.00
218.66,0.63,138.83,0.00,0.00,0.00,217.96,0.22,35.68,219.22,0.22,47.43,0.00,0.00,0.00
217.66,0.64,139.14,0.00,0.00,0.00,216.96,0.22,35.47,220.53,0.22,48.02,0.00,0.00,0.00
217.40,0.63,137.95,0.00,0.00,0.00,216.70,0.22,35.72,218.39,0.21,47.06,0.00,0.00,0.00
218.28,0.63,138.43,0.00,0.00,0.00,217.58,0.22,36.05,218.57,0.21,46.86,0.00,0.00,0.00
217.50,0.63,137.72,0.00,0.00,0.00,216.80,0.22,36.05,216.49,0.21,46.15,0.00,0.00,0.00
222.01,0.63,140.33,0.00,0.00,0.00,221.31,0.22,35.41,215.41,0.21,45.86,0.00,0.00,0.00
218.86,0.63,138.87,0.00,0.00,0.00,218.16,0.22,35.55,219.18,0.22,47.37,0.00,0.00,0.00
216.77,0.64,137.93,0.00,0.00,0.00,216.07,0.22,35.92,219.50,0.22,47.60,0.00,0.00,0.00
219.51,0.64,140.13,0.00,0.00,0.00,218.81,0.22,36.16,219.94,0.22,47.89,0.00,0.00,0.00
216.92,0.63,136.80,0.00,0.00,0.00,216.22,0.22,35.89,213.13,0.21,45.02,0.00,0.00,0.00
221.56,0.63,140.17,0.00,0.00,0.00,220.86,0.22,35.49,217.17,0.21,46.54,0.00,0.00,0.00
215.83,0.63,136.41,0.00,0.00,0.00,215.13,0.22,35.59,216.19,0.21,46.13,0.00,0.00,0.00
217.06,0.63,137.49,0.00,0.00,0.00,216.36,0.22,35.68,216.70,0.21,46.44,0.00,0.00,0.00
216.09,0.63,136.27,0.00,0.00,0.00,215.39,0.22,35.49,214.96,0.21,45.67,0.00,0.00,0.00
215.48,0.63,136.18,0.00,0.00,0.00,214.78,0.22,35.84,215.68,0.21,45.88,0.00,0.00,0.00
217.70,0.63,137.18,0.00,0.00,0.00,217.00,0.22,34.53,216.32,0.21,45.93,0.00,0.00,0.00
219.22,0.63,138.92,0.00,0.00,0.00,218.52,0.22,35.65,217.60,0.21,46.80,0.00,0.00,0.00
218.60,0.63,138.46,0.00,0.00,0.00,217.90,0.22,35.38,218.52,0.21,46.98,0.00,0.00,0.00
217.93,0.63,137.72,0.00,0.00,0.00,217.23,0.22,35.52,216.99,0.21,46.49,0.00,0.00,0.00
216.69,0.63,137.10,0.00,0.00,0.00,215.99,0.22,35.72,216.23,0.21,46.12,0.00,0.00,0.00
220.44,0.63,139.97,0.00,0.00,0.00,219.74,0.22,35.57,217.71,0.21,46.60,0.00,0.00,0.00
217.97,0.63,137.77,0.00,0.00,0.00,217.27,0.22,35.80,215.45,0.21,45.89,0.00,0.00,0.00
219.55,0.63,138.50,0.00,0.00,0.00,218.85,0.22,35.55,215.47,0.21,45.77,0.00,0.00,0.00
222.16,0.63,140.69,0.00,0.00,0.00,221.46,0.22,34.94,217.87,0.21,46.66,0.00,0.00,0.00
221.45,0.63,140.16,0.00,0.00,0.00,220.75,0.22,35.47,218.09,0.21,46.87,0.00,0.00,0.00
217.71,0.63,137.67,0.00,0.00,0.00,217.01,0.22,35.90,216.92,0.21,46.19,0.00,0.00,0.00
218.44,0.63,138.12,0.00,0.00,0.00,217.74,0.22,35.08,215.75,0.21,45.83,0.00,0.00,0.00
218.26,0.63,138.20,0.00,0.00,0.00,217.56,0.22,35.81,217.38,0.21,46.55,0.00,0.00,0.00
219.44,0.63,138.84,0.00,0.00,0.00,218.74,0.22,35.64,214.35,0.21,45.94,0.00,0.00,0.00
217.75,0.63,137.80,0.00,0.00,0.00,217.05,0.22,35.73,216.09,0.21,46.14,0.00,0.00,0.00
218.65,0.63,138.28,0.00,0.00,0.00,217.95,0.22,35.58,216.69,0.21,46.29,0.00,0.00,0.00
216.31,0.63,137.09,0.00,0.00,0.00,215.61,0.22,36.13,216.72,0.21,46.30,0.00,0.00,0.00
220.17,0.64,140.09,0.00,0.00,0.00,219.47,0.22,35.78,220.60,0.22,47.99,0.00,0.00,0.00
218.15,0.63,138.44,0.00,0.00,0.00,217.45,0.22,35.82,218.25,0.21,46.99,0.00,0.00,0.00
217.32,0.64,138.09,0.00,0.00,0.00,216.62,0.22,35.91,218.25,0.22,47.09,0.00,0.00,0.00
219.36,0.63,138.62,0.00,0.00,0.00,218.66,0.22,35.64,216.34,0.21,46.23,0.00,0.00,0.00
220.65,0.63,139.57,0.00,0.00,0.00,219.95,0.22,35.93,216.34,0.21,46.07,0.00,0.00,0.00
219.24,0.63,138.66,0.00,0.00,0.00,218.54,0.22,35.83,216.12,0.21,45.96,0.00,0.00,0.00
218.08,0.64,138.48,0.00,0.00,0.00,217.38,0.22,35.42,217.43,0.21,46.51,0.00,0.00,0.00
218.33,0.63,138.23,0.00,0.00,0.00,217.63,0.22,36.09,216.40,0.21,46.11,0.00,0.00,0.00
219.08,0.64,139.68,0.00,0.00,0.00,218.38,0.22,36.13,221.36,0.22,48.12,0.00,0.00,0.00
218.21,0.64,138.57,0.00,0.00,0.00,217.51,0.22,35.36,216.58,0.21,46.32,0.00,0.00,0.00
219.13,0.63,138.09,0.00,0.00,0.00,218.43,0.22,35.83,213.76,0.21,45.05,0.00,0.00,0.00
221.82,0.63,140.27,0.00,0.00,0.00,221.12,0.22,35.95,216.33,0.21,45.99,0.00,0.00,0.00
220.82,0.63,139.74,0.00,0.00,0.00,220.12,0.22,35.86,216.76,0.21,46.27,0.00,0.00,0.00
217.77,0.63,137.90,0.00,0.00,0.00,217.07,0.22,36.10,216.58,0.21,46.19,0.00,0.00,0.00
216.28,0.63,136.73,0.00,0.00,0.00,215.58,0.22,35.84,216.52,0.21,46.19,0.00,0.00,0.00
219.73,0.63,138.20,0.00,0.00,0.00,219.03,0.22,35.56,218.86,0.21,45.02,0.00,0.00,0.00
217.20,0.63,137.17,0.00,0.00,0.00,216.50,0.22,36.22,214.16,0.21,45.29,0.00,0.00,0.00
219.38,0.64,139.57,0.00,0.00,0.00,218.68,0.22,35.33,218.03,0.21,46.88,0.00,0.00,0.00
216.02,0.63,136.91,0.00,0.00,0.00,215.32,0.22,35.65,217.98,0.21,46.81,0.00,0.00,0.00
218.42,0.63,137.85,0.00,0.00,0.00,217.72,0.22,35.52,215.92,0.21,46.09,0.00,0.00,0.00
217.93,0.63,137.84,0.00,0.00,0.00,217.23,0.22,35.91,216.29,0.21,46.15,0.00,0.00,0.00
217.65,0.63,137.79,0.00,0.00,0.00,216.95,0.22,35.92,217.18,0.21,46.51,0.00,0.00,0.00
216.63,0.63,137.19,0.00,0.00,0.00,215.93,0.22,35.10,216.63,0.21,46.23,0.00,0.00,0.00
218.37,0.63,138.44,0.00,0.00,0.00,217.67,0.22,34.79,218.42,0.21,47.03,0.00,0.00,0.00
220.06,0.63,139.47,0.00,0.00,0.00,219.36,0.22,35.70,218.12,0.21,46.97,0.00,0.00,0.00
217.14,0.63,137.71,0.00,0.00,0.00,216.44,0.22,34.87,217.58,0.21,46.58,0.00,0.00,0.00
223.56,0.63,141.65,0.00,0.00,0.00,222.86,0.22,35.59,218.12,0.21,47.02,0.00,0.00,0.00
215.10,0.63,135.77,0.00,0.00,0.00,214.40,0.22,35.25,217.23,0.21,46.35,0.00,0.00,0.00
220.55,0.63,139.34,0.00,0.00,0.00,219.85,0.22,36.01,214.89,0.21,45.65,0.00,0.00,0.00
217.95,0.63,137.43,0.00,0.00,0.00,217.25,0.22,35.32,215.92,0.21,45.95,0.00,0.00,0.00
220.47,0.63,139.46,0.00,0.00,0.00,219.77,0.22,36.04,215.72,0.21,45.87,0.00,0.00,0.00
217.36,0.63,137.07,0.00,0.00,0.00,216.66,0.22,35.51,215.67,0.21,45.90,0.00,0.00,0.00
217.65,0.63,137.38,0.00,0.00,0.00,216.95,0.22,36.05,215.50,0.21,45.59,0.00,0.00,0.00
217.49,0.63,137.40,0.00,0.00,0.00,216.79,0.22,35.83,215.88,0.21,45.91,0.00,0.00,0.00
218.01,0.63,137.32,0.00,0.00,0.00,217.31,0.22,34.99,215.41,0.21,45.62,0.00,0.00,0.00
220.87,0.63,139.61,0.00,0.00,0.00,220.17,0.22,35.99,215.66,0.21,45.77,0.00,0.00,0.00
217.34,0.63,137.54,0.00,0.00,0.00,216.64,0.22,35.64,217.53,0.21,46.61,0.00,0.00,0.00
217.56,0.63,137.29,0.00,0.00,0.00,216.86,0.22,35.30,216.25,0.21,46.10,0.00,0.00,0.00
216.54,0.64,137.55,0.00,0.00,0.00,215.84,0.22,35.96,219.18,0.22,47.26,0.00,0.00,0.00
220.92,0.63,139.97,0.00,0.00,0.00,220.22,0.22,35.59,222.58,0.21,47.29,0.00,0.00,0.00
221.14,0.63,140.08,0.00,0.00,0.00,220.44,0.22,36.14,217.23,0.21,46.37,0.00,0.00,0.00
218.32,0.63,138.00,0.00,0.00,0.00,217.62,0.22,35.51,217.41,0.21,46.56,0.00,0.00,0.00
221.70,0.63,140.28,0.00,0.00,0.00,221.00,0.22,36.29,216.03,0.21,45.88,0.00,0.00,0.00
218.16,0.63,137.57,0.00,0.00,0.00,217.46,0.22,35.80,214.55,0.21,45.38,0.00,0.00,0.00
226.43,0.63,143.14,0.00,0.00,0.00,225.73,0.22,35.87,216.02,0.21,45.97,0.00,0.00,0.00
217.57,0.63,137.75,0.00,0.00,0.00,216.87,0.22,34.93,216.83,0.21,46.38,0.00,0.00,0.00
216.97,0.64,138.35,0.00,0.00,0.00,216.27,0.22,35.85,221.67,0.22,48.43,0.00,0.00,0.00
217.12,0.63,136.98,0.00,0.00,0.00,216.42,0.21,35.26,216.90,0.21,46.29,0.00,0.00,0.00
217.14,0.63,137.01,0.00,0.00,0.00,216.44,0.22,36.11,218.11,0.21,45.02,0.00,0.00,0.00
217.32,0.63,137.77,0.00,0.00,0.00,216.62,0.22,35.04,217.66,0.21,46.67,0.00,0.00,0.00
217.66,0.63,137.26,0.00,0.00,0.00,216.96,0.22,35.52,215.64,0.21,45.86,0.00,0.00,0.00
217.18,0.63,137.58,0.00,0.00,0.00,216.48,0.22,36.16,216.73,0.21,46.27,0.00,0.00,0.00
220.39,0.64,140.62,0.00,0.00,0.00,219.69,0.22,35.38,219.57,0.22,47.57,0.00,0.00,0.00
215.91,0.63,136.80,0.00,0.00,0.00,215.21,0.22,35.65,218.41,0.21,46.99,0.00,0.00,0.00
221.01,0.63,139.81,0.00,0.00,0.00,220.31,0.22,35.50,216.93,0.21,46.48,0.00,0.00,0.00
217.01,0.64,138.20,0.00,0.00,0.00,216.31,0.22,36.05,221.10,0.22,48.15,0.00,0.00,0.00
215.92,0.63,136.00,0.00,0.00,0.00,215.22,0.21,34.50,216.89,0.21,46.27,0.00,0.00,0.00
216.79,0.63,137.02,0.00,0.00,0.00,216.09,0.22,35.74,216.25,0.21,46.15,0.00,0.00,0.00
219.91,0.63,138.99,0.00,0.00,0.00,219.21,0.22,35.65,216.99,0.21,46.48,0.00,0.00,0.00
216.32,0.63,136.45,0.00,0.00,0.00,215.62,0.22,35.49,216.50,0.21,46.06,0.00,0.00,0.00
215.40,0.63,135.55,0.00,0.00,0.00,214.70,0.22,35.46,214.89,0.21,45.46,0.00,0.00,0.00
217.97,0.63,137.31,0.00,0.00,0.00,217.27,0.22,35.33,214.77,0.21,45.58,0.00,0.00,0.00
216.86,0.63,136.05,0.00,0.00,0.00,216.16,0.21,35.10,213.10,0.21,44.73,0.00,0.00,0.00
217.64,0.63,136.44,0.00,0.00,0.00,216.94,0.21,34.96,212.98,0.21,44.67,0.00,0.00,0.00
218.02,0.63,138.03,0.00,0.00,0.00,217.32,0.21,35.16,218.83,0.21,47.13,0.00,0.00,0.00
217.10,0.63,137.11,0.00,0.00,0.00,216.40,0.21,35.10,218.01,0.21,46.71,0.00,0.00,0.00
215.12,0.63,135.05,0.00,0.00,0.00,214.42,0.21,34.94,214.58,0.21,45.32,0.00,0.00,0.00
216.84,0.63,137.25,0.00,0.00,0.00,216.14,0.21,35.42,218.14,0.21,46.50,0.00,0.00,0.00
217.52,0.63,136.56,0.00,0.00,0.00,216.82,0.21,34.73,215.01,0.21,45.59,0.00,0.00,0.00
214.10,0.63,134.35,0.00,0.00,0.00,213.40,0.21,35.12,213.33,0.21,44.79,0.00,0.00,0.00
215.10,0.63,135.06,0.00,0.00,0.00,214.40,0.21,34.90,214.48,0.21,45.30,0.00,0.00,0.00
216.72,0.63,136.76,0.00,0.00,0.00,216.02,0.21,35.41,216.79,0.21,46.35,0.00,0.00,0.00
216.08,0.63,135.58,0.00,0.00,0.00,215.38,0.21,34.93,214.65,0.21,45.36,0.00,0.00,0.00
216.36,0.63,136.76,0.00,0.00,0.00,215.66,0.22,35.66,217.35,0.21,46.45,0.00,0.00,0.00
218.52,0.63,137.13,0.00,0.00,0.00,217.82,0.21,34.87,215.14,0.21,45.49,0.00,0.00,0.00
215.03,0.62,134.35,0.00,0.00,0.00,214.33,0.21,34.91,211.40,0.21,43.97,0.00,0.00,0.00
216.66,0.63,136.65,0.00,0.00,0.00,215.96,0.22,35.29,215.88,0.21,45.99,0.00,0.00,0.00
219.50,0.63,137.79,0.00,0.00,0.00,218.80,0.21,34.57,214.84,0.21,45.55,0.00,0.00,0.00
215.97,0.63,135.55,0.00,0.00,0.00,215.27,0.21,35.04,213.78,0.21,45.04,0.00,0.00,0.00
216.06,0.63,136.16,0.00,0.00,0.00,215.36,0.22,35.42,215.33,0.21,45.81,0.00,0.00,0.00
215.15,0.63,135.39,0.00,0.00,0.00,214.45,0.22,35.73,214.16,0.21,45.12,0.00,0.00,0.00
217.09,0.63,136.90,0.00,0.00,0.00,216.39,0.22,35.45,217.72,0.21,45.91,0.00,0.00,0.00
212.13,0.63,133.35,0.00,0.00,0.00,211.43,0.21,33.88,215.32,0.21,45.68,0.00,0.00,0.00
216.19,0.63,135.56,0.00,0.00,0.00,215.49,0.21,34.11,214.35,0.21,45.17,0.00,0.00,0.00
218.61,0.63,137.19,0.00,0.00,0.00,217.91,0.21,35.11,213.00,0.21,44.81,0.00,0.00,0.00
217.53,0.63,137.21,0.00,0.00,0.00,216.83,0.21,34.82,217.36,0.21,46.48,0.00,0.00,0.00
216.42,0.63,136.26,0.00,0.00,0.00,215.72,0.22,34.44,215.07,0.21,45.47,0.00,0.00,0.00
215.98,0.63,135.51,0.00,0.00,0.00,215.28,0.21,34.85,214.02,0.21,45.22,0.00,0.00,0.00
214.89,0.63,135.16,0.00,0.00,0.00,214.19,0.21,34.64,216.21,0.21,45.98,0.00,0.00,0.00
216.40,0.63,136.37,0.00,0.00,0.00,215.70,0.21,34.91,217.11,0.21,46.30,0.00,0.00,0.00
215.95,0.63,136.09,0.00,0.00,0.00,215.25,0.21,34.67,217.74,0.21,46.63,0.00,0.00,0.00
214.89,0.63,134.61,0.00,0.00,0.00,214.19,0.21,34.93,213.33,0.21,44.96,0.00,0.00,0.00
221.45,0.63,138.96,0.00,0.00,0.00,220.75,0.21,35.47,212.68,0.21,44.62,0.00,0.00,0.00
216.49,0.63,135.73,0.00,0.00,0.00,215.79,0.21,35.07,213.44,0.21,44.93,0.00,0.00,0.00
216.44,0.63,136.73,0.00,0.00,0.00,215.74,0.21,35.40,217.87,0.21,46.83,0.00,0.00,0.00
215.20,0.63,135.51,0.00,0.00,0.00,214.50,0.21,35.28,215.69,0.21,45.85,0.00,0.00,0.00
215.11,0.63,135.09,0.00,0.00,0.00,214.41,0.21,35.29,213.88,0.21,45.13,0.00,0.00,0.00
217.56,0.63,136.30,0.00,0.00,0.00,216.86,0.21,34.99,213.41,0.21,44.90,0.00,0.00,0.00
216.77,0.63,135.89,0.00,0.00,0.00,216.07,0.21,35.31,213.20,0.21,44.66,0.00,0.00,0.00
216.82,0.63,135.75,0.00,0.00,0.00,216.12,0.21,34.98,213.01,0.21,44.71,0.00,0.00,0.00
216.77,0.63,135.87,0.00,0.00,0.00,216.07,0.21,35.19,213.08,0.21,44.68,0.00,0.00,0.00
215.08,0.63,135.31,0.00,0.00,0.00,214.38,0.21,34.97,216.32,0.21,46.01,0.00,0.00,0.00
217.26,0.63,136.84,0.00,0.00,0.00,216.56,0.21,35.12,217.30,0.21,46.33,0.00,0.00,0.00
214.41,0.63,134.86,0.00,0.00,0.00,213.71,0.21,34.95,215.93,0.21,45.83,0.00,0.00,0.00
214.12,0.63,134.23,0.00,0.00,0.00,213.42,0.21,34.91,214.61,0.21,45.35,0.00,0.00,0.00
216.34,0.63,135.71,0.00,0.00,0.00,215.64,0.21,34.95,214.28,0.21,45.17,0.00,0.00,0.00
213.20,0.63,133.82,0.00,0.00,0.00,212.50,0.21,34.94,214.84,0.21,45.41,0.00,0.00,0.00
215.59,0.63,135.60,0.00,0.00,0.00,214.89,0.21,34.81,215.28,0.21,45.84,0.00,0.00,0.00
216.20,0.63,135.88,0.00,0.00,0.00,215.50,0.21,35.25,214.84,0.21,45.41,0.00,0.00,0.00
215.27,0.63,135.05,0.00,0.00,0.00,214.57,0.21,34.76,214.44,0.21,45.26,0.00,0.00,0.00
213.98,0.63,134.30,0.00,0.00,0.00,213.28,0.21,34.43,214.05,0.21,45.10,0.00,0.00,0.00
217.64,0.63,137.08,0.00,0.00,0.00,216.94,0.21,34.67,216.53,0.21,46.31,0.00,0.00,0.00
217.54,0.63,136.45,0.00,0.00,0.00,216.84,0.21,35.04,214.30,0.21,45.21,0.00,0.00,0.00
217.06,0.63,136.17,0.00,0.00,0.00,216.36,0.21,34.98,214.48,0.21,45.11,0.00,0.00,0.00
216.79,0.63,135.50,0.00,0.00,0.00,216.09,0.21,34.70,213.20,0.21,44.60,0.00,0.00,0.00
216.93,0.63,135.83,0.00,0.00,0.00,216.23,0.21,34.93,213.35,0.21,44.79,0.00,0.00,0.00
215.74,0.63,134.97,0.00,0.00,0.00,215.04,0.21,34.46,213.61,0.21,44.91,0.00,0.00,0.00
215.61,0.63,135.30,0.00,0.00,0.00,214.91,0.21,34.70,215.60,0.21,45.84,0.00,0.00,0.00
218.09,0.63,136.76,0.00,0.00,0.00,217.39,0.21,34.52,215.32,0.21,45.67,0.00,0.00,0.00
218.92,0.63,137.25,0.00,0.00,0.00,218.22,0.22,35.55,219.88,0.21,44.68,0.00,0.00,0.00
215.67,0.63,135.42,0.00,0.00,0.00,214.97,0.21,35.38,214.12,0.21,45.12,0.00,0.00,0.00
219.51,0.62,137.09,0.00,0.00,0.00,218.81,0.21,34.61,211.58,0.21,44.11,0.00,0.00,0.00
217.80,0.63,136.36,0.00,0.00,0.00,217.10,0.21,34.53,213.84,0.21,45.02,0.00,0.00,0.00
214.41,0.63,134.23,0.00,0.00,0.00,213.71,0.21,35.07,212.58,0.21,44.46,0.00,0.00,0.00
215.94,0.63,135.22,0.00,0.00,0.00,215.24,0.21,34.52,213.90,0.21,45.01,0.00,0.00,0.00
215.75,0.63,135.73,0.00,0.00,0.00,215.05,0.21,35.31,214.33,0.21,45.44,0.00,0.00,0.00
216.01,0.63,136.03,0.00,0.00,0.00,215.31,0.21,34.54,217.14,0.21,46.35,0.00,0.00,0.00
214.66,0.63,134.67,0.00,0.00,0.00,213.96,0.21,34.73,215.91,0.21,45.72,0.00,0.00,0.00
214.98,0.63,135.40,0.00,0.00,0.00,214.28,0.21,35.05,217.11,0.21,46.34,0.00,0.00,0.00
214.86,0.63,135.50,0.00,0.00,0.00,214.16,0.21,35.15,218.21,0.21,46.67,0.00,0.00,0.00
217.65,0.63,136.70,0.00,0.00,0.00,216.95,0.21,34.89,215.04,0.21,45.46,0.00,0.00,0.00
218.50,0.63,136.77,0.00,0.00,0.00,217.80,0.21,35.17,212.72,0.21,44.47,0.00,0.00,0.00
216.97,0.63,135.91,0.00,0.00,0.00,216.27,0.21,34.99,213.09,0.21,44.74,0.00,0.00,0.00
215.63,0.63,135.63,0.00,0.00,0.00,214.93,0.22,35.42,214.70,0.21,45.40,0.00,0.00,0.00
222.92,0.63,139.72,0.00,0.00,0.00,222.22,0.21,34.73,214.41,0.21,45.15,0.00,0.00,0.00
214.39,0.63,134.90,0.00,0.00,0.00,213.69,0.21,35.07,216.13,0.21,46.07,0.00,0.00,0.00
217.15,0.63,135.81,0.00,0.00,0.00,216.45,0.21,35.02,212.60,0.21,44.59,0.00,0.00,0.00
217.83,0.62,135.82,0.00,0.00,0.00,217.13,0.21,34.27,211.79,0.21,44.23,0.00,0.00,0.00
217.13,0.63,136.67,0.00,0.00,0.00,216.43,0.21,34.97,216.99,0.21,46.03,0.00,0.00,0.00
215.72,0.63,134.89,0.00,0.00,0.00,215.02,0.21,35.02,212.56,0.21,44.45,0.00,0.00,0.00
215.40,0.63,135.04,0.00,0.00,0.00,214.70,0.21,34.73,214.38,0.21,45.27,0.00,0.00,0.00
216.48,0.63,136.70,0.00,0.00,0.00,215.78,0.21,35.11,217.80,0.21,46.73,0.00,0.00,0.00
216.78,0.63,135.61,0.00,0.00,0.00,216.08,0.21,34.75,213.39,0.21,44.73,0.00,0.00,0.00
217.51,0.63,136.41,0.00,0.00,0.00,216.81,0.21,34.69,215.21,0.21,45.60,0.00,0.00,0.00
217.65,0.63,136.41,0.00,0.00,0.00,216.95,0.21,35.11,213.88,0.21,44.95,0.00,0.00,0.00
215.64,0.63,135.00,0.00,0.00,0.00,214.94,0.21,35.09,213.14,0.21,44.62,0.00,0.00,0.00
215.12,0.63,135.42,0.00,0.00,0.00,214.42,0.21,35.32,215.64,0.21,45.81,0.00,0.00,0.00
214.04,0.63,134.15,0.00,0.00,0.00,213.34,0.21,34.64,213.95,0.21,45.04,0.00,0.00,0.00
215.52,0.63,135.28,0.00,0.00,0.00,214.82,0.21,34.94,215.52,0.21,45.68,0.00,0.00,0.00
213.69,0.63,133.82,0.00,0.00,0.00,212.99,0.21,34.71,214.33,0.21,45.16,0.00,0.00,0.00
216.90,0.63,136.00,0.00,0.00,0.00,216.20,0.22,35.52,212.56,0.21,44.48,0.00,0.00,0.00
217.81,0.63,137.30,0.00,0.00,0.00,217.11,0.21,34.87,217.44,0.21,46.42,0.00,0.00,0.00
223.24,0.63,140.06,0.00,0.00,0.00,222.54,0.21,34.55,215.41,0.21,45.55,0.00,0.00,0.00
215.61,0.63,135.05,0.00,0.00,0.00,214.91,0.21,34.97,213.68,0.21,44.90,0.00,0.00,0.00
214.36,0.63,134.78,0.00,0.00,0.00,213.66,0.21,34.88,215.58,0.21,45.79,0.00,0.00,0.00
216.57,0.63,135.81,0.00,0.00,0.00,215.87,0.21,34.89,214.70,0.21,45.45,0.00,0.00,0.00
217.27,0.63,136.49,0.00,0.00,0.00,216.57,0.21,34.92,216.18,0.21,45.76,0.00,0.00,0.00
223.42,0.63,140.96,0.00,0.00,0.00,222.72,0.22,35.17,217.89,0.21,46.37,0.00,0.00,0.00
216.62,0.63,135.63,0.00,0.00,0.00,215.92,0.21,35.05,212.92,0.21,44.67,0.00,0.00,0.00
216.03,0.63,136.03,0.00,0.00,0.00,215.33,0.21,34.77,217.65,0.21,46.36,0.00,0.00,0.00
215.35,0.63,134.89,0.00,0.00,0.00,214.65,0.21,34.49,214.87,0.21,45.42,0.00,0.00,0.00
216.14,0.63,135.94,0.00,0.00,0.00,215.44,0.21,35.15,215.52,0.21,45.83,0.00,0.00,0.00
218.21,0.63,137.63,0.00,0.00,0.00,217.51,0.21,34.88,217.54,0.21,46.61,0.00,0.00,0.00
213.39,0.63,134.11,0.00,0.00,0.00,212.69,0.21,34.28,218.11,0.21,46.59,0.00,0.00,0.00
214.62,0.63,134.80,0.00,0.00,0.00,213.92,0.21,34.68,216.51,0.21,45.92,0.00,0.00,0.00
220.93,0.63,138.10,0.00,0.00,0.00,220.23,0.21,34.87,223.36,0.21,45.77,0.00,0.00,0.00
219.37,0.63,137.91,0.00,0.00,0.00,218.67,0.21,34.76,216.54,0.21,46.05,0.00,0.00,0.00
215.26,0.63,135.61,0.00,0.00,0.00,214.56,0.21,34.83,217.10,0.21,46.31,0.00,0.00,0.00
215.44,0.63,134.84,0.00,0.00,0.00,214.74,0.21,34.32,215.59,0.21,45.63,0.00,0.00,0.00
216.66,0.62,135.29,0.00,0.00,0.00,215.96,0.21,34.50,213.44,0.21,44.67,0.00,0.00,0.00
219.44,0.63,138.07,0.00,0.00,0.00,218.74,0.21,35.23,216.21,0.21,45.99,0.00,0.00,0.00
215.79,0.63,135.64,0.00,0.00,0.00,215.09,0.22,35.51,214.13,0.21,45.12,0.00,0.00,0.00
219.02,0.63,137.22,0.00,0.00,0.00,218.32,0.21,34.49,215.33,0.21,45.50,0.00,0.00,0.00
214.50,0.63,134.59,0.00,0.00,0.00,213.80,0.21,34.60,215.87,0.21,45.82,0.00,0.00,0.00
215.20,0.63,134.76,0.00,0.00,0.00,214.50,0.21,34.33,214.51,0.21,45.28,0.00,0.00,0.00
214.78,0.63,134.33,0.00,0.00,0.00,214.08,0.21,34.79,212.50,0.21,44.37,0.00,0.00,0.00
216.30,0.63,135.88,0.00,0.00,0.00,215.60,0.21,34.95,214.78,0.21,45.37,0.00,0.00,0.00
217.73,0.63,137.41,0.00,0.00,0.00,217.03,0.21,35.07,218.88,0.21,46.82,0.00,0.00,0.00
220.28,0.62,137.34,0.00,0.00,0.00,219.58,0.21,33.96,214.09,0.21,45.12,0.00,0.00,0.00
217.55,0.63,136.34,0.00,0.00,0.00,216.85,0.21,35.08,217.60,0.21,44.88,0.00,0.00,0.00
216.07,0.63,135.23,0.00,0.00,0.00,215.37,0.21,34.67,213.41,0.21,44.69,0.00,0.00,0.00
216.04,0.63,136.05,0.00,0.00,0.00,215.34,0.21,35.18,216.98,0.21,46.29,0.00,0.00,0.00
214.54,0.63,134.84,0.00,0.00,0.00,213.84,0.21,34.74,215.30,0.21,45.80,0.00,0.00,0.00
217.28,0.63,136.38,0.00,0.00,0.00,216.58,0.21,34.27,216.65,0.21,46.18,0.00,0.00,0.00
217.13,0.63,136.79,0.00,0.00,0.00,216.43,0.21,34.61,218.21,0.21,46.69,0.00,0.00,0.00
215.53,0.63,135.80,0.00,0.00,0.00,214.83,0.21,34.76,217.04,0.21,46.39,0.00,0.00,0.00
219.86,0.63,137.45,0.00,0.00,0.00,219.16,0.21,34.59,213.44,0.21,44.75,0.00,0.00,0.00
217.37,0.63,136.24,0.00,0.00,0.00,216.67,0.21,34.85,212.99,0.21,44.94,0.00,0.00,0.00
217.50,0.63,136.49,0.00,0.00,0.00,216.80,0.21,34.99,214.43,0.21,45.40,0.00,0.00,0.00
224.75,0.63,140.76,0.00,0.00,0.00,224.05,0.21,34.73,214.48,0.21,45.17,0.00,0.00,0.00
212.50,0.63,133.19,0.00,0.00,0.00,211.80,0.21,34.42,216.88,0.21,46.15,0.00,0.00,0.00
215.14,0.63,135.31,0.00,0.00,0.00,214.44,0.21,35.06,214.72,0.21,45.56,0.00,0.00,0.00
219.72,0.62,137.30,0.00,0.00,0.00,219.02,0.21,34.98,211.86,0.21,44.30,0.00,0.00,0.00
217.38,0.63,136.39,0.00,0.00,0.00,216.68,0.21,35.25,213.43,0.21,44.94,0.00,0.00,0.00
215.91,0.63,135.38,0.00,0.00,0.00,215.21,0.21,35.11,212.66,0.21,44.54,0.00,0.00,0.00
216.63,0.63,135.64,0.00,0.00,0.00,215.93,0.21,34.93,213.72,0.21,44.99,0.00,0.00,0.00
219.10,0.63,137.14,0.00,0.00,0.00,218.40,0.21,34.91,212.68,0.21,44.53,0.00,0.00,0.00
216.24,0.63,135.20,0.00,0.00,0.00,215.54,0.21,34.76,213.39,0.21,44.80,0.00,0.00,0.00
219.08,0.63,137.68,0.00,0.00,0.00,218.38,0.22,35.48,214.19,0.21,45.20,0.00,0.00,0.00
216.24,0.63,135.29,0.00,0.00,0.00,215.54,0.21,35.01,212.95,0.21,44.54,0.00,0.00,0.00
217.28,0.62,135.62,0.00,0.00,0.00,216.58,0.21,33.99,214.36,0.21,45.19,0.00,0.00,0.00
215.04,0.63,135.31,0.00,0.00,0.00,214.34,0.21,34.91,217.19,0.21,46.25,0.00,0.00,0.00
215.56,0.63,135.01,0.00,0.00,0.00,214.86,0.21,35.02,212.26,0.21,44.50,0.00,0.00,0.00
216.35,0.63,135.29,0.00,0.00,0.00,215.65,0.21,34.68,213.73,0.21,44.96,0.00,0.00,0.00
217.19,0.63,136.63,0.00,0.00,0.00,216.49,0.21,34.77,215.64,0.21,45.98,0.00,0.00,0.00
215.59,0.63,134.97,0.00,0.00,0.00,214.89,0.21,34.56,213.31,0.21,44.85,0.00,0.00,0.00
216.84,0.62,135.45,0.00,0.00,0.00,216.14,0.21,34.48,213.39,0.21,44.68,0.00,0.00,0.00
218.76,0.63,137.54,0.00,0.00,0.00,218.06,0.22,35.48,214.62,0.21,45.41,0.00,0.00,0.00
219.96,0.63,137.82,0.00,0.00,0.00,219.26,0.21,34.55,214.44,0.21,45.26,0.00,0.00,0.00
218.21,0.63,137.22,0.00,0.00,0.00,217.51,0.21,34.71,215.85,0.21,45.87,0.00,0.00,0.00
217.32,0.63,136.32,0.00,0.00,0.00,216.62,0.21,34.87,215.15,0.21,45.42,0.00,0.00,0.00
215.88,0.63,135.08,0.00,0.00,0.00,215.18,0.21,34.13,214.62,0.21,45.31,0.00,0.00,0.00
217.63,0.63,136.97,0.00,0.00,0.00,216.93,0.21,35.02,216.37,0.21,46.02,0.00,0.00,0.00
214.54,0.63,134.65,0.00,0.00,0.00,213.84,0.21,35.04,215.09,0.21,45.47,0.00,0.00,0.00
216.19,0.63,135.44,0.00,0.00,0.00,215.49,0.22,35.38,212.63,0.21,44.38,0.00,0.00,0.00
214.97,0.63,134.73,0.00,0.00,0.00,214.27,0.21,34.65,214.66,0.21,45.34,0.00,0.00,0.00
217.54,0.63,136.38,0.00,0.00,0.00,216.84,0.21,35.07,214.04,0.21,44.93,0.00,0.00,0.00
216.25,0.63,135.40,0.00,0.00,0.00,215.55,0.21,34.68,213.36,0.21,44.89,0.00,0.00,0.00
215.77,0.63,135.69,0.00,0.00,0.00,215.07,0.21,35.14,216.40,0.21,45.89,0.00,0.00,0.00
216.31,0.63,135.92,0.00,0.00,0.00,215.61,0.21,34.97,214.97,0.21,45.53,0.00,0.00,0.00
217.46,0.63,136.58,0.00,0.00,0.00,216.76,0.21,35.15,214.80,0.21,45.51,0.00,0.00,0.00
214.81,0.63,134.80,0.00,0.00,0.00,214.11,0.22,35.55,212.66,0.21,44.57,0.00,0.00,0.00
216.52,0.63,136.03,0.00,0.00,0.00,215.82,0.21,35.20,214.23,0.21,45.24,0.00,0.00,0.00
214.66,0.63,134.85,0.00,0.00,0.00,213.96,0.21,34.94,214.83,0.21,45.51,0.00,0.00,0.00
213.96,0.63,134.57,0.00,0.00,0.00,213.26,0.22,35.54,214.99,0.21,45.37,0.00,0.00,0.00
217.34,0.63,136.41,0.00,0.00,0.00,216.64,0.21,34.98,213.36,0.21,45.00,0.00,0.00,0.00
218.70,0.63,137.54,0.00,0.00,0.00,218.00,0.21,35.16,215.32,0.21,45.62,0.00,0.00,0.00
215.97,0.63,136.34,0.00,0.00,0.00,215.27,0.21,35.14,218.06,0.21,46.76,0.00,0.00,0.00
215.21,0.63,135.20,0.00,0.00,0.00,214.51,0.21,34.69,215.03,0.21,45.62,0.00,0.00,0.00
215.88,0.63,135.16,0.00,0.00,0.00,215.18,0.21,34.76,214.12,0.21,45.18,0.00,0.00,0.00
222.16,0.62,138.48,0.00,0.00,0.00,221.46,0.21,34.18,212.33,0.21,44.45,0.00,0.00,0.00
216.27,0.63,136.04,0.00,0.00,0.00,215.57,0.21,34.92,216.13,0.21,45.98,0.00,0.00,0.00
219.56,0.63,137.88,0.00,0.00,0.00,218.86,0.21,34.75,215.30,0.21,45.70,0.00,0.00,0.00
214.97,0.63,134.95,0.00,0.00,0.00,214.27,0.21,35.12,214.41,0.21,45.25,0.00,0.00,0.00
214.53,0.63,134.82,0.00,0.00,0.00,213.83,0.21,35.11,215.00,0.21,45.50,0.00,0.00,0.00
214.04,0.63,133.99,0.00,0.00,0.00,213.34,0.21,34.55,212.51,0.21,44.79,0.00,0.00,0.00
216.86,0.63,136.58,0.00,0.00,0.00,216.16,0.21,34.83,216.63,0.21,46.39,0.00,0.00,0.00
216.25,0.63,135.70,0.00,0.00,0.00,215.55,0.21,34.94,214.04,0.21,45.19,0.00,0.00,0.00
215.42,0.63,135.51,0.00,0.00,0.00,214.72,0.21,35.14,216.64,0.21,46.11,0.00,0.00,0.00
214.32,0.63,134.29,0.00,0.00,0.00,213.62,0.21,35.03,213.32,0.21,44.83,0.00,0.00,0.00
216.13,0.63,135.92,0.00,0.00,0.00,215.43,0.21,35.05,215.70,0.21,45.75,0.00,0.00,0.00
214.52,0.63,134.63,0.00,0.00,0.00,213.82,0.21,35.20,214.40,0.21,45.25,0.00,0.00,0.00
215.15,0.63,135.01,0.00,0.00,0.00,214.45,0.21,34.87,215.24,0.21,45.43,0.00,0.00,0.00
215.61,0.63,135.11,0.00,0.00,0.00,214.91,0.21,34.90,213.16,0.21,44.79,0.00,0.00,0.00
223.22,0.63,140.48,0.00,0.00,0.00,222.52,0.21,35.24,215.60,0.21,45.72,0.00,0.00,0.00
218.55,0.63,137.28,0.00,0.00,0.00,217.85,0.21,35.02,215.49,0.21,45.57,0.00,0.00,0.00
215.58,0.63,136.13,0.00,0.00,0.00,214.88,0.22,35.22,218.16,0.21,46.64,0.00,0.00,0.00
217.58,0.63,137.27,0.00,0.00,0.00,216.88,0.21,34.70,218.36,0.21,46.91,0.00,0.00,0.00
217.74,0.63,136.43,0.00,0.00,0.00,217.04,0.21,34.85,213.14,0.21,44.71,0.00,0.00,0.00
219.08,0.63,137.82,0.00,0.00,0.00,218.38,0.21,35.18,214.79,0.21,45.61,0.00,0.00,0.00
215.62,0.63,134.99,0.00,0.00,0.00,214.92,0.21,34.75,213.37,0.21,44.87,0.00,0.00,0.00
215.35,0.63,135.13,0.00,0.00,0.00,214.65,0.21,34.87,215.20,0.21,45.64,0.00,0.00,0.00
215.95,0.63,135.37,0.00,0.00,0.00,215.25,0.21,35.27,214.21,0.21,44.97,0.00,0.00,0.00
216.05,0.63,136.05,0.00,0.00,0.00,215.35,0.21,34.77,218.07,0.21,46.59,0.00,0.00,0.00
218.40,0.63,137.42,0.00,0.00,0.00,217.70,0.21,34.65,215.06,0.21,45.86,0.00,0.00,0.00
213.65,0.63,133.98,0.00,0.00,0.00,212.95,0.21,35.14,214.28,0.21,45.24,0.00,0.00,0.00
215.14,0.63,134.69,0.00,0.00,0.00,214.44,0.21,35.05,213.25,0.21,44.65,0.00,0.00,0.00
216.20,0.63,136.00,0.00,0.00,0.00,215.50,0.21,35.42,215.31,0.21,45.52,0.00,0.00,0.00
220.58,0.63,138.58,0.00,0.00,0.00,219.88,0.21,34.96,216.17,0.21,45.83,0.00,0.00,0.00
218.22,0.63,137.10,0.00,0.00,0.00,217.52,0.21,35.42,214.56,0.21,45.21,0.00,0.00,0.00
218.33,0.63,137.46,0.00,0.00,0.00,217.63,0.21,34.92,216.53,0.21,46.10,0.00,0.00,0.00
215.64,0.63,135.06,0.00,0.00,0.00,214.94,0.21,34.80,213.86,0.21,44.96,0.00,0.00,0.00
217.70,0.63,136.36,0.00,0.00,0.00,217.00,0.21,35.07,213.33,0.21,44.91,0.00,0.00,0.00
216.35,0.63,135.91,0.00,0.00,0.00,215.65,0.21,35.15,215.38,0.21,45.56,0.00,0.00,0.00
217.23,0.63,136.51,0.00,0.00,0.00,216.53,0.21,35.34,214.14,0.21,45.14,0.00,0.00,0.00
214.26,0.63,134.59,0.00,0.00,0.00,213.56,0.21,35.10,214.54,0.21,45.31,0.00,0.00,0.00
217.45,0.63,137.30,0.00,0.00,0.00,216.75,0.21,34.97,219.31,0.21,47.13,0.00,0.00,0.00
218.02,0.63,136.92,0.00,0.00,0.00,217.32,0.21,35.07,214.85,0.21,45.43,0.00,0.00,0.00
217.21,0.63,135.83,0.00,0.00,0.00,216.51,0.21,34.75,213.63,0.21,44.79,0.00,0.00,0.00
214.81,0.63,134.69,0.00,0.00,0.00,214.11,0.21,35.01,213.69,0.21,44.95,0.00,0.00,0.00
218.13,0.63,136.38,0.00,0.00,0.00,217.43,0.21,35.20,211.29,0.21,43.99,0.00,0.00,0.00
219.66,0.63,138.07,0.00,0.00,0.00,218.96,0.21,35.21,219.58,0.21,45.25,0.00,0.00,0.00
216.19,0.63,135.49,0.00,0.00,0.00,215.49,0.21,34.53,214.74,0.21,45.43,0.00,0.00,0.00
218.81,0.63,137.21,0.00,0.00,0.00,218.11,0.21,35.02,214.57,0.21,45.28,0.00,0.00,0.00
215.32,0.63,135.04,0.00,0.00,0.00,214.62,0.21,34.93,214.37,0.21,45.22,0.00,0.00,0.00
219.03,0.63,136.99,0.00,0.00,0.00,218.33,0.21,34.83,213.00,0.21,44.64,0.00,0.00,0.00
220.48,0.63,138.53,0.00,0.00,0.00,219.78,0.21,34.94,214.30,0.21,45.36,0.00,0.00,0.00
213.28,0.63,133.88,0.00,0.00,0.00,212.58,0.21,34.38,215.66,0.21,45.78,0.00,0.00,0.00
214.44,0.63,134.38,0.00,0.00,0.00,213.74,0.21,34.96,213.06,0.21,44.74,0.00,0.00,0.00
217.17,0.63,137.09,0.00,0.00,0.00,216.47,0.21,35.04,218.55,0.21,47.03,0.00,0.00,0.00
215.17,0.63,134.64,0.00,0.00,0.00,214.47,0.21,34.57,212.74,0.21,44.78,0.00,0.00,0.00
215.54,0.63,135.87,0.00,0.00,0.00,214.84,0.21,35.37,216.75,0.21,46.30,0.00,0.00,0.00
214.29,0.62,133.84,0.00,0.00,0.00,213.59,0.21,34.75,212.85,0.21,44.43,0.00,0.00,0.00
217.42,0.63,136.25,0.00,0.00,0.00,216.72,0.21,35.01,213.26,0.21,44.86,0.00,0.00,0.00
216.56,0.63,135.94,0.00,0.00,0.00,215.86,0.21,35.18,214.43,0.21,45.38,0.00,0.00,0.00
214.55,0.63,134.46,0.00,0.00,0.00,213.85,0.21,35.15,213.82,0.21,44.91,0.00,0.00,0.00
215.36,0.63,135.07,0.00,0.00,0.00,214.66,0.21,35.05,213.45,0.21,44.92,0.00,0.00,0.00
214.83,0.63,135.02,0.00,0.00,0.00,214.13,0.21,34.55,217.14,0.21,46.38,0.00,0.00,0.00
214.13,0.63,134.13,0.00,0.00,0.00,213.43,0.21,35.18,212.60,0.21,44.66,0.00,0.00,0.00
216.86,0.63,136.13,0.00,0.00,0.00,216.16,0.21,34.79,220.83,0.21,45.94,0.00,0.00,0.00
216.40,0.63,136.13,0.00,0.00,0.00,215.70,0.21,35.42,214.98,0.21,45.49,0.00,0.00,0.00
216.68,0.63,135.99,0.00,0.00,0.00,215.98,0.21,35.25,213.69,0.21,45.03,0.00,0.00,0.00
218.50,0.63,138.00,0.00,0.00,0.00,217.80,0.21,35.32,217.59,0.21,46.62,0.00,0.00,0.00
214.50,0.63,135.48,0.00,0.00,0.00,213.80,0.22,35.49,216.94,0.21,46.38,0.00,0.00,0.00
221.15,0.63,138.95,0.00,0.00,0.00,220.45,0.21,35.16,214.42,0.21,45.33,0.00,0.00,0.00
216.85,0.63,136.89,0.00,0.00,0.00,216.15,0.21,35.16,218.07,0.21,46.76,0.00,0.00,0.00
215.84,0.63,134.99,0.00,0.00,0.00,215.14,0.21,34.72,213.50,0.21,44.68,0.00,0.00,0.00
215.46,0.63,135.17,0.00,0.00,0.00,214.76,0.21,34.75,213.42,0.21,45.05,0.00,0.00,0.00
216.66,0.63,136.56,0.00,0.00,0.00,215.96,0.21,35.26,216.06,0.21,46.05,0.00,0.00,0.00
217.98,0.63,137.09,0.00,0.00,0.00,217.28,0.22,35.41,215.78,0.21,45.57,0.00,0.00,0.00
214.75,0.63,134.83,0.00,0.00,0.00,214.05,0.21,34.81,214.42,0.21,45.39,0.00,0.00,0.00
218.95,0.63,137.43,0.00,0.00,0.00,218.25,0.22,35.46,212.94,0.21,44.75,0.00,0.00,0.00
217.99,0.63,136.80,0.00,0.00,0.00,217.29,0.21,35.17,213.24,0.21,44.90,0.00,0.00,0.00
220.72,0.63,138.83,0.00,0.00,0.00,220.02,0.21,34.80,220.78,0.21,45.73,0.00,0.00,0.00
216.90,0.63,136.14,0.00,0.00,0.00,216.20,0.21,34.72,214.70,0.21,45.40,0.00,0.00,0.00
214.95,0.63,134.99,0.00,0.00,0.00,214.25,0.21,34.71,215.95,0.21,45.79,0.00,0.00,0.00
219.19,0.63,138.75,0.00,0.00,0.00,218.49,0.21,35.32,218.97,0.21,47.16,0.00,0.00,0.00
218.31,0.63,137.98,0.00,0.00,0.00,217.61,0.22,35.38,217.58,0.21,46.63,0.00,0.00,0.00
216.32,0.63,136.40,0.00,0.00,0.00,215.62,0.22,35.13,215.79,0.21,45.92,0.00,0.00,0.00
216.17,0.63,136.41,0.00,0.00,0.00,215.47,0.22,35.47,216.60,0.21,46.24,0.00,0.00,0.00
218.95,0.63,138.30,0.00,0.00,0.00,218.25,0.21,35.08,218.33,0.21,46.82,0.00,0.00,0.00
220.10,0.63,138.05,0.00,0.00,0.00,219.40,0.21,35.14,214.69,0.21,45.20,0.00,0.00,0.00
219.30,0.63,137.79,0.00,0.00,0.00,218.60,0.21,35.12,217.39,0.21,45.20,0.00,0.00,0.00
218.19,0.63,137.12,0.00,0.00,0.00,217.49,0.21,34.88,214.40,0.21,45.48,0.00,0.00,0.00
219.58,0.63,138.64,0.00,0.00,0.00,218.88,0.21,34.79,218.89,0.21,47.06,0.00,0.00,0.00
215.56,0.63,135.44,0.00,0.00,0.00,214.86,0.21,34.94,216.15,0.21,45.95,0.00,0.00,0.00
217.44,0.63,136.89,0.00,0.00,0.00,216.74,0.21,35.17,215.79,0.21,45.92,0.00,0.00,0.00
218.77,0.63,137.46,0.00,0.00,0.00,218.07,0.21,34.80,215.19,0.21,45.75,0.00,0.00,0.00
216.97,0.63,136.67,0.00,0.00,0.00,216.27,0.21,35.24,216.56,0.21,46.23,0.00,0.00,0.00
219.97,0.63,138.36,0.00,0.00,0.00,219.27,0.21,35.03,215.88,0.21,45.79,0.00,0.00,0.00
221.11,0.63,138.65,0.00,0.00,0.00,220.41,0.21,34.54,214.36,0.21,45.32,0.00,0.00,0.00
216.86,0.63,137.02,0.00,0.00,0.00,216.16,0.21,35.32,217.35,0.21,46.59,0.00,0.00,0.00
218.78,0.63,137.55,0.00,0.00,0.00,218.08,0.21,35.14,214.87,0.21,45.42,0.00,0.00,0.00
217.46,0.63,136.88,0.00,0.00,0.00,216.76,0.21,34.73,215.96,0.21,46.03,0.00,0.00,0.00
217.25,0.63,136.62,0.00,0.00,0.00,216.55,0.21,35.29,215.21,0.21,45.60,0.00,0.00,0.00
217.96,0.63,136.84,0.00,0.00,0.00,217.26,0.21,34.79,215.05,0.21,45.62,0.00,0.00,0.00
217.04,0.63,136.46,0.00,0.00,0.00,216.34,0.21,35.20,213.54,0.21,45.30,0.00,0.00,0.00
216.54,0.63,136.69,0.00,0.00,0.00,215.84,0.21,35.22,218.32,0.21,46.70,0.00,0.00,0.00
216.92,0.63,136.34,0.00,0.00,0.00,216.22,0.21,35.09,215.24,0.21,45.65,0.00,0.00,0.00
216.29,0.63,136.24,0.00,0.00,0.00,215.59,0.21,34.83,216.55,0.21,46.34,0.00,0.00,0.00
216.84,0.63,136.35,0.00,0.00,0.00,216.14,0.21,35.10,215.25,0.21,45.53,0.00,0.00,0.00
220.35,0.63,139.27,0.00,0.00,0.00,219.65,0.21,35.42,218.09,0.21,46.77,0.00,0.00,0.00
218.82,0.63,137.88,0.00,0.00,0.00,218.12,0.22,35.18,215.24,0.21,45.79,0.00,0.00,0.00
218.89,0.63,138.08,0.00,0.00,0.00,218.19,0.22,35.59,216.06,0.21,45.98,0.00,0.00,0.00
220.00,0.63,138.04,0.00,0.00,0.00,219.30,0.21,34.71,214.06,0.21,45.28,0.00,0.00,0.00
219.08,0.63,138.30,0.00,0.00,0.00,218.38,0.21,35.11,217.75,0.21,46.79,0.00,0.00,0.00
222.49,0.63,140.66,0.00,0.00,0.00,221.79,0.22,35.17,218.46,0.21,46.87,0.00,0.00,0.00
218.23,0.63,137.16,0.00,0.00,0.00,217.53,0.21,34.89,215.96,0.21,45.85,0.00,0.00,0.00
217.76,0.63,137.18,0.00,0.00,0.00,217.06,0.22,35.57,215.73,0.21,45.81,0.00,0.00,0.00
217.29,0.63,137.30,0.00,0.00,0.00,216.59,0.22,35.59,217.29,0.21,46.44,0.00,0.00,0.00
216.72,0.63,136.70,0.00,0.00,0.00,216.02,0.22,35.31,223.54,0.21,45.98,0.00,0.00,0.00
219.19,0.63,137.85,0.00,0.00,0.00,218.49,0.22,35.30,213.69,0.21,45.14,0.00,0.00,0.00
216.25,0.63,135.93,0.00,0.00,0.00,215.55,0.21,35.00,214.46,0.21,45.38,0.00,0.00,0.00
218.20,0.63,137.66,0.00,0.00,0.00,217.50,0.22,35.34,215.85,0.21,45.99,0.00,0.00,0.00
218.43,0.63,137.61,0.00,0.00,0.00,217.73,0.21,34.56,218.07,0.21,46.80,0.00,0.00,0.00
218.56,0.63,138.07,0.00,0.00,0.00,217.86,0.22,35.86,215.43,0.21,45.80,0.00,0.00,0.00
218.70,0.63,137.67,0.00,0.00,0.00,218.00,0.22,35.25,215.30,0.21,45.67,0.00,0.00,0.00
218.59,0.63,137.40,0.00,0.00,0.00,217.89,0.22,35.71,212.84,0.21,44.72,0.00,0.00,0.00
218.19,0.63,137.46,0.00,0.00,0.00,217.49,0.22,35.48,214.02,0.21,45.21,0.00,0.00,0.00
221.04,0.63,138.78,0.00,0.00,0.00,220.34,0.21,35.02,214.97,0.21,45.49,0.00,0.00,0.00
216.36,0.63,136.86,0.00,0.00,0.00,215.66,0.22,35.48,217.76,0.21,46.66,0.00,0.00,0.00
215.17,0.63,136.17,0.00,0.00,0.00,214.47,0.22,35.52,217.45,0.21,46.56,0.00,0.00,0.00
217.62,0.63,137.69,0.00,0.00,0.00,216.92,0.22,35.46,216.56,0.21,46.31,0.00,0.00,0.00
217.29,0.63,136.79,0.00,0.00,0.00,216.59,0.22,35.13,216.03,0.21,45.81,0.00,0.00,0.00
215.31,0.63,135.62,0.00,0.00,0.00,214.61,0.22,35.42,214.73,0.21,45.58,0.00,0.00,0.00
216.86,0.63,137.10,0.00,0.00,0.00,216.16,0.22,35.70,216.66,0.21,46.32,0.00,0.00,0.00
218.25,0.63,137.89,0.00,0.00,0.00,217.55,0.22,35.44,216.81,0.21,46.32,0.00,0.00,0.00
215.27,0.63,136.17,0.00,0.00,0.00,214.57,0.22,35.60,216.71,0.21,46.39,0.00,0.00,0.00
223.15,0.63,141.62,0.00,0.00,0.00,222.45,0.22,35.34,219.15,0.22,47.36,0.00,0.00,0.00
216.15,0.63,136.08,0.00,0.00,0.00,215.45,0.21,35.31,215.29,0.21,45.70,0.00,0.00,0.00
218.62,0.63,137.84,0.00,0.00,0.00,217.92,0.22,35.20,215.38,0.21,45.81,0.00,0.00,0.00
217.35,0.63,137.52,0.00,0.00,0.00,216.65,0.22,35.41,218.15,0.21,46.93,0.00,0.00,0.00
217.69,0.63,137.39,0.00,0.00,0.00,216.99,0.22,35.39,217.24,0.21,46.39,0.00,0.00,0.00
217.90,0.63,137.23,0.00,0.00,0.00,217.20,0.22,35.49,214.10,0.21,45.25,0.00,0.00,0.00
218.39,0.64,138.79,0.00,0.00,0.00,217.69,0.22,35.38,219.98,0.22,47.71,0.00,0.00,0.00
216.19,0.63,136.38,0.00,0.00,0.00,215.49,0.22,35.32,215.26,0.21,45.71,0.00,0.00,0.00
217.55,0.63,137.46,0.00,0.00,0.00,216.85,0.22,35.65,216.13,0.21,46.06,0.00,0.00,0.00
216.13,0.64,137.56,0.00,0.00,0.00,215.43,0.22,35.67,221.40,0.22,48.22,0.00,0.00,0.00
221.12,0.63,139.19,0.00,0.00,0.00,220.42,0.21,35.03,215.44,0.21,45.88,0.00,0.00,0.00
219.11,0.63,138.05,0.00,0.00,0.00,218.41,0.21,34.99,215.44,0.21,45.81,0.00,0.00,0.00
217.67,0.63,137.18,0.00,0.00,0.00,216.97,0.21,34.99,216.37,0.21,46.08,0.00,0.00,0.00
216.59,0.63,136.36,0.00,0.00,0.00,215.89,0.21,34.95,216.25,0.21,45.96,0.00,0.00,0.00
216.17,0.63,136.49,0.00,0.00,0.00,215.47,0.22,35.51,216.07,0.21,46.06,0.00,0.00,0.00
218.71,0.63,138.31,0.00,0.00,0.00,218.01,0.21,35.25,218.45,0.21,47.04,0.00,0.00,0.00
217.51,0.63,137.30,0.00,0.00,0.00,216.81,0.22,35.75,215.89,0.21,45.97,0.00,0.00,0.00
218.78,0.63,138.74,0.00,0.00,0.00,218.08,0.22,35.34,219.65,0.22,47.42,0.00,0.00,0.00
217.15,0.63,136.55,0.00,0.00,0.00,216.45,0.21,35.36,215.28,0.21,45.63,0.00,0.00,0.00
217.21,0.63,136.89,0.00,0.00,0.00,216.51,0.22,35.43,215.20,0.21,45.75,0.00,0.00,0.00
217.75,0.63,137.70,0.00,0.00,0.00,217.05,0.21,34.85,221.39,0.22,48.13,0.00,0.00,0.00
217.80,0.63,136.98,0.00,0.00,0.00,217.10,0.21,34.80,215.57,0.21,45.85,0.00,0.00,0.00
217.78,0.63,137.29,0.00,0.00,0.00,217.08,0.22,35.74,220.13,0.21,45.85,0.00,0.00,0.00
215.56,0.63,136.13,0.00,0.00,0.00,214.86,0.22,35.66,216.54,0.21,46.22,0.00,0.00,0.00
219.13,0.63,138.81,0.00,0.00,0.00,218.43,0.21,35.37,219.15,0.22,47.50,0.00,0.00,0.00
218.19,0.63,137.55,0.00,0.00,0.00,217.49,0.21,35.06,217.79,0.21,46.48,0.00,0.00,0.00
215.37,0.63,135.83,0.00,0.00,0.00,214.67,0.21,35.28,215.94,0.21,46.07,0.00,0.00,0.00
218.29,0.63,137.77,0.00,0.00,0.00,217.59,0.22,35.94,215.98,0.21,45.85,0.00,0.00,0.00
217.64,0.63,136.74,0.00,0.00,0.00,216.94,0.22,35.19,213.24,0.21,45.00,0.00,0.00,0.00
216.91,0.63,136.96,0.00,0.00,0.00,216.21,0.22,35.26,216.31,0.21,46.18,0.00,0.00,0.00
216.11,0.63,136.95,0.00,0.00,0.00,215.41,0.22,35.68,219.40,0.21,47.32,0.00,0.00,0.00
217.30,0.63,137.06,0.00,0.00,0.00,216.60,0.22,35.26,215.99,0.21,45.99,0.00,0.00,0.00
219.33,0.63,138.15,0.00,0.00,0.00,218.63,0.21,35.06,215.61,0.21,46.02,0.00,0.00,0.00
220.32,0.63,138.96,0.00,0.00,0.00,219.62,0.22,35.52,216.53,0.21,46.14,0.00,0.00,0.00
218.34,0.63,137.03,0.00,0.00,0.00,217.64,0.21,35.15,214.15,0.21,45.19,0.00,0.00,0.00
217.16,0.63,137.60,0.00,0.00,0.00,216.46,0.22,35.53,218.94,0.21,47.03,0.00,0.00,0.00
217.43,0.63,136.70,0.00,0.00,0.00,216.73,0.21,35.24,218.81,0.21,45.43,0.00,0.00,0.00
216.38,0.63,135.49,0.00,0.00,0.00,215.68,0.21,33.89,215.72,0.21,45.89,0.00,0.00,0.00
218.79,0.63,138.48,0.00,0.00,0.00,218.09,0.21,35.03,219.35,0.21,47.38,0.00,0.00,0.00
217.13,0.63,137.13,0.00,0.00,0.00,216.43,0.21,35.17,218.10,0.21,46.91,0.00,0.00,0.00
215.48,0.63,135.72,0.00,0.00,0.00,214.78,0.22,35.20,215.11,0.21,45.72,0.00,0.00,0.00
216.34,0.63,136.73,0.00,0.00,0.00,215.64,0.21,35.46,217.62,0.21,46.69,0.00,0.00,0.00
217.37,0.64,138.09,0.00,0.00,0.00,216.67,0.22,35.92,220.04,0.22,47.58,0.00,0.00,0.00
215.67,0.63,135.97,0.00,0.00,0.00,214.97,0.22,35.41,216.01,0.21,45.93,0.00,0.00,0.00
219.02,0.63,138.22,0.00,0.00,0.00,218.32,0.21,35.27,217.20,0.21,46.46,0.00,0.00,0.00
219.28,0.63,137.71,0.00,0.00,0.00,218.58,0.21,34.81,215.59,0.21,45.73,0.00,0.00,0.00
224.64,0.63,141.63,0.00,0.00,0.00,223.94,0.21,35.11,216.10,0.21,46.06,0.00,0.00,0.00
217.75,0.63,136.85,0.00,0.00,0.00,217.05,0.22,35.54,214.33,0.21,45.10,0.00,0.00,0.00
215.97,0.63,135.40,0.00,0.00,0.00,215.27,0.21,34.99,213.67,0.21,45.09,0.00,0.00,0.00
218.36,0.63,137.21,0.00,0.00,0.00,217.66,0.21,35.13,215.05,0.21,45.60,0.00,0.00,0.00
220.09,0.63,138.64,0.00,0.00,0.00,219.39,0.21,33.54,219.97,0.21,46.52,0.00,0.00,0.00
217.48,0.42,91.64,0.00,0.00,0.00,216.78,0.22,36.09,0.00,0.00,0.00,0.00,0.00,0.00
219.27,0.53,116.96,0.00,0.06,0.00,218.57,0.47,193.38,0.00,0.00,0.00,0.00,0.00,0.00
221.76,0.12,27.12,0.00,0.05,0.00,0.00,0.07,0.00,0.00,0.00,0.00,0.00,0.00,0.00
219.45,0.21,46.24,0.00,0.00,0.00,0.00,0.00,0.00,0.00,0.00,0.00,0.00,0.00,0.00
217.65,0.21,45.95,0.00,0.00,0.00,0.00,0.00,0.00,0.00,0.00,0.00,0.00,0.00,0.00
219.18,0.21,46.56,0.00,0.00,0.00,0.00,0.00,0.00,0.00,0.00,0.00,0.00,0.00,0.00
220.52,0.21,46.85,0.00,0.00,0.00,0.00,0.00,0.00,0.00,0.00,0.00,0.00,0.00,0.00
218.66,0.21,46.29,0.00,0.00,0.00,0.00,0.00,0.00,0.00,0.00,0.00,0.00,0.00,0.00
222.10,0.21,47.50,0.00,0.00,0.00,0.00,0.00,0.00,0.00,0.00,0.00,0.00,0.00,0.00
217.96,0.21,45.96,0.00,0.00,0.00,0.00,0.00,0.00,0.00,0.00,0.00,0.00,0.00,0.00
221.14,0.21,47.25,0.00,0.00,0.00,0.00,0.00,0.00,0.00,0.00,0.00,0.00,0.00,0.00
217.77,0.21,46.09,0.00,0.00,0.00,0.00,0.00,0.00,0.00,0.00,0.00,0.00,0.00,0.00
218.43,0.21,45.92,0.00,0.00,0.00,0.00,0.00,0.00,0.00,0.00,0.00,0.00,0.00,0.00
218.71,0.21,46.13,0.00,0.00,0.00,0.00,0.00,0.00,0.00,0.00,0.00,0.00,0.00,0.00
218.25,0.21,45.77,0.00,0.00,0.00,0.00,0.00,0.00,0.00,0.00,0.00,0.00,0.00,0.00
218.68,0.21,46.24,0.00,0.00,0.00,0.00,0.00,0.00,0.00,0.00,0.00,0.00,0.00,0.00
234.50,0.23,53.07,0.00,0.00,0.00,0.00,0.00,0.00,0.00,0.00,0.00,0.00,0.00,0.00
219.54,0.21,46.47,0.00,0.00,0.00,0.00,0.00,0.00,0.00,0.00,0.00,0.00,0.00,0.00
219.78,0.21,46.89,0.00,0.00,0.00,0.00,0.00,0.00,0.00,0.00,0.00,0.00,0.00,0.00
215.00,0.62,132.39,0.00,0.00,0.00,214.30,0.26,54.42,0.00,0.09,0.00,0.00,0.06,0.00
220.25,0.59,130.33,0.00,0.24,0.00,0.00,0.00,0.00,0.00,0.08,0.00,0.00,0.06,0.00
217.05,0.50,107.90,0.00,0.23,0.00,0.00,0.00,0.00,0.00,0.00,0.00,0.00,0.05,0.00
222.77,0.48,107.05,0.00,0.22,0.00,0.00,0.00,0.00,0.00,0.00,0.00,0.00,0.05,0.00
217.75,0.42,91.36,0.00,0.21,0.00,0.00,0.00,0.00,0.00,0.00,0.00,0.00,0.00,0.00
223.55,0.41,90.75,0.00,0.20,0.00,0.00,0.00,0.00,0.00,0.00,0.00,0.00,0.00,0.00
219.83,0.40,86.99,0.00,0.18,0.00,0.00,0.00,0.00,0.00,0.00,0.00,0.00,0.00,0.00
231.15,0.32,73.30,0.00,0.11,0.00,0.00,0.00,0.00,0.00,0.00,0.00,0.00,0.00,0.00
216.27,0.21,45.44,0.00,0.00,0.00,0.00,0.00,0.00,0.00,0.00,0.00,0.00,0.00,0.00
216.77,0.21,45.67,0.00,0.00,0.00,0.00,0.00,0.00,0.00,0.00,0.00,0.00,0.00,0.00
218.88,0.21,46.39,0.00,0.00,0.00,0.00,0.00,0.00,0.00,0.00,0.00,0.00,0.00,0.00
219.87,0.21,46.72,0.00,0.00,0.00,0.00,0.00,0.00,0.00,0.00,0.00,0.00,0.00,0.00
218.31,0.21,46.20,0.00,0.00,0.00,0.00,0.00,0.00,0.00,0.00,0.00,0.00,0.00,0.00
220.21,0.21,46.70,0.00,0.00,0.00,0.00,0.00,0.00,0.00,0.00,0.00,0.00,0.00,0.00
218.86,0.21,46.33,0.00,0.00,0.00,0.00,0.00,0.00,0.00,0.00,0.00,0.00,0.00,0.00
219.89,0.21,46.82,0.00,0.00,0.00,0.00,0.00,0.00,0.00,0.00,0.00,0.00,0.00,0.00
219.04,0.21,46.79,0.00,0.00,0.00,0.00,0.00,0.00,0.00,0.00,0.00,0.00,0.00,0.00
218.35,0.21,46.30,0.00,0.00,0.00,0.00,0.00,0.00,0.00,0.00,0.00,0.00,0.00,0.00
219.21,0.21,46.77,0.00,0.00,0.00,0.00,0.00,0.00,0.00,0.00,0.00,0.00,0.00,0.00
218.65,0.21,45.98,0.00,0.00,0.00,0.00,0.00,0.00,0.00,0.00,0.00,0.00,0.00,0.00
218.93,0.21,46.63,0.00,0.00,0.00,0.00,0.00,0.00,0.00,0.00,0.00,0.00,0.00,0.00
217.17,0.21,45.76,0.00,0.00,0.00,0.00,0.00,0.00,0.00,0.00,0.00,0.00,0.00,0.00
219.22,0.21,46.61,0.00,0.00,0.00,0.00,0.00,0.00,0.00,0.00,0.00,0.00,0.00,0.00
217.44,0.21,45.63,0.00,0.00,0.00,0.00,0.00,0.00,0.00,0.00,0.00,0.00,0.00,0.00
217.39,0.21,45.90,0.00,0.00,0.00,0.00,0.00,0.00,0.00,0.00,0.00,0.00,0.00,0.00
220.54,0.21,47.30,0.00,0.00,0.00,0.00,0.00,0.00,0.00,0.00,0.00,0.00,0.00,0.00
221.08,0.21,47.16,0.00,0.00,0.00,0.00,0.00,0.00,0.00,0.00,0.00,0.00,0.00,0.00
219.77,0.21,46.83,0.00,0.00,0.00,0.00,0.00,0.00,0.00,0.00,0.00,0.00,0.00,0.00
216.71,0.21,45.57,0.00,0.00,0.00,0.00,0.00,0.00,0.00,0.00,0.00,0.00,0.00,0.00
221.79,0.21,47.22,0.00,0.00,0.00,0.00,0.00,0.00,0.00,0.00,0.00,0.00,0.00,0.00
219.82,0.21,46.90,0.00,0.00,0.00,0.00,0.00,0.00,0.00,0.00,0.00,0.00,0.00,0.00
220.86,0.21,47.34,0.00,0.00,0.00,0.00,0.00,0.00,0.00,0.00,0.00,0.00,0.00,0.00
219.23,0.21,46.72,0.00,0.00,0.00,0.00,0.00,0.00,0.00,0.00,0.00,0.00,0.00,0.00
219.93,0.21,47.09,0.00,0.00,0.00,0.00,0.00,0.00,0.00,0.00,0.00,0.00,0.00,0.00
219.32,0.21,46.40,0.00,0.00,0.00,0.00,0.00,0.00,0.00,0.00,0.00,0.00,0.00,0.00
220.01,0.21,47.11,0.00,0.00,0.00,0.00,0.00,0.00,0.00,0.00,0.00,0.00,0.00,0.00
215.20,0.21,45.16,0.00,0.00,0.00,0.00,0.00,0.00,0.00,0.00,0.00,0.00,0.00,0.00
219.81,0.21,46.95,0.00,0.00,0.00,0.00,0.00,0.00,0.00,0.00,0.00,0.00,0.00,0.00
217.95,0.21,46.18,0.00,0.00,0.00,0.00,0.00,0.00,0.00,0.00,0.00,0.00,0.00,0.00
217.58,0.21,45.71,0.00,0.00,0.00,0.00,0.00,0.00,0.00,0.00,0.00,0.00,0.00,0.00
218.39,0.21,46.33,0.00,0.00,0.00,0.00,0.00,0.00,0.00,0.00,0.00,0.00,0.00,0.00
219.11,0.21,46.60,0.00,0.00,0.00,0.00,0.00,0.00,0.00,0.00,0.00,0.00,0.00,0.00
218.92,0.21,46.52,0.00,0.00,0.00,0.00,0.00,0.00,0.00,0.00,0.00,0.00,0.00,0.00
216.15,0.21,45.47,0.00,0.00,0.00,0.00,0.00,0.00,0.00,0.00,0.00,0.00,0.00,0.00
217.19,0.21,45.87,0.00,0.00,0.00,0.00,0.00,0.00,0.00,0.00,0.00,0.00,0.00,0.00
217.77,0.21,45.80,0.00,0.00,0.00,0.00,0.00,0.00,0.00,0.00,0.00,0.00,0.00,0.00
219.33,0.21,46.68,0.00,0.00,0.00,0.00,0.00,0.00,0.00,0.00,0.00,0.00,0.00,0.00
218.74,0.21,46.46,0.00,0.00,0.00,0.00,0.00,0.00,0.00,0.00,0.00,0.00,0.00,0.00
217.80,0.21,46.20,0.00,0.00,0.00,0.00,0.00,0.00,0.00,0.00,0.00,0.00,0.00,0.00
218.84,0.21,46.30,0.00,0.00,0.00,0.00,0.00,0.00,0.00,0.00,0.00,0.00,0.00,0.00
217.37,0.21,45.71,0.00,0.00,0.00,0.00,0.00,0.00,0.00,0.00,0.00,0.00,0.00,0.00
220.33,0.21,47.33,0.00,0.00,0.00,0.00,0.00,0.00,0.00,0.00,0.00,0.00,0.00,0.00
219.95,0.21,46.87,0.00,0.00,0.00,0.00,0.00,0.00,0.00,0.00,0.00,0.00,0.00,0.00
215.52,0.21,45.13,0.00,0.00,0.00,0.00,0.00,0.00,0.00,0.00,0.00,0.00,0.00,0.00
217.59,0.21,45.71,0.00,0.00,0.00,0.00,0.00,0.00,0.00,0.00,0.00,0.00,0.00,0.00
222.20,0.22,48.02,0.00,0.00,0.00,0.00,0.00,0.00,0.00,0.00,0.00,0.00,0.00,0.00
219.78,0.21,47.08,0.00,0.00,0.00,0.00,0.00,0.00,0.00,0.00,0.00,0.00,0.00,0.00
220.26,0.21,47.26,0.00,0.00,0.00,0.00,0.00,0.00,0.00,0.00,0.00,0.00,0.00,0.00
221.27,0.22,47.62,0.00,0.00,0.00,0.00,0.00,0.00,0.00,0.00,0.00,0.00,0.00,0.00
218.76,0.21,46.44,0.00,0.00,0.00,0.00,0.00,0.00,0.00,0.00,0.00,0.00,0.00,0.00
218.58,0.21,46.56,0.00,0.00,0.00,0.00,0.00,0.00,0.00,0.00,0.00,0.00,0.00,0.00
220.18,0.21,46.95,0.00,0.00,0.00,0.00,0.00,0.00,0.00,0.00,0.00,0.00,0.00,0.00
216.99,0.21,45.70,0.00,0.00,0.00,0.00,0.00,0.00,0.00,0.00,0.00,0.00,0.00,0.00
219.01,0.21,46.50,0.00,0.00,0.00,0.00,0.00,0.00,0.00,0.00,0.00,0.00,0.00,0.00
218.35,0.21,46.54,0.00,0.00,0.00,0.00,0.00,0.00,0.00,0.00,0.00,0.00,0.00,0.00
221.58,0.22,47.69,0.00,0.00,0.00,0.00,0.00,0.00,0.00,0.00,0.00,0.00,0.00,0.00
220.39,0.21,46.94,0.00,0.00,0.00,0.00,0.00,0.00,0.00,0.00,0.00,0.00,0.00,0.00
217.15,0.21,46.00,0.00,0.00,0.00,0.00,0.00,0.00,0.00,0.00,0.00,0.00,0.00,0.00
219.27,0.21,46.85,0.00,0.00,0.00,0.00,0.00,0.00,0.00,0.00,0.00,0.00,0.00,0.00
218.66,0.21,46.54,0.00,0.00,0.00,0.00,0.00,0.00,0.00,0.00,0.00,0.00,0.00,0.00
218.79,0.21,46.43,0.00,0.00,0.00,0.00,0.00,0.00,0.00,0.00,0.00,0.00,0.00,0.00
221.58,0.22,47.79,0.00,0.00,0.00,0.00,0.00,0.00,0.00,0.00,0.00,0.00,0.00,0.00
218.17,0.21,46.36,0.00,0.00,0.00,0.00,0.00,0.00,0.00,0.00,0.00,0.00,0.00,0.00
218.66,0.21,46.12,0.00,0.00,0.00,0.00,0.00,0.00,0.00,0.00,0.00,0.00,0.00,0.00
218.57,0.21,46.54,0.00,0.00,0.00,0.00,0.00,0.00,0.00,0.00,0.00,0.00,0.00,0.00
223.40,0.22,48.09,0.00,0.00,0.00,0.00,0.00,0.00,0.00,0.00,0.00,0.00,0.00,0.00
216.75,0.21,45.67,0.00,0.00,0.00,0.00,0.00,0.00,0.00,0.00,0.00,0.00,0.00,0.00
218.86,0.21,46.50,0.00,0.00,0.00,0.00,0.00,0.00,0.00,0.00,0.00,0.00,0.00,0.00
217.26,0.21,45.93,0.00,0.00,0.00,0.00,0.00,0.00,0.00,0.00,0.00,0.00,0.00,0.00
219.25,0.21,46.35,0.00,0.00,0.00,0.00,0.00,0.00,0.00,0.00,0.00,0.00,0.00,0.00
217.27,0.21,45.07,0.00,0.00,0.00,0.00,0.00,0.00,0.00,0.00,0.00,0.00,0.00,0.00
218.95,0.21,46.45,0.00,0.00,0.00,0.00,0.00,0.00,0.00,0.00,0.00,0.00,0.00,0.00
219.66,0.21,46.67,0.00,0.00,0.00,0.00,0.00,0.00,0.00,0.00,0.00,0.00,0.00,0.00
220.06,0.22,47.40,0.00,0.00,0.00,0.00,0.00,0.00,0.00,0.00,0.00,0.00,0.00,0.00
216.36,0.21,45.70,0.00,0.00,0.00,0.00,0.00,0.00,0.00,0.00,0.00,0.00,0.00,0.00
221.59,0.22,47.66,0.00,0.00,0.00,0.00,0.00,0.00,0.00,0.00,0.00,0.00,0.00,0.00
219.67,0.21,47.08,0.00,0.00,0.00,0.00,0.00,0.00,0.00,0.00,0.00,0.00,0.00,0.00
219.58,0.21,47.04,0.00,0.00,0.00,0.00,0.00,0.00,0.00,0.00,0.00,0.00,0.00,0.00
216.81,0.21,45.49,0.00,0.00,0.00,0.00,0.00,0.00,0.00,0.00,0.00,0.00,0.00,0.00
219.99,0.21,46.73,0.00,0.00,0.00,0.00,0.00,0.00,0.00,0.00,0.00,0.00,0.00,0.00
218.16,0.21,46.11,0.00,0.00,0.00,0.00,0.00,0.00,0.00,0.00,0.00,0.00,0.00,0.00
218.12,0.21,46.26,0.00,0.00,0.00,0.00,0.00,0.00,0.00,0.00,0.00,0.00,0.00,0.00
219.78,0.21,47.00,0.00,0.00,0.00,0.00,0.00,0.00,0.00,0.00,0.00,0.00,0.00,0.00
217.83,0.21,46.16,0.00,0.00,0.00,0.00,0.00,0.00,0.00,0.00,0.00,0.00,0.00,0.00
221.33,0.22,47.89,0.00,0.00,0.00,0.00,0.00,0.00,0.00,0.00,0.00,0.00,0.00,0.00
221.03,0.21,47.41,0.00,0.00,0.00,0.00,0.00,0.00,0.00,0.00,0.00,0.00,0.00,0.00
221.91,0.21,47.53,0.00,0.00,0.00,0.00,0.00,0.00,0.00,0.00,0.00,0.00,0.00,0.00
215.37,0.21,45.31,0.00,0.00,0.00,0.00,0.00,0.00,0.00,0.00,0.00,0.00,0.00,0.00
219.62,0.21,46.91,0.00,0.00,0.00,0.00,0.00,0.00,0.00,0.00,0.00,0.00,0.00,0.00
219.78,0.21,46.91,0.00,0.00,0.00,0.00,0.00,0.00,0.00,0.00,0.00,0.00,0.00,0.00
219.13,0.21,46.38,0.00,0.00,0.00,0.00,0.00,0.00,0.00,0.00,0.00,0.00,0.00,0.00
217.47,0.21,45.91,0.00,0.00,0.00,0.00,0.00,0.00,0.00,0.00,0.00,0.00,0.00,0.00
221.06,0.21,47.48,0.00,0.00,0.00,0.00,0.00,0.00,0.00,0.00,0.00,0.00,0.00,0.00
217.06,0.21,46.02,0.00,0.00,0.00,0.00,0.00,0.00,0.00,0.00,0.00,0.00,0.00,0.00
218.12,0.21,46.33,0.00,0.00,0.00,0.00,0.00,0.00,0.00,0.00,0.00,0.00,0.00,0.00
218.81,0.21,46.46,0.00,0.00,0.00,0.00,0.00,0.00,0.00,0.00,0.00,0.00,0.00,0.00
219.92,0.21,47.14,0.00,0.00,0.00,0.00,0.00,0.00,0.00,0.00,0.00,0.00,0.00,0.00
219.04,0.21,46.40,0.00,0.00,0.00,0.00,0.00,0.00,0.00,0.00,0.00,0.00,0.00,0.00
220.54,0.22,47.44,0.00,0.00,0.00,0.00,0.00,0.00,0.00,0.00,0.00,0.00,0.00,0.00
218.32,0.21,46.56,0.00,0.00,0.00,0.00,0.00,0.00,0.00,0.00,0.00,0.00,0.00,0.00
220.71,0.21,47.36,0.00,0.00,0.00,0.00,0.00,0.00,0.00,0.00,0.00,0.00,0.00,0.00
219.10,0.21,46.88,0.00,0.00,0.00,0.00,0.00,0.00,0.00,0.00,0.00,0.00,0.00,0.00
217.52,0.21,46.04,0.00,0.00,0.00,0.00,0.00,0.00,0.00,0.00,0.00,0.00,0.00,0.00
219.74,0.21,46.79,0.00,0.00,0.00,0.00,0.00,0.00,0.00,0.00,0.00,0.00,0.00,0.00
221.65,0.22,48.12,0.00,0.00,0.00,0.00,0.00,0.00,0.00,0.00,0.00,0.00,0.00,0.00
219.19,0.21,46.96,0.00,0.00,0.00,0.00,0.00,0.00,0.00,0.00,0.00,0.00,0.00,0.00
220.29,0.21,47.36,0.00,0.00,0.00,0.00,0.00,0.00,0.00,0.00,0.00,0.00,0.00,0.00
216.81,0.21,45.94,0.00,0.00,0.00,0.00,0.00,0.00,0.00,0.00,0.00,0.00,0.00,0.00
219.94,0.21,46.57,0.00,0.00,0.00,0.00,0.00,0.00,0.00,0.00,0.00,0.00,0.00,0.00
219.81,0.21,47.18,0.00,0.00,0.00,0.00,0.00,0.00,0.00,0.00,0.00,0.00,0.00,0.00
220.18,0.21,46.86,0.00,0.00,0.00,0.00,0.00,0.00,0.00,0.00,0.00,0.00,0.00,0.00
219.56,0.21,46.87,0.00,0.00,0.00,0.00,0.00,0.00,0.00,0.00,0.00,0.00,0.00,0.00
217.75,0.21,46.05,0.00,0.00,0.00,0.00,0.00,0.00,0.00,0.00,0.00,0.00,0.00,0.00
228.38,0.22,50.18,0.00,0.00,0.00,0.00,0.00,0.00,0.00,0.00,0.00,0.00,0.00,0.00
221.10,0.22,47.62,0.00,0.00,0.00,0.00,0.00,0.00,0.00,0.00,0.00,0.00,0.00,0.00
220.58,0.21,47.20,0.00,0.00,0.00,0.00,0.00,0.00,0.00,0.00,0.00,0.00,0.00,0.00
221.90,0.22,47.87,0.00,0.00,0.00,0.00,0.00,0.00,0.00,0.00,0.00,0.00,0.00,0.00
215.99,0.21,45.58,0.00,0.00,0.00,0.00,0.00,0.00,0.00,0.00,0.00,0.00,0.00,0.00
224.09,0.22,48.86,0.00,0.00,0.00,0.00,0.00,0.00,0.00,0.00,0.00,0.00,0.00,0.00
219.95,0.21,47.06,0.00,0.00,0.00,0.00,0.00,0.00,0.00,0.00,0.00,0.00,0.00,0.00
221.03,0.21,47.06,0.00,0.00,0.00,0.00,0.00,0.00,0.00,0.00,0.00,0.00,0.00,0.00
218.89,0.21,46.41,0.00,0.00,0.00,0.00,0.00,0.00,0.00,0.00,0.00,0.00,0.00,0.00
219.63,0.21,46.89,0.00,0.00,0.00,0.00,0.00,0.00,0.00,0.00,0.00,0.00,0.00,0.00
217.18,0.21,45.62,0.00,0.00,0.00,0.00,0.00,0.00,0.00,0.00,0.00,0.00,0.00,0.00
220.23,0.21,47.19,0.00,0.00,0.00,0.00,0.00,0.00,0.00,0.00,0.00,0.00,0.00,0.00
217.30,0.21,45.86,0.00,0.00,0.00,0.00,0.00,0.00,0.00,0.00,0.00,0.00,0.00,0.00
220.58,0.22,47.66,0.00,0.00,0.00,0.00,0.00,0.00,0.00,0.00,0.00,0.00,0.00,0.00
218.08,0.21,46.21,0.00,0.00,0.00,0.00,0.00,0.00,0.00,0.00,0.00,0.00,0.00,0.00
220.13,0.21,47.15,0.00,0.00,0.00,0.00,0.00,0.00,0.00,0.00,0.00,0.00,0.00,0.00
218.01,0.21,46.39,0.00,0.00,0.00,0.00,0.00,0.00,0.00,0.00,0.00,0.00,0.00,0.00
219.41,0.21,47.10,0.00,0.00,0.00,0.00,0.00,0.00,0.00,0.00,0.00,0.00,0.00,0.00
219.46,0.21,46.57,0.00,0.00,0.00,0.00,0.00,0.00,0.00,0.00,0.00,0.00,0.00,0.00
220.16,0.21,47.12,0.00,0.00,0.00,0.00,0.00,0.00,0.00,0.00,0.00,0.00,0.00,0.00
217.38,0.21,45.65,0.00,0.00,0.00,0.00,0.00,0.00,0.00,0.00,0.00,0.00,0.00,0.00
220.71,0.22,47.48,0.00,0.00,0.00,0.00,0.00,0.00,0.00,0.00,0.00,0.00,0.00,0.00
220.83,0.21,47.17,0.00,0.00,0.00,0.00,0.00,0.00,0.00,0.00,0.00,0.00,0.00,0.00
222.01,0.22,47.81,0.00,0.00,0.00,0.00,0.00,0.00,0.00,0.00,0.00,0.00,0.00,0.00
218.38,0.21,46.54,0.00,0.00,0.00,0.00,0.00,0.00,0.00,0.00,0.00,0.00,0.00,0.00
220.64,0.21,47.34,0.00,0.00,0.00,0.00,0.00,0.00,0.00,0.00,0.00,0.00,0.00,0.00
222.12,0.22,47.95,0.00,0.00,0.00,0.00,0.00,0.00,0.00,0.00,0.00,0.00,0.00,0.00
219.56,0.21,46.64,0.00,0.00,0.00,0.00,0.00,0.00,0.00,0.00,0.00,0.00,0.00,0.00
220.63,0.21,47.33,0.00,0.00,0.00,0.00,0.00,0.00,0.00,0.00,0.00,0.00,0.00,0.00
228.09,0.22,50.99,0.00,0.00,0.00,0.00,0.00,0.00,0.00,0.00,0.00,0.00,0.00,0.00
219.41,0.21,46.63,0.00,0.00,0.00,0.00,0.00,0.00,0.00,0.00,0.00,0.00,0.00,0.00
219.25,0.21,46.57,0.00,0.00,0.00,0.00,0.00,0.00,0.00,0.00,0.00,0.00,0.00,0.00
216.05,0.21,45.44,0.00,0.00,0.00,0.00,0.00,0.00,0.00,0.00,0.00,0.00,0.00,0.00
216.85,0.21,45.79,0.00,0.00,0.00,0.00,0.00,0.00,0.00,0.00,0.00,0.00,0.00,0.00
218.71,0.21,46.28,0.00,0.00,0.00,0.00,0.00,0.00,0.00,0.00,0.00,0.00,0.00,0.00
219.08,0.21,46.78,0.00,0.00,0.00,0.00,0.00,0.00,0.00,0.00,0.00,0.00,0.00,0.00
218.99,0.21,46.51,0.00,0.00,0.00,0.00,0.00,0.00,0.00,0.00,0.00,0.00,0.00,0.00
217.98,0.21,46.09,0.00,0.00,0.00,0.00,0.00,0.00,0.00,0.00,0.00,0.00,0.00,0.00
218.94,0.21,46.59,0.00,0.00,0.00,0.00,0.00,0.00,0.00,0.00,0.00,0.00,0.00,0.00
216.10,0.21,45.39,0.00,0.00,0.00,0.00,0.00,0.00,0.00,0.00,0.00,0.00,0.00,0.00
217.22,0.21,45.78,0.00,0.00,0.00,0.00,0.00,0.00,0.00,0.00,0.00,0.00,0.00,0.00
219.23,0.21,46.49,0.00,0.00,0.00,0.00,0.00,0.00,0.00,0.00,0.00,0.00,0.00,0.00
219.67,0.21,46.92,0.00,0.00,0.00,0.00,0.00,0.00,0.00,0.00,0.00,0.00,0.00,0.00
219.11,0.21,46.98,0.00,0.00,0.00,0.00,0.00,0.00,0.00,0.00,0.00,0.00,0.00,0.00
218.02,0.21,46.31,0.00,0.00,0.00,0.00,0.00,0.00,0.00,0.00,0.00,0.00,0.00,0.00
216.48,0.21,45.40,0.00,0.00,0.00,0.00,0.00,0.00,0.00,0.00,0.00,0.00,0.00,0.00
219.37,0.21,46.59,0.00,0.00,0.00,0.00,0.00,0.00,0.00,0.00,0.00,0.00,0.00,0.00
218.46,0.21,46.25,0.00,0.00,0.00,0.00,0.00,0.00,0.00,0.00,0.00,0.00,0.00,0.00
219.81,0.21,46.66,0.00,0.00,0.00,0.00,0.00,0.00,0.00,0.00,0.00,0.00,0.00,0.00
218.06,0.21,46.36,0.00,0.00,0.00,0.00,0.00,0.00,0.00,0.00,0.00,0.00,0.00,0.00
221.05,0.22,47.66,0.00,0.00,0.00,0.00,0.00,0.00,0.00,0.00,0.00,0.00,0.00,0.00
219.10,0.21,46.64,0.00,0.00,0.00,0.00,0.00,0.00,0.00,0.00,0.00,0.00,0.00,0.00
219.10,0.21,46.44,0.00,0.00,0.00,0.00,0.00,0.00,0.00,0.00,0.00,0.00,0.00,0.00
217.81,0.21,46.24,0.00,0.00,0.00,0.00,0.00,0.00,0.00,0.00,0.00,0.00,0.00,0.00
218.06,0.21,45.99,0.00,0.00,0.00,0.00,0.00,0.00,0.00,0.00,0.00,0.00,0.00,0.00
219.36,0.21,46.80,0.00,0.00,0.00,0.00,0.00,0.00,0.00,0.00,0.00,0.00,0.00,0.00
218.09,0.21,45.97,0.00,0.00,0.00,0.00,0.00,0.00,0.00,0.00,0.00,0.00,0.00,0.00
220.98,0.21,47.05,0.00,0.00,0.00,0.00,0.00,0.00,0.00,0.00,0.00,0.00,0.00,0.00
219.79,0.21,46.87,0.00,0.00,0.00,0.00,0.00,0.00,0.00,0.00,0.00,0.00,0.00,0.00
218.49,0.21,46.27,0.00,0.00,0.00,0.00,0.00,0.00,0.00,0.00,0.00,0.00,0.00,0.00
218.72,0.21,46.30,0.00,0.00,0.00,0.00,0.00,0.00,0.00,0.00,0.00,0.00,0.00,0.00
218.51,0.21,46.31,0.00,0.00,0.00,0.00,0.00,0.00,0.00,0.00,0.00,0.00,0.00,0.00
221.30,0.21,47.42,0.00,0.00,0.00,0.00,0.00,0.00,0.00,0.00,0.00,0.00,0.00,0.00
219.98,0.21,47.10,0.00,0.00,0.00,0.00,0.00,0.00,0.00,0.00,0.00,0.00,0.00,0.00
217.76,0.21,45.88,0.00,0.00,0.00,0.00,0.00,0.00,0.00,0.00,0.00,0.00,0.00,0.00
219.64,0.21,46.80,0.00,0.00,0.00,0.00,0.00,0.00,0.00,0.00,0.00,0.00,0.00,0.00
219.15,0.21,46.69,0.00,0.00,0.00,0.00,0.00,0.00,0.00,0.00,0.00,0.00,0.00,0.00
219.01,0.21,46.79,0.00,0.00,0.00,0.00,0.00,0.00,0.00,0.00,0.00,0.00,0.00,0.00
220.13,0.21,47.03,0.00,0.00,0.00,0.00,0.00,0.00,0.00,0.00,0.00,0.00,0.00,0.00
219.37,0.21,46.58,0.00,0.00,0.00,0.00,0.00,0.00,0.00,0.00,0.00,0.00,0.00,0.00
220.72,0.21,47.15,0.00,0.00,0.00,0.00,0.00,0.00,0.00,0.00,0.00,0.00,0.00,0.00
223.06,0.22,48.44,0.00,0.00,0.00,0.00,0.00,0.00,0.00,0.00,0.00,0.00,0.00,0.00
218.43,0.21,46.38,0.00,0.00,0.00,0.00,0.00,0.00,0.00,0.00,0.00,0.00,0.00,0.00
218.35,0.21,45.72,0.00,0.00,0.00,0.00,0.00,0.00,0.00,0.00,0.00,0.00,0.00,0.00
217.49,0.21,45.58,0.00,0.00,0.00,0.00,0.00,0.00,0.00,0.00,0.00,0.00,0.00,0.00
218.43,0.21,46.41,0.00,0.00,0.00,0.00,0.00,0.00,0.00,0.00,0.00,0.00,0.00,0.00
218.46,0.21,46.62,0.00,0.00,0.00,0.00,0.00,0.00,0.00,0.00,0.00,0.00,0.00,0.00
218.20,0.21,46.21,0.00,0.00,0.00,0.00,0.00,0.00,0.00,0.00,0.00,0.00,0.00,0.00
219.06,0.21,46.30,0.00,0.00,0.00,0.00,0.00,0.00,0.00,0.00,0.00,0.00,0.00,0.00
218.40,0.21,46.29,0.00,0.00,0.00,0.00,0.00,0.00,0.00,0.00,0.00,0.00,0.00,0.00
218.67,0.21,46.26,0.00,0.00,0.00,0.00,0.00,0.00,0.00,0.00,0.00,0.00,0.00,0.00
218.96,0.21,46.47,0.00,0.00,0.00,0.00,0.00,0.00,0.00,0.00,0.00,0.00,0.00,0.00
220.03,0.21,46.87,0.00,0.00,0.00,0.00,0.00,0.00,0.00,0.00,0.00,0.00,0.00,0.00
220.95,0.21,47.49,0.00,0.00,0.00,0.00,0.00,0.00,0.00,0.00,0.00,0.00,0.00,0.00
219.74,0.21,46.97,0.00,0.00,0.00,0.00,0.00,0.00,0.00,0.00,0.00,0.00,0.00,0.00
219.89,0.21,46.90,0.00,0.00,0.00,0.00,0.00,0.00,0.00,0.00,0.00,0.00,0.00,0.00
219.78,0.21,46.86,0.00,0.00,0.00,0.00,0.00,0.00,0.00,0.00,0.00,0.00,0.00,0.00
221.47,0.22,47.66,0.00,0.00,0.00,0.00,0.00,0.00,0.00,0.00,0.00,0.00,0.00,0.00
216.96,0.21,45.83,0.00,0.00,0.00,0.00,0.00,0.00,0.00,0.00,0.00,0.00,0.00,0.00
221.51,0.22,47.73,0.00,0.00,0.00,0.00,0.00,0.00,0.00,0.00,0.00,0.00,0.00,0.00
219.17,0.21,46.64,0.00,0.00,0.00,0.00,0.00,0.00,0.00,0.00,0.00,0.00,0.00,0.00
220.31,0.21,47.09,0.00,0.00,0.00,0.00,0.00,0.00,0.00,0.00,0.00,0.00,0.00,0.00
218.20,0.21,46.10,0.00,0.00,0.00,0.00,0.00,0.00,0.00,0.00,0.00,0.00,0.00,0.00
220.13,0.21,46.84,0.00,0.00,0.00,0.00,0.00,0.00,0.00,0.00,0.00,0.00,0.00,0.00
218.93,0.21,46.55,0.00,0.00,0.00,0.00,0.00,0.00,0.00,0.00,0.00,0.00,0.00,0.00
220.81,0.21,47.36,0.00,0.00,0.00,0.00,0.00,0.00,0.00,0.00,0.00,0.00,0.00,0.00
217.49,0.21,45.76,0.00,0.00,0.00,0.00,0.00,0.00,0.00,0.00,0.00,0.00,0.00,0.00
222.07,0.22,47.88,0.00,0.00,0.00,0.00,0.00,0.00,0.00,0.00,0.00,0.00,0.00,0.00
219.10,0.21,46.46,0.00,0.00,0.00,0.00,0.00,0.00,0.00,0.00,0.00,0.00,0.00,0.00
218.03,0.21,46.19,0.00,0.00,0.00,0.00,0.00,0.00,0.00,0.00,0.00,0.00,0.00,0.00
223.53,0.22,48.89,0.00,0.00,0.00,0.00,0.00,0.00,0.00,0.00,0.00,0.00,0.00,0.00
219.76,0.21,46.66,0.00,0.00,0.00,0.00,0.00,0.00,0.00,0.00,0.00,0.00,0.00,0.00
225.05,0.22,49.91,0.00,0.00,0.00,0.00,0.00,0.00,0.00,0.00,0.00,0.00,0.00,0.00
219.32,0.21,46.54,0.00,0.00,0.00,0.00,0.00,0.00,0.00,0.00,0.00,0.00,0.00,0.00
220.19,0.21,46.94,0.00,0.00,0.00,0.00,0.00,0.00,0.00,0.00,0.00,0.00,0.00,0.00
222.03,0.22,47.83,0.00,0.00,0.00,0.00,0.00,0.00,0.00,0.00,0.00,0.00,0.00,0.00
219.63,0.21,46.58,0.00,0.00,0.00,0.00,0.00,0.00,0.00,0.00,0.00,0.00,0.00,0.00
221.53,0.22,47.71,0.00,0.00,0.00,0.00,0.00,0.00,0.00,0.00,0.00,0.00,0.00,0.00
219.00,0.21,46.44,0.00,0.00,0.00,0.00,0.00,0.00,0.00,0.00,0.00,0.00,0.00,0.00
220.44,0.21,47.14,0.00,0.00,0.00,0.00,0.00,0.00,0.00,0.00,0.00,0.00,0.00,0.00
215.56,0.21,45.06,0.00,0.00,0.00,0.00,0.00,0.00,0.00,0.00,0.00,0.00,0.00,0.00
220.22,0.21,47.05,0.00,0.00,0.00,0.00,0.00,0.00,0.00,0.00,0.00,0.00,0.00,0.00
219.53,0.21,46.93,0.00,0.00,0.00,0.00,0.00,0.00,0.00,0.00,0.00,0.00,0.00,0.00
218.81,0.21,46.43,0.00,0.00,0.00,0.00,0.00,0.00,0.00,0.00,0.00,0.00,0.00,0.00
218.81,0.21,46.42,0.00,0.00,0.00,0.00,0.00,0.00,0.00,0.00,0.00,0.00,0.00,0.00
220.03,0.21,46.95,0.00,0.00,0.00,0.00,0.00,0.00,0.00,0.00,0.00,0.00,0.00,0.00
218.62,0.21,46.35,0.00,0.00,0.00,0.00,0.00,0.00,0.00,0.00,0.00,0.00,0.00,0.00
219.29,0.21,46.67,0.00,0.00,0.00,0.00,0.00,0.00,0.00,0.00,0.00,0.00,0.00,0.00
216.47,0.21,45.55,0.00,0.00,0.00,0.00,0.00,0.00,0.00,0.00,0.00,0.00,0.00,0.00
223.59,0.22,48.65,0.00,0.00,0.00,0.00,0.00,0.00,0.00,0.00,0.00,0.00,0.00,0.00
223.61,0.22,48.66,0.00,0.00,0.00,0.00,0.00,0.00,0.00,0.00,0.00,0.00,0.00,0.00
219.24,0.21,46.70,0.00,0.00,0.00,0.00,0.00,0.00,0.00,0.00,0.00,0.00,0.00,0.00
219.54,0.21,46.73,0.00,0.00,0.00,0.00,0.00,0.00,0.00,0.00,0.00,0.00,0.00,0.00
221.00,0.21,47.46,0.00,0.00,0.00,0.00,0.00,0.00,0.00,0.00,0.00,0.00,0.00,0.00
217.50,0.21,46.05,0.00,0.00,0.00,0.00,0.00,0.00,0.00,0.00,0.00,0.00,0.00,0.00
221.54,0.22,47.65,0.00,0.00,0.00,0.00,0.00,0.00,0.00,0.00,0.00,0.00,0.00,0.00
219.32,0.21,46.69,0.00,0.00,0.00,0.00,0.00,0.00,0.00,0.00,0.00,0.00,0.00,0.00
221.02,0.21,47.33,0.00,0.00,0.00,0.00,0.00,0.00,0.00,0.00,0.00,0.00,0.00,0.00
217.61,0.21,45.86,0.00,0.00,0.00,0.00,0.00,0.00,0.00,0.00,0.00,0.00,0.00,0.00
219.07,0.21,46.74,0.00,0.00,0.00,0.00,0.00,0.00,0.00,0.00,0.00,0.00,0.00,0.00
219.02,0.21,46.45,0.00,0.00,0.00,0.00,0.00,0.00,0.00,0.00,0.00,0.00,0.00,0.00
218.39,0.21,46.38,0.00,0.00,0.00,0.00,0.00,0.00,0.00,0.00,0.00,0.00,0.00,0.00
219.76,0.21,46.80,0.00,0.00,0.00,0.00,0.00,0.00,0.00,0.00,0.00,0.00,0.00,0.00
218.69,0.21,46.31,0.00,0.00,0.00,0.00,0.00,0.00,0.00,0.00,0.00,0.00,0.00,0.00
219.46,0.21,47.01,0.00,0.00,0.00,0.00,0.00,0.00,0.00,0.00,0.00,0.00,0.00,0.00
216.13,0.21,45.45,0.00,0.00,0.00,0.00,0.00,0.00,0.00,0.00,0.00,0.00,0.00,0.00
220.65,0.21,47.14,0.00,0.00,0.00,0.00,0.00,0.00,0.00,0.00,0.00,0.00,0.00,0.00
218.31,0.21,46.36,0.00,0.00,0.00,0.00,0.00,0.00,0.00,0.00,0.00,0.00,0.00,0.00
220.66,0.21,47.30,0.00,0.00,0.00,0.00,0.00,0.00,0.00,0.00,0.00,0.00,0.00,0.00
218.93,0.21,46.51,0.00,0.00,0.00,0.00,0.00,0.00,0.00,0.00,0.00,0.00,0.00,0.00
220.40,0.21,47.24,0.00,0.00,0.00,0.00,0.00,0.00,0.00,0.00,0.00,0.00,0.00,0.00
218.45,0.21,46.39,0.00,0.00,0.00,0.00,0.00,0.00,0.00,0.00,0.00,0.00,0.00,0.00
217.48,0.21,45.66,0.00,0.00,0.00,0.00,0.00,0.00,0.00,0.00,0.00,0.00,0.00,0.00
219.61,0.21,46.85,0.00,0.00,0.00,0.00,0.00,0.00,0.00,0.00,0.00,0.00,0.00,0.00
217.14,0.21,45.85,0.00,0.00,0.00,0.00,0.00,0.00,0.00,0.00,0.00,0.00,0.00,0.00
218.35,0.21,46.37,0.00,0.00,0.00,0.00,0.00,0.00,0.00,0.00,0.00,0.00,0.00,0.00
220.83,0.21,47.27,0.00,0.00,0.00,0.00,0.00,0.00,0.00,0.00,0.00,0.00,0.00,0.00
219.67,0.21,47.05,0.00,0.00,0.00,0.00,0.00,0.00,0.00,0.00,0.00,0.00,0.00,0.00
218.79,0.21,46.63,0.00,0.00,0.00,0.00,0.00,0.00,0.00,0.00,0.00,0.00,0.00,0.00
220.77,0.21,47.35,0.00,0.00,0.00,0.00,0.00,0.00,0.00,0.00,0.00,0.00,0.00,0.00
220.43,0.21,47.10,0.00,0.00,0.00,0.00,0.00,0.00,0.00,0.00,0.00,0.00,0.00,0.00
221.04,0.21,47.42,0.00,0.00,0.00,0.00,0.00,0.00,0.00,0.00,0.00,0.00,0.00,0.00
218.85,0.21,46.48,0.00,0.00,0.00,0.00,0.00,0.00,0.00,0.00,0.00,0.00,0.00,0.00
219.66,0.21,47.04,0.00,0.00,0.00,0.00,0.00,0.00,0.00,0.00,0.00,0.00,0.00,0.00
217.03,0.21,45.72,0.00,0.00,0.00,0.00,0.00,0.00,0.00,0.00,0.00,0.00,0.00,0.00
220.22,0.21,46.93,0.00,0.00,0.00,0.00,0.00,0.00,0.00,0.00,0.00,0.00,0.00,0.00
220.36,0.22,47.49,0.00,0.00,0.00,0.00,0.00,0.00,0.00,0.00,0.00,0.00,0.00,0.00
220.52,0.21,47.31,0.00,0.00,0.00,0.00,0.00,0.00,0.00,0.00,0.00,0.00,0.00,0.00
218.27,0.21,46.33,0.00,0.00,0.00,0.00,0.00,0.00,0.00,0.00,0.00,0.00,0.00,0.00
221.30,0.22,47.65,0.00,0.00,0.00,0.00,0.00,0.00,0.00,0.00,0.00,0.00,0.00,0.00
219.08,0.21,46.60,0.00,0.00,0.00,0.00,0.00,0.00,0.00,0.00,0.00,0.00,0.00,0.00
217.82,0.21,45.90,0.00,0.00,0.00,0.00,0.00,0.00,0.00,0.00,0.00,0.00,0.00,0.00
218.15,0.21,46.14,0.00,0.00,0.00,0.00,0.00,0.00,0.00,0.00,0.00,0.00,0.00,0.00
218.76,0.21,46.37,0.00,0.00,0.00,0.00,0.00,0.00,0.00,0.00,0.00,0.00,0.00,0.00
219.19,0.21,46.62,0.00,0.00,0.00,0.00,0.00,0.00,0.00,0.00,0.00,0.00,0.00,0.00
222.70,0.22,48.14,0.00,0.00,0.00,0.00,0.00,0.00,0.00,0.00,0.00,0.00,0.00,0.00
216.80,0.21,45.60,0.00,0.00,0.00,0.00,0.00,0.00,0.00,0.00,0.00,0.00,0.00,0.00
221.07,0.21,47.52,0.00,0.00,0.00,0.00,0.00,0.00,0.00,0.00,0.00,0.00,0.00,0.00
219.15,0.21,46.51,0.00,0.00,0.00,0.00,0.00,0.00,0.00,0.00,0.00,0.00,0.00,0.00
218.69,0.21,46.20,0.00,0.00,0.00,0.00,0.00,0.00,0.00,0.00,0.00,0.00,0.00,0.00
219.01,0.21,46.80,0.00,0.00,0.00,0.00,0.00,0.00,0.00,0.00,0.00,0.00,0.00,0.00
219.13,0.21,46.60,0.00,0.00,0.00,0.00,0.00,0.00,0.00,0.00,0.00,0.00,0.00,0.00
220.55,0.21,47.36,0.00,0.00,0.00,0.00,0.00,0.00,0.00,0.00,0.00,0.00,0.00,0.00
219.73,0.21,46.74,0.00,0.00,0.00,0.00,0.00,0.00,0.00,0.00,0.00,0.00,0.00,0.00
216.98,0.21,45.56,0.00,0.00,0.00,0.00,0.00,0.00,0.00,0.00,0.00,0.00,0.00,0.00
217.40,0.21,46.16,0.00,0.00,0.00,0.00,0.00,0.00,0.00,0.00,0.00,0.00,0.00,0.00
219.27,0.21,46.66,0.00,0.00,0.00,0.00,0.00,0.00,0.00,0.00,0.00,0.00,0.00,0.00
217.92,0.21,45.95,0.00,0.00,0.00,0.00,0.00,0.00,0.00,0.00,0.00,0.00,0.00,0.00
218.67,0.21,46.30,0.00,0.00,0.00,0.00,0.00,0.00,0.00,0.00,0.00,0.00,0.00,0.00
218.67,0.21,46.46,0.00,0.00,0.00,0.00,0.00,0.00,0.00,0.00,0.00,0.00,0.00,0.00
224.98,0.22,49.42,0.00,0.00,0.00,0.00,0.00,0.00,0.00,0.00,0.00,0.00,0.00,0.00
223.43,0.22,48.82,0.00,0.00,0.00,0.00,0.00,0.00,0.00,0.00,0.00,0.00,0.00,0.00
218.02,0.21,46.09,0.00,0.00,0.00,0.00,0.00,0.00,0.00,0.00,0.00,0.00,0.00,0.00
218.41,0.21,46.56,0.00,0.00,0.00,0.00,0.00,0.00,0.00,0.00,0.00,0.00,0.00,0.00
218.49,0.21,46.59,0.00,0.00,0.00,0.00,0.00,0.00,0.00,0.00,0.00,0.00,0.00,0.00
218.59,0.21,46.45,0.00,0.00,0.00,0.00,0.00,0.00,0.00,0.00,0.00,0.00,0.00,0.00
221.72,0.22,47.75,0.00,0.00,0.00,0.00,0.00,0.00,0.00,0.00,0.00,0.00,0.00,0.00
219.27,0.21,46.52,0.00,0.00,0.00,0.00,0.00,0.00,0.00,0.00,0.00,0.00,0.00,0.00
218.68,0.21,46.37,0.00,0.00,0.00,0.00,0.00,0.00,0.00,0.00,0.00,0.00,0.00,0.00
235.36,0.23,53.46,0.00,0.00,0.00,0.00,0.00,0.00,0.00,0.00,0.00,0.00,0.00,0.00
220.50,0.21,47.27,0.00,0.00,0.00,0.00,0.00,0.00,0.00,0.00,0.00,0.00,0.00,0.00
221.79,0.22,47.96,0.00,0.00,0.00,0.00,0.00,0.00,0.00,0.00,0.00,0.00,0.00,0.00
222.57,0.22,48.34,0.00,0.00,0.00,0.00,0.00,0.00,0.00,0.00,0.00,0.00,0.00,0.00
216.96,0.21,46.05,0.00,0.00,0.00,0.00,0.00,0.00,0.00,0.00,0.00,0.00,0.00,0.00
235.49,0.23,53.10,0.00,0.00,0.00,0.00,0.00,0.00,0.00,0.00,0.00,0.00,0.00,0.00
217.87,0.21,46.31,0.00,0.00,0.00,0.00,0.00,0.00,0.00,0.00,0.00,0.00,0.00,0.00
217.87,0.21,46.17,0.00,0.00,0.00,0.00,0.00,0.00,0.00,0.00,0.00,0.00,0.00,0.00
217.86,0.21,46.04,0.00,0.00,0.00,0.00,0.00,0.00,0.00,0.00,0.00,0.00,0.00,0.00
219.15,0.21,46.79,0.00,0.00,0.00,0.00,0.00,0.00,0.00,0.00,0.00,0.00,0.00,0.00
220.82,0.21,47.25,0.00,0.00,0.00,0.00,0.00,0.00,0.00,0.00,0.00,0.00,0.00,0.00
216.77,0.21,45.81,0.00,0.00,0.00,0.00,0.00,0.00,0.00,0.00,0.00,0.00,0.00,0.00
216.97,0.21,45.67,0.00,0.00,0.00,0.00,0.00,0.00,0.00,0.00,0.00,0.00,0.00,0.00
218.02,0.21,46.09,0.00,0.00,0.00,0.00,0.00,0.00,0.00,0.00,0.00,0.00,0.00,0.00
218.41,0.21,46.32,0.00,0.00,0.00,0.00,0.00,0.00,0.00,0.00,0.00,0.00,0.00,0.00
222.76,0.22,48.31,0.00,0.00,0.00,0.00,0.00,0.00,0.00,0.00,0.00,0.00,0.00,0.00
219.07,0.21,46.50,0.00,0.00,0.00,0.00,0.00,0.00,0.00,0.00,0.00,0.00,0.00,0.00
218.53,0.21,46.33,0.00,0.00,0.00,0.00,0.00,0.00,0.00,0.00,0.00,0.00,0.00,0.00
216.54,0.21,45.58,0.00,0.00,0.00,0.00,0.00,0.00,0.00,0.00,0.00,0.00,0.00,0.00
217.08,0.21,46.11,0.00,0.00,0.00,0.00,0.00,0.00,0.00,0.00,0.00,0.00,0.00,0.00
218.80,0.21,46.36,0.00,0.00,0.00,0.00,0.00,0.00,0.00,0.00,0.00,0.00,0.00,0.00
220.96,0.22,47.55,0.00,0.00,0.00,0.00,0.00,0.00,0.00,0.00,0.00,0.00,0.00,0.00
217.71,0.21,46.06,0.00,0.00,0.00,0.00,0.00,0.00,0.00,0.00,0.00,0.00,0.00,0.00
218.01,0.21,46.07,0.00,0.00,0.00,0.00,0.00,0.00,0.00,0.00,0.00,0.00,0.00,0.00
217.55,0.21,46.01,0.00,0.00,0.00,0.00,0.00,0.00,0.00,0.00,0.00,0.00,0.00,0.00
218.68,0.21,46.29,0.00,0.00,0.00,0.00,0.00,0.00,0.00,0.00,0.00,0.00,0.00,0.00
221.99,0.22,47.87,0.00,0.00,0.00,0.00,0.00,0.00,0.00,0.00,0.00,0.00,0.00,0.00
217.86,0.21,46.10,0.00,0.00,0.00,0.00,0.00,0.00,0.00,0.00,0.00,0.00,0.00,0.00
218.86,0.21,46.25,0.00,0.00,0.00,0.00,0.00,0.00,0.00,0.00,0.00,0.00,0.00,0.00
217.38,0.21,45.82,0.00,0.00,0.00,0.00,0.00,0.00,0.00,0.00,0.00,0.00,0.00,0.00
217.08,0.21,45.81,0.00,0.00,0.00,0.00,0.00,0.00,0.00,0.00,0.00,0.00,0.00,0.00
219.15,0.21,46.51,0.00,0.00,0.00,0.00,0.00,0.00,0.00,0.00,0.00,0.00,0.00,0.00
219.61,0.21,47.02,0.00,0.00,0.00,0.00,0.00,0.00,0.00,0.00,0.00,0.00,0.00,0.00
218.20,0.21,46.31,0.00,0.00,0.00,0.00,0.00,0.00,0.00,0.00,0.00,0.00,0.00,0.00
219.23,0.21,46.89,0.00,0.00,0.00,0.00,0.00,0.00,0.00,0.00,0.00,0.00,0.00,0.00
219.34,0.21,46.58,0.00,0.00,0.00,0.00,0.00,0.00,0.00,0.00,0.00,0.00,0.00,0.00
219.43,0.21,46.97,0.00,0.00,0.00,0.00,0.00,0.00,0.00,0.00,0.00,0.00,0.00,0.00
217.38,0.21,46.21,0.00,0.00,0.00,0.00,0.00,0.00,0.00,0.00,0.00,0.00,0.00,0.00
219.63,0.21,46.93,0.00,0.00,0.00,0.00,0.00,0.00,0.00,0.00,0.00,0.00,0.00,0.00
219.58,0.21,46.81,0.00,0.00,0.00,0.00,0.00,0.00,0.00,0.00,0.00,0.00,0.00,0.00
218.45,0.21,46.45,0.00,0.00,0.00,0.00,0.00,0.00,0.00,0.00,0.00,0.00,0.00,0.00
218.28,0.21,46.40,0.00,0.00,0.00,0.00,0.00,0.00,0.00,0.00,0.00,0.00,0.00,0.00
221.50,0.21,47.53,0.00,0.00,0.00,0.00,0.00,0.00,0.00,0.00,0.00,0.00,0.00,0.00
217.10,0.21,45.84,0.00,0.00,0.00,0.00,0.00,0.00,0.00,0.00,0.00,0.00,0.00,0.00
218.12,0.21,46.15,0.00,0.00,0.00,0.00,0.00,0.00,0.00,0.00,0.00,0.00,0.00,0.00
215.83,0.21,45.20,0.00,0.00,0.00,0.00,0.00,0.00,0.00,0.00,0.00,0.00,0.00,0.00
216.84,0.21,45.75,0.00,0.00,0.00,0.00,0.00,0.00,0.00,0.00,0.00,0.00,0.00,0.00
218.81,0.21,46.46,0.00,0.00,0.00,0.00,0.00,0.00,0.00,0.00,0.00,0.00,0.00,0.00
219.05,0.21,46.80,0.00,0.00,0.00,0.00,0.00,0.00,0.00,0.00,0.00,0.00,0.00,0.00
217.35,0.21,45.76,0.00,0.00,0.00,0.00,0.00,0.00,0.00,0.00,0.00,0.00,0.00,0.00
216.99,0.21,45.84,0.00,0.00,0.00,0.00,0.00,0.00,0.00,0.00,0.00,0.00,0.00,0.00
219.00,0.21,46.74,0.00,0.00,0.00,0.00,0.00,0.00,0.00,0.00,0.00,0.00,0.00,0.00
222.52,0.22,48.31,0.00,0.00,0.00,0.00,0.00,0.00,0.00,0.00,0.00,0.00,0.00,0.00
221.75,0.22,47.80,0.00,0.00,0.00,0.00,0.00,0.00,0.00,0.00,0.00,0.00,0.00,0.00
218.24,0.21,46.23,0.00,0.00,0.00,0.00,0.00,0.00,0.00,0.00,0.00,0.00,0.00,0.00
221.98,0.22,47.84,0.00,0.00,0.00,0.00,0.00,0.00,0.00,0.00,0.00,0.00,0.00,0.00
220.24,0.21,47.28,0.00,0.00,0.00,0.00,0.00,0.00,0.00,0.00,0.00,0.00,0.00,0.00
217.47,0.21,46.00,0.00,0.00,0.00,0.00,0.00,0.00,0.00,0.00,0.00,0.00,0.00,0.00
218.54,0.21,46.57,0.00,0.00,0.00,0.00,0.00,0.00,0.00,0.00,0.00,0.00,0.00,0.00
217.53,0.21,45.89,0.00,0.00,0.00,0.00,0.00,0.00,0.00,0.00,0.00,0.00,0.00,0.00
218.50,0.21,46.59,0.00,0.00,0.00,0.00,0.00,0.00,0.00,0.00,0.00,0.00,0.00,0.00
219.59,0.21,47.01,0.00,0.00,0.00,0.00,0.00,0.00,0.00,0.00,0.00,0.00,0.00,0.00
223.57,0.22,48.86,0.00,0.00,0.00,0.00,0.00,0.00,0.00,0.00,0.00,0.00,0.00,0.00
217.56,0.21,46.13,0.00,0.00,0.00,0.00,0.00,0.00,0.00,0.00,0.00,0.00,0.00,0.00
218.03,0.21,46.13,0.00,0.00,0.00,0.00,0.00,0.00,0.00,0.00,0.00,0.00,0.00,0.00
216.54,0.21,45.53,0.00,0.00,0.00,0.00,0.00,0.00,0.00,0.00,0.00,0.00,0.00,0.00
219.99,0.21,47.15,0.00,0.00,0.00,0.00,0.00,0.00,0.00,0.00,0.00,0.00,0.00,0.00
221.14,0.22,47.60,0.00,0.00,0.00,0.00,0.00,0.00,0.00,0.00,0.00,0.00,0.00,0.00
215.93,0.21,45.47,0.00,0.00,0.00,0.00,0.00,0.00,0.00,0.00,0.00,0.00,0.00,0.00
218.48,0.21,46.33,0.00,0.00,0.00,0.00,0.00,0.00,0.00,0.00,0.00,0.00,0.00,0.00
220.93,0.22,47.55,0.00,0.00,0.00,0.00,0.00,0.00,0.00,0.00,0.00,0.00,0.00,0.00
218.17,0.21,46.24,0.00,0.00,0.00,0.00,0.00,0.00,0.00,0.00,0.00,0.00,0.00,0.00
216.39,0.21,45.65,0.00,0.00,0.00,0.00,0.00,0.00,0.00,0.00,0.00,0.00,0.00,0.00
220.23,0.21,46.98,0.00,0.00,0.00,0.00,0.00,0.00,0.00,0.00,0.00,0.00,0.00,0.00
217.58,0.21,45.92,0.00,0.00,0.00,0.00,0.00,0.00,0.00,0.00,0.00,0.00,0.00,0.00
218.36,0.21,46.32,0.00,0.00,0.00,0.00,0.00,0.00,0.00,0.00,0.00,0.00,0.00,0.00
221.58,0.22,47.71,0.00,0.00,0.00,0.00,0.00,0.00,0.00,0.00,0.00,0.00,0.00,0.00
218.32,0.21,46.33,0.00,0.00,0.00,0.00,0.00,0.00,0.00,0.00,0.00,0.00,0.00,0.00
217.35,0.21,45.66,0.00,0.00,0.00,0.00,0.00,0.00,0.00,0.00,0.00,0.00,0.00,0.00
217.58,0.21,46.04,0.00,0.00,0.00,0.00,0.00,0.00,0.00,0.00,0.00,0.00,0.00,0.00
218.72,0.21,46.80,0.00,0.00,0.00,0.00,0.00,0.00,0.00,0.00,0.00,0.00,0.00,0.00
217.85,0.21,46.02,0.00,0.00,0.00,0.00,0.00,0.00,0.00,0.00,0.00,0.00,0.00,0.00
218.79,0.21,46.53,0.00,0.00,0.00,0.00,0.00,0.00,0.00,0.00,0.00,0.00,0.00,0.00
218.64,0.21,46.65,0.00,0.00,0.00,0.00,0.00,0.00,0.00,0.00,0.00,0.00,0.00,0.00
216.99,0.21,45.86,0.00,0.00,0.00,0.00,0.00,0.00,0.00,0.00,0.00,0.00,0.00,0.00
218.74,0.21,46.59,0.00,0.00,0.00,0.00,0.00,0.00,0.00,0.00,0.00,0.00,0.00,0.00
218.64,0.21,46.67,0.00,0.00,0.00,0.00,0.00,0.00,0.00,0.00,0.00,0.00,0.00,0.00
221.58,0.22,47.89,0.00,0.00,0.00,0.00,0.00,0.00,0.00,0.00,0.00,0.00,0.00,0.00
219.52,0.21,46.96,0.00,0.00,0.00,0.00,0.00,0.00,0.00,0.00,0.00,0.00,0.00,0.00
218.01,0.21,46.05,0.00,0.00,0.00,0.00,0.00,0.00,0.00,0.00,0.00,0.00,0.00,0.00
217.52,0.21,46.24,0.00,0.00,0.00,0.00,0.00,0.00,0.00,0.00,0.00,0.00,0.00,0.00
216.46,0.21,45.70,0.00,0.00,0.00,0.00,0.00,0.00,0.00,0.00,0.00,0.00,0.00,0.00
217.02,0.21,46.06,0.00,0.00,0.00,0.00,0.00,0.00,0.00,0.00,0.00,0.00,0.00,0.00
216.46,0.21,45.73,0.00,0.00,0.00,0.00,0.00,0.00,0.00,0.00,0.00,0.00,0.00,0.00
216.96,0.21,45.79,0.00,0.00,0.00,0.00,0.00,0.00,0.00,0.00,0.00,0.00,0.00,0.00
218.36,0.21,46.44,0.00,0.00,0.00,0.00,0.00,0.00,0.00,0.00,0.00,0.00,0.00,0.00
217.02,0.21,46.00,0.00,0.00,0.00,0.00,0.00,0.00,0.00,0.00,0.00,0.00,0.00,0.00
216.41,0.21,45.62,0.00,0.00,0.00,0.00,0.00,0.00,0.00,0.00,0.00,0.00,0.00,0.00
217.43,0.21,45.83,0.00,0.00,0.00,0.00,0.00,0.00,0.00,0.00,0.00,0.00,0.00,0.00
218.51,0.21,46.41,0.00,0.00,0.00,0.00,0.00,0.00,0.00,0.00,0.00,0.00,0.00,0.00
220.45,0.21,47.03,0.00,0.00,0.00,0.00,0.00,0.00,0.00,0.00,0.00,0.00,0.00,0.00
216.36,0.21,45.54,0.00,0.00,0.00,0.00,0.00,0.00,0.00,0.00,0.00,0.00,0.00,0.00
217.67,0.21,46.12,0.00,0.00,0.00,0.00,0.00,0.00,0.00,0.00,0.00,0.00,0.00,0.00
219.17,0.21,46.77,0.00,0.00,0.00,0.00,0.00,0.00,0.00,0.00,0.00,0.00,0.00,0.00
217.50,0.21,46.04,0.00,0.00,0.00,0.00,0.00,0.00,0.00,0.00,0.00,0.00,0.00,0.00
217.73,0.21,46.09,0.00,0.00,0.00,0.00,0.00,0.00,0.00,0.00,0.00,0.00,0.00,0.00
219.99,0.21,46.97,0.00,0.00,0.00,0.00,0.00,0.00,0.00,0.00,0.00,0.00,0.00,0.00
216.97,0.21,45.81,0.00,0.00,0.00,0.00,0.00,0.00,0.00,0.00,0.00,0.00,0.00,0.00
216.63,0.21,45.65,0.00,0.00,0.00,0.00,0.00,0.00,0.00,0.00,0.00,0.00,0.00,0.00
220.03,0.21,47.15,0.00,0.00,0.00,0.00,0.00,0.00,0.00,0.00,0.00,0.00,0.00,0.00
217.89,0.21,46.17,0.00,0.00,0.00,0.00,0.00,0.00,0.00,0.00,0.00,0.00,0.00,0.00
218.35,0.21,46.41,0.00,0.00,0.00,0.00,0.00,0.00,0.00,0.00,0.00,0.00,0.00,0.00
217.70,0.21,46.16,0.00,0.00,0.00,0.00,0.00,0.00,0.00,0.00,0.00,0.00,0.00,0.00
219.26,0.21,46.60,0.00,0.00,0.00,0.00,0.00,0.00,0.00,0.00,0.00,0.00,0.00,0.00
219.54,0.21,46.87,0.00,0.00,0.00,0.00,0.00,0.00,0.00,0.00,0.00,0.00,0.00,0.00
216.10,0.21,45.64,0.00,0.00,0.00,0.00,0.00,0.00,0.00,0.00,0.00,0.00,0.00,0.00
218.17,0.21,46.42,0.00,0.00,0.00,0.00,0.00,0.00,0.00,0.00,0.00,0.00,0.00,0.00
217.72,0.21,46.19,0.00,0.00,0.00,0.00,0.00,0.00,0.00,0.00,0.00,0.00,0.00,0.00
217.81,0.21,46.10,0.00,0.00,0.00,0.00,0.00,0.00,0.00,0.00,0.00,0.00,0.00,0.00
216.31,0.21,45.56,0.00,0.00,0.00,0.00,0.00,0.00,0.00,0.00,0.00,0.00,0.00,0.00
220.38,0.21,47.28,0.00,0.00,0.00,0.00,0.00,0.00,0.00,0.00,0.00,0.00,0.00,0.00
216.60,0.21,45.68,0.00,0.00,0.00,0.00,0.00,0.00,0.00,0.00,0.00,0.00,0.00,0.00
216.03,0.21,45.25,0.00,0.00,0.00,0.00,0.00,0.00,0.00,0.00,0.00,0.00,0.00,0.00
217.05,0.21,45.83,0.00,0.00,0.00,0.00,0.00,0.00,0.00,0.00,0.00,0.00,0.00,0.00
228.40,0.22,50.66,0.00,0.00,0.00,0.00,0.00,0.00,0.00,0.00,0.00,0.00,0.00,0.00
217.49,0.21,46.14,0.00,0.00,0.00,0.00,0.00,0.00,0.00,0.00,0.00,0.00,0.00,0.00
218.11,0.21,46.10,0.00,0.00,0.00,0.00,0.00,0.00,0.00,0.00,0.00,0.00,0.00,0.00
221.83,0.22,47.87,0.00,0.00,0.00,0.00,0.00,0.00,0.00,0.00,0.00,0.00,0.00,0.00
220.28,0.21,47.24,0.00,0.00,0.00,0.00,0.00,0.00,0.00,0.00,0.00,0.00,0.00,0.00
225.27,0.22,49.79,0.00,0.00,0.00,0.00,0.00,0.00,0.00,0.00,0.00,0.00,0.00,0.00
217.24,0.21,45.76,0.00,0.00,0.00,0.00,0.00,0.00,0.00,0.00,0.00,0.00,0.00,0.00
219.03,0.21,46.68,0.00,0.00,0.00,0.00,0.00,0.00,0.00,0.00,0.00,0.00,0.00,0.00
219.61,0.21,46.72,0.00,0.00,0.00,0.00,0.00,0.00,0.00,0.00,0.00,0.00,0.00,0.00
218.66,0.21,46.42,0.00,0.00,0.00,0.00,0.00,0.00,0.00,0.00,0.00,0.00,0.00,0.00
218.39,0.21,46.52,0.00,0.00,0.00,0.00,0.00,0.00,0.00,0.00,0.00,0.00,0.00,0.00
219.13,0.21,46.67,0.00,0.00,0.00,0.00,0.00,0.00,0.00,0.00,0.00,0.00,0.00,0.00
215.60,0.21,45.11,0.00,0.00,0.00,0.00,0.00,0.00,0.00,0.00,0.00,0.00,0.00,0.00
218.37,0.21,46.35,0.00,0.00,0.00,0.00,0.00,0.00,0.00,0.00,0.00,0.00,0.00,0.00
222.80,0.22,48.20,0.00,0.00,0.00,0.00,0.00,0.00,0.00,0.00,0.00,0.00,0.00,0.00
217.49,0.21,46.07,0.00,0.00,0.00,0.00,0.00,0.00,0.00,0.00,0.00,0.00,0.00,0.00
218.24,0.21,46.40,0.00,0.00,0.00,0.00,0.00,0.00,0.00,0.00,0.00,0.00,0.00,0.00
217.37,0.21,46.01,0.00,0.00,0.00,0.00,0.00,0.00,0.00,0.00,0.00,0.00,0.00,0.00
215.77,0.21,45.36,0.00,0.00,0.00,0.00,0.00,0.00,0.00,0.00,0.00,0.00,0.00,0.00
218.94,0.21,46.31,0.00,0.00,0.00,0.00,0.00,0.00,0.00,0.00,0.00,0.00,0.00,0.00
219.18,0.21,46.77,0.00,0.00,0.00,0.00,0.00,0.00,0.00,0.00,0.00,0.00,0.00,0.00
218.68,0.21,46.70,0.00,0.00,0.00,0.00,0.00,0.00,0.00,0.00,0.00,0.00,0.00,0.00
218.34,0.21,46.27,0.00,0.00,0.00,0.00,0.00,0.00,0.00,0.00,0.00,0.00,0.00,0.00
216.53,0.21,45.63,0.00,0.00,0.00,0.00,0.00,0.00,0.00,0.00,0.00,0.00,0.00,0.00
215.71,0.21,45.25,0.00,0.00,0.00,0.00,0.00,0.00,0.00,0.00,0.00,0.00,0.00,0.00
215.65,0.21,45.34,0.00,0.00,0.00,0.00,0.00,0.00,0.00,0.00,0.00,0.00,0.00,0.00
217.88,0.21,46.17,0.00,0.00,0.00,0.00,0.00,0.00,0.00,0.00,0.00,0.00,0.00,0.00
220.75,0.22,47.50,0.00,0.00,0.00,0.00,0.00,0.00,0.00,0.00,0.00,0.00,0.00,0.00
216.89,0.21,45.66,0.00,0.00,0.00,0.00,0.00,0.00,0.00,0.00,0.00,0.00,0.00,0.00
219.65,0.21,46.92,0.00,0.00,0.00,0.00,0.00,0.00,0.00,0.00,0.00,0.00,0.00,0.00
220.96,0.21,47.33,0.00,0.00,0.00,0.00,0.00,0.00,0.00,0.00,0.00,0.00,0.00,0.00
218.96,0.21,47.07,0.00,0.00,0.00,0.00,0.00,0.00,0.00,0.00,0.00,0.00,0.00,0.00
217.61,0.21,45.92,0.00,0.00,0.00,0.00,0.00,0.00,0.00,0.00,0.00,0.00,0.00,0.00
219.79,0.21,47.18,0.00,0.00,0.00,0.00,0.00,0.00,0.00,0.00,0.00,0.00,0.00,0.00
219.40,0.21,46.94,0.00,0.00,0.00,0.00,0.00,0.00,0.00,0.00,0.00,0.00,0.00,0.00
217.50,0.21,46.15,0.00,0.00,0.00,0.00,0.00,0.00,0.00,0.00,0.00,0.00,0.00,0.00
219.17,0.21,46.84,0.00,0.00,0.00,0.00,0.00,0.00,0.00,0.00,0.00,0.00,0.00,0.00
219.74,0.21,47.02,0.00,0.00,0.00,0.00,0.00,0.00,0.00,0.00,0.00,0.00,0.00,0.00
227.37,0.22,50.25,0.00,0.00,0.00,0.00,0.00,0.00,0.00,0.00,0.00,0.00,0.00,0.00
216.58,0.21,45.55,0.00,0.00,0.00,0.00,0.00,0.00,0.00,0.00,0.00,0.00,0.00,0.00
217.72,0.21,46.11,0.00,0.00,0.00,0.00,0.00,0.00,0.00,0.00,0.00,0.00,0.00,0.00
217.36,0.21,45.77,0.00,0.00,0.00,0.00,0.00,0.00,0.00,0.00,0.00,0.00,0.00,0.00
219.74,0.21,46.72,0.00,0.00,0.00,0.00,0.00,0.00,0.00,0.00,0.00,0.00,0.00,0.00
216.82,0.21,45.57,0.00,0.00,0.00,0.00,0.00,0.00,0.00,0.00,0.00,0.00,0.00,0.00
220.96,0.21,47.48,0.00,0.00,0.00,0.00,0.00,0.00,0.00,0.00,0.00,0.00,0.00,0.00
219.32,0.22,47.29,0.00,0.00,0.00,0.00,0.00,0.00,0.00,0.00,0.00,0.00,0.00,0.00
219.07,0.21,46.98,0.00,0.00,0.00,0.00,0.00,0.00,0.00,0.00,0.00,0.00,0.00,0.00
221.88,0.21,47.59,0.00,0.00,0.00,0.00,0.00,0.00,0.00,0.00,0.00,0.00,0.00,0.00
221.25,0.21,47.42,0.00,0.00,0.00,0.00,0.00,0.00,0.00,0.00,0.00,0.00,0.00,0.00
220.60,0.22,47.69,0.00,0.00,0.00,0.00,0.00,0.00,0.00,0.00,0.00,0.00,0.00,0.00
218.13,0.21,46.62,0.00,0.00,0.00,0.00,0.00,0.00,0.00,0.00,0.00,0.00,0.00,0.00
215.37,0.21,45.37,0.00,0.00,0.00,0.00,0.00,0.00,0.00,0.00,0.00,0.00,0.00,0.00
220.65,0.22,47.60,0.00,0.00,0.00,0.00,0.00,0.00,0.00,0.00,0.00,0.00,0.00,0.00
217.12,0.21,46.20,0.00,0.00,0.00,0.00,0.00,0.00,0.00,0.00,0.00,0.00,0.00,0.00
218.22,0.21,46.30,0.00,0.00,0.00,0.00,0.00,0.00,0.00,0.00,0.00,0.00,0.00,0.00
215.59,0.21,45.23,0.00,0.00,0.00,0.00,0.00,0.00,0.00,0.00,0.00,0.00,0.00,0.00
219.74,0.21,47.17,0.00,0.00,0.00,0.00,0.00,0.00,0.00,0.00,0.00,0.00,0.00,0.00
218.56,0.21,46.69,0.00,0.00,0.00,0.00,0.00,0.00,0.00,0.00,0.00,0.00,0.00,0.00
216.09,0.21,45.54,0.00,0.00,0.00,0.00,0.00,0.00,0.00,0.00,0.00,0.00,0.00,0.00
218.35,0.21,46.24,0.00,0.00,0.00,0.00,0.00,0.00,0.00,0.00,0.00,0.00,0.00,0.00
216.95,0.21,45.81,0.00,0.00,0.00,0.00,0.00,0.00,0.00,0.00,0.00,0.00,0.00,0.00
220.39,0.22,47.51,0.00,0.00,0.00,0.00,0.00,0.00,0.00,0.00,0.00,0.00,0.00,0.00
218.24,0.21,46.27,0.00,0.00,0.00,0.00,0.00,0.00,0.00,0.00,0.00,0.00,0.00,0.00
216.62,0.21,45.58,0.00,0.00,0.00,0.00,0.00,0.00,0.00,0.00,0.00,0.00,0.00,0.00
218.79,0.21,46.82,0.00,0.00,0.00,0.00,0.00,0.00,0.00,0.00,0.00,0.00,0.00,0.00
217.49,0.21,46.12,0.00,0.00,0.00,0.00,0.00,0.00,0.00,0.00,0.00,0.00,0.00,0.00
214.87,0.21,45.07,0.00,0.00,0.00,0.00,0.00,0.00,0.00,0.00,0.00,0.00,0.00,0.00
217.53,0.21,46.12,0.00,0.00,0.00,0.00,0.00,0.00,0.00,0.00,0.00,0.00,0.00,0.00
217.17,0.21,45.73,0.00,0.00,0.00,0.00,0.00,0.00,0.00,0.00,0.00,0.00,0.00,0.00
216.34,0.21,45.88,0.00,0.00,0.00,0.00,0.00,0.00,0.00,0.00,0.00,0.00,0.00,0.00
217.86,0.21,45.97,0.00,0.00,0.00,0.00,0.00,0.00,0.00,0.00,0.00,0.00,0.00,0.00
217.98,0.21,46.15,0.00,0.00,0.00,0.00,0.00,0.00,0.00,0.00,0.00,0.00,0.00,0.00
217.54,0.21,46.10,0.00,0.00,0.00,0.00,0.00,0.00,0.00,0.00,0.00,0.00,0.00,0.00
217.84,0.21,45.92,0.00,0.00,0.00,0.00,0.00,0.00,0.00,0.00,0.00,0.00,0.00,0.00
219.48,0.21,46.71,0.00,0.00,0.00,0.00,0.00,0.00,0.00,0.00,0.00,0.00,0.00,0.00
217.49,0.21,45.90,0.00,0.00,0.00,0.00,0.00,0.00,0.00,0.00,0.00,0.00,0.00,0.00
218.45,0.21,46.50,0.00,0.00,0.00,0.00,0.00,0.00,0.00,0.00,0.00,0.00,0.00,0.00
218.46,0.21,46.45,0.00,0.00,0.00,0.00,0.00,0.00,0.00,0.00,0.00,0.00,0.00,0.00
220.28,0.22,47.38,0.00,0.00,0.00,0.00,0.00,0.00,0.00,0.00,0.00,0.00,0.00,0.00
218.34,0.21,46.24,0.00,0.00,0.00,0.00,0.00,0.00,0.00,0.00,0.00,0.00,0.00,0.00
218.96,0.21,46.63,0.00,0.00,0.00,0.00,0.00,0.00,0.00,0.00,0.00,0.00,0.00,0.00
216.48,0.21,45.63,0.00,0.00,0.00,0.00,0.00,0.00,0.00,0.00,0.00,0.00,0.00,0.00
219.17,0.21,46.66,0.00,0.00,0.00,0.00,0.00,0.00,0.00,0.00,0.00,0.00,0.00,0.00
218.31,0.21,46.44,0.00,0.00,0.00,0.00,0.00,0.00,0.00,0.00,0.00,0.00,0.00,0.00
216.68,0.21,45.70,0.00,0.00,0.00,0.00,0.00,0.00,0.00,0.00,0.00,0.00,0.00,0.00
217.81,0.21,46.14,0.00,0.00,0.00,0.00,0.00,0.00,0.00,0.00,0.00,0.00,0.00,0.00
219.31,0.21,46.72,0.00,0.00,0.00,0.00,0.00,0.00,0.00,0.00,0.00,0.00,0.00,0.00
217.26,0.21,46.05,0.00,0.00,0.00,0.00,0.00,0.00,0.00,0.00,0.00,0.00,0.00,0.00
217.93,0.21,46.11,0.00,0.00,0.00,0.00,0.00,0.00,0.00,0.00,0.00,0.00,0.00,0.00
229.51,0.22,51.10,0.00,0.00,0.00,0.00,0.00,0.00,0.00,0.00,0.00,0.00,0.00,0.00
216.71,0.21,45.94,0.00,0.00,0.00,0.00,0.00,0.00,0.00,0.00,0.00,0.00,0.00,0.00
219.58,0.21,46.89,0.00,0.00,0.00,0.00,0.00,0.00,0.00,0.00,0.00,0.00,0.00,0.00
215.16,0.21,45.11,0.00,0.00,0.00,0.00,0.00,0.00,0.00,0.00,0.00,0.00,0.00,0.00
222.43,0.22,47.88,0.00,0.00,0.00,0.00,0.00,0.00,0.00,0.00,0.00,0.00,0.00,0.00
217.51,0.21,46.18,0.00,0.00,0.00,0.00,0.00,0.00,0.00,0.00,0.00,0.00,0.00,0.00
218.85,0.21,46.24,0.00,0.00,0.00,0.00,0.00,0.00,0.00,0.00,0.00,0.00,0.00,0.00
218.62,0.21,46.44,0.00,0.00,0.00,0.00,0.00,0.00,0.00,0.00,0.00,0.00,0.00,0.00
217.45,0.21,45.96,0.00,0.00,0.00,0.00,0.00,0.00,0.00,0.00,0.00,0.00,0.00,0.00
227.39,0.22,49.64,0.00,0.00,0.00,0.00,0.00,0.00,0.00,0.00,0.00,0.00,0.00,0.00
220.65,0.21,47.10,0.00,0.00,0.00,0.00,0.00,0.00,0.00,0.00,0.00,0.00,0.00,0.00
217.01,0.21,45.90,0.00,0.00,0.00,0.00,0.00,0.00,0.00,0.00,0.00,0.00,0.00,0.00
219.06,0.21,46.39,0.00,0.00,0.00,0.00,0.00,0.00,0.00,0.00,0.00,0.00,0.00,0.00
214.15,0.21,44.67,0.00,0.00,0.00,0.00,0.00,0.00,0.00,0.00,0.00,0.00,0.00,0.00
222.00,0.22,48.06,0.00,0.00,0.00,0.00,0.00,0.00,0.00,0.00,0.00,0.00,0.00,0.00
221.89,0.22,48.06,0.00,0.00,0.00,0.00,0.00,0.00,0.00,0.00,0.00,0.00,0.00,0.00
220.74,0.21,47.45,0.00,0.00,0.00,0.00,0.00,0.00,0.00,0.00,0.00,0.00,0.00,0.00
218.75,0.21,46.55,0.00,0.00,0.00,0.00,0.00,0.00,0.00,0.00,0.00,0.00,0.00,0.00
215.82,0.21,45.08,0.00,0.00,0.00,0.00,0.00,0.00,0.00,0.00,0.00,0.00,0.00,0.00
216.76,0.21,45.64,0.00,0.00,0.00,0.00,0.00,0.00,0.00,0.00,0.00,0.00,0.00,0.00
219.46,0.21,47.06,0.00,0.00,0.00,0.00,0.00,0.00,0.00,0.00,0.00,0.00,0.00,0.00
219.46,0.21,46.88,0.00,0.00,0.00,0.00,0.00,0.00,0.00,0.00,0.00,0.00,0.00,0.00
216.91,0.21,45.91,0.00,0.00,0.00,0.00,0.00,0.00,0.00,0.00,0.00,0.00,0.00,0.00
214.73,0.21,44.98,0.00,0.00,0.00,0.00,0.00,0.00,0.00,0.00,0.00,0.00,0.00,0.00
215.88,0.21,45.39,0.00,0.00,0.00,0.00,0.00,0.00,0.00,0.00,0.00,0.00,0.00,0.00
218.52,0.21,46.18,0.00,0.00,0.00,0.00,0.00,0.00,0.00,0.00,0.00,0.00,0.00,0.00
221.66,0.22,47.75,0.00,0.00,0.00,0.00,0.00,0.00,0.00,0.00,0.00,0.00,0.00,0.00
217.59,0.21,45.85,0.00,0.00,0.00,0.00,0.00,0.00,0.00,0.00,0.00,0.00,0.00,0.00
218.31,0.21,46.15,0.00,0.00,0.00,0.00,0.00,0.00,0.00,0.00,0.00,0.00,0.00,0.00
219.31,0.21,46.65,0.00,0.00,0.00,0.00,0.00,0.00,0.00,0.00,0.00,0.00,0.00,0.00
217.11,0.21,45.99,0.00,0.00,0.00,0.00,0.00,0.00,0.00,0.00,0.00,0.00,0.00,0.00
219.90,0.21,47.06,0.00,0.00,0.00,0.00,0.00,0.00,0.00,0.00,0.00,0.00,0.00,0.00
219.61,0.21,47.11,0.00,0.00,0.00,0.00,0.00,0.00,0.00,0.00,0.00,0.00,0.00,0.00
218.59,0.21,46.67,0.00,0.00,0.00,0.00,0.00,0.00,0.00,0.00,0.00,0.00,0.00,0.00
218.87,0.21,46.56,0.00,0.00,0.00,0.00,0.00,0.00,0.00,0.00,0.00,0.00,0.00,0.00
221.70,0.22,47.73,0.00,0.00,0.00,0.00,0.00,0.00,0.00,0.00,0.00,0.00,0.00,0.00
216.80,0.21,45.53,0.00,0.00,0.00,0.00,0.00,0.00,0.00,0.00,0.00,0.00,0.00,0.00
219.78,0.21,46.81,0.00,0.00,0.00,0.00,0.00,0.00,0.00,0.00,0.00,0.00,0.00,0.00
221.07,0.22,47.64,0.00,0.00,0.00,0.00,0.00,0.00,0.00,0.00,0.00,0.00,0.00,0.00
218.46,0.21,46.52,0.00,0.00,0.00,0.00,0.00,0.00,0.00,0.00,0.00,0.00,0.00,0.00
219.95,0.21,46.80,0.00,0.00,0.00,0.00,0.00,0.00,0.00,0.00,0.00,0.00,0.00,0.00
218.08,0.21,46.67,0.00,0.00,0.00,0.00,0.00,0.00,0.00,0.00,0.00,0.00,0.00,0.00
218.55,0.21,46.47,0.00,0.00,0.00,0.00,0.00,0.00,0.00,0.00,0.00,0.00,0.00,0.00
0.00,1.14,0.00,0.00,0.42,0.00,0.00,0.06,0.00,0.00,0.33,0.00,0.00,0.33,0.00
0.00,1.02,0.00,0.00,0.40,0.00,0.00,0.00,0.00,0.00,0.31,0.00,0.00,0.32,0.00
0.00,0.96,0.00,0.00,0.38,0.00,0.00,0.00,0.00,0.00,0.28,0.00,0.00,0.30,0.00
0.00,0.89,0.00,0.00,0.35,0.00,0.00,0.00,0.00,0.00,0.26,0.00,0.00,0.28,0.00
0.00,0.83,0.00,0.00,0.32,0.00,0.00,0.00,0.00,0.00,0.24,0.00,0.00,0.26,0.00
0.00,0.76,0.00,0.00,0.31,0.00,0.00,0.00,0.00,0.00,0.22,0.00,0.00,0.24,0.00
0.00,0.71,0.00,0.00,0.30,0.00,0.00,0.00,0.00,0.00,0.20,0.00,0.00,0.21,0.00
0.00,0.61,0.00,0.00,0.25,0.00,0.00,0.00,0.00,0.00,0.19,0.00,0.00,0.17,0.00
0.00,0.54,0.00,0.00,0.21,0.00,0.00,0.00,0.00,0.00,0.17,0.00,0.00,0.15,0.00
0.00,0.48,0.00,0.00,0.18,0.00,0.00,0.00,0.00,0.00,0.16,0.00,0.00,0.14,0.00
0.00,0.44,0.00,0.00,0.15,0.00,0.00,0.00,0.00,0.00,0.15,0.00,0.00,0.14,0.00
0.00,0.40,0.00,0.00,0.13,0.00,0.00,0.00,0.00,0.00,0.14,0.00,0.00,0.13,0.00
0.00,0.35,0.00,0.00,0.11,0.00,0.00,0.00,0.00,0.00,0.12,0.00,0.00,0.12,0.00
0.00,0.34,0.00,0.00,0.10,0.00,0.00,0.00,0.00,0.00,0.11,0.00,0.00,0.12,0.00
0.00,0.28,0.00,0.00,0.07,0.00,0.00,0.00,0.00,0.00,0.11,0.00,0.00,0.10,0.00
0.00,0.24,0.00,0.00,0.05,0.00,0.00,0.00,0.00,0.00,0.09,0.00,0.00,0.10,0.00
0.00,0.18,0.00,0.00,0.00,0.00,0.00,0.00,0.00,0.00,0.09,0.00,0.00,0.09,0.00
0.00,0.16,0.00,0.00,0.00,0.00,0.00,0.00,0.00,0.00,0.07,0.00,0.00,0.09,0.00
0.00,0.16,0.00,0.00,0.00,0.00,0.00,0.00,0.00,0.00,0.06,0.00,0.00,0.09,0.00
0.00,0.14,0.00,0.00,0.00,0.00,0.00,0.00,0.00,0.00,0.07,0.00,0.00,0.08,0.00
0.00,0.13,0.00,0.00,0.00,0.00,0.00,0.00,0.00,0.00,0.06,0.00,0.00,0.07,0.00
0.00,0.07,0.00,0.00,0.00,0.00,0.00,0.00,0.00,0.00,0.00,0.00,0.00,0.07,0.00
0.00,0.06,0.00,0.00,0.00,0.00,0.00,0.00,0.00,0.00,0.00,0.00,0.00,0.06,0.00
0.00,0.05,0.00,0.00,0.00,0.00,0.00,0.00,0.00,0.00,0.00,0.00,0.00,0.05,0.00
0.00,0.05,0.00,0.00,0.00,0.00,0.00,0.00,0.00,0.00,0.00,0.00,0.00,0.05,0.00
0.00,0.05,0.00,0.00,0.00,0.00,0.00,0.00,0.00,0.00,0.00,0.00,0.00,0.05,0.00
0.00,0.00,0.00,0.00,0.00,0.00,0.00,0.00,0.00,0.00,0.00,0.00,0.00,0.00,0.00
0.00,0.00,0.00,0.00,0.00,0.00,0.00,0.00,0.00,0.00,0.00,0.00,0.00,0.00,0.00
0.00,0.00,0.00,0.00,0.00,0.00,0.00,0.00,0.00,0.00,0.00,0.00,0.00,0.00,0.00
0.00,0.00,0.00,0.00,0.00,0.00,0.00,0.00,0.00,0.00,0.00,0.00,0.00,0.00,0.00
0.00,0.00,0.00,0.00,0.00,0.00,0.00,0.00,0.00,0.00,0.00,0.00,0.00,0.00,0.00
0.00,0.00,0.00,0.00,0.00,0.00,0.00,0.00,0.00,0.00,0.00,0.00,0.00,0.00,0.00
0.00,0.00,0.00,0.00,0.00,0.00,0.00,0.00,0.00,0.00,0.00,0.00,0.00,0.00,0.00
0.00,0.00,0.00,0.00,0.00,0.00,0.00,0.00,0.00,0.00,0.00,0.00,0.00,0.00,0.00
0.00,0.00,0.00,0.00,0.00,0.00,0.00,0.00,0.00,0.00,0.00,0.00,0.00,0.00,0.00
0.00,0.00,0.00,0.00,0.00,0.00,0.00,0.00,0.00,0.00,0.00,0.00,0.00,0.00,0.00
0.00,0.00,0.00,0.00,0.00,0.00,0.00,0.00,0.00,0.00,0.00,0.00,0.00,0.00,0.00
0.00,0.00,0.00,0.00,0.00,0.00,0.00,0.00,0.00,0.00,0.00,0.00,0.00,0.00,0.00
0.00,0.00,0.00,0.00,0.00,0.00,0.00,0.00,0.00,0.00,0.00,0.00,0.00,0.00,0.00
0.00,0.00,0.00,0.00,0.00,0.00,0.00,0.00,0.00,0.00,0.00,0.00,0.00,0.00,0.00
0.00,0.00,0.00,0.00,0.00,0.00,0.00,0.00,0.00,0.00,0.00,0.00,0.00,0.00,0.00
0.00,0.00,0.00,0.00,0.00,0.00,0.00,0.00,0.00,0.00,0.00,0.00,0.00,0.00,0.00
0.00,0.00,0.00,0.00,0.00,0.00,0.00,0.00,0.00,0.00,0.00,0.00,0.00,0.00,0.00
0.00,0.00,0.00,0.00,0.00,0.00,0.00,0.00,0.00,0.00,0.00,0.00,0.00,0.00,0.00
0.00,0.00,0.00,0.00,0.00,0.00,0.00,0.00,0.00,0.00,0.00,0.00,0.00,0.00,0.00
0.00,0.00,0.00,0.00,0.00,0.00,0.00,0.00,0.00,0.00,0.00,0.00,0.00,0.00,0.00
0.00,0.00,0.00,0.00,0.00,0.00,0.00,0.00,0.00,0.00,0.00,0.00,0.00,0.00,0.00
0.00,0.00,0.00,0.00,0.00,0.00,0.00,0.00,0.00,0.00,0.00,0.00,0.00,0.00,0.00
0.00,0.00,0.00,0.00,0.00,0.00,0.00,0.00,0.00,0.00,0.00,0.00,0.00,0.00,0.00
0.00,0.00,0.00,0.00,0.00,0.00,0.00,0.00,0.00,0.00,0.00,0.00,0.00,0.00,0.00
0.00,0.00,0.00,0.00,0.00,0.00,0.00,0.00,0.00,0.00,0.00,0.00,0.00,0.00,0.00
0.00,0.00,0.00,0.00,0.00,0.00,0.00,0.00,0.00,0.00,0.00,0.00,0.00,0.00,0.00
0.00,0.00,0.00,0.00,0.00,0.00,0.00,0.00,0.00,0.00,0.00,0.00,0.00,0.00,0.00
0.00,0.00,0.00,0.00,0.00,0.00,0.00,0.00,0.00,0.00,0.00,0.00,0.00,0.00,0.00
0.00,0.00,0.00,0.00,0.00,0.00,0.00,0.00,0.00,0.00,0.00,0.00,0.00,0.00,0.00
0.00,0.00,0.00,0.00,0.00,0.00,0.00,0.00,0.00,0.00,0.00,0.00,0.00,0.00,0.00
0.00,0.00,0.00,0.00,0.00,0.00,0.00,0.00,0.00,0.00,0.00,0.00,0.00,0.00,0.00
0.00,0.00,0.00,0.00,0.00,0.00,0.00,0.00,0.00,0.00,0.00,0.00,0.00,0.00,0.00
0.00,0.00,0.00,0.00,0.00,0.00,0.00,0.00,0.00,0.00,0.00,0.00,0.00,0.00,0.00
0.00,0.00,0.00,0.00,0.00,0.00,0.00,0.00,0.00,0.00,0.00,0.00,0.00,0.00,0.00
0.00,0.00,0.00,0.00,0.00,0.00,0.00,0.00,0.00,0.00,0.00,0.00,0.00,0.00,0.00
0.00,0.00,0.00,0.00,0.00,0.00,0.00,0.00,0.00,0.00,0.00,0.00,0.00,0.00,0.00
0.00,0.00,0.00,0.00,0.00,0.00,0.00,0.00,0.00,0.00,0.00,0.00,0.00,0.00,0.00
0.00,0.00,0.00,0.00,0.00,0.00,0.00,0.00,0.00,0.00,0.00,0.00,0.00,0.00,0.00
0.00,0.00,0.00,0.00,0.00,0.00,0.00,0.00,0.00,0.00,0.00,0.00,0.00,0.00,0.00
0.00,0.00,0.00,0.00,0.00,0.00,0.00,0.00,0.00,0.00,0.00,0.00,0.00,0.00,0.00
0.00,0.00,0.00,0.00,0.00,0.00,0.00,0.00,0.00,0.00,0.00,0.00,0.00,0.00,0.00
0.00,0.00,0.00,0.00,0.00,0.00,0.00,0.00,0.00,0.00,0.00,0.00,0.00,0.00,0.00
0.00,0.00,0.00,0.00,0.00,0.00,0.00,0.00,0.00,0.00,0.00,0.00,0.00,0.00,0.00
0.00,0.00,0.00,0.00,0.00,0.00,0.00,0.00,0.00,0.00,0.00,0.00,0.00,0.00,0.00
0.00,0.00,0.00,0.00,0.00,0.00,0.00,0.00,0.00,0.00,0.00,0.00,0.00,0.00,0.00
0.00,0.00,0.00,0.00,0.00,0.00,0.00,0.00,0.00,0.00,0.00,0.00,0.00,0.00,0.00
0.00,0.00,0.00,0.00,0.00,0.00,0.00,0.00,0.00,0.00,0.00,0.00,0.00,0.00,0.00
0.00,0.00,0.00,0.00,0.00,0.00,0.00,0.00,0.00,0.00,0.00,0.00,0.00,0.00,0.00
0.00,0.00,0.00,0.00,0.00,0.00,0.00,0.00,0.00,0.00,0.00,0.00,0.00,0.00,0.00
0.00,0.00,0.00,0.00,0.00,0.00,0.00,0.00,0.00,0.00,0.00,0.00,0.00,0.00,0.00
0.00,0.00,0.00,0.00,0.00,0.00,0.00,0.00,0.00,0.00,0.00,0.00,0.00,0.00,0.00
0.00,0.00,0.00,0.00,0.00,0.00,0.00,0.00,0.00,0.00,0.00,0.00,0.00,0.00,0.00
0.00,0.00,0.00,0.00,0.00,0.00,0.00,0.00,0.00,0.00,0.00,0.00,0.00,0.00,0.00
0.00,0.00,0.00,0.00,0.00,0.00,0.00,0.00,0.00,0.00,0.00,0.00,0.00,0.00,0.00
0.00,0.00,0.00,0.00,0.00,0.00,0.00,0.00,0.00,0.00,0.00,0.00,0.00,0.00,0.00
0.00,0.00,0.00,0.00,0.00,0.00,0.00,0.00,0.00,0.00,0.00,0.00,0.00,0.00,0.00
0.00,0.00,0.00,0.00,0.00,0.00,0.00,0.00,0.00,0.00,0.00,0.00,0.00,0.00,0.00
0.00,0.00,0.00,0.00,0.00,0.00,0.00,0.00,0.00,0.00,0.00,0.00,0.00,0.00,0.00
0.00,0.00,0.00,0.00,0.00,0.00,0.00,0.00,0.00,0.00,0.00,0.00,0.00,0.00,0.00
0.00,0.00,0.00,0.00,0.00,0.00,0.00,0.00,0.00,0.00,0.00,0.00,0.00,0.00,0.00
0.00,0.00,0.00,0.00,0.00,0.00,0.00,0.00,0.00,0.00,0.00,0.00,0.00,0.00,0.00
0.00,0.00,0.00,0.00,0.00,0.00,0.00,0.00,0.00,0.00,0.00,0.00,0.00,0.00,0.00
0.00,0.00,0.00,0.00,0.00,0.00,0.00,0.00,0.00,0.00,0.00,0.00,0.00,0.00,0.00
0.00,0.00,0.00,0.00,0.00,0.00,0.00,0.00,0.00,0.00,0.00,0.00,0.00,0.00,0.00
0.00,0.00,0.00,0.00,0.00,0.00,0.00,0.00,0.00,0.00,0.00,0.00,0.00,0.00,0.00
0.00,0.00,0.00,0.00,0.00,0.00,0.00,0.00,0.00,0.00,0.00,0.00,0.00,0.00,0.00
0.00,0.00,0.00,0.00,0.00,0.00,0.00,0.00,0.00,0.00,0.00,0.00,0.00,0.00,0.00
0.00,0.00,0.00,0.00,0.00,0.00,0.00,0.00,0.00,0.00,0.00,0.00,0.00,0.00,0.00
0.00,0.00,0.00,0.00,0.00,0.00,0.00,0.00,0.00,0.00,0.00,0.00,0.00,0.00,0.00
0.00,0.00,0.00,0.00,0.00,0.00,0.00,0.00,0.00,0.00,0.00,0.00,0.00,0.00,0.00
0.00,0.00,0.00,0.00,0.00,0.00,0.00,0.00,0.00,0.00,0.00,0.00,0.00,0.00,0.00
0.00,0.00,0.00,0.00,0.00,0.00,0.00,0.00,0.00,0.00,0.00,0.00,0.00,0.00,0.00
0.00,0.00,0.00,0.00,0.00,0.00,0.00,0.00,0.00,0.00,0.00,0.00,0.00,0.00,0.00
0.00,0.00,0.00,0.00,0.00,0.00,0.00,0.00,0.00,0.00,0.00,0.00,0.00,0.00,0.00
0.00,0.00,0.00,0.00,0.00,0.00,0.00,0.00,0.00,0.00,0.00,0.00,0.00,0.00,0.00
0.00,0.00,0.00,0.00,0.00,0.00,0.00,0.00,0.00,0.00,0.00,0.00,0.00,0.00,0.00
0.00,0.00,0.00,0.00,0.00,0.00,0.00,0.00,0.00,0.00,0.00,0.00,0.00,0.00,0.00
0.00,0.00,0.00,0.00,0.00,0.00,0.00,0.00,0.00,0.00,0.00,0.00,0.00,0.00,0.00
0.00,0.00,0.00,0.00,0.00,0.00,0.00,0.00,0.00,0.00,0.00,0.00,0.00,0.00,0.00
0.00,0.00,0.00,0.00,0.00,0.00,0.00,0.00,0.00,0.00,0.00,0.00,0.00,0.00,0.00
0.00,0.00,0.00,0.00,0.00,0.00,0.00,0.00,0.00,0.00,0.00,0.00,0.00,0.00,0.00
0.00,0.00,0.00,0.00,0.00,0.00,0.00,0.00,0.00,0.00,0.00,0.00,0.00,0.00,0.00
0.00,0.00,0.00,0.00,0.00,0.00,0.00,0.00,0.00,0.00,0.00,0.00,0.00,0.00,0.00
0.00,0.00,0.00,0.00,0.00,0.00,0.00,0.00,0.00,0.00,0.00,0.00,0.00,0.00,0.00
0.00,0.00,0.00,0.00,0.00,0.00,0.00,0.00,0.00,0.00,0.00,0.00,0.00,0.00,0.00
0.00,0.00,0.00,0.00,0.00,0.00,0.00,0.00,0.00,0.00,0.00,0.00,0.00,0.00,0.00
0.00,0.00,0.00,0.00,0.00,0.00,0.00,0.00,0.00,0.00,0.00,0.00,0.00,0.00,0.00
0.00,0.00,0.00,0.00,0.00,0.00,0.00,0.00,0.00,0.00,0.00,0.00,0.00,0.00,0.00
0.00,0.00,0.00,0.00,0.00,0.00,0.00,0.00,0.00,0.00,0.00,0.00,0.00,0.00,0.00
0.00,0.00,0.00,0.00,0.00,0.00,0.00,0.00,0.00,0.00,0.00,0.00,0.00,0.00,0.00
0.00,0.00,0.00,0.00,0.00,0.00,0.00,0.00,0.00,0.00,0.00,0.00,0.00,0.00,0.00
0.00,0.00,0.00,0.00,0.00,0.00,0.00,0.00,0.00,0.00,0.00,0.00,0.00,0.00,0.00
0.00,0.00,0.00,0.00,0.00,0.00,0.00,0.00,0.00,0.00,0.00,0.00,0.00,0.00,0.00
0.00,0.00,0.00,0.00,0.00,0.00,0.00,0.00,0.00,0.00,0.00,0.00,0.00,0.00,0.00
0.00,0.00,0.00,0.00,0.00,0.00,0.00,0.00,0.00,0.00,0.00,0.00,0.00,0.00,0.00
0.00,0.00,0.00,0.00,0.00,0.00,0.00,0.00,0.00,0.00,0.00,0.00,0.00,0.00,0.00
0.00,0.00,0.00,0.00,0.00,0.00,0.00,0.00,0.00,0.00,0.00,0.00,0.00,0.00,0.00
0.00,0.00,0.00,0.00,0.00,0.00,0.00,0.00,0.00,0.00,0.00,0.00,0.00,0.00,0.00
0.00,0.00,0.00,0.00,0.00,0.00,0.00,0.00,0.00,0.00,0.00,0.00,0.00,0.00,0.00
0.00,0.00,0.00,0.00,0.00,0.00,0.00,0.00,0.00,0.00,0.00,0.00,0.00,0.00,0.00
0.00,0.00,0.00,0.00,0.00,0.00,0.00,0.00,0.00,0.00,0.00,0.00,0.00,0.00,0.00
0.00,0.00,0.00,0.00,0.00,0.00,0.00,0.00,0.00,0.00,0.00,0.00,0.00,0.00,0.00
0.00,0.00,0.00,0.00,0.00,0.00,0.00,0.00,0.00,0.00,0.00,0.00,0.00,0.00,0.00
0.00,0.00,0.00,0.00,0.00,0.00,0.00,0.00,0.00,0.00,0.00,0.00,0.00,0.00,0.00
0.00,0.00,0.00,0.00,0.00,0.00,0.00,0.00,0.00,0.00,0.00,0.00,0.00,0.00,0.00
0.00,0.00,0.00,0.00,0.00,0.00,0.00,0.00,0.00,0.00,0.00,0.00,0.00,0.00,0.00
0.00,0.00,0.00,0.00,0.00,0.00,0.00,0.00,0.00,0.00,0.00,0.00,0.00,0.00,0.00
0.00,0.00,0.00,0.00,0.00,0.00,0.00,0.00,0.00,0.00,0.00,0.00,0.00,0.00,0.00
0.00,0.00,0.00,0.00,0.00,0.00,0.00,0.00,0.00,0.00,0.00,0.00,0.00,0.00,0.00
0.00,0.00,0.00,0.00,0.00,0.00,0.00,0.00,0.00,0.00,0.00,0.00,0.00,0.00,0.00
0.00,0.00,0.00,0.00,0.00,0.00,0.00,0.00,0.00,0.00,0.00,0.00,0.00,0.00,0.00
0.00,0.00,0.00,0.00,0.00,0.00,0.00,0.00,0.00,0.00,0.00,0.00,0.00,0.00,0.00
0.00,0.00,0.00,0.00,0.00,0.00,0.00,0.00,0.00,0.00,0.00,0.00,0.00,0.00,0.00
0.00,0.00,0.00,0.00,0.00,0.00,0.00,0.00,0.00,0.00,0.00,0.00,0.00,0.00,0.00
0.00,0.00,0.00,0.00,0.00,0.00,0.00,0.00,0.00,0.00,0.00,0.00,0.00,0.00,0.00
0.00,0.00,0.00,0.00,0.00,0.00,0.00,0.00,0.00,0.00,0.00,0.00,0.00,0.00,0.00
0.00,0.00,0.00,0.00,0.00,0.00,0.00,0.00,0.00,0.00,0.00,0.00,0.00,0.00,0.00
0.00,0.00,0.00,0.00,0.00,0.00,0.00,0.00,0.00,0.00,0.00,0.00,0.00,0.00,0.00
0.00,0.00,0.00,0.00,0.00,0.00,0.00,0.00,0.00,0.00,0.00,0.00,0.00,0.00,0.00
0.00,0.00,0.00,0.00,0.00,0.00,0.00,0.00,0.00,0.00,0.00,0.00,0.00,0.00,0.00
0.00,0.00,0.00,0.00,0.00,0.00,0.00,0.00,0.00,0.00,0.00,0.00,0.00,0.00,0.00
0.00,0.00,0.00,0.00,0.00,0.00,0.00,0.00,0.00,0.00,0.00,0.00,0.00,0.00,0.00
0.00,0.00,0.00,0.00,0.00,0.00,0.00,0.00,0.00,0.00,0.00,0.00,0.00,0.00,0.00
0.00,0.00,0.00,0.00,0.00,0.00,0.00,0.00,0.00,0.00,0.00,0.00,0.00,0.00,0.00
0.00,0.00,0.00,0.00,0.00,0.00,0.00,0.00,0.00,0.00,0.00,0.00,0.00,0.00,0.00
0.00,0.00,0.00,0.00,0.00,0.00,0.00,0.00,0.00,0.00,0.00,0.00,0.00,0.00,0.00
0.00,0.00,0.00,0.00,0.00,0.00,0.00,0.00,0.00,0.00,0.00,0.00,0.00,0.00,0.00
0.00,0.00,0.00,0.00,0.00,0.00,0.00,0.00,0.00,0.00,0.00,0.00,0.00,0.00,0.00
0.00,0.00,0.00,0.00,0.00,0.00,0.00,0.00,0.00,0.00,0.00,0.00,0.00,0.00,0.00
0.00,0.00,0.00,0.00,0.00,0.00,0.00,0.00,0.00,0.00,0.00,0.00,0.00,0.00,0.00
0.00,0.00,0.00,0.00,0.00,0.00,0.00,0.00,0.00,0.00,0.00,0.00,0.00,0.00,0.00
0.00,0.00,0.00,0.00,0.00,0.00,0.00,0.00,0.00,0.00,0.00,0.00,0.00,0.00,0.00
0.00,0.00,0.00,0.00,0.00,0.00,0.00,0.00,0.00,0.00,0.00,0.00,0.00,0.00,0.00
0.00,0.00,0.00,0.00,0.00,0.00,0.00,0.00,0.00,0.00,0.00,0.00,0.00,0.00,0.00
0.00,0.00,0.00,0.00,0.00,0.00,0.00,0.00,0.00,0.00,0.00,0.00,0.00,0.00,0.00
0.00,0.00,0.00,0.00,0.00,0.00,0.00,0.00,0.00,0.00,0.00,0.00,0.00,0.00,0.00
0.00,0.00,0.00,0.00,0.00,0.00,0.00,0.00,0.00,0.00,0.00,0.00,0.00,0.00,0.00
0.00,0.00,0.00,0.00,0.00,0.00,0.00,0.00,0.00,0.00,0.00,0.00,0.00,0.00,0.00
0.00,0.00,0.00,0.00,0.00,0.00,0.00,0.00,0.00,0.00,0.00,0.00,0.00,0.00,0.00
0.00,0.00,0.00,0.00,0.00,0.00,0.00,0.00,0.00,0.00,0.00,0.00,0.00,0.00,0.00
0.00,0.00,0.00,0.00,0.00,0.00,0.00,0.00,0.00,0.00,0.00,0.00,0.00,0.00,0.00
0.00,0.00,0.00,0.00,0.00,0.00,0.00,0.00,0.00,0.00,0.00,0.00,0.00,0.00,0.00
0.00,0.00,0.00,0.00,0.00,0.00,0.00,0.00,0.00,0.00,0.00,0.00,0.00,0.00,0.00
0.00,0.00,0.00,0.00,0.00,0.00,0.00,0.00,0.00,0.00,0.00,0.00,0.00,0.00,0.00
0.00,0.00,0.00,0.00,0.00,0.00,0.00,0.00,0.00,0.00,0.00,0.00,0.00,0.00,0.00
0.00,0.00,0.00,0.00,0.00,0.00,0.00,0.00,0.00,0.00,0.00,0.00,0.00,0.00,0.00
0.00,0.00,0.00,0.00,0.00,0.00,0.00,0.00,0.00,0.00,0.00,0.00,0.00,0.00,0.00
0.00,0.00,0.00,0.00,0.00,0.00,0.00,0.00,0.00,0.00,0.00,0.00,0.00,0.00,0.00
0.00,0.00,0.00,0.00,0.00,0.00,0.00,0.00,0.00,0.00,0.00,0.00,0.00,0.00,0.00
0.00,0.00,0.00,0.00,0.00,0.00,0.00,0.00,0.00,0.00,0.00,0.00,0.00,0.00,0.00
0.00,0.00,0.00,0.00,0.00,0.00,0.00,0.00,0.00,0.00,0.00,0.00,0.00,0.00,0.00
0.00,0.00,0.00,0.00,0.00,0.00,0.00,0.00,0.00,0.00,0.00,0.00,0.00,0.00,0.00
0.00,0.00,0.00,0.00,0.00,0.00,0.00,0.00,0.00,0.00,0.00,0.00,0.00,0.00,0.00
0.00,0.00,0.00,0.00,0.00,0.00,0.00,0.00,0.00,0.00,0.00,0.00,0.00,0.00,0.00
0.00,0.00,0.00,0.00,0.00,0.00,0.00,0.00,0.00,0.00,0.00,0.00,0.00,0.00,0.00
0.00,0.00,0.00,0.00,0.00,0.00,0.00,0.00,0.00,0.00,0.00,0.00,0.00,0.00,0.00
0.00,0.00,0.00,0.00,0.00,0.00,0.00,0.00,0.00,0.00,0.00,0.00,0.00,0.00,0.00
0.00,0.00,0.00,0.00,0.00,0.00,0.00,0.00,0.00,0.00,0.00,0.00,0.00,0.00,0.00
0.00,0.00,0.00,0.00,0.00,0.00,0.00,0.00,0.00,0.00,0.00,0.00,0.00,0.00,0.00
0.00,0.00,0.00,0.00,0.00,0.00,0.00,0.00,0.00,0.00,0.00,0.00,0.00,0.00,0.00
0.00,0.00,0.00,0.00,0.00,0.00,0.00,0.00,0.00,0.00,0.00,0.00,0.00,0.00,0.00
0.00,0.00,0.00,0.00,0.00,0.00,0.00,0.00,0.00,0.00,0.00,0.00,0.00,0.00,0.00
0.00,0.00,0.00,0.00,0.00,0.00,0.00,0.00,0.00,0.00,0.00,0.00,0.00,0.00,0.00
0.00,0.00,0.00,0.00,0.00,0.00,0.00,0.00,0.00,0.00,0.00,0.00,0.00,0.00,0.00
0.00,0.00,0.00,0.00,0.00,0.00,0.00,0.00,0.00,0.00,0.00,0.00,0.00,0.00,0.00
0.00,0.00,0.00,0.00,0.00,0.00,0.00,0.00,0.00,0.00,0.00,0.00,0.00,0.00,0.00
0.00,0.00,0.00,0.00,0.00,0.00,0.00,0.00,0.00,0.00,0.00,0.00,0.00,0.00,0.00
0.00,0.00,0.00,0.00,0.00,0.00,0.00,0.00,0.00,0.00,0.00,0.00,0.00,0.00,0.00
0.00,0.00,0.00,0.00,0.00,0.00,0.00,0.00,0.00,0.00,0.00,0.00,0.00,0.00,0.00
0.00,0.00,0.00,0.00,0.00,0.00,0.00,0.00,0.00,0.00,0.00,0.00,0.00,0.00,0.00
0.00,0.00,0.00,0.00,0.00,0.00,0.00,0.00,0.00,0.00,0.00,0.00,0.00,0.00,0.00
0.00,0.00,0.00,0.00,0.00,0.00,0.00,0.00,0.00,0.00,0.00,0.00,0.00,0.00,0.00
0.00,0.00,0.00,0.00,0.00,0.00,0.00,0.00,0.00,0.00,0.00,0.00,0.00,0.00,0.00
0.00,0.00,0.00,0.00,0.00,0.00,0.00,0.00,0.00,0.00,0.00,0.00,0.00,0.00,0.00
0.00,0.00,0.00,0.00,0.00,0.00,0.00,0.00,0.00,0.00,0.00,0.00,0.00,0.00,0.00
0.00,0.00,0.00,0.00,0.00,0.00,0.00,0.00,0.00,0.00,0.00,0.00,0.00,0.00,0.00
0.00,0.00,0.00,0.00,0.00,0.00,0.00,0.00,0.00,0.00,0.00,0.00,0.00,0.00,0.00
0.00,0.00,0.00,0.00,0.00,0.00,0.00,0.00,0.00,0.00,0.00,0.00,0.00,0.00,0.00
0.00,0.00,0.00,0.00,0.00,0.00,0.00,0.00,0.00,0.00,0.00,0.00,0.00,0.00,0.00
0.00,0.00,0.00,0.00,0.00,0.00,0.00,0.00,0.00,0.00,0.00,0.00,0.00,0.00,0.00
0.00,0.00,0.00,0.00,0.00,0.00,0.00,0.00,0.00,0.00,0.00,0.00,0.00,0.00,0.00
0.00,0.00,0.00,0.00,0.00,0.00,0.00,0.00,0.00,0.00,0.00,0.00,0.00,0.00,0.00
0.00,0.00,0.00,0.00,0.00,0.00,0.00,0.00,0.00,0.00,0.00,0.00,0.00,0.00,0.00
0.00,0.00,0.00,0.00,0.00,0.00,0.00,0.00,0.00,0.00,0.00,0.00,0.00,0.00,0.00
0.00,0.00,0.00,0.00,0.00,0.00,0.00,0.00,0.00,0.00,0.00,0.00,0.00,0.00,0.00
0.00,0.00,0.00,0.00,0.00,0.00,0.00,0.00,0.00,0.00,0.00,0.00,0.00,0.00,0.00
0.00,0.00,0.00,0.00,0.00,0.00,0.00,0.00,0.00,0.00,0.00,0.00,0.00,0.00,0.00
0.00,0.00,0.00,0.00,0.00,0.00,0.00,0.00,0.00,0.00,0.00,0.00,0.00,0.00,0.00
0.00,0.00,0.00,0.00,0.00,0.00,0.00,0.00,0.00,0.00,0.00,0.00,0.00,0.00,0.00
0.00,0.00,0.00,0.00,0.00,0.00,0.00,0.00,0.00,0.00,0.00,0.00,0.00,0.00,0.00
0.00,0.00,0.00,0.00,0.00,0.00,0.00,0.00,0.00,0.00,0.00,0.00,0.00,0.00,0.00
0.00,0.00,0.00,0.00,0.00,0.00,0.00,0.00,0.00,0.00,0.00,0.00,0.00,0.00,0.00
0.00,0.00,0.00,0.00,0.00,0.00,0.00,0.00,0.00,0.00,0.00,0.00,0.00,0.00,0.00
0.00,0.00,0.00,0.00,0.00,0.00,0.00,0.00,0.00,0.00,0.00,0.00,0.00,0.00,0.00
0.00,0.00,0.00,0.00,0.00,0.00,0.00,0.00,0.00,0.00,0.00,0.00,0.00,0.00,0.00
0.00,0.00,0.00,0.00,0.00,0.00,0.00,0.00,0.00,0.00,0.00,0.00,0.00,0.00,0.00
0.00,0.00,0.00,0.00,0.00,0.00,0.00,0.00,0.00,0.00,0.00,0.00,0.00,0.00,0.00
0.00,0.00,0.00,0.00,0.00,0.00,0.00,0.00,0.00,0.00,0.00,0.00,0.00,0.00,0.00
0.00,0.00,0.00,0.00,0.00,0.00,0.00,0.00,0.00,0.00,0.00,0.00,0.00,0.00,0.00
0.00,0.00,0.00,0.00,0.00,0.00,0.00,0.00,0.00,0.00,0.00,0.00,0.00,0.00,0.00
0.00,0.00,0.00,0.00,0.00,0.00,0.00,0.00,0.00,0.00,0.00,0.00,0.00,0.00,0.00
0.00,0.00,0.00,0.00,0.00,0.00,0.00,0.00,0.00,0.00,0.00,0.00,0.00,0.00,0.00
0.00,0.00,0.00,0.00,0.00,0.00,0.00,0.00,0.00,0.00,0.00,0.00,0.00,0.00,0.00
0.00,0.00,0.00,0.00,0.00,0.00,0.00,0.00,0.00,0.00,0.00,0.00,0.00,0.00,0.00
0.00,0.00,0.00,0.00,0.00,0.00,0.00,0.00,0.00,0.00,0.00,0.00,0.00,0.00,0.00
0.00,0.00,0.00,0.00,0.00,0.00,0.00,0.00,0.00,0.00,0.00,0.00,0.00,0.00,0.00
0.00,0.00,0.00,0.00,0.00,0.00,0.00,0.00,0.00,0.00,0.00,0.00,0.00,0.00,0.00
0.00,0.00,0.00,0.00,0.00,0.00,0.00,0.00,0.00,0.00,0.00,0.00,0.00,0.00,0.00
0.00,0.00,0.00,0.00,0.00,0.00,0.00,0.00,0.00,0.00,0.00,0.00,0.00,0.00,0.00
0.00,0.00,0.00,0.00,0.00,0.00,0.00,0.00,0.00,0.00,0.00,0.00,0.00,0.00,0.00
0.00,0.00,0.00,0.00,0.00,0.00,0.00,0.00,0.00,0.00,0.00,0.00,0.00,0.00,0.00
0.00,0.00,0.00,0.00,0.00,0.00,0.00,0.00,0.00,0.00,0.00,0.00,0.00,0.00,0.00
0.00,0.00,0.00,0.00,0.00,0.00,0.00,0.00,0.00,0.00,0.00,0.00,0.00,0.00,0.00
0.00,0.00,0.00,0.00,0.00,0.00,0.00,0.00,0.00,0.00,0.00,0.00,0.00,0.00,0.00
0.00,0.00,0.00,0.00,0.00,0.00,0.00,0.00,0.00,0.00,0.00,0.00,0.00,0.00,0.00
0.00,0.00,0.00,0.00,0.00,0.00,0.00,0.00,0.00,0.00,0.00,0.00,0.00,0.00,0.00
0.00,0.00,0.00,0.00,0.00,0.00,0.00,0.00,0.00,0.00,0.00,0.00,0.00,0.00,0.00
0.00,0.00,0.00,0.00,0.00,0.00,0.00,0.00,0.00,0.00,0.00,0.00,0.00,0.00,0.00
0.00,0.00,0.00,0.00,0.00,0.00,0.00,0.00,0.00,0.00,0.00,0.00,0.00,0.00,0.00
0.00,0.00,0.00,0.00,0.00,0.00,0.00,0.00,0.00,0.00,0.00,0.00,0.00,0.00,0.00
0.00,0.00,0.00,0.00,0.00,0.00,0.00,0.00,0.00,0.00,0.00,0.00,0.00,0.00,0.00
0.00,0.00,0.00,0.00,0.00,0.00,0.00,0.00,0.00,0.00,0.00,0.00,0.00,0.00,0.00
0.00,0.00,0.00,0.00,0.00,0.00,0.00,0.00,0.00,0.00,0.00,0.00,0.00,0.00,0.00
0.00,0.00,0.00,0.00,0.00,0.00,0.00,0.00,0.00,0.00,0.00,0.00,0.00,0.00,0.00
0.00,0.00,0.00,0.00,0.00,0.00,0.00,0.00,0.00,0.00,0.00,0.00,0.00,0.00,0.00
0.00,0.00,0.00,0.00,0.00,0.00,0.00,0.00,0.00,0.00,0.00,0.00,0.00,0.00,0.00
0.00,0.00,0.00,0.00,0.00,0.00,0.00,0.00,0.00,0.00,0.00,0.00,0.00,0.00,0.00
0.00,0.00,0.00,0.00,0.00,0.00,0.00,0.00,0.00,0.00,0.00,0.00,0.00,0.00,0.00
0.00,0.00,0.00,0.00,0.00,0.00,0.00,0.00,0.00,0.00,0.00,0.00,0.00,0.00,0.00
0.00,0.00,0.00,0.00,0.00,0.00,0.00,0.00,0.00,0.00,0.00,0.00,0.00,0.00,0.00
0.00,0.00,0.00,0.00,0.00,0.00,0.00,0.00,0.00,0.00,0.00,0.00,0.00,0.00,0.00
0.00,0.00,0.00,0.00,0.00,0.00,0.00,0.00,0.00,0.00,0.00,0.00,0.00,0.00,0.00
0.00,0.00,0.00,0.00,0.00,0.00,0.00,0.00,0.00,0.00,0.00,0.00,0.00,0.00,0.00
0.00,0.00,0.00,0.00,0.00,0.00,0.00,0.00,0.00,0.00,0.00,0.00,0.00,0.00,0.00
0.00,0.00,0.00,0.00,0.00,0.00,0.00,0.00,0.00,0.00,0.00,0.00,0.00,0.00,0.00
0.00,0.00,0.00,0.00,0.00,0.00,0.00,0.00,0.00,0.00,0.00,0.00,0.00,0.00,0.00
0.00,0.00,0.00,0.00,0.00,0.00,0.00,0.00,0.00,0.00,0.00,0.00,0.00,0.00,0.00
0.00,0.00,0.00,0.00,0.00,0.00,0.00,0.00,0.00,0.00,0.00,0.00,0.00,0.00,0.00
0.00,0.00,0.00,0.00,0.00,0.00,0.00,0.00,0.00,0.00,0.00,0.00,0.00,0.00,0.00
0.00,0.00,0.00,0.00,0.00,0.00,0.00,0.00,0.00,0.00,0.00,0.00,0.00,0.00,0.00
0.00,0.00,0.00,0.00,0.00,0.00,0.00,0.00,0.00,0.00,0.00,0.00,0.00,0.00,0.00
0.00,0.00,0.00,0.00,0.00,0.00,0.00,0.00,0.00,0.00,0.00,0.00,0.00,0.00,0.00
0.00,0.00,0.00,0.00,0.00,0.00,0.00,0.00,0.00,0.00,0.00,0.00,0.00,0.00,0.00
0.00,0.00,0.00,0.00,0.00,0.00,0.00,0.00,0.00,0.00,0.00,0.00,0.00,0.00,0.00
0.00,0.00,0.00,0.00,0.00,0.00,0.00,0.00,0.00,0.00,0.00,0.00,0.00,0.00,0.00
0.00,0.00,0.00,0.00,0.00,0.00,0.00,0.00,0.00,0.00,0.00,0.00,0.00,0.00,0.00
0.00,0.00,0.00,0.00,0.00,0.00,0.00,0.00,0.00,0.00,0.00,0.00,0.00,0.00,0.00
0.00,0.00,0.00,0.00,0.00,0.00,0.00,0.00,0.00,0.00,0.00,0.00,0.00,0.00,0.00
0.00,0.00,0.00,0.00,0.00,0.00,0.00,0.00,0.00,0.00,0.00,0.00,0.00,0.00,0.00
0.00,0.00,0.00,0.00,0.00,0.00,0.00,0.00,0.00,0.00,0.00,0.00,0.00,0.00,0.00
0.00,0.00,0.00,0.00,0.00,0.00,0.00,0.00,0.00,0.00,0.00,0.00,0.00,0.00,0.00
0.00,0.00,0.00,0.00,0.00,0.00,0.00,0.00,0.00,0.00,0.00,0.00,0.00,0.00,0.00
0.00,0.00,0.00,0.00,0.00,0.00,0.00,0.00,0.00,0.00,0.00,0.00,0.00,0.00,0.00
0.00,0.00,0.00,0.00,0.00,0.00,0.00,0.00,0.00,0.00,0.00,0.00,0.00,0.00,0.00
0.00,0.00,0.00,0.00,0.00,0.00,0.00,0.00,0.00,0.00,0.00,0.00,0.00,0.00,0.00
0.00,0.00,0.00,0.00,0.00,0.00,0.00,0.00,0.00,0.00,0.00,0.00,0.00,0.00,0.00
0.00,0.00,0.00,0.00,0.00,0.00,0.00,0.00,0.00,0.00,0.00,0.00,0.00,0.00,0.00
0.00,0.00,0.00,0.00,0.00,0.00,0.00,0.00,0.00,0.00,0.00,0.00,0.00,0.00,0.00
0.00,0.00,0.00,0.00,0.00,0.00,0.00,0.00,0.00,0.00,0.00,0.00,0.00,0.00,0.00
0.00,0.00,0.00,0.00,0.00,0.00,0.00,0.00,0.00,0.00,0.00,0.00,0.00,0.00,0.00
0.00,0.00,0.00,0.00,0.00,0.00,0.00,0.00,0.00,0.00,0.00,0.00,0.00,0.00,0.00
0.00,0.00,0.00,0.00,0.00,0.00,0.00,0.00,0.00,0.00,0.00,0.00,0.00,0.00,0.00
0.00,0.00,0.00,0.00,0.00,0.00,0.00,0.00,0.00,0.00,0.00,0.00,0.00,0.00,0.00
0.00,0.00,0.00,0.00,0.00,0.00,0.00,0.00,0.00,0.00,0.00,0.00,0.00,0.00,0.00
0.00,0.00,0.00,0.00,0.00,0.00,0.00,0.00,0.00,0.00,0.00,0.00,0.00,0.00,0.00
0.00,0.00,0.00,0.00,0.00,0.00,0.00,0.00,0.00,0.00,0.00,0.00,0.00,0.00,0.00
0.00,0.00,0.00,0.00,0.00,0.00,0.00,0.00,0.00,0.00,0.00,0.00,0.00,0.00,0.00
0.00,0.00,0.00,0.00,0.00,0.00,0.00,0.00,0.00,0.00,0.00,0.00,0.00,0.00,0.00
0.00,0.00,0.00,0.00,0.00,0.00,0.00,0.00,0.00,0.00,0.00,0.00,0.00,0.00,0.00
0.00,0.00,0.00,0.00,0.00,0.00,0.00,0.00,0.00,0.00,0.00,0.00,0.00,0.00,0.00
0.00,0.00,0.00,0.00,0.00,0.00,0.00,0.00,0.00,0.00,0.00,0.00,0.00,0.00,0.00
0.00,0.00,0.00,0.00,0.00,0.00,0.00,0.00,0.00,0.00,0.00,0.00,0.00,0.00,0.00
0.00,0.00,0.00,0.00,0.00,0.00,0.00,0.00,0.00,0.00,0.00,0.00,0.00,0.00,0.00
0.00,0.00,0.00,0.00,0.00,0.00,0.00,0.00,0.00,0.00,0.00,0.00,0.00,0.00,0.00
0.00,0.00,0.00,0.00,0.00,0.00,0.00,0.00,0.00,0.00,0.00,0.00,0.00,0.00,0.00
0.00,0.00,0.00,0.00,0.00,0.00,0.00,0.00,0.00,0.00,0.00,0.00,0.00,0.00,0.00
0.00,0.00,0.00,0.00,0.00,0.00,0.00,0.00,0.00,0.00,0.00,0.00,0.00,0.00,0.00
0.00,0.00,0.00,0.00,0.00,0.00,0.00,0.00,0.00,0.00,0.00,0.00,0.00,0.00,0.00
0.00,0.00,0.00,0.00,0.00,0.00,0.00,0.00,0.00,0.00,0.00,0.00,0.00,0.00,0.00
0.00,0.00,0.00,0.00,0.00,0.00,0.00,0.00,0.00,0.00,0.00,0.00,0.00,0.00,0.00
0.00,0.00,0.00,0.00,0.00,0.00,0.00,0.00,0.00,0.00,0.00,0.00,0.00,0.00,0.00
0.00,0.00,0.00,0.00,0.00,0.00,0.00,0.00,0.00,0.00,0.00,0.00,0.00,0.00,0.00
0.00,0.00,0.00,0.00,0.00,0.00,0.00,0.00,0.00,0.00,0.00,0.00,0.00,0.00,0.00
0.00,0.00,0.00,0.00,0.00,0.00,0.00,0.00,0.00,0.00,0.00,0.00,0.00,0.00,0.00
0.00,0.00,0.00,0.00,0.00,0.00,0.00,0.00,0.00,0.00,0.00,0.00,0.00,0.00,0.00
0.00,0.00,0.00,0.00,0.00,0.00,0.00,0.00,0.00,0.00,0.00,0.00,0.00,0.00,0.00
0.00,0.00,0.00,0.00,0.00,0.00,0.00,0.00,0.00,0.00,0.00,0.00,0.00,0.00,0.00
0.00,0.00,0.00,0.00,0.00,0.00,0.00,0.00,0.00,0.00,0.00,0.00,0.00,0.00,0.00
0.00,0.00,0.00,0.00,0.00,0.00,0.00,0.00,0.00,0.00,0.00,0.00,0.00,0.00,0.00
0.00,0.00,0.00,0.00,0.00,0.00,0.00,0.00,0.00,0.00,0.00,0.00,0.00,0.00,0.00
0.00,0.00,0.00,0.00,0.00,0.00,0.00,0.00,0.00,0.00,0.00,0.00,0.00,0.00,0.00
0.00,0.00,0.00,0.00,0.00,0.00,0.00,0.00,0.00,0.00,0.00,0.00,0.00,0.00,0.00
0.00,0.00,0.00,0.00,0.00,0.00,0.00,0.00,0.00,0.00,0.00,0.00,0.00,0.00,0.00
0.00,0.00,0.00,0.00,0.00,0.00,0.00,0.00,0.00,0.00,0.00,0.00,0.00,0.00,0.00
0.00,0.00,0.00,0.00,0.00,0.00,0.00,0.00,0.00,0.00,0.00,0.00,0.00,0.00,0.00
0.00,0.00,0.00,0.00,0.00,0.00,0.00,0.00,0.00,0.00,0.00,0.00,0.00,0.00,0.00
0.00,0.00,0.00,0.00,0.00,0.00,0.00,0.00,0.00,0.00,0.00,0.00,0.00,0.00,0.00
0.00,0.00,0.00,0.00,0.00,0.00,0.00,0.00,0.00,0.00,0.00,0.00,0.00,0.00,0.00
0.00,0.00,0.00,0.00,0.00,0.00,0.00,0.00,0.00,0.00,0.00,0.00,0.00,0.00,0.00
0.00,0.00,0.00,0.00,0.00,0.00,0.00,0.00,0.00,0.00,0.00,0.00,0.00,0.00,0.00
0.00,0.00,0.00,0.00,0.00,0.00,0.00,0.00,0.00,0.00,0.00,0.00,0.00,0.00,0.00
0.00,0.00,0.00,0.00,0.00,0.00,0.00,0.00,0.00,0.00,0.00,0.00,0.00,0.00,0.00
0.00,0.00,0.00,0.00,0.00,0.00,0.00,0.00,0.00,0.00,0.00,0.00,0.00,0.00,0.00
0.00,0.00,0.00,0.00,0.00,0.00,0.00,0.00,0.00,0.00,0.00,0.00,0.00,0.00,0.00
0.00,0.00,0.00,0.00,0.00,0.00,0.00,0.00,0.00,0.00,0.00,0.00,0.00,0.00,0.00
0.00,0.00,0.00,0.00,0.00,0.00,0.00,0.00,0.00,0.00,0.00,0.00,0.00,0.00,0.00
0.00,0.00,0.00,0.00,0.00,0.00,0.00,0.00,0.00,0.00,0.00,0.00,0.00,0.00,0.00
0.00,0.00,0.00,0.00,0.00,0.00,0.00,0.00,0.00,0.00,0.00,0.00,0.00,0.00,0.00
0.00,0.00,0.00,0.00,0.00,0.00,0.00,0.00,0.00,0.00,0.00,0.00,0.00,0.00,0.00
0.00,0.00,0.00,0.00,0.00,0.00,0.00,0.00,0.00,0.00,0.00,0.00,0.00,0.00,0.00
0.00,0.00,0.00,0.00,0.00,0.00,0.00,0.00,0.00,0.00,0.00,0.00,0.00,0.00,0.00
0.00,0.00,0.00,0.00,0.00,0.00,0.00,0.00,0.00,0.00,0.00,0.00,0.00,0.00,0.00
0.00,0.00,0.00,0.00,0.00,0.00,0.00,0.00,0.00,0.00,0.00,0.00,0.00,0.00,0.00
0.00,0.00,0.00,0.00,0.00,0.00,0.00,0.00,0.00,0.00,0.00,0.00,0.00,0.00,0.00
0.00,0.00,0.00,0.00,0.00,0.00,0.00,0.00,0.00,0.00,0.00,0.00,0.00,0.00,0.00
0.00,0.00,0.00,0.00,0.00,0.00,0.00,0.00,0.00,0.00,0.00,0.00,0.00,0.00,0.00
0.00,0.00,0.00,0.00,0.00,0.00,0.00,0.00,0.00,0.00,0.00,0.00,0.00,0.00,0.00
0.00,0.00,0.00,0.00,0.00,0.00,0.00,0.00,0.00,0.00,0.00,0.00,0.00,0.00,0.00
0.00,0.00,0.00,0.00,0.00,0.00,0.00,0.00,0.00,0.00,0.00,0.00,0.00,0.00,0.00
0.00,0.00,0.00,0.00,0.00,0.00,0.00,0.00,0.00,0.00,0.00,0.00,0.00,0.00,0.00
0.00,0.00,0.00,0.00,0.00,0.00,0.00,0.00,0.00,0.00,0.00,0.00,0.00,0.00,0.00
0.00,0.00,0.00,0.00,0.00,0.00,0.00,0.00,0.00,0.00,0.00,0.00,0.00,0.00,0.00
0.00,0.00,0.00,0.00,0.00,0.00,0.00,0.00,0.00,0.00,0.00,0.00,0.00,0.00,0.00
0.00,0.00,0.00,0.00,0.00,0.00,0.00,0.00,0.00,0.00,0.00,0.00,0.00,0.00,0.00
0.00,0.00,0.00,0.00,0.00,0.00,0.00,0.00,0.00,0.00,0.00,0.00,0.00,0.00,0.00
0.00,0.00,0.00,0.00,0.00,0.00,0.00,0.00,0.00,0.00,0.00,0.00,0.00,0.00,0.00
0.00,0.00,0.00,0.00,0.00,0.00,0.00,0.00,0.00,0.00,0.00,0.00,0.00,0.00,0.00
0.00,0.00,0.00,0.00,0.00,0.00,0.00,0.00,0.00,0.00,0.00,0.00,0.00,0.00,0.00
0.00,0.00,0.00,0.00,0.00,0.00,0.00,0.00,0.00,0.00,0.00,0.00,0.00,0.00,0.00
0.00,0.00,0.00,0.00,0.00,0.00,0.00,0.00,0.00,0.00,0.00,0.00,0.00,0.00,0.00
0.00,0.00,0.00,0.00,0.00,0.00,0.00,0.00,0.00,0.00,0.00,0.00,0.00,0.00,0.00
0.00,0.00,0.00,0.00,0.00,0.00,0.00,0.00,0.00,0.00,0.00,0.00,0.00,0.00,0.00
0.00,0.00,0.00,0.00,0.00,0.00,0.00,0.00,0.00,0.00,0.00,0.00,0.00,0.00,0.00
0.00,0.00,0.00,0.00,0.00,0.00,0.00,0.00,0.00,0.00,0.00,0.00,0.00,0.00,0.00
0.00,0.00,0.00,0.00,0.00,0.00,0.00,0.00,0.00,0.00,0.00,0.00,0.00,0.00,0.00
0.00,0.00,0.00,0.00,0.00,0.00,0.00,0.00,0.00,0.00,0.00,0.00,0.00,0.00,0.00
0.00,0.00,0.00,0.00,0.00,0.00,0.00,0.00,0.00,0.00,0.00,0.00,0.00,0.00,0.00
0.00,0.00,0.00,0.00,0.00,0.00,0.00,0.00,0.00,0.00,0.00,0.00,0.00,0.00,0.00
0.00,0.00,0.00,0.00,0.00,0.00,0.00,0.00,0.00,0.00,0.00,0.00,0.00,0.00,0.00
0.00,0.00,0.00,0.00,0.00,0.00,0.00,0.00,0.00,0.00,0.00,0.00,0.00,0.00,0.00
0.00,0.00,0.00,0.00,0.00,0.00,0.00,0.00,0.00,0.00,0.00,0.00,0.00,0.00,0.00
0.00,0.00,0.00,0.00,0.00,0.00,0.00,0.00,0.00,0.00,0.00,0.00,0.00,0.00,0.00
0.00,0.00,0.00,0.00,0.00,0.00,0.00,0.00,0.00,0.00,0.00,0.00,0.00,0.00,0.00
0.00,0.00,0.00,0.00,0.00,0.00,0.00,0.00,0.00,0.00,0.00,0.00,0.00,0.00,0.00
0.00,0.00,0.00,0.00,0.00,0.00,0.00,0.00,0.00,0.00,0.00,0.00,0.00,0.00,0.00
0.00,0.00,0.00,0.00,0.00,0.00,0.00,0.00,0.00,0.00,0.00,0.00,0.00,0.00,0.00
0.00,0.00,0.00,0.00,0.00,0.00,0.00,0.00,0.00,0.00,0.00,0.00,0.00,0.00,0.00
0.00,0.00,0.00,0.00,0.00,0.00,0.00,0.00,0.00,0.00,0.00,0.00,0.00,0.00,0.00
0.00,0.00,0.00,0.00,0.00,0.00,0.00,0.00,0.00,0.00,0.00,0.00,0.00,0.00,0.00
0.00,0.00,0.00,0.00,0.00,0.00,0.00,0.00,0.00,0.00,0.00,0.00,0.00,0.00,0.00
0.00,0.00,0.00,0.00,0.00,0.00,0.00,0.00,0.00,0.00,0.00,0.00,0.00,0.00,0.00
0.00,0.00,0.00,0.00,0.00,0.00,0.00,0.00,0.00,0.00,0.00,0.00,0.00,0.00,0.00
0.00,0.00,0.00,0.00,0.00,0.00,0.00,0.00,0.00,0.00,0.00,0.00,0.00,0.00,0.00
0.00,0.00,0.00,0.00,0.00,0.00,0.00,0.00,0.00,0.00,0.00,0.00,0.00,0.00,0.00
0.00,0.00,0.00,0.00,0.00,0.00,0.00,0.00,0.00,0.00,0.00,0.00,0.00,0.00,0.00
0.00,0.00,0.00,0.00,0.00,0.00,0.00,0.00,0.00,0.00,0.00,0.00,0.00,0.00,0.00
0.00,0.00,0.00,0.00,0.00,0.00,0.00,0.00,0.00,0.00,0.00,0.00,0.00,0.00,0.00
0.00,0.00,0.00,0.00,0.00,0.00,0.00,0.00,0.00,0.00,0.00,0.00,0.00,0.00,0.00
0.00,0.00,0.00,0.00,0.00,0.00,0.00,0.00,0.00,0.00,0.00,0.00,0.00,0.00,0.00
0.00,0.00,0.00,0.00,0.00,0.00,0.00,0.00,0.00,0.00,0.00,0.00,0.00,0.00,0.00
0.00,0.00,0.00,0.00,0.00,0.00,0.00,0.00,0.00,0.00,0.00,0.00,0.00,0.00,0.00
0.00,0.00,0.00,0.00,0.00,0.00,0.00,0.00,0.00,0.00,0.00,0.00,0.00,0.00,0.00
0.00,0.00,0.00,0.00,0.00,0.00,0.00,0.00,0.00,0.00,0.00,0.00,0.00,0.00,0.00
0.00,0.00,0.00,0.00,0.00,0.00,0.00,0.00,0.00,0.00,0.00,0.00,0.00,0.00,0.00
0.00,0.00,0.00,0.00,0.00,0.00,0.00,0.00,0.00,0.00,0.00,0.00,0.00,0.00,0.00
0.00,0.00,0.00,0.00,0.00,0.00,0.00,0.00,0.00,0.00,0.00,0.00,0.00,0.00,0.00
0.00,0.00,0.00,0.00,0.00,0.00,0.00,0.00,0.00,0.00,0.00,0.00,0.00,0.00,0.00
0.00,0.00,0.00,0.00,0.00,0.00,0.00,0.00,0.00,0.00,0.00,0.00,0.00,0.00,0.00
0.00,0.00,0.00,0.00,0.00,0.00,0.00,0.00,0.00,0.00,0.00,0.00,0.00,0.00,0.00
0.00,0.00,0.00,0.00,0.00,0.00,0.00,0.00,0.00,0.00,0.00,0.00,0.00,0.00,0.00
0.00,0.00,0.00,0.00,0.00,0.00,0.00,0.00,0.00,0.00,0.00,0.00,0.00,0.00,0.00
0.00,0.00,0.00,0.00,0.00,0.00,0.00,0.00,0.00,0.00,0.00,0.00,0.00,0.00,0.00
0.00,0.00,0.00,0.00,0.00,0.00,0.00,0.00,0.00,0.00,0.00,0.00,0.00,0.00,0.00
0.00,0.00,0.00,0.00,0.00,0.00,0.00,0.00,0.00,0.00,0.00,0.00,0.00,0.00,0.00
0.00,0.00,0.00,0.00,0.00,0.00,0.00,0.00,0.00,0.00,0.00,0.00,0.00,0.00,0.00
0.00,0.00,0.00,0.00,0.00,0.00,0.00,0.00,0.00,0.00,0.00,0.00,0.00,0.00,0.00
0.00,0.00,0.00,0.00,0.00,0.00,0.00,0.00,0.00,0.00,0.00,0.00,0.00,0.00,0.00
0.00,0.00,0.00,0.00,0.00,0.00,0.00,0.00,0.00,0.00,0.00,0.00,0.00,0.00,0.00
0.00,0.00,0.00,0.00,0.00,0.00,0.00,0.00,0.00,0.00,0.00,0.00,0.00,0.00,0.00
0.00,0.00,0.00,0.00,0.00,0.00,0.00,0.00,0.00,0.00,0.00,0.00,0.00,0.00,0.00
0.00,0.00,0.00,0.00,0.00,0.00,0.00,0.00,0.00,0.00,0.00,0.00,0.00,0.00,0.00
0.00,0.00,0.00,0.00,0.00,0.00,0.00,0.00,0.00,0.00,0.00,0.00,0.00,0.00,0.00
0.00,0.00,0.00,0.00,0.00,0.00,0.00,0.00,0.00,0.00,0.00,0.00,0.00,0.00,0.00
0.00,0.00,0.00,0.00,0.00,0.00,0.00,0.00,0.00,0.00,0.00,0.00,0.00,0.00,0.00
0.00,0.00,0.00,0.00,0.00,0.00,0.00,0.00,0.00,0.00,0.00,0.00,0.00,0.00,0.00
0.00,0.00,0.00,0.00,0.00,0.00,0.00,0.00,0.00,0.00,0.00,0.00,0.00,0.00,0.00
0.00,0.00,0.00,0.00,0.00,0.00,0.00,0.00,0.00,0.00,0.00,0.00,0.00,0.00,0.00
0.00,0.00,0.00,0.00,0.00,0.00,0.00,0.00,0.00,0.00,0.00,0.00,0.00,0.00,0.00
0.00,0.00,0.00,0.00,0.00,0.00,0.00,0.00,0.00,0.00,0.00,0.00,0.00,0.00,0.00
0.00,0.00,0.00,0.00,0.00,0.00,0.00,0.00,0.00,0.00,0.00,0.00,0.00,0.00,0.00
0.00,0.00,0.00,0.00,0.00,0.00,0.00,0.00,0.00,0.00,0.00,0.00,0.00,0.00,0.00
0.00,0.00,0.00,0.00,0.00,0.00,0.00,0.00,0.00,0.00,0.00,0.00,0.00,0.00,0.00
0.00,0.00,0.00,0.00,0.00,0.00,0.00,0.00,0.00,0.00,0.00,0.00,0.00,0.00,0.00
0.00,0.00,0.00,0.00,0.00,0.00,0.00,0.00,0.00,0.00,0.00,0.00,0.00,0.00,0.00
0.00,0.00,0.00,0.00,0.00,0.00,0.00,0.00,0.00,0.00,0.00,0.00,0.00,0.00,0.00
0.00,0.00,0.00,0.00,0.00,0.00,0.00,0.00,0.00,0.00,0.00,0.00,0.00,0.00,0.00
0.00,0.00,0.00,0.00,0.00,0.00,0.00,0.00,0.00,0.00,0.00,0.00,0.00,0.00,0.00
0.00,0.00,0.00,0.00,0.00,0.00,0.00,0.00,0.00,0.00,0.00,0.00,0.00,0.00,0.00
0.00,0.00,0.00,0.00,0.00,0.00,0.00,0.00,0.00,0.00,0.00,0.00,0.00,0.00,0.00
0.00,0.00,0.00,0.00,0.00,0.00,0.00,0.00,0.00,0.00,0.00,0.00,0.00,0.00,0.00
0.00,0.00,0.00,0.00,0.00,0.00,0.00,0.00,0.00,0.00,0.00,0.00,0.00,0.00,0.00
0.00,0.00,0.00,0.00,0.00,0.00,0.00,0.00,0.00,0.00,0.00,0.00,0.00,0.00,0.00
0.00,0.00,0.00,0.00,0.00,0.00,0.00,0.00,0.00,0.00,0.00,0.00,0.00,0.00,0.00
0.00,0.00,0.00,0.00,0.00,0.00,0.00,0.00,0.00,0.00,0.00,0.00,0.00,0.00,0.00
0.00,0.00,0.00,0.00,0.00,0.00,0.00,0.00,0.00,0.00,0.00,0.00,0.00,0.00,0.00
0.00,0.00,0.00,0.00,0.00,0.00,0.00,0.00,0.00,0.00,0.00,0.00,0.00,0.00,0.00
0.00,0.00,0.00,0.00,0.00,0.00,0.00,0.00,0.00,0.00,0.00,0.00,0.00,0.00,0.00
0.00,0.00,0.00,0.00,0.00,0.00,0.00,0.00,0.00,0.00,0.00,0.00,0.00,0.00,0.00
0.00,0.00,0.00,0.00,0.00,0.00,0.00,0.00,0.00,0.00,0.00,0.00,0.00,0.00,0.00
0.00,0.00,0.00,0.00,0.00,0.00,0.00,0.00,0.00,0.00,0.00,0.00,0.00,0.00,0.00
0.00,0.00,0.00,0.00,0.00,0.00,0.00,0.00,0.00,0.00,0.00,0.00,0.00,0.00,0.00
0.00,0.00,0.00,0.00,0.00,0.00,0.00,0.00,0.00,0.00,0.00,0.00,0.00,0.00,0.00
0.00,0.00,0.00,0.00,0.00,0.00,0.00,0.00,0.00,0.00,0.00,0.00,0.00,0.00,0.00
0.00,0.00,0.00,0.00,0.00,0.00,0.00,0.00,0.00,0.00,0.00,0.00,0.00,0.00,0.00
0.00,0.00,0.00,0.00,0.00,0.00,0.00,0.00,0.00,0.00,0.00,0.00,0.00,0.00,0.00
0.00,0.00,0.00,0.00,0.00,0.00,0.00,0.00,0.00,0.00,0.00,0.00,0.00,0.00,0.00
0.00,0.00,0.00,0.00,0.00,0.00,0.00,0.00,0.00,0.00,0.00,0.00,0.00,0.00,0.00
0.00,0.00,0.00,0.00,0.00,0.00,0.00,0.00,0.00,0.00,0.00,0.00,0.00,0.00,0.00
0.00,0.00,0.00,0.00,0.00,0.00,0.00,0.00,0.00,0.00,0.00,0.00,0.00,0.00,0.00
0.00,0.00,0.00,0.00,0.00,0.00,0.00,0.00,0.00,0.00,0.00,0.00,0.00,0.00,0.00
0.00,0.00,0.00,0.00,0.00,0.00,0.00,0.00,0.00,0.00,0.00,0.00,0.00,0.00,0.00
0.00,0.00,0.00,0.00,0.00,0.00,0.00,0.00,0.00,0.00,0.00,0.00,0.00,0.00,0.00
0.00,0.00,0.00,0.00,0.00,0.00,0.00,0.00,0.00,0.00,0.00,0.00,0.00,0.00,0.00
0.00,0.00,0.00,0.00,0.00,0.00,0.00,0.00,0.00,0.00,0.00,0.00,0.00,0.00,0.00
0.00,0.00,0.00,0.00,0.00,0.00,0.00,0.00,0.00,0.00,0.00,0.00,0.00,0.00,0.00
0.00,0.00,0.00,0.00,0.00,0.00,0.00,0.00,0.00,0.00,0.00,0.00,0.00,0.00,0.00
0.00,0.00,0.00,0.00,0.00,0.00,0.00,0.00,0.00,0.00,0.00,0.00,0.00,0.00,0.00
0.00,0.00,0.00,0.00,0.00,0.00,0.00,0.00,0.00,0.00,0.00,0.00,0.00,0.00,0.00
0.00,0.00,0.00,0.00,0.00,0.00,0.00,0.00,0.00,0.00,0.00,0.00,0.00,0.00,0.00
0.00,0.00,0.00,0.00,0.00,0.00,0.00,0.00,0.00,0.00,0.00,0.00,0.00,0.00,0.00
0.00,0.00,0.00,0.00,0.00,0.00,0.00,0.00,0.00,0.00,0.00,0.00,0.00,0.00,0.00
0.00,0.00,0.00,0.00,0.00,0.00,0.00,0.00,0.00,0.00,0.00,0.00,0.00,0.00,0.00
0.00,0.00,0.00,0.00,0.00,0.00,0.00,0.00,0.00,0.00,0.00,0.00,0.00,0.00,0.00
0.00,0.00,0.00,0.00,0.00,0.00,0.00,0.00,0.00,0.00,0.00,0.00,0.00,0.00,0.00
0.00,0.00,0.00,0.00,0.00,0.00,0.00,0.00,0.00,0.00,0.00,0.00,0.00,0.00,0.00
0.00,0.00,0.00,0.00,0.00,0.00,0.00,0.00,0.00,0.00,0.00,0.00,0.00,0.00,0.00
0.00,0.00,0.00,0.00,0.00,0.00,0.00,0.00,0.00,0.00,0.00,0.00,0.00,0.00,0.00
0.00,0.00,0.00,0.00,0.00,0.00,0.00,0.00,0.00,0.00,0.00,0.00,0.00,0.00,0.00
0.00,0.00,0.00,0.00,0.00,0.00,0.00,0.00,0.00,0.00,0.00,0.00,0.00,0.00,0.00
0.00,0.00,0.00,0.00,0.00,0.00,0.00,0.00,0.00,0.00,0.00,0.00,0.00,0.00,0.00
0.00,0.00,0.00,0.00,0.00,0.00,0.00,0.00,0.00,0.00,0.00,0.00,0.00,0.00,0.00
0.00,0.00,0.00,0.00,0.00,0.00,0.00,0.00,0.00,0.00,0.00,0.00,0.00,0.00,0.00
0.00,0.00,0.00,0.00,0.00,0.00,0.00,0.00,0.00,0.00,0.00,0.00,0.00,0.00,0.00
0.00,0.00,0.00,0.00,0.00,0.00,0.00,0.00,0.00,0.00,0.00,0.00,0.00,0.00,0.00
0.00,0.00,0.00,0.00,0.00,0.00,0.00,0.00,0.00,0.00,0.00,0.00,0.00,0.00,0.00
0.00,0.00,0.00,0.00,0.00,0.00,0.00,0.00,0.00,0.00,0.00,0.00,0.00,0.00,0.00
0.00,0.00,0.00,0.00,0.00,0.00,0.00,0.00,0.00,0.00,0.00,0.00,0.00,0.00,0.00
0.00,0.00,0.00,0.00,0.00,0.00,0.00,0.00,0.00,0.00,0.00,0.00,0.00,0.00,0.00
0.00,0.00,0.00,0.00,0.00,0.00,0.00,0.00,0.00,0.00,0.00,0.00,0.00,0.00,0.00
0.00,0.00,0.00,0.00,0.00,0.00,0.00,0.00,0.00,0.00,0.00,0.00,0.00,0.00,0.00
0.00,0.00,0.00,0.00,0.00,0.00,0.00,0.00,0.00,0.00,0.00,0.00,0.00,0.00,0.00
0.00,0.00,0.00,0.00,0.00,0.00,0.00,0.00,0.00,0.00,0.00,0.00,0.00,0.00,0.00
0.00,0.00,0.00,0.00,0.00,0.00,0.00,0.00,0.00,0.00,0.00,0.00,0.00,0.00,0.00
0.00,0.00,0.00,0.00,0.00,0.00,0.00,0.00,0.00,0.00,0.00,0.00,0.00,0.00,0.00
0.00,0.00,0.00,0.00,0.00,0.00,0.00,0.00,0.00,0.00,0.00,0.00,0.00,0.00,0.00
0.00,0.00,0.00,0.00,0.00,0.00,0.00,0.00,0.00,0.00,0.00,0.00,0.00,0.00,0.00
0.00,0.00,0.00,0.00,0.00,0.00,0.00,0.00,0.00,0.00,0.00,0.00,0.00,0.00,0.00
0.00,0.00,0.00,0.00,0.00,0.00,0.00,0.00,0.00,0.00,0.00,0.00,0.00,0.00,0.00
0.00,0.00,0.00,0.00,0.00,0.00,0.00,0.00,0.00,0.00,0.00,0.00,0.00,0.00,0.00
0.00,0.00,0.00,0.00,0.00,0.00,0.00,0.00,0.00,0.00,0.00,0.00,0.00,0.00,0.00
0.00,0.00,0.00,0.00,0.00,0.00,0.00,0.00,0.00,0.00,0.00,0.00,0.00,0.00,0.00
0.00,0.00,0.00,0.00,0.00,0.00,0.00,0.00,0.00,0.00,0.00,0.00,0.00,0.00,0.00
0.00,0.00,0.00,0.00,0.00,0.00,0.00,0.00,0.00,0.00,0.00,0.00,0.00,0.00,0.00
0.00,0.00,0.00,0.00,0.00,0.00,0.00,0.00,0.00,0.00,0.00,0.00,0.00,0.00,0.00
0.00,0.00,0.00,0.00,0.00,0.00,0.00,0.00,0.00,0.00,0.00,0.00,0.00,0.00,0.00
0.00,0.00,0.00,0.00,0.00,0.00,0.00,0.00,0.00,0.00,0.00,0.00,0.00,0.00,0.00
0.00,0.00,0.00,0.00,0.00,0.00,0.00,0.00,0.00,0.00,0.00,0.00,0.00,0.00,0.00
0.00,0.00,0.00,0.00,0.00,0.00,0.00,0.00,0.00,0.00,0.00,0.00,0.00,0.00,0.00
0.00,0.00,0.00,0.00,0.00,0.00,0.00,0.00,0.00,0.00,0.00,0.00,0.00,0.00,0.00
0.00,0.00,0.00,0.00,0.00,0.00,0.00,0.00,0.00,0.00,0.00,0.00,0.00,0.00,0.00
0.00,0.00,0.00,0.00,0.00,0.00,0.00,0.00,0.00,0.00,0.00,0.00,0.00,0.00,0.00
0.00,0.00,0.00,0.00,0.00,0.00,0.00,0.00,0.00,0.00,0.00,0.00,0.00,0.00,0.00
0.00,0.00,0.00,0.00,0.00,0.00,0.00,0.00,0.00,0.00,0.00,0.00,0.00,0.00,0.00
0.00,0.00,0.00,0.00,0.00,0.00,0.00,0.00,0.00,0.00,0.00,0.00,0.00,0.00,0.00
0.00,0.00,0.00,0.00,0.00,0.00,0.00,0.00,0.00,0.00,0.00,0.00,0.00,0.00,0.00
0.00,0.00,0.00,0.00,0.00,0.00,0.00,0.00,0.00,0.00,0.00,0.00,0.00,0.00,0.00
0.00,0.00,0.00,0.00,0.00,0.00,0.00,0.00,0.00,0.00,0.00,0.00,0.00,0.00,0.00
0.00,0.00,0.00,0.00,0.00,0.00,0.00,0.00,0.00,0.00,0.00,0.00,0.00,0.00,0.00
0.00,0.00,0.00,0.00,0.00,0.00,0.00,0.00,0.00,0.00,0.00,0.00,0.00,0.00,0.00
0.00,0.00,0.00,0.00,0.00,0.00,0.00,0.00,0.00,0.00,0.00,0.00,0.00,0.00,0.00
0.00,0.00,0.00,0.00,0.00,0.00,0.00,0.00,0.00,0.00,0.00,0.00,0.00,0.00,0.00
0.00,0.00,0.00,0.00,0.00,0.00,0.00,0.00,0.00,0.00,0.00,0.00,0.00,0.00,0.00
0.00,0.00,0.00,0.00,0.00,0.00,0.00,0.00,0.00,0.00,0.00,0.00,0.00,0.00,0.00
0.00,0.00,0.00,0.00,0.00,0.00,0.00,0.00,0.00,0.00,0.00,0.00,0.00,0.00,0.00
0.00,0.00,0.00,0.00,0.00,0.00,0.00,0.00,0.00,0.00,0.00,0.00,0.00,0.00,0.00
0.00,0.00,0.00,0.00,0.00,0.00,0.00,0.00,0.00,0.00,0.00,0.00,0.00,0.00,0.00
0.00,0.00,0.00,0.00,0.00,0.00,0.00,0.00,0.00,0.00,0.00,0.00,0.00,0.00,0.00
0.00,0.00,0.00,0.00,0.00,0.00,0.00,0.00,0.00,0.00,0.00,0.00,0.00,0.00,0.00
0.00,0.05,0.00,0.00,0.00,0.00,0.00,0.00,0.00,0.00,0.00,0.00,0.00,0.00,0.00
0.00,0.00,0.00,0.00,0.00,0.00,0.00,0.00,0.00,0.00,0.00,0.00,0.00,0.00,0.00
0.00,0.00,0.00,0.00,0.00,0.00,0.00,0.00,0.00,0.00,0.00,0.00,0.00,0.00,0.00
0.00,0.00,0.00,0.00,0.00,0.00,0.00,0.00,0.00,0.00,0.00,0.00,0.00,0.00,0.00
0.00,0.00,0.00,0.00,0.00,0.00,0.00,0.00,0.00,0.00,0.00,0.00,0.00,0.00,0.00
0.00,0.00,0.00,0.00,0.00,0.00,0.00,0.00,0.00,0.00,0.00,0.00,0.00,0.00,0.00
0.00,0.00,0.00,0.00,0.00,0.00,0.00,0.00,0.00,0.00,0.00,0.00,0.00,0.00,0.00
0.00,0.00,0.00,0.00,0.00,0.00,0.00,0.00,0.00,0.00,0.00,0.00,0.00,0.00,0.00
0.00,0.00,0.00,0.00,0.00,0.00,0.00,0.00,0.00,0.00,0.00,0.00,0.00,0.00,0.00
0.00,0.00,0.00,0.00,0.00,0.00,0.00,0.00,0.00,0.00,0.00,0.00,0.00,0.00,0.00
0.00,0.00,0.00,0.00,0.00,0.00,0.00,0.00,0.00,0.00,0.00,0.00,0.00,0.00,0.00
0.00,0.00,0.00,0.00,0.00,0.00,0.00,0.00,0.00,0.00,0.00,0.00,0.00,0.00,0.00
0.00,0.00,0.00,0.00,0.00,0.00,0.00,0.00,0.00,0.00,0.00,0.00,0.00,0.00,0.00
0.00,0.00,0.00,0.00,0.00,0.00,0.00,0.00,0.00,0.00,0.00,0.00,0.00,0.00,0.00
0.00,0.00,0.00,0.00,0.00,0.00,0.00,0.00,0.00,0.00,0.00,0.00,0.00,0.00,0.00
0.00,0.00,0.00,0.00,0.00,0.00,0.00,0.00,0.00,0.00,0.00,0.00,0.00,0.00,0.00
0.00,0.00,0.00,0.00,0.00,0.00,0.00,0.00,0.00,0.00,0.00,0.00,0.00,0.00,0.00
0.00,0.00,0.00,0.00,0.00,0.00,0.00,0.00,0.00,0.00,0.00,0.00,0.00,0.00,0.00
0.00,0.00,0.00,0.00,0.00,0.00,0.00,0.00,0.00,0.00,0.00,0.00,0.00,0.00,0.00
0.00,0.00,0.00,0.00,0.00,0.00,0.00,0.00,0.00,0.00,0.00,0.00,0.00,0.00,0.00
0.00,0.00,0.00,0.00,0.00,0.00,0.00,0.00,0.00,0.00,0.00,0.00,0.00,0.00,0.00
0.00,0.00,0.00,0.00,0.00,0.00,0.00,0.00,0.00,0.00,0.00,0.00,0.00,0.00,0.00
0.00,0.00,0.00,0.00,0.00,0.00,0.00,0.00,0.00,0.00,0.00,0.00,0.00,0.00,0.00
0.00,0.00,0.00,0.00,0.00,0.00,0.00,0.00,0.00,0.00,0.00,0.00,0.00,0.00,0.00
0.00,0.00,0.00,0.00,0.00,0.00,0.00,0.00,0.00,0.00,0.00,0.00,0.00,0.00,0.00
0.00,0.00,0.00,0.00,0.00,0.00,0.00,0.00,0.00,0.00,0.00,0.00,0.00,0.00,0.00
0.00,0.00,0.00,0.00,0.00,0.00,0.00,0.00,0.00,0.00,0.00,0.00,0.00,0.00,0.00
0.00,0.00,0.00,0.00,0.00,0.00,0.00,0.00,0.00,0.00,0.00,0.00,0.00,0.00,0.00
0.00,0.00,0.00,0.00,0.00,0.00,0.00,0.00,0.00,0.00,0.00,0.00,0.00,0.00,0.00
0.00,0.00,0.00,0.00,0.00,0.00,0.00,0.00,0.00,0.00,0.00,0.00,0.00,0.00,0.00
0.00,0.00,0.00,0.00,0.00,0.00,0.00,0.00,0.00,0.00,0.00,0.00,0.00,0.00,0.00
0.00,0.00,0.00,0.00,0.00,0.00,0.00,0.00,0.00,0.00,0.00,0.00,0.00,0.00,0.00
0.00,0.00,0.00,0.00,0.00,0.00,0.00,0.00,0.00,0.00,0.00,0.00,0.00,0.00,0.00
0.00,0.00,0.00,0.00,0.00,0.00,0.00,0.00,0.00,0.00,0.00,0.00,0.00,0.00,0.00
0.00,0.00,0.00,0.00,0.00,0.00,0.00,0.00,0.00,0.00,0.00,0.00,0.00,0.00,0.00
0.00,0.00,0.00,0.00,0.00,0.00,0.00,0.00,0.00,0.00,0.00,0.00,0.00,0.00,0.00
0.00,0.00,0.00,0.00,0.00,0.00,0.00,0.00,0.00,0.00,0.00,0.00,0.00,0.00,0.00
0.00,0.00,0.00,0.00,0.00,0.00,0.00,0.00,0.00,0.00,0.00,0.00,0.00,0.00,0.00
0.00,0.00,0.00,0.00,0.00,0.00,0.00,0.00,0.00,0.00,0.00,0.00,0.00,0.00,0.00
0.00,0.00,0.00,0.00,0.00,0.00,0.00,0.00,0.00,0.00,0.00,0.00,0.00,0.00,0.00
0.00,0.00,0.00,0.00,0.00,0.00,0.00,0.00,0.00,0.00,0.00,0.00,0.00,0.00,0.00
0.00,0.00,0.00,0.00,0.00,0.00,0.00,0.00,0.00,0.00,0.00,0.00,0.00,0.00,0.00
0.00,0.00,0.00,0.00,0.00,0.00,0.00,0.00,0.00,0.00,0.00,0.00,0.00,0.00,0.00
0.00,0.00,0.00,0.00,0.00,0.00,0.00,0.00,0.00,0.00,0.00,0.00,0.00,0.00,0.00
0.00,0.00,0.00,0.00,0.00,0.00,0.00,0.00,0.00,0.00,0.00,0.00,0.00,0.00,0.00
0.00,0.00,0.00,0.00,0.00,0.00,0.00,0.00,0.00,0.00,0.00,0.00,0.00,0.00,0.00
0.00,0.00,0.00,0.00,0.00,0.00,0.00,0.00,0.00,0.00,0.00,0.00,0.00,0.00,0.00
0.00,0.00,0.00,0.00,0.00,0.00,0.00,0.00,0.00,0.00,0.00,0.00,0.00,0.00,0.00
0.00,0.00,0.00,0.00,0.00,0.00,0.00,0.00,0.00,0.00,0.00,0.00,0.00,0.00,0.00
0.00,0.00,0.00,0.00,0.00,0.00,0.00,0.00,0.00,0.00,0.00,0.00,0.00,0.00,0.00
0.00,0.00,0.00,0.00,0.00,0.00,0.00,0.00,0.00,0.00,0.00,0.00,0.00,0.00,0.00
0.00,0.00,0.00,0.00,0.00,0.00,0.00,0.00,0.00,0.00,0.00,0.00,0.00,0.00,0.00
0.00,0.00,0.00,0.00,0.00,0.00,0.00,0.00,0.00,0.00,0.00,0.00,0.00,0.00,0.00
0.00,0.00,0.00,0.00,0.00,0.00,0.00,0.00,0.00,0.00,0.00,0.00,0.00,0.00,0.00
0.00,0.00,0.00,0.00,0.00,0.00,0.00,0.00,0.00,0.00,0.00,0.00,0.00,0.00,0.00
0.00,0.00,0.00,0.00,0.00,0.00,0.00,0.00,0.00,0.00,0.00,0.00,0.00,0.00,0.00
0.00,0.00,0.00,0.00,0.00,0.00,0.00,0.00,0.00,0.00,0.00,0.00,0.00,0.00,0.00
0.00,0.00,0.00,0.00,0.00,0.00,0.00,0.00,0.00,0.00,0.00,0.00,0.00,0.00,0.00
0.00,0.00,0.00,0.00,0.00,0.00,0.00,0.00,0.00,0.00,0.00,0.00,0.00,0.00,0.00
0.00,0.00,0.00,0.00,0.00,0.00,0.00,0.00,0.00,0.00,0.00,0.00,0.00,0.00,0.00
0.00,0.00,0.00,0.00,0.00,0.00,0.00,0.00,0.00,0.00,0.00,0.00,0.00,0.00,0.00
0.00,0.00,0.00,0.00,0.00,0.00,0.00,0.00,0.00,0.00,0.00,0.00,0.00,0.00,0.00
0.00,0.00,0.00,0.00,0.00,0.00,0.00,0.00,0.00,0.00,0.00,0.00,0.00,0.00,0.00
0.00,0.00,0.00,0.00,0.00,0.00,0.00,0.00,0.00,0.00,0.00,0.00,0.00,0.00,0.00
0.00,0.00,0.00,0.00,0.00,0.00,0.00,0.00,0.00,0.00,0.00,0.00,0.00,0.00,0.00
0.00,0.00,0.00,0.00,0.00,0.00,0.00,0.00,0.00,0.00,0.00,0.00,0.00,0.00,0.00
0.00,0.00,0.00,0.00,0.00,0.00,0.00,0.00,0.00,0.00,0.00,0.00,0.00,0.00,0.00
0.00,0.00,0.00,0.00,0.00,0.00,0.00,0.00,0.00,0.00,0.00,0.00,0.00,0.00,0.00
0.00,0.00,0.00,0.00,0.00,0.00,0.00,0.00,0.00,0.00,0.00,0.00,0.00,0.00,0.00
0.00,0.00,0.00,0.00,0.00,0.00,0.00,0.00,0.00,0.00,0.00,0.00,0.00,0.00,0.00
0.00,0.00,0.00,0.00,0.00,0.00,0.00,0.00,0.00,0.00,0.00,0.00,0.00,0.00,0.00
0.00,0.00,0.00,0.00,0.00,0.00,0.00,0.00,0.00,0.00,0.00,0.00,0.00,0.00,0.00
0.00,0.00,0.00,0.00,0.00,0.00,0.00,0.00,0.00,0.00,0.00,0.00,0.00,0.00,0.00
0.00,0.00,0.00,0.00,0.00,0.00,0.00,0.00,0.00,0.00,0.00,0.00,0.00,0.00,0.00
0.00,0.00,0.00,0.00,0.00,0.00,0.00,0.00,0.00,0.00,0.00,0.00,0.00,0.00,0.00
0.00,0.00,0.00,0.00,0.00,0.00,0.00,0.00,0.00,0.00,0.00,0.00,0.00,0.00,0.00
0.00,0.00,0.00,0.00,0.00,0.00,0.00,0.00,0.00,0.00,0.00,0.00,0.00,0.00,0.00
0.00,0.00,0.00,0.00,0.00,0.00,0.00,0.00,0.00,0.00,0.00,0.00,0.00,0.00,0.00
0.00,0.00,0.00,0.00,0.00,0.00,0.00,0.00,0.00,0.00,0.00,0.00,0.00,0.00,0.00
0.00,0.00,0.00,0.00,0.00,0.00,0.00,0.00,0.00,0.00,0.00,0.00,0.00,0.00,0.00
0.00,0.00,0.00,0.00,0.00,0.00,0.00,0.00,0.00,0.00,0.00,0.00,0.00,0.00,0.00
0.00,0.00,0.00,0.00,0.00,0.00,0.00,0.00,0.00,0.00,0.00,0.00,0.00,0.00,0.00
0.00,0.00,0.00,0.00,0.00,0.00,0.00,0.00,0.00,0.00,0.00,0.00,0.00,0.00,0.00
0.00,0.00,0.00,0.00,0.00,0.00,0.00,0.00,0.00,0.00,0.00,0.00,0.00,0.00,0.00
0.00,0.00,0.00,0.00,0.00,0.00,0.00,0.00,0.00,0.00,0.00,0.00,0.00,0.00,0.00
