224.45,0.26,58.73,0.00,0.00,0.00,223.75,0.26,58.54,0.00,0.00,0.00,0.00,0.00,0.00
226.79,0.21,48.51,0.00,0.00,0.00,0.00,0.00,0.00,0.00,0.00,0.00,0.00,0.00,0.00
227.62,0.22,49.06,0.00,0.00,0.00,0.00,0.00,0.00,0.00,0.00,0.00,0.00,0.00,0.00
227.63,0.22,49.01,0.00,0.00,0.00,0.00,0.00,0.00,0.00,0.00,0.00,0.00,0.00,0.00
235.75,0.22,52.20,0.00,0.00,0.00,0.00,0.00,0.00,0.00,0.00,0.00,0.00,0.00,0.00
229.32,0.22,49.76,0.00,0.00,0.00,0.00,0.00,0.00,0.00,0.00,0.00,0.00,0.00,0.00
227.25,0.21,48.59,0.00,0.00,0.00,0.00,0.00,0.00,0.00,0.00,0.00,0.00,0.00,0.00
226.53,0.21,48.42,0.00,0.00,0.00,0.00,0.00,0.00,0.00,0.00,0.00,0.00,0.00,0.00
230.05,0.22,49.93,0.00,0.00,0.00,0.00,0.00,0.00,0.00,0.00,0.00,0.00,0.00,0.00
225.08,0.21,47.82,0.00,0.00,0.00,0.00,0.00,0.00,0.00,0.00,0.00,0.00,0.00,0.00
228.44,0.22,49.28,0.00,0.00,0.00,0.00,0.00,0.00,0.00,0.00,0.00,0.00,0.00,0.00
228.90,0.42,95.92,0.00,0.00,0.00,0.00,0.00,0.00,0.00,0.00,0.00,228.67,0.21,46.92
229.66,0.42,97.38,0.00,0.00,0.00,0.00,0.00,0.00,0.00,0.00,0.00,227.75,0.21,47.86
229.17,0.41,94.75,0.00,0.00,0.00,0.00,0.00,0.00,0.00,0.00,0.00,229.34,0.20,45.76
228.60,0.42,95.80,0.00,0.00,0.00,0.00,0.00,0.00,0.00,0.00,0.00,228.29,0.21,46.84
228.81,0.43,97.68,0.00,0.00,0.00,0.00,0.00,0.00,0.00,0.00,0.00,229.51,0.21,48.89
221.74,0.42,92.70,0.00,0.00,0.00,0.00,0.00,0.00,0.00,0.00,0.00,229.96,0.20,46.95
230.21,0.42,96.22,0.00,0.00,0.00,0.00,0.00,0.00,0.00,0.00,0.00,227.63,0.20,46.46
227.43,0.42,96.59,0.00,0.00,0.00,0.00,0.00,0.00,0.00,0.00,0.00,229.27,0.21,48.33
227.28,0.42,96.00,0.00,0.00,0.00,0.00,0.00,0.00,0.00,0.00,0.00,230.50,0.21,48.06
228.55,0.42,95.07,0.00,0.00,0.00,0.00,0.00,0.00,0.00,0.00,0.00,228.45,0.20,46.17
228.10,0.42,94.73,0.00,0.00,0.00,0.00,0.00,0.00,0.00,0.00,0.00,226.72,0.20,45.66
227.69,0.30,68.40,0.00,0.00,0.00,0.00,0.00,0.00,0.00,0.00,0.00,0.00,0.00,0.00
228.12,0.42,96.13,0.00,0.00,0.00,0.00,0.00,0.00,0.00,0.00,0.00,229.45,0.21,47.61
229.79,0.42,96.53,0.00,0.00,0.00,0.00,0.00,0.00,0.00,0.00,0.00,229.80,0.21,47.39
228.78,0.42,95.20,0.00,0.00,0.00,0.00,0.00,0.00,0.00,0.00,0.00,229.49,0.20,46.41
225.31,0.42,94.57,0.00,0.00,0.00,0.00,0.00,0.00,0.00,0.00,0.00,230.80,0.21,47.51
231.20,0.41,95.72,0.00,0.00,0.00,0.00,0.00,0.00,0.00,0.00,0.00,229.84,0.20,46.00
229.46,0.42,96.22,0.00,0.00,0.00,0.00,0.00,0.00,0.00,0.00,0.00,228.37,0.21,46.91
227.82,0.42,95.49,0.00,0.00,0.00,0.00,0.00,0.00,0.00,0.00,0.00,229.60,0.21,47.13
227.84,0.41,93.08,0.00,0.00,0.00,0.00,0.00,0.00,0.00,0.00,0.00,228.41,0.19,44.46
230.56,0.41,95.42,0.00,0.00,0.00,0.00,0.00,0.00,0.00,0.00,0.00,230.31,0.20,46.06
230.47,0.41,95.12,0.00,0.00,0.00,0.00,0.00,0.00,0.00,0.00,0.00,227.92,0.20,45.32
231.99,0.42,97.40,0.00,0.00,0.00,0.00,0.00,0.00,0.00,0.00,0.00,228.47,0.21,47.06
229.96,0.41,94.67,0.00,0.00,0.00,0.00,0.00,0.00,0.00,0.00,0.00,228.38,0.20,45.18
228.87,0.42,95.25,0.00,0.00,0.00,0.00,0.00,0.00,0.00,0.00,0.00,228.37,0.20,46.20
229.81,0.41,94.93,0.00,0.00,0.00,0.00,0.00,0.00,0.00,0.00,0.00,229.51,0.20,45.72
228.78,0.64,146.48,0.00,0.00,0.00,0.00,0.00,0.00,227.46,0.22,50.99,233.45,0.20,47.21
227.95,0.64,146.06,0.00,0.00,0.00,0.00,0.00,0.00,227.80,0.22,51.07,234.44,0.20,47.53
230.49,0.63,146.31,0.00,0.00,0.00,0.00,0.00,0.00,228.10,0.22,51.07,233.21,0.20,45.94
231.98,0.63,146.59,0.00,0.00,0.00,0.00,0.00,0.00,229.14,0.23,51.64,229.93,0.19,44.30
230.11,0.65,148.58,0.00,0.00,0.00,0.00,0.00,0.00,228.63,0.23,51.50,234.90,0.21,48.52
229.28,0.84,193.39,0.00,0.00,0.00,228.58,0.22,51.09,220.56,0.22,48.41,219.80,0.19,41.01
228.77,0.86,197.16,0.00,0.00,0.00,228.07,0.23,51.77,229.25,0.23,51.77,227.15,0.20,44.32
226.89,0.85,192.34,0.00,0.00,0.00,226.19,0.22,50.32,227.42,0.22,51.02,227.87,0.19,42.62
227.71,0.85,193.16,0.00,0.00,0.00,227.01,0.22,50.60,219.26,0.22,47.84,222.52,0.19,43.01
227.19,0.86,194.88,0.00,0.00,0.00,226.49,0.23,51.02,228.61,0.23,51.62,228.48,0.19,44.05
227.23,0.85,192.72,0.00,0.00,0.00,226.53,0.22,50.75,219.59,0.22,47.88,228.36,0.19,43.88
229.41,0.86,197.70,0.00,0.00,0.00,228.71,0.23,51.57,223.57,0.23,50.71,225.89,0.20,44.19
227.94,1.07,243.78,225.67,0.21,48.29,227.24,0.23,51.23,228.98,0.23,51.79,227.44,0.19,43.22
227.08,1.07,243.06,225.27,0.21,48.42,226.38,0.23,51.15,227.69,0.22,51.10,228.00,0.19,43.59
227.73,1.08,245.02,223.27,0.21,47.47,227.03,0.23,51.20,222.16,0.22,48.88,219.22,0.20,44.69
228.89,0.87,199.63,220.81,0.21,47.02,228.19,0.23,51.71,220.70,0.22,48.27,0.00,0.00,0.00
227.96,0.88,201.14,224.70,0.22,48.58,227.26,0.23,51.68,227.96,0.22,51.25,0.00,0.00,0.00
227.06,0.88,198.78,225.47,0.22,48.89,226.36,0.22,50.92,221.72,0.22,48.73,0.00,0.00,0.00
228.33,0.88,200.61,222.37,0.21,47.53,227.63,0.22,51.00,229.93,0.23,52.17,0.00,0.00,0.00
226.97,0.88,198.82,230.61,0.22,51.08,226.27,0.22,50.74,217.95,0.22,47.15,0.00,0.00,0.00
226.39,0.89,202.60,233.89,0.23,52.86,225.69,0.23,52.07,227.16,0.22,50.96,0.00,0.00,0.00
228.01,0.88,199.62,229.45,0.22,50.65,227.31,0.22,50.93,218.26,0.22,47.32,0.00,0.00,0.00
226.93,0.88,198.62,220.42,0.21,46.81,226.23,0.22,50.41,228.63,0.23,51.70,0.00,0.00,0.00
228.83,0.88,200.90,225.27,0.22,48.74,228.13,0.22,50.85,227.21,0.22,51.07,0.00,0.00,0.00
229.26,0.88,202.03,231.46,0.22,51.77,228.56,0.23,51.47,221.15,0.22,48.32,0.00,0.00,0.00
228.51,0.88,200.93,225.58,0.22,48.92,227.81,0.22,50.81,228.75,0.23,51.59,0.00,0.00,0.00
225.72,0.87,196.37,218.09,0.21,45.78,225.02,0.22,50.00,226.41,0.22,50.71,0.00,0.00,0.00
228.10,0.88,199.73,224.19,0.22,48.48,227.40,0.23,51.25,222.43,0.22,48.96,0.00,0.00,0.00
227.26,0.88,200.93,231.64,0.22,51.59,226.56,0.22,50.41,228.13,0.23,51.34,0.00,0.00,0.00
227.19,0.88,200.74,231.59,0.22,51.51,226.49,0.22,50.59,226.37,0.22,50.70,0.00,0.00,0.00
232.47,0.87,203.09,224.31,0.22,48.35,231.77,0.22,51.94,223.46,0.22,49.18,0.00,0.00,0.00
228.77,0.88,201.28,227.68,0.22,50.02,228.07,0.22,50.66,226.58,0.22,50.79,0.00,0.00,0.00
228.34,0.88,201.78,226.13,0.22,49.11,227.64,0.23,51.35,230.02,0.23,52.23,0.00,0.00,0.00
226.76,0.88,199.20,225.94,0.22,48.95,226.06,0.22,50.45,227.62,0.22,51.15,0.00,0.00,0.00
232.58,0.89,206.15,226.22,0.22,49.31,231.88,0.23,53.51,226.17,0.22,50.59,0.00,0.00,0.00
227.22,0.87,198.77,225.28,0.22,48.66,226.52,0.23,51.26,221.13,0.22,48.33,0.00,0.00,0.00
227.07,0.89,201.43,233.37,0.23,52.54,226.37,0.22,50.64,226.71,0.22,50.88,0.00,0.00,0.00
227.22,0.87,197.87,224.18,0.22,48.33,226.52,0.22,50.31,222.19,0.22,48.72,0.00,0.00,0.00
228.42,0.88,200.05,225.19,0.22,48.80,227.72,0.23,51.84,219.99,0.22,47.86,223.37,0.00,0.00
227.81,0.88,200.09,219.44,0.21,46.48,227.11,0.23,51.35,229.55,0.23,52.00,229.08,0.00,0.00
222.99,0.89,197.82,227.93,0.22,49.95,222.29,0.23,50.88,228.13,0.23,51.38,232.64,0.00,0.00
228.29,0.97,220.48,224.08,0.22,48.23,227.59,0.22,50.87,222.26,0.22,48.89,225.13,0.09,20.98
225.04,0.88,198.59,226.95,0.22,49.60,224.34,0.22,50.26,228.71,0.23,51.68,228.37,0.00,0.00
226.48,0.87,197.41,218.91,0.21,46.10,225.78,0.22,50.55,225.84,0.22,50.42,226.22,0.00,0.00
229.87,0.89,203.75,231.29,0.22,51.65,229.17,0.22,51.48,228.05,0.22,51.21,226.65,0.00,0.00
226.46,0.88,200.33,229.01,0.22,50.31,225.76,0.23,51.00,228.07,0.23,51.35,228.65,0.00,0.00
227.62,0.88,200.58,227.25,0.22,49.64,226.92,0.22,50.87,228.65,0.22,51.39,228.92,0.00,0.00
229.86,0.86,198.81,217.85,0.21,45.56,229.16,0.22,51.06,221.50,0.22,48.53,221.93,0.00,0.00
231.94,0.88,203.52,225.01,0.22,48.54,231.24,0.23,52.44,223.93,0.22,49.51,224.32,0.00,0.00
232.41,0.86,200.69,217.91,0.21,45.51,231.71,0.22,52.06,218.26,0.22,47.17,227.28,0.00,0.00
221.56,0.87,192.82,220.56,0.21,46.78,220.86,0.23,50.10,220.24,0.22,47.90,218.83,0.00,0.00
231.73,0.89,206.20,235.21,0.23,53.13,231.03,0.23,52.33,226.06,0.22,50.53,0.00,0.00,0.00
228.38,0.89,202.27,232.75,0.22,52.07,227.68,0.23,52.55,220.77,0.22,47.96,0.00,0.00,0.00
223.59,0.88,196.33,225.35,0.22,48.94,222.89,0.22,49.66,227.45,0.22,51.01,228.09,0.00,0.00
227.37,1.09,246.78,223.68,0.22,48.35,226.67,0.23,51.25,222.78,0.22,48.38,221.44,0.21,46.97
230.06,1.11,254.37,233.80,0.22,52.19,229.36,0.23,52.65,230.12,0.23,52.23,235.98,0.21,50.04
226.56,1.09,246.97,224.79,0.22,48.64,225.86,0.22,50.61,226.44,0.22,50.77,228.04,0.21,48.24
229.40,0.88,200.85,225.38,0.22,48.85,228.70,0.22,50.58,227.53,0.22,50.92,225.35,0.00,0.00
226.35,1.08,245.28,225.18,0.22,48.64,225.65,0.22,50.69,227.32,0.22,51.01,225.72,0.20,46.20
225.81,1.08,244.49,224.28,0.22,48.31,225.11,0.22,50.46,227.66,0.22,51.03,226.29,0.21,46.41
225.61,1.06,238.20,225.06,0.22,48.63,224.91,0.22,50.23,227.85,0.22,51.21,228.48,0.18,40.60
227.21,1.07,243.48,231.91,0.22,51.82,226.51,0.23,51.19,225.30,0.22,50.06,224.34,0.19,41.75
222.98,0.88,195.66,224.58,0.21,48.08,222.28,0.23,50.31,226.28,0.22,50.50,225.67,0.00,0.00
225.56,1.03,231.40,223.80,0.22,48.63,224.86,0.23,50.62,228.67,0.23,51.63,225.25,0.14,32.40
229.60,1.08,246.97,226.52,0.22,49.07,228.90,0.22,51.16,222.39,0.22,49.06,220.46,0.20,44.32
226.13,1.07,243.07,222.80,0.21,47.64,225.43,0.22,50.18,219.74,0.22,47.89,218.46,0.21,45.16
229.94,1.09,251.55,233.47,0.22,51.92,229.24,0.23,52.58,227.20,0.22,50.86,228.43,0.20,46.72
229.45,1.08,248.29,229.82,0.22,50.86,228.75,0.22,50.83,228.19,0.22,51.15,219.11,0.20,43.95
229.99,1.08,248.52,229.10,0.22,50.21,229.29,0.22,51.00,217.40,0.22,46.95,228.47,0.21,47.78
228.82,1.09,250.18,231.77,0.22,51.43,228.12,0.23,51.36,229.32,0.23,51.87,227.11,0.21,46.83
228.21,1.08,246.10,226.22,0.22,48.89,227.51,0.23,51.43,229.46,0.23,51.92,227.71,0.20,44.66
225.06,1.08,242.98,223.60,0.21,47.74,224.36,0.22,49.96,228.44,0.22,51.35,227.51,0.20,46.59
227.06,1.08,244.87,223.50,0.21,47.84,226.36,0.22,50.42,226.62,0.22,50.51,227.74,0.20,46.67
227.77,1.08,244.95,224.54,0.21,48.19,227.07,0.22,50.47,226.40,0.22,50.54,225.22,0.20,45.37
229.13,1.08,246.64,224.57,0.22,48.36,228.43,0.22,50.45,226.32,0.22,50.44,226.01,0.20,45.99
227.25,1.08,245.77,226.29,0.22,48.94,226.55,0.23,51.18,227.56,0.22,51.00,226.29,0.20,45.56
225.09,1.08,243.66,223.47,0.21,47.79,224.39,0.22,50.18,225.51,0.22,50.23,232.13,0.21,48.38
227.09,1.07,244.10,224.33,0.21,48.22,226.39,0.22,50.15,229.79,0.23,51.90,228.99,0.20,45.49
230.55,1.07,247.15,224.56,0.21,48.24,229.85,0.22,51.44,221.15,0.22,48.35,227.34,0.20,45.67
228.50,1.08,247.06,236.16,0.23,53.16,227.80,0.22,51.08,220.35,0.22,48.20,226.04,0.20,45.04
227.00,1.09,246.39,230.67,0.22,50.59,226.30,0.22,50.73,228.51,0.23,51.50,228.84,0.20,46.39
228.45,1.07,244.31,224.76,0.22,48.38,227.75,0.22,50.86,218.02,0.22,47.19,218.77,0.20,43.88
226.37,1.09,246.47,230.55,0.22,50.93,225.67,0.22,50.50,226.54,0.22,50.64,229.87,0.21,47.51
222.60,1.08,240.62,225.33,0.22,48.49,221.90,0.22,49.84,229.66,0.23,51.93,226.67,0.20,45.59
227.53,1.07,243.32,223.79,0.21,47.84,226.83,0.22,50.22,225.38,0.22,50.01,227.14,0.20,45.08
228.42,1.07,244.12,223.17,0.21,47.57,227.72,0.22,49.88,225.50,0.22,50.01,220.93,0.20,44.39
228.56,1.08,247.98,225.47,0.22,48.70,227.86,0.22,51.04,226.51,0.22,50.55,225.63,0.21,46.90
228.07,1.08,246.76,224.62,0.21,48.21,227.37,0.22,51.01,227.98,0.22,51.12,228.92,0.20,46.89
226.83,1.08,244.89,221.92,0.21,47.05,226.13,0.22,50.37,227.34,0.22,50.78,227.80,0.21,47.29
228.02,1.07,243.31,223.55,0.21,47.62,227.32,0.22,50.60,223.60,0.22,49.15,224.79,0.20,44.46
228.80,1.07,244.97,224.18,0.21,48.02,228.10,0.22,51.03,221.21,0.22,48.54,226.83,0.20,45.24
229.05,1.07,246.08,231.17,0.22,50.89,228.35,0.22,50.88,220.32,0.22,48.13,227.71,0.20,45.33
227.32,1.08,245.52,233.64,0.22,51.91,226.62,0.23,51.05,227.83,0.22,51.14,223.56,0.19,43.44
227.52,1.06,242.15,224.07,0.21,48.03,226.82,0.22,50.78,220.01,0.22,47.79,221.05,0.19,43.10
229.09,1.08,247.73,231.75,0.22,51.17,228.39,0.22,51.06,219.04,0.22,47.68,228.20,0.21,46.90
227.45,1.09,246.99,227.01,0.22,49.39,226.75,0.23,51.40,229.77,0.23,51.91,228.69,0.20,46.17
226.83,1.06,240.00,225.29,0.21,48.37,226.13,0.22,50.68,219.58,0.22,47.69,221.47,0.19,41.68
228.88,1.08,247.02,230.14,0.22,50.21,228.18,0.23,51.40,226.46,0.22,50.45,225.56,0.20,44.93
228.83,1.08,246.53,225.56,0.22,48.77,228.13,0.22,50.88,227.77,0.22,51.02,225.57,0.20,45.16
226.21,1.07,243.03,224.62,0.21,48.09,225.51,0.22,50.50,228.38,0.22,51.24,227.75,0.20,45.11
221.89,1.07,238.26,223.13,0.21,47.49,221.19,0.22,49.48,229.82,0.23,51.72,226.62,0.20,44.94
222.40,1.08,239.52,222.49,0.21,47.36,221.70,0.22,48.88,226.70,0.22,50.43,227.11,0.21,47.08
228.34,1.07,244.51,224.69,0.21,48.07,227.64,0.22,50.48,226.70,0.22,50.61,224.53,0.20,44.46
227.98,1.07,243.10,225.26,0.22,48.51,227.28,0.22,50.85,226.48,0.22,50.38,226.19,0.19,43.18
226.52,1.08,243.59,225.36,0.21,48.43,225.82,0.22,50.55,231.36,0.23,52.54,226.04,0.20,44.22
226.53,1.08,244.91,225.52,0.22,48.64,225.83,0.23,50.91,227.14,0.22,50.51,228.86,0.20,46.63
228.65,1.06,243.22,224.36,0.21,47.66,227.95,0.22,50.98,225.33,0.22,50.02,227.84,0.19,43.69
229.95,1.07,246.22,225.56,0.22,48.64,229.25,0.22,51.33,227.59,0.22,50.83,226.75,0.19,44.00
229.33,1.08,246.77,220.20,0.21,46.28,228.63,0.22,51.44,227.13,0.22,50.76,227.08,0.20,46.22
228.52,1.08,246.24,226.10,0.22,48.80,227.82,0.22,51.17,229.49,0.22,51.61,227.33,0.20,45.08
222.85,1.07,239.32,225.30,0.22,48.46,222.15,0.22,49.56,227.59,0.22,50.78,227.68,0.20,45.24
227.30,1.08,244.53,222.48,0.21,47.13,226.60,0.22,50.30,227.12,0.22,50.69,225.54,0.20,46.23
229.33,1.07,245.01,224.38,0.21,48.10,228.63,0.22,50.81,222.77,0.22,49.00,227.80,0.20,45.10
228.06,1.08,246.64,226.24,0.22,49.02,227.36,0.22,50.97,227.67,0.22,50.98,226.46,0.20,45.93
226.93,1.07,243.65,222.66,0.21,47.26,226.23,0.22,50.75,227.64,0.22,50.87,228.15,0.20,45.56
227.07,1.08,244.78,221.87,0.21,47.08,226.37,0.22,49.86,225.96,0.22,50.21,226.87,0.21,47.51
227.79,1.07,243.32,223.20,0.21,47.40,227.09,0.22,50.98,220.00,0.22,47.98,227.42,0.20,45.33
228.06,1.07,244.96,228.05,0.22,49.56,227.36,0.22,51.11,223.50,0.22,49.25,227.85,0.20,45.07
227.59,1.07,242.52,223.52,0.21,47.67,226.89,0.22,50.91,227.37,0.22,50.69,228.40,0.19,43.64
228.41,1.06,243.00,224.13,0.21,47.75,227.71,0.22,50.66,227.85,0.22,51.07,228.20,0.19,43.43
223.58,1.08,241.60,224.07,0.21,47.84,222.88,0.23,51.65,226.91,0.22,50.53,228.11,0.20,45.35
229.13,1.07,244.87,224.93,0.21,48.34,228.43,0.22,51.26,230.42,0.23,52.09,225.53,0.19,42.73
224.58,1.07,239.19,225.58,0.22,48.61,223.88,0.22,50.21,228.01,0.22,51.16,228.10,0.19,42.67
229.51,1.06,243.72,224.75,0.21,48.04,228.81,0.22,51.38,226.65,0.22,50.37,227.25,0.19,42.60
222.82,1.07,238.29,226.35,0.22,48.97,222.12,0.23,50.53,227.98,0.22,51.01,227.54,0.19,42.77
228.64,1.07,244.09,224.55,0.22,48.29,227.94,0.22,50.95,228.38,0.22,51.19,227.39,0.19,43.43
229.18,1.06,243.86,226.19,0.22,48.80,228.48,0.22,51.07,226.39,0.22,50.09,231.66,0.19,43.93
227.94,1.06,241.36,224.63,0.21,48.19,227.24,0.22,50.74,219.92,0.22,47.76,228.07,0.19,43.33
228.97,1.07,244.60,227.64,0.22,49.50,228.27,0.22,50.88,228.24,0.22,51.09,225.97,0.19,42.98
227.67,1.07,244.49,226.75,0.22,49.05,226.97,0.22,51.05,228.48,0.22,51.36,227.54,0.19,44.14
226.73,1.07,241.85,223.39,0.21,47.13,226.03,0.22,50.10,228.00,0.22,51.06,227.64,0.20,44.66
226.49,1.06,240.96,224.58,0.21,48.07,225.79,0.22,50.12,225.47,0.22,50.03,226.84,0.19,43.57
229.07,1.06,242.88,225.52,0.22,48.52,228.37,0.22,51.00,228.77,0.22,51.20,226.12,0.18,41.63
228.53,1.06,243.09,225.95,0.22,48.73,227.83,0.22,51.10,227.32,0.22,50.78,227.61,0.19,42.46
226.40,1.06,240.31,224.25,0.21,47.94,225.70,0.22,50.15,229.01,0.22,51.34,228.79,0.19,42.88
223.79,1.06,238.15,225.10,0.21,48.38,223.09,0.22,50.18,226.90,0.22,50.57,228.31,0.19,42.83
229.66,1.06,243.23,224.52,0.21,47.90,228.96,0.22,50.81,225.63,0.22,50.06,225.68,0.19,42.46
227.68,1.06,241.91,226.12,0.22,48.63,226.98,0.22,51.00,228.30,0.22,51.15,227.21,0.18,41.99
226.40,1.06,240.88,226.87,0.22,48.90,225.70,0.22,50.42,230.02,0.23,52.06,227.11,0.18,41.97
227.55,1.07,242.41,224.83,0.21,48.14,226.85,0.22,50.11,226.28,0.22,50.29,226.41,0.19,43.97
228.74,1.06,243.22,226.81,0.22,49.18,228.04,0.22,51.10,225.55,0.22,49.96,225.71,0.19,42.20
229.08,1.07,244.97,227.40,0.22,49.32,228.38,0.22,50.31,230.12,0.23,51.88,226.35,0.19,43.64
225.86,1.07,241.59,224.78,0.21,48.05,225.16,0.22,50.63,229.43,0.23,51.69,228.52,0.19,43.84
227.95,1.06,241.94,225.38,0.21,48.40,227.25,0.22,50.41,225.22,0.22,49.90,227.15,0.19,43.02
230.12,1.06,243.66,225.43,0.21,48.17,229.42,0.22,51.41,226.71,0.22,50.39,225.98,0.18,41.79
227.82,1.08,247.02,226.88,0.22,48.97,227.12,0.22,51.09,223.33,0.22,49.40,232.87,0.21,48.54
226.69,1.07,242.95,224.99,0.21,48.31,225.99,0.22,50.31,228.67,0.22,51.28,228.01,0.20,44.75
228.98,1.06,243.38,224.16,0.21,47.92,228.28,0.22,50.66,225.91,0.22,50.09,223.90,0.19,42.89
228.32,1.07,245.01,226.29,0.22,49.13,227.62,0.22,51.21,226.32,0.22,50.32,226.92,0.19,44.20
224.29,1.06,238.37,225.60,0.22,48.68,223.59,0.23,50.42,228.60,0.22,51.14,228.05,0.18,41.95
230.29,1.06,243.75,223.67,0.21,47.92,229.59,0.22,50.85,227.20,0.22,50.56,228.57,0.19,42.57
228.58,1.07,243.50,225.76,0.22,48.61,227.88,0.22,51.04,227.02,0.22,50.45,228.49,0.19,43.39
228.67,1.07,243.76,226.69,0.22,49.17,227.97,0.22,51.09,228.22,0.22,51.04,226.04,0.19,42.37
227.27,1.07,243.50,227.31,0.22,49.09,226.57,0.22,50.95,228.82,0.22,51.32,227.33,0.19,43.74
226.86,1.07,243.11,224.68,0.21,48.13,226.16,0.22,50.18,223.83,0.22,49.44,227.87,0.20,45.75
227.57,1.06,240.60,224.98,0.21,48.20,226.87,0.22,50.39,230.43,0.22,51.76,223.23,0.18,40.72
228.76,1.09,248.48,224.30,0.21,48.05,228.06,0.22,51.04,235.47,0.23,54.37,228.61,0.20,46.51
230.31,1.07,245.31,226.81,0.22,49.14,229.61,0.23,51.82,229.07,0.22,51.44,225.97,0.18,41.66
228.24,1.07,245.14,227.18,0.22,49.20,227.54,0.22,50.93,221.38,0.22,48.45,228.18,0.20,45.85
223.95,1.06,238.21,226.72,0.22,48.95,223.25,0.22,50.12,227.75,0.22,50.89,226.03,0.19,42.03
230.30,1.07,246.29,224.82,0.21,48.19,229.60,0.22,51.20,228.11,0.22,50.90,227.95,0.20,44.47
223.06,1.07,239.59,227.09,0.22,49.21,222.36,0.23,50.09,227.84,0.22,50.76,227.89,0.20,44.55
222.77,1.07,239.08,225.03,0.21,48.31,222.07,0.23,50.41,227.61,0.22,50.80,227.54,0.19,44.26
229.29,1.06,243.06,225.44,0.22,48.53,228.59,0.22,51.34,225.99,0.22,50.29,226.39,0.18,41.61
229.87,1.07,245.18,227.81,0.22,49.50,229.17,0.22,51.12,228.18,0.22,51.14,227.03,0.19,42.73
228.35,1.06,242.37,226.30,0.21,48.65,227.65,0.22,50.99,230.14,0.23,51.80,227.70,0.18,41.78
228.77,1.07,244.14,226.21,0.22,48.76,228.07,0.22,50.69,222.62,0.22,48.90,224.54,0.20,43.97
229.00,1.07,245.64,228.06,0.22,49.53,228.30,0.22,50.34,227.91,0.22,51.05,226.48,0.20,44.64
228.46,1.07,243.48,225.07,0.21,48.15,227.76,0.23,51.29,220.05,0.22,47.84,228.57,0.20,44.64
228.52,1.06,243.28,224.62,0.21,48.25,227.82,0.22,51.11,228.69,0.22,51.19,227.24,0.19,42.66
229.49,1.07,244.90,227.25,0.22,49.32,228.79,0.23,51.82,226.75,0.22,50.51,227.59,0.19,42.57
230.55,1.06,245.16,227.40,0.22,49.26,229.85,0.22,51.59,228.19,0.22,51.08,227.79,0.18,42.05
228.16,1.07,244.64,225.50,0.22,48.64,227.46,0.22,50.84,223.57,0.22,49.53,231.27,0.20,45.70
229.15,1.06,242.69,231.42,0.22,50.84,228.45,0.21,48.74,228.76,0.22,51.24,228.41,0.19,42.98
225.58,1.06,239.64,226.43,0.21,48.57,224.88,0.23,50.61,226.91,0.22,50.71,227.17,0.19,42.13
227.86,1.06,242.60,225.62,0.21,48.32,227.16,0.23,51.28,227.28,0.22,50.61,227.68,0.19,42.86
227.99,1.05,240.48,224.10,0.21,47.61,227.29,0.22,50.56,229.97,0.22,51.68,228.34,0.18,41.40
227.91,1.06,241.93,224.32,0.21,47.87,227.21,0.22,50.84,228.76,0.22,51.21,228.45,0.19,42.64
229.59,1.06,243.61,225.16,0.21,48.28,228.89,0.22,51.36,226.29,0.22,50.27,226.74,0.19,42.23
229.79,1.07,245.09,229.33,0.22,50.13,229.09,0.22,51.31,226.22,0.22,50.25,227.00,0.19,42.68
227.42,1.07,243.28,226.07,0.21,48.56,226.72,0.22,50.92,228.89,0.22,51.33,229.12,0.19,44.04
226.59,1.05,238.35,221.65,0.21,46.66,225.89,0.22,49.97,227.51,0.22,50.78,229.06,0.18,41.94
229.84,1.06,243.81,226.81,0.22,48.93,229.14,0.22,50.86,226.91,0.22,50.39,227.47,0.19,42.57
224.52,1.06,237.77,225.96,0.22,48.67,223.82,0.22,50.17,229.29,0.22,51.43,226.62,0.18,41.09
227.87,1.06,242.15,227.26,0.22,49.12,227.17,0.23,51.20,230.20,0.23,51.92,228.57,0.18,41.53
226.64,1.07,241.70,223.95,0.21,48.00,225.94,0.22,50.36,230.53,0.23,52.18,228.76,0.19,43.24
228.56,1.06,241.81,225.76,0.22,48.66,227.86,0.22,50.86,225.94,0.22,50.15,227.52,0.18,41.72
230.95,1.06,245.80,226.35,0.22,49.02,230.25,0.22,51.51,228.09,0.22,50.96,226.03,0.19,42.19
223.93,1.06,237.88,225.74,0.22,48.54,223.23,0.23,50.25,228.18,0.22,50.97,226.45,0.18,41.88
226.45,1.06,240.44,225.50,0.21,48.46,225.75,0.22,50.33,228.09,0.22,51.14,228.26,0.19,42.42
226.74,1.07,242.23,224.87,0.21,48.19,226.04,0.22,50.72,228.75,0.22,51.01,229.37,0.19,44.21
228.71,1.06,241.43,223.17,0.21,47.42,228.01,0.22,50.69,226.95,0.22,50.54,226.74,0.18,41.78
229.42,1.06,243.70,226.81,0.22,49.12,228.72,0.22,51.34,226.84,0.22,50.44,226.02,0.18,41.80
229.99,1.07,245.30,227.61,0.22,49.30,229.29,0.23,51.63,227.84,0.22,51.06,226.46,0.19,42.30
227.08,1.07,242.33,223.40,0.21,47.62,226.38,0.22,50.76,228.80,0.22,51.41,227.64,0.19,43.52
227.54,1.06,240.46,224.29,0.21,47.94,226.84,0.22,50.52,228.30,0.22,51.08,229.02,0.18,41.84
229.96,1.07,245.06,225.31,0.22,48.48,229.26,0.22,51.02,225.99,0.22,50.13,227.22,0.19,43.68
225.16,1.07,240.21,226.61,0.22,49.16,224.46,0.23,50.52,227.15,0.22,50.73,228.51,0.19,42.88
228.45,1.07,244.90,226.67,0.22,49.10,227.75,0.22,51.02,228.75,0.22,51.43,229.46,0.19,44.20
227.03,1.06,240.72,223.28,0.21,47.45,226.33,0.22,50.76,229.18,0.22,51.50,228.52,0.18,42.25
227.89,1.06,241.86,224.48,0.21,47.99,227.19,0.22,50.80,219.33,0.22,47.61,228.92,0.19,44.18
230.38,1.07,246.11,228.29,0.22,49.73,229.68,0.22,51.59,220.52,0.22,48.08,230.76,0.19,44.75
227.12,1.06,241.57,226.17,0.21,48.47,226.42,0.23,51.03,225.72,0.22,50.29,227.20,0.19,42.56
228.33,1.07,244.88,230.27,0.22,50.74,227.63,0.22,50.89,230.04,0.23,51.78,229.82,0.19,43.58
227.03,1.06,240.85,223.08,0.21,47.17,226.33,0.22,50.66,221.54,0.22,48.47,228.52,0.19,44.07
230.19,1.07,246.61,233.16,0.22,51.54,229.49,0.23,52.47,228.31,0.22,51.15,230.54,0.18,42.35
227.16,1.07,243.39,228.03,0.22,49.48,226.46,0.23,51.40,229.88,0.23,51.80,229.76,0.19,43.25
225.34,1.06,239.35,226.04,0.21,48.53,224.64,0.23,50.61,225.92,0.22,49.62,228.99,0.19,43.20
229.06,1.06,242.85,226.90,0.22,48.99,228.36,0.22,50.42,226.31,0.22,50.19,227.74,0.19,42.79
229.40,1.06,242.67,225.38,0.21,48.43,228.70,0.22,51.12,225.90,0.22,50.08,225.76,0.18,41.52
228.42,1.07,244.27,229.85,0.22,50.55,227.72,0.22,50.96,229.10,0.22,51.45,226.80,0.19,42.47
227.02,1.06,241.25,225.64,0.21,48.42,226.32,0.22,50.71,229.46,0.22,51.47,228.82,0.19,42.52
227.70,1.06,241.95,225.14,0.21,48.23,227.00,0.22,50.15,228.40,0.22,51.10,229.00,0.19,43.47
228.90,1.06,242.54,226.44,0.22,48.74,228.20,0.22,50.82,227.13,0.22,50.63,227.12,0.18,41.99
229.39,1.06,243.91,226.72,0.22,48.78,228.69,0.22,51.08,228.11,0.22,50.95,227.05,0.19,42.59
228.87,1.07,243.98,226.92,0.22,49.08,228.17,0.22,50.87,229.64,0.22,51.63,227.61,0.19,42.81
229.09,1.07,244.01,225.36,0.21,48.33,228.39,0.22,50.75,230.68,0.23,52.08,229.30,0.19,43.29
228.52,1.06,242.30,224.19,0.21,47.82,227.82,0.22,50.06,227.24,0.22,50.47,228.76,0.19,43.76
230.07,1.06,243.19,224.92,0.21,48.28,229.37,0.22,51.03,226.98,0.22,50.40,226.58,0.18,41.68
229.15,1.07,245.01,226.69,0.22,48.83,228.45,0.22,51.28,228.33,0.22,51.10,227.07,0.19,43.52
228.56,1.06,243.18,222.84,0.21,47.24,227.86,0.23,51.35,229.30,0.22,51.46,228.22,0.19,42.98
226.31,1.07,241.04,224.98,0.21,48.20,225.61,0.22,50.39,229.24,0.22,51.26,228.61,0.19,43.44
228.82,1.06,242.32,225.03,0.21,48.07,228.12,0.22,50.38,228.00,0.22,50.91,228.65,0.19,42.84
226.62,1.06,239.84,226.64,0.22,48.82,225.92,0.22,50.30,226.95,0.22,50.42,226.76,0.18,41.78
228.63,1.07,243.79,226.69,0.22,49.03,227.93,0.23,51.34,228.97,0.22,51.31,226.73,0.19,42.35
227.18,1.07,242.84,227.03,0.22,49.06,226.48,0.23,51.01,229.29,0.22,51.42,228.78,0.19,43.34
232.52,1.06,247.14,223.66,0.21,47.56,231.82,0.22,51.72,227.75,0.22,50.75,228.95,0.19,43.59
229.59,1.06,244.14,223.86,0.21,47.72,228.89,0.22,51.39,228.78,0.22,51.16,229.51,0.19,43.18
222.89,1.06,235.56,227.68,0.22,49.40,222.19,0.22,49.46,226.54,0.22,50.29,226.71,0.18,41.13
229.32,1.06,243.67,226.27,0.22,48.75,228.62,0.22,51.40,229.68,0.22,51.61,227.60,0.18,41.82
220.30,1.06,233.66,225.24,0.21,48.20,219.60,0.23,49.48,229.17,0.22,51.38,226.86,0.18,41.58
232.09,1.06,246.66,225.55,0.21,48.28,231.39,0.22,51.87,225.26,0.22,49.68,228.65,0.19,43.47
229.01,1.06,242.94,223.57,0.21,47.53,228.31,0.22,51.09,224.47,0.22,49.33,226.39,0.19,43.21
227.78,1.07,242.78,224.85,0.21,48.20,227.08,0.22,50.71,228.38,0.22,50.95,226.81,0.19,43.35
228.59,1.06,242.41,225.23,0.21,48.33,227.89,0.22,51.23,228.84,0.22,51.39,228.09,0.18,41.66
224.39,1.06,237.91,224.29,0.21,47.84,223.69,0.22,49.84,228.55,0.22,51.12,228.37,0.19,42.62
231.71,1.06,245.20,217.47,0.21,44.74,231.01,0.23,52.23,225.89,0.22,50.08,226.52,0.19,43.24
229.33,1.05,241.93,227.16,0.22,49.14,228.63,0.22,50.92,229.09,0.22,51.32,221.20,0.18,39.38
217.66,1.08,234.14,226.05,0.22,48.64,216.96,0.23,49.96,229.03,0.22,51.32,228.44,0.19,43.95
228.02,1.06,241.60,224.75,0.21,47.89,227.32,0.22,50.48,228.87,0.22,51.15,229.09,0.19,42.84
226.14,1.06,240.08,225.08,0.21,48.21,225.44,0.22,50.09,228.90,0.22,51.12,226.74,0.19,42.64
229.46,1.06,243.91,225.54,0.22,48.54,228.76,0.22,51.26,227.23,0.22,50.46,226.71,0.19,42.56
228.59,1.07,244.69,225.40,0.21,48.22,227.89,0.22,50.65,228.28,0.22,51.08,228.32,0.20,44.88
226.92,1.06,241.23,225.09,0.21,48.16,226.22,0.22,50.48,229.09,0.22,51.22,228.70,0.19,43.10
223.47,1.06,237.36,224.84,0.21,47.93,222.77,0.22,50.02,228.00,0.22,50.84,229.68,0.19,43.09
227.83,1.06,241.35,226.05,0.22,48.69,227.13,0.22,50.59,226.63,0.22,50.28,229.28,0.19,42.53
229.10,1.06,242.71,226.67,0.22,48.76,228.40,0.22,51.07,229.84,0.22,51.65,228.02,0.18,41.52
227.60,1.06,241.11,226.74,0.22,48.87,226.90,0.22,50.85,229.82,0.22,51.70,227.61,0.18,41.18
227.90,1.06,241.53,222.86,0.21,47.52,227.20,0.23,51.25,228.31,0.22,50.97,229.30,0.18,42.17
227.69,1.06,240.95,225.72,0.21,48.43,227.00,0.22,50.74,227.29,0.22,50.56,229.29,0.18,42.14
230.52,1.06,243.57,227.26,0.22,49.05,229.82,0.22,51.06,228.22,0.22,50.98,227.43,0.18,41.24
227.51,1.06,240.58,227.52,0.22,49.15,226.81,0.22,51.03,226.98,0.22,50.48,227.95,0.18,41.06
229.96,1.06,244.73,226.09,0.21,48.58,229.26,0.23,51.64,229.29,0.22,51.47,227.79,0.19,42.32
228.71,1.05,241.03,225.09,0.21,48.21,228.01,0.23,51.44,223.86,0.22,48.88,226.88,0.18,41.26
230.35,1.06,244.39,225.68,0.21,48.39,229.65,0.22,51.13,221.09,0.22,48.41,226.61,0.19,43.28
229.01,1.06,243.84,227.99,0.22,49.50,228.31,0.22,50.79,228.15,0.22,51.05,227.32,0.19,42.63
228.65,1.06,243.17,225.89,0.21,48.46,227.95,0.22,51.05,229.11,0.22,51.39,229.32,0.19,42.85
229.82,1.06,242.63,226.69,0.22,48.79,229.12,0.22,51.10,227.97,0.22,50.98,227.86,0.18,41.01
229.56,1.06,243.52,226.98,0.22,49.01,228.86,0.22,51.08,228.32,0.22,50.91,226.33,0.18,41.83
229.87,1.06,243.00,227.25,0.22,49.18,229.17,0.22,51.07,226.48,0.22,50.17,228.07,0.18,41.62
228.09,1.07,243.04,225.91,0.21,48.48,227.39,0.23,51.39,230.43,0.23,51.95,228.86,0.19,42.48
227.97,1.06,241.42,224.79,0.21,48.04,227.27,0.22,50.92,227.18,0.22,50.43,229.56,0.19,42.55
229.34,1.06,243.03,226.03,0.21,48.49,228.64,0.22,50.80,226.06,0.22,50.15,227.30,0.19,42.56
222.68,1.06,236.95,226.13,0.21,48.57,221.98,0.23,50.08,229.98,0.22,51.67,227.13,0.19,42.05
227.10,1.06,241.20,225.18,0.21,48.21,226.40,0.22,50.84,229.22,0.22,51.37,227.47,0.19,42.17
226.83,1.06,239.98,224.97,0.22,48.41,226.13,0.22,50.28,229.16,0.22,51.28,229.24,0.18,41.91
224.15,1.05,236.14,220.05,0.21,46.16,223.45,0.22,49.85,229.49,0.22,51.29,228.00,0.18,41.80
229.52,1.06,243.08,225.24,0.21,48.12,228.82,0.22,50.80,226.51,0.22,50.20,226.56,0.19,42.58
229.21,1.06,243.09,225.85,0.21,48.40,228.51,0.22,51.42,227.79,0.22,50.79,228.00,0.18,42.04
227.51,1.06,240.85,225.27,0.21,48.03,226.81,0.23,51.11,229.81,0.22,51.58,227.07,0.18,41.27
228.40,1.06,241.56,224.28,0.21,47.72,227.70,0.22,50.45,228.62,0.22,50.92,229.35,0.19,42.82
230.09,1.06,243.34,226.88,0.21,48.68,229.39,0.22,50.90,227.17,0.22,50.61,227.42,0.18,41.95
231.20,1.06,244.35,226.07,0.21,48.49,230.50,0.22,51.59,227.69,0.22,50.60,225.46,0.18,41.14
231.51,1.06,246.19,225.72,0.21,48.22,230.81,0.22,51.76,229.26,0.22,51.47,228.49,0.19,42.76
229.28,1.06,242.99,223.14,0.21,47.22,228.58,0.22,50.82,229.73,0.22,51.38,229.31,0.19,43.18
229.52,1.06,242.33,224.05,0.21,47.67,228.82,0.22,50.99,226.55,0.22,50.26,227.99,0.18,42.06
231.50,1.06,245.76,224.59,0.21,47.93,230.80,0.22,51.11,227.49,0.22,50.73,226.92,0.19,43.08
228.93,1.06,243.44,224.16,0.21,47.72,228.23,0.22,50.70,230.27,0.23,51.83,227.05,0.19,43.01
226.22,1.06,239.70,225.17,0.21,48.11,225.52,0.22,50.62,230.45,0.23,51.94,228.69,0.18,41.67
228.78,1.06,241.41,225.19,0.21,48.18,228.08,0.22,50.66,226.26,0.22,49.94,229.15,0.18,42.28
229.30,1.06,243.36,226.85,0.22,48.84,228.60,0.22,51.01,227.53,0.22,50.58,226.63,0.19,42.31
228.87,1.07,244.33,227.72,0.22,49.32,228.17,0.22,51.18,227.36,0.22,50.73,227.09,0.19,43.08
227.60,1.06,241.69,226.72,0.22,48.80,226.90,0.22,50.91,229.49,0.22,51.50,228.74,0.18,42.10
227.32,1.07,242.81,226.81,0.22,48.79,226.62,0.22,50.28,231.05,0.23,52.33,225.50,0.19,43.02
229.45,1.05,241.98,225.85,0.21,48.46,228.75,0.22,50.96,228.35,0.22,51.00,228.68,0.18,41.17
229.64,1.07,245.38,226.77,0.22,48.89,228.94,0.22,50.66,223.08,0.22,49.01,227.55,0.20,45.08
229.15,1.06,243.24,226.90,0.22,48.80,228.45,0.22,51.07,223.51,0.22,48.43,235.15,0.19,45.23
227.04,1.06,240.85,225.46,0.21,48.32,226.34,0.22,50.41,229.87,0.22,51.67,229.19,0.19,42.43
228.77,1.06,241.75,225.95,0.21,48.44,228.07,0.22,50.64,227.24,0.22,50.42,229.05,0.18,42.28
228.29,1.06,242.02,226.11,0.22,48.61,227.59,0.22,50.76,228.08,0.22,50.83,229.55,0.19,42.55
229.76,1.06,243.69,225.48,0.21,48.35,229.06,0.22,50.81,226.20,0.22,50.05,226.92,0.19,42.94
223.76,1.05,235.13,225.39,0.21,48.38,223.06,0.22,48.59,227.34,0.22,50.14,230.25,0.18,42.34
228.96,1.06,242.64,226.93,0.22,48.85,228.26,0.22,50.71,223.35,0.22,48.86,228.42,0.19,43.33
229.91,1.06,243.89,228.59,0.22,49.70,229.21,0.22,49.60,224.64,0.22,49.67,229.84,0.19,44.13
229.20,1.07,245.72,228.09,0.22,49.58,228.50,0.22,51.25,225.96,0.22,50.02,229.94,0.20,44.87
231.01,1.06,245.58,226.32,0.21,48.55,230.31,0.22,51.09,222.33,0.22,48.59,229.95,0.19,44.67
228.58,1.06,242.15,227.27,0.22,49.02,227.88,0.22,50.92,219.05,0.22,47.46,227.26,0.19,43.10
229.11,1.08,246.48,228.38,0.22,49.57,228.41,0.22,50.56,238.77,0.23,55.50,226.87,0.19,43.34
228.33,1.07,243.25,226.48,0.21,48.65,227.63,0.22,51.19,229.61,0.22,51.59,225.27,0.19,42.15
228.76,1.06,242.63,225.24,0.21,48.20,228.06,0.22,50.60,227.13,0.22,50.51,229.14,0.19,43.18
230.36,1.06,244.84,226.89,0.22,48.87,229.66,0.22,51.13,227.13,0.22,50.36,226.47,0.19,42.85
229.65,1.06,243.06,226.94,0.22,48.86,228.95,0.22,51.35,229.09,0.22,51.22,227.53,0.18,41.26
227.59,1.06,241.90,225.72,0.21,48.29,226.89,0.23,51.59,230.18,0.22,51.67,228.59,0.18,41.88
227.45,1.05,239.66,225.01,0.21,47.89,226.75,0.22,50.30,229.61,0.22,51.53,229.89,0.18,41.55
230.29,1.06,243.79,228.45,0.22,49.49,229.59,0.22,50.80,227.85,0.22,50.65,228.57,0.18,42.17
230.56,1.06,243.45,226.70,0.22,48.83,229.86,0.22,51.39,227.83,0.22,50.52,227.29,0.18,41.20
229.60,1.06,242.29,226.23,0.21,48.43,228.90,0.22,51.29,228.65,0.22,51.04,228.35,0.18,41.10
227.79,1.05,240.18,225.07,0.21,48.04,227.09,0.22,50.47,230.03,0.22,51.45,229.61,0.18,41.60
229.52,1.06,242.15,225.61,0.21,48.17,228.82,0.22,51.06,228.41,0.22,50.83,228.86,0.18,41.64
230.17,1.06,243.41,224.43,0.21,47.76,229.47,0.22,51.20,226.90,0.22,50.37,229.59,0.19,42.63
229.82,1.07,245.93,228.09,0.22,49.28,229.12,0.22,51.37,229.32,0.22,51.38,228.48,0.19,43.85
230.25,1.06,244.68,226.71,0.21,48.66,229.55,0.23,51.82,227.61,0.22,50.50,229.68,0.19,42.85
229.02,1.07,244.28,228.36,0.22,49.43,228.32,0.22,50.73,229.12,0.22,51.08,233.06,0.19,44.54
230.70,1.05,243.00,227.61,0.22,49.20,230.00,0.22,50.48,227.18,0.22,50.46,226.56,0.18,41.16
230.58,1.06,245.12,228.44,0.22,49.64,229.88,0.22,51.44,226.42,0.22,49.98,225.61,0.19,42.28
228.22,1.06,240.80,227.79,0.22,49.20,227.52,0.22,50.66,228.06,0.22,50.91,230.55,0.18,41.36
228.90,1.06,241.96,224.84,0.21,47.97,228.20,0.22,50.07,229.76,0.22,51.25,229.52,0.19,43.01
231.95,1.06,245.14,227.18,0.21,48.84,231.25,0.22,51.42,227.25,0.22,50.45,227.59,0.18,41.80
231.49,1.07,248.47,228.41,0.22,49.49,230.79,0.22,51.85,258.59,0.24,61.70,228.54,0.18,41.03
227.05,1.06,241.51,227.69,0.22,49.14,226.35,0.22,50.73,231.37,0.23,52.15,230.09,0.18,42.44
229.43,1.06,242.75,224.39,0.21,47.79,228.73,0.22,50.75,229.60,0.22,51.32,229.93,0.19,42.72
231.29,1.05,243.93,227.19,0.22,48.91,230.59,0.22,51.44,227.42,0.22,50.40,227.04,0.18,41.05
226.88,1.06,240.70,228.34,0.22,49.51,226.18,0.22,50.78,229.60,0.22,51.38,228.43,0.18,41.57
228.51,1.06,241.36,225.28,0.21,48.01,227.81,0.22,50.96,230.80,0.22,51.86,228.33,0.18,41.29
226.72,1.05,238.31,223.44,0.21,47.16,226.02,0.22,49.98,229.04,0.22,51.04,228.89,0.18,41.71
231.33,1.06,244.64,225.37,0.21,48.39,230.63,0.22,51.04,227.47,0.22,50.51,227.24,0.19,42.17
229.42,1.06,244.14,228.38,0.22,49.45,228.72,0.23,51.48,231.00,0.22,51.81,228.56,0.18,42.14
227.96,1.06,242.30,226.62,0.21,48.64,227.26,0.22,50.81,230.21,0.22,51.72,229.23,0.19,42.68
230.68,1.06,243.48,225.37,0.21,47.96,229.98,0.22,50.90,227.84,0.22,50.67,228.24,0.19,42.24
229.81,1.06,243.02,226.72,0.22,48.90,229.11,0.22,50.93,227.66,0.22,50.60,226.78,0.18,41.58
230.59,1.06,243.64,227.45,0.22,49.23,229.89,0.22,51.22,228.51,0.22,50.89,227.75,0.18,41.17
230.38,1.06,245.15,227.36,0.22,48.88,229.68,0.23,51.74,233.96,0.23,53.31,228.48,0.18,41.61
228.99,1.07,245.81,225.56,0.21,48.25,228.29,0.22,50.75,229.61,0.22,51.26,236.09,0.20,47.24
231.16,1.06,244.67,227.95,0.22,49.38,230.46,0.22,51.03,227.44,0.22,50.48,226.27,0.18,41.76
229.12,1.06,242.53,227.22,0.22,48.86,228.42,0.22,51.22,227.30,0.22,50.41,227.51,0.18,41.78
228.03,1.07,243.00,225.40,0.21,48.03,227.33,0.22,50.95,230.44,0.22,51.65,229.92,0.19,43.79
228.82,1.06,242.08,226.23,0.21,48.45,228.12,0.22,50.79,229.93,0.22,51.52,229.12,0.18,41.95
230.58,1.05,241.85,227.63,0.22,49.14,229.88,0.22,50.91,223.85,0.22,49.07,228.83,0.18,40.83
231.83,1.06,246.58,228.50,0.22,49.43,231.13,0.23,52.23,230.24,0.23,51.81,228.43,0.18,41.66
227.92,1.06,241.97,226.72,0.21,48.60,227.22,0.22,51.08,230.83,0.23,52.06,228.74,0.18,41.88
228.14,1.05,240.25,225.72,0.21,48.35,227.44,0.22,50.19,229.11,0.22,51.22,228.20,0.18,41.25
231.46,1.06,244.78,227.52,0.22,49.12,230.76,0.22,51.40,228.78,0.22,51.11,228.29,0.18,41.47
230.19,1.06,243.87,227.38,0.22,49.01,229.49,0.22,51.26,230.37,0.22,51.69,228.15,0.18,41.59
228.43,1.05,240.79,225.75,0.21,48.21,227.73,0.22,50.43,230.61,0.22,51.69,229.19,0.18,41.51
230.10,1.06,243.62,226.74,0.21,48.55,229.40,0.22,51.15,228.88,0.22,50.99,229.05,0.18,42.37
230.63,1.05,243.18,227.94,0.22,49.29,229.93,0.22,49.93,228.76,0.22,51.10,227.27,0.18,41.76
230.46,1.06,244.71,228.91,0.22,49.53,229.76,0.22,51.69,229.90,0.22,51.51,226.31,0.18,41.31
228.11,1.06,242.53,227.79,0.22,49.30,227.41,0.22,50.80,229.42,0.22,51.36,229.17,0.19,42.55
225.98,1.05,237.58,225.46,0.21,48.03,225.28,0.22,49.73,228.25,0.22,50.71,229.69,0.18,41.68
230.52,1.06,245.37,227.33,0.22,49.12,229.83,0.22,51.14,227.75,0.22,50.67,227.91,0.19,43.18
230.72,1.06,245.38,227.19,0.22,48.98,230.02,0.22,51.61,229.82,0.22,51.46,228.21,0.19,42.40
228.19,1.06,241.90,227.51,0.22,48.97,227.49,0.22,51.06,230.90,0.23,52.05,228.96,0.18,41.45
228.49,1.06,241.35,226.70,0.21,48.55,227.79,0.22,50.46,229.89,0.22,51.55,229.36,0.18,41.86
231.07,1.06,244.27,227.80,0.22,48.99,230.37,0.22,50.49,228.70,0.22,51.07,228.19,0.19,42.36
231.03,1.06,245.28,227.39,0.22,49.08,230.33,0.22,51.38,224.73,0.22,49.60,227.97,0.19,42.90
229.66,1.06,244.09,229.04,0.22,49.76,228.96,0.22,51.34,231.48,0.23,52.32,229.96,0.18,41.74
225.81,1.07,240.80,224.84,0.21,47.98,225.11,0.22,50.08,224.92,0.22,49.61,230.36,0.20,45.16
230.88,1.07,246.06,226.56,0.22,48.80,230.18,0.22,51.57,227.98,0.22,50.53,226.31,0.19,43.18
229.81,1.06,244.61,227.27,0.22,49.04,229.11,0.23,51.71,230.63,0.22,51.87,229.83,0.18,42.32
227.89,1.06,241.41,228.08,0.22,49.19,227.19,0.22,50.71,230.20,0.22,51.66,229.51,0.18,41.80
230.32,1.06,243.02,225.82,0.21,48.35,229.62,0.22,51.02,228.91,0.22,51.03,229.64,0.18,41.80
228.38,1.06,242.19,230.76,0.22,50.48,227.68,0.22,50.58,229.32,0.22,51.24,227.53,0.18,41.47
231.20,1.05,243.32,228.06,0.22,49.29,230.50,0.22,51.36,230.37,0.22,51.57,228.05,0.18,40.07
231.50,1.07,246.56,229.32,0.22,49.91,230.80,0.23,52.34,230.28,0.22,51.74,228.91,0.18,41.68
228.72,1.06,243.55,229.08,0.22,49.79,228.02,0.22,51.04,231.49,0.23,52.28,228.93,0.18,42.10
229.45,1.06,244.27,228.80,0.22,49.65,228.75,0.22,51.28,229.75,0.22,51.27,230.61,0.19,42.97
231.30,1.06,245.27,228.48,0.22,49.37,230.60,0.22,51.30,229.09,0.22,51.19,228.19,0.18,42.12
231.72,1.06,246.57,227.67,0.21,48.92,231.02,0.22,51.88,230.41,0.23,51.88,228.04,0.19,42.32
231.22,1.06,244.65,226.74,0.21,48.36,230.52,0.23,51.98,229.77,0.22,51.45,230.28,0.18,41.80
228.72,1.05,240.99,226.08,0.21,48.38,228.02,0.22,50.75,228.85,0.22,50.98,229.68,0.18,41.44
230.85,1.05,242.93,224.73,0.21,47.94,230.15,0.22,51.22,225.77,0.22,49.64,228.36,0.18,41.73
231.57,1.05,243.91,227.11,0.22,48.98,230.87,0.22,51.16,227.28,0.22,50.45,227.32,0.18,40.96
224.49,1.06,238.73,227.41,0.22,49.06,223.79,0.22,49.86,230.19,0.22,51.57,228.36,0.19,42.70
228.78,1.06,243.62,228.58,0.22,49.68,228.08,0.22,50.72,232.21,0.23,52.65,229.64,0.18,42.37
227.97,1.06,241.18,226.51,0.21,48.46,227.27,0.22,50.51,231.45,0.23,52.23,228.59,0.18,41.65
230.25,1.06,244.62,226.78,0.22,48.88,229.55,0.22,51.01,227.18,0.22,50.43,228.14,0.19,43.07
230.62,1.07,245.86,228.76,0.22,49.54,229.92,0.22,51.56,229.47,0.22,51.23,227.71,0.19,42.84
223.92,1.06,238.19,229.11,0.22,49.66,223.22,0.22,50.22,229.54,0.22,51.50,227.88,0.18,41.88
228.72,1.05,241.12,225.11,0.21,47.68,228.02,0.22,50.72,229.55,0.22,51.16,230.07,0.18,42.15
228.73,1.05,241.03,226.40,0.21,48.29,228.03,0.22,50.88,228.67,0.22,50.89,230.07,0.18,41.62
229.02,1.06,243.04,228.08,0.22,49.22,228.32,0.22,50.70,227.73,0.22,50.57,228.17,0.19,42.76
221.07,1.07,235.90,229.41,0.22,49.84,220.37,0.23,49.61,229.36,0.22,51.23,229.17,0.19,42.97
227.82,1.06,240.74,226.84,0.21,48.67,227.12,0.22,50.53,230.23,0.22,51.52,229.75,0.18,41.81
230.84,1.05,242.30,226.74,0.21,48.53,230.14,0.22,51.05,228.05,0.22,50.61,231.49,0.18,41.19
229.62,1.06,242.94,226.14,0.21,48.45,228.92,0.23,52.31,229.41,0.22,51.15,227.94,0.18,40.68
229.57,1.06,242.81,226.63,0.21,48.59,228.87,0.23,52.17,230.05,0.22,51.57,226.61,0.18,40.16
227.96,1.06,241.29,225.80,0.21,48.22,227.26,0.22,50.47,231.45,0.23,52.15,230.23,0.18,42.28
228.58,1.06,241.96,225.97,0.21,48.24,227.88,0.22,50.23,229.70,0.22,51.28,229.65,0.19,43.05
230.88,1.06,243.90,227.55,0.22,48.94,230.18,0.22,50.98,228.09,0.22,50.66,228.07,0.18,41.94
230.07,1.07,245.16,227.49,0.22,48.98,229.37,0.22,51.33,229.46,0.22,51.29,228.88,0.19,43.28
230.11,1.05,242.76,226.73,0.21,48.62,229.41,0.22,50.71,231.53,0.22,52.07,227.48,0.18,41.11
228.35,1.06,241.40,225.21,0.21,48.15,227.65,0.22,50.45,228.90,0.22,50.95,230.08,0.19,42.63
230.14,1.06,243.17,225.83,0.21,48.14,229.44,0.22,50.68,228.60,0.22,50.95,227.66,0.19,42.31
225.37,1.06,239.55,227.27,0.22,49.03,224.67,0.22,50.52,229.15,0.22,51.13,226.86,0.19,42.04
222.38,1.06,236.12,223.57,0.21,47.18,221.68,0.23,50.51,230.14,0.22,51.22,229.28,0.19,42.76
228.78,1.06,241.41,228.08,0.22,49.19,228.08,0.22,50.57,230.61,0.22,51.63,230.21,0.18,41.45
229.18,1.06,242.25,227.05,0.21,48.73,228.48,0.22,50.53,227.78,0.22,50.57,228.30,0.19,42.31
231.25,1.06,244.53,226.98,0.21,48.71,230.55,0.22,51.79,228.13,0.22,50.81,227.04,0.18,41.23
226.81,1.06,240.33,227.56,0.22,49.25,226.11,0.22,50.67,231.54,0.23,52.11,229.77,0.18,41.40
228.43,1.06,242.94,225.21,0.21,47.99,227.73,0.22,50.59,230.95,0.22,51.79,230.20,0.19,43.78
231.75,1.05,243.86,225.90,0.21,48.20,231.05,0.22,50.08,228.73,0.22,51.05,229.57,0.19,42.50
233.31,1.06,246.25,227.76,0.22,49.03,232.61,0.22,51.74,228.69,0.22,51.05,228.22,0.18,41.24
231.13,1.06,244.91,228.44,0.22,49.45,230.43,0.22,51.83,229.70,0.22,51.40,229.28,0.18,41.40
229.53,1.06,242.27,226.88,0.21,48.51,228.83,0.22,50.81,229.93,0.22,51.65,229.97,0.18,41.66
230.03,1.06,242.81,225.48,0.21,47.96,229.33,0.22,50.94,230.32,0.22,51.53,230.04,0.18,42.12
227.14,1.06,241.06,227.61,0.22,49.11,226.44,0.22,50.77,228.55,0.22,50.88,227.51,0.18,42.05
231.19,1.06,245.60,228.68,0.22,49.41,230.49,0.23,51.87,229.24,0.22,51.25,228.34,0.18,41.96
230.71,1.07,246.38,227.28,0.22,48.87,230.01,0.22,51.67,232.06,0.23,52.31,230.13,0.19,43.49
237.65,1.07,254.28,229.22,0.22,49.72,236.95,0.22,53.10,232.05,0.22,52.15,231.42,0.19,44.05
232.10,1.07,247.53,228.64,0.22,49.44,231.40,0.22,51.62,228.25,0.22,50.88,229.08,0.19,43.61
233.51,1.07,249.50,229.87,0.22,50.17,232.81,0.23,52.47,228.91,0.22,51.01,229.15,0.19,43.11
231.76,1.07,247.30,219.94,0.21,46.64,231.06,0.23,52.02,231.93,0.23,52.43,230.47,0.19,43.78
229.99,1.06,243.74,220.65,0.21,46.57,229.29,0.22,51.32,230.70,0.23,51.91,229.19,0.19,42.64
231.63,1.07,248.13,230.89,0.22,50.27,230.93,0.23,52.90,228.37,0.22,50.42,228.50,0.19,43.37
232.12,1.06,246.34,230.21,0.22,50.38,231.42,0.23,52.17,224.42,0.22,49.44,219.67,0.18,40.15
228.07,1.06,241.60,229.16,0.22,49.64,227.37,0.22,50.64,226.34,0.22,50.01,230.30,0.19,42.65
228.61,1.08,245.81,228.12,0.22,49.14,227.91,0.22,51.00,245.09,0.24,58.52,231.90,0.18,42.54
231.46,1.06,245.34,229.64,0.22,49.95,230.76,0.22,51.58,229.07,0.22,51.23,228.65,0.18,41.49
230.84,1.06,244.95,229.49,0.22,49.89,230.14,0.23,51.99,225.07,0.22,49.75,229.15,0.18,41.91
229.52,1.06,243.43,228.88,0.22,49.63,228.82,0.22,51.24,233.10,0.23,52.76,228.85,0.18,41.10
231.25,1.05,243.56,227.35,0.21,48.78,230.55,0.22,51.19,230.08,0.22,51.44,230.58,0.18,41.32
232.53,1.07,248.41,228.05,0.22,49.21,231.83,0.22,51.60,227.58,0.22,50.43,227.45,0.19,44.24
231.70,1.07,247.89,227.97,0.22,49.19,231.00,0.22,51.67,229.11,0.22,51.05,226.63,0.19,43.91
229.66,1.07,246.21,228.17,0.22,49.29,228.96,0.22,51.24,231.99,0.23,52.21,228.86,0.19,44.25
228.68,1.07,244.78,224.81,0.21,47.80,227.98,0.22,50.36,230.68,0.22,51.84,229.88,0.20,45.58
230.64,1.07,247.52,225.47,0.21,48.10,229.94,0.22,49.98,232.98,0.23,52.68,228.31,0.20,46.24
231.93,1.07,248.12,225.12,0.21,47.74,231.23,0.22,51.36,228.52,0.22,50.73,227.21,0.20,45.39
230.73,1.07,246.87,228.08,0.22,49.24,230.03,0.22,51.01,229.27,0.22,51.21,229.66,0.20,44.80
230.22,1.07,246.71,229.08,0.22,49.57,229.52,0.23,51.78,231.58,0.23,52.26,228.77,0.19,43.49
229.42,1.06,243.10,226.20,0.21,48.16,228.72,0.22,51.34,222.34,0.22,48.67,231.41,0.19,43.84
232.27,1.07,248.99,238.46,0.22,53.02,231.57,0.23,52.75,228.58,0.22,50.50,228.44,0.19,42.73
230.97,1.07,246.25,222.60,0.21,47.63,230.27,0.22,51.80,232.60,0.23,52.53,234.79,0.19,44.03
230.84,1.07,246.42,228.55,0.22,49.52,230.14,0.23,51.97,222.97,0.22,48.89,232.91,0.19,44.68
232.14,1.05,244.46,227.55,0.22,49.07,231.44,0.22,51.99,219.42,0.22,47.48,224.36,0.18,40.95
229.63,1.07,245.24,238.59,0.22,53.24,228.93,0.23,51.60,229.59,0.22,51.42,229.70,0.18,41.71
231.41,1.07,248.07,228.40,0.22,49.17,230.71,0.22,51.78,229.64,0.22,51.30,228.45,0.19,44.55
227.19,1.07,242.20,224.97,0.21,47.34,226.49,0.23,51.32,228.91,0.22,50.82,229.38,0.19,44.31
229.62,1.07,245.15,228.64,0.22,49.19,228.92,0.22,50.96,229.71,0.22,51.07,230.56,0.19,44.66
229.89,1.07,246.20,227.86,0.22,49.04,229.19,0.22,50.67,227.90,0.22,50.86,227.90,0.20,45.02
233.69,1.07,250.14,223.66,0.21,47.37,232.99,0.22,51.96,231.17,0.22,51.96,228.54,0.20,45.01
229.26,1.07,244.27,227.49,0.21,48.90,228.56,0.22,50.61,230.81,0.22,51.70,229.57,0.19,43.90
228.92,1.06,243.22,226.27,0.21,48.39,228.22,0.22,50.62,232.12,0.22,52.16,231.02,0.19,43.49
232.62,1.07,247.92,228.05,0.22,49.33,231.92,0.22,51.95,228.26,0.22,50.82,228.60,0.19,43.18
231.71,1.07,247.72,230.01,0.22,50.23,231.01,0.23,52.26,222.68,0.22,48.77,230.62,0.19,44.19
230.76,1.06,244.47,231.41,0.22,50.74,230.06,0.22,51.74,224.29,0.22,49.55,222.16,0.18,40.08
231.56,1.06,246.62,236.65,0.22,52.07,230.86,0.22,51.84,230.32,0.22,51.66,230.33,0.18,41.98
232.59,1.06,247.27,229.11,0.22,49.69,231.89,0.22,52.09,229.51,0.22,51.41,229.48,0.18,42.16
231.42,1.06,245.94,228.27,0.22,49.17,230.72,0.23,52.05,233.75,0.23,52.96,229.20,0.18,41.54
231.13,1.07,248.04,227.51,0.22,48.96,230.43,0.22,51.81,230.02,0.22,51.27,229.18,0.20,45.00
230.16,1.06,245.01,226.80,0.21,48.45,229.46,0.22,50.19,231.04,0.22,51.95,229.33,0.19,44.35
231.37,1.06,246.07,227.63,0.22,49.87,230.67,0.22,50.45,227.88,0.22,50.48,228.29,0.19,43.45
231.07,1.07,246.46,228.02,0.22,49.08,230.37,0.22,51.48,228.29,0.22,50.80,227.03,0.19,43.48
230.26,1.07,247.32,227.74,0.22,49.10,229.56,0.22,51.50,229.78,0.22,51.46,229.62,0.20,45.08
230.18,1.06,244.33,227.02,0.21,48.57,229.48,0.22,50.71,229.87,0.22,51.27,229.52,0.19,43.52
228.84,1.07,244.05,226.32,0.21,48.36,228.14,0.22,50.58,228.25,0.22,50.76,227.00,0.19,44.23
231.49,1.06,245.51,230.44,0.22,50.14,230.79,0.22,51.63,228.68,0.22,50.97,228.06,0.18,41.62
232.27,1.07,247.98,229.22,0.22,49.72,231.57,0.22,52.08,230.09,0.22,51.58,228.42,0.19,42.90
228.90,1.06,242.47,227.39,0.21,48.85,228.20,0.22,51.11,233.77,0.23,53.29,221.11,0.18,39.49
230.49,1.06,244.21,229.33,0.22,49.55,229.79,0.22,50.64,228.60,0.22,50.78,229.22,0.19,42.88
231.82,1.06,245.18,228.63,0.22,49.60,231.12,0.22,51.77,228.58,0.22,50.79,227.47,0.18,41.09
230.96,1.06,245.60,228.50,0.22,49.42,230.26,0.23,51.97,230.60,0.22,51.76,229.14,0.18,41.95
229.11,1.07,245.78,229.55,0.22,49.99,228.41,0.22,51.35,232.08,0.23,52.25,227.68,0.19,43.52
229.27,1.07,244.69,225.92,0.21,48.24,228.57,0.22,50.68,231.41,0.22,52.05,229.21,0.19,44.29
228.43,1.07,243.78,227.86,0.22,49.21,227.73,0.22,50.74,228.12,0.22,50.68,225.50,0.19,43.38
240.06,1.06,255.66,228.70,0.22,49.89,239.36,0.22,53.15,228.08,0.22,50.62,227.41,0.19,42.97
228.77,1.07,244.94,227.33,0.22,48.88,228.07,0.22,50.33,230.79,0.22,51.80,228.42,0.20,44.91
228.33,1.07,245.06,227.79,0.22,49.05,227.63,0.22,50.65,230.33,0.22,51.50,229.44,0.20,45.41
228.05,1.07,244.88,225.35,0.21,47.89,227.35,0.22,50.63,230.61,0.22,51.55,232.16,0.20,46.71
227.46,1.07,243.88,229.00,0.22,49.71,226.76,0.22,50.93,229.59,0.22,51.65,227.73,0.19,43.64
230.11,1.07,246.97,229.80,0.22,50.04,229.41,0.23,51.62,229.44,0.22,51.38,227.12,0.19,43.76
228.56,1.07,243.79,227.89,0.22,49.18,227.86,0.22,51.02,231.98,0.23,52.29,229.92,0.19,43.14
226.31,1.06,240.66,227.27,0.21,48.81,225.61,0.22,50.20,228.25,0.22,50.80,230.23,0.19,43.68
230.44,1.07,245.64,227.70,0.22,49.05,229.74,0.22,51.55,226.28,0.22,49.80,229.98,0.19,44.21
231.18,1.07,246.51,228.77,0.22,49.67,230.48,0.22,51.54,231.89,0.22,52.15,228.28,0.19,42.64
228.53,1.07,245.28,227.19,0.21,48.81,227.83,0.22,49.99,230.46,0.22,51.58,229.46,0.20,46.19
229.64,1.07,245.53,225.44,0.21,48.05,228.94,0.22,50.45,225.61,0.22,49.92,234.11,0.20,46.95
230.27,1.07,247.09,227.73,0.21,48.92,229.57,0.22,51.07,226.97,0.22,50.22,236.65,0.20,47.48
237.74,1.06,253.08,228.00,0.21,48.79,237.04,0.22,53.24,228.39,0.22,50.67,228.03,0.19,43.38
229.72,1.07,245.55,227.90,0.22,49.03,229.02,0.22,51.30,228.77,0.22,51.18,229.02,0.19,44.02
229.05,1.07,245.31,226.04,0.21,48.24,228.35,0.22,51.02,230.43,0.22,51.49,230.01,0.20,45.28
229.89,1.06,244.60,226.89,0.21,48.42,229.19,0.22,51.42,227.57,0.22,50.33,231.12,0.19,44.19
232.87,1.05,245.57,227.94,0.22,49.11,232.17,0.22,51.78,227.38,0.22,50.46,228.04,0.18,41.11
232.63,1.06,246.95,229.38,0.22,49.82,231.93,0.22,51.75,226.28,0.22,50.05,228.36,0.19,42.53
228.94,1.06,242.08,227.18,0.21,48.83,228.24,0.22,50.94,230.76,0.22,51.75,230.28,0.18,41.71
228.33,1.05,240.30,226.49,0.21,48.54,227.63,0.22,50.59,229.36,0.22,51.17,227.23,0.18,40.65
229.52,1.05,241.87,226.32,0.21,48.41,228.82,0.22,50.66,228.13,0.22,50.78,231.61,0.18,42.17
229.01,1.06,241.63,228.19,0.22,49.26,228.31,0.22,50.97,229.11,0.22,51.09,228.02,0.18,40.84
230.54,1.06,244.90,228.43,0.22,49.41,229.84,0.22,51.67,226.03,0.22,50.07,230.28,0.19,42.79
229.53,1.06,243.94,229.33,0.22,49.52,228.83,0.22,51.19,230.28,0.22,51.51,229.17,0.19,42.54
231.46,1.06,244.75,227.91,0.22,49.20,230.76,0.22,50.93,229.03,0.22,51.14,229.24,0.18,42.10
232.28,1.05,244.85,228.59,0.22,49.54,231.58,0.22,51.63,227.42,0.22,50.44,227.64,0.18,40.70
224.64,1.06,238.39,229.76,0.22,49.94,223.94,0.22,50.21,229.41,0.22,51.21,229.69,0.18,41.93
230.04,1.06,244.64,227.03,0.21,48.71,229.34,0.22,51.27,233.43,0.23,53.19,230.10,0.18,42.25
229.59,1.05,241.83,228.79,0.22,49.52,228.89,0.22,51.47,219.52,0.21,47.02,229.63,0.18,42.24
230.21,1.06,243.68,230.02,0.22,49.86,229.51,0.22,51.07,224.28,0.22,49.23,228.69,0.19,42.51
229.64,1.06,244.15,228.92,0.22,49.44,228.94,0.22,51.17,231.64,0.23,52.17,229.64,0.18,42.39
228.06,1.05,240.24,224.97,0.21,47.87,227.36,0.22,50.52,230.06,0.22,51.49,229.90,0.18,41.56
228.50,1.06,242.70,227.75,0.22,48.99,227.80,0.22,50.81,229.72,0.22,51.38,228.09,0.19,42.52
229.61,1.06,242.60,225.58,0.21,48.07,228.91,0.23,51.66,227.94,0.22,50.17,228.50,0.18,41.99
230.84,1.06,243.93,228.73,0.22,49.55,230.14,0.22,51.09,228.65,0.22,50.64,229.91,0.18,42.00
230.64,1.06,244.15,229.56,0.22,49.80,229.94,0.23,51.87,229.92,0.22,51.32,230.88,0.18,41.32
229.67,1.06,243.86,226.71,0.21,48.61,228.97,0.22,51.12,232.60,0.23,52.46,230.58,0.18,42.58
230.40,1.05,243.05,229.58,0.22,49.68,229.70,0.22,51.08,228.41,0.22,50.88,230.01,0.18,41.29
232.54,1.07,248.18,229.74,0.22,49.85,231.84,0.22,51.93,236.46,0.23,53.89,228.78,0.18,42.20
232.88,1.07,248.14,229.47,0.22,49.87,232.18,0.23,52.31,231.10,0.22,51.92,230.52,0.18,42.50
229.64,1.06,243.29,227.72,0.21,48.72,228.94,0.23,51.57,230.43,0.22,51.67,230.75,0.18,42.04
229.82,1.06,244.24,227.62,0.22,48.96,229.12,0.22,51.22,230.66,0.22,51.76,232.17,0.19,43.14
229.91,1.06,242.92,228.07,0.21,48.88,229.21,0.22,50.70,227.68,0.22,50.45,228.79,0.19,42.48
231.24,1.06,244.94,229.08,0.22,49.72,230.54,0.22,51.76,229.20,0.22,51.00,228.31,0.18,41.39
236.24,1.06,251.40,229.42,0.22,49.79,235.54,0.22,52.97,230.64,0.22,51.79,229.73,0.18,42.23
229.89,1.06,244.50,227.09,0.21,48.68,229.19,0.22,51.22,231.54,0.22,52.08,230.89,0.19,43.15
230.55,1.05,242.51,226.84,0.21,48.51,229.85,0.22,50.75,229.82,0.22,51.31,228.72,0.18,41.19
231.09,1.06,245.04,229.06,0.22,49.61,230.39,0.22,51.39,228.48,0.22,50.82,228.95,0.18,42.23
230.89,1.05,243.52,227.40,0.21,48.85,230.19,0.22,51.50,229.30,0.22,51.06,228.28,0.18,40.99
229.64,1.07,244.81,230.37,0.22,50.15,228.94,0.23,51.90,230.10,0.22,51.45,228.95,0.18,42.17
222.44,1.07,238.13,226.95,0.21,48.53,221.74,0.23,51.40,229.63,0.22,51.13,232.01,0.19,43.70
231.86,1.06,245.47,227.74,0.21,48.78,231.16,0.22,51.86,222.80,0.22,48.71,230.03,0.19,43.16
231.92,1.06,246.79,228.99,0.22,49.47,231.22,0.22,51.92,231.32,0.22,51.99,224.59,0.18,41.53
230.05,1.07,245.15,227.16,0.21,48.67,229.35,0.22,51.58,231.00,0.22,51.93,229.21,0.19,43.05
229.50,1.06,242.34,224.46,0.21,47.49,228.80,0.22,50.95,230.11,0.22,51.38,230.57,0.18,42.55
230.48,1.05,242.43,227.80,0.22,48.99,229.78,0.22,51.27,225.70,0.22,49.59,229.03,0.18,41.24
229.96,1.05,242.42,227.96,0.22,49.12,229.26,0.22,51.06,228.44,0.22,50.77,228.81,0.18,41.16
230.85,1.06,243.60,226.92,0.21,48.50,230.15,0.22,51.36,228.44,0.22,50.78,228.92,0.18,41.70
230.10,1.06,243.16,227.84,0.21,48.75,229.40,0.22,51.13,230.34,0.22,51.50,228.74,0.18,41.74
230.02,1.05,240.42,227.69,0.21,48.95,229.32,0.22,50.06,226.72,0.22,50.08,225.94,0.18,40.02
230.52,1.07,245.80,229.00,0.22,49.56,229.82,0.23,52.04,226.20,0.22,49.55,229.81,0.19,43.78
225.48,1.06,239.38,229.83,0.22,49.83,224.78,0.23,51.19,228.43,0.22,50.24,229.61,0.18,42.09
223.41,1.06,237.36,228.37,0.22,49.28,222.71,0.22,49.51,230.99,0.22,51.70,230.77,0.19,43.07
228.49,1.07,243.42,228.67,0.22,49.30,227.79,0.22,51.17,232.25,0.23,52.29,229.62,0.19,42.74
229.23,1.05,241.73,225.45,0.21,48.06,228.53,0.22,50.27,231.79,0.22,52.12,230.03,0.18,42.01
230.55,1.06,244.76,228.98,0.22,49.48,229.85,0.22,50.98,228.06,0.22,50.58,229.43,0.19,43.15
232.37,1.06,245.58,228.19,0.21,48.85,231.67,0.22,51.80,228.42,0.22,50.74,228.60,0.18,41.88
229.71,1.06,243.59,226.88,0.21,48.11,229.01,0.23,51.58,230.05,0.22,51.57,229.49,0.19,42.47
228.50,1.06,242.58,228.21,0.21,48.97,227.80,0.22,51.00,230.95,0.22,51.79,230.51,0.19,42.66
229.43,1.06,243.28,227.95,0.21,48.84,228.73,0.22,50.68,230.20,0.22,51.34,231.49,0.19,43.43
230.78,1.06,244.23,229.18,0.22,49.45,230.08,0.22,51.07,228.71,0.22,50.76,229.10,0.18,42.32
232.44,1.06,246.50,229.48,0.22,49.74,231.74,0.22,51.69,228.48,0.22,50.77,228.45,0.18,42.19
231.19,1.06,245.47,229.26,0.22,49.70,230.49,0.22,51.79,231.60,0.22,52.06,228.68,0.18,41.53
222.33,1.06,236.15,226.46,0.21,48.61,221.63,0.22,49.71,230.94,0.22,51.74,227.76,0.19,42.20
230.29,1.06,243.31,227.71,0.22,48.96,229.59,0.22,51.09,225.28,0.22,49.87,229.63,0.18,42.20
231.71,1.06,246.09,234.24,0.22,51.50,231.01,0.23,52.85,223.19,0.22,48.95,227.98,0.18,41.08
230.73,1.06,244.91,231.43,0.22,50.54,230.03,0.22,51.42,229.81,0.22,51.12,233.34,0.18,42.75
229.55,1.06,243.06,226.51,0.21,48.47,228.85,0.22,51.03,233.20,0.23,52.61,232.46,0.18,42.40
231.10,1.05,243.73,227.37,0.21,48.26,230.40,0.22,51.14,231.53,0.22,51.84,231.51,0.18,42.28
232.32,1.05,244.49,226.97,0.21,48.56,231.62,0.22,51.59,229.14,0.22,51.02,229.60,0.18,41.13
232.12,1.05,243.80,228.72,0.21,49.02,231.42,0.22,51.67,223.44,0.22,49.04,230.15,0.18,41.28
231.31,1.07,247.64,235.57,0.22,51.78,230.61,0.22,51.55,230.57,0.22,51.54,232.63,0.19,44.16
230.71,1.06,243.85,230.23,0.22,50.30,230.01,0.22,50.21,230.18,0.22,51.15,228.74,0.18,42.10
231.69,1.05,243.95,228.73,0.22,49.30,230.99,0.22,51.25,228.74,0.22,50.87,228.79,0.18,41.00
232.43,1.06,245.94,226.95,0.21,48.49,231.73,0.22,51.93,230.23,0.22,51.51,228.55,0.18,41.77
231.57,1.06,246.23,227.63,0.22,48.98,230.87,0.22,51.55,232.09,0.23,52.36,229.03,0.19,42.46
231.23,1.06,245.17,227.82,0.21,48.93,230.53,0.22,51.35,230.60,0.22,51.67,231.10,0.18,42.70
230.82,1.05,243.28,226.74,0.21,48.30,230.12,0.22,51.70,229.00,0.22,50.81,230.20,0.18,41.56
231.50,1.06,244.95,226.49,0.21,48.37,230.80,0.22,51.09,228.68,0.22,50.81,228.39,0.19,42.72
224.50,1.06,238.90,228.91,0.22,49.38,223.80,0.23,50.38,230.11,0.22,51.50,228.75,0.19,42.47
226.04,1.07,241.33,228.83,0.22,49.25,225.34,0.23,51.20,227.75,0.22,49.94,232.87,0.19,44.72
230.82,1.06,243.65,226.34,0.21,48.24,230.12,0.22,51.13,230.46,0.22,51.42,228.28,0.18,41.83
231.21,1.06,244.62,229.48,0.22,49.43,230.51,0.22,51.57,228.12,0.22,50.62,229.34,0.18,41.99
231.53,1.06,245.57,229.19,0.22,49.36,230.83,0.22,51.63,229.13,0.22,50.88,228.41,0.19,42.42
230.11,1.06,243.50,228.75,0.22,49.19,229.41,0.22,50.47,231.05,0.22,51.65,229.28,0.19,42.59
229.22,1.06,242.21,225.82,0.21,47.94,228.52,0.22,50.69,232.67,0.23,52.62,228.43,0.18,41.70
230.64,1.05,242.89,226.69,0.21,48.41,229.94,0.22,50.64,230.22,0.22,51.34,227.72,0.18,41.55
226.99,1.06,240.84,228.95,0.22,49.31,226.29,0.22,50.62,229.58,0.22,51.23,229.13,0.18,42.36
231.12,1.06,245.29,228.25,0.22,49.18,230.42,0.22,51.64,230.29,0.22,51.39,229.04,0.18,42.31
229.22,1.06,242.54,228.07,0.21,48.92,228.52,0.23,51.47,230.79,0.22,51.78,230.14,0.18,41.47
229.86,1.05,242.24,224.60,0.21,47.36,229.16,0.22,51.05,231.19,0.22,51.81,232.18,0.18,42.31
232.13,1.05,243.27,225.75,0.21,47.32,231.43,0.22,51.34,230.50,0.22,51.34,230.16,0.18,41.41
232.10,1.06,245.50,228.43,0.21,48.94,231.40,0.22,51.58,228.53,0.22,50.67,231.63,0.18,42.84
231.28,1.06,244.23,228.77,0.21,49.13,230.58,0.22,51.71,225.51,0.22,49.49,229.95,0.18,42.23
229.41,1.06,242.55,225.74,0.21,47.67,228.71,0.22,50.84,227.84,0.22,50.54,231.31,0.19,43.52
229.21,1.06,243.23,228.36,0.21,49.06,228.51,0.22,50.81,233.86,0.23,52.91,231.14,0.18,42.49
232.57,1.06,247.18,228.65,0.22,49.26,231.87,0.23,52.73,232.94,0.23,52.66,228.42,0.18,41.13
231.05,1.06,244.19,231.53,0.22,50.56,230.35,0.22,51.37,227.41,0.22,50.16,228.58,0.18,41.38
231.90,1.06,246.33,229.27,0.22,49.55,231.20,0.22,51.86,231.31,0.22,51.88,229.56,0.18,42.16
230.90,1.07,246.46,229.43,0.22,49.51,230.20,0.22,51.52,232.06,0.23,52.22,230.35,0.19,43.50
230.00,1.06,242.68,225.58,0.21,47.63,229.30,0.22,50.95,230.85,0.22,51.39,229.03,0.19,42.44
231.67,1.06,245.07,231.80,0.22,50.54,230.97,0.22,51.31,229.13,0.22,50.71,228.36,0.18,41.66
231.96,1.06,245.94,230.11,0.22,50.22,231.26,0.22,51.43,227.56,0.22,50.12,228.25,0.19,42.34
231.03,1.05,243.27,228.84,0.21,48.88,230.33,0.22,51.76,231.63,0.22,51.79,230.37,0.18,40.82
230.09,1.06,243.06,229.07,0.22,49.29,229.39,0.22,51.59,231.91,0.22,52.11,231.78,0.18,41.19
231.84,1.06,244.82,229.49,0.22,49.36,231.14,0.22,51.27,231.32,0.22,51.74,231.57,0.18,42.03
233.07,1.05,245.41,229.99,0.21,49.17,232.37,0.22,51.67,223.54,0.22,48.74,229.31,0.18,42.39
232.59,1.06,246.55,230.56,0.22,50.19,231.89,0.22,52.00,230.62,0.22,51.62,230.47,0.18,41.56
231.26,1.06,245.27,229.64,0.22,49.65,230.56,0.23,51.97,224.19,0.22,49.42,231.30,0.18,42.70
230.37,1.05,242.83,229.50,0.22,49.64,229.67,0.22,51.28,228.70,0.22,50.56,231.72,0.18,41.61
230.08,1.06,243.23,229.45,0.22,49.56,229.38,0.22,50.87,229.49,0.22,50.92,227.95,0.18,41.86
231.17,1.06,244.04,229.08,0.22,49.54,230.47,0.22,51.52,227.89,0.22,50.30,228.65,0.18,41.44
228.83,1.06,242.13,228.90,0.22,49.30,228.13,0.23,51.34,230.85,0.22,51.60,230.67,0.18,41.59
229.48,1.06,242.70,227.35,0.21,48.56,228.78,0.22,51.03,231.06,0.22,51.71,230.75,0.18,42.31
231.07,1.06,244.44,226.11,0.21,48.16,230.37,0.22,51.21,229.86,0.22,51.21,229.69,0.19,42.69
232.08,1.05,244.12,228.28,0.21,48.98,231.38,0.22,51.03,230.84,0.22,51.64,229.30,0.18,41.09
232.82,1.06,246.21,229.59,0.22,49.67,232.12,0.22,51.79,231.47,0.22,51.90,227.87,0.18,41.01
231.62,1.06,244.87,228.85,0.22,49.22,230.92,0.22,51.62,231.73,0.22,51.93,230.76,0.18,41.68
229.72,1.06,242.69,227.68,0.21,48.80,229.02,0.22,50.88,231.17,0.22,51.71,231.14,0.18,42.16
232.53,1.05,245.14,228.16,0.21,48.98,231.83,0.22,51.16,229.67,0.22,50.96,229.59,0.18,42.05
233.57,1.05,245.41,228.62,0.22,49.21,232.87,0.22,51.73,224.24,0.22,49.08,228.70,0.18,41.29
230.83,1.06,243.56,228.55,0.22,49.25,230.13,0.22,51.63,229.17,0.22,50.81,229.42,0.18,41.24
232.00,1.06,245.36,228.40,0.21,49.02,231.30,0.22,51.77,231.70,0.22,51.98,230.74,0.18,41.75
229.99,1.05,241.81,227.44,0.21,48.69,229.29,0.22,51.05,230.63,0.22,51.27,229.36,0.18,40.95
231.79,1.06,245.06,228.65,0.21,49.14,231.09,0.22,51.42,229.61,0.22,50.98,228.75,0.18,42.07
232.39,1.05,244.54,228.97,0.22,49.56,231.69,0.22,51.61,223.40,0.22,48.91,229.94,0.18,41.44
230.40,1.06,244.67,237.59,0.22,52.41,229.70,0.22,51.60,231.25,0.22,51.79,231.09,0.18,41.33
229.44,1.06,242.94,227.51,0.21,48.71,228.74,0.22,50.91,231.67,0.22,51.78,231.39,0.18,42.74
232.75,1.05,245.25,226.81,0.21,48.09,232.05,0.22,51.72,230.14,0.22,51.27,231.38,0.18,42.14
230.61,1.05,242.63,227.22,0.21,48.03,229.91,0.22,51.01,230.26,0.22,51.30,231.51,0.18,42.19
225.92,1.05,236.90,229.60,0.22,49.73,225.22,0.22,48.61,230.56,0.22,51.32,229.42,0.18,41.24
229.34,1.06,242.12,227.26,0.21,48.58,228.64,0.22,50.94,231.89,0.22,52.04,231.31,0.18,41.84
230.34,1.06,244.38,227.26,0.21,48.38,229.64,0.22,51.11,230.46,0.22,51.35,231.37,0.19,43.68
231.04,1.06,243.81,228.77,0.21,49.12,230.34,0.22,51.10,229.75,0.22,50.94,231.86,0.18,42.45
231.47,1.06,246.15,230.08,0.22,49.76,230.77,0.22,51.82,229.40,0.22,50.89,229.29,0.19,42.86
233.47,1.06,246.56,228.83,0.21,48.94,232.77,0.22,52.30,231.49,0.22,51.74,231.28,0.18,41.67
229.59,1.06,243.70,228.08,0.21,48.88,228.89,0.22,51.00,231.55,0.22,51.86,228.88,0.19,42.69
229.15,1.06,241.91,228.79,0.21,49.04,228.45,0.22,50.29,233.68,0.23,52.72,227.20,0.18,41.30
237.83,1.05,249.91,225.95,0.21,47.45,237.13,0.22,52.68,228.58,0.22,50.63,229.07,0.18,41.99
231.76,1.05,244.29,230.64,0.22,49.98,231.06,0.22,51.83,230.44,0.22,51.26,227.74,0.18,40.25
229.40,1.06,242.98,230.53,0.22,50.12,228.70,0.22,51.10,229.07,0.22,50.71,228.24,0.18,41.80
228.99,1.05,241.39,226.88,0.21,48.09,228.29,0.22,50.89,231.37,0.22,51.80,229.76,0.18,41.71
232.34,1.07,247.48,230.49,0.22,49.94,231.64,0.22,51.66,230.56,0.22,51.60,231.60,0.19,43.50
233.75,1.06,248.57,230.52,0.22,49.98,233.05,0.23,52.64,223.81,0.22,48.92,232.47,0.19,43.76
233.40,1.07,248.87,237.08,0.22,52.64,232.70,0.22,52.25,221.68,0.22,48.37,231.10,0.19,43.36
231.42,1.07,248.27,228.13,0.22,49.23,230.72,0.23,52.10,240.48,0.23,55.89,230.75,0.18,42.66
232.96,1.06,247.40,229.73,0.22,49.66,232.26,0.23,52.45,223.62,0.22,48.82,230.85,0.19,43.36
233.24,1.07,250.30,236.14,0.22,52.13,232.54,0.23,52.33,232.74,0.23,52.45,230.92,0.19,43.45
231.98,1.07,248.43,230.14,0.22,50.13,231.28,0.23,52.46,233.11,0.23,52.64,232.19,0.19,43.32
231.65,1.05,243.74,228.73,0.21,49.05,230.95,0.22,51.68,230.80,0.22,51.59,231.67,0.18,40.91
231.51,1.05,243.91,229.79,0.22,49.60,230.81,0.22,51.56,228.63,0.22,50.64,232.26,0.18,41.56
228.35,1.05,240.89,231.38,0.22,50.27,227.65,0.23,51.77,231.29,0.22,51.69,229.65,0.17,39.70
230.60,1.05,241.61,231.58,0.22,50.26,229.90,0.22,51.56,229.54,0.22,51.14,225.94,0.17,38.36
230.22,1.05,242.67,227.99,0.22,49.03,229.52,0.22,51.39,223.41,0.22,48.89,231.88,0.18,42.29
230.46,1.05,242.60,230.85,0.22,49.97,229.76,0.22,51.07,229.21,0.22,51.03,230.18,0.18,40.84
232.73,1.06,245.78,230.60,0.22,49.96,232.03,0.22,52.01,231.20,0.22,51.68,229.87,0.18,40.89
232.21,1.06,245.88,227.43,0.21,48.53,231.51,0.22,51.94,233.39,0.23,52.78,231.66,0.18,41.95
230.51,1.05,242.75,227.42,0.21,48.56,229.81,0.22,51.64,230.71,0.22,51.58,231.38,0.18,41.05
232.93,1.05,244.67,226.49,0.21,47.99,232.23,0.22,51.89,230.87,0.22,51.56,231.10,0.18,41.10
232.98,1.06,245.84,231.16,0.22,50.29,232.28,0.22,52.02,230.44,0.22,51.40,230.08,0.18,40.66
231.67,1.06,244.67,229.23,0.21,49.05,230.97,0.22,51.60,231.40,0.22,51.97,230.37,0.18,41.53
230.32,1.05,242.71,228.52,0.21,48.61,229.62,0.22,51.45,232.52,0.22,52.29,231.53,0.18,41.27
229.57,1.07,246.37,226.71,0.21,48.36,228.87,0.22,50.95,230.75,0.22,51.42,230.79,0.20,46.27
231.66,1.06,246.22,228.65,0.21,49.15,230.96,0.22,51.24,229.74,0.22,51.14,227.80,0.19,43.18
232.50,1.06,247.42,227.77,0.21,48.63,231.80,0.22,52.01,228.95,0.22,50.66,228.39,0.19,43.66
231.54,1.07,246.85,228.80,0.22,49.28,230.84,0.22,51.33,231.03,0.22,51.59,228.11,0.19,43.61
230.33,1.06,245.29,228.16,0.21,48.89,229.63,0.22,51.54,231.84,0.22,51.92,230.74,0.19,43.47
231.42,1.07,247.63,226.99,0.21,48.29,230.72,0.22,51.74,231.68,0.22,51.85,232.23,0.20,45.37
232.77,1.05,243.94,226.80,0.21,47.94,232.07,0.22,51.74,220.61,0.22,47.84,232.36,0.18,42.50
233.34,1.06,248.39,231.22,0.22,50.24,232.64,0.22,52.03,231.80,0.22,52.08,229.71,0.19,42.50
233.80,1.06,248.20,229.37,0.22,49.45,233.10,0.23,52.85,231.09,0.22,51.72,229.44,0.18,41.67
230.81,1.06,244.33,228.16,0.21,48.93,230.11,0.23,51.98,223.43,0.22,48.68,233.24,0.19,43.49
232.54,1.06,246.19,228.78,0.22,49.39,231.84,0.22,51.74,223.15,0.22,48.62,231.75,0.19,43.55
232.79,1.06,247.02,233.34,0.22,51.26,232.09,0.23,52.27,222.35,0.22,48.65,231.18,0.18,42.43
230.39,1.06,245.13,228.12,0.21,48.28,229.69,0.23,51.70,234.16,0.23,53.11,231.43,0.19,43.18
232.61,1.07,248.57,228.97,0.22,49.32,231.91,0.22,51.28,229.70,0.22,50.96,232.61,0.20,45.67
231.59,1.06,245.93,225.85,0.21,47.70,230.89,0.22,51.10,228.42,0.22,50.58,228.47,0.19,44.34
231.44,1.07,248.64,237.80,0.23,53.62,230.74,0.22,51.55,230.79,0.22,51.54,227.65,0.19,42.86
231.71,1.07,248.29,230.39,0.22,49.95,231.01,0.22,51.86,231.12,0.22,51.71,230.40,0.19,44.38
231.89,1.07,248.22,228.85,0.21,49.19,231.19,0.22,51.49,230.67,0.22,51.52,230.67,0.20,45.09
228.45,1.07,244.81,229.56,0.22,49.55,227.75,0.22,50.38,229.99,0.22,51.17,230.16,0.20,45.62
229.63,1.05,241.77,229.81,0.22,49.62,228.93,0.22,50.93,229.74,0.22,51.06,230.45,0.18,41.09
232.89,1.06,246.02,228.69,0.21,48.85,232.19,0.22,52.07,230.88,0.22,51.47,230.41,0.18,41.87
230.48,1.07,245.53,232.01,0.22,50.71,229.78,0.23,51.92,232.84,0.23,52.46,231.79,0.18,42.09
231.23,1.06,245.16,228.83,0.22,49.21,230.53,0.23,51.92,233.34,0.22,52.38,233.01,0.18,42.32
228.12,1.06,241.85,228.86,0.22,49.22,227.42,0.23,51.53,222.57,0.22,48.53,231.54,0.19,43.20
232.59,1.06,246.77,229.28,0.22,49.48,231.89,0.22,52.15,231.55,0.22,51.85,229.86,0.18,41.94
233.11,1.05,245.30,228.66,0.21,48.90,232.41,0.22,52.19,222.45,0.22,48.36,230.97,0.18,42.17
232.54,1.07,248.43,228.64,0.21,48.69,231.84,0.23,52.77,232.12,0.23,52.33,230.44,0.19,43.42
229.72,1.06,244.59,227.25,0.21,48.48,229.02,0.22,50.95,231.22,0.22,51.65,231.20,0.19,44.32
226.91,1.07,242.78,226.23,0.21,48.04,226.21,0.22,50.38,226.66,0.22,49.70,236.90,0.20,47.78
230.37,1.07,245.89,229.44,0.22,49.64,229.67,0.22,50.90,233.01,0.23,52.43,229.65,0.19,43.74
232.06,1.06,247.04,227.48,0.21,48.84,231.36,0.22,51.63,230.07,0.22,51.18,228.79,0.19,43.55
231.49,1.07,248.59,229.54,0.22,49.49,230.79,0.22,51.89,231.90,0.22,52.14,229.90,0.19,44.76
228.91,1.06,242.17,228.15,0.21,48.86,228.21,0.22,50.91,230.17,0.22,51.18,230.96,0.18,42.59
230.24,1.05,242.55,225.85,0.21,47.54,229.54,0.22,51.46,230.93,0.22,51.61,230.70,0.18,41.85
229.12,1.06,243.14,223.13,0.21,47.39,228.42,0.23,51.48,231.50,0.22,51.65,231.82,0.19,43.22
227.70,1.06,240.96,229.39,0.22,49.43,227.00,0.22,50.70,229.63,0.22,51.19,232.67,0.18,42.49
233.55,1.06,246.53,229.71,0.21,49.33,232.85,0.22,52.32,232.49,0.22,52.28,229.15,0.18,40.65
232.22,1.06,246.21,230.63,0.22,49.93,231.52,0.23,52.34,229.43,0.22,51.03,231.39,0.18,41.97
230.92,1.06,244.11,225.52,0.21,47.44,230.22,0.22,51.70,232.44,0.23,52.31,230.00,0.18,42.16
231.96,1.07,247.94,228.16,0.21,48.94,231.26,0.22,51.51,230.93,0.22,51.56,230.80,0.19,44.89
232.31,1.06,246.59,227.42,0.21,48.62,231.61,0.22,51.31,228.61,0.22,50.47,229.87,0.19,44.02
231.75,1.07,247.01,228.74,0.21,49.16,231.05,0.22,51.46,225.61,0.22,49.65,228.94,0.19,44.47
231.36,1.07,248.57,232.41,0.22,50.29,230.66,0.22,51.61,231.25,0.22,51.69,230.67,0.20,45.41
230.42,1.06,244.07,227.66,0.21,48.27,229.72,0.22,51.28,231.14,0.22,51.68,229.51,0.19,42.81
229.51,1.07,244.94,226.62,0.21,48.34,228.81,0.22,51.00,232.34,0.22,52.01,230.45,0.19,44.54
231.45,1.06,244.79,226.25,0.21,48.11,230.75,0.22,51.11,230.70,0.22,51.44,230.78,0.19,43.08
233.38,1.06,247.35,229.55,0.22,49.37,232.68,0.22,52.01,230.80,0.22,51.51,229.70,0.18,42.30
233.08,1.06,246.79,228.07,0.21,48.54,232.38,0.23,52.33,231.32,0.22,51.68,230.92,0.18,42.38
232.30,1.05,244.29,226.66,0.21,47.88,231.60,0.23,52.13,231.91,0.22,52.07,231.70,0.18,40.99
231.37,1.05,243.79,225.23,0.21,47.42,230.67,0.22,51.41,231.86,0.22,51.92,231.55,0.18,42.26
232.98,1.06,246.27,229.45,0.21,49.29,232.28,0.22,50.96,230.75,0.22,51.45,229.96,0.19,42.77
232.59,1.05,245.18,225.65,0.21,47.41,231.89,0.22,51.96,230.09,0.22,51.22,229.45,0.18,42.11
232.11,1.07,248.37,228.04,0.21,48.90,231.41,0.22,51.60,229.33,0.22,50.88,230.88,0.20,45.46
230.62,1.06,245.61,228.59,0.21,48.93,229.92,0.22,51.29,232.11,0.22,52.19,229.16,0.19,43.34
230.53,1.06,245.35,226.34,0.21,47.98,229.83,0.22,51.02,231.61,0.22,51.78,229.66,0.19,44.29
230.96,1.06,244.99,227.28,0.21,48.36,230.26,0.22,50.67,230.83,0.22,51.16,229.90,0.19,44.22
231.48,1.07,247.92,229.00,0.22,49.30,230.78,0.22,51.49,229.66,0.22,50.97,229.35,0.20,45.14
231.45,1.06,245.67,227.72,0.21,48.30,230.75,0.22,51.78,232.46,0.22,52.14,229.99,0.19,42.95
230.05,1.05,242.22,227.17,0.21,48.38,229.35,0.22,51.59,231.56,0.22,51.82,228.64,0.18,40.55
230.90,1.05,242.89,228.86,0.21,49.10,230.20,0.22,50.88,230.77,0.22,51.44,229.52,0.18,41.23
231.90,1.05,243.44,228.94,0.21,49.21,231.20,0.22,51.28,229.79,0.22,51.01,229.17,0.18,40.61
232.76,1.06,245.66,229.92,0.21,49.35,232.06,0.22,52.15,231.57,0.22,51.94,230.33,0.18,40.97
231.55,1.06,245.74,231.37,0.22,50.49,230.85,0.22,51.78,231.92,0.22,52.07,231.63,0.18,41.77
230.64,1.05,243.14,228.03,0.21,48.85,229.94,0.22,51.17,232.09,0.22,52.16,230.69,0.18,41.25
231.00,1.05,242.32,227.40,0.21,48.21,230.30,0.22,51.19,229.36,0.22,50.95,230.93,0.18,41.27
231.44,1.05,242.99,230.49,0.22,49.79,230.74,0.22,51.42,229.78,0.22,51.01,229.01,0.18,40.12
231.47,1.06,244.69,228.97,0.22,49.32,230.77,0.23,52.13,230.72,0.22,51.58,229.35,0.18,40.91
230.96,1.05,243.56,231.76,0.22,50.19,230.26,0.22,51.78,233.10,0.23,52.51,229.85,0.17,39.99
231.37,1.04,241.77,226.78,0.21,47.93,230.67,0.22,51.16,230.03,0.22,51.18,231.75,0.18,40.67
232.93,1.05,243.88,227.74,0.21,48.31,232.23,0.22,51.64,230.00,0.22,51.24,229.51,0.18,40.36
232.35,1.05,242.85,227.00,0.21,48.08,231.65,0.22,51.70,225.05,0.22,49.30,229.63,0.18,40.70
231.12,1.05,243.56,229.91,0.22,49.78,230.42,0.22,51.31,231.20,0.22,51.66,229.62,0.18,40.71
229.81,1.06,243.67,228.83,0.21,49.12,229.11,0.22,51.38,232.58,0.23,52.41,231.04,0.18,42.09
231.34,1.06,245.29,227.31,0.21,48.61,230.64,0.23,52.22,228.86,0.22,50.70,231.49,0.18,42.74
231.94,1.06,245.61,228.64,0.21,49.11,231.24,0.22,51.51,228.76,0.22,50.67,231.21,0.19,43.01
233.00,1.06,246.75,229.91,0.22,49.84,232.30,0.22,52.08,231.81,0.22,51.82,229.77,0.18,41.50
231.92,1.06,245.99,230.07,0.22,49.62,231.22,0.22,51.99,231.60,0.22,51.83,229.62,0.18,41.90
229.61,1.06,242.55,228.78,0.21,49.17,228.91,0.22,51.35,233.55,0.22,52.51,231.03,0.18,41.21
230.88,1.05,243.10,227.06,0.21,48.54,230.18,0.22,50.80,230.36,0.22,51.25,231.18,0.18,42.11
239.06,1.05,251.80,228.07,0.21,48.78,238.36,0.22,53.14,226.09,0.22,49.72,229.10,0.18,41.86
231.68,1.06,244.56,228.10,0.22,49.33,230.98,0.22,51.68,231.05,0.22,51.53,230.59,0.18,41.20
229.26,1.05,241.79,226.44,0.21,47.72,228.56,0.23,52.17,232.12,0.22,52.05,231.27,0.18,41.05
232.34,1.05,244.63,228.42,0.21,48.89,231.64,0.22,51.66,230.90,0.22,51.48,229.79,0.18,41.14
229.19,1.05,241.13,225.85,0.21,47.68,228.49,0.22,50.66,230.74,0.22,51.29,231.29,0.18,42.36
234.43,1.06,247.88,232.43,0.22,50.66,233.73,0.22,52.19,231.18,0.22,51.60,230.80,0.18,41.32
231.89,1.07,247.73,230.85,0.22,50.15,231.19,0.23,52.16,245.59,0.24,58.06,230.74,0.18,40.41
232.19,1.05,244.14,227.42,0.21,48.54,231.49,0.22,51.99,230.90,0.22,51.54,232.21,0.18,40.95
234.29,1.05,246.67,229.62,0.22,49.66,233.59,0.22,52.24,233.45,0.23,52.62,230.14,0.17,39.97
233.99,1.05,246.82,229.77,0.21,49.35,233.29,0.22,52.28,231.86,0.22,52.07,229.16,0.18,40.69
231.90,1.06,244.97,231.24,0.22,50.16,231.20,0.23,52.06,232.62,0.23,52.43,231.17,0.17,40.44
231.52,1.06,245.79,229.66,0.22,49.49,230.82,0.23,51.97,236.96,0.23,53.88,230.10,0.18,41.36
231.38,1.05,242.95,227.52,0.21,48.17,230.68,0.22,51.38,227.80,0.22,50.23,232.49,0.18,42.12
232.92,1.05,245.22,228.35,0.21,48.94,232.22,0.22,51.74,230.61,0.22,51.41,229.33,0.18,41.02
226.51,1.05,238.66,229.54,0.22,49.66,225.81,0.22,50.41,230.63,0.22,51.44,229.32,0.18,40.62
230.54,1.06,243.30,230.55,0.22,49.87,229.84,0.22,51.15,231.58,0.22,52.00,231.16,0.18,41.17
229.20,1.06,242.06,227.75,0.21,48.73,228.50,0.22,51.09,230.85,0.22,51.46,230.84,0.18,41.95
232.36,1.05,244.81,227.48,0.21,48.67,231.66,0.22,51.90,229.84,0.22,51.03,230.83,0.18,41.48
225.78,1.05,237.88,230.75,0.22,50.20,225.08,0.22,50.22,229.22,0.22,50.82,230.37,0.18,40.85
232.61,1.05,244.83,223.75,0.21,47.63,231.91,0.22,52.05,231.09,0.22,51.69,230.48,0.18,40.96
231.10,1.05,243.07,227.54,0.21,48.20,230.40,0.22,51.55,231.75,0.22,51.84,232.37,0.18,41.53
229.86,1.05,241.99,228.37,0.21,48.98,229.16,0.22,51.35,227.06,0.22,49.55,232.32,0.18,42.31
236.03,1.04,246.56,221.83,0.21,46.21,235.33,0.22,52.18,229.25,0.22,50.69,228.38,0.18,41.02
231.08,1.06,244.48,229.06,0.22,49.29,230.38,0.22,51.75,231.36,0.22,51.62,230.26,0.18,41.73
231.20,1.06,244.25,228.51,0.22,49.13,230.50,0.22,51.79,231.95,0.22,51.90,230.85,0.18,41.34
227.19,1.06,240.43,228.36,0.21,48.95,226.49,0.22,50.58,231.12,0.22,51.49,231.09,0.18,42.50
230.60,1.05,242.59,228.21,0.21,49.04,229.90,0.22,51.43,228.39,0.22,50.00,229.34,0.18,41.41
233.62,1.05,246.00,228.95,0.22,49.48,232.92,0.22,51.88,230.83,0.22,51.45,229.38,0.18,40.68
227.72,1.06,241.83,236.42,0.22,52.79,227.02,0.22,51.05,230.76,0.22,51.44,229.22,0.18,40.57
230.93,1.06,244.33,229.27,0.21,49.27,230.23,0.23,51.81,232.34,0.23,52.31,230.98,0.18,41.37
230.15,1.06,242.89,226.34,0.21,47.95,229.45,0.22,51.18,232.40,0.22,52.27,231.98,0.18,42.15
230.93,1.05,243.08,227.35,0.21,48.51,230.23,0.22,51.20,230.19,0.22,51.20,231.59,0.18,41.82
231.41,1.06,245.19,228.29,0.21,48.99,230.71,0.23,52.37,229.43,0.22,50.92,231.49,0.18,42.17
225.86,1.05,237.67,230.82,0.22,49.93,225.16,0.22,50.59,229.92,0.22,51.06,230.12,0.18,40.36
230.50,1.06,244.03,229.75,0.21,49.35,229.80,0.22,51.69,232.39,0.22,52.17,230.94,0.18,41.72
231.90,1.06,245.01,229.38,0.22,49.41,231.20,0.22,51.85,231.85,0.22,51.87,230.72,0.18,41.35
228.14,1.05,239.38,227.19,0.21,48.61,227.44,0.22,50.68,229.25,0.22,50.74,230.17,0.18,40.80
233.11,1.06,246.13,230.63,0.22,49.90,232.41,0.22,51.87,230.61,0.22,51.36,230.62,0.18,41.45
228.46,1.06,242.31,229.20,0.21,48.93,227.76,0.22,51.13,232.92,0.23,52.46,239.40,0.18,43.95
231.81,1.05,243.97,227.60,0.21,48.41,231.11,0.22,51.91,232.70,0.22,52.28,229.06,0.18,40.46
229.38,1.05,241.23,227.13,0.21,48.58,228.68,0.22,50.72,230.60,0.22,51.37,230.91,0.18,41.41
228.85,1.04,238.76,227.67,0.21,48.17,228.15,0.22,50.44,228.68,0.22,50.62,229.51,0.18,40.26
233.37,1.05,246.16,230.42,0.22,49.73,232.67,0.22,52.26,230.96,0.22,51.50,228.95,0.18,40.64
230.24,1.05,242.76,228.94,0.22,49.23,229.54,0.22,51.49,232.31,0.22,52.09,231.18,0.18,40.90
232.25,1.04,242.51,226.16,0.21,47.78,231.55,0.22,52.03,232.67,0.22,52.28,230.53,0.17,39.09
232.34,1.04,241.74,228.68,0.21,48.98,231.64,0.22,51.68,220.17,0.22,47.59,230.06,0.17,39.83
233.23,1.05,245.65,231.37,0.22,50.44,232.53,0.22,52.20,231.32,0.22,51.64,229.96,0.17,39.93
232.06,1.05,243.79,230.39,0.22,49.89,231.36,0.22,51.91,222.50,0.22,48.33,230.21,0.18,41.11
232.25,1.05,244.78,234.78,0.22,51.15,231.55,0.22,51.85,230.73,0.22,51.72,233.07,0.17,40.59
232.00,1.05,244.20,230.48,0.22,49.81,231.30,0.22,51.68,227.35,0.22,50.24,232.92,0.18,41.50
232.10,1.06,245.76,229.94,0.22,50.03,231.40,0.22,52.00,232.00,0.22,52.01,229.87,0.18,41.03
231.96,1.05,244.48,227.23,0.21,47.96,231.26,0.22,51.83,233.10,0.23,52.53,229.28,0.18,41.17
229.70,1.06,243.13,229.48,0.21,49.29,229.00,0.23,51.56,231.76,0.22,51.78,231.63,0.18,41.98
233.44,1.05,246.06,227.80,0.21,48.61,232.74,0.22,52.15,231.35,0.22,51.61,230.33,0.18,41.39
231.91,1.05,243.88,229.70,0.22,49.46,231.21,0.22,51.78,230.75,0.22,51.31,229.10,0.18,40.34
230.87,1.06,244.52,229.10,0.22,49.28,230.17,0.22,51.68,231.75,0.22,51.90,229.59,0.18,41.71
226.63,1.05,237.67,225.10,0.21,47.24,225.93,0.22,50.45,232.55,0.22,52.12,231.48,0.18,41.10
232.05,1.05,243.38,226.95,0.21,47.96,231.35,0.22,51.43,231.00,0.22,51.58,230.60,0.18,41.05
232.76,1.05,244.96,229.53,0.21,49.26,232.06,0.22,51.59,229.41,0.22,50.88,228.97,0.18,41.17
231.59,1.05,244.01,227.25,0.21,48.01,230.89,0.22,51.72,231.97,0.22,51.90,228.61,0.18,41.32
230.86,1.05,243.35,229.00,0.21,49.10,230.16,0.22,51.72,231.51,0.22,51.76,231.42,0.18,41.08
231.30,1.06,244.67,226.66,0.21,48.28,230.60,0.22,51.53,231.82,0.22,51.83,232.11,0.18,42.68
229.65,1.05,240.97,228.77,0.21,48.85,228.95,0.22,50.89,229.13,0.22,50.81,230.32,0.18,40.97
234.47,1.05,245.37,227.62,0.21,48.36,233.77,0.22,52.02,229.11,0.22,50.60,229.83,0.18,40.62
232.73,1.06,246.38,230.07,0.22,49.67,232.03,0.22,51.86,232.78,0.22,52.24,229.08,0.18,41.45
229.74,1.05,241.03,226.63,0.21,47.83,229.04,0.22,51.45,231.41,0.22,51.53,231.13,0.18,40.89
231.43,1.05,242.74,227.45,0.21,48.62,230.73,0.22,51.49,231.57,0.22,51.74,231.36,0.17,40.39
231.33,1.05,242.55,228.03,0.21,48.79,230.63,0.22,50.93,231.21,0.22,51.62,231.86,0.18,40.95
232.96,1.05,245.08,229.64,0.22,49.55,232.26,0.22,52.03,229.70,0.22,51.11,229.30,0.18,40.34
231.91,1.07,247.50,231.49,0.22,50.55,231.21,0.23,53.20,231.35,0.22,51.67,238.03,0.18,43.22
229.38,1.05,241.13,227.43,0.21,48.59,228.68,0.22,51.14,231.31,0.22,51.65,231.64,0.18,40.95
233.59,1.05,244.57,227.65,0.21,48.54,232.89,0.22,51.75,229.37,0.22,50.94,230.42,0.18,40.47
226.16,1.05,236.74,228.78,0.21,48.63,225.46,0.22,50.06,228.89,0.22,50.76,229.17,0.18,40.47
232.58,1.05,245.10,227.46,0.21,48.54,231.88,0.23,52.18,230.60,0.22,51.38,229.33,0.18,40.99
229.17,1.05,241.75,229.98,0.22,49.59,228.47,0.22,51.27,232.02,0.22,52.01,229.43,0.18,40.58
231.51,1.05,243.98,226.46,0.21,47.75,230.81,0.22,51.36,231.98,0.22,52.02,229.61,0.18,41.88
230.34,1.06,243.84,228.90,0.21,49.11,229.64,0.23,52.36,228.70,0.22,50.43,230.00,0.18,41.77
232.12,1.05,244.83,229.26,0.22,49.37,231.42,0.22,51.82,231.87,0.22,51.84,229.90,0.18,40.93
225.06,1.06,238.02,229.21,0.21,49.17,224.36,0.22,50.42,232.58,0.22,52.30,229.43,0.18,41.19
230.77,1.05,242.34,227.26,0.21,48.00,230.07,0.22,51.22,232.14,0.22,51.96,231.71,0.18,41.38
231.33,1.05,242.32,228.19,0.21,48.75,230.63,0.22,50.97,231.69,0.22,51.66,230.91,0.18,40.66
232.78,1.05,244.78,229.81,0.22,49.58,232.08,0.22,51.83,230.32,0.22,51.25,228.29,0.18,40.20
233.05,1.05,243.97,230.21,0.22,49.62,232.35,0.22,52.22,230.43,0.22,51.20,224.70,0.17,38.31
231.41,1.05,243.67,227.92,0.21,48.74,230.71,0.22,51.90,233.11,0.23,52.47,229.41,0.18,40.18
232.05,1.05,244.59,229.25,0.21,49.24,231.35,0.22,51.73,233.70,0.23,52.59,231.32,0.18,40.89
231.38,1.05,243.71,228.64,0.21,48.82,230.68,0.22,51.08,233.09,0.22,52.26,231.81,0.18,41.80
232.71,1.05,243.69,230.12,0.22,49.65,232.01,0.22,51.79,226.83,0.22,49.61,230.87,0.18,40.55
233.89,1.05,245.76,228.89,0.21,48.96,233.19,0.23,52.60,231.41,0.22,51.62,231.06,0.17,40.29
232.81,1.06,245.80,229.39,0.21,49.30,232.11,0.23,52.37,233.50,0.23,52.57,231.43,0.18,40.80
234.78,1.05,247.11,229.03,0.21,48.72,234.08,0.22,52.63,231.37,0.22,51.62,232.17,0.18,41.31
230.01,1.06,243.45,232.22,0.22,50.54,229.31,0.22,51.13,231.06,0.22,51.48,235.09,0.18,42.59
231.69,1.06,245.79,234.37,0.22,51.59,230.99,0.23,52.06,230.56,0.22,51.47,228.19,0.18,40.67
232.25,1.05,244.53,230.59,0.22,49.68,231.55,0.22,51.92,233.04,0.23,52.53,231.29,0.17,40.22
237.26,1.05,248.94,227.31,0.21,48.09,236.56,0.22,52.84,231.66,0.22,51.81,231.29,0.18,40.89
236.65,1.06,250.55,234.21,0.22,51.99,235.95,0.22,52.38,231.57,0.22,51.74,230.68,0.18,40.94
235.11,1.05,246.70,229.56,0.21,49.17,234.41,0.22,52.26,230.95,0.22,51.33,230.55,0.18,40.59
230.87,1.05,243.38,230.54,0.22,49.82,230.17,0.22,51.19,229.70,0.22,50.91,231.73,0.18,41.75
225.59,1.06,239.39,230.55,0.22,50.01,224.89,0.22,50.40,232.49,0.22,52.06,231.68,0.18,42.25
233.40,1.05,244.57,228.70,0.21,49.02,232.70,0.22,51.51,229.66,0.22,50.87,230.58,0.18,40.76
232.68,1.05,245.28,230.19,0.22,49.79,231.98,0.22,51.89,229.73,0.22,51.02,229.12,0.18,40.84
233.07,1.05,245.45,229.20,0.21,49.22,232.37,0.23,52.32,233.86,0.22,52.61,231.21,0.17,40.32
230.66,1.06,243.63,227.84,0.21,48.74,229.96,0.22,51.41,232.80,0.22,52.33,230.74,0.18,41.55
230.24,1.05,241.50,229.07,0.21,49.17,229.54,0.22,51.15,231.88,0.22,51.82,227.96,0.17,39.68
231.45,1.05,243.32,226.45,0.21,48.27,230.75,0.22,51.77,231.02,0.22,51.43,230.20,0.18,40.81
232.64,1.04,243.01,228.10,0.21,48.47,231.94,0.22,51.60,230.72,0.22,51.29,230.53,0.17,39.98
231.93,1.05,243.11,229.49,0.21,49.32,231.23,0.22,51.90,231.21,0.22,51.51,230.85,0.17,39.75
232.64,1.05,245.08,227.92,0.21,48.81,231.94,0.22,51.76,231.86,0.22,51.93,232.06,0.18,41.38
226.16,1.05,237.24,229.46,0.22,49.41,225.46,0.22,49.82,230.26,0.22,51.02,231.54,0.18,41.04
233.80,1.05,245.06,229.77,0.22,49.64,233.10,0.22,51.89,229.68,0.22,50.95,231.73,0.17,40.28
230.45,1.05,242.74,231.43,0.22,50.13,229.75,0.23,51.75,232.83,0.22,52.20,229.92,0.17,39.87
230.51,1.05,242.19,226.93,0.21,48.22,229.81,0.22,50.85,232.12,0.22,51.88,231.20,0.18,41.50
231.82,1.05,244.14,229.31,0.21,49.28,231.12,0.22,51.84,233.07,0.22,52.32,231.56,0.18,40.66
230.08,1.05,242.35,229.66,0.22,49.43,229.38,0.22,51.26,229.18,0.22,50.68,232.29,0.18,41.71
230.07,1.05,242.70,230.38,0.22,49.82,229.37,0.22,51.19,232.25,0.22,52.10,232.59,0.18,41.24
229.25,1.05,241.14,230.65,0.22,49.81,228.55,0.22,51.32,231.96,0.22,51.87,229.10,0.17,39.83
233.46,1.05,245.53,227.74,0.21,48.65,232.76,0.22,51.75,230.95,0.22,51.27,228.42,0.18,41.09
232.63,1.05,243.76,228.37,0.21,48.83,231.93,0.22,51.69,228.92,0.22,50.64,230.61,0.18,40.61
232.49,1.04,242.86,230.21,0.22,49.66,231.79,0.22,52.01,224.20,0.22,48.41,229.15,0.17,40.03
230.51,1.06,243.28,230.94,0.22,49.89,229.81,0.22,51.55,232.22,0.22,51.98,230.54,0.18,40.88
229.81,1.05,242.28,230.44,0.22,49.75,229.11,0.22,51.28,231.47,0.22,51.75,231.65,0.18,41.02
231.86,1.05,244.57,228.69,0.21,48.88,231.16,0.22,51.37,232.09,0.22,51.88,232.22,0.18,42.14
232.96,1.05,244.99,231.41,0.22,50.51,232.26,0.22,51.90,230.37,0.22,51.12,228.73,0.17,39.83
232.46,1.05,243.68,229.83,0.22,49.55,231.76,0.22,51.41,230.11,0.22,51.20,229.78,0.17,40.09
230.60,1.05,242.01,229.23,0.22,49.31,229.90,0.22,51.33,231.78,0.22,51.72,230.86,0.17,40.19
229.80,1.05,240.85,229.87,0.22,49.56,229.10,0.22,50.94,231.47,0.22,51.64,231.27,0.17,40.05
231.28,1.05,241.98,229.22,0.21,49.18,230.58,0.22,51.25,232.06,0.22,51.77,228.68,0.17,39.44
233.40,1.05,244.16,229.21,0.21,49.04,232.70,0.22,51.86,231.62,0.22,51.70,229.16,0.17,39.47
231.48,1.05,243.76,229.11,0.21,49.20,230.78,0.22,51.77,226.78,0.22,49.92,233.01,0.18,41.94
232.74,1.06,246.67,236.65,0.22,52.18,232.04,0.23,52.23,228.61,0.22,50.47,232.74,0.18,41.82
230.53,1.05,242.25,228.89,0.21,49.11,229.83,0.22,51.39,223.92,0.22,48.90,231.76,0.18,41.83
231.71,1.05,242.50,230.71,0.22,49.65,231.01,0.22,50.93,223.24,0.22,49.00,231.39,0.18,41.07
231.02,1.06,244.39,230.90,0.22,49.98,230.32,0.22,51.69,231.98,0.22,51.99,232.16,0.18,41.55
233.68,1.05,245.60,230.10,0.22,49.63,232.98,0.22,52.08,221.61,0.22,48.14,233.05,0.18,42.11
234.82,1.06,248.53,236.65,0.22,52.07,234.12,0.23,52.96,233.31,0.22,52.47,230.88,0.17,40.02
231.30,1.05,243.01,232.28,0.22,50.52,230.60,0.23,52.09,229.37,0.22,51.29,228.17,0.17,38.73
232.36,1.05,243.63,230.07,0.21,49.28,231.66,0.23,52.49,233.77,0.22,52.57,235.03,0.17,39.70
223.81,1.05,234.30,232.00,0.22,50.64,223.11,0.22,49.68,229.86,0.22,51.23,232.06,0.17,39.26
235.29,1.05,246.07,230.94,0.22,49.85,234.59,0.22,52.49,230.80,0.22,51.50,231.18,0.17,39.11
223.02,1.06,235.37,230.31,0.22,49.75,222.32,0.22,49.34,239.66,0.23,55.40,232.82,0.17,40.13
224.87,1.05,236.04,231.70,0.22,50.19,224.17,0.22,50.22,229.84,0.22,50.92,230.81,0.17,40.08
233.23,1.05,245.07,231.36,0.22,50.14,232.53,0.23,52.41,232.34,0.22,51.99,230.24,0.17,39.38
228.96,1.06,243.12,230.01,0.21,49.09,228.26,0.23,51.60,231.25,0.22,51.63,228.85,0.19,42.37
230.48,1.06,243.80,227.95,0.21,48.62,229.78,0.22,51.16,231.18,0.22,51.33,231.31,0.19,43.01
231.50,1.05,243.46,226.71,0.21,47.69,230.80,0.22,51.23,228.64,0.22,50.60,229.27,0.18,42.22
231.74,1.06,245.48,228.15,0.21,48.75,231.04,0.22,51.26,225.72,0.22,49.21,232.07,0.19,44.52
233.57,1.06,247.30,229.50,0.21,49.16,232.87,0.22,52.22,231.09,0.22,51.37,230.79,0.18,42.49
229.45,1.06,244.19,228.14,0.21,48.84,228.75,0.23,51.77,232.92,0.22,52.28,232.16,0.19,43.08
231.68,1.04,241.89,229.22,0.21,49.10,230.98,0.22,51.33,220.31,0.22,47.56,232.04,0.18,41.26
232.36,1.05,244.05,230.73,0.21,49.35,231.66,0.23,52.24,225.21,0.22,49.42,231.37,0.18,41.10
231.39,1.06,245.39,236.68,0.22,52.15,230.69,0.23,52.35,233.68,0.23,52.60,231.28,0.17,40.30
232.64,1.05,244.78,231.13,0.22,50.16,231.94,0.22,51.98,231.58,0.22,51.67,234.14,0.17,40.76
232.48,1.05,244.77,231.28,0.22,50.02,231.78,0.22,51.90,230.81,0.22,51.43,231.87,0.18,40.81
233.80,1.05,246.19,231.18,0.22,50.15,233.10,0.23,52.48,225.12,0.22,49.45,231.70,0.18,41.11
232.63,1.06,246.18,233.38,0.22,50.98,231.93,0.23,52.43,234.14,0.23,53.08,232.45,0.17,40.24
230.81,1.06,245.47,227.01,0.21,47.87,230.11,0.22,51.23,232.35,0.22,52.18,236.12,0.19,45.24
231.91,1.05,243.93,227.30,0.21,47.92,231.21,0.22,50.87,229.62,0.22,50.84,229.82,0.19,42.67
232.75,1.06,247.46,231.69,0.22,50.12,232.05,0.23,52.25,232.74,0.22,52.21,229.60,0.18,42.13
230.81,1.06,244.04,229.24,0.21,48.74,230.11,0.22,51.38,232.51,0.22,52.25,231.42,0.18,42.31
229.33,1.06,243.24,228.91,0.21,49.01,228.63,0.22,50.99,231.68,0.22,51.70,230.26,0.19,42.95
225.97,1.05,238.36,229.40,0.21,49.13,225.27,0.22,49.53,229.92,0.22,51.05,232.90,0.18,43.07
232.91,1.04,241.75,227.21,0.21,47.97,232.21,0.22,51.71,225.21,0.22,49.32,232.62,0.17,39.83
233.62,1.05,246.05,232.89,0.22,50.72,232.92,0.23,52.73,233.67,0.23,52.63,229.42,0.17,38.99
233.46,1.06,246.80,229.96,0.22,49.48,232.76,0.22,51.98,239.55,0.23,55.14,232.09,0.17,40.52
232.38,1.04,242.49,230.52,0.22,49.74,231.68,0.22,51.81,224.05,0.22,48.91,230.66,0.17,39.65
234.45,1.05,245.16,229.74,0.21,49.25,233.75,0.22,52.55,231.14,0.22,51.58,230.74,0.17,39.10
231.94,1.05,244.56,232.26,0.22,50.48,231.24,0.23,52.26,234.76,0.23,53.15,232.86,0.17,39.77
232.96,1.05,244.18,229.97,0.22,49.47,232.26,0.23,52.51,231.90,0.22,51.81,228.19,0.17,38.71
232.97,1.06,246.54,229.93,0.22,49.56,232.27,0.22,51.56,231.96,0.22,51.69,230.19,0.18,42.36
233.42,1.06,248.25,230.31,0.22,49.65,232.72,0.22,52.24,230.97,0.22,51.48,228.34,0.19,42.63
229.81,1.06,244.02,230.13,0.21,49.43,229.11,0.22,51.14,232.56,0.22,52.11,230.74,0.19,42.90
231.63,1.06,245.74,228.36,0.21,48.91,230.93,0.22,51.93,230.04,0.22,50.74,232.15,0.19,43.50
231.84,1.06,245.60,229.47,0.21,49.27,231.14,0.22,51.37,230.60,0.22,51.22,230.31,0.19,42.93
232.22,1.06,245.76,228.16,0.21,48.61,231.52,0.22,51.82,229.79,0.22,50.73,229.13,0.19,42.79
230.90,1.04,240.65,230.53,0.21,49.24,230.20,0.22,51.72,224.07,0.22,48.88,232.06,0.17,39.90
232.10,1.05,244.40,229.99,0.21,49.31,231.40,0.22,51.74,227.04,0.22,50.18,230.99,0.18,41.60
231.84,1.04,242.20,229.17,0.21,48.73,231.14,0.22,51.69,230.45,0.22,51.13,231.28,0.17,39.94
233.06,1.06,246.71,230.23,0.21,49.30,232.36,0.23,52.67,233.63,0.22,52.51,231.67,0.18,41.49
233.13,1.05,244.76,228.39,0.21,48.28,232.43,0.22,52.23,232.76,0.22,52.31,232.28,0.18,40.69
231.50,1.05,241.95,228.96,0.21,48.59,230.80,0.22,51.67,233.72,0.22,52.58,232.19,0.17,39.52
234.06,1.05,245.91,230.93,0.21,49.43,233.36,0.22,52.23,232.69,0.22,52.04,230.96,0.18,40.47
232.81,1.06,245.95,229.30,0.21,48.61,232.11,0.22,51.83,230.31,0.22,51.10,229.70,0.19,42.58
231.67,1.06,245.70,230.51,0.22,49.64,230.97,0.22,51.84,233.04,0.22,52.33,230.19,0.18,41.97
232.65,1.05,245.19,228.36,0.21,48.36,231.95,0.22,51.44,232.64,0.22,52.08,232.10,0.18,42.38
233.52,1.06,247.39,231.61,0.22,50.23,232.82,0.22,51.89,230.19,0.22,51.05,230.75,0.18,42.45
233.17,1.05,245.47,230.71,0.22,49.73,232.47,0.22,51.91,230.80,0.22,51.13,229.63,0.18,40.98
229.90,1.06,243.41,231.75,0.22,50.41,229.20,0.22,51.03,231.49,0.22,51.55,229.79,0.18,41.83
229.90,1.06,243.30,230.05,0.22,49.59,229.20,0.22,51.52,231.92,0.22,51.83,237.52,0.18,42.89
233.56,1.04,243.68,227.73,0.21,48.08,232.86,0.22,51.78,230.85,0.22,51.33,231.50,0.17,40.18
234.13,1.05,245.34,228.98,0.21,48.71,233.43,0.22,52.22,230.69,0.22,51.19,228.71,0.18,40.17
232.56,1.05,244.43,226.91,0.21,48.37,231.86,0.22,50.74,231.11,0.22,51.64,230.97,0.18,41.96
231.36,1.05,242.59,226.99,0.21,47.80,230.66,0.22,51.15,233.74,0.22,52.30,231.92,0.18,41.41
223.09,1.06,235.44,229.93,0.21,49.36,222.39,0.22,49.53,229.47,0.22,50.78,232.56,0.18,42.50
239.45,1.07,255.12,231.02,0.22,50.12,238.75,0.22,53.57,231.64,0.22,51.56,229.65,0.19,43.11
230.45,1.06,243.47,227.02,0.21,47.83,229.75,0.22,51.42,231.10,0.22,51.49,230.75,0.19,42.75
224.19,1.05,235.69,225.17,0.21,47.17,223.49,0.22,49.29,230.11,0.22,50.91,230.47,0.19,42.89
231.15,1.05,243.65,228.68,0.21,49.03,230.45,0.22,51.00,228.37,0.22,50.41,231.18,0.18,42.49
231.97,1.06,245.74,229.43,0.22,49.45,231.27,0.22,51.70,229.38,0.22,50.78,230.10,0.19,42.57
229.51,1.06,243.18,227.30,0.21,48.35,228.81,0.22,51.23,232.52,0.22,52.08,229.50,0.19,42.48
230.56,1.07,245.86,226.52,0.21,48.22,229.86,0.22,51.08,238.84,0.23,54.68,229.88,0.19,43.31
231.81,1.05,242.73,229.40,0.21,49.16,231.11,0.22,51.46,230.24,0.22,51.19,230.38,0.17,40.08
233.91,1.05,244.90,230.95,0.22,49.91,233.21,0.22,52.31,227.89,0.22,50.45,234.68,0.17,40.21
231.04,1.04,240.53,228.47,0.21,48.46,230.34,0.22,51.61,231.69,0.22,51.82,230.79,0.17,38.63
233.88,1.04,243.68,229.15,0.21,48.53,233.18,0.22,52.05,231.47,0.22,51.45,231.19,0.17,39.47
233.52,1.03,241.58,227.08,0.21,48.15,232.82,0.22,51.99,224.19,0.22,48.63,231.23,0.17,38.94
232.77,1.05,244.64,230.83,0.22,49.85,232.07,0.23,52.42,232.69,0.22,52.29,231.20,0.17,39.44
229.82,1.05,240.76,229.43,0.21,49.22,229.12,0.22,51.42,232.57,0.22,52.03,230.19,0.17,39.38
232.97,1.04,242.95,229.29,0.21,49.01,232.27,0.22,51.60,230.82,0.22,51.23,230.82,0.17,39.49
232.77,1.05,243.59,229.51,0.21,48.81,232.07,0.22,52.04,230.89,0.22,51.25,230.98,0.17,40.14
230.82,1.04,240.04,229.02,0.21,48.64,230.12,0.22,51.57,230.87,0.22,51.20,230.54,0.17,38.68
230.14,1.05,241.74,228.40,0.21,48.82,229.44,0.22,51.11,230.96,0.22,51.27,230.99,0.18,41.12
230.84,1.04,239.77,226.64,0.21,47.63,230.14,0.22,51.24,230.82,0.22,51.21,229.05,0.17,38.97
233.21,1.05,244.40,228.96,0.21,49.16,232.51,0.22,51.66,232.49,0.22,51.87,230.44,0.17,40.12
227.28,1.05,239.23,230.90,0.22,49.78,226.58,0.22,50.48,233.24,0.22,52.31,230.60,0.18,40.59
226.13,1.05,236.93,228.19,0.21,48.72,225.43,0.22,50.01,230.89,0.22,51.18,231.71,0.18,40.99
232.06,1.04,240.71,227.32,0.21,47.90,231.36,0.22,51.33,230.27,0.22,51.02,230.91,0.17,39.08
231.25,1.05,242.16,234.02,0.22,51.51,230.55,0.22,50.72,230.14,0.22,50.98,230.09,0.17,39.49
230.82,1.04,240.79,227.71,0.21,48.49,230.12,0.22,51.54,231.92,0.22,51.72,230.39,0.17,39.02
231.21,1.04,240.15,226.33,0.21,47.56,230.51,0.22,51.59,229.15,0.22,50.60,230.30,0.17,39.16
231.36,1.04,239.93,227.19,0.21,48.37,230.66,0.22,51.11,229.83,0.22,50.61,229.75,0.17,38.70
233.52,1.05,244.49,234.80,0.22,51.38,232.82,0.23,52.80,225.92,0.22,49.64,232.03,0.17,38.93
232.12,1.04,241.71,229.87,0.21,49.33,231.42,0.22,51.49,231.23,0.22,51.49,233.40,0.17,39.13
233.79,1.04,242.47,227.84,0.21,48.51,233.09,0.22,52.03,225.23,0.22,49.12,232.11,0.17,39.23
230.71,1.04,240.38,231.43,0.22,50.29,230.01,0.22,51.60,231.79,0.22,51.37,230.59,0.16,38.00
230.49,1.05,241.33,228.13,0.21,48.85,229.79,0.22,51.58,230.41,0.22,50.76,231.90,0.17,40.41
232.84,1.04,243.22,231.73,0.22,50.21,232.14,0.22,51.91,227.66,0.22,49.89,229.43,0.17,39.28
234.81,1.05,246.23,231.33,0.22,49.97,234.11,0.22,52.54,230.46,0.22,51.22,230.00,0.17,39.57
232.11,1.05,243.63,229.11,0.21,49.09,231.41,0.22,51.64,233.41,0.22,52.36,231.97,0.17,40.37
231.04,1.04,240.85,228.44,0.21,48.68,230.34,0.22,51.05,229.82,0.22,50.93,230.28,0.17,39.67
233.52,1.04,242.97,228.39,0.21,48.55,232.82,0.22,51.59,230.15,0.22,50.94,229.30,0.17,39.24
234.19,1.05,245.46,230.30,0.22,49.54,233.49,0.22,52.16,233.30,0.22,52.31,230.53,0.17,39.53
232.05,1.05,242.78,226.85,0.21,47.95,231.35,0.22,51.38,233.10,0.22,52.12,231.10,0.18,40.53
231.44,1.04,241.30,229.31,0.21,49.11,230.74,0.22,51.27,231.48,0.22,51.53,231.35,0.17,39.28
233.11,1.05,244.89,228.71,0.21,48.74,232.41,0.22,51.64,235.92,0.23,53.60,230.13,0.17,40.09
232.44,1.05,243.52,229.72,0.21,49.38,231.74,0.23,52.36,231.94,0.22,51.76,229.46,0.17,38.94
231.12,1.05,241.93,228.97,0.21,49.08,230.42,0.22,51.64,231.29,0.22,51.37,231.58,0.17,39.89
227.54,1.05,238.00,230.79,0.22,49.91,226.84,0.22,50.47,229.63,0.22,50.68,229.36,0.17,39.59
233.87,1.04,244.06,230.19,0.22,49.71,233.17,0.22,51.79,231.20,0.22,51.23,229.62,0.17,39.05
232.08,1.05,243.51,230.27,0.22,49.66,231.38,0.22,51.96,233.51,0.22,52.42,229.74,0.17,39.20
231.60,1.04,241.44,226.40,0.21,47.55,230.90,0.22,51.72,233.74,0.23,52.62,231.39,0.17,39.22
232.14,1.03,240.20,227.27,0.21,47.93,231.44,0.22,50.92,229.28,0.22,50.70,230.19,0.17,38.85
232.39,1.04,242.29,229.40,0.21,48.86,231.69,0.22,51.89,231.68,0.22,51.54,229.52,0.17,38.87
225.74,1.05,236.20,231.12,0.22,49.92,225.04,0.22,50.28,233.95,0.22,52.55,231.47,0.17,38.99
229.99,1.05,240.97,231.05,0.22,49.87,229.29,0.22,51.22,231.69,0.22,51.53,230.79,0.17,39.74
234.29,1.04,243.21,228.01,0.21,48.64,233.59,0.22,51.66,231.33,0.22,51.51,227.98,0.17,38.08
233.45,1.05,245.27,232.39,0.22,50.49,232.75,0.22,52.28,233.28,0.22,52.39,230.35,0.17,39.22
230.89,1.04,239.98,227.68,0.21,47.93,230.19,0.22,51.44,231.24,0.22,51.58,231.36,0.17,38.98
222.96,1.04,231.42,227.66,0.21,48.47,222.26,0.22,49.09,229.83,0.22,50.69,230.53,0.17,39.14
233.59,1.04,243.73,227.96,0.21,48.58,232.89,0.22,51.87,231.60,0.22,51.60,229.37,0.17,39.20
232.66,1.04,242.38,228.27,0.21,48.31,231.96,0.22,51.93,230.53,0.22,51.11,230.96,0.17,39.42
230.16,1.04,238.57,226.87,0.21,47.84,229.46,0.21,49.33,231.83,0.22,51.62,229.47,0.17,39.95
229.96,1.05,240.92,229.58,0.21,49.15,229.26,0.22,50.70,232.39,0.22,51.77,229.90,0.18,40.40
231.88,1.04,240.67,228.19,0.21,48.41,231.18,0.22,51.60,223.92,0.22,48.82,229.48,0.17,39.16
232.39,1.05,243.58,230.29,0.21,49.43,231.69,0.22,52.03,231.46,0.22,51.60,231.52,0.17,39.86
229.77,1.04,239.21,227.80,0.21,48.46,229.07,0.22,50.86,230.85,0.22,51.22,231.25,0.17,39.46
233.21,1.04,243.54,228.09,0.21,48.31,232.51,0.22,51.46,230.44,0.22,51.09,229.40,0.18,40.28
231.52,1.05,242.20,229.52,0.22,49.41,230.82,0.22,51.15,228.88,0.22,50.47,229.33,0.17,40.11
230.66,1.05,241.08,228.24,0.21,48.27,229.96,0.23,51.78,231.75,0.22,51.72,230.92,0.17,39.60
231.87,1.05,242.41,227.41,0.21,48.47,231.17,0.22,51.17,230.78,0.22,51.11,231.97,0.18,40.75
232.86,1.05,244.66,235.53,0.22,51.57,232.16,0.22,51.51,230.02,0.22,50.91,230.16,0.17,40.18
232.83,1.04,243.03,228.53,0.21,48.56,232.13,0.22,52.08,230.68,0.22,51.16,228.99,0.17,39.23
219.94,1.05,230.48,231.02,0.22,49.82,219.24,0.22,49.23,231.80,0.22,51.76,230.08,0.17,39.23
232.24,1.04,241.02,225.90,0.21,47.57,231.54,0.22,51.21,231.68,0.22,51.64,233.72,0.17,39.57
236.69,1.04,245.71,226.43,0.21,47.54,235.99,0.22,52.47,235.60,0.23,53.40,230.15,0.17,38.03
232.46,1.04,242.36,230.96,0.21,49.60,231.76,0.22,52.01,232.59,0.22,52.08,229.59,0.17,38.03
231.00,1.05,243.22,229.39,0.21,49.32,230.30,0.22,51.26,234.04,0.22,52.61,231.76,0.18,40.94
231.83,1.04,240.48,227.60,0.21,48.47,231.13,0.22,50.48,228.83,0.22,50.65,224.65,0.17,38.36
233.37,1.05,244.89,231.62,0.22,49.88,232.67,0.22,52.20,230.31,0.22,50.87,234.19,0.17,40.96
231.04,1.04,240.23,228.40,0.21,48.40,230.34,0.22,51.77,229.98,0.22,51.00,229.84,0.17,38.50
232.63,1.04,241.93,229.37,0.21,49.23,231.93,0.22,51.71,227.86,0.22,49.97,232.08,0.17,39.27
230.31,1.03,238.25,229.87,0.21,49.42,229.61,0.22,50.66,230.03,0.22,51.08,226.49,0.16,36.90
232.04,1.05,243.82,231.11,0.22,50.02,231.34,0.23,52.27,231.36,0.22,51.52,231.28,0.17,39.74
229.53,1.04,238.29,228.41,0.21,48.72,228.83,0.22,50.94,227.84,0.22,49.83,231.17,0.17,39.23
232.71,1.04,241.94,229.51,0.21,49.15,232.01,0.22,51.20,229.71,0.22,50.86,228.02,0.17,38.67
232.17,1.04,240.39,223.95,0.21,46.42,231.47,0.22,50.89,231.62,0.22,51.48,229.45,0.17,39.49
229.43,1.05,240.57,229.81,0.21,48.82,228.73,0.23,52.91,228.49,0.22,50.28,230.98,0.17,39.48
230.28,1.04,239.84,226.23,0.21,47.52,229.58,0.22,51.43,230.28,0.22,51.15,231.43,0.17,39.68
240.53,1.04,249.40,229.45,0.21,48.71,239.83,0.22,53.03,230.10,0.22,50.76,228.39,0.17,38.59
226.73,1.05,238.53,230.22,0.22,49.82,226.03,0.22,50.62,230.98,0.22,51.27,231.78,0.18,40.75
231.18,1.04,240.14,227.99,0.21,48.22,230.48,0.22,51.16,231.81,0.22,51.64,231.57,0.17,39.05
228.98,1.05,239.49,229.20,0.21,49.07,228.28,0.22,51.02,231.45,0.22,51.34,230.70,0.17,39.82
231.04,1.04,240.10,228.46,0.21,48.47,230.34,0.22,51.11,230.35,0.22,50.97,224.41,0.17,38.16
231.38,1.05,243.30,230.41,0.22,49.92,230.68,0.22,51.66,230.41,0.22,50.96,231.49,0.18,40.72
231.00,1.04,241.00,229.26,0.21,48.72,230.30,0.22,51.22,232.96,0.22,52.00,230.00,0.17,39.39
232.38,1.05,243.47,231.34,0.22,50.24,231.68,0.22,51.19,232.53,0.22,51.89,230.34,0.17,39.76
233.30,1.05,244.41,230.31,0.21,49.47,232.60,0.22,51.90,230.37,0.22,51.00,229.60,0.17,40.05
232.07,1.04,241.95,227.25,0.21,47.85,231.37,0.22,51.80,231.24,0.22,51.34,229.54,0.17,39.52
229.90,1.05,241.21,226.84,0.21,47.74,229.20,0.22,50.76,242.46,0.23,56.52,230.29,0.17,39.22
238.14,1.04,248.55,227.95,0.21,48.64,237.44,0.22,52.27,230.51,0.22,51.16,229.84,0.17,40.08
232.12,1.04,242.47,228.03,0.21,48.33,231.42,0.22,51.60,231.45,0.22,51.57,229.17,0.17,39.63
231.58,1.06,244.62,227.77,0.21,48.37,230.88,0.22,51.61,237.62,0.23,54.55,230.67,0.18,40.81
230.79,1.04,239.99,228.42,0.21,48.78,230.09,0.22,51.61,224.66,0.21,48.15,230.96,0.17,40.14
231.42,1.04,241.77,227.61,0.21,48.52,230.72,0.22,51.42,230.00,0.22,50.91,231.36,0.17,40.14
236.99,1.04,246.54,228.82,0.21,48.71,236.29,0.22,52.72,230.41,0.22,50.91,229.36,0.17,38.87
230.75,1.05,242.02,227.69,0.21,48.21,230.05,0.22,51.29,231.12,0.22,51.55,230.44,0.18,40.83
231.48,1.04,241.33,226.49,0.21,47.89,230.78,0.22,51.06,232.46,0.22,51.94,227.11,0.17,39.18
231.52,1.05,242.00,227.23,0.21,48.30,230.82,0.22,51.09,231.13,0.22,51.33,230.38,0.18,40.42
230.97,1.05,242.63,232.37,0.22,50.57,230.27,0.23,52.04,229.97,0.22,50.89,229.68,0.17,39.43
231.78,1.04,241.16,230.29,0.22,49.60,231.08,0.22,51.96,226.25,0.22,49.82,232.11,0.17,38.58
230.70,1.04,240.97,228.37,0.21,48.32,230.00,0.22,51.34,233.00,0.22,52.35,231.27,0.17,39.57
234.79,1.03,242.58,228.88,0.21,48.91,234.09,0.22,51.88,232.16,0.22,51.73,229.93,0.16,37.06
228.94,1.04,239.21,231.65,0.22,50.37,228.24,0.23,51.43,231.72,0.22,51.95,229.49,0.16,37.65
226.56,1.04,235.42,232.51,0.22,50.61,225.86,0.22,50.47,225.93,0.22,49.32,231.52,0.17,38.39
229.86,1.04,239.77,235.44,0.22,51.41,229.16,0.22,50.92,230.50,0.22,51.10,230.06,0.17,38.42
231.65,1.05,242.69,231.87,0.22,50.06,230.95,0.22,51.86,231.69,0.22,51.69,230.53,0.17,39.23
227.40,1.05,238.91,231.06,0.22,50.00,226.70,0.22,50.59,231.64,0.22,51.75,230.51,0.17,40.05
231.83,1.04,240.76,226.09,0.21,47.16,231.13,0.22,51.23,231.15,0.22,51.43,231.33,0.17,39.77
235.01,1.04,244.78,229.24,0.21,49.00,234.31,0.22,52.05,227.99,0.22,49.88,231.46,0.17,40.05
231.69,1.05,243.27,229.24,0.21,49.19,230.99,0.22,51.62,231.27,0.22,51.32,229.23,0.18,40.38
231.96,1.05,242.70,229.24,0.21,48.90,231.26,0.22,51.84,232.76,0.22,52.21,229.39,0.17,39.14
225.67,1.05,236.16,230.28,0.21,49.41,224.97,0.22,49.82,231.45,0.22,51.36,230.66,0.17,40.30
228.05,1.04,237.20,229.61,0.21,49.18,227.35,0.22,50.68,230.25,0.22,50.99,228.67,0.17,38.33
230.03,1.05,241.06,231.74,0.22,50.07,229.33,0.22,50.86,234.91,0.23,53.18,229.62,0.17,39.00
231.67,1.05,242.34,229.43,0.21,49.08,230.97,0.22,51.79,232.98,0.22,52.17,232.58,0.17,39.55
231.69,1.04,241.90,228.15,0.21,48.59,230.99,0.22,51.64,224.30,0.22,48.77,232.74,0.18,41.02
231.74,1.05,242.36,231.57,0.22,50.12,231.04,0.22,51.37,230.55,0.22,50.99,228.64,0.17,39.33
226.62,1.05,237.04,229.90,0.21,49.34,225.92,0.22,50.56,231.37,0.22,51.57,230.29,0.17,39.33
225.74,1.06,239.22,229.51,0.21,49.34,225.04,0.23,52.30,230.72,0.22,51.22,231.75,0.18,40.89
226.08,1.04,234.83,228.23,0.21,48.54,225.38,0.22,49.43,229.55,0.22,50.65,229.82,0.17,39.56
233.04,1.05,243.69,228.74,0.21,48.81,232.34,0.22,51.81,230.13,0.22,50.88,230.61,0.17,40.21
231.01,1.04,240.58,229.64,0.22,49.50,230.31,0.22,50.72,231.63,0.22,51.40,229.57,0.17,38.99
231.40,1.04,241.25,229.58,0.21,49.19,230.70,0.22,51.51,231.13,0.22,51.56,229.43,0.17,38.56
230.57,1.04,240.59,228.09,0.21,48.70,229.87,0.22,51.00,232.89,0.22,51.78,229.94,0.17,39.52
233.88,1.04,243.67,229.36,0.21,48.97,233.18,0.22,51.87,228.93,0.22,50.48,230.82,0.17,39.59
231.68,1.04,241.96,230.30,0.21,49.47,230.98,0.22,51.63,231.32,0.22,51.35,229.97,0.17,39.13
230.01,1.04,239.06,227.23,0.21,47.93,229.31,0.22,51.18,226.43,0.22,49.67,232.33,0.17,39.96
230.92,1.05,241.98,228.83,0.21,49.07,230.22,0.22,51.05,230.31,0.22,50.98,232.61,0.18,41.04
232.16,1.04,242.36,228.88,0.22,49.25,231.46,0.22,51.24,229.72,0.22,50.89,229.24,0.17,39.43
232.17,1.05,243.93,231.09,0.22,49.85,231.47,0.22,51.88,231.87,0.22,51.73,230.80,0.17,40.13
231.62,1.05,242.60,228.98,0.21,48.48,230.92,0.22,51.91,232.57,0.22,51.97,230.49,0.17,40.01
231.74,1.04,241.54,226.75,0.21,47.55,231.04,0.22,51.60,230.72,0.22,51.08,231.00,0.17,40.19
231.73,1.04,240.85,227.47,0.21,48.34,231.03,0.22,51.45,229.89,0.22,50.88,229.76,0.17,38.82
232.51,1.04,241.49,227.95,0.21,48.31,231.81,0.22,51.57,229.50,0.22,50.58,229.01,0.17,38.92
234.29,1.05,245.40,229.18,0.21,49.16,233.59,0.22,52.25,232.39,0.22,52.05,229.17,0.17,39.28
231.28,1.05,243.06,229.46,0.22,49.40,230.58,0.22,51.15,231.60,0.22,51.60,231.76,0.18,41.06
231.43,1.04,241.43,228.32,0.21,48.69,230.73,0.22,51.43,230.80,0.22,51.10,229.06,0.17,39.34
231.72,1.04,240.94,229.53,0.21,48.81,231.02,0.22,51.40,233.31,0.22,52.09,231.14,0.17,38.71
235.50,1.05,247.06,230.48,0.22,49.69,234.80,0.23,53.20,232.94,0.23,52.44,230.37,0.17,38.68
230.83,1.04,240.87,229.76,0.21,48.81,230.13,0.22,51.71,233.89,0.22,52.40,230.56,0.17,38.84
233.44,1.03,240.91,228.65,0.21,48.96,232.74,0.22,51.93,229.10,0.22,50.29,230.28,0.16,37.16
234.06,1.03,241.61,229.07,0.21,48.95,233.36,0.22,51.79,228.60,0.22,50.40,229.80,0.16,37.30
233.18,1.03,240.91,230.16,0.21,49.05,232.48,0.22,52.27,231.97,0.22,51.66,228.10,0.16,36.19
235.26,1.04,244.74,230.70,0.22,49.86,234.56,0.22,52.64,226.99,0.22,49.80,232.66,0.17,38.73
233.29,1.04,243.26,228.48,0.21,48.87,232.59,0.22,52.00,231.23,0.22,51.34,230.94,0.17,39.11
231.59,1.04,240.36,228.90,0.21,48.85,230.89,0.22,51.24,229.02,0.22,50.43,230.39,0.17,38.83
230.98,1.04,240.10,229.35,0.21,48.80,230.28,0.22,51.39,230.67,0.22,51.29,229.98,0.17,38.48
228.92,1.04,238.55,228.92,0.21,48.94,228.22,0.22,50.92,232.40,0.22,51.93,229.74,0.17,38.55
227.71,1.04,236.31,226.17,0.21,47.84,227.01,0.22,50.23,231.93,0.22,51.80,228.96,0.17,38.42
231.96,1.04,240.96,228.90,0.21,48.46,231.26,0.22,51.14,229.64,0.22,50.67,229.88,0.17,39.41
224.31,1.04,233.75,231.18,0.22,49.91,223.61,0.22,49.61,231.29,0.22,51.24,232.92,0.17,39.34
231.77,1.05,242.26,227.52,0.21,48.32,231.07,0.22,51.72,232.60,0.22,51.85,230.79,0.17,39.75
230.83,1.05,242.57,232.60,0.22,50.52,230.13,0.22,51.01,232.92,0.22,52.13,231.24,0.17,40.31
229.87,1.04,239.53,226.86,0.21,47.98,229.17,0.22,50.38,230.62,0.22,50.99,229.77,0.18,40.38
232.97,1.04,242.70,229.04,0.21,48.56,232.27,0.22,51.84,231.79,0.22,51.43,229.73,0.17,39.23
233.15,1.05,245.05,230.19,0.21,49.49,232.45,0.22,52.29,232.57,0.22,51.95,231.32,0.17,40.22
229.44,1.05,239.96,228.02,0.21,48.19,228.74,0.22,51.21,233.03,0.22,52.15,230.91,0.17,39.94
230.93,1.04,240.83,228.16,0.21,48.70,230.23,0.22,51.25,230.32,0.22,51.11,229.70,0.17,39.29
226.10,1.06,239.16,234.06,0.22,51.30,225.40,0.23,51.72,230.25,0.22,51.05,230.16,0.17,39.94
230.99,1.04,239.23,228.67,0.21,48.53,230.29,0.22,51.06,229.74,0.22,50.60,228.38,0.17,38.27
230.87,1.04,240.87,230.05,0.22,49.51,230.17,0.22,51.17,231.29,0.22,51.42,231.00,0.17,39.18
226.37,1.03,233.97,224.06,0.21,46.53,225.67,0.22,50.44,231.27,0.22,51.39,230.01,0.17,38.25
233.95,1.04,244.24,228.59,0.21,48.93,233.25,0.22,52.04,228.81,0.22,50.31,232.13,0.17,40.17
231.67,1.04,241.06,228.68,0.21,48.54,230.97,0.22,51.65,230.88,0.22,51.26,229.98,0.17,38.80
232.93,1.04,242.53,230.87,0.22,49.83,232.23,0.22,51.45,231.61,0.22,51.39,230.44,0.17,38.74
229.73,1.04,238.79,227.69,0.21,47.84,229.03,0.22,51.04,232.12,0.22,51.65,230.65,0.17,39.23
231.50,1.04,241.02,228.78,0.21,48.99,230.80,0.22,50.98,229.72,0.22,50.77,231.33,0.17,39.60
231.13,1.04,241.48,229.97,0.22,49.60,230.43,0.22,51.47,229.76,0.22,50.79,228.66,0.17,39.06
231.06,1.04,240.80,228.02,0.21,48.17,230.36,0.22,51.30,230.83,0.22,51.21,228.06,0.17,39.33
229.30,1.05,240.32,230.31,0.22,49.58,228.60,0.22,51.07,232.60,0.22,51.85,231.36,0.17,39.92
225.79,1.04,235.58,227.88,0.21,48.73,225.09,0.22,49.96,231.45,0.22,51.44,230.98,0.17,39.59
232.37,1.04,241.73,227.30,0.21,47.73,231.67,0.22,51.55,231.10,0.22,51.38,231.78,0.17,39.76
234.12,1.04,244.06,229.82,0.21,49.39,233.42,0.22,52.00,230.67,0.22,51.09,228.54,0.17,38.71
231.66,1.05,242.69,230.13,0.22,49.51,230.96,0.22,51.72,232.71,0.22,51.94,231.03,0.17,39.62
229.61,1.05,240.78,230.42,0.22,49.57,228.91,0.22,51.45,232.91,0.22,52.00,231.00,0.17,39.64
228.95,1.03,236.74,227.67,0.21,48.29,228.25,0.22,50.38,231.43,0.22,51.23,232.09,0.17,38.52
233.46,1.05,245.97,231.02,0.22,50.07,232.76,0.22,52.10,231.53,0.22,51.71,232.26,0.18,40.83
234.91,1.05,246.96,232.97,0.22,51.16,234.21,0.22,52.53,231.20,0.22,51.47,230.09,0.17,39.34
233.99,1.04,242.65,221.53,0.21,46.55,233.29,0.23,53.05,224.13,0.22,48.67,232.75,0.17,39.20
232.01,1.05,242.45,228.33,0.21,48.80,231.31,0.22,51.80,233.66,0.23,52.79,226.26,0.17,37.91
233.85,1.04,243.32,240.36,0.22,53.17,233.15,0.22,52.30,221.89,0.22,47.74,221.31,0.17,36.73
231.37,1.04,241.15,230.89,0.21,49.42,230.67,0.23,51.94,233.83,0.22,52.57,230.90,0.16,37.95
232.20,1.04,240.87,229.94,0.22,49.47,231.50,0.22,51.98,232.44,0.22,51.98,231.13,0.16,37.01
228.47,1.04,237.28,230.27,0.22,49.58,227.77,0.22,51.05,232.40,0.22,51.66,231.98,0.16,37.82
230.77,1.04,239.00,228.08,0.21,48.56,230.07,0.22,51.18,231.69,0.22,51.57,230.00,0.16,37.69
232.01,1.05,244.57,228.66,0.21,49.01,231.31,0.23,53.81,225.15,0.22,49.40,238.86,0.17,41.54
230.69,1.04,238.83,227.59,0.21,48.50,229.99,0.23,51.90,231.98,0.22,51.73,231.37,0.16,36.95
233.32,1.04,242.36,230.42,0.22,49.61,232.62,0.22,51.81,230.03,0.22,50.79,230.41,0.17,38.25
227.48,1.04,236.70,230.51,0.22,49.59,226.78,0.22,50.43,236.90,0.23,53.49,230.13,0.16,37.59
227.58,1.05,239.80,222.14,0.21,46.04,226.88,0.22,50.87,231.23,0.22,51.37,230.19,0.19,42.86
231.90,1.06,244.87,228.32,0.21,48.83,231.20,0.22,51.41,230.82,0.22,51.38,230.49,0.18,42.24
230.09,1.07,246.71,226.68,0.21,48.07,229.39,0.24,54.74,230.45,0.22,51.01,230.34,0.19,42.91
230.60,1.05,241.96,228.85,0.21,48.89,229.90,0.22,50.67,230.15,0.22,50.69,228.22,0.18,41.33
230.98,1.06,243.81,230.37,0.22,49.70,230.28,0.22,51.48,230.76,0.22,51.07,229.56,0.18,41.56
232.02,1.06,244.90,227.27,0.21,47.94,231.32,0.22,51.52,230.80,0.22,51.21,230.73,0.19,42.94
229.44,1.04,239.54,227.34,0.21,48.37,228.75,0.22,51.36,234.30,0.22,52.71,232.79,0.17,39.08
233.82,1.04,242.08,227.59,0.21,47.89,233.12,0.22,51.86,229.69,0.22,50.69,230.39,0.17,38.67
233.42,1.04,241.74,230.17,0.21,49.17,232.72,0.22,52.23,225.85,0.22,49.56,232.32,0.16,38.16
229.58,1.05,241.45,226.51,0.21,47.63,228.88,0.23,52.68,239.42,0.23,54.97,232.30,0.17,38.97
233.01,1.04,242.68,229.07,0.21,48.94,232.31,0.22,52.10,231.72,0.22,51.64,231.58,0.17,38.64
235.93,1.03,244.12,223.38,0.21,46.99,235.23,0.22,52.60,230.21,0.22,50.93,229.08,0.17,37.94
232.99,1.04,243.37,230.31,0.22,49.60,232.29,0.22,52.15,233.53,0.22,52.49,231.94,0.17,38.50
231.47,1.05,244.20,229.05,0.21,49.10,230.77,0.22,51.39,231.40,0.22,51.37,235.37,0.18,42.85
231.69,1.04,241.64,226.77,0.21,47.63,230.99,0.22,50.88,230.16,0.22,50.83,230.72,0.18,41.05
232.01,1.05,243.11,228.87,0.21,48.95,231.31,0.22,51.05,229.37,0.22,50.63,230.30,0.18,41.15
231.41,1.05,243.15,231.03,0.22,49.97,230.71,0.22,51.62,231.38,0.22,51.40,231.09,0.17,40.36
231.52,1.05,243.33,228.98,0.21,48.91,230.82,0.22,51.30,231.61,0.22,51.42,228.82,0.18,41.02
230.69,1.06,243.77,227.17,0.21,48.35,229.99,0.22,50.81,232.17,0.22,51.83,231.02,0.19,42.92
231.52,1.04,239.74,229.21,0.21,48.95,230.82,0.22,50.86,230.76,0.22,51.35,231.27,0.17,38.20
235.04,1.04,244.25,230.76,0.22,49.81,234.34,0.22,52.39,225.14,0.22,49.20,232.41,0.17,38.89
232.36,1.04,242.05,229.42,0.21,48.57,231.66,0.22,52.12,233.92,0.23,52.65,232.49,0.17,38.61
231.77,1.04,241.39,229.41,0.21,49.15,231.07,0.22,51.93,232.40,0.22,51.82,232.04,0.17,38.45
234.17,1.04,242.92,230.70,0.21,49.28,233.47,0.22,52.44,223.68,0.22,48.66,230.59,0.17,38.67
233.21,1.05,245.26,238.77,0.22,52.35,232.51,0.22,52.30,232.46,0.22,52.04,232.39,0.17,39.44
233.34,1.04,243.48,226.30,0.21,47.40,232.64,0.22,52.07,232.55,0.22,51.98,234.25,0.17,40.48
232.43,1.05,243.95,230.26,0.21,49.40,231.73,0.22,51.24,227.12,0.22,49.31,230.32,0.18,42.13
232.15,1.05,244.61,227.67,0.21,48.37,231.45,0.22,51.48,230.49,0.22,50.99,229.41,0.18,42.14
230.31,1.06,243.05,228.57,0.21,48.86,229.61,0.22,51.39,230.49,0.22,51.16,230.43,0.18,41.93
229.73,1.05,242.16,225.97,0.21,47.38,229.03,0.22,51.23,231.25,0.22,51.52,230.42,0.18,42.41
230.63,1.05,243.11,227.48,0.21,48.22,229.93,0.22,51.15,230.03,0.22,50.82,230.55,0.18,42.63
232.13,1.05,243.51,227.82,0.21,48.08,231.43,0.22,51.12,229.67,0.22,50.66,228.93,0.18,41.82
233.71,1.04,242.15,229.07,0.21,49.03,233.01,0.22,51.40,230.31,0.22,50.97,230.64,0.17,38.34
230.97,1.04,241.15,230.24,0.21,49.35,230.27,0.22,51.65,223.34,0.22,48.49,234.83,0.17,40.96
232.75,1.04,242.10,231.16,0.22,49.74,232.05,0.22,51.55,231.60,0.22,51.59,232.79,0.17,38.69
232.83,1.03,240.92,231.30,0.22,49.82,232.13,0.22,51.58,230.10,0.22,51.01,230.30,0.16,37.21
231.69,1.04,239.92,230.90,0.22,49.83,230.99,0.22,51.79,225.38,0.22,48.98,228.53,0.16,37.55
232.77,1.05,243.30,230.58,0.22,49.76,232.07,0.22,51.68,233.70,0.22,52.39,232.18,0.17,39.17
231.47,1.04,240.66,229.95,0.21,49.11,230.77,0.22,51.50,230.60,0.22,50.98,230.04,0.17,38.65
234.02,1.06,247.01,231.39,0.22,49.94,233.32,0.22,52.36,230.50,0.22,50.87,227.93,0.18,41.18
231.57,1.05,244.05,226.85,0.21,47.62,230.87,0.23,52.05,230.80,0.22,51.28,229.23,0.18,41.82
230.75,1.06,244.13,231.28,0.22,49.97,230.05,0.22,51.11,231.78,0.22,51.62,230.20,0.18,42.15
230.05,1.05,241.47,226.70,0.21,47.58,229.35,0.22,51.22,230.02,0.22,50.83,229.78,0.18,41.72
233.00,1.05,244.21,225.72,0.21,47.08,232.30,0.22,51.67,228.59,0.22,50.27,229.26,0.18,42.03
230.66,1.05,243.13,229.81,0.21,49.30,229.96,0.22,51.28,231.24,0.22,51.37,229.57,0.18,41.43
229.51,1.05,239.91,228.09,0.21,48.21,228.81,0.22,50.86,231.61,0.22,51.54,231.42,0.18,40.57
231.67,1.04,241.03,227.44,0.21,47.87,230.97,0.22,51.63,230.55,0.22,50.94,231.13,0.17,39.65
234.46,1.04,244.24,228.22,0.21,48.78,233.76,0.22,51.92,231.89,0.22,51.58,230.26,0.17,39.04
232.56,1.04,242.23,225.44,0.21,47.38,231.86,0.22,52.12,229.85,0.22,50.72,230.64,0.17,39.70
231.60,1.04,241.17,229.66,0.21,48.85,230.90,0.22,51.63,232.93,0.22,52.23,231.08,0.17,38.58
230.85,1.05,241.69,231.46,0.22,50.00,230.15,0.22,51.34,232.95,0.22,51.91,232.05,0.17,39.72
232.46,1.04,242.38,229.62,0.22,49.39,231.76,0.22,51.21,228.48,0.22,50.24,229.88,0.17,39.74
232.01,1.04,242.12,228.66,0.21,48.45,231.31,0.22,51.40,229.14,0.22,50.43,228.80,0.18,40.16
230.28,1.05,242.27,227.99,0.21,48.64,229.58,0.22,51.04,232.19,0.22,51.59,230.39,0.18,41.55
230.32,1.05,242.20,227.86,0.21,48.52,229.62,0.22,51.29,231.06,0.22,51.33,231.10,0.18,41.43
232.70,1.05,243.27,227.41,0.21,47.81,232.00,0.22,51.35,229.85,0.22,50.73,228.87,0.18,41.03
233.04,1.05,245.30,229.25,0.21,49.04,232.34,0.22,52.03,229.25,0.22,50.51,228.56,0.18,41.27
232.04,1.05,243.91,228.36,0.21,48.27,231.34,0.23,52.20,232.31,0.22,51.87,230.85,0.18,40.85
229.26,1.04,239.49,225.29,0.21,47.08,228.56,0.23,52.93,231.24,0.22,51.60,230.88,0.17,38.57
230.63,1.04,239.43,228.96,0.21,48.89,229.93,0.22,51.47,230.16,0.22,50.76,232.19,0.17,38.62
232.21,1.04,242.21,233.05,0.22,50.67,231.51,0.22,51.99,227.78,0.22,50.04,229.96,0.17,38.51
234.43,1.04,244.39,229.81,0.21,49.30,233.73,0.22,52.05,233.16,0.22,52.26,230.92,0.17,38.61
229.31,1.04,239.38,229.55,0.21,49.26,228.61,0.22,51.26,231.38,0.22,51.40,230.93,0.17,39.05
233.22,1.04,243.46,229.01,0.21,48.91,232.52,0.22,52.15,231.64,0.22,51.48,230.55,0.17,39.18
228.08,1.04,236.43,227.62,0.21,47.98,227.38,0.22,50.60,229.59,0.22,50.70,231.27,0.17,38.99
232.19,1.04,241.22,230.10,0.21,49.35,231.49,0.22,51.58,229.24,0.22,50.50,229.08,0.17,38.35
233.97,1.05,244.90,229.36,0.21,49.25,233.27,0.22,52.34,232.70,0.22,51.97,231.30,0.17,39.41
225.91,1.04,235.73,228.25,0.21,48.47,225.21,0.22,50.15,232.21,0.22,51.72,232.69,0.17,39.98
232.27,1.04,242.45,229.79,0.21,49.22,231.57,0.22,51.28,230.91,0.22,51.15,231.88,0.17,40.07
234.72,1.04,245.15,229.33,0.21,49.12,234.02,0.22,52.39,231.54,0.22,51.35,229.44,0.17,39.17
223.48,1.04,233.27,230.70,0.22,49.70,222.78,0.22,50.03,233.06,0.22,52.12,231.54,0.17,38.50
231.05,1.05,241.72,232.22,0.22,50.37,230.35,0.22,51.21,232.55,0.22,51.87,230.41,0.17,39.17
231.43,1.04,240.83,228.90,0.21,48.83,230.73,0.22,50.84,230.77,0.22,51.15,230.40,0.17,39.49
232.77,1.04,242.10,231.17,0.22,49.86,232.07,0.22,51.29,230.75,0.22,51.10,231.68,0.17,38.94
231.60,1.05,243.88,231.50,0.22,50.65,230.90,0.23,53.30,231.53,0.22,51.47,229.55,0.17,38.38
229.86,1.05,240.77,229.05,0.21,48.86,229.16,0.22,51.08,233.37,0.22,52.24,232.92,0.17,40.43
230.34,1.04,239.10,228.45,0.21,48.85,229.64,0.22,50.56,231.78,0.22,51.45,231.31,0.17,38.90
235.22,1.04,244.48,229.36,0.21,49.12,234.52,0.22,52.03,229.33,0.22,50.62,228.12,0.17,38.49
231.62,1.04,241.85,229.44,0.21,49.19,230.92,0.22,51.70,236.76,0.23,54.14,231.27,0.16,37.78
233.85,1.04,242.68,228.96,0.21,48.63,233.15,0.22,52.16,232.64,0.22,51.95,231.90,0.16,38.13
230.21,1.04,239.04,232.01,0.22,50.19,229.51,0.22,51.35,231.13,0.22,51.31,230.44,0.16,37.42
233.22,1.04,242.64,230.24,0.21,49.48,232.52,0.22,51.72,229.90,0.22,50.73,230.50,0.17,38.84
233.51,1.04,243.45,230.22,0.21,49.24,232.81,0.22,52.27,234.00,0.23,52.83,230.05,0.16,37.85
231.23,1.04,239.98,229.39,0.21,49.02,230.53,0.22,51.24,231.11,0.22,51.36,229.96,0.17,38.13
230.79,1.04,240.67,227.17,0.21,47.86,230.09,0.22,51.26,232.78,0.22,52.06,230.54,0.17,39.61
232.37,1.04,241.72,224.63,0.21,47.13,231.67,0.22,51.40,230.52,0.22,51.15,230.92,0.17,39.90
231.42,1.05,241.93,227.84,0.21,48.60,230.72,0.22,50.94,233.52,0.22,52.31,230.48,0.17,39.97
228.83,1.05,239.24,230.06,0.22,49.68,228.13,0.22,50.73,230.83,0.22,51.27,227.62,0.17,38.96
231.95,1.04,241.83,230.11,0.21,49.44,231.25,0.22,51.62,230.16,0.22,50.95,230.75,0.17,39.06
230.96,1.05,241.58,228.42,0.21,48.85,230.26,0.22,50.90,231.49,0.22,51.63,231.57,0.17,40.34
229.82,1.04,238.73,228.36,0.21,48.70,229.12,0.22,50.60,228.57,0.22,50.24,229.64,0.17,39.27
231.89,1.04,240.92,227.77,0.21,48.35,231.19,0.22,51.59,228.02,0.22,50.17,229.31,0.17,38.90
229.81,1.04,240.08,229.85,0.22,49.59,229.11,0.22,51.21,232.70,0.22,51.96,230.21,0.17,38.75
229.40,1.05,240.08,230.46,0.21,49.51,228.70,0.22,50.88,233.64,0.22,52.23,231.09,0.17,39.71
231.06,1.04,239.93,229.57,0.21,49.35,230.36,0.22,50.77,231.31,0.22,51.33,230.13,0.17,38.49
232.44,1.04,242.11,229.70,0.22,49.40,231.74,0.22,51.74,229.69,0.22,50.69,228.71,0.17,38.58
231.37,1.04,241.14,229.36,0.22,49.35,230.67,0.22,51.59,233.69,0.22,52.28,228.85,0.17,37.93
229.48,1.04,238.44,228.96,0.21,48.36,228.78,0.22,51.01,231.19,0.22,51.48,230.75,0.17,38.84
229.38,1.04,238.30,228.89,0.21,48.95,228.68,0.22,50.64,230.11,0.22,50.84,230.89,0.17,38.98
230.57,1.04,239.56,229.43,0.21,49.13,229.87,0.22,50.97,229.52,0.22,50.74,231.24,0.17,38.88
231.86,1.04,240.68,227.18,0.21,48.03,231.16,0.22,51.62,230.03,0.22,50.66,229.54,0.17,38.83
229.88,1.05,241.06,229.40,0.21,48.98,229.18,0.22,51.27,233.08,0.22,51.99,231.15,0.17,40.33
229.67,1.04,239.11,227.68,0.21,48.39,228.97,0.22,50.46,233.37,0.22,52.15,231.62,0.17,39.57
232.55,1.04,242.27,229.94,0.21,49.25,231.85,0.22,51.36,230.02,0.22,50.78,230.84,0.17,39.57
232.75,1.04,243.09,230.73,0.22,49.66,232.05,0.22,51.47,229.87,0.22,50.71,229.47,0.17,39.67
233.30,1.04,242.16,229.07,0.21,49.00,232.60,0.22,52.00,231.99,0.22,51.55,229.95,0.16,37.81
229.35,1.05,239.72,227.54,0.21,47.94,228.65,0.22,50.70,236.46,0.23,53.33,229.55,0.17,39.81
231.30,1.03,239.01,227.89,0.21,48.44,230.60,0.22,50.03,232.58,0.22,52.11,226.23,0.17,37.53
232.20,1.04,242.27,228.27,0.21,48.44,231.50,0.23,52.71,227.95,0.22,49.97,229.62,0.17,39.12
232.80,1.04,243.20,229.54,0.21,49.19,232.10,0.22,51.74,231.01,0.22,51.16,231.83,0.17,39.90
230.22,1.04,239.60,228.15,0.21,48.57,229.52,0.22,50.90,234.00,0.22,52.31,231.34,0.17,39.01
232.09,1.04,241.38,229.10,0.21,48.95,231.39,0.22,50.98,229.98,0.22,50.86,231.22,0.17,39.55
230.77,1.04,239.44,228.95,0.21,49.22,230.07,0.22,50.67,230.92,0.22,51.23,228.02,0.17,37.99
232.19,1.04,242.52,228.41,0.21,48.75,231.49,0.22,51.12,232.23,0.22,52.00,230.82,0.17,39.80
229.84,1.04,238.01,227.56,0.21,48.24,229.14,0.22,50.67,232.16,0.22,51.89,229.41,0.17,37.86
230.56,1.04,239.73,227.82,0.21,48.33,229.86,0.22,51.12,230.36,0.22,50.95,227.96,0.17,38.79
230.95,1.03,238.41,229.34,0.21,49.11,230.25,0.22,51.21,224.71,0.22,48.81,230.87,0.16,38.01
232.53,1.05,243.99,229.98,0.21,49.43,231.83,0.22,52.12,232.24,0.22,51.85,236.93,0.17,40.84
229.51,1.04,239.11,228.92,0.22,49.39,228.81,0.22,50.81,231.35,0.22,51.35,231.06,0.17,38.86
232.31,1.04,241.80,230.02,0.21,49.27,231.61,0.22,51.38,232.57,0.22,51.88,229.86,0.17,38.57
232.07,1.04,240.84,229.93,0.22,49.56,231.37,0.22,51.80,231.06,0.22,51.16,229.24,0.16,37.39
231.57,1.04,240.94,230.29,0.21,49.45,230.87,0.22,51.46,231.84,0.22,51.60,228.70,0.17,38.05
230.94,1.03,238.72,227.62,0.21,48.46,230.24,0.22,51.18,230.06,0.22,50.82,229.50,0.16,37.56
234.28,1.03,242.02,227.72,0.21,48.40,233.58,0.23,52.83,229.75,0.22,50.21,229.46,0.16,37.14
233.23,1.03,240.45,228.65,0.21,48.35,232.53,0.22,52.07,229.27,0.22,50.48,229.26,0.16,37.03
233.29,1.03,241.40,229.43,0.21,48.97,232.59,0.22,51.78,226.84,0.22,49.48,230.51,0.17,38.42
229.66,1.04,238.34,229.43,0.21,49.18,228.96,0.22,50.44,227.81,0.22,49.35,230.05,0.17,39.70
233.51,1.04,241.89,229.48,0.21,49.33,232.81,0.22,50.66,230.82,0.22,51.11,228.43,0.17,38.39
225.11,1.04,233.92,229.67,0.21,49.27,224.41,0.22,50.20,230.68,0.22,51.20,230.91,0.17,38.13
232.78,1.03,240.33,226.43,0.21,47.32,232.08,0.22,50.68,230.53,0.22,51.01,228.60,0.17,38.84
226.49,1.04,234.87,229.18,0.21,48.97,225.79,0.22,49.90,229.43,0.22,50.51,229.68,0.17,38.64
231.88,1.04,240.38,230.08,0.21,49.43,231.18,0.22,50.82,230.44,0.22,50.90,229.20,0.17,38.34
230.10,1.05,240.85,227.89,0.21,48.30,229.40,0.22,50.91,232.75,0.22,52.02,232.65,0.18,40.82
232.42,1.03,239.87,227.75,0.21,48.17,231.72,0.22,51.08,231.08,0.22,51.22,230.74,0.16,37.97
231.33,1.03,238.24,227.75,0.21,48.22,230.63,0.22,51.08,229.31,0.22,50.49,230.29,0.16,37.46
231.21,1.04,239.69,228.26,0.21,48.66,230.51,0.22,51.08,230.10,0.22,50.74,229.51,0.17,38.46
225.11,1.04,235.03,228.16,0.21,48.59,224.41,0.22,49.57,231.03,0.22,51.00,234.45,0.18,41.16
231.22,1.04,239.92,228.29,0.21,48.62,230.52,0.22,51.42,229.53,0.22,50.56,230.32,0.17,38.57
231.36,1.04,239.70,227.66,0.21,48.08,230.66,0.22,51.14,230.60,0.22,51.02,228.76,0.17,38.44
231.07,1.04,240.31,230.45,0.22,49.57,230.37,0.22,50.74,231.75,0.22,51.54,230.49,0.17,38.81
230.56,1.04,240.59,227.64,0.21,48.30,229.86,0.22,50.83,231.03,0.22,51.11,235.64,0.18,41.27
232.53,1.04,240.96,228.24,0.21,48.57,231.83,0.22,50.98,229.50,0.22,50.53,228.28,0.17,38.69
230.97,1.03,238.64,228.50,0.21,48.55,230.27,0.22,51.04,228.94,0.22,50.25,230.09,0.17,38.13
232.32,1.04,241.00,227.29,0.21,47.90,231.62,0.22,51.45,231.47,0.22,51.46,228.50,0.17,38.45
230.03,1.04,238.81,227.58,0.21,48.32,229.33,0.22,50.94,229.58,0.22,50.62,229.18,0.17,38.81
231.69,1.04,240.14,227.17,0.21,48.02,230.99,0.22,51.34,229.38,0.22,50.49,229.57,0.17,38.75
231.38,1.05,242.12,228.93,0.21,49.03,230.68,0.22,51.49,232.50,0.22,51.80,229.45,0.17,39.54
229.63,1.04,237.76,226.96,0.21,47.61,228.93,0.22,50.57,231.57,0.22,51.17,231.02,0.17,39.23
231.75,1.04,240.13,226.89,0.21,47.82,231.05,0.22,51.57,230.14,0.22,50.69,228.88,0.17,38.46
223.98,1.04,233.20,231.59,0.22,50.12,223.28,0.22,49.82,231.27,0.22,51.27,229.05,0.17,38.04
218.12,1.05,228.00,228.98,0.21,48.84,217.42,0.22,48.09,232.58,0.22,51.82,230.63,0.17,40.17
232.15,1.03,240.05,228.50,0.21,48.62,231.45,0.22,50.91,228.83,0.22,50.16,229.80,0.17,38.66
222.65,1.04,230.78,228.29,0.21,48.62,221.95,0.22,49.44,231.36,0.22,51.25,229.76,0.17,38.01
232.99,1.04,241.47,229.10,0.21,48.38,232.29,0.22,51.69,231.57,0.22,51.37,231.14,0.17,38.60
229.77,1.04,238.18,227.73,0.21,48.33,229.07,0.22,51.14,231.63,0.22,51.22,230.61,0.17,38.30
222.28,1.03,228.87,227.81,0.21,48.40,221.58,0.22,48.74,222.15,0.22,47.93,229.93,0.17,38.53
229.60,1.04,238.76,229.91,0.21,49.35,228.90,0.22,51.04,231.94,0.22,51.62,229.71,0.17,38.10
230.20,1.03,238.06,228.81,0.21,48.43,229.50,0.22,50.78,232.38,0.22,51.59,231.42,0.17,38.26
222.39,1.04,230.24,229.68,0.21,49.10,221.69,0.22,48.77,231.35,0.22,51.20,230.79,0.17,38.39
230.09,1.04,240.30,229.43,0.21,49.13,229.39,0.22,51.17,231.10,0.22,51.14,228.67,0.17,39.33
230.18,1.04,238.90,227.19,0.21,47.68,229.48,0.22,50.94,232.59,0.22,51.88,230.59,0.17,39.01
230.53,1.03,238.17,226.16,0.21,47.15,229.83,0.22,51.05,230.84,0.22,50.88,231.12,0.17,38.88
223.44,1.03,230.11,230.16,0.21,49.08,222.74,0.22,48.79,228.94,0.22,50.23,228.72,0.16,37.58
235.91,1.03,242.94,228.21,0.21,48.22,235.21,0.22,51.67,228.62,0.22,50.08,229.27,0.17,38.03
224.04,1.04,232.52,228.88,0.21,48.75,223.34,0.22,49.03,232.76,0.22,51.71,231.05,0.17,39.10
220.00,1.03,226.92,230.11,0.21,49.35,219.30,0.22,48.53,225.85,0.22,48.85,228.69,0.17,37.86
224.88,1.04,232.89,230.21,0.21,49.42,224.18,0.22,49.57,230.64,0.22,50.84,228.98,0.17,37.90
217.28,1.04,225.40,227.33,0.21,48.10,216.58,0.22,48.32,231.16,0.22,51.36,230.58,0.17,38.42
232.54,1.03,240.43,227.96,0.21,48.35,231.84,0.22,51.34,229.71,0.22,50.51,229.24,0.17,38.19
228.57,1.04,238.65,232.33,0.22,50.40,227.87,0.22,51.01,232.53,0.22,51.85,231.96,0.17,38.61
233.47,1.03,240.12,228.11,0.21,47.95,232.77,0.22,52.08,233.59,0.22,52.17,231.70,0.16,36.45
232.27,1.03,239.87,228.58,0.21,48.04,231.57,0.22,51.40,234.20,0.22,52.58,226.22,0.16,36.71
230.24,1.03,237.85,229.72,0.21,48.96,229.54,0.22,51.05,229.87,0.22,50.59,230.40,0.16,37.69
220.13,1.03,227.07,229.34,0.21,48.86,219.43,0.22,49.05,231.66,0.22,51.63,230.65,0.16,36.49
232.17,1.03,239.04,234.55,0.22,51.34,231.47,0.22,50.31,227.61,0.22,49.13,232.38,0.16,38.02
236.46,1.04,245.59,230.62,0.21,49.40,235.76,0.23,53.45,231.67,0.22,51.34,230.16,0.16,37.33
219.55,1.04,227.60,229.84,0.21,49.09,218.85,0.22,49.19,229.23,0.22,50.32,229.88,0.16,37.92
218.48,1.04,226.24,227.54,0.21,48.25,217.78,0.22,48.41,231.42,0.22,51.20,230.57,0.17,38.29
234.38,1.03,242.24,228.66,0.21,48.49,233.68,0.22,51.55,231.21,0.22,51.17,228.70,0.17,37.89
231.07,1.04,240.26,228.13,0.21,48.43,230.37,0.22,51.21,232.31,0.22,51.69,230.82,0.17,38.97
222.99,1.04,231.40,227.08,0.21,48.16,222.29,0.22,49.45,228.57,0.22,50.10,230.29,0.17,39.17
229.23,1.03,235.75,223.08,0.21,45.88,228.53,0.22,50.69,229.18,0.22,50.34,230.71,0.17,38.63
231.42,1.04,240.61,228.18,0.21,48.30,230.72,0.22,50.79,234.50,0.22,52.59,228.57,0.17,38.80
229.67,1.04,237.91,227.58,0.21,48.11,228.97,0.22,50.00,232.44,0.22,51.76,230.52,0.17,39.08
229.99,1.04,238.06,228.11,0.21,47.80,229.29,0.22,50.58,228.58,0.22,50.18,228.60,0.17,39.22
221.73,1.04,231.08,229.50,0.21,49.12,221.03,0.22,49.27,229.98,0.22,50.61,232.25,0.17,39.78
229.70,1.04,239.95,227.24,0.21,47.94,229.00,0.23,52.51,230.78,0.22,50.89,230.77,0.17,39.21
230.67,1.03,237.29,225.97,0.21,47.02,229.97,0.22,50.90,227.73,0.22,49.67,228.09,0.17,38.15
232.47,1.04,240.89,229.81,0.21,49.14,231.77,0.22,51.40,230.13,0.22,50.63,229.11,0.17,38.21
229.80,1.03,237.64,226.72,0.21,47.52,229.10,0.22,50.47,232.13,0.22,51.59,230.83,0.17,38.81
229.70,1.04,238.49,228.57,0.21,48.57,229.00,0.22,51.44,230.72,0.22,50.93,229.15,0.17,38.16
232.27,1.04,241.73,228.38,0.21,48.56,231.57,0.22,51.33,231.60,0.22,51.35,236.25,0.17,40.36
230.90,1.04,239.03,227.60,0.21,48.18,230.20,0.22,51.28,231.61,0.22,51.16,230.30,0.17,38.24
232.42,1.03,238.70,228.34,0.21,48.52,231.72,0.22,51.00,223.94,0.22,48.17,231.28,0.17,38.27
234.15,1.03,241.79,226.79,0.21,47.80,233.45,0.22,52.21,231.55,0.22,51.35,227.30,0.16,36.95
229.63,1.03,236.64,224.25,0.21,46.59,228.93,0.22,50.43,232.30,0.22,51.65,234.49,0.17,38.99
232.18,1.03,239.60,228.05,0.21,48.38,231.48,0.22,50.76,230.71,0.22,51.02,229.70,0.17,38.00
230.73,1.04,240.00,231.25,0.22,49.90,230.03,0.22,51.06,231.82,0.22,51.54,229.21,0.17,38.09
231.15,1.04,240.17,227.03,0.21,47.37,230.45,0.22,51.41,231.24,0.22,51.38,233.37,0.17,39.95
239.86,1.04,250.47,233.00,0.22,50.64,239.16,0.22,53.33,226.14,0.22,49.02,233.47,0.17,40.45
231.97,1.03,239.25,228.36,0.21,48.17,231.27,0.22,50.76,229.07,0.22,50.19,228.55,0.17,38.40
230.08,1.04,238.45,229.54,0.21,49.03,229.38,0.22,50.83,230.41,0.22,50.89,229.47,0.17,38.20
229.48,1.03,236.56,226.45,0.21,47.47,228.78,0.22,50.49,230.31,0.22,50.82,231.36,0.17,38.41
230.06,1.04,238.42,228.04,0.21,48.13,229.36,0.22,50.76,231.20,0.22,51.03,229.72,0.17,38.90
227.32,1.05,237.61,229.24,0.21,48.97,226.62,0.22,50.23,235.33,0.23,53.02,230.63,0.17,39.39
230.56,1.03,238.33,226.61,0.21,47.64,229.86,0.22,51.01,221.38,0.21,47.34,231.63,0.17,40.26
227.94,1.04,236.62,233.34,0.22,50.53,227.24,0.22,50.47,230.72,0.22,51.02,228.78,0.16,37.61
223.27,1.04,231.33,228.74,0.21,48.66,222.57,0.22,49.05,232.89,0.22,52.15,228.45,0.17,37.74
231.01,1.03,238.80,229.85,0.21,49.03,230.31,0.22,51.07,230.57,0.22,50.86,230.96,0.16,37.92
229.05,1.03,236.21,227.16,0.21,47.63,228.35,0.22,50.27,228.63,0.22,50.11,229.47,0.17,38.63
232.04,1.04,240.30,229.63,0.21,49.18,231.34,0.23,52.29,224.49,0.22,48.46,229.73,0.17,38.06
232.12,1.04,241.37,226.58,0.21,47.43,231.42,0.23,53.20,230.69,0.22,50.96,230.55,0.17,38.24
232.37,1.03,239.44,226.64,0.21,47.27,231.67,0.22,51.15,229.95,0.22,50.66,230.88,0.17,38.53
232.83,1.04,241.45,228.56,0.21,48.40,232.13,0.22,51.41,228.91,0.22,50.23,229.26,0.17,39.09
230.42,1.04,239.32,227.83,0.21,48.02,229.72,0.22,51.01,231.44,0.22,51.31,231.03,0.17,39.34
230.00,1.03,237.57,227.98,0.21,48.40,229.30,0.22,50.56,229.53,0.22,50.52,231.10,0.17,38.39
232.17,1.04,240.55,229.78,0.21,49.08,231.47,0.22,51.56,229.01,0.22,50.29,228.52,0.17,38.00
233.73,1.04,243.55,228.37,0.21,48.35,233.03,0.22,51.92,231.20,0.22,51.18,231.79,0.17,39.92
225.70,1.04,233.66,227.92,0.21,48.10,225.00,0.22,49.34,232.20,0.22,51.64,229.16,0.17,38.65
229.98,1.03,237.55,229.03,0.21,48.71,229.28,0.22,50.83,230.52,0.22,50.84,228.95,0.16,37.58
232.29,1.04,242.39,229.59,0.21,49.10,231.59,0.23,53.00,230.63,0.22,50.93,228.85,0.17,38.00
229.32,1.05,240.25,237.33,0.22,53.05,228.62,0.22,50.45,230.62,0.22,50.91,230.55,0.17,38.93
232.04,1.03,238.78,227.04,0.21,47.69,231.34,0.22,51.22,228.58,0.22,50.10,230.48,0.16,37.91
232.98,1.03,240.23,227.58,0.21,47.64,232.28,0.22,51.48,231.41,0.22,51.41,229.67,0.16,37.69
231.53,1.03,238.88,227.39,0.21,47.65,230.83,0.22,50.97,232.51,0.22,51.83,229.48,0.16,37.77
229.34,1.03,237.09,227.43,0.21,48.01,228.64,0.22,51.32,228.51,0.22,50.15,229.51,0.16,37.85
231.20,1.04,240.43,228.56,0.21,48.68,230.50,0.22,51.48,230.07,0.22,50.73,235.76,0.17,39.88
225.34,1.04,233.64,231.24,0.21,49.67,224.64,0.22,49.98,229.46,0.22,50.54,231.17,0.17,38.23
230.74,1.03,238.69,226.03,0.21,47.16,230.04,0.22,50.62,230.63,0.22,50.84,232.17,0.17,39.80
231.90,1.04,242.01,228.42,0.21,48.80,231.20,0.22,51.37,230.69,0.22,51.01,229.16,0.17,39.60
232.57,1.04,242.07,232.84,0.22,50.24,231.87,0.22,51.39,231.99,0.22,51.45,229.67,0.17,38.53
228.84,1.04,237.64,226.85,0.21,48.02,228.14,0.22,50.57,231.55,0.22,51.34,228.38,0.17,38.71
231.75,1.03,239.54,227.15,0.21,48.03,231.05,0.22,50.92,231.17,0.22,51.11,229.46,0.17,38.26
230.46,1.04,238.94,228.59,0.21,48.51,229.76,0.22,50.47,229.87,0.22,50.51,229.83,0.17,39.37
226.82,1.04,236.20,231.93,0.22,50.03,226.12,0.22,50.48,231.74,0.22,51.46,231.91,0.17,38.60
232.10,1.05,242.93,230.14,0.21,48.88,231.40,0.23,53.41,234.89,0.22,52.81,231.38,0.16,38.11
232.45,1.04,241.26,231.27,0.22,49.94,231.75,0.22,51.20,230.19,0.22,50.62,230.13,0.17,38.48
232.78,1.03,240.39,229.60,0.21,48.79,232.08,0.22,51.84,231.45,0.22,51.27,230.97,0.16,37.28
233.08,1.04,241.99,229.32,0.21,48.46,232.38,0.23,53.47,232.77,0.22,51.76,231.93,0.16,37.25
233.59,1.03,241.56,227.53,0.21,47.77,232.89,0.22,51.30,231.05,0.22,51.10,230.02,0.17,38.84
232.77,1.03,239.51,229.05,0.21,49.02,232.07,0.22,51.78,224.39,0.22,48.66,230.53,0.16,37.14
231.62,1.05,242.54,230.64,0.21,49.49,230.92,0.22,51.70,231.39,0.22,51.12,232.24,0.17,40.37
230.86,1.04,239.08,228.59,0.21,48.61,230.16,0.22,50.51,230.30,0.22,50.74,230.64,0.17,39.04
232.06,1.04,240.81,228.72,0.21,48.84,231.36,0.22,51.37,229.28,0.22,50.38,229.40,0.17,38.66
230.89,1.04,241.18,229.50,0.21,49.17,230.19,0.22,50.74,243.80,0.23,56.73,229.03,0.16,37.41
225.52,1.03,233.35,229.63,0.21,48.93,224.82,0.22,49.27,231.03,0.22,50.98,232.08,0.17,38.96
237.32,1.03,245.34,227.82,0.21,47.83,236.62,0.22,52.09,234.28,0.22,52.52,231.38,0.17,38.33
230.79,1.03,238.29,226.79,0.21,47.52,230.09,0.22,50.66,229.27,0.22,50.48,228.72,0.17,38.59
230.61,1.03,236.95,228.92,0.21,48.77,229.91,0.22,51.01,222.85,0.22,48.25,225.45,0.16,36.57
231.10,1.04,239.19,232.77,0.22,50.11,230.40,0.22,50.55,232.08,0.22,51.71,229.81,0.16,37.61
232.29,1.04,240.64,228.21,0.21,48.30,231.59,0.22,51.40,231.13,0.22,51.16,230.25,0.17,38.47
229.37,1.04,237.97,230.16,0.21,49.32,228.67,0.22,50.66,231.79,0.22,51.36,229.23,0.17,38.10
229.41,1.05,239.80,228.55,0.21,48.57,228.71,0.22,50.90,237.30,0.23,53.65,230.64,0.17,39.27
232.50,1.03,239.95,227.22,0.21,47.67,231.80,0.22,51.38,230.98,0.22,51.13,230.80,0.17,38.15
232.94,1.03,239.87,229.09,0.21,48.55,232.24,0.22,51.23,232.40,0.22,51.73,228.61,0.16,36.75
230.77,1.04,240.78,227.62,0.21,48.16,230.07,0.22,51.16,232.89,0.22,51.92,232.08,0.17,40.06
225.06,1.03,232.66,229.60,0.21,49.03,224.36,0.22,49.46,229.35,0.22,50.55,230.07,0.17,38.08
231.81,1.04,240.24,230.06,0.21,49.33,231.11,0.22,51.54,229.07,0.22,50.32,229.96,0.17,38.04
224.37,1.04,234.37,228.71,0.21,48.72,223.67,0.22,49.87,232.94,0.22,51.85,230.89,0.17,39.75
224.22,1.04,233.16,228.24,0.21,48.60,223.52,0.22,49.45,230.42,0.22,50.99,230.15,0.17,39.25
231.03,1.05,241.55,239.81,0.22,53.86,230.33,0.22,50.92,231.17,0.22,51.11,229.17,0.16,37.79
230.98,1.04,239.66,228.36,0.21,48.25,230.28,0.22,51.43,230.63,0.22,50.84,228.81,0.17,38.58
232.13,1.04,240.52,231.08,0.22,49.85,231.43,0.22,51.08,231.68,0.22,51.40,231.83,0.16,38.02
231.97,1.03,238.95,228.78,0.21,48.25,231.27,0.22,51.26,230.51,0.22,50.79,227.99,0.16,37.24
229.91,1.04,238.90,230.81,0.21,49.31,229.21,0.22,50.54,231.52,0.22,51.14,228.57,0.17,38.91
222.38,1.04,231.01,230.41,0.21,49.36,221.68,0.22,49.10,231.53,0.22,51.25,231.39,0.17,38.84
231.98,1.04,241.48,228.82,0.21,48.80,231.28,0.22,51.52,229.38,0.22,50.45,229.22,0.17,39.22
227.33,1.04,236.50,232.82,0.22,50.39,226.63,0.22,50.24,230.92,0.22,51.09,230.92,0.17,38.59
221.08,1.04,229.40,229.31,0.21,48.96,220.38,0.22,48.91,232.76,0.22,51.84,230.45,0.17,38.15
230.73,1.03,237.67,226.66,0.21,47.58,230.03,0.22,50.77,229.12,0.22,50.38,229.90,0.17,38.10
232.28,1.03,238.53,227.99,0.21,48.03,231.58,0.22,50.96,229.38,0.22,50.30,229.14,0.16,37.35
220.13,1.05,230.90,236.80,0.22,52.89,219.43,0.22,48.90,232.39,0.22,51.49,229.17,0.17,38.33
230.14,1.03,238.12,229.45,0.21,49.04,229.44,0.22,50.73,229.61,0.22,50.49,231.23,0.17,38.40
230.15,1.03,236.88,229.07,0.21,48.71,229.45,0.22,50.58,229.86,0.22,50.60,230.04,0.16,37.31
231.57,1.04,239.79,232.26,0.22,50.31,230.87,0.22,51.66,225.86,0.22,49.40,231.88,0.16,37.69
231.36,1.03,239.04,232.93,0.22,50.33,230.66,0.22,51.16,220.57,0.22,47.47,233.29,0.17,38.78
231.13,1.04,239.25,229.27,0.21,48.76,230.43,0.22,51.34,232.42,0.22,51.76,231.55,0.16,37.76
228.01,1.04,237.72,231.39,0.22,49.83,227.31,0.22,50.86,223.74,0.22,48.72,230.94,0.17,39.69
234.24,1.04,243.10,228.03,0.21,48.54,233.54,0.22,52.16,232.96,0.22,51.82,232.15,0.17,38.36
232.85,1.05,243.85,231.40,0.22,50.02,232.15,0.22,52.02,233.05,0.22,52.08,229.97,0.17,39.01
230.54,1.04,239.24,230.82,0.22,49.82,229.84,0.22,51.43,234.27,0.22,52.41,228.28,0.16,36.65
231.24,1.02,236.03,228.19,0.21,47.86,230.54,0.22,51.56,229.37,0.22,50.37,227.88,0.15,35.07
232.35,1.03,239.39,231.83,0.22,50.01,231.65,0.22,51.14,229.58,0.22,50.47,229.68,0.16,36.76
233.22,1.03,240.27,230.69,0.21,48.97,232.52,0.22,51.78,232.43,0.22,51.79,232.85,0.16,36.93
231.95,1.03,239.01,226.28,0.21,47.40,231.25,0.22,51.27,232.87,0.22,51.80,230.33,0.16,37.54
232.23,1.03,238.63,228.07,0.21,48.46,231.53,0.22,50.97,228.93,0.22,50.37,229.86,0.16,37.01
234.49,1.04,243.22,232.21,0.22,50.23,233.79,0.22,51.83,230.94,0.22,50.96,229.84,0.16,37.86
229.57,1.05,241.09,228.96,0.21,48.85,228.87,0.22,51.04,231.20,0.22,51.21,230.86,0.18,41.19
232.29,1.04,242.70,229.12,0.21,48.53,231.59,0.22,50.81,229.36,0.22,50.37,230.64,0.18,41.55
226.30,1.06,238.77,229.94,0.21,49.30,225.60,0.23,51.26,228.67,0.22,50.12,229.00,0.18,41.31
226.14,1.05,237.55,229.26,0.21,49.12,225.44,0.22,50.16,230.98,0.22,51.09,228.33,0.18,40.79
231.76,1.05,242.54,228.17,0.21,48.42,231.06,0.22,50.94,229.59,0.22,50.68,230.56,0.18,41.33
230.07,1.06,243.87,230.06,0.21,49.25,229.37,0.22,50.82,230.42,0.22,50.88,235.65,0.19,44.69
229.81,1.03,237.21,224.80,0.21,47.13,229.11,0.22,51.34,233.81,0.22,52.38,230.50,0.16,37.01
233.95,1.03,239.83,230.38,0.22,49.53,233.25,0.22,51.90,225.13,0.22,49.14,223.61,0.16,34.76
231.68,1.02,237.09,231.00,0.21,49.15,230.98,0.22,51.29,222.39,0.22,48.01,222.61,0.16,35.34
228.00,1.03,235.35,228.86,0.21,48.47,227.30,0.22,50.27,231.43,0.22,51.19,232.18,0.16,38.12
227.09,1.03,233.86,229.86,0.21,49.14,226.39,0.22,50.23,232.36,0.22,51.62,229.77,0.16,36.33
232.62,1.03,240.55,233.44,0.22,50.82,231.92,0.22,51.51,231.55,0.22,51.30,232.24,0.16,36.88
233.30,1.04,242.45,230.60,0.22,49.63,232.60,0.23,52.37,232.84,0.22,51.97,230.22,0.16,37.24
230.04,1.05,240.82,228.62,0.21,48.53,229.34,0.22,51.00,229.77,0.22,50.59,227.26,0.18,40.48
229.22,1.05,239.86,230.84,0.21,49.53,228.52,0.22,50.57,228.36,0.22,49.86,229.60,0.18,40.95
231.89,1.05,242.72,229.75,0.21,49.34,231.19,0.22,50.71,230.54,0.22,50.76,228.56,0.18,40.81
227.91,1.05,238.78,226.58,0.21,48.02,227.21,0.22,50.28,230.91,0.22,51.09,227.30,0.18,40.76
231.67,1.04,241.91,228.27,0.21,48.44,230.97,0.22,50.91,222.66,0.21,47.71,229.17,0.18,42.03
231.62,1.05,242.97,229.86,0.22,49.48,230.92,0.22,51.08,230.57,0.22,50.99,228.23,0.18,40.51
229.95,1.04,239.09,232.44,0.22,50.12,229.25,0.22,51.10,231.24,0.22,51.34,232.46,0.17,38.43
230.77,1.04,238.90,230.33,0.21,49.38,230.07,0.22,51.31,223.32,0.22,48.27,230.53,0.17,38.69
232.94,1.04,241.18,229.75,0.21,49.17,232.24,0.22,51.79,232.57,0.22,51.82,230.54,0.16,37.27
230.65,1.04,239.32,229.41,0.21,49.11,229.95,0.22,51.30,233.37,0.22,52.21,230.20,0.16,37.49
232.96,1.03,239.98,229.09,0.21,48.37,232.26,0.22,51.49,230.82,0.22,50.97,229.85,0.16,37.37
233.32,1.03,239.27,232.32,0.22,50.31,232.62,0.22,51.46,223.63,0.22,48.42,220.72,0.16,34.73
230.79,1.04,239.00,229.95,0.21,49.12,230.09,0.22,51.09,233.81,0.22,52.36,228.82,0.16,37.09
231.79,1.05,242.57,229.46,0.21,49.17,231.09,0.22,50.57,229.91,0.22,50.54,229.26,0.18,41.20
231.34,1.04,241.62,228.96,0.21,48.59,230.64,0.22,50.45,229.98,0.22,50.63,228.83,0.18,41.06
230.01,1.05,241.95,230.40,0.21,49.45,229.31,0.22,50.87,231.63,0.22,51.38,229.19,0.18,41.20
231.09,1.05,241.65,228.31,0.21,48.39,230.39,0.22,50.68,231.82,0.22,51.26,230.60,0.18,41.22
230.61,1.05,241.04,228.77,0.21,48.21,229.91,0.22,51.09,231.11,0.22,51.04,229.71,0.18,40.78
228.49,1.05,240.49,231.50,0.22,49.96,227.79,0.22,50.49,231.36,0.22,51.05,230.68,0.18,41.64
229.72,1.03,235.56,227.91,0.21,47.82,229.02,0.22,50.62,226.98,0.22,49.54,229.80,0.16,37.33
233.17,1.03,240.92,221.44,0.21,46.23,232.47,0.22,52.15,230.96,0.22,51.08,230.69,0.17,38.09
235.21,1.04,245.60,230.42,0.21,49.34,234.51,0.22,52.46,232.59,0.22,51.73,232.51,0.17,39.54
226.33,1.04,235.61,231.11,0.21,49.59,225.63,0.22,49.79,231.54,0.22,51.42,231.10,0.17,39.24
237.03,1.04,245.35,231.59,0.21,49.41,236.33,0.22,52.73,231.14,0.22,51.20,230.51,0.16,37.62
229.64,1.04,239.92,231.28,0.22,49.94,228.94,0.22,50.93,231.85,0.22,51.59,231.60,0.17,39.36
227.06,1.04,236.39,229.63,0.21,49.04,226.36,0.22,50.33,237.60,0.23,53.72,237.44,0.17,39.22
230.78,1.05,243.16,232.70,0.22,50.70,230.08,0.22,51.26,229.73,0.22,50.49,229.29,0.18,41.11
228.69,1.05,239.32,227.51,0.21,47.61,227.99,0.22,50.41,230.27,0.22,50.80,230.78,0.18,41.92
230.30,1.04,239.42,224.24,0.21,46.49,229.60,0.22,50.32,228.19,0.22,49.89,228.00,0.18,41.18
228.95,1.05,239.79,227.34,0.21,48.30,228.25,0.22,51.09,231.30,0.22,51.01,227.91,0.18,40.27
228.81,1.05,239.62,230.32,0.21,49.45,228.11,0.22,50.30,230.30,0.22,50.87,227.61,0.18,40.35
229.84,1.05,241.26,230.48,0.21,49.37,229.14,0.22,50.20,229.29,0.22,50.34,230.42,0.18,42.15
232.48,1.03,239.64,228.99,0.21,48.68,231.78,0.22,51.36,229.84,0.22,50.46,228.85,0.16,37.35
231.90,1.04,240.24,233.46,0.22,50.25,231.20,0.22,51.08,232.77,0.22,51.73,231.43,0.16,37.88
230.82,1.03,238.14,227.15,0.21,47.46,230.12,0.22,51.48,222.40,0.22,47.96,232.61,0.17,39.45
230.01,1.04,239.25,230.29,0.21,49.43,229.31,0.22,50.75,232.98,0.22,51.85,230.60,0.17,38.69
230.68,1.04,238.82,228.28,0.21,48.36,229.98,0.22,51.07,231.48,0.22,51.26,230.84,0.17,38.35
231.88,1.04,241.46,231.67,0.22,49.84,231.18,0.22,51.41,233.03,0.22,51.91,231.75,0.17,38.75
233.38,1.04,241.58,229.85,0.21,48.83,232.68,0.22,51.70,228.99,0.22,50.22,228.83,0.17,38.28
231.03,1.04,240.64,227.29,0.21,47.65,230.33,0.22,50.31,230.52,0.22,50.88,230.35,0.18,41.22
234.04,1.04,243.01,225.35,0.21,46.79,233.34,0.22,50.97,228.61,0.22,50.02,229.01,0.18,41.13
230.53,1.04,240.19,228.60,0.21,48.26,229.83,0.22,50.66,228.80,0.22,50.12,228.18,0.18,40.49
231.33,1.04,240.76,224.80,0.21,46.44,230.63,0.22,51.25,230.57,0.22,50.87,227.16,0.18,40.32
228.72,1.05,239.25,229.02,0.21,48.83,228.02,0.22,50.07,228.51,0.22,49.90,229.84,0.18,41.61
232.14,1.05,243.74,228.55,0.21,48.43,231.44,0.22,51.35,228.98,0.22,50.19,228.72,0.18,41.89
229.16,1.03,236.23,227.00,0.21,47.64,228.46,0.22,50.71,230.71,0.22,50.92,230.69,0.16,37.94
229.06,1.03,235.58,228.30,0.21,48.06,228.36,0.22,49.80,228.11,0.22,49.94,230.08,0.17,38.44
230.07,1.04,239.29,229.12,0.21,48.82,229.37,0.22,51.13,236.75,0.23,53.68,230.08,0.16,37.61
231.89,1.03,238.35,226.87,0.21,47.75,231.19,0.22,51.21,231.33,0.22,51.07,229.50,0.16,37.01
231.61,1.03,238.35,227.24,0.21,47.73,230.91,0.22,51.01,231.58,0.22,51.19,231.07,0.16,37.71
232.76,1.04,241.79,229.51,0.21,48.89,232.06,0.22,51.38,231.12,0.22,50.94,228.87,0.17,38.93
229.57,1.03,237.30,228.37,0.21,48.28,228.87,0.22,50.90,231.04,0.22,51.17,231.18,0.16,38.03
230.64,1.03,236.56,227.61,0.21,47.71,229.94,0.22,50.31,229.04,0.22,50.11,230.47,0.16,37.94
231.74,1.04,240.52,231.30,0.22,49.98,231.04,0.22,51.49,229.82,0.22,50.48,228.21,0.17,37.75
223.18,1.04,231.37,228.59,0.21,49.00,222.48,0.22,49.37,232.57,0.22,51.60,229.99,0.16,37.88
230.47,1.02,235.80,227.49,0.21,47.68,229.77,0.22,50.75,228.04,0.22,49.44,228.55,0.16,37.02
232.20,1.04,242.04,231.15,0.22,49.74,231.50,0.22,51.30,230.34,0.22,50.87,229.49,0.17,39.21
229.39,1.04,239.07,230.58,0.21,49.07,228.69,0.22,50.83,230.60,0.22,51.09,231.01,0.17,39.65
229.25,1.03,236.62,228.45,0.21,48.03,228.55,0.22,50.32,230.09,0.22,50.54,229.48,0.17,38.60
231.70,1.03,239.54,228.82,0.21,48.48,231.00,0.22,50.73,230.35,0.22,50.85,229.87,0.17,38.55
230.45,1.03,238.01,229.62,0.21,48.38,229.75,0.22,50.78,229.24,0.22,50.28,229.10,0.17,38.46
231.65,1.03,238.74,227.13,0.21,47.55,230.95,0.22,51.16,230.45,0.22,50.74,229.57,0.17,38.04
232.76,1.04,240.98,228.98,0.21,48.33,232.06,0.22,51.37,230.47,0.22,50.75,232.24,0.17,39.21
231.43,1.04,240.81,229.83,0.21,49.08,230.73,0.22,51.13,232.36,0.22,51.57,231.55,0.17,39.26
230.91,1.04,240.07,229.34,0.21,48.84,230.21,0.22,50.93,229.71,0.22,50.48,231.83,0.17,39.84
233.00,1.03,239.85,226.29,0.21,47.38,232.30,0.22,51.21,230.70,0.22,50.89,227.34,0.17,37.54
231.42,1.04,239.89,229.08,0.21,48.18,230.72,0.22,51.50,231.77,0.22,51.35,231.03,0.17,38.74
229.77,1.04,238.80,228.84,0.21,48.66,229.07,0.22,50.96,230.75,0.22,50.88,230.20,0.17,39.10
229.66,1.03,235.77,226.91,0.21,47.59,228.96,0.22,50.74,226.29,0.22,49.07,229.22,0.16,37.72
232.12,1.04,240.37,230.39,0.21,49.26,231.42,0.22,51.44,227.55,0.22,49.76,226.51,0.17,37.81
229.93,1.03,237.47,226.84,0.21,47.56,229.23,0.22,50.53,228.55,0.22,50.14,229.62,0.17,38.91
229.86,1.04,237.92,230.41,0.21,49.37,229.16,0.22,50.70,229.65,0.22,50.31,227.96,0.17,37.99
231.13,1.05,241.81,228.35,0.21,48.09,230.43,0.22,51.08,239.14,0.23,54.73,231.04,0.17,39.55
230.35,1.03,238.22,227.20,0.21,47.52,229.65,0.22,50.63,230.04,0.22,50.65,230.52,0.17,39.31
224.47,1.03,232.20,230.52,0.21,49.46,223.77,0.22,49.54,231.47,0.22,51.24,228.36,0.16,37.28
226.32,1.04,235.85,230.85,0.22,49.71,225.62,0.22,50.11,230.91,0.22,51.04,231.51,0.17,39.30
231.01,1.04,240.80,229.32,0.21,48.66,230.31,0.22,50.59,230.61,0.22,50.73,233.83,0.18,41.31
230.44,1.03,237.41,226.92,0.21,47.57,229.74,0.22,50.50,228.25,0.22,49.97,224.47,0.17,37.70
221.90,1.04,231.47,230.39,0.21,49.32,221.20,0.22,49.12,231.75,0.22,51.38,231.33,0.17,39.66
232.88,1.04,243.14,231.34,0.22,49.97,232.18,0.23,52.44,229.80,0.22,50.40,228.90,0.17,38.69
231.64,1.03,239.04,228.47,0.21,48.33,230.94,0.22,50.93,227.71,0.22,49.84,229.09,0.17,38.28
229.08,1.03,236.31,226.31,0.21,47.27,228.38,0.22,50.75,231.77,0.22,51.23,229.21,0.17,37.94
230.66,1.03,238.21,225.25,0.21,46.77,229.96,0.22,50.79,231.17,0.22,50.97,230.92,0.17,39.23
230.94,1.04,240.37,231.83,0.22,49.89,230.24,0.22,50.93,230.41,0.22,50.75,229.41,0.17,39.07
229.78,1.04,238.07,228.18,0.21,47.76,229.08,0.22,50.61,231.26,0.22,51.22,230.61,0.17,39.31
224.22,1.03,230.43,228.36,0.21,48.63,223.52,0.22,49.19,230.08,0.22,50.50,231.04,0.16,37.28
233.79,1.04,243.61,233.91,0.22,51.02,233.09,0.22,52.19,230.73,0.22,50.92,229.69,0.17,37.99
231.92,1.04,241.54,229.63,0.21,48.89,231.22,0.22,51.34,233.54,0.22,51.98,231.57,0.17,39.39
230.09,1.03,236.89,226.61,0.21,47.68,229.39,0.22,50.36,232.24,0.22,51.55,230.64,0.16,37.77
237.14,1.03,244.97,227.61,0.21,47.79,236.44,0.22,52.88,231.78,0.22,51.39,229.78,0.16,37.65
233.36,1.04,242.97,230.41,0.21,49.10,232.66,0.22,51.81,232.24,0.22,51.37,232.01,0.17,39.51
223.99,1.03,230.76,228.55,0.21,48.74,223.29,0.22,49.02,230.16,0.22,50.56,230.49,0.16,37.78
231.93,1.04,241.02,230.79,0.22,49.68,231.23,0.22,51.81,231.99,0.22,51.39,230.04,0.16,37.84
223.22,1.04,231.16,230.51,0.21,49.33,222.52,0.22,49.48,232.09,0.22,51.45,229.82,0.16,37.61
232.22,1.03,238.91,228.05,0.21,47.82,231.52,0.22,50.92,231.88,0.22,51.37,231.44,0.16,37.90
227.83,1.04,237.17,232.10,0.22,50.09,227.13,0.22,50.41,229.34,0.22,50.28,228.82,0.17,38.94
230.96,1.04,239.33,227.37,0.21,47.70,230.26,0.22,51.22,232.83,0.22,51.86,230.94,0.17,38.66
231.62,1.03,238.15,229.03,0.21,48.50,230.92,0.22,50.73,228.34,0.22,49.97,227.96,0.16,37.40
231.58,1.03,238.57,229.17,0.21,48.57,230.88,0.22,50.68,231.87,0.22,51.30,228.72,0.16,37.41
231.31,1.04,239.72,229.04,0.21,48.72,230.61,0.22,51.17,229.70,0.22,50.41,229.11,0.17,38.59
229.46,1.04,238.88,228.15,0.21,48.43,228.76,0.22,50.69,232.21,0.22,51.47,229.31,0.17,39.37
223.44,1.04,232.03,229.80,0.21,49.39,222.74,0.22,49.33,230.73,0.22,50.90,228.35,0.17,38.27
227.12,1.03,233.74,223.97,0.21,46.30,226.42,0.22,50.09,231.71,0.22,51.28,229.17,0.17,38.04
230.34,1.03,237.27,229.39,0.21,48.65,229.64,0.22,50.66,229.36,0.22,50.45,227.52,0.16,37.21
231.64,1.03,238.83,228.07,0.21,47.90,230.94,0.22,50.47,231.76,0.22,51.27,228.41,0.17,38.24
229.84,1.04,238.93,229.45,0.21,48.89,229.14,0.22,50.56,232.39,0.22,51.55,231.91,0.17,39.45
230.39,1.03,237.40,229.51,0.21,48.84,229.69,0.22,50.36,228.01,0.22,49.76,228.48,0.17,37.98
230.10,1.03,238.12,229.77,0.21,49.35,229.40,0.22,50.70,227.89,0.22,49.82,227.88,0.17,37.96
230.32,1.03,237.92,229.52,0.21,48.78,229.62,0.22,50.88,231.41,0.22,51.27,229.15,0.16,37.45
231.20,1.04,239.55,228.35,0.21,48.51,230.50,0.22,51.20,229.64,0.22,50.44,229.92,0.17,38.64
232.29,1.04,240.95,233.74,0.22,51.13,231.59,0.22,51.21,230.80,0.22,51.00,228.59,0.16,37.15
229.70,1.04,238.01,229.93,0.21,48.80,229.00,0.22,50.47,232.46,0.22,51.58,231.15,0.17,38.77
231.97,1.03,238.17,225.13,0.21,46.90,231.27,0.22,50.75,228.71,0.22,50.10,230.36,0.17,38.25
232.90,1.03,239.92,228.06,0.21,48.37,232.20,0.22,51.25,223.92,0.22,48.46,230.38,0.17,38.48
230.80,1.04,240.67,231.60,0.22,49.89,230.10,0.22,51.40,232.59,0.22,51.74,230.62,0.17,38.66
229.59,1.03,237.46,228.55,0.21,48.54,228.89,0.22,50.90,231.11,0.22,50.93,232.61,0.17,38.44
232.66,1.03,240.19,226.03,0.21,46.85,231.96,0.22,51.52,225.00,0.22,48.66,230.79,0.17,39.88
231.76,1.04,239.93,229.43,0.21,49.17,231.06,0.22,51.43,225.61,0.22,49.00,232.25,0.17,38.85
229.12,1.04,237.74,230.89,0.21,49.33,228.42,0.22,50.77,232.74,0.22,51.47,229.26,0.17,38.21
231.90,1.04,240.79,230.21,0.21,49.15,231.20,0.22,51.18,229.36,0.22,50.32,236.83,0.17,40.30
231.85,1.04,241.34,232.80,0.22,50.17,231.15,0.22,51.51,231.58,0.22,51.26,230.03,0.17,38.49
230.69,1.03,238.57,229.09,0.21,48.39,229.99,0.22,50.68,231.35,0.22,51.13,230.97,0.17,38.73
231.75,1.03,239.52,227.24,0.21,47.60,231.05,0.22,50.70,229.41,0.22,50.35,228.68,0.17,39.16
224.47,1.04,233.29,231.75,0.22,50.01,223.77,0.22,49.70,231.03,0.22,50.99,228.88,0.17,38.18
232.58,1.03,239.28,226.37,0.21,47.04,231.88,0.22,50.95,230.79,0.22,50.89,231.18,0.17,38.58
231.41,1.03,238.47,230.42,0.21,49.24,230.71,0.22,50.55,228.21,0.22,49.91,228.44,0.17,37.72
232.73,1.03,240.69,228.32,0.21,48.44,232.03,0.22,51.82,230.92,0.22,51.02,228.94,0.16,37.51
229.89,1.04,238.79,232.25,0.22,50.05,229.19,0.22,50.55,232.17,0.22,51.58,229.22,0.17,38.18
230.51,1.03,237.68,229.51,0.21,48.84,229.81,0.22,50.56,230.41,0.22,50.81,229.46,0.16,37.61
231.87,1.03,239.33,229.89,0.21,48.75,231.17,0.22,51.46,229.93,0.22,50.51,229.75,0.16,37.67
230.92,1.04,239.37,231.19,0.21,49.55,230.22,0.22,50.67,231.33,0.22,51.12,231.30,0.17,38.70
230.95,1.04,239.11,227.10,0.21,47.66,230.25,0.22,51.03,232.02,0.22,51.36,229.57,0.17,38.71
231.97,1.03,239.56,228.28,0.21,48.59,231.27,0.22,51.02,225.65,0.22,48.96,229.87,0.17,38.71
229.07,1.04,237.29,228.12,0.21,48.08,228.37,0.22,50.82,231.36,0.22,51.15,229.19,0.17,38.41
229.48,1.03,236.77,230.78,0.21,49.46,228.78,0.22,50.56,229.84,0.22,50.00,231.99,0.17,38.29
231.79,1.03,239.00,229.31,0.21,48.75,231.09,0.22,51.14,229.44,0.22,50.39,229.15,0.16,37.51
232.92,1.04,242.94,231.17,0.21,49.56,232.22,0.22,51.70,233.44,0.22,52.16,231.07,0.17,38.98
230.71,1.04,239.01,229.15,0.21,48.70,230.01,0.22,50.38,231.65,0.22,51.31,230.55,0.17,38.97
226.44,1.04,235.69,231.75,0.22,49.84,225.74,0.22,50.11,229.53,0.22,50.29,231.45,0.17,39.53
232.55,1.03,240.19,229.16,0.21,48.32,231.85,0.22,51.66,231.48,0.22,51.40,231.30,0.16,37.76
232.26,1.03,240.15,229.04,0.21,48.27,231.56,0.22,51.17,232.52,0.22,51.65,229.52,0.17,38.16
231.27,1.03,239.33,229.30,0.21,48.89,230.57,0.22,50.77,229.69,0.22,50.50,228.76,0.17,38.36
230.98,1.04,241.27,229.11,0.21,48.75,230.28,0.22,51.67,228.19,0.22,49.99,230.06,0.17,40.14
230.34,1.04,238.94,231.05,0.22,49.99,229.64,0.22,50.35,229.55,0.22,50.40,230.70,0.17,38.82
230.14,1.03,237.24,228.52,0.21,48.37,229.44,0.22,51.09,228.92,0.22,50.12,229.24,0.16,37.52
232.52,1.04,241.19,229.54,0.21,48.60,231.82,0.22,51.65,231.41,0.22,51.28,230.53,0.17,38.56
229.63,1.03,236.52,228.52,0.21,48.52,228.93,0.22,50.46,229.66,0.22,50.44,230.77,0.16,37.79
229.51,1.03,236.11,231.12,0.21,49.44,228.81,0.22,50.65,229.99,0.22,50.51,228.56,0.16,36.56
231.78,1.03,238.69,228.31,0.21,48.25,231.08,0.22,51.31,231.02,0.22,51.03,230.39,0.16,37.24
231.10,1.03,238.93,225.95,0.21,47.38,230.40,0.22,51.26,231.77,0.22,51.31,230.98,0.17,38.45
232.11,1.03,238.24,228.80,0.21,48.42,231.41,0.22,50.37,229.21,0.22,50.08,229.33,0.16,37.78
231.39,1.03,238.82,225.67,0.21,47.02,230.69,0.22,51.34,231.53,0.22,51.19,228.42,0.17,37.98
230.36,1.03,238.10,227.70,0.21,48.23,229.66,0.22,50.73,228.55,0.22,49.16,229.67,0.17,39.49
231.44,1.03,238.76,228.16,0.21,48.41,230.74,0.22,50.22,232.50,0.22,51.64,230.32,0.17,38.19
233.49,1.04,241.77,229.31,0.21,48.51,232.79,0.22,51.61,231.52,0.22,51.22,230.35,0.17,38.49
230.49,1.04,238.85,227.85,0.21,47.73,229.79,0.22,51.26,233.03,0.22,51.76,230.05,0.17,38.59
232.48,1.04,240.89,228.59,0.21,48.54,231.78,0.22,50.87,229.16,0.22,50.24,232.82,0.17,39.87
232.28,1.04,240.58,230.45,0.21,49.38,231.58,0.22,51.24,225.08,0.22,48.75,229.77,0.17,39.00
230.45,1.04,239.62,230.30,0.21,49.30,229.75,0.22,50.95,231.82,0.22,51.37,230.74,0.17,38.87
231.82,1.03,239.05,229.36,0.21,48.76,231.12,0.22,50.96,229.77,0.22,50.35,228.58,0.17,37.73
236.58,1.03,244.53,230.37,0.21,49.32,235.88,0.22,51.78,230.45,0.22,50.86,229.18,0.17,37.91
231.06,1.03,238.12,228.49,0.21,47.96,230.36,0.22,51.10,231.99,0.22,51.55,229.64,0.16,37.37
230.32,1.03,238.19,227.11,0.21,47.29,229.62,0.22,50.97,230.48,0.22,50.81,231.24,0.17,39.24
231.01,1.03,238.23,228.23,0.21,47.84,230.31,0.22,51.30,229.12,0.22,50.23,228.74,0.17,37.93
231.08,1.03,239.08,229.88,0.21,48.93,230.38,0.22,51.12,232.14,0.22,51.53,230.77,0.16,37.85
231.01,1.03,237.02,226.06,0.21,47.22,230.31,0.22,50.87,230.79,0.22,50.87,230.90,0.16,37.41
233.05,1.03,240.47,229.82,0.21,49.17,232.35,0.22,51.45,229.99,0.22,50.48,231.51,0.16,37.75
232.28,1.04,241.12,229.89,0.21,49.13,231.58,0.22,51.76,231.01,0.22,50.86,229.70,0.17,38.32
231.67,1.02,237.34,227.79,0.21,47.75,230.97,0.22,50.87,232.41,0.22,51.64,225.82,0.16,35.79
231.66,1.03,238.23,230.23,0.21,48.63,230.96,0.22,50.80,228.32,0.22,49.76,229.42,0.17,37.95
231.19,1.05,242.99,238.67,0.22,53.15,230.49,0.22,51.85,232.20,0.22,51.55,230.63,0.17,38.64
231.46,1.03,238.49,227.52,0.21,47.64,230.76,0.22,50.51,235.07,0.22,52.19,230.61,0.17,38.32
234.21,1.04,242.42,231.26,0.22,49.84,233.51,0.22,51.97,229.62,0.22,50.29,229.73,0.16,37.69
231.55,1.03,239.29,229.45,0.21,48.34,230.85,0.22,51.41,232.19,0.22,51.66,231.49,0.16,37.90
230.93,1.04,240.00,232.18,0.22,50.03,230.23,0.22,51.23,232.33,0.22,51.60,230.07,0.17,38.03
231.66,1.03,238.14,227.93,0.21,47.71,230.96,0.22,50.75,230.76,0.22,50.88,229.07,0.16,37.69
231.96,1.04,241.44,230.60,0.21,49.33,231.26,0.22,51.47,232.49,0.22,51.86,231.39,0.17,38.76
232.18,1.03,239.41,228.06,0.21,47.69,231.48,0.22,50.80,232.56,0.22,51.65,230.77,0.17,38.44
233.47,1.04,243.32,230.22,0.21,48.88,232.77,0.22,51.80,230.97,0.22,50.88,230.99,0.17,40.01
222.75,1.04,231.92,230.50,0.22,49.56,222.05,0.22,49.69,233.07,0.22,51.77,231.32,0.17,38.48
232.80,1.04,241.23,230.08,0.21,49.01,232.10,0.22,51.56,230.83,0.22,50.94,231.20,0.17,38.48
231.44,1.03,239.12,228.38,0.21,48.52,230.74,0.22,51.43,227.84,0.22,49.45,227.50,0.17,37.97
231.27,1.03,237.44,229.59,0.21,48.51,230.57,0.22,50.82,224.31,0.22,48.49,231.34,0.16,38.16
229.37,1.03,235.74,228.16,0.21,47.72,228.67,0.22,50.58,231.49,0.22,51.09,229.49,0.16,37.37
225.12,1.03,232.65,231.84,0.21,49.72,224.42,0.22,49.52,228.70,0.22,49.96,229.59,0.17,38.11
231.89,1.03,238.45,229.02,0.21,48.51,231.19,0.22,51.33,232.28,0.22,51.29,228.82,0.16,36.56
231.36,1.04,240.00,230.66,0.21,49.49,230.66,0.22,50.83,230.85,0.22,50.87,230.99,0.17,38.85
232.47,1.03,239.61,227.31,0.21,47.52,231.77,0.22,51.18,231.32,0.22,51.18,229.68,0.17,38.07
230.19,1.03,238.23,230.26,0.21,49.33,229.49,0.22,50.52,232.16,0.22,51.53,231.08,0.16,38.06
230.18,1.03,237.60,227.97,0.21,47.67,229.48,0.22,50.65,232.59,0.22,51.75,229.84,0.17,38.15
233.53,1.04,242.46,230.46,0.21,49.53,232.83,0.22,51.51,229.98,0.22,50.48,231.52,0.17,39.06
230.80,1.04,240.67,230.18,0.21,49.03,230.10,0.22,51.11,232.31,0.22,51.27,231.37,0.17,40.05
230.89,1.03,238.94,228.64,0.21,48.03,230.19,0.22,51.67,229.57,0.22,50.08,231.71,0.17,39.01
233.79,1.03,241.39,229.70,0.21,48.65,233.09,0.22,51.41,230.82,0.22,50.80,228.74,0.17,38.02
229.97,1.04,239.95,228.78,0.21,48.61,229.27,0.22,50.84,233.37,0.22,51.84,231.33,0.17,40.05
230.26,1.03,237.75,226.54,0.21,47.25,229.56,0.22,50.51,231.16,0.22,50.86,229.24,0.17,38.98
233.13,1.03,240.56,227.82,0.21,47.84,232.43,0.22,51.06,230.48,0.22,50.65,233.07,0.17,39.28
228.43,1.04,237.21,228.82,0.21,48.61,227.73,0.22,50.33,230.69,0.22,50.86,231.28,0.17,39.47
231.00,1.04,239.19,228.57,0.21,48.05,230.30,0.22,51.68,227.61,0.22,49.49,229.55,0.17,38.91
232.89,1.04,241.56,230.21,0.21,49.28,232.19,0.22,51.61,232.15,0.22,51.25,230.95,0.17,38.39
232.42,1.04,241.10,227.92,0.21,47.78,231.72,0.22,51.51,230.97,0.22,50.89,230.85,0.17,39.53
232.25,1.03,238.97,226.23,0.21,47.19,231.55,0.22,50.98,228.93,0.22,50.11,230.27,0.17,38.56
232.07,1.03,239.18,226.65,0.21,47.33,231.37,0.22,51.24,231.60,0.22,50.66,229.78,0.17,38.54
231.59,1.04,240.89,229.66,0.21,48.83,230.89,0.22,51.58,231.50,0.22,51.22,229.93,0.17,38.85
231.22,1.03,238.91,226.95,0.21,47.90,230.52,0.22,50.79,228.59,0.22,50.03,229.73,0.17,38.85
232.76,1.03,240.45,229.52,0.21,48.37,232.06,0.22,51.50,229.42,0.22,50.07,229.55,0.17,38.62
231.03,1.03,238.95,228.28,0.21,47.82,230.33,0.22,51.17,231.91,0.22,51.21,232.35,0.17,39.02
232.40,1.03,240.48,225.92,0.21,46.90,231.70,0.22,50.69,235.75,0.22,52.53,235.58,0.17,40.44
232.75,1.04,241.28,228.88,0.21,48.62,232.05,0.22,51.34,230.04,0.22,50.50,234.68,0.17,39.79
229.07,1.04,237.34,228.54,0.21,48.56,228.37,0.22,50.73,232.07,0.22,51.48,231.19,0.17,38.33
229.82,1.03,237.08,228.57,0.21,48.08,229.12,0.22,50.49,229.99,0.22,50.53,229.13,0.17,38.34
232.68,1.03,239.61,228.86,0.21,48.23,231.98,0.22,51.07,230.07,0.22,50.47,229.23,0.17,37.96
230.51,1.04,238.75,226.67,0.21,47.39,229.81,0.22,50.75,232.48,0.22,51.58,230.78,0.17,39.26
235.86,1.03,243.45,226.45,0.21,47.24,235.16,0.22,51.98,229.55,0.22,50.34,230.86,0.17,39.11
232.36,1.04,242.24,230.87,0.21,49.60,231.66,0.22,51.29,231.47,0.22,51.02,229.40,0.17,39.45
236.79,1.04,245.83,228.79,0.21,48.54,236.09,0.22,52.77,232.55,0.22,51.59,229.72,0.17,38.31
231.57,1.04,240.68,228.29,0.21,48.53,230.87,0.22,51.45,231.43,0.22,51.16,230.59,0.17,38.95
233.32,1.04,242.70,229.15,0.21,48.47,232.62,0.23,53.22,231.43,0.22,51.10,228.56,0.17,37.76
232.13,1.04,241.24,231.51,0.21,49.64,231.43,0.22,51.46,232.11,0.22,51.34,229.81,0.17,38.46
233.08,1.04,242.27,227.82,0.21,48.34,232.38,0.22,50.89,233.06,0.22,52.06,231.28,0.17,39.55
233.01,1.03,239.68,228.65,0.21,48.47,232.31,0.22,50.74,231.35,0.22,51.15,231.91,0.16,37.86
231.48,1.04,240.69,231.41,0.21,49.74,230.78,0.22,51.26,233.20,0.22,51.75,231.00,0.17,38.56
231.14,1.03,237.92,228.83,0.21,48.42,230.44,0.22,50.45,229.95,0.22,50.45,231.09,0.17,38.25
232.09,1.03,239.09,227.27,0.21,47.44,231.39,0.22,51.13,230.87,0.22,50.73,230.60,0.17,38.47
232.44,1.03,239.80,227.63,0.21,47.62,231.74,0.22,51.38,231.12,0.22,50.94,231.04,0.17,38.45
223.63,1.04,231.78,230.51,0.21,49.38,222.93,0.22,49.13,231.37,0.22,51.10,231.56,0.17,38.70
233.43,1.04,241.97,230.23,0.21,48.98,232.73,0.22,52.12,232.10,0.22,51.37,228.55,0.16,37.64
232.78,1.03,240.16,227.72,0.21,47.66,232.08,0.22,51.47,231.66,0.22,51.30,230.87,0.17,38.16
231.74,1.02,237.50,226.24,0.21,47.00,231.04,0.22,50.63,230.07,0.22,50.65,230.13,0.16,37.73
233.47,1.04,241.65,230.74,0.21,49.48,232.77,0.22,51.09,230.70,0.22,50.85,229.97,0.17,38.35
232.09,1.03,239.89,228.62,0.21,48.11,231.39,0.22,51.09,232.43,0.22,51.67,230.33,0.17,38.28
231.30,1.03,238.15,227.77,0.21,47.81,230.60,0.22,51.03,232.60,0.22,51.69,230.97,0.16,37.49
230.59,1.03,237.94,230.16,0.21,49.13,229.89,0.22,50.54,229.21,0.22,50.19,228.10,0.17,37.80
232.36,1.03,240.17,229.45,0.21,48.56,231.66,0.22,50.83,232.19,0.22,51.48,231.05,0.17,38.58
230.12,1.03,238.04,230.48,0.21,49.41,229.42,0.22,50.37,231.97,0.22,51.26,231.87,0.17,38.40
231.96,1.04,240.51,232.82,0.22,50.54,231.26,0.22,51.10,229.50,0.22,50.30,229.38,0.17,38.02
233.44,1.04,241.91,230.40,0.21,49.01,232.74,0.22,51.69,231.07,0.22,50.96,229.67,0.17,38.37
229.90,1.04,238.26,229.25,0.21,48.37,229.20,0.22,50.79,236.55,0.22,53.08,230.20,0.17,38.09
229.12,1.03,235.81,227.43,0.21,47.54,228.42,0.22,50.19,228.89,0.22,50.08,228.24,0.17,38.29
233.74,1.03,241.90,228.06,0.21,48.00,233.04,0.22,51.90,231.46,0.22,51.18,229.05,0.17,38.19
231.37,1.03,239.30,228.17,0.21,47.71,230.67,0.22,51.30,233.61,0.22,52.03,231.43,0.17,38.46
231.22,1.02,236.59,226.41,0.21,47.28,230.52,0.22,50.90,222.07,0.21,47.18,230.18,0.17,38.50
233.41,1.03,241.39,229.17,0.21,48.45,232.71,0.22,51.39,229.90,0.22,50.42,231.06,0.17,38.99
229.98,1.04,239.64,228.96,0.21,48.29,229.28,0.22,51.13,232.94,0.22,51.78,229.83,0.17,39.51
223.73,1.03,230.92,229.50,0.21,48.92,223.03,0.22,48.77,230.39,0.22,50.60,230.91,0.17,38.51
222.89,1.03,230.15,231.56,0.21,49.76,222.19,0.22,49.14,230.13,0.22,50.51,229.01,0.16,37.37
232.32,1.03,239.52,227.64,0.21,47.58,231.62,0.22,51.23,230.30,0.22,50.60,231.27,0.17,38.67
230.51,1.03,237.58,227.11,0.21,47.41,229.81,0.22,51.08,232.03,0.22,51.33,231.65,0.16,38.12
231.42,1.03,237.96,228.43,0.21,48.11,230.72,0.22,50.72,231.22,0.22,51.11,229.38,0.16,37.37
232.24,1.03,240.34,231.23,0.21,49.56,231.54,0.22,51.13,232.69,0.22,51.66,231.35,0.16,37.89
230.40,1.03,237.32,228.95,0.21,48.48,229.70,0.22,50.76,231.11,0.22,50.89,226.55,0.16,36.97
232.53,1.03,239.14,226.77,0.21,47.32,231.83,0.22,50.90,229.36,0.22,50.29,229.34,0.17,38.31
232.14,1.03,239.51,231.77,0.22,49.85,231.44,0.22,51.61,232.13,0.22,51.41,230.03,0.16,36.42
230.24,1.03,237.84,228.22,0.21,47.99,229.54,0.22,51.20,233.29,0.22,51.77,232.81,0.16,38.15
232.86,1.03,239.56,228.03,0.21,47.77,232.16,0.22,51.68,230.67,0.22,50.81,229.74,0.16,37.34
227.86,1.03,234.78,230.68,0.21,49.38,227.16,0.22,50.49,230.33,0.22,50.70,230.58,0.16,36.90
226.76,1.04,236.10,237.48,0.22,52.77,226.06,0.22,50.49,231.97,0.22,51.28,231.50,0.16,37.20
230.56,1.03,238.39,228.94,0.21,48.58,229.86,0.22,50.76,232.40,0.22,51.56,230.56,0.17,38.09
232.88,1.04,241.58,230.05,0.21,48.90,232.18,0.22,51.78,231.29,0.22,50.97,229.96,0.17,38.53
232.69,1.03,239.61,226.47,0.21,47.21,231.99,0.22,51.74,225.80,0.22,49.19,230.38,0.17,38.36
230.26,1.04,238.32,232.00,0.22,49.94,229.56,0.22,50.34,230.33,0.22,50.63,231.10,0.17,38.54
237.83,1.04,247.11,230.16,0.21,49.20,237.13,0.22,52.32,231.79,0.22,51.23,229.36,0.17,38.92
226.78,1.03,234.32,228.05,0.21,47.88,226.08,0.22,49.82,231.02,0.22,51.01,231.13,0.17,38.89
229.93,1.03,236.53,226.69,0.21,47.45,229.23,0.22,50.35,232.96,0.22,51.82,229.96,0.16,37.59
222.47,1.04,231.79,229.90,0.21,49.03,221.77,0.22,49.15,241.01,0.23,54.62,229.48,0.17,38.21
231.39,1.03,238.37,226.03,0.21,46.95,230.69,0.22,51.25,231.21,0.22,51.05,228.54,0.17,37.85
231.96,1.04,241.55,228.73,0.21,48.45,231.26,0.22,51.56,231.61,0.22,51.08,230.04,0.17,39.59
222.01,1.03,228.63,228.50,0.21,48.36,221.31,0.22,48.77,224.98,0.22,48.67,229.71,0.17,38.51
230.46,1.04,239.02,231.32,0.22,49.87,229.76,0.22,50.94,231.54,0.22,51.22,229.70,0.16,37.85
231.51,1.03,239.41,226.38,0.21,46.94,230.81,0.22,51.46,231.64,0.22,51.27,232.48,0.17,39.19
230.55,1.02,236.05,226.24,0.21,47.08,229.85,0.22,50.69,226.40,0.22,49.04,230.43,0.16,37.96
232.49,1.03,239.07,227.04,0.21,47.37,231.79,0.22,51.26,229.87,0.22,50.42,229.21,0.17,37.88
231.57,1.03,239.13,227.22,0.21,47.42,230.87,0.22,51.22,230.41,0.22,50.64,231.13,0.17,38.94
222.59,1.03,228.73,229.27,0.21,48.71,221.89,0.22,48.78,229.65,0.22,50.31,229.70,0.16,37.29
231.29,1.04,240.73,227.83,0.21,47.75,230.59,0.22,50.55,232.59,0.22,51.42,238.35,0.18,42.20
230.52,1.04,238.99,230.90,0.22,49.82,229.82,0.22,50.83,232.29,0.22,51.42,229.36,0.16,37.75
230.95,1.02,236.27,224.44,0.20,45.49,230.25,0.22,50.09,229.66,0.22,50.46,231.41,0.17,39.15
231.79,1.03,237.71,227.97,0.21,47.99,231.09,0.22,49.75,229.73,0.22,50.35,230.72,0.17,38.45
232.50,1.04,241.31,230.28,0.21,49.24,231.80,0.22,51.05,231.76,0.22,51.20,230.98,0.17,39.05
232.23,1.03,239.46,225.30,0.21,46.63,231.53,0.22,50.75,230.79,0.22,50.80,230.97,0.17,39.50
231.28,1.03,237.49,228.70,0.21,48.48,230.58,0.22,50.67,225.15,0.22,48.64,229.73,0.17,37.95
232.27,1.03,239.62,227.02,0.21,47.37,231.57,0.22,51.26,232.65,0.22,51.65,229.88,0.17,38.10
227.70,1.04,236.99,228.97,0.21,48.61,227.00,0.22,50.29,231.78,0.22,50.99,233.89,0.17,40.49
226.19,1.03,233.27,230.64,0.21,49.23,225.49,0.22,49.31,228.24,0.22,49.83,228.04,0.17,38.09
231.07,1.04,240.67,235.27,0.22,51.29,230.37,0.22,50.78,225.39,0.22,48.93,235.02,0.17,40.46
229.09,1.03,234.91,227.13,0.21,47.52,228.39,0.22,50.31,226.50,0.22,49.01,230.73,0.17,38.22
230.78,1.03,236.86,226.21,0.21,47.07,230.08,0.22,50.93,228.97,0.22,49.95,228.97,0.16,37.75
231.76,1.04,240.04,228.09,0.21,47.93,231.06,0.22,51.08,231.18,0.22,51.08,230.44,0.17,39.10
231.07,1.03,237.66,230.36,0.21,48.91,230.37,0.22,50.53,229.10,0.22,49.99,230.35,0.16,37.95
230.99,1.03,237.94,228.16,0.21,47.72,230.29,0.22,50.85,229.26,0.22,50.13,228.90,0.17,38.36
230.67,1.03,237.80,227.58,0.21,47.65,229.97,0.22,50.80,232.53,0.22,51.48,231.57,0.17,38.30
230.46,1.04,239.30,228.05,0.21,48.14,229.76,0.22,50.23,232.93,0.22,51.56,231.12,0.17,40.09
233.76,1.03,241.79,228.68,0.21,48.10,233.06,0.22,51.90,237.97,0.23,53.74,228.22,0.16,36.89
231.58,1.04,240.58,228.80,0.21,48.54,230.88,0.22,51.41,232.09,0.22,51.33,231.42,0.17,39.10
230.66,1.03,237.92,225.76,0.21,46.76,229.96,0.22,50.91,231.21,0.22,50.89,230.12,0.17,38.87
231.17,1.03,238.22,232.75,0.22,50.10,230.47,0.22,50.96,228.49,0.22,49.63,227.87,0.16,37.15
228.66,1.03,236.46,227.52,0.21,48.09,227.96,0.22,50.39,232.07,0.22,51.27,231.73,0.17,38.66
232.03,1.03,238.72,227.45,0.21,47.83,231.33,0.22,50.84,229.80,0.22,50.43,228.60,0.17,37.81
232.72,1.03,239.25,224.84,0.21,46.18,232.02,0.22,51.37,232.17,0.22,51.45,229.65,0.17,38.07
223.48,1.02,228.67,222.71,0.21,45.67,222.78,0.22,48.00,230.84,0.22,50.76,230.11,0.17,38.87
231.42,1.03,237.88,228.12,0.21,48.37,230.72,0.22,50.96,225.06,0.22,48.66,230.94,0.16,38.09
229.16,1.04,237.49,228.09,0.21,47.82,228.46,0.22,50.25,231.92,0.22,51.38,230.25,0.17,39.45
230.59,1.03,236.90,222.39,0.20,45.44,229.89,0.22,50.45,230.19,0.22,50.45,229.55,0.17,39.15
233.54,1.04,242.66,229.94,0.21,49.00,232.84,0.22,51.41,229.00,0.22,50.01,229.30,0.17,39.65
231.64,1.03,239.32,227.44,0.21,47.47,230.94,0.22,51.52,232.87,0.22,51.77,230.50,0.17,38.08
231.46,1.02,236.09,215.30,0.20,43.05,230.76,0.23,53.12,229.12,0.22,49.84,230.58,0.16,36.53
230.48,1.03,237.97,229.81,0.21,48.87,229.78,0.22,51.13,230.78,0.22,50.79,229.73,0.16,37.53
232.03,1.03,239.87,227.76,0.21,47.68,231.33,0.22,51.17,232.27,0.22,51.57,230.18,0.17,38.52
230.39,1.04,239.23,229.57,0.21,48.89,229.69,0.22,50.29,229.57,0.22,50.30,229.40,0.17,39.80
232.81,1.02,237.71,227.45,0.21,47.58,232.11,0.22,51.16,230.47,0.22,50.64,229.94,0.16,36.30
224.27,1.04,233.95,231.11,0.22,49.89,223.57,0.22,49.22,230.60,0.22,50.76,230.30,0.17,39.88
233.39,1.03,240.76,226.57,0.21,47.27,232.69,0.22,51.01,228.33,0.22,49.79,229.01,0.17,39.34
229.85,1.03,237.10,229.19,0.21,48.24,229.15,0.22,50.33,228.95,0.22,49.86,229.23,0.17,38.92
228.08,1.03,233.91,226.26,0.21,46.74,227.38,0.22,49.80,230.43,0.22,50.55,231.05,0.17,38.52
232.49,1.03,240.46,229.17,0.21,48.32,231.79,0.22,50.93,230.08,0.22,50.56,232.27,0.17,39.50
231.30,1.04,239.75,227.86,0.21,47.67,230.60,0.23,52.66,231.65,0.22,50.95,226.97,0.17,37.48
230.14,1.04,238.33,229.61,0.21,48.94,229.44,0.22,50.02,233.94,0.22,52.18,229.14,0.17,38.38
231.40,1.03,239.31,229.28,0.21,48.42,230.70,0.22,50.98,229.85,0.22,50.35,229.68,0.17,38.84
230.56,1.04,239.52,229.79,0.21,48.49,229.86,0.22,50.78,232.28,0.22,51.30,231.77,0.17,39.92
235.69,1.03,243.57,229.47,0.21,48.15,234.99,0.22,51.58,231.08,0.22,51.02,230.68,0.17,39.09
224.37,1.04,233.15,231.07,0.21,49.57,223.67,0.22,49.27,230.52,0.22,50.85,230.03,0.17,39.07
229.75,1.03,237.57,230.07,0.21,48.99,229.05,0.22,50.31,231.65,0.22,51.17,230.82,0.17,38.47
232.68,1.03,240.37,227.75,0.21,47.54,231.98,0.22,51.03,230.21,0.22,50.51,229.84,0.17,39.31
230.82,1.04,239.70,228.22,0.21,47.93,230.12,0.22,51.00,230.98,0.22,50.92,230.83,0.17,39.82
229.92,1.03,237.37,226.50,0.21,47.29,229.22,0.22,50.20,233.26,0.22,51.60,231.35,0.17,39.21
230.87,1.04,239.24,228.44,0.21,48.03,230.17,0.22,50.94,231.44,0.22,50.97,229.12,0.17,39.08
231.54,1.04,239.71,227.44,0.21,47.61,230.84,0.22,50.95,231.48,0.22,51.15,228.48,0.17,38.92
231.31,1.04,240.91,231.85,0.22,49.99,230.61,0.22,50.71,229.99,0.22,50.54,229.55,0.17,39.57
231.75,1.03,238.17,227.47,0.21,47.33,231.05,0.22,50.54,226.75,0.22,49.45,231.84,0.17,39.18
230.53,1.04,238.92,231.13,0.21,49.28,229.83,0.22,49.71,232.76,0.22,51.62,231.49,0.17,39.66
231.16,1.04,241.28,228.27,0.21,47.83,230.46,0.23,52.62,230.44,0.22,50.63,230.24,0.17,39.67
234.64,1.03,241.66,225.68,0.21,46.86,233.94,0.22,52.34,229.55,0.22,50.25,229.96,0.17,38.13
229.61,1.04,239.00,228.94,0.21,48.25,228.91,0.22,50.61,233.30,0.22,51.67,230.78,0.17,40.09
231.94,1.03,239.64,227.33,0.21,47.50,231.24,0.22,51.41,228.19,0.22,49.81,230.07,0.17,39.06
233.11,1.04,241.61,229.58,0.21,48.34,232.41,0.22,51.79,231.27,0.22,50.93,230.34,0.17,38.93
231.09,1.05,241.87,231.12,0.22,49.81,230.39,0.23,52.19,231.89,0.22,51.29,232.73,0.17,39.46
231.15,1.04,240.00,231.54,0.21,49.69,230.45,0.22,51.15,230.28,0.22,50.57,230.08,0.17,38.72
231.42,1.03,239.12,229.10,0.21,48.26,230.72,0.22,50.79,230.71,0.22,50.81,230.78,0.17,38.85
229.96,1.03,236.94,227.32,0.21,47.45,229.26,0.22,50.63,230.01,0.22,50.43,230.94,0.17,38.70
233.28,1.04,241.56,230.28,0.21,49.15,232.58,0.22,51.00,231.83,0.22,51.14,230.40,0.17,38.79
231.57,1.04,240.90,230.56,0.21,48.76,230.87,0.22,51.15,231.71,0.22,51.00,234.92,0.17,40.71
230.68,1.03,238.66,226.33,0.21,46.98,229.98,0.22,51.05,231.80,0.22,51.18,231.06,0.17,39.37
236.99,1.04,245.88,230.02,0.21,49.09,236.29,0.22,52.45,229.61,0.22,50.38,231.17,0.17,39.03
223.93,1.03,231.43,231.00,0.21,49.55,223.23,0.23,50.24,231.19,0.22,50.93,230.21,0.16,36.78
230.43,1.03,236.98,228.56,0.21,48.12,229.73,0.22,50.92,232.54,0.22,51.57,230.55,0.16,37.02
228.34,1.03,234.76,230.15,0.21,49.31,227.64,0.22,49.90,231.01,0.22,50.87,230.06,0.16,36.95
219.40,1.03,226.07,232.45,0.22,50.27,218.70,0.22,48.36,226.31,0.22,49.57,231.51,0.16,37.06
230.72,1.03,238.25,233.90,0.22,50.38,230.02,0.22,50.89,232.45,0.22,51.54,230.29,0.16,36.95
232.08,1.03,237.97,227.80,0.21,47.64,231.38,0.22,51.33,226.35,0.22,49.46,231.11,0.16,37.44
231.16,1.04,240.73,229.36,0.21,48.30,230.46,0.22,51.65,234.35,0.22,52.27,232.25,0.17,39.42
231.48,1.03,238.64,227.50,0.21,47.40,230.78,0.22,51.12,232.64,0.22,51.58,230.76,0.17,38.18
231.92,1.03,238.87,228.67,0.21,48.27,231.22,0.22,50.95,229.25,0.22,50.11,229.61,0.17,38.14
232.60,1.04,241.22,232.09,0.21,49.88,231.90,0.22,51.20,232.65,0.22,51.64,230.60,0.17,38.16
234.87,1.04,243.60,231.07,0.21,49.14,234.17,0.22,52.13,231.91,0.22,50.80,232.51,0.17,39.29
231.84,1.02,237.52,227.51,0.21,47.48,231.14,0.22,51.14,229.37,0.22,50.10,229.23,0.16,37.20
232.47,1.04,240.67,231.50,0.21,49.59,231.77,0.22,51.55,230.97,0.22,50.88,229.99,0.16,37.82
231.46,1.03,238.60,227.56,0.21,48.08,230.76,0.22,50.72,228.68,0.22,50.03,230.25,0.17,38.48
233.77,1.03,241.30,228.82,0.21,48.23,233.07,0.22,51.49,230.94,0.22,50.93,229.12,0.17,38.06
231.75,1.04,240.94,230.31,0.21,49.06,231.05,0.22,50.61,232.94,0.22,51.94,231.14,0.17,39.46
232.61,1.03,238.99,226.48,0.21,47.11,231.91,0.22,51.04,231.68,0.22,51.00,231.60,0.17,38.29
232.29,1.03,240.19,230.49,0.21,49.30,231.59,0.22,50.84,229.39,0.22,50.32,229.50,0.17,38.41
232.72,1.04,241.27,230.16,0.21,49.17,232.02,0.22,51.48,231.62,0.22,51.33,230.83,0.17,38.26
229.01,1.03,235.34,226.81,0.21,47.10,228.31,0.22,50.18,231.62,0.22,51.04,229.92,0.17,38.16
231.54,1.03,238.29,227.14,0.21,47.35,230.84,0.22,50.93,228.69,0.22,49.90,229.12,0.17,38.50
235.53,1.04,243.79,228.80,0.21,48.26,234.83,0.22,52.28,229.42,0.22,50.16,230.54,0.17,38.97
230.26,1.03,237.34,228.10,0.21,47.72,229.56,0.22,50.29,231.64,0.22,51.20,230.99,0.17,38.71
233.80,1.04,242.17,230.20,0.21,48.96,233.10,0.22,51.35,229.24,0.22,50.31,230.17,0.17,39.01
232.72,1.04,242.08,229.81,0.21,49.05,232.02,0.22,51.74,231.20,0.22,50.84,230.24,0.17,39.14
230.35,1.04,239.26,227.95,0.21,47.94,229.65,0.22,50.95,233.02,0.22,51.67,231.64,0.17,39.59
231.94,1.03,238.39,226.32,0.21,47.20,231.24,0.22,50.73,230.08,0.22,50.41,229.69,0.17,38.33
232.40,1.04,240.95,229.50,0.21,48.55,231.70,0.22,51.33,231.09,0.22,50.83,230.14,0.17,39.09
230.45,1.04,239.27,227.20,0.21,47.45,229.75,0.22,51.14,235.09,0.22,52.75,230.24,0.17,38.81
231.43,1.03,238.35,229.56,0.21,48.69,230.73,0.22,50.89,229.42,0.22,50.04,232.84,0.17,38.46
232.12,1.02,237.34,224.85,0.21,46.53,231.42,0.22,50.73,227.97,0.22,49.68,230.27,0.16,37.89
229.91,1.03,236.49,228.03,0.21,47.93,229.21,0.22,50.44,230.53,0.22,50.56,230.69,0.17,38.10
231.16,1.03,238.34,230.60,0.21,49.18,230.46,0.22,50.77,228.65,0.22,49.78,229.00,0.17,38.00
233.23,1.03,240.97,229.33,0.21,48.29,232.53,0.22,51.44,232.08,0.22,51.41,229.97,0.17,38.19
231.08,1.03,238.68,229.14,0.21,48.40,230.38,0.22,50.91,232.33,0.22,51.45,230.87,0.17,38.17
230.36,1.04,239.28,231.70,0.22,49.96,229.66,0.22,50.27,230.34,0.22,50.60,229.73,0.17,39.20
233.95,1.03,240.99,226.27,0.21,47.07,233.25,0.22,51.95,230.72,0.22,50.61,230.12,0.17,38.23
231.58,1.04,240.08,228.10,0.21,48.31,230.88,0.22,51.35,231.60,0.22,51.11,230.20,0.17,38.66
228.91,1.02,234.37,226.95,0.21,47.27,228.21,0.22,50.35,229.01,0.22,50.12,230.70,0.16,37.43
234.55,1.02,240.21,231.93,0.22,50.02,233.85,0.22,52.17,230.30,0.22,50.26,230.00,0.15,35.25
229.99,1.03,236.92,229.51,0.21,48.95,229.29,0.22,51.07,234.00,0.22,52.22,229.57,0.16,36.06
231.81,1.04,241.06,231.15,0.21,49.63,231.11,0.22,50.90,231.34,0.22,50.93,231.12,0.17,39.50
233.53,1.03,241.41,229.75,0.21,48.54,232.83,0.22,52.02,230.52,0.22,50.83,236.45,0.16,38.94
231.79,1.04,240.88,229.20,0.21,48.64,231.09,0.22,51.70,232.66,0.22,51.48,235.72,0.17,39.63
231.92,1.03,239.04,230.12,0.21,49.00,231.22,0.22,51.08,227.36,0.22,49.70,232.61,0.16,38.24
231.70,1.03,238.82,231.42,0.21,49.55,231.00,0.22,50.98,232.70,0.22,51.81,230.84,0.16,36.79
221.47,1.04,231.14,229.01,0.21,48.60,220.77,0.22,48.42,231.98,0.22,51.27,232.66,0.18,41.24
234.97,1.03,242.23,230.05,0.21,49.17,234.27,0.22,51.35,230.86,0.22,50.60,230.10,0.16,37.95
232.47,1.02,237.92,227.68,0.21,47.63,231.77,0.22,51.37,232.37,0.22,51.48,231.21,0.16,36.34
222.32,1.03,229.09,229.53,0.21,48.71,221.62,0.22,48.90,231.07,0.22,50.94,229.71,0.16,37.49
231.92,1.02,237.24,228.50,0.21,48.14,231.22,0.22,50.98,232.84,0.22,52.00,237.86,0.15,36.77
231.30,1.03,238.73,227.28,0.21,47.20,230.60,0.22,50.82,232.02,0.22,51.44,231.80,0.17,39.05
231.93,1.04,241.26,228.36,0.21,47.96,231.23,0.22,50.52,228.20,0.22,49.56,228.34,0.18,41.26
227.38,1.05,237.81,223.51,0.21,45.83,226.68,0.22,50.32,231.33,0.22,50.84,230.14,0.19,42.61
230.20,1.04,240.40,227.61,0.21,47.51,229.50,0.22,50.79,230.52,0.22,50.41,230.61,0.18,41.90
231.57,1.04,240.61,229.41,0.21,48.59,230.87,0.22,50.65,230.13,0.22,50.37,228.85,0.18,40.07
230.35,1.06,243.59,233.35,0.22,50.50,229.65,0.22,51.67,228.00,0.22,49.54,226.87,0.18,41.96
231.61,1.04,240.82,226.45,0.21,46.83,230.91,0.22,50.38,230.13,0.22,50.61,231.34,0.18,41.87
229.93,1.04,238.46,229.41,0.21,48.62,229.23,0.22,50.70,231.58,0.22,50.95,231.96,0.17,39.46
233.06,1.03,239.94,230.10,0.21,49.22,232.36,0.22,51.93,231.16,0.22,50.76,232.91,0.16,36.96
231.66,1.02,236.79,230.05,0.21,48.51,230.96,0.22,51.01,229.61,0.22,50.13,229.64,0.16,36.34
232.46,1.04,241.24,231.94,0.22,49.88,231.76,0.22,51.70,232.89,0.22,51.47,231.73,0.16,38.18
231.10,1.01,234.19,229.97,0.21,48.33,230.40,0.22,50.65,230.95,0.22,50.67,231.62,0.15,34.77
229.49,1.02,234.19,227.15,0.21,47.84,228.79,0.22,50.87,229.78,0.22,50.41,230.58,0.15,35.57
231.03,1.03,238.10,227.18,0.21,47.35,230.33,0.22,50.98,228.53,0.22,50.52,225.93,0.17,37.49
239.92,1.05,252.87,232.82,0.21,49.76,239.22,0.22,52.59,230.87,0.22,50.60,228.25,0.19,42.76
230.67,1.05,241.84,226.70,0.21,47.09,229.97,0.22,50.51,231.55,0.22,50.87,231.27,0.19,43.36
231.57,1.05,242.76,227.27,0.21,47.24,230.87,0.22,50.53,232.34,0.22,51.27,230.68,0.19,43.15
233.34,1.03,240.94,228.30,0.21,47.98,232.64,0.22,51.44,231.45,0.22,51.14,230.00,0.17,38.28
233.84,1.05,244.87,229.72,0.21,48.66,233.14,0.22,51.47,231.40,0.22,51.01,229.84,0.18,41.43
233.24,1.05,244.00,229.16,0.21,48.55,232.54,0.22,51.14,229.00,0.22,49.93,228.60,0.18,41.70
232.14,1.02,236.50,228.44,0.21,47.95,231.44,0.22,51.25,232.93,0.22,51.65,231.23,0.15,35.11
231.37,1.02,235.63,229.75,0.21,48.59,230.67,0.22,50.81,233.48,0.22,51.79,233.71,0.15,35.28
233.12,1.02,238.33,229.25,0.21,48.53,232.42,0.22,52.02,231.46,0.22,51.05,231.10,0.15,35.23
232.85,1.04,242.43,229.68,0.21,48.84,232.15,0.22,51.81,232.84,0.22,51.47,232.00,0.17,39.54
232.29,1.02,237.80,227.45,0.21,48.05,231.59,0.22,51.27,234.97,0.22,52.41,227.83,0.15,35.12
232.38,1.04,241.85,229.33,0.21,48.35,231.68,0.22,51.42,231.25,0.22,50.98,229.92,0.17,39.92
226.94,1.03,232.67,228.29,0.21,48.25,226.24,0.22,50.38,227.01,0.22,49.42,232.08,0.16,37.05
232.27,1.05,244.89,229.50,0.21,48.53,231.57,0.22,50.94,229.46,0.22,50.27,232.05,0.19,44.08
229.99,1.04,238.41,225.94,0.21,46.90,229.29,0.22,50.14,235.16,0.22,52.40,230.56,0.17,40.04
230.14,1.04,240.20,226.63,0.21,46.95,229.44,0.22,50.59,228.21,0.22,49.67,228.42,0.18,42.16
231.62,1.05,243.07,227.20,0.21,47.61,230.92,0.22,51.17,232.90,0.22,51.63,228.83,0.18,41.81
237.55,1.04,246.46,226.14,0.21,47.29,236.85,0.22,51.93,231.47,0.22,50.84,230.35,0.18,40.45
231.44,1.04,239.83,228.15,0.21,47.73,230.74,0.22,50.32,229.83,0.22,50.28,228.33,0.18,40.26
230.45,1.02,235.58,227.82,0.21,47.38,229.75,0.22,50.54,226.48,0.22,48.84,231.75,0.16,38.19
226.84,1.03,233.76,229.30,0.21,48.91,226.14,0.22,49.71,230.46,0.22,50.66,226.97,0.16,37.16
230.86,1.02,236.43,232.42,0.21,49.92,230.16,0.22,51.36,225.37,0.22,48.96,230.49,0.16,35.74
229.74,1.03,237.64,226.06,0.21,46.91,229.04,0.22,50.21,232.40,0.22,51.34,232.23,0.17,40.15
226.71,1.04,235.06,230.54,0.21,49.26,226.01,0.22,49.96,230.51,0.22,50.69,230.26,0.17,38.76
233.14,1.03,241.00,228.37,0.21,47.72,232.44,0.22,51.19,233.05,0.22,51.68,232.00,0.17,39.19
238.61,1.02,243.89,228.69,0.21,48.25,237.91,0.22,53.51,231.01,0.22,50.67,230.81,0.15,35.32
231.83,1.05,244.26,232.80,0.22,50.12,231.13,0.22,51.51,232.90,0.22,51.74,228.82,0.18,41.05
229.46,1.04,238.60,226.19,0.21,46.85,228.76,0.22,49.91,228.71,0.22,49.75,230.21,0.18,42.15
232.26,1.05,243.81,229.47,0.21,48.17,231.56,0.22,51.26,229.48,0.22,50.11,228.09,0.19,42.48
230.49,1.04,240.65,224.70,0.21,46.16,229.79,0.22,50.61,232.66,0.22,51.22,223.69,0.18,41.25
231.78,1.04,241.54,228.05,0.21,48.14,231.08,0.22,50.62,229.63,0.22,50.16,227.80,0.18,40.92
233.03,1.04,242.22,227.24,0.21,47.31,232.33,0.22,50.56,230.18,0.22,50.35,229.47,0.18,41.53
229.23,1.04,238.24,226.29,0.21,46.89,228.53,0.22,50.36,230.28,0.22,50.60,228.09,0.18,40.62
228.37,1.02,233.67,227.26,0.21,47.12,227.67,0.22,49.98,225.49,0.22,48.89,230.87,0.17,38.24
230.15,1.05,240.63,234.08,0.22,51.12,229.45,0.22,51.38,230.75,0.22,50.76,230.97,0.17,39.11
229.44,1.04,238.44,229.45,0.21,48.80,228.74,0.22,50.39,229.13,0.22,50.04,229.80,0.17,39.98
225.99,1.05,237.72,230.79,0.21,49.34,225.29,0.22,49.81,230.93,0.22,50.83,230.50,0.18,42.18
231.28,1.03,239.17,227.91,0.21,48.15,230.58,0.22,51.04,231.73,0.22,51.12,230.29,0.17,38.45
231.84,1.04,240.66,230.92,0.21,49.42,231.14,0.22,50.48,228.78,0.22,49.76,228.91,0.17,39.88
229.49,1.06,242.36,230.84,0.21,49.42,228.79,0.22,50.98,231.60,0.22,50.96,231.08,0.19,42.80
232.05,1.03,238.23,226.95,0.21,47.05,231.35,0.22,50.77,229.62,0.22,50.19,226.58,0.17,37.93
230.88,1.05,241.44,229.26,0.21,48.81,230.18,0.22,50.20,230.27,0.22,50.38,228.13,0.18,41.53
231.41,1.05,242.44,231.40,0.21,49.41,230.71,0.22,51.18,232.81,0.22,51.67,230.71,0.18,40.72
231.84,1.05,242.88,233.14,0.22,50.58,231.14,0.23,53.59,225.98,0.22,48.76,228.99,0.17,38.74
234.18,1.05,245.67,232.12,0.21,49.35,233.48,0.22,51.60,232.67,0.22,51.45,228.14,0.18,41.18
229.70,1.04,238.14,226.73,0.21,47.08,229.00,0.22,50.10,228.17,0.22,49.55,228.78,0.18,41.02
233.00,1.01,235.55,227.21,0.21,47.43,232.30,0.22,51.29,230.50,0.22,50.61,230.02,0.15,34.03
233.26,1.02,237.34,229.66,0.21,48.38,232.56,0.22,51.06,224.58,0.22,48.56,232.28,0.16,36.51
229.27,1.03,236.66,231.41,0.22,49.77,228.57,0.22,50.78,223.59,0.21,48.05,231.40,0.17,38.48
229.24,1.03,236.76,228.44,0.21,47.75,228.54,0.22,50.52,232.10,0.22,51.36,230.08,0.17,38.55
229.91,1.02,234.59,226.81,0.21,47.36,229.21,0.22,50.10,232.09,0.22,51.30,230.92,0.16,36.50
230.13,1.03,237.26,231.04,0.21,49.62,229.43,0.22,50.82,231.22,0.22,50.86,229.61,0.16,36.93
231.46,1.04,241.76,228.90,0.21,48.55,230.76,0.22,50.21,229.57,0.22,50.29,230.30,0.18,41.89
227.30,1.03,233.58,229.70,0.21,48.98,226.60,0.22,49.52,231.20,0.22,50.79,229.57,0.16,37.26
236.26,1.04,246.81,231.20,0.22,50.02,235.56,0.22,52.14,231.84,0.22,51.18,231.09,0.17,39.82
232.52,1.03,240.34,228.16,0.21,47.51,231.82,0.22,52.11,231.52,0.22,51.12,228.57,0.17,37.93
231.61,1.02,237.34,224.70,0.21,46.21,230.91,0.22,50.44,231.74,0.22,51.21,230.11,0.17,38.15
232.78,1.03,239.00,225.48,0.21,46.52,232.08,0.22,51.06,231.35,0.22,50.88,229.22,0.17,38.18
232.22,1.05,243.06,229.84,0.21,49.04,231.52,0.22,51.35,231.04,0.22,50.65,228.59,0.18,40.79
231.97,1.02,236.37,229.26,0.21,48.19,231.27,0.22,50.94,231.70,0.22,51.04,232.18,0.15,35.84
229.11,1.02,233.61,226.69,0.21,47.25,228.41,0.22,49.87,229.58,0.22,50.22,228.43,0.16,36.61
229.85,1.02,233.46,227.81,0.21,47.55,229.15,0.22,50.50,230.60,0.22,50.60,231.07,0.15,35.42
230.24,1.01,232.70,226.48,0.21,47.01,229.54,0.22,50.10,229.21,0.22,50.04,228.00,0.15,34.80
231.43,1.03,237.85,229.39,0.21,48.92,230.73,0.22,50.50,231.72,0.22,51.13,230.15,0.16,37.08
229.62,1.01,232.79,226.19,0.21,46.82,228.92,0.22,50.49,230.84,0.22,50.40,228.43,0.15,35.19
231.97,1.01,235.34,227.56,0.21,47.89,231.27,0.22,50.47,228.83,0.22,49.88,231.28,0.15,35.61
230.32,1.05,240.97,232.29,0.21,49.85,229.62,0.22,51.13,233.06,0.22,51.66,231.76,0.17,40.20
231.19,1.04,239.76,229.14,0.21,48.05,230.49,0.22,50.56,229.72,0.22,50.23,228.78,0.18,40.15
231.62,1.04,240.85,225.76,0.21,47.30,230.92,0.22,51.24,232.03,0.22,51.35,230.70,0.17,39.97
231.92,1.04,241.97,226.67,0.21,46.90,231.22,0.23,52.21,224.47,0.22,48.38,232.21,0.18,42.08
238.48,1.03,246.03,233.05,0.21,50.01,237.78,0.22,52.46,228.94,0.22,49.94,231.17,0.16,38.01
230.83,1.01,232.76,226.18,0.21,46.53,230.13,0.22,50.34,229.13,0.22,50.01,230.44,0.15,34.97
232.77,1.01,236.07,225.75,0.21,46.68,232.07,0.22,51.12,229.11,0.22,50.02,228.28,0.15,35.36
230.16,1.03,236.74,235.30,0.22,51.33,229.46,0.22,50.23,228.98,0.22,49.81,236.77,0.16,37.92
232.30,1.01,235.09,227.95,0.21,47.80,231.60,0.22,50.88,229.76,0.22,50.34,229.77,0.15,34.40
229.39,1.01,231.78,228.81,0.21,48.44,228.69,0.22,49.63,230.79,0.22,50.61,230.34,0.15,34.22
232.30,1.01,234.08,227.65,0.21,47.53,231.60,0.22,50.93,229.10,0.22,49.97,228.60,0.15,33.59
230.61,1.02,234.44,229.51,0.21,48.44,229.91,0.22,50.49,230.27,0.22,50.47,230.79,0.15,35.28
231.05,1.05,241.66,228.20,0.21,47.90,230.35,0.23,53.69,229.20,0.22,49.93,228.32,0.17,39.09
230.98,1.03,238.74,236.71,0.22,52.22,230.28,0.22,50.95,230.00,0.22,50.57,231.00,0.16,36.49
228.43,1.02,232.93,225.26,0.21,46.72,227.73,0.22,49.87,223.78,0.21,48.01,231.08,0.16,38.10
230.59,1.03,236.49,225.53,0.21,46.37,229.89,0.22,50.65,230.02,0.22,50.56,230.74,0.17,38.30
230.09,1.03,236.49,226.87,0.21,47.07,229.39,0.22,50.22,226.61,0.22,48.85,230.95,0.17,39.71
231.79,1.02,235.80,226.05,0.21,46.42,231.09,0.22,51.20,230.50,0.22,50.39,231.48,0.16,36.56
225.34,1.02,228.89,228.54,0.21,48.36,224.64,0.22,49.16,230.34,0.22,50.62,229.70,0.15,34.84
231.85,1.02,235.72,228.08,0.21,47.85,231.15,0.22,50.87,230.30,0.22,50.55,230.18,0.15,35.32
229.89,1.01,232.71,226.05,0.21,47.00,229.19,0.22,50.17,231.45,0.22,51.00,230.64,0.15,34.89
236.49,1.01,238.80,226.60,0.21,47.08,235.79,0.22,51.51,229.93,0.22,50.17,229.77,0.15,34.80
229.06,1.03,235.40,229.12,0.21,48.43,228.36,0.22,50.18,232.22,0.22,51.20,231.00,0.16,37.47
229.75,1.00,230.76,225.71,0.21,46.43,229.05,0.22,50.02,229.67,0.22,49.97,228.48,0.15,34.01
229.82,1.02,234.94,227.37,0.21,47.51,229.12,0.22,50.61,233.33,0.22,51.61,231.29,0.16,36.39
231.60,1.01,234.37,225.11,0.21,46.58,230.90,0.22,50.29,230.51,0.22,50.63,228.39,0.15,35.11
231.36,1.02,235.90,226.27,0.21,46.99,230.66,0.22,50.54,230.00,0.22,50.49,231.18,0.16,36.86
229.49,1.01,232.61,227.57,0.21,47.72,228.79,0.22,49.96,227.29,0.22,49.30,229.52,0.15,35.54
230.36,1.01,232.96,226.46,0.21,47.07,229.66,0.22,50.21,229.93,0.22,50.29,229.34,0.15,34.91
229.71,1.04,239.12,228.60,0.21,48.13,229.01,0.22,50.38,232.50,0.22,51.17,228.70,0.18,40.35
233.37,1.02,237.79,224.60,0.21,46.58,232.67,0.22,51.63,228.89,0.22,49.69,228.75,0.16,36.29
228.30,1.02,233.50,228.05,0.21,48.10,227.60,0.22,51.00,231.03,0.22,50.91,230.56,0.15,35.40
231.38,1.02,235.71,227.48,0.21,47.54,230.68,0.22,49.84,236.13,0.22,52.88,226.88,0.16,35.35
230.41,1.02,235.72,228.26,0.21,48.18,229.71,0.22,50.23,231.01,0.22,50.74,230.51,0.16,36.84
228.62,1.02,233.89,225.92,0.21,46.91,227.92,0.22,50.15,229.40,0.22,50.03,228.70,0.16,37.37
228.58,1.01,231.39,225.02,0.21,46.37,227.88,0.22,49.62,229.43,0.22,50.07,230.26,0.16,36.01
230.61,1.01,233.14,224.66,0.21,46.34,229.91,0.22,50.49,228.33,0.22,49.61,230.01,0.15,35.40
228.82,1.02,233.75,228.35,0.21,48.12,228.12,0.22,50.30,229.75,0.22,50.35,230.04,0.16,36.17
230.05,1.01,231.25,226.92,0.21,47.63,229.35,0.22,50.31,229.60,0.22,50.14,228.86,0.14,32.90
230.11,1.01,233.25,227.22,0.21,47.45,229.41,0.22,50.63,231.82,0.22,51.04,226.60,0.15,34.00
230.03,1.02,234.46,227.35,0.21,47.35,229.33,0.22,50.23,228.54,0.22,49.77,228.83,0.16,36.69
233.66,1.01,236.57,228.66,0.21,48.01,232.96,0.22,51.46,233.61,0.22,51.72,230.97,0.15,33.79
226.81,1.04,236.04,229.03,0.21,48.60,226.11,0.22,49.97,224.98,0.22,48.47,229.52,0.18,40.90
229.48,1.01,230.73,227.48,0.21,47.44,228.78,0.22,50.44,229.58,0.22,50.09,232.29,0.14,33.53
232.04,1.03,239.04,227.97,0.21,47.41,231.34,0.22,50.77,228.39,0.22,49.55,229.64,0.17,39.48
230.40,1.04,239.71,228.25,0.21,48.09,229.70,0.22,50.72,230.81,0.22,50.51,226.33,0.18,39.88
227.95,1.05,238.49,229.52,0.21,48.60,227.25,0.22,50.46,227.26,0.22,49.70,228.76,0.18,41.15
228.72,1.05,239.40,229.25,0.21,48.61,228.02,0.22,50.47,230.72,0.22,50.65,227.44,0.18,40.91
229.15,0.86,196.45,220.26,0.21,45.64,228.45,0.22,49.82,224.31,0.22,48.92,0.00,0.00,0.00
221.33,0.87,191.89,222.61,0.21,46.98,220.63,0.22,48.83,227.49,0.22,50.22,0.00,0.00,0.00
218.09,0.86,188.39,224.46,0.21,47.84,217.39,0.22,47.64,223.79,0.22,48.72,0.00,0.00,0.00
224.53,0.86,192.46,225.81,0.21,48.24,223.83,0.22,48.72,218.07,0.21,46.23,0.00,0.00,0.00
224.98,0.86,192.75,223.60,0.21,47.40,224.28,0.22,48.91,219.47,0.21,46.72,0.00,0.00,0.00
224.05,0.86,191.66,224.09,0.21,47.61,223.35,0.22,48.71,217.12,0.21,45.82,0.00,0.00,0.00
225.12,0.87,194.96,222.39,0.21,46.90,224.42,0.22,49.64,226.91,0.22,49.93,0.00,0.00,0.00
226.16,0.87,197.79,225.50,0.21,48.26,225.46,0.22,50.69,228.53,0.22,50.70,0.00,0.00,0.00
225.59,0.85,192.12,218.25,0.21,45.16,224.89,0.22,49.28,217.67,0.21,46.08,0.00,0.00,0.00
226.08,0.86,194.67,224.17,0.21,47.85,225.38,0.22,49.78,218.42,0.21,46.49,0.00,0.00,0.00
220.88,0.86,190.33,222.68,0.21,46.91,220.18,0.22,48.15,224.92,0.22,49.14,0.00,0.00,0.00
219.43,0.86,188.37,223.26,0.21,47.32,218.73,0.22,48.10,218.38,0.21,46.46,0.00,0.00,0.00
225.02,0.87,195.22,227.58,0.22,49.13,224.32,0.22,48.93,226.19,0.22,49.69,0.00,0.00,0.00
223.92,0.86,192.94,226.40,0.21,48.52,223.22,0.22,49.30,219.06,0.21,46.57,0.00,0.00,0.00
219.90,0.87,190.51,224.03,0.21,47.51,219.20,0.22,48.34,225.80,0.22,49.64,0.00,0.00,0.00
223.62,0.84,187.79,209.90,0.20,41.67,222.92,0.22,48.34,216.38,0.21,45.54,0.00,0.00,0.00
218.40,0.86,187.24,221.59,0.21,46.66,217.70,0.22,47.80,219.70,0.21,46.87,0.00,0.00,0.00
223.50,0.85,190.50,219.03,0.21,45.38,222.80,0.22,48.87,218.03,0.21,46.21,0.00,0.00,0.00
223.07,0.87,192.96,230.62,0.22,50.49,222.37,0.22,49.17,217.21,0.21,45.86,0.00,0.00,0.00
224.21,0.87,194.47,223.93,0.21,47.52,223.51,0.22,49.28,227.10,0.22,50.14,0.00,0.00,0.00
223.33,0.85,190.76,222.29,0.21,46.78,222.63,0.22,48.45,218.42,0.21,46.34,0.00,0.00,0.00
227.22,0.87,198.18,227.74,0.22,49.35,226.52,0.22,49.93,227.78,0.22,50.39,0.00,0.00,0.00
224.23,0.86,193.54,222.67,0.21,46.94,223.53,0.22,49.17,224.37,0.22,49.01,0.00,0.00,0.00
223.46,0.86,193.02,229.00,0.22,50.05,222.76,0.22,48.53,219.62,0.21,46.89,0.00,0.00,0.00
226.13,0.87,195.68,222.53,0.21,46.97,225.43,0.22,49.67,226.84,0.22,49.92,0.00,0.00,0.00
223.12,0.86,192.11,221.40,0.21,46.41,222.42,0.22,48.50,226.05,0.22,49.61,0.00,0.00,0.00
223.74,0.87,193.72,228.09,0.22,49.49,223.04,0.22,49.18,220.56,0.21,47.32,0.00,0.00,0.00
224.78,0.86,193.01,219.12,0.21,45.53,224.08,0.22,49.16,223.42,0.22,48.63,0.00,0.00,0.00
224.66,0.86,192.86,227.66,0.22,49.25,223.96,0.22,48.74,216.73,0.21,45.65,0.00,0.00,0.00
222.05,0.85,189.75,223.49,0.21,47.42,221.35,0.22,47.89,218.22,0.21,46.30,0.00,0.00,0.00
220.86,0.87,191.43,224.15,0.21,47.67,220.16,0.22,48.45,227.09,0.22,49.99,0.00,0.00,0.00
225.60,0.85,192.83,221.87,0.21,46.76,224.90,0.22,49.06,218.45,0.21,46.30,0.00,0.00,0.00
224.58,0.86,193.82,223.15,0.21,47.20,223.88,0.22,49.64,221.68,0.22,47.86,0.00,0.00,0.00
226.97,0.86,194.39,224.11,0.21,47.72,226.27,0.22,49.34,218.04,0.21,46.14,0.00,0.00,0.00
224.74,0.86,193.78,222.07,0.21,46.80,224.04,0.22,49.37,223.39,0.22,48.54,0.00,0.00,0.00
228.21,0.87,197.76,224.03,0.21,47.72,227.51,0.22,49.76,228.72,0.22,50.54,0.00,0.00,0.00
224.17,0.86,192.64,221.58,0.21,46.47,223.47,0.22,48.92,223.63,0.22,48.50,0.00,0.00,0.00
227.69,0.87,198.91,227.97,0.22,49.41,226.99,0.22,50.79,225.48,0.22,49.44,0.00,0.00,0.00
226.29,0.87,197.13,231.31,0.22,50.80,225.59,0.22,50.59,219.27,0.21,46.78,0.00,0.00,0.00
225.07,0.87,195.63,229.08,0.22,49.82,224.37,0.22,49.46,223.46,0.22,48.57,0.00,0.00,0.00
227.48,0.86,195.48,218.82,0.21,45.41,226.78,0.22,50.52,221.59,0.22,47.67,0.00,0.00,0.00
226.56,0.87,197.24,228.67,0.22,49.57,225.86,0.22,49.85,225.36,0.22,49.41,0.00,0.00,0.00
224.06,0.86,192.52,223.13,0.21,47.04,223.36,0.22,49.52,219.35,0.21,46.68,0.00,0.00,0.00
225.92,0.87,196.50,224.73,0.21,47.89,225.22,0.22,49.81,227.89,0.22,50.50,0.00,0.00,0.00
226.47,0.87,197.57,228.43,0.22,49.53,225.77,0.22,50.43,225.85,0.22,49.30,0.00,0.00,0.00
225.94,0.86,193.99,224.36,0.21,47.57,225.24,0.22,49.81,217.50,0.21,46.01,0.00,0.00,0.00
225.63,1.06,239.76,222.59,0.21,46.99,224.93,0.23,51.19,233.92,0.23,53.21,172.03,0.18,31.41
225.95,1.05,237.79,224.06,0.21,47.10,225.25,0.22,49.34,227.85,0.22,49.89,227.99,0.19,43.39
228.95,1.06,241.72,226.60,0.21,48.17,228.25,0.22,50.51,227.44,0.22,49.84,225.69,0.19,42.63
226.65,1.03,233.32,223.73,0.21,46.83,225.95,0.22,49.63,230.54,0.22,50.81,226.27,0.17,37.61
224.08,1.06,236.96,226.83,0.21,47.94,223.38,0.22,48.79,227.79,0.22,49.76,227.17,0.20,44.39
227.52,1.07,243.42,227.34,0.22,49.02,226.82,0.22,49.98,229.96,0.22,50.56,227.54,0.20,45.55
229.48,1.06,242.18,226.41,0.21,47.74,228.78,0.22,49.86,224.86,0.22,48.55,227.02,0.20,44.67
227.23,0.87,197.39,227.87,0.21,48.37,226.53,0.22,50.49,226.96,0.22,49.85,0.00,0.00,0.00
223.79,0.86,193.31,220.99,0.21,46.33,223.09,0.22,49.54,224.24,0.22,48.93,0.00,0.00,0.00
218.63,0.86,187.92,221.10,0.21,46.23,217.93,0.22,47.70,224.04,0.22,48.77,0.00,0.00,0.00
224.54,0.87,194.37,226.67,0.22,48.77,223.84,0.22,49.15,222.85,0.22,48.37,0.00,0.00,0.00
224.76,0.86,193.10,220.10,0.21,45.93,224.06,0.22,48.87,224.26,0.22,48.99,0.00,0.00,0.00
226.53,0.85,193.42,217.54,0.21,44.71,225.83,0.22,49.85,220.22,0.21,47.06,0.00,0.00,0.00
230.69,0.86,198.94,223.82,0.21,47.46,229.99,0.22,50.79,222.65,0.22,48.00,0.00,0.00,0.00
223.24,0.87,194.28,227.80,0.22,49.27,222.54,0.22,48.88,226.89,0.22,50.02,0.00,0.00,0.00
223.65,0.87,193.69,222.72,0.21,47.01,222.95,0.22,49.34,225.68,0.22,49.60,0.00,0.00,0.00
219.46,0.86,189.36,224.68,0.21,47.41,218.76,0.22,47.66,227.22,0.22,50.02,0.00,0.00,0.00
219.16,0.86,188.80,220.72,0.21,46.08,218.46,0.22,47.88,226.65,0.22,49.78,0.00,0.00,0.00
225.57,0.86,194.87,223.68,0.21,47.49,224.87,0.22,49.46,223.82,0.22,48.74,0.00,0.00,0.00
222.16,0.86,191.51,223.57,0.21,47.26,221.46,0.22,48.35,225.15,0.22,49.19,0.00,0.00,0.00
226.68,0.87,196.32,222.55,0.21,47.02,225.98,0.22,49.81,227.35,0.22,50.13,0.00,0.00,0.00
227.72,0.86,196.72,227.56,0.22,49.16,227.02,0.22,49.14,223.47,0.22,48.60,0.00,0.00,0.00
220.61,0.86,189.50,223.52,0.21,47.30,219.91,0.22,48.72,218.38,0.21,46.30,0.00,0.00,0.00
224.09,0.86,191.91,223.90,0.21,47.43,223.39,0.22,49.10,216.82,0.21,45.72,0.00,0.00,0.00
223.12,0.86,191.09,218.92,0.21,45.46,222.42,0.22,48.30,224.02,0.22,48.79,0.00,0.00,0.00
223.91,0.86,191.46,222.66,0.21,46.90,223.21,0.22,48.73,217.61,0.21,46.20,0.00,0.00,0.00
221.08,0.85,188.75,218.60,0.21,45.41,220.38,0.22,48.68,217.08,0.21,45.86,0.00,0.00,0.00
223.58,0.86,193.24,222.20,0.21,46.80,222.88,0.22,49.17,225.79,0.22,49.49,0.00,0.00,0.00
222.62,0.86,191.00,216.71,0.21,44.53,221.92,0.22,49.14,224.03,0.22,48.66,0.00,0.00,0.00
224.29,0.85,191.66,225.13,0.21,47.90,223.59,0.22,48.82,215.33,0.21,45.12,0.00,0.00,0.00
218.48,0.86,187.58,224.99,0.21,48.08,217.78,0.22,47.72,217.60,0.21,46.11,0.00,0.00,0.00
222.12,0.86,191.94,224.58,0.21,47.81,221.42,0.22,48.52,224.61,0.22,49.02,0.00,0.00,0.00
219.36,0.86,188.42,219.82,0.21,45.70,218.66,0.22,47.96,223.97,0.22,48.79,0.00,0.00,0.00
225.32,0.87,195.08,222.90,0.21,47.12,224.62,0.22,49.58,226.88,0.22,49.88,0.00,0.00,0.00
234.92,0.85,199.98,220.84,0.21,46.15,234.22,0.22,51.20,215.96,0.21,45.32,0.00,0.00,0.00
225.35,0.87,194.95,226.96,0.21,48.78,224.65,0.22,49.54,224.88,0.22,48.52,0.00,0.00,0.00
223.50,0.86,191.10,216.58,0.21,44.53,222.80,0.22,48.74,222.93,0.22,48.32,0.00,0.00,0.00
218.91,0.86,187.98,216.42,0.20,44.27,218.21,0.22,48.02,227.14,0.22,50.01,0.00,0.00,0.00
224.74,0.86,192.54,219.80,0.21,45.83,224.04,0.22,49.65,219.26,0.21,46.65,0.00,0.00,0.00
223.92,0.86,191.85,223.40,0.21,47.15,223.22,0.22,49.08,217.74,0.21,46.16,0.00,0.00,0.00
223.95,0.86,193.05,221.93,0.21,46.68,223.25,0.22,49.28,223.24,0.22,48.46,0.00,0.00,0.00
222.80,0.86,192.51,222.37,0.21,46.83,222.10,0.22,49.30,224.32,0.22,48.80,0.00,0.00,0.00
218.91,0.85,186.48,215.07,0.20,43.76,218.21,0.22,47.68,222.56,0.22,48.07,0.00,0.00,0.00
224.11,0.86,191.98,216.15,0.20,43.91,223.41,0.22,48.95,227.12,0.22,50.09,0.00,0.00,0.00
229.96,0.86,197.75,225.83,0.21,48.48,229.26,0.22,50.40,218.23,0.21,46.18,0.00,0.00,0.00
223.79,0.86,192.23,226.92,0.22,48.79,223.09,0.22,48.68,218.72,0.21,46.34,0.00,0.00,0.00
224.85,0.86,193.45,221.91,0.21,46.51,224.15,0.22,48.93,225.20,0.22,49.23,0.00,0.00,0.00
222.01,0.86,190.85,223.46,0.21,47.21,221.31,0.22,48.96,219.99,0.21,46.91,0.00,0.00,0.00
225.76,0.86,194.21,220.66,0.21,46.20,225.06,0.22,49.12,225.17,0.22,49.24,0.00,0.00,0.00
226.39,0.86,195.43,221.61,0.21,46.49,225.69,0.22,49.35,227.70,0.22,50.31,0.00,0.00,0.00
219.70,0.85,187.42,216.85,0.21,44.56,219.00,0.22,47.99,221.27,0.21,47.48,0.00,0.00,0.00
226.61,0.87,196.65,220.55,0.21,46.02,225.91,0.22,49.66,233.80,0.23,52.70,0.00,0.00,0.00
220.84,0.75,164.62,218.96,0.21,45.36,220.14,0.22,47.98,0.00,0.11,0.00,0.00,0.00,0.00
225.28,0.86,194.24,222.03,0.21,46.67,224.58,0.22,49.45,224.85,0.22,49.01,0.00,0.00,0.00
224.54,0.86,193.16,223.95,0.21,47.37,223.84,0.22,48.32,225.27,0.22,49.32,0.00,0.00,0.00
225.68,0.86,194.37,220.67,0.21,46.66,224.98,0.22,48.88,225.71,0.22,49.35,0.00,0.00,0.00
224.62,0.86,192.96,220.69,0.21,46.17,223.92,0.22,48.79,225.12,0.22,49.09,0.00,0.00,0.00
223.84,0.86,191.60,220.03,0.21,45.85,223.14,0.22,49.17,219.75,0.21,46.89,0.00,0.00,0.00
222.42,0.87,192.74,222.68,0.21,47.00,221.72,0.23,49.99,222.29,0.22,48.05,0.00,0.00,0.00
223.35,0.86,191.93,220.07,0.21,45.88,222.65,0.22,48.95,223.85,0.22,48.60,0.00,0.00,0.00
225.81,0.87,196.26,223.19,0.21,47.12,225.11,0.22,49.91,229.35,0.22,51.01,0.00,0.00,0.00
224.53,0.86,194.04,223.64,0.21,47.45,223.83,0.22,49.24,224.51,0.22,48.97,0.00,0.00,0.00
224.31,0.87,194.33,223.44,0.21,47.32,223.61,0.22,49.38,226.36,0.22,49.76,0.00,0.00,0.00
227.61,0.87,197.47,223.61,0.21,47.25,226.91,0.22,50.48,226.12,0.22,49.73,0.00,0.00,0.00
226.42,0.86,195.46,222.69,0.21,46.88,225.72,0.22,49.60,225.54,0.22,49.43,0.00,0.00,0.00
221.54,0.86,191.18,219.96,0.21,45.84,220.84,0.22,48.55,228.25,0.22,50.40,0.00,0.00,0.00
226.09,0.87,196.56,221.30,0.21,46.52,225.39,0.23,50.73,226.59,0.22,49.90,0.00,0.00,0.00
224.40,0.87,194.38,223.19,0.21,47.08,223.70,0.22,49.63,225.94,0.22,49.60,0.00,0.00,0.00
225.13,0.86,193.63,215.80,0.20,44.08,224.43,0.23,50.60,223.35,0.22,48.35,0.00,0.00,0.00
226.50,0.86,193.83,218.31,0.21,45.13,225.80,0.22,48.98,224.57,0.22,49.01,0.00,0.00,0.00
222.76,0.87,192.88,225.27,0.21,47.95,222.06,0.22,49.20,223.78,0.22,48.69,0.00,0.00,0.00
230.10,0.88,201.52,230.78,0.22,50.57,229.40,0.22,51.40,225.77,0.22,49.37,0.00,0.00,0.00
225.64,0.87,195.40,226.89,0.22,49.02,224.94,0.22,48.93,225.59,0.22,49.30,0.00,0.00,0.00
224.37,0.86,193.50,222.28,0.21,46.58,223.67,0.22,49.09,226.61,0.22,49.74,0.00,0.00,0.00
226.16,0.86,194.58,222.11,0.21,46.70,225.46,0.22,49.75,221.66,0.22,47.78,0.00,0.00,0.00
221.51,0.87,192.77,220.81,0.21,46.14,220.81,0.23,49.76,228.51,0.22,50.74,0.00,0.00,0.00
223.42,0.86,191.16,218.64,0.21,45.24,222.72,0.22,48.88,222.24,0.22,47.85,0.00,0.00,0.00
225.59,0.85,190.84,214.54,0.20,43.28,224.89,0.22,48.99,218.96,0.21,46.53,0.00,0.00,0.00
222.59,0.86,191.46,219.81,0.21,45.65,221.89,0.22,48.70,225.94,0.22,49.51,0.00,0.00,0.00
223.76,0.86,192.52,220.77,0.21,46.16,223.06,0.22,48.88,225.11,0.22,49.14,0.00,0.00,0.00
224.90,0.86,192.92,220.72,0.21,46.19,224.20,0.22,48.89,223.53,0.22,48.42,0.00,0.00,0.00
223.52,0.86,191.22,218.81,0.21,45.35,222.82,0.22,48.39,223.43,0.22,48.53,0.00,0.00,0.00
222.56,0.86,191.89,223.79,0.21,47.48,221.86,0.22,48.64,223.18,0.22,48.42,0.00,0.00,0.00
224.11,0.86,191.94,221.48,0.21,46.42,223.41,0.22,48.36,223.03,0.22,48.29,0.00,0.00,0.00
225.52,0.87,195.26,223.46,0.21,47.28,224.82,0.22,49.66,226.30,0.22,49.67,0.00,0.00,0.00
226.33,0.87,196.58,224.79,0.21,47.96,225.63,0.22,49.86,226.73,0.22,49.96,0.00,0.00,0.00
224.39,0.86,193.58,223.35,0.21,47.17,223.69,0.22,48.77,225.96,0.22,49.62,0.00,0.00,0.00
226.73,0.88,198.44,227.71,0.22,49.16,226.03,0.22,50.82,227.42,0.22,50.18,0.00,0.00,0.00
226.70,0.86,195.85,226.13,0.21,48.41,226.00,0.22,49.90,221.29,0.22,47.62,0.00,0.00,0.00
224.52,0.87,194.40,224.11,0.21,47.57,223.82,0.22,49.16,226.76,0.22,49.90,0.00,0.00,0.00
227.06,0.87,196.87,225.24,0.21,48.04,226.36,0.22,50.26,223.93,0.22,48.78,0.00,0.00,0.00
226.05,0.87,197.12,229.51,0.22,49.84,225.35,0.22,50.28,226.03,0.22,49.24,0.00,0.00,0.00
224.06,0.86,192.97,221.74,0.21,46.50,223.36,0.22,49.04,224.35,0.22,48.93,0.00,0.00,0.00
224.70,0.87,194.48,225.04,0.21,47.95,224.00,0.22,49.42,223.99,0.22,48.82,0.00,0.00,0.00
223.59,0.86,193.27,223.64,0.21,47.41,222.89,0.22,49.26,224.09,0.22,48.75,0.00,0.00,0.00
223.94,0.87,194.81,226.60,0.22,48.79,223.24,0.22,49.21,226.58,0.22,49.92,0.00,0.00,0.00
224.29,0.86,193.71,227.20,0.22,48.93,223.59,0.22,48.84,223.16,0.22,48.19,0.00,0.00,0.00
224.35,0.86,193.62,221.56,0.21,46.46,223.65,0.22,48.82,228.73,0.22,50.60,0.00,0.00,0.00
224.70,0.87,195.02,224.78,0.21,47.97,224.00,0.22,49.32,226.94,0.22,50.03,0.00,0.00,0.00
226.10,0.86,195.38,221.66,0.21,46.57,225.40,0.22,50.19,224.24,0.22,48.76,0.00,0.00,0.00
227.18,0.86,195.66,224.79,0.21,47.83,226.48,0.22,49.96,220.51,0.21,47.18,0.00,0.00,0.00
227.70,0.87,198.18,226.56,0.21,48.65,227.00,0.22,50.32,227.10,0.22,49.98,0.00,0.00,0.00
225.12,0.88,197.26,228.51,0.22,49.49,224.42,0.23,50.50,228.12,0.22,50.37,0.00,0.00,0.00
229.32,0.87,199.23,223.68,0.21,47.39,228.62,0.22,50.80,227.25,0.22,50.20,0.00,0.00,0.00
224.71,0.86,194.09,223.96,0.21,47.50,224.01,0.22,49.13,224.81,0.22,49.11,0.00,0.00,0.00
226.23,0.87,197.05,224.05,0.21,47.52,225.53,0.22,50.29,229.10,0.22,50.87,0.00,0.00,0.00
226.68,0.86,195.47,227.64,0.22,49.06,225.98,0.22,49.70,219.13,0.21,46.68,0.00,0.00,0.00
224.88,0.86,194.29,225.46,0.21,47.93,224.18,0.22,49.29,224.05,0.22,48.75,0.00,0.00,0.00
224.70,0.86,193.66,223.02,0.21,47.09,224.00,0.22,49.14,224.09,0.22,48.73,0.00,0.00,0.00
226.57,0.86,195.41,222.90,0.21,47.10,225.87,0.22,49.58,224.48,0.22,48.89,0.00,0.00,0.00
225.34,0.86,194.54,225.41,0.21,48.15,224.64,0.22,49.09,223.82,0.22,48.63,0.00,0.00,0.00
223.24,0.87,193.36,224.68,0.21,47.87,222.54,0.22,49.19,224.52,0.22,48.99,0.00,0.00,0.00
226.92,0.87,196.92,224.84,0.21,47.90,226.22,0.22,49.96,226.36,0.22,49.81,0.00,0.00,0.00
232.31,0.86,200.31,223.06,0.21,47.10,231.61,0.22,50.56,225.80,0.22,49.43,0.00,0.00,0.00
225.41,0.88,197.23,231.72,0.22,50.82,224.71,0.22,49.85,226.79,0.22,49.89,0.00,0.00,0.00
227.98,0.87,199.09,229.73,0.22,49.89,227.28,0.22,50.87,225.19,0.22,49.18,0.00,0.00,0.00
225.35,0.86,194.20,227.89,0.22,49.10,224.65,0.22,48.97,221.02,0.21,47.41,0.00,0.00,0.00
226.74,0.86,195.88,222.36,0.21,46.91,226.04,0.22,49.69,225.22,0.22,49.38,0.00,0.00,0.00
226.70,0.87,197.35,222.72,0.21,46.93,226.00,0.22,50.70,229.52,0.22,50.87,0.00,0.00,0.00
225.02,0.87,195.57,226.58,0.21,48.53,224.32,0.22,50.26,223.84,0.22,48.57,0.00,0.00,0.00
224.66,0.86,194.09,224.93,0.21,47.92,223.96,0.22,49.12,224.09,0.22,48.78,0.00,0.00,0.00
223.56,0.86,192.94,222.11,0.21,46.81,222.86,0.22,48.78,226.26,0.22,49.67,0.00,0.00,0.00
225.20,0.87,195.53,224.58,0.21,47.78,224.50,0.22,49.71,226.93,0.22,49.97,0.00,0.00,0.00
224.43,0.86,192.89,221.51,0.21,46.39,223.73,0.22,48.85,224.69,0.22,48.94,0.00,0.00,0.00
226.24,0.86,194.74,223.84,0.21,47.48,225.54,0.22,49.57,221.38,0.22,47.60,0.00,0.00,0.00
225.28,0.86,194.50,222.47,0.21,46.80,224.58,0.22,49.10,227.17,0.22,50.09,0.00,0.00,0.00
226.14,0.86,194.96,220.63,0.21,46.18,225.44,0.22,49.60,225.72,0.22,49.40,0.00,0.00,0.00
226.93,0.86,195.85,222.43,0.21,46.93,226.23,0.22,49.84,224.24,0.22,48.86,0.00,0.00,0.00
219.18,0.87,191.37,216.88,0.20,44.42,218.48,0.24,51.65,224.37,0.22,48.92,0.00,0.00,0.00
226.23,0.87,195.92,228.89,0.22,49.51,225.53,0.22,49.12,224.09,0.22,48.86,0.00,0.00,0.00
225.49,0.87,196.44,230.32,0.22,50.16,224.79,0.22,49.48,226.44,0.22,49.66,0.00,0.00,0.00
228.11,0.87,197.32,224.90,0.21,48.09,227.41,0.22,50.50,220.75,0.22,47.51,0.00,0.00,0.00
224.32,0.87,195.44,230.30,0.22,50.10,223.62,0.22,49.41,225.88,0.22,49.44,0.00,0.00,0.00
226.40,0.86,194.32,217.67,0.21,44.84,225.70,0.22,50.02,224.05,0.22,48.57,0.00,0.00,0.00
228.09,0.87,197.66,224.39,0.21,47.74,227.39,0.22,50.43,225.31,0.22,49.16,0.00,0.00,0.00
227.05,0.86,195.20,221.46,0.21,46.54,226.35,0.22,48.95,225.42,0.22,49.47,0.00,0.00,0.00
224.64,0.86,193.55,221.98,0.21,46.73,223.94,0.22,48.99,225.17,0.22,49.19,0.00,0.00,0.00
225.78,0.87,195.62,222.09,0.21,46.67,225.08,0.22,50.48,224.45,0.22,48.96,0.00,0.00,0.00
224.74,0.86,194.20,225.43,0.22,48.65,224.04,0.21,47.83,226.73,0.22,50.08,0.00,0.00,0.00
223.45,0.86,192.89,223.19,0.21,47.21,222.75,0.22,48.96,224.30,0.22,48.91,0.00,0.00,0.00
224.77,0.87,194.86,223.69,0.21,47.54,224.07,0.22,49.42,227.06,0.22,49.96,0.00,0.00,0.00
224.73,0.86,193.84,221.90,0.21,46.54,224.03,0.22,49.60,224.24,0.22,48.77,0.00,0.00,0.00
225.19,0.85,191.62,216.54,0.21,44.40,224.49,0.22,49.48,217.97,0.21,46.12,0.00,0.00,0.00
231.35,0.87,200.74,223.52,0.21,47.33,230.65,0.22,51.50,225.42,0.22,49.32,0.00,0.00,0.00
220.33,0.86,190.55,224.16,0.21,47.71,219.63,0.22,48.15,225.30,0.22,49.32,0.00,0.00,0.00
226.62,0.86,193.84,219.12,0.21,45.61,225.92,0.22,49.67,219.48,0.21,46.85,0.00,0.00,0.00
222.15,0.86,190.91,216.45,0.20,44.34,221.45,0.22,48.98,226.11,0.22,49.61,0.00,0.00,0.00
221.10,0.86,189.91,219.04,0.21,45.47,220.40,0.22,48.18,224.26,0.22,49.08,0.00,0.00,0.00
226.46,0.87,196.18,228.94,0.22,49.62,225.76,0.22,50.19,219.72,0.21,46.88,0.00,0.00,0.00
228.88,0.85,195.62,218.63,0.21,45.47,228.18,0.22,50.23,219.59,0.21,46.71,0.00,0.00,0.00
218.88,0.86,187.61,216.29,0.20,44.31,218.18,0.22,47.87,225.71,0.22,49.42,0.00,0.00,0.00
227.63,0.86,196.89,223.81,0.21,47.61,226.93,0.22,50.25,223.69,0.22,48.51,0.00,0.00,0.00
223.46,0.86,192.68,228.60,0.22,49.53,222.76,0.22,49.10,217.72,0.21,46.01,0.00,0.00,0.00
225.11,0.86,194.64,224.82,0.21,47.91,224.41,0.22,49.89,222.19,0.22,47.85,0.00,0.00,0.00
221.94,0.86,191.35,219.92,0.21,45.76,221.24,0.22,48.83,225.70,0.22,49.55,0.00,0.00,0.00
225.07,0.85,191.91,216.61,0.21,44.58,224.37,0.22,49.26,220.00,0.21,46.95,0.00,0.00,0.00
224.94,0.86,194.53,226.91,0.22,48.86,224.24,0.22,49.22,222.51,0.22,48.09,0.00,0.00,0.00
226.33,0.87,197.49,229.30,0.22,50.10,225.63,0.22,49.77,226.74,0.22,49.80,0.00,0.00,0.00
226.57,0.86,195.33,219.11,0.21,45.56,225.87,0.22,50.00,226.08,0.22,49.51,0.00,0.00,0.00
221.24,0.87,191.42,223.50,0.21,47.43,220.54,0.22,48.46,225.71,0.22,49.52,0.00,0.00,0.00
225.64,0.88,198.12,232.88,0.22,51.90,224.94,0.22,50.03,225.96,0.22,49.46,0.00,0.00,0.00
220.74,0.85,188.59,222.49,0.21,46.91,220.04,0.22,48.22,215.91,0.21,45.44,0.00,0.00,0.00
224.70,0.87,194.42,226.86,0.22,48.82,224.00,0.22,48.95,224.09,0.22,48.77,0.00,0.00,0.00
225.87,0.86,193.65,225.57,0.21,48.09,225.17,0.22,49.48,216.98,0.21,45.69,0.00,0.00,0.00
222.55,0.86,191.15,224.20,0.21,47.67,221.85,0.22,49.09,217.71,0.21,45.97,0.00,0.00,0.00
228.06,0.87,198.84,223.41,0.21,47.23,227.36,0.22,50.98,229.38,0.22,51.01,0.00,0.00,0.00
227.80,0.87,197.82,224.71,0.21,47.81,227.10,0.22,50.31,226.68,0.22,49.92,0.00,0.00,0.00
225.97,0.87,197.22,230.31,0.22,50.12,225.27,0.22,49.57,227.46,0.22,50.32,0.00,0.00,0.00
228.05,0.87,197.82,226.12,0.22,48.65,227.35,0.22,50.00,225.20,0.22,49.21,0.00,0.00,0.00
224.67,0.86,193.92,220.75,0.21,46.61,223.97,0.22,49.19,224.37,0.22,49.03,0.00,0.00,0.00
233.58,0.87,204.30,228.37,0.22,49.50,232.88,0.22,51.90,227.02,0.22,50.21,0.00,0.00,0.00
229.63,0.87,200.48,228.63,0.22,49.68,228.93,0.22,50.87,226.01,0.22,49.65,0.00,0.00,0.00
227.60,0.86,196.31,224.29,0.21,47.73,226.90,0.22,50.42,220.06,0.21,47.01,0.00,0.00,0.00
225.18,0.87,196.00,224.46,0.21,47.87,224.48,0.23,50.74,223.58,0.22,48.57,0.00,0.00,0.00
223.72,0.86,192.23,222.68,0.21,46.94,223.02,0.22,49.32,219.99,0.21,46.96,0.00,0.00,0.00
227.32,0.86,196.53,222.30,0.21,46.81,226.62,0.22,49.83,226.77,0.22,49.93,0.00,0.00,0.00
225.23,0.86,194.43,223.27,0.21,47.22,224.53,0.22,49.13,226.10,0.22,49.52,0.00,0.00,0.00
219.45,0.86,188.83,220.00,0.21,45.91,218.75,0.22,48.01,224.39,0.22,49.01,0.00,0.00,0.00
224.59,0.87,194.43,229.45,0.22,49.83,223.89,0.22,49.15,221.52,0.22,47.66,0.00,0.00,0.00
224.96,0.85,191.72,218.45,0.21,45.19,224.26,0.22,49.28,217.73,0.21,46.10,0.00,0.00,0.00
225.06,0.87,196.62,230.62,0.22,50.38,224.36,0.22,49.67,227.67,0.22,50.06,0.00,0.00,0.00
224.21,0.86,191.83,217.68,0.21,44.82,223.51,0.22,49.00,222.62,0.22,48.21,0.00,0.00,0.00
224.07,0.87,194.88,222.93,0.21,47.12,223.37,0.22,48.96,232.04,0.23,52.28,0.00,0.00,0.00
225.22,0.86,194.59,225.21,0.21,48.13,224.52,0.22,49.88,220.55,0.21,47.25,0.00,0.00,0.00
223.73,0.86,191.49,222.24,0.21,46.73,223.03,0.22,48.62,220.58,0.21,47.15,0.00,0.00,0.00
225.97,0.86,195.35,225.63,0.21,48.35,225.27,0.22,50.30,219.11,0.21,46.68,0.00,0.00,0.00
225.90,0.86,194.27,223.26,0.21,47.15,225.20,0.22,49.66,220.91,0.21,47.36,0.00,0.00,0.00
225.48,0.87,196.45,228.03,0.22,49.43,224.78,0.22,49.32,228.14,0.22,50.45,0.00,0.00,0.00
221.04,0.85,188.60,223.85,0.21,47.54,220.34,0.22,47.47,217.42,0.21,46.00,0.00,0.00,0.00
222.00,0.86,191.00,219.20,0.21,45.37,221.30,0.22,48.53,227.45,0.22,50.09,0.00,0.00,0.00
225.83,0.86,193.16,224.78,0.21,47.97,225.13,0.22,49.26,215.05,0.21,45.01,0.00,0.00,0.00
223.83,0.87,193.75,219.90,0.21,45.69,223.13,0.22,49.27,230.04,0.22,51.32,0.00,0.00,0.00
226.68,0.86,195.32,224.35,0.21,47.70,225.98,0.22,50.26,218.66,0.21,46.52,0.00,0.00,0.00
226.29,0.85,193.25,219.62,0.21,45.78,225.59,0.22,49.55,218.63,0.21,46.36,0.00,0.00,0.00
219.96,0.86,189.39,222.79,0.21,46.70,219.26,0.22,47.71,226.79,0.22,49.89,0.00,0.00,0.00
225.96,0.86,195.38,224.09,0.21,47.47,225.26,0.22,49.31,226.71,0.22,49.89,0.00,0.00,0.00
223.98,0.85,191.42,221.11,0.21,46.37,223.28,0.22,49.23,217.05,0.21,45.69,0.00,0.00,0.00
228.14,0.86,196.09,222.82,0.21,47.22,227.44,0.22,50.10,218.83,0.21,46.71,0.00,0.00,0.00
219.18,0.85,187.02,222.64,0.21,47.09,218.48,0.22,47.84,214.97,0.21,44.92,0.00,0.00,0.00
223.93,0.87,194.46,224.11,0.21,47.57,223.23,0.22,49.11,229.10,0.22,50.92,0.00,0.00,0.00
219.93,0.86,189.15,224.72,0.21,47.70,219.23,0.22,48.54,217.73,0.21,46.28,0.00,0.00,0.00
222.40,0.87,193.13,223.45,0.21,47.35,221.70,0.22,49.04,228.22,0.22,50.53,0.00,0.00,0.00
227.56,0.87,197.47,224.63,0.21,47.81,226.86,0.22,49.79,228.82,0.22,50.70,0.00,0.00,0.00
223.11,0.86,192.02,225.20,0.21,48.06,222.41,0.22,48.56,221.65,0.22,47.67,0.00,0.00,0.00
225.23,0.87,194.95,230.21,0.22,50.58,224.53,0.22,49.05,219.10,0.21,46.78,0.00,0.00,0.00
221.13,0.87,191.50,222.87,0.21,47.03,220.43,0.22,48.57,228.39,0.22,50.42,0.00,0.00,0.00
221.89,0.87,192.07,224.45,0.21,47.84,221.19,0.22,49.23,221.62,0.22,47.87,0.00,0.00,0.00
224.16,0.86,193.21,223.91,0.21,47.47,223.46,0.22,49.48,221.14,0.21,47.46,0.00,0.00,0.00
224.81,0.86,193.77,225.79,0.21,48.37,224.11,0.22,49.39,218.96,0.21,46.73,0.00,0.00,0.00
220.23,0.85,187.38,217.86,0.21,44.79,219.53,0.22,48.43,215.84,0.21,45.49,0.00,0.00,0.00
224.61,0.88,197.08,229.31,0.22,50.14,223.91,0.22,50.18,228.24,0.22,50.39,0.00,0.00,0.00
228.04,0.87,197.38,224.11,0.21,47.59,227.34,0.22,50.01,225.83,0.22,49.54,0.00,0.00,0.00
226.71,0.87,196.57,226.06,0.21,48.44,226.01,0.22,49.58,225.85,0.22,49.57,0.00,0.00,0.00
227.84,0.86,196.33,228.79,0.22,49.61,227.14,0.22,49.91,217.46,0.21,45.94,0.00,0.00,0.00
218.54,0.86,187.99,220.32,0.21,45.99,217.84,0.22,47.69,224.80,0.22,49.16,0.00,0.00,0.00
225.17,0.86,194.08,224.94,0.21,47.85,224.47,0.22,49.61,220.79,0.21,47.32,0.00,0.00,0.00
226.01,0.86,193.32,223.70,0.21,47.33,225.31,0.22,49.32,216.96,0.21,45.78,0.00,0.00,0.00
226.32,0.87,196.24,223.37,0.21,47.35,225.62,0.22,50.07,225.35,0.22,49.42,0.00,0.00,0.00
224.86,0.86,192.69,223.60,0.21,47.27,224.16,0.22,49.04,218.63,0.21,46.55,0.00,0.00,0.00
224.98,0.88,197.09,231.62,0.22,51.20,224.28,0.22,49.67,226.13,0.22,49.67,0.00,0.00,0.00
222.59,0.86,191.97,222.05,0.21,46.75,221.89,0.22,48.52,225.48,0.22,49.46,0.00,0.00,0.00
225.11,0.86,193.37,221.19,0.21,46.34,224.41,0.22,49.64,220.41,0.21,47.27,0.00,0.00,0.00
222.86,0.86,191.08,224.58,0.21,47.77,222.16,0.22,48.66,218.43,0.21,46.26,0.00,0.00,0.00
224.83,0.86,193.83,225.26,0.21,48.14,224.13,0.22,49.42,219.70,0.21,47.02,0.00,0.00,0.00
226.74,0.87,197.77,226.73,0.22,48.76,226.04,0.22,50.01,228.37,0.22,50.70,0.00,0.00,0.00
225.60,0.86,194.28,229.94,0.22,50.08,224.90,0.22,49.02,218.38,0.21,46.20,0.00,0.00,0.00
225.43,0.86,193.11,222.74,0.21,47.06,224.73,0.22,49.37,218.68,0.21,46.33,0.00,0.00,0.00
227.31,0.86,195.82,226.65,0.22,48.75,226.61,0.22,50.19,217.62,0.21,45.92,0.00,0.00,0.00
225.91,0.86,194.25,223.46,0.21,47.14,225.21,0.22,49.34,221.15,0.22,47.76,0.00,0.00,0.00
226.97,0.87,197.12,223.22,0.21,47.07,226.27,0.22,50.08,229.93,0.22,51.15,0.00,0.00,0.00
226.78,0.87,196.73,223.23,0.21,47.31,226.08,0.22,49.74,228.91,0.22,50.74,0.00,0.00,0.00
219.05,0.86,188.06,220.41,0.21,46.10,218.35,0.22,48.34,221.13,0.21,47.35,0.00,0.00,0.00
223.02,0.85,190.36,222.55,0.21,46.87,222.32,0.22,48.68,215.77,0.21,45.33,0.00,0.00,0.00
229.43,0.87,199.57,225.57,0.21,48.22,228.73,0.22,50.49,228.71,0.22,50.66,0.00,0.00,0.00
221.66,0.87,193.60,231.39,0.22,50.98,220.96,0.22,49.17,222.71,0.22,48.26,0.00,0.00,0.00
226.23,0.86,194.15,218.54,0.21,45.26,225.53,0.22,49.32,225.21,0.22,49.22,0.00,0.00,0.00
226.81,0.86,195.20,218.75,0.21,45.35,226.11,0.22,49.56,225.94,0.22,49.77,0.00,0.00,0.00
225.00,0.86,192.54,221.55,0.21,46.53,224.30,0.22,49.66,216.15,0.21,45.49,0.00,0.00,0.00
225.88,0.87,196.13,220.36,0.21,45.92,225.18,0.22,49.84,232.18,0.22,52.17,0.00,0.00,0.00
226.70,0.87,196.61,226.12,0.21,48.43,226.00,0.22,49.79,225.16,0.22,49.29,0.00,0.00,0.00
225.38,0.87,196.24,223.68,0.21,47.51,224.68,0.22,49.56,230.15,0.22,51.52,0.00,0.00,0.00
226.14,0.86,194.77,220.44,0.21,45.99,225.44,0.22,50.13,222.45,0.22,48.14,0.00,0.00,0.00
226.55,0.86,194.19,224.29,0.21,47.62,225.85,0.22,49.40,218.21,0.21,46.32,0.00,0.00,0.00
218.22,0.86,187.19,222.70,0.21,47.01,217.52,0.22,48.13,217.65,0.21,46.05,0.00,0.00,0.00
219.81,0.87,190.78,221.25,0.21,46.44,219.11,0.22,48.43,231.45,0.22,51.64,0.00,0.00,0.00
228.13,0.86,196.81,222.75,0.21,46.89,227.43,0.22,50.07,225.09,0.22,49.11,0.00,0.00,0.00
226.14,0.86,195.10,223.11,0.21,47.20,225.44,0.22,50.22,221.48,0.21,47.51,0.00,0.00,0.00
224.31,0.86,193.24,221.95,0.21,46.76,223.61,0.22,49.09,223.82,0.22,48.65,0.00,0.00,0.00
224.15,0.87,195.08,221.68,0.21,46.56,223.45,0.23,50.76,225.88,0.22,49.52,0.00,0.00,0.00
227.18,0.86,194.73,223.47,0.21,47.32,226.48,0.22,49.75,217.78,0.21,46.14,0.00,0.00,0.00
225.37,0.87,195.90,228.07,0.22,49.27,224.67,0.22,49.29,226.44,0.22,49.79,0.00,0.00,0.00
226.53,0.86,193.93,218.42,0.21,45.19,225.83,0.22,49.28,223.78,0.22,48.58,0.00,0.00,0.00
224.12,0.86,191.99,224.06,0.21,47.46,223.42,0.22,48.70,219.10,0.21,46.66,0.00,0.00,0.00
220.76,0.86,189.04,218.68,0.21,45.37,220.06,0.22,48.68,219.61,0.21,46.94,0.00,0.00,0.00
226.82,0.86,195.29,226.39,0.21,48.52,226.12,0.22,50.01,217.75,0.21,46.08,0.00,0.00,0.00
225.77,0.85,192.36,217.05,0.21,44.61,225.07,0.22,49.64,218.31,0.21,46.29,0.00,0.00,0.00
226.43,0.87,196.25,219.75,0.21,45.88,225.73,0.22,50.28,228.01,0.22,50.46,0.00,0.00,0.00
225.10,0.87,195.08,228.16,0.22,49.37,224.40,0.22,49.30,222.88,0.22,48.30,0.00,0.00,0.00
218.01,0.86,188.24,218.05,0.21,45.17,217.31,0.22,48.33,226.52,0.22,49.84,0.00,0.00,0.00
225.42,0.86,193.55,217.28,0.21,44.75,224.72,0.22,49.69,223.82,0.22,48.72,0.00,0.00,0.00
228.44,0.86,197.35,225.57,0.21,48.14,227.74,0.22,50.82,219.66,0.21,46.89,0.00,0.00,0.00
227.81,0.87,198.13,222.55,0.21,47.06,227.11,0.22,50.56,228.10,0.22,50.58,0.00,0.00,0.00
225.40,0.86,194.53,222.55,0.21,46.88,224.70,0.22,49.39,225.45,0.22,49.32,0.00,0.00,0.00
225.38,0.87,195.86,224.61,0.21,47.78,224.68,0.22,49.66,227.30,0.22,50.32,0.00,0.00,0.00
225.55,0.86,194.13,217.54,0.21,44.73,224.85,0.22,50.16,223.93,0.22,48.85,0.00,0.00,0.00
225.47,0.87,195.25,222.02,0.21,46.68,224.77,0.22,49.60,227.58,0.22,50.34,0.00,0.00,0.00
223.06,0.86,190.77,218.46,0.21,45.22,222.36,0.22,49.17,219.04,0.21,46.70,0.00,0.00,0.00
224.77,0.87,194.93,225.68,0.21,48.20,224.07,0.22,49.37,225.62,0.22,49.52,0.00,0.00,0.00
227.88,0.86,195.10,219.42,0.21,45.60,227.18,0.22,50.39,218.86,0.21,46.54,0.00,0.00,0.00
223.14,0.85,190.41,223.06,0.21,47.18,222.44,0.22,48.22,217.03,0.21,45.83,0.00,0.00,0.00
226.04,0.86,193.99,223.46,0.21,47.23,225.34,0.22,49.61,218.62,0.21,46.52,0.00,0.00,0.00
226.43,0.86,194.51,224.25,0.21,47.85,225.73,0.22,49.47,217.72,0.21,46.29,0.00,0.00,0.00
223.80,0.85,191.07,221.42,0.21,46.41,223.10,0.22,48.66,218.11,0.21,46.27,0.00,0.00,0.00
225.71,0.86,194.49,224.86,0.21,47.84,225.01,0.22,49.72,220.30,0.21,47.17,0.00,0.00,0.00
219.63,0.86,188.13,223.83,0.21,47.35,218.93,0.22,48.01,218.41,0.21,46.27,0.00,0.00,0.00
223.40,0.86,192.98,224.42,0.21,47.77,222.70,0.22,49.02,223.23,0.22,48.43,0.00,0.00,0.00
218.95,0.87,190.11,228.43,0.22,49.72,218.25,0.22,47.67,224.89,0.22,49.10,0.00,0.00,0.00
224.78,0.85,191.87,216.35,0.20,44.15,224.08,0.22,49.52,220.65,0.21,47.37,0.00,0.00,0.00
226.15,0.87,197.31,228.95,0.22,49.57,225.45,0.22,49.96,226.99,0.22,50.05,0.00,0.00,0.00
222.07,0.86,192.05,226.85,0.22,48.79,221.37,0.22,48.34,223.83,0.22,48.69,0.00,0.00,0.00
220.36,0.87,191.16,224.38,0.21,47.68,219.66,0.22,48.68,225.53,0.22,49.50,0.00,0.00,0.00
225.57,0.86,194.59,221.22,0.21,46.30,224.87,0.22,49.50,226.93,0.22,49.77,0.00,0.00,0.00
225.91,0.86,194.00,223.78,0.21,47.54,225.21,0.22,48.54,223.73,0.22,48.52,0.00,0.00,0.00
227.54,0.87,197.28,224.32,0.21,47.88,226.84,0.22,49.71,226.71,0.22,50.00,0.00,0.00,0.00
225.28,0.86,193.59,223.94,0.21,47.59,224.58,0.22,48.93,221.94,0.22,47.72,0.00,0.00,0.00
226.90,0.87,197.17,228.42,0.22,49.37,226.20,0.22,50.62,221.28,0.22,47.61,0.00,0.00,0.00
220.23,0.86,190.46,223.12,0.21,47.19,219.53,0.22,48.31,225.18,0.22,49.39,0.00,0.00,0.00
226.48,0.86,195.36,224.90,0.21,47.77,225.78,0.23,50.99,217.19,0.21,45.73,0.00,0.00,0.00
225.29,0.87,195.70,226.17,0.21,48.52,224.59,0.22,49.68,225.45,0.22,49.38,0.00,0.00,0.00
224.98,0.86,193.09,224.59,0.21,47.79,224.28,0.22,49.44,218.35,0.21,46.10,0.00,0.00,0.00
231.23,0.87,200.19,225.93,0.21,48.39,230.53,0.22,51.75,219.45,0.21,46.79,0.00,0.00,0.00
225.89,0.86,193.63,223.21,0.21,47.21,225.19,0.22,49.47,218.28,0.21,46.30,0.00,0.00,0.00
221.77,0.87,192.96,224.44,0.21,47.72,221.07,0.22,49.01,228.65,0.22,50.73,0.00,0.00,0.00
224.79,0.86,192.95,224.38,0.21,47.72,224.09,0.22,49.36,217.57,0.21,46.02,0.00,0.00,0.00
224.26,0.87,194.68,223.07,0.21,47.11,223.56,0.22,49.39,228.41,0.22,50.72,0.00,0.00,0.00
225.25,0.87,195.05,225.36,0.21,48.14,224.55,0.22,49.50,224.26,0.22,48.89,0.00,0.00,0.00
223.83,0.86,193.42,223.90,0.21,47.53,223.13,0.22,48.88,225.60,0.22,49.38,0.00,0.00,0.00
224.21,0.86,193.75,226.33,0.21,48.59,223.51,0.22,49.73,219.02,0.21,46.67,0.00,0.00,0.00
224.40,0.87,196.20,218.04,0.21,45.02,223.70,0.22,48.80,242.91,0.24,57.28,0.00,0.00,0.00
219.89,0.86,190.10,224.97,0.21,47.91,219.19,0.22,48.16,224.54,0.22,48.94,0.00,0.00,0.00
224.57,0.86,193.50,228.95,0.22,49.86,223.87,0.22,48.69,218.02,0.21,46.33,0.00,0.00,0.00
223.12,0.87,193.81,226.75,0.22,48.83,222.42,0.22,48.56,227.31,0.22,50.26,0.00,0.00,0.00
224.59,0.85,191.89,222.11,0.21,46.78,223.89,0.22,49.18,216.71,0.21,45.57,0.00,0.00,0.00
222.56,0.86,190.95,218.23,0.21,45.04,221.86,0.22,48.73,224.19,0.22,48.90,0.00,0.00,0.00
227.42,0.86,196.31,226.95,0.21,48.72,226.72,0.22,49.77,221.49,0.22,47.64,0.00,0.00,0.00
228.50,0.86,197.65,225.23,0.21,48.15,227.80,0.22,49.81,225.34,0.22,49.28,0.00,0.00,0.00
226.84,0.87,196.26,219.77,0.21,45.69,226.14,0.22,50.80,225.05,0.22,49.24,0.00,0.00,0.00
222.39,0.86,192.05,224.49,0.21,47.82,221.69,0.22,49.47,219.15,0.21,46.80,0.00,0.00,0.00
227.17,0.87,196.83,223.84,0.21,47.50,226.47,0.22,50.12,225.49,0.22,49.39,0.00,0.00,0.00
227.09,0.87,197.37,224.26,0.21,47.51,226.39,0.22,50.69,226.88,0.22,49.80,0.00,0.00,0.00
223.90,0.86,193.63,224.43,0.21,47.90,223.20,0.22,49.86,220.98,0.21,47.32,0.00,0.00,0.00
220.59,0.87,192.03,225.12,0.21,47.99,219.89,0.22,49.15,225.26,0.22,49.55,0.00,0.00,0.00
225.14,0.86,193.46,221.96,0.21,46.79,224.44,0.22,49.73,219.12,0.21,46.67,0.00,0.00,0.00
225.32,0.86,194.19,222.97,0.21,46.99,224.62,0.22,49.27,224.60,0.22,48.93,0.00,0.00,0.00
220.52,0.85,188.51,219.41,0.21,45.53,219.82,0.22,48.72,217.81,0.21,46.13,0.00,0.00,0.00
225.41,0.86,194.21,223.42,0.21,47.19,224.71,0.22,49.46,222.58,0.22,48.16,0.00,0.00,0.00
220.41,0.87,192.07,224.28,0.21,47.66,219.71,0.22,48.78,230.52,0.22,51.40,0.00,0.00,0.00
226.68,0.86,195.86,223.67,0.21,47.39,225.98,0.22,49.83,223.84,0.22,48.74,0.00,0.00,0.00
219.42,0.87,190.50,226.45,0.21,48.67,218.72,0.22,48.15,225.22,0.22,49.38,0.00,0.00,0.00
228.33,0.86,197.49,226.27,0.21,48.52,227.63,0.22,50.59,221.66,0.21,47.52,0.00,0.00,0.00
224.90,0.86,192.66,223.43,0.21,47.23,224.20,0.22,49.03,218.53,0.21,46.48,0.00,0.00,0.00
221.79,0.86,191.55,224.73,0.21,48.00,221.09,0.22,48.98,221.30,0.21,47.51,0.00,0.00,0.00
226.42,0.86,195.49,222.74,0.21,46.97,225.72,0.23,51.50,216.47,0.21,45.56,0.00,0.00,0.00
219.95,0.87,191.60,227.69,0.22,49.22,219.25,0.22,48.45,226.50,0.22,49.84,0.00,0.00,0.00
227.71,0.87,197.84,225.64,0.21,48.36,227.01,0.22,50.12,225.99,0.22,49.67,0.00,0.00,0.00
221.58,0.87,191.84,224.84,0.21,47.93,220.88,0.22,49.16,223.07,0.22,48.22,0.00,0.00,0.00
227.92,0.86,196.78,225.44,0.21,48.23,227.22,0.22,50.58,219.16,0.21,46.67,0.00,0.00,0.00
224.88,0.86,193.40,224.94,0.21,47.92,224.18,0.22,49.60,218.28,0.21,46.24,0.00,0.00,0.00
225.36,0.86,193.33,220.82,0.21,45.89,224.66,0.22,50.16,219.19,0.21,46.65,0.00,0.00,0.00
225.74,0.87,196.43,226.97,0.22,48.96,225.04,0.22,49.28,228.38,0.22,50.61,0.00,0.00,0.00
222.18,0.86,190.08,222.54,0.21,46.91,221.48,0.22,48.49,218.25,0.21,46.25,0.00,0.00,0.00
220.93,0.87,191.45,220.73,0.21,46.19,220.23,0.22,49.01,227.67,0.22,50.29,0.00,0.00,0.00
224.77,0.86,193.44,223.51,0.21,47.34,224.07,0.22,48.45,225.44,0.22,49.31,0.00,0.00,0.00
218.98,0.87,189.58,221.77,0.21,46.56,218.28,0.22,48.23,227.39,0.22,50.25,0.00,0.00,0.00
221.39,0.87,193.35,226.34,0.22,48.74,220.69,0.22,49.16,228.54,0.22,50.59,0.00,0.00,0.00
227.50,0.87,197.55,225.35,0.21,48.16,226.80,0.22,50.21,225.63,0.22,49.50,0.00,0.00,0.00
219.81,0.87,190.95,225.47,0.21,48.22,219.11,0.22,48.18,227.56,0.22,50.30,0.00,0.00,0.00
227.73,0.87,197.50,225.33,0.21,48.22,227.03,0.22,50.02,225.30,0.22,49.35,0.00,0.00,0.00
220.91,0.87,191.86,224.80,0.21,48.05,220.21,0.22,48.59,227.64,0.22,50.14,0.00,0.00,0.00
225.62,0.88,197.80,227.33,0.22,49.01,224.92,0.22,50.36,229.68,0.22,51.29,0.00,0.00,0.00
225.62,0.87,195.20,225.39,0.21,48.14,224.92,0.22,50.32,219.91,0.21,47.05,0.00,0.00,0.00
228.72,0.87,199.28,230.74,0.22,50.76,228.02,0.22,50.91,220.94,0.21,47.31,0.00,0.00,0.00
226.20,0.86,194.92,226.90,0.22,48.89,225.50,0.22,49.79,217.74,0.21,46.08,0.00,0.00,0.00
223.29,0.86,191.42,223.30,0.21,47.13,222.59,0.22,48.81,218.90,0.21,46.63,0.00,0.00,0.00
225.30,0.86,193.70,218.90,0.21,45.39,224.60,0.22,49.36,224.93,0.22,49.21,0.00,0.00,0.00
225.83,0.86,194.43,224.03,0.21,47.43,225.13,0.22,49.58,221.77,0.22,47.73,0.00,0.00,0.00
227.80,0.86,195.62,224.63,0.21,47.88,227.10,0.22,50.03,218.28,0.21,46.15,0.00,0.00,0.00
224.65,0.86,192.53,222.82,0.21,46.99,223.95,0.22,48.94,220.40,0.21,47.10,0.00,0.00,0.00
225.90,0.88,198.94,231.48,0.22,51.08,225.20,0.22,50.49,228.12,0.22,50.63,0.00,0.00,0.00
221.83,0.86,190.07,218.00,0.21,44.96,221.13,0.22,48.12,226.12,0.22,49.53,0.00,0.00,0.00
225.51,0.86,193.93,221.35,0.21,46.25,224.81,0.22,50.05,221.35,0.21,47.47,0.00,0.00,0.00
228.24,0.87,198.03,225.43,0.21,48.24,227.54,0.22,50.29,225.33,0.22,49.29,0.00,0.00,0.00
224.04,0.87,195.12,221.09,0.21,46.29,223.34,0.22,49.38,233.99,0.23,53.01,0.00,0.00,0.00
225.43,0.87,195.04,220.21,0.21,45.98,224.73,0.22,49.85,227.28,0.22,50.17,0.00,0.00,0.00
224.38,0.87,194.12,224.51,0.21,47.64,223.68,0.22,49.30,224.60,0.22,49.10,0.00,0.00,0.00
225.11,0.87,195.78,231.84,0.22,51.15,224.41,0.22,49.71,219.55,0.21,46.91,0.00,0.00,0.00
220.36,0.86,190.32,223.37,0.21,47.25,219.66,0.22,48.27,224.61,0.22,49.08,0.00,0.00,0.00
222.09,0.86,191.00,222.45,0.21,46.81,221.39,0.22,48.61,222.22,0.22,48.03,0.00,0.00,0.00
224.98,0.86,193.25,221.42,0.21,46.55,224.28,0.22,49.48,220.47,0.21,47.23,0.00,0.00,0.00
226.79,0.87,196.26,227.31,0.22,49.00,226.09,0.22,50.26,219.79,0.21,46.96,0.00,0.00,0.00
225.25,0.86,194.66,224.44,0.21,47.54,224.55,0.22,49.37,225.07,0.22,49.21,0.00,0.00,0.00
225.63,0.86,194.12,218.55,0.21,45.32,224.93,0.22,49.57,225.86,0.22,49.40,0.00,0.00,0.00
222.76,0.86,192.21,225.22,0.21,48.23,222.06,0.22,49.01,220.51,0.21,47.22,0.00,0.00,0.00
225.29,0.86,193.22,224.64,0.21,47.84,224.59,0.22,49.11,218.16,0.21,46.29,0.00,0.00,0.00
225.20,0.86,193.62,223.37,0.21,47.19,224.50,0.22,50.17,217.33,0.21,45.89,0.00,0.00,0.00
226.83,0.86,195.94,222.54,0.21,46.94,226.13,0.22,49.64,225.71,0.22,49.53,0.00,0.00,0.00
224.04,0.86,191.65,221.11,0.21,46.34,223.34,0.22,49.35,218.68,0.21,46.15,0.00,0.00,0.00
226.88,0.86,195.71,226.32,0.21,48.51,226.18,0.22,50.16,218.86,0.21,46.53,0.00,0.00,0.00
224.78,0.86,193.47,222.80,0.21,46.82,224.08,0.22,49.04,224.79,0.22,48.97,0.00,0.00,0.00
225.48,0.86,193.55,223.07,0.21,47.11,224.78,0.22,49.59,218.77,0.21,46.53,0.00,0.00,0.00
224.11,0.87,194.31,220.79,0.21,46.10,223.41,0.22,49.03,232.84,0.22,52.37,0.00,0.00,0.00
218.37,0.85,186.55,217.57,0.21,44.76,217.67,0.22,48.04,221.02,0.21,47.30,0.00,0.00,0.00
228.19,0.87,198.17,224.86,0.21,47.84,227.49,0.22,50.17,228.09,0.22,50.47,0.00,0.00,0.00
225.37,0.86,194.42,221.96,0.21,46.65,224.67,0.22,49.56,224.58,0.22,48.97,0.00,0.00,0.00
222.33,0.86,191.85,220.65,0.21,46.05,221.63,0.22,48.63,227.96,0.22,50.36,0.00,0.00,0.00
217.83,0.86,188.11,222.01,0.21,46.64,217.13,0.22,47.92,225.54,0.22,49.37,0.00,0.00,0.00
226.19,0.87,197.02,227.83,0.22,49.35,225.49,0.22,49.80,226.82,0.22,49.83,0.00,0.00,0.00
224.57,0.86,193.56,223.57,0.21,47.22,223.87,0.22,48.83,224.73,0.22,49.15,0.00,0.00,0.00
225.33,0.87,196.55,228.34,0.22,49.54,224.63,0.22,49.32,228.79,0.22,50.77,0.00,0.00,0.00
226.85,0.86,195.75,225.23,0.21,48.02,226.15,0.22,50.37,220.04,0.21,46.90,0.00,0.00,0.00
225.51,0.86,194.87,225.47,0.21,48.06,224.81,0.22,49.13,225.21,0.22,49.23,0.00,0.00,0.00
223.88,0.87,194.13,222.04,0.21,46.73,223.18,0.22,49.45,228.13,0.22,50.46,0.00,0.00,0.00
225.96,0.86,194.25,220.73,0.21,46.22,225.26,0.22,49.40,223.64,0.22,48.56,0.00,0.00,0.00
225.27,0.86,194.78,223.36,0.21,47.17,224.57,0.22,49.39,226.10,0.22,49.67,0.00,0.00,0.00
227.11,0.86,195.70,223.95,0.21,47.52,226.41,0.22,50.14,220.99,0.21,47.32,0.00,0.00,0.00
224.49,0.86,192.50,223.07,0.21,47.14,223.79,0.22,49.07,219.93,0.21,46.85,0.00,0.00,0.00
219.34,0.87,190.43,224.86,0.21,47.97,218.64,0.22,48.35,226.65,0.22,49.84,0.00,0.00,0.00
228.62,0.87,198.41,224.95,0.21,47.92,227.92,0.22,50.55,226.09,0.22,49.56,0.00,0.00,0.00
228.34,0.86,195.57,221.88,0.21,46.62,227.64,0.22,50.09,219.40,0.21,46.62,0.00,0.00,0.00
226.60,0.87,197.80,228.89,0.22,49.68,225.90,0.22,50.01,227.44,0.22,50.17,0.00,0.00,0.00
228.55,0.86,195.46,217.69,0.21,44.87,227.85,0.22,50.01,222.20,0.22,47.94,0.00,0.00,0.00
221.71,0.86,191.42,223.29,0.21,47.15,221.01,0.22,48.58,225.08,0.22,49.18,0.00,0.00,0.00
221.07,0.86,190.05,221.40,0.21,46.38,220.37,0.22,48.41,223.09,0.22,48.33,0.00,0.00,0.00
225.43,0.88,197.80,226.69,0.21,48.74,224.73,0.22,49.75,234.99,0.23,53.38,0.00,0.00,0.00
224.94,0.87,195.10,225.51,0.21,48.14,224.24,0.22,49.72,224.93,0.22,49.10,0.00,0.00,0.00
224.83,0.88,196.95,221.98,0.21,46.76,224.13,0.23,50.79,231.51,0.22,52.06,0.00,0.00,0.00
229.47,0.87,199.86,226.60,0.22,48.79,228.77,0.22,50.88,226.98,0.22,49.78,0.00,0.00,0.00
225.89,0.86,194.41,223.78,0.21,47.42,225.19,0.22,49.95,219.40,0.21,46.74,0.00,0.00,0.00
224.04,0.87,195.71,225.19,0.21,48.11,223.34,0.22,49.97,228.78,0.22,50.85,0.00,0.00,0.00
227.28,0.86,196.46,228.79,0.22,49.41,226.58,0.22,50.08,220.11,0.21,46.99,0.00,0.00,0.00
224.59,0.85,191.92,218.64,0.21,45.32,223.89,0.22,49.39,219.54,0.21,46.72,0.00,0.00,0.00
225.91,0.86,194.91,229.26,0.21,49.23,225.21,0.22,49.27,222.03,0.22,47.81,0.00,0.00,0.00
225.22,0.85,192.48,218.11,0.21,45.04,224.52,0.22,49.25,221.72,0.21,47.65,0.00,0.00,0.00
225.55,0.85,192.30,216.97,0.20,44.45,224.85,0.22,49.80,218.73,0.21,46.45,0.00,0.00,0.00
222.97,0.87,193.35,224.91,0.21,47.94,222.27,0.22,49.02,225.96,0.22,49.61,0.00,0.00,0.00
232.13,0.85,198.43,222.68,0.21,46.89,231.43,0.22,50.84,216.95,0.21,45.72,0.00,0.00,0.00
226.47,0.87,197.58,230.20,0.22,50.09,225.77,0.22,50.09,225.27,0.22,49.36,0.00,0.00,0.00
226.59,0.87,196.87,227.17,0.21,48.75,225.89,0.22,49.68,226.67,0.22,49.96,0.00,0.00,0.00
225.72,0.87,195.97,225.15,0.21,48.15,225.02,0.22,49.50,227.53,0.22,50.16,0.00,0.00,0.00
226.76,0.86,194.51,218.37,0.21,44.94,226.06,0.22,49.98,223.80,0.22,48.56,0.00,0.00,0.00
224.97,0.86,194.10,226.41,0.21,48.54,224.27,0.22,49.18,222.24,0.22,47.83,0.00,0.00,0.00
224.41,0.86,192.12,219.34,0.21,45.55,223.71,0.22,49.40,220.10,0.21,47.05,0.00,0.00,0.00
221.65,0.86,191.51,220.20,0.21,45.99,220.95,0.22,48.77,227.82,0.22,50.25,0.00,0.00,0.00
227.20,0.87,198.26,226.88,0.22,49.03,226.50,0.22,50.43,227.00,0.22,49.93,0.00,0.00,0.00
226.71,0.87,197.57,229.10,0.22,49.68,226.01,0.22,49.91,226.30,0.22,49.76,0.00,0.00,0.00
225.80,0.87,196.99,231.37,0.22,50.82,225.10,0.22,50.27,221.19,0.22,47.67,0.00,0.00,0.00
226.23,0.88,197.97,230.91,0.22,50.82,225.53,0.22,49.79,225.50,0.22,49.69,0.00,0.00,0.00
221.71,0.86,191.17,225.22,0.21,48.13,221.01,0.22,48.92,220.04,0.21,46.93,0.00,0.00,0.00
225.70,0.86,194.61,222.75,0.21,47.02,225.00,0.22,49.68,223.38,0.22,48.35,0.00,0.00,0.00
227.67,0.88,200.77,235.16,0.22,52.79,226.97,0.22,50.28,227.74,0.22,50.55,0.00,0.00,0.00
219.49,0.86,188.39,222.60,0.21,46.96,218.79,0.22,48.02,220.43,0.21,47.17,0.00,0.00,0.00
228.14,0.85,194.83,218.36,0.21,45.06,227.44,0.22,50.23,219.62,0.21,46.76,0.00,0.00,0.00
225.34,0.87,196.64,224.45,0.21,47.64,224.64,0.22,50.28,229.86,0.22,51.19,0.00,0.00,0.00
221.23,0.86,190.23,220.39,0.21,45.90,220.53,0.22,48.14,226.26,0.22,49.65,0.00,0.00,0.00
226.63,0.88,198.40,231.61,0.22,50.85,225.93,0.22,50.14,226.82,0.22,49.92,0.00,0.00,0.00
226.57,0.87,197.81,224.40,0.21,47.76,225.87,0.22,50.38,231.14,0.22,51.61,0.00,0.00,0.00
223.39,0.87,194.55,225.42,0.21,48.19,222.69,0.22,49.53,228.31,0.22,50.42,0.00,0.00,0.00
227.37,0.87,196.78,222.67,0.21,46.95,226.67,0.22,50.14,225.50,0.22,49.50,0.00,0.00,0.00
223.70,0.86,193.26,221.07,0.21,46.33,223.00,0.22,49.32,225.13,0.22,49.37,0.00,0.00,0.00
227.32,0.87,197.80,223.72,0.21,47.44,226.62,0.22,50.60,228.69,0.22,50.53,0.00,0.00,0.00
225.55,0.86,193.37,223.01,0.21,47.10,224.85,0.22,48.97,220.40,0.21,47.27,0.00,0.00,0.00
223.37,0.87,193.49,225.37,0.21,48.11,222.67,0.22,48.93,225.61,0.22,49.44,0.00,0.00,0.00
225.54,0.86,193.05,222.59,0.21,46.81,224.84,0.22,49.36,218.73,0.21,46.43,0.00,0.00,0.00
223.44,0.86,192.68,221.45,0.21,46.44,222.74,0.22,49.55,223.00,0.22,48.23,0.00,0.00,0.00
226.03,0.87,196.17,224.48,0.21,47.72,225.33,0.22,49.41,229.98,0.22,51.08,0.00,0.00,0.00
225.11,0.86,194.39,223.93,0.21,47.50,224.41,0.22,49.73,222.63,0.22,48.08,0.00,0.00,0.00
223.19,0.87,193.65,225.09,0.21,48.10,222.49,0.22,49.08,225.84,0.22,49.57,0.00,0.00,0.00
225.21,0.86,194.04,225.75,0.21,48.31,224.51,0.22,49.37,219.93,0.21,47.03,0.00,0.00,0.00
224.99,0.86,194.41,224.74,0.21,47.84,224.29,0.22,49.85,220.77,0.22,47.48,0.00,0.00,0.00
225.38,0.87,195.70,224.02,0.21,47.61,224.68,0.22,49.40,228.47,0.22,50.72,0.00,0.00,0.00
225.35,0.86,193.11,222.59,0.21,46.98,224.65,0.22,49.40,218.43,0.21,46.33,0.00,0.00,0.00
228.74,0.87,198.28,226.51,0.21,48.62,228.04,0.22,50.44,223.48,0.22,48.52,0.00,0.00,0.00
225.74,0.88,198.61,229.75,0.22,50.17,225.04,0.23,50.85,229.13,0.22,50.78,0.00,0.00,0.00
225.37,0.86,194.47,222.36,0.21,46.75,224.67,0.22,49.16,226.70,0.22,49.87,0.00,0.00,0.00
224.10,0.87,194.15,222.76,0.21,47.05,223.40,0.22,49.44,226.64,0.22,49.86,0.00,0.00,0.00
224.25,0.86,193.34,218.20,0.21,45.16,223.55,0.22,49.55,226.46,0.22,49.75,0.00,0.00,0.00
220.46,0.86,190.18,222.79,0.21,47.02,219.76,0.22,48.06,224.90,0.22,49.26,0.00,0.00,0.00
226.87,0.86,196.01,217.59,0.21,44.61,226.17,0.22,50.48,228.86,0.22,50.77,0.00,0.00,0.00
222.16,0.86,191.06,224.08,0.21,47.64,221.46,0.22,48.71,219.71,0.21,46.92,0.00,0.00,0.00
222.26,0.86,191.80,224.34,0.21,47.72,221.56,0.22,49.29,219.78,0.21,47.01,0.00,0.00,0.00
227.58,0.86,195.84,221.94,0.21,46.76,226.88,0.22,49.98,221.75,0.22,47.81,0.00,0.00,0.00
223.97,0.87,194.77,223.86,0.21,47.53,223.27,0.22,49.30,228.95,0.22,50.96,0.00,0.00,0.00
227.11,0.86,194.36,220.90,0.21,46.21,226.41,0.22,49.91,218.70,0.21,46.42,0.00,0.00,0.00
225.84,0.86,195.24,223.30,0.21,47.29,225.14,0.22,49.49,225.43,0.22,49.37,0.00,0.00,0.00
226.94,0.87,197.08,224.33,0.21,47.70,226.24,0.22,50.15,226.10,0.22,49.79,0.00,0.00,0.00
222.33,0.86,192.14,224.89,0.21,47.96,221.63,0.22,49.22,222.39,0.22,47.82,0.00,0.00,0.00
226.28,0.87,196.31,226.21,0.21,48.43,225.58,0.22,49.70,225.85,0.22,49.52,0.00,0.00,0.00
224.73,0.86,192.48,223.61,0.21,47.37,224.03,0.22,49.43,215.98,0.21,45.39,0.00,0.00,0.00
226.40,0.86,195.73,224.07,0.21,47.72,225.70,0.22,49.39,225.39,0.22,49.32,0.00,0.00,0.00
225.31,0.87,197.00,227.48,0.22,49.51,224.61,0.22,49.84,227.22,0.22,50.19,0.00,0.00,0.00
226.75,0.86,194.55,219.96,0.21,45.72,226.05,0.22,48.70,226.88,0.22,50.11,0.00,0.00,0.00
230.18,0.87,201.02,226.76,0.22,48.79,229.48,0.22,51.52,226.46,0.22,49.78,0.00,0.00,0.00
230.89,0.87,201.26,226.67,0.21,48.71,230.19,0.22,51.22,227.17,0.22,50.07,0.00,0.00,0.00
228.16,0.87,199.48,228.70,0.22,49.67,227.46,0.22,50.60,227.16,0.22,50.16,0.00,0.00,0.00
226.80,0.88,198.71,229.28,0.22,49.90,226.10,0.22,50.73,226.49,0.22,49.90,0.00,0.00,0.00
228.26,0.88,200.80,232.62,0.22,51.42,227.56,0.22,50.48,229.95,0.22,51.27,0.00,0.00,0.00
224.14,0.87,194.84,222.63,0.21,46.90,223.44,0.22,49.50,230.17,0.22,51.38,0.00,0.00,0.00
227.49,0.87,198.34,228.45,0.22,49.43,226.79,0.22,50.13,227.38,0.22,50.15,0.00,0.00,0.00
226.68,0.87,198.17,230.93,0.22,50.38,225.98,0.22,50.04,227.08,0.22,50.12,0.00,0.00,0.00
233.73,0.87,203.25,229.16,0.22,49.88,233.03,0.22,51.93,221.37,0.22,47.64,0.00,0.00,0.00
223.78,0.87,195.64,230.09,0.22,50.25,223.08,0.22,49.31,226.98,0.22,50.15,0.00,0.00,0.00
219.63,0.86,189.78,220.18,0.21,45.93,218.93,0.22,49.16,224.34,0.22,48.70,0.00,0.00,0.00
221.44,0.88,194.08,231.45,0.22,50.98,220.74,0.22,48.94,227.43,0.22,50.17,0.00,0.00,0.00
223.17,0.86,191.98,219.29,0.21,45.50,222.47,0.22,49.86,221.15,0.21,47.49,0.00,0.00,0.00
229.11,0.87,198.36,223.74,0.21,47.37,228.41,0.22,50.48,225.87,0.22,49.50,0.00,0.00,0.00
226.12,0.87,196.00,223.41,0.21,47.25,225.42,0.22,50.11,225.66,0.22,49.45,0.00,0.00,0.00
225.93,0.87,196.04,225.71,0.21,48.28,225.23,0.22,49.51,226.65,0.22,49.89,0.00,0.00,0.00
228.94,0.87,198.36,223.32,0.21,47.19,228.24,0.22,50.56,226.32,0.22,49.73,0.00,0.00,0.00
226.27,0.86,195.28,222.68,0.21,47.05,225.57,0.22,49.69,223.87,0.22,48.71,0.00,0.00,0.00
225.45,0.87,195.79,223.58,0.21,47.42,224.75,0.22,49.74,227.95,0.22,50.41,0.00,0.00,0.00
225.91,0.87,195.93,225.13,0.21,48.12,225.21,0.22,49.78,224.89,0.22,49.16,0.00,0.00,0.00
225.55,0.87,195.87,224.37,0.21,47.64,224.85,0.22,49.59,228.20,0.22,50.59,0.00,0.00,0.00
229.31,0.87,198.83,224.77,0.21,47.82,228.61,0.22,50.42,226.38,0.22,49.77,0.00,0.00,0.00
227.83,0.87,198.32,228.75,0.22,49.51,227.13,0.22,50.09,226.19,0.22,49.68,0.00,0.00,0.00
230.59,0.86,198.99,220.18,0.21,45.89,229.89,0.22,50.84,224.93,0.22,49.37,0.00,0.00,0.00
226.72,0.87,197.41,224.18,0.21,47.69,226.02,0.22,50.27,228.22,0.22,50.59,0.00,0.00,0.00
226.80,0.87,197.46,228.37,0.22,49.45,226.10,0.22,49.91,225.97,0.22,49.59,0.00,0.00,0.00
229.20,0.88,201.08,231.11,0.22,50.47,228.50,0.23,51.47,226.58,0.22,49.81,0.00,0.00,0.00
226.73,0.88,198.62,230.86,0.22,50.46,226.03,0.22,50.37,227.09,0.22,50.12,0.00,0.00,0.00
226.41,0.87,196.30,224.33,0.21,47.81,225.71,0.22,50.24,223.38,0.22,48.57,0.00,0.00,0.00
225.07,0.86,193.78,218.49,0.21,45.12,224.37,0.22,49.68,226.40,0.22,49.63,0.00,0.00,0.00
226.54,0.87,196.26,222.27,0.21,46.76,225.84,0.22,50.38,225.08,0.22,49.30,0.00,0.00,0.00
225.81,0.86,194.12,222.16,0.21,46.53,225.11,0.22,49.39,222.81,0.22,48.34,0.00,0.00,0.00
227.55,0.87,197.46,221.93,0.21,46.69,226.85,0.22,50.57,226.85,0.22,50.04,0.00,0.00,0.00
224.64,0.86,194.05,221.85,0.21,46.71,223.94,0.22,49.62,224.33,0.22,48.87,0.00,0.00,0.00
228.21,0.87,198.41,224.33,0.21,47.76,227.51,0.22,50.53,226.96,0.22,50.05,0.00,0.00,0.00
224.75,0.86,193.69,221.77,0.21,46.55,224.05,0.22,49.14,224.93,0.22,49.19,0.00,0.00,0.00
231.47,0.87,201.16,221.70,0.21,46.47,230.77,0.22,51.67,228.03,0.22,50.54,0.00,0.00,0.00
226.53,0.87,197.29,225.81,0.21,48.29,225.83,0.22,50.07,228.35,0.22,50.58,0.00,0.00,0.00
225.79,0.88,199.11,233.75,0.22,51.79,225.09,0.23,50.66,227.09,0.22,50.26,0.00,0.00,0.00
225.32,0.87,196.61,224.78,0.21,47.85,224.62,0.22,49.95,229.40,0.22,51.26,0.00,0.00,0.00
228.34,0.87,198.71,227.16,0.22,48.88,227.64,0.22,50.31,226.59,0.22,49.89,0.00,0.00,0.00
224.68,0.88,196.78,229.16,0.22,49.69,223.98,0.22,50.19,228.14,0.22,50.43,0.00,0.00,0.00
227.88,0.88,199.95,230.44,0.22,50.18,227.18,0.23,51.47,225.88,0.22,49.52,0.00,0.00,0.00
223.85,0.87,193.74,222.60,0.21,46.94,223.15,0.22,49.26,226.12,0.22,49.74,0.00,0.00,0.00
225.97,0.87,195.65,225.36,0.21,48.15,225.27,0.22,49.71,224.28,0.22,48.82,0.00,0.00,0.00
224.40,0.87,195.25,222.29,0.21,46.78,223.70,0.22,49.78,229.46,0.22,51.22,0.00,0.00,0.00
224.88,0.86,194.38,223.10,0.21,47.05,224.18,0.22,49.79,223.58,0.22,48.63,0.00,0.00,0.00
225.07,0.87,195.29,223.49,0.21,47.31,224.37,0.22,49.77,226.48,0.22,49.89,0.00,0.00,0.00
226.60,0.86,195.83,223.42,0.21,47.20,225.90,0.22,49.51,226.55,0.22,49.82,0.00,0.00,0.00
226.04,0.87,195.83,222.67,0.21,47.01,225.34,0.22,49.70,227.17,0.22,50.17,0.00,0.00,0.00
226.21,0.87,196.42,223.43,0.21,47.29,225.51,0.22,50.01,227.26,0.22,50.23,0.00,0.00,0.00
227.03,0.87,197.88,223.99,0.21,47.45,226.33,0.22,50.55,229.40,0.22,51.05,0.00,0.00,0.00
228.06,0.86,197.21,223.31,0.21,47.24,227.36,0.22,50.29,224.63,0.22,48.99,0.00,0.00,0.00
228.90,0.87,198.71,218.08,0.21,45.17,228.20,0.22,51.19,230.19,0.22,51.28,0.00,0.00,0.00
228.36,0.87,198.49,227.20,0.21,48.77,227.66,0.22,50.09,226.89,0.22,50.06,0.00,0.00,0.00
224.85,0.86,194.19,224.37,0.21,47.75,224.15,0.22,49.63,221.74,0.22,47.78,0.00,0.00,0.00
228.99,0.87,199.66,231.71,0.22,51.00,228.29,0.22,50.70,221.67,0.22,47.84,0.00,0.00,0.00
226.28,0.88,198.85,231.33,0.22,50.87,225.58,0.22,50.43,228.27,0.22,50.54,0.00,0.00,0.00
225.26,0.87,195.69,223.19,0.21,47.30,224.56,0.23,50.55,223.66,0.22,48.73,0.00,0.00,0.00
226.69,0.87,198.01,224.66,0.21,47.85,225.99,0.22,50.39,229.70,0.22,51.36,0.00,0.00,0.00
223.85,0.86,193.44,222.37,0.21,46.78,223.15,0.22,49.10,226.14,0.22,49.72,0.00,0.00,0.00
226.28,0.87,196.66,224.33,0.21,47.76,225.58,0.22,50.24,227.66,0.22,50.00,0.00,0.00,0.00
225.41,0.86,194.46,223.50,0.21,47.31,224.71,0.22,49.10,225.01,0.22,49.19,0.00,0.00,0.00
226.42,0.87,196.50,224.91,0.21,48.03,225.72,0.22,50.23,224.30,0.22,48.87,0.00,0.00,0.00
223.96,0.87,194.00,222.48,0.21,47.04,223.26,0.22,49.18,228.20,0.22,50.35,0.00,0.00,0.00
229.57,0.86,198.51,224.48,0.21,47.79,228.87,0.22,50.85,221.93,0.22,47.89,0.00,0.00,0.00
228.14,0.87,198.19,227.72,0.22,49.08,227.44,0.22,50.67,223.56,0.22,48.41,0.00,0.00,0.00
227.65,0.85,194.04,217.17,0.21,44.60,226.95,0.22,49.89,219.36,0.21,46.78,0.00,0.00,0.00
222.00,0.86,190.62,218.49,0.21,45.21,221.30,0.22,49.36,221.83,0.21,47.65,0.00,0.00,0.00
226.60,0.86,194.98,225.75,0.21,48.33,225.90,0.22,50.08,216.44,0.21,45.62,0.00,0.00,0.00
219.72,0.87,191.26,222.97,0.21,47.06,219.02,0.22,49.06,228.04,0.22,50.52,0.00,0.00,0.00
227.72,0.87,197.47,228.09,0.22,49.41,227.02,0.22,50.59,220.13,0.21,47.06,0.00,0.00,0.00
217.48,0.87,188.37,224.19,0.21,47.59,216.78,0.22,47.91,225.76,0.22,49.45,0.00,0.00,0.00
228.36,0.87,198.76,226.57,0.21,48.44,227.66,0.22,50.84,225.52,0.22,49.48,0.00,0.00,0.00
224.77,0.87,194.92,222.24,0.21,46.72,224.07,0.22,49.64,228.50,0.22,50.63,0.00,0.00,0.00
226.85,0.87,196.38,225.01,0.21,47.93,226.15,0.22,49.67,225.77,0.22,49.48,0.00,0.00,0.00
225.38,0.87,195.36,223.69,0.21,47.22,224.68,0.22,49.49,228.10,0.22,50.54,0.00,0.00,0.00
228.19,0.87,199.37,231.87,0.22,51.13,227.49,0.22,50.10,225.23,0.22,49.35,0.00,0.00,0.00
226.36,0.87,196.08,221.39,0.21,46.28,225.66,0.22,50.12,227.58,0.22,50.35,0.00,0.00,0.00
227.91,0.86,196.79,223.21,0.21,47.17,227.21,0.22,50.04,224.33,0.22,48.91,0.00,0.00,0.00
224.73,0.87,195.57,225.47,0.21,48.22,224.03,0.22,50.30,224.73,0.22,48.99,0.00,0.00,0.00
222.51,0.86,191.44,223.74,0.21,47.44,221.81,0.22,48.78,220.94,0.21,47.41,0.00,0.00,0.00
221.06,0.87,193.29,220.10,0.21,45.99,220.36,0.23,50.65,230.27,0.22,51.05,0.00,0.00,0.00
227.30,0.86,196.31,225.57,0.21,48.36,226.60,0.22,49.92,220.76,0.22,47.48,0.00,0.00,0.00
219.32,0.86,189.31,216.50,0.21,44.54,218.62,0.22,48.98,226.17,0.22,49.65,0.00,0.00,0.00
227.46,0.86,196.51,217.89,0.21,45.08,226.76,0.22,50.58,226.59,0.22,49.88,0.00,0.00,0.00
225.62,0.87,195.85,224.13,0.21,47.34,224.92,0.22,50.10,226.83,0.22,49.94,0.00,0.00,0.00
227.24,0.88,199.40,233.05,0.22,51.73,226.54,0.22,50.45,225.13,0.22,49.29,0.00,0.00,0.00
227.17,0.87,198.50,228.04,0.22,49.32,226.47,0.22,49.99,229.17,0.22,51.08,0.00,0.00,0.00
220.80,0.86,190.86,217.54,0.21,44.87,220.10,0.23,49.87,223.51,0.22,48.66,0.00,0.00,0.00
227.66,0.85,194.40,218.27,0.21,45.15,226.96,0.22,49.99,218.88,0.21,46.60,0.00,0.00,0.00
221.32,0.86,190.89,219.19,0.21,45.52,220.62,0.22,49.39,223.91,0.22,48.61,0.00,0.00,0.00
223.74,0.87,193.99,224.54,0.21,47.68,223.04,0.22,49.19,227.15,0.22,50.03,0.00,0.00,0.00
219.26,0.86,188.87,217.55,0.21,44.70,218.56,0.22,48.39,226.95,0.22,50.07,0.00,0.00,0.00
227.51,0.85,194.34,218.86,0.21,45.41,226.81,0.22,50.30,217.01,0.21,45.81,0.00,0.00,0.00
226.09,0.86,194.79,222.77,0.21,46.93,225.39,0.22,50.11,220.39,0.21,47.31,0.00,0.00,0.00
228.92,0.86,197.42,224.12,0.21,47.64,228.22,0.22,50.56,221.10,0.21,47.41,0.00,0.00,0.00
225.21,0.85,192.44,216.77,0.21,44.63,224.51,0.22,50.00,218.56,0.21,46.35,0.00,0.00,0.00
228.50,0.88,200.71,231.05,0.22,50.68,227.80,0.22,51.07,226.75,0.22,50.12,0.00,0.00,0.00
227.05,0.86,196.26,223.22,0.21,47.17,226.35,0.22,49.97,225.22,0.22,49.19,0.00,0.00,0.00
227.28,0.87,197.70,225.40,0.21,48.15,226.58,0.22,49.88,228.31,0.22,50.73,0.00,0.00,0.00
224.24,0.86,192.91,223.59,0.21,47.41,223.54,0.22,49.28,219.73,0.21,47.01,0.00,0.00,0.00
222.54,0.87,193.21,223.37,0.21,47.26,221.84,0.22,49.15,227.98,0.22,50.43,0.00,0.00,0.00
227.66,0.87,198.03,226.85,0.21,48.74,226.96,0.22,50.18,225.93,0.22,49.71,0.00,0.00,0.00
225.25,0.87,195.94,224.58,0.21,47.82,224.55,0.22,50.19,225.86,0.22,49.58,0.00,0.00,0.00
225.14,0.87,194.85,226.31,0.21,48.50,224.44,0.22,49.65,222.55,0.22,48.09,0.00,0.00,0.00
225.47,0.87,196.81,227.20,0.22,48.92,224.77,0.22,50.13,226.62,0.22,50.01,0.00,0.00,0.00
226.95,0.86,195.41,224.38,0.21,47.66,226.25,0.22,49.94,219.82,0.21,47.04,0.00,0.00,0.00
227.75,0.88,200.60,234.68,0.22,52.28,227.05,0.22,50.64,227.13,0.22,50.22,0.00,0.00,0.00
226.35,0.87,197.34,230.61,0.22,50.44,225.65,0.22,49.73,225.48,0.22,49.34,0.00,0.00,0.00
224.05,0.87,195.17,226.82,0.22,48.84,223.35,0.22,49.30,227.37,0.22,50.30,0.00,0.00,0.00
224.46,0.87,194.49,222.60,0.21,47.20,223.76,0.22,49.40,226.38,0.22,49.76,0.00,0.00,0.00
222.42,0.87,193.33,223.30,0.21,47.16,221.72,0.23,50.14,224.61,0.22,48.97,0.00,0.00,0.00
219.36,0.87,190.86,225.00,0.21,48.10,218.66,0.22,48.30,227.35,0.22,50.37,0.00,0.00,0.00
229.97,0.87,200.44,227.16,0.22,48.98,229.27,0.22,50.80,226.44,0.22,49.94,0.00,0.00,0.00
221.68,0.86,191.63,224.16,0.21,47.62,220.98,0.22,48.60,224.81,0.22,49.06,0.00,0.00,0.00
226.10,0.86,195.57,223.75,0.21,47.48,225.40,0.22,50.31,222.72,0.22,48.03,0.00,0.00,0.00
225.55,0.86,194.12,219.06,0.21,45.43,224.85,0.22,49.54,225.17,0.22,49.33,0.00,0.00,0.00
226.36,0.87,197.06,225.31,0.21,48.14,225.66,0.22,50.17,227.72,0.22,50.26,0.00,0.00,0.00
227.39,0.86,195.48,223.96,0.21,47.62,226.69,0.22,49.89,219.10,0.21,46.69,0.00,0.00,0.00
225.28,0.86,194.85,221.20,0.21,46.23,224.58,0.22,49.91,226.94,0.22,49.88,0.00,0.00,0.00
229.21,0.87,198.60,225.31,0.21,48.24,228.51,0.22,50.36,224.33,0.22,48.92,0.00,0.00,0.00
228.71,0.86,196.26,225.12,0.21,47.98,228.01,0.22,50.18,216.78,0.21,45.74,0.00,0.00,0.00
224.49,0.87,194.73,225.35,0.21,48.14,223.79,0.22,49.32,225.61,0.22,49.54,0.00,0.00,0.00
220.19,0.86,189.95,219.19,0.21,45.50,219.49,0.22,48.62,226.24,0.22,49.70,0.00,0.00,0.00
226.52,0.87,196.02,222.02,0.21,46.65,225.82,0.22,49.80,227.16,0.22,50.17,0.00,0.00,0.00
226.54,0.87,197.33,227.54,0.22,49.14,225.84,0.22,49.70,227.62,0.22,50.34,0.00,0.00,0.00
227.41,0.87,197.67,224.57,0.21,47.86,226.71,0.22,50.37,226.55,0.22,49.85,0.00,0.00,0.00
224.75,0.85,192.00,218.01,0.21,44.87,224.05,0.22,49.35,219.67,0.21,47.08,0.00,0.00,0.00
226.33,0.87,196.60,227.58,0.22,49.12,225.63,0.22,49.64,225.57,0.22,49.38,0.00,0.00,0.00
216.26,0.87,188.22,224.27,0.21,47.56,215.56,0.22,47.68,229.72,0.22,51.27,0.00,0.00,0.00
226.48,0.86,195.57,223.09,0.21,47.22,225.78,0.22,49.75,224.25,0.22,48.80,0.00,0.00,0.00
220.17,0.88,193.48,224.55,0.21,47.89,219.47,0.22,48.26,239.89,0.23,55.59,0.00,0.00,0.00
227.68,0.86,195.16,219.25,0.21,45.39,226.98,0.22,49.69,224.14,0.22,48.72,0.00,0.00,0.00
224.76,0.87,194.57,223.97,0.21,47.48,224.06,0.22,49.53,225.65,0.22,49.36,0.00,0.00,0.00
227.12,0.86,195.75,224.03,0.21,47.56,226.42,0.22,49.84,221.87,0.22,47.83,0.00,0.00,0.00
224.41,0.87,194.36,224.67,0.21,47.67,223.71,0.22,49.91,223.31,0.22,48.45,0.00,0.00,0.00
224.77,0.87,195.12,224.16,0.21,47.55,224.07,0.22,49.78,226.36,0.22,49.78,0.00,0.00,0.00
225.56,0.86,194.74,222.16,0.21,46.80,224.86,0.22,49.27,226.20,0.22,49.69,0.00,0.00,0.00
226.83,0.86,195.14,221.11,0.21,46.21,226.13,0.22,50.35,221.76,0.21,47.63,0.00,0.00,0.00
224.52,0.86,192.98,222.81,0.21,46.90,223.82,0.22,49.63,219.56,0.21,46.85,0.00,0.00,0.00
226.11,0.87,196.57,223.17,0.21,47.30,225.41,0.22,50.15,227.60,0.22,50.31,0.00,0.00,0.00
230.21,0.87,199.24,223.10,0.21,47.10,229.51,0.22,50.82,225.75,0.22,49.44,0.00,0.00,0.00
224.84,0.86,193.67,224.27,0.21,47.57,224.14,0.22,49.78,218.51,0.21,46.61,0.00,0.00,0.00
223.45,0.87,194.62,229.48,0.22,50.23,222.75,0.22,48.98,224.59,0.22,49.04,0.00,0.00,0.00
220.97,0.86,190.74,218.85,0.21,45.25,220.27,0.22,48.96,227.05,0.22,50.01,0.00,0.00,0.00
227.28,0.87,197.14,225.33,0.21,48.14,226.58,0.22,50.01,224.91,0.22,49.29,0.00,0.00,0.00
224.17,0.85,191.47,217.74,0.21,44.77,223.47,0.22,49.45,220.34,0.21,47.01,0.00,0.00,0.00
227.27,0.87,197.24,222.95,0.21,47.01,226.57,0.22,50.76,225.85,0.22,49.49,0.00,0.00,0.00
225.02,0.86,192.59,217.16,0.21,44.65,224.32,0.22,49.23,222.38,0.22,48.24,0.00,0.00,0.00
227.93,0.87,197.89,223.84,0.21,47.43,227.23,0.22,50.10,228.07,0.22,50.62,0.00,0.00,0.00
225.76,0.86,193.62,221.75,0.21,46.62,225.06,0.22,49.59,219.36,0.21,46.77,0.00,0.00,0.00
219.37,0.86,188.89,223.22,0.21,47.19,218.67,0.22,48.53,219.58,0.21,46.95,0.00,0.00,0.00
226.17,0.86,194.82,233.15,0.22,51.32,225.47,0.22,48.85,216.90,0.21,45.72,0.00,0.00,0.00
219.91,0.87,191.06,223.98,0.21,47.46,219.21,0.22,49.04,226.16,0.22,49.60,0.00,0.00,0.00
225.57,0.87,196.53,228.44,0.22,49.46,224.87,0.22,49.77,226.07,0.22,49.64,0.00,0.00,0.00
224.62,0.88,196.75,228.31,0.22,49.22,223.92,0.22,48.54,238.61,0.23,54.81,0.00,0.00,0.00
227.84,0.86,195.03,218.10,0.21,45.09,227.14,0.22,50.29,219.84,0.21,47.04,0.00,0.00,0.00
219.38,0.86,188.85,224.67,0.21,47.87,218.68,0.22,48.31,218.55,0.21,46.55,0.00,0.00,0.00
226.32,0.86,195.62,220.48,0.21,46.23,225.62,0.22,49.96,225.81,0.22,49.53,0.00,0.00,0.00
221.66,0.87,192.46,221.07,0.21,46.26,220.96,0.22,49.30,228.93,0.22,50.83,0.00,0.00,0.00
222.65,0.87,192.97,224.27,0.21,47.66,221.95,0.22,48.78,227.67,0.22,50.21,0.00,0.00,0.00
221.13,0.88,194.30,226.17,0.21,48.48,220.43,0.23,50.36,228.81,0.22,50.80,0.00,0.00,0.00
229.50,0.87,199.70,228.41,0.22,49.35,228.80,0.22,50.87,224.47,0.22,48.91,0.00,0.00,0.00
225.15,0.86,193.14,218.35,0.21,45.15,224.45,0.22,49.66,222.48,0.22,48.05,0.00,0.00,0.00
226.77,0.87,197.33,225.04,0.21,48.00,226.07,0.22,50.61,225.68,0.22,49.45,0.00,0.00,0.00
224.17,0.86,193.55,223.20,0.21,47.07,223.47,0.22,49.05,225.76,0.22,49.47,0.00,0.00,0.00
226.86,0.87,196.50,226.21,0.21,48.37,226.16,0.22,50.60,218.97,0.21,47.02,0.00,0.00,0.00
225.15,0.86,193.13,217.41,0.21,44.71,224.45,0.22,49.21,225.83,0.22,49.46,0.00,0.00,0.00
223.17,0.87,193.69,222.07,0.21,46.59,222.47,0.22,49.56,228.12,0.22,50.51,0.00,0.00,0.00
221.16,0.85,188.98,221.26,0.21,46.26,220.46,0.22,48.51,217.37,0.21,45.97,0.00,0.00,0.00
225.37,0.87,194.98,226.12,0.21,48.60,224.67,0.22,50.00,220.34,0.21,47.11,0.00,0.00,0.00
223.76,0.87,194.08,224.13,0.21,47.65,223.06,0.22,49.29,226.48,0.22,49.80,0.00,0.00,0.00
226.10,0.87,196.50,225.12,0.21,48.04,225.40,0.23,51.76,218.30,0.21,46.32,0.00,0.00,0.00
224.34,0.86,192.58,225.14,0.21,47.98,223.64,0.22,49.12,218.39,0.21,46.25,0.00,0.00,0.00
222.94,0.87,193.55,225.06,0.21,47.95,222.24,0.22,48.95,227.37,0.22,50.25,0.00,0.00,0.00
222.03,0.87,192.13,225.88,0.21,48.33,221.33,0.22,48.12,226.08,0.22,49.75,0.00,0.00,0.00
224.62,0.86,192.54,221.98,0.21,46.58,223.92,0.22,49.41,218.93,0.21,46.59,0.00,0.00,0.00
225.04,0.86,193.06,216.94,0.21,44.49,224.34,0.22,49.01,226.85,0.22,50.01,0.00,0.00,0.00
227.60,0.87,197.19,223.94,0.21,47.51,226.90,0.22,49.96,226.58,0.22,49.89,0.00,0.00,0.00
225.70,0.87,196.07,224.94,0.21,48.02,225.00,0.22,49.66,226.07,0.22,49.88,0.00,0.00,0.00
228.03,0.87,198.82,227.23,0.22,48.97,227.33,0.22,50.39,227.08,0.22,50.15,0.00,0.00,0.00
228.62,0.86,195.54,218.99,0.21,45.32,227.92,0.22,50.44,219.72,0.21,46.83,0.00,0.00,0.00
225.54,0.87,196.70,225.50,0.21,48.07,224.84,0.22,50.31,227.70,0.22,50.39,0.00,0.00,0.00
226.63,0.86,194.95,218.15,0.21,45.10,225.93,0.22,49.68,226.06,0.22,49.67,0.00,0.00,0.00
221.95,0.87,192.33,225.68,0.21,48.25,221.25,0.22,49.26,222.81,0.22,48.18,0.00,0.00,0.00
226.22,0.86,195.16,222.28,0.21,46.72,225.52,0.22,49.63,225.12,0.22,49.21,0.00,0.00,0.00
220.22,0.87,190.85,218.98,0.21,45.38,219.52,0.22,48.94,228.84,0.22,50.94,0.00,0.00,0.00
226.60,0.86,195.38,225.29,0.21,48.09,225.90,0.22,49.72,221.49,0.21,47.58,0.00,0.00,0.00
226.88,0.88,200.36,234.75,0.22,52.30,226.18,0.22,50.61,229.71,0.22,51.15,0.00,0.00,0.00
232.21,0.86,200.03,220.89,0.21,46.26,231.51,0.22,51.61,221.73,0.22,47.72,0.00,0.00,0.00
225.84,0.87,196.72,222.99,0.21,47.21,225.14,0.22,50.14,229.61,0.22,51.15,0.00,0.00,0.00
224.42,0.86,193.41,220.19,0.21,45.93,223.72,0.22,49.45,224.70,0.22,49.05,0.00,0.00,0.00
221.59,0.87,192.86,224.56,0.21,47.80,220.89,0.22,49.21,227.62,0.22,50.28,0.00,0.00,0.00
226.45,0.87,196.14,231.13,0.22,50.55,225.75,0.22,50.17,218.02,0.21,46.07,0.00,0.00,0.00
225.22,0.87,195.08,221.58,0.21,46.46,224.52,0.22,49.85,227.42,0.22,50.17,0.00,0.00,0.00
227.58,0.86,196.19,218.80,0.21,45.26,226.88,0.22,50.22,226.17,0.22,49.75,0.00,0.00,0.00
226.41,0.87,197.21,227.34,0.22,49.05,225.71,0.22,49.90,227.27,0.22,50.07,0.00,0.00,0.00
227.25,0.87,198.00,225.80,0.21,48.25,226.55,0.22,50.79,226.00,0.22,49.62,0.00,0.00,0.00
225.39,0.86,193.71,218.08,0.21,45.12,224.69,0.22,49.29,226.51,0.22,49.67,0.00,0.00,0.00
222.27,0.86,192.10,216.91,0.21,44.60,221.57,0.22,49.82,226.34,0.22,49.78,0.00,0.00,0.00
224.76,0.85,191.84,219.55,0.21,45.60,224.06,0.22,49.29,217.66,0.21,46.15,0.00,0.00,0.00
226.00,0.88,199.12,226.02,0.21,48.53,225.30,0.22,50.66,235.71,0.23,53.65,0.00,0.00,0.00
225.87,0.86,194.73,221.96,0.21,46.50,225.17,0.22,49.50,225.33,0.22,49.33,0.00,0.00,0.00
227.15,0.86,195.54,218.40,0.21,45.26,226.45,0.23,51.27,219.74,0.21,46.88,0.00,0.00,0.00
225.13,0.86,193.54,219.33,0.21,45.47,224.43,0.22,49.17,226.20,0.22,49.63,0.00,0.00,0.00
229.78,0.87,200.44,227.36,0.22,48.99,229.08,0.22,50.97,227.27,0.22,50.11,0.00,0.00,0.00
222.14,0.86,192.08,224.93,0.21,47.54,221.44,0.22,48.73,226.45,0.22,49.68,0.00,0.00,0.00
224.96,0.87,195.82,224.56,0.21,47.78,224.26,0.22,49.86,228.20,0.22,50.54,0.00,0.00,0.00
226.00,0.86,194.93,223.29,0.21,47.09,225.30,0.22,49.51,224.00,0.22,48.82,0.00,0.00,0.00
229.24,0.86,197.78,223.10,0.21,47.07,228.54,0.22,50.68,222.36,0.22,48.05,0.00,0.00,0.00
227.83,0.87,197.70,225.27,0.21,48.19,227.13,0.22,50.17,224.81,0.22,49.24,0.00,0.00,0.00
226.60,0.86,195.58,225.44,0.21,48.15,225.90,0.22,50.00,219.93,0.21,47.13,0.00,0.00,0.00
224.99,0.86,194.16,226.46,0.21,48.65,224.29,0.22,49.58,219.18,0.21,46.74,0.00,0.00,0.00
225.86,0.87,196.49,223.69,0.21,47.42,225.16,0.22,49.92,229.47,0.22,51.04,0.00,0.00,0.00
228.56,0.87,198.14,225.59,0.21,48.21,227.86,0.22,50.28,225.68,0.22,49.36,0.00,0.00,0.00
226.89,0.86,194.15,223.80,0.21,47.36,226.19,0.22,49.36,218.49,0.21,46.32,0.00,0.00,0.00
227.36,0.86,194.71,217.50,0.21,44.69,226.66,0.22,49.67,224.69,0.22,48.97,0.00,0.00,0.00
231.79,0.87,202.59,224.08,0.21,47.54,231.09,0.23,52.10,227.89,0.22,50.72,0.00,0.00,0.00
225.88,0.86,195.19,225.34,0.21,48.12,225.18,0.22,50.06,220.86,0.21,47.35,0.00,0.00,0.00
219.55,0.86,189.90,223.05,0.21,47.14,218.85,0.22,48.27,225.67,0.22,49.46,0.00,0.00,0.00
226.29,0.86,195.41,220.00,0.21,45.70,225.59,0.22,50.21,226.20,0.22,49.62,0.00,0.00,0.00
226.13,0.86,195.51,223.86,0.21,47.46,225.43,0.22,49.66,224.25,0.22,48.99,0.00,0.00,0.00
221.01,0.87,192.95,225.77,0.21,48.27,220.31,0.22,48.49,232.35,0.23,52.35,0.00,0.00,0.00
225.47,0.86,193.43,217.06,0.21,44.51,224.77,0.22,49.58,224.76,0.22,49.09,0.00,0.00,0.00
225.10,0.86,193.18,219.19,0.21,45.56,224.40,0.22,49.88,219.98,0.21,47.11,0.00,0.00,0.00
225.70,0.86,193.50,223.51,0.21,47.26,225.00,0.22,49.38,219.14,0.21,46.58,0.00,0.00,0.00
223.78,0.87,193.82,223.65,0.21,47.39,223.08,0.22,48.88,228.71,0.22,50.61,0.00,0.00,0.00
226.15,0.86,194.61,221.74,0.21,46.59,225.45,0.22,49.06,225.22,0.22,49.31,0.00,0.00,0.00
226.46,0.87,196.10,223.28,0.21,47.16,225.76,0.22,49.94,227.73,0.22,50.03,0.00,0.00,0.00
226.90,0.86,195.46,226.39,0.21,48.45,226.20,0.22,49.48,221.37,0.21,47.56,0.00,0.00,0.00
224.84,0.86,193.36,224.68,0.21,47.74,224.14,0.22,49.58,218.44,0.21,46.41,0.00,0.00,0.00
223.97,0.87,194.65,224.75,0.21,47.83,223.27,0.22,49.75,225.38,0.22,49.49,0.00,0.00,0.00
225.83,0.86,194.56,222.02,0.21,46.64,225.13,0.22,49.24,225.57,0.22,49.37,0.00,0.00,0.00
228.41,0.86,197.43,224.04,0.21,47.53,227.71,0.22,50.20,224.31,0.22,48.88,0.00,0.00,0.00
224.42,0.87,194.29,224.04,0.21,47.52,223.72,0.22,49.25,226.28,0.22,49.69,0.00,0.00,0.00
227.59,0.87,198.52,229.30,0.22,49.79,226.89,0.22,50.10,226.41,0.22,49.91,0.00,0.00,0.00
224.46,0.86,193.89,224.94,0.21,47.90,223.76,0.22,49.34,222.61,0.22,48.20,0.00,0.00,0.00
225.95,0.86,195.35,225.20,0.21,48.03,225.25,0.22,49.97,221.71,0.22,47.80,0.00,0.00,0.00
229.87,0.86,198.49,222.87,0.21,47.08,229.17,0.22,50.36,225.34,0.22,49.26,0.00,0.00,0.00
225.78,0.86,194.73,219.79,0.21,45.65,225.08,0.22,49.45,227.96,0.22,50.43,0.00,0.00,0.00
225.31,0.86,194.43,223.33,0.21,47.06,224.61,0.22,49.19,226.42,0.22,49.66,0.00,0.00,0.00
225.43,0.86,193.45,218.13,0.21,44.99,224.73,0.22,49.91,222.97,0.22,48.14,0.00,0.00,0.00
225.72,0.86,194.22,225.24,0.21,48.08,225.02,0.22,49.65,218.95,0.21,46.53,0.00,0.00,0.00
225.62,0.87,196.14,224.60,0.21,47.73,224.92,0.22,50.30,225.21,0.22,49.39,0.00,0.00,0.00
227.76,0.86,195.34,219.62,0.21,45.54,227.06,0.22,50.09,222.84,0.22,48.09,0.00,0.00,0.00
220.96,0.87,192.76,225.08,0.21,48.02,220.26,0.22,49.48,227.47,0.22,50.15,0.00,0.00,0.00
222.68,0.86,192.34,224.51,0.21,47.66,221.98,0.22,49.13,222.79,0.22,48.18,0.00,0.00,0.00
225.14,0.86,194.02,219.19,0.21,45.40,224.44,0.22,49.65,226.00,0.22,49.62,0.00,0.00,0.00
221.27,0.87,191.62,225.27,0.21,48.00,220.57,0.22,48.57,225.48,0.22,49.33,0.00,0.00,0.00
225.01,0.87,196.02,223.51,0.21,47.50,224.31,0.22,50.16,227.32,0.22,50.27,0.00,0.00,0.00
223.01,0.85,190.42,214.74,0.20,43.69,222.31,0.22,49.55,220.30,0.21,47.07,0.00,0.00,0.00
223.06,0.86,191.26,223.96,0.21,47.39,222.36,0.22,48.62,219.83,0.21,46.90,0.00,0.00,0.00
224.89,0.87,194.83,225.45,0.21,48.18,224.19,0.22,49.70,223.52,0.22,48.51,0.00,0.00,0.00
224.49,0.86,193.95,224.54,0.21,47.70,223.79,0.22,48.94,225.81,0.22,49.45,0.00,0.00,0.00
225.91,0.87,195.52,223.92,0.21,47.40,225.21,0.22,50.29,223.91,0.22,48.50,0.00,0.00,0.00
219.85,0.86,189.67,221.03,0.21,46.23,219.15,0.22,48.12,226.34,0.22,49.82,0.00,0.00,0.00
226.13,0.85,193.22,217.55,0.21,44.74,225.43,0.22,49.61,221.20,0.21,47.53,0.00,0.00,0.00
233.27,0.87,201.89,223.26,0.21,47.22,232.57,0.22,51.36,225.84,0.22,49.52,0.00,0.00,0.00
223.77,0.86,193.45,224.61,0.21,47.80,223.07,0.22,49.05,224.16,0.22,48.86,0.00,0.00,0.00
221.83,0.87,192.54,223.13,0.21,46.99,221.13,0.22,49.26,227.35,0.22,50.19,0.00,0.00,0.00
224.38,0.86,193.61,224.55,0.21,47.70,223.68,0.22,50.09,219.26,0.21,46.61,0.00,0.00,0.00
218.72,0.86,188.70,225.41,0.21,48.15,218.02,0.22,48.11,221.54,0.21,47.54,0.00,0.00,0.00
227.89,0.87,197.45,228.37,0.22,49.56,227.19,0.22,50.04,221.68,0.22,47.72,0.00,0.00,0.00
226.41,0.87,196.30,225.46,0.21,48.08,225.71,0.22,49.70,226.30,0.22,49.71,0.00,0.00,0.00
223.47,0.87,193.68,224.32,0.21,47.60,222.77,0.22,49.17,226.07,0.22,49.71,0.00,0.00,0.00
224.44,0.88,196.88,231.74,0.22,51.23,223.74,0.22,49.57,227.25,0.22,50.16,0.00,0.00,0.00
225.32,0.86,193.13,228.05,0.21,48.96,224.62,0.22,49.16,216.04,0.21,45.31,0.00,0.00,0.00
226.16,0.87,196.64,225.75,0.21,48.18,225.46,0.22,49.97,226.95,0.22,50.05,0.00,0.00,0.00
229.73,0.86,196.67,222.97,0.21,47.02,229.03,0.22,50.51,217.27,0.21,45.80,0.00,0.00,0.00
221.69,0.86,190.39,223.63,0.21,47.29,220.99,0.22,48.81,219.19,0.21,46.60,0.00,0.00,0.00
226.64,0.86,194.36,224.93,0.21,47.90,225.94,0.22,50.63,212.46,0.21,43.90,0.00,0.00,0.00
225.43,0.86,192.96,224.07,0.21,47.49,224.73,0.22,49.10,217.99,0.21,46.14,0.00,0.00,0.00
227.29,0.87,197.34,225.33,0.21,48.16,226.59,0.22,50.03,226.17,0.22,49.72,0.00,0.00,0.00
225.62,0.86,194.90,223.69,0.21,47.17,224.92,0.22,49.52,225.75,0.22,49.42,0.00,0.00,0.00
225.51,0.86,194.35,224.96,0.21,48.07,224.81,0.22,49.72,219.70,0.21,46.82,0.00,0.00,0.00
226.30,0.87,196.77,229.36,0.22,49.84,225.60,0.22,49.40,225.64,0.22,49.49,0.00,0.00,0.00
224.82,0.87,194.90,225.52,0.21,48.05,224.12,0.22,49.28,227.24,0.22,50.01,0.00,0.00,0.00
226.94,0.87,197.14,231.42,0.22,50.85,226.24,0.22,49.60,222.30,0.22,47.99,0.00,0.00,0.00
222.27,0.86,190.77,218.30,0.21,45.13,221.57,0.22,48.67,224.43,0.22,48.93,0.00,0.00,0.00
226.44,0.87,196.92,225.28,0.21,47.80,225.74,0.22,50.14,227.99,0.22,50.49,0.00,0.00,0.00
220.73,0.87,191.71,223.19,0.21,47.09,220.03,0.22,48.98,226.86,0.22,50.15,0.00,0.00,0.00
224.24,0.87,194.79,225.81,0.21,48.26,223.54,0.22,49.43,226.74,0.22,49.87,0.00,0.00,0.00
222.62,0.86,191.98,218.21,0.21,45.07,221.92,0.22,49.32,226.01,0.22,49.65,0.00,0.00,0.00
223.02,0.86,192.65,223.10,0.21,46.99,222.32,0.22,48.96,226.72,0.22,49.68,0.00,0.00,0.00
228.88,0.87,198.22,224.49,0.21,47.70,228.18,0.22,50.28,226.79,0.22,49.73,0.00,0.00,0.00
225.78,0.87,195.32,223.51,0.21,47.38,225.08,0.22,49.53,225.80,0.22,49.49,0.00,0.00,0.00
224.25,0.86,193.16,222.77,0.21,46.81,223.55,0.22,49.12,224.22,0.22,48.79,0.00,0.00,0.00
234.62,0.87,204.61,224.63,0.21,47.75,233.92,0.23,52.78,226.69,0.22,49.88,0.00,0.00,0.00
225.17,0.86,193.77,222.30,0.21,46.73,224.47,0.22,49.01,224.73,0.22,49.02,0.00,0.00,0.00
225.48,0.86,194.26,222.85,0.21,46.88,224.78,0.22,49.93,222.44,0.22,47.86,0.00,0.00,0.00
226.55,0.87,197.09,226.80,0.22,49.01,225.85,0.22,50.16,224.67,0.22,48.96,0.00,0.00,0.00
224.51,0.87,196.07,226.61,0.21,48.48,223.81,0.23,50.78,225.80,0.22,49.37,0.00,0.00,0.00
223.35,0.86,192.96,219.12,0.21,45.45,222.65,0.22,49.39,227.73,0.22,50.28,0.00,0.00,0.00
226.09,0.86,193.65,217.12,0.21,44.62,225.39,0.22,49.42,224.64,0.22,48.94,0.00,0.00,0.00
224.60,0.88,196.58,229.96,0.22,50.05,223.90,0.22,49.70,227.98,0.22,50.56,0.00,0.00,0.00
220.57,0.86,189.20,217.40,0.21,44.74,219.87,0.22,48.61,223.64,0.22,48.53,0.00,0.00,0.00
223.78,0.86,192.90,221.60,0.21,46.40,223.08,0.22,49.23,224.87,0.22,49.03,0.00,0.00,0.00
219.46,0.86,187.77,213.19,0.20,42.81,218.76,0.22,48.23,226.93,0.22,50.03,0.00,0.00,0.00
224.37,0.86,192.86,222.09,0.21,46.55,223.67,0.22,48.90,223.77,0.22,48.66,0.00,0.00,0.00
226.68,0.87,196.31,223.84,0.21,47.42,225.98,0.22,49.98,226.39,0.22,49.60,0.00,0.00,0.00
224.81,0.87,194.67,222.22,0.21,46.68,224.11,0.22,49.32,229.73,0.22,50.98,0.00,0.00,0.00
227.04,0.87,196.84,223.89,0.21,47.41,226.34,0.22,49.96,227.45,0.22,50.19,0.00,0.00,0.00
223.55,0.86,193.25,222.78,0.21,47.01,222.85,0.22,49.14,225.32,0.22,49.36,0.00,0.00,0.00
228.54,0.86,197.28,223.93,0.21,47.48,227.84,0.22,49.76,225.88,0.22,49.44,0.00,0.00,0.00
226.96,0.86,195.89,223.43,0.21,47.26,226.26,0.22,49.77,224.20,0.22,48.82,0.00,0.00,0.00
224.57,0.87,194.38,222.44,0.21,46.88,223.87,0.22,49.64,225.44,0.22,49.41,0.00,0.00,0.00
227.68,0.88,199.47,230.44,0.22,50.30,226.98,0.22,50.57,229.12,0.22,50.66,0.00,0.00,0.00
225.75,0.87,196.70,228.82,0.22,49.47,225.05,0.22,49.63,227.22,0.22,50.14,0.00,0.00,0.00
232.01,0.87,200.82,226.46,0.21,48.49,231.31,0.22,51.35,223.15,0.22,48.11,0.00,0.00,0.00
226.52,0.87,197.17,226.22,0.21,48.57,225.82,0.22,50.07,226.89,0.22,49.95,0.00,0.00,0.00
226.77,0.87,196.97,226.18,0.21,48.06,226.07,0.22,50.08,227.12,0.22,50.13,0.00,0.00,0.00
226.56,0.88,198.56,230.98,0.22,50.57,225.86,0.22,50.51,227.23,0.22,49.98,0.00,0.00,0.00
224.96,0.87,195.97,228.51,0.22,49.48,224.26,0.22,49.56,226.57,0.22,49.79,0.00,0.00,0.00
226.78,0.86,195.50,223.01,0.21,47.01,226.08,0.22,49.80,223.68,0.22,48.57,0.00,0.00,0.00
223.51,0.86,193.14,221.31,0.21,46.41,222.81,0.22,49.42,225.25,0.22,49.27,0.00,0.00,0.00
226.04,0.86,194.39,221.70,0.21,46.44,225.34,0.22,48.97,226.14,0.22,49.60,0.00,0.00,0.00
224.33,0.86,193.18,221.74,0.21,46.39,223.63,0.22,49.06,225.70,0.22,49.35,0.00,0.00,0.00
229.53,0.87,199.45,224.33,0.21,47.74,228.83,0.22,50.83,226.98,0.22,49.95,0.00,0.00,0.00
224.09,0.86,193.64,222.29,0.21,46.81,223.39,0.22,49.39,225.00,0.22,49.18,0.00,0.00,0.00
225.69,0.87,196.19,224.23,0.21,47.60,225.00,0.22,50.10,227.21,0.22,50.08,0.00,0.00,0.00
224.39,0.87,194.33,222.96,0.21,47.15,223.69,0.22,49.56,224.98,0.22,49.29,0.00,0.00,0.00
226.30,0.87,197.81,225.79,0.21,48.28,225.60,0.22,49.70,233.15,0.23,52.72,0.00,0.00,0.00
227.16,0.87,197.24,224.97,0.21,47.92,226.46,0.22,50.24,226.25,0.22,49.68,0.00,0.00,0.00
227.35,0.87,198.93,227.10,0.21,48.76,226.65,0.22,50.82,228.99,0.22,50.87,0.00,0.00,0.00
228.46,0.87,198.67,225.86,0.21,48.34,227.76,0.22,50.41,227.30,0.22,50.10,0.00,0.00,0.00
225.44,0.87,196.97,230.37,0.22,50.27,224.74,0.22,49.69,227.61,0.22,50.20,0.00,0.00,0.00
228.49,0.87,198.53,225.33,0.21,48.07,227.79,0.22,50.73,226.01,0.22,49.49,0.00,0.00,0.00
225.97,0.87,195.86,223.47,0.21,47.15,225.27,0.22,49.93,227.21,0.22,50.04,0.00,0.00,0.00
227.63,0.86,195.96,222.16,0.21,46.62,226.93,0.22,49.75,224.45,0.22,48.90,0.00,0.00,0.00
224.73,0.86,194.10,222.29,0.21,46.75,224.03,0.22,49.38,226.14,0.22,49.55,0.00,0.00,0.00
226.88,0.87,197.00,224.75,0.21,47.79,226.18,0.22,50.06,227.65,0.22,50.19,0.00,0.00,0.00
227.67,0.86,196.90,222.16,0.21,46.63,226.97,0.22,50.11,227.31,0.22,50.07,0.00,0.00,0.00
226.09,0.87,196.14,224.99,0.21,48.04,225.39,0.22,50.15,224.29,0.22,48.80,0.00,0.00,0.00
225.62,0.87,195.63,223.20,0.21,47.22,224.92,0.22,49.81,227.14,0.22,50.02,0.00,0.00,0.00
227.39,0.87,197.29,224.12,0.21,47.53,226.69,0.22,50.42,225.64,0.22,49.47,0.00,0.00,0.00
225.16,0.87,195.04,223.59,0.21,47.31,224.46,0.22,49.65,227.48,0.22,49.95,0.00,0.00,0.00
226.27,0.88,199.01,230.00,0.22,50.03,225.57,0.22,50.60,231.22,0.22,51.75,0.00,0.00,0.00
225.86,0.89,200.42,230.55,0.22,50.30,225.16,0.23,50.77,236.67,0.23,54.39,0.00,0.00,0.00
228.10,0.88,201.28,231.00,0.22,50.64,227.40,0.23,51.77,228.22,0.22,50.59,0.00,0.00,0.00
224.32,0.86,193.63,219.55,0.21,45.68,223.62,0.22,49.73,225.36,0.22,49.31,0.00,0.00,0.00
227.21,0.88,199.97,231.46,0.22,50.85,226.51,0.23,51.41,226.12,0.22,49.65,0.00,0.00,0.00
225.77,0.87,196.34,225.80,0.21,48.26,225.07,0.22,49.97,226.93,0.22,49.93,0.00,0.00,0.00
225.15,0.88,197.01,226.30,0.21,48.57,224.45,0.23,50.51,228.53,0.22,50.62,0.00,0.00,0.00
226.13,0.87,195.91,222.50,0.21,46.82,225.43,0.22,50.26,226.25,0.22,49.57,0.00,0.00,0.00
235.04,0.87,205.28,233.32,0.22,51.63,234.34,0.22,51.97,222.96,0.22,48.26,0.00,0.00,0.00
224.59,0.87,195.32,224.84,0.21,47.84,223.89,0.22,49.93,227.10,0.22,49.97,0.00,0.00,0.00
227.14,0.87,198.43,225.25,0.21,48.14,226.44,0.23,51.66,224.47,0.22,48.90,0.00,0.00,0.00
227.81,0.87,197.89,224.77,0.21,47.82,227.11,0.22,50.48,226.76,0.22,49.84,0.00,0.00,0.00
225.94,0.87,195.44,223.97,0.21,47.54,225.24,0.22,49.70,225.48,0.22,49.20,0.00,0.00,0.00
225.14,0.87,194.95,223.97,0.21,47.49,224.44,0.22,49.45,225.94,0.22,49.63,0.00,0.00,0.00
224.73,0.86,194.11,222.39,0.21,46.77,224.03,0.22,49.13,227.24,0.22,50.06,0.00,0.00,0.00
227.44,0.87,198.08,227.45,0.22,49.14,226.74,0.22,50.23,225.54,0.22,49.51,0.00,0.00,0.00
225.64,0.86,194.42,218.20,0.21,45.22,224.94,0.22,49.63,226.65,0.22,49.84,0.00,0.00,0.00
223.31,0.86,191.52,223.55,0.21,47.22,222.61,0.22,48.75,220.35,0.21,47.05,0.00,0.00,0.00
226.64,0.87,196.96,224.46,0.21,47.83,225.94,0.22,49.93,227.71,0.22,50.35,0.00,0.00,0.00
227.91,0.87,197.41,226.01,0.21,48.31,227.21,0.22,50.55,222.13,0.22,47.99,0.00,0.00,0.00
225.90,0.87,196.18,228.68,0.22,49.53,225.20,0.22,50.48,220.39,0.21,47.12,0.00,0.00,0.00
227.44,0.87,198.30,230.21,0.22,50.14,226.74,0.22,50.15,225.35,0.22,49.37,0.00,0.00,0.00
225.13,0.88,198.03,232.82,0.22,51.51,224.43,0.22,50.14,227.51,0.22,50.30,0.00,0.00,0.00
224.97,0.86,194.54,222.73,0.21,46.94,224.27,0.22,49.34,227.24,0.22,50.01,0.00,0.00,0.00
224.63,0.86,193.81,221.93,0.21,46.59,223.93,0.22,49.32,225.24,0.22,49.28,0.00,0.00,0.00
223.63,0.86,193.27,222.68,0.21,46.82,222.93,0.22,49.14,226.23,0.22,49.70,0.00,0.00,0.00
226.81,0.86,195.91,224.24,0.21,47.70,226.11,0.22,50.18,220.94,0.22,47.55,0.00,0.00,0.00
225.16,0.87,194.93,222.92,0.21,47.00,224.46,0.22,49.46,227.34,0.22,50.17,0.00,0.00,0.00
226.25,0.87,196.53,226.32,0.21,48.25,225.55,0.22,50.01,225.90,0.22,49.66,0.00,0.00,0.00
220.92,0.87,191.56,224.65,0.21,47.74,220.22,0.22,48.71,225.51,0.22,49.51,0.00,0.00,0.00
226.64,0.86,195.20,224.67,0.21,47.80,225.94,0.22,49.97,219.66,0.21,46.89,0.00,0.00,0.00
224.74,0.87,194.69,218.61,0.21,45.28,224.04,0.22,50.18,227.59,0.22,50.36,0.00,0.00,0.00
225.40,0.86,194.84,221.18,0.21,46.32,224.70,0.22,49.92,224.73,0.22,49.21,0.00,0.00,0.00
228.22,0.87,197.79,224.05,0.21,47.61,227.52,0.22,50.41,225.23,0.22,49.27,0.00,0.00,0.00
224.76,0.87,195.41,229.81,0.22,49.95,224.06,0.22,49.81,222.48,0.22,48.03,0.00,0.00,0.00
222.92,0.86,191.63,218.68,0.21,45.23,222.22,0.22,48.79,225.82,0.22,49.54,0.00,0.00,0.00
224.95,0.87,195.53,224.47,0.21,47.73,224.25,0.22,50.11,226.13,0.22,49.56,0.00,0.00,0.00
224.81,0.86,194.24,222.29,0.21,46.80,224.11,0.22,49.13,226.97,0.22,50.02,0.00,0.00,0.00
227.42,0.87,198.14,224.69,0.21,47.96,226.72,0.22,50.64,227.13,0.22,50.11,0.00,0.00,0.00
225.18,0.86,193.98,221.70,0.21,46.42,224.48,0.22,49.44,224.27,0.22,48.88,0.00,0.00,0.00
224.30,0.86,193.59,222.03,0.21,46.65,223.60,0.22,49.00,226.91,0.22,49.91,0.00,0.00,0.00
227.66,0.87,197.11,225.02,0.21,47.99,226.96,0.22,49.96,224.93,0.22,49.16,0.00,0.00,0.00
226.80,0.87,196.80,221.87,0.21,46.96,226.10,0.22,50.08,227.14,0.22,50.12,0.00,0.00,0.00
227.45,0.86,196.01,224.61,0.21,47.81,226.75,0.22,50.02,221.12,0.21,47.42,0.00,0.00,0.00
227.19,0.87,196.58,219.61,0.21,45.76,226.49,0.22,50.39,227.92,0.22,50.27,0.00,0.00,0.00
226.84,0.87,198.34,223.85,0.21,47.41,226.14,0.23,51.10,229.77,0.22,51.17,0.00,0.00,0.00
229.79,0.87,199.76,232.14,0.22,51.22,229.09,0.22,50.67,219.72,0.21,46.94,0.00,0.00,0.00
221.62,0.86,189.52,221.28,0.21,46.36,220.92,0.22,48.55,217.79,0.21,46.18,0.00,0.00,0.00
220.67,0.87,191.73,221.25,0.21,46.38,219.97,0.22,49.09,229.10,0.22,50.90,0.00,0.00,0.00
223.93,0.86,191.98,217.37,0.21,44.71,223.23,0.22,48.93,225.51,0.22,49.29,0.00,0.00,0.00
227.56,0.87,198.51,224.72,0.21,47.92,226.86,0.22,50.59,228.73,0.22,50.84,0.00,0.00,0.00
226.36,0.87,196.19,223.15,0.21,47.08,225.66,0.22,49.79,228.04,0.22,50.45,0.00,0.00,0.00
233.67,0.87,202.24,226.22,0.22,48.64,232.97,0.22,51.86,220.05,0.21,47.09,0.00,0.00,0.00
219.71,0.86,189.23,223.14,0.21,47.22,219.01,0.22,48.58,220.48,0.21,47.18,0.00,0.00,0.00
222.48,0.87,192.45,223.11,0.21,47.14,221.78,0.23,50.13,220.80,0.21,47.21,0.00,0.00,0.00
220.29,0.86,189.73,216.82,0.21,44.45,219.59,0.22,48.34,229.21,0.22,50.93,0.00,0.00,0.00
225.87,0.88,198.17,232.28,0.22,50.98,225.17,0.22,50.44,226.54,0.22,49.84,0.00,0.00,0.00
224.59,0.86,192.90,223.73,0.21,47.42,223.89,0.22,49.29,219.06,0.21,46.64,0.00,0.00,0.00
223.04,0.87,194.29,226.75,0.21,48.65,222.34,0.22,49.03,228.32,0.22,50.72,0.00,0.00,0.00
225.52,0.87,197.31,231.18,0.22,50.77,224.82,0.22,49.79,226.51,0.22,49.82,0.00,0.00,0.00
227.69,0.86,196.49,218.26,0.21,45.06,226.99,0.22,50.51,226.78,0.22,49.91,0.00,0.00,0.00
225.25,0.86,194.47,217.92,0.21,45.00,224.55,0.22,49.99,226.99,0.22,50.01,0.00,0.00,0.00
229.40,0.88,202.65,233.50,0.22,52.02,228.70,0.22,51.14,228.69,0.22,51.02,0.00,0.00,0.00
225.30,0.87,195.84,226.74,0.22,48.83,224.60,0.22,49.58,225.82,0.22,49.52,0.00,0.00,0.00
228.79,0.88,200.78,230.07,0.22,49.95,228.09,0.23,51.47,227.67,0.22,50.31,0.00,0.00,0.00
226.52,0.87,196.35,224.02,0.21,47.62,225.82,0.22,49.84,226.19,0.22,49.68,0.00,0.00,0.00
227.51,0.88,199.39,230.45,0.22,50.38,226.81,0.22,50.61,227.59,0.22,50.24,0.00,0.00,0.00
224.24,0.87,194.09,223.84,0.21,47.47,223.54,0.22,49.08,226.54,0.22,49.85,0.00,0.00,0.00
229.44,0.88,200.93,225.63,0.21,48.31,228.74,0.22,51.03,230.22,0.22,51.72,0.00,0.00,0.00
220.56,0.86,189.90,221.27,0.21,46.27,219.86,0.22,48.27,225.50,0.22,49.26,0.00,0.00,0.00
225.30,0.87,195.85,226.46,0.21,48.58,224.60,0.22,49.75,225.61,0.22,49.50,0.00,0.00,0.00
222.10,0.87,192.32,224.38,0.21,47.62,221.40,0.22,48.97,225.03,0.22,49.19,0.00,0.00,0.00
224.33,0.87,196.16,231.98,0.22,50.98,223.63,0.22,49.77,225.04,0.22,49.12,0.00,0.00,0.00
225.52,0.87,196.57,225.72,0.21,48.25,224.82,0.22,50.20,227.55,0.22,50.22,0.00,0.00,0.00
226.74,0.86,195.20,225.98,0.21,48.43,226.04,0.22,49.82,216.62,0.21,45.98,0.00,0.00,0.00
229.91,0.87,199.60,224.98,0.21,47.84,229.21,0.22,51.10,225.48,0.22,49.32,0.00,0.00,0.00
221.94,0.87,192.13,224.14,0.21,47.74,221.24,0.22,48.82,224.69,0.22,49.02,0.00,0.00,0.00
227.39,0.87,197.79,225.25,0.21,48.11,226.69,0.22,50.38,226.74,0.22,49.91,0.00,0.00,0.00
227.51,0.87,198.36,227.32,0.22,49.03,226.81,0.22,50.34,226.83,0.22,49.98,0.00,0.00,0.00
227.02,0.87,196.55,221.85,0.21,46.50,226.32,0.22,50.40,227.24,0.22,49.91,0.00,0.00,0.00
219.96,0.86,189.36,218.67,0.21,45.37,219.26,0.22,48.31,225.95,0.22,49.53,0.00,0.00,0.00
227.72,0.87,198.77,227.22,0.22,49.00,227.02,0.22,50.72,226.17,0.22,49.75,0.00,0.00,0.00
224.24,0.87,194.87,223.63,0.21,47.44,223.54,0.22,50.02,225.68,0.22,49.48,0.00,0.00,0.00
227.84,0.87,198.84,227.00,0.22,48.87,227.14,0.22,50.67,227.01,0.22,50.04,0.00,0.00,0.00
225.82,0.87,195.84,223.87,0.21,47.52,225.12,0.22,49.49,228.74,0.22,50.61,0.00,0.00,0.00
228.20,0.86,197.36,222.76,0.21,46.96,227.50,0.22,50.23,225.66,0.22,49.51,0.00,0.00,0.00
226.74,0.87,196.83,222.01,0.21,46.87,226.04,0.22,50.24,227.76,0.22,50.29,0.00,0.00,0.00
226.38,0.87,197.01,223.13,0.21,47.14,225.68,0.22,50.35,228.80,0.22,50.79,0.00,0.00,0.00
226.82,0.86,195.68,225.00,0.21,47.90,226.12,0.22,50.18,220.34,0.21,47.16,0.00,0.00,0.00
226.08,0.87,197.16,223.72,0.21,47.43,225.38,0.22,50.32,230.43,0.22,51.38,0.00,0.00,0.00
225.30,0.87,195.33,226.30,0.21,48.52,224.60,0.22,49.89,223.40,0.22,48.38,0.00,0.00,0.00
220.43,0.87,191.84,225.52,0.21,48.18,219.73,0.22,49.24,225.42,0.22,49.30,0.00,0.00,0.00
226.92,0.87,196.38,224.23,0.21,47.73,226.22,0.22,50.42,222.36,0.22,47.98,0.00,0.00,0.00
227.07,0.86,195.47,223.84,0.21,47.52,226.37,0.22,50.09,219.54,0.21,46.86,0.00,0.00,0.00
231.47,0.88,203.00,231.19,0.22,50.75,230.77,0.22,51.44,227.38,0.22,50.18,0.00,0.00,0.00
221.07,0.87,192.45,225.21,0.21,47.95,220.37,0.22,49.10,227.78,0.22,50.33,0.00,0.00,0.00
223.54,0.87,194.06,223.69,0.21,47.34,222.84,0.22,49.68,225.74,0.22,49.59,0.00,0.00,0.00
226.45,0.87,196.50,222.79,0.21,46.92,225.75,0.22,50.20,227.98,0.22,50.36,0.00,0.00,0.00
226.33,0.87,196.19,223.48,0.21,47.35,225.63,0.22,50.09,225.27,0.22,49.35,0.00,0.00,0.00
228.15,0.87,198.65,225.44,0.21,48.29,227.45,0.22,50.18,228.31,0.22,50.68,0.00,0.00,0.00
228.10,0.86,196.82,225.34,0.21,48.06,227.40,0.22,50.01,222.40,0.22,48.00,0.00,0.00,0.00
226.87,0.87,198.15,225.47,0.21,48.14,226.17,0.22,50.30,229.37,0.22,51.29,0.00,0.00,0.00
224.62,0.87,196.19,230.81,0.22,50.51,223.92,0.22,49.64,225.76,0.22,49.45,0.00,0.00,0.00
227.05,0.87,198.50,227.18,0.22,49.11,226.35,0.22,50.58,227.25,0.22,50.17,0.00,0.00,0.00
225.26,0.87,196.31,225.01,0.21,48.04,224.56,0.22,49.88,229.50,0.22,50.93,0.00,0.00,0.00
227.33,0.86,196.27,218.29,0.21,45.19,226.63,0.22,50.48,226.06,0.22,49.67,0.00,0.00,0.00
225.83,0.87,196.72,224.12,0.21,47.73,225.13,0.22,50.22,227.81,0.22,50.39,0.00,0.00,0.00
225.77,0.86,194.46,226.02,0.21,48.44,225.07,0.22,49.66,218.29,0.21,46.38,0.00,0.00,0.00
226.22,0.87,196.19,227.28,0.22,49.03,225.52,0.22,50.06,221.72,0.22,47.82,0.00,0.00,0.00
227.67,0.87,198.09,227.00,0.22,48.94,226.97,0.22,50.44,224.78,0.22,49.08,0.00,0.00,0.00
220.66,0.87,191.26,224.42,0.21,47.82,219.96,0.22,48.68,224.82,0.22,49.11,0.00,0.00,0.00
226.94,0.87,197.98,224.93,0.21,48.02,226.24,0.22,50.55,228.07,0.22,50.53,0.00,0.00,0.00
222.46,0.86,192.03,222.34,0.21,46.92,221.76,0.22,49.37,222.45,0.22,47.98,0.00,0.00,0.00
223.06,0.87,193.01,220.64,0.21,46.03,222.36,0.22,49.36,227.33,0.22,50.20,0.00,0.00,0.00
228.30,0.87,197.91,218.64,0.21,45.21,227.60,0.22,50.93,229.05,0.22,50.95,0.00,0.00,0.00
226.75,0.87,198.02,227.40,0.22,48.97,226.05,0.22,50.25,228.00,0.22,50.57,0.00,0.00,0.00
227.13,0.87,198.39,225.13,0.21,47.96,226.43,0.22,50.90,228.63,0.22,50.70,0.00,0.00,0.00
225.30,0.87,195.45,221.19,0.21,46.32,224.60,0.22,49.61,230.68,0.22,51.52,0.00,0.00,0.00
227.69,0.88,199.79,227.48,0.22,49.19,226.99,0.23,51.10,228.76,0.22,50.84,0.00,0.00,0.00
233.92,0.87,203.37,226.68,0.21,48.70,233.22,0.22,51.48,225.79,0.22,49.67,0.00,0.00,0.00
226.64,0.88,198.80,228.53,0.22,49.58,225.94,0.22,50.76,227.84,0.22,50.50,0.00,0.00,0.00
227.04,0.87,196.96,220.56,0.21,46.03,226.34,0.22,50.36,228.61,0.22,50.85,0.00,0.00,0.00
229.00,0.87,199.14,225.33,0.21,48.13,228.30,0.22,50.75,225.98,0.22,49.69,0.00,0.00,0.00
225.24,0.88,197.44,230.29,0.22,50.49,224.54,0.22,50.11,227.04,0.22,50.01,0.00,0.00,0.00
227.64,0.87,197.96,224.93,0.21,47.95,226.94,0.22,50.52,226.24,0.22,49.76,0.00,0.00,0.00
228.40,0.88,200.89,229.52,0.22,50.11,227.70,0.23,51.70,226.46,0.22,49.88,0.00,0.00,0.00
225.28,0.86,194.55,217.72,0.21,44.90,224.58,0.22,49.91,228.32,0.22,50.51,0.00,0.00,0.00
227.58,0.87,198.49,226.78,0.22,48.78,226.88,0.22,50.60,226.45,0.22,49.86,0.00,0.00,0.00
229.24,0.87,200.00,224.93,0.21,48.03,228.54,0.23,51.45,226.43,0.22,49.80,0.00,0.00,0.00
225.53,0.87,196.05,225.99,0.21,48.35,224.83,0.22,49.71,226.77,0.22,49.96,0.00,0.00,0.00
226.48,0.87,197.16,226.51,0.22,48.74,225.78,0.22,50.06,226.28,0.22,49.74,0.00,0.00,0.00
228.45,0.88,199.93,225.76,0.21,48.47,227.75,0.22,51.04,229.17,0.22,50.99,0.00,0.00,0.00
226.35,0.86,195.60,217.51,0.21,44.84,225.65,0.22,50.49,226.60,0.22,49.94,0.00,0.00,0.00
230.12,0.88,201.46,219.44,0.21,45.68,229.42,0.22,51.04,238.15,0.23,55.00,0.00,0.00,0.00
236.12,0.87,205.96,225.87,0.21,48.31,235.42,0.22,52.36,228.66,0.22,50.79,0.00,0.00,0.00
229.33,0.86,198.07,219.86,0.21,45.76,228.63,0.22,50.55,227.16,0.22,50.10,0.00,0.00,0.00
225.93,0.87,197.32,225.20,0.21,48.14,225.23,0.22,50.46,228.26,0.22,50.60,0.00,0.00,0.00
226.50,0.87,197.50,223.38,0.21,47.18,225.80,0.22,50.49,229.92,0.22,51.34,0.00,0.00,0.00
225.84,0.87,196.08,223.86,0.21,47.51,225.14,0.22,50.23,225.26,0.22,49.34,0.00,0.00,0.00
228.31,0.87,197.62,218.03,0.21,45.08,227.61,0.22,50.92,227.41,0.22,50.31,0.00,0.00,0.00
225.90,0.87,196.03,223.15,0.21,47.15,225.20,0.22,49.91,227.53,0.22,50.28,0.00,0.00,0.00
229.23,0.88,200.60,224.48,0.21,47.76,228.53,0.22,50.80,231.95,0.23,52.47,0.00,0.00,0.00
221.66,0.87,192.66,224.69,0.21,47.83,220.96,0.22,49.14,225.47,0.22,49.61,0.00,0.00,0.00
229.34,0.88,201.31,231.11,0.22,50.85,228.64,0.22,50.99,227.22,0.22,50.19,0.00,0.00,0.00
227.59,0.87,196.99,217.24,0.21,44.94,226.89,0.22,50.66,227.98,0.22,50.49,0.00,0.00,0.00
223.72,0.87,194.00,224.88,0.21,47.94,223.02,0.22,49.40,224.85,0.22,49.15,0.00,0.00,0.00
227.38,0.87,198.08,221.52,0.21,46.64,226.68,0.23,51.02,227.86,0.22,50.49,0.00,0.00,0.00
227.11,0.87,197.60,216.78,0.21,44.71,226.41,0.22,50.19,236.92,0.23,54.09,0.00,0.00,0.00
228.34,0.87,198.03,227.32,0.22,48.94,227.64,0.22,51.06,219.99,0.21,47.04,0.00,0.00,0.00
229.81,0.87,200.49,226.57,0.21,48.62,229.11,0.22,51.02,227.32,0.22,50.30,0.00,0.00,0.00
228.68,0.87,198.23,224.66,0.21,47.85,227.98,0.22,50.67,224.45,0.22,48.86,0.00,0.00,0.00
226.01,0.88,198.62,229.11,0.22,49.65,225.31,0.22,50.22,231.87,0.23,52.24,0.00,0.00,0.00
227.02,0.87,197.63,225.79,0.21,48.44,226.32,0.22,49.96,227.69,0.22,50.41,0.00,0.00,0.00
227.67,0.87,198.41,227.28,0.22,48.98,226.97,0.22,50.42,225.45,0.22,49.59,0.00,0.00,0.00
232.30,0.87,202.42,224.37,0.21,47.68,231.60,0.22,51.43,229.27,0.22,51.11,0.00,0.00,0.00
226.78,0.86,194.74,217.88,0.21,45.26,226.08,0.22,49.93,222.50,0.22,48.12,0.00,0.00,0.00
225.93,0.87,197.67,228.74,0.22,49.56,225.23,0.22,50.33,227.54,0.22,50.26,0.00,0.00,0.00
222.24,0.86,191.18,224.11,0.21,47.63,221.54,0.22,48.64,220.43,0.21,47.24,0.00,0.00,0.00
224.32,0.88,196.50,226.95,0.22,48.97,223.62,0.22,50.01,229.04,0.22,51.00,0.00,0.00,0.00
225.26,0.86,192.69,217.42,0.21,44.68,224.56,0.22,49.45,221.29,0.22,47.76,0.00,0.00,0.00
227.04,0.88,199.04,227.16,0.22,49.04,226.34,0.23,50.95,229.01,0.22,50.80,0.00,0.00,0.00
226.04,0.87,196.81,223.54,0.21,47.24,225.34,0.22,50.12,229.56,0.22,51.21,0.00,0.00,0.00
221.41,0.87,192.00,224.35,0.21,47.83,220.71,0.22,48.66,226.03,0.22,49.64,0.00,0.00,0.00
226.86,0.87,198.32,223.75,0.21,47.64,226.16,0.23,50.96,228.01,0.22,50.64,0.00,0.00,0.00
223.17,0.87,193.52,223.32,0.21,47.17,222.47,0.22,49.16,227.32,0.22,50.26,0.00,0.00,0.00
229.78,0.88,202.14,230.52,0.22,50.32,229.08,0.23,51.56,228.84,0.22,50.91,0.00,0.00,0.00
227.25,0.88,199.15,226.36,0.22,48.71,226.55,0.22,50.60,230.69,0.22,51.66,0.00,0.00,0.00
228.89,0.87,198.81,223.90,0.21,47.62,228.19,0.22,50.52,227.29,0.22,50.15,0.00,0.00,0.00
228.09,0.86,196.42,218.75,0.21,45.53,227.39,0.22,50.11,224.07,0.22,49.02,0.00,0.00,0.00
227.14,0.87,198.67,225.72,0.21,48.32,226.44,0.22,50.69,229.06,0.22,51.05,0.00,0.00,0.00
228.14,0.88,200.33,230.96,0.22,50.65,227.44,0.22,50.54,229.71,0.22,51.16,0.00,0.00,0.00
226.89,0.86,195.63,223.76,0.21,47.34,226.19,0.22,50.43,219.60,0.21,46.96,0.00,0.00,0.00
227.16,0.87,197.74,223.59,0.21,47.42,226.46,0.22,50.63,227.24,0.22,50.21,0.00,0.00,0.00
225.83,0.87,195.54,223.51,0.21,47.30,225.13,0.22,49.28,228.24,0.22,50.55,0.00,0.00,0.00
226.79,0.88,198.57,224.56,0.21,47.62,226.09,0.23,51.83,226.59,0.22,49.94,0.00,0.00,0.00
226.33,0.88,198.36,227.56,0.22,49.06,225.63,0.22,50.57,229.02,0.22,51.03,0.00,0.00,0.00
225.68,0.87,195.60,223.46,0.21,47.21,224.98,0.22,49.80,226.30,0.22,49.84,0.00,0.00,0.00
227.83,0.87,197.69,225.19,0.21,48.09,227.13,0.22,50.47,223.86,0.22,48.82,0.00,0.00,0.00
221.81,0.87,193.89,224.08,0.21,47.71,221.11,0.22,49.39,230.96,0.22,51.71,0.00,0.00,0.00
227.67,0.86,196.39,217.54,0.21,44.91,226.97,0.22,50.32,226.85,0.22,50.04,0.00,0.00,0.00
227.12,0.87,198.28,225.18,0.21,48.05,226.42,0.22,50.70,227.82,0.22,50.53,0.00,0.00,0.00
226.29,0.86,194.24,219.74,0.21,45.75,225.59,0.22,49.87,221.59,0.22,47.69,0.00,0.00,0.00
229.08,0.86,197.60,223.76,0.21,47.52,228.38,0.22,51.28,219.58,0.21,46.51,0.00,0.00,0.00
228.28,0.87,198.94,222.49,0.21,46.98,227.58,0.22,50.90,229.54,0.22,51.14,0.00,0.00,0.00
220.11,0.86,189.56,220.28,0.21,45.90,219.41,0.22,48.82,222.73,0.22,48.21,0.00,0.00,0.00
222.12,0.88,195.45,226.69,0.22,48.82,221.42,0.23,49.95,231.78,0.23,52.17,0.00,0.00,0.00
228.39,0.87,197.74,217.64,0.21,44.69,227.69,0.23,51.35,226.94,0.22,50.16,0.00,0.00,0.00
227.51,0.87,196.94,224.82,0.21,47.82,226.81,0.22,49.82,225.55,0.22,49.48,0.00,0.00,0.00
226.06,0.87,196.74,226.18,0.21,48.51,225.36,0.23,50.84,222.76,0.22,48.19,0.00,0.00,0.00
225.41,0.86,194.20,225.22,0.21,48.20,224.71,0.22,49.77,218.67,0.21,46.41,0.00,0.00,0.00
226.25,0.87,197.11,225.54,0.21,48.18,225.55,0.22,50.31,226.19,0.22,49.90,0.00,0.00,0.00
230.09,0.86,198.54,216.93,0.20,44.43,229.39,0.22,51.06,228.10,0.22,50.55,0.00,0.00,0.00
226.25,0.87,197.17,224.45,0.21,47.80,225.55,0.22,50.70,226.95,0.22,49.89,0.00,0.00,0.00
228.75,0.88,201.58,233.72,0.22,52.05,228.05,0.22,50.82,228.37,0.22,50.65,0.00,0.00,0.00
225.72,0.87,195.91,224.44,0.21,47.71,225.02,0.22,49.86,226.07,0.22,49.72,0.00,0.00,0.00
225.59,0.86,194.81,223.47,0.21,47.40,224.89,0.22,50.01,221.08,0.22,47.58,0.00,0.00,0.00
225.51,0.87,196.07,222.31,0.21,46.78,224.81,0.22,50.24,227.79,0.22,50.50,0.00,0.00,0.00
223.71,0.87,193.76,221.85,0.21,46.43,223.01,0.22,49.44,227.59,0.22,50.35,0.00,0.00,0.00
225.98,0.88,197.87,227.48,0.22,48.93,225.28,0.22,50.40,229.62,0.22,51.18,0.00,0.00,0.00
218.08,0.87,188.94,224.00,0.21,47.52,217.38,0.22,48.19,225.28,0.22,49.26,0.00,0.00,0.00
226.61,0.87,197.58,224.09,0.21,47.64,225.91,0.22,50.53,228.13,0.22,50.58,0.00,0.00,0.00
221.59,0.87,192.12,222.51,0.21,47.01,220.89,0.22,48.63,228.55,0.22,50.68,0.00,0.00,0.00
227.01,0.87,197.07,221.02,0.21,46.44,226.31,0.22,50.53,226.73,0.22,50.06,0.00,0.00,0.00
228.19,0.88,200.10,229.01,0.22,49.75,227.49,0.22,50.68,229.75,0.22,51.24,0.00,0.00,0.00
231.55,0.87,201.06,226.44,0.21,48.42,230.85,0.22,51.20,225.43,0.22,49.33,0.00,0.00,0.00
226.75,0.87,197.32,221.25,0.21,46.33,226.05,0.22,50.48,229.14,0.22,51.24,0.00,0.00,0.00
225.32,0.86,193.24,217.58,0.21,44.77,224.62,0.22,49.80,222.15,0.22,48.04,0.00,0.00,0.00
221.08,0.87,191.50,220.93,0.21,46.37,220.38,0.22,49.11,226.32,0.22,49.70,0.00,0.00,0.00
221.69,0.87,191.82,217.30,0.21,44.73,220.99,0.22,49.35,229.09,0.22,50.91,0.00,0.00,0.00
224.83,0.86,194.37,223.10,0.21,47.05,224.13,0.22,49.59,224.92,0.22,49.15,0.00,0.00,0.00
226.79,0.88,198.60,230.85,0.22,50.45,226.09,0.22,50.39,226.42,0.22,49.90,0.00,0.00,0.00
226.31,0.86,195.10,224.33,0.21,47.71,225.61,0.22,49.73,220.82,0.22,47.50,0.00,0.00,0.00
224.83,0.87,196.36,226.69,0.22,48.78,224.13,0.22,49.99,228.12,0.22,50.48,0.00,0.00,0.00
226.82,0.88,199.04,225.81,0.21,48.40,226.12,0.22,50.87,230.89,0.22,51.81,0.00,0.00,0.00
228.67,0.87,199.91,225.75,0.21,48.22,227.97,0.22,50.79,230.18,0.22,51.55,0.00,0.00,0.00
228.03,0.87,199.31,225.42,0.21,48.06,227.33,0.22,50.99,229.35,0.22,51.07,0.00,0.00,0.00
228.91,0.88,201.62,228.18,0.22,49.43,228.21,0.23,51.72,230.51,0.22,51.56,0.00,0.00,0.00
227.68,0.87,198.68,225.27,0.21,48.19,226.98,0.22,50.43,228.80,0.22,50.94,0.00,0.00,0.00
229.94,0.87,200.72,227.52,0.22,49.14,229.24,0.22,50.81,227.54,0.22,50.39,0.00,0.00,0.00
227.44,0.88,199.66,225.34,0.21,48.13,226.74,0.23,51.66,228.71,0.22,50.91,0.00,0.00,0.00
224.93,0.86,194.45,216.74,0.21,44.56,224.23,0.22,49.73,229.97,0.22,51.34,0.00,0.00,0.00
223.90,0.89,199.39,242.21,0.23,55.91,223.20,0.22,49.36,231.12,0.22,51.93,0.00,0.00,0.00
225.87,0.87,196.07,223.33,0.21,47.26,225.17,0.22,50.06,226.59,0.22,49.91,0.00,0.00,0.00
226.71,0.87,197.05,217.85,0.21,44.74,226.01,0.23,51.89,226.55,0.22,49.92,0.00,0.00,0.00
227.43,0.87,198.33,226.11,0.21,48.56,226.73,0.22,50.62,227.04,0.22,49.98,0.00,0.00,0.00
227.70,0.87,197.96,225.00,0.21,48.00,227.00,0.22,50.30,227.02,0.22,50.08,0.00,0.00,0.00
228.18,0.87,198.68,225.19,0.21,48.07,227.48,0.23,51.26,224.37,0.22,48.93,0.00,0.00,0.00
225.04,0.87,196.12,220.66,0.21,46.24,224.34,0.23,51.51,224.04,0.22,48.94,0.00,0.00,0.00
228.21,0.87,198.22,225.69,0.21,48.28,227.51,0.22,50.78,223.93,0.22,48.72,0.00,0.00,0.00
220.15,0.87,191.20,225.98,0.21,48.30,219.45,0.22,48.55,226.05,0.22,49.65,0.00,0.00,0.00
225.88,0.87,196.13,222.72,0.21,47.12,225.18,0.22,49.91,227.63,0.22,50.36,0.00,0.00,0.00
225.12,0.87,195.68,224.84,0.21,47.86,224.42,0.22,49.94,225.87,0.22,49.68,0.00,0.00,0.00
225.69,0.87,197.26,225.16,0.21,48.15,224.99,0.22,50.46,228.56,0.22,50.75,0.00,0.00,0.00
226.43,0.87,196.65,223.22,0.21,47.20,225.73,0.22,49.81,229.23,0.22,51.00,0.00,0.00,0.00
227.31,0.87,198.52,227.48,0.22,49.23,226.61,0.22,50.21,227.65,0.22,50.42,0.00,0.00,0.00
230.42,0.87,200.38,224.73,0.21,47.78,229.72,0.22,50.79,228.54,0.22,50.75,0.00,0.00,0.00
226.65,0.87,197.33,226.12,0.21,48.44,225.95,0.22,50.12,227.08,0.22,50.13,0.00,0.00,0.00
229.34,0.88,202.07,230.56,0.22,50.45,228.64,0.22,51.42,230.02,0.22,51.40,0.00,0.00,0.00
227.33,0.88,200.22,230.14,0.22,50.23,226.63,0.23,51.28,228.77,0.22,50.87,0.00,0.00,0.00
229.22,0.87,199.69,225.47,0.21,48.24,228.52,0.22,50.94,226.67,0.22,49.96,0.00,0.00,0.00
228.71,0.88,200.47,225.86,0.21,48.30,228.01,0.23,51.57,229.16,0.22,51.02,0.00,0.00,0.00
227.64,0.88,199.52,226.09,0.21,48.42,226.94,0.22,50.95,230.71,0.22,51.66,0.00,0.00,0.00
228.75,0.87,199.39,225.70,0.21,48.29,228.05,0.22,50.89,227.02,0.22,50.09,0.00,0.00,0.00
229.32,0.88,202.44,232.09,0.22,51.13,228.62,0.22,51.34,230.28,0.22,51.59,0.00,0.00,0.00
226.91,0.87,197.21,225.36,0.21,48.14,226.21,0.22,49.74,228.87,0.22,50.75,0.00,0.00,0.00
226.38,0.87,197.80,224.23,0.21,47.78,225.68,0.23,50.78,227.57,0.22,50.47,0.00,0.00,0.00
225.97,0.87,196.22,223.27,0.21,47.27,225.27,0.22,49.70,229.05,0.22,50.88,0.00,0.00,0.00
228.08,0.87,198.90,224.13,0.21,47.63,227.38,0.22,50.27,232.26,0.22,52.16,0.00,0.00,0.00
226.32,0.87,197.82,226.98,0.22,48.80,225.62,0.22,50.39,227.50,0.22,50.48,0.00,0.00,0.00
224.91,0.87,196.05,228.31,0.22,49.43,224.21,0.22,49.62,226.20,0.22,49.75,0.00,0.00,0.00
225.82,0.87,196.52,224.69,0.21,47.75,225.12,0.22,49.97,228.25,0.22,50.65,0.00,0.00,0.00
228.25,0.88,200.21,227.45,0.22,49.16,227.55,0.22,51.05,229.05,0.22,51.03,0.00,0.00,0.00
227.91,0.87,198.55,224.21,0.21,47.69,227.21,0.22,50.59,228.45,0.22,50.71,0.00,0.00,0.00
228.48,0.87,199.24,224.88,0.21,47.96,227.78,0.22,50.89,227.99,0.22,50.50,0.00,0.00,0.00
228.96,0.87,199.99,226.50,0.21,48.65,228.26,0.22,51.31,226.34,0.22,49.80,0.00,0.00,0.00
226.94,0.88,199.24,228.29,0.22,49.45,226.24,0.22,50.71,230.35,0.22,51.44,0.00,0.00,0.00
223.75,0.87,194.83,226.15,0.21,48.48,223.05,0.22,49.57,225.90,0.22,49.75,0.00,0.00,0.00
228.79,0.88,201.46,227.67,0.22,49.22,228.09,0.22,51.30,232.11,0.23,52.37,0.00,0.00,0.00
226.20,0.87,196.83,225.84,0.21,48.16,225.50,0.22,49.96,228.39,0.22,50.58,0.00,0.00,0.00
227.09,0.87,197.82,226.78,0.22,48.79,226.39,0.22,50.29,226.00,0.22,49.71,0.00,0.00,0.00
222.57,0.87,194.55,226.68,0.22,48.76,221.87,0.22,49.59,227.97,0.22,50.51,0.00,0.00,0.00
224.86,0.88,196.89,223.49,0.21,47.35,224.16,0.22,50.02,234.80,0.23,53.24,0.00,0.00,0.00
226.70,0.87,197.02,225.08,0.21,48.01,226.00,0.22,50.32,225.73,0.22,49.49,0.00,0.00,0.00
229.75,0.87,199.86,223.08,0.21,47.09,229.05,0.22,51.16,228.02,0.22,50.52,0.00,0.00,0.00
225.24,0.87,197.06,225.54,0.21,48.23,224.54,0.23,50.57,228.16,0.22,50.64,0.00,0.00,0.00
230.02,0.88,201.57,228.63,0.22,49.74,229.32,0.22,50.70,230.95,0.22,51.68,0.00,0.00,0.00
228.99,0.88,200.41,227.13,0.22,48.92,228.29,0.22,51.19,227.88,0.22,50.52,0.00,0.00,0.00
229.27,0.87,199.76,224.68,0.21,47.83,228.57,0.22,51.14,225.59,0.22,49.81,0.00,0.00,0.00
229.86,0.86,198.63,218.36,0.21,45.09,229.16,0.22,51.04,227.21,0.22,50.23,0.00,0.00,0.00
226.10,0.87,197.71,226.37,0.22,48.74,225.40,0.22,50.43,228.43,0.22,50.61,0.00,0.00,0.00
225.68,0.87,197.22,230.18,0.22,50.25,224.98,0.22,49.92,226.20,0.22,49.73,0.00,0.00,0.00
222.09,0.88,194.39,226.36,0.21,48.56,221.39,0.22,49.56,229.70,0.22,51.23,0.00,0.00,0.00
223.64,0.88,195.87,226.42,0.21,48.55,222.94,0.23,50.51,228.55,0.22,50.50,0.00,0.00,0.00
228.14,0.87,198.49,225.79,0.21,48.25,227.44,0.22,50.81,225.83,0.22,49.48,0.00,0.00,0.00
228.34,0.86,197.43,219.11,0.21,45.35,227.64,0.22,50.43,228.60,0.22,50.80,0.00,0.00,0.00
225.50,0.87,195.94,223.58,0.21,47.36,224.80,0.22,49.97,227.86,0.22,50.34,0.00,0.00,0.00
224.68,0.88,196.70,228.62,0.22,49.40,223.98,0.22,50.04,228.79,0.22,50.80,0.00,0.00,0.00
226.40,0.87,197.08,227.51,0.22,49.10,225.70,0.22,50.12,224.88,0.22,49.19,0.00,0.00,0.00
227.12,0.87,197.59,224.55,0.21,47.73,226.42,0.22,50.50,226.92,0.22,50.03,0.00,0.00,0.00
227.50,0.87,197.36,224.97,0.21,47.98,226.80,0.22,50.02,226.75,0.22,49.85,0.00,0.00,0.00
226.66,0.88,198.57,227.39,0.22,49.04,225.96,0.23,50.87,228.04,0.22,50.48,0.00,0.00,0.00
225.80,0.87,195.32,226.07,0.21,48.40,225.10,0.22,49.75,222.57,0.22,48.08,0.00,0.00,0.00
232.59,0.87,203.08,230.08,0.22,50.06,231.89,0.22,51.38,226.98,0.22,49.95,0.00,0.00,0.00
226.49,0.88,198.32,226.43,0.21,48.61,225.79,0.22,50.62,229.83,0.22,51.22,0.00,0.00,0.00
228.21,0.87,198.42,226.33,0.21,48.49,227.51,0.22,50.21,227.15,0.22,50.12,0.00,0.00,0.00
229.21,0.86,197.47,216.90,0.21,44.75,228.51,0.22,51.15,224.02,0.22,48.72,0.00,0.00,0.00
226.07,0.88,198.18,225.65,0.21,48.33,225.37,0.23,50.80,229.87,0.22,51.29,0.00,0.00,0.00
228.19,0.88,201.88,225.65,0.21,48.19,227.49,0.23,52.26,233.94,0.23,53.23,0.00,0.00,0.00
225.02,0.87,196.78,224.49,0.21,47.67,224.32,0.23,50.61,229.42,0.22,51.09,0.00,0.00,0.00
227.09,0.86,196.32,223.60,0.21,47.35,226.39,0.22,49.83,225.52,0.22,49.34,0.00,0.00,0.00
225.91,0.87,197.28,225.60,0.21,48.17,225.21,0.22,50.31,229.47,0.22,51.05,0.00,0.00,0.00
225.02,0.87,195.96,224.84,0.21,47.81,224.32,0.22,49.90,228.40,0.22,50.68,0.00,0.00,0.00
226.03,0.87,196.11,223.33,0.21,47.23,225.33,0.22,50.26,225.69,0.22,49.48,0.00,0.00,0.00
228.52,0.87,199.73,226.41,0.22,48.68,227.82,0.22,50.95,228.79,0.22,50.68,0.00,0.00,0.00
227.92,0.87,198.59,227.83,0.22,49.21,227.22,0.22,50.58,226.66,0.22,49.60,0.00,0.00,0.00
227.25,0.87,198.76,233.91,0.22,51.93,226.55,0.22,50.74,220.94,0.21,47.45,0.00,0.00,0.00
224.84,0.87,195.52,225.10,0.21,48.04,224.14,0.22,49.85,227.09,0.22,49.93,0.00,0.00,0.00
228.94,0.87,199.78,226.83,0.21,48.74,228.24,0.23,51.57,224.45,0.22,48.91,0.00,0.00,0.00
224.82,0.87,194.84,227.23,0.22,48.94,224.12,0.22,50.11,220.14,0.21,47.07,0.00,0.00,0.00
227.85,0.87,198.03,228.85,0.22,49.57,227.15,0.22,50.50,222.08,0.22,48.05,0.00,0.00,0.00
227.85,0.88,199.93,226.66,0.22,48.79,227.15,0.22,50.92,230.54,0.22,51.67,0.00,0.00,0.00
224.51,0.87,195.14,221.38,0.21,46.65,223.81,0.22,50.16,226.87,0.22,50.02,0.00,0.00,0.00
220.66,0.86,189.61,220.12,0.21,45.95,219.96,0.22,49.01,219.78,0.21,47.01,0.00,0.00,0.00
223.31,0.87,195.16,225.10,0.21,47.94,222.61,0.22,49.95,229.45,0.22,51.09,0.00,0.00,0.00
224.48,0.88,196.75,226.35,0.21,48.65,223.78,0.22,50.16,230.47,0.22,51.51,0.00,0.00,0.00
229.72,0.86,198.03,223.66,0.21,47.33,229.02,0.22,50.54,221.52,0.22,47.82,0.00,0.00,0.00
229.06,0.87,198.43,221.97,0.21,46.73,228.36,0.22,51.18,223.65,0.22,48.71,0.00,0.00,0.00
228.07,0.87,199.45,229.07,0.22,49.82,227.37,0.22,50.60,226.46,0.22,49.95,0.00,0.00,0.00
230.04,0.88,201.42,227.90,0.22,49.17,229.34,0.22,51.44,228.05,0.22,50.55,0.00,0.00,0.00
229.61,0.87,200.19,224.08,0.21,47.58,228.91,0.23,51.56,227.01,0.22,50.04,0.00,0.00,0.00
224.63,0.86,193.92,220.07,0.21,45.80,223.93,0.22,49.37,226.48,0.22,50.01,0.00,0.00,0.00
228.63,0.87,199.30,226.62,0.21,48.66,227.93,0.22,50.76,226.75,0.22,49.99,0.00,0.00,0.00
227.22,0.86,195.77,224.08,0.21,47.37,226.52,0.22,50.16,220.22,0.21,47.32,0.00,0.00,0.00
232.55,0.87,201.72,225.94,0.21,48.35,231.85,0.22,51.08,225.53,0.22,49.45,0.00,0.00,0.00
222.09,0.88,194.55,228.12,0.22,49.38,221.39,0.22,49.15,230.09,0.22,51.46,0.00,0.00,0.00
221.69,0.86,191.36,225.43,0.21,48.15,220.99,0.22,48.84,220.97,0.21,47.45,0.00,0.00,0.00
224.16,0.87,194.79,221.89,0.21,46.66,223.46,0.22,50.12,226.87,0.22,50.01,0.00,0.00,0.00
231.36,0.87,201.77,225.21,0.21,48.06,230.66,0.22,51.46,227.75,0.22,50.50,0.00,0.00,0.00
232.83,0.87,203.08,225.87,0.21,48.28,232.13,0.22,51.94,226.83,0.22,50.09,0.00,0.00,0.00
230.32,0.87,200.46,219.43,0.21,45.76,229.62,0.23,51.67,229.59,0.22,51.18,0.00,0.00,0.00
227.25,0.87,197.38,219.06,0.21,45.51,226.55,0.22,50.90,228.79,0.22,50.85,0.00,0.00,0.00
223.67,0.87,195.33,225.86,0.21,48.38,222.97,0.22,50.14,226.60,0.22,49.94,0.00,0.00,0.00
226.38,0.87,198.03,224.97,0.21,48.00,225.68,0.22,50.72,229.41,0.22,51.11,0.00,0.00,0.00
226.96,0.87,198.01,226.89,0.21,48.76,226.26,0.22,50.54,226.91,0.22,49.99,0.00,0.00,0.00
228.40,0.87,199.50,227.37,0.22,49.04,227.70,0.22,50.85,225.98,0.22,49.85,0.00,0.00,0.00
230.29,0.86,198.93,224.27,0.21,47.60,229.59,0.22,51.15,221.83,0.21,47.68,0.00,0.00,0.00
222.88,0.87,194.59,224.48,0.21,48.04,222.18,0.22,49.81,227.22,0.22,50.22,0.00,0.00,0.00
225.86,0.87,195.42,217.98,0.21,44.78,225.16,0.22,50.50,229.35,0.22,50.82,0.00,0.00,0.00
223.54,0.87,195.39,227.80,0.22,49.37,222.84,0.23,50.86,221.66,0.22,47.72,0.00,0.00,0.00
225.82,0.88,198.08,227.49,0.22,49.13,225.12,0.23,50.72,228.20,0.22,50.66,0.00,0.00,0.00
232.61,0.87,201.51,224.42,0.21,47.65,231.91,0.22,51.77,222.67,0.22,48.30,0.00,0.00,0.00
221.47,0.87,192.46,225.35,0.21,48.15,220.77,0.22,48.96,226.23,0.22,49.70,0.00,0.00,0.00
226.64,0.87,197.96,226.43,0.22,48.79,225.94,0.22,50.36,227.44,0.22,50.31,0.00,0.00,0.00
227.44,0.87,198.21,223.21,0.21,47.12,226.74,0.22,50.55,230.29,0.22,51.49,0.00,0.00,0.00
231.08,0.88,202.48,228.84,0.22,49.87,230.38,0.22,51.64,226.90,0.22,49.99,0.00,0.00,0.00
225.68,0.88,197.55,225.46,0.21,48.28,224.98,0.22,50.37,230.57,0.22,51.53,0.00,0.00,0.00
226.48,0.88,198.43,229.02,0.22,49.91,225.78,0.22,50.20,228.37,0.22,50.71,0.00,0.00,0.00
229.60,0.87,199.45,225.82,0.21,48.20,228.90,0.22,50.77,226.11,0.22,49.64,0.00,0.00,0.00
226.97,0.87,197.74,226.71,0.22,48.81,226.27,0.22,50.08,226.85,0.22,50.06,0.00,0.00,0.00
226.87,0.87,197.83,222.25,0.21,46.97,226.17,0.22,50.52,230.25,0.22,51.44,0.00,0.00,0.00
227.59,0.87,198.65,226.95,0.22,48.88,226.89,0.22,50.58,226.63,0.22,50.01,0.00,0.00,0.00
229.30,0.87,200.19,224.76,0.21,47.73,228.60,0.22,51.07,229.92,0.22,51.36,0.00,0.00,0.00
227.39,0.87,197.85,225.03,0.21,48.00,226.69,0.22,50.44,225.96,0.22,49.80,0.00,0.00,0.00
226.13,0.87,197.40,226.58,0.22,48.79,225.43,0.22,50.72,225.11,0.22,49.24,0.00,0.00,0.00
227.13,0.87,198.26,227.60,0.22,49.17,226.43,0.22,50.16,227.16,0.22,50.30,0.00,0.00,0.00
225.84,0.87,197.02,223.74,0.21,47.43,225.14,0.22,50.65,227.44,0.22,50.39,0.00,0.00,0.00
224.68,0.87,196.06,227.41,0.22,48.93,223.98,0.22,49.97,227.01,0.22,50.06,0.00,0.00,0.00
226.58,0.87,197.92,226.51,0.22,48.73,225.88,0.23,50.96,225.37,0.22,49.33,0.00,0.00,0.00
226.53,0.88,198.70,228.53,0.22,49.49,225.83,0.23,50.94,227.40,0.22,50.29,0.00,0.00,0.00
226.29,0.88,198.22,229.34,0.22,50.05,225.59,0.22,50.38,226.75,0.22,50.00,0.00,0.00,0.00
225.48,0.87,197.12,225.69,0.21,48.36,224.78,0.22,50.34,229.01,0.22,50.87,0.00,0.00,0.00
227.00,0.88,198.69,227.11,0.22,49.17,226.30,0.22,50.26,229.35,0.22,51.11,0.00,0.00,0.00
222.62,0.87,193.98,226.21,0.22,48.67,221.92,0.22,49.06,227.57,0.22,50.35,0.00,0.00,0.00
225.87,0.87,196.80,225.86,0.21,48.29,225.17,0.22,50.19,227.37,0.22,50.19,0.00,0.00,0.00
225.67,0.87,196.81,225.96,0.21,48.47,224.97,0.22,50.22,227.25,0.22,50.11,0.00,0.00,0.00
227.25,0.88,199.24,222.72,0.21,47.19,226.55,0.23,51.76,229.11,0.22,50.98,0.00,0.00,0.00
222.31,0.87,193.24,223.11,0.21,47.26,221.61,0.22,49.04,228.60,0.22,50.80,0.00,0.00,0.00
227.07,0.88,200.22,225.69,0.21,48.31,226.37,0.23,51.42,234.49,0.23,53.16,0.00,0.00,0.00
224.99,0.87,195.49,218.87,0.21,45.32,224.29,0.23,50.51,229.21,0.22,51.06,0.00,0.00,0.00
225.08,0.87,196.71,226.06,0.21,48.38,224.38,0.22,50.30,228.29,0.22,50.65,0.00,0.00,0.00
220.60,0.87,192.86,222.38,0.21,46.82,219.90,0.22,48.92,234.06,0.23,53.22,0.00,0.00,0.00
224.34,0.87,195.57,228.03,0.22,49.37,223.64,0.22,50.06,224.29,0.22,48.79,0.00,0.00,0.00
221.29,0.87,193.01,223.48,0.21,47.28,220.59,0.22,49.37,229.17,0.22,51.09,0.00,0.00,0.00
228.12,0.88,201.03,230.87,0.22,50.42,227.42,0.23,51.20,230.27,0.22,51.54,0.00,0.00,0.00
227.74,0.88,200.13,228.23,0.22,49.52,227.04,0.22,50.55,230.84,0.23,52.01,0.00,0.00,0.00
227.53,0.87,198.73,224.82,0.21,47.85,226.83,0.22,50.71,229.89,0.22,51.30,0.00,0.00,0.00
226.74,0.88,199.06,229.33,0.22,49.79,226.04,0.22,50.60,228.38,0.22,50.94,0.00,0.00,0.00
226.68,0.88,198.74,227.79,0.22,49.66,225.98,0.22,50.11,229.69,0.22,51.24,0.00,0.00,0.00
226.71,0.87,197.53,230.15,0.22,50.08,226.01,0.22,50.27,222.59,0.22,48.40,0.00,0.00,0.00
227.74,0.89,201.95,230.67,0.22,50.56,227.04,0.23,52.51,229.38,0.22,51.02,0.00,0.00,0.00
227.11,0.88,198.82,229.55,0.22,49.99,226.41,0.22,50.27,228.55,0.22,50.69,0.00,0.00,0.00
226.49,0.87,198.11,230.49,0.22,50.37,225.79,0.22,49.62,229.99,0.22,51.18,0.00,0.00,0.00
227.76,0.87,198.70,226.02,0.21,48.46,227.06,0.22,50.56,228.03,0.22,50.51,0.00,0.00,0.00
228.31,0.88,199.92,229.93,0.22,50.02,227.61,0.22,50.43,228.59,0.22,50.91,0.00,0.00,0.00
227.06,0.87,197.65,223.90,0.21,47.35,226.36,0.22,50.37,229.27,0.22,51.04,0.00,0.00,0.00
228.01,0.88,199.69,231.57,0.22,50.88,227.31,0.22,50.95,223.72,0.22,48.79,0.00,0.00,0.00
228.06,0.87,199.24,222.20,0.21,46.79,227.36,0.23,51.33,229.73,0.22,51.32,0.00,0.00,0.00
228.42,0.86,197.14,224.53,0.21,47.52,227.72,0.22,50.49,222.12,0.22,47.93,0.00,0.00,0.00
225.40,0.88,197.79,228.13,0.22,49.43,224.70,0.22,50.19,229.84,0.22,51.39,0.00,0.00,0.00
225.95,0.88,198.30,231.04,0.22,50.60,225.25,0.22,50.25,228.44,0.22,50.63,0.00,0.00,0.00
229.23,0.87,200.27,233.39,0.22,51.66,228.53,0.22,50.94,222.11,0.22,47.87,0.00,0.00,0.00
227.26,0.88,198.91,222.36,0.21,46.94,226.56,0.23,51.54,230.67,0.22,51.38,0.00,0.00,0.00
226.84,0.87,198.26,229.26,0.22,49.86,226.14,0.22,49.95,227.94,0.22,50.56,0.00,0.00,0.00
226.87,0.87,198.30,225.74,0.21,48.16,226.17,0.22,50.85,228.09,0.22,50.64,0.00,0.00,0.00
225.79,0.88,198.37,218.39,0.21,45.29,225.09,0.23,51.85,236.78,0.23,53.73,0.00,0.00,0.00
229.19,0.87,198.90,219.13,0.21,45.10,228.49,0.23,51.99,226.70,0.22,50.02,0.00,0.00,0.00
227.42,0.88,199.23,226.54,0.21,48.60,226.72,0.22,50.94,229.50,0.22,51.17,0.00,0.00,0.00
226.99,0.88,198.71,228.45,0.22,49.52,226.29,0.22,50.27,229.27,0.22,51.04,0.00,0.00,0.00
229.18,0.87,198.69,221.54,0.21,46.64,228.48,0.22,50.87,226.02,0.22,49.71,0.00,0.00,0.00
227.80,0.87,197.25,216.69,0.21,44.56,227.10,0.22,50.90,228.30,0.22,50.74,0.00,0.00,0.00
227.35,0.87,198.10,226.54,0.21,48.68,226.65,0.22,50.22,227.68,0.22,50.31,0.00,0.00,0.00
228.96,0.87,199.71,230.36,0.22,50.50,228.26,0.22,50.79,223.30,0.22,48.38,0.00,0.00,0.00
227.95,0.87,199.39,225.59,0.21,48.30,227.25,0.22,50.89,229.54,0.22,51.14,0.00,0.00,0.00
222.20,0.87,193.01,220.11,0.21,45.82,221.50,0.22,49.77,227.71,0.22,50.53,0.00,0.00,0.00
228.71,0.87,199.09,226.07,0.21,48.58,228.01,0.22,50.59,226.41,0.22,49.78,0.00,0.00,0.00
226.35,0.87,196.62,225.71,0.21,48.31,225.65,0.22,50.37,223.50,0.22,48.62,0.00,0.00,0.00
227.28,0.87,198.56,228.51,0.22,49.48,226.58,0.22,50.13,228.48,0.22,50.72,0.00,0.00,0.00
226.91,0.87,197.20,221.64,0.21,46.59,226.21,0.22,50.83,226.20,0.22,49.83,0.00,0.00,0.00
222.17,0.87,193.96,223.88,0.21,47.47,221.47,0.22,49.57,229.54,0.22,51.25,0.00,0.00,0.00
226.56,0.87,197.45,226.40,0.21,48.64,225.86,0.22,50.49,225.15,0.22,49.37,0.00,0.00,0.00
227.82,0.87,198.90,230.78,0.22,50.08,227.12,0.22,50.21,227.09,0.22,50.21,0.00,0.00,0.00
228.94,0.87,199.75,225.76,0.22,48.60,228.24,0.22,50.85,226.94,0.22,50.05,0.00,0.00,0.00
228.60,0.87,198.38,220.22,0.21,45.96,227.90,0.22,50.99,228.37,0.22,50.59,0.00,0.00,0.00
225.90,0.87,196.86,225.14,0.21,48.01,225.20,0.22,50.04,228.81,0.22,50.82,0.00,0.00,0.00
227.99,0.86,196.52,216.61,0.20,44.33,227.29,0.22,50.86,227.07,0.22,49.88,0.00,0.00,0.00
226.99,0.87,196.68,221.46,0.21,46.32,226.29,0.22,50.43,227.14,0.22,50.10,0.00,0.00,0.00
225.75,0.87,196.21,224.67,0.21,47.84,225.05,0.22,50.06,225.85,0.22,49.66,0.00,0.00,0.00
227.86,0.87,198.94,226.85,0.21,48.77,227.16,0.22,50.67,226.76,0.22,50.14,0.00,0.00,0.00
225.06,0.87,195.45,219.35,0.21,45.59,224.36,0.22,50.12,229.90,0.22,51.34,0.00,0.00,0.00
228.98,0.86,197.83,218.84,0.21,45.38,228.28,0.22,50.59,226.70,0.22,50.13,0.00,0.00,0.00
226.44,0.86,195.44,218.59,0.21,45.31,225.74,0.22,50.55,223.69,0.22,48.76,0.00,0.00,0.00
225.30,0.86,194.47,214.53,0.20,43.59,224.60,0.22,50.33,229.02,0.22,50.85,0.00,0.00,0.00
226.60,0.86,196.01,217.89,0.21,44.94,225.90,0.22,50.26,229.43,0.22,51.02,0.00,0.00,0.00
226.26,0.87,197.26,225.05,0.21,47.98,225.56,0.22,50.33,227.64,0.22,50.45,0.00,0.00,0.00
229.33,0.87,200.36,229.13,0.22,49.98,228.63,0.22,51.32,223.45,0.22,48.53,0.00,0.00,0.00
225.76,0.87,197.31,226.60,0.21,48.63,225.06,0.22,50.33,228.53,0.22,50.69,0.00,0.00,0.00
228.92,0.87,199.35,225.83,0.21,48.32,228.22,0.22,50.92,226.03,0.22,49.69,0.00,0.00,0.00
228.80,0.88,200.48,227.67,0.22,49.23,228.10,0.22,51.09,228.79,0.22,50.82,0.00,0.00,0.00
224.73,0.87,196.13,224.82,0.21,48.04,224.03,0.22,50.04,228.86,0.22,50.77,0.00,0.00,0.00
230.49,0.87,200.98,226.00,0.21,48.50,229.79,0.22,51.27,226.72,0.22,49.96,0.00,0.00,0.00
221.22,0.87,193.33,225.96,0.21,48.37,220.52,0.22,49.41,228.58,0.22,50.73,0.00,0.00,0.00
226.25,0.87,195.75,222.94,0.21,47.09,225.55,0.22,50.11,225.21,0.22,49.09,0.00,0.00,0.00
227.76,0.87,198.03,229.51,0.22,50.13,227.06,0.22,50.33,221.64,0.22,47.77,0.00,0.00,0.00
226.84,0.87,198.23,225.86,0.21,48.47,226.14,0.22,50.76,227.79,0.22,50.33,0.00,0.00,0.00
226.35,0.86,194.97,216.37,0.20,44.32,225.65,0.22,49.88,228.21,0.22,50.57,0.00,0.00,0.00
228.08,0.87,197.69,221.15,0.21,46.17,227.38,0.22,50.87,226.69,0.22,49.96,0.00,0.00,0.00
222.61,0.88,196.47,232.23,0.22,51.75,221.91,0.22,49.35,229.88,0.22,51.38,0.00,0.00,0.00
225.88,0.86,193.25,217.32,0.21,44.66,225.18,0.22,49.78,221.74,0.22,47.69,0.00,0.00,0.00
224.37,0.86,193.87,221.58,0.21,46.46,223.67,0.22,49.15,226.93,0.22,50.09,0.00,0.00,0.00
226.86,0.87,196.30,218.46,0.21,45.27,226.16,0.22,50.26,228.60,0.22,50.75,0.00,0.00,0.00
229.01,0.87,199.52,225.54,0.21,48.11,228.31,0.22,50.66,228.81,0.22,50.83,0.00,0.00,0.00
226.88,0.87,196.98,225.48,0.21,48.22,226.18,0.22,50.02,225.86,0.22,49.53,0.00,0.00,0.00
230.42,0.87,199.82,218.07,0.21,45.08,229.72,0.22,51.42,229.48,0.22,51.11,0.00,0.00,0.00
229.44,0.87,200.13,225.74,0.21,48.24,228.74,0.22,50.85,228.57,0.22,50.83,0.00,0.00,0.00
223.70,0.87,194.13,224.40,0.21,47.64,223.00,0.22,49.44,226.71,0.22,49.86,0.00,0.00,0.00
227.00,0.87,197.08,219.15,0.21,45.49,226.30,0.22,50.84,228.37,0.22,50.71,0.00,0.00,0.00
219.12,0.86,189.04,222.85,0.21,47.07,218.42,0.22,48.71,220.84,0.21,47.39,0.00,0.00,0.00
228.64,0.87,198.68,224.79,0.21,47.80,227.94,0.22,50.56,227.58,0.22,50.21,0.00,0.00,0.00
229.38,0.87,200.16,225.68,0.21,48.30,228.68,0.22,50.96,228.46,0.22,50.70,0.00,0.00,0.00
227.46,0.87,196.97,222.83,0.21,47.06,226.76,0.22,49.84,227.62,0.22,50.33,0.00,0.00,0.00
225.11,0.87,196.40,226.85,0.22,48.78,224.41,0.22,49.96,227.62,0.22,50.28,0.00,0.00,0.00
224.94,0.88,197.80,228.91,0.22,49.94,224.24,0.22,50.28,229.50,0.22,51.19,0.00,0.00,0.00
234.32,0.87,204.07,228.67,0.22,49.50,233.62,0.22,51.60,226.10,0.22,49.67,0.00,0.00,0.00
227.73,0.87,198.18,221.19,0.21,46.45,227.03,0.22,50.89,228.60,0.22,50.80,0.00,0.00,0.00
228.62,0.87,199.16,225.61,0.21,48.27,227.92,0.22,50.39,229.08,0.22,50.91,0.00,0.00,0.00
233.32,0.87,203.03,223.51,0.21,47.46,232.62,0.23,52.44,225.64,0.22,49.31,0.00,0.00,0.00
225.15,0.87,196.43,225.01,0.21,47.99,224.45,0.22,50.34,227.79,0.22,50.35,0.00,0.00,0.00
229.71,0.86,197.89,224.18,0.21,47.57,229.01,0.22,50.57,220.37,0.21,47.29,0.00,0.00,0.00
225.21,0.87,195.74,222.90,0.21,46.99,224.51,0.22,49.79,229.06,0.22,51.02,0.00,0.00,0.00
226.76,0.87,196.83,226.97,0.22,49.03,226.06,0.22,50.36,221.18,0.22,47.63,0.00,0.00,0.00
223.88,0.87,195.17,226.88,0.22,48.92,223.18,0.22,49.85,224.98,0.22,49.24,0.00,0.00,0.00
221.61,0.87,192.21,226.65,0.21,48.72,220.91,0.22,49.01,223.15,0.22,48.35,0.00,0.00,0.00
226.41,0.86,195.46,219.09,0.21,45.39,225.71,0.22,50.14,226.22,0.22,49.80,0.00,0.00,0.00
228.46,0.87,199.13,226.38,0.21,48.59,227.76,0.22,50.89,225.38,0.22,49.51,0.00,0.00,0.00
232.56,0.87,203.11,229.98,0.22,50.20,231.86,0.22,51.76,224.55,0.22,48.94,0.00,0.00,0.00
227.72,0.88,199.41,231.05,0.22,50.51,227.02,0.22,50.53,226.93,0.22,50.07,0.00,0.00,0.00
226.46,0.87,197.54,226.63,0.22,48.77,225.76,0.22,50.58,225.57,0.22,49.44,0.00,0.00,0.00
228.27,0.88,199.91,230.60,0.22,50.42,227.57,0.22,50.61,226.18,0.22,49.95,0.00,0.00,0.00
219.39,0.87,190.71,224.74,0.21,47.85,218.69,0.22,48.59,226.90,0.22,49.98,0.00,0.00,0.00
229.39,0.87,199.89,228.63,0.22,49.64,228.69,0.22,50.32,226.85,0.22,49.99,0.00,0.00,0.00
226.34,0.87,196.64,219.07,0.21,45.53,225.64,0.22,50.51,229.70,0.22,51.27,0.00,0.00,0.00
231.68,0.87,201.71,226.81,0.21,48.59,230.98,0.22,51.30,226.94,0.22,50.03,0.00,0.00,0.00
222.53,0.87,194.50,227.22,0.22,48.90,221.83,0.22,49.82,226.76,0.22,49.96,0.00,0.00,0.00
227.73,0.87,197.47,220.19,0.21,45.94,227.03,0.22,50.69,228.36,0.22,50.54,0.00,0.00,0.00
226.78,0.87,197.63,226.82,0.21,48.74,226.08,0.22,50.15,227.22,0.22,50.19,0.00,0.00,0.00
227.52,0.88,200.06,230.02,0.22,50.10,226.82,0.22,50.95,229.78,0.22,51.24,0.00,0.00,0.00
226.47,0.86,195.43,216.66,0.21,44.45,225.77,0.22,50.45,226.37,0.22,49.90,0.00,0.00,0.00
226.57,0.86,195.95,219.61,0.21,45.71,225.87,0.22,50.34,226.45,0.22,49.81,0.00,0.00,0.00
233.59,0.88,205.36,231.69,0.22,51.26,232.89,0.22,51.74,229.10,0.22,50.83,0.00,0.00,0.00
228.42,0.87,198.71,226.69,0.21,48.64,227.72,0.22,50.34,226.54,0.22,49.94,0.00,0.00,0.00
229.12,0.87,200.17,225.07,0.21,48.03,228.42,0.23,51.49,227.04,0.22,50.17,0.00,0.00,0.00
227.29,0.87,197.30,224.04,0.21,47.45,226.59,0.22,50.21,227.82,0.22,50.31,0.00,0.00,0.00
221.88,0.87,192.10,227.81,0.22,49.17,221.18,0.22,48.83,221.72,0.22,47.74,0.00,0.00,0.00
224.17,0.88,196.50,226.27,0.21,48.60,223.47,0.22,49.99,230.39,0.22,51.66,0.00,0.00,0.00
227.52,0.86,196.18,217.18,0.21,44.63,226.82,0.22,50.53,226.83,0.22,49.92,0.00,0.00,0.00
224.51,0.88,196.84,228.76,0.22,49.72,223.81,0.22,50.20,227.91,0.22,50.43,0.00,0.00,0.00
221.03,0.87,192.79,226.92,0.21,48.58,220.33,0.22,49.11,227.27,0.22,50.31,0.00,0.00,0.00
226.41,0.86,195.47,220.00,0.21,45.89,225.71,0.22,49.88,226.66,0.22,49.83,0.00,0.00,0.00
228.89,0.86,197.92,218.70,0.21,45.33,228.19,0.22,50.76,227.72,0.22,50.34,0.00,0.00,0.00
227.57,0.86,196.08,218.59,0.21,45.38,226.87,0.22,50.43,224.53,0.22,48.91,0.00,0.00,0.00
229.84,0.86,198.46,226.90,0.22,48.82,229.14,0.22,49.99,222.62,0.22,48.15,0.00,0.00,0.00
228.81,0.87,199.88,225.25,0.21,47.99,228.11,0.22,51.10,229.23,0.22,51.03,0.00,0.00,0.00
224.92,0.87,195.98,226.19,0.21,48.55,224.22,0.22,49.66,228.07,0.22,50.48,0.00,0.00,0.00
228.97,0.87,199.33,225.60,0.21,48.30,228.27,0.22,50.44,228.50,0.22,50.64,0.00,0.00,0.00
227.63,0.88,199.72,230.42,0.22,50.46,226.93,0.22,50.75,226.93,0.22,50.13,0.00,0.00,0.00
225.36,0.87,195.90,224.44,0.21,47.64,224.66,0.22,50.04,226.17,0.22,49.84,0.00,0.00,0.00
226.45,0.86,195.72,228.15,0.22,49.45,225.75,0.22,50.05,217.93,0.21,46.19,0.00,0.00,0.00
226.50,0.87,197.34,227.83,0.22,49.38,225.80,0.22,50.37,224.05,0.22,48.75,0.00,0.00,0.00
224.30,0.87,196.03,225.31,0.21,48.25,223.60,0.22,50.13,228.43,0.22,50.65,0.00,0.00,0.00
229.00,0.87,198.94,224.86,0.21,47.91,228.30,0.22,50.49,227.33,0.22,50.16,0.00,0.00,0.00
228.31,0.88,199.97,225.61,0.21,48.41,227.61,0.23,51.42,227.95,0.22,50.48,0.00,0.00,0.00
225.05,0.87,196.72,224.99,0.21,48.01,224.35,0.22,50.06,229.69,0.22,51.39,0.00,0.00,0.00
227.11,0.86,196.24,223.84,0.21,47.45,226.41,0.22,50.07,222.90,0.22,48.39,0.00,0.00,0.00
227.06,0.87,198.62,228.67,0.22,49.60,226.36,0.22,50.67,226.32,0.22,49.81,0.00,0.00,0.00
221.51,0.87,192.74,222.33,0.21,46.94,220.81,0.22,49.04,229.30,0.22,51.14,0.00,0.00,0.00
234.55,0.88,206.54,230.55,0.22,50.38,233.85,0.22,52.60,230.35,0.22,51.41,0.00,0.00,0.00
225.85,0.87,196.43,226.65,0.22,48.74,225.15,0.22,49.63,227.21,0.22,50.08,0.00,0.00,0.00
224.56,0.87,196.33,229.46,0.22,50.08,223.86,0.22,49.58,227.41,0.22,50.18,0.00,0.00,0.00
226.14,0.87,196.42,226.37,0.21,48.56,225.44,0.22,50.10,224.74,0.22,48.98,0.00,0.00,0.00
226.36,0.87,196.92,224.80,0.21,47.88,225.66,0.22,50.19,227.50,0.22,50.19,0.00,0.00,0.00
224.30,0.88,196.81,226.22,0.21,48.55,223.60,0.23,50.43,230.31,0.22,51.46,0.00,0.00,0.00
226.73,0.87,196.88,224.91,0.21,47.87,226.03,0.22,50.34,225.62,0.22,49.38,0.00,0.00,0.00
228.85,0.87,198.57,222.18,0.21,46.88,228.15,0.22,50.45,228.10,0.22,50.56,0.00,0.00,0.00
228.51,0.88,200.05,228.81,0.22,49.58,227.81,0.22,51.15,227.35,0.22,50.11,0.00,0.00,0.00
227.41,0.88,199.91,233.01,0.22,51.58,226.71,0.22,50.37,228.07,0.22,50.55,0.00,0.00,0.00
232.54,0.87,202.11,223.85,0.21,47.53,231.84,0.22,51.84,225.45,0.22,49.46,0.00,0.00,0.00
225.39,0.88,197.94,229.52,0.22,49.93,224.69,0.23,50.65,227.98,0.22,50.48,0.00,0.00,0.00
216.57,0.87,188.54,224.59,0.21,47.78,215.87,0.22,47.96,228.03,0.22,50.57,0.00,0.00,0.00
229.49,0.87,199.32,222.26,0.21,46.80,228.79,0.23,51.55,225.14,0.22,49.25,0.00,0.00,0.00
229.19,0.87,200.05,226.05,0.21,48.37,228.49,0.22,50.99,228.38,0.22,50.66,0.00,0.00,0.00
224.20,0.87,195.26,224.06,0.21,47.70,223.50,0.22,49.78,227.29,0.22,50.32,0.00,0.00,0.00
235.16,0.88,205.78,228.92,0.22,49.66,234.46,0.23,53.07,224.62,0.22,48.95,0.00,0.00,0.00
229.56,0.88,201.70,226.73,0.21,48.66,228.86,0.23,52.14,229.17,0.22,50.95,0.00,0.00,0.00
229.21,0.87,200.33,227.68,0.22,49.26,228.51,0.22,50.93,226.10,0.22,49.94,0.00,0.00,0.00
225.64,0.88,198.37,230.67,0.22,50.54,224.94,0.22,50.25,229.78,0.22,51.19,0.00,0.00,0.00
227.02,0.87,196.89,224.12,0.21,47.73,226.32,0.22,50.53,223.69,0.22,48.58,0.00,0.00,0.00
230.58,0.87,200.81,227.86,0.22,49.22,229.88,0.22,50.92,225.45,0.22,49.49,0.00,0.00,0.00
228.18,0.88,200.79,230.78,0.22,50.33,227.48,0.22,51.12,229.93,0.22,51.34,0.00,0.00,0.00
229.88,0.87,200.40,224.98,0.21,47.87,229.18,0.22,51.24,227.79,0.22,50.47,0.00,0.00,0.00
224.62,0.87,196.31,228.63,0.22,49.60,223.92,0.22,50.07,225.83,0.22,49.57,0.00,0.00,0.00
226.81,0.88,199.25,229.87,0.22,50.11,226.11,0.22,50.53,230.47,0.22,51.42,0.00,0.00,0.00
228.93,0.87,198.94,228.43,0.22,49.35,228.23,0.22,50.64,223.70,0.22,48.59,0.00,0.00,0.00
227.94,0.88,201.07,231.82,0.22,51.11,227.24,0.23,51.21,228.69,0.22,50.86,0.00,0.00,0.00
231.99,0.88,204.26,224.60,0.21,47.89,231.29,0.23,52.10,234.93,0.23,53.58,0.00,0.00,0.00
226.52,0.87,198.04,227.38,0.21,48.85,225.82,0.22,50.35,229.49,0.22,51.08,0.00,0.00,0.00
223.39,0.87,193.84,225.96,0.21,48.29,222.69,0.22,49.90,222.20,0.22,48.01,0.00,0.00,0.00
230.10,0.87,201.10,229.68,0.22,49.99,229.40,0.22,51.12,226.17,0.22,49.67,0.00,0.00,0.00
225.32,0.88,197.66,230.16,0.22,50.11,224.62,0.22,50.16,228.63,0.22,50.83,0.00,0.00,0.00
226.99,0.87,198.06,226.37,0.21,48.49,226.29,0.22,50.63,227.13,0.22,50.14,0.00,0.00,0.00
229.79,0.87,198.92,223.35,0.21,47.31,229.09,0.22,51.44,222.37,0.22,47.91,0.00,0.00,0.00
227.19,0.87,197.87,222.53,0.21,47.10,226.49,0.22,50.38,229.53,0.22,51.18,0.00,0.00,0.00
227.07,0.87,197.85,225.90,0.21,48.28,226.37,0.22,50.66,226.31,0.22,49.77,0.00,0.00,0.00
227.43,0.88,199.17,226.47,0.21,48.60,226.73,0.23,51.15,228.28,0.22,50.60,0.00,0.00,0.00
226.22,0.87,197.28,227.01,0.22,48.87,225.52,0.22,50.23,226.69,0.22,49.92,0.00,0.00,0.00
229.57,0.88,202.27,231.44,0.22,50.78,228.87,0.22,50.89,233.08,0.23,52.54,0.00,0.00,0.00
225.58,0.87,197.02,225.03,0.21,47.97,224.88,0.22,50.44,228.55,0.22,50.74,0.00,0.00,0.00
228.45,0.87,199.29,226.74,0.22,48.79,227.75,0.22,50.85,226.44,0.22,49.81,0.00,0.00,0.00
229.01,0.88,201.43,228.57,0.22,49.79,228.31,0.22,51.16,229.90,0.22,51.45,0.00,0.00,0.00
222.44,0.86,191.96,218.91,0.21,45.34,221.74,0.22,49.12,226.87,0.22,50.02,0.00,0.00,0.00
233.35,0.87,202.36,227.95,0.22,49.31,232.65,0.22,51.06,223.67,0.22,48.66,0.00,0.00,0.00
225.93,0.87,196.91,222.02,0.21,46.65,225.23,0.22,50.60,229.36,0.22,51.12,0.00,0.00,0.00
227.30,0.87,197.30,224.05,0.21,47.47,226.60,0.22,50.37,226.60,0.22,49.85,0.00,0.00,0.00
228.15,0.87,198.48,222.09,0.21,46.85,227.45,0.22,50.96,227.50,0.22,50.29,0.00,0.00,0.00
226.11,0.87,197.71,226.01,0.21,48.41,225.41,0.22,50.30,229.40,0.22,51.19,0.00,0.00,0.00
227.20,0.88,198.87,229.36,0.22,49.86,226.50,0.22,50.32,228.45,0.22,50.69,0.00,0.00,0.00
227.79,0.87,198.33,222.67,0.21,47.13,227.09,0.22,50.73,227.84,0.22,50.52,0.00,0.00,0.00
225.46,0.87,196.42,224.75,0.21,47.95,224.76,0.22,49.91,228.80,0.22,50.77,0.00,0.00,0.00
228.64,0.87,198.47,224.45,0.21,47.68,227.94,0.22,50.55,226.44,0.22,49.81,0.00,0.00,0.00
226.56,0.88,198.28,229.92,0.22,50.25,225.86,0.22,49.95,228.32,0.22,50.59,0.00,0.00,0.00
221.22,0.87,192.64,225.35,0.21,48.20,220.52,0.22,49.09,226.78,0.22,49.98,0.00,0.00,0.00
228.17,1.07,244.97,229.01,0.22,49.79,227.47,0.22,50.55,222.51,0.22,48.03,226.70,0.20,46.29
228.25,1.08,245.40,227.18,0.22,48.95,227.55,0.22,50.85,227.13,0.22,50.00,226.43,0.20,45.79
226.46,1.08,245.34,226.05,0.21,48.44,225.76,0.23,50.94,227.28,0.22,50.17,226.23,0.21,47.25
226.92,1.08,244.12,224.96,0.21,47.78,226.22,0.22,50.65,232.42,0.22,52.20,226.40,0.20,45.51
226.83,1.07,242.68,224.05,0.21,47.43,226.13,0.22,50.04,225.29,0.22,49.08,228.65,0.21,46.91
228.74,1.07,244.68,224.40,0.21,47.68,228.04,0.22,50.73,226.75,0.22,49.94,227.34,0.20,45.61
235.06,1.08,252.95,226.73,0.21,48.71,234.36,0.22,51.80,225.36,0.22,49.45,227.52,0.21,47.08
228.64,1.07,245.74,223.85,0.21,47.21,227.94,0.22,51.09,229.06,0.22,50.91,227.67,0.20,46.35
227.94,1.07,244.85,225.11,0.21,47.72,227.24,0.23,51.33,229.25,0.22,51.12,227.94,0.20,45.46
226.98,1.07,243.38,225.00,0.21,47.85,226.28,0.22,50.57,228.50,0.22,50.44,228.85,0.20,46.11
228.47,1.07,244.44,224.42,0.21,47.55,227.77,0.23,51.26,226.11,0.22,49.62,228.20,0.20,45.55
229.45,1.06,244.20,225.16,0.21,47.85,228.75,0.22,50.97,226.06,0.22,49.60,223.37,0.20,43.71
229.30,1.07,246.44,227.84,0.22,49.15,228.60,0.22,51.08,226.90,0.22,49.82,226.91,0.20,45.86
228.64,1.08,247.56,227.70,0.22,49.13,227.94,0.23,51.87,223.40,0.22,48.70,228.10,0.21,47.35
226.83,1.08,244.21,225.62,0.21,48.11,226.13,0.23,50.90,231.34,0.23,52.16,229.55,0.20,45.68
229.69,1.07,245.25,225.54,0.21,48.17,228.99,0.22,50.63,226.01,0.22,49.60,227.12,0.20,45.36
228.74,1.06,243.18,226.89,0.21,48.55,228.04,0.22,50.21,227.00,0.22,50.09,226.30,0.19,43.99
227.81,1.07,244.59,227.46,0.21,48.85,227.11,0.23,51.13,228.52,0.22,50.66,226.65,0.20,44.92
222.41,1.07,238.70,227.04,0.21,48.81,221.71,0.23,49.89,228.97,0.22,50.76,227.13,0.20,44.89
227.09,1.07,243.10,226.21,0.21,48.44,226.39,0.23,50.97,229.69,0.22,51.12,228.03,0.19,44.43
229.57,1.06,244.33,224.43,0.21,47.53,228.87,0.22,50.78,228.50,0.22,50.49,228.36,0.20,44.71
228.92,1.07,245.24,225.76,0.21,48.07,228.22,0.22,50.55,227.98,0.22,50.46,228.13,0.20,46.01
229.74,1.07,245.19,226.09,0.21,48.18,229.04,0.22,50.95,226.44,0.22,49.76,228.15,0.20,45.18
228.58,1.07,243.69,228.16,0.22,49.15,227.88,0.22,50.73,226.15,0.22,49.60,226.32,0.19,44.11
229.18,1.07,245.74,226.93,0.21,48.60,228.48,0.22,51.01,227.71,0.22,50.14,226.07,0.20,45.39
228.23,1.07,243.20,224.99,0.21,47.76,227.53,0.22,50.93,220.97,0.22,47.59,228.27,0.20,45.71
228.98,1.07,244.95,225.66,0.21,48.08,228.28,0.22,50.46,226.32,0.22,49.69,229.48,0.20,46.40
228.64,1.06,242.93,227.06,0.21,48.74,227.94,0.22,49.54,225.84,0.22,49.44,226.07,0.20,44.70
227.99,1.07,243.54,227.41,0.22,49.08,227.29,0.22,50.97,220.61,0.21,47.27,226.49,0.20,45.28
227.72,0.87,198.53,226.22,0.21,48.60,227.02,0.22,50.90,225.40,0.22,49.33,0.00,0.00,0.00
227.64,0.86,196.67,219.58,0.21,45.67,226.94,0.22,50.21,227.21,0.22,50.17,0.00,0.00,0.00
229.29,0.87,200.01,226.00,0.21,48.49,228.59,0.22,51.42,224.82,0.22,49.22,0.00,0.00,0.00
226.55,0.87,196.97,223.52,0.21,47.29,225.85,0.22,50.34,227.89,0.22,50.39,0.00,0.00,0.00
228.54,0.87,198.62,225.25,0.21,48.04,227.84,0.22,50.42,227.01,0.22,50.09,0.00,0.00,0.00
227.61,0.86,196.10,225.90,0.21,48.32,226.91,0.22,49.97,221.16,0.21,47.24,0.00,0.00,0.00
227.38,0.86,196.34,224.35,0.21,47.55,226.68,0.22,50.13,222.71,0.22,48.22,0.00,0.00,0.00
222.92,0.87,194.32,224.01,0.21,47.62,222.22,0.22,49.70,227.67,0.22,50.45,0.00,0.00,0.00
223.83,0.87,193.68,225.75,0.21,48.25,223.13,0.22,49.80,221.07,0.21,47.41,0.00,0.00,0.00
224.47,0.86,192.62,221.04,0.21,46.18,223.77,0.22,49.27,221.17,0.22,47.58,0.00,0.00,0.00
228.01,0.87,197.74,219.29,0.21,45.53,227.31,0.22,50.62,229.59,0.22,51.22,0.00,0.00,0.00
220.30,0.87,191.97,221.86,0.21,46.56,219.60,0.22,49.17,230.78,0.22,51.64,0.00,0.00,0.00
222.54,0.86,192.26,218.83,0.21,45.34,221.84,0.22,49.14,227.64,0.22,50.38,0.00,0.00,0.00
220.83,0.87,191.86,221.54,0.21,46.60,220.13,0.22,49.26,227.93,0.22,50.33,0.00,0.00,0.00
222.35,0.88,196.10,226.08,0.21,48.46,221.65,0.23,51.19,229.42,0.22,51.12,0.00,0.00,0.00
227.56,0.87,197.71,220.73,0.21,46.33,226.86,0.22,50.36,229.36,0.22,51.17,0.00,0.00,0.00
222.30,0.87,192.82,224.61,0.21,47.84,221.60,0.22,49.66,222.28,0.22,48.10,0.00,0.00,0.00
227.13,0.88,198.96,230.88,0.22,50.62,226.43,0.22,50.20,227.57,0.22,50.33,0.00,0.00,0.00
223.52,0.87,193.45,220.31,0.21,46.08,222.82,0.23,50.43,222.08,0.22,47.99,0.00,0.00,0.00
229.79,0.87,200.70,228.08,0.22,49.15,229.09,0.22,51.27,226.29,0.22,49.84,0.00,0.00,0.00
229.46,0.86,198.23,218.72,0.21,45.29,228.76,0.22,50.70,228.39,0.22,50.55,0.00,0.00,0.00
226.59,0.88,199.71,235.01,0.22,52.36,225.89,0.22,50.62,226.98,0.22,50.08,0.00,0.00,0.00
226.69,0.87,198.14,224.70,0.21,48.05,225.99,0.22,50.77,228.24,0.22,50.60,0.00,0.00,0.00
226.47,0.87,196.03,220.03,0.21,45.78,225.77,0.22,50.25,227.24,0.22,50.24,0.00,0.00,0.00
233.07,0.88,203.97,224.67,0.21,47.82,232.37,0.23,53.18,225.99,0.22,49.62,0.00,0.00,0.00
224.76,0.87,196.00,224.24,0.21,47.71,224.06,0.22,50.05,228.42,0.22,50.72,0.00,0.00,0.00
226.97,0.86,195.81,226.37,0.21,48.53,226.27,0.22,49.78,220.96,0.21,47.38,0.00,0.00,0.00
226.00,0.87,197.30,226.10,0.21,48.43,225.30,0.22,50.41,227.68,0.22,50.37,0.00,0.00,0.00
226.74,0.86,195.68,219.98,0.21,45.87,226.04,0.22,49.95,226.30,0.22,49.70,0.00,0.00,0.00
227.18,0.87,196.94,227.42,0.22,49.01,226.48,0.22,50.61,220.18,0.21,47.13,0.00,0.00,0.00
228.23,0.87,199.53,227.53,0.22,49.08,227.53,0.22,51.05,226.60,0.22,49.92,0.00,0.00,0.00
226.93,0.87,198.11,229.68,0.22,50.01,226.23,0.22,50.06,226.73,0.22,49.90,0.00,0.00,0.00
226.42,0.87,196.84,227.26,0.22,49.04,225.72,0.22,50.64,221.99,0.22,47.79,0.00,0.00,0.00
223.80,0.86,193.26,225.24,0.21,48.06,223.10,0.22,49.34,221.64,0.22,47.68,0.00,0.00,0.00
224.07,0.86,192.12,220.67,0.21,46.20,223.37,0.22,49.35,219.83,0.21,46.87,0.00,0.00,0.00
226.81,0.87,197.51,227.86,0.22,49.02,226.11,0.22,50.41,225.04,0.22,49.25,0.00,0.00,0.00
226.11,0.87,196.43,223.97,0.21,47.57,225.41,0.22,50.59,224.88,0.22,49.03,0.00,0.00,0.00
228.84,0.86,195.94,218.16,0.21,45.18,228.14,0.22,50.36,220.85,0.21,47.37,0.00,0.00,0.00
226.10,0.88,198.15,227.45,0.22,49.09,225.40,0.22,50.33,230.35,0.22,51.45,0.00,0.00,0.00
224.99,0.86,194.40,226.70,0.21,48.60,224.29,0.22,50.21,217.90,0.21,46.18,0.00,0.00,0.00
227.19,0.87,198.32,227.87,0.22,49.24,226.49,0.22,50.50,225.90,0.22,49.70,0.00,0.00,0.00
226.79,0.87,196.65,219.17,0.21,45.54,226.09,0.22,50.17,230.87,0.22,51.61,0.00,0.00,0.00
227.41,0.87,197.49,225.13,0.21,48.15,226.71,0.22,50.19,225.56,0.22,49.46,0.00,0.00,0.00
228.20,0.88,199.74,226.64,0.21,48.70,227.50,0.22,50.95,229.48,0.22,51.07,0.00,0.00,0.00
226.46,0.86,195.30,224.04,0.21,47.57,225.76,0.22,50.22,220.69,0.21,47.17,0.00,0.00,0.00
230.89,0.86,198.97,225.71,0.21,48.23,230.19,0.22,50.29,221.94,0.22,47.88,0.00,0.00,0.00
221.13,0.88,193.50,227.07,0.22,48.92,220.43,0.22,49.31,229.08,0.22,50.87,0.00,0.00,0.00
227.49,0.86,195.50,219.17,0.21,45.56,226.79,0.22,50.03,223.98,0.22,48.61,0.00,0.00,0.00
228.50,0.87,199.84,226.03,0.21,48.43,227.80,0.22,50.99,228.90,0.22,50.95,0.00,0.00,0.00
226.86,0.87,198.38,226.46,0.21,48.54,226.16,0.23,50.93,226.80,0.22,50.14,0.00,0.00,0.00
229.70,0.86,198.45,225.00,0.21,48.13,229.00,0.22,50.42,222.45,0.22,48.04,0.00,0.00,0.00
227.47,0.87,196.79,227.49,0.21,48.82,226.77,0.22,50.14,222.05,0.22,47.86,0.00,0.00,0.00
226.11,0.87,196.79,220.38,0.21,45.91,225.41,0.22,50.50,230.39,0.22,51.62,0.00,0.00,0.00
220.80,0.87,193.05,227.45,0.22,49.10,220.10,0.22,49.20,227.31,0.22,50.25,0.00,0.00,0.00
226.88,0.87,197.70,231.72,0.22,50.83,226.18,0.22,48.90,228.44,0.22,50.70,0.00,0.00,0.00
226.77,0.88,198.52,230.50,0.22,50.52,226.07,0.22,50.21,227.02,0.22,50.01,0.00,0.00,0.00
228.81,0.87,198.77,221.56,0.21,46.51,228.11,0.22,50.64,229.21,0.22,51.09,0.00,0.00,0.00
225.12,0.88,197.13,225.52,0.21,48.40,224.42,0.23,50.56,228.50,0.22,50.70,0.00,0.00,0.00
227.73,0.87,198.66,229.09,0.22,49.82,227.03,0.22,50.33,226.06,0.22,49.58,0.00,0.00,0.00
226.55,0.87,197.69,225.84,0.21,48.23,225.85,0.22,50.22,229.45,0.22,51.12,0.00,0.00,0.00
225.42,0.87,195.34,220.41,0.21,46.09,224.72,0.22,49.81,228.69,0.22,50.75,0.00,0.00,0.00
227.42,0.87,198.26,226.63,0.22,48.84,226.72,0.22,50.69,224.55,0.22,49.14,0.00,0.00,0.00
226.86,0.86,195.83,218.20,0.21,45.00,226.16,0.22,50.72,225.68,0.22,49.38,0.00,0.00,0.00
230.57,0.87,200.82,225.75,0.21,48.31,229.87,0.22,51.14,227.18,0.22,50.12,0.00,0.00,0.00
228.36,0.87,199.07,227.62,0.22,49.17,227.66,0.23,51.25,223.11,0.22,48.35,0.00,0.00,0.00
226.77,0.86,195.70,225.38,0.21,48.05,226.07,0.22,50.22,220.58,0.21,47.16,0.00,0.00,0.00
225.37,0.87,195.98,223.99,0.21,47.54,224.67,0.22,49.97,227.72,0.22,50.35,0.00,0.00,0.00
224.49,0.87,195.47,224.18,0.21,47.57,223.79,0.22,50.04,227.51,0.22,50.29,0.00,0.00,0.00
227.77,0.87,198.63,226.97,0.21,48.78,227.07,0.22,50.34,227.56,0.22,50.42,0.00,0.00,0.00
227.90,0.87,198.93,225.06,0.21,47.98,227.20,0.22,50.78,229.04,0.22,50.92,0.00,0.00,0.00
226.69,0.86,196.06,221.86,0.21,46.62,225.99,0.22,50.03,225.78,0.22,49.57,0.00,0.00,0.00
227.73,0.87,197.20,223.62,0.21,47.50,227.03,0.22,50.12,225.35,0.22,49.33,0.00,0.00,0.00
226.40,0.87,197.29,221.56,0.21,46.60,225.70,0.22,50.55,229.99,0.22,51.33,0.00,0.00,0.00
226.41,0.86,195.43,220.68,0.21,46.02,225.71,0.22,49.89,226.48,0.22,49.75,0.00,0.00,0.00
225.36,0.88,197.36,224.69,0.21,47.71,224.66,0.22,50.34,232.92,0.23,52.51,0.00,0.00,0.00
228.28,0.88,200.58,228.83,0.22,49.53,227.58,0.22,51.10,230.32,0.22,51.53,0.00,0.00,0.00
226.66,0.86,196.01,217.69,0.21,44.94,225.96,0.22,50.57,227.76,0.22,50.25,0.00,0.00,0.00
231.28,0.88,203.43,227.58,0.22,49.20,230.58,0.22,51.11,235.52,0.23,53.67,0.00,0.00,0.00
226.37,0.88,199.57,226.12,0.22,48.72,225.67,0.22,50.15,239.00,0.23,54.98,0.00,0.00,0.00
223.94,0.88,196.84,228.27,0.22,49.49,223.24,0.23,50.33,229.15,0.22,51.06,0.00,0.00,0.00
226.12,0.87,197.63,226.89,0.22,48.86,225.42,0.22,50.18,229.07,0.22,50.89,0.00,0.00,0.00
227.40,0.87,197.80,225.35,0.21,48.08,226.70,0.22,50.73,224.97,0.22,49.22,0.00,0.00,0.00
225.31,0.87,197.09,229.41,0.22,49.83,224.61,0.22,49.91,227.95,0.22,50.48,0.00,0.00,0.00
229.00,0.87,198.77,222.37,0.21,46.73,228.30,0.22,51.02,227.28,0.22,50.11,0.00,0.00,0.00
234.08,0.87,204.12,224.72,0.21,48.00,233.38,0.22,52.23,227.47,0.22,50.20,0.00,0.00,0.00
229.93,0.88,201.90,226.86,0.21,48.38,229.23,0.23,52.87,226.57,0.22,49.92,0.00,0.00,0.00
230.10,0.88,201.61,228.02,0.22,49.26,229.40,0.22,51.47,228.08,0.22,50.61,0.00,0.00,0.00
227.04,0.87,197.55,222.81,0.21,47.06,226.34,0.22,50.46,229.00,0.22,50.86,0.00,0.00,0.00
227.69,0.87,199.07,225.40,0.21,48.15,226.99,0.22,50.69,229.89,0.22,51.37,0.00,0.00,0.00
228.50,0.88,200.29,226.38,0.21,48.63,227.80,0.23,51.45,228.78,0.22,50.79,0.00,0.00,0.00
226.89,0.87,197.78,224.06,0.21,47.59,226.19,0.22,50.53,228.60,0.22,50.76,0.00,0.00,0.00
228.14,0.86,196.97,218.89,0.21,45.36,227.44,0.22,50.49,226.69,0.22,49.94,0.00,0.00,0.00
231.48,0.87,201.53,225.54,0.21,48.19,230.78,0.23,52.11,224.32,0.22,48.75,0.00,0.00,0.00
221.10,0.87,192.91,226.82,0.21,48.75,220.40,0.22,48.89,228.88,0.22,50.78,0.00,0.00,0.00
230.20,0.87,199.79,226.38,0.21,48.36,229.50,0.22,50.85,225.61,0.22,49.38,0.00,0.00,0.00
222.70,0.87,193.12,222.26,0.21,46.76,222.00,0.22,49.60,226.04,0.22,49.62,0.00,0.00,0.00
238.01,0.87,206.78,225.23,0.21,47.91,237.31,0.22,52.67,225.66,0.22,49.70,0.00,0.00,0.00
229.34,0.87,199.21,223.51,0.21,47.31,228.64,0.22,50.77,227.64,0.22,50.32,0.00,0.00,0.00
222.91,0.87,194.78,226.22,0.21,48.40,222.21,0.22,49.61,229.03,0.22,51.01,0.00,0.00,0.00
227.47,0.87,198.33,227.52,0.22,49.09,226.77,0.22,50.21,227.85,0.22,50.31,0.00,0.00,0.00
223.91,0.88,196.04,219.88,0.21,45.86,223.21,0.22,49.66,236.97,0.23,54.64,0.00,0.00,0.00
221.89,0.87,192.72,222.75,0.21,46.93,221.19,0.22,49.14,228.94,0.22,50.79,0.00,0.00,0.00
229.30,0.86,197.94,219.44,0.21,45.58,228.60,0.22,50.55,226.98,0.22,50.05,0.00,0.00,0.00
230.46,0.88,201.77,227.14,0.22,48.89,229.76,0.22,51.14,230.68,0.22,51.63,0.00,0.00,0.00
223.28,0.87,193.27,219.36,0.21,45.55,222.58,0.22,49.57,228.34,0.22,50.54,0.00,0.00,0.00
229.78,0.87,199.67,227.47,0.22,49.01,229.08,0.22,50.79,224.80,0.22,48.98,0.00,0.00,0.00
224.68,0.88,197.01,228.35,0.22,49.38,223.98,0.22,50.07,229.35,0.22,51.18,0.00,0.00,0.00
222.59,0.86,191.30,220.87,0.21,46.25,221.89,0.22,49.45,218.93,0.21,46.69,0.00,0.00,0.00
225.28,0.86,194.40,221.07,0.21,46.28,224.58,0.22,48.96,228.39,0.22,50.63,0.00,0.00,0.00
227.14,0.88,198.91,227.40,0.22,49.26,226.44,0.22,50.43,229.09,0.22,50.97,0.00,0.00,0.00
228.80,0.87,199.50,227.07,0.22,48.92,228.10,0.22,50.58,227.80,0.22,50.30,0.00,0.00,0.00
225.60,0.87,197.00,225.43,0.21,48.19,224.90,0.22,50.33,228.32,0.22,50.63,0.00,0.00,0.00
228.47,0.88,200.48,231.11,0.22,50.76,227.77,0.22,50.80,227.14,0.22,50.18,0.00,0.00,0.00
227.58,0.87,197.91,225.21,0.21,48.19,226.88,0.23,51.13,222.62,0.22,48.18,0.00,0.00,0.00
227.74,0.87,198.50,225.06,0.21,48.08,227.04,0.22,50.55,228.36,0.22,50.57,0.00,0.00,0.00
226.09,0.87,197.15,227.26,0.21,48.81,225.39,0.22,50.14,227.41,0.22,50.23,0.00,0.00,0.00
225.51,0.87,196.76,226.12,0.21,48.49,224.81,0.22,50.08,227.68,0.22,50.41,0.00,0.00,0.00
225.04,0.87,196.57,226.90,0.22,48.91,224.34,0.22,49.84,227.92,0.22,50.58,0.00,0.00,0.00
225.57,0.88,197.64,225.36,0.21,47.99,224.87,0.23,51.47,225.80,0.22,49.79,0.00,0.00,0.00
228.56,0.87,199.94,226.08,0.21,48.45,227.86,0.22,51.09,229.14,0.22,50.96,0.00,0.00,0.00
237.75,0.88,208.04,228.10,0.22,49.60,237.05,0.22,52.62,228.32,0.22,50.62,0.00,0.00,0.00
226.64,0.87,197.03,221.32,0.21,46.54,225.94,0.22,50.69,227.15,0.22,50.16,0.00,0.00,0.00
226.40,0.87,196.93,221.79,0.21,46.93,225.70,0.22,50.35,228.46,0.22,50.55,0.00,0.00,0.00
228.77,0.88,201.05,231.77,0.22,50.93,228.07,0.22,51.14,227.17,0.22,50.20,0.00,0.00,0.00
221.92,0.87,194.03,227.87,0.22,49.36,221.22,0.22,49.02,228.90,0.22,50.87,0.00,0.00,0.00
226.43,0.87,196.19,221.62,0.21,46.33,225.73,0.22,50.22,227.59,0.22,50.31,0.00,0.00,0.00
231.33,0.88,204.09,233.04,0.22,51.66,230.63,0.22,51.75,228.89,0.22,50.90,0.00,0.00,0.00
221.19,0.87,192.56,221.29,0.21,46.40,220.49,0.23,49.86,227.07,0.22,50.16,0.00,0.00,0.00
227.49,0.87,198.05,222.06,0.21,46.77,226.79,0.22,50.91,228.65,0.22,50.67,0.00,0.00,0.00
227.16,0.87,196.91,219.66,0.21,45.69,226.46,0.22,50.87,226.18,0.22,49.84,0.00,0.00,0.00
226.30,0.87,197.95,226.53,0.22,48.71,225.60,0.23,50.80,226.85,0.22,50.05,0.00,0.00,0.00
228.34,0.87,199.27,223.56,0.21,47.35,227.64,0.22,51.12,228.88,0.22,50.91,0.00,0.00,0.00
227.89,0.87,198.47,224.98,0.21,48.04,227.19,0.22,50.67,226.81,0.22,50.00,0.00,0.00,0.00
223.58,0.87,193.76,220.79,0.21,46.10,222.88,0.22,49.95,226.55,0.22,49.81,0.00,0.00,0.00
226.77,0.87,198.02,227.09,0.21,48.79,226.07,0.22,50.45,227.72,0.22,50.40,0.00,0.00,0.00
228.88,0.87,199.09,225.43,0.21,48.06,228.18,0.22,50.85,225.95,0.22,49.69,0.00,0.00,0.00
227.81,0.88,200.32,229.08,0.22,49.64,227.11,0.23,51.31,229.76,0.22,51.19,0.00,0.00,0.00
227.06,0.86,194.96,218.21,0.21,44.94,226.36,0.22,50.02,223.51,0.22,48.70,0.00,0.00,0.00
228.43,0.87,197.94,219.38,0.21,45.58,227.73,0.22,50.79,228.35,0.22,50.66,0.00,0.00,0.00
227.89,0.88,199.90,227.35,0.22,49.11,227.19,0.22,50.94,229.86,0.22,51.28,0.00,0.00,0.00
225.88,0.86,195.31,217.31,0.21,44.69,225.18,0.22,50.31,228.28,0.22,50.61,0.00,0.00,0.00
224.57,0.87,195.34,228.28,0.22,49.37,223.87,0.22,50.02,222.63,0.22,48.15,0.00,0.00,0.00
228.87,0.87,199.94,225.91,0.21,48.32,228.17,0.22,50.84,229.60,0.22,51.20,0.00,0.00,0.00
227.77,0.87,198.26,227.18,0.21,48.84,227.07,0.22,50.14,226.84,0.22,50.08,0.00,0.00,0.00
216.53,0.87,187.84,219.48,0.21,45.35,215.83,0.23,48.88,226.82,0.22,50.02,0.00,0.00,0.00
227.85,0.88,199.52,228.96,0.22,49.79,227.15,0.22,50.25,229.47,0.22,51.20,0.00,0.00,0.00
225.95,0.87,195.61,220.64,0.21,46.10,225.25,0.22,50.04,227.24,0.22,50.16,0.00,0.00,0.00
228.52,0.88,200.70,230.32,0.22,50.76,227.82,0.22,51.01,226.04,0.22,49.74,0.00,0.00,0.00
227.88,0.87,198.91,225.63,0.21,48.28,227.18,0.22,50.72,228.00,0.22,50.56,0.00,0.00,0.00
224.56,0.87,195.54,226.74,0.22,49.20,223.86,0.22,49.99,223.31,0.22,48.37,0.00,0.00,0.00
226.35,0.87,196.52,218.84,0.21,45.29,225.65,0.22,50.61,230.01,0.22,51.32,0.00,0.00,0.00
227.38,0.87,198.08,225.44,0.21,48.17,226.68,0.22,50.54,226.94,0.22,50.07,0.00,0.00,0.00
224.10,0.88,196.44,227.72,0.22,49.12,223.40,0.22,50.02,230.11,0.22,51.33,0.00,0.00,0.00
223.22,0.87,193.50,219.93,0.21,45.89,222.52,0.22,49.69,227.71,0.22,50.33,0.00,0.00,0.00
228.23,0.88,199.99,225.95,0.21,48.39,227.53,0.23,51.20,230.00,0.22,51.34,0.00,0.00,0.00
230.31,0.87,199.64,222.99,0.21,47.05,229.61,0.22,50.67,227.87,0.22,50.43,0.00,0.00,0.00
227.88,0.87,197.53,219.09,0.21,45.46,227.18,0.22,50.72,228.46,0.22,50.77,0.00,0.00,0.00
228.49,0.87,199.27,225.17,0.21,47.99,227.79,0.22,50.89,228.76,0.22,50.73,0.00,0.00,0.00
223.38,0.87,194.34,225.24,0.21,48.27,222.68,0.22,49.29,226.39,0.22,49.91,0.00,0.00,0.00
226.29,0.88,198.29,227.02,0.22,48.92,225.59,0.22,50.70,228.72,0.22,50.81,0.00,0.00,0.00
226.58,0.86,195.14,217.31,0.21,44.62,225.88,0.22,50.05,227.30,0.22,50.12,0.00,0.00,0.00
228.54,0.87,199.17,226.00,0.21,48.27,227.84,0.22,50.95,226.63,0.22,49.96,0.00,0.00,0.00
223.48,0.87,193.68,219.49,0.21,45.49,222.78,0.22,49.69,229.45,0.22,51.05,0.00,0.00,0.00
221.40,0.87,192.47,227.09,0.22,48.86,220.70,0.22,48.39,227.77,0.22,50.35,0.00,0.00,0.00
226.75,0.86,195.74,218.74,0.21,45.24,226.05,0.22,50.55,225.57,0.22,49.39,0.00,0.00,0.00
223.07,0.87,194.99,224.57,0.21,47.90,222.37,0.22,49.86,229.42,0.22,51.10,0.00,0.00,0.00
222.58,0.86,191.33,218.57,0.21,45.25,221.88,0.22,49.05,223.80,0.22,48.70,0.00,0.00,0.00
229.79,0.86,198.75,220.10,0.21,45.85,229.09,0.22,51.23,225.91,0.22,49.51,0.00,0.00,0.00
237.77,0.88,208.52,224.70,0.21,47.75,237.07,0.23,53.91,230.50,0.22,51.44,0.00,0.00,0.00
226.30,0.87,196.35,220.75,0.21,46.04,225.60,0.22,50.12,228.71,0.22,51.01,0.00,0.00,0.00
228.05,0.88,201.37,226.83,0.21,48.68,227.35,0.23,51.57,234.47,0.23,53.38,0.00,0.00,0.00
228.20,0.87,199.46,227.07,0.22,48.84,227.50,0.22,50.58,229.68,0.22,51.17,0.00,0.00,0.00
226.62,0.87,197.05,227.16,0.22,49.03,225.92,0.22,50.38,223.30,0.22,48.42,0.00,0.00,0.00
227.84,0.87,197.30,216.53,0.21,44.43,227.14,0.22,50.88,229.10,0.22,51.06,0.00,0.00,0.00
225.38,0.86,194.34,218.64,0.21,45.23,224.68,0.22,49.75,226.48,0.22,49.85,0.00,0.00,0.00
223.35,0.87,193.95,218.92,0.21,45.44,222.65,0.22,49.93,229.41,0.22,51.08,0.00,0.00,0.00
227.35,0.88,198.93,230.89,0.22,50.57,226.65,0.22,50.25,226.78,0.22,49.98,0.00,0.00,0.00
227.37,0.86,196.46,216.37,0.21,44.37,226.67,0.22,50.44,229.02,0.22,50.98,0.00,0.00,0.00
225.05,0.86,193.59,218.91,0.21,45.64,224.35,0.22,49.70,223.11,0.22,48.26,0.00,0.00,0.00
226.95,0.87,197.32,219.47,0.21,45.65,226.25,0.22,50.70,231.14,0.22,51.65,0.00,0.00,0.00
222.26,0.86,191.93,217.24,0.21,44.75,221.56,0.22,48.64,231.33,0.22,51.86,0.00,0.00,0.00
229.83,0.87,199.03,221.30,0.21,46.30,229.13,0.22,51.10,227.34,0.22,49.99,0.00,0.00,0.00
227.50,0.86,196.51,218.37,0.21,45.19,226.80,0.22,50.71,225.90,0.22,49.55,0.00,0.00,0.00
