0.00,0.26,0.00,0.00,0.06,0.00,0.00,0.12,0.00,0.00,0.07,0.00,0.00,0.00,0.00
0.00,0.18,0.00,0.00,0.00,0.00,0.00,0.10,0.00,0.00,0.07,0.00,0.00,0.00,0.00
0.00,0.20,0.00,0.00,0.05,0.00,0.00,0.09,0.00,0.00,0.06,0.00,0.00,0.00,0.00
0.00,0.07,0.00,0.00,0.00,0.00,0.00,0.07,0.00,0.00,0.00,0.00,0.00,0.00,0.00
0.00,0.06,0.00,0.00,0.00,0.00,0.00,0.06,0.00,0.00,0.00,0.00,0.00,0.00,0.00
0.00,0.00,0.00,0.00,0.00,0.00,0.00,0.00,0.00,0.00,0.00,0.00,0.00,0.00,0.00
0.00,0.00,0.00,0.00,0.00,0.00,0.00,0.00,0.00,0.00,0.00,0.00,0.00,0.00,0.00
0.00,0.00,0.00,0.00,0.00,0.00,0.00,0.00,0.00,0.00,0.00,0.00,0.00,0.00,0.00
0.00,0.00,0.00,0.00,0.00,0.00,0.00,0.00,0.00,0.00,0.00,0.00,0.00,0.00,0.00
0.00,0.00,0.00,0.00,0.00,0.00,0.00,0.00,0.00,0.00,0.00,0.00,0.00,0.00,0.00
0.00,0.00,0.00,0.00,0.00,0.00,0.00,0.00,0.00,0.00,0.00,0.00,0.00,0.00,0.00
0.00,0.00,0.00,0.00,0.00,0.00,0.00,0.00,0.00,0.00,0.00,0.00,0.00,0.00,0.00
0.00,0.00,0.00,0.00,0.00,0.00,0.00,0.00,0.00,0.00,0.00,0.00,0.00,0.00,0.00
0.00,0.00,0.00,0.00,0.00,0.00,0.00,0.00,0.00,0.00,0.00,0.00,0.00,0.00,0.00
0.00,0.00,0.00,0.00,0.00,0.00,0.00,0.00,0.00,0.00,0.00,0.00,0.00,0.00,0.00
0.00,0.00,0.00,0.00,0.00,0.00,0.00,0.00,0.00,0.00,0.00,0.00,0.00,0.00,0.00
0.00,0.00,0.00,0.00,0.00,0.00,0.00,0.00,0.00,0.00,0.00,0.00,0.00,0.00,0.00
0.00,0.00,0.00,0.00,0.00,0.00,0.00,0.00,0.00,0.00,0.00,0.00,0.00,0.00,0.00
0.00,0.00,0.00,0.00,0.00,0.00,0.00,0.00,0.00,0.00,0.00,0.00,0.00,0.00,0.00
0.00,0.00,0.00,0.00,0.00,0.00,0.00,0.00,0.00,0.00,0.00,0.00,0.00,0.00,0.00
0.00,0.00,0.00,0.00,0.00,0.00,0.00,0.00,0.00,0.00,0.00,0.00,0.00,0.00,0.00
0.00,0.00,0.00,0.00,0.00,0.00,0.00,0.00,0.00,0.00,0.00,0.00,0.00,0.00,0.00
0.00,0.00,0.00,0.00,0.00,0.00,0.00,0.00,0.00,0.00,0.00,0.00,0.00,0.00,0.00
0.00,0.00,0.00,0.00,0.00,0.00,0.00,0.00,0.00,0.00,0.00,0.00,0.00,0.00,0.00
0.00,0.00,0.00,0.00,0.00,0.00,0.00,0.00,0.00,0.00,0.00,0.00,0.00,0.00,0.00
0.00,0.00,0.00,0.00,0.00,0.00,0.00,0.00,0.00,0.00,0.00,0.00,0.00,0.00,0.00
0.00,0.00,0.00,0.00,0.00,0.00,0.00,0.00,0.00,0.00,0.00,0.00,0.00,0.00,0.00
0.00,0.00,0.00,0.00,0.00,0.00,0.00,0.00,0.00,0.00,0.00,0.00,0.00,0.00,0.00
0.00,0.00,0.00,0.00,0.00,0.00,0.00,0.00,0.00,0.00,0.00,0.00,0.00,0.00,0.00
0.00,0.00,0.00,0.00,0.00,0.00,0.00,0.00,0.00,0.00,0.00,0.00,0.00,0.00,0.00
0.00,0.00,0.00,0.00,0.00,0.00,0.00,0.00,0.00,0.00,0.00,0.00,0.00,0.00,0.00
0.00,0.00,0.00,0.00,0.00,0.00,0.00,0.00,0.00,0.00,0.00,0.00,0.00,0.00,0.00
0.00,0.00,0.00,0.00,0.00,0.00,0.00,0.00,0.00,0.00,0.00,0.00,0.00,0.00,0.00
0.00,0.00,0.00,0.00,0.00,0.00,0.00,0.00,0.00,0.00,0.00,0.00,0.00,0.00,0.00
0.00,0.00,0.00,0.00,0.00,0.00,0.00,0.00,0.00,0.00,0.00,0.00,0.00,0.00,0.00
0.00,0.00,0.00,0.00,0.00,0.00,0.00,0.00,0.00,0.00,0.00,0.00,0.00,0.00,0.00
0.00,0.00,0.00,0.00,0.00,0.00,0.00,0.00,0.00,0.00,0.00,0.00,0.00,0.00,0.00
0.00,0.00,0.00,0.00,0.00,0.00,0.00,0.00,0.00,0.00,0.00,0.00,0.00,0.00,0.00
0.00,0.00,0.00,0.00,0.00,0.00,0.00,0.00,0.00,0.00,0.00,0.00,0.00,0.00,0.00
0.00,0.00,0.00,0.00,0.00,0.00,0.00,0.00,0.00,0.00,0.00,0.00,0.00,0.00,0.00
0.00,0.00,0.00,0.00,0.00,0.00,0.00,0.00,0.00,0.00,0.00,0.00,0.00,0.00,0.00
0.00,0.00,0.00,0.00,0.00,0.00,0.00,0.00,0.00,0.00,0.00,0.00,0.00,0.00,0.00
0.00,0.00,0.00,0.00,0.00,0.00,0.00,0.00,0.00,0.00,0.00,0.00,0.00,0.00,0.00
0.00,0.00,0.00,0.00,0.00,0.00,0.00,0.00,0.00,0.00,0.00,0.00,0.00,0.00,0.00
0.00,0.00,0.00,0.00,0.00,0.00,0.00,0.00,0.00,0.00,0.00,0.00,0.00,0.00,0.00
0.00,0.00,0.00,0.00,0.00,0.00,0.00,0.00,0.00,0.00,0.00,0.00,0.00,0.00,0.00
0.00,0.00,0.00,0.00,0.00,0.00,0.00,0.00,0.00,0.00,0.00,0.00,0.00,0.00,0.00
0.00,0.00,0.00,0.00,0.00,0.00,0.00,0.00,0.00,0.00,0.00,0.00,0.00,0.00,0.00
0.00,0.00,0.00,0.00,0.00,0.00,0.00,0.00,0.00,0.00,0.00,0.00,0.00,0.00,0.00
0.00,0.00,0.00,0.00,0.00,0.00,0.00,0.00,0.00,0.00,0.00,0.00,0.00,0.00,0.00
0.00,0.00,0.00,0.00,0.00,0.00,0.00,0.00,0.00,0.00,0.00,0.00,0.00,0.00,0.00
0.00,0.00,0.00,0.00,0.00,0.00,0.00,0.00,0.00,0.00,0.00,0.00,0.00,0.00,0.00
0.00,0.00,0.00,0.00,0.00,0.00,0.00,0.00,0.00,0.00,0.00,0.00,0.00,0.00,0.00
0.00,0.00,0.00,0.00,0.00,0.00,0.00,0.00,0.00,0.00,0.00,0.00,0.00,0.00,0.00
0.00,0.00,0.00,0.00,0.00,0.00,0.00,0.00,0.00,0.00,0.00,0.00,0.00,0.00,0.00
0.00,0.00,0.00,0.00,0.00,0.00,0.00,0.00,0.00,0.00,0.00,0.00,0.00,0.00,0.00
0.00,0.00,0.00,0.00,0.00,0.00,0.00,0.00,0.00,0.00,0.00,0.00,0.00,0.00,0.00
0.00,0.00,0.00,0.00,0.00,0.00,0.00,0.00,0.00,0.00,0.00,0.00,0.00,0.00,0.00
0.00,0.00,0.00,0.00,0.00,0.00,0.00,0.00,0.00,0.00,0.00,0.00,0.00,0.00,0.00
0.00,0.00,0.00,0.00,0.00,0.00,0.00,0.00,0.00,0.00,0.00,0.00,0.00,0.00,0.00
0.00,0.00,0.00,0.00,0.00,0.00,0.00,0.00,0.00,0.00,0.00,0.00,0.00,0.00,0.00
0.00,0.00,0.00,0.00,0.00,0.00,0.00,0.00,0.00,0.00,0.00,0.00,0.00,0.00,0.00
0.00,0.00,0.00,0.00,0.00,0.00,0.00,0.00,0.00,0.00,0.00,0.00,0.00,0.00,0.00
0.00,0.00,0.00,0.00,0.00,0.00,0.00,0.00,0.00,0.00,0.00,0.00,0.00,0.00,0.00
0.00,0.00,0.00,0.00,0.00,0.00,0.00,0.00,0.00,0.00,0.00,0.00,0.00,0.00,0.00
0.00,0.00,0.00,0.00,0.00,0.00,0.00,0.00,0.00,0.00,0.00,0.00,0.00,0.00,0.00
0.00,0.00,0.00,0.00,0.00,0.00,0.00,0.00,0.00,0.00,0.00,0.00,0.00,0.00,0.00
0.00,0.07,0.00,0.00,0.07,0.00,0.00,0.00,0.00,0.00,0.00,0.00,0.00,0.00,0.00
0.00,0.00,0.00,0.00,0.00,0.00,0.00,0.00,0.00,0.00,0.00,0.00,0.00,0.00,0.00
0.00,0.00,0.00,0.00,0.00,0.00,0.00,0.00,0.00,0.00,0.00,0.00,0.00,0.00,0.00
0.00,0.00,0.00,0.00,0.00,0.00,0.00,0.00,0.00,0.00,0.00,0.00,0.00,0.00,0.00
0.00,0.00,0.00,0.00,0.00,0.00,0.00,0.00,0.00,0.00,0.00,0.00,0.00,0.00,0.00
0.00,0.00,0.00,0.00,0.00,0.00,0.00,0.00,0.00,0.00,0.00,0.00,0.00,0.00,0.00
0.00,0.00,0.00,0.00,0.00,0.00,0.00,0.00,0.00,0.00,0.00,0.00,0.00,0.00,0.00
0.00,0.00,0.00,0.00,0.00,0.00,0.00,0.00,0.00,0.00,0.00,0.00,0.00,0.00,0.00
0.00,0.00,0.00,0.00,0.00,0.00,0.00,0.00,0.00,0.00,0.00,0.00,0.00,0.00,0.00
0.00,0.00,0.00,0.00,0.00,0.00,0.00,0.00,0.00,0.00,0.00,0.00,0.00,0.00,0.00
0.00,0.00,0.00,0.00,0.00,0.00,0.00,0.00,0.00,0.00,0.00,0.00,0.00,0.00,0.00
0.00,0.00,0.00,0.00,0.00,0.00,0.00,0.00,0.00,0.00,0.00,0.00,0.00,0.00,0.00
0.00,0.00,0.00,0.00,0.00,0.00,0.00,0.00,0.00,0.00,0.00,0.00,0.00,0.00,0.00
0.00,0.00,0.00,0.00,0.00,0.00,0.00,0.00,0.00,0.00,0.00,0.00,0.00,0.00,0.00
0.00,0.00,0.00,0.00,0.00,0.00,0.00,0.00,0.00,0.00,0.00,0.00,0.00,0.00,0.00
0.00,0.06,0.00,0.00,0.00,0.00,0.00,0.06,0.00,0.00,0.00,0.00,0.00,0.00,0.00
0.00,0.00,0.00,0.00,0.00,0.00,0.00,0.00,0.00,0.00,0.00,0.00,0.00,0.00,0.00
0.00,0.00,0.00,0.00,0.00,0.00,0.00,0.00,0.00,0.00,0.00,0.00,0.00,0.00,0.00
0.00,0.00,0.00,0.00,0.00,0.00,0.00,0.00,0.00,0.00,0.00,0.00,0.00,0.00,0.00
0.00,0.00,0.00,0.00,0.00,0.00,0.00,0.00,0.00,0.00,0.00,0.00,0.00,0.00,0.00
0.00,0.00,0.00,0.00,0.00,0.00,0.00,0.00,0.00,0.00,0.00,0.00,0.00,0.00,0.00
0.00,0.00,0.00,0.00,0.00,0.00,0.00,0.00,0.00,0.00,0.00,0.00,0.00,0.00,0.00
0.00,0.00,0.00,0.00,0.00,0.00,0.00,0.00,0.00,0.00,0.00,0.00,0.00,0.00,0.00
0.00,0.00,0.00,0.00,0.00,0.00,0.00,0.00,0.00,0.00,0.00,0.00,0.00,0.00,0.00
0.00,0.00,0.00,0.00,0.00,0.00,0.00,0.00,0.00,0.00,0.00,0.00,0.00,0.00,0.00
0.00,0.00,0.00,0.00,0.00,0.00,0.00,0.00,0.00,0.00,0.00,0.00,0.00,0.00,0.00
0.00,0.00,0.00,0.00,0.00,0.00,0.00,0.00,0.00,0.00,0.00,0.00,0.00,0.00,0.00
0.00,0.00,0.00,0.00,0.00,0.00,0.00,0.00,0.00,0.00,0.00,0.00,0.00,0.00,0.00
0.00,0.00,0.00,0.00,0.00,0.00,0.00,0.00,0.00,0.00,0.00,0.00,0.00,0.00,0.00
0.00,0.00,0.00,0.00,0.00,0.00,0.00,0.00,0.00,0.00,0.00,0.00,0.00,0.00,0.00
0.00,0.00,0.00,0.00,0.00,0.00,0.00,0.00,0.00,0.00,0.00,0.00,0.00,0.00,0.00
0.00,0.00,0.00,0.00,0.00,0.00,0.00,0.00,0.00,0.00,0.00,0.00,0.00,0.00,0.00
0.00,0.00,0.00,0.00,0.00,0.00,0.00,0.00,0.00,0.00,0.00,0.00,0.00,0.00,0.00
0.00,0.00,0.00,0.00,0.00,0.00,0.00,0.00,0.00,0.00,0.00,0.00,0.00,0.00,0.00
0.00,0.00,0.00,0.00,0.00,0.00,0.00,0.00,0.00,0.00,0.00,0.00,0.00,0.00,0.00
0.00,0.00,0.00,0.00,0.00,0.00,0.00,0.00,0.00,0.00,0.00,0.00,0.00,0.00,0.00
0.00,0.00,0.00,0.00,0.00,0.00,0.00,0.00,0.00,0.00,0.00,0.00,0.00,0.00,0.00
0.00,0.00,0.00,0.00,0.00,0.00,0.00,0.00,0.00,0.00,0.00,0.00,0.00,0.00,0.00
0.00,0.00,0.00,0.00,0.00,0.00,0.00,0.00,0.00,0.00,0.00,0.00,0.00,0.00,0.00
0.00,0.00,0.00,0.00,0.00,0.00,0.00,0.00,0.00,0.00,0.00,0.00,0.00,0.00,0.00
0.00,0.00,0.00,0.00,0.00,0.00,0.00,0.00,0.00,0.00,0.00,0.00,0.00,0.00,0.00
0.00,0.00,0.00,0.00,0.00,0.00,0.00,0.00,0.00,0.00,0.00,0.00,0.00,0.00,0.00
0.00,0.00,0.00,0.00,0.00,0.00,0.00,0.00,0.00,0.00,0.00,0.00,0.00,0.00,0.00
0.00,0.00,0.00,0.00,0.00,0.00,0.00,0.00,0.00,0.00,0.00,0.00,0.00,0.00,0.00
0.00,0.00,0.00,0.00,0.00,0.00,0.00,0.00,0.00,0.00,0.00,0.00,0.00,0.00,0.00
0.00,0.00,0.00,0.00,0.00,0.00,0.00,0.00,0.00,0.00,0.00,0.00,0.00,0.00,0.00
0.00,0.00,0.00,0.00,0.00,0.00,0.00,0.00,0.00,0.00,0.00,0.00,0.00,0.00,0.00
0.00,0.00,0.00,0.00,0.00,0.00,0.00,0.00,0.00,0.00,0.00,0.00,0.00,0.00,0.00
0.00,0.00,0.00,0.00,0.00,0.00,0.00,0.00,0.00,0.00,0.00,0.00,0.00,0.00,0.00
0.00,0.00,0.00,0.00,0.00,0.00,0.00,0.00,0.00,0.00,0.00,0.00,0.00,0.00,0.00
0.00,0.00,0.00,0.00,0.00,0.00,0.00,0.00,0.00,0.00,0.00,0.00,0.00,0.00,0.00
0.00,0.00,0.00,0.00,0.00,0.00,0.00,0.00,0.00,0.00,0.00,0.00,0.00,0.00,0.00
0.00,0.00,0.00,0.00,0.00,0.00,0.00,0.00,0.00,0.00,0.00,0.00,0.00,0.00,0.00
0.00,0.00,0.00,0.00,0.00,0.00,0.00,0.00,0.00,0.00,0.00,0.00,0.00,0.00,0.00
0.00,0.00,0.00,0.00,0.00,0.00,0.00,0.00,0.00,0.00,0.00,0.00,0.00,0.00,0.00
0.00,0.00,0.00,0.00,0.00,0.00,0.00,0.00,0.00,0.00,0.00,0.00,0.00,0.00,0.00
0.00,0.00,0.00,0.00,0.00,0.00,0.00,0.00,0.00,0.00,0.00,0.00,0.00,0.00,0.00
0.00,0.00,0.00,0.00,0.00,0.00,0.00,0.00,0.00,0.00,0.00,0.00,0.00,0.00,0.00
0.00,0.00,0.00,0.00,0.00,0.00,0.00,0.00,0.00,0.00,0.00,0.00,0.00,0.00,0.00
0.00,0.00,0.00,0.00,0.00,0.00,0.00,0.00,0.00,0.00,0.00,0.00,0.00,0.00,0.00
0.00,0.00,0.00,0.00,0.00,0.00,0.00,0.00,0.00,0.00,0.00,0.00,0.00,0.00,0.00
0.00,0.00,0.00,0.00,0.00,0.00,0.00,0.00,0.00,0.00,0.00,0.00,0.00,0.00,0.00
0.00,0.00,0.00,0.00,0.00,0.00,0.00,0.00,0.00,0.00,0.00,0.00,0.00,0.00,0.00
0.00,0.00,0.00,0.00,0.00,0.00,0.00,0.00,0.00,0.00,0.00,0.00,0.00,0.00,0.00
0.00,0.00,0.00,0.00,0.00,0.00,0.00,0.00,0.00,0.00,0.00,0.00,0.00,0.00,0.00
0.00,0.00,0.00,0.00,0.00,0.00,0.00,0.00,0.00,0.00,0.00,0.00,0.00,0.00,0.00
0.00,0.00,0.00,0.00,0.00,0.00,0.00,0.00,0.00,0.00,0.00,0.00,0.00,0.00,0.00
0.00,0.00,0.00,0.00,0.00,0.00,0.00,0.00,0.00,0.00,0.00,0.00,0.00,0.00,0.00
0.00,0.00,0.00,0.00,0.00,0.00,0.00,0.00,0.00,0.00,0.00,0.00,0.00,0.00,0.00
0.00,0.00,0.00,0.00,0.00,0.00,0.00,0.00,0.00,0.00,0.00,0.00,0.00,0.00,0.00
0.00,0.00,0.00,0.00,0.00,0.00,0.00,0.00,0.00,0.00,0.00,0.00,0.00,0.00,0.00
0.00,0.00,0.00,0.00,0.00,0.00,0.00,0.00,0.00,0.00,0.00,0.00,0.00,0.00,0.00
0.00,0.00,0.00,0.00,0.00,0.00,0.00,0.00,0.00,0.00,0.00,0.00,0.00,0.00,0.00
0.00,0.00,0.00,0.00,0.00,0.00,0.00,0.00,0.00,0.00,0.00,0.00,0.00,0.00,0.00
0.00,0.00,0.00,0.00,0.00,0.00,0.00,0.00,0.00,0.00,0.00,0.00,0.00,0.00,0.00
0.00,0.00,0.00,0.00,0.00,0.00,0.00,0.00,0.00,0.00,0.00,0.00,0.00,0.00,0.00
0.00,0.06,0.00,0.00,0.00,0.00,0.00,0.06,0.00,0.00,0.00,0.00,0.00,0.00,0.00
0.00,0.00,0.00,0.00,0.00,0.00,0.00,0.00,0.00,0.00,0.00,0.00,0.00,0.00,0.00
0.00,0.00,0.00,0.00,0.00,0.00,0.00,0.00,0.00,0.00,0.00,0.00,0.00,0.00,0.00
0.00,0.00,0.00,0.00,0.00,0.00,0.00,0.00,0.00,0.00,0.00,0.00,0.00,0.00,0.00
0.00,0.00,0.00,0.00,0.00,0.00,0.00,0.00,0.00,0.00,0.00,0.00,0.00,0.00,0.00
0.00,0.00,0.00,0.00,0.00,0.00,0.00,0.00,0.00,0.00,0.00,0.00,0.00,0.00,0.00
0.00,0.00,0.00,0.00,0.00,0.00,0.00,0.00,0.00,0.00,0.00,0.00,0.00,0.00,0.00
0.00,0.00,0.00,0.00,0.00,0.00,0.00,0.00,0.00,0.00,0.00,0.00,0.00,0.00,0.00
0.00,0.00,0.00,0.00,0.00,0.00,0.00,0.00,0.00,0.00,0.00,0.00,0.00,0.00,0.00
0.00,0.00,0.00,0.00,0.00,0.00,0.00,0.00,0.00,0.00,0.00,0.00,0.00,0.00,0.00
0.00,0.00,0.00,0.00,0.00,0.00,0.00,0.00,0.00,0.00,0.00,0.00,0.00,0.00,0.00
0.00,0.00,0.00,0.00,0.00,0.00,0.00,0.00,0.00,0.00,0.00,0.00,0.00,0.00,0.00
0.00,0.00,0.00,0.00,0.00,0.00,0.00,0.00,0.00,0.00,0.00,0.00,0.00,0.00,0.00
0.00,0.00,0.00,0.00,0.00,0.00,0.00,0.00,0.00,0.00,0.00,0.00,0.00,0.00,0.00
0.00,0.00,0.00,0.00,0.00,0.00,0.00,0.00,0.00,0.00,0.00,0.00,0.00,0.00,0.00
0.00,0.00,0.00,0.00,0.00,0.00,0.00,0.00,0.00,0.00,0.00,0.00,0.00,0.00,0.00
0.00,0.00,0.00,0.00,0.00,0.00,0.00,0.00,0.00,0.00,0.00,0.00,0.00,0.00,0.00
0.00,0.00,0.00,0.00,0.00,0.00,0.00,0.00,0.00,0.00,0.00,0.00,0.00,0.00,0.00
0.00,0.00,0.00,0.00,0.00,0.00,0.00,0.00,0.00,0.00,0.00,0.00,0.00,0.00,0.00
0.00,0.00,0.00,0.00,0.00,0.00,0.00,0.00,0.00,0.00,0.00,0.00,0.00,0.00,0.00
0.00,0.00,0.00,0.00,0.00,0.00,0.00,0.00,0.00,0.00,0.00,0.00,0.00,0.00,0.00
0.00,0.00,0.00,0.00,0.00,0.00,0.00,0.00,0.00,0.00,0.00,0.00,0.00,0.00,0.00
0.00,0.00,0.00,0.00,0.00,0.00,0.00,0.00,0.00,0.00,0.00,0.00,0.00,0.00,0.00
0.00,0.00,0.00,0.00,0.00,0.00,0.00,0.00,0.00,0.00,0.00,0.00,0.00,0.00,0.00
0.00,0.00,0.00,0.00,0.00,0.00,0.00,0.00,0.00,0.00,0.00,0.00,0.00,0.00,0.00
0.00,0.00,0.00,0.00,0.00,0.00,0.00,0.00,0.00,0.00,0.00,0.00,0.00,0.00,0.00
0.00,0.00,0.00,0.00,0.00,0.00,0.00,0.00,0.00,0.00,0.00,0.00,0.00,0.00,0.00
0.00,0.00,0.00,0.00,0.00,0.00,0.00,0.00,0.00,0.00,0.00,0.00,0.00,0.00,0.00
0.00,0.00,0.00,0.00,0.00,0.00,0.00,0.00,0.00,0.00,0.00,0.00,0.00,0.00,0.00
0.00,0.00,0.00,0.00,0.00,0.00,0.00,0.00,0.00,0.00,0.00,0.00,0.00,0.00,0.00
0.00,0.00,0.00,0.00,0.00,0.00,0.00,0.00,0.00,0.00,0.00,0.00,0.00,0.00,0.00
0.00,0.00,0.00,0.00,0.00,0.00,0.00,0.00,0.00,0.00,0.00,0.00,0.00,0.00,0.00
0.00,0.00,0.00,0.00,0.00,0.00,0.00,0.00,0.00,0.00,0.00,0.00,0.00,0.00,0.00
0.00,0.00,0.00,0.00,0.00,0.00,0.00,0.00,0.00,0.00,0.00,0.00,0.00,0.00,0.00
0.00,0.00,0.00,0.00,0.00,0.00,0.00,0.00,0.00,0.00,0.00,0.00,0.00,0.00,0.00
0.00,0.00,0.00,0.00,0.00,0.00,0.00,0.00,0.00,0.00,0.00,0.00,0.00,0.00,0.00
0.00,0.00,0.00,0.00,0.00,0.00,0.00,0.00,0.00,0.00,0.00,0.00,0.00,0.00,0.00
0.00,0.00,0.00,0.00,0.00,0.00,0.00,0.00,0.00,0.00,0.00,0.00,0.00,0.00,0.00
0.00,0.00,0.00,0.00,0.00,0.00,0.00,0.00,0.00,0.00,0.00,0.00,0.00,0.00,0.00
0.00,0.00,0.00,0.00,0.00,0.00,0.00,0.00,0.00,0.00,0.00,0.00,0.00,0.00,0.00
0.00,0.06,0.00,0.00,0.00,0.00,0.00,0.00,0.00,0.00,0.00,0.00,0.00,0.06,0.00
0.00,0.00,0.00,0.00,0.00,0.00,0.00,0.00,0.00,0.00,0.00,0.00,0.00,0.00,0.00
0.00,0.00,0.00,0.00,0.00,0.00,0.00,0.00,0.00,0.00,0.00,0.00,0.00,0.00,0.00
0.00,0.00,0.00,0.00,0.00,0.00,0.00,0.00,0.00,0.00,0.00,0.00,0.00,0.00,0.00
0.00,0.00,0.00,0.00,0.00,0.00,0.00,0.00,0.00,0.00,0.00,0.00,0.00,0.00,0.00
0.00,0.00,0.00,0.00,0.00,0.00,0.00,0.00,0.00,0.00,0.00,0.00,0.00,0.00,0.00
0.00,0.00,0.00,0.00,0.00,0.00,0.00,0.00,0.00,0.00,0.00,0.00,0.00,0.00,0.00
0.00,0.00,0.00,0.00,0.00,0.00,0.00,0.00,0.00,0.00,0.00,0.00,0.00,0.00,0.00
0.00,0.00,0.00,0.00,0.00,0.00,0.00,0.00,0.00,0.00,0.00,0.00,0.00,0.00,0.00
0.00,0.00,0.00,0.00,0.00,0.00,0.00,0.00,0.00,0.00,0.00,0.00,0.00,0.00,0.00
0.00,0.00,0.00,0.00,0.00,0.00,0.00,0.00,0.00,0.00,0.00,0.00,0.00,0.00,0.00
0.00,0.00,0.00,0.00,0.00,0.00,0.00,0.00,0.00,0.00,0.00,0.00,0.00,0.00,0.00
0.00,0.00,0.00,0.00,0.00,0.00,0.00,0.00,0.00,0.00,0.00,0.00,0.00,0.00,0.00
0.00,0.00,0.00,0.00,0.00,0.00,0.00,0.00,0.00,0.00,0.00,0.00,0.00,0.00,0.00
0.00,0.00,0.00,0.00,0.00,0.00,0.00,0.00,0.00,0.00,0.00,0.00,0.00,0.00,0.00
0.00,0.00,0.00,0.00,0.00,0.00,0.00,0.00,0.00,0.00,0.00,0.00,0.00,0.00,0.00
0.00,0.00,0.00,0.00,0.00,0.00,0.00,0.00,0.00,0.00,0.00,0.00,0.00,0.00,0.00
0.00,0.00,0.00,0.00,0.00,0.00,0.00,0.00,0.00,0.00,0.00,0.00,0.00,0.00,0.00
0.00,0.00,0.00,0.00,0.00,0.00,0.00,0.00,0.00,0.00,0.00,0.00,0.00,0.00,0.00
0.00,0.06,0.00,0.00,0.00,0.00,0.00,0.06,0.00,0.00,0.00,0.00,0.00,0.00,0.00
0.00,0.00,0.00,0.00,0.00,0.00,0.00,0.00,0.00,0.00,0.00,0.00,0.00,0.00,0.00
0.00,0.00,0.00,0.00,0.00,0.00,0.00,0.00,0.00,0.00,0.00,0.00,0.00,0.00,0.00
0.00,0.00,0.00,0.00,0.00,0.00,0.00,0.00,0.00,0.00,0.00,0.00,0.00,0.00,0.00
0.00,0.00,0.00,0.00,0.00,0.00,0.00,0.00,0.00,0.00,0.00,0.00,0.00,0.00,0.00
0.00,0.00,0.00,0.00,0.00,0.00,0.00,0.00,0.00,0.00,0.00,0.00,0.00,0.00,0.00
0.00,0.00,0.00,0.00,0.00,0.00,0.00,0.00,0.00,0.00,0.00,0.00,0.00,0.00,0.00
0.00,0.00,0.00,0.00,0.00,0.00,0.00,0.00,0.00,0.00,0.00,0.00,0.00,0.00,0.00
0.00,0.00,0.00,0.00,0.00,0.00,0.00,0.00,0.00,0.00,0.00,0.00,0.00,0.00,0.00
0.00,0.00,0.00,0.00,0.00,0.00,0.00,0.00,0.00,0.00,0.00,0.00,0.00,0.00,0.00
0.00,0.00,0.00,0.00,0.00,0.00,0.00,0.00,0.00,0.00,0.00,0.00,0.00,0.00,0.00
0.00,0.00,0.00,0.00,0.00,0.00,0.00,0.00,0.00,0.00,0.00,0.00,0.00,0.00,0.00
0.00,0.00,0.00,0.00,0.00,0.00,0.00,0.00,0.00,0.00,0.00,0.00,0.00,0.00,0.00
0.00,0.00,0.00,0.00,0.00,0.00,0.00,0.00,0.00,0.00,0.00,0.00,0.00,0.00,0.00
0.00,0.00,0.00,0.00,0.00,0.00,0.00,0.00,0.00,0.00,0.00,0.00,0.00,0.00,0.00
0.00,0.00,0.00,0.00,0.00,0.00,0.00,0.00,0.00,0.00,0.00,0.00,0.00,0.00,0.00
0.00,0.00,0.00,0.00,0.00,0.00,0.00,0.00,0.00,0.00,0.00,0.00,0.00,0.00,0.00
0.00,0.00,0.00,0.00,0.00,0.00,0.00,0.00,0.00,0.00,0.00,0.00,0.00,0.00,0.00
0.00,0.00,0.00,0.00,0.00,0.00,0.00,0.00,0.00,0.00,0.00,0.00,0.00,0.00,0.00
0.00,0.00,0.00,0.00,0.00,0.00,0.00,0.00,0.00,0.00,0.00,0.00,0.00,0.00,0.00
0.00,0.00,0.00,0.00,0.00,0.00,0.00,0.00,0.00,0.00,0.00,0.00,0.00,0.00,0.00
0.00,0.00,0.00,0.00,0.00,0.00,0.00,0.00,0.00,0.00,0.00,0.00,0.00,0.00,0.00
0.00,0.00,0.00,0.00,0.00,0.00,0.00,0.00,0.00,0.00,0.00,0.00,0.00,0.00,0.00
0.00,0.00,0.00,0.00,0.00,0.00,0.00,0.00,0.00,0.00,0.00,0.00,0.00,0.00,0.00
0.00,0.00,0.00,0.00,0.00,0.00,0.00,0.00,0.00,0.00,0.00,0.00,0.00,0.00,0.00
0.00,0.00,0.00,0.00,0.00,0.00,0.00,0.00,0.00,0.00,0.00,0.00,0.00,0.00,0.00
0.00,0.00,0.00,0.00,0.00,0.00,0.00,0.00,0.00,0.00,0.00,0.00,0.00,0.00,0.00
0.00,0.05,0.00,0.00,0.00,0.00,0.00,0.05,0.00,0.00,0.00,0.00,0.00,0.00,0.00
0.00,0.00,0.00,0.00,0.00,0.00,0.00,0.00,0.00,0.00,0.00,0.00,0.00,0.00,0.00
0.00,0.00,0.00,0.00,0.00,0.00,0.00,0.00,0.00,0.00,0.00,0.00,0.00,0.00,0.00
0.00,0.00,0.00,0.00,0.00,0.00,0.00,0.00,0.00,0.00,0.00,0.00,0.00,0.00,0.00
0.00,0.00,0.00,0.00,0.00,0.00,0.00,0.00,0.00,0.00,0.00,0.00,0.00,0.00,0.00
0.00,0.00,0.00,0.00,0.00,0.00,0.00,0.00,0.00,0.00,0.00,0.00,0.00,0.00,0.00
0.00,0.00,0.00,0.00,0.00,0.00,0.00,0.00,0.00,0.00,0.00,0.00,0.00,0.00,0.00
0.00,0.00,0.00,0.00,0.00,0.00,0.00,0.00,0.00,0.00,0.00,0.00,0.00,0.00,0.00
0.00,0.00,0.00,0.00,0.00,0.00,0.00,0.00,0.00,0.00,0.00,0.00,0.00,0.00,0.00
0.00,0.00,0.00,0.00,0.00,0.00,0.00,0.00,0.00,0.00,0.00,0.00,0.00,0.00,0.00
0.00,0.00,0.00,0.00,0.00,0.00,0.00,0.00,0.00,0.00,0.00,0.00,0.00,0.00,0.00
0.00,0.00,0.00,0.00,0.00,0.00,0.00,0.00,0.00,0.00,0.00,0.00,0.00,0.00,0.00
0.00,0.00,0.00,0.00,0.00,0.00,0.00,0.00,0.00,0.00,0.00,0.00,0.00,0.00,0.00
0.00,0.00,0.00,0.00,0.00,0.00,0.00,0.00,0.00,0.00,0.00,0.00,0.00,0.00,0.00
0.00,0.00,0.00,0.00,0.00,0.00,0.00,0.00,0.00,0.00,0.00,0.00,0.00,0.00,0.00
0.00,0.00,0.00,0.00,0.00,0.00,0.00,0.00,0.00,0.00,0.00,0.00,0.00,0.00,0.00
0.00,0.00,0.00,0.00,0.00,0.00,0.00,0.00,0.00,0.00,0.00,0.00,0.00,0.00,0.00
0.00,0.00,0.00,0.00,0.00,0.00,0.00,0.00,0.00,0.00,0.00,0.00,0.00,0.00,0.00
0.00,0.00,0.00,0.00,0.00,0.00,0.00,0.00,0.00,0.00,0.00,0.00,0.00,0.00,0.00
0.00,0.00,0.00,0.00,0.00,0.00,0.00,0.00,0.00,0.00,0.00,0.00,0.00,0.00,0.00
0.00,0.00,0.00,0.00,0.00,0.00,0.00,0.00,0.00,0.00,0.00,0.00,0.00,0.00,0.00
0.00,0.00,0.00,0.00,0.00,0.00,0.00,0.00,0.00,0.00,0.00,0.00,0.00,0.00,0.00
0.00,0.00,0.00,0.00,0.00,0.00,0.00,0.00,0.00,0.00,0.00,0.00,0.00,0.00,0.00
0.00,0.00,0.00,0.00,0.00,0.00,0.00,0.00,0.00,0.00,0.00,0.00,0.00,0.00,0.00
0.00,0.00,0.00,0.00,0.00,0.00,0.00,0.00,0.00,0.00,0.00,0.00,0.00,0.00,0.00
0.00,0.00,0.00,0.00,0.00,0.00,0.00,0.00,0.00,0.00,0.00,0.00,0.00,0.00,0.00
0.00,0.00,0.00,0.00,0.00,0.00,0.00,0.00,0.00,0.00,0.00,0.00,0.00,0.00,0.00
0.00,0.00,0.00,0.00,0.00,0.00,0.00,0.00,0.00,0.00,0.00,0.00,0.00,0.00,0.00
0.00,0.00,0.00,0.00,0.00,0.00,0.00,0.00,0.00,0.00,0.00,0.00,0.00,0.00,0.00
0.00,0.00,0.00,0.00,0.00,0.00,0.00,0.00,0.00,0.00,0.00,0.00,0.00,0.00,0.00
0.00,0.00,0.00,0.00,0.00,0.00,0.00,0.00,0.00,0.00,0.00,0.00,0.00,0.00,0.00
0.00,0.00,0.00,0.00,0.00,0.00,0.00,0.00,0.00,0.00,0.00,0.00,0.00,0.00,0.00
0.00,0.00,0.00,0.00,0.00,0.00,0.00,0.00,0.00,0.00,0.00,0.00,0.00,0.00,0.00
0.00,0.00,0.00,0.00,0.00,0.00,0.00,0.00,0.00,0.00,0.00,0.00,0.00,0.00,0.00
0.00,0.00,0.00,0.00,0.00,0.00,0.00,0.00,0.00,0.00,0.00,0.00,0.00,0.00,0.00
0.00,0.00,0.00,0.00,0.00,0.00,0.00,0.00,0.00,0.00,0.00,0.00,0.00,0.00,0.00
0.00,0.00,0.00,0.00,0.00,0.00,0.00,0.00,0.00,0.00,0.00,0.00,0.00,0.00,0.00
0.00,0.00,0.00,0.00,0.00,0.00,0.00,0.00,0.00,0.00,0.00,0.00,0.00,0.00,0.00
0.00,0.00,0.00,0.00,0.00,0.00,0.00,0.00,0.00,0.00,0.00,0.00,0.00,0.00,0.00
0.00,0.00,0.00,0.00,0.00,0.00,0.00,0.00,0.00,0.00,0.00,0.00,0.00,0.00,0.00
0.00,0.00,0.00,0.00,0.00,0.00,0.00,0.00,0.00,0.00,0.00,0.00,0.00,0.00,0.00
0.00,0.00,0.00,0.00,0.00,0.00,0.00,0.00,0.00,0.00,0.00,0.00,0.00,0.00,0.00
0.00,0.00,0.00,0.00,0.00,0.00,0.00,0.00,0.00,0.00,0.00,0.00,0.00,0.00,0.00
0.00,0.00,0.00,0.00,0.00,0.00,0.00,0.00,0.00,0.00,0.00,0.00,0.00,0.00,0.00
0.00,0.00,0.00,0.00,0.00,0.00,0.00,0.00,0.00,0.00,0.00,0.00,0.00,0.00,0.00
0.00,0.00,0.00,0.00,0.00,0.00,0.00,0.00,0.00,0.00,0.00,0.00,0.00,0.00,0.00
0.00,0.00,0.00,0.00,0.00,0.00,0.00,0.00,0.00,0.00,0.00,0.00,0.00,0.00,0.00
0.00,0.00,0.00,0.00,0.00,0.00,0.00,0.00,0.00,0.00,0.00,0.00,0.00,0.00,0.00
0.00,0.00,0.00,0.00,0.00,0.00,0.00,0.00,0.00,0.00,0.00,0.00,0.00,0.00,0.00
0.00,0.00,0.00,0.00,0.00,0.00,0.00,0.00,0.00,0.00,0.00,0.00,0.00,0.00,0.00
0.00,0.00,0.00,0.00,0.00,0.00,0.00,0.00,0.00,0.00,0.00,0.00,0.00,0.00,0.00
0.00,0.00,0.00,0.00,0.00,0.00,0.00,0.00,0.00,0.00,0.00,0.00,0.00,0.00,0.00
0.00,0.00,0.00,0.00,0.00,0.00,0.00,0.00,0.00,0.00,0.00,0.00,0.00,0.00,0.00
0.00,0.00,0.00,0.00,0.00,0.00,0.00,0.00,0.00,0.00,0.00,0.00,0.00,0.00,0.00
0.00,0.00,0.00,0.00,0.00,0.00,0.00,0.00,0.00,0.00,0.00,0.00,0.00,0.00,0.00
0.00,0.00,0.00,0.00,0.00,0.00,0.00,0.00,0.00,0.00,0.00,0.00,0.00,0.00,0.00
0.00,0.00,0.00,0.00,0.00,0.00,0.00,0.00,0.00,0.00,0.00,0.00,0.00,0.00,0.00
0.00,0.00,0.00,0.00,0.00,0.00,0.00,0.00,0.00,0.00,0.00,0.00,0.00,0.00,0.00
0.00,0.00,0.00,0.00,0.00,0.00,0.00,0.00,0.00,0.00,0.00,0.00,0.00,0.00,0.00
0.00,0.00,0.00,0.00,0.00,0.00,0.00,0.00,0.00,0.00,0.00,0.00,0.00,0.00,0.00
0.00,0.00,0.00,0.00,0.00,0.00,0.00,0.00,0.00,0.00,0.00,0.00,0.00,0.00,0.00
0.00,0.00,0.00,0.00,0.00,0.00,0.00,0.00,0.00,0.00,0.00,0.00,0.00,0.00,0.00
0.00,0.00,0.00,0.00,0.00,0.00,0.00,0.00,0.00,0.00,0.00,0.00,0.00,0.00,0.00
0.00,0.00,0.00,0.00,0.00,0.00,0.00,0.00,0.00,0.00,0.00,0.00,0.00,0.00,0.00
0.00,0.00,0.00,0.00,0.00,0.00,0.00,0.00,0.00,0.00,0.00,0.00,0.00,0.00,0.00
0.00,0.00,0.00,0.00,0.00,0.00,0.00,0.00,0.00,0.00,0.00,0.00,0.00,0.00,0.00
0.00,0.00,0.00,0.00,0.00,0.00,0.00,0.00,0.00,0.00,0.00,0.00,0.00,0.00,0.00
0.00,0.00,0.00,0.00,0.00,0.00,0.00,0.00,0.00,0.00,0.00,0.00,0.00,0.00,0.00
0.00,0.00,0.00,0.00,0.00,0.00,0.00,0.00,0.00,0.00,0.00,0.00,0.00,0.00,0.00
0.00,0.00,0.00,0.00,0.00,0.00,0.00,0.00,0.00,0.00,0.00,0.00,0.00,0.00,0.00
0.00,0.06,0.00,0.00,0.00,0.00,0.00,0.00,0.00,0.00,0.06,0.00,0.00,0.00,0.00
0.00,0.00,0.00,0.00,0.00,0.00,0.00,0.00,0.00,0.00,0.00,0.00,0.00,0.00,0.00
0.00,0.00,0.00,0.00,0.00,0.00,0.00,0.00,0.00,0.00,0.00,0.00,0.00,0.00,0.00
0.00,0.00,0.00,0.00,0.00,0.00,0.00,0.00,0.00,0.00,0.00,0.00,0.00,0.00,0.00
0.00,0.00,0.00,0.00,0.00,0.00,0.00,0.00,0.00,0.00,0.00,0.00,0.00,0.00,0.00
0.00,0.00,0.00,0.00,0.00,0.00,0.00,0.00,0.00,0.00,0.00,0.00,0.00,0.00,0.00
0.00,0.00,0.00,0.00,0.00,0.00,0.00,0.00,0.00,0.00,0.00,0.00,0.00,0.00,0.00
0.00,0.00,0.00,0.00,0.00,0.00,0.00,0.00,0.00,0.00,0.00,0.00,0.00,0.00,0.00
0.00,0.00,0.00,0.00,0.00,0.00,0.00,0.00,0.00,0.00,0.00,0.00,0.00,0.00,0.00
0.00,0.00,0.00,0.00,0.00,0.00,0.00,0.00,0.00,0.00,0.00,0.00,0.00,0.00,0.00
0.00,0.00,0.00,0.00,0.00,0.00,0.00,0.00,0.00,0.00,0.00,0.00,0.00,0.00,0.00
0.00,0.00,0.00,0.00,0.00,0.00,0.00,0.00,0.00,0.00,0.00,0.00,0.00,0.00,0.00
0.00,0.00,0.00,0.00,0.00,0.00,0.00,0.00,0.00,0.00,0.00,0.00,0.00,0.00,0.00
0.00,0.00,0.00,0.00,0.00,0.00,0.00,0.00,0.00,0.00,0.00,0.00,0.00,0.00,0.00
0.00,0.00,0.00,0.00,0.00,0.00,0.00,0.00,0.00,0.00,0.00,0.00,0.00,0.00,0.00
0.00,0.00,0.00,0.00,0.00,0.00,0.00,0.00,0.00,0.00,0.00,0.00,0.00,0.00,0.00
0.00,0.00,0.00,0.00,0.00,0.00,0.00,0.00,0.00,0.00,0.00,0.00,0.00,0.00,0.00
0.00,0.00,0.00,0.00,0.00,0.00,0.00,0.00,0.00,0.00,0.00,0.00,0.00,0.00,0.00
0.00,0.00,0.00,0.00,0.00,0.00,0.00,0.00,0.00,0.00,0.00,0.00,0.00,0.00,0.00
0.00,0.00,0.00,0.00,0.00,0.00,0.00,0.00,0.00,0.00,0.00,0.00,0.00,0.00,0.00
217.92,0.22,47.56,0.00,0.00,0.00,0.00,0.00,0.00,0.00,0.00,0.00,0.00,0.00,0.00
218.23,0.22,47.79,0.00,0.00,0.00,0.00,0.00,0.00,0.00,0.00,0.00,0.00,0.00,0.00
219.69,0.22,48.10,0.00,0.00,0.00,0.00,0.00,0.00,0.00,0.00,0.00,0.00,0.00,0.00
218.06,0.22,47.64,0.00,0.00,0.00,0.00,0.00,0.00,0.00,0.00,0.00,0.00,0.00,0.00
217.83,0.22,47.55,0.00,0.00,0.00,0.00,0.00,0.00,0.00,0.00,0.00,0.00,0.00,0.00
215.71,0.22,46.63,0.00,0.00,0.00,0.00,0.00,0.00,0.00,0.00,0.00,0.00,0.00,0.00
219.06,0.22,48.28,0.00,0.00,0.00,0.00,0.00,0.00,0.00,0.00,0.00,0.00,0.00,0.00
218.26,0.22,47.63,0.00,0.00,0.00,0.00,0.00,0.00,0.00,0.00,0.00,0.00,0.00,0.00
220.20,0.22,48.67,0.00,0.00,0.00,0.00,0.00,0.00,0.00,0.00,0.00,0.00,0.00,0.00
217.49,0.22,47.30,0.00,0.00,0.00,0.00,0.00,0.00,0.00,0.00,0.00,0.00,0.00,0.00
220.42,0.22,48.57,0.00,0.00,0.00,0.00,0.00,0.00,0.00,0.00,0.00,0.00,0.00,0.00
218.93,0.22,47.97,0.00,0.00,0.00,0.00,0.00,0.00,0.00,0.00,0.00,0.00,0.00,0.00
219.93,0.22,48.27,0.00,0.00,0.00,0.00,0.00,0.00,0.00,0.00,0.00,0.00,0.00,0.00
220.14,0.22,48.45,0.00,0.00,0.00,0.00,0.00,0.00,0.00,0.00,0.00,0.00,0.00,0.00
218.67,0.22,47.87,0.00,0.00,0.00,0.00,0.00,0.00,0.00,0.00,0.00,0.00,0.00,0.00
219.71,0.22,48.48,0.00,0.00,0.00,0.00,0.00,0.00,0.00,0.00,0.00,0.00,0.00,0.00
215.31,0.22,46.41,0.00,0.00,0.00,0.00,0.00,0.00,0.00,0.00,0.00,0.00,0.00,0.00
219.44,0.22,48.02,0.00,0.00,0.00,0.00,0.00,0.00,0.00,0.00,0.00,0.00,0.00,0.00
220.32,0.22,48.50,0.00,0.00,0.00,0.00,0.00,0.00,0.00,0.00,0.00,0.00,0.00,0.00
218.04,0.22,47.25,0.00,0.00,0.00,0.00,0.00,0.00,0.00,0.00,0.00,0.00,0.00,0.00
218.14,0.22,47.59,0.00,0.00,0.00,0.00,0.00,0.00,0.00,0.00,0.00,0.00,0.00,0.00
218.58,0.22,47.94,0.00,0.00,0.00,0.00,0.00,0.00,0.00,0.00,0.00,0.00,0.00,0.00
219.80,0.22,48.33,0.00,0.00,0.00,0.00,0.00,0.00,0.00,0.00,0.00,0.00,0.00,0.00
216.36,0.22,46.62,0.00,0.00,0.00,0.00,0.00,0.00,0.00,0.00,0.00,0.00,0.00,0.00
220.53,0.22,48.63,0.00,0.00,0.00,0.00,0.00,0.00,0.00,0.00,0.00,0.00,0.00,0.00
219.10,0.22,48.14,0.00,0.00,0.00,0.00,0.00,0.00,0.00,0.00,0.00,0.00,0.00,0.00
216.06,0.21,46.42,0.00,0.00,0.00,0.00,0.00,0.00,0.00,0.00,0.00,0.00,0.00,0.00
219.99,0.22,48.42,0.00,0.00,0.00,0.00,0.00,0.00,0.00,0.00,0.00,0.00,0.00,0.00
219.00,0.22,47.86,0.00,0.00,0.00,0.00,0.00,0.00,0.00,0.00,0.00,0.00,0.00,0.00
219.38,0.22,48.09,0.00,0.00,0.00,0.00,0.00,0.00,0.00,0.00,0.00,0.00,0.00,0.00
218.37,0.22,47.71,0.00,0.00,0.00,0.00,0.00,0.00,0.00,0.00,0.00,0.00,0.00,0.00
219.09,0.22,48.04,0.00,0.00,0.00,0.00,0.00,0.00,0.00,0.00,0.00,0.00,0.00,0.00
218.96,0.22,48.02,0.00,0.00,0.00,0.00,0.00,0.00,0.00,0.00,0.00,0.00,0.00,0.00
220.27,0.22,48.71,0.00,0.00,0.00,0.00,0.00,0.00,0.00,0.00,0.00,0.00,0.00,0.00
217.96,0.22,47.22,0.00,0.00,0.00,0.00,0.00,0.00,0.00,0.00,0.00,0.00,0.00,0.00
220.77,0.22,48.72,0.00,0.00,0.00,0.00,0.00,0.00,0.00,0.00,0.00,0.00,0.00,0.00
217.90,0.22,47.09,0.00,0.00,0.00,0.00,0.00,0.00,0.00,0.00,0.00,0.00,0.00,0.00
220.04,0.22,48.42,0.00,0.00,0.00,0.00,0.00,0.00,0.00,0.00,0.00,0.00,0.00,0.00
214.50,0.22,46.40,0.00,0.00,0.00,0.00,0.00,0.00,0.00,0.00,0.00,0.00,0.00,0.00
218.73,0.22,47.77,0.00,0.00,0.00,0.00,0.00,0.00,0.00,0.00,0.00,0.00,0.00,0.00
223.00,0.22,49.66,0.00,0.00,0.00,0.00,0.00,0.00,0.00,0.00,0.00,0.00,0.00,0.00
219.44,0.22,48.29,0.00,0.00,0.00,0.00,0.00,0.00,0.00,0.00,0.00,0.00,0.00,0.00
219.19,0.22,48.08,0.00,0.00,0.00,0.00,0.00,0.00,0.00,0.00,0.00,0.00,0.00,0.00
223.07,0.22,49.46,0.00,0.00,0.00,0.00,0.00,0.00,0.00,0.00,0.00,0.00,0.00,0.00
224.16,0.22,50.00,0.00,0.00,0.00,0.00,0.00,0.00,0.00,0.00,0.00,0.00,0.00,0.00
218.82,0.22,48.31,0.00,0.00,0.00,0.00,0.00,0.00,0.00,0.00,0.00,0.00,0.00,0.00
219.19,0.22,47.90,0.00,0.00,0.00,0.00,0.00,0.00,0.00,0.00,0.00,0.00,0.00,0.00
220.11,0.22,48.61,0.00,0.00,0.00,0.00,0.00,0.00,0.00,0.00,0.00,0.00,0.00,0.00
223.73,0.22,50.13,0.00,0.00,0.00,0.00,0.00,0.00,0.00,0.00,0.00,0.00,0.00,0.00
218.22,0.22,47.64,0.00,0.00,0.00,0.00,0.00,0.00,0.00,0.00,0.00,0.00,0.00,0.00
218.91,0.22,47.80,0.00,0.00,0.00,0.00,0.00,0.00,0.00,0.00,0.00,0.00,0.00,0.00
217.03,0.22,47.35,0.00,0.00,0.00,0.00,0.00,0.00,0.00,0.00,0.00,0.00,0.00,0.00
217.42,0.22,47.07,0.00,0.00,0.00,0.00,0.00,0.00,0.00,0.00,0.00,0.00,0.00,0.00
220.13,0.22,48.57,0.00,0.00,0.00,0.00,0.00,0.00,0.00,0.00,0.00,0.00,0.00,0.00
219.86,0.22,48.19,0.00,0.00,0.00,0.00,0.00,0.00,0.00,0.00,0.00,0.00,0.00,0.00
220.28,0.22,48.58,0.00,0.00,0.00,0.00,0.00,0.00,0.00,0.00,0.00,0.00,0.00,0.00
218.02,0.22,47.72,0.00,0.00,0.00,0.00,0.00,0.00,0.00,0.00,0.00,0.00,0.00,0.00
218.57,0.22,47.79,0.00,0.00,0.00,0.00,0.00,0.00,0.00,0.00,0.00,0.00,0.00,0.00
217.18,0.22,47.03,0.00,0.00,0.00,0.00,0.00,0.00,0.00,0.00,0.00,0.00,0.00,0.00
218.53,0.22,47.87,0.00,0.00,0.00,0.00,0.00,0.00,0.00,0.00,0.00,0.00,0.00,0.00
218.06,0.22,47.70,0.00,0.00,0.00,0.00,0.00,0.00,0.00,0.00,0.00,0.00,0.00,0.00
219.12,0.22,48.39,0.00,0.00,0.00,0.00,0.00,0.00,0.00,0.00,0.00,0.00,0.00,0.00
219.55,0.22,48.43,0.00,0.00,0.00,0.00,0.00,0.00,0.00,0.00,0.00,0.00,0.00,0.00
218.78,0.22,47.86,0.00,0.00,0.00,0.00,0.00,0.00,0.00,0.00,0.00,0.00,0.00,0.00
218.17,0.22,47.61,0.00,0.00,0.00,0.00,0.00,0.00,0.00,0.00,0.00,0.00,0.00,0.00
218.75,0.22,48.08,0.00,0.00,0.00,0.00,0.00,0.00,0.00,0.00,0.00,0.00,0.00,0.00
218.91,0.22,47.95,0.00,0.00,0.00,0.00,0.00,0.00,0.00,0.00,0.00,0.00,0.00,0.00
220.03,0.22,48.25,0.00,0.00,0.00,0.00,0.00,0.00,0.00,0.00,0.00,0.00,0.00,0.00
218.26,0.22,47.80,0.00,0.00,0.00,0.00,0.00,0.00,0.00,0.00,0.00,0.00,0.00,0.00
217.74,0.22,47.47,0.00,0.00,0.00,0.00,0.00,0.00,0.00,0.00,0.00,0.00,0.00,0.00
218.03,0.22,47.65,0.00,0.00,0.00,0.00,0.00,0.00,0.00,0.00,0.00,0.00,0.00,0.00
219.95,0.22,48.28,0.00,0.00,0.00,0.00,0.00,0.00,0.00,0.00,0.00,0.00,0.00,0.00
226.97,0.23,51.31,0.00,0.00,0.00,0.00,0.00,0.00,0.00,0.00,0.00,0.00,0.00,0.00
219.18,0.22,48.16,0.00,0.00,0.00,0.00,0.00,0.00,0.00,0.00,0.00,0.00,0.00,0.00
220.02,0.22,48.45,0.00,0.00,0.00,0.00,0.00,0.00,0.00,0.00,0.00,0.00,0.00,0.00
216.82,0.22,47.18,0.00,0.00,0.00,0.00,0.00,0.00,0.00,0.00,0.00,0.00,0.00,0.00
216.34,0.21,46.51,0.00,0.00,0.00,0.00,0.00,0.00,0.00,0.00,0.00,0.00,0.00,0.00
218.57,0.22,47.96,0.00,0.00,0.00,0.00,0.00,0.00,0.00,0.00,0.00,0.00,0.00,0.00
219.08,0.22,48.32,0.00,0.00,0.00,0.00,0.00,0.00,0.00,0.00,0.00,0.00,0.00,0.00
218.57,0.22,47.70,0.00,0.00,0.00,0.00,0.00,0.00,0.00,0.00,0.00,0.00,0.00,0.00
219.53,0.22,48.13,0.00,0.00,0.00,0.00,0.00,0.00,0.00,0.00,0.00,0.00,0.00,0.00
219.63,0.22,48.16,0.00,0.00,0.00,0.00,0.00,0.00,0.00,0.00,0.00,0.00,0.00,0.00
217.98,0.22,47.64,0.00,0.00,0.00,0.00,0.00,0.00,0.00,0.00,0.00,0.00,0.00,0.00
220.51,0.22,48.73,0.00,0.00,0.00,0.00,0.00,0.00,0.00,0.00,0.00,0.00,0.00,0.00
218.84,0.22,47.76,0.00,0.00,0.00,0.00,0.00,0.00,0.00,0.00,0.00,0.00,0.00,0.00
217.72,0.22,47.35,0.00,0.00,0.00,0.00,0.00,0.00,0.00,0.00,0.00,0.00,0.00,0.00
217.72,0.22,47.60,0.00,0.00,0.00,0.00,0.00,0.00,0.00,0.00,0.00,0.00,0.00,0.00
219.56,0.22,48.37,0.00,0.00,0.00,0.00,0.00,0.00,0.00,0.00,0.00,0.00,0.00,0.00
219.69,0.22,48.11,0.00,0.00,0.00,0.00,0.00,0.00,0.00,0.00,0.00,0.00,0.00,0.00
217.95,0.22,47.37,0.00,0.00,0.00,0.00,0.00,0.00,0.00,0.00,0.00,0.00,0.00,0.00
217.31,0.22,47.18,0.00,0.00,0.00,0.00,0.00,0.00,0.00,0.00,0.00,0.00,0.00,0.00
216.33,0.22,47.14,0.00,0.00,0.00,0.00,0.00,0.00,0.00,0.00,0.00,0.00,0.00,0.00
221.10,0.22,49.06,0.00,0.00,0.00,0.00,0.00,0.00,0.00,0.00,0.00,0.00,0.00,0.00
216.60,0.22,46.58,0.00,0.00,0.00,0.00,0.00,0.00,0.00,0.00,0.00,0.00,0.00,0.00
219.64,0.22,48.16,0.00,0.00,0.00,0.00,0.00,0.00,0.00,0.00,0.00,0.00,0.00,0.00
219.65,0.22,48.01,0.00,0.00,0.00,0.00,0.00,0.00,0.00,0.00,0.00,0.00,0.00,0.00
220.02,0.22,48.36,0.00,0.00,0.00,0.00,0.00,0.00,0.00,0.00,0.00,0.00,0.00,0.00
219.48,0.22,48.24,0.00,0.00,0.00,0.00,0.00,0.00,0.00,0.00,0.00,0.00,0.00,0.00
218.79,0.22,48.06,0.00,0.00,0.00,0.00,0.00,0.00,0.00,0.00,0.00,0.00,0.00,0.00
217.04,0.22,47.07,0.00,0.00,0.00,0.00,0.00,0.00,0.00,0.00,0.00,0.00,0.00,0.00
219.90,0.22,48.43,0.00,0.00,0.00,0.00,0.00,0.00,0.00,0.00,0.00,0.00,0.00,0.00
218.20,0.22,47.60,0.00,0.00,0.00,0.00,0.00,0.00,0.00,0.00,0.00,0.00,0.00,0.00
219.88,0.22,48.39,0.00,0.00,0.00,0.00,0.00,0.00,0.00,0.00,0.00,0.00,0.00,0.00
220.38,0.22,48.50,0.00,0.00,0.00,0.00,0.00,0.00,0.00,0.00,0.00,0.00,0.00,0.00
216.30,0.22,46.58,0.00,0.00,0.00,0.00,0.00,0.00,0.00,0.00,0.00,0.00,0.00,0.00
219.47,0.22,48.20,0.00,0.00,0.00,0.00,0.00,0.00,0.00,0.00,0.00,0.00,0.00,0.00
217.16,0.22,47.54,0.00,0.00,0.00,0.00,0.00,0.00,0.00,0.00,0.00,0.00,0.00,0.00
219.21,0.22,47.91,0.00,0.00,0.00,0.00,0.00,0.00,0.00,0.00,0.00,0.00,0.00,0.00
217.17,0.22,47.40,0.00,0.00,0.00,0.00,0.00,0.00,0.00,0.00,0.00,0.00,0.00,0.00
219.32,0.22,47.95,0.00,0.00,0.00,0.00,0.00,0.00,0.00,0.00,0.00,0.00,0.00,0.00
216.58,0.22,46.88,0.00,0.00,0.00,0.00,0.00,0.00,0.00,0.00,0.00,0.00,0.00,0.00
220.37,0.22,48.72,0.00,0.00,0.00,0.00,0.00,0.00,0.00,0.00,0.00,0.00,0.00,0.00
217.76,0.22,47.62,0.00,0.00,0.00,0.00,0.00,0.00,0.00,0.00,0.00,0.00,0.00,0.00
220.18,0.22,48.79,0.00,0.00,0.00,0.00,0.00,0.00,0.00,0.00,0.00,0.00,0.00,0.00
219.76,0.22,47.92,0.00,0.00,0.00,0.00,0.00,0.00,0.00,0.00,0.00,0.00,0.00,0.00
220.98,0.22,48.55,0.00,0.00,0.00,0.00,0.00,0.00,0.00,0.00,0.00,0.00,0.00,0.00
217.94,0.22,47.66,0.00,0.00,0.00,0.00,0.00,0.00,0.00,0.00,0.00,0.00,0.00,0.00
218.64,0.22,47.88,0.00,0.00,0.00,0.00,0.00,0.00,0.00,0.00,0.00,0.00,0.00,0.00
218.16,0.22,47.28,0.00,0.00,0.00,0.00,0.00,0.00,0.00,0.00,0.00,0.00,0.00,0.00
218.21,0.22,47.84,0.00,0.00,0.00,0.00,0.00,0.00,0.00,0.00,0.00,0.00,0.00,0.00
218.39,0.22,47.82,0.00,0.00,0.00,0.00,0.00,0.00,0.00,0.00,0.00,0.00,0.00,0.00
218.93,0.22,48.06,0.00,0.00,0.00,0.00,0.00,0.00,0.00,0.00,0.00,0.00,0.00,0.00
220.52,0.22,48.65,0.00,0.00,0.00,0.00,0.00,0.00,0.00,0.00,0.00,0.00,0.00,0.00
220.73,0.22,48.33,0.00,0.00,0.00,0.00,0.00,0.00,0.00,0.00,0.00,0.00,0.00,0.00
218.69,0.22,47.74,0.00,0.00,0.00,0.00,0.00,0.00,0.00,0.00,0.00,0.00,0.00,0.00
222.09,0.22,49.30,0.00,0.00,0.00,0.00,0.00,0.00,0.00,0.00,0.00,0.00,0.00,0.00
221.47,0.22,49.25,0.00,0.00,0.00,0.00,0.00,0.00,0.00,0.00,0.00,0.00,0.00,0.00
219.40,0.22,48.39,0.00,0.00,0.00,0.00,0.00,0.00,0.00,0.00,0.00,0.00,0.00,0.00
217.65,0.22,47.55,0.00,0.00,0.00,0.00,0.00,0.00,0.00,0.00,0.00,0.00,0.00,0.00
219.66,0.22,48.30,0.00,0.00,0.00,0.00,0.00,0.00,0.00,0.00,0.00,0.00,0.00,0.00
218.60,0.22,47.77,0.00,0.00,0.00,0.00,0.00,0.00,0.00,0.00,0.00,0.00,0.00,0.00
217.94,0.22,47.50,0.00,0.00,0.00,0.00,0.00,0.00,0.00,0.00,0.00,0.00,0.00,0.00
218.85,0.22,47.82,0.00,0.00,0.00,0.00,0.00,0.00,0.00,0.00,0.00,0.00,0.00,0.00
215.10,0.22,46.55,0.00,0.00,0.00,0.00,0.00,0.00,0.00,0.00,0.00,0.00,0.00,0.00
219.03,0.22,47.93,0.00,0.00,0.00,0.00,0.00,0.00,0.00,0.00,0.00,0.00,0.00,0.00
220.10,0.22,48.44,0.00,0.00,0.00,0.00,0.00,0.00,0.00,0.00,0.00,0.00,0.00,0.00
217.74,0.22,47.34,0.00,0.00,0.00,0.00,0.00,0.00,0.00,0.00,0.00,0.00,0.00,0.00
220.16,0.22,48.42,0.00,0.00,0.00,0.00,0.00,0.00,0.00,0.00,0.00,0.00,0.00,0.00
219.09,0.22,47.99,0.00,0.00,0.00,0.00,0.00,0.00,0.00,0.00,0.00,0.00,0.00,0.00
219.47,0.22,48.18,0.00,0.00,0.00,0.00,0.00,0.00,0.00,0.00,0.00,0.00,0.00,0.00
219.03,0.22,47.97,0.00,0.00,0.00,0.00,0.00,0.00,0.00,0.00,0.00,0.00,0.00,0.00
217.31,0.22,47.22,0.00,0.00,0.00,0.00,0.00,0.00,0.00,0.00,0.00,0.00,0.00,0.00
220.27,0.22,48.42,0.00,0.00,0.00,0.00,0.00,0.00,0.00,0.00,0.00,0.00,0.00,0.00
218.22,0.22,47.35,0.00,0.00,0.00,0.00,0.00,0.00,0.00,0.00,0.00,0.00,0.00,0.00
219.24,0.22,48.03,0.00,0.00,0.00,0.00,0.00,0.00,0.00,0.00,0.00,0.00,0.00,0.00
211.47,0.21,44.96,0.00,0.00,0.00,0.00,0.00,0.00,0.00,0.00,0.00,0.00,0.00,0.00
219.02,0.22,47.98,0.00,0.00,0.00,0.00,0.00,0.00,0.00,0.00,0.00,0.00,0.00,0.00
221.21,0.22,48.98,0.00,0.00,0.00,0.00,0.00,0.00,0.00,0.00,0.00,0.00,0.00,0.00
219.85,0.22,48.30,0.00,0.00,0.00,0.00,0.00,0.00,0.00,0.00,0.00,0.00,0.00,0.00
219.10,0.22,48.44,0.00,0.00,0.00,0.00,0.00,0.00,0.00,0.00,0.00,0.00,0.00,0.00
219.27,0.22,48.04,0.00,0.00,0.00,0.00,0.00,0.00,0.00,0.00,0.00,0.00,0.00,0.00
218.78,0.22,47.89,0.00,0.00,0.00,0.00,0.00,0.00,0.00,0.00,0.00,0.00,0.00,0.00
218.12,0.22,47.84,0.00,0.00,0.00,0.00,0.00,0.00,0.00,0.00,0.00,0.00,0.00,0.00
218.56,0.22,47.76,0.00,0.00,0.00,0.00,0.00,0.00,0.00,0.00,0.00,0.00,0.00,0.00
220.11,0.22,48.44,0.00,0.00,0.00,0.00,0.00,0.00,0.00,0.00,0.00,0.00,0.00,0.00
223.58,0.22,49.88,0.00,0.00,0.00,0.00,0.00,0.00,0.00,0.00,0.00,0.00,0.00,0.00
218.31,0.22,47.86,0.00,0.00,0.00,0.00,0.00,0.00,0.00,0.00,0.00,0.00,0.00,0.00
218.52,0.22,47.61,0.00,0.00,0.00,0.00,0.00,0.00,0.00,0.00,0.00,0.00,0.00,0.00
220.08,0.22,48.39,0.00,0.00,0.00,0.00,0.00,0.00,0.00,0.00,0.00,0.00,0.00,0.00
218.48,0.22,47.65,0.00,0.00,0.00,0.00,0.00,0.00,0.00,0.00,0.00,0.00,0.00,0.00
218.51,0.22,47.65,0.00,0.00,0.00,0.00,0.00,0.00,0.00,0.00,0.00,0.00,0.00,0.00
218.29,0.22,47.41,0.00,0.00,0.00,0.00,0.00,0.00,0.00,0.00,0.00,0.00,0.00,0.00
218.43,0.22,47.79,0.00,0.00,0.00,0.00,0.00,0.00,0.00,0.00,0.00,0.00,0.00,0.00
218.44,0.22,47.84,0.00,0.00,0.00,0.00,0.00,0.00,0.00,0.00,0.00,0.00,0.00,0.00
217.59,0.21,46.09,219.73,0.21,46.39,0.00,0.00,0.00,0.00,0.00,0.00,0.00,0.00,0.00
218.89,0.21,46.08,218.60,0.21,45.76,0.00,0.00,0.00,0.00,0.00,0.00,0.00,0.00,0.00
218.30,0.21,46.20,219.81,0.21,46.41,0.00,0.00,0.00,0.00,0.00,0.00,0.00,0.00,0.00
218.26,0.21,45.97,218.34,0.21,45.89,0.00,0.00,0.00,0.00,0.00,0.00,0.00,0.00,0.00
214.24,0.21,44.53,215.71,0.21,44.62,0.00,0.00,0.00,0.00,0.00,0.00,0.00,0.00,0.00
219.23,0.21,45.99,217.53,0.21,45.41,0.00,0.00,0.00,0.00,0.00,0.00,0.00,0.00,0.00
214.31,0.32,69.55,0.00,0.05,0.00,0.00,0.09,0.00,0.00,0.12,0.00,0.00,0.06,0.00
219.52,0.11,24.83,0.00,0.00,0.00,0.00,0.00,0.00,0.00,0.06,0.00,0.00,0.06,0.00
219.29,0.05,11.75,0.00,0.00,0.00,0.00,0.00,0.00,0.00,0.00,0.00,0.00,0.05,0.00
217.67,0.22,47.49,0.00,0.00,0.00,0.00,0.00,0.00,0.00,0.00,0.00,0.00,0.00,0.00
218.11,0.22,47.35,0.00,0.00,0.00,0.00,0.00,0.00,0.00,0.00,0.00,0.00,0.00,0.00
219.15,0.22,48.02,0.00,0.00,0.00,0.00,0.00,0.00,0.00,0.00,0.00,0.00,0.00,0.00
213.48,0.21,45.51,0.00,0.00,0.00,0.00,0.00,0.00,0.00,0.00,0.00,0.00,0.00,0.00
217.29,0.22,47.47,0.00,0.00,0.00,0.00,0.00,0.00,0.00,0.00,0.00,0.00,0.00,0.00
219.57,0.22,48.24,0.00,0.00,0.00,0.00,0.00,0.00,0.00,0.00,0.00,0.00,0.00,0.00
218.72,0.22,48.02,0.00,0.00,0.00,0.00,0.00,0.00,0.00,0.00,0.00,0.00,0.00,0.00
219.32,0.22,48.16,0.00,0.00,0.00,0.00,0.00,0.00,0.00,0.00,0.00,0.00,0.00,0.00
219.25,0.22,47.92,0.00,0.00,0.00,0.00,0.00,0.00,0.00,0.00,0.00,0.00,0.00,0.00
219.55,0.22,48.53,0.00,0.00,0.00,0.00,0.00,0.00,0.00,0.00,0.00,0.00,0.00,0.00
218.57,0.22,47.86,0.00,0.00,0.00,0.00,0.00,0.00,0.00,0.00,0.00,0.00,0.00,0.00
219.10,0.22,48.13,0.00,0.00,0.00,0.00,0.00,0.00,0.00,0.00,0.00,0.00,0.00,0.00
209.11,0.21,44.66,0.00,0.00,0.00,208.41,0.21,33.83,0.00,0.00,0.00,0.00,0.00,0.00
219.50,0.21,46.72,0.00,0.00,0.00,218.80,0.21,33.74,0.00,0.00,0.00,0.00,0.00,0.00
216.34,0.21,46.40,0.00,0.00,0.00,215.64,0.21,34.08,0.00,0.00,0.00,0.00,0.00,0.00
217.96,0.21,46.54,0.00,0.00,0.00,217.26,0.21,33.78,0.00,0.00,0.00,0.00,0.00,0.00
217.88,0.21,46.63,0.00,0.00,0.00,217.18,0.21,33.90,0.00,0.00,0.00,0.00,0.00,0.00
217.80,0.21,46.36,0.00,0.00,0.00,217.10,0.21,33.73,0.00,0.00,0.00,0.00,0.00,0.00
217.43,0.29,63.86,0.00,0.00,0.00,216.73,0.22,34.45,0.00,0.00,0.00,0.00,0.08,0.00
220.79,0.39,86.57,0.00,0.00,0.00,220.09,0.14,17.59,0.00,0.15,0.00,0.00,0.10,0.00
218.76,0.43,94.57,0.00,0.00,0.00,218.06,0.19,27.65,0.00,0.15,0.00,0.00,0.09,0.00
218.40,0.44,95.38,0.00,0.00,0.00,217.70,0.22,35.40,0.00,0.15,0.00,0.00,0.07,0.00
216.31,0.42,90.84,0.00,0.00,0.00,215.61,0.22,35.25,0.00,0.14,0.00,0.00,0.06,0.00
215.37,0.36,76.56,0.00,0.00,0.00,214.67,0.22,35.03,0.00,0.14,0.00,0.00,0.00,0.00
216.35,0.35,75.06,0.00,0.00,0.00,215.65,0.22,35.54,0.00,0.13,0.00,0.00,0.00,0.00
217.66,0.34,73.38,0.00,0.00,0.00,216.96,0.22,35.45,0.00,0.12,0.00,0.00,0.00,0.00
214.70,0.33,70.48,0.00,0.00,0.00,214.00,0.22,35.35,0.00,0.11,0.00,0.00,0.00,0.00
219.40,0.32,70.42,0.00,0.00,0.00,218.70,0.22,35.02,0.00,0.10,0.00,0.00,0.00,0.00
218.98,0.30,65.16,0.00,0.00,0.00,218.28,0.22,35.29,0.00,0.08,0.00,0.00,0.00,0.00
217.27,0.28,59.96,0.00,0.00,0.00,216.57,0.22,35.34,0.00,0.06,0.00,0.00,0.00,0.00
218.70,0.27,58.80,0.00,0.00,0.00,218.00,0.22,35.36,0.00,0.05,0.00,0.00,0.00,0.00
216.77,0.22,47.03,0.00,0.00,0.00,216.07,0.22,35.30,0.00,0.00,0.00,0.00,0.00,0.00
217.33,0.22,47.07,0.00,0.00,0.00,216.63,0.22,35.15,0.00,0.00,0.00,0.00,0.00,0.00
220.30,0.22,48.13,0.00,0.00,0.00,219.60,0.22,35.59,0.00,0.00,0.00,0.00,0.00,0.00
218.83,0.22,47.57,0.00,0.00,0.00,218.13,0.22,35.26,0.00,0.00,0.00,0.00,0.00,0.00
216.57,0.22,46.76,0.00,0.00,0.00,215.87,0.22,34.75,0.00,0.00,0.00,0.00,0.00,0.00
219.41,0.22,47.46,0.00,0.00,0.00,218.71,0.22,34.84,0.00,0.00,0.00,0.00,0.00,0.00
217.01,0.22,47.23,0.00,0.00,0.00,216.31,0.22,34.56,0.00,0.00,0.00,0.00,0.00,0.00
217.81,0.30,64.91,0.00,0.10,0.00,217.11,0.14,14.85,0.00,0.00,0.00,0.00,0.05,0.00
219.01,0.15,33.09,0.00,0.10,0.00,0.00,0.00,0.00,0.00,0.00,0.00,0.00,0.05,0.00
217.51,0.10,20.91,0.00,0.10,0.00,0.00,0.00,0.00,0.00,0.00,0.00,0.00,0.00,0.00
217.57,0.09,19.98,0.00,0.09,0.00,0.00,0.00,0.00,0.00,0.00,0.00,0.00,0.00,0.00
220.96,0.08,17.00,0.00,0.08,0.00,0.00,0.00,0.00,0.00,0.00,0.00,0.00,0.00,0.00
221.86,0.07,14.88,0.00,0.07,0.00,0.00,0.00,0.00,0.00,0.00,0.00,0.00,0.00,0.00
215.26,0.06,13.14,0.00,0.06,0.00,0.00,0.00,0.00,0.00,0.00,0.00,0.00,0.00,0.00
217.64,0.06,12.41,0.00,0.06,0.00,0.00,0.00,0.00,0.00,0.00,0.00,0.00,0.00,0.00
217.18,0.06,12.08,0.00,0.06,0.00,0.00,0.00,0.00,0.00,0.00,0.00,0.00,0.00,0.00
218.79,0.05,11.92,0.00,0.05,0.00,0.00,0.00,0.00,0.00,0.00,0.00,0.00,0.00,0.00
218.89,0.05,11.43,0.00,0.05,0.00,0.00,0.00,0.00,0.00,0.00,0.00,0.00,0.00,0.00
218.27,0.22,47.91,0.00,0.00,0.00,0.00,0.00,0.00,0.00,0.00,0.00,0.00,0.00,0.00
218.42,0.22,47.85,0.00,0.00,0.00,0.00,0.00,0.00,0.00,0.00,0.00,0.00,0.00,0.00
217.94,0.22,47.76,0.00,0.00,0.00,0.00,0.00,0.00,0.00,0.00,0.00,0.00,0.00,0.00
219.43,0.27,60.10,0.00,0.05,0.00,0.00,0.00,0.00,0.00,0.00,0.00,0.00,0.00,0.00
218.74,0.22,47.96,0.00,0.00,0.00,0.00,0.00,0.00,0.00,0.00,0.00,0.00,0.00,0.00
218.71,0.22,48.03,0.00,0.00,0.00,0.00,0.00,0.00,0.00,0.00,0.00,0.00,0.00,0.00
218.71,0.22,47.69,0.00,0.00,0.00,0.00,0.00,0.00,0.00,0.00,0.00,0.00,0.00,0.00
218.94,0.22,47.69,0.00,0.00,0.00,0.00,0.00,0.00,0.00,0.00,0.00,0.00,0.00,0.00
220.82,0.22,48.83,0.00,0.00,0.00,0.00,0.00,0.00,0.00,0.00,0.00,0.00,0.00,0.00
219.60,0.22,48.16,0.00,0.00,0.00,0.00,0.00,0.00,0.00,0.00,0.00,0.00,0.00,0.00
218.05,0.22,47.27,0.00,0.00,0.00,0.00,0.00,0.00,0.00,0.00,0.00,0.00,0.00,0.00
219.62,0.22,48.32,0.00,0.00,0.00,0.00,0.00,0.00,0.00,0.00,0.00,0.00,0.00,0.00
218.26,0.22,47.52,0.00,0.00,0.00,0.00,0.00,0.00,0.00,0.00,0.00,0.00,0.00,0.00
218.55,0.22,47.95,0.00,0.00,0.00,0.00,0.00,0.00,0.00,0.00,0.00,0.00,0.00,0.00
218.18,0.22,47.47,0.00,0.00,0.00,0.00,0.00,0.00,0.00,0.00,0.00,0.00,0.00,0.00
218.98,0.22,48.02,0.00,0.00,0.00,0.00,0.00,0.00,0.00,0.00,0.00,0.00,0.00,0.00
219.60,0.22,48.08,0.00,0.00,0.00,0.00,0.00,0.00,0.00,0.00,0.00,0.00,0.00,0.00
219.21,0.22,48.14,0.00,0.00,0.00,0.00,0.00,0.00,0.00,0.00,0.00,0.00,0.00,0.00
215.87,0.22,46.76,0.00,0.00,0.00,0.00,0.00,0.00,0.00,0.00,0.00,0.00,0.00,0.00
219.95,0.22,48.16,0.00,0.00,0.00,0.00,0.00,0.00,0.00,0.00,0.00,0.00,0.00,0.00
217.94,0.22,47.54,0.00,0.00,0.00,0.00,0.00,0.00,0.00,0.00,0.00,0.00,0.00,0.00
218.85,0.22,47.91,0.00,0.00,0.00,0.00,0.00,0.00,0.00,0.00,0.00,0.00,0.00,0.00
218.18,0.22,47.63,0.00,0.00,0.00,0.00,0.00,0.00,0.00,0.00,0.00,0.00,0.00,0.00
217.80,0.22,47.31,0.00,0.00,0.00,0.00,0.00,0.00,0.00,0.00,0.00,0.00,0.00,0.00
220.42,0.22,48.59,0.00,0.00,0.00,0.00,0.00,0.00,0.00,0.00,0.00,0.00,0.00,0.00
218.72,0.22,47.81,0.00,0.00,0.00,0.00,0.00,0.00,0.00,0.00,0.00,0.00,0.00,0.00
218.58,0.22,47.68,0.00,0.00,0.00,0.00,0.00,0.00,0.00,0.00,0.00,0.00,0.00,0.00
219.14,0.22,48.11,0.00,0.00,0.00,0.00,0.00,0.00,0.00,0.00,0.00,0.00,0.00,0.00
219.99,0.22,48.56,0.00,0.00,0.00,0.00,0.00,0.00,0.00,0.00,0.00,0.00,0.00,0.00
218.56,0.22,47.87,0.00,0.00,0.00,0.00,0.00,0.00,0.00,0.00,0.00,0.00,0.00,0.00
219.44,0.22,48.42,0.00,0.00,0.00,0.00,0.00,0.00,0.00,0.00,0.00,0.00,0.00,0.00
220.41,0.22,48.36,0.00,0.00,0.00,0.00,0.00,0.00,0.00,0.00,0.00,0.00,0.00,0.00
218.91,0.22,47.85,0.00,0.00,0.00,0.00,0.00,0.00,0.00,0.00,0.00,0.00,0.00,0.00
216.61,0.22,46.94,0.00,0.00,0.00,0.00,0.00,0.00,0.00,0.00,0.00,0.00,0.00,0.00
218.79,0.22,47.64,0.00,0.00,0.00,0.00,0.00,0.00,0.00,0.00,0.00,0.00,0.00,0.00
218.88,0.22,47.92,0.00,0.00,0.00,0.00,0.00,0.00,0.00,0.00,0.00,0.00,0.00,0.00
217.93,0.47,102.08,0.00,0.00,0.00,0.00,0.00,0.00,0.00,0.00,0.00,217.29,0.25,33.72
218.71,0.46,101.51,0.00,0.00,0.00,0.00,0.00,0.00,0.00,0.00,0.00,216.56,0.24,32.91
218.81,0.47,101.98,0.00,0.00,0.00,0.00,0.00,0.00,0.00,0.00,0.00,218.47,0.25,33.55
220.22,0.47,102.67,0.00,0.00,0.00,0.00,0.00,0.00,0.00,0.00,0.00,219.52,0.25,33.65
220.75,0.47,103.28,0.00,0.00,0.00,0.00,0.00,0.00,0.00,0.00,0.00,221.61,0.25,33.88
219.48,0.47,102.26,0.00,0.00,0.00,0.00,0.00,0.00,0.00,0.00,0.00,218.67,0.25,33.45
217.16,0.46,100.65,0.00,0.00,0.00,0.00,0.00,0.00,0.00,0.00,0.00,217.04,0.24,32.97
219.17,0.46,101.75,0.00,0.00,0.00,0.00,0.00,0.00,0.00,0.00,0.00,217.03,0.24,33.09
220.23,0.47,102.50,0.00,0.00,0.00,0.00,0.00,0.00,0.00,0.00,0.00,219.23,0.25,33.60
220.52,0.47,102.82,0.00,0.00,0.00,0.00,0.00,0.00,0.00,0.00,0.00,221.76,0.25,34.62
219.32,0.55,120.91,0.00,0.00,0.00,0.00,0.08,0.00,0.00,0.00,0.00,217.56,0.25,32.88
216.22,0.69,148.93,0.00,0.00,0.00,215.52,0.22,35.23,0.00,0.00,0.00,216.59,0.25,33.17
217.31,0.68,148.61,0.00,0.00,0.00,216.61,0.22,34.16,0.00,0.00,0.00,216.47,0.25,33.08
218.55,0.68,148.86,0.00,0.00,0.00,217.85,0.22,34.24,0.00,0.00,0.00,218.06,0.25,33.29
218.83,0.68,149.22,0.00,0.00,0.00,218.13,0.21,33.89,0.00,0.00,0.00,217.95,0.25,33.25
218.13,0.68,148.34,0.00,0.00,0.00,217.43,0.22,33.69,0.00,0.00,0.00,215.87,0.25,32.61
223.98,0.68,152.27,0.00,0.00,0.00,223.28,0.22,34.43,0.00,0.00,0.00,215.89,0.24,32.72
219.57,0.68,149.05,0.00,0.00,0.00,218.87,0.22,34.00,0.00,0.00,0.00,216.23,0.24,32.79
218.06,0.68,148.55,0.00,0.00,0.00,217.36,0.22,34.54,0.00,0.00,0.00,218.25,0.25,33.50
216.64,0.68,147.30,0.00,0.00,0.00,215.94,0.22,34.12,0.00,0.00,0.00,217.19,0.24,33.14
217.39,0.58,125.67,0.00,0.00,0.00,0.00,0.00,0.00,0.00,0.09,0.00,219.41,0.26,33.21
218.53,0.56,122.08,0.00,0.00,0.00,0.00,0.00,0.00,0.00,0.08,0.00,218.91,0.25,33.03
219.15,0.55,119.78,0.00,0.00,0.00,0.00,0.00,0.00,0.00,0.08,0.00,219.49,0.25,33.04
217.91,0.54,117.55,0.00,0.00,0.00,0.00,0.00,0.00,0.00,0.07,0.00,217.68,0.25,32.50
218.02,0.53,116.55,0.00,0.00,0.00,0.00,0.00,0.00,0.00,0.07,0.00,217.63,0.24,32.24
219.39,0.53,115.80,0.00,0.00,0.00,0.00,0.00,0.00,0.00,0.07,0.00,217.92,0.24,32.23
220.87,0.52,115.77,0.00,0.00,0.00,0.00,0.00,0.00,0.00,0.06,0.00,219.22,0.24,33.22
219.57,0.52,113.82,0.00,0.00,0.00,0.00,0.00,0.00,0.00,0.06,0.00,219.22,0.24,33.05
218.40,0.51,112.28,0.00,0.00,0.00,0.00,0.00,0.00,0.00,0.05,0.00,218.91,0.24,32.70
218.62,0.51,112.36,0.00,0.00,0.00,0.00,0.00,0.00,0.00,0.05,0.00,218.95,0.24,33.22
220.94,0.46,102.01,0.00,0.00,0.00,0.00,0.00,0.00,0.00,0.00,0.00,219.67,0.24,32.83
219.71,0.47,102.50,0.00,0.00,0.00,0.00,0.00,0.00,0.00,0.00,0.00,219.60,0.25,33.10
219.32,0.47,102.18,0.00,0.00,0.00,0.00,0.00,0.00,0.00,0.00,0.00,220.13,0.25,33.58
219.89,0.46,101.72,0.00,0.00,0.00,0.00,0.00,0.00,0.00,0.00,0.00,218.01,0.24,32.63
219.17,0.46,100.61,0.00,0.00,0.00,0.00,0.00,0.00,0.00,0.00,0.00,218.32,0.24,32.32
218.37,0.46,100.28,0.00,0.00,0.00,0.00,0.00,0.00,0.00,0.00,0.00,218.53,0.24,32.24
221.56,0.46,101.67,0.00,0.00,0.00,0.00,0.00,0.00,0.00,0.00,0.00,218.40,0.24,32.51
220.55,0.46,101.22,0.00,0.00,0.00,0.00,0.00,0.00,0.00,0.00,0.00,223.22,0.24,33.25
219.80,0.46,100.36,0.00,0.00,0.00,0.00,0.00,0.00,0.00,0.00,0.00,219.01,0.24,32.54
220.07,0.46,100.57,0.00,0.00,0.00,0.00,0.00,0.00,0.00,0.00,0.00,218.41,0.24,32.21
217.41,0.46,99.19,0.00,0.00,0.00,0.00,0.00,0.00,0.00,0.00,0.00,218.43,0.24,32.04
218.49,0.46,99.69,0.00,0.00,0.00,0.00,0.00,0.00,0.00,0.00,0.00,218.37,0.24,32.18
217.52,0.46,99.61,0.00,0.00,0.00,0.00,0.00,0.00,0.00,0.00,0.00,217.55,0.24,32.08
218.51,0.46,100.15,0.00,0.00,0.00,0.00,0.00,0.00,0.00,0.00,0.00,218.50,0.24,32.39
220.59,0.45,100.34,0.00,0.00,0.00,0.00,0.00,0.00,0.00,0.00,0.00,218.80,0.24,31.93
220.02,0.46,100.69,0.00,0.00,0.00,0.00,0.00,0.00,0.00,0.00,0.00,220.25,0.24,32.79
220.38,0.45,100.14,0.00,0.00,0.00,0.00,0.00,0.00,0.00,0.00,0.00,218.76,0.23,32.16
217.96,0.46,99.25,0.00,0.00,0.00,0.00,0.00,0.00,0.00,0.00,0.00,217.84,0.24,31.91
218.06,0.46,99.51,0.00,0.00,0.00,0.00,0.00,0.00,0.00,0.00,0.00,217.96,0.24,31.58
218.95,0.45,99.24,0.00,0.00,0.00,0.00,0.00,0.00,0.00,0.00,0.00,218.26,0.23,32.05
220.97,0.46,101.22,0.00,0.00,0.00,0.00,0.00,0.00,0.00,0.00,0.00,220.17,0.24,32.65
221.34,0.46,101.15,0.00,0.00,0.00,0.00,0.00,0.00,0.00,0.00,0.00,220.29,0.24,32.76
219.95,0.46,100.16,0.00,0.00,0.00,0.00,0.00,0.00,0.00,0.00,0.00,219.83,0.24,32.32
219.55,0.45,99.73,0.00,0.00,0.00,0.00,0.00,0.00,0.00,0.00,0.00,217.88,0.23,31.91
218.53,0.46,99.68,0.00,0.00,0.00,0.00,0.00,0.00,0.00,0.00,0.00,219.04,0.24,32.54
220.42,0.45,100.24,0.00,0.00,0.00,0.00,0.00,0.00,0.00,0.00,0.00,217.87,0.24,32.24
221.28,0.45,100.64,0.00,0.00,0.00,0.00,0.00,0.00,0.00,0.00,0.00,218.71,0.24,32.11
216.58,0.46,99.15,0.00,0.00,0.00,0.00,0.00,0.00,0.00,0.00,0.00,220.27,0.24,32.49
219.06,0.46,100.49,0.00,0.00,0.00,0.00,0.00,0.00,0.00,0.00,0.00,218.71,0.24,32.07
219.44,0.46,100.06,0.00,0.00,0.00,0.00,0.00,0.00,0.00,0.00,0.00,217.24,0.24,31.13
218.84,0.46,100.47,0.00,0.00,0.00,0.00,0.00,0.00,0.00,0.00,0.00,219.18,0.24,32.32
220.82,0.46,100.90,0.00,0.00,0.00,0.00,0.00,0.00,0.00,0.00,0.00,221.19,0.24,32.49
220.94,0.46,101.47,0.00,0.00,0.00,0.00,0.00,0.00,0.00,0.00,0.00,220.65,0.24,32.38
215.72,0.46,99.30,0.00,0.00,0.00,0.00,0.00,0.00,0.00,0.00,0.00,219.55,0.24,32.29
217.13,0.46,98.82,0.00,0.00,0.00,0.00,0.00,0.00,0.00,0.00,0.00,219.02,0.24,31.39
219.71,0.46,101.06,0.00,0.00,0.00,0.00,0.00,0.00,0.00,0.00,0.00,218.74,0.24,32.29
220.52,0.46,101.12,0.00,0.00,0.00,0.00,0.00,0.00,0.00,0.00,0.00,219.74,0.24,32.24
220.41,0.46,101.93,0.00,0.00,0.00,0.00,0.00,0.00,0.00,0.00,0.00,221.42,0.24,33.31
220.41,0.45,100.23,0.00,0.00,0.00,0.00,0.00,0.00,0.00,0.00,0.00,217.40,0.24,31.24
219.91,0.46,100.74,0.00,0.00,0.00,0.00,0.00,0.00,0.00,0.00,0.00,218.11,0.24,31.52
219.17,0.46,100.94,0.00,0.00,0.00,0.00,0.00,0.00,0.00,0.00,0.00,218.22,0.24,32.12
220.06,0.46,101.04,0.00,0.00,0.00,0.00,0.00,0.00,0.00,0.00,0.00,220.29,0.24,32.40
225.95,0.46,103.42,0.00,0.00,0.00,0.00,0.00,0.00,0.00,0.00,0.00,219.67,0.24,32.37
219.36,0.46,100.17,0.00,0.00,0.00,0.00,0.00,0.00,0.00,0.00,0.00,217.91,0.24,31.92
219.94,0.45,99.15,0.00,0.00,0.00,0.00,0.00,0.00,0.00,0.00,0.00,217.10,0.23,30.91
221.08,0.45,100.51,0.00,0.00,0.00,0.00,0.00,0.00,0.00,0.00,0.00,218.56,0.24,31.89
221.49,0.46,102.19,0.00,0.00,0.00,0.00,0.00,0.00,0.00,0.00,0.00,217.76,0.24,33.17
220.58,0.45,100.10,0.00,0.00,0.00,0.00,0.00,0.00,0.00,0.00,0.00,218.59,0.23,31.99
219.12,0.45,99.69,0.00,0.00,0.00,0.00,0.00,0.00,0.00,0.00,0.00,218.38,0.24,32.32
219.05,0.46,99.71,0.00,0.00,0.00,0.00,0.00,0.00,0.00,0.00,0.00,218.10,0.24,31.58
220.50,0.46,100.49,0.00,0.00,0.00,0.00,0.00,0.00,0.00,0.00,0.00,218.11,0.24,31.86
221.36,0.46,100.91,0.00,0.00,0.00,0.00,0.00,0.00,0.00,0.00,0.00,219.75,0.24,32.52
219.59,0.46,100.15,0.00,0.00,0.00,0.00,0.00,0.00,0.00,0.00,0.00,219.86,0.24,32.80
219.88,0.45,99.64,0.00,0.00,0.00,0.00,0.00,0.00,0.00,0.00,0.00,221.06,0.23,31.96
216.94,0.45,97.16,0.00,0.00,0.00,0.00,0.00,0.00,0.00,0.00,0.00,216.05,0.23,30.85
217.86,0.45,98.93,0.00,0.00,0.00,0.00,0.00,0.00,0.00,0.00,0.00,217.18,0.23,31.69
219.04,0.46,99.81,0.00,0.00,0.00,0.00,0.00,0.00,0.00,0.00,0.00,218.26,0.24,32.19
217.83,0.45,98.92,0.00,0.00,0.00,0.00,0.00,0.00,0.00,0.00,0.00,218.06,0.23,31.92
218.71,0.46,99.85,0.00,0.00,0.00,0.00,0.00,0.00,0.00,0.00,0.00,219.49,0.24,32.45
218.57,0.46,99.82,0.00,0.00,0.00,0.00,0.00,0.00,0.00,0.00,0.00,218.68,0.24,32.18
217.59,0.45,98.52,0.00,0.00,0.00,0.00,0.00,0.00,0.00,0.00,0.00,218.21,0.23,31.70
219.06,0.46,99.97,0.00,0.00,0.00,0.00,0.00,0.00,0.00,0.00,0.00,219.54,0.24,32.29
221.08,0.45,100.44,0.00,0.00,0.00,0.00,0.00,0.00,0.00,0.00,0.00,218.62,0.23,31.83
220.34,0.46,100.37,0.00,0.00,0.00,0.00,0.00,0.00,0.00,0.00,0.00,220.09,0.24,32.63
216.04,0.45,98.30,0.00,0.00,0.00,0.00,0.00,0.00,0.00,0.00,0.00,218.38,0.24,31.71
220.99,0.45,100.22,0.00,0.00,0.00,0.00,0.00,0.00,0.00,0.00,0.00,217.32,0.23,31.34
217.05,0.45,98.71,0.00,0.00,0.00,0.00,0.00,0.00,0.00,0.00,0.00,219.04,0.24,31.99
217.59,0.45,98.40,0.00,0.00,0.00,0.00,0.00,0.00,0.00,0.00,0.00,218.70,0.23,31.55
221.16,0.45,100.22,0.00,0.00,0.00,0.00,0.00,0.00,0.00,0.00,0.00,218.80,0.23,31.85
221.23,0.46,100.67,0.00,0.00,0.00,0.00,0.00,0.00,0.00,0.00,0.00,219.81,0.24,32.01
219.25,0.45,99.56,0.00,0.00,0.00,0.00,0.00,0.00,0.00,0.00,0.00,219.06,0.23,32.02
218.77,0.45,99.18,0.00,0.00,0.00,0.00,0.00,0.00,0.00,0.00,0.00,215.26,0.23,31.23
216.71,0.46,98.76,0.00,0.00,0.00,0.00,0.00,0.00,0.00,0.00,0.00,218.62,0.24,32.10
218.92,0.45,99.58,0.00,0.00,0.00,0.00,0.00,0.00,0.00,0.00,0.00,218.75,0.24,32.13
219.82,0.45,99.93,0.00,0.00,0.00,0.00,0.00,0.00,0.00,0.00,0.00,219.69,0.24,31.89
219.38,0.45,99.07,0.00,0.00,0.00,0.00,0.00,0.00,0.00,0.00,0.00,216.90,0.23,31.40
219.00,0.46,99.78,0.00,0.00,0.00,0.00,0.00,0.00,0.00,0.00,0.00,219.62,0.24,31.72
218.59,0.45,99.25,0.00,0.00,0.00,0.00,0.00,0.00,0.00,0.00,0.00,217.51,0.23,31.96
219.89,0.45,99.98,0.00,0.00,0.00,0.00,0.00,0.00,0.00,0.00,0.00,219.38,0.24,31.54
218.95,0.45,99.28,0.00,0.00,0.00,0.00,0.00,0.00,0.00,0.00,0.00,218.72,0.23,31.73
219.49,0.46,99.91,0.00,0.00,0.00,0.00,0.00,0.00,0.00,0.00,0.00,218.50,0.24,31.84
217.24,0.45,98.39,0.00,0.00,0.00,0.00,0.00,0.00,0.00,0.00,0.00,216.77,0.23,30.82
219.77,0.45,99.12,0.00,0.00,0.00,0.00,0.00,0.00,0.00,0.00,0.00,219.03,0.23,31.59
220.42,0.46,100.39,0.00,0.00,0.00,0.00,0.00,0.00,0.00,0.00,0.00,217.84,0.24,31.79
219.13,0.45,99.64,0.00,0.00,0.00,0.00,0.00,0.00,0.00,0.00,0.00,219.42,0.24,31.92
218.85,0.45,98.98,0.00,0.00,0.00,0.00,0.00,0.00,0.00,0.00,0.00,217.67,0.23,31.52
214.56,0.45,96.89,0.00,0.00,0.00,0.00,0.00,0.00,0.00,0.00,0.00,219.09,0.23,31.46
221.23,0.45,100.27,0.00,0.00,0.00,0.00,0.00,0.00,0.00,0.00,0.00,218.59,0.23,31.60
219.87,0.45,99.44,0.00,0.00,0.00,0.00,0.00,0.00,0.00,0.00,0.00,219.60,0.23,31.91
215.07,0.45,97.67,0.00,0.00,0.00,0.00,0.00,0.00,0.00,0.00,0.00,219.66,0.23,32.10
222.55,0.45,100.55,0.00,0.00,0.00,0.00,0.00,0.00,0.00,0.00,0.00,217.96,0.23,31.53
219.80,0.45,99.05,0.00,0.00,0.00,0.00,0.00,0.00,0.00,0.00,0.00,218.57,0.23,31.29
216.21,0.45,98.05,0.00,0.00,0.00,0.00,0.00,0.00,0.00,0.00,0.00,219.61,0.23,31.87
218.10,0.45,98.35,0.00,0.00,0.00,0.00,0.00,0.00,0.00,0.00,0.00,218.29,0.23,31.45
218.31,0.45,98.91,0.00,0.00,0.00,0.00,0.00,0.00,0.00,0.00,0.00,220.71,0.23,32.13
217.06,0.45,97.36,0.00,0.00,0.00,0.00,0.00,0.00,0.00,0.00,0.00,215.14,0.23,30.22
221.15,0.45,99.84,0.00,0.00,0.00,0.00,0.00,0.00,0.00,0.00,0.00,218.39,0.23,31.55
220.98,0.45,99.77,0.00,0.00,0.00,0.00,0.00,0.00,0.00,0.00,0.00,218.49,0.23,31.18
218.52,0.45,98.82,0.00,0.00,0.00,0.00,0.00,0.00,0.00,0.00,0.00,219.09,0.23,31.89
220.88,0.45,99.68,0.00,0.00,0.00,0.00,0.00,0.00,0.00,0.00,0.00,218.23,0.23,31.63
219.86,0.45,99.13,0.00,0.00,0.00,0.00,0.00,0.00,0.00,0.00,0.00,217.67,0.23,31.36
219.24,0.45,98.89,0.00,0.00,0.00,0.00,0.00,0.00,0.00,0.00,0.00,217.70,0.23,30.86
218.48,0.45,98.57,0.00,0.00,0.00,0.00,0.00,0.00,0.00,0.00,0.00,217.72,0.23,30.94
221.28,0.45,100.16,0.00,0.00,0.00,0.00,0.00,0.00,0.00,0.00,0.00,218.57,0.23,31.51
219.10,0.45,98.91,0.00,0.00,0.00,0.00,0.00,0.00,0.00,0.00,0.00,218.55,0.23,31.63
219.11,0.45,98.77,0.00,0.00,0.00,0.00,0.00,0.00,0.00,0.00,0.00,216.00,0.23,30.94
221.31,0.45,99.97,0.00,0.00,0.00,0.00,0.00,0.00,0.00,0.00,0.00,219.31,0.23,31.52
218.57,0.45,98.93,0.00,0.00,0.00,0.00,0.00,0.00,0.00,0.00,0.00,218.76,0.23,31.93
220.34,0.45,99.30,0.00,0.00,0.00,0.00,0.00,0.00,0.00,0.00,0.00,217.33,0.23,30.90
221.49,0.45,99.40,0.00,0.00,0.00,0.00,0.00,0.00,0.00,0.00,0.00,218.08,0.23,30.58
220.02,0.45,99.28,0.00,0.00,0.00,0.00,0.00,0.00,0.00,0.00,0.00,218.87,0.23,31.34
221.12,0.45,99.05,0.00,0.00,0.00,0.00,0.00,0.00,0.00,0.00,0.00,218.73,0.23,30.91
219.13,0.45,98.93,0.00,0.00,0.00,0.00,0.00,0.00,0.00,0.00,0.00,218.93,0.23,31.72
219.07,0.45,98.59,0.00,0.00,0.00,0.00,0.00,0.00,0.00,0.00,0.00,217.71,0.23,30.86
223.26,0.45,99.81,0.00,0.00,0.00,0.00,0.00,0.00,0.00,0.00,0.00,215.93,0.23,30.36
220.71,0.45,99.54,0.00,0.00,0.00,0.00,0.00,0.00,0.00,0.00,0.00,217.19,0.23,31.03
221.26,0.45,100.00,0.00,0.00,0.00,0.00,0.00,0.00,0.00,0.00,0.00,219.12,0.23,31.67
219.20,0.45,99.07,0.00,0.00,0.00,0.00,0.00,0.00,0.00,0.00,0.00,218.03,0.23,31.63
220.92,0.45,99.74,0.00,0.00,0.00,0.00,0.00,0.00,0.00,0.00,0.00,218.99,0.23,31.73
219.58,0.45,99.07,0.00,0.00,0.00,0.00,0.00,0.00,0.00,0.00,0.00,216.89,0.23,30.97
223.26,0.45,100.47,0.00,0.00,0.00,0.00,0.00,0.00,0.00,0.00,0.00,216.91,0.23,30.86
219.45,0.45,99.50,0.00,0.00,0.00,0.00,0.00,0.00,0.00,0.00,0.00,218.11,0.23,31.66
220.56,0.45,99.21,0.00,0.00,0.00,0.00,0.00,0.00,0.00,0.00,0.00,217.03,0.23,30.99
218.94,0.45,98.79,0.00,0.00,0.00,0.00,0.00,0.00,0.00,0.00,0.00,219.53,0.23,31.64
217.22,0.45,97.83,0.00,0.00,0.00,0.00,0.00,0.00,0.00,0.00,0.00,217.43,0.23,30.77
218.85,0.45,97.75,0.00,0.00,0.00,0.00,0.00,0.00,0.00,0.00,0.00,215.74,0.23,30.19
218.23,0.45,98.38,0.00,0.00,0.00,0.00,0.00,0.00,0.00,0.00,0.00,218.20,0.23,31.42
221.13,0.45,98.46,0.00,0.00,0.00,0.00,0.00,0.00,0.00,0.00,0.00,214.30,0.23,29.65
218.60,0.45,98.41,0.00,0.00,0.00,0.00,0.00,0.00,0.00,0.00,0.00,219.90,0.23,31.66
219.60,0.45,99.06,0.00,0.00,0.00,0.00,0.00,0.00,0.00,0.00,0.00,218.73,0.23,31.19
217.96,0.45,98.39,0.00,0.00,0.00,0.00,0.00,0.00,0.00,0.00,0.00,218.56,0.23,31.59
217.51,0.45,97.97,0.00,0.00,0.00,0.00,0.00,0.00,0.00,0.00,0.00,219.95,0.23,31.28
218.32,0.45,98.36,0.00,0.00,0.00,0.00,0.00,0.00,0.00,0.00,0.00,218.20,0.23,31.21
221.36,0.45,99.75,0.00,0.00,0.00,0.00,0.00,0.00,0.00,0.00,0.00,218.85,0.23,31.51
218.86,0.45,99.22,0.00,0.00,0.00,0.00,0.00,0.00,0.00,0.00,0.00,219.93,0.23,32.17
219.66,0.45,98.73,0.00,0.00,0.00,0.00,0.00,0.00,0.00,0.00,0.00,217.67,0.23,30.98
218.82,0.45,98.04,0.00,0.00,0.00,0.00,0.00,0.00,0.00,0.00,0.00,217.14,0.23,30.62
218.68,0.45,98.19,0.00,0.00,0.00,0.00,0.00,0.00,0.00,0.00,0.00,217.33,0.23,30.67
220.45,0.45,99.41,0.00,0.00,0.00,0.00,0.00,0.00,0.00,0.00,0.00,219.94,0.23,31.80
218.11,0.45,98.07,0.00,0.00,0.00,0.00,0.00,0.00,0.00,0.00,0.00,218.58,0.23,31.44
219.05,0.45,98.48,0.00,0.00,0.00,0.00,0.00,0.00,0.00,0.00,0.00,218.67,0.23,31.25
215.52,0.45,96.77,0.00,0.00,0.00,0.00,0.00,0.00,0.00,0.00,0.00,219.25,0.23,31.24
221.00,0.45,99.31,0.00,0.00,0.00,0.00,0.00,0.00,0.00,0.00,0.00,221.46,0.23,31.20
221.04,0.45,99.42,0.00,0.00,0.00,0.00,0.00,0.00,0.00,0.00,0.00,218.85,0.23,31.23
218.33,0.45,98.16,0.00,0.00,0.00,0.00,0.00,0.00,0.00,0.00,0.00,217.04,0.23,30.75
218.19,0.45,98.08,0.00,0.00,0.00,0.00,0.00,0.00,0.00,0.00,0.00,216.64,0.23,31.04
218.66,0.45,97.67,0.00,0.00,0.00,0.00,0.00,0.00,0.00,0.00,0.00,217.24,0.23,30.45
219.42,0.45,98.87,0.00,0.00,0.00,0.00,0.00,0.00,0.00,0.00,0.00,216.76,0.23,30.84
220.11,0.45,99.97,0.00,0.00,0.00,0.00,0.00,0.00,0.00,0.00,0.00,218.38,0.23,30.94
219.79,0.45,99.09,0.00,0.00,0.00,0.00,0.00,0.00,0.00,0.00,0.00,216.82,0.23,30.40
217.30,0.45,98.63,0.00,0.00,0.00,0.00,0.00,0.00,0.00,0.00,0.00,217.78,0.23,31.23
217.07,0.45,98.56,0.00,0.00,0.00,0.00,0.00,0.00,0.00,0.00,0.00,217.23,0.23,31.44
221.20,0.45,100.55,0.00,0.00,0.00,0.00,0.00,0.00,0.00,0.00,0.00,219.44,0.24,31.71
219.91,0.45,99.96,0.00,0.00,0.00,0.00,0.00,0.00,0.00,0.00,0.00,218.55,0.24,31.50
219.52,0.45,98.23,0.00,0.00,0.00,0.00,0.00,0.00,0.00,0.00,0.00,215.60,0.23,29.15
219.14,0.45,98.99,0.00,0.00,0.00,0.00,0.00,0.00,0.00,0.00,0.00,218.12,0.23,30.58
219.93,0.46,100.54,0.00,0.00,0.00,0.00,0.00,0.00,0.00,0.00,0.00,219.62,0.24,32.09
219.42,0.45,99.20,0.00,0.00,0.00,0.00,0.00,0.00,0.00,0.00,0.00,219.11,0.23,31.53
220.20,0.45,98.04,0.00,0.00,0.00,0.00,0.00,0.00,0.00,0.00,0.00,213.98,0.23,29.30
218.87,0.45,97.92,0.00,0.00,0.00,0.00,0.00,0.00,0.00,0.00,0.00,218.20,0.23,30.34
219.53,0.45,97.89,0.00,0.00,0.00,0.00,0.00,0.00,0.00,0.00,0.00,214.54,0.23,30.07
219.97,0.45,98.10,0.00,0.00,0.00,0.00,0.00,0.00,0.00,0.00,0.00,216.54,0.23,30.27
217.40,0.45,97.49,0.00,0.00,0.00,0.00,0.00,0.00,0.00,0.00,0.00,218.81,0.23,31.14
216.75,0.45,96.93,0.00,0.00,0.00,0.00,0.00,0.00,0.00,0.00,0.00,217.77,0.23,30.79
219.91,0.45,99.19,0.00,0.00,0.00,0.00,0.00,0.00,0.00,0.00,0.00,218.25,0.23,31.13
219.42,0.45,98.58,0.00,0.00,0.00,0.00,0.00,0.00,0.00,0.00,0.00,218.11,0.23,30.73
226.01,0.45,100.99,0.00,0.00,0.00,0.00,0.00,0.00,0.00,0.00,0.00,216.74,0.23,30.35
220.96,0.45,98.82,0.00,0.00,0.00,0.00,0.00,0.00,0.00,0.00,0.00,217.27,0.23,30.87
220.92,0.45,99.10,0.00,0.00,0.00,0.00,0.00,0.00,0.00,0.00,0.00,218.16,0.23,31.04
218.27,0.45,98.40,0.00,0.00,0.00,0.00,0.00,0.00,0.00,0.00,0.00,219.73,0.23,31.67
219.05,0.45,98.32,0.00,0.00,0.00,0.00,0.00,0.00,0.00,0.00,0.00,218.40,0.23,31.08
218.35,0.45,97.72,0.00,0.00,0.00,0.00,0.00,0.00,0.00,0.00,0.00,218.51,0.23,31.00
219.23,0.45,98.64,0.00,0.00,0.00,0.00,0.00,0.00,0.00,0.00,0.00,219.15,0.23,31.85
220.77,0.45,99.62,0.00,0.00,0.00,0.00,0.00,0.00,0.00,0.00,0.00,219.62,0.23,31.84
217.06,0.45,97.38,0.00,0.00,0.00,0.00,0.00,0.00,0.00,0.00,0.00,218.18,0.23,31.16
218.70,0.44,96.99,0.00,0.00,0.00,0.00,0.00,0.00,0.00,0.00,0.00,212.48,0.22,29.44
218.68,0.45,98.37,0.00,0.00,0.00,0.00,0.00,0.00,0.00,0.00,0.00,217.44,0.23,31.22
223.26,0.45,100.06,0.00,0.00,0.00,0.00,0.00,0.00,0.00,0.00,0.00,212.65,0.23,30.01
221.36,0.45,99.00,0.00,0.00,0.00,0.00,0.00,0.00,0.00,0.00,0.00,218.64,0.23,30.89
218.13,0.45,97.62,0.00,0.00,0.00,0.00,0.00,0.00,0.00,0.00,0.00,218.42,0.23,30.77
219.87,0.45,98.83,0.00,0.00,0.00,0.00,0.00,0.00,0.00,0.00,0.00,221.39,0.23,31.92
216.63,0.45,96.44,0.00,0.00,0.00,0.00,0.00,0.00,0.00,0.00,0.00,217.45,0.23,30.70
218.74,0.45,98.03,0.00,0.00,0.00,0.00,0.00,0.00,0.00,0.00,0.00,217.97,0.23,30.78
219.92,0.45,98.85,0.00,0.00,0.00,0.00,0.00,0.00,0.00,0.00,0.00,216.79,0.23,30.79
217.95,0.45,97.26,0.00,0.00,0.00,0.00,0.00,0.00,0.00,0.00,0.00,216.09,0.23,29.98
221.50,0.45,99.04,0.00,0.00,0.00,0.00,0.00,0.00,0.00,0.00,0.00,217.68,0.23,30.56
220.15,0.45,98.50,0.00,0.00,0.00,0.00,0.00,0.00,0.00,0.00,0.00,220.17,0.23,30.90
215.07,0.45,95.75,0.00,0.00,0.00,0.00,0.00,0.00,0.00,0.00,0.00,217.12,0.23,29.89
220.52,0.45,98.49,0.00,0.00,0.00,0.00,0.00,0.00,0.00,0.00,0.00,217.83,0.23,30.97
221.01,0.45,99.37,0.00,0.00,0.00,0.00,0.00,0.00,0.00,0.00,0.00,218.88,0.23,31.57
219.43,0.45,98.31,0.00,0.00,0.00,0.00,0.00,0.00,0.00,0.00,0.00,218.60,0.23,31.09
219.60,0.45,98.63,0.00,0.00,0.00,0.00,0.00,0.00,0.00,0.00,0.00,218.16,0.23,31.18
220.92,0.45,99.64,0.00,0.00,0.00,0.00,0.00,0.00,0.00,0.00,0.00,218.98,0.23,31.25
220.37,0.45,99.07,0.00,0.00,0.00,0.00,0.00,0.00,0.00,0.00,0.00,216.84,0.23,30.57
219.05,0.45,98.75,0.00,0.00,0.00,0.00,0.00,0.00,0.00,0.00,0.00,217.34,0.23,30.66
217.54,0.45,97.78,0.00,0.00,0.00,0.00,0.00,0.00,0.00,0.00,0.00,216.67,0.23,30.48
217.49,0.45,97.87,0.00,0.00,0.00,0.00,0.00,0.00,0.00,0.00,0.00,218.38,0.23,30.92
220.59,0.45,100.09,0.00,0.00,0.00,0.00,0.00,0.00,0.00,0.00,0.00,218.09,0.23,31.27
220.10,0.45,99.80,0.00,0.00,0.00,0.00,0.00,0.00,0.00,0.00,0.00,217.90,0.23,31.13
218.28,0.45,99.06,0.00,0.00,0.00,0.00,0.00,0.00,0.00,0.00,0.00,216.88,0.23,31.01
219.66,0.45,99.33,0.00,0.00,0.00,0.00,0.00,0.00,0.00,0.00,0.00,217.90,0.23,31.15
219.89,0.45,99.85,0.00,0.00,0.00,0.00,0.00,0.00,0.00,0.00,0.00,218.91,0.23,31.24
217.33,0.45,98.63,0.00,0.00,0.00,0.00,0.00,0.00,0.00,0.00,0.00,216.81,0.23,30.69
217.99,0.45,98.65,0.00,0.00,0.00,0.00,0.00,0.00,0.00,0.00,0.00,217.58,0.23,30.55
219.41,0.45,98.05,0.00,0.00,0.00,0.00,0.00,0.00,0.00,0.00,0.00,213.49,0.23,29.15
221.19,0.45,100.21,0.00,0.00,0.00,0.00,0.00,0.00,0.00,0.00,0.00,218.75,0.23,31.02
218.24,0.45,98.29,0.00,0.00,0.00,0.00,0.00,0.00,0.00,0.00,0.00,218.04,0.23,30.92
220.07,0.45,98.21,0.00,0.00,0.00,0.00,0.00,0.00,0.00,0.00,0.00,218.03,0.23,30.67
219.02,0.45,98.44,0.00,0.00,0.00,0.00,0.00,0.00,0.00,0.00,0.00,222.09,0.23,31.25
219.37,0.45,98.11,0.00,0.00,0.00,0.00,0.00,0.00,0.00,0.00,0.00,217.21,0.23,30.35
219.55,0.45,98.21,0.00,0.00,0.00,0.00,0.00,0.00,0.00,0.00,0.00,217.53,0.23,30.77
217.03,0.45,97.25,0.00,0.00,0.00,0.00,0.00,0.00,0.00,0.00,0.00,219.46,0.23,31.50
216.22,0.45,96.59,0.00,0.00,0.00,0.00,0.00,0.00,0.00,0.00,0.00,219.24,0.23,30.98
217.45,0.44,96.48,0.00,0.00,0.00,0.00,0.00,0.00,0.00,0.00,0.00,217.21,0.22,30.36
219.56,0.44,97.51,0.00,0.00,0.00,0.00,0.00,0.00,0.00,0.00,0.00,214.97,0.22,29.74
220.62,0.45,98.75,0.00,0.00,0.00,0.00,0.00,0.00,0.00,0.00,0.00,217.27,0.23,30.52
216.73,0.45,96.92,0.00,0.00,0.00,0.00,0.00,0.00,0.00,0.00,0.00,219.16,0.23,30.95
218.27,0.45,97.69,0.00,0.00,0.00,0.00,0.00,0.00,0.00,0.00,0.00,219.96,0.23,31.67
220.81,0.45,99.02,0.00,0.00,0.00,0.00,0.00,0.00,0.00,0.00,0.00,218.89,0.23,31.26
219.43,0.44,97.19,0.00,0.00,0.00,0.00,0.00,0.00,0.00,0.00,0.00,213.40,0.22,29.22
219.95,0.45,98.35,0.00,0.00,0.00,0.00,0.00,0.00,0.00,0.00,0.00,217.52,0.23,30.43
214.97,0.45,96.18,0.00,0.00,0.00,0.00,0.00,0.00,0.00,0.00,0.00,217.03,0.23,30.42
217.05,0.45,98.17,0.00,0.00,0.00,0.00,0.00,0.00,0.00,0.00,0.00,216.34,0.23,31.13
218.58,0.45,98.25,0.00,0.00,0.00,0.00,0.00,0.00,0.00,0.00,0.00,216.69,0.23,30.17
219.94,0.45,99.27,0.00,0.00,0.00,0.00,0.00,0.00,0.00,0.00,0.00,217.52,0.23,31.06
220.03,0.45,99.19,0.00,0.00,0.00,0.00,0.00,0.00,0.00,0.00,0.00,217.18,0.23,30.67
219.74,0.45,98.73,0.00,0.00,0.00,0.00,0.00,0.00,0.00,0.00,0.00,217.31,0.23,30.60
219.35,0.44,96.97,0.00,0.00,0.00,0.00,0.00,0.00,0.00,0.00,0.00,214.16,0.22,29.49
218.83,0.45,97.80,0.00,0.00,0.00,0.00,0.00,0.00,0.00,0.00,0.00,216.28,0.23,30.69
219.64,0.45,98.34,0.00,0.00,0.00,0.00,0.00,0.00,0.00,0.00,0.00,216.10,0.23,30.52
218.47,0.45,97.90,0.00,0.00,0.00,0.00,0.00,0.00,0.00,0.00,0.00,217.20,0.23,30.86
216.61,0.45,97.05,0.00,0.00,0.00,0.00,0.00,0.00,0.00,0.00,0.00,220.61,0.23,31.33
221.15,0.45,99.18,0.00,0.00,0.00,0.00,0.00,0.00,0.00,0.00,0.00,218.89,0.23,31.29
219.75,0.44,97.39,0.00,0.00,0.00,0.00,0.00,0.00,0.00,0.00,0.00,214.38,0.22,29.73
221.29,0.44,97.81,0.00,0.00,0.00,0.00,0.00,0.00,0.00,0.00,0.00,214.23,0.22,29.48
220.77,0.45,98.56,0.00,0.00,0.00,0.00,0.00,0.00,0.00,0.00,0.00,217.82,0.23,30.95
216.84,0.44,95.85,0.00,0.00,0.00,0.00,0.00,0.00,0.00,0.00,0.00,218.11,0.22,30.44
219.07,0.44,96.98,0.00,0.00,0.00,0.00,0.00,0.00,0.00,0.00,0.00,214.60,0.22,29.31
220.58,0.44,98.10,0.00,0.00,0.00,0.00,0.00,0.00,0.00,0.00,0.00,214.06,0.23,30.03
219.49,0.45,97.98,0.00,0.00,0.00,0.00,0.00,0.00,0.00,0.00,0.00,216.99,0.23,30.62
218.75,0.45,97.38,0.00,0.00,0.00,0.00,0.00,0.00,0.00,0.00,0.00,216.98,0.23,30.35
218.76,0.45,97.40,0.00,0.00,0.00,0.00,0.00,0.00,0.00,0.00,0.00,217.22,0.23,30.76
219.91,0.45,98.02,0.00,0.00,0.00,0.00,0.00,0.00,0.00,0.00,0.00,218.65,0.23,30.85
218.78,0.44,96.87,0.00,0.00,0.00,0.00,0.00,0.00,0.00,0.00,0.00,214.10,0.22,29.22
220.33,0.45,98.79,0.00,0.00,0.00,0.00,0.00,0.00,0.00,0.00,0.00,217.98,0.23,31.32
219.94,0.44,97.73,0.00,0.00,0.00,0.00,0.00,0.00,0.00,0.00,0.00,215.22,0.22,30.34
218.81,0.45,98.94,0.00,0.00,0.00,0.00,0.00,0.00,0.00,0.00,0.00,218.18,0.23,30.94
217.17,0.45,98.06,0.00,0.00,0.00,0.00,0.00,0.00,0.00,0.00,0.00,217.79,0.23,31.22
218.25,0.45,98.01,0.00,0.00,0.00,0.00,0.00,0.00,0.00,0.00,0.00,217.19,0.23,30.21
218.11,0.45,98.12,0.00,0.00,0.00,0.00,0.00,0.00,0.00,0.00,0.00,213.78,0.23,29.93
217.69,0.45,98.18,0.00,0.00,0.00,0.00,0.00,0.00,0.00,0.00,0.00,216.33,0.23,30.28
219.49,0.45,99.07,0.00,0.00,0.00,0.00,0.00,0.00,0.00,0.00,0.00,217.00,0.23,30.57
216.95,0.45,97.58,0.00,0.00,0.00,0.00,0.00,0.00,0.00,0.00,0.00,217.08,0.23,30.66
218.52,0.45,98.08,0.00,0.00,0.00,0.00,0.00,0.00,0.00,0.00,0.00,215.95,0.23,30.30
219.91,0.45,98.64,0.00,0.00,0.00,0.00,0.00,0.00,0.00,0.00,0.00,215.80,0.23,30.04
217.85,0.45,98.91,0.00,0.00,0.00,0.00,0.00,0.00,0.00,0.00,0.00,217.16,0.23,31.17
220.63,0.45,99.01,0.00,0.00,0.00,0.00,0.00,0.00,0.00,0.00,0.00,216.51,0.23,30.28
220.70,0.45,100.05,0.00,0.00,0.00,0.00,0.00,0.00,0.00,0.00,0.00,218.05,0.23,31.30
216.78,0.45,97.53,0.00,0.00,0.00,0.00,0.00,0.00,0.00,0.00,0.00,217.18,0.23,30.53
219.77,0.45,98.43,0.00,0.00,0.00,0.00,0.00,0.00,0.00,0.00,0.00,216.36,0.23,30.61
218.29,0.44,96.60,0.00,0.00,0.00,0.00,0.00,0.00,0.00,0.00,0.00,213.89,0.22,29.56
219.71,0.44,97.61,0.00,0.00,0.00,0.00,0.00,0.00,0.00,0.00,0.00,216.96,0.22,29.79
216.13,0.44,95.95,0.00,0.00,0.00,0.00,0.00,0.00,0.00,0.00,0.00,216.52,0.22,30.11
219.03,0.44,96.65,0.00,0.00,0.00,0.00,0.00,0.00,0.00,0.00,0.00,212.19,0.22,28.88
220.90,0.45,98.32,0.00,0.00,0.00,0.00,0.00,0.00,0.00,0.00,0.00,218.40,0.23,30.52
220.48,0.45,98.42,0.00,0.00,0.00,0.00,0.00,0.00,0.00,0.00,0.00,218.31,0.23,31.17
218.75,0.45,97.78,0.00,0.00,0.00,0.00,0.00,0.00,0.00,0.00,0.00,217.60,0.23,30.70
216.55,0.45,96.49,0.00,0.00,0.00,0.00,0.00,0.00,0.00,0.00,0.00,216.23,0.23,30.30
216.06,0.44,96.14,0.00,0.00,0.00,0.00,0.00,0.00,0.00,0.00,0.00,218.43,0.23,31.00
219.43,0.44,97.05,0.00,0.00,0.00,0.00,0.00,0.00,0.00,0.00,0.00,214.74,0.22,29.61
218.48,0.45,97.29,0.00,0.00,0.00,0.00,0.00,0.00,0.00,0.00,0.00,217.24,0.23,30.53
220.74,0.44,98.06,0.00,0.00,0.00,0.00,0.00,0.00,0.00,0.00,0.00,215.95,0.22,30.01
219.35,0.44,97.26,0.00,0.00,0.00,0.00,0.00,0.00,0.00,0.00,0.00,215.49,0.22,30.35
219.55,0.45,98.54,0.00,0.00,0.00,0.00,0.00,0.00,0.00,0.00,0.00,219.30,0.23,31.39
216.29,0.45,96.78,0.00,0.00,0.00,0.00,0.00,0.00,0.00,0.00,0.00,218.53,0.23,31.35
219.26,0.44,97.06,0.00,0.00,0.00,0.00,0.00,0.00,0.00,0.00,0.00,215.57,0.22,29.58
217.74,0.45,98.09,0.00,0.00,0.00,0.00,0.00,0.00,0.00,0.00,0.00,214.85,0.23,30.28
218.16,0.45,98.12,0.00,0.00,0.00,0.00,0.00,0.00,0.00,0.00,0.00,216.63,0.23,30.22
220.80,0.45,99.29,0.00,0.00,0.00,0.00,0.00,0.00,0.00,0.00,0.00,217.34,0.23,30.55
218.54,0.45,98.31,0.00,0.00,0.00,0.00,0.00,0.00,0.00,0.00,0.00,216.32,0.23,30.39
221.47,0.45,98.60,0.00,0.00,0.00,0.00,0.00,0.00,0.00,0.00,0.00,219.30,0.23,31.01
219.20,0.45,97.77,0.00,0.00,0.00,0.00,0.00,0.00,0.00,0.00,0.00,216.71,0.23,30.44
214.95,0.44,95.48,0.00,0.00,0.00,0.00,0.00,0.00,0.00,0.00,0.00,217.13,0.22,30.66
218.45,0.44,97.02,0.00,0.00,0.00,0.00,0.00,0.00,0.00,0.00,0.00,215.92,0.22,30.03
216.50,0.44,95.49,0.00,0.00,0.00,0.00,0.00,0.00,0.00,0.00,0.00,216.67,0.22,29.29
231.83,0.45,103.32,0.00,0.00,0.00,0.00,0.00,0.00,0.00,0.00,0.00,216.72,0.23,30.39
217.59,0.44,96.78,0.00,0.00,0.00,0.00,0.00,0.00,0.00,0.00,0.00,218.30,0.23,30.72
220.69,0.45,98.59,0.00,0.00,0.00,0.00,0.00,0.00,0.00,0.00,0.00,218.91,0.23,31.13
220.10,0.44,97.42,0.00,0.00,0.00,0.00,0.00,0.00,0.00,0.00,0.00,214.06,0.22,29.40
217.57,0.44,96.69,0.00,0.00,0.00,0.00,0.00,0.00,0.00,0.00,0.00,216.27,0.22,30.09
219.94,0.44,97.61,0.00,0.00,0.00,0.00,0.00,0.00,0.00,0.00,0.00,215.69,0.22,29.97
222.68,0.45,99.68,0.00,0.00,0.00,0.00,0.00,0.00,0.00,0.00,0.00,218.64,0.23,30.93
220.24,0.45,98.09,0.00,0.00,0.00,0.00,0.00,0.00,0.00,0.00,0.00,218.09,0.23,31.07
219.56,0.44,97.14,0.00,0.00,0.00,0.00,0.00,0.00,0.00,0.00,0.00,216.40,0.22,30.38
218.22,0.44,96.95,0.00,0.00,0.00,0.00,0.00,0.00,0.00,0.00,0.00,218.08,0.22,30.58
218.38,0.45,97.49,0.00,0.00,0.00,0.00,0.00,0.00,0.00,0.00,0.00,218.74,0.23,30.55
217.96,0.45,97.20,0.00,0.00,0.00,0.00,0.00,0.00,0.00,0.00,0.00,216.62,0.23,30.66
217.58,0.45,97.30,0.00,0.00,0.00,0.00,0.00,0.00,0.00,0.00,0.00,217.64,0.23,31.33
221.02,0.44,97.49,0.00,0.00,0.00,0.00,0.00,0.00,0.00,0.00,0.00,213.97,0.22,29.42
220.27,0.44,97.89,0.00,0.00,0.00,0.00,0.00,0.00,0.00,0.00,0.00,217.14,0.22,30.36
219.04,0.44,97.34,0.00,0.00,0.00,0.00,0.00,0.00,0.00,0.00,0.00,217.66,0.22,30.49
219.73,0.44,97.37,0.00,0.00,0.00,0.00,0.00,0.00,0.00,0.00,0.00,216.31,0.22,30.28
219.68,0.45,97.76,0.00,0.00,0.00,0.00,0.00,0.00,0.00,0.00,0.00,215.62,0.23,30.11
220.79,0.45,98.48,0.00,0.00,0.00,0.00,0.00,0.00,0.00,0.00,0.00,217.24,0.23,30.71
217.43,0.45,96.93,0.00,0.00,0.00,0.00,0.00,0.00,0.00,0.00,0.00,217.47,0.23,30.66
217.36,0.45,96.84,0.00,0.00,0.00,0.00,0.00,0.00,0.00,0.00,0.00,218.18,0.23,30.93
217.70,0.44,96.19,0.00,0.00,0.00,0.00,0.00,0.00,0.00,0.00,0.00,212.85,0.22,29.28
228.35,0.44,100.92,0.00,0.00,0.00,0.00,0.00,0.00,0.00,0.00,0.00,214.72,0.22,29.38
219.63,0.44,97.47,0.00,0.00,0.00,0.00,0.00,0.00,0.00,0.00,0.00,216.01,0.22,29.61
219.74,0.44,97.16,0.00,0.00,0.00,0.00,0.00,0.00,0.00,0.00,0.00,215.88,0.22,29.61
216.54,0.44,96.07,0.00,0.00,0.00,0.00,0.00,0.00,0.00,0.00,0.00,218.40,0.22,30.58
220.43,0.45,98.52,0.00,0.00,0.00,0.00,0.00,0.00,0.00,0.00,0.00,218.11,0.23,30.98
219.42,0.45,97.96,0.00,0.00,0.00,0.00,0.00,0.00,0.00,0.00,0.00,217.17,0.23,30.76
219.39,0.44,97.41,0.00,0.00,0.00,0.00,0.00,0.00,0.00,0.00,0.00,216.10,0.22,30.31
217.56,0.45,96.89,0.00,0.00,0.00,0.00,0.00,0.00,0.00,0.00,0.00,217.61,0.23,30.49
220.91,0.45,98.82,0.00,0.00,0.00,0.00,0.00,0.00,0.00,0.00,0.00,218.68,0.23,30.99
220.21,0.45,98.11,0.00,0.00,0.00,0.00,0.00,0.00,0.00,0.00,0.00,218.04,0.23,30.87
218.13,0.44,96.91,0.00,0.00,0.00,0.00,0.00,0.00,0.00,0.00,0.00,217.92,0.22,30.54
223.58,0.45,99.63,0.00,0.00,0.00,0.00,0.00,0.00,0.00,0.00,0.00,215.84,0.23,30.12
218.04,0.44,96.03,0.00,0.00,0.00,0.00,0.00,0.00,0.00,0.00,0.00,212.71,0.22,29.03
219.26,0.44,97.34,0.00,0.00,0.00,0.00,0.00,0.00,0.00,0.00,0.00,217.04,0.22,30.37
221.39,0.44,98.27,0.00,0.00,0.00,0.00,0.00,0.00,0.00,0.00,0.00,216.74,0.22,30.17
220.60,0.44,98.04,0.00,0.00,0.00,0.00,0.00,0.00,0.00,0.00,0.00,217.23,0.22,30.32
219.92,0.45,97.91,0.00,0.00,0.00,0.00,0.00,0.00,0.00,0.00,0.00,216.77,0.23,30.60
219.72,0.44,97.67,0.00,0.00,0.00,0.00,0.00,0.00,0.00,0.00,0.00,217.25,0.23,30.67
214.53,0.44,95.10,0.00,0.00,0.00,0.00,0.00,0.00,0.00,0.00,0.00,217.03,0.22,30.26
219.49,0.44,97.52,0.00,0.00,0.00,0.00,0.00,0.00,0.00,0.00,0.00,217.70,0.22,30.69
217.76,0.44,96.77,0.00,0.00,0.00,0.00,0.00,0.00,0.00,0.00,0.00,217.02,0.22,30.18
218.47,0.44,97.18,0.00,0.00,0.00,0.00,0.00,0.00,0.00,0.00,0.00,217.76,0.23,29.86
222.43,0.44,98.79,0.00,0.00,0.00,0.00,0.00,0.00,0.00,0.00,0.00,217.57,0.22,30.19
221.11,0.44,98.29,0.00,0.00,0.00,0.00,0.00,0.00,0.00,0.00,0.00,216.44,0.22,30.19
219.19,0.44,96.58,0.00,0.00,0.00,0.00,0.00,0.00,0.00,0.00,0.00,215.22,0.22,29.33
218.75,0.45,97.36,0.00,0.00,0.00,0.00,0.00,0.00,0.00,0.00,0.00,221.80,0.23,31.26
218.86,0.44,97.27,0.00,0.00,0.00,0.00,0.00,0.00,0.00,0.00,0.00,217.13,0.22,30.29
217.71,0.44,95.75,0.00,0.00,0.00,0.00,0.00,0.00,0.00,0.00,0.00,213.26,0.22,29.12
219.56,0.44,97.10,0.00,0.00,0.00,0.00,0.00,0.00,0.00,0.00,0.00,217.34,0.22,30.00
218.32,0.44,96.77,0.00,0.00,0.00,0.00,0.00,0.00,0.00,0.00,0.00,216.39,0.22,29.89
220.73,0.44,97.89,0.00,0.00,0.00,0.00,0.00,0.00,0.00,0.00,0.00,217.07,0.22,30.44
220.74,0.44,97.95,0.00,0.00,0.00,0.00,0.00,0.00,0.00,0.00,0.00,218.34,0.22,30.49
220.66,0.44,98.01,0.00,0.00,0.00,0.00,0.00,0.00,0.00,0.00,0.00,219.89,0.22,30.63
220.45,0.44,97.97,0.00,0.00,0.00,0.00,0.00,0.00,0.00,0.00,0.00,217.16,0.22,29.99
220.65,0.45,98.74,0.00,0.00,0.00,0.00,0.00,0.00,0.00,0.00,0.00,216.89,0.23,30.60
220.92,0.45,99.15,0.00,0.00,0.00,0.00,0.00,0.00,0.00,0.00,0.00,217.19,0.23,30.52
220.94,0.45,99.34,0.00,0.00,0.00,0.00,0.00,0.00,0.00,0.00,0.00,217.34,0.23,30.77
219.36,0.45,98.56,0.00,0.00,0.00,0.00,0.00,0.00,0.00,0.00,0.00,217.55,0.23,30.48
219.32,0.45,98.43,0.00,0.00,0.00,0.00,0.00,0.00,0.00,0.00,0.00,215.81,0.23,29.98
220.05,0.45,98.48,0.00,0.00,0.00,0.00,0.00,0.00,0.00,0.00,0.00,216.95,0.23,30.19
220.80,0.45,99.59,0.00,0.00,0.00,0.00,0.00,0.00,0.00,0.00,0.00,217.54,0.23,30.89
220.35,0.45,98.90,0.00,0.00,0.00,0.00,0.00,0.00,0.00,0.00,0.00,218.99,0.23,30.57
219.36,0.45,98.12,0.00,0.00,0.00,0.00,0.00,0.00,0.00,0.00,0.00,216.94,0.23,30.26
215.71,0.45,96.36,0.00,0.00,0.00,0.00,0.00,0.00,0.00,0.00,0.00,215.94,0.23,29.64
219.97,0.45,98.22,0.00,0.00,0.00,0.00,0.00,0.00,0.00,0.00,0.00,217.41,0.23,30.44
221.65,0.44,98.22,0.00,0.00,0.00,0.00,0.00,0.00,0.00,0.00,0.00,214.96,0.22,29.36
219.89,0.44,97.20,0.00,0.00,0.00,0.00,0.00,0.00,0.00,0.00,0.00,214.45,0.22,29.29
220.88,0.45,98.67,0.00,0.00,0.00,0.00,0.00,0.00,0.00,0.00,0.00,217.80,0.23,30.33
221.54,0.44,98.41,0.00,0.00,0.00,0.00,0.00,0.00,0.00,0.00,0.00,215.45,0.22,29.59
221.49,0.44,98.20,0.00,0.00,0.00,0.00,0.00,0.00,0.00,0.00,0.00,216.09,0.22,30.00
218.90,0.45,97.72,0.00,0.00,0.00,0.00,0.00,0.00,0.00,0.00,0.00,217.68,0.23,30.49
220.84,0.45,99.10,0.00,0.00,0.00,0.00,0.00,0.00,0.00,0.00,0.00,221.32,0.23,31.70
220.79,0.44,98.25,0.00,0.00,0.00,0.00,0.00,0.00,0.00,0.00,0.00,217.47,0.23,30.48
221.18,0.44,98.28,0.00,0.00,0.00,0.00,0.00,0.00,0.00,0.00,0.00,218.84,0.22,30.58
219.77,0.45,97.96,0.00,0.00,0.00,0.00,0.00,0.00,0.00,0.00,0.00,219.14,0.23,30.60
222.71,0.44,98.90,0.00,0.00,0.00,0.00,0.00,0.00,0.00,0.00,0.00,221.68,0.22,30.57
220.76,0.44,97.81,0.00,0.00,0.00,0.00,0.00,0.00,0.00,0.00,0.00,217.76,0.22,30.25
221.11,0.45,98.53,0.00,0.00,0.00,0.00,0.00,0.00,0.00,0.00,0.00,218.09,0.23,30.91
220.84,0.44,97.68,0.00,0.00,0.00,0.00,0.00,0.00,0.00,0.00,0.00,217.56,0.22,30.25
220.76,0.44,98.00,0.00,0.00,0.00,0.00,0.00,0.00,0.00,0.00,0.00,220.12,0.22,31.25
220.52,0.44,97.90,0.00,0.00,0.00,0.00,0.00,0.00,0.00,0.00,0.00,219.03,0.22,30.57
218.96,0.44,96.88,0.00,0.00,0.00,0.00,0.00,0.00,0.00,0.00,0.00,218.30,0.22,30.44
221.27,0.44,98.20,0.00,0.00,0.00,0.00,0.00,0.00,0.00,0.00,0.00,217.26,0.22,30.32
217.98,0.44,96.49,0.00,0.00,0.00,0.00,0.00,0.00,0.00,0.00,0.00,218.26,0.22,30.14
217.58,0.44,96.33,0.00,0.00,0.00,0.00,0.00,0.00,0.00,0.00,0.00,219.90,0.22,30.88
216.74,0.44,95.17,0.00,0.00,0.00,0.00,0.00,0.00,0.00,0.00,0.00,213.90,0.22,29.27
220.99,0.44,97.71,0.00,0.00,0.00,0.00,0.00,0.00,0.00,0.00,0.00,218.10,0.22,30.48
221.25,0.45,98.66,0.00,0.00,0.00,0.00,0.00,0.00,0.00,0.00,0.00,220.61,0.23,31.01
220.75,0.44,97.53,0.00,0.00,0.00,0.00,0.00,0.00,0.00,0.00,0.00,216.64,0.22,29.93
219.78,0.44,97.74,0.00,0.00,0.00,0.00,0.00,0.00,0.00,0.00,0.00,218.86,0.23,31.00
221.17,0.44,98.07,0.00,0.00,0.00,0.00,0.00,0.00,0.00,0.00,0.00,216.40,0.22,30.26
220.82,0.44,96.93,0.00,0.00,0.00,0.00,0.00,0.00,0.00,0.00,0.00,214.52,0.22,29.09
221.45,0.44,98.07,0.00,0.00,0.00,0.00,0.00,0.00,0.00,0.00,0.00,218.12,0.22,30.28
217.61,0.44,95.27,0.00,0.00,0.00,0.00,0.00,0.00,0.00,0.00,0.00,213.12,0.22,28.28
220.33,0.44,96.59,0.00,0.00,0.00,0.00,0.00,0.00,0.00,0.00,0.00,211.83,0.22,28.61
221.56,0.45,98.67,0.00,0.00,0.00,0.00,0.00,0.00,0.00,0.00,0.00,218.59,0.23,30.66
223.66,0.44,99.28,0.00,0.00,0.00,0.00,0.00,0.00,0.00,0.00,0.00,217.82,0.22,30.26
221.34,0.44,98.33,0.00,0.00,0.00,0.00,0.00,0.00,0.00,0.00,0.00,217.50,0.22,30.31
220.76,0.44,97.34,0.00,0.00,0.00,0.00,0.00,0.00,0.00,0.00,0.00,216.29,0.22,29.70
218.16,0.44,96.58,0.00,0.00,0.00,0.00,0.00,0.00,0.00,0.00,0.00,218.88,0.22,30.69
220.65,0.44,97.67,0.00,0.00,0.00,0.00,0.00,0.00,0.00,0.00,0.00,217.79,0.22,30.10
222.92,0.44,97.39,0.00,0.00,0.00,0.00,0.00,0.00,0.00,0.00,0.00,214.73,0.22,28.70
219.24,0.44,97.24,0.00,0.00,0.00,0.00,0.00,0.00,0.00,0.00,0.00,217.58,0.22,30.44
220.01,0.44,96.91,0.00,0.00,0.00,0.00,0.00,0.00,0.00,0.00,0.00,217.34,0.22,30.08
218.52,0.44,97.00,0.00,0.00,0.00,0.00,0.00,0.00,0.00,0.00,0.00,217.89,0.22,30.63
221.08,0.44,97.93,0.00,0.00,0.00,0.00,0.00,0.00,0.00,0.00,0.00,219.06,0.22,30.56
216.64,0.44,96.11,0.00,0.00,0.00,0.00,0.00,0.00,0.00,0.00,0.00,217.95,0.22,30.56
220.97,0.44,97.72,0.00,0.00,0.00,0.00,0.00,0.00,0.00,0.00,0.00,217.26,0.22,29.93
220.85,0.44,97.59,0.00,0.00,0.00,0.00,0.00,0.00,0.00,0.00,0.00,217.27,0.22,30.19
219.76,0.44,96.96,0.00,0.00,0.00,0.00,0.00,0.00,0.00,0.00,0.00,219.36,0.22,30.87
219.72,0.45,97.81,0.00,0.00,0.00,0.00,0.00,0.00,0.00,0.00,0.00,219.92,0.23,31.14
220.20,0.44,97.38,0.00,0.00,0.00,0.00,0.00,0.00,0.00,0.00,0.00,218.37,0.22,30.02
221.17,0.44,97.92,0.00,0.00,0.00,0.00,0.00,0.00,0.00,0.00,0.00,217.76,0.22,30.01
223.11,0.44,97.94,0.00,0.00,0.00,0.00,0.00,0.00,0.00,0.00,0.00,216.74,0.22,29.70
222.93,0.44,98.96,0.00,0.00,0.00,0.00,0.00,0.00,0.00,0.00,0.00,218.20,0.22,30.84
219.37,0.44,97.46,0.00,0.00,0.00,0.00,0.00,0.00,0.00,0.00,0.00,215.71,0.22,29.71
220.33,0.44,98.02,0.00,0.00,0.00,0.00,0.00,0.00,0.00,0.00,0.00,217.24,0.23,29.71
219.51,0.44,97.51,0.00,0.00,0.00,0.00,0.00,0.00,0.00,0.00,0.00,215.64,0.22,29.89
221.41,0.45,98.99,0.00,0.00,0.00,0.00,0.00,0.00,0.00,0.00,0.00,216.09,0.23,29.71
220.64,0.45,98.65,0.00,0.00,0.00,0.00,0.00,0.00,0.00,0.00,0.00,216.53,0.23,30.26
219.83,0.45,98.25,0.00,0.00,0.00,0.00,0.00,0.00,0.00,0.00,0.00,217.26,0.23,30.58
220.57,0.44,98.15,0.00,0.00,0.00,0.00,0.00,0.00,0.00,0.00,0.00,216.36,0.23,29.56
222.68,0.44,98.38,0.00,0.00,0.00,0.00,0.00,0.00,0.00,0.00,0.00,213.49,0.22,28.42
218.97,0.44,96.80,0.00,0.00,0.00,0.00,0.00,0.00,0.00,0.00,0.00,218.72,0.22,29.92
220.05,0.45,98.24,0.00,0.00,0.00,0.00,0.00,0.00,0.00,0.00,0.00,218.32,0.23,30.35
221.13,0.45,98.45,0.00,0.00,0.00,0.00,0.00,0.00,0.00,0.00,0.00,218.21,0.23,30.24
219.07,0.44,97.28,0.00,0.00,0.00,0.00,0.00,0.00,0.00,0.00,0.00,217.19,0.22,30.42
221.66,0.45,98.75,0.00,0.00,0.00,0.00,0.00,0.00,0.00,0.00,0.00,217.79,0.23,30.13
222.10,0.44,98.17,0.00,0.00,0.00,0.00,0.00,0.00,0.00,0.00,0.00,214.19,0.22,28.82
220.54,0.44,97.74,0.00,0.00,0.00,0.00,0.00,0.00,0.00,0.00,0.00,218.52,0.22,30.08
220.51,0.44,97.95,0.00,0.00,0.00,0.00,0.00,0.00,0.00,0.00,0.00,217.73,0.22,29.79
221.88,0.44,98.71,0.00,0.00,0.00,0.00,0.00,0.00,0.00,0.00,0.00,218.21,0.23,30.18
219.53,0.44,97.48,0.00,0.00,0.00,0.00,0.00,0.00,0.00,0.00,0.00,217.75,0.22,30.04
221.45,0.44,98.39,0.00,0.00,0.00,0.00,0.00,0.00,0.00,0.00,0.00,221.14,0.22,30.10
215.40,0.44,95.56,0.00,0.00,0.00,0.00,0.00,0.00,0.00,0.00,0.00,217.18,0.22,29.68
218.02,0.44,96.84,0.00,0.00,0.00,0.00,0.00,0.00,0.00,0.00,0.00,216.84,0.22,29.52
220.69,0.44,97.64,0.00,0.00,0.00,0.00,0.00,0.00,0.00,0.00,0.00,217.22,0.22,29.73
220.18,0.44,97.67,0.00,0.00,0.00,0.00,0.00,0.00,0.00,0.00,0.00,216.93,0.22,29.60
215.83,0.44,95.79,0.00,0.00,0.00,0.00,0.00,0.00,0.00,0.00,0.00,217.52,0.22,29.91
220.63,0.44,97.98,0.00,0.00,0.00,0.00,0.00,0.00,0.00,0.00,0.00,217.27,0.22,29.95
221.30,0.44,98.13,0.00,0.00,0.00,0.00,0.00,0.00,0.00,0.00,0.00,216.71,0.22,29.85
221.61,0.44,98.08,0.00,0.00,0.00,0.00,0.00,0.00,0.00,0.00,0.00,217.59,0.22,29.61
222.82,0.44,98.03,0.00,0.00,0.00,0.00,0.00,0.00,0.00,0.00,0.00,215.23,0.22,28.68
219.54,0.44,97.59,0.00,0.00,0.00,0.00,0.00,0.00,0.00,0.00,0.00,217.77,0.23,30.10
221.29,0.44,98.11,0.00,0.00,0.00,0.00,0.00,0.00,0.00,0.00,0.00,216.36,0.22,29.62
221.09,0.44,98.06,0.00,0.00,0.00,0.00,0.00,0.00,0.00,0.00,0.00,217.77,0.22,29.59
220.29,0.44,97.83,0.00,0.00,0.00,0.00,0.00,0.00,0.00,0.00,0.00,218.77,0.22,30.05
220.31,0.44,97.11,0.00,0.00,0.00,0.00,0.00,0.00,0.00,0.00,0.00,215.60,0.22,29.07
217.84,0.44,96.50,0.00,0.00,0.00,0.00,0.00,0.00,0.00,0.00,0.00,217.81,0.22,29.78
221.93,0.44,97.74,0.00,0.00,0.00,0.00,0.00,0.00,0.00,0.00,0.00,215.01,0.22,29.08
219.65,0.44,97.35,0.00,0.00,0.00,0.00,0.00,0.00,0.00,0.00,0.00,218.47,0.22,30.44
218.42,0.44,96.32,0.00,0.00,0.00,0.00,0.00,0.00,0.00,0.00,0.00,216.11,0.22,29.79
221.07,0.44,96.94,0.00,0.00,0.00,0.00,0.00,0.00,0.00,0.00,0.00,215.42,0.22,29.23
216.99,0.44,95.26,0.00,0.00,0.00,0.00,0.00,0.00,0.00,0.00,0.00,217.52,0.22,29.39
221.12,0.44,97.73,0.00,0.00,0.00,0.00,0.00,0.00,0.00,0.00,0.00,219.55,0.22,30.12
222.36,0.44,97.26,0.00,0.00,0.00,0.00,0.00,0.00,0.00,0.00,0.00,213.09,0.22,28.29
218.22,0.44,96.05,0.00,0.00,0.00,0.00,0.00,0.00,0.00,0.00,0.00,216.91,0.22,29.58
219.20,0.44,96.60,0.00,0.00,0.00,0.00,0.00,0.00,0.00,0.00,0.00,217.20,0.22,29.61
220.05,0.44,96.96,0.00,0.00,0.00,0.00,0.00,0.00,0.00,0.00,0.00,218.58,0.22,29.99
220.93,0.44,97.48,0.00,0.00,0.00,0.00,0.00,0.00,0.00,0.00,0.00,217.50,0.22,29.82
219.58,0.44,96.75,0.00,0.00,0.00,0.00,0.00,0.00,0.00,0.00,0.00,216.11,0.22,29.12
218.73,0.44,95.87,0.00,0.00,0.00,0.00,0.00,0.00,0.00,0.00,0.00,214.78,0.22,28.80
220.49,0.44,96.74,0.00,0.00,0.00,0.00,0.00,0.00,0.00,0.00,0.00,216.38,0.22,29.25
221.16,0.44,97.21,0.00,0.00,0.00,0.00,0.00,0.00,0.00,0.00,0.00,218.36,0.22,29.72
219.65,0.44,96.42,0.00,0.00,0.00,0.00,0.00,0.00,0.00,0.00,0.00,217.81,0.22,29.85
220.25,0.44,96.95,0.00,0.00,0.00,0.00,0.00,0.00,0.00,0.00,0.00,217.72,0.22,29.51
222.24,0.44,96.82,0.00,0.00,0.00,0.00,0.00,0.00,0.00,0.00,0.00,213.77,0.22,28.31
220.70,0.44,97.21,0.00,0.00,0.00,0.00,0.00,0.00,0.00,0.00,0.00,217.02,0.22,29.40
221.28,0.44,96.94,0.00,0.00,0.00,0.00,0.00,0.00,0.00,0.00,0.00,217.60,0.22,29.63
215.94,0.44,94.78,0.00,0.00,0.00,0.00,0.00,0.00,0.00,0.00,0.00,215.05,0.22,28.90
221.83,0.44,97.34,0.00,0.00,0.00,0.00,0.00,0.00,0.00,0.00,0.00,216.81,0.22,29.14
219.66,0.44,96.90,0.00,0.00,0.00,0.00,0.00,0.00,0.00,0.00,0.00,218.46,0.22,29.75
220.65,0.44,97.45,0.00,0.00,0.00,0.00,0.00,0.00,0.00,0.00,0.00,217.88,0.22,29.55
221.97,0.44,97.50,0.00,0.00,0.00,0.00,0.00,0.00,0.00,0.00,0.00,220.71,0.22,29.20
219.34,0.44,96.29,0.00,0.00,0.00,0.00,0.00,0.00,0.00,0.00,0.00,218.34,0.22,29.99
218.13,0.44,96.53,0.00,0.00,0.00,0.00,0.00,0.00,0.00,0.00,0.00,216.82,0.22,29.40
222.31,0.44,97.28,0.00,0.00,0.00,0.00,0.00,0.00,0.00,0.00,0.00,216.27,0.22,28.90
220.86,0.44,97.15,0.00,0.00,0.00,0.00,0.00,0.00,0.00,0.00,0.00,218.20,0.22,29.53
220.65,0.44,96.75,0.00,0.00,0.00,0.00,0.00,0.00,0.00,0.00,0.00,216.95,0.22,28.99
221.03,0.44,97.31,0.00,0.00,0.00,0.00,0.00,0.00,0.00,0.00,0.00,217.36,0.22,29.49
221.71,0.44,97.83,0.00,0.00,0.00,0.00,0.00,0.00,0.00,0.00,0.00,220.65,0.22,30.26
219.31,0.44,96.38,0.00,0.00,0.00,0.00,0.00,0.00,0.00,0.00,0.00,218.04,0.22,29.71
221.69,0.44,97.42,0.00,0.00,0.00,0.00,0.00,0.00,0.00,0.00,0.00,216.35,0.22,28.99
220.68,0.44,96.55,0.00,0.00,0.00,0.00,0.00,0.00,0.00,0.00,0.00,218.44,0.22,29.79
220.73,0.44,97.11,0.00,0.00,0.00,0.00,0.00,0.00,0.00,0.00,0.00,217.95,0.22,29.54
216.68,0.44,94.95,0.00,0.00,0.00,0.00,0.00,0.00,0.00,0.00,0.00,216.79,0.22,29.04
221.10,0.44,97.48,0.00,0.00,0.00,0.00,0.00,0.00,0.00,0.00,0.00,217.89,0.22,30.00
218.94,0.44,95.76,0.00,0.00,0.00,0.00,0.00,0.00,0.00,0.00,0.00,216.76,0.22,29.23
220.42,0.44,96.44,0.00,0.00,0.00,0.00,0.00,0.00,0.00,0.00,0.00,213.83,0.22,28.63
219.50,0.44,96.40,0.00,0.00,0.00,0.00,0.00,0.00,0.00,0.00,0.00,214.20,0.22,28.32
220.64,0.45,99.12,0.00,0.00,0.00,0.00,0.00,0.00,0.00,0.00,0.00,219.16,0.23,30.59
224.91,0.44,99.59,0.00,0.00,0.00,0.00,0.00,0.00,0.00,0.00,0.00,216.35,0.22,28.98
219.92,0.44,97.30,0.00,0.00,0.00,0.00,0.00,0.00,0.00,0.00,0.00,216.57,0.22,29.53
220.32,0.44,98.00,0.00,0.00,0.00,0.00,0.00,0.00,0.00,0.00,0.00,217.40,0.23,29.54
222.74,0.44,99.08,0.00,0.00,0.00,0.00,0.00,0.00,0.00,0.00,0.00,216.67,0.23,29.56
218.74,0.45,97.75,0.00,0.00,0.00,0.00,0.00,0.00,0.00,0.00,0.00,216.81,0.23,29.77
220.02,0.44,97.68,0.00,0.00,0.00,0.00,0.00,0.00,0.00,0.00,0.00,216.62,0.22,29.24
220.23,0.44,96.46,0.00,0.00,0.00,0.00,0.00,0.00,0.00,0.00,0.00,215.66,0.22,28.62
218.26,0.44,95.21,0.00,0.00,0.00,0.00,0.00,0.00,0.00,0.00,0.00,212.03,0.22,27.32
222.32,0.44,97.86,0.00,0.00,0.00,0.00,0.00,0.00,0.00,0.00,0.00,216.92,0.22,28.77
219.97,0.44,96.85,0.00,0.00,0.00,0.00,0.00,0.00,0.00,0.00,0.00,216.63,0.22,29.05
215.22,0.44,94.41,0.00,0.00,0.00,0.00,0.00,0.00,0.00,0.00,0.00,213.86,0.22,28.32
221.47,0.44,97.41,0.00,0.00,0.00,0.00,0.00,0.00,0.00,0.00,0.00,215.48,0.22,28.52
221.52,0.44,97.18,0.00,0.00,0.00,0.00,0.00,0.00,0.00,0.00,0.00,213.31,0.22,28.35
219.22,0.44,96.97,0.00,0.00,0.00,0.00,0.00,0.00,0.00,0.00,0.00,218.35,0.22,29.78
222.37,0.44,98.10,0.00,0.00,0.00,0.00,0.00,0.00,0.00,0.00,0.00,213.99,0.22,29.00
221.49,0.44,98.04,0.00,0.00,0.00,0.00,0.00,0.00,0.00,0.00,0.00,218.28,0.22,29.67
221.24,0.44,97.85,0.00,0.00,0.00,0.00,0.00,0.00,0.00,0.00,0.00,217.60,0.22,29.84
220.86,0.44,97.42,0.00,0.00,0.00,0.00,0.00,0.00,0.00,0.00,0.00,215.86,0.22,28.69
221.85,0.44,97.96,0.00,0.00,0.00,0.00,0.00,0.00,0.00,0.00,0.00,215.40,0.22,28.43
219.72,0.44,97.40,0.00,0.00,0.00,0.00,0.00,0.00,0.00,0.00,0.00,218.29,0.22,29.87
221.98,0.44,97.89,0.00,0.00,0.00,0.00,0.00,0.00,0.00,0.00,0.00,215.96,0.22,29.01
222.00,0.44,98.76,0.00,0.00,0.00,0.00,0.00,0.00,0.00,0.00,0.00,217.46,0.23,29.88
222.50,0.44,98.19,0.00,0.00,0.00,0.00,0.00,0.00,0.00,0.00,0.00,219.09,0.22,29.43
219.98,0.44,97.30,0.00,0.00,0.00,0.00,0.00,0.00,0.00,0.00,0.00,216.76,0.22,29.41
222.42,0.44,98.36,0.00,0.00,0.00,0.00,0.00,0.00,0.00,0.00,0.00,216.69,0.22,29.52
220.64,0.44,97.40,0.00,0.00,0.00,0.00,0.00,0.00,0.00,0.00,0.00,218.66,0.22,29.28
221.40,0.44,97.38,0.00,0.00,0.00,0.00,0.00,0.00,0.00,0.00,0.00,216.39,0.22,29.21
217.55,0.44,95.85,0.00,0.00,0.00,0.00,0.00,0.00,0.00,0.00,0.00,217.69,0.22,29.10
219.09,0.44,97.04,0.00,0.00,0.00,0.00,0.00,0.00,0.00,0.00,0.00,218.06,0.22,29.64
221.61,0.44,97.76,0.00,0.00,0.00,0.00,0.00,0.00,0.00,0.00,0.00,217.55,0.22,29.28
221.67,0.44,97.56,0.00,0.00,0.00,0.00,0.00,0.00,0.00,0.00,0.00,216.72,0.22,28.90
219.83,0.44,97.02,0.00,0.00,0.00,0.00,0.00,0.00,0.00,0.00,0.00,217.06,0.22,29.40
220.56,0.44,97.69,0.00,0.00,0.00,0.00,0.00,0.00,0.00,0.00,0.00,218.48,0.22,30.10
221.88,0.44,97.92,0.00,0.00,0.00,0.00,0.00,0.00,0.00,0.00,0.00,218.28,0.22,29.63
219.66,0.44,96.47,0.00,0.00,0.00,0.00,0.00,0.00,0.00,0.00,0.00,215.95,0.22,28.76
220.44,0.44,97.18,0.00,0.00,0.00,0.00,0.00,0.00,0.00,0.00,0.00,217.45,0.22,29.11
220.65,0.44,97.83,0.00,0.00,0.00,0.00,0.00,0.00,0.00,0.00,0.00,218.27,0.22,29.92
220.47,0.43,95.87,0.00,0.00,0.00,0.00,0.00,0.00,0.00,0.00,0.00,214.03,0.22,27.47
220.97,0.44,97.95,0.00,0.00,0.00,0.00,0.00,0.00,0.00,0.00,0.00,223.87,0.22,30.68
219.20,0.44,96.05,0.00,0.00,0.00,0.00,0.00,0.00,0.00,0.00,0.00,219.55,0.22,29.37
220.28,0.44,96.59,0.00,0.00,0.00,0.00,0.00,0.00,0.00,0.00,0.00,218.62,0.22,29.24
219.50,0.44,96.95,0.00,0.00,0.00,0.00,0.00,0.00,0.00,0.00,0.00,216.39,0.22,29.60
217.86,0.44,96.53,0.00,0.00,0.00,0.00,0.00,0.00,0.00,0.00,0.00,218.72,0.22,30.16
221.02,0.44,97.51,0.00,0.00,0.00,0.00,0.00,0.00,0.00,0.00,0.00,218.28,0.22,29.63
221.58,0.44,97.96,0.00,0.00,0.00,0.00,0.00,0.00,0.00,0.00,0.00,218.75,0.22,29.34
219.89,0.44,97.74,0.00,0.00,0.00,0.00,0.00,0.00,0.00,0.00,0.00,219.25,0.22,30.63
219.28,0.44,96.35,0.00,0.00,0.00,0.00,0.00,0.00,0.00,0.00,0.00,216.79,0.22,28.91
220.27,0.44,96.90,0.00,0.00,0.00,0.00,0.00,0.00,0.00,0.00,0.00,217.81,0.22,29.38
219.78,0.44,97.13,0.00,0.00,0.00,0.00,0.00,0.00,0.00,0.00,0.00,217.23,0.22,29.36
220.90,0.44,97.17,0.00,0.00,0.00,0.00,0.00,0.00,0.00,0.00,0.00,217.46,0.22,29.65
220.82,0.44,96.93,0.00,0.00,0.00,0.00,0.00,0.00,0.00,0.00,0.00,218.07,0.22,29.32
218.70,0.44,96.07,0.00,0.00,0.00,0.00,0.00,0.00,0.00,0.00,0.00,216.76,0.22,29.20
220.60,0.44,96.88,0.00,0.00,0.00,0.00,0.00,0.00,0.00,0.00,0.00,217.61,0.22,29.28
221.72,0.44,97.48,0.00,0.00,0.00,0.00,0.00,0.00,0.00,0.00,0.00,218.97,0.22,29.38
221.06,0.44,97.03,0.00,0.00,0.00,0.00,0.00,0.00,0.00,0.00,0.00,216.11,0.22,28.79
219.33,0.44,96.05,0.00,0.00,0.00,0.00,0.00,0.00,0.00,0.00,0.00,218.55,0.22,29.23
215.91,0.44,94.53,0.00,0.00,0.00,0.00,0.00,0.00,0.00,0.00,0.00,219.06,0.22,29.65
222.08,0.44,97.38,0.00,0.00,0.00,0.00,0.00,0.00,0.00,0.00,0.00,219.04,0.22,29.71
222.17,0.43,96.01,0.00,0.00,0.00,0.00,0.00,0.00,0.00,0.00,0.00,214.46,0.21,27.64
221.06,0.44,96.98,0.00,0.00,0.00,0.00,0.00,0.00,0.00,0.00,0.00,218.33,0.22,29.27
216.47,0.44,94.94,0.00,0.00,0.00,0.00,0.00,0.00,0.00,0.00,0.00,217.08,0.22,29.35
221.02,0.44,96.50,0.00,0.00,0.00,0.00,0.00,0.00,0.00,0.00,0.00,217.77,0.22,29.18
220.83,0.43,95.71,0.00,0.00,0.00,0.00,0.00,0.00,0.00,0.00,0.00,222.71,0.21,28.74
219.52,0.44,96.23,0.00,0.00,0.00,0.00,0.00,0.00,0.00,0.00,0.00,214.58,0.22,28.71
219.35,0.44,95.93,0.00,0.00,0.00,0.00,0.00,0.00,0.00,0.00,0.00,217.71,0.22,29.11
219.27,0.44,95.55,0.00,0.00,0.00,0.00,0.00,0.00,0.00,0.00,0.00,216.32,0.22,28.56
216.78,0.44,94.65,0.00,0.00,0.00,0.00,0.00,0.00,0.00,0.00,0.00,217.01,0.22,28.75
220.29,0.44,96.53,0.00,0.00,0.00,0.00,0.00,0.00,0.00,0.00,0.00,219.10,0.22,29.22
220.82,0.43,95.83,0.00,0.00,0.00,0.00,0.00,0.00,0.00,0.00,0.00,214.69,0.21,28.09
219.99,0.44,96.14,0.00,0.00,0.00,0.00,0.00,0.00,0.00,0.00,0.00,217.85,0.22,29.02
220.66,0.43,95.35,0.00,0.00,0.00,0.00,0.00,0.00,0.00,0.00,0.00,217.40,0.21,28.54
222.13,0.44,97.40,0.00,0.00,0.00,0.00,0.00,0.00,0.00,0.00,0.00,218.35,0.22,29.26
215.90,0.43,93.66,0.00,0.00,0.00,0.00,0.00,0.00,0.00,0.00,0.00,214.05,0.21,28.01
221.83,0.44,96.51,0.00,0.00,0.00,0.00,0.00,0.00,0.00,0.00,0.00,216.05,0.22,28.82
220.52,0.44,96.41,0.00,0.00,0.00,0.00,0.00,0.00,0.00,0.00,0.00,218.76,0.22,29.13
221.34,0.44,96.60,0.00,0.00,0.00,0.00,0.00,0.00,0.00,0.00,0.00,215.92,0.22,28.49
222.28,0.44,96.90,0.00,0.00,0.00,0.00,0.00,0.00,0.00,0.00,0.00,218.93,0.22,29.32
220.28,0.44,96.69,0.00,0.00,0.00,0.00,0.00,0.00,0.00,0.00,0.00,218.05,0.22,29.03
220.63,0.44,96.17,0.00,0.00,0.00,0.00,0.00,0.00,0.00,0.00,0.00,216.25,0.22,28.35
220.98,0.44,96.48,0.00,0.00,0.00,0.00,0.00,0.00,0.00,0.00,0.00,217.18,0.22,29.08
220.49,0.43,95.49,0.00,0.00,0.00,0.00,0.00,0.00,0.00,0.00,0.00,214.16,0.21,27.70
225.28,0.44,98.04,0.00,0.00,0.00,0.00,0.00,0.00,0.00,0.00,0.00,215.83,0.22,28.51
218.48,0.43,94.90,0.00,0.00,0.00,0.00,0.00,0.00,0.00,0.00,0.00,218.04,0.21,28.88
220.63,0.44,96.19,0.00,0.00,0.00,0.00,0.00,0.00,0.00,0.00,0.00,215.64,0.22,28.08
221.31,0.43,95.81,0.00,0.00,0.00,0.00,0.00,0.00,0.00,0.00,0.00,215.81,0.21,28.04
218.90,0.44,95.91,0.00,0.00,0.00,0.00,0.00,0.00,0.00,0.00,0.00,218.43,0.22,29.13
221.16,0.44,96.49,0.00,0.00,0.00,0.00,0.00,0.00,0.00,0.00,0.00,216.72,0.22,28.76
221.48,0.44,96.44,0.00,0.00,0.00,0.00,0.00,0.00,0.00,0.00,0.00,217.19,0.22,28.95
221.25,0.44,96.63,0.00,0.00,0.00,0.00,0.00,0.00,0.00,0.00,0.00,217.63,0.22,28.74
222.45,0.44,97.04,0.00,0.00,0.00,0.00,0.00,0.00,0.00,0.00,0.00,218.48,0.22,29.12
219.84,0.44,96.53,0.00,0.00,0.00,0.00,0.00,0.00,0.00,0.00,0.00,218.94,0.22,29.45
220.49,0.44,97.13,0.00,0.00,0.00,0.00,0.00,0.00,0.00,0.00,0.00,217.21,0.22,29.09
216.56,0.43,93.79,0.00,0.00,0.00,0.00,0.00,0.00,0.00,0.00,0.00,212.63,0.21,27.20
220.96,0.44,97.35,0.00,0.00,0.00,0.00,0.00,0.00,0.00,0.00,0.00,220.01,0.22,29.63
220.39,0.43,95.62,0.00,0.00,0.00,0.00,0.00,0.00,0.00,0.00,0.00,218.07,0.21,28.78
222.48,0.43,96.67,0.00,0.00,0.00,0.00,0.00,0.00,0.00,0.00,0.00,218.33,0.21,28.95
219.75,0.44,96.79,0.00,0.00,0.00,0.00,0.00,0.00,0.00,0.00,0.00,218.44,0.22,29.55
219.62,0.43,94.67,0.00,0.00,0.00,0.00,0.00,0.00,0.00,0.00,0.00,213.14,0.21,27.48
221.66,0.44,97.44,0.00,0.00,0.00,0.00,0.00,0.00,0.00,0.00,0.00,218.00,0.22,29.37
220.32,0.44,96.45,0.00,0.00,0.00,0.00,0.00,0.00,0.00,0.00,0.00,217.84,0.22,28.83
219.13,0.44,95.50,0.00,0.00,0.00,0.00,0.00,0.00,0.00,0.00,0.00,217.75,0.22,29.11
220.99,0.44,96.60,0.00,0.00,0.00,0.00,0.00,0.00,0.00,0.00,0.00,219.35,0.22,29.73
221.13,0.43,95.30,0.00,0.00,0.00,0.00,0.00,0.00,0.00,0.00,0.00,213.79,0.21,27.26
222.07,0.44,96.88,0.00,0.00,0.00,0.00,0.00,0.00,0.00,0.00,0.00,217.72,0.22,28.88
218.25,0.44,95.20,0.00,0.00,0.00,0.00,0.00,0.00,0.00,0.00,0.00,218.08,0.22,28.75
223.24,0.43,97.06,0.00,0.00,0.00,0.00,0.00,0.00,0.00,0.00,0.00,216.80,0.22,28.63
219.28,0.44,95.83,0.00,0.00,0.00,0.00,0.00,0.00,0.00,0.00,0.00,218.46,0.22,29.03
222.10,0.44,97.18,0.00,0.00,0.00,0.00,0.00,0.00,0.00,0.00,0.00,217.43,0.22,28.88
227.54,0.44,99.42,0.00,0.00,0.00,0.00,0.00,0.00,0.00,0.00,0.00,218.55,0.22,28.97
216.71,0.43,93.95,0.00,0.00,0.00,0.00,0.00,0.00,0.00,0.00,0.00,216.57,0.21,28.20
221.07,0.44,97.17,0.00,0.00,0.00,0.00,0.00,0.00,0.00,0.00,0.00,219.01,0.22,29.22
216.96,0.44,95.01,0.00,0.00,0.00,0.00,0.00,0.00,0.00,0.00,0.00,217.63,0.22,29.29
220.03,0.44,95.93,0.00,0.00,0.00,0.00,0.00,0.00,0.00,0.00,0.00,217.12,0.22,28.74
219.41,0.44,95.87,0.00,0.00,0.00,0.00,0.00,0.00,0.00,0.00,0.00,219.54,0.22,29.61
221.03,0.43,95.47,0.00,0.00,0.00,0.00,0.00,0.00,0.00,0.00,0.00,218.08,0.21,28.50
222.05,0.43,96.53,0.00,0.00,0.00,0.00,0.00,0.00,0.00,0.00,0.00,219.10,0.22,29.21
220.60,0.44,96.24,0.00,0.00,0.00,0.00,0.00,0.00,0.00,0.00,0.00,219.06,0.22,29.35
222.73,0.43,96.44,0.00,0.00,0.00,0.00,0.00,0.00,0.00,0.00,0.00,216.62,0.21,28.14
218.97,0.44,95.54,0.00,0.00,0.00,0.00,0.00,0.00,0.00,0.00,0.00,219.23,0.22,29.10
216.39,0.44,94.58,0.00,0.00,0.00,0.00,0.00,0.00,0.00,0.00,0.00,218.25,0.22,29.05
219.20,0.43,94.52,0.00,0.00,0.00,0.00,0.00,0.00,0.00,0.00,0.00,213.63,0.21,27.48
220.48,0.43,95.59,0.00,0.00,0.00,0.00,0.00,0.00,0.00,0.00,0.00,218.36,0.21,28.90
221.36,0.43,95.99,0.00,0.00,0.00,0.00,0.00,0.00,0.00,0.00,0.00,215.48,0.21,28.29
219.61,0.43,95.22,0.00,0.00,0.00,0.00,0.00,0.00,0.00,0.00,0.00,215.02,0.21,27.78
220.45,0.44,95.95,0.00,0.00,0.00,0.00,0.00,0.00,0.00,0.00,0.00,217.99,0.22,29.08
221.60,0.43,96.24,0.00,0.00,0.00,0.00,0.00,0.00,0.00,0.00,0.00,216.62,0.21,28.65
219.79,0.44,95.65,0.00,0.00,0.00,0.00,0.00,0.00,0.00,0.00,0.00,218.87,0.22,29.28
221.86,0.44,96.65,0.00,0.00,0.00,0.00,0.00,0.00,0.00,0.00,0.00,218.12,0.22,28.79
222.25,0.44,96.83,0.00,0.00,0.00,0.00,0.00,0.00,0.00,0.00,0.00,217.70,0.22,28.80
221.72,0.44,96.96,0.00,0.00,0.00,0.00,0.00,0.00,0.00,0.00,0.00,218.47,0.22,29.41
220.77,0.43,95.50,0.00,0.00,0.00,0.00,0.00,0.00,0.00,0.00,0.00,213.29,0.21,27.45
220.28,0.44,96.08,0.00,0.00,0.00,0.00,0.00,0.00,0.00,0.00,0.00,218.99,0.22,29.26
220.22,0.43,95.49,0.00,0.00,0.00,0.00,0.00,0.00,0.00,0.00,0.00,215.66,0.21,28.03
222.15,0.44,97.02,0.00,0.00,0.00,0.00,0.00,0.00,0.00,0.00,0.00,217.49,0.22,28.65
215.78,0.44,94.21,0.00,0.00,0.00,0.00,0.00,0.00,0.00,0.00,0.00,218.52,0.22,28.88
220.27,0.43,95.77,0.00,0.00,0.00,0.00,0.00,0.00,0.00,0.00,0.00,214.49,0.22,28.17
220.95,0.44,96.34,0.00,0.00,0.00,0.00,0.00,0.00,0.00,0.00,0.00,218.56,0.22,28.87
220.88,0.44,96.64,0.00,0.00,0.00,0.00,0.00,0.00,0.00,0.00,0.00,217.68,0.22,29.11
222.11,0.44,96.71,0.00,0.00,0.00,0.00,0.00,0.00,0.00,0.00,0.00,218.08,0.22,28.60
220.22,0.44,95.80,0.00,0.00,0.00,0.00,0.00,0.00,0.00,0.00,0.00,217.31,0.22,28.75
222.28,0.43,96.43,0.00,0.00,0.00,0.00,0.00,0.00,0.00,0.00,0.00,217.10,0.21,28.44
221.24,0.44,96.72,0.00,0.00,0.00,0.00,0.00,0.00,0.00,0.00,0.00,219.20,0.22,29.32
219.99,0.43,95.11,0.00,0.00,0.00,0.00,0.00,0.00,0.00,0.00,0.00,217.82,0.21,28.66
221.90,0.43,96.10,0.00,0.00,0.00,0.00,0.00,0.00,0.00,0.00,0.00,219.67,0.21,28.89
219.38,0.43,95.31,0.00,0.00,0.00,0.00,0.00,0.00,0.00,0.00,0.00,218.37,0.21,28.70
221.68,0.44,96.46,0.00,0.00,0.00,0.00,0.00,0.00,0.00,0.00,0.00,218.25,0.22,28.54
221.58,0.43,96.09,0.00,0.00,0.00,0.00,0.00,0.00,0.00,0.00,0.00,216.24,0.21,28.30
222.44,0.43,95.67,0.00,0.00,0.00,0.00,0.00,0.00,0.00,0.00,0.00,216.78,0.21,27.99
222.75,0.44,96.93,0.00,0.00,0.00,0.00,0.00,0.00,0.00,0.00,0.00,220.12,0.22,29.20
222.63,0.44,96.87,0.00,0.00,0.00,0.00,0.00,0.00,0.00,0.00,0.00,219.22,0.22,28.96
222.24,0.43,96.26,0.00,0.00,0.00,0.00,0.00,0.00,0.00,0.00,0.00,218.89,0.21,28.66
217.68,0.43,93.84,0.00,0.00,0.00,0.00,0.00,0.00,0.00,0.00,0.00,214.63,0.21,27.67
223.17,0.43,96.72,0.00,0.00,0.00,0.00,0.00,0.00,0.00,0.00,0.00,217.73,0.21,28.45
217.82,0.43,93.18,0.00,0.00,0.00,0.00,0.00,0.00,0.00,0.00,0.00,213.42,0.21,27.11
218.69,0.43,94.66,0.00,0.00,0.00,0.00,0.00,0.00,0.00,0.00,0.00,220.32,0.21,28.80
221.38,0.43,95.03,0.00,0.00,0.00,0.00,0.00,0.00,0.00,0.00,0.00,212.92,0.21,27.44
221.30,0.43,95.03,0.00,0.00,0.00,0.00,0.00,0.00,0.00,0.00,0.00,219.44,0.21,28.65
223.30,0.44,97.27,0.00,0.00,0.00,0.00,0.00,0.00,0.00,0.00,0.00,217.74,0.22,28.63
220.43,0.43,94.94,0.00,0.00,0.00,0.00,0.00,0.00,0.00,0.00,0.00,218.67,0.21,28.47
221.22,0.43,95.82,0.00,0.00,0.00,0.00,0.00,0.00,0.00,0.00,0.00,218.51,0.21,28.66
223.19,0.43,95.91,0.00,0.00,0.00,0.00,0.00,0.00,0.00,0.00,0.00,217.42,0.21,28.10
220.33,0.43,95.71,0.00,0.00,0.00,0.00,0.00,0.00,0.00,0.00,0.00,219.32,0.21,29.19
221.59,0.43,95.97,0.00,0.00,0.00,0.00,0.00,0.00,0.00,0.00,0.00,215.39,0.21,28.10
217.37,0.43,93.83,0.00,0.00,0.00,0.00,0.00,0.00,0.00,0.00,0.00,219.06,0.21,28.62
221.95,0.44,96.69,0.00,0.00,0.00,0.00,0.00,0.00,0.00,0.00,0.00,219.36,0.22,28.87
220.26,0.43,94.47,0.00,0.00,0.00,0.00,0.00,0.00,0.00,0.00,0.00,215.26,0.21,27.60
222.75,0.43,96.15,0.00,0.00,0.00,0.00,0.00,0.00,0.00,0.00,0.00,217.92,0.21,28.17
219.69,0.44,96.22,0.00,0.00,0.00,0.00,0.00,0.00,0.00,0.00,0.00,219.51,0.22,29.71
221.59,0.43,95.67,0.00,0.00,0.00,0.00,0.00,0.00,0.00,0.00,0.00,217.53,0.21,28.32
221.55,0.43,96.01,0.00,0.00,0.00,0.00,0.00,0.00,0.00,0.00,0.00,216.34,0.21,28.39
221.29,0.43,95.93,0.00,0.00,0.00,0.00,0.00,0.00,0.00,0.00,0.00,219.72,0.21,29.06
220.87,0.43,95.93,0.00,0.00,0.00,0.00,0.00,0.00,0.00,0.00,0.00,217.41,0.21,28.78
221.74,0.43,95.38,0.00,0.00,0.00,0.00,0.00,0.00,0.00,0.00,0.00,214.91,0.21,27.44
220.46,0.44,95.93,0.00,0.00,0.00,0.00,0.00,0.00,0.00,0.00,0.00,217.94,0.22,28.53
221.75,0.43,95.31,0.00,0.00,0.00,0.00,0.00,0.00,0.00,0.00,0.00,213.28,0.21,27.01
220.95,0.43,95.58,0.00,0.00,0.00,0.00,0.00,0.00,0.00,0.00,0.00,219.52,0.21,28.51
220.32,0.43,94.65,0.00,0.00,0.00,0.00,0.00,0.00,0.00,0.00,0.00,220.30,0.21,28.17
216.63,0.43,93.96,0.00,0.00,0.00,0.00,0.00,0.00,0.00,0.00,0.00,218.07,0.21,28.62
220.51,0.43,94.86,0.00,0.00,0.00,0.00,0.00,0.00,0.00,0.00,0.00,214.98,0.21,27.71
223.74,0.44,97.42,0.00,0.00,0.00,0.00,0.00,0.00,0.00,0.00,0.00,218.09,0.22,28.31
219.21,0.43,94.70,0.00,0.00,0.00,0.00,0.00,0.00,0.00,0.00,0.00,218.95,0.21,28.68
220.75,0.43,95.88,0.00,0.00,0.00,0.00,0.00,0.00,0.00,0.00,0.00,218.63,0.21,28.69
219.77,0.44,95.82,0.00,0.00,0.00,0.00,0.00,0.00,0.00,0.00,0.00,220.80,0.22,29.34
222.76,0.43,95.18,0.00,0.00,0.00,0.00,0.00,0.00,0.00,0.00,0.00,216.68,0.21,27.57
220.96,0.43,95.70,0.00,0.00,0.00,0.00,0.00,0.00,0.00,0.00,0.00,220.13,0.21,28.67
221.82,0.43,96.40,0.00,0.00,0.00,0.00,0.00,0.00,0.00,0.00,0.00,219.87,0.22,28.84
222.35,0.43,95.61,0.00,0.00,0.00,0.00,0.00,0.00,0.00,0.00,0.00,216.94,0.21,28.01
221.48,0.43,94.98,0.00,0.00,0.00,0.00,0.00,0.00,0.00,0.00,0.00,217.20,0.21,27.98
223.44,0.43,96.69,0.00,0.00,0.00,0.00,0.00,0.00,0.00,0.00,0.00,219.54,0.21,28.65
221.74,0.43,95.11,0.00,0.00,0.00,0.00,0.00,0.00,0.00,0.00,0.00,215.92,0.21,27.65
224.39,0.43,96.35,0.00,0.00,0.00,0.00,0.00,0.00,0.00,0.00,0.00,215.79,0.21,27.42
221.04,0.43,95.90,0.00,0.00,0.00,0.00,0.00,0.00,0.00,0.00,0.00,218.89,0.21,28.97
222.07,0.43,95.53,0.00,0.00,0.00,0.00,0.00,0.00,0.00,0.00,0.00,217.78,0.21,28.51
223.39,0.43,96.67,0.00,0.00,0.00,0.00,0.00,0.00,0.00,0.00,0.00,220.06,0.21,28.88
219.74,0.43,95.34,0.00,0.00,0.00,0.00,0.00,0.00,0.00,0.00,0.00,219.18,0.21,28.70
223.00,0.43,96.38,0.00,0.00,0.00,0.00,0.00,0.00,0.00,0.00,0.00,217.87,0.21,28.38
221.39,0.43,95.52,0.00,0.00,0.00,0.00,0.00,0.00,0.00,0.00,0.00,218.67,0.21,28.68
224.14,0.43,96.00,0.00,0.00,0.00,0.00,0.00,0.00,0.00,0.00,0.00,216.54,0.21,27.59
223.89,0.43,96.27,0.00,0.00,0.00,0.00,0.00,0.00,0.00,0.00,0.00,217.51,0.21,28.18
219.60,0.43,95.17,0.00,0.00,0.00,0.00,0.00,0.00,0.00,0.00,0.00,218.63,0.21,28.58
221.51,0.43,95.14,0.00,0.00,0.00,0.00,0.00,0.00,0.00,0.00,0.00,218.50,0.21,28.16
220.55,0.43,94.98,0.00,0.00,0.00,0.00,0.00,0.00,0.00,0.00,0.00,219.47,0.21,28.80
221.11,0.43,95.48,0.00,0.00,0.00,0.00,0.00,0.00,0.00,0.00,0.00,218.04,0.21,28.21
222.94,0.43,95.86,0.00,0.00,0.00,0.00,0.00,0.00,0.00,0.00,0.00,218.05,0.21,28.20
221.35,0.43,95.34,0.00,0.00,0.00,0.00,0.00,0.00,0.00,0.00,0.00,220.40,0.21,28.82
220.47,0.43,94.95,0.00,0.00,0.00,0.00,0.00,0.00,0.00,0.00,0.00,218.53,0.21,28.11
220.49,0.43,94.23,0.00,0.00,0.00,0.00,0.00,0.00,0.00,0.00,0.00,214.82,0.21,27.47
222.89,0.43,95.78,0.00,0.00,0.00,0.00,0.00,0.00,0.00,0.00,0.00,217.51,0.21,27.86
220.90,0.43,94.99,0.00,0.00,0.00,0.00,0.00,0.00,0.00,0.00,0.00,217.92,0.21,28.05
220.74,0.43,95.56,0.00,0.00,0.00,0.00,0.00,0.00,0.00,0.00,0.00,217.87,0.21,28.51
222.03,0.43,94.74,0.00,0.00,0.00,0.00,0.00,0.00,0.00,0.00,0.00,217.67,0.21,27.45
223.94,0.43,96.80,0.00,0.00,0.00,0.00,0.00,0.00,0.00,0.00,0.00,218.89,0.21,28.55
217.77,0.43,93.38,0.00,0.00,0.00,0.00,0.00,0.00,0.00,0.00,0.00,218.57,0.21,28.28
221.36,0.43,95.63,0.00,0.00,0.00,0.00,0.00,0.00,0.00,0.00,0.00,219.22,0.21,28.73
221.63,0.43,94.73,0.00,0.00,0.00,0.00,0.00,0.00,0.00,0.00,0.00,217.79,0.21,27.83
219.33,0.43,94.51,0.00,0.00,0.00,0.00,0.00,0.00,0.00,0.00,0.00,219.47,0.21,28.52
219.38,0.43,95.05,0.00,0.00,0.00,0.00,0.00,0.00,0.00,0.00,0.00,220.44,0.21,28.78
220.23,0.43,95.19,0.00,0.00,0.00,0.00,0.00,0.00,0.00,0.00,0.00,218.88,0.21,28.52
220.38,0.43,94.78,0.00,0.00,0.00,0.00,0.00,0.00,0.00,0.00,0.00,218.87,0.21,28.40
218.82,0.43,94.54,0.00,0.00,0.00,0.00,0.00,0.00,0.00,0.00,0.00,218.80,0.21,28.27
221.98,0.43,95.08,0.00,0.00,0.00,0.00,0.00,0.00,0.00,0.00,0.00,219.35,0.21,28.08
221.97,0.43,95.99,0.00,0.00,0.00,0.00,0.00,0.00,0.00,0.00,0.00,223.06,0.21,28.40
220.14,0.43,94.81,0.00,0.00,0.00,0.00,0.00,0.00,0.00,0.00,0.00,218.74,0.21,28.47
224.21,0.43,96.53,0.00,0.00,0.00,0.00,0.00,0.00,0.00,0.00,0.00,219.09,0.21,28.41
222.49,0.43,96.22,0.00,0.00,0.00,0.00,0.00,0.00,0.00,0.00,0.00,219.53,0.21,28.58
220.05,0.43,94.62,0.00,0.00,0.00,0.00,0.00,0.00,0.00,0.00,0.00,217.40,0.21,27.96
224.58,0.43,96.04,0.00,0.00,0.00,0.00,0.00,0.00,0.00,0.00,0.00,217.92,0.21,27.62
221.56,0.43,95.46,0.00,0.00,0.00,0.00,0.00,0.00,0.00,0.00,0.00,218.85,0.21,28.48
220.85,0.43,95.33,0.00,0.00,0.00,0.00,0.00,0.00,0.00,0.00,0.00,218.13,0.21,28.26
222.29,0.43,95.67,0.00,0.00,0.00,0.00,0.00,0.00,0.00,0.00,0.00,217.32,0.21,27.69
222.13,0.43,95.61,0.00,0.00,0.00,0.00,0.00,0.00,0.00,0.00,0.00,219.27,0.21,28.49
222.81,0.43,96.08,0.00,0.00,0.00,0.00,0.00,0.00,0.00,0.00,0.00,218.14,0.21,28.36
223.83,0.43,95.91,0.00,0.00,0.00,0.00,0.00,0.00,0.00,0.00,0.00,215.35,0.21,27.40
219.36,0.43,93.78,0.00,0.00,0.00,0.00,0.00,0.00,0.00,0.00,0.00,216.97,0.21,27.66
223.65,0.43,95.99,0.00,0.00,0.00,0.00,0.00,0.00,0.00,0.00,0.00,217.68,0.21,27.57
222.45,0.43,95.29,0.00,0.00,0.00,0.00,0.00,0.00,0.00,0.00,0.00,218.11,0.21,27.83
222.23,0.43,95.29,0.00,0.00,0.00,0.00,0.00,0.00,0.00,0.00,0.00,218.62,0.21,28.29
222.36,0.43,95.94,0.00,0.00,0.00,0.00,0.00,0.00,0.00,0.00,0.00,218.73,0.21,28.54
223.80,0.43,95.96,0.00,0.00,0.00,0.00,0.00,0.00,0.00,0.00,0.00,219.87,0.21,28.15
220.23,0.43,94.52,0.00,0.00,0.00,0.00,0.00,0.00,0.00,0.00,0.00,217.08,0.21,27.44
222.01,0.43,95.34,0.00,0.00,0.00,0.00,0.00,0.00,0.00,0.00,0.00,218.49,0.21,27.94
221.57,0.43,95.23,0.00,0.00,0.00,0.00,0.00,0.00,0.00,0.00,0.00,219.13,0.21,28.13
218.47,0.43,93.88,0.00,0.00,0.00,0.00,0.00,0.00,0.00,0.00,0.00,221.12,0.21,28.29
223.70,0.43,95.81,0.00,0.00,0.00,0.00,0.00,0.00,0.00,0.00,0.00,218.00,0.21,27.70
223.96,0.43,96.02,0.00,0.00,0.00,0.00,0.00,0.00,0.00,0.00,0.00,220.13,0.21,28.17
222.12,0.43,96.03,0.00,0.00,0.00,0.00,0.00,0.00,0.00,0.00,0.00,219.21,0.21,28.39
222.36,0.43,94.94,0.00,0.00,0.00,0.00,0.00,0.00,0.00,0.00,0.00,218.11,0.21,27.51
222.51,0.42,94.56,0.00,0.00,0.00,0.00,0.00,0.00,0.00,0.00,0.00,217.51,0.21,27.56
220.43,0.43,94.67,0.00,0.00,0.00,0.00,0.00,0.00,0.00,0.00,0.00,218.69,0.21,28.02
219.43,0.43,94.64,0.00,0.00,0.00,0.00,0.00,0.00,0.00,0.00,0.00,218.01,0.21,28.08
220.30,0.43,95.08,0.00,0.00,0.00,0.00,0.00,0.00,0.00,0.00,0.00,218.29,0.21,28.19
219.42,0.43,94.31,0.00,0.00,0.00,0.00,0.00,0.00,0.00,0.00,0.00,219.83,0.21,28.35
222.32,0.43,95.31,0.00,0.00,0.00,0.00,0.00,0.00,0.00,0.00,0.00,217.48,0.21,27.69
222.48,0.43,95.06,0.00,0.00,0.00,0.00,0.00,0.00,0.00,0.00,0.00,220.47,0.21,28.28
220.91,0.43,94.91,0.00,0.00,0.00,0.00,0.00,0.00,0.00,0.00,0.00,218.19,0.21,28.19
222.76,0.43,95.30,0.00,0.00,0.00,0.00,0.00,0.00,0.00,0.00,0.00,216.41,0.21,27.45
220.27,0.43,93.94,0.00,0.00,0.00,0.00,0.00,0.00,0.00,0.00,0.00,213.87,0.21,26.78
221.60,0.43,94.82,0.00,0.00,0.00,0.00,0.00,0.00,0.00,0.00,0.00,218.58,0.21,28.30
223.90,0.43,95.70,0.00,0.00,0.00,0.00,0.00,0.00,0.00,0.00,0.00,217.91,0.21,27.67
221.06,0.43,94.70,0.00,0.00,0.00,0.00,0.00,0.00,0.00,0.00,0.00,219.28,0.21,28.23
223.66,0.43,96.45,0.00,0.00,0.00,0.00,0.00,0.00,0.00,0.00,0.00,219.11,0.21,28.55
222.38,0.43,95.21,0.00,0.00,0.00,0.00,0.00,0.00,0.00,0.00,0.00,220.44,0.21,28.75
220.03,0.43,94.61,0.00,0.00,0.00,0.00,0.00,0.00,0.00,0.00,0.00,220.50,0.21,28.69
217.86,0.43,93.07,0.00,0.00,0.00,0.00,0.00,0.00,0.00,0.00,0.00,217.15,0.21,27.47
227.11,0.43,97.91,0.00,0.00,0.00,0.00,0.00,0.00,0.00,0.00,0.00,220.71,0.21,27.97
219.62,0.43,94.34,0.00,0.00,0.00,0.00,0.00,0.00,0.00,0.00,0.00,218.57,0.21,28.19
220.17,0.43,94.59,0.00,0.00,0.00,0.00,0.00,0.00,0.00,0.00,0.00,218.91,0.21,27.95
223.21,0.43,95.85,0.00,0.00,0.00,0.00,0.00,0.00,0.00,0.00,0.00,218.38,0.21,28.02
222.29,0.43,94.58,0.00,0.00,0.00,0.00,0.00,0.00,0.00,0.00,0.00,217.36,0.21,27.54
221.53,0.43,95.65,0.00,0.00,0.00,0.00,0.00,0.00,0.00,0.00,0.00,219.81,0.21,28.35
221.57,0.42,94.12,0.00,0.00,0.00,0.00,0.00,0.00,0.00,0.00,0.00,217.79,0.21,27.49
220.79,0.43,95.29,0.00,0.00,0.00,0.00,0.00,0.00,0.00,0.00,0.00,220.85,0.21,29.16
220.99,0.43,94.82,0.00,0.00,0.00,0.00,0.00,0.00,0.00,0.00,0.00,218.68,0.21,28.14
223.19,0.42,94.77,0.00,0.00,0.00,0.00,0.00,0.00,0.00,0.00,0.00,217.11,0.21,27.23
222.48,0.43,95.09,0.00,0.00,0.00,0.00,0.00,0.00,0.00,0.00,0.00,219.42,0.21,27.97
223.17,0.43,95.01,0.00,0.00,0.00,0.00,0.00,0.00,0.00,0.00,0.00,219.01,0.21,27.75
221.13,0.43,94.12,0.00,0.00,0.00,0.00,0.00,0.00,0.00,0.00,0.00,219.28,0.21,28.02
222.09,0.43,95.28,0.00,0.00,0.00,0.00,0.00,0.00,0.00,0.00,0.00,219.43,0.21,28.01
223.71,0.43,95.86,0.00,0.00,0.00,0.00,0.00,0.00,0.00,0.00,0.00,217.35,0.21,27.56
221.82,0.43,95.31,0.00,0.00,0.00,0.00,0.00,0.00,0.00,0.00,0.00,219.47,0.21,28.66
221.71,0.43,95.46,0.00,0.00,0.00,0.00,0.00,0.00,0.00,0.00,0.00,217.74,0.21,28.42
224.29,0.42,95.02,0.00,0.00,0.00,0.00,0.00,0.00,0.00,0.00,0.00,218.00,0.20,27.40
222.49,0.43,94.81,0.00,0.00,0.00,0.00,0.00,0.00,0.00,0.00,0.00,218.54,0.21,27.73
220.71,0.43,94.19,0.00,0.00,0.00,0.00,0.00,0.00,0.00,0.00,0.00,216.88,0.21,27.21
223.38,0.43,96.02,0.00,0.00,0.00,0.00,0.00,0.00,0.00,0.00,0.00,220.16,0.21,27.97
220.36,0.43,93.65,0.00,0.00,0.00,0.00,0.00,0.00,0.00,0.00,0.00,218.24,0.21,27.64
223.04,0.43,95.73,0.00,0.00,0.00,0.00,0.00,0.00,0.00,0.00,0.00,219.32,0.21,28.31
222.56,0.43,95.50,0.00,0.00,0.00,0.00,0.00,0.00,0.00,0.00,0.00,219.26,0.21,28.12
222.43,0.43,95.07,0.00,0.00,0.00,0.00,0.00,0.00,0.00,0.00,0.00,218.37,0.21,27.62
224.21,0.43,95.79,0.00,0.00,0.00,0.00,0.00,0.00,0.00,0.00,0.00,218.94,0.21,27.89
220.04,0.43,93.86,0.00,0.00,0.00,0.00,0.00,0.00,0.00,0.00,0.00,218.29,0.21,27.74
223.91,0.43,96.72,0.00,0.00,0.00,0.00,0.00,0.00,0.00,0.00,0.00,218.72,0.21,28.30
220.71,0.43,94.65,0.00,0.00,0.00,0.00,0.00,0.00,0.00,0.00,0.00,219.55,0.21,28.23
221.98,0.42,94.18,0.00,0.00,0.00,0.00,0.00,0.00,0.00,0.00,0.00,215.02,0.20,26.60
223.63,0.43,95.52,0.00,0.00,0.00,0.00,0.00,0.00,0.00,0.00,0.00,218.93,0.21,27.95
221.16,0.43,94.46,0.00,0.00,0.00,0.00,0.00,0.00,0.00,0.00,0.00,217.21,0.21,27.52
221.26,0.43,95.63,0.00,0.00,0.00,0.00,0.00,0.00,0.00,0.00,0.00,220.77,0.21,28.73
221.55,0.43,95.22,0.00,0.00,0.00,0.00,0.00,0.00,0.00,0.00,0.00,217.77,0.21,27.88
223.66,0.42,94.93,0.00,0.00,0.00,0.00,0.00,0.00,0.00,0.00,0.00,218.66,0.20,27.76
220.96,0.43,95.12,0.00,0.00,0.00,0.00,0.00,0.00,0.00,0.00,0.00,219.35,0.21,28.12
221.51,0.43,94.79,0.00,0.00,0.00,0.00,0.00,0.00,0.00,0.00,0.00,216.70,0.21,27.44
221.43,0.43,94.30,0.00,0.00,0.00,0.00,0.00,0.00,0.00,0.00,0.00,218.42,0.21,27.89
220.29,0.43,95.00,0.00,0.00,0.00,0.00,0.00,0.00,0.00,0.00,0.00,220.99,0.21,28.83
223.00,0.43,95.67,0.00,0.00,0.00,0.00,0.00,0.00,0.00,0.00,0.00,218.08,0.21,27.83
223.84,0.43,95.39,0.00,0.00,0.00,0.00,0.00,0.00,0.00,0.00,0.00,217.84,0.21,27.57
219.42,0.43,94.23,0.00,0.00,0.00,0.00,0.00,0.00,0.00,0.00,0.00,217.93,0.21,27.73
222.55,0.43,95.56,0.00,0.00,0.00,0.00,0.00,0.00,0.00,0.00,0.00,217.23,0.21,27.61
221.44,0.43,95.06,0.00,0.00,0.00,0.00,0.00,0.00,0.00,0.00,0.00,218.47,0.21,27.40
225.14,0.43,96.19,0.00,0.00,0.00,0.00,0.00,0.00,0.00,0.00,0.00,219.46,0.21,28.16
220.73,0.43,94.18,0.00,0.00,0.00,0.00,0.00,0.00,0.00,0.00,0.00,218.28,0.21,27.54
220.45,0.43,94.69,0.00,0.00,0.00,0.00,0.00,0.00,0.00,0.00,0.00,217.06,0.21,27.43
222.94,0.43,95.17,0.00,0.00,0.00,0.00,0.00,0.00,0.00,0.00,0.00,218.34,0.21,27.64
221.25,0.43,95.09,0.00,0.00,0.00,0.00,0.00,0.00,0.00,0.00,0.00,217.19,0.21,27.79
222.85,0.43,96.06,0.00,0.00,0.00,0.00,0.00,0.00,0.00,0.00,0.00,218.74,0.21,28.07
221.48,0.43,95.13,0.00,0.00,0.00,0.00,0.00,0.00,0.00,0.00,0.00,218.69,0.21,27.81
221.47,0.43,94.79,0.00,0.00,0.00,0.00,0.00,0.00,0.00,0.00,0.00,217.66,0.21,27.55
222.42,0.43,95.33,0.00,0.00,0.00,0.00,0.00,0.00,0.00,0.00,0.00,218.10,0.21,28.09
220.12,0.43,94.51,0.00,0.00,0.00,0.00,0.00,0.00,0.00,0.00,0.00,218.57,0.21,28.28
222.62,0.42,94.56,0.00,0.00,0.00,0.00,0.00,0.00,0.00,0.00,0.00,218.14,0.21,27.31
222.56,0.43,95.56,0.00,0.00,0.00,0.00,0.00,0.00,0.00,0.00,0.00,219.12,0.21,28.12
221.67,0.43,94.87,0.00,0.00,0.00,0.00,0.00,0.00,0.00,0.00,0.00,218.05,0.21,27.68
223.25,0.42,94.75,0.00,0.00,0.00,0.00,0.00,0.00,0.00,0.00,0.00,215.45,0.20,26.99
220.20,0.42,93.45,0.00,0.00,0.00,0.00,0.00,0.00,0.00,0.00,0.00,218.43,0.20,27.59
222.15,0.43,94.52,0.00,0.00,0.00,0.00,0.00,0.00,0.00,0.00,0.00,218.08,0.21,27.38
222.18,0.43,95.11,0.00,0.00,0.00,0.00,0.00,0.00,0.00,0.00,0.00,219.97,0.21,28.41
222.20,0.43,95.34,0.00,0.00,0.00,0.00,0.00,0.00,0.00,0.00,0.00,217.87,0.21,27.83
223.91,0.43,95.29,0.00,0.00,0.00,0.00,0.00,0.00,0.00,0.00,0.00,217.69,0.21,27.61
222.10,0.43,94.89,0.00,0.00,0.00,0.00,0.00,0.00,0.00,0.00,0.00,217.94,0.21,27.21
220.38,0.43,94.63,0.00,0.00,0.00,0.00,0.00,0.00,0.00,0.00,0.00,217.17,0.21,28.00
226.40,0.43,96.79,0.00,0.00,0.00,0.00,0.00,0.00,0.00,0.00,0.00,225.89,0.21,29.35
221.35,0.43,94.44,0.00,0.00,0.00,0.00,0.00,0.00,0.00,0.00,0.00,219.23,0.21,28.07
219.87,0.43,93.71,0.00,0.00,0.00,0.00,0.00,0.00,0.00,0.00,0.00,216.30,0.21,27.44
222.67,0.42,94.30,0.00,0.00,0.00,0.00,0.00,0.00,0.00,0.00,0.00,218.19,0.20,27.29
221.87,0.43,94.86,0.00,0.00,0.00,0.00,0.00,0.00,0.00,0.00,0.00,218.24,0.21,27.75
221.37,0.43,94.70,0.00,0.00,0.00,0.00,0.00,0.00,0.00,0.00,0.00,218.36,0.21,27.75
219.68,0.43,93.65,0.00,0.00,0.00,0.00,0.00,0.00,0.00,0.00,0.00,218.59,0.21,27.91
221.68,0.43,95.03,0.00,0.00,0.00,0.00,0.00,0.00,0.00,0.00,0.00,217.72,0.21,27.45
223.07,0.43,95.33,0.00,0.00,0.00,0.00,0.00,0.00,0.00,0.00,0.00,218.05,0.21,27.64
219.85,0.43,94.06,0.00,0.00,0.00,0.00,0.00,0.00,0.00,0.00,0.00,217.75,0.21,27.80
222.85,0.43,95.92,0.00,0.00,0.00,0.00,0.00,0.00,0.00,0.00,0.00,218.00,0.21,27.95
222.10,0.42,94.34,0.00,0.00,0.00,0.00,0.00,0.00,0.00,0.00,0.00,217.69,0.21,27.28
220.53,0.43,94.19,0.00,0.00,0.00,0.00,0.00,0.00,0.00,0.00,0.00,218.98,0.21,28.09
220.26,0.43,94.65,0.00,0.00,0.00,0.00,0.00,0.00,0.00,0.00,0.00,216.97,0.21,28.02
220.77,0.43,94.42,0.00,0.00,0.00,0.00,0.00,0.00,0.00,0.00,0.00,218.04,0.21,27.71
222.71,0.42,94.42,0.00,0.00,0.00,0.00,0.00,0.00,0.00,0.00,0.00,217.50,0.20,27.39
222.06,0.43,95.36,0.00,0.00,0.00,0.00,0.00,0.00,0.00,0.00,0.00,218.76,0.21,27.83
222.47,0.43,94.80,0.00,0.00,0.00,0.00,0.00,0.00,0.00,0.00,0.00,217.96,0.21,27.67
221.78,0.42,94.13,0.00,0.00,0.00,0.00,0.00,0.00,0.00,0.00,0.00,219.85,0.20,27.11
218.38,0.43,93.19,0.00,0.00,0.00,0.00,0.00,0.00,0.00,0.00,0.00,215.26,0.21,26.84
225.67,0.43,96.47,0.00,0.00,0.00,0.00,0.00,0.00,0.00,0.00,0.00,217.59,0.21,27.36
220.63,0.43,93.92,0.00,0.00,0.00,0.00,0.00,0.00,0.00,0.00,0.00,219.05,0.21,27.75
223.07,0.42,93.78,0.00,0.00,0.00,0.00,0.00,0.00,0.00,0.00,0.00,213.88,0.20,25.95
219.90,0.42,93.37,0.00,0.00,0.00,0.00,0.00,0.00,0.00,0.00,0.00,217.66,0.21,27.47
218.95,0.43,93.11,0.00,0.00,0.00,0.00,0.00,0.00,0.00,0.00,0.00,216.76,0.21,27.26
221.33,0.43,94.52,0.00,0.00,0.00,0.00,0.00,0.00,0.00,0.00,0.00,217.16,0.21,27.27
219.66,0.43,93.73,0.00,0.00,0.00,0.00,0.00,0.00,0.00,0.00,0.00,218.52,0.21,27.67
223.20,0.43,94.90,0.00,0.00,0.00,0.00,0.00,0.00,0.00,0.00,0.00,215.48,0.21,26.76
222.08,0.43,94.41,0.00,0.00,0.00,0.00,0.00,0.00,0.00,0.00,0.00,218.10,0.21,27.52
220.70,0.43,94.71,0.00,0.00,0.00,0.00,0.00,0.00,0.00,0.00,0.00,217.96,0.21,27.65
221.59,0.42,93.61,0.00,0.00,0.00,0.00,0.00,0.00,0.00,0.00,0.00,219.45,0.20,27.40
222.17,0.43,95.14,0.00,0.00,0.00,0.00,0.00,0.00,0.00,0.00,0.00,218.40,0.21,28.13
223.26,0.42,94.22,0.00,0.00,0.00,0.00,0.00,0.00,0.00,0.00,0.00,217.58,0.20,26.83
221.49,0.43,94.60,0.00,0.00,0.00,0.00,0.00,0.00,0.00,0.00,0.00,219.27,0.21,27.66
221.90,0.42,93.01,0.00,0.00,0.00,0.00,0.00,0.00,0.00,0.00,0.00,216.45,0.20,25.99
222.80,0.42,94.48,0.00,0.00,0.00,0.00,0.00,0.00,0.00,0.00,0.00,219.06,0.20,27.41
221.26,0.43,94.16,0.00,0.00,0.00,0.00,0.00,0.00,0.00,0.00,0.00,218.78,0.21,27.65
223.72,0.42,94.83,0.00,0.00,0.00,0.00,0.00,0.00,0.00,0.00,0.00,217.29,0.20,26.91
222.95,0.43,95.41,0.00,0.00,0.00,0.00,0.00,0.00,0.00,0.00,0.00,221.40,0.21,28.50
221.68,0.43,94.25,0.00,0.00,0.00,0.00,0.00,0.00,0.00,0.00,0.00,218.04,0.21,27.51
224.14,0.43,95.49,0.00,0.00,0.00,0.00,0.00,0.00,0.00,0.00,0.00,221.40,0.21,27.64
220.23,0.42,93.10,0.00,0.00,0.00,0.00,0.00,0.00,0.00,0.00,0.00,218.04,0.20,27.01
224.04,0.43,95.23,0.00,0.00,0.00,0.00,0.00,0.00,0.00,0.00,0.00,218.94,0.21,27.55
221.17,0.42,93.27,0.00,0.00,0.00,0.00,0.00,0.00,0.00,0.00,0.00,217.19,0.20,26.75
222.22,0.43,94.70,0.00,0.00,0.00,0.00,0.00,0.00,0.00,0.00,0.00,218.75,0.21,27.36
219.87,0.43,93.46,0.00,0.00,0.00,0.00,0.00,0.00,0.00,0.00,0.00,217.93,0.21,27.30
224.90,0.42,94.86,0.00,0.00,0.00,0.00,0.00,0.00,0.00,0.00,0.00,216.07,0.20,26.53
221.47,0.43,94.22,0.00,0.00,0.00,0.00,0.00,0.00,0.00,0.00,0.00,218.60,0.21,28.15
222.78,0.42,93.99,0.00,0.00,0.00,0.00,0.00,0.00,0.00,0.00,0.00,217.72,0.20,26.88
222.86,0.43,94.78,0.00,0.00,0.00,0.00,0.00,0.00,0.00,0.00,0.00,220.08,0.21,27.99
219.69,0.42,93.29,0.00,0.00,0.00,0.00,0.00,0.00,0.00,0.00,0.00,219.66,0.21,27.73
223.32,0.42,93.86,0.00,0.00,0.00,0.00,0.00,0.00,0.00,0.00,0.00,215.26,0.20,26.25
223.32,0.42,94.61,0.00,0.00,0.00,0.00,0.00,0.00,0.00,0.00,0.00,218.90,0.20,27.38
224.47,0.42,94.95,0.00,0.00,0.00,0.00,0.00,0.00,0.00,0.00,0.00,219.15,0.20,27.58
223.72,0.42,94.69,0.00,0.00,0.00,0.00,0.00,0.00,0.00,0.00,0.00,218.76,0.20,27.38
221.98,0.42,94.31,0.00,0.00,0.00,0.00,0.00,0.00,0.00,0.00,0.00,220.28,0.21,27.70
222.05,0.42,94.20,0.00,0.00,0.00,0.00,0.00,0.00,0.00,0.00,0.00,217.70,0.20,27.38
223.27,0.42,94.19,0.00,0.00,0.00,0.00,0.00,0.00,0.00,0.00,0.00,217.46,0.20,26.99
222.95,0.42,94.45,0.00,0.00,0.00,0.00,0.00,0.00,0.00,0.00,0.00,219.95,0.20,27.46
220.31,0.42,92.59,0.00,0.00,0.00,0.00,0.00,0.00,0.00,0.00,0.00,215.00,0.20,26.18
222.86,0.42,94.07,0.00,0.00,0.00,0.00,0.00,0.00,0.00,0.00,0.00,217.45,0.20,27.11
220.85,0.42,93.81,0.00,0.00,0.00,0.00,0.00,0.00,0.00,0.00,0.00,222.98,0.21,28.03
222.89,0.42,93.62,0.00,0.00,0.00,0.00,0.00,0.00,0.00,0.00,0.00,215.93,0.20,25.91
223.03,0.42,94.67,0.00,0.00,0.00,0.00,0.00,0.00,0.00,0.00,0.00,219.58,0.20,27.83
220.15,0.43,93.80,0.00,0.00,0.00,0.00,0.00,0.00,0.00,0.00,0.00,221.20,0.21,27.86
221.85,0.42,93.93,0.00,0.00,0.00,0.00,0.00,0.00,0.00,0.00,0.00,219.11,0.20,27.43
221.67,0.42,93.71,0.00,0.00,0.00,0.00,0.00,0.00,0.00,0.00,0.00,220.24,0.20,27.68
220.24,0.43,93.65,0.00,0.00,0.00,0.00,0.00,0.00,0.00,0.00,0.00,218.59,0.21,27.47
224.02,0.42,94.40,0.00,0.00,0.00,0.00,0.00,0.00,0.00,0.00,0.00,217.51,0.20,27.10
221.23,0.43,94.13,0.00,0.00,0.00,0.00,0.00,0.00,0.00,0.00,0.00,220.03,0.21,27.57
223.95,0.42,94.21,0.00,0.00,0.00,0.00,0.00,0.00,0.00,0.00,0.00,218.69,0.20,26.60
222.19,0.42,93.88,0.00,0.00,0.00,0.00,0.00,0.00,0.00,0.00,0.00,220.11,0.20,27.67
222.23,0.42,93.78,0.00,0.00,0.00,0.00,0.00,0.00,0.00,0.00,0.00,218.28,0.20,27.50
224.41,0.42,94.96,0.00,0.00,0.00,0.00,0.00,0.00,0.00,0.00,0.00,218.44,0.20,27.51
217.79,0.42,91.63,0.00,0.00,0.00,0.00,0.00,0.00,0.00,0.00,0.00,219.95,0.20,27.48
223.20,0.42,93.75,0.00,0.00,0.00,0.00,0.00,0.00,0.00,0.00,0.00,218.11,0.20,26.99
221.72,0.42,93.05,0.00,0.00,0.00,0.00,0.00,0.00,0.00,0.00,0.00,218.78,0.20,27.20
221.02,0.42,92.05,0.00,0.00,0.00,0.00,0.00,0.00,0.00,0.00,0.00,214.66,0.20,25.59
223.67,0.42,94.24,0.00,0.00,0.00,0.00,0.00,0.00,0.00,0.00,0.00,217.87,0.20,26.98
222.50,0.42,93.86,0.00,0.00,0.00,0.00,0.00,0.00,0.00,0.00,0.00,218.42,0.20,27.36
223.54,0.42,93.86,0.00,0.00,0.00,0.00,0.00,0.00,0.00,0.00,0.00,217.17,0.20,26.93
222.95,0.42,93.62,0.00,0.00,0.00,0.00,0.00,0.00,0.00,0.00,0.00,219.87,0.20,27.17
221.50,0.42,92.57,0.00,0.00,0.00,0.00,0.00,0.00,0.00,0.00,0.00,217.82,0.20,26.55
222.98,0.42,94.23,0.00,0.00,0.00,0.00,0.00,0.00,0.00,0.00,0.00,219.04,0.20,27.42
225.50,0.42,95.15,0.00,0.00,0.00,0.00,0.00,0.00,0.00,0.00,0.00,219.65,0.20,27.37
223.63,0.42,93.79,0.00,0.00,0.00,0.00,0.00,0.00,0.00,0.00,0.00,223.05,0.20,26.83
222.82,0.42,93.11,0.00,0.00,0.00,0.00,0.00,0.00,0.00,0.00,0.00,214.86,0.20,26.15
221.16,0.42,93.26,0.00,0.00,0.00,0.00,0.00,0.00,0.00,0.00,0.00,218.44,0.20,27.04
224.28,0.42,93.74,0.00,0.00,0.00,0.00,0.00,0.00,0.00,0.00,0.00,214.38,0.20,25.89
220.89,0.42,93.24,0.00,0.00,0.00,0.00,0.00,0.00,0.00,0.00,0.00,219.16,0.20,27.38
221.20,0.42,92.80,0.00,0.00,0.00,0.00,0.00,0.00,0.00,0.00,0.00,214.97,0.20,26.22
224.20,0.42,95.05,0.00,0.00,0.00,0.00,0.00,0.00,0.00,0.00,0.00,220.29,0.20,27.60
222.08,0.42,94.00,0.00,0.00,0.00,0.00,0.00,0.00,0.00,0.00,0.00,219.92,0.20,27.60
222.72,0.42,94.14,0.00,0.00,0.00,0.00,0.00,0.00,0.00,0.00,0.00,219.36,0.20,27.03
220.91,0.43,93.91,0.00,0.00,0.00,0.00,0.00,0.00,0.00,0.00,0.00,219.24,0.21,27.61
222.68,0.42,94.39,0.00,0.00,0.00,0.00,0.00,0.00,0.00,0.00,0.00,218.45,0.20,27.28
222.95,0.42,93.86,0.00,0.00,0.00,0.00,0.00,0.00,0.00,0.00,0.00,218.89,0.20,27.17
221.60,0.42,92.79,0.00,0.00,0.00,0.00,0.00,0.00,0.00,0.00,0.00,217.09,0.20,26.56
223.57,0.42,94.66,0.00,0.00,0.00,0.00,0.00,0.00,0.00,0.00,0.00,218.47,0.20,27.30
222.72,0.43,94.82,0.00,0.00,0.00,0.00,0.00,0.00,0.00,0.00,0.00,219.70,0.21,27.47
222.72,0.42,93.81,0.00,0.00,0.00,0.00,0.00,0.00,0.00,0.00,0.00,217.68,0.20,26.96
220.38,0.42,93.53,0.00,0.00,0.00,0.00,0.00,0.00,0.00,0.00,0.00,219.29,0.20,27.83
223.19,0.42,93.66,0.00,0.00,0.00,0.00,0.00,0.00,0.00,0.00,0.00,217.79,0.20,26.74
224.24,0.42,94.31,0.00,0.00,0.00,0.00,0.00,0.00,0.00,0.00,0.00,218.60,0.20,26.94
222.12,0.42,93.35,0.00,0.00,0.00,0.00,0.00,0.00,0.00,0.00,0.00,218.11,0.20,26.70
223.96,0.42,94.45,0.00,0.00,0.00,0.00,0.00,0.00,0.00,0.00,0.00,221.80,0.20,28.03
221.92,0.42,93.47,0.00,0.00,0.00,0.00,0.00,0.00,0.00,0.00,0.00,219.58,0.20,27.07
222.79,0.42,93.99,0.00,0.00,0.00,0.00,0.00,0.00,0.00,0.00,0.00,221.97,0.20,27.34
218.74,0.42,91.05,0.00,0.00,0.00,0.00,0.00,0.00,0.00,0.00,0.00,215.14,0.20,25.89
223.27,0.42,93.73,0.00,0.00,0.00,0.00,0.00,0.00,0.00,0.00,0.00,218.93,0.20,26.92
222.21,0.42,94.27,0.00,0.00,0.00,0.00,0.00,0.00,0.00,0.00,0.00,220.50,0.20,27.50
222.72,0.42,93.87,0.00,0.00,0.00,0.00,0.00,0.00,0.00,0.00,0.00,218.87,0.20,26.78
223.31,0.42,93.03,0.00,0.00,0.00,0.00,0.00,0.00,0.00,0.00,0.00,214.49,0.20,25.85
222.35,0.42,93.63,0.00,0.00,0.00,0.00,0.00,0.00,0.00,0.00,0.00,219.39,0.20,27.22
221.99,0.42,93.90,0.00,0.00,0.00,0.00,0.00,0.00,0.00,0.00,0.00,217.83,0.20,26.84
223.92,0.42,94.94,0.00,0.00,0.00,0.00,0.00,0.00,0.00,0.00,0.00,220.16,0.20,27.44
218.85,0.42,92.75,0.00,0.00,0.00,0.00,0.00,0.00,0.00,0.00,0.00,219.05,0.20,27.67
223.51,0.42,93.71,0.00,0.00,0.00,0.00,0.00,0.00,0.00,0.00,0.00,219.16,0.20,26.83
221.48,0.43,94.14,0.00,0.00,0.00,0.00,0.00,0.00,0.00,0.00,0.00,219.42,0.21,27.61
222.16,0.42,93.99,0.00,0.00,0.00,0.00,0.00,0.00,0.00,0.00,0.00,218.31,0.20,26.78
219.81,0.42,92.98,0.00,0.00,0.00,0.00,0.00,0.00,0.00,0.00,0.00,219.42,0.20,27.97
221.59,0.42,93.64,0.00,0.00,0.00,0.00,0.00,0.00,0.00,0.00,0.00,218.57,0.20,27.34
223.65,0.42,94.23,0.00,0.00,0.00,0.00,0.00,0.00,0.00,0.00,0.00,219.06,0.20,26.81
222.26,0.42,93.89,0.00,0.00,0.00,0.00,0.00,0.00,0.00,0.00,0.00,219.67,0.20,27.23
222.87,0.42,94.49,0.00,0.00,0.00,0.00,0.00,0.00,0.00,0.00,0.00,218.68,0.20,27.27
221.64,0.42,93.11,0.00,0.00,0.00,0.00,0.00,0.00,0.00,0.00,0.00,216.73,0.20,26.45
223.78,0.42,94.73,0.00,0.00,0.00,0.00,0.00,0.00,0.00,0.00,0.00,219.32,0.20,27.63
219.26,0.42,92.21,0.00,0.00,0.00,0.00,0.00,0.00,0.00,0.00,0.00,219.26,0.20,27.18
224.44,0.42,93.56,0.00,0.00,0.00,0.00,0.00,0.00,0.00,0.00,0.00,218.05,0.20,25.82
227.44,0.42,95.66,0.00,0.00,0.00,0.00,0.00,0.00,0.00,0.00,0.00,218.81,0.20,27.20
220.83,0.42,93.16,0.00,0.00,0.00,0.00,0.00,0.00,0.00,0.00,0.00,218.33,0.20,26.98
222.60,0.41,92.29,0.00,0.00,0.00,0.00,0.00,0.00,0.00,0.00,0.00,215.83,0.20,25.87
222.18,0.42,93.24,0.00,0.00,0.00,0.00,0.00,0.00,0.00,0.00,0.00,218.53,0.20,26.73
223.80,0.42,93.92,0.00,0.00,0.00,0.00,0.00,0.00,0.00,0.00,0.00,217.00,0.20,26.49
222.71,0.42,92.90,0.00,0.00,0.00,0.00,0.00,0.00,0.00,0.00,0.00,219.06,0.20,26.52
223.05,0.42,93.06,0.00,0.00,0.00,0.00,0.00,0.00,0.00,0.00,0.00,218.93,0.20,27.26
222.19,0.42,93.93,0.00,0.00,0.00,0.00,0.00,0.00,0.00,0.00,0.00,220.34,0.20,27.66
220.85,0.42,93.49,0.00,0.00,0.00,0.00,0.00,0.00,0.00,0.00,0.00,218.95,0.20,27.49
223.11,0.42,94.08,0.00,0.00,0.00,0.00,0.00,0.00,0.00,0.00,0.00,219.49,0.20,27.64
223.74,0.42,93.40,0.00,0.00,0.00,0.00,0.00,0.00,0.00,0.00,0.00,218.58,0.20,26.79
223.91,0.42,94.84,0.00,0.00,0.00,0.00,0.00,0.00,0.00,0.00,0.00,219.37,0.20,27.39
223.51,0.42,93.98,0.00,0.00,0.00,0.00,0.00,0.00,0.00,0.00,0.00,218.41,0.20,27.03
220.79,0.42,92.81,0.00,0.00,0.00,0.00,0.00,0.00,0.00,0.00,0.00,218.51,0.20,26.61
223.55,0.42,94.40,0.00,0.00,0.00,0.00,0.00,0.00,0.00,0.00,0.00,219.09,0.20,27.00
221.52,0.42,93.33,0.00,0.00,0.00,0.00,0.00,0.00,0.00,0.00,0.00,219.28,0.20,27.09
221.43,0.42,93.01,0.00,0.00,0.00,0.00,0.00,0.00,0.00,0.00,0.00,218.97,0.20,27.03
224.15,0.42,94.57,0.00,0.00,0.00,0.00,0.00,0.00,0.00,0.00,0.00,218.19,0.20,26.77
223.22,0.42,94.34,0.00,0.00,0.00,0.00,0.00,0.00,0.00,0.00,0.00,218.90,0.20,27.20
222.01,0.42,93.43,0.00,0.00,0.00,0.00,0.00,0.00,0.00,0.00,0.00,217.74,0.20,26.94
221.72,0.43,94.42,0.00,0.00,0.00,0.00,0.00,0.00,0.00,0.00,0.00,217.58,0.21,27.39
221.01,0.42,93.17,0.00,0.00,0.00,0.00,0.00,0.00,0.00,0.00,0.00,218.37,0.20,26.66
223.75,0.42,93.65,0.00,0.00,0.00,0.00,0.00,0.00,0.00,0.00,0.00,218.18,0.20,26.64
221.75,0.42,94.18,0.00,0.00,0.00,0.00,0.00,0.00,0.00,0.00,0.00,219.89,0.21,27.42
222.49,0.42,94.42,0.00,0.00,0.00,0.00,0.00,0.00,0.00,0.00,0.00,217.77,0.20,26.69
223.07,0.42,94.12,0.00,0.00,0.00,0.00,0.00,0.00,0.00,0.00,0.00,220.27,0.20,27.50
223.04,0.42,93.30,0.00,0.00,0.00,0.00,0.00,0.00,0.00,0.00,0.00,218.76,0.20,26.57
220.50,0.42,92.61,0.00,0.00,0.00,0.00,0.00,0.00,0.00,0.00,0.00,220.66,0.20,27.55
223.34,0.42,93.46,0.00,0.00,0.00,0.00,0.00,0.00,0.00,0.00,0.00,216.56,0.20,26.17
223.59,0.42,94.31,0.00,0.00,0.00,0.00,0.00,0.00,0.00,0.00,0.00,218.12,0.20,27.32
223.17,0.42,94.34,0.00,0.00,0.00,0.00,0.00,0.00,0.00,0.00,0.00,217.95,0.20,27.11
223.74,0.42,94.32,0.00,0.00,0.00,0.00,0.00,0.00,0.00,0.00,0.00,218.89,0.20,26.99
222.05,0.42,93.69,0.00,0.00,0.00,0.00,0.00,0.00,0.00,0.00,0.00,220.67,0.20,27.32
223.55,0.42,94.12,0.00,0.00,0.00,0.00,0.00,0.00,0.00,0.00,0.00,217.91,0.20,26.50
221.17,0.42,92.47,0.00,0.00,0.00,0.00,0.00,0.00,0.00,0.00,0.00,216.71,0.20,26.41
222.21,0.42,93.41,0.00,0.00,0.00,0.00,0.00,0.00,0.00,0.00,0.00,218.64,0.20,26.82
224.89,0.42,93.94,0.00,0.00,0.00,0.00,0.00,0.00,0.00,0.00,0.00,218.18,0.20,26.34
222.76,0.43,95.08,0.00,0.00,0.00,0.00,0.00,0.00,0.00,0.00,0.00,220.35,0.21,27.91
222.23,0.42,93.76,0.00,0.00,0.00,0.00,0.00,0.00,0.00,0.00,0.00,217.81,0.20,27.06
223.15,0.42,93.34,0.00,0.00,0.00,0.00,0.00,0.00,0.00,0.00,0.00,219.03,0.20,26.78
220.12,0.42,93.25,0.00,0.00,0.00,0.00,0.00,0.00,0.00,0.00,0.00,219.40,0.20,27.63
224.43,0.42,94.71,0.00,0.00,0.00,0.00,0.00,0.00,0.00,0.00,0.00,217.12,0.20,27.20
223.45,0.42,93.79,0.00,0.00,0.00,0.00,0.00,0.00,0.00,0.00,0.00,218.11,0.20,26.61
220.48,0.42,93.43,0.00,0.00,0.00,0.00,0.00,0.00,0.00,0.00,0.00,219.02,0.20,27.09
224.98,0.42,94.17,0.00,0.00,0.00,0.00,0.00,0.00,0.00,0.00,0.00,217.18,0.20,26.45
222.86,0.42,94.33,0.00,0.00,0.00,0.00,0.00,0.00,0.00,0.00,0.00,220.90,0.20,27.57
222.61,0.42,93.25,0.00,0.00,0.00,0.00,0.00,0.00,0.00,0.00,0.00,218.26,0.20,26.62
222.03,0.42,92.19,0.00,0.00,0.00,0.00,0.00,0.00,0.00,0.00,0.00,214.76,0.20,25.38
222.82,0.42,93.76,0.00,0.00,0.00,0.00,0.00,0.00,0.00,0.00,0.00,219.27,0.20,27.29
221.21,0.42,92.60,0.00,0.00,0.00,0.00,0.00,0.00,0.00,0.00,0.00,216.78,0.20,26.72
224.92,0.43,95.80,0.00,0.00,0.00,0.00,0.00,0.00,0.00,0.00,0.00,218.95,0.21,27.56
221.73,0.42,93.86,0.00,0.00,0.00,0.00,0.00,0.00,0.00,0.00,0.00,219.49,0.20,27.37
222.51,0.42,94.31,0.00,0.00,0.00,0.00,0.00,0.00,0.00,0.00,0.00,218.77,0.20,27.05
221.60,0.42,93.13,0.00,0.00,0.00,0.00,0.00,0.00,0.00,0.00,0.00,218.80,0.20,26.99
223.07,0.42,94.27,0.00,0.00,0.00,0.00,0.00,0.00,0.00,0.00,0.00,219.71,0.20,27.07
219.85,0.42,91.78,0.00,0.00,0.00,0.00,0.00,0.00,0.00,0.00,0.00,218.33,0.20,26.38
222.62,0.42,93.69,0.00,0.00,0.00,0.00,0.00,0.00,0.00,0.00,0.00,219.32,0.20,27.17
222.55,0.43,94.70,0.00,0.00,0.00,0.00,0.00,0.00,0.00,0.00,0.00,217.76,0.21,27.21
223.46,0.42,93.41,0.00,0.00,0.00,0.00,0.00,0.00,0.00,0.00,0.00,216.12,0.20,26.23
222.75,0.42,94.04,0.00,0.00,0.00,0.00,0.00,0.00,0.00,0.00,0.00,219.43,0.20,27.33
222.94,0.42,93.61,0.00,0.00,0.00,0.00,0.00,0.00,0.00,0.00,0.00,219.09,0.20,26.93
223.36,0.42,94.59,0.00,0.00,0.00,0.00,0.00,0.00,0.00,0.00,0.00,219.07,0.20,26.92
219.13,0.42,92.42,0.00,0.00,0.00,0.00,0.00,0.00,0.00,0.00,0.00,219.23,0.20,26.97
223.66,0.42,94.66,0.00,0.00,0.00,0.00,0.00,0.00,0.00,0.00,0.00,219.60,0.20,27.07
224.27,0.42,94.07,0.00,0.00,0.00,0.00,0.00,0.00,0.00,0.00,0.00,216.67,0.20,26.27
221.80,0.42,93.63,0.00,0.00,0.00,0.00,0.00,0.00,0.00,0.00,0.00,218.90,0.20,27.01
225.36,0.42,95.41,0.00,0.00,0.00,0.00,0.00,0.00,0.00,0.00,0.00,219.43,0.20,27.28
220.44,0.41,91.40,0.00,0.00,0.00,0.00,0.00,0.00,0.00,0.00,0.00,216.27,0.20,25.54
223.81,0.42,94.54,0.00,0.00,0.00,0.00,0.00,0.00,0.00,0.00,0.00,220.04,0.20,27.31
223.13,0.42,94.47,0.00,0.00,0.00,0.00,0.00,0.00,0.00,0.00,0.00,221.86,0.20,27.71
220.79,0.42,93.81,0.00,0.00,0.00,0.00,0.00,0.00,0.00,0.00,0.00,219.79,0.21,27.61
222.54,0.42,94.51,0.00,0.00,0.00,0.00,0.00,0.00,0.00,0.00,0.00,218.60,0.21,27.04
223.94,0.42,94.44,0.00,0.00,0.00,0.00,0.00,0.00,0.00,0.00,0.00,220.03,0.20,27.25
221.46,0.42,93.57,0.00,0.00,0.00,0.00,0.00,0.00,0.00,0.00,0.00,219.23,0.20,27.21
222.38,0.42,93.31,0.00,0.00,0.00,0.00,0.00,0.00,0.00,0.00,0.00,218.65,0.20,26.68
222.02,0.42,93.57,0.00,0.00,0.00,0.00,0.00,0.00,0.00,0.00,0.00,217.88,0.20,26.77
222.76,0.42,94.00,0.00,0.00,0.00,0.00,0.00,0.00,0.00,0.00,0.00,220.09,0.20,27.16
223.74,0.42,93.42,0.00,0.00,0.00,0.00,0.00,0.00,0.00,0.00,0.00,218.20,0.20,26.56
224.27,0.42,94.29,0.00,0.00,0.00,0.00,0.00,0.00,0.00,0.00,0.00,220.85,0.20,27.15
222.53,0.42,94.37,0.00,0.00,0.00,0.00,0.00,0.00,0.00,0.00,0.00,219.81,0.20,27.37
223.47,0.42,93.87,0.00,0.00,0.00,0.00,0.00,0.00,0.00,0.00,0.00,218.10,0.20,26.46
222.12,0.42,93.91,0.00,0.00,0.00,0.00,0.00,0.00,0.00,0.00,0.00,219.52,0.20,27.16
220.62,0.42,93.08,0.00,0.00,0.00,0.00,0.00,0.00,0.00,0.00,0.00,220.58,0.20,27.41
222.70,0.42,93.21,0.00,0.00,0.00,0.00,0.00,0.00,0.00,0.00,0.00,218.32,0.20,26.54
221.81,0.42,93.61,0.00,0.00,0.00,0.00,0.00,0.00,0.00,0.00,0.00,218.86,0.20,27.01
221.31,0.42,93.11,0.00,0.00,0.00,0.00,0.00,0.00,0.00,0.00,0.00,218.74,0.20,26.85
222.85,0.42,93.83,0.00,0.00,0.00,0.00,0.00,0.00,0.00,0.00,0.00,218.47,0.20,26.87
222.97,0.42,93.48,0.00,0.00,0.00,0.00,0.00,0.00,0.00,0.00,0.00,216.95,0.20,26.29
221.46,0.42,93.36,0.00,0.00,0.00,0.00,0.00,0.00,0.00,0.00,0.00,219.22,0.20,26.73
223.34,0.42,94.20,0.00,0.00,0.00,0.00,0.00,0.00,0.00,0.00,0.00,217.58,0.20,26.59
218.62,0.42,91.77,0.00,0.00,0.00,0.00,0.00,0.00,0.00,0.00,0.00,220.59,0.20,27.17
220.20,0.42,92.68,0.00,0.00,0.00,0.00,0.00,0.00,0.00,0.00,0.00,219.41,0.20,27.05
222.17,0.42,93.23,0.00,0.00,0.00,0.00,0.00,0.00,0.00,0.00,0.00,217.40,0.20,26.39
219.73,0.42,92.48,0.00,0.00,0.00,0.00,0.00,0.00,0.00,0.00,0.00,220.20,0.20,27.48
222.79,0.42,93.26,0.00,0.00,0.00,0.00,0.00,0.00,0.00,0.00,0.00,217.43,0.20,26.37
224.32,0.42,94.37,0.00,0.00,0.00,0.00,0.00,0.00,0.00,0.00,0.00,220.05,0.20,27.11
221.99,0.42,94.22,0.00,0.00,0.00,0.00,0.00,0.00,0.00,0.00,0.00,220.53,0.20,27.77
221.58,0.42,93.13,0.00,0.00,0.00,0.00,0.00,0.00,0.00,0.00,0.00,219.63,0.20,26.88
224.17,0.42,94.67,0.00,0.00,0.00,0.00,0.00,0.00,0.00,0.00,0.00,219.87,0.20,27.30
219.99,0.42,92.80,0.00,0.00,0.00,0.00,0.00,0.00,0.00,0.00,0.00,219.66,0.20,27.26
222.54,0.42,93.67,0.00,0.00,0.00,0.00,0.00,0.00,0.00,0.00,0.00,218.82,0.20,26.66
221.76,0.42,92.91,0.00,0.00,0.00,0.00,0.00,0.00,0.00,0.00,0.00,218.98,0.20,26.65
222.37,0.43,94.77,0.00,0.00,0.00,0.00,0.00,0.00,0.00,0.00,0.00,220.61,0.21,27.87
223.39,0.42,93.45,0.00,0.00,0.00,0.00,0.00,0.00,0.00,0.00,0.00,218.88,0.20,26.70
223.83,0.42,94.32,0.00,0.00,0.00,0.00,0.00,0.00,0.00,0.00,0.00,219.24,0.20,26.92
223.48,0.42,94.04,0.00,0.00,0.00,0.00,0.00,0.00,0.00,0.00,0.00,219.00,0.20,26.92
221.11,0.42,91.98,0.00,0.00,0.00,0.00,0.00,0.00,0.00,0.00,0.00,221.64,0.20,26.48
222.74,0.42,93.83,0.00,0.00,0.00,0.00,0.00,0.00,0.00,0.00,0.00,219.41,0.20,26.87
222.65,0.42,93.95,0.00,0.00,0.00,0.00,0.00,0.00,0.00,0.00,0.00,218.70,0.20,27.14
221.70,0.42,93.40,0.00,0.00,0.00,0.00,0.00,0.00,0.00,0.00,0.00,216.12,0.20,26.47
224.89,0.42,94.27,0.00,0.00,0.00,0.00,0.00,0.00,0.00,0.00,0.00,218.95,0.20,26.90
220.54,0.42,93.46,0.00,0.00,0.00,0.00,0.00,0.00,0.00,0.00,0.00,221.10,0.20,27.44
222.95,0.42,94.63,0.00,0.00,0.00,0.00,0.00,0.00,0.00,0.00,0.00,218.63,0.20,27.09
224.03,0.42,94.50,0.00,0.00,0.00,0.00,0.00,0.00,0.00,0.00,0.00,219.31,0.20,27.21
221.43,0.42,93.65,0.00,0.00,0.00,0.00,0.00,0.00,0.00,0.00,0.00,220.54,0.20,27.51
222.54,0.42,93.66,0.00,0.00,0.00,0.00,0.00,0.00,0.00,0.00,0.00,217.92,0.20,26.74
222.95,0.42,93.87,0.00,0.00,0.00,0.00,0.00,0.00,0.00,0.00,0.00,217.48,0.20,26.81
222.87,0.42,93.97,0.00,0.00,0.00,0.00,0.00,0.00,0.00,0.00,0.00,218.24,0.20,26.98
223.44,0.41,91.93,0.00,0.00,0.00,0.00,0.00,0.00,0.00,0.00,0.00,215.49,0.19,25.20
223.50,0.42,93.51,0.00,0.00,0.00,0.00,0.00,0.00,0.00,0.00,0.00,216.63,0.20,26.18
221.96,0.42,93.04,0.00,0.00,0.00,0.00,0.00,0.00,0.00,0.00,0.00,218.70,0.20,26.65
222.03,0.42,93.21,0.00,0.00,0.00,0.00,0.00,0.00,0.00,0.00,0.00,219.64,0.20,26.71
220.57,0.42,92.48,0.00,0.00,0.00,0.00,0.00,0.00,0.00,0.00,0.00,219.64,0.20,27.05
222.54,0.42,92.63,0.00,0.00,0.00,0.00,0.00,0.00,0.00,0.00,0.00,217.47,0.20,26.16
222.60,0.42,93.14,0.00,0.00,0.00,0.00,0.00,0.00,0.00,0.00,0.00,219.06,0.20,26.70
220.56,0.42,93.10,0.00,0.00,0.00,0.00,0.00,0.00,0.00,0.00,0.00,219.37,0.20,27.16
226.89,0.42,94.86,0.00,0.00,0.00,0.00,0.00,0.00,0.00,0.00,0.00,215.37,0.20,25.54
223.89,0.42,94.90,0.00,0.00,0.00,0.00,0.00,0.00,0.00,0.00,0.00,218.52,0.20,26.85
220.92,0.43,94.06,0.00,0.00,0.00,0.00,0.00,0.00,0.00,0.00,0.00,220.25,0.21,27.25
223.00,0.42,93.25,0.00,0.00,0.00,0.00,0.00,0.00,0.00,0.00,0.00,215.70,0.20,25.62
223.38,0.42,94.29,0.00,0.00,0.00,0.00,0.00,0.00,0.00,0.00,0.00,216.55,0.20,26.10
221.66,0.42,93.88,0.00,0.00,0.00,0.00,0.00,0.00,0.00,0.00,0.00,219.69,0.20,27.14
221.98,0.42,93.54,0.00,0.00,0.00,0.00,0.00,0.00,0.00,0.00,0.00,218.26,0.20,26.61
223.85,0.42,94.38,0.00,0.00,0.00,0.00,0.00,0.00,0.00,0.00,0.00,217.33,0.20,26.18
222.86,0.42,94.40,0.00,0.00,0.00,0.00,0.00,0.00,0.00,0.00,0.00,218.75,0.20,26.96
221.03,0.42,93.66,0.00,0.00,0.00,0.00,0.00,0.00,0.00,0.00,0.00,219.79,0.20,27.17
223.56,0.42,94.15,0.00,0.00,0.00,0.00,0.00,0.00,0.00,0.00,0.00,215.81,0.20,25.95
233.89,0.42,98.22,0.00,0.00,0.00,0.00,0.00,0.00,0.00,0.00,0.00,218.89,0.20,26.69
223.19,0.42,93.92,0.00,0.00,0.00,0.00,0.00,0.00,0.00,0.00,0.00,218.61,0.20,26.40
223.83,0.42,94.73,0.00,0.00,0.00,0.00,0.00,0.00,0.00,0.00,0.00,219.32,0.20,26.96
221.76,0.42,92.56,0.00,0.00,0.00,0.00,0.00,0.00,0.00,0.00,0.00,215.36,0.20,25.19
221.97,0.42,93.67,0.00,0.00,0.00,0.00,0.00,0.00,0.00,0.00,0.00,218.14,0.20,26.70
222.52,0.42,93.82,0.00,0.00,0.00,0.00,0.00,0.00,0.00,0.00,0.00,218.98,0.20,26.59
220.41,0.42,92.71,0.00,0.00,0.00,0.00,0.00,0.00,0.00,0.00,0.00,215.36,0.20,25.79
222.31,0.42,93.85,0.00,0.00,0.00,0.00,0.00,0.00,0.00,0.00,0.00,217.86,0.20,26.49
223.21,0.42,93.92,0.00,0.00,0.00,0.00,0.00,0.00,0.00,0.00,0.00,219.83,0.20,26.79
219.72,0.42,93.11,0.00,0.00,0.00,0.00,0.00,0.00,0.00,0.00,0.00,219.86,0.20,27.35
223.57,0.43,95.12,0.00,0.00,0.00,0.00,0.00,0.00,0.00,0.00,0.00,222.08,0.21,27.92
220.96,0.42,93.24,0.00,0.00,0.00,0.00,0.00,0.00,0.00,0.00,0.00,218.54,0.20,26.76
221.86,0.42,93.96,0.00,0.00,0.00,0.00,0.00,0.00,0.00,0.00,0.00,220.44,0.20,27.18
224.19,0.43,95.41,0.00,0.00,0.00,0.00,0.00,0.00,0.00,0.00,0.00,219.25,0.21,26.97
222.38,0.42,93.84,0.00,0.00,0.00,0.00,0.00,0.00,0.00,0.00,0.00,216.27,0.20,26.10
221.70,0.42,94.13,0.00,0.00,0.00,0.00,0.00,0.00,0.00,0.00,0.00,219.60,0.21,27.14
222.92,0.42,94.23,0.00,0.00,0.00,0.00,0.00,0.00,0.00,0.00,0.00,217.90,0.20,26.48
223.00,0.42,93.95,0.00,0.00,0.00,0.00,0.00,0.00,0.00,0.00,0.00,217.92,0.20,26.39
221.98,0.42,92.65,0.00,0.00,0.00,0.00,0.00,0.00,0.00,0.00,0.00,215.82,0.20,25.75
223.82,0.42,93.80,0.00,0.00,0.00,0.00,0.00,0.00,0.00,0.00,0.00,217.95,0.20,26.11
218.78,0.42,92.33,0.00,0.00,0.00,0.00,0.00,0.00,0.00,0.00,0.00,218.79,0.20,26.90
222.70,0.42,94.33,0.00,0.00,0.00,0.00,0.00,0.00,0.00,0.00,0.00,218.35,0.20,26.84
223.81,0.42,94.57,0.00,0.00,0.00,0.00,0.00,0.00,0.00,0.00,0.00,218.47,0.20,26.77
221.39,0.42,93.24,0.00,0.00,0.00,0.00,0.00,0.00,0.00,0.00,0.00,218.51,0.20,26.55
220.69,0.42,93.23,0.00,0.00,0.00,0.00,0.00,0.00,0.00,0.00,0.00,219.71,0.20,27.11
221.93,0.42,93.20,0.00,0.00,0.00,0.00,0.00,0.00,0.00,0.00,0.00,214.91,0.20,25.51
222.01,0.42,93.21,0.00,0.00,0.00,0.00,0.00,0.00,0.00,0.00,0.00,218.19,0.20,26.44
221.97,0.43,94.53,0.00,0.00,0.00,0.00,0.00,0.00,0.00,0.00,0.00,220.27,0.21,27.88
222.06,0.42,93.75,0.00,0.00,0.00,0.00,0.00,0.00,0.00,0.00,0.00,218.38,0.20,26.65
223.18,0.42,93.48,0.00,0.00,0.00,0.00,0.00,0.00,0.00,0.00,0.00,216.14,0.20,26.17
220.84,0.42,92.53,0.00,0.00,0.00,0.00,0.00,0.00,0.00,0.00,0.00,217.07,0.20,26.22
222.48,0.42,93.68,0.00,0.00,0.00,0.00,0.00,0.00,0.00,0.00,0.00,218.58,0.20,26.69
222.67,0.42,93.82,0.00,0.00,0.00,0.00,0.00,0.00,0.00,0.00,0.00,219.29,0.20,26.76
220.58,0.42,92.66,0.00,0.00,0.00,0.00,0.00,0.00,0.00,0.00,0.00,219.10,0.20,26.76
223.59,0.42,94.44,0.00,0.00,0.00,0.00,0.00,0.00,0.00,0.00,0.00,217.93,0.20,26.53
222.61,0.42,93.84,0.00,0.00,0.00,0.00,0.00,0.00,0.00,0.00,0.00,218.87,0.20,26.88
221.58,0.42,93.39,0.00,0.00,0.00,0.00,0.00,0.00,0.00,0.00,0.00,220.46,0.20,27.15
222.06,0.42,93.63,0.00,0.00,0.00,0.00,0.00,0.00,0.00,0.00,0.00,218.44,0.20,26.68
220.77,0.42,92.93,0.00,0.00,0.00,0.00,0.00,0.00,0.00,0.00,0.00,218.08,0.20,26.66
222.82,0.42,94.08,0.00,0.00,0.00,0.00,0.00,0.00,0.00,0.00,0.00,218.65,0.20,26.81
219.99,0.42,91.64,0.00,0.00,0.00,0.00,0.00,0.00,0.00,0.00,0.00,218.85,0.20,26.45
223.58,0.41,92.58,0.00,0.00,0.00,0.00,0.00,0.00,0.00,0.00,0.00,215.00,0.19,25.35
223.06,0.42,93.43,0.00,0.00,0.00,0.00,0.00,0.00,0.00,0.00,0.00,219.06,0.20,26.88
220.19,0.42,92.33,0.00,0.00,0.00,0.00,0.00,0.00,0.00,0.00,0.00,218.31,0.20,26.78
221.34,0.42,92.99,0.00,0.00,0.00,0.00,0.00,0.00,0.00,0.00,0.00,218.33,0.20,26.78
221.72,0.42,92.55,0.00,0.00,0.00,0.00,0.00,0.00,0.00,0.00,0.00,218.52,0.20,26.67
223.31,0.42,93.47,0.00,0.00,0.00,0.00,0.00,0.00,0.00,0.00,0.00,218.51,0.20,26.39
218.36,0.42,92.17,0.00,0.00,0.00,0.00,0.00,0.00,0.00,0.00,0.00,220.48,0.20,27.58
219.78,0.42,91.72,0.00,0.00,0.00,0.00,0.00,0.00,0.00,0.00,0.00,217.87,0.20,26.22
223.89,0.41,92.67,0.00,0.00,0.00,0.00,0.00,0.00,0.00,0.00,0.00,218.91,0.19,25.87
219.45,0.42,92.12,0.00,0.00,0.00,0.00,0.00,0.00,0.00,0.00,0.00,217.13,0.20,26.65
223.62,0.42,93.23,0.00,0.00,0.00,0.00,0.00,0.00,0.00,0.00,0.00,218.20,0.20,26.24
224.30,0.42,93.69,0.00,0.00,0.00,0.00,0.00,0.00,0.00,0.00,0.00,218.99,0.20,26.24
221.01,0.42,92.25,0.00,0.00,0.00,0.00,0.00,0.00,0.00,0.00,0.00,220.40,0.20,27.17
220.92,0.42,93.30,0.00,0.00,0.00,0.00,0.00,0.00,0.00,0.00,0.00,217.95,0.20,26.82
223.80,0.42,93.58,0.00,0.00,0.00,0.00,0.00,0.00,0.00,0.00,0.00,222.88,0.20,27.67
218.64,0.42,91.68,0.00,0.00,0.00,0.00,0.00,0.00,0.00,0.00,0.00,218.70,0.20,26.93
222.07,0.42,93.01,0.00,0.00,0.00,0.00,0.00,0.00,0.00,0.00,0.00,218.02,0.20,26.57
222.38,0.42,93.75,0.00,0.00,0.00,0.00,0.00,0.00,0.00,0.00,0.00,218.56,0.20,26.79
221.47,0.42,93.43,0.00,0.00,0.00,0.00,0.00,0.00,0.00,0.00,0.00,219.33,0.20,26.82
221.88,0.42,93.08,0.00,0.00,0.00,0.00,0.00,0.00,0.00,0.00,0.00,217.14,0.20,26.13
222.13,0.42,93.60,0.00,0.00,0.00,0.00,0.00,0.00,0.00,0.00,0.00,217.30,0.20,26.87
220.26,0.42,92.56,0.00,0.00,0.00,0.00,0.00,0.00,0.00,0.00,0.00,217.70,0.20,26.73
223.95,0.41,92.71,0.00,0.00,0.00,0.00,0.00,0.00,0.00,0.00,0.00,216.42,0.19,25.67
219.83,0.41,91.23,0.00,0.00,0.00,0.00,0.00,0.00,0.00,0.00,0.00,218.45,0.20,26.21
223.35,0.42,92.90,0.00,0.00,0.00,0.00,0.00,0.00,0.00,0.00,0.00,217.71,0.20,26.02
223.71,0.42,92.99,0.00,0.00,0.00,0.00,0.00,0.00,0.00,0.00,0.00,218.66,0.20,26.48
223.47,0.42,93.72,0.00,0.00,0.00,0.00,0.00,0.00,0.00,0.00,0.00,219.95,0.20,27.15
226.11,0.42,94.76,0.00,0.00,0.00,0.00,0.00,0.00,0.00,0.00,0.00,218.34,0.20,26.65
223.75,0.42,93.56,0.00,0.00,0.00,0.00,0.00,0.00,0.00,0.00,0.00,218.89,0.20,26.50
218.08,0.42,91.05,0.00,0.00,0.00,0.00,0.00,0.00,0.00,0.00,0.00,219.07,0.20,26.93
221.89,0.42,93.23,0.00,0.00,0.00,0.00,0.00,0.00,0.00,0.00,0.00,218.33,0.20,26.95
220.80,0.42,92.73,0.00,0.00,0.00,0.00,0.00,0.00,0.00,0.00,0.00,217.63,0.20,26.90
220.03,0.42,92.52,0.00,0.00,0.00,0.00,0.00,0.00,0.00,0.00,0.00,218.15,0.20,26.66
220.47,0.42,92.67,0.00,0.00,0.00,0.00,0.00,0.00,0.00,0.00,0.00,218.33,0.20,26.71
222.69,0.42,92.67,0.00,0.00,0.00,0.00,0.00,0.00,0.00,0.00,0.00,215.52,0.20,25.75
221.26,0.42,93.07,0.00,0.00,0.00,0.00,0.00,0.00,0.00,0.00,0.00,219.00,0.20,26.93
219.42,0.42,92.27,0.00,0.00,0.00,0.00,0.00,0.00,0.00,0.00,0.00,218.34,0.20,27.10
223.19,0.42,93.62,0.00,0.00,0.00,0.00,0.00,0.00,0.00,0.00,0.00,216.59,0.20,26.36
221.79,0.42,92.47,0.00,0.00,0.00,0.00,0.00,0.00,0.00,0.00,0.00,217.27,0.20,26.33
222.26,0.42,93.42,0.00,0.00,0.00,0.00,0.00,0.00,0.00,0.00,0.00,219.19,0.20,26.81
223.57,0.42,93.06,0.00,0.00,0.00,0.00,0.00,0.00,0.00,0.00,0.00,217.72,0.20,26.44
222.75,0.42,93.91,0.00,0.00,0.00,0.00,0.00,0.00,0.00,0.00,0.00,218.55,0.20,26.92
221.58,0.42,93.16,0.00,0.00,0.00,0.00,0.00,0.00,0.00,0.00,0.00,218.94,0.20,26.89
222.39,0.42,92.32,0.00,0.00,0.00,0.00,0.00,0.00,0.00,0.00,0.00,217.89,0.20,26.12
222.03,0.42,92.67,0.00,0.00,0.00,0.00,0.00,0.00,0.00,0.00,0.00,217.94,0.20,26.27
220.21,0.42,92.49,0.00,0.00,0.00,0.00,0.00,0.00,0.00,0.00,0.00,218.81,0.20,26.80
222.34,0.42,92.52,0.00,0.00,0.00,0.00,0.00,0.00,0.00,0.00,0.00,220.34,0.20,26.23
219.26,0.42,92.22,0.00,0.00,0.00,0.00,0.00,0.00,0.00,0.00,0.00,218.63,0.20,27.06
221.16,0.42,91.83,0.00,0.00,0.00,0.00,0.00,0.00,0.00,0.00,0.00,219.36,0.20,26.32
222.11,0.42,92.54,0.00,0.00,0.00,0.00,0.00,0.00,0.00,0.00,0.00,217.92,0.20,26.33
220.25,0.42,92.35,0.00,0.00,0.00,0.00,0.00,0.00,0.00,0.00,0.00,219.18,0.20,26.91
221.44,0.42,93.10,0.00,0.00,0.00,0.00,0.00,0.00,0.00,0.00,0.00,218.27,0.20,26.92
222.07,0.42,93.75,0.00,0.00,0.00,0.00,0.00,0.00,0.00,0.00,0.00,217.50,0.20,26.89
220.22,0.42,91.81,0.00,0.00,0.00,0.00,0.00,0.00,0.00,0.00,0.00,219.84,0.20,26.95
220.98,0.42,92.83,0.00,0.00,0.00,0.00,0.00,0.00,0.00,0.00,0.00,218.17,0.20,26.53
222.77,0.42,93.01,0.00,0.00,0.00,0.00,0.00,0.00,0.00,0.00,0.00,218.08,0.20,26.88
223.19,0.42,93.36,0.00,0.00,0.00,0.00,0.00,0.00,0.00,0.00,0.00,216.88,0.20,26.66
222.37,0.42,93.04,0.00,0.00,0.00,0.00,0.00,0.00,0.00,0.00,0.00,217.84,0.20,26.64
221.19,0.42,92.19,0.00,0.00,0.00,0.00,0.00,0.00,0.00,0.00,0.00,219.54,0.20,26.52
223.10,0.42,93.17,0.00,0.00,0.00,0.00,0.00,0.00,0.00,0.00,0.00,217.34,0.20,26.56
223.12,0.42,93.56,0.00,0.00,0.00,0.00,0.00,0.00,0.00,0.00,0.00,218.99,0.20,26.50
218.66,0.42,92.23,0.00,0.00,0.00,0.00,0.00,0.00,0.00,0.00,0.00,219.44,0.20,27.26
223.69,0.42,93.28,0.00,0.00,0.00,0.00,0.00,0.00,0.00,0.00,0.00,217.62,0.20,26.30
222.32,0.42,92.63,0.00,0.00,0.00,0.00,0.00,0.00,0.00,0.00,0.00,216.41,0.20,26.28
221.08,0.41,91.54,0.00,0.00,0.00,0.00,0.00,0.00,0.00,0.00,0.00,215.96,0.19,25.61
222.91,0.41,92.18,0.00,0.00,0.00,0.00,0.00,0.00,0.00,0.00,0.00,217.26,0.19,25.75
219.64,0.41,91.06,0.00,0.00,0.00,0.00,0.00,0.00,0.00,0.00,0.00,219.96,0.20,26.59
220.85,0.42,92.81,0.00,0.00,0.00,0.00,0.00,0.00,0.00,0.00,0.00,218.22,0.20,26.97
221.34,0.42,92.42,0.00,0.00,0.00,0.00,0.00,0.00,0.00,0.00,0.00,217.80,0.20,26.16
223.91,0.42,93.17,0.00,0.00,0.00,0.00,0.00,0.00,0.00,0.00,0.00,215.55,0.20,26.11
220.77,0.42,92.87,0.00,0.00,0.00,0.00,0.00,0.00,0.00,0.00,0.00,218.84,0.20,26.82
223.72,0.42,94.16,0.00,0.00,0.00,0.00,0.00,0.00,0.00,0.00,0.00,215.52,0.20,26.57
221.20,0.42,92.72,0.00,0.00,0.00,0.00,0.00,0.00,0.00,0.00,0.00,218.23,0.20,26.60
220.54,0.42,92.73,0.00,0.00,0.00,0.00,0.00,0.00,0.00,0.00,0.00,219.97,0.20,27.11
222.96,0.41,91.65,0.00,0.00,0.00,0.00,0.00,0.00,0.00,0.00,0.00,213.84,0.19,24.88
222.44,0.42,93.35,0.00,0.00,0.00,0.00,0.00,0.00,0.00,0.00,0.00,218.60,0.20,26.74
222.07,0.42,93.00,0.00,0.00,0.00,0.00,0.00,0.00,0.00,0.00,0.00,218.15,0.20,26.75
222.52,0.42,93.08,0.00,0.00,0.00,0.00,0.00,0.00,0.00,0.00,0.00,218.28,0.20,26.68
223.58,0.42,93.30,0.00,0.00,0.00,0.00,0.00,0.00,0.00,0.00,0.00,217.33,0.20,26.21
221.49,0.42,92.63,0.00,0.00,0.00,0.00,0.00,0.00,0.00,0.00,0.00,219.42,0.20,27.06
222.57,0.42,93.38,0.00,0.00,0.00,0.00,0.00,0.00,0.00,0.00,0.00,217.57,0.20,26.66
223.76,0.41,92.77,0.00,0.00,0.00,0.00,0.00,0.00,0.00,0.00,0.00,217.26,0.20,26.02
220.60,0.42,91.94,0.00,0.00,0.00,0.00,0.00,0.00,0.00,0.00,0.00,219.23,0.20,27.05
222.82,0.42,92.90,0.00,0.00,0.00,0.00,0.00,0.00,0.00,0.00,0.00,217.03,0.20,26.35
222.34,0.42,93.80,0.00,0.00,0.00,0.00,0.00,0.00,0.00,0.00,0.00,216.73,0.20,26.74
221.17,0.42,92.94,0.00,0.00,0.00,0.00,0.00,0.00,0.00,0.00,0.00,218.47,0.20,26.93
223.39,0.42,93.87,0.00,0.00,0.00,0.00,0.00,0.00,0.00,0.00,0.00,219.35,0.20,27.05
224.09,0.42,93.88,0.00,0.00,0.00,0.00,0.00,0.00,0.00,0.00,0.00,219.17,0.20,26.38
221.43,0.42,92.37,0.00,0.00,0.00,0.00,0.00,0.00,0.00,0.00,0.00,219.03,0.20,26.40
221.89,0.42,92.66,0.00,0.00,0.00,0.00,0.00,0.00,0.00,0.00,0.00,217.10,0.20,26.56
221.41,0.41,91.50,0.00,0.00,0.00,0.00,0.00,0.00,0.00,0.00,0.00,216.07,0.19,25.73
218.13,0.42,91.60,0.00,0.00,0.00,0.00,0.00,0.00,0.00,0.00,0.00,222.24,0.20,28.23
223.87,0.42,93.53,0.00,0.00,0.00,0.00,0.00,0.00,0.00,0.00,0.00,217.21,0.20,26.25
222.04,0.42,92.52,0.00,0.00,0.00,0.00,0.00,0.00,0.00,0.00,0.00,217.65,0.20,26.04
223.58,0.42,93.65,0.00,0.00,0.00,0.00,0.00,0.00,0.00,0.00,0.00,219.32,0.20,26.89
220.41,0.42,92.78,0.00,0.00,0.00,0.00,0.00,0.00,0.00,0.00,0.00,219.25,0.20,26.72
222.71,0.42,92.60,0.00,0.00,0.00,0.00,0.00,0.00,0.00,0.00,0.00,216.84,0.20,26.27
218.98,0.41,90.51,0.00,0.00,0.00,0.00,0.00,0.00,0.00,0.00,0.00,219.64,0.19,26.19
221.25,0.41,91.66,0.00,0.00,0.00,0.00,0.00,0.00,0.00,0.00,0.00,212.83,0.19,25.04
222.57,0.42,92.54,0.00,0.00,0.00,0.00,0.00,0.00,0.00,0.00,0.00,217.30,0.20,26.27
221.38,0.42,92.69,0.00,0.00,0.00,0.00,0.00,0.00,0.00,0.00,0.00,219.47,0.20,26.49
219.53,0.41,90.48,0.00,0.00,0.00,0.00,0.00,0.00,0.00,0.00,0.00,214.64,0.19,24.99
223.13,0.41,92.29,0.00,0.00,0.00,0.00,0.00,0.00,0.00,0.00,0.00,217.80,0.19,25.98
221.03,0.42,92.78,0.00,0.00,0.00,0.00,0.00,0.00,0.00,0.00,0.00,218.84,0.20,27.10
221.04,0.42,92.05,0.00,0.00,0.00,0.00,0.00,0.00,0.00,0.00,0.00,218.61,0.20,26.52
222.80,0.42,93.00,0.00,0.00,0.00,0.00,0.00,0.00,0.00,0.00,0.00,217.69,0.20,26.50
222.10,0.41,91.94,0.00,0.00,0.00,0.00,0.00,0.00,0.00,0.00,0.00,216.67,0.19,25.47
221.58,0.42,92.37,0.00,0.00,0.00,0.00,0.00,0.00,0.00,0.00,0.00,218.72,0.20,26.51
223.67,0.41,92.03,0.00,0.00,0.00,0.00,0.00,0.00,0.00,0.00,0.00,211.98,0.19,24.40
225.66,0.42,93.65,0.00,0.00,0.00,0.00,0.00,0.00,0.00,0.00,0.00,218.31,0.20,26.20
218.26,0.42,90.80,0.00,0.00,0.00,0.00,0.00,0.00,0.00,0.00,0.00,217.18,0.20,26.44
222.36,0.42,92.49,0.00,0.00,0.00,0.00,0.00,0.00,0.00,0.00,0.00,217.17,0.20,26.38
222.49,0.41,91.84,0.00,0.00,0.00,0.00,0.00,0.00,0.00,0.00,0.00,215.55,0.19,25.19
223.00,0.42,93.34,0.00,0.00,0.00,0.00,0.00,0.00,0.00,0.00,0.00,219.59,0.20,27.01
222.17,0.42,92.33,0.00,0.00,0.00,0.00,0.00,0.00,0.00,0.00,0.00,217.12,0.20,26.31
222.92,0.41,91.58,0.00,0.00,0.00,0.00,0.00,0.00,0.00,0.00,0.00,215.76,0.19,24.90
220.93,0.42,92.05,0.00,0.00,0.00,0.00,0.00,0.00,0.00,0.00,0.00,218.68,0.20,26.63
222.42,0.42,93.08,0.00,0.00,0.00,0.00,0.00,0.00,0.00,0.00,0.00,219.31,0.20,26.87
237.84,0.42,98.89,0.00,0.00,0.00,0.00,0.00,0.00,0.00,0.00,0.00,218.62,0.20,26.50
223.00,0.42,92.78,0.00,0.00,0.00,0.00,0.00,0.00,0.00,0.00,0.00,218.98,0.20,26.35
220.53,0.41,90.88,0.00,0.00,0.00,0.00,0.00,0.00,0.00,0.00,0.00,217.21,0.19,25.48
222.31,0.41,91.72,0.00,0.00,0.00,0.00,0.00,0.00,0.00,0.00,0.00,216.59,0.19,25.70
221.09,0.42,92.03,0.00,0.00,0.00,0.00,0.00,0.00,0.00,0.00,0.00,217.63,0.20,26.35
222.29,0.42,92.67,0.00,0.00,0.00,0.00,0.00,0.00,0.00,0.00,0.00,219.97,0.20,26.78
223.77,0.42,93.71,0.00,0.00,0.00,0.00,0.00,0.00,0.00,0.00,0.00,219.60,0.20,26.87
219.95,0.42,91.79,0.00,0.00,0.00,0.00,0.00,0.00,0.00,0.00,0.00,217.97,0.20,26.27
222.07,0.42,92.50,0.00,0.00,0.00,0.00,0.00,0.00,0.00,0.00,0.00,218.68,0.20,26.63
221.62,0.42,92.30,0.00,0.00,0.00,0.00,0.00,0.00,0.00,0.00,0.00,218.77,0.20,26.25
223.59,0.42,93.13,0.00,0.00,0.00,0.00,0.00,0.00,0.00,0.00,0.00,218.11,0.20,26.33
225.53,0.42,94.23,0.00,0.00,0.00,0.00,0.00,0.00,0.00,0.00,0.00,220.97,0.20,26.72
221.18,0.42,92.82,0.00,0.00,0.00,0.00,0.00,0.00,0.00,0.00,0.00,220.34,0.20,27.20
222.57,0.42,92.37,0.00,0.00,0.00,0.00,0.00,0.00,0.00,0.00,0.00,219.06,0.20,26.53
221.18,0.42,92.02,0.00,0.00,0.00,0.00,0.00,0.00,0.00,0.00,0.00,217.91,0.20,26.36
223.89,0.41,92.61,0.00,0.00,0.00,0.00,0.00,0.00,0.00,0.00,0.00,216.34,0.19,25.76
222.46,0.42,92.69,0.00,0.00,0.00,0.00,0.00,0.00,0.00,0.00,0.00,219.19,0.20,26.62
221.56,0.42,93.15,0.00,0.00,0.00,0.00,0.00,0.00,0.00,0.00,0.00,219.55,0.20,26.70
222.72,0.41,91.75,0.00,0.00,0.00,0.00,0.00,0.00,0.00,0.00,0.00,215.77,0.19,25.25
223.21,0.42,92.92,0.00,0.00,0.00,0.00,0.00,0.00,0.00,0.00,0.00,217.64,0.20,26.18
221.52,0.41,91.69,0.00,0.00,0.00,0.00,0.00,0.00,0.00,0.00,0.00,217.93,0.19,26.27
221.49,0.41,91.61,0.00,0.00,0.00,0.00,0.00,0.00,0.00,0.00,0.00,218.23,0.19,26.40
221.44,0.41,91.58,0.00,0.00,0.00,0.00,0.00,0.00,0.00,0.00,0.00,217.98,0.19,25.62
219.52,0.41,90.93,0.00,0.00,0.00,0.00,0.00,0.00,0.00,0.00,0.00,217.82,0.19,26.13
218.52,0.41,90.55,0.00,0.00,0.00,0.00,0.00,0.00,0.00,0.00,0.00,219.18,0.19,26.67
221.14,0.42,92.68,0.00,0.00,0.00,0.00,0.00,0.00,0.00,0.00,0.00,218.80,0.20,26.84
219.62,0.42,91.76,0.00,0.00,0.00,0.00,0.00,0.00,0.00,0.00,0.00,218.29,0.20,26.68
220.77,0.42,91.73,0.00,0.00,0.00,0.00,0.00,0.00,0.00,0.00,0.00,218.04,0.20,26.09
220.15,0.42,91.46,0.00,0.00,0.00,0.00,0.00,0.00,0.00,0.00,0.00,217.86,0.20,26.33
221.90,0.42,93.15,0.00,0.00,0.00,0.00,0.00,0.00,0.00,0.00,0.00,218.69,0.20,26.72
221.06,0.42,93.18,0.00,0.00,0.00,0.00,0.00,0.00,0.00,0.00,0.00,219.99,0.20,27.07
217.68,0.42,90.85,0.00,0.00,0.00,0.00,0.00,0.00,0.00,0.00,0.00,222.84,0.20,27.06
222.37,0.42,92.86,0.00,0.00,0.00,0.00,0.00,0.00,0.00,0.00,0.00,217.71,0.20,26.24
222.10,0.41,91.68,0.00,0.00,0.00,0.00,0.00,0.00,0.00,0.00,0.00,216.98,0.19,25.22
222.02,0.42,92.98,0.00,0.00,0.00,0.00,0.00,0.00,0.00,0.00,0.00,219.53,0.20,27.26
223.36,0.41,91.81,0.00,0.00,0.00,0.00,0.00,0.00,0.00,0.00,0.00,217.19,0.19,25.08
223.46,0.41,92.49,0.00,0.00,0.00,0.00,0.00,0.00,0.00,0.00,0.00,216.81,0.19,25.84
218.23,0.42,90.73,0.00,0.00,0.00,0.00,0.00,0.00,0.00,0.00,0.00,220.03,0.20,26.83
222.81,0.42,92.67,0.00,0.00,0.00,0.00,0.00,0.00,0.00,0.00,0.00,217.11,0.20,26.09
221.54,0.42,92.33,0.00,0.00,0.00,0.00,0.00,0.00,0.00,0.00,0.00,218.09,0.20,26.33
223.39,0.42,93.73,0.00,0.00,0.00,0.00,0.00,0.00,0.00,0.00,0.00,220.70,0.20,26.88
222.45,0.42,92.88,0.00,0.00,0.00,0.00,0.00,0.00,0.00,0.00,0.00,219.09,0.20,26.80
217.59,0.41,89.70,0.00,0.00,0.00,0.00,0.00,0.00,0.00,0.00,0.00,216.52,0.19,25.38
221.33,0.42,92.24,0.00,0.00,0.00,0.00,0.00,0.00,0.00,0.00,0.00,218.93,0.20,26.43
221.69,0.41,91.51,0.00,0.00,0.00,0.00,0.00,0.00,0.00,0.00,0.00,218.20,0.19,26.24
223.45,0.41,92.70,0.00,0.00,0.00,0.00,0.00,0.00,0.00,0.00,0.00,219.00,0.20,26.43
216.94,0.42,90.33,0.00,0.00,0.00,0.00,0.00,0.00,0.00,0.00,0.00,219.86,0.20,26.64
222.60,0.42,92.76,0.00,0.00,0.00,0.00,0.00,0.00,0.00,0.00,0.00,219.06,0.20,26.68
221.14,0.42,91.88,0.00,0.00,0.00,0.00,0.00,0.00,0.00,0.00,0.00,216.75,0.20,26.08
222.08,0.41,91.82,0.00,0.00,0.00,0.00,0.00,0.00,0.00,0.00,0.00,219.19,0.19,26.38
220.07,0.42,91.97,0.00,0.00,0.00,0.00,0.00,0.00,0.00,0.00,0.00,219.42,0.20,26.79
218.46,0.41,90.64,0.00,0.00,0.00,0.00,0.00,0.00,0.00,0.00,0.00,216.78,0.20,25.75
222.52,0.41,92.02,0.00,0.00,0.00,0.00,0.00,0.00,0.00,0.00,0.00,218.40,0.19,26.11
221.09,0.42,92.35,0.00,0.00,0.00,0.00,0.00,0.00,0.00,0.00,0.00,220.33,0.20,26.72
223.25,0.41,92.07,0.00,0.00,0.00,0.00,0.00,0.00,0.00,0.00,0.00,219.10,0.19,26.25
222.97,0.42,92.73,0.00,0.00,0.00,0.00,0.00,0.00,0.00,0.00,0.00,217.01,0.20,26.14
221.22,0.42,91.84,0.00,0.00,0.00,0.00,0.00,0.00,0.00,0.00,0.00,219.91,0.20,26.86
221.81,0.41,91.78,0.00,0.00,0.00,0.00,0.00,0.00,0.00,0.00,0.00,219.96,0.19,26.88
222.65,0.41,92.14,0.00,0.00,0.00,0.00,0.00,0.00,0.00,0.00,0.00,218.22,0.19,25.97
220.99,0.42,91.74,0.00,0.00,0.00,0.00,0.00,0.00,0.00,0.00,0.00,219.85,0.20,26.64
220.50,0.42,91.84,0.00,0.00,0.00,0.00,0.00,0.00,0.00,0.00,0.00,218.27,0.20,26.78
222.01,0.41,91.55,0.00,0.00,0.00,0.00,0.00,0.00,0.00,0.00,0.00,217.84,0.19,25.95
222.88,0.42,92.62,0.00,0.00,0.00,0.00,0.00,0.00,0.00,0.00,0.00,216.49,0.20,25.73
222.77,0.42,92.68,0.00,0.00,0.00,0.00,0.00,0.00,0.00,0.00,0.00,218.55,0.20,26.44
220.83,0.41,91.50,0.00,0.00,0.00,0.00,0.00,0.00,0.00,0.00,0.00,218.76,0.19,26.24
212.91,0.42,88.66,0.00,0.00,0.00,0.00,0.00,0.00,0.00,0.00,0.00,217.49,0.20,26.16
222.64,0.41,91.81,0.00,0.00,0.00,0.00,0.00,0.00,0.00,0.00,0.00,218.16,0.19,26.18
222.12,0.42,92.53,0.00,0.00,0.00,0.00,0.00,0.00,0.00,0.00,0.00,218.03,0.20,26.28
223.33,0.42,92.87,0.00,0.00,0.00,0.00,0.00,0.00,0.00,0.00,0.00,218.03,0.20,26.32
223.04,0.41,92.40,0.00,0.00,0.00,0.00,0.00,0.00,0.00,0.00,0.00,217.92,0.19,26.40
221.10,0.41,91.61,0.00,0.00,0.00,0.00,0.00,0.00,0.00,0.00,0.00,218.35,0.19,26.29
223.69,0.41,92.26,0.00,0.00,0.00,0.00,0.00,0.00,0.00,0.00,0.00,218.94,0.19,25.85
222.18,0.42,92.75,0.00,0.00,0.00,0.00,0.00,0.00,0.00,0.00,0.00,221.77,0.20,26.65
224.11,0.41,92.20,0.00,0.00,0.00,0.00,0.00,0.00,0.00,0.00,0.00,212.22,0.19,24.84
223.36,0.42,92.94,0.00,0.00,0.00,0.00,0.00,0.00,0.00,0.00,0.00,218.73,0.20,26.47
219.64,0.41,90.98,0.00,0.00,0.00,0.00,0.00,0.00,0.00,0.00,0.00,218.03,0.19,26.33
222.54,0.41,91.73,0.00,0.00,0.00,0.00,0.00,0.00,0.00,0.00,0.00,216.90,0.19,25.72
223.67,0.42,92.92,0.00,0.00,0.00,0.00,0.00,0.00,0.00,0.00,0.00,218.71,0.20,26.46
220.12,0.42,91.93,0.00,0.00,0.00,0.00,0.00,0.00,0.00,0.00,0.00,219.83,0.20,27.05
223.11,0.42,92.95,0.00,0.00,0.00,0.00,0.00,0.00,0.00,0.00,0.00,219.36,0.20,26.78
222.40,0.41,91.46,0.00,0.00,0.00,0.00,0.00,0.00,0.00,0.00,0.00,218.40,0.19,25.64
222.75,0.41,92.13,0.00,0.00,0.00,0.00,0.00,0.00,0.00,0.00,0.00,218.54,0.19,26.24
223.35,0.42,94.52,0.00,0.00,0.00,0.00,0.00,0.00,0.00,0.00,0.00,222.94,0.20,28.57
221.19,0.42,92.04,0.00,0.00,0.00,0.00,0.00,0.00,0.00,0.00,0.00,220.28,0.20,26.75
222.08,0.42,92.19,0.00,0.00,0.00,0.00,0.00,0.00,0.00,0.00,0.00,218.97,0.20,26.72
223.54,0.41,91.77,0.00,0.00,0.00,0.00,0.00,0.00,0.00,0.00,0.00,217.84,0.19,25.83
222.98,0.41,92.22,0.00,0.00,0.00,0.00,0.00,0.00,0.00,0.00,0.00,219.42,0.19,25.93
221.05,0.41,91.33,0.00,0.00,0.00,0.00,0.00,0.00,0.00,0.00,0.00,218.17,0.19,26.06
223.78,0.42,93.31,0.00,0.00,0.00,0.00,0.00,0.00,0.00,0.00,0.00,218.38,0.20,26.10
221.81,0.42,92.93,0.00,0.00,0.00,0.00,0.00,0.00,0.00,0.00,0.00,218.23,0.20,26.69
221.55,0.41,91.35,0.00,0.00,0.00,0.00,0.00,0.00,0.00,0.00,0.00,219.27,0.19,26.54
222.68,0.42,92.81,0.00,0.00,0.00,0.00,0.00,0.00,0.00,0.00,0.00,219.32,0.20,26.48
224.17,0.41,92.44,0.00,0.00,0.00,0.00,0.00,0.00,0.00,0.00,0.00,217.06,0.19,25.11
222.09,0.42,92.29,0.00,0.00,0.00,0.00,0.00,0.00,0.00,0.00,0.00,218.70,0.20,26.41
221.02,0.41,90.95,0.00,0.00,0.00,0.00,0.00,0.00,0.00,0.00,0.00,217.66,0.19,25.97
225.00,0.41,92.68,0.00,0.00,0.00,0.00,0.00,0.00,0.00,0.00,0.00,218.23,0.19,25.81
219.25,0.42,91.08,0.00,0.00,0.00,0.00,0.00,0.00,0.00,0.00,0.00,219.84,0.20,26.74
221.16,0.41,91.39,0.00,0.00,0.00,0.00,0.00,0.00,0.00,0.00,0.00,219.66,0.19,26.18
221.56,0.41,91.15,0.00,0.00,0.00,0.00,0.00,0.00,0.00,0.00,0.00,218.12,0.19,25.86
224.10,0.41,92.47,0.00,0.00,0.00,0.00,0.00,0.00,0.00,0.00,0.00,219.58,0.19,26.48
223.16,0.41,91.89,0.00,0.00,0.00,0.00,0.00,0.00,0.00,0.00,0.00,218.62,0.19,26.16
221.30,0.41,91.26,0.00,0.00,0.00,0.00,0.00,0.00,0.00,0.00,0.00,218.70,0.19,26.22
223.53,0.41,92.55,0.00,0.00,0.00,0.00,0.00,0.00,0.00,0.00,0.00,215.71,0.19,25.53
220.71,0.41,91.17,0.00,0.00,0.00,0.00,0.00,0.00,0.00,0.00,0.00,218.40,0.19,26.07
222.18,0.41,91.88,0.00,0.00,0.00,0.00,0.00,0.00,0.00,0.00,0.00,219.82,0.19,26.28
220.44,0.41,90.78,0.00,0.00,0.00,0.00,0.00,0.00,0.00,0.00,0.00,217.85,0.19,25.70
221.35,0.41,91.50,0.00,0.00,0.00,0.00,0.00,0.00,0.00,0.00,0.00,219.15,0.19,26.33
222.53,0.41,92.06,0.00,0.00,0.00,0.00,0.00,0.00,0.00,0.00,0.00,219.88,0.19,26.32
223.55,0.41,91.51,0.00,0.00,0.00,0.00,0.00,0.00,0.00,0.00,0.00,218.32,0.19,25.77
222.60,0.42,92.70,0.00,0.00,0.00,0.00,0.00,0.00,0.00,0.00,0.00,216.91,0.20,26.23
217.43,0.41,89.94,0.00,0.00,0.00,0.00,0.00,0.00,0.00,0.00,0.00,219.00,0.19,26.44
221.08,0.41,91.47,0.00,0.00,0.00,0.00,0.00,0.00,0.00,0.00,0.00,216.09,0.19,25.96
223.56,0.41,91.82,0.00,0.00,0.00,0.00,0.00,0.00,0.00,0.00,0.00,218.55,0.19,26.15
222.19,0.41,92.04,0.00,0.00,0.00,0.00,0.00,0.00,0.00,0.00,0.00,217.81,0.19,26.32
225.43,0.41,93.10,0.00,0.00,0.00,0.00,0.00,0.00,0.00,0.00,0.00,219.88,0.19,26.41
223.42,0.41,92.50,0.00,0.00,0.00,0.00,0.00,0.00,0.00,0.00,0.00,215.35,0.19,25.20
220.51,0.41,91.39,0.00,0.00,0.00,0.00,0.00,0.00,0.00,0.00,0.00,219.58,0.19,26.23
219.68,0.41,89.95,0.00,0.00,0.00,0.00,0.00,0.00,0.00,0.00,0.00,218.47,0.19,25.49
223.96,0.41,92.77,0.00,0.00,0.00,0.00,0.00,0.00,0.00,0.00,0.00,219.00,0.19,26.08
222.50,0.42,92.43,0.00,0.00,0.00,0.00,0.00,0.00,0.00,0.00,0.00,219.18,0.20,26.46
221.50,0.42,91.98,0.00,0.00,0.00,0.00,0.00,0.00,0.00,0.00,0.00,218.57,0.20,26.68
223.80,0.41,92.53,0.00,0.00,0.00,0.00,0.00,0.00,0.00,0.00,0.00,217.47,0.19,26.17
223.08,0.42,92.65,0.00,0.00,0.00,0.00,0.00,0.00,0.00,0.00,0.00,219.30,0.20,26.69
222.21,0.42,92.41,0.00,0.00,0.00,0.00,0.00,0.00,0.00,0.00,0.00,219.60,0.20,26.82
222.68,0.41,91.43,0.00,0.00,0.00,0.00,0.00,0.00,0.00,0.00,0.00,217.35,0.19,25.65
223.40,0.41,91.85,0.00,0.00,0.00,0.00,0.00,0.00,0.00,0.00,0.00,217.37,0.19,25.67
220.93,0.41,90.65,0.00,0.00,0.00,0.00,0.00,0.00,0.00,0.00,0.00,217.07,0.19,25.77
219.28,0.41,90.13,0.00,0.00,0.00,0.00,0.00,0.00,0.00,0.00,0.00,217.92,0.19,25.91
223.00,0.42,92.87,0.00,0.00,0.00,0.00,0.00,0.00,0.00,0.00,0.00,218.60,0.20,26.28
219.48,0.41,90.62,0.00,0.00,0.00,0.00,0.00,0.00,0.00,0.00,0.00,219.39,0.19,25.91
222.19,0.42,92.62,0.00,0.00,0.00,0.00,0.00,0.00,0.00,0.00,0.00,217.83,0.20,26.62
221.76,0.41,91.63,0.00,0.00,0.00,0.00,0.00,0.00,0.00,0.00,0.00,216.59,0.19,26.07
217.11,0.41,89.96,0.00,0.00,0.00,0.00,0.00,0.00,0.00,0.00,0.00,219.92,0.19,26.42
221.55,0.41,90.39,0.00,0.00,0.00,0.00,0.00,0.00,0.00,0.00,0.00,216.69,0.19,25.00
223.36,0.41,92.36,0.00,0.00,0.00,0.00,0.00,0.00,0.00,0.00,0.00,218.42,0.19,26.52
221.41,0.41,91.18,0.00,0.00,0.00,0.00,0.00,0.00,0.00,0.00,0.00,217.24,0.19,25.14
221.35,0.41,91.54,0.00,0.00,0.00,0.00,0.00,0.00,0.00,0.00,0.00,218.67,0.19,26.20
221.82,0.41,91.52,0.00,0.00,0.00,0.00,0.00,0.00,0.00,0.00,0.00,218.04,0.19,26.13
220.38,0.41,91.32,0.00,0.00,0.00,0.00,0.00,0.00,0.00,0.00,0.00,217.00,0.19,25.96
223.59,0.41,92.13,0.00,0.00,0.00,0.00,0.00,0.00,0.00,0.00,0.00,218.46,0.19,26.40
223.81,0.42,93.52,0.00,0.00,0.00,0.00,0.00,0.00,0.00,0.00,0.00,219.32,0.20,26.83
223.10,0.41,92.39,0.00,0.00,0.00,0.00,0.00,0.00,0.00,0.00,0.00,218.37,0.19,26.47
220.59,0.42,91.66,0.00,0.00,0.00,0.00,0.00,0.00,0.00,0.00,0.00,218.29,0.20,26.18
220.93,0.41,91.55,0.00,0.00,0.00,0.00,0.00,0.00,0.00,0.00,0.00,218.52,0.19,26.24
223.59,0.42,94.24,0.00,0.00,0.00,0.00,0.00,0.00,0.00,0.00,0.00,219.03,0.20,26.91
223.21,0.41,91.94,0.00,0.00,0.00,0.00,0.00,0.00,0.00,0.00,0.00,217.76,0.19,25.92
221.22,0.41,91.21,0.00,0.00,0.00,0.00,0.00,0.00,0.00,0.00,0.00,218.09,0.19,25.76
221.50,0.42,92.06,0.00,0.00,0.00,0.00,0.00,0.00,0.00,0.00,0.00,219.44,0.20,26.12
221.86,0.42,92.58,0.00,0.00,0.00,0.00,0.00,0.00,0.00,0.00,0.00,217.95,0.20,26.48
220.75,0.41,91.22,0.00,0.00,0.00,0.00,0.00,0.00,0.00,0.00,0.00,219.21,0.19,26.18
222.76,0.41,91.79,0.00,0.00,0.00,0.00,0.00,0.00,0.00,0.00,0.00,216.84,0.19,25.21
223.72,0.42,93.14,0.00,0.00,0.00,0.00,0.00,0.00,0.00,0.00,0.00,218.05,0.20,26.13
222.75,0.42,92.82,0.00,0.00,0.00,0.00,0.00,0.00,0.00,0.00,0.00,220.05,0.20,26.48
223.17,0.42,93.44,0.00,0.00,0.00,0.00,0.00,0.00,0.00,0.00,0.00,218.81,0.20,26.89
221.51,0.41,91.57,0.00,0.00,0.00,0.00,0.00,0.00,0.00,0.00,0.00,219.91,0.19,26.05
221.80,0.41,91.51,0.00,0.00,0.00,0.00,0.00,0.00,0.00,0.00,0.00,218.22,0.19,25.74
223.40,0.41,92.47,0.00,0.00,0.00,0.00,0.00,0.00,0.00,0.00,0.00,218.50,0.19,26.00
223.47,0.41,92.31,0.00,0.00,0.00,0.00,0.00,0.00,0.00,0.00,0.00,215.43,0.19,25.40
220.97,0.41,91.37,0.00,0.00,0.00,0.00,0.00,0.00,0.00,0.00,0.00,219.76,0.19,26.43
218.10,0.41,90.29,0.00,0.00,0.00,0.00,0.00,0.00,0.00,0.00,0.00,218.73,0.19,25.89
222.25,0.41,91.73,0.00,0.00,0.00,0.00,0.00,0.00,0.00,0.00,0.00,218.34,0.19,25.88
223.40,0.42,93.01,0.00,0.00,0.00,0.00,0.00,0.00,0.00,0.00,0.00,219.81,0.20,26.13
217.90,0.42,91.04,0.00,0.00,0.00,0.00,0.00,0.00,0.00,0.00,0.00,219.19,0.20,26.67
222.15,0.42,92.68,0.00,0.00,0.00,0.00,0.00,0.00,0.00,0.00,0.00,217.88,0.20,26.53
223.75,0.42,93.05,0.00,0.00,0.00,0.00,0.00,0.00,0.00,0.00,0.00,218.49,0.20,26.32
221.71,0.41,91.50,0.00,0.00,0.00,0.00,0.00,0.00,0.00,0.00,0.00,216.26,0.19,25.15
222.00,0.42,92.69,0.00,0.00,0.00,0.00,0.00,0.00,0.00,0.00,0.00,216.86,0.20,26.19
224.22,0.42,93.52,0.00,0.00,0.00,0.00,0.00,0.00,0.00,0.00,0.00,217.86,0.20,26.24
222.53,0.42,92.62,0.00,0.00,0.00,0.00,0.00,0.00,0.00,0.00,0.00,218.66,0.20,26.29
222.14,0.42,92.77,0.00,0.00,0.00,0.00,0.00,0.00,0.00,0.00,0.00,217.14,0.20,26.04
223.58,0.42,92.86,0.00,0.00,0.00,0.00,0.00,0.00,0.00,0.00,0.00,217.27,0.20,26.10
220.84,0.41,91.37,0.00,0.00,0.00,0.00,0.00,0.00,0.00,0.00,0.00,219.39,0.19,26.72
222.09,0.41,91.81,0.00,0.00,0.00,0.00,0.00,0.00,0.00,0.00,0.00,217.25,0.19,25.88
223.33,0.42,92.86,0.00,0.00,0.00,0.00,0.00,0.00,0.00,0.00,0.00,217.31,0.20,26.38
221.22,0.41,90.33,0.00,0.00,0.00,0.00,0.00,0.00,0.00,0.00,0.00,218.10,0.19,25.12
220.49,0.42,91.95,0.00,0.00,0.00,0.00,0.00,0.00,0.00,0.00,0.00,217.77,0.20,26.38
222.04,0.41,92.12,0.00,0.00,0.00,0.00,0.00,0.00,0.00,0.00,0.00,216.51,0.20,25.76
222.19,0.41,91.43,0.00,0.00,0.00,0.00,0.00,0.00,0.00,0.00,0.00,218.46,0.19,25.82
221.80,0.42,92.08,0.00,0.00,0.00,0.00,0.00,0.00,0.00,0.00,0.00,217.34,0.20,25.98
224.04,0.41,92.22,0.00,0.00,0.00,0.00,0.00,0.00,0.00,0.00,0.00,217.60,0.19,25.67
221.34,0.42,92.76,0.00,0.00,0.00,0.00,0.00,0.00,0.00,0.00,0.00,218.56,0.20,26.76
220.11,0.42,91.60,0.00,0.00,0.00,0.00,0.00,0.00,0.00,0.00,0.00,217.74,0.20,26.43
223.36,0.41,91.71,0.00,0.00,0.00,0.00,0.00,0.00,0.00,0.00,0.00,216.76,0.19,25.47
221.45,0.41,91.17,0.00,0.00,0.00,0.00,0.00,0.00,0.00,0.00,0.00,218.99,0.19,25.99
222.91,0.41,92.48,0.00,0.00,0.00,0.00,0.00,0.00,0.00,0.00,0.00,218.56,0.20,26.26
222.66,0.41,92.26,0.00,0.00,0.00,0.00,0.00,0.00,0.00,0.00,0.00,217.89,0.19,26.40
220.55,0.42,91.59,0.00,0.00,0.00,0.00,0.00,0.00,0.00,0.00,0.00,219.11,0.20,26.50
218.79,0.42,91.38,0.00,0.00,0.00,0.00,0.00,0.00,0.00,0.00,0.00,217.96,0.20,26.52
222.76,0.41,92.11,0.00,0.00,0.00,0.00,0.00,0.00,0.00,0.00,0.00,214.92,0.19,25.20
222.27,0.41,91.42,0.00,0.00,0.00,0.00,0.00,0.00,0.00,0.00,0.00,217.82,0.19,25.85
223.06,0.42,92.70,0.00,0.00,0.00,0.00,0.00,0.00,0.00,0.00,0.00,218.63,0.20,26.31
220.16,0.42,91.61,0.00,0.00,0.00,0.00,0.00,0.00,0.00,0.00,0.00,218.45,0.20,26.34
222.45,0.42,93.03,0.00,0.00,0.00,0.00,0.00,0.00,0.00,0.00,0.00,219.50,0.20,26.19
218.16,0.41,90.04,0.00,0.00,0.00,0.00,0.00,0.00,0.00,0.00,0.00,217.62,0.19,25.97
223.03,0.42,93.09,0.00,0.00,0.00,0.00,0.00,0.00,0.00,0.00,0.00,217.91,0.20,26.11
223.56,0.41,92.32,0.00,0.00,0.00,0.00,0.00,0.00,0.00,0.00,0.00,220.62,0.19,26.08
222.48,0.42,92.91,0.00,0.00,0.00,0.00,0.00,0.00,0.00,0.00,0.00,217.17,0.20,26.18
221.39,0.42,93.29,0.00,0.00,0.00,0.00,0.00,0.00,0.00,0.00,0.00,218.82,0.20,26.98
222.73,0.42,92.93,0.00,0.00,0.00,0.00,0.00,0.00,0.00,0.00,0.00,218.81,0.20,26.51
221.27,0.41,91.03,0.00,0.00,0.00,0.00,0.00,0.00,0.00,0.00,0.00,217.47,0.19,25.52
221.01,0.42,91.82,0.00,0.00,0.00,0.00,0.00,0.00,0.00,0.00,0.00,217.62,0.20,26.30
222.37,0.41,92.22,0.00,0.00,0.00,0.00,0.00,0.00,0.00,0.00,0.00,217.49,0.20,25.88
222.88,0.41,91.84,0.00,0.00,0.00,0.00,0.00,0.00,0.00,0.00,0.00,214.03,0.19,25.33
218.88,0.42,92.13,0.00,0.00,0.00,0.00,0.00,0.00,0.00,0.00,0.00,219.77,0.20,27.27
220.25,0.41,90.68,0.00,0.00,0.00,0.00,0.00,0.00,0.00,0.00,0.00,214.50,0.19,25.12
223.33,0.42,92.93,0.00,0.00,0.00,0.00,0.00,0.00,0.00,0.00,0.00,217.18,0.20,25.78
222.03,0.41,91.52,0.00,0.00,0.00,0.00,0.00,0.00,0.00,0.00,0.00,219.55,0.19,26.18
222.99,0.41,91.70,0.00,0.00,0.00,0.00,0.00,0.00,0.00,0.00,0.00,216.98,0.19,25.39
222.28,0.42,92.38,0.00,0.00,0.00,0.00,0.00,0.00,0.00,0.00,0.00,218.76,0.20,26.40
220.39,0.41,91.07,0.00,0.00,0.00,0.00,0.00,0.00,0.00,0.00,0.00,217.68,0.19,26.09
223.94,0.41,92.44,0.00,0.00,0.00,0.00,0.00,0.00,0.00,0.00,0.00,217.84,0.19,25.90
221.40,0.41,91.19,0.00,0.00,0.00,0.00,0.00,0.00,0.00,0.00,0.00,217.62,0.19,25.96
222.16,0.41,91.65,0.00,0.00,0.00,0.00,0.00,0.00,0.00,0.00,0.00,217.32,0.19,26.24
224.19,0.42,93.39,0.00,0.00,0.00,0.00,0.00,0.00,0.00,0.00,0.00,219.40,0.20,26.28
217.67,0.42,90.72,0.00,0.00,0.00,0.00,0.00,0.00,0.00,0.00,0.00,219.88,0.20,26.51
222.55,0.41,92.36,0.00,0.00,0.00,0.00,0.00,0.00,0.00,0.00,0.00,217.94,0.20,26.03
225.21,0.41,93.18,0.00,0.00,0.00,0.00,0.00,0.00,0.00,0.00,0.00,216.38,0.19,25.85
220.01,0.41,90.38,0.00,0.00,0.00,0.00,0.00,0.00,0.00,0.00,0.00,217.32,0.19,25.79
222.00,0.41,91.74,0.00,0.00,0.00,0.00,0.00,0.00,0.00,0.00,0.00,218.33,0.19,25.94
223.57,0.42,92.98,0.00,0.00,0.00,0.00,0.00,0.00,0.00,0.00,0.00,217.27,0.20,26.08
221.85,0.42,92.16,0.00,0.00,0.00,0.00,0.00,0.00,0.00,0.00,0.00,217.68,0.20,26.61
222.16,0.42,92.23,0.00,0.00,0.00,0.00,0.00,0.00,0.00,0.00,0.00,218.14,0.20,26.31
222.45,0.41,91.93,0.00,0.00,0.00,0.00,0.00,0.00,0.00,0.00,0.00,218.58,0.19,26.32
221.18,0.41,90.86,0.00,0.00,0.00,0.00,0.00,0.00,0.00,0.00,0.00,218.41,0.19,26.03
222.28,0.41,92.02,0.00,0.00,0.00,0.00,0.00,0.00,0.00,0.00,0.00,217.29,0.19,25.80
220.47,0.41,90.79,0.00,0.00,0.00,0.00,0.00,0.00,0.00,0.00,0.00,216.15,0.19,25.63
222.47,0.41,91.99,0.00,0.00,0.00,0.00,0.00,0.00,0.00,0.00,0.00,218.35,0.19,26.15
221.88,0.41,91.66,0.00,0.00,0.00,0.00,0.00,0.00,0.00,0.00,0.00,217.99,0.19,26.26
219.39,0.41,90.52,0.00,0.00,0.00,0.00,0.00,0.00,0.00,0.00,0.00,217.31,0.19,25.82
219.71,0.42,91.32,0.00,0.00,0.00,0.00,0.00,0.00,0.00,0.00,0.00,219.51,0.20,26.69
221.74,0.41,92.01,0.00,0.00,0.00,0.00,0.00,0.00,0.00,0.00,0.00,217.45,0.20,26.19
224.49,0.42,93.25,0.00,0.00,0.00,0.00,0.00,0.00,0.00,0.00,0.00,216.94,0.20,25.90
218.32,0.41,90.33,0.00,0.00,0.00,0.00,0.00,0.00,0.00,0.00,0.00,218.79,0.19,26.55
218.59,0.41,90.00,0.00,0.00,0.00,0.00,0.00,0.00,0.00,0.00,0.00,218.64,0.19,25.69
222.30,0.41,90.55,0.00,0.00,0.00,0.00,0.00,0.00,0.00,0.00,0.00,214.54,0.19,24.61
219.13,0.42,90.94,0.00,0.00,0.00,0.00,0.00,0.00,0.00,0.00,0.00,218.14,0.20,26.20
217.56,0.41,89.40,0.00,0.00,0.00,0.00,0.00,0.00,0.00,0.00,0.00,218.75,0.19,26.01
221.88,0.41,91.25,0.00,0.00,0.00,0.00,0.00,0.00,0.00,0.00,0.00,215.84,0.19,25.21
224.01,0.41,91.89,0.00,0.00,0.00,0.00,0.00,0.00,0.00,0.00,0.00,216.79,0.19,25.17
223.52,0.41,91.32,0.00,0.00,0.00,0.00,0.00,0.00,0.00,0.00,0.00,215.51,0.19,24.93
221.79,0.41,91.03,0.00,0.00,0.00,0.00,0.00,0.00,0.00,0.00,0.00,219.01,0.19,26.06
222.67,0.41,91.82,0.00,0.00,0.00,0.00,0.00,0.00,0.00,0.00,0.00,220.85,0.19,26.26
220.30,0.41,90.47,0.00,0.00,0.00,0.00,0.00,0.00,0.00,0.00,0.00,217.64,0.19,25.29
221.75,0.41,91.50,0.00,0.00,0.00,0.00,0.00,0.00,0.00,0.00,0.00,218.50,0.19,26.19
221.83,0.41,91.86,0.00,0.00,0.00,0.00,0.00,0.00,0.00,0.00,0.00,218.65,0.19,26.08
221.81,0.41,91.97,0.00,0.00,0.00,0.00,0.00,0.00,0.00,0.00,0.00,218.81,0.20,26.15
222.75,0.42,92.73,0.00,0.00,0.00,0.00,0.00,0.00,0.00,0.00,0.00,219.32,0.20,26.39
220.77,0.41,89.73,0.00,0.00,0.00,0.00,0.00,0.00,0.00,0.00,0.00,213.37,0.19,24.41
223.45,0.41,92.49,0.00,0.00,0.00,0.00,0.00,0.00,0.00,0.00,0.00,219.34,0.19,26.08
219.97,0.41,91.27,0.00,0.00,0.00,0.00,0.00,0.00,0.00,0.00,0.00,218.68,0.20,26.41
223.87,0.42,92.99,0.00,0.00,0.00,0.00,0.00,0.00,0.00,0.00,0.00,217.62,0.20,26.11
226.45,0.41,93.44,0.00,0.00,0.00,0.00,0.00,0.00,0.00,0.00,0.00,217.67,0.19,26.10
219.90,0.42,91.34,0.00,0.00,0.00,0.00,0.00,0.00,0.00,0.00,0.00,219.38,0.20,26.20
221.22,0.41,91.54,0.00,0.00,0.00,0.00,0.00,0.00,0.00,0.00,0.00,219.77,0.19,26.53
221.66,0.41,90.39,0.00,0.00,0.00,0.00,0.00,0.00,0.00,0.00,0.00,214.01,0.19,24.18
221.16,0.41,90.55,0.00,0.00,0.00,0.00,0.00,0.00,0.00,0.00,0.00,218.81,0.19,25.82
222.49,0.41,92.20,0.00,0.00,0.00,0.00,0.00,0.00,0.00,0.00,0.00,219.57,0.19,26.01
221.38,0.41,91.86,0.00,0.00,0.00,0.00,0.00,0.00,0.00,0.00,0.00,214.73,0.20,25.32
220.96,0.41,90.28,0.00,0.00,0.00,0.00,0.00,0.00,0.00,0.00,0.00,218.01,0.19,25.21
224.07,0.41,92.11,0.00,0.00,0.00,0.00,0.00,0.00,0.00,0.00,0.00,219.20,0.19,25.79
222.18,0.42,92.66,0.00,0.00,0.00,0.00,0.00,0.00,0.00,0.00,0.00,218.61,0.20,26.92
220.94,0.41,90.49,0.00,0.00,0.00,0.00,0.00,0.00,0.00,0.00,0.00,218.78,0.19,25.64
224.28,0.41,92.06,0.00,0.00,0.00,0.00,0.00,0.00,0.00,0.00,0.00,222.34,0.19,26.45
222.03,0.41,90.88,0.00,0.00,0.00,0.00,0.00,0.00,0.00,0.00,0.00,217.52,0.19,25.04
224.33,0.41,92.97,0.00,0.00,0.00,0.00,0.00,0.00,0.00,0.00,0.00,217.34,0.19,25.93
219.22,0.41,90.84,0.00,0.00,0.00,0.00,0.00,0.00,0.00,0.00,0.00,217.58,0.19,26.25
220.34,0.42,91.75,0.00,0.00,0.00,0.00,0.00,0.00,0.00,0.00,0.00,224.89,0.20,27.22
221.26,0.41,90.48,0.00,0.00,0.00,0.00,0.00,0.00,0.00,0.00,0.00,214.08,0.19,24.66
214.35,0.41,87.53,0.00,0.00,0.00,0.00,0.00,0.00,0.00,0.00,0.00,213.77,0.19,24.39
221.01,0.41,91.09,0.00,0.00,0.00,0.00,0.00,0.00,0.00,0.00,0.00,215.67,0.19,25.17
221.34,0.41,90.96,0.00,0.00,0.00,0.00,0.00,0.00,0.00,0.00,0.00,217.48,0.19,25.23
221.78,0.41,91.44,0.00,0.00,0.00,0.00,0.00,0.00,0.00,0.00,0.00,218.56,0.19,26.13
222.37,0.41,92.04,0.00,0.00,0.00,0.00,0.00,0.00,0.00,0.00,0.00,219.67,0.19,26.40
217.15,0.41,89.28,0.00,0.00,0.00,0.00,0.00,0.00,0.00,0.00,0.00,216.19,0.19,25.05
222.87,0.41,90.71,0.00,0.00,0.00,0.00,0.00,0.00,0.00,0.00,0.00,215.02,0.19,24.55
223.34,0.41,92.62,0.00,0.00,0.00,0.00,0.00,0.00,0.00,0.00,0.00,219.05,0.20,26.36
222.10,0.41,91.43,0.00,0.00,0.00,0.00,0.00,0.00,0.00,0.00,0.00,219.33,0.19,26.03
221.99,0.41,91.86,0.00,0.00,0.00,0.00,0.00,0.00,0.00,0.00,0.00,219.41,0.19,26.32
220.89,0.42,91.79,0.00,0.00,0.00,0.00,0.00,0.00,0.00,0.00,0.00,217.73,0.20,26.00
220.84,0.41,90.44,0.00,0.00,0.00,0.00,0.00,0.00,0.00,0.00,0.00,215.41,0.19,25.39
222.93,0.41,92.30,0.00,0.00,0.00,0.00,0.00,0.00,0.00,0.00,0.00,218.14,0.19,26.05
223.35,0.41,92.48,0.00,0.00,0.00,0.00,0.00,0.00,0.00,0.00,0.00,218.25,0.19,25.96
218.70,0.41,89.61,0.00,0.00,0.00,0.00,0.00,0.00,0.00,0.00,0.00,217.75,0.19,25.96
221.23,0.41,90.83,0.00,0.00,0.00,0.00,0.00,0.00,0.00,0.00,0.00,218.42,0.19,25.75
220.98,0.42,91.76,0.00,0.00,0.00,0.00,0.00,0.00,0.00,0.00,0.00,219.94,0.20,26.86
218.93,0.42,91.06,0.00,0.00,0.00,0.00,0.00,0.00,0.00,0.00,0.00,217.99,0.20,26.12
218.65,0.41,90.06,0.00,0.00,0.00,0.00,0.00,0.00,0.00,0.00,0.00,216.83,0.19,25.58
221.31,0.40,89.13,0.00,0.00,0.00,0.00,0.00,0.00,0.00,0.00,0.00,213.87,0.18,24.07
222.27,0.41,92.23,0.00,0.00,0.00,0.00,0.00,0.00,0.00,0.00,0.00,219.00,0.20,26.27
221.81,0.41,90.68,0.00,0.00,0.00,0.00,0.00,0.00,0.00,0.00,0.00,218.23,0.19,25.39
221.74,0.41,90.78,0.00,0.00,0.00,0.00,0.00,0.00,0.00,0.00,0.00,215.86,0.19,25.27
222.10,0.41,90.94,0.00,0.00,0.00,0.00,0.00,0.00,0.00,0.00,0.00,217.11,0.19,25.40
222.98,0.41,91.76,0.00,0.00,0.00,0.00,0.00,0.00,0.00,0.00,0.00,220.85,0.19,26.50
222.86,0.41,91.51,0.00,0.00,0.00,0.00,0.00,0.00,0.00,0.00,0.00,218.87,0.19,26.18
221.88,0.41,91.77,0.00,0.00,0.00,0.00,0.00,0.00,0.00,0.00,0.00,217.98,0.19,25.84
220.96,0.41,90.97,0.00,0.00,0.00,0.00,0.00,0.00,0.00,0.00,0.00,218.80,0.19,25.79
220.30,0.42,91.72,0.00,0.00,0.00,0.00,0.00,0.00,0.00,0.00,0.00,217.18,0.20,25.88
223.52,0.41,92.57,0.00,0.00,0.00,0.00,0.00,0.00,0.00,0.00,0.00,216.38,0.19,25.76
221.39,0.42,92.18,0.00,0.00,0.00,0.00,0.00,0.00,0.00,0.00,0.00,218.78,0.20,26.32
223.31,0.42,92.97,0.00,0.00,0.00,0.00,0.00,0.00,0.00,0.00,0.00,228.14,0.20,27.22
222.46,0.42,92.94,0.00,0.00,0.00,0.00,0.00,0.00,0.00,0.00,0.00,218.21,0.20,26.47
219.41,0.41,90.70,0.00,0.00,0.00,0.00,0.00,0.00,0.00,0.00,0.00,220.21,0.19,26.19
222.14,0.42,92.48,0.00,0.00,0.00,0.00,0.00,0.00,0.00,0.00,0.00,218.18,0.20,26.27
222.41,0.41,91.72,0.00,0.00,0.00,0.00,0.00,0.00,0.00,0.00,0.00,218.06,0.19,25.54
219.27,0.42,91.38,0.00,0.00,0.00,0.00,0.00,0.00,0.00,0.00,0.00,218.39,0.20,26.16
221.94,0.41,91.24,0.00,0.00,0.00,0.00,0.00,0.00,0.00,0.00,0.00,218.32,0.19,25.71
223.47,0.42,93.04,0.00,0.00,0.00,0.00,0.00,0.00,0.00,0.00,0.00,217.15,0.20,26.04
221.23,0.42,92.64,0.00,0.00,0.00,0.00,0.00,0.00,0.00,0.00,0.00,220.26,0.20,26.76
224.36,0.41,91.93,0.00,0.00,0.00,0.00,0.00,0.00,0.00,0.00,0.00,217.53,0.19,25.17
222.26,0.41,91.90,0.00,0.00,0.00,0.00,0.00,0.00,0.00,0.00,0.00,215.35,0.19,25.29
220.16,0.42,91.45,0.00,0.00,0.00,0.00,0.00,0.00,0.00,0.00,0.00,218.13,0.20,25.91
221.55,0.41,91.39,0.00,0.00,0.00,0.00,0.00,0.00,0.00,0.00,0.00,218.75,0.19,25.63
221.90,0.41,91.93,0.00,0.00,0.00,0.00,0.00,0.00,0.00,0.00,0.00,215.95,0.19,25.23
220.72,0.41,90.80,0.00,0.00,0.00,0.00,0.00,0.00,0.00,0.00,0.00,218.59,0.19,25.90
220.95,0.42,92.16,0.00,0.00,0.00,0.00,0.00,0.00,0.00,0.00,0.00,220.15,0.20,26.99
221.05,0.41,91.60,0.00,0.00,0.00,0.00,0.00,0.00,0.00,0.00,0.00,219.30,0.19,26.10
223.18,0.42,92.82,0.00,0.00,0.00,0.00,0.00,0.00,0.00,0.00,0.00,218.78,0.20,26.23
219.43,0.41,89.34,0.00,0.00,0.00,0.00,0.00,0.00,0.00,0.00,0.00,219.03,0.19,25.39
221.74,0.41,91.73,0.00,0.00,0.00,0.00,0.00,0.00,0.00,0.00,0.00,217.35,0.19,25.84
218.27,0.41,89.66,0.00,0.00,0.00,0.00,0.00,0.00,0.00,0.00,0.00,219.03,0.19,25.85
224.77,0.41,92.66,0.00,0.00,0.00,0.00,0.00,0.00,0.00,0.00,0.00,218.36,0.19,25.84
223.10,0.41,91.33,0.00,0.00,0.00,0.00,0.00,0.00,0.00,0.00,0.00,214.76,0.19,24.86
223.78,0.41,90.86,0.00,0.00,0.00,0.00,0.00,0.00,0.00,0.00,0.00,214.72,0.19,24.52
221.76,0.42,92.54,0.00,0.00,0.00,0.00,0.00,0.00,0.00,0.00,0.00,221.50,0.20,27.11
219.42,0.41,90.00,0.00,0.00,0.00,0.00,0.00,0.00,0.00,0.00,0.00,215.89,0.19,25.47
222.35,0.41,90.99,0.00,0.00,0.00,0.00,0.00,0.00,0.00,0.00,0.00,214.82,0.19,24.58
220.81,0.41,90.47,0.00,0.00,0.00,0.00,0.00,0.00,0.00,0.00,0.00,214.35,0.19,24.63
223.84,0.41,92.66,0.00,0.00,0.00,0.00,0.00,0.00,0.00,0.00,0.00,219.09,0.19,26.18
223.36,0.42,92.96,0.00,0.00,0.00,0.00,0.00,0.00,0.00,0.00,0.00,217.29,0.20,26.50
222.62,0.42,92.47,0.00,0.00,0.00,0.00,0.00,0.00,0.00,0.00,0.00,218.42,0.20,26.13
220.31,0.41,91.34,0.00,0.00,0.00,0.00,0.00,0.00,0.00,0.00,0.00,217.05,0.20,25.34
221.22,0.42,92.70,0.00,0.00,0.00,0.00,0.00,0.00,0.00,0.00,0.00,217.41,0.20,26.02
223.70,0.41,92.64,0.00,0.00,0.00,0.00,0.00,0.00,0.00,0.00,0.00,217.74,0.19,25.35
223.05,0.42,92.76,0.00,0.00,0.00,0.00,0.00,0.00,0.00,0.00,0.00,218.03,0.20,25.93
220.95,0.42,91.97,0.00,0.00,0.00,0.00,0.00,0.00,0.00,0.00,0.00,219.97,0.20,26.26
221.77,0.41,91.79,0.00,0.00,0.00,0.00,0.00,0.00,0.00,0.00,0.00,217.15,0.19,25.61
221.72,0.42,92.94,0.00,0.00,0.00,0.00,0.00,0.00,0.00,0.00,0.00,218.83,0.20,26.39
222.18,0.42,93.09,0.00,0.00,0.00,0.00,0.00,0.00,0.00,0.00,0.00,219.88,0.20,25.69
221.43,0.42,91.95,0.00,0.00,0.00,0.00,0.00,0.00,0.00,0.00,0.00,218.66,0.20,25.90
223.18,0.42,92.65,0.00,0.00,0.00,0.00,0.00,0.00,0.00,0.00,0.00,219.02,0.20,25.75
221.56,0.42,92.35,0.00,0.00,0.00,0.00,0.00,0.00,0.00,0.00,0.00,217.56,0.20,25.79
221.26,0.42,92.02,0.00,0.00,0.00,0.00,0.00,0.00,0.00,0.00,0.00,218.24,0.20,25.36
222.29,0.41,91.95,0.00,0.00,0.00,0.00,0.00,0.00,0.00,0.00,0.00,217.37,0.19,25.46
221.11,0.41,91.59,0.00,0.00,0.00,0.00,0.00,0.00,0.00,0.00,0.00,220.27,0.19,26.19
219.56,0.42,91.13,0.00,0.00,0.00,0.00,0.00,0.00,0.00,0.00,0.00,217.55,0.20,25.89
222.10,0.42,92.24,0.00,0.00,0.00,0.00,0.00,0.00,0.00,0.00,0.00,217.91,0.20,25.97
218.44,0.42,91.30,0.00,0.00,0.00,0.00,0.00,0.00,0.00,0.00,0.00,219.60,0.20,26.19
220.23,0.41,90.56,0.00,0.00,0.00,0.00,0.00,0.00,0.00,0.00,0.00,215.80,0.19,24.70
219.92,0.41,91.17,0.00,0.00,0.00,0.00,0.00,0.00,0.00,0.00,0.00,219.54,0.20,25.83
222.12,0.41,91.29,0.00,0.00,0.00,0.00,0.00,0.00,0.00,0.00,0.00,219.14,0.19,25.51
220.46,0.41,91.20,0.00,0.00,0.00,0.00,0.00,0.00,0.00,0.00,0.00,217.84,0.19,25.65
222.79,0.42,92.71,0.00,0.00,0.00,0.00,0.00,0.00,0.00,0.00,0.00,219.90,0.20,26.70
222.15,0.41,91.23,0.00,0.00,0.00,0.00,0.00,0.00,0.00,0.00,0.00,217.88,0.19,25.50
222.62,0.41,91.30,0.00,0.00,0.00,0.00,0.00,0.00,0.00,0.00,0.00,213.36,0.19,24.83
220.02,0.41,91.14,0.00,0.00,0.00,0.00,0.00,0.00,0.00,0.00,0.00,219.44,0.19,25.96
220.38,0.41,89.91,0.00,0.00,0.00,0.00,0.00,0.00,0.00,0.00,0.00,215.35,0.19,24.18
223.00,0.42,92.60,0.00,0.00,0.00,0.00,0.00,0.00,0.00,0.00,0.00,218.73,0.20,25.89
222.95,0.41,91.84,0.00,0.00,0.00,0.00,0.00,0.00,0.00,0.00,0.00,218.51,0.19,25.77
222.74,0.42,92.57,0.00,0.00,0.00,0.00,0.00,0.00,0.00,0.00,0.00,219.45,0.20,26.18
221.89,0.41,90.68,0.00,0.00,0.00,0.00,0.00,0.00,0.00,0.00,0.00,215.84,0.19,24.84
221.02,0.42,91.83,0.00,0.00,0.00,0.00,0.00,0.00,0.00,0.00,0.00,220.51,0.20,26.35
220.12,0.41,90.76,0.00,0.00,0.00,0.00,0.00,0.00,0.00,0.00,0.00,217.34,0.19,25.81
220.96,0.41,90.72,0.00,0.00,0.00,0.00,0.00,0.00,0.00,0.00,0.00,216.90,0.19,25.33
218.47,0.41,89.41,0.00,0.00,0.00,0.00,0.00,0.00,0.00,0.00,0.00,217.10,0.19,25.28
223.16,0.41,91.04,0.00,0.00,0.00,0.00,0.00,0.00,0.00,0.00,0.00,216.48,0.19,24.77
223.79,0.41,92.15,0.00,0.00,0.00,0.00,0.00,0.00,0.00,0.00,0.00,219.98,0.19,25.93
222.89,0.41,92.04,0.00,0.00,0.00,0.00,0.00,0.00,0.00,0.00,0.00,220.44,0.19,26.09
217.23,0.41,89.23,0.00,0.00,0.00,0.00,0.00,0.00,0.00,0.00,0.00,218.45,0.19,26.04
221.54,0.41,91.66,0.00,0.00,0.00,0.00,0.00,0.00,0.00,0.00,0.00,218.77,0.19,26.16
222.19,0.41,92.08,0.00,0.00,0.00,0.00,0.00,0.00,0.00,0.00,0.00,218.98,0.19,26.15
218.32,0.41,89.53,0.00,0.00,0.00,0.00,0.00,0.00,0.00,0.00,0.00,216.46,0.19,25.56
220.64,0.41,91.02,0.00,0.00,0.00,0.00,0.00,0.00,0.00,0.00,0.00,219.96,0.19,26.03
223.49,0.41,91.55,0.00,0.00,0.00,0.00,0.00,0.00,0.00,0.00,0.00,217.55,0.19,24.87
223.24,0.42,93.36,0.00,0.00,0.00,0.00,0.00,0.00,0.00,0.00,0.00,220.43,0.20,26.76
221.69,0.42,92.19,0.00,0.00,0.00,0.00,0.00,0.00,0.00,0.00,0.00,220.50,0.20,26.57
220.80,0.41,90.95,0.00,0.00,0.00,0.00,0.00,0.00,0.00,0.00,0.00,215.74,0.19,25.15
223.31,0.42,92.85,0.00,0.00,0.00,0.00,0.00,0.00,0.00,0.00,0.00,218.06,0.20,26.01
223.82,0.41,91.99,0.00,0.00,0.00,0.00,0.00,0.00,0.00,0.00,0.00,219.43,0.19,26.00
222.94,0.41,91.41,0.00,0.00,0.00,0.00,0.00,0.00,0.00,0.00,0.00,219.88,0.19,25.93
222.72,0.41,91.81,0.00,0.00,0.00,0.00,0.00,0.00,0.00,0.00,0.00,215.22,0.19,25.02
221.41,0.41,90.80,0.00,0.00,0.00,0.00,0.00,0.00,0.00,0.00,0.00,217.91,0.19,25.27
221.99,0.41,90.52,0.00,0.00,0.00,0.00,0.00,0.00,0.00,0.00,0.00,215.07,0.19,24.60
223.51,0.41,92.02,0.00,0.00,0.00,0.00,0.00,0.00,0.00,0.00,0.00,218.24,0.19,25.77
224.95,0.42,93.82,0.00,0.00,0.00,0.00,0.00,0.00,0.00,0.00,0.00,220.04,0.20,26.84
223.32,0.41,92.12,0.00,0.00,0.00,0.00,0.00,0.00,0.00,0.00,0.00,219.02,0.19,25.87
222.65,0.41,91.35,0.00,0.00,0.00,0.00,0.00,0.00,0.00,0.00,0.00,220.15,0.19,25.83
221.97,0.41,90.42,0.00,0.00,0.00,0.00,0.00,0.00,0.00,0.00,0.00,219.05,0.19,25.36
220.62,0.41,89.54,0.00,0.00,0.00,0.00,0.00,0.00,0.00,0.00,0.00,218.06,0.19,24.77
224.36,0.41,92.20,0.00,0.00,0.00,0.00,0.00,0.00,0.00,0.00,0.00,217.61,0.19,25.70
220.27,0.42,91.52,0.00,0.00,0.00,0.00,0.00,0.00,0.00,0.00,0.00,217.28,0.20,25.91
220.41,0.41,90.46,0.00,0.00,0.00,0.00,0.00,0.00,0.00,0.00,0.00,217.46,0.19,25.61
223.60,0.42,92.81,0.00,0.00,0.00,0.00,0.00,0.00,0.00,0.00,0.00,220.00,0.20,26.25
222.49,0.41,91.44,0.00,0.00,0.00,0.00,0.00,0.00,0.00,0.00,0.00,216.59,0.19,25.17
221.92,0.41,91.20,0.00,0.00,0.00,0.00,0.00,0.00,0.00,0.00,0.00,218.09,0.19,25.65
221.42,0.41,91.36,0.00,0.00,0.00,0.00,0.00,0.00,0.00,0.00,0.00,216.85,0.19,25.67
220.35,0.41,89.48,0.00,0.00,0.00,0.00,0.00,0.00,0.00,0.00,0.00,212.78,0.19,23.84
223.19,0.41,92.52,0.00,0.00,0.00,0.00,0.00,0.00,0.00,0.00,0.00,219.79,0.19,26.02
223.19,0.42,92.64,0.00,0.00,0.00,0.00,0.00,0.00,0.00,0.00,0.00,217.71,0.20,26.32
223.16,0.41,92.15,0.00,0.00,0.00,0.00,0.00,0.00,0.00,0.00,0.00,216.06,0.19,25.11
222.43,0.41,92.11,0.00,0.00,0.00,0.00,0.00,0.00,0.00,0.00,0.00,218.74,0.19,26.03
217.88,0.41,89.88,0.00,0.00,0.00,0.00,0.00,0.00,0.00,0.00,0.00,218.77,0.19,25.90
216.77,0.41,88.82,0.00,0.00,0.00,0.00,0.00,0.00,0.00,0.00,0.00,215.85,0.19,24.55
220.09,0.41,90.70,0.00,0.00,0.00,0.00,0.00,0.00,0.00,0.00,0.00,219.07,0.19,25.79
221.94,0.41,91.85,0.00,0.00,0.00,0.00,0.00,0.00,0.00,0.00,0.00,218.12,0.19,26.27
221.70,0.41,91.02,0.00,0.00,0.00,0.00,0.00,0.00,0.00,0.00,0.00,218.38,0.19,25.83
219.30,0.41,89.26,0.00,0.00,0.00,0.00,0.00,0.00,0.00,0.00,0.00,217.08,0.19,25.06
222.20,0.41,90.73,0.00,0.00,0.00,0.00,0.00,0.00,0.00,0.00,0.00,217.09,0.19,25.09
220.65,0.41,90.50,0.00,0.00,0.00,0.00,0.00,0.00,0.00,0.00,0.00,216.48,0.19,25.37
220.92,0.41,90.39,0.00,0.00,0.00,0.00,0.00,0.00,0.00,0.00,0.00,219.68,0.19,25.78
224.54,0.41,91.97,0.00,0.00,0.00,0.00,0.00,0.00,0.00,0.00,0.00,217.45,0.19,25.38
225.43,0.41,93.26,0.00,0.00,0.00,0.00,0.00,0.00,0.00,0.00,0.00,219.99,0.19,26.35
221.93,0.42,92.70,0.00,0.00,0.00,0.00,0.00,0.00,0.00,0.00,0.00,220.79,0.20,26.86
220.39,0.41,90.23,0.00,0.00,0.00,0.00,0.00,0.00,0.00,0.00,0.00,218.86,0.19,25.23
221.67,0.41,90.57,0.00,0.00,0.00,0.00,0.00,0.00,0.00,0.00,0.00,214.96,0.19,24.29
222.94,0.41,91.72,0.00,0.00,0.00,0.00,0.00,0.00,0.00,0.00,0.00,217.98,0.19,25.54
223.69,0.41,92.09,0.00,0.00,0.00,0.00,0.00,0.00,0.00,0.00,0.00,217.69,0.19,25.82
220.24,0.41,90.07,0.00,0.00,0.00,0.00,0.00,0.00,0.00,0.00,0.00,218.14,0.19,24.80
222.94,0.41,92.51,0.00,0.00,0.00,0.00,0.00,0.00,0.00,0.00,0.00,220.07,0.20,26.65
222.51,0.41,92.08,0.00,0.00,0.00,0.00,0.00,0.00,0.00,0.00,0.00,218.59,0.19,26.18
218.46,0.41,89.87,0.00,0.00,0.00,0.00,0.00,0.00,0.00,0.00,0.00,220.17,0.19,26.07
222.69,0.41,91.06,0.00,0.00,0.00,0.00,0.00,0.00,0.00,0.00,0.00,218.28,0.19,25.39
220.96,0.41,91.32,0.00,0.00,0.00,0.00,0.00,0.00,0.00,0.00,0.00,218.48,0.19,25.99
221.58,0.41,90.58,0.00,0.00,0.00,0.00,0.00,0.00,0.00,0.00,0.00,217.97,0.19,25.34
220.86,0.42,92.25,0.00,0.00,0.00,0.00,0.00,0.00,0.00,0.00,0.00,217.85,0.20,26.24
222.42,0.41,91.77,0.00,0.00,0.00,0.00,0.00,0.00,0.00,0.00,0.00,218.43,0.19,25.88
221.35,0.41,90.96,0.00,0.00,0.00,0.00,0.00,0.00,0.00,0.00,0.00,219.74,0.19,26.06
224.11,0.41,92.60,0.00,0.00,0.00,0.00,0.00,0.00,0.00,0.00,0.00,218.03,0.19,25.89
221.26,0.41,90.63,0.00,0.00,0.00,0.00,0.00,0.00,0.00,0.00,0.00,217.60,0.19,25.06
222.32,0.41,91.17,0.00,0.00,0.00,0.00,0.00,0.00,0.00,0.00,0.00,218.86,0.19,25.87
220.94,0.41,89.61,0.00,0.00,0.00,0.00,0.00,0.00,0.00,0.00,0.00,214.31,0.19,24.37
221.10,0.41,90.82,0.00,0.00,0.00,0.00,0.00,0.00,0.00,0.00,0.00,216.52,0.19,25.28
220.81,0.41,89.88,0.00,0.00,0.00,0.00,0.00,0.00,0.00,0.00,0.00,217.89,0.19,24.56
222.51,0.41,91.72,0.00,0.00,0.00,0.00,0.00,0.00,0.00,0.00,0.00,220.28,0.19,26.08
223.37,0.41,92.26,0.00,0.00,0.00,0.00,0.00,0.00,0.00,0.00,0.00,219.47,0.19,26.08
217.78,0.42,90.56,0.00,0.00,0.00,0.00,0.00,0.00,0.00,0.00,0.00,218.95,0.20,26.32
221.98,0.42,92.13,0.00,0.00,0.00,0.00,0.00,0.00,0.00,0.00,0.00,217.90,0.20,25.65
222.62,0.41,91.92,0.00,0.00,0.00,0.00,0.00,0.00,0.00,0.00,0.00,218.25,0.19,25.67
216.89,0.41,88.32,0.00,0.00,0.00,0.00,0.00,0.00,0.00,0.00,0.00,214.27,0.19,23.92
221.72,0.41,90.80,0.00,0.00,0.00,0.00,0.00,0.00,0.00,0.00,0.00,218.84,0.19,25.60
221.61,0.41,91.36,0.00,0.00,0.00,0.00,0.00,0.00,0.00,0.00,0.00,219.48,0.19,25.73
223.42,0.41,92.42,0.00,0.00,0.00,0.00,0.00,0.00,0.00,0.00,0.00,220.41,0.19,26.19
223.25,0.41,92.36,0.00,0.00,0.00,0.00,0.00,0.00,0.00,0.00,0.00,220.74,0.19,26.21
219.07,0.41,90.08,0.00,0.00,0.00,0.00,0.00,0.00,0.00,0.00,0.00,218.08,0.19,25.23
220.33,0.42,91.50,0.00,0.00,0.00,0.00,0.00,0.00,0.00,0.00,0.00,218.31,0.20,26.26
222.90,0.41,92.15,0.00,0.00,0.00,0.00,0.00,0.00,0.00,0.00,0.00,219.61,0.19,26.08
220.00,0.41,89.87,0.00,0.00,0.00,0.00,0.00,0.00,0.00,0.00,0.00,218.00,0.19,25.37
222.51,0.41,91.91,0.00,0.00,0.00,0.00,0.00,0.00,0.00,0.00,0.00,218.87,0.19,25.96
218.25,0.41,89.13,0.00,0.00,0.00,0.00,0.00,0.00,0.00,0.00,0.00,217.92,0.19,25.35
221.38,0.41,91.37,0.00,0.00,0.00,0.00,0.00,0.00,0.00,0.00,0.00,219.39,0.19,25.68
222.25,0.41,91.77,0.00,0.00,0.00,0.00,0.00,0.00,0.00,0.00,0.00,219.50,0.19,26.10
219.01,0.41,89.74,0.00,0.00,0.00,0.00,0.00,0.00,0.00,0.00,0.00,217.59,0.19,25.56
218.75,0.41,89.35,0.00,0.00,0.00,0.00,0.00,0.00,0.00,0.00,0.00,216.09,0.19,24.67
222.79,0.41,92.05,0.00,0.00,0.00,0.00,0.00,0.00,0.00,0.00,0.00,218.27,0.19,25.58
223.58,0.41,92.40,0.00,0.00,0.00,0.00,0.00,0.00,0.00,0.00,0.00,219.37,0.19,25.91
222.86,0.41,92.22,0.00,0.00,0.00,0.00,0.00,0.00,0.00,0.00,0.00,219.03,0.19,26.32
222.17,0.41,90.71,0.00,0.00,0.00,0.00,0.00,0.00,0.00,0.00,0.00,219.28,0.19,25.36
222.19,0.41,91.76,0.00,0.00,0.00,0.00,0.00,0.00,0.00,0.00,0.00,218.82,0.19,25.97
222.52,0.41,91.71,0.00,0.00,0.00,0.00,0.00,0.00,0.00,0.00,0.00,216.61,0.19,25.55
219.88,0.41,90.91,0.00,0.00,0.00,0.00,0.00,0.00,0.00,0.00,0.00,218.71,0.19,26.11
220.86,0.41,90.93,0.00,0.00,0.00,0.00,0.00,0.00,0.00,0.00,0.00,218.69,0.19,25.99
220.60,0.41,91.02,0.00,0.00,0.00,0.00,0.00,0.00,0.00,0.00,0.00,218.27,0.19,25.89
221.85,0.42,92.18,0.00,0.00,0.00,0.00,0.00,0.00,0.00,0.00,0.00,220.01,0.20,26.20
221.07,0.41,90.50,0.00,0.00,0.00,0.00,0.00,0.00,0.00,0.00,0.00,218.18,0.19,25.33
221.04,0.41,89.57,0.00,0.00,0.00,0.00,0.00,0.00,0.00,0.00,0.00,218.41,0.19,24.80
222.66,0.41,91.83,0.00,0.00,0.00,0.00,0.00,0.00,0.00,0.00,0.00,218.27,0.19,26.00
223.48,0.41,92.09,0.00,0.00,0.00,0.00,0.00,0.00,0.00,0.00,0.00,219.15,0.19,25.76
221.19,0.41,91.39,0.00,0.00,0.00,0.00,0.00,0.00,0.00,0.00,0.00,218.09,0.19,25.62
222.32,0.41,91.35,0.00,0.00,0.00,0.00,0.00,0.00,0.00,0.00,0.00,215.77,0.19,25.62
221.36,0.41,90.14,0.00,0.00,0.00,0.00,0.00,0.00,0.00,0.00,0.00,218.53,0.19,24.96
221.60,0.41,90.79,0.00,0.00,0.00,0.00,0.00,0.00,0.00,0.00,0.00,218.64,0.19,25.61
218.19,0.41,90.23,0.00,0.00,0.00,0.00,0.00,0.00,0.00,0.00,0.00,218.33,0.19,25.96
221.46,0.41,90.53,0.00,0.00,0.00,0.00,0.00,0.00,0.00,0.00,0.00,215.74,0.19,25.35
220.51,0.41,90.15,0.00,0.00,0.00,0.00,0.00,0.00,0.00,0.00,0.00,218.83,0.19,25.26
224.62,0.41,92.24,0.00,0.00,0.00,0.00,0.00,0.00,0.00,0.00,0.00,218.89,0.19,26.29
219.63,0.41,90.49,0.00,0.00,0.00,0.00,0.00,0.00,0.00,0.00,0.00,219.96,0.19,26.09
220.38,0.41,90.80,0.00,0.00,0.00,0.00,0.00,0.00,0.00,0.00,0.00,217.41,0.19,25.17
221.49,0.41,90.97,0.00,0.00,0.00,0.00,0.00,0.00,0.00,0.00,0.00,218.05,0.19,25.57
223.55,0.41,90.83,0.00,0.00,0.00,0.00,0.00,0.00,0.00,0.00,0.00,216.42,0.19,24.80
223.16,0.41,91.97,0.00,0.00,0.00,0.00,0.00,0.00,0.00,0.00,0.00,219.21,0.19,26.27
223.46,0.41,90.83,0.00,0.00,0.00,0.00,0.00,0.00,0.00,0.00,0.00,215.31,0.19,24.28
222.35,0.41,91.46,0.00,0.00,0.00,0.00,0.00,0.00,0.00,0.00,0.00,217.22,0.19,25.66
217.84,0.41,89.75,0.00,0.00,0.00,0.00,0.00,0.00,0.00,0.00,0.00,217.05,0.19,25.62
220.61,0.41,90.79,0.00,0.00,0.00,0.00,0.00,0.00,0.00,0.00,0.00,218.04,0.19,25.90
223.40,0.41,90.86,0.00,0.00,0.00,0.00,0.00,0.00,0.00,0.00,0.00,216.30,0.19,24.62
221.64,0.41,91.11,0.00,0.00,0.00,0.00,0.00,0.00,0.00,0.00,0.00,218.86,0.19,25.86
222.78,0.41,90.75,0.00,0.00,0.00,0.00,0.00,0.00,0.00,0.00,0.00,218.88,0.19,25.11
222.12,0.41,91.07,0.00,0.00,0.00,0.00,0.00,0.00,0.00,0.00,0.00,217.79,0.19,25.28
221.46,0.41,89.98,0.00,0.00,0.00,0.00,0.00,0.00,0.00,0.00,0.00,214.71,0.19,24.18
222.58,0.41,91.54,0.00,0.00,0.00,0.00,0.00,0.00,0.00,0.00,0.00,218.98,0.19,25.69
222.81,0.41,91.31,0.00,0.00,0.00,0.00,0.00,0.00,0.00,0.00,0.00,218.61,0.19,25.65
222.39,0.41,91.61,0.00,0.00,0.00,0.00,0.00,0.00,0.00,0.00,0.00,219.76,0.19,25.72
219.15,0.41,90.15,0.00,0.00,0.00,0.00,0.00,0.00,0.00,0.00,0.00,216.96,0.19,25.41
221.88,0.41,90.10,0.00,0.00,0.00,0.00,0.00,0.00,0.00,0.00,0.00,215.52,0.19,24.23
221.39,0.41,91.86,0.00,0.00,0.00,0.00,0.00,0.00,0.00,0.00,0.00,219.67,0.20,26.05
225.14,0.41,93.36,0.00,0.00,0.00,0.00,0.00,0.00,0.00,0.00,0.00,218.47,0.20,26.14
224.09,0.41,92.91,0.00,0.00,0.00,0.00,0.00,0.00,0.00,0.00,0.00,219.08,0.20,26.38
219.22,0.41,89.82,0.00,0.00,0.00,0.00,0.00,0.00,0.00,0.00,0.00,218.94,0.19,25.61
224.35,0.41,92.34,0.00,0.00,0.00,0.00,0.00,0.00,0.00,0.00,0.00,218.71,0.19,25.03
222.32,0.41,91.85,0.00,0.00,0.00,0.00,0.00,0.00,0.00,0.00,0.00,218.32,0.19,25.93
225.43,0.41,92.55,0.00,0.00,0.00,0.00,0.00,0.00,0.00,0.00,0.00,218.11,0.19,25.73
220.32,0.41,90.75,0.00,0.00,0.00,0.00,0.00,0.00,0.00,0.00,0.00,219.85,0.19,25.91
220.22,0.41,89.83,0.00,0.00,0.00,0.00,0.00,0.00,0.00,0.00,0.00,219.07,0.19,25.30
220.95,0.41,91.58,0.00,0.00,0.00,0.00,0.00,0.00,0.00,0.00,0.00,217.70,0.19,25.88
220.73,0.41,90.48,0.00,0.00,0.00,0.00,0.00,0.00,0.00,0.00,0.00,218.04,0.19,25.62
221.48,0.42,92.32,0.00,0.00,0.00,0.00,0.00,0.00,0.00,0.00,0.00,219.63,0.20,26.69
223.17,0.41,91.26,0.00,0.00,0.00,0.00,0.00,0.00,0.00,0.00,0.00,219.19,0.19,25.67
219.96,0.42,91.29,0.00,0.00,0.00,0.00,0.00,0.00,0.00,0.00,0.00,218.79,0.20,26.17
220.48,0.41,90.20,0.00,0.00,0.00,0.00,0.00,0.00,0.00,0.00,0.00,219.18,0.19,25.48
219.19,0.41,90.28,0.00,0.00,0.00,0.00,0.00,0.00,0.00,0.00,0.00,218.76,0.19,25.80
221.72,0.41,90.16,0.00,0.00,0.00,0.00,0.00,0.00,0.00,0.00,0.00,215.26,0.19,24.08
223.17,0.41,92.15,0.00,0.00,0.00,0.00,0.00,0.00,0.00,0.00,0.00,218.18,0.19,25.97
223.17,0.41,91.17,0.00,0.00,0.00,0.00,0.00,0.00,0.00,0.00,0.00,214.30,0.19,24.26
220.11,0.42,91.44,0.00,0.00,0.00,0.00,0.00,0.00,0.00,0.00,0.00,219.49,0.20,26.41
221.44,0.41,91.08,0.00,0.00,0.00,0.00,0.00,0.00,0.00,0.00,0.00,218.69,0.19,25.90
220.72,0.41,90.49,0.00,0.00,0.00,0.00,0.00,0.00,0.00,0.00,0.00,217.56,0.19,25.59
220.88,0.41,91.27,0.00,0.00,0.00,0.00,0.00,0.00,0.00,0.00,0.00,217.81,0.19,25.63
223.03,0.41,91.87,0.00,0.00,0.00,0.00,0.00,0.00,0.00,0.00,0.00,219.22,0.19,25.81
219.27,0.41,90.39,0.00,0.00,0.00,0.00,0.00,0.00,0.00,0.00,0.00,217.24,0.19,25.05
222.39,0.41,91.33,0.00,0.00,0.00,0.00,0.00,0.00,0.00,0.00,0.00,212.44,0.19,24.61
220.76,0.42,92.08,0.00,0.00,0.00,0.00,0.00,0.00,0.00,0.00,0.00,216.96,0.20,26.19
221.57,0.41,91.48,0.00,0.00,0.00,0.00,0.00,0.00,0.00,0.00,0.00,216.75,0.19,25.68
219.93,0.41,90.31,0.00,0.00,0.00,0.00,0.00,0.00,0.00,0.00,0.00,218.89,0.19,25.67
222.43,0.41,91.05,0.00,0.00,0.00,0.00,0.00,0.00,0.00,0.00,0.00,218.52,0.19,26.07
222.59,0.41,90.17,0.00,0.00,0.00,0.00,0.00,0.00,0.00,0.00,0.00,215.26,0.19,24.31
219.32,0.41,89.80,0.00,0.00,0.00,0.00,0.00,0.00,0.00,0.00,0.00,220.25,0.19,25.75
222.41,0.41,91.93,0.00,0.00,0.00,0.00,0.00,0.00,0.00,0.00,0.00,218.22,0.19,26.40
221.95,0.41,91.44,0.00,0.00,0.00,0.00,0.00,0.00,0.00,0.00,0.00,222.70,0.19,27.00
221.64,0.41,91.73,0.00,0.00,0.00,0.00,0.00,0.00,0.00,0.00,0.00,215.63,0.19,25.55
221.90,0.41,91.62,0.00,0.00,0.00,0.00,0.00,0.00,0.00,0.00,0.00,218.73,0.19,25.71
222.41,0.41,90.77,0.00,0.00,0.00,0.00,0.00,0.00,0.00,0.00,0.00,226.87,0.19,26.30
221.19,0.41,90.87,0.00,0.00,0.00,0.00,0.00,0.00,0.00,0.00,0.00,218.25,0.19,25.59
220.83,0.41,90.91,0.00,0.00,0.00,0.00,0.00,0.00,0.00,0.00,0.00,218.33,0.19,25.46
220.55,0.41,90.87,0.00,0.00,0.00,0.00,0.00,0.00,0.00,0.00,0.00,216.57,0.19,25.69
220.23,0.42,91.59,0.00,0.00,0.00,0.00,0.00,0.00,0.00,0.00,0.00,217.27,0.20,25.97
221.28,0.41,90.20,0.00,0.00,0.00,0.00,0.00,0.00,0.00,0.00,0.00,214.63,0.19,24.27
223.09,0.41,91.69,0.00,0.00,0.00,0.00,0.00,0.00,0.00,0.00,0.00,219.15,0.19,26.19
221.08,0.41,91.46,0.00,0.00,0.00,0.00,0.00,0.00,0.00,0.00,0.00,216.98,0.19,25.75
218.07,0.41,90.11,0.00,0.00,0.00,0.00,0.00,0.00,0.00,0.00,0.00,216.85,0.19,25.48
219.21,0.41,90.63,0.00,0.00,0.00,0.00,0.00,0.00,0.00,0.00,0.00,218.19,0.19,26.02
223.15,0.41,90.95,0.00,0.00,0.00,0.00,0.00,0.00,0.00,0.00,0.00,217.41,0.19,25.42
222.49,0.41,91.63,0.00,0.00,0.00,0.00,0.00,0.00,0.00,0.00,0.00,219.30,0.19,26.09
219.45,0.41,90.55,0.00,0.00,0.00,0.00,0.00,0.00,0.00,0.00,0.00,217.01,0.19,25.52
221.27,0.41,91.45,0.00,0.00,0.00,0.00,0.00,0.00,0.00,0.00,0.00,219.10,0.19,25.87
222.88,0.41,91.60,0.00,0.00,0.00,0.00,0.00,0.00,0.00,0.00,0.00,217.85,0.19,25.99
220.88,0.42,91.68,0.00,0.00,0.00,0.00,0.00,0.00,0.00,0.00,0.00,218.83,0.20,26.37
220.00,0.41,90.12,0.00,0.00,0.00,0.00,0.00,0.00,0.00,0.00,0.00,219.29,0.19,26.00
222.28,0.41,91.34,0.00,0.00,0.00,0.00,0.00,0.00,0.00,0.00,0.00,216.82,0.19,25.69
221.81,0.41,91.09,0.00,0.00,0.00,0.00,0.00,0.00,0.00,0.00,0.00,217.64,0.19,25.33
223.04,0.41,91.74,0.00,0.00,0.00,0.00,0.00,0.00,0.00,0.00,0.00,217.99,0.19,25.52
224.54,0.41,92.06,0.00,0.00,0.00,0.00,0.00,0.00,0.00,0.00,0.00,219.16,0.19,25.88
220.10,0.41,89.81,0.00,0.00,0.00,0.00,0.00,0.00,0.00,0.00,0.00,218.96,0.19,25.73
220.88,0.41,89.94,0.00,0.00,0.00,0.00,0.00,0.00,0.00,0.00,0.00,215.77,0.19,24.79
218.89,0.41,89.95,0.00,0.00,0.00,0.00,0.00,0.00,0.00,0.00,0.00,215.18,0.19,24.98
221.17,0.41,90.54,0.00,0.00,0.00,0.00,0.00,0.00,0.00,0.00,0.00,218.63,0.19,25.86
221.23,0.41,90.56,0.00,0.00,0.00,0.00,0.00,0.00,0.00,0.00,0.00,215.63,0.19,24.67
222.15,0.42,92.32,0.00,0.00,0.00,0.00,0.00,0.00,0.00,0.00,0.00,217.48,0.20,26.26
222.12,0.42,92.49,0.00,0.00,0.00,0.00,0.00,0.00,0.00,0.00,0.00,218.26,0.20,26.46
220.01,0.41,91.06,0.00,0.00,0.00,0.00,0.00,0.00,0.00,0.00,0.00,217.89,0.19,25.95
222.19,0.41,92.20,0.00,0.00,0.00,0.00,0.00,0.00,0.00,0.00,0.00,218.02,0.20,25.93
219.95,0.41,91.15,0.00,0.00,0.00,0.00,0.00,0.00,0.00,0.00,0.00,218.62,0.19,25.99
222.64,0.41,91.45,0.00,0.00,0.00,0.00,0.00,0.00,0.00,0.00,0.00,219.65,0.19,25.48
223.31,0.41,91.11,0.00,0.00,0.00,0.00,0.00,0.00,0.00,0.00,0.00,216.81,0.19,25.19
218.97,0.41,90.23,0.00,0.00,0.00,0.00,0.00,0.00,0.00,0.00,0.00,218.34,0.19,25.63
223.32,0.41,90.96,0.00,0.00,0.00,0.00,0.00,0.00,0.00,0.00,0.00,216.20,0.19,24.78
222.25,0.41,91.78,0.00,0.00,0.00,0.00,0.00,0.00,0.00,0.00,0.00,217.43,0.19,25.82
222.11,0.41,90.74,0.00,0.00,0.00,0.00,0.00,0.00,0.00,0.00,0.00,216.36,0.19,24.83
218.72,0.41,90.68,0.00,0.00,0.00,0.00,0.00,0.00,0.00,0.00,0.00,218.72,0.20,25.93
217.56,0.41,89.46,0.00,0.00,0.00,0.00,0.00,0.00,0.00,0.00,0.00,219.81,0.19,26.01
218.88,0.41,89.77,0.00,0.00,0.00,0.00,0.00,0.00,0.00,0.00,0.00,219.01,0.19,25.54
223.40,0.41,91.73,0.00,0.00,0.00,0.00,0.00,0.00,0.00,0.00,0.00,218.52,0.19,25.65
219.61,0.41,89.81,0.00,0.00,0.00,0.00,0.00,0.00,0.00,0.00,0.00,221.11,0.19,26.00
222.72,0.41,91.40,0.00,0.00,0.00,0.00,0.00,0.00,0.00,0.00,0.00,216.43,0.19,25.09
216.92,0.41,89.89,0.00,0.00,0.00,0.00,0.00,0.00,0.00,0.00,0.00,217.70,0.19,26.00
222.11,0.41,92.09,0.00,0.00,0.00,0.00,0.00,0.00,0.00,0.00,0.00,218.67,0.20,26.17
217.75,0.41,88.81,0.00,0.00,0.00,0.00,0.00,0.00,0.00,0.00,0.00,216.91,0.19,25.12
221.23,0.41,89.65,0.00,0.00,0.00,0.00,0.00,0.00,0.00,0.00,0.00,213.19,0.19,24.10
220.61,0.41,90.76,0.00,0.00,0.00,0.00,0.00,0.00,0.00,0.00,0.00,218.23,0.19,25.76
219.84,0.41,90.59,0.00,0.00,0.00,0.00,0.00,0.00,0.00,0.00,0.00,219.18,0.19,25.78
224.16,0.41,92.38,0.00,0.00,0.00,0.00,0.00,0.00,0.00,0.00,0.00,218.35,0.19,25.88
223.30,0.41,92.57,0.00,0.00,0.00,0.00,0.00,0.00,0.00,0.00,0.00,219.19,0.20,26.02
221.89,0.41,91.74,0.00,0.00,0.00,0.00,0.00,0.00,0.00,0.00,0.00,218.04,0.19,25.72
223.26,0.41,91.31,0.00,0.00,0.00,0.00,0.00,0.00,0.00,0.00,0.00,217.54,0.19,24.84
222.65,0.41,91.03,0.00,0.00,0.00,0.00,0.00,0.00,0.00,0.00,0.00,219.28,0.19,25.75
221.51,0.41,90.78,0.00,0.00,0.00,0.00,0.00,0.00,0.00,0.00,0.00,215.94,0.19,25.14
219.87,0.41,89.40,0.00,0.00,0.00,0.00,0.00,0.00,0.00,0.00,0.00,214.97,0.19,24.41
221.95,0.41,91.11,0.00,0.00,0.00,0.00,0.00,0.00,0.00,0.00,0.00,216.33,0.19,25.43
222.65,0.41,91.53,0.00,0.00,0.00,0.00,0.00,0.00,0.00,0.00,0.00,219.96,0.19,26.02
222.46,0.41,91.83,0.00,0.00,0.00,0.00,0.00,0.00,0.00,0.00,0.00,218.57,0.19,25.86
221.28,0.41,90.44,0.00,0.00,0.00,0.00,0.00,0.00,0.00,0.00,0.00,217.23,0.19,25.46
220.99,0.41,91.17,0.00,0.00,0.00,0.00,0.00,0.00,0.00,0.00,0.00,217.58,0.19,25.76
222.53,0.41,91.39,0.00,0.00,0.00,0.00,0.00,0.00,0.00,0.00,0.00,218.28,0.19,25.95
222.55,0.41,91.33,0.00,0.00,0.00,0.00,0.00,0.00,0.00,0.00,0.00,218.08,0.19,25.87
218.61,0.42,90.87,0.00,0.00,0.00,0.00,0.00,0.00,0.00,0.00,0.00,218.59,0.20,26.27
221.05,0.41,90.46,0.00,0.00,0.00,0.00,0.00,0.00,0.00,0.00,0.00,211.40,0.19,25.00
223.61,0.41,91.19,0.00,0.00,0.00,0.00,0.00,0.00,0.00,0.00,0.00,218.32,0.19,25.74
219.63,0.41,90.21,0.00,0.00,0.00,0.00,0.00,0.00,0.00,0.00,0.00,217.22,0.19,25.55
221.51,0.41,91.19,0.00,0.00,0.00,0.00,0.00,0.00,0.00,0.00,0.00,218.22,0.19,25.64
220.04,0.41,89.87,0.00,0.00,0.00,0.00,0.00,0.00,0.00,0.00,0.00,218.52,0.19,25.40
222.20,0.41,91.76,0.00,0.00,0.00,0.00,0.00,0.00,0.00,0.00,0.00,217.50,0.19,26.01
219.14,0.42,91.08,0.00,0.00,0.00,0.00,0.00,0.00,0.00,0.00,0.00,217.86,0.20,25.74
221.81,0.41,90.92,0.00,0.00,0.00,0.00,0.00,0.00,0.00,0.00,0.00,216.24,0.19,25.26
221.66,0.41,90.69,0.00,0.00,0.00,0.00,0.00,0.00,0.00,0.00,0.00,217.52,0.19,25.67
222.72,0.41,90.93,0.00,0.00,0.00,0.00,0.00,0.00,0.00,0.00,0.00,217.53,0.19,25.50
220.20,0.41,90.98,0.00,0.00,0.00,0.00,0.00,0.00,0.00,0.00,0.00,218.19,0.19,26.20
222.47,0.41,91.97,0.00,0.00,0.00,0.00,0.00,0.00,0.00,0.00,0.00,221.84,0.19,26.32
221.14,0.41,90.14,0.00,0.00,0.00,0.00,0.00,0.00,0.00,0.00,0.00,217.28,0.19,25.19
217.53,0.41,89.43,0.00,0.00,0.00,0.00,0.00,0.00,0.00,0.00,0.00,217.76,0.19,25.71
219.86,0.41,89.55,0.00,0.00,0.00,0.00,0.00,0.00,0.00,0.00,0.00,216.65,0.19,25.46
221.33,0.41,91.84,0.00,0.00,0.00,0.00,0.00,0.00,0.00,0.00,0.00,218.71,0.20,26.39
222.55,0.41,92.29,0.00,0.00,0.00,0.00,0.00,0.00,0.00,0.00,0.00,217.03,0.20,25.92
223.36,0.41,90.90,0.00,0.00,0.00,0.00,0.00,0.00,0.00,0.00,0.00,216.76,0.19,25.15
223.89,0.41,92.13,0.00,0.00,0.00,0.00,0.00,0.00,0.00,0.00,0.00,220.07,0.19,26.34
223.42,0.41,91.58,0.00,0.00,0.00,0.00,0.00,0.00,0.00,0.00,0.00,217.75,0.19,25.72
221.40,0.41,90.43,0.00,0.00,0.00,0.00,0.00,0.00,0.00,0.00,0.00,218.07,0.19,25.29
216.97,0.41,89.87,0.00,0.00,0.00,0.00,0.00,0.00,0.00,0.00,0.00,217.30,0.19,25.74
219.59,0.41,91.05,0.00,0.00,0.00,0.00,0.00,0.00,0.00,0.00,0.00,217.89,0.20,26.29
221.01,0.41,89.52,0.00,0.00,0.00,0.00,0.00,0.00,0.00,0.00,0.00,212.95,0.19,23.97
220.89,0.41,90.70,0.00,0.00,0.00,0.00,0.00,0.00,0.00,0.00,0.00,216.76,0.19,25.38
220.45,0.41,91.46,0.00,0.00,0.00,0.00,0.00,0.00,0.00,0.00,0.00,219.19,0.20,26.35
222.94,0.41,91.26,0.00,0.00,0.00,0.00,0.00,0.00,0.00,0.00,0.00,216.21,0.19,24.79
221.97,0.41,91.93,0.00,0.00,0.00,0.00,0.00,0.00,0.00,0.00,0.00,218.95,0.19,26.08
221.96,0.41,90.60,0.00,0.00,0.00,0.00,0.00,0.00,0.00,0.00,0.00,218.39,0.19,25.54
222.42,0.41,91.73,0.00,0.00,0.00,0.00,0.00,0.00,0.00,0.00,0.00,220.22,0.19,26.38
220.73,0.41,89.97,0.00,0.00,0.00,0.00,0.00,0.00,0.00,0.00,0.00,214.78,0.19,24.52
222.76,0.42,92.95,0.00,0.00,0.00,0.00,0.00,0.00,0.00,0.00,0.00,219.05,0.20,25.63
222.25,0.43,95.28,0.00,0.00,0.00,0.00,0.00,0.00,0.00,0.00,0.00,221.09,0.21,27.23
221.62,0.41,91.83,0.00,0.00,0.00,0.00,0.00,0.00,0.00,0.00,0.00,217.24,0.19,25.31
220.17,0.40,88.71,0.00,0.00,0.00,0.00,0.00,0.00,0.00,0.00,0.00,218.62,0.18,23.99
223.47,0.42,94.26,0.00,0.00,0.00,0.00,0.00,0.00,0.00,0.00,0.00,217.61,0.20,26.66
221.41,0.41,90.90,0.00,0.00,0.00,0.00,0.00,0.00,0.00,0.00,0.00,218.54,0.19,24.66
222.20,0.41,91.48,0.00,0.00,0.00,0.00,0.00,0.00,0.00,0.00,0.00,220.71,0.19,25.31
220.28,0.41,91.31,0.00,0.00,0.00,0.00,0.00,0.00,0.00,0.00,0.00,218.93,0.20,26.18
220.70,0.41,90.26,0.00,0.00,0.00,0.00,0.00,0.00,0.00,0.00,0.00,218.41,0.19,24.76
221.66,0.41,90.80,0.00,0.00,0.00,0.00,0.00,0.00,0.00,0.00,0.00,217.48,0.19,25.02
221.27,0.41,90.77,0.00,0.00,0.00,0.00,0.00,0.00,0.00,0.00,0.00,217.77,0.19,24.94
223.47,0.41,91.76,0.00,0.00,0.00,0.00,0.00,0.00,0.00,0.00,0.00,217.02,0.19,25.61
220.28,0.41,90.67,0.00,0.00,0.00,0.00,0.00,0.00,0.00,0.00,0.00,219.01,0.19,24.61
223.09,0.42,93.14,0.00,0.00,0.00,0.00,0.00,0.00,0.00,0.00,0.00,217.92,0.20,26.05
223.00,0.41,90.82,0.00,0.00,0.00,0.00,0.00,0.00,0.00,0.00,0.00,219.28,0.19,25.59
221.84,0.41,90.99,0.00,0.00,0.00,0.00,0.00,0.00,0.00,0.00,0.00,219.52,0.19,25.78
221.24,0.41,90.55,0.00,0.00,0.00,0.00,0.00,0.00,0.00,0.00,0.00,217.74,0.19,25.79
222.34,0.41,90.74,0.00,0.00,0.00,0.00,0.00,0.00,0.00,0.00,0.00,217.80,0.19,25.63
222.36,0.41,90.83,0.00,0.00,0.00,0.00,0.00,0.00,0.00,0.00,0.00,216.61,0.19,25.14
222.44,0.41,90.74,0.00,0.00,0.00,0.00,0.00,0.00,0.00,0.00,0.00,217.69,0.19,25.21
220.34,0.41,90.85,0.00,0.00,0.00,0.00,0.00,0.00,0.00,0.00,0.00,220.06,0.19,26.24
220.89,0.41,91.03,0.00,0.00,0.00,0.00,0.00,0.00,0.00,0.00,0.00,218.03,0.19,25.86
224.19,0.41,92.05,0.00,0.00,0.00,0.00,0.00,0.00,0.00,0.00,0.00,215.64,0.19,25.35
221.61,0.41,91.00,0.00,0.00,0.00,0.00,0.00,0.00,0.00,0.00,0.00,218.08,0.19,25.68
223.59,0.41,90.77,0.00,0.00,0.00,0.00,0.00,0.00,0.00,0.00,0.00,219.41,0.19,25.91
222.62,0.41,90.83,0.00,0.00,0.00,0.00,0.00,0.00,0.00,0.00,0.00,218.77,0.19,25.78
222.62,0.41,91.73,0.00,0.00,0.00,0.00,0.00,0.00,0.00,0.00,0.00,218.34,0.19,26.04
222.22,0.41,90.82,0.00,0.00,0.00,0.00,0.00,0.00,0.00,0.00,0.00,217.66,0.19,25.72
217.85,0.41,90.20,0.00,0.00,0.00,0.00,0.00,0.00,0.00,0.00,0.00,219.81,0.19,26.49
222.87,0.41,91.32,0.00,0.00,0.00,0.00,0.00,0.00,0.00,0.00,0.00,219.06,0.19,26.12
221.10,0.41,90.50,0.00,0.00,0.00,0.00,0.00,0.00,0.00,0.00,0.00,217.21,0.19,25.20
217.77,0.41,90.03,0.00,0.00,0.00,0.00,0.00,0.00,0.00,0.00,0.00,218.43,0.19,25.94
219.83,0.41,90.22,0.00,0.00,0.00,0.00,0.00,0.00,0.00,0.00,0.00,218.30,0.19,25.84
222.41,0.41,91.96,0.00,0.00,0.00,0.00,0.00,0.00,0.00,0.00,0.00,224.80,0.19,27.27
222.07,0.41,91.73,0.00,0.00,0.00,0.00,0.00,0.00,0.00,0.00,0.00,217.10,0.19,25.70
221.76,0.42,92.08,0.00,0.00,0.00,0.00,0.00,0.00,0.00,0.00,0.00,218.34,0.20,26.07
223.12,0.41,91.71,0.00,0.00,0.00,0.00,0.00,0.00,0.00,0.00,0.00,218.88,0.19,25.72
222.17,0.41,92.07,0.00,0.00,0.00,0.00,0.00,0.00,0.00,0.00,0.00,218.38,0.19,26.10
220.27,0.41,90.68,0.00,0.00,0.00,0.00,0.00,0.00,0.00,0.00,0.00,216.52,0.19,25.63
219.81,0.41,90.96,0.00,0.00,0.00,0.00,0.00,0.00,0.00,0.00,0.00,217.60,0.19,25.88
218.29,0.41,90.02,0.00,0.00,0.00,0.00,0.00,0.00,0.00,0.00,0.00,216.17,0.19,25.76
220.47,0.41,91.13,0.00,0.00,0.00,0.00,0.00,0.00,0.00,0.00,0.00,219.36,0.19,25.92
221.62,0.42,92.15,0.00,0.00,0.00,0.00,0.00,0.00,0.00,0.00,0.00,217.35,0.20,26.23
223.49,0.41,91.91,0.00,0.00,0.00,0.00,0.00,0.00,0.00,0.00,0.00,218.07,0.19,25.47
219.25,0.41,89.68,0.00,0.00,0.00,0.00,0.00,0.00,0.00,0.00,0.00,214.70,0.19,24.65
222.18,0.41,91.48,0.00,0.00,0.00,0.00,0.00,0.00,0.00,0.00,0.00,217.77,0.19,25.65
220.59,0.41,90.65,0.00,0.00,0.00,0.00,0.00,0.00,0.00,0.00,0.00,217.66,0.19,25.50
221.60,0.41,90.51,0.00,0.00,0.00,0.00,0.00,0.00,0.00,0.00,0.00,219.59,0.19,25.79
221.76,0.41,91.59,0.00,0.00,0.00,0.00,0.00,0.00,0.00,0.00,0.00,218.48,0.19,25.67
220.19,0.41,90.64,0.00,0.00,0.00,0.00,0.00,0.00,0.00,0.00,0.00,216.17,0.19,25.47
217.19,0.42,90.55,0.00,0.00,0.00,0.00,0.00,0.00,0.00,0.00,0.00,218.04,0.20,26.15
219.76,0.41,90.86,0.00,0.00,0.00,0.00,0.00,0.00,0.00,0.00,0.00,217.96,0.19,25.64
220.99,0.42,92.29,0.00,0.00,0.00,0.00,0.00,0.00,0.00,0.00,0.00,219.46,0.20,26.39
217.19,0.41,88.45,0.00,0.00,0.00,0.00,0.00,0.00,0.00,0.00,0.00,215.12,0.19,24.54
218.85,0.41,88.82,0.00,0.00,0.00,0.00,0.00,0.00,0.00,0.00,0.00,210.71,0.19,23.92
225.80,0.41,93.09,0.00,0.00,0.00,0.00,0.00,0.00,0.00,0.00,0.00,217.03,0.19,25.43
222.84,0.42,92.52,0.00,0.00,0.00,0.00,0.00,0.00,0.00,0.00,0.00,219.31,0.20,26.28
221.82,0.41,90.79,0.00,0.00,0.00,0.00,0.00,0.00,0.00,0.00,0.00,214.44,0.19,24.43
221.43,0.41,90.80,0.00,0.00,0.00,0.00,0.00,0.00,0.00,0.00,0.00,214.60,0.19,24.67
221.64,0.41,90.90,0.00,0.00,0.00,0.00,0.00,0.00,0.00,0.00,0.00,219.07,0.19,25.51
223.12,0.41,91.73,0.00,0.00,0.00,0.00,0.00,0.00,0.00,0.00,0.00,217.60,0.19,25.53
221.19,0.41,90.69,0.00,0.00,0.00,0.00,0.00,0.00,0.00,0.00,0.00,218.42,0.19,25.66
223.31,0.41,91.86,0.00,0.00,0.00,0.00,0.00,0.00,0.00,0.00,0.00,219.55,0.19,25.70
220.46,0.41,91.22,0.00,0.00,0.00,0.00,0.00,0.00,0.00,0.00,0.00,219.21,0.19,26.13
220.63,0.41,91.48,0.00,0.00,0.00,0.00,0.00,0.00,0.00,0.00,0.00,219.63,0.20,25.93
218.63,0.42,91.08,0.00,0.00,0.00,0.00,0.00,0.00,0.00,0.00,0.00,219.57,0.20,26.52
217.63,0.41,89.25,0.00,0.00,0.00,0.00,0.00,0.00,0.00,0.00,0.00,217.40,0.19,25.49
218.38,0.41,88.72,0.00,0.00,0.00,0.00,0.00,0.00,0.00,0.00,0.00,216.01,0.19,24.57
223.32,0.41,90.82,0.00,0.00,0.00,0.00,0.00,0.00,0.00,0.00,0.00,218.19,0.19,25.07
223.68,0.41,92.65,0.00,0.00,0.00,0.00,0.00,0.00,0.00,0.00,0.00,219.25,0.19,26.03
222.47,0.41,91.86,0.00,0.00,0.00,0.00,0.00,0.00,0.00,0.00,0.00,214.48,0.19,24.99
221.49,0.41,90.85,0.00,0.00,0.00,0.00,0.00,0.00,0.00,0.00,0.00,218.05,0.19,25.43
222.70,0.41,91.96,0.00,0.00,0.00,0.00,0.00,0.00,0.00,0.00,0.00,218.20,0.19,26.00
217.30,0.41,89.73,0.00,0.00,0.00,0.00,0.00,0.00,0.00,0.00,0.00,218.23,0.19,25.80
220.55,0.41,90.99,0.00,0.00,0.00,0.00,0.00,0.00,0.00,0.00,0.00,218.77,0.19,25.90
224.17,0.41,92.75,0.00,0.00,0.00,0.00,0.00,0.00,0.00,0.00,0.00,216.78,0.19,25.84
222.92,0.41,91.86,0.00,0.00,0.00,0.00,0.00,0.00,0.00,0.00,0.00,220.77,0.19,26.26
221.61,0.41,91.26,0.00,0.00,0.00,0.00,0.00,0.00,0.00,0.00,0.00,219.18,0.19,25.94
223.34,0.41,91.49,0.00,0.00,0.00,0.00,0.00,0.00,0.00,0.00,0.00,217.01,0.19,24.92
220.17,0.42,91.86,0.00,0.00,0.00,0.00,0.00,0.00,0.00,0.00,0.00,218.20,0.20,26.17
223.08,0.41,91.15,0.00,0.00,0.00,0.00,0.00,0.00,0.00,0.00,0.00,218.02,0.19,25.54
222.05,0.42,92.18,0.00,0.00,0.00,0.00,0.00,0.00,0.00,0.00,0.00,218.84,0.20,26.15
222.09,0.42,92.26,0.00,0.00,0.00,0.00,0.00,0.00,0.00,0.00,0.00,217.58,0.20,25.87
221.73,0.41,91.86,0.00,0.00,0.00,0.00,0.00,0.00,0.00,0.00,0.00,219.47,0.19,25.87
221.21,0.41,91.72,0.00,0.00,0.00,0.00,0.00,0.00,0.00,0.00,0.00,219.32,0.20,26.01
218.33,0.41,90.50,0.00,0.00,0.00,0.00,0.00,0.00,0.00,0.00,0.00,216.81,0.19,25.90
220.21,0.42,91.85,0.00,0.00,0.00,0.00,0.00,0.00,0.00,0.00,0.00,219.18,0.20,26.51
223.15,0.41,92.45,0.00,0.00,0.00,0.00,0.00,0.00,0.00,0.00,0.00,217.01,0.19,25.50
221.49,0.42,91.98,0.00,0.00,0.00,0.00,0.00,0.00,0.00,0.00,0.00,219.88,0.20,26.23
220.16,0.41,91.00,0.00,0.00,0.00,0.00,0.00,0.00,0.00,0.00,0.00,219.60,0.19,26.27
221.94,0.41,92.05,0.00,0.00,0.00,0.00,0.00,0.00,0.00,0.00,0.00,218.95,0.20,26.05
221.01,0.42,91.81,0.00,0.00,0.00,0.00,0.00,0.00,0.00,0.00,0.00,216.99,0.20,25.82
220.93,0.41,91.34,0.00,0.00,0.00,0.00,0.00,0.00,0.00,0.00,0.00,218.39,0.19,25.78
222.31,0.41,90.25,0.00,0.00,0.00,0.00,0.00,0.00,0.00,0.00,0.00,218.88,0.19,25.42
221.66,0.41,90.98,0.00,0.00,0.00,0.00,0.00,0.00,0.00,0.00,0.00,217.67,0.19,25.38
221.10,0.42,91.89,0.00,0.00,0.00,0.00,0.00,0.00,0.00,0.00,0.00,219.18,0.20,26.23
223.20,0.42,93.17,0.00,0.00,0.00,0.00,0.00,0.00,0.00,0.00,0.00,219.55,0.20,26.68
221.69,0.42,92.22,0.00,0.00,0.00,0.00,0.00,0.00,0.00,0.00,0.00,219.47,0.20,26.17
221.52,0.41,91.55,0.00,0.00,0.00,0.00,0.00,0.00,0.00,0.00,0.00,217.73,0.19,25.58
219.02,0.41,90.56,0.00,0.00,0.00,0.00,0.00,0.00,0.00,0.00,0.00,216.63,0.19,25.59
223.42,0.41,92.57,0.00,0.00,0.00,0.00,0.00,0.00,0.00,0.00,0.00,218.83,0.19,25.81
222.31,0.41,91.68,0.00,0.00,0.00,0.00,0.00,0.00,0.00,0.00,0.00,218.34,0.19,25.28
223.24,0.41,92.44,0.00,0.00,0.00,0.00,0.00,0.00,0.00,0.00,0.00,216.99,0.19,25.58
221.81,0.41,90.24,0.00,0.00,0.00,0.00,0.00,0.00,0.00,0.00,0.00,218.42,0.19,25.07
223.36,0.41,92.16,0.00,0.00,0.00,0.00,0.00,0.00,0.00,0.00,0.00,219.27,0.19,25.66
223.10,0.41,91.99,0.00,0.00,0.00,0.00,0.00,0.00,0.00,0.00,0.00,218.08,0.19,25.72
219.81,0.42,91.70,0.00,0.00,0.00,0.00,0.00,0.00,0.00,0.00,0.00,221.94,0.20,27.39
222.33,0.41,91.34,0.00,0.00,0.00,0.00,0.00,0.00,0.00,0.00,0.00,218.84,0.19,25.76
222.37,0.41,91.12,0.00,0.00,0.00,0.00,0.00,0.00,0.00,0.00,0.00,217.39,0.19,25.09
220.84,0.41,90.91,0.00,0.00,0.00,0.00,0.00,0.00,0.00,0.00,0.00,218.96,0.19,25.68
219.75,0.41,91.16,0.00,0.00,0.00,0.00,0.00,0.00,0.00,0.00,0.00,218.82,0.20,26.01
220.79,0.42,91.76,0.00,0.00,0.00,0.00,0.00,0.00,0.00,0.00,0.00,217.74,0.20,26.07
221.87,0.42,92.36,0.00,0.00,0.00,0.00,0.00,0.00,0.00,0.00,0.00,219.45,0.20,26.54
222.69,0.42,92.84,0.00,0.00,0.00,0.00,0.00,0.00,0.00,0.00,0.00,219.68,0.20,26.19
222.72,0.40,90.17,0.00,0.00,0.00,0.00,0.00,0.00,0.00,0.00,0.00,216.40,0.19,24.23
222.74,0.41,92.37,0.00,0.00,0.00,0.00,0.00,0.00,0.00,0.00,0.00,220.34,0.20,25.91
219.71,0.41,89.49,0.00,0.00,0.00,0.00,0.00,0.00,0.00,0.00,0.00,217.05,0.19,24.80
221.80,0.41,91.64,0.00,0.00,0.00,0.00,0.00,0.00,0.00,0.00,0.00,217.11,0.19,25.40
227.79,0.41,94.24,0.00,0.00,0.00,0.00,0.00,0.00,0.00,0.00,0.00,218.44,0.19,26.06
225.44,0.41,92.49,0.00,0.00,0.00,0.00,0.00,0.00,0.00,0.00,0.00,217.67,0.19,25.39
219.79,0.41,90.77,0.00,0.00,0.00,0.00,0.00,0.00,0.00,0.00,0.00,219.21,0.19,25.70
221.08,0.42,91.96,0.00,0.00,0.00,0.00,0.00,0.00,0.00,0.00,0.00,219.56,0.20,26.33
218.89,0.41,89.63,0.00,0.00,0.00,0.00,0.00,0.00,0.00,0.00,0.00,218.43,0.19,25.26
217.61,0.41,89.41,0.00,0.00,0.00,0.00,0.00,0.00,0.00,0.00,0.00,219.68,0.19,25.87
222.68,0.41,91.81,0.00,0.00,0.00,0.00,0.00,0.00,0.00,0.00,0.00,219.08,0.19,25.53
222.27,0.41,91.29,0.00,0.00,0.00,0.00,0.00,0.00,0.00,0.00,0.00,214.18,0.19,24.51
221.82,0.41,89.99,0.00,0.00,0.00,0.00,0.00,0.00,0.00,0.00,0.00,213.13,0.19,23.95
223.08,0.41,92.43,0.00,0.00,0.00,0.00,0.00,0.00,0.00,0.00,0.00,217.46,0.19,25.68
221.77,0.41,90.46,0.00,0.00,0.00,0.00,0.00,0.00,0.00,0.00,0.00,213.89,0.19,23.78
222.65,0.41,91.57,0.00,0.00,0.00,0.00,0.00,0.00,0.00,0.00,0.00,217.72,0.19,25.52
222.76,0.41,90.27,0.00,0.00,0.00,0.00,0.00,0.00,0.00,0.00,0.00,214.40,0.19,23.69
220.74,0.41,91.04,0.00,0.00,0.00,0.00,0.00,0.00,0.00,0.00,0.00,217.23,0.19,25.42
223.03,0.41,90.79,0.00,0.00,0.00,0.00,0.00,0.00,0.00,0.00,0.00,216.20,0.19,24.65
220.37,0.41,90.45,0.00,0.00,0.00,0.00,0.00,0.00,0.00,0.00,0.00,218.38,0.19,25.08
223.55,0.41,92.25,0.00,0.00,0.00,0.00,0.00,0.00,0.00,0.00,0.00,219.30,0.19,25.76
221.89,0.41,91.88,0.00,0.00,0.00,0.00,0.00,0.00,0.00,0.00,0.00,218.93,0.19,26.13
224.56,0.41,92.36,0.00,0.00,0.00,0.00,0.00,0.00,0.00,0.00,0.00,218.45,0.19,25.54
220.03,0.41,90.04,0.00,0.00,0.00,0.00,0.00,0.00,0.00,0.00,0.00,218.58,0.19,25.20
223.91,0.41,92.20,0.00,0.00,0.00,0.00,0.00,0.00,0.00,0.00,0.00,219.87,0.19,25.87
220.09,0.41,91.21,0.00,0.00,0.00,0.00,0.00,0.00,0.00,0.00,0.00,219.25,0.19,25.73
221.39,0.42,92.12,0.00,0.00,0.00,0.00,0.00,0.00,0.00,0.00,0.00,216.59,0.20,26.09
224.44,0.41,91.32,0.00,0.00,0.00,0.00,0.00,0.00,0.00,0.00,0.00,213.28,0.19,23.86
221.07,0.41,90.25,0.00,0.00,0.00,0.00,0.00,0.00,0.00,0.00,0.00,217.57,0.19,24.96
221.32,0.41,91.30,0.00,0.00,0.00,0.00,0.00,0.00,0.00,0.00,0.00,218.69,0.19,25.84
223.77,0.41,92.14,0.00,0.00,0.00,0.00,0.00,0.00,0.00,0.00,0.00,219.07,0.19,25.88
223.22,0.41,92.09,0.00,0.00,0.00,0.00,0.00,0.00,0.00,0.00,0.00,217.88,0.19,25.64
222.31,0.42,92.27,0.00,0.00,0.00,0.00,0.00,0.00,0.00,0.00,0.00,220.72,0.20,26.37
219.03,0.41,89.86,0.00,0.00,0.00,0.00,0.00,0.00,0.00,0.00,0.00,218.13,0.19,25.56
224.56,0.40,90.48,0.00,0.00,0.00,0.00,0.00,0.00,0.00,0.00,0.00,215.96,0.18,24.16
221.57,0.42,92.01,0.00,0.00,0.00,0.00,0.00,0.00,0.00,0.00,0.00,217.73,0.20,25.83
222.58,0.42,92.43,0.00,0.00,0.00,0.00,0.00,0.00,0.00,0.00,0.00,222.81,0.20,26.77
220.02,0.41,89.95,0.00,0.00,0.00,0.00,0.00,0.00,0.00,0.00,0.00,215.55,0.19,24.55
221.91,0.41,89.88,0.00,0.00,0.00,0.00,0.00,0.00,0.00,0.00,0.00,212.55,0.19,23.32
222.70,0.41,91.42,0.00,0.00,0.00,0.00,0.00,0.00,0.00,0.00,0.00,219.48,0.19,25.61
223.32,0.41,91.73,0.00,0.00,0.00,0.00,0.00,0.00,0.00,0.00,0.00,218.54,0.19,25.36
222.29,0.41,90.30,0.00,0.00,0.00,0.00,0.00,0.00,0.00,0.00,0.00,218.05,0.19,24.83
220.76,0.41,90.64,0.00,0.00,0.00,0.00,0.00,0.00,0.00,0.00,0.00,218.19,0.19,25.42
219.60,0.41,90.07,0.00,0.00,0.00,0.00,0.00,0.00,0.00,0.00,0.00,217.53,0.19,25.31
216.93,0.40,87.71,0.00,0.00,0.00,0.00,0.00,0.00,0.00,0.00,0.00,213.60,0.18,23.79
224.36,0.41,92.70,0.00,0.00,0.00,0.00,0.00,0.00,0.00,0.00,0.00,218.06,0.19,25.60
222.28,0.41,91.00,0.00,0.00,0.00,0.00,0.00,0.00,0.00,0.00,0.00,215.73,0.19,24.50
221.96,0.41,91.36,0.00,0.00,0.00,0.00,0.00,0.00,0.00,0.00,0.00,220.78,0.19,25.67
225.13,0.41,93.37,0.00,0.00,0.00,0.00,0.00,0.00,0.00,0.00,0.00,218.33,0.20,25.95
218.86,0.41,89.40,0.00,0.00,0.00,0.00,0.00,0.00,0.00,0.00,0.00,216.68,0.19,24.62
222.06,0.41,90.96,0.00,0.00,0.00,0.00,0.00,0.00,0.00,0.00,0.00,217.34,0.19,25.32
223.16,0.41,91.66,0.00,0.00,0.00,0.00,0.00,0.00,0.00,0.00,0.00,218.28,0.19,25.46
223.31,0.41,92.00,0.00,0.00,0.00,0.00,0.00,0.00,0.00,0.00,0.00,217.43,0.19,25.26
222.79,0.41,91.69,0.00,0.00,0.00,0.00,0.00,0.00,0.00,0.00,0.00,216.09,0.19,24.93
221.97,0.41,91.82,0.00,0.00,0.00,0.00,0.00,0.00,0.00,0.00,0.00,220.51,0.19,26.29
221.47,0.41,90.82,0.00,0.00,0.00,0.00,0.00,0.00,0.00,0.00,0.00,217.87,0.19,25.07
223.50,0.41,92.20,0.00,0.00,0.00,0.00,0.00,0.00,0.00,0.00,0.00,216.62,0.19,24.91
223.86,0.41,91.94,0.00,0.00,0.00,0.00,0.00,0.00,0.00,0.00,0.00,217.97,0.19,25.77
221.73,0.41,91.26,0.00,0.00,0.00,0.00,0.00,0.00,0.00,0.00,0.00,219.56,0.19,25.71
222.73,0.41,90.24,0.00,0.00,0.00,0.00,0.00,0.00,0.00,0.00,0.00,216.27,0.19,24.46
223.16,0.41,91.75,0.00,0.00,0.00,0.00,0.00,0.00,0.00,0.00,0.00,217.43,0.19,25.31
220.79,0.41,91.32,0.00,0.00,0.00,0.00,0.00,0.00,0.00,0.00,0.00,217.68,0.19,25.75
221.09,0.41,90.94,0.00,0.00,0.00,0.00,0.00,0.00,0.00,0.00,0.00,218.99,0.19,25.23
222.61,0.41,90.94,0.00,0.00,0.00,0.00,0.00,0.00,0.00,0.00,0.00,218.00,0.19,24.97
223.19,0.41,92.12,0.00,0.00,0.00,0.00,0.00,0.00,0.00,0.00,0.00,218.29,0.19,25.73
222.57,0.41,91.42,0.00,0.00,0.00,0.00,0.00,0.00,0.00,0.00,0.00,219.50,0.19,25.71
219.52,0.41,89.46,0.00,0.00,0.00,0.00,0.00,0.00,0.00,0.00,0.00,213.71,0.19,24.03
218.04,0.41,90.18,0.00,0.00,0.00,0.00,0.00,0.00,0.00,0.00,0.00,218.49,0.19,25.87
223.16,0.41,91.76,0.00,0.00,0.00,0.00,0.00,0.00,0.00,0.00,0.00,221.46,0.19,25.73
223.23,0.41,91.72,0.00,0.00,0.00,0.00,0.00,0.00,0.00,0.00,0.00,214.51,0.19,24.70
219.31,0.41,90.52,0.00,0.00,0.00,0.00,0.00,0.00,0.00,0.00,0.00,216.92,0.19,25.30
220.83,0.41,91.25,0.00,0.00,0.00,0.00,0.00,0.00,0.00,0.00,0.00,219.43,0.19,26.08
221.81,0.41,91.36,0.00,0.00,0.00,0.00,0.00,0.00,0.00,0.00,0.00,220.45,0.19,25.91
223.11,0.41,90.80,0.00,0.00,0.00,0.00,0.00,0.00,0.00,0.00,0.00,213.94,0.19,24.15
221.83,0.41,91.71,0.00,0.00,0.00,0.00,0.00,0.00,0.00,0.00,0.00,218.98,0.19,25.87
217.87,0.41,89.57,0.00,0.00,0.00,0.00,0.00,0.00,0.00,0.00,0.00,218.63,0.19,25.68
222.18,0.41,90.69,0.00,0.00,0.00,0.00,0.00,0.00,0.00,0.00,0.00,217.30,0.19,24.98
222.17,0.41,91.64,0.00,0.00,0.00,0.00,0.00,0.00,0.00,0.00,0.00,219.54,0.19,26.07
225.44,0.41,92.87,0.00,0.00,0.00,0.00,0.00,0.00,0.00,0.00,0.00,217.95,0.19,25.29
221.14,0.42,91.89,0.00,0.00,0.00,0.00,0.00,0.00,0.00,0.00,0.00,219.02,0.20,26.19
223.37,0.41,92.26,0.00,0.00,0.00,0.00,0.00,0.00,0.00,0.00,0.00,218.40,0.19,25.89
220.38,0.41,90.23,0.00,0.00,0.00,0.00,0.00,0.00,0.00,0.00,0.00,218.14,0.19,25.25
221.74,0.41,91.53,0.00,0.00,0.00,0.00,0.00,0.00,0.00,0.00,0.00,218.79,0.19,25.97
223.98,0.42,92.97,0.00,0.00,0.00,0.00,0.00,0.00,0.00,0.00,0.00,219.35,0.20,25.84
223.23,0.41,91.63,0.00,0.00,0.00,0.00,0.00,0.00,0.00,0.00,0.00,219.04,0.19,25.66
222.55,0.41,91.86,0.00,0.00,0.00,0.00,0.00,0.00,0.00,0.00,0.00,219.53,0.19,26.05
221.72,0.41,91.18,0.00,0.00,0.00,0.00,0.00,0.00,0.00,0.00,0.00,217.92,0.19,25.77
222.21,0.41,91.71,0.00,0.00,0.00,0.00,0.00,0.00,0.00,0.00,0.00,218.35,0.19,25.80
219.85,0.41,91.18,0.00,0.00,0.00,0.00,0.00,0.00,0.00,0.00,0.00,219.64,0.20,26.01
224.97,0.41,93.25,0.00,0.00,0.00,0.00,0.00,0.00,0.00,0.00,0.00,217.81,0.19,25.85
222.59,0.42,93.18,0.00,0.00,0.00,0.00,0.00,0.00,0.00,0.00,0.00,217.90,0.20,25.56
220.03,0.42,91.37,0.00,0.00,0.00,0.00,0.00,0.00,0.00,0.00,0.00,218.35,0.20,25.22
220.56,0.42,92.67,0.00,0.00,0.00,0.00,0.00,0.00,0.00,0.00,0.00,219.64,0.20,26.10
220.87,0.41,90.94,0.00,0.00,0.00,0.00,0.00,0.00,0.00,0.00,0.00,215.15,0.19,24.01
221.98,0.42,92.16,0.00,0.00,0.00,0.00,0.00,0.00,0.00,0.00,0.00,217.02,0.20,25.45
222.42,0.41,91.52,0.00,0.00,0.00,0.00,0.00,0.00,0.00,0.00,0.00,214.26,0.19,24.27
221.76,0.41,91.63,0.00,0.00,0.00,0.00,0.00,0.00,0.00,0.00,0.00,218.01,0.19,25.04
221.43,0.41,91.81,0.00,0.00,0.00,0.00,0.00,0.00,0.00,0.00,0.00,215.82,0.20,24.84
222.99,0.41,92.02,0.00,0.00,0.00,0.00,0.00,0.00,0.00,0.00,0.00,217.97,0.19,25.38
222.40,0.41,91.81,0.00,0.00,0.00,0.00,0.00,0.00,0.00,0.00,0.00,218.04,0.19,25.23
216.92,0.42,90.10,0.00,0.00,0.00,0.00,0.00,0.00,0.00,0.00,0.00,218.06,0.20,25.43
222.53,0.42,93.65,0.00,0.00,0.00,0.00,0.00,0.00,0.00,0.00,0.00,218.07,0.20,26.26
220.48,0.41,91.06,0.00,0.00,0.00,0.00,0.00,0.00,0.00,0.00,0.00,216.67,0.19,25.31
220.65,0.42,91.66,0.00,0.00,0.00,0.00,0.00,0.00,0.00,0.00,0.00,218.91,0.20,25.58
221.04,0.42,92.14,0.00,0.00,0.00,0.00,0.00,0.00,0.00,0.00,0.00,216.54,0.20,25.40
222.66,0.41,91.84,0.00,0.00,0.00,0.00,0.00,0.00,0.00,0.00,0.00,216.79,0.19,24.95
221.90,0.42,92.31,0.00,0.00,0.00,0.00,0.00,0.00,0.00,0.00,0.00,216.78,0.20,25.84
222.99,0.41,92.34,0.00,0.00,0.00,0.00,0.00,0.00,0.00,0.00,0.00,218.35,0.19,25.51
222.28,0.41,92.23,0.00,0.00,0.00,0.00,0.00,0.00,0.00,0.00,0.00,218.24,0.20,25.83
221.16,0.41,90.34,0.00,0.00,0.00,0.00,0.00,0.00,0.00,0.00,0.00,217.26,0.19,24.85
222.82,0.41,91.81,0.00,0.00,0.00,0.00,0.00,0.00,0.00,0.00,0.00,218.28,0.19,25.18
222.20,0.42,93.13,0.00,0.00,0.00,0.00,0.00,0.00,0.00,0.00,0.00,217.85,0.20,26.21
222.86,0.42,93.14,0.00,0.00,0.00,0.00,0.00,0.00,0.00,0.00,0.00,217.23,0.20,25.65
220.84,0.42,92.27,0.00,0.00,0.00,0.00,0.00,0.00,0.00,0.00,0.00,219.44,0.20,26.01
222.64,0.41,92.11,0.00,0.00,0.00,0.00,0.00,0.00,0.00,0.00,0.00,215.87,0.19,24.91
222.29,0.42,92.47,0.00,0.00,0.00,0.00,0.00,0.00,0.00,0.00,0.00,219.03,0.20,25.94
223.42,0.42,92.88,0.00,0.00,0.00,0.00,0.00,0.00,0.00,0.00,0.00,218.78,0.20,25.99
220.27,0.41,91.18,0.00,0.00,0.00,0.00,0.00,0.00,0.00,0.00,0.00,217.94,0.19,25.34
219.88,0.41,90.28,0.00,0.00,0.00,0.00,0.00,0.00,0.00,0.00,0.00,217.30,0.19,25.26
221.58,0.41,91.57,0.00,0.00,0.00,0.00,0.00,0.00,0.00,0.00,0.00,218.41,0.19,25.84
220.02,0.42,91.68,0.00,0.00,0.00,0.00,0.00,0.00,0.00,0.00,0.00,220.52,0.20,26.34
219.60,0.41,91.06,0.00,0.00,0.00,0.00,0.00,0.00,0.00,0.00,0.00,219.01,0.20,25.70
222.92,0.42,92.54,0.00,0.00,0.00,0.00,0.00,0.00,0.00,0.00,0.00,218.75,0.20,25.63
223.11,0.42,93.17,0.00,0.00,0.00,0.00,0.00,0.00,0.00,0.00,0.00,217.02,0.20,25.66
219.93,0.42,91.77,0.00,0.00,0.00,0.00,0.00,0.00,0.00,0.00,0.00,218.50,0.20,26.06
222.05,0.42,92.25,0.00,0.00,0.00,0.00,0.00,0.00,0.00,0.00,0.00,217.83,0.20,25.49
217.90,0.42,90.62,0.00,0.00,0.00,0.00,0.00,0.00,0.00,0.00,0.00,218.43,0.20,25.61
218.80,0.41,90.07,0.00,0.00,0.00,0.00,0.00,0.00,0.00,0.00,0.00,219.11,0.19,25.41
222.49,0.42,92.93,0.00,0.00,0.00,0.00,0.00,0.00,0.00,0.00,0.00,219.13,0.20,26.41
221.96,0.41,91.64,0.00,0.00,0.00,0.00,0.00,0.00,0.00,0.00,0.00,216.54,0.19,25.31
221.56,0.41,91.74,0.00,0.00,0.00,0.00,0.00,0.00,0.00,0.00,0.00,217.75,0.19,25.50
219.54,0.41,90.20,0.00,0.00,0.00,0.00,0.00,0.00,0.00,0.00,0.00,216.79,0.19,24.70
220.06,0.41,90.41,0.00,0.00,0.00,0.00,0.00,0.00,0.00,0.00,0.00,216.69,0.19,25.23
222.91,0.41,92.36,0.00,0.00,0.00,0.00,0.00,0.00,0.00,0.00,0.00,218.02,0.19,26.05
219.51,0.41,90.32,0.00,0.00,0.00,0.00,0.00,0.00,0.00,0.00,0.00,218.13,0.19,25.56
218.05,0.41,89.66,0.00,0.00,0.00,0.00,0.00,0.00,0.00,0.00,0.00,217.46,0.19,25.23
220.63,0.41,90.15,0.00,0.00,0.00,0.00,0.00,0.00,0.00,0.00,0.00,214.63,0.19,24.08
222.57,0.41,91.88,0.00,0.00,0.00,0.00,0.00,0.00,0.00,0.00,0.00,218.33,0.19,25.48
222.54,0.41,91.76,0.00,0.00,0.00,0.00,0.00,0.00,0.00,0.00,0.00,216.49,0.19,25.00
219.95,0.41,90.88,0.00,0.00,0.00,0.00,0.00,0.00,0.00,0.00,0.00,216.83,0.19,25.11
220.23,0.42,91.54,0.00,0.00,0.00,0.00,0.00,0.00,0.00,0.00,0.00,217.88,0.20,26.30
223.11,0.42,92.93,0.00,0.00,0.00,0.00,0.00,0.00,0.00,0.00,0.00,218.37,0.20,25.87
222.00,0.41,91.89,0.00,0.00,0.00,0.00,0.00,0.00,0.00,0.00,0.00,217.40,0.19,25.56
220.94,0.41,90.07,0.00,0.00,0.00,0.00,0.00,0.00,0.00,0.00,0.00,218.21,0.19,24.73
222.67,0.41,92.24,0.00,0.00,0.00,0.00,0.00,0.00,0.00,0.00,0.00,218.55,0.19,25.85
221.93,0.41,91.85,0.00,0.00,0.00,0.00,0.00,0.00,0.00,0.00,0.00,218.79,0.19,25.77
220.93,0.41,90.29,0.00,0.00,0.00,0.00,0.00,0.00,0.00,0.00,0.00,219.13,0.19,25.09
223.28,0.41,91.67,0.00,0.00,0.00,0.00,0.00,0.00,0.00,0.00,0.00,218.72,0.19,25.64
222.63,0.41,92.17,0.00,0.00,0.00,0.00,0.00,0.00,0.00,0.00,0.00,217.08,0.19,25.16
223.11,0.41,92.54,0.00,0.00,0.00,0.00,0.00,0.00,0.00,0.00,0.00,218.76,0.20,25.94
220.81,0.41,91.27,0.00,0.00,0.00,0.00,0.00,0.00,0.00,0.00,0.00,220.82,0.19,25.77
224.36,0.41,92.73,0.00,0.00,0.00,0.00,0.00,0.00,0.00,0.00,0.00,216.58,0.19,25.13
220.21,0.42,91.78,0.00,0.00,0.00,0.00,0.00,0.00,0.00,0.00,0.00,218.26,0.20,25.54
222.50,0.41,91.89,0.00,0.00,0.00,0.00,0.00,0.00,0.00,0.00,0.00,218.63,0.19,25.51
220.18,0.42,91.40,0.00,0.00,0.00,0.00,0.00,0.00,0.00,0.00,0.00,217.71,0.20,25.41
223.09,0.41,91.66,0.00,0.00,0.00,0.00,0.00,0.00,0.00,0.00,0.00,217.96,0.19,25.19
222.16,0.42,92.34,0.00,0.00,0.00,0.00,0.00,0.00,0.00,0.00,0.00,218.09,0.20,25.83
220.59,0.42,91.86,0.00,0.00,0.00,0.00,0.00,0.00,0.00,0.00,0.00,217.69,0.20,25.36
221.60,0.42,92.06,0.00,0.00,0.00,0.00,0.00,0.00,0.00,0.00,0.00,218.02,0.20,25.51
221.11,0.42,92.08,0.00,0.00,0.00,0.00,0.00,0.00,0.00,0.00,0.00,218.58,0.20,26.09
222.07,0.40,89.27,0.00,0.00,0.00,0.00,0.00,0.00,0.00,0.00,0.00,213.14,0.18,23.40
222.53,0.41,92.15,0.00,0.00,0.00,0.00,0.00,0.00,0.00,0.00,0.00,216.44,0.19,25.20
222.11,0.41,92.10,0.00,0.00,0.00,0.00,0.00,0.00,0.00,0.00,0.00,216.93,0.20,25.22
221.79,0.41,91.57,0.00,0.00,0.00,0.00,0.00,0.00,0.00,0.00,0.00,218.41,0.19,25.62
222.73,0.42,92.74,0.00,0.00,0.00,0.00,0.00,0.00,0.00,0.00,0.00,216.65,0.20,25.33
220.60,0.42,91.99,0.00,0.00,0.00,0.00,0.00,0.00,0.00,0.00,0.00,215.87,0.20,25.55
224.27,0.41,92.67,0.00,0.00,0.00,0.00,0.00,0.00,0.00,0.00,0.00,216.46,0.19,24.78
223.14,0.41,91.10,0.00,0.00,0.00,0.00,0.00,0.00,0.00,0.00,0.00,214.10,0.19,23.93
221.01,0.41,91.56,0.00,0.00,0.00,0.00,0.00,0.00,0.00,0.00,0.00,218.99,0.19,25.69
218.86,0.41,90.01,0.00,0.00,0.00,0.00,0.00,0.00,0.00,0.00,0.00,214.34,0.19,24.24
222.17,0.42,92.20,0.00,0.00,0.00,0.00,0.00,0.00,0.00,0.00,0.00,216.75,0.20,25.84
223.50,0.41,91.82,0.00,0.00,0.00,0.00,0.00,0.00,0.00,0.00,0.00,217.85,0.19,25.57
221.87,0.41,92.00,0.00,0.00,0.00,0.00,0.00,0.00,0.00,0.00,0.00,219.21,0.20,25.43
223.87,0.42,93.57,0.00,0.00,0.00,0.00,0.00,0.00,0.00,0.00,0.00,219.22,0.20,26.47
219.12,0.26,58.02,0.00,0.00,0.00,0.00,0.00,0.00,0.00,0.00,0.00,0.00,0.00,0.00
218.19,0.22,47.23,0.00,0.00,0.00,0.00,0.00,0.00,0.00,0.00,0.00,0.00,0.00,0.00
219.47,0.22,48.24,0.00,0.00,0.00,0.00,0.00,0.00,0.00,0.00,0.00,0.00,0.00,0.00
219.22,0.22,47.88,0.00,0.00,0.00,0.00,0.00,0.00,0.00,0.00,0.00,0.00,0.00,0.00
221.47,0.22,48.35,0.00,0.00,0.00,0.00,0.00,0.00,0.00,0.00,0.00,0.00,0.00,0.00
220.39,0.22,48.48,0.00,0.00,0.00,0.00,0.00,0.00,0.00,0.00,0.00,0.00,0.00,0.00
222.57,0.22,48.58,0.00,0.00,0.00,0.00,0.00,0.00,0.00,0.00,0.00,0.00,0.00,0.00
220.32,0.22,48.61,0.00,0.00,0.00,0.00,0.00,0.00,0.00,0.00,0.00,0.00,0.00,0.00
218.13,0.22,47.14,0.00,0.00,0.00,0.00,0.00,0.00,0.00,0.00,0.00,0.00,0.00,0.00
218.98,0.22,48.02,0.00,0.00,0.00,0.00,0.00,0.00,0.00,0.00,0.00,0.00,0.00,0.00
218.24,0.43,93.60,216.64,0.21,45.24,0.00,0.00,0.00,0.00,0.00,0.00,0.00,0.00,0.00
215.46,0.43,92.55,217.47,0.21,45.34,0.00,0.00,0.00,0.00,0.00,0.00,0.00,0.00,0.00
220.58,0.43,95.06,219.75,0.21,46.34,0.00,0.00,0.00,0.00,0.00,0.00,0.00,0.00,0.00
219.08,0.43,94.71,221.41,0.21,46.92,0.00,0.00,0.00,0.00,0.00,0.00,0.00,0.00,0.00
219.16,0.43,94.35,219.08,0.21,45.96,0.00,0.00,0.00,0.00,0.00,0.00,0.00,0.00,0.00
219.03,0.43,94.16,219.05,0.21,45.85,0.00,0.00,0.00,0.00,0.00,0.00,0.00,0.00,0.00
219.24,0.43,94.44,220.60,0.21,46.41,0.00,0.00,0.00,0.00,0.00,0.00,0.00,0.00,0.00
219.18,0.43,94.55,221.29,0.21,46.86,0.00,0.00,0.00,0.00,0.00,0.00,0.00,0.00,0.00
218.76,0.43,94.06,217.84,0.21,45.61,0.00,0.00,0.00,0.00,0.00,0.00,0.00,0.00,0.00
218.41,0.43,94.16,220.72,0.21,46.63,0.00,0.00,0.00,0.00,0.00,0.00,0.00,0.00,0.00
215.45,0.43,92.78,219.85,0.21,46.34,0.00,0.00,0.00,0.00,0.00,0.00,0.00,0.00,0.00
219.20,0.43,94.43,220.15,0.21,46.39,0.00,0.00,0.00,0.00,0.00,0.00,0.00,0.00,0.00
218.79,0.43,94.58,220.21,0.21,46.69,0.00,0.00,0.00,0.00,0.00,0.00,0.00,0.00,0.00
218.83,0.43,94.32,222.95,0.21,47.09,0.00,0.00,0.00,0.00,0.00,0.00,0.00,0.00,0.00
218.25,0.43,93.82,218.94,0.21,46.01,0.00,0.00,0.00,0.00,0.00,0.00,0.00,0.00,0.00
220.22,0.43,94.84,220.15,0.21,46.35,0.00,0.00,0.00,0.00,0.00,0.00,0.00,0.00,0.00
217.47,0.43,93.63,219.87,0.21,46.29,0.00,0.00,0.00,0.00,0.00,0.00,0.00,0.00,0.00
220.71,0.43,95.28,220.43,0.21,46.68,0.00,0.00,0.00,0.00,0.00,0.00,0.00,0.00,0.00
219.85,0.43,95.01,220.50,0.21,46.79,0.00,0.00,0.00,0.00,0.00,0.00,0.00,0.00,0.00
218.67,0.43,94.28,219.40,0.21,46.46,0.00,0.00,0.00,0.00,0.00,0.00,0.00,0.00,0.00
219.43,0.43,94.36,218.78,0.21,46.09,0.00,0.00,0.00,0.00,0.00,0.00,0.00,0.00,0.00
217.07,0.43,92.80,216.13,0.21,45.12,0.00,0.00,0.00,0.00,0.00,0.00,0.00,0.00,0.00
221.00,0.43,95.39,219.82,0.21,46.53,0.00,0.00,0.00,0.00,0.00,0.00,0.00,0.00,0.00
218.03,0.43,93.95,220.19,0.21,46.62,0.00,0.00,0.00,0.00,0.00,0.00,0.00,0.00,0.00
216.07,0.43,92.83,217.96,0.21,45.80,0.00,0.00,0.00,0.00,0.00,0.00,0.00,0.00,0.00
220.47,0.43,94.93,219.90,0.21,46.41,0.00,0.00,0.00,0.00,0.00,0.00,0.00,0.00,0.00
220.22,0.43,95.28,221.12,0.21,47.10,0.00,0.00,0.00,0.00,0.00,0.00,0.00,0.00,0.00
217.93,0.43,93.89,220.51,0.21,46.69,0.00,0.00,0.00,0.00,0.00,0.00,0.00,0.00,0.00
217.43,0.43,93.58,219.87,0.21,46.45,0.00,0.00,0.00,0.00,0.00,0.00,0.00,0.00,0.00
219.21,0.43,94.53,219.90,0.21,46.52,0.00,0.00,0.00,0.00,0.00,0.00,0.00,0.00,0.00
218.51,0.43,94.28,219.99,0.21,46.67,0.00,0.00,0.00,0.00,0.00,0.00,0.00,0.00,0.00
218.12,0.43,94.43,221.64,0.21,47.42,0.00,0.00,0.00,0.00,0.00,0.00,0.00,0.00,0.00
219.77,0.43,94.54,217.70,0.21,45.80,0.00,0.00,0.00,0.00,0.00,0.00,0.00,0.00,0.00
218.48,0.43,93.91,218.87,0.21,46.12,0.00,0.00,0.00,0.00,0.00,0.00,0.00,0.00,0.00
219.50,0.43,94.80,220.06,0.21,46.71,0.00,0.00,0.00,0.00,0.00,0.00,0.00,0.00,0.00
217.70,0.43,93.05,221.22,0.21,46.05,0.00,0.00,0.00,0.00,0.00,0.00,0.00,0.00,0.00
219.36,0.43,94.18,218.12,0.21,45.76,0.00,0.00,0.00,0.00,0.00,0.00,0.00,0.00,0.00
220.66,0.43,95.02,219.90,0.21,46.44,0.00,0.00,0.00,0.00,0.00,0.00,0.00,0.00,0.00
219.57,0.43,94.93,220.40,0.21,46.94,0.00,0.00,0.00,0.00,0.00,0.00,0.00,0.00,0.00
219.26,0.43,94.48,220.01,0.21,46.46,0.00,0.00,0.00,0.00,0.00,0.00,0.00,0.00,0.00
218.52,0.43,93.09,214.66,0.21,44.39,0.00,0.00,0.00,0.00,0.00,0.00,0.00,0.00,0.00
218.26,0.43,93.10,214.71,0.21,44.45,0.00,0.00,0.00,0.00,0.00,0.00,0.00,0.00,0.00
214.29,0.43,91.76,219.29,0.21,45.79,0.00,0.00,0.00,0.00,0.00,0.00,0.00,0.00,0.00
220.14,0.43,95.17,221.64,0.21,47.20,0.00,0.00,0.00,0.00,0.00,0.00,0.00,0.00,0.00
214.43,0.43,92.48,220.42,0.21,46.69,0.00,0.00,0.00,0.00,0.00,0.00,0.00,0.00,0.00
219.02,0.43,94.13,218.53,0.21,45.96,0.00,0.00,0.00,0.00,0.00,0.00,0.00,0.00,0.00
220.62,0.43,95.24,220.09,0.21,46.79,0.00,0.00,0.00,0.00,0.00,0.00,0.00,0.00,0.00
217.49,0.43,93.84,220.62,0.21,46.81,0.00,0.00,0.00,0.00,0.00,0.00,0.00,0.00,0.00
217.99,0.43,93.62,217.25,0.21,45.77,0.00,0.00,0.00,0.00,0.00,0.00,0.00,0.00,0.00
218.92,0.43,93.75,216.73,0.21,45.30,0.00,0.00,0.00,0.00,0.00,0.00,0.00,0.00,0.00
217.84,0.43,93.71,219.92,0.21,46.50,0.00,0.00,0.00,0.00,0.00,0.00,0.00,0.00,0.00
218.12,0.43,93.98,218.75,0.21,46.37,0.00,0.00,0.00,0.00,0.00,0.00,0.00,0.00,0.00
218.78,0.43,94.51,221.22,0.21,47.19,0.00,0.00,0.00,0.00,0.00,0.00,0.00,0.00,0.00
217.79,0.43,93.66,220.33,0.21,46.44,0.00,0.00,0.00,0.00,0.00,0.00,0.00,0.00,0.00
218.17,0.43,93.47,218.34,0.21,45.69,0.00,0.00,0.00,0.00,0.00,0.00,0.00,0.00,0.00
220.53,0.43,94.86,220.11,0.21,46.55,0.00,0.00,0.00,0.00,0.00,0.00,0.00,0.00,0.00
217.91,0.43,93.81,219.34,0.21,46.49,0.00,0.00,0.00,0.00,0.00,0.00,0.00,0.00,0.00
217.67,0.43,93.40,219.52,0.21,46.09,0.00,0.00,0.00,0.00,0.00,0.00,0.00,0.00,0.00
219.04,0.43,94.06,217.84,0.21,45.85,0.00,0.00,0.00,0.00,0.00,0.00,0.00,0.00,0.00
218.73,0.43,94.03,217.88,0.21,45.78,0.00,0.00,0.00,0.00,0.00,0.00,0.00,0.00,0.00
218.36,0.43,94.36,221.58,0.21,47.19,0.00,0.00,0.00,0.00,0.00,0.00,0.00,0.00,0.00
217.20,0.43,93.54,218.45,0.21,46.26,0.00,0.00,0.00,0.00,0.00,0.00,0.00,0.00,0.00
219.63,0.43,94.44,219.18,0.21,46.35,0.00,0.00,0.00,0.00,0.00,0.00,0.00,0.00,0.00
220.28,0.43,94.65,218.67,0.21,46.18,0.00,0.00,0.00,0.00,0.00,0.00,0.00,0.00,0.00
220.39,0.43,94.45,218.24,0.21,45.93,0.00,0.00,0.00,0.00,0.00,0.00,0.00,0.00,0.00
218.29,0.43,94.08,220.22,0.21,46.64,0.00,0.00,0.00,0.00,0.00,0.00,0.00,0.00,0.00
217.97,0.43,94.00,219.68,0.21,46.63,0.00,0.00,0.00,0.00,0.00,0.00,0.00,0.00,0.00
219.57,0.43,94.48,218.98,0.21,46.24,0.00,0.00,0.00,0.00,0.00,0.00,0.00,0.00,0.00
219.52,0.43,94.68,219.80,0.21,46.77,0.00,0.00,0.00,0.00,0.00,0.00,0.00,0.00,0.00
216.95,0.43,93.07,217.81,0.21,45.72,0.00,0.00,0.00,0.00,0.00,0.00,0.00,0.00,0.00
218.18,0.43,93.96,219.34,0.21,46.39,0.00,0.00,0.00,0.00,0.00,0.00,0.00,0.00,0.00
217.68,0.43,92.91,215.35,0.21,44.93,0.00,0.00,0.00,0.00,0.00,0.00,0.00,0.00,0.00
218.76,0.43,94.55,219.52,0.21,46.83,0.00,0.00,0.00,0.00,0.00,0.00,0.00,0.00,0.00
218.41,0.43,93.97,218.33,0.21,46.04,0.00,0.00,0.00,0.00,0.00,0.00,0.00,0.00,0.00
218.76,0.43,94.31,219.79,0.21,46.57,0.00,0.00,0.00,0.00,0.00,0.00,0.00,0.00,0.00
217.53,0.43,93.57,219.27,0.21,46.40,0.00,0.00,0.00,0.00,0.00,0.00,0.00,0.00,0.00
217.28,0.43,93.83,219.97,0.21,46.92,0.00,0.00,0.00,0.00,0.00,0.00,0.00,0.00,0.00
219.28,0.43,93.82,216.33,0.21,45.31,0.00,0.00,0.00,0.00,0.00,0.00,0.00,0.00,0.00
219.40,0.43,94.56,220.13,0.21,46.76,0.00,0.00,0.00,0.00,0.00,0.00,0.00,0.00,0.00
218.07,0.43,93.66,216.80,0.21,45.71,0.00,0.00,0.00,0.00,0.00,0.00,0.00,0.00,0.00
221.19,0.43,95.22,219.71,0.21,46.50,0.00,0.00,0.00,0.00,0.00,0.00,0.00,0.00,0.00
218.14,0.43,94.15,220.70,0.21,46.88,0.00,0.00,0.00,0.00,0.00,0.00,0.00,0.00,0.00
218.90,0.43,94.89,220.34,0.21,47.24,0.00,0.00,0.00,0.00,0.00,0.00,0.00,0.00,0.00
218.06,0.43,93.84,219.13,0.21,46.30,0.00,0.00,0.00,0.00,0.00,0.00,0.00,0.00,0.00
218.56,0.43,93.99,218.68,0.21,46.24,0.00,0.00,0.00,0.00,0.00,0.00,0.00,0.00,0.00
218.90,0.43,94.11,220.01,0.21,46.41,0.00,0.00,0.00,0.00,0.00,0.00,0.00,0.00,0.00
215.54,0.43,92.67,218.31,0.21,46.13,0.00,0.00,0.00,0.00,0.00,0.00,0.00,0.00,0.00
220.09,0.43,95.03,220.68,0.21,46.99,0.00,0.00,0.00,0.00,0.00,0.00,0.00,0.00,0.00
218.30,0.43,93.73,219.05,0.21,46.08,0.00,0.00,0.00,0.00,0.00,0.00,0.00,0.00,0.00
218.17,0.43,94.06,219.91,0.21,46.74,0.00,0.00,0.00,0.00,0.00,0.00,0.00,0.00,0.00
220.29,0.43,95.29,221.87,0.21,47.50,0.00,0.00,0.00,0.00,0.00,0.00,0.00,0.00,0.00
220.26,0.43,95.34,221.79,0.21,47.56,0.00,0.00,0.00,0.00,0.00,0.00,0.00,0.00,0.00
218.64,0.43,94.36,219.88,0.21,46.83,0.00,0.00,0.00,0.00,0.00,0.00,0.00,0.00,0.00
219.77,0.43,94.26,218.62,0.21,45.91,0.00,0.00,0.00,0.00,0.00,0.00,0.00,0.00,0.00
219.72,0.43,94.64,219.38,0.21,46.52,0.00,0.00,0.00,0.00,0.00,0.00,0.00,0.00,0.00
220.17,0.43,94.79,219.72,0.21,46.50,0.00,0.00,0.00,0.00,0.00,0.00,0.00,0.00,0.00
220.33,0.43,94.37,216.28,0.21,45.31,0.00,0.00,0.00,0.00,0.00,0.00,0.00,0.00,0.00
216.27,0.43,93.01,217.28,0.21,45.74,0.00,0.00,0.00,0.00,0.00,0.00,0.00,0.00,0.00
219.10,0.43,94.26,219.45,0.21,46.48,0.00,0.00,0.00,0.00,0.00,0.00,0.00,0.00,0.00
217.23,0.43,93.58,218.94,0.21,46.46,0.00,0.00,0.00,0.00,0.00,0.00,0.00,0.00,0.00
217.63,0.43,93.38,220.25,0.21,46.27,0.00,0.00,0.00,0.00,0.00,0.00,0.00,0.00,0.00
218.05,0.44,95.29,224.70,0.22,49.16,0.00,0.00,0.00,0.00,0.00,0.00,0.00,0.00,0.00
219.39,0.43,94.56,220.58,0.21,46.95,0.00,0.00,0.00,0.00,0.00,0.00,0.00,0.00,0.00
217.81,0.43,93.71,219.20,0.21,46.34,0.00,0.00,0.00,0.00,0.00,0.00,0.00,0.00,0.00
218.19,0.43,94.13,220.82,0.21,47.00,0.00,0.00,0.00,0.00,0.00,0.00,0.00,0.00,0.00
218.16,0.43,93.99,220.28,0.21,46.70,0.00,0.00,0.00,0.00,0.00,0.00,0.00,0.00,0.00
220.28,0.43,94.85,219.16,0.21,46.53,0.00,0.00,0.00,0.00,0.00,0.00,0.00,0.00,0.00
219.36,0.43,94.60,220.72,0.21,47.00,0.00,0.00,0.00,0.00,0.00,0.00,0.00,0.00,0.00
218.16,0.43,93.88,220.44,0.21,46.60,0.00,0.00,0.00,0.00,0.00,0.00,0.00,0.00,0.00
218.21,0.43,94.00,220.47,0.21,46.73,0.00,0.00,0.00,0.00,0.00,0.00,0.00,0.00,0.00
217.63,0.43,93.53,217.67,0.21,45.86,0.00,0.00,0.00,0.00,0.00,0.00,0.00,0.00,0.00
219.26,0.43,94.72,220.30,0.21,47.00,0.00,0.00,0.00,0.00,0.00,0.00,0.00,0.00,0.00
220.12,0.43,95.15,220.89,0.21,47.27,0.00,0.00,0.00,0.00,0.00,0.00,0.00,0.00,0.00
218.43,0.43,94.00,219.55,0.21,46.56,0.00,0.00,0.00,0.00,0.00,0.00,0.00,0.00,0.00
218.23,0.43,93.36,216.73,0.21,45.50,0.00,0.00,0.00,0.00,0.00,0.00,0.00,0.00,0.00
219.48,0.43,93.91,216.92,0.21,45.33,0.00,0.00,0.00,0.00,0.00,0.00,0.00,0.00,0.00
220.46,0.43,95.17,221.65,0.21,47.17,0.00,0.00,0.00,0.00,0.00,0.00,0.00,0.00,0.00
219.39,0.43,94.93,221.27,0.21,47.43,0.00,0.00,0.00,0.00,0.00,0.00,0.00,0.00,0.00
217.85,0.43,93.15,216.98,0.21,45.49,0.00,0.00,0.00,0.00,0.00,0.00,0.00,0.00,0.00
215.48,0.43,92.48,217.33,0.21,45.72,0.00,0.00,0.00,0.00,0.00,0.00,0.00,0.00,0.00
219.40,0.43,94.38,219.16,0.21,46.41,0.00,0.00,0.00,0.00,0.00,0.00,0.00,0.00,0.00
218.42,0.43,94.22,220.36,0.21,46.93,0.00,0.00,0.00,0.00,0.00,0.00,0.00,0.00,0.00
220.56,0.43,95.02,219.94,0.21,46.72,0.00,0.00,0.00,0.00,0.00,0.00,0.00,0.00,0.00
217.66,0.43,94.18,221.07,0.21,47.28,0.00,0.00,0.00,0.00,0.00,0.00,0.00,0.00,0.00
219.67,0.43,94.08,218.18,0.21,45.92,0.00,0.00,0.00,0.00,0.00,0.00,0.00,0.00,0.00
219.20,0.43,94.12,218.25,0.21,46.08,0.00,0.00,0.00,0.00,0.00,0.00,0.00,0.00,0.00
219.98,0.43,94.50,218.02,0.21,45.92,0.00,0.00,0.00,0.00,0.00,0.00,0.00,0.00,0.00
220.44,0.43,95.24,220.96,0.21,47.16,0.00,0.00,0.00,0.00,0.00,0.00,0.00,0.00,0.00
219.78,0.43,94.19,217.13,0.21,45.72,0.00,0.00,0.00,0.00,0.00,0.00,0.00,0.00,0.00
216.45,0.43,93.60,221.36,0.21,47.29,0.00,0.00,0.00,0.00,0.00,0.00,0.00,0.00,0.00
220.24,0.43,94.98,219.29,0.21,46.66,0.00,0.00,0.00,0.00,0.00,0.00,0.00,0.00,0.00
219.94,0.43,95.11,220.40,0.21,47.20,0.00,0.00,0.00,0.00,0.00,0.00,0.00,0.00,0.00
218.95,0.43,93.52,216.07,0.21,45.02,0.00,0.00,0.00,0.00,0.00,0.00,0.00,0.00,0.00
219.49,0.43,94.91,221.38,0.21,47.43,0.00,0.00,0.00,0.00,0.00,0.00,0.00,0.00,0.00
219.95,0.43,94.57,218.84,0.21,46.44,0.00,0.00,0.00,0.00,0.00,0.00,0.00,0.00,0.00
216.51,0.43,92.98,219.00,0.21,46.19,0.00,0.00,0.00,0.00,0.00,0.00,0.00,0.00,0.00
219.70,0.43,94.92,221.87,0.21,47.30,0.00,0.00,0.00,0.00,0.00,0.00,0.00,0.00,0.00
218.37,0.43,93.80,219.16,0.21,46.18,0.00,0.00,0.00,0.00,0.00,0.00,0.00,0.00,0.00
219.67,0.43,94.59,220.26,0.21,46.77,0.00,0.00,0.00,0.00,0.00,0.00,0.00,0.00,0.00
218.51,0.43,93.93,218.01,0.21,46.12,0.00,0.00,0.00,0.00,0.00,0.00,0.00,0.00,0.00
219.73,0.43,93.78,216.13,0.21,45.01,0.00,0.00,0.00,0.00,0.00,0.00,0.00,0.00,0.00
218.35,0.43,94.19,220.44,0.21,46.85,0.00,0.00,0.00,0.00,0.00,0.00,0.00,0.00,0.00
221.08,0.43,95.36,220.68,0.21,47.02,0.00,0.00,0.00,0.00,0.00,0.00,0.00,0.00,0.00
218.61,0.43,94.51,220.37,0.21,47.02,0.00,0.00,0.00,0.00,0.00,0.00,0.00,0.00,0.00
218.01,0.43,94.19,225.39,0.21,47.99,0.00,0.00,0.00,0.00,0.00,0.00,0.00,0.00,0.00
226.17,0.43,97.26,218.54,0.21,46.12,0.00,0.00,0.00,0.00,0.00,0.00,0.00,0.00,0.00
215.70,0.43,92.81,218.94,0.21,46.45,0.00,0.00,0.00,0.00,0.00,0.00,0.00,0.00,0.00
219.18,0.43,94.07,218.84,0.21,46.18,0.00,0.00,0.00,0.00,0.00,0.00,0.00,0.00,0.00
220.00,0.43,95.07,220.60,0.21,47.17,0.00,0.00,0.00,0.00,0.00,0.00,0.00,0.00,0.00
219.86,0.43,95.00,220.74,0.21,47.22,0.00,0.00,0.00,0.00,0.00,0.00,0.00,0.00,0.00
218.87,0.43,94.47,220.63,0.21,46.97,0.00,0.00,0.00,0.00,0.00,0.00,0.00,0.00,0.00
218.69,0.43,94.48,222.40,0.21,47.52,0.00,0.00,0.00,0.00,0.00,0.00,0.00,0.00,0.00
219.37,0.43,94.56,221.05,0.21,46.93,0.00,0.00,0.00,0.00,0.00,0.00,0.00,0.00,0.00
218.97,0.43,94.21,219.50,0.21,46.51,0.00,0.00,0.00,0.00,0.00,0.00,0.00,0.00,0.00
219.81,0.43,94.87,221.17,0.21,47.16,0.00,0.00,0.00,0.00,0.00,0.00,0.00,0.00,0.00
219.68,0.43,94.72,219.21,0.21,46.54,0.00,0.00,0.00,0.00,0.00,0.00,0.00,0.00,0.00
217.80,0.43,94.21,220.43,0.21,47.06,0.00,0.00,0.00,0.00,0.00,0.00,0.00,0.00,0.00
219.70,0.43,94.82,220.65,0.21,47.07,0.00,0.00,0.00,0.00,0.00,0.00,0.00,0.00,0.00
218.19,0.43,93.94,217.83,0.21,46.25,0.00,0.00,0.00,0.00,0.00,0.00,0.00,0.00,0.00
220.39,0.43,94.91,219.37,0.21,46.48,0.00,0.00,0.00,0.00,0.00,0.00,0.00,0.00,0.00
219.14,0.43,94.36,219.73,0.21,46.69,0.00,0.00,0.00,0.00,0.00,0.00,0.00,0.00,0.00
217.08,0.43,93.42,219.20,0.21,46.35,0.00,0.00,0.00,0.00,0.00,0.00,0.00,0.00,0.00
218.61,0.43,93.85,217.30,0.21,45.70,0.00,0.00,0.00,0.00,0.00,0.00,0.00,0.00,0.00
218.91,0.43,94.29,220.09,0.21,46.65,0.00,0.00,0.00,0.00,0.00,0.00,0.00,0.00,0.00
216.92,0.43,93.48,219.09,0.21,46.62,0.00,0.00,0.00,0.00,0.00,0.00,0.00,0.00,0.00
220.82,0.43,94.71,218.20,0.21,45.85,0.00,0.00,0.00,0.00,0.00,0.00,0.00,0.00,0.00
221.37,0.43,95.39,220.40,0.21,46.68,0.00,0.00,0.00,0.00,0.00,0.00,0.00,0.00,0.00
218.17,0.43,94.30,220.62,0.21,47.05,0.00,0.00,0.00,0.00,0.00,0.00,0.00,0.00,0.00
219.32,0.43,94.63,220.41,0.21,46.90,0.00,0.00,0.00,0.00,0.00,0.00,0.00,0.00,0.00
216.07,0.43,93.29,219.82,0.21,46.89,0.00,0.00,0.00,0.00,0.00,0.00,0.00,0.00,0.00
224.16,0.44,97.65,222.89,0.22,48.46,0.00,0.00,0.00,0.00,0.00,0.00,0.00,0.00,0.00
218.26,0.43,94.20,219.38,0.21,46.68,0.00,0.00,0.00,0.00,0.00,0.00,0.00,0.00,0.00
220.13,0.43,94.73,219.17,0.21,46.38,0.00,0.00,0.00,0.00,0.00,0.00,0.00,0.00,0.00
221.76,0.43,95.55,219.91,0.21,46.62,0.00,0.00,0.00,0.00,0.00,0.00,0.00,0.00,0.00
220.47,0.43,94.92,218.55,0.21,46.26,0.00,0.00,0.00,0.00,0.00,0.00,0.00,0.00,0.00
218.66,0.43,94.55,220.58,0.21,47.20,0.00,0.00,0.00,0.00,0.00,0.00,0.00,0.00,0.00
219.79,0.43,94.96,220.96,0.21,47.25,0.00,0.00,0.00,0.00,0.00,0.00,0.00,0.00,0.00
219.67,0.43,94.77,219.86,0.21,46.74,0.00,0.00,0.00,0.00,0.00,0.00,0.00,0.00,0.00
218.44,0.43,94.45,220.83,0.21,47.18,0.00,0.00,0.00,0.00,0.00,0.00,0.00,0.00,0.00
218.79,0.43,94.25,219.90,0.21,46.73,0.00,0.00,0.00,0.00,0.00,0.00,0.00,0.00,0.00
218.70,0.43,94.25,219.99,0.21,46.77,0.00,0.00,0.00,0.00,0.00,0.00,0.00,0.00,0.00
219.57,0.43,93.87,216.69,0.21,45.33,0.00,0.00,0.00,0.00,0.00,0.00,0.00,0.00,0.00
219.47,0.43,94.93,221.09,0.21,47.36,0.00,0.00,0.00,0.00,0.00,0.00,0.00,0.00,0.00
218.74,0.43,95.12,222.49,0.22,48.03,0.00,0.00,0.00,0.00,0.00,0.00,0.00,0.00,0.00
219.86,0.43,93.78,216.12,0.21,45.07,0.00,0.00,0.00,0.00,0.00,0.00,0.00,0.00,0.00
219.19,0.43,94.46,218.83,0.21,46.54,0.00,0.00,0.00,0.00,0.00,0.00,0.00,0.00,0.00
219.79,0.43,94.83,220.65,0.21,47.08,0.00,0.00,0.00,0.00,0.00,0.00,0.00,0.00,0.00
221.48,0.43,95.66,220.39,0.21,46.95,0.00,0.00,0.00,0.00,0.00,0.00,0.00,0.00,0.00
219.66,0.43,95.10,221.96,0.21,47.34,0.00,0.00,0.00,0.00,0.00,0.00,0.00,0.00,0.00
217.75,0.43,94.06,219.62,0.21,46.89,0.00,0.00,0.00,0.00,0.00,0.00,0.00,0.00,0.00
219.07,0.43,94.88,221.97,0.21,47.63,0.00,0.00,0.00,0.00,0.00,0.00,0.00,0.00,0.00
219.62,0.43,94.47,218.00,0.21,46.18,0.00,0.00,0.00,0.00,0.00,0.00,0.00,0.00,0.00
218.28,0.43,93.24,216.25,0.21,45.11,0.00,0.00,0.00,0.00,0.00,0.00,0.00,0.00,0.00
218.50,0.43,94.25,220.69,0.21,46.94,0.00,0.00,0.00,0.00,0.00,0.00,0.00,0.00,0.00
218.98,0.43,94.75,221.66,0.21,47.55,0.00,0.00,0.00,0.00,0.00,0.00,0.00,0.00,0.00
220.27,0.43,94.69,219.15,0.21,46.28,0.00,0.00,0.00,0.00,0.00,0.00,0.00,0.00,0.00
220.15,0.43,94.87,220.58,0.21,46.84,0.00,0.00,0.00,0.00,0.00,0.00,0.00,0.00,0.00
218.36,0.43,93.96,219.64,0.21,46.61,0.00,0.00,0.00,0.00,0.00,0.00,0.00,0.00,0.00
218.15,0.43,93.69,218.68,0.21,46.18,0.00,0.00,0.00,0.00,0.00,0.00,0.00,0.00,0.00
218.95,0.43,93.67,216.26,0.21,45.43,0.00,0.00,0.00,0.00,0.00,0.00,0.00,0.00,0.00
218.09,0.43,93.76,218.82,0.21,46.20,0.00,0.00,0.00,0.00,0.00,0.00,0.00,0.00,0.00
218.65,0.43,93.96,219.29,0.21,46.30,0.00,0.00,0.00,0.00,0.00,0.00,0.00,0.00,0.00
218.45,0.43,93.87,219.47,0.21,46.28,0.00,0.00,0.00,0.00,0.00,0.00,0.00,0.00,0.00
222.11,0.43,95.71,221.39,0.21,47.06,0.00,0.00,0.00,0.00,0.00,0.00,0.00,0.00,0.00
218.96,0.43,94.25,218.90,0.21,46.40,0.00,0.00,0.00,0.00,0.00,0.00,0.00,0.00,0.00
220.23,0.43,95.15,221.51,0.21,47.24,0.00,0.00,0.00,0.00,0.00,0.00,0.00,0.00,0.00
219.94,0.43,95.11,220.88,0.21,47.19,0.00,0.00,0.00,0.00,0.00,0.00,0.00,0.00,0.00
219.71,0.43,95.02,221.67,0.21,47.51,0.00,0.00,0.00,0.00,0.00,0.00,0.00,0.00,0.00
216.30,0.43,93.47,221.33,0.21,47.36,0.00,0.00,0.00,0.00,0.00,0.00,0.00,0.00,0.00
217.72,0.43,93.51,218.55,0.21,46.19,0.00,0.00,0.00,0.00,0.00,0.00,0.00,0.00,0.00
221.02,0.43,95.00,221.85,0.21,46.80,0.00,0.00,0.00,0.00,0.00,0.00,0.00,0.00,0.00
220.60,0.43,95.02,220.49,0.21,46.76,0.00,0.00,0.00,0.00,0.00,0.00,0.00,0.00,0.00
215.63,0.43,92.84,219.39,0.21,46.44,0.00,0.00,0.00,0.00,0.00,0.00,0.00,0.00,0.00
218.66,0.43,93.27,216.99,0.21,45.11,0.00,0.00,0.00,0.00,0.00,0.00,0.00,0.00,0.00
216.87,0.43,93.26,220.28,0.21,46.54,0.00,0.00,0.00,0.00,0.00,0.00,0.00,0.00,0.00
218.34,0.43,93.97,219.48,0.21,46.57,0.00,0.00,0.00,0.00,0.00,0.00,0.00,0.00,0.00
218.88,0.43,94.54,220.31,0.21,47.11,0.00,0.00,0.00,0.00,0.00,0.00,0.00,0.00,0.00
217.43,0.43,93.58,218.68,0.21,46.23,0.00,0.00,0.00,0.00,0.00,0.00,0.00,0.00,0.00
220.17,0.43,94.95,219.66,0.21,46.81,0.00,0.00,0.00,0.00,0.00,0.00,0.00,0.00,0.00
219.60,0.43,94.84,219.38,0.21,46.85,0.00,0.00,0.00,0.00,0.00,0.00,0.00,0.00,0.00
219.74,0.43,94.73,220.32,0.21,46.81,0.00,0.00,0.00,0.00,0.00,0.00,0.00,0.00,0.00
218.02,0.43,94.16,220.38,0.21,46.98,0.00,0.00,0.00,0.00,0.00,0.00,0.00,0.00,0.00
218.41,0.43,94.28,220.68,0.21,46.99,0.00,0.00,0.00,0.00,0.00,0.00,0.00,0.00,0.00
219.01,0.43,94.36,220.24,0.21,46.70,0.00,0.00,0.00,0.00,0.00,0.00,0.00,0.00,0.00
221.13,0.43,94.59,216.94,0.21,45.38,0.00,0.00,0.00,0.00,0.00,0.00,0.00,0.00,0.00
219.02,0.43,94.61,220.65,0.21,47.04,0.00,0.00,0.00,0.00,0.00,0.00,0.00,0.00,0.00
219.57,0.43,94.07,217.73,0.21,45.69,0.00,0.00,0.00,0.00,0.00,0.00,0.00,0.00,0.00
220.64,0.43,94.29,217.04,0.21,45.32,0.00,0.00,0.00,0.00,0.00,0.00,0.00,0.00,0.00
217.97,0.43,94.01,220.09,0.21,46.89,0.00,0.00,0.00,0.00,0.00,0.00,0.00,0.00,0.00
216.77,0.43,93.33,219.21,0.21,46.54,0.00,0.00,0.00,0.00,0.00,0.00,0.00,0.00,0.00
214.97,0.43,92.68,219.56,0.21,46.62,0.00,0.00,0.00,0.00,0.00,0.00,0.00,0.00,0.00
219.45,0.43,94.51,219.89,0.21,46.63,0.00,0.00,0.00,0.00,0.00,0.00,0.00,0.00,0.00
220.47,0.43,94.72,218.80,0.21,46.13,0.00,0.00,0.00,0.00,0.00,0.00,0.00,0.00,0.00
218.29,0.43,94.04,219.00,0.21,46.56,0.00,0.00,0.00,0.00,0.00,0.00,0.00,0.00,0.00
219.07,0.43,93.83,217.56,0.21,45.61,0.00,0.00,0.00,0.00,0.00,0.00,0.00,0.00,0.00
218.82,0.43,94.45,219.69,0.21,46.82,0.00,0.00,0.00,0.00,0.00,0.00,0.00,0.00,0.00
219.26,0.43,94.16,219.34,0.21,46.24,0.00,0.00,0.00,0.00,0.00,0.00,0.00,0.00,0.00
222.02,0.43,95.63,218.73,0.21,46.45,0.00,0.00,0.00,0.00,0.00,0.00,0.00,0.00,0.00
218.62,0.43,93.66,217.59,0.21,45.85,0.00,0.00,0.00,0.00,0.00,0.00,0.00,0.00,0.00
220.00,0.43,95.02,221.36,0.21,47.29,0.00,0.00,0.00,0.00,0.00,0.00,0.00,0.00,0.00
218.25,0.43,94.05,220.28,0.21,46.80,0.00,0.00,0.00,0.00,0.00,0.00,0.00,0.00,0.00
218.71,0.43,94.45,220.91,0.21,47.08,0.00,0.00,0.00,0.00,0.00,0.00,0.00,0.00,0.00
221.52,0.43,95.02,217.39,0.21,45.95,0.00,0.00,0.00,0.00,0.00,0.00,0.00,0.00,0.00
218.29,0.43,94.17,220.41,0.21,46.87,0.00,0.00,0.00,0.00,0.00,0.00,0.00,0.00,0.00
218.63,0.43,94.31,219.75,0.21,46.72,0.00,0.00,0.00,0.00,0.00,0.00,0.00,0.00,0.00
218.19,0.43,94.28,221.45,0.21,47.29,0.00,0.00,0.00,0.00,0.00,0.00,0.00,0.00,0.00
214.98,0.43,92.88,221.81,0.21,47.32,0.00,0.00,0.00,0.00,0.00,0.00,0.00,0.00,0.00
218.89,0.43,94.53,218.70,0.21,46.61,0.00,0.00,0.00,0.00,0.00,0.00,0.00,0.00,0.00
217.88,0.43,93.98,220.17,0.21,46.81,0.00,0.00,0.00,0.00,0.00,0.00,0.00,0.00,0.00
219.95,0.43,94.87,220.50,0.21,47.03,0.00,0.00,0.00,0.00,0.00,0.00,0.00,0.00,0.00
220.31,0.43,95.06,220.11,0.21,46.87,0.00,0.00,0.00,0.00,0.00,0.00,0.00,0.00,0.00
216.58,0.43,93.22,219.14,0.21,46.54,0.00,0.00,0.00,0.00,0.00,0.00,0.00,0.00,0.00
217.97,0.43,94.19,221.44,0.21,47.31,0.00,0.00,0.00,0.00,0.00,0.00,0.00,0.00,0.00
219.12,0.43,94.65,220.39,0.21,47.09,0.00,0.00,0.00,0.00,0.00,0.00,0.00,0.00,0.00
220.81,0.43,95.19,220.47,0.21,46.76,0.00,0.00,0.00,0.00,0.00,0.00,0.00,0.00,0.00
220.11,0.43,94.82,220.39,0.21,46.75,0.00,0.00,0.00,0.00,0.00,0.00,0.00,0.00,0.00
218.19,0.43,94.19,220.51,0.21,47.09,0.00,0.00,0.00,0.00,0.00,0.00,0.00,0.00,0.00
217.89,0.43,94.13,220.65,0.21,47.10,0.00,0.00,0.00,0.00,0.00,0.00,0.00,0.00,0.00
219.02,0.43,94.53,221.40,0.21,47.26,0.00,0.00,0.00,0.00,0.00,0.00,0.00,0.00,0.00
217.21,0.43,93.49,219.53,0.21,46.51,0.00,0.00,0.00,0.00,0.00,0.00,0.00,0.00,0.00
219.30,0.43,94.21,219.06,0.21,46.36,0.00,0.00,0.00,0.00,0.00,0.00,0.00,0.00,0.00
218.89,0.43,94.41,220.88,0.21,46.76,0.00,0.00,0.00,0.00,0.00,0.00,0.00,0.00,0.00
219.15,0.43,94.24,220.39,0.21,46.72,0.00,0.00,0.00,0.00,0.00,0.00,0.00,0.00,0.00
219.74,0.43,94.68,219.38,0.21,46.53,0.00,0.00,0.00,0.00,0.00,0.00,0.00,0.00,0.00
220.35,0.43,95.06,220.64,0.21,47.10,0.00,0.00,0.00,0.00,0.00,0.00,0.00,0.00,0.00
219.47,0.43,94.89,220.59,0.21,47.14,0.00,0.00,0.00,0.00,0.00,0.00,0.00,0.00,0.00
218.49,0.43,94.44,220.76,0.21,47.18,0.00,0.00,0.00,0.00,0.00,0.00,0.00,0.00,0.00
220.30,0.43,94.85,220.81,0.21,46.84,0.00,0.00,0.00,0.00,0.00,0.00,0.00,0.00,0.00
223.23,0.43,96.51,221.36,0.21,47.39,0.00,0.00,0.00,0.00,0.00,0.00,0.00,0.00,0.00
219.34,0.43,94.65,221.39,0.21,47.15,0.00,0.00,0.00,0.00,0.00,0.00,0.00,0.00,0.00
218.74,0.43,93.89,218.03,0.21,46.07,0.00,0.00,0.00,0.00,0.00,0.00,0.00,0.00,0.00
216.64,0.43,93.10,218.36,0.21,46.19,0.00,0.00,0.00,0.00,0.00,0.00,0.00,0.00,0.00
220.54,0.43,94.23,216.92,0.21,45.48,0.00,0.00,0.00,0.00,0.00,0.00,0.00,0.00,0.00
220.69,0.43,94.94,219.17,0.21,46.46,0.00,0.00,0.00,0.00,0.00,0.00,0.00,0.00,0.00
219.52,0.43,95.37,222.39,0.21,48.11,0.00,0.00,0.00,0.00,0.00,0.00,0.00,0.00,0.00
218.68,0.43,94.19,218.24,0.21,46.19,0.00,0.00,0.00,0.00,0.00,0.00,0.00,0.00,0.00
218.73,0.43,94.26,220.05,0.21,46.74,0.00,0.00,0.00,0.00,0.00,0.00,0.00,0.00,0.00
218.70,0.43,94.18,218.46,0.21,46.39,0.00,0.00,0.00,0.00,0.00,0.00,0.00,0.00,0.00
219.21,0.43,94.37,220.47,0.21,46.81,0.00,0.00,0.00,0.00,0.00,0.00,0.00,0.00,0.00
220.03,0.43,95.02,220.37,0.21,47.00,0.00,0.00,0.00,0.00,0.00,0.00,0.00,0.00,0.00
218.80,0.43,94.30,221.08,0.21,47.08,0.00,0.00,0.00,0.00,0.00,0.00,0.00,0.00,0.00
217.38,0.43,93.47,219.28,0.21,46.48,0.00,0.00,0.00,0.00,0.00,0.00,0.00,0.00,0.00
218.53,0.43,94.10,218.46,0.21,46.33,0.00,0.00,0.00,0.00,0.00,0.00,0.00,0.00,0.00
216.76,0.43,92.98,218.24,0.21,45.99,0.00,0.00,0.00,0.00,0.00,0.00,0.00,0.00,0.00
219.01,0.43,94.28,219.14,0.21,46.52,0.00,0.00,0.00,0.00,0.00,0.00,0.00,0.00,0.00
219.84,0.43,94.74,220.97,0.21,47.03,0.00,0.00,0.00,0.00,0.00,0.00,0.00,0.00,0.00
222.60,0.43,96.20,220.80,0.21,47.28,0.00,0.00,0.00,0.00,0.00,0.00,0.00,0.00,0.00
218.38,0.43,94.24,219.85,0.21,46.79,0.00,0.00,0.00,0.00,0.00,0.00,0.00,0.00,0.00
219.81,0.43,94.64,219.21,0.21,46.59,0.00,0.00,0.00,0.00,0.00,0.00,0.00,0.00,0.00
215.93,0.43,92.98,219.06,0.21,46.45,0.00,0.00,0.00,0.00,0.00,0.00,0.00,0.00,0.00
222.66,0.43,95.95,220.31,0.21,46.92,0.00,0.00,0.00,0.00,0.00,0.00,0.00,0.00,0.00
219.48,0.43,94.41,218.76,0.21,46.23,0.00,0.00,0.00,0.00,0.00,0.00,0.00,0.00,0.00
221.23,0.43,95.71,220.97,0.21,47.43,0.00,0.00,0.00,0.00,0.00,0.00,0.00,0.00,0.00
217.90,0.43,94.18,222.48,0.21,47.51,0.00,0.00,0.00,0.00,0.00,0.00,0.00,0.00,0.00
218.89,0.43,94.66,220.47,0.21,47.11,0.00,0.00,0.00,0.00,0.00,0.00,0.00,0.00,0.00
217.76,0.43,93.86,219.77,0.21,46.80,0.00,0.00,0.00,0.00,0.00,0.00,0.00,0.00,0.00
221.18,0.43,95.17,219.30,0.21,46.39,0.00,0.00,0.00,0.00,0.00,0.00,0.00,0.00,0.00
218.87,0.43,94.45,220.41,0.21,46.96,0.00,0.00,0.00,0.00,0.00,0.00,0.00,0.00,0.00
216.68,0.43,93.05,218.03,0.21,46.19,0.00,0.00,0.00,0.00,0.00,0.00,0.00,0.00,0.00
220.00,0.43,94.89,220.18,0.21,46.85,0.00,0.00,0.00,0.00,0.00,0.00,0.00,0.00,0.00
219.39,0.43,94.97,220.89,0.21,47.40,0.00,0.00,0.00,0.00,0.00,0.00,0.00,0.00,0.00
217.61,0.43,93.68,219.07,0.21,46.43,0.00,0.00,0.00,0.00,0.00,0.00,0.00,0.00,0.00
218.72,0.43,93.89,218.73,0.21,46.23,0.00,0.00,0.00,0.00,0.00,0.00,0.00,0.00,0.00
218.54,0.43,94.15,218.81,0.21,46.55,0.00,0.00,0.00,0.00,0.00,0.00,0.00,0.00,0.00
217.21,0.43,93.04,217.81,0.21,45.72,0.00,0.00,0.00,0.00,0.00,0.00,0.00,0.00,0.00
222.76,0.43,95.26,217.84,0.21,45.49,0.00,0.00,0.00,0.00,0.00,0.00,0.00,0.00,0.00
219.83,0.43,94.97,220.50,0.21,47.20,0.00,0.00,0.00,0.00,0.00,0.00,0.00,0.00,0.00
217.05,0.43,93.10,217.69,0.21,45.78,0.00,0.00,0.00,0.00,0.00,0.00,0.00,0.00,0.00
217.33,0.43,93.80,221.28,0.21,47.12,0.00,0.00,0.00,0.00,0.00,0.00,0.00,0.00,0.00
220.64,0.43,94.56,217.60,0.21,45.76,0.00,0.00,0.00,0.00,0.00,0.00,0.00,0.00,0.00
217.54,0.43,93.80,219.93,0.21,46.86,0.00,0.00,0.00,0.00,0.00,0.00,0.00,0.00,0.00
219.55,0.43,94.47,219.37,0.21,46.49,0.00,0.00,0.00,0.00,0.00,0.00,0.00,0.00,0.00
217.56,0.43,93.40,219.17,0.21,46.19,0.00,0.00,0.00,0.00,0.00,0.00,0.00,0.00,0.00
218.72,0.43,93.97,219.08,0.21,46.32,0.00,0.00,0.00,0.00,0.00,0.00,0.00,0.00,0.00
218.06,0.43,93.74,219.49,0.21,46.46,0.00,0.00,0.00,0.00,0.00,0.00,0.00,0.00,0.00
219.36,0.43,94.54,220.75,0.21,46.90,0.00,0.00,0.00,0.00,0.00,0.00,0.00,0.00,0.00
217.65,0.43,93.90,220.37,0.21,47.02,0.00,0.00,0.00,0.00,0.00,0.00,0.00,0.00,0.00
220.15,0.43,94.63,219.20,0.21,46.40,0.00,0.00,0.00,0.00,0.00,0.00,0.00,0.00,0.00
217.57,0.43,93.80,220.89,0.21,47.03,0.00,0.00,0.00,0.00,0.00,0.00,0.00,0.00,0.00
217.65,0.43,93.74,218.73,0.21,46.48,0.00,0.00,0.00,0.00,0.00,0.00,0.00,0.00,0.00
219.38,0.43,94.39,219.63,0.21,46.49,0.00,0.00,0.00,0.00,0.00,0.00,0.00,0.00,0.00
220.05,0.43,94.90,219.84,0.21,46.73,0.00,0.00,0.00,0.00,0.00,0.00,0.00,0.00,0.00
220.16,0.43,94.79,220.69,0.21,46.80,0.00,0.00,0.00,0.00,0.00,0.00,0.00,0.00,0.00
219.57,0.43,94.72,219.94,0.21,46.89,0.00,0.00,0.00,0.00,0.00,0.00,0.00,0.00,0.00
214.27,0.43,92.10,219.65,0.21,46.43,0.00,0.00,0.00,0.00,0.00,0.00,0.00,0.00,0.00
217.24,0.43,93.27,218.35,0.21,46.04,0.00,0.00,0.00,0.00,0.00,0.00,0.00,0.00,0.00
215.95,0.43,92.97,219.37,0.21,46.51,0.00,0.00,0.00,0.00,0.00,0.00,0.00,0.00,0.00
218.65,0.43,94.25,218.57,0.21,46.35,0.00,0.00,0.00,0.00,0.00,0.00,0.00,0.00,0.00
218.70,0.43,93.88,218.05,0.21,46.08,0.00,0.00,0.00,0.00,0.00,0.00,0.00,0.00,0.00
216.66,0.43,92.96,219.04,0.21,46.24,0.00,0.00,0.00,0.00,0.00,0.00,0.00,0.00,0.00
219.12,0.43,94.04,219.55,0.21,46.37,0.00,0.00,0.00,0.00,0.00,0.00,0.00,0.00,0.00
218.78,0.43,93.82,217.83,0.21,45.81,0.00,0.00,0.00,0.00,0.00,0.00,0.00,0.00,0.00
219.07,0.43,94.27,219.66,0.21,46.51,0.00,0.00,0.00,0.00,0.00,0.00,0.00,0.00,0.00
215.88,0.43,93.17,220.63,0.21,47.13,0.00,0.00,0.00,0.00,0.00,0.00,0.00,0.00,0.00
219.81,0.43,94.73,220.25,0.21,46.91,0.00,0.00,0.00,0.00,0.00,0.00,0.00,0.00,0.00
217.93,0.43,93.54,218.30,0.21,45.97,0.00,0.00,0.00,0.00,0.00,0.00,0.00,0.00,0.00
217.50,0.43,93.80,220.24,0.21,46.87,0.00,0.00,0.00,0.00,0.00,0.00,0.00,0.00,0.00
217.83,0.43,93.81,220.45,0.21,46.82,0.00,0.00,0.00,0.00,0.00,0.00,0.00,0.00,0.00
218.03,0.43,93.73,219.85,0.21,46.56,0.00,0.00,0.00,0.00,0.00,0.00,0.00,0.00,0.00
219.85,0.43,94.87,220.43,0.21,47.02,0.00,0.00,0.00,0.00,0.00,0.00,0.00,0.00,0.00
216.30,0.43,92.99,220.90,0.21,46.67,0.00,0.00,0.00,0.00,0.00,0.00,0.00,0.00,0.00
217.38,0.43,93.52,218.78,0.21,46.31,0.00,0.00,0.00,0.00,0.00,0.00,0.00,0.00,0.00
219.79,0.43,94.64,219.14,0.21,46.57,0.00,0.00,0.00,0.00,0.00,0.00,0.00,0.00,0.00
219.41,0.43,94.62,221.93,0.21,47.32,0.00,0.00,0.00,0.00,0.00,0.00,0.00,0.00,0.00
218.10,0.43,94.32,221.18,0.21,47.34,0.00,0.00,0.00,0.00,0.00,0.00,0.00,0.00,0.00
219.74,0.43,94.62,218.99,0.21,46.57,0.00,0.00,0.00,0.00,0.00,0.00,0.00,0.00,0.00
216.65,0.43,92.43,216.41,0.21,45.29,0.00,0.00,0.00,0.00,0.00,0.00,0.00,0.00,0.00
217.80,0.43,93.64,218.64,0.21,46.21,0.00,0.00,0.00,0.00,0.00,0.00,0.00,0.00,0.00
219.16,0.43,94.14,218.40,0.21,46.08,0.00,0.00,0.00,0.00,0.00,0.00,0.00,0.00,0.00
219.54,0.43,94.82,221.22,0.21,47.19,0.00,0.00,0.00,0.00,0.00,0.00,0.00,0.00,0.00
218.60,0.43,94.31,219.74,0.21,46.72,0.00,0.00,0.00,0.00,0.00,0.00,0.00,0.00,0.00
219.77,0.43,94.59,219.00,0.21,46.58,0.00,0.00,0.00,0.00,0.00,0.00,0.00,0.00,0.00
218.58,0.43,94.09,220.60,0.21,46.73,0.00,0.00,0.00,0.00,0.00,0.00,0.00,0.00,0.00
217.56,0.43,93.37,218.03,0.21,46.06,0.00,0.00,0.00,0.00,0.00,0.00,0.00,0.00,0.00
219.61,0.43,94.10,218.29,0.21,45.86,0.00,0.00,0.00,0.00,0.00,0.00,0.00,0.00,0.00
213.78,0.43,92.14,219.47,0.21,46.66,0.00,0.00,0.00,0.00,0.00,0.00,0.00,0.00,0.00
219.20,0.43,94.22,217.92,0.21,45.96,0.00,0.00,0.00,0.00,0.00,0.00,0.00,0.00,0.00
217.44,0.43,93.71,220.79,0.21,46.89,0.00,0.00,0.00,0.00,0.00,0.00,0.00,0.00,0.00
217.63,0.43,93.59,218.58,0.21,46.30,0.00,0.00,0.00,0.00,0.00,0.00,0.00,0.00,0.00
221.25,0.43,95.36,219.73,0.21,46.71,0.00,0.00,0.00,0.00,0.00,0.00,0.00,0.00,0.00
220.77,0.43,95.04,219.85,0.21,46.61,0.00,0.00,0.00,0.00,0.00,0.00,0.00,0.00,0.00
221.32,0.43,95.43,221.70,0.21,47.16,0.00,0.00,0.00,0.00,0.00,0.00,0.00,0.00,0.00
217.29,0.43,93.57,220.29,0.21,46.72,0.00,0.00,0.00,0.00,0.00,0.00,0.00,0.00,0.00
218.76,0.43,93.73,217.44,0.21,45.65,0.00,0.00,0.00,0.00,0.00,0.00,0.00,0.00,0.00
214.15,0.43,92.10,219.79,0.21,46.50,0.00,0.00,0.00,0.00,0.00,0.00,0.00,0.00,0.00
219.72,0.43,94.26,217.91,0.21,45.91,0.00,0.00,0.00,0.00,0.00,0.00,0.00,0.00,0.00
219.99,0.43,94.73,220.00,0.21,46.78,0.00,0.00,0.00,0.00,0.00,0.00,0.00,0.00,0.00
216.98,0.43,92.36,213.78,0.21,44.28,0.00,0.00,0.00,0.00,0.00,0.00,0.00,0.00,0.00
214.95,0.43,92.27,218.59,0.21,46.06,0.00,0.00,0.00,0.00,0.00,0.00,0.00,0.00,0.00
219.46,0.43,94.29,219.16,0.21,46.37,0.00,0.00,0.00,0.00,0.00,0.00,0.00,0.00,0.00
217.64,0.43,94.21,221.19,0.21,47.42,0.00,0.00,0.00,0.00,0.00,0.00,0.00,0.00,0.00
220.50,0.43,95.06,220.23,0.21,46.95,0.00,0.00,0.00,0.00,0.00,0.00,0.00,0.00,0.00
219.58,0.43,94.88,221.52,0.21,47.33,0.00,0.00,0.00,0.00,0.00,0.00,0.00,0.00,0.00
217.69,0.43,93.67,220.06,0.21,46.76,0.00,0.00,0.00,0.00,0.00,0.00,0.00,0.00,0.00
217.63,0.43,93.32,218.85,0.21,46.12,0.00,0.00,0.00,0.00,0.00,0.00,0.00,0.00,0.00
220.18,0.43,94.87,219.96,0.21,46.70,0.00,0.00,0.00,0.00,0.00,0.00,0.00,0.00,0.00
219.12,0.43,94.11,218.82,0.21,46.19,0.00,0.00,0.00,0.00,0.00,0.00,0.00,0.00,0.00
218.57,0.43,94.16,220.73,0.21,47.00,0.00,0.00,0.00,0.00,0.00,0.00,0.00,0.00,0.00
219.29,0.43,94.37,220.49,0.21,46.71,0.00,0.00,0.00,0.00,0.00,0.00,0.00,0.00,0.00
217.45,0.43,93.48,218.38,0.21,46.26,0.00,0.00,0.00,0.00,0.00,0.00,0.00,0.00,0.00
218.93,0.43,94.01,219.22,0.21,46.38,0.00,0.00,0.00,0.00,0.00,0.00,0.00,0.00,0.00
217.48,0.43,93.41,218.59,0.21,46.12,0.00,0.00,0.00,0.00,0.00,0.00,0.00,0.00,0.00
217.68,0.43,93.61,218.80,0.21,46.41,0.00,0.00,0.00,0.00,0.00,0.00,0.00,0.00,0.00
219.76,0.43,94.82,221.57,0.21,47.31,0.00,0.00,0.00,0.00,0.00,0.00,0.00,0.00,0.00
219.22,0.43,94.55,219.47,0.21,46.80,0.00,0.00,0.00,0.00,0.00,0.00,0.00,0.00,0.00
219.26,0.43,94.58,219.86,0.21,46.90,0.00,0.00,0.00,0.00,0.00,0.00,0.00,0.00,0.00
218.72,0.43,94.04,219.23,0.21,46.50,0.00,0.00,0.00,0.00,0.00,0.00,0.00,0.00,0.00
218.03,0.43,93.55,217.70,0.21,45.94,0.00,0.00,0.00,0.00,0.00,0.00,0.00,0.00,0.00
217.68,0.43,93.23,218.06,0.21,45.88,0.00,0.00,0.00,0.00,0.00,0.00,0.00,0.00,0.00
219.43,0.43,94.36,219.64,0.21,46.47,0.00,0.00,0.00,0.00,0.00,0.00,0.00,0.00,0.00
220.06,0.43,94.20,217.41,0.21,45.58,0.00,0.00,0.00,0.00,0.00,0.00,0.00,0.00,0.00
215.15,0.43,91.76,215.04,0.21,44.74,0.00,0.00,0.00,0.00,0.00,0.00,0.00,0.00,0.00
218.87,0.43,94.06,219.11,0.21,46.31,0.00,0.00,0.00,0.00,0.00,0.00,0.00,0.00,0.00
218.33,0.43,93.64,219.37,0.21,46.27,0.00,0.00,0.00,0.00,0.00,0.00,0.00,0.00,0.00
214.55,0.43,91.87,217.95,0.21,45.84,0.00,0.00,0.00,0.00,0.00,0.00,0.00,0.00,0.00
216.11,0.43,91.93,213.75,0.21,44.21,0.00,0.00,0.00,0.00,0.00,0.00,0.00,0.00,0.00
218.02,0.43,93.93,219.59,0.21,46.77,0.00,0.00,0.00,0.00,0.00,0.00,0.00,0.00,0.00
218.20,0.43,93.55,217.76,0.21,45.75,0.00,0.00,0.00,0.00,0.00,0.00,0.00,0.00,0.00
219.51,0.43,94.21,217.88,0.21,45.93,0.00,0.00,0.00,0.00,0.00,0.00,0.00,0.00,0.00
219.32,0.43,94.06,218.94,0.21,46.07,0.00,0.00,0.00,0.00,0.00,0.00,0.00,0.00,0.00
214.45,0.43,92.02,217.85,0.21,45.99,0.00,0.00,0.00,0.00,0.00,0.00,0.00,0.00,0.00
219.02,0.43,94.30,218.99,0.21,46.45,0.00,0.00,0.00,0.00,0.00,0.00,0.00,0.00,0.00
218.36,0.43,93.29,215.68,0.21,45.23,0.00,0.00,0.00,0.00,0.00,0.00,0.00,0.00,0.00
217.26,0.43,92.56,215.24,0.21,44.69,0.00,0.00,0.00,0.00,0.00,0.00,0.00,0.00,0.00
219.77,0.43,94.57,219.51,0.21,46.60,0.00,0.00,0.00,0.00,0.00,0.00,0.00,0.00,0.00
218.41,0.43,94.19,220.79,0.21,47.10,0.00,0.00,0.00,0.00,0.00,0.00,0.00,0.00,0.00
221.43,0.43,95.35,218.94,0.21,46.43,0.00,0.00,0.00,0.00,0.00,0.00,0.00,0.00,0.00
218.87,0.43,94.03,219.28,0.21,46.31,0.00,0.00,0.00,0.00,0.00,0.00,0.00,0.00,0.00
220.01,0.43,94.89,220.31,0.21,47.01,0.00,0.00,0.00,0.00,0.00,0.00,0.00,0.00,0.00
216.11,0.43,92.85,219.23,0.21,46.27,0.00,0.00,0.00,0.00,0.00,0.00,0.00,0.00,0.00
217.99,0.43,93.55,218.88,0.21,46.24,0.00,0.00,0.00,0.00,0.00,0.00,0.00,0.00,0.00
219.29,0.43,94.30,219.54,0.21,46.54,0.00,0.00,0.00,0.00,0.00,0.00,0.00,0.00,0.00
217.70,0.43,93.82,220.44,0.21,46.89,0.00,0.00,0.00,0.00,0.00,0.00,0.00,0.00,0.00
220.87,0.43,94.86,219.76,0.21,46.49,0.00,0.00,0.00,0.00,0.00,0.00,0.00,0.00,0.00
219.44,0.43,94.34,219.59,0.21,46.54,0.00,0.00,0.00,0.00,0.00,0.00,0.00,0.00,0.00
219.17,0.43,94.23,220.09,0.21,46.66,0.00,0.00,0.00,0.00,0.00,0.00,0.00,0.00,0.00
213.79,0.43,91.84,220.01,0.21,46.45,0.00,0.00,0.00,0.00,0.00,0.00,0.00,0.00,0.00
219.30,0.43,93.99,218.21,0.21,45.94,0.00,0.00,0.00,0.00,0.00,0.00,0.00,0.00,0.00
219.53,0.43,95.26,223.25,0.21,48.25,0.00,0.00,0.00,0.00,0.00,0.00,0.00,0.00,0.00
219.31,0.43,94.19,218.61,0.21,46.22,0.00,0.00,0.00,0.00,0.00,0.00,0.00,0.00,0.00
223.15,0.43,95.66,217.41,0.21,45.78,0.00,0.00,0.00,0.00,0.00,0.00,0.00,0.00,0.00
219.04,0.43,93.95,218.47,0.21,46.07,0.00,0.00,0.00,0.00,0.00,0.00,0.00,0.00,0.00
218.30,0.43,94.57,221.82,0.21,47.69,0.00,0.00,0.00,0.00,0.00,0.00,0.00,0.00,0.00
218.87,0.43,94.30,219.77,0.21,46.68,0.00,0.00,0.00,0.00,0.00,0.00,0.00,0.00,0.00
215.71,0.43,92.96,219.89,0.21,46.74,0.00,0.00,0.00,0.00,0.00,0.00,0.00,0.00,0.00
218.38,0.43,93.95,219.31,0.21,46.54,0.00,0.00,0.00,0.00,0.00,0.00,0.00,0.00,0.00
220.09,0.43,94.77,220.55,0.21,46.93,0.00,0.00,0.00,0.00,0.00,0.00,0.00,0.00,0.00
220.69,0.43,95.19,219.32,0.21,46.65,0.00,0.00,0.00,0.00,0.00,0.00,0.00,0.00,0.00
216.67,0.43,92.71,215.94,0.21,45.35,0.00,0.00,0.00,0.00,0.00,0.00,0.00,0.00,0.00
217.94,0.43,93.83,219.54,0.21,46.69,0.00,0.00,0.00,0.00,0.00,0.00,0.00,0.00,0.00
217.35,0.43,93.46,218.46,0.21,46.19,0.00,0.00,0.00,0.00,0.00,0.00,0.00,0.00,0.00
219.10,0.43,93.97,218.41,0.21,46.05,0.00,0.00,0.00,0.00,0.00,0.00,0.00,0.00,0.00
218.33,0.43,93.63,218.45,0.21,45.97,0.00,0.00,0.00,0.00,0.00,0.00,0.00,0.00,0.00
220.20,0.43,94.79,219.18,0.21,46.45,0.00,0.00,0.00,0.00,0.00,0.00,0.00,0.00,0.00
218.74,0.43,94.34,220.86,0.21,47.14,0.00,0.00,0.00,0.00,0.00,0.00,0.00,0.00,0.00
218.58,0.43,93.46,216.66,0.21,45.40,0.00,0.00,0.00,0.00,0.00,0.00,0.00,0.00,0.00
213.56,0.43,91.76,218.87,0.21,46.23,0.00,0.00,0.00,0.00,0.00,0.00,0.00,0.00,0.00
217.72,0.43,92.84,216.32,0.21,45.02,0.00,0.00,0.00,0.00,0.00,0.00,0.00,0.00,0.00
221.86,0.43,95.58,219.16,0.21,46.48,0.00,0.00,0.00,0.00,0.00,0.00,0.00,0.00,0.00
220.03,0.43,94.66,219.80,0.21,46.69,0.00,0.00,0.00,0.00,0.00,0.00,0.00,0.00,0.00
215.53,0.43,92.82,221.55,0.21,47.12,0.00,0.00,0.00,0.00,0.00,0.00,0.00,0.00,0.00
219.24,0.43,94.41,219.88,0.21,46.68,0.00,0.00,0.00,0.00,0.00,0.00,0.00,0.00,0.00
218.66,0.43,93.87,218.93,0.21,46.26,0.00,0.00,0.00,0.00,0.00,0.00,0.00,0.00,0.00
219.60,0.43,94.61,221.33,0.21,47.01,0.00,0.00,0.00,0.00,0.00,0.00,0.00,0.00,0.00
220.91,0.43,94.55,217.47,0.21,45.81,0.00,0.00,0.00,0.00,0.00,0.00,0.00,0.00,0.00
219.42,0.43,94.71,220.42,0.21,47.01,0.00,0.00,0.00,0.00,0.00,0.00,0.00,0.00,0.00
217.95,0.43,93.61,219.66,0.21,46.54,0.00,0.00,0.00,0.00,0.00,0.00,0.00,0.00,0.00
218.54,0.43,92.95,215.18,0.21,44.79,0.00,0.00,0.00,0.00,0.00,0.00,0.00,0.00,0.00
220.42,0.43,94.88,218.99,0.21,46.55,0.00,0.00,0.00,0.00,0.00,0.00,0.00,0.00,0.00
218.99,0.43,94.44,222.07,0.21,47.30,0.00,0.00,0.00,0.00,0.00,0.00,0.00,0.00,0.00
219.36,0.43,94.13,217.48,0.21,45.78,0.00,0.00,0.00,0.00,0.00,0.00,0.00,0.00,0.00
219.67,0.43,94.20,218.11,0.21,45.88,0.00,0.00,0.00,0.00,0.00,0.00,0.00,0.00,0.00
219.33,0.43,94.59,221.46,0.21,47.15,0.00,0.00,0.00,0.00,0.00,0.00,0.00,0.00,0.00
218.59,0.43,93.94,218.86,0.21,46.35,0.00,0.00,0.00,0.00,0.00,0.00,0.00,0.00,0.00
217.59,0.43,92.52,213.94,0.21,44.45,0.00,0.00,0.00,0.00,0.00,0.00,0.00,0.00,0.00
216.44,0.43,93.27,219.98,0.21,46.64,0.00,0.00,0.00,0.00,0.00,0.00,0.00,0.00,0.00
221.06,0.43,95.26,220.74,0.21,47.02,0.00,0.00,0.00,0.00,0.00,0.00,0.00,0.00,0.00
216.05,0.43,92.72,217.96,0.21,46.12,0.00,0.00,0.00,0.00,0.00,0.00,0.00,0.00,0.00
219.35,0.43,94.20,219.34,0.21,46.26,0.00,0.00,0.00,0.00,0.00,0.00,0.00,0.00,0.00
219.18,0.43,94.41,220.27,0.21,46.80,0.00,0.00,0.00,0.00,0.00,0.00,0.00,0.00,0.00
217.35,0.43,93.47,219.05,0.21,46.43,0.00,0.00,0.00,0.00,0.00,0.00,0.00,0.00,0.00
217.67,0.43,93.28,217.85,0.21,45.76,0.00,0.00,0.00,0.00,0.00,0.00,0.00,0.00,0.00
220.27,0.43,94.60,219.45,0.21,46.42,0.00,0.00,0.00,0.00,0.00,0.00,0.00,0.00,0.00
220.67,0.43,94.92,218.77,0.21,46.32,0.00,0.00,0.00,0.00,0.00,0.00,0.00,0.00,0.00
219.32,0.43,94.54,220.47,0.21,46.88,0.00,0.00,0.00,0.00,0.00,0.00,0.00,0.00,0.00
218.76,0.43,94.23,220.66,0.21,46.87,0.00,0.00,0.00,0.00,0.00,0.00,0.00,0.00,0.00
217.58,0.43,93.14,217.30,0.21,45.63,0.00,0.00,0.00,0.00,0.00,0.00,0.00,0.00,0.00
218.20,0.43,93.74,218.30,0.21,46.10,0.00,0.00,0.00,0.00,0.00,0.00,0.00,0.00,0.00
219.48,0.43,94.14,219.41,0.21,46.19,0.00,0.00,0.00,0.00,0.00,0.00,0.00,0.00,0.00
219.77,0.43,94.51,219.25,0.21,46.51,0.00,0.00,0.00,0.00,0.00,0.00,0.00,0.00,0.00
217.59,0.43,93.41,219.19,0.21,46.33,0.00,0.00,0.00,0.00,0.00,0.00,0.00,0.00,0.00
218.32,0.43,93.77,220.61,0.21,46.47,0.00,0.00,0.00,0.00,0.00,0.00,0.00,0.00,0.00
218.90,0.43,93.89,217.98,0.21,45.99,0.00,0.00,0.00,0.00,0.00,0.00,0.00,0.00,0.00
217.31,0.43,92.94,216.90,0.21,45.42,0.00,0.00,0.00,0.00,0.00,0.00,0.00,0.00,0.00
216.75,0.43,92.95,219.33,0.21,46.18,0.00,0.00,0.00,0.00,0.00,0.00,0.00,0.00,0.00
218.52,0.43,93.40,217.80,0.21,45.53,0.00,0.00,0.00,0.00,0.00,0.00,0.00,0.00,0.00
219.87,0.43,94.35,219.27,0.21,46.34,0.00,0.00,0.00,0.00,0.00,0.00,0.00,0.00,0.00
212.25,0.43,91.37,220.13,0.21,46.81,0.00,0.00,0.00,0.00,0.00,0.00,0.00,0.00,0.00
216.92,0.43,93.08,218.43,0.21,46.10,0.00,0.00,0.00,0.00,0.00,0.00,0.00,0.00,0.00
217.21,0.43,92.96,218.20,0.21,45.83,0.00,0.00,0.00,0.00,0.00,0.00,0.00,0.00,0.00
220.00,0.43,94.65,220.09,0.21,46.72,0.00,0.00,0.00,0.00,0.00,0.00,0.00,0.00,0.00
217.57,0.43,92.83,216.78,0.21,45.32,0.00,0.00,0.00,0.00,0.00,0.00,0.00,0.00,0.00
217.86,0.43,93.49,218.01,0.21,45.90,0.00,0.00,0.00,0.00,0.00,0.00,0.00,0.00,0.00
217.58,0.43,93.60,219.43,0.21,46.54,0.00,0.00,0.00,0.00,0.00,0.00,0.00,0.00,0.00
218.92,0.43,94.17,220.07,0.21,46.73,0.00,0.00,0.00,0.00,0.00,0.00,0.00,0.00,0.00
216.58,0.43,92.79,218.14,0.21,45.92,0.00,0.00,0.00,0.00,0.00,0.00,0.00,0.00,0.00
218.42,0.43,94.02,219.16,0.21,46.48,0.00,0.00,0.00,0.00,0.00,0.00,0.00,0.00,0.00
218.85,0.43,93.88,216.54,0.21,45.66,0.00,0.00,0.00,0.00,0.00,0.00,0.00,0.00,0.00
217.62,0.43,93.32,219.18,0.21,46.23,0.00,0.00,0.00,0.00,0.00,0.00,0.00,0.00,0.00
217.82,0.43,93.16,217.17,0.21,45.49,0.00,0.00,0.00,0.00,0.00,0.00,0.00,0.00,0.00
220.59,0.43,93.93,215.84,0.21,44.98,0.00,0.00,0.00,0.00,0.00,0.00,0.00,0.00,0.00
217.87,0.43,93.45,219.14,0.21,46.24,0.00,0.00,0.00,0.00,0.00,0.00,0.00,0.00,0.00
217.23,0.43,93.24,218.89,0.21,46.25,0.00,0.00,0.00,0.00,0.00,0.00,0.00,0.00,0.00
219.04,0.43,93.45,218.11,0.21,45.19,0.00,0.00,0.00,0.00,0.00,0.00,0.00,0.00,0.00
218.46,0.43,94.06,220.05,0.21,46.72,0.00,0.00,0.00,0.00,0.00,0.00,0.00,0.00,0.00
218.47,0.43,93.55,218.88,0.21,45.98,0.00,0.00,0.00,0.00,0.00,0.00,0.00,0.00,0.00
218.52,0.43,93.53,217.22,0.21,45.61,0.00,0.00,0.00,0.00,0.00,0.00,0.00,0.00,0.00
219.97,0.43,94.44,218.21,0.21,46.12,0.00,0.00,0.00,0.00,0.00,0.00,0.00,0.00,0.00
217.51,0.43,93.14,218.40,0.21,45.81,0.00,0.00,0.00,0.00,0.00,0.00,0.00,0.00,0.00
220.26,0.43,94.54,219.13,0.21,46.27,0.00,0.00,0.00,0.00,0.00,0.00,0.00,0.00,0.00
217.55,0.43,93.53,220.39,0.21,46.46,0.00,0.00,0.00,0.00,0.00,0.00,0.00,0.00,0.00
219.43,0.43,94.06,218.92,0.21,46.00,0.00,0.00,0.00,0.00,0.00,0.00,0.00,0.00,0.00
216.24,0.43,92.51,218.19,0.21,45.81,0.00,0.00,0.00,0.00,0.00,0.00,0.00,0.00,0.00
218.32,0.43,93.78,219.49,0.21,46.35,0.00,0.00,0.00,0.00,0.00,0.00,0.00,0.00,0.00
217.45,0.43,92.55,215.20,0.21,44.78,0.00,0.00,0.00,0.00,0.00,0.00,0.00,0.00,0.00
217.68,0.43,93.46,218.48,0.21,46.03,0.00,0.00,0.00,0.00,0.00,0.00,0.00,0.00,0.00
216.69,0.43,92.88,219.66,0.21,46.15,0.00,0.00,0.00,0.00,0.00,0.00,0.00,0.00,0.00
216.72,0.43,92.98,218.43,0.21,45.94,0.00,0.00,0.00,0.00,0.00,0.00,0.00,0.00,0.00
220.23,0.43,94.53,218.25,0.21,46.02,0.00,0.00,0.00,0.00,0.00,0.00,0.00,0.00,0.00
218.54,0.43,93.51,217.64,0.21,45.66,0.00,0.00,0.00,0.00,0.00,0.00,0.00,0.00,0.00
219.76,0.43,94.37,219.18,0.21,46.34,0.00,0.00,0.00,0.00,0.00,0.00,0.00,0.00,0.00
217.47,0.43,93.14,218.61,0.21,45.89,0.00,0.00,0.00,0.00,0.00,0.00,0.00,0.00,0.00
219.82,0.43,94.16,217.33,0.21,45.70,0.00,0.00,0.00,0.00,0.00,0.00,0.00,0.00,0.00
215.77,0.43,92.58,219.45,0.21,46.31,0.00,0.00,0.00,0.00,0.00,0.00,0.00,0.00,0.00
218.47,0.43,93.56,218.67,0.21,45.89,0.00,0.00,0.00,0.00,0.00,0.00,0.00,0.00,0.00
217.29,0.43,93.22,219.59,0.21,46.26,0.00,0.00,0.00,0.00,0.00,0.00,0.00,0.00,0.00
218.89,0.43,93.73,218.51,0.21,45.97,0.00,0.00,0.00,0.00,0.00,0.00,0.00,0.00,0.00
217.75,0.43,93.68,219.66,0.21,46.49,0.00,0.00,0.00,0.00,0.00,0.00,0.00,0.00,0.00
214.58,0.43,91.85,218.54,0.21,45.83,0.00,0.00,0.00,0.00,0.00,0.00,0.00,0.00,0.00
219.31,0.43,94.52,221.21,0.21,47.05,0.00,0.00,0.00,0.00,0.00,0.00,0.00,0.00,0.00
216.88,0.43,92.19,215.88,0.21,44.66,0.00,0.00,0.00,0.00,0.00,0.00,0.00,0.00,0.00
218.78,0.43,94.05,220.21,0.21,46.67,0.00,0.00,0.00,0.00,0.00,0.00,0.00,0.00,0.00
219.59,0.43,94.44,218.69,0.21,46.23,0.00,0.00,0.00,0.00,0.00,0.00,0.00,0.00,0.00
217.65,0.43,93.18,217.75,0.21,45.74,0.00,0.00,0.00,0.00,0.00,0.00,0.00,0.00,0.00
218.19,0.43,93.24,217.84,0.21,45.65,0.00,0.00,0.00,0.00,0.00,0.00,0.00,0.00,0.00
216.91,0.43,92.99,218.99,0.21,46.18,0.00,0.00,0.00,0.00,0.00,0.00,0.00,0.00,0.00
218.65,0.43,94.10,220.05,0.21,46.77,0.00,0.00,0.00,0.00,0.00,0.00,0.00,0.00,0.00
217.21,0.43,92.86,216.87,0.21,45.46,0.00,0.00,0.00,0.00,0.00,0.00,0.00,0.00,0.00
215.84,0.43,91.92,214.79,0.21,44.58,0.00,0.00,0.00,0.00,0.00,0.00,0.00,0.00,0.00
217.23,0.43,92.92,217.12,0.21,45.43,0.00,0.00,0.00,0.00,0.00,0.00,0.00,0.00,0.00
218.78,0.43,93.86,218.97,0.21,46.19,0.00,0.00,0.00,0.00,0.00,0.00,0.00,0.00,0.00
218.93,0.43,93.88,218.51,0.21,45.98,0.00,0.00,0.00,0.00,0.00,0.00,0.00,0.00,0.00
213.60,0.43,91.70,218.13,0.21,46.10,0.00,0.00,0.00,0.00,0.00,0.00,0.00,0.00,0.00
213.86,0.43,91.56,217.54,0.21,45.64,0.00,0.00,0.00,0.00,0.00,0.00,0.00,0.00,0.00
217.90,0.43,93.29,217.81,0.21,45.66,0.00,0.00,0.00,0.00,0.00,0.00,0.00,0.00,0.00
217.95,0.43,93.56,219.96,0.21,46.36,0.00,0.00,0.00,0.00,0.00,0.00,0.00,0.00,0.00
218.75,0.43,93.43,217.98,0.21,45.61,0.00,0.00,0.00,0.00,0.00,0.00,0.00,0.00,0.00
218.55,0.43,93.86,219.39,0.21,46.31,0.00,0.00,0.00,0.00,0.00,0.00,0.00,0.00,0.00
217.89,0.43,92.99,217.81,0.21,45.50,0.00,0.00,0.00,0.00,0.00,0.00,0.00,0.00,0.00
218.70,0.43,93.98,220.05,0.21,46.52,0.00,0.00,0.00,0.00,0.00,0.00,0.00,0.00,0.00
217.88,0.43,93.34,218.40,0.21,45.95,0.00,0.00,0.00,0.00,0.00,0.00,0.00,0.00,0.00
218.58,0.43,93.96,220.61,0.21,46.77,0.00,0.00,0.00,0.00,0.00,0.00,0.00,0.00,0.00
216.75,0.43,92.94,219.28,0.21,46.16,0.00,0.00,0.00,0.00,0.00,0.00,0.00,0.00,0.00
218.46,0.43,93.62,218.50,0.21,45.90,0.00,0.00,0.00,0.00,0.00,0.00,0.00,0.00,0.00
218.37,0.43,93.56,217.56,0.21,45.69,0.00,0.00,0.00,0.00,0.00,0.00,0.00,0.00,0.00
218.55,0.43,93.52,217.97,0.21,45.66,0.00,0.00,0.00,0.00,0.00,0.00,0.00,0.00,0.00
218.45,0.43,94.65,223.67,0.21,48.19,0.00,0.00,0.00,0.00,0.00,0.00,0.00,0.00,0.00
217.59,0.43,92.93,216.71,0.21,45.23,0.00,0.00,0.00,0.00,0.00,0.00,0.00,0.00,0.00
218.69,0.43,93.75,219.00,0.21,46.06,0.00,0.00,0.00,0.00,0.00,0.00,0.00,0.00,0.00
216.90,0.43,93.03,219.58,0.21,46.31,0.00,0.00,0.00,0.00,0.00,0.00,0.00,0.00,0.00
218.85,0.43,93.70,218.04,0.21,45.86,0.00,0.00,0.00,0.00,0.00,0.00,0.00,0.00,0.00
213.33,0.43,91.62,221.39,0.21,46.52,0.00,0.00,0.00,0.00,0.00,0.00,0.00,0.00,0.00
219.58,0.42,93.31,215.16,0.21,44.45,0.00,0.00,0.00,0.00,0.00,0.00,0.00,0.00,0.00
217.41,0.43,93.13,219.08,0.21,46.00,0.00,0.00,0.00,0.00,0.00,0.00,0.00,0.00,0.00
217.92,0.43,93.32,219.21,0.21,46.01,0.00,0.00,0.00,0.00,0.00,0.00,0.00,0.00,0.00
218.71,0.43,94.13,220.76,0.21,46.88,0.00,0.00,0.00,0.00,0.00,0.00,0.00,0.00,0.00
217.72,0.43,92.82,216.38,0.21,45.10,0.00,0.00,0.00,0.00,0.00,0.00,0.00,0.00,0.00
219.07,0.43,94.15,219.83,0.21,46.59,0.00,0.00,0.00,0.00,0.00,0.00,0.00,0.00,0.00
217.37,0.43,93.26,218.51,0.21,46.15,0.00,0.00,0.00,0.00,0.00,0.00,0.00,0.00,0.00
217.86,0.43,92.73,215.04,0.21,44.60,0.00,0.00,0.00,0.00,0.00,0.00,0.00,0.00,0.00
217.53,0.43,93.24,218.46,0.21,46.10,0.00,0.00,0.00,0.00,0.00,0.00,0.00,0.00,0.00
218.35,0.43,93.63,218.68,0.21,46.13,0.00,0.00,0.00,0.00,0.00,0.00,0.00,0.00,0.00
219.72,0.43,94.07,218.71,0.21,45.86,0.00,0.00,0.00,0.00,0.00,0.00,0.00,0.00,0.00
218.59,0.43,93.54,217.38,0.21,45.54,0.00,0.00,0.00,0.00,0.00,0.00,0.00,0.00,0.00
219.16,0.43,94.24,220.03,0.21,46.59,0.00,0.00,0.00,0.00,0.00,0.00,0.00,0.00,0.00
216.40,0.43,92.34,217.95,0.21,45.42,0.00,0.00,0.00,0.00,0.00,0.00,0.00,0.00,0.00
217.62,0.43,93.10,218.93,0.21,45.96,0.00,0.00,0.00,0.00,0.00,0.00,0.00,0.00,0.00
217.58,0.43,93.32,218.35,0.21,46.06,0.00,0.00,0.00,0.00,0.00,0.00,0.00,0.00,0.00
218.72,0.43,92.98,216.58,0.21,44.79,0.00,0.00,0.00,0.00,0.00,0.00,0.00,0.00,0.00
217.85,0.43,93.18,218.08,0.21,45.66,0.00,0.00,0.00,0.00,0.00,0.00,0.00,0.00,0.00
218.01,0.43,92.74,214.93,0.21,44.51,0.00,0.00,0.00,0.00,0.00,0.00,0.00,0.00,0.00
216.68,0.43,92.48,216.85,0.21,45.21,0.00,0.00,0.00,0.00,0.00,0.00,0.00,0.00,0.00
219.30,0.43,94.06,218.10,0.21,46.01,0.00,0.00,0.00,0.00,0.00,0.00,0.00,0.00,0.00
214.64,0.43,91.27,214.74,0.21,44.66,0.00,0.00,0.00,0.00,0.00,0.00,0.00,0.00,0.00
219.40,0.43,94.23,219.80,0.21,46.50,0.00,0.00,0.00,0.00,0.00,0.00,0.00,0.00,0.00
216.97,0.43,92.84,217.83,0.21,45.62,0.00,0.00,0.00,0.00,0.00,0.00,0.00,0.00,0.00
218.97,0.43,93.87,218.77,0.21,46.15,0.00,0.00,0.00,0.00,0.00,0.00,0.00,0.00,0.00
218.39,0.43,93.47,218.20,0.21,45.75,0.00,0.00,0.00,0.00,0.00,0.00,0.00,0.00,0.00
219.04,0.43,93.83,218.14,0.21,45.78,0.00,0.00,0.00,0.00,0.00,0.00,0.00,0.00,0.00
216.92,0.43,93.01,218.59,0.21,45.96,0.00,0.00,0.00,0.00,0.00,0.00,0.00,0.00,0.00
219.28,0.43,93.87,218.79,0.21,45.89,0.00,0.00,0.00,0.00,0.00,0.00,0.00,0.00,0.00
217.91,0.43,93.34,218.56,0.21,45.93,0.00,0.00,0.00,0.00,0.00,0.00,0.00,0.00,0.00
219.44,0.43,94.19,219.36,0.21,46.36,0.00,0.00,0.00,0.00,0.00,0.00,0.00,0.00,0.00
216.83,0.43,92.95,219.38,0.21,46.14,0.00,0.00,0.00,0.00,0.00,0.00,0.00,0.00,0.00
219.51,0.43,94.01,218.69,0.21,45.90,0.00,0.00,0.00,0.00,0.00,0.00,0.00,0.00,0.00
217.79,0.43,92.90,217.32,0.21,45.24,0.00,0.00,0.00,0.00,0.00,0.00,0.00,0.00,0.00
218.64,0.43,93.65,218.94,0.21,45.97,0.00,0.00,0.00,0.00,0.00,0.00,0.00,0.00,0.00
217.10,0.43,92.75,216.49,0.21,45.32,0.00,0.00,0.00,0.00,0.00,0.00,0.00,0.00,0.00
217.24,0.43,93.01,218.85,0.21,46.00,0.00,0.00,0.00,0.00,0.00,0.00,0.00,0.00,0.00
218.91,0.43,93.79,219.25,0.21,46.17,0.00,0.00,0.00,0.00,0.00,0.00,0.00,0.00,0.00
215.81,0.43,92.35,217.99,0.21,45.68,0.00,0.00,0.00,0.00,0.00,0.00,0.00,0.00,0.00
219.40,0.43,93.85,217.78,0.21,45.60,0.00,0.00,0.00,0.00,0.00,0.00,0.00,0.00,0.00
217.90,0.43,93.24,217.69,0.21,45.63,0.00,0.00,0.00,0.00,0.00,0.00,0.00,0.00,0.00
218.70,0.43,93.50,217.74,0.21,45.56,0.00,0.00,0.00,0.00,0.00,0.00,0.00,0.00,0.00
211.91,0.43,90.86,219.39,0.21,46.15,0.00,0.00,0.00,0.00,0.00,0.00,0.00,0.00,0.00
218.75,0.43,94.02,219.87,0.21,46.60,0.00,0.00,0.00,0.00,0.00,0.00,0.00,0.00,0.00
216.64,0.43,92.91,219.47,0.21,46.22,0.00,0.00,0.00,0.00,0.00,0.00,0.00,0.00,0.00
218.40,0.43,93.35,216.63,0.21,45.27,0.00,0.00,0.00,0.00,0.00,0.00,0.00,0.00,0.00
217.99,0.43,93.41,219.11,0.21,46.06,0.00,0.00,0.00,0.00,0.00,0.00,0.00,0.00,0.00
216.74,0.43,92.52,216.82,0.21,45.24,0.00,0.00,0.00,0.00,0.00,0.00,0.00,0.00,0.00
219.17,0.43,94.28,220.17,0.21,46.74,0.00,0.00,0.00,0.00,0.00,0.00,0.00,0.00,0.00
216.82,0.43,92.53,217.16,0.21,45.38,0.00,0.00,0.00,0.00,0.00,0.00,0.00,0.00,0.00
221.63,0.43,95.13,220.03,0.21,46.26,0.00,0.00,0.00,0.00,0.00,0.00,0.00,0.00,0.00
217.49,0.43,92.84,216.75,0.21,45.18,0.00,0.00,0.00,0.00,0.00,0.00,0.00,0.00,0.00
219.07,0.43,94.22,219.82,0.21,46.69,0.00,0.00,0.00,0.00,0.00,0.00,0.00,0.00,0.00
217.13,0.43,92.63,217.27,0.21,45.25,0.00,0.00,0.00,0.00,0.00,0.00,0.00,0.00,0.00
218.26,0.43,93.68,219.81,0.21,46.36,0.00,0.00,0.00,0.00,0.00,0.00,0.00,0.00,0.00
216.95,0.42,92.14,214.64,0.21,44.33,0.00,0.00,0.00,0.00,0.00,0.00,0.00,0.00,0.00
218.83,0.43,93.14,215.46,0.21,44.72,0.00,0.00,0.00,0.00,0.00,0.00,0.00,0.00,0.00
216.44,0.43,92.72,217.84,0.21,45.72,0.00,0.00,0.00,0.00,0.00,0.00,0.00,0.00,0.00
218.90,0.43,93.99,219.40,0.21,46.31,0.00,0.00,0.00,0.00,0.00,0.00,0.00,0.00,0.00
217.02,0.43,92.91,218.32,0.21,45.77,0.00,0.00,0.00,0.00,0.00,0.00,0.00,0.00,0.00
219.37,0.43,94.17,219.36,0.21,46.38,0.00,0.00,0.00,0.00,0.00,0.00,0.00,0.00,0.00
216.66,0.43,92.66,216.71,0.21,45.34,0.00,0.00,0.00,0.00,0.00,0.00,0.00,0.00,0.00
218.57,0.43,93.80,219.77,0.21,46.34,0.00,0.00,0.00,0.00,0.00,0.00,0.00,0.00,0.00
214.15,0.43,91.47,217.16,0.21,45.46,0.00,0.00,0.00,0.00,0.00,0.00,0.00,0.00,0.00
207.78,0.42,88.02,213.73,0.20,43.87,0.00,0.00,0.00,0.00,0.00,0.00,0.00,0.00,0.00
217.79,0.42,92.40,216.11,0.20,44.29,0.00,0.00,0.00,0.00,0.00,0.00,0.00,0.00,0.00
219.02,0.43,93.98,218.59,0.21,46.16,0.00,0.00,0.00,0.00,0.00,0.00,0.00,0.00,0.00
217.39,0.43,93.15,219.53,0.21,46.13,0.00,0.00,0.00,0.00,0.00,0.00,0.00,0.00,0.00
218.83,0.43,94.06,220.11,0.21,46.67,0.00,0.00,0.00,0.00,0.00,0.00,0.00,0.00,0.00
213.56,0.43,91.36,218.14,0.21,45.72,0.00,0.00,0.00,0.00,0.00,0.00,0.00,0.00,0.00
219.24,0.43,93.39,216.08,0.21,44.87,0.00,0.00,0.00,0.00,0.00,0.00,0.00,0.00,0.00
216.78,0.43,92.62,218.10,0.21,45.63,0.00,0.00,0.00,0.00,0.00,0.00,0.00,0.00,0.00
219.59,0.43,94.32,219.60,0.21,46.38,0.00,0.00,0.00,0.00,0.00,0.00,0.00,0.00,0.00
217.61,0.43,92.87,216.57,0.21,45.12,0.00,0.00,0.00,0.00,0.00,0.00,0.00,0.00,0.00
219.34,0.43,93.95,218.01,0.21,45.92,0.00,0.00,0.00,0.00,0.00,0.00,0.00,0.00,0.00
217.38,0.43,92.72,216.69,0.21,45.19,0.00,0.00,0.00,0.00,0.00,0.00,0.00,0.00,0.00
218.79,0.43,93.87,218.83,0.21,46.20,0.00,0.00,0.00,0.00,0.00,0.00,0.00,0.00,0.00
211.61,0.42,89.82,215.83,0.20,44.53,0.00,0.00,0.00,0.00,0.00,0.00,0.00,0.00,0.00
217.92,0.43,93.36,218.76,0.21,46.11,0.00,0.00,0.00,0.00,0.00,0.00,0.00,0.00,0.00
218.32,0.43,93.39,217.34,0.21,45.67,0.00,0.00,0.00,0.00,0.00,0.00,0.00,0.00,0.00
216.88,0.43,93.01,219.34,0.21,46.28,0.00,0.00,0.00,0.00,0.00,0.00,0.00,0.00,0.00
216.89,0.43,92.78,218.63,0.21,45.91,0.00,0.00,0.00,0.00,0.00,0.00,0.00,0.00,0.00
219.99,0.43,94.48,219.44,0.21,46.40,0.00,0.00,0.00,0.00,0.00,0.00,0.00,0.00,0.00
216.85,0.43,93.10,219.32,0.21,46.30,0.00,0.00,0.00,0.00,0.00,0.00,0.00,0.00,0.00
217.63,0.43,93.47,219.04,0.21,46.36,0.00,0.00,0.00,0.00,0.00,0.00,0.00,0.00,0.00
218.00,0.43,93.33,218.13,0.21,45.75,0.00,0.00,0.00,0.00,0.00,0.00,0.00,0.00,0.00
218.12,0.43,93.59,219.05,0.21,46.17,0.00,0.00,0.00,0.00,0.00,0.00,0.00,0.00,0.00
213.94,0.43,91.63,219.26,0.21,46.16,0.00,0.00,0.00,0.00,0.00,0.00,0.00,0.00,0.00
218.66,0.43,93.78,219.44,0.21,46.32,0.00,0.00,0.00,0.00,0.00,0.00,0.00,0.00,0.00
212.70,0.42,90.02,212.90,0.20,43.64,0.00,0.00,0.00,0.00,0.00,0.00,0.00,0.00,0.00
218.45,0.43,93.27,217.94,0.21,45.45,0.00,0.00,0.00,0.00,0.00,0.00,0.00,0.00,0.00
216.89,0.43,92.83,218.38,0.21,45.90,0.00,0.00,0.00,0.00,0.00,0.00,0.00,0.00,0.00
218.89,0.43,93.23,216.29,0.21,45.11,0.00,0.00,0.00,0.00,0.00,0.00,0.00,0.00,0.00
215.21,0.43,91.51,215.30,0.21,44.57,0.00,0.00,0.00,0.00,0.00,0.00,0.00,0.00,0.00
215.41,0.43,92.45,220.08,0.21,46.14,0.00,0.00,0.00,0.00,0.00,0.00,0.00,0.00,0.00
217.03,0.43,92.56,215.83,0.21,44.96,0.00,0.00,0.00,0.00,0.00,0.00,0.00,0.00,0.00
220.01,0.43,94.20,218.31,0.21,45.93,0.00,0.00,0.00,0.00,0.00,0.00,0.00,0.00,0.00
219.79,0.43,94.78,221.17,0.21,47.21,0.00,0.00,0.00,0.00,0.00,0.00,0.00,0.00,0.00
213.05,0.43,90.98,217.34,0.21,45.37,0.00,0.00,0.00,0.00,0.00,0.00,0.00,0.00,0.00
219.16,0.43,94.20,220.04,0.21,46.62,0.00,0.00,0.00,0.00,0.00,0.00,0.00,0.00,0.00
217.41,0.43,92.88,217.64,0.21,45.54,0.00,0.00,0.00,0.00,0.00,0.00,0.00,0.00,0.00
218.30,0.43,93.30,217.42,0.21,45.42,0.00,0.00,0.00,0.00,0.00,0.00,0.00,0.00,0.00
219.46,0.43,93.92,218.87,0.21,45.87,0.00,0.00,0.00,0.00,0.00,0.00,0.00,0.00,0.00
217.17,0.43,92.96,219.10,0.21,45.97,0.00,0.00,0.00,0.00,0.00,0.00,0.00,0.00,0.00
217.56,0.43,93.18,218.72,0.21,46.00,0.00,0.00,0.00,0.00,0.00,0.00,0.00,0.00,0.00
217.19,0.43,93.55,220.62,0.21,47.03,0.00,0.00,0.00,0.00,0.00,0.00,0.00,0.00,0.00
219.66,0.43,94.35,219.65,0.21,46.53,0.00,0.00,0.00,0.00,0.00,0.00,0.00,0.00,0.00
222.51,0.43,95.72,220.00,0.21,46.61,0.00,0.00,0.00,0.00,0.00,0.00,0.00,0.00,0.00
217.20,0.43,93.01,218.49,0.21,45.86,0.00,0.00,0.00,0.00,0.00,0.00,0.00,0.00,0.00
218.93,0.43,93.96,219.65,0.21,46.47,0.00,0.00,0.00,0.00,0.00,0.00,0.00,0.00,0.00
217.43,0.43,92.72,217.73,0.21,45.31,0.00,0.00,0.00,0.00,0.00,0.00,0.00,0.00,0.00
217.96,0.42,92.54,215.23,0.21,44.42,0.00,0.00,0.00,0.00,0.00,0.00,0.00,0.00,0.00
218.30,0.43,93.87,219.62,0.21,46.48,0.00,0.00,0.00,0.00,0.00,0.00,0.00,0.00,0.00
216.68,0.43,92.62,217.35,0.21,45.53,0.00,0.00,0.00,0.00,0.00,0.00,0.00,0.00,0.00
218.52,0.43,93.93,219.63,0.21,46.53,0.00,0.00,0.00,0.00,0.00,0.00,0.00,0.00,0.00
216.79,0.43,92.89,219.34,0.21,46.17,0.00,0.00,0.00,0.00,0.00,0.00,0.00,0.00,0.00
220.56,0.43,94.77,222.00,0.21,46.87,0.00,0.00,0.00,0.00,0.00,0.00,0.00,0.00,0.00
217.58,0.43,93.22,218.96,0.21,46.00,0.00,0.00,0.00,0.00,0.00,0.00,0.00,0.00,0.00
217.49,0.43,93.03,218.17,0.21,45.71,0.00,0.00,0.00,0.00,0.00,0.00,0.00,0.00,0.00
217.13,0.43,93.18,219.22,0.21,46.33,0.00,0.00,0.00,0.00,0.00,0.00,0.00,0.00,0.00
216.68,0.43,92.73,218.27,0.21,45.77,0.00,0.00,0.00,0.00,0.00,0.00,0.00,0.00,0.00
219.45,0.43,93.81,217.68,0.21,45.49,0.00,0.00,0.00,0.00,0.00,0.00,0.00,0.00,0.00
216.40,0.43,92.45,218.16,0.21,45.64,0.00,0.00,0.00,0.00,0.00,0.00,0.00,0.00,0.00
212.93,0.43,91.05,217.96,0.21,45.52,0.00,0.00,0.00,0.00,0.00,0.00,0.00,0.00,0.00
218.22,0.43,93.45,218.85,0.21,46.05,0.00,0.00,0.00,0.00,0.00,0.00,0.00,0.00,0.00
217.84,0.43,92.91,217.81,0.21,45.33,0.00,0.00,0.00,0.00,0.00,0.00,0.00,0.00,0.00
212.87,0.43,90.71,216.67,0.21,45.09,0.00,0.00,0.00,0.00,0.00,0.00,0.00,0.00,0.00
215.69,0.43,92.16,217.72,0.21,45.60,0.00,0.00,0.00,0.00,0.00,0.00,0.00,0.00,0.00
217.62,0.43,93.38,219.37,0.21,46.22,0.00,0.00,0.00,0.00,0.00,0.00,0.00,0.00,0.00
216.15,0.43,92.69,218.25,0.21,46.02,0.00,0.00,0.00,0.00,0.00,0.00,0.00,0.00,0.00
218.29,0.43,93.53,219.45,0.21,46.16,0.00,0.00,0.00,0.00,0.00,0.00,0.00,0.00,0.00
216.61,0.43,92.54,217.66,0.21,45.60,0.00,0.00,0.00,0.00,0.00,0.00,0.00,0.00,0.00
217.32,0.43,93.12,218.62,0.21,45.94,0.00,0.00,0.00,0.00,0.00,0.00,0.00,0.00,0.00
216.79,0.43,92.90,219.17,0.21,46.18,0.00,0.00,0.00,0.00,0.00,0.00,0.00,0.00,0.00
216.04,0.43,92.30,218.01,0.21,45.55,0.00,0.00,0.00,0.00,0.00,0.00,0.00,0.00,0.00
218.95,0.43,93.79,218.49,0.21,45.85,0.00,0.00,0.00,0.00,0.00,0.00,0.00,0.00,0.00
216.39,0.43,92.39,216.65,0.21,45.29,0.00,0.00,0.00,0.00,0.00,0.00,0.00,0.00,0.00
217.71,0.43,93.49,219.25,0.21,46.42,0.00,0.00,0.00,0.00,0.00,0.00,0.00,0.00,0.00
217.31,0.43,92.52,216.55,0.21,44.91,0.00,0.00,0.00,0.00,0.00,0.00,0.00,0.00,0.00
218.65,0.43,93.61,218.70,0.21,45.99,0.00,0.00,0.00,0.00,0.00,0.00,0.00,0.00,0.00
216.96,0.43,92.56,217.81,0.21,45.38,0.00,0.00,0.00,0.00,0.00,0.00,0.00,0.00,0.00
218.53,0.43,93.02,215.61,0.21,44.92,0.00,0.00,0.00,0.00,0.00,0.00,0.00,0.00,0.00
215.80,0.43,91.83,216.72,0.21,44.91,0.00,0.00,0.00,0.00,0.00,0.00,0.00,0.00,0.00
218.44,0.43,93.42,218.07,0.21,45.66,0.00,0.00,0.00,0.00,0.00,0.00,0.00,0.00,0.00
217.17,0.43,92.89,216.53,0.21,45.46,0.00,0.00,0.00,0.00,0.00,0.00,0.00,0.00,0.00
215.94,0.43,92.26,217.82,0.21,45.40,0.00,0.00,0.00,0.00,0.00,0.00,0.00,0.00,0.00
219.83,0.43,94.17,218.16,0.21,45.79,0.00,0.00,0.00,0.00,0.00,0.00,0.00,0.00,0.00
217.66,0.43,93.01,217.37,0.21,45.43,0.00,0.00,0.00,0.00,0.00,0.00,0.00,0.00,0.00
216.14,0.42,91.83,216.04,0.21,44.67,0.00,0.00,0.00,0.00,0.00,0.00,0.00,0.00,0.00
215.13,0.43,91.91,217.66,0.21,45.46,0.00,0.00,0.00,0.00,0.00,0.00,0.00,0.00,0.00
216.50,0.43,92.40,216.96,0.21,45.29,0.00,0.00,0.00,0.00,0.00,0.00,0.00,0.00,0.00
216.54,0.43,92.74,218.55,0.21,45.89,0.00,0.00,0.00,0.00,0.00,0.00,0.00,0.00,0.00
216.57,0.43,92.44,217.04,0.21,45.40,0.00,0.00,0.00,0.00,0.00,0.00,0.00,0.00,0.00
218.42,0.43,93.57,218.81,0.21,46.11,0.00,0.00,0.00,0.00,0.00,0.00,0.00,0.00,0.00
215.99,0.43,91.95,215.46,0.21,44.65,0.00,0.00,0.00,0.00,0.00,0.00,0.00,0.00,0.00
217.71,0.43,93.07,217.65,0.21,45.63,0.00,0.00,0.00,0.00,0.00,0.00,0.00,0.00,0.00
219.16,0.43,93.74,218.27,0.21,45.70,0.00,0.00,0.00,0.00,0.00,0.00,0.00,0.00,0.00
216.49,0.43,92.31,216.73,0.21,45.19,0.00,0.00,0.00,0.00,0.00,0.00,0.00,0.00,0.00
218.02,0.43,93.46,219.23,0.21,46.10,0.00,0.00,0.00,0.00,0.00,0.00,0.00,0.00,0.00
215.51,0.43,92.12,217.97,0.21,45.71,0.00,0.00,0.00,0.00,0.00,0.00,0.00,0.00,0.00
216.19,0.43,92.28,220.64,0.21,45.76,0.00,0.00,0.00,0.00,0.00,0.00,0.00,0.00,0.00
215.17,0.43,91.88,217.51,0.21,45.48,0.00,0.00,0.00,0.00,0.00,0.00,0.00,0.00,0.00
218.51,0.43,93.59,218.07,0.21,45.87,0.00,0.00,0.00,0.00,0.00,0.00,0.00,0.00,0.00
218.20,0.43,93.58,219.23,0.21,46.18,0.00,0.00,0.00,0.00,0.00,0.00,0.00,0.00,0.00
225.40,0.43,97.24,221.55,0.21,47.23,0.00,0.00,0.00,0.00,0.00,0.00,0.00,0.00,0.00
218.23,0.43,93.42,217.51,0.21,45.71,0.00,0.00,0.00,0.00,0.00,0.00,0.00,0.00,0.00
217.30,0.43,92.64,216.15,0.21,45.07,0.00,0.00,0.00,0.00,0.00,0.00,0.00,0.00,0.00
225.44,0.43,96.78,218.17,0.21,46.11,0.00,0.00,0.00,0.00,0.00,0.00,0.00,0.00,0.00
217.08,0.43,92.65,218.62,0.21,45.67,0.00,0.00,0.00,0.00,0.00,0.00,0.00,0.00,0.00
220.31,0.43,94.01,216.81,0.21,45.23,0.00,0.00,0.00,0.00,0.00,0.00,0.00,0.00,0.00
217.00,0.43,92.90,217.87,0.21,45.72,0.00,0.00,0.00,0.00,0.00,0.00,0.00,0.00,0.00
218.19,0.43,92.86,215.92,0.21,44.74,0.00,0.00,0.00,0.00,0.00,0.00,0.00,0.00,0.00
216.65,0.43,92.91,219.47,0.21,46.36,0.00,0.00,0.00,0.00,0.00,0.00,0.00,0.00,0.00
216.95,0.43,92.52,216.20,0.21,45.13,0.00,0.00,0.00,0.00,0.00,0.00,0.00,0.00,0.00
216.43,0.43,92.66,222.28,0.21,46.41,0.00,0.00,0.00,0.00,0.00,0.00,0.00,0.00,0.00
212.37,0.43,90.72,217.70,0.21,45.47,0.00,0.00,0.00,0.00,0.00,0.00,0.00,0.00,0.00
217.47,0.43,92.94,217.57,0.21,45.59,0.00,0.00,0.00,0.00,0.00,0.00,0.00,0.00,0.00
218.87,0.43,93.37,217.26,0.21,45.23,0.00,0.00,0.00,0.00,0.00,0.00,0.00,0.00,0.00
219.40,0.43,93.80,218.29,0.21,45.80,0.00,0.00,0.00,0.00,0.00,0.00,0.00,0.00,0.00
216.26,0.43,93.07,220.18,0.21,46.68,0.00,0.00,0.00,0.00,0.00,0.00,0.00,0.00,0.00
220.78,0.43,94.43,217.94,0.21,45.76,0.00,0.00,0.00,0.00,0.00,0.00,0.00,0.00,0.00
219.88,0.43,94.15,218.83,0.21,46.03,0.00,0.00,0.00,0.00,0.00,0.00,0.00,0.00,0.00
216.46,0.43,92.22,216.34,0.21,45.02,0.00,0.00,0.00,0.00,0.00,0.00,0.00,0.00,0.00
219.28,0.43,93.98,219.38,0.21,46.27,0.00,0.00,0.00,0.00,0.00,0.00,0.00,0.00,0.00
215.71,0.43,92.30,218.82,0.21,45.88,0.00,0.00,0.00,0.00,0.00,0.00,0.00,0.00,0.00
218.32,0.43,93.43,218.61,0.21,45.95,0.00,0.00,0.00,0.00,0.00,0.00,0.00,0.00,0.00
217.28,0.43,93.01,219.09,0.21,45.97,0.00,0.00,0.00,0.00,0.00,0.00,0.00,0.00,0.00
218.37,0.43,93.21,216.93,0.21,45.34,0.00,0.00,0.00,0.00,0.00,0.00,0.00,0.00,0.00
217.92,0.43,94.21,221.26,0.21,47.40,0.00,0.00,0.00,0.00,0.00,0.00,0.00,0.00,0.00
216.51,0.43,92.77,218.43,0.21,45.93,0.00,0.00,0.00,0.00,0.00,0.00,0.00,0.00,0.00
218.75,0.43,93.85,219.73,0.21,46.42,0.00,0.00,0.00,0.00,0.00,0.00,0.00,0.00,0.00
217.38,0.43,92.74,216.74,0.21,45.26,0.00,0.00,0.00,0.00,0.00,0.00,0.00,0.00,0.00
218.95,0.43,93.48,217.69,0.21,45.52,0.00,0.00,0.00,0.00,0.00,0.00,0.00,0.00,0.00
215.62,0.43,92.16,218.98,0.21,45.89,0.00,0.00,0.00,0.00,0.00,0.00,0.00,0.00,0.00
217.28,0.43,93.16,218.39,0.21,45.95,0.00,0.00,0.00,0.00,0.00,0.00,0.00,0.00,0.00
217.36,0.43,93.18,218.75,0.21,46.02,0.00,0.00,0.00,0.00,0.00,0.00,0.00,0.00,0.00
214.26,0.43,91.66,219.16,0.21,45.92,0.00,0.00,0.00,0.00,0.00,0.00,0.00,0.00,0.00
218.10,0.43,93.43,218.81,0.21,46.08,0.00,0.00,0.00,0.00,0.00,0.00,0.00,0.00,0.00
217.55,0.43,93.26,219.37,0.21,46.24,0.00,0.00,0.00,0.00,0.00,0.00,0.00,0.00,0.00
218.62,0.43,94.17,221.52,0.21,47.24,0.00,0.00,0.00,0.00,0.00,0.00,0.00,0.00,0.00
217.13,0.43,93.01,218.26,0.21,45.97,0.00,0.00,0.00,0.00,0.00,0.00,0.00,0.00,0.00
219.43,0.43,93.38,216.13,0.21,44.99,0.00,0.00,0.00,0.00,0.00,0.00,0.00,0.00,0.00
216.25,0.42,91.81,215.45,0.21,44.48,0.00,0.00,0.00,0.00,0.00,0.00,0.00,0.00,0.00
219.25,0.42,92.99,217.67,0.20,44.69,0.00,0.00,0.00,0.00,0.00,0.00,0.00,0.00,0.00
217.90,0.43,93.41,219.04,0.21,46.24,0.00,0.00,0.00,0.00,0.00,0.00,0.00,0.00,0.00
217.65,0.43,93.18,218.32,0.21,45.81,0.00,0.00,0.00,0.00,0.00,0.00,0.00,0.00,0.00
217.60,0.43,93.07,218.37,0.21,45.75,0.00,0.00,0.00,0.00,0.00,0.00,0.00,0.00,0.00
217.53,0.43,92.89,218.13,0.21,45.63,0.00,0.00,0.00,0.00,0.00,0.00,0.00,0.00,0.00
218.39,0.43,93.67,219.11,0.21,46.25,0.00,0.00,0.00,0.00,0.00,0.00,0.00,0.00,0.00
218.07,0.43,93.35,218.57,0.21,45.97,0.00,0.00,0.00,0.00,0.00,0.00,0.00,0.00,0.00
216.52,0.43,92.58,217.77,0.21,45.71,0.00,0.00,0.00,0.00,0.00,0.00,0.00,0.00,0.00
217.97,0.43,93.56,219.79,0.21,46.36,0.00,0.00,0.00,0.00,0.00,0.00,0.00,0.00,0.00
216.42,0.43,92.44,218.33,0.21,45.59,0.00,0.00,0.00,0.00,0.00,0.00,0.00,0.00,0.00
218.43,0.43,93.64,218.78,0.21,46.12,0.00,0.00,0.00,0.00,0.00,0.00,0.00,0.00,0.00
216.90,0.43,92.92,219.06,0.21,46.19,0.00,0.00,0.00,0.00,0.00,0.00,0.00,0.00,0.00
217.78,0.43,93.00,218.37,0.21,45.59,0.00,0.00,0.00,0.00,0.00,0.00,0.00,0.00,0.00
216.66,0.43,92.74,217.92,0.21,45.71,0.00,0.00,0.00,0.00,0.00,0.00,0.00,0.00,0.00
218.51,0.43,94.02,221.18,0.21,46.99,0.00,0.00,0.00,0.00,0.00,0.00,0.00,0.00,0.00
217.28,0.43,92.66,217.27,0.21,45.38,0.00,0.00,0.00,0.00,0.00,0.00,0.00,0.00,0.00
219.58,0.43,93.97,218.12,0.21,45.89,0.00,0.00,0.00,0.00,0.00,0.00,0.00,0.00,0.00
216.70,0.43,92.56,217.86,0.21,45.58,0.00,0.00,0.00,0.00,0.00,0.00,0.00,0.00,0.00
216.91,0.43,92.80,218.37,0.21,45.90,0.00,0.00,0.00,0.00,0.00,0.00,0.00,0.00,0.00
218.14,0.43,93.41,218.41,0.21,45.95,0.00,0.00,0.00,0.00,0.00,0.00,0.00,0.00,0.00
217.01,0.43,92.78,218.04,0.21,45.64,0.00,0.00,0.00,0.00,0.00,0.00,0.00,0.00,0.00
218.14,0.43,93.53,219.93,0.21,46.41,0.00,0.00,0.00,0.00,0.00,0.00,0.00,0.00,0.00
214.33,0.43,91.59,218.01,0.21,45.55,0.00,0.00,0.00,0.00,0.00,0.00,0.00,0.00,0.00
220.00,0.43,93.86,217.35,0.21,45.28,0.00,0.00,0.00,0.00,0.00,0.00,0.00,0.00,0.00
217.50,0.43,93.07,218.69,0.21,45.95,0.00,0.00,0.00,0.00,0.00,0.00,0.00,0.00,0.00
216.27,0.43,92.47,218.42,0.21,45.70,0.00,0.00,0.00,0.00,0.00,0.00,0.00,0.00,0.00
216.22,0.43,92.26,217.89,0.21,45.56,0.00,0.00,0.00,0.00,0.00,0.00,0.00,0.00,0.00
217.42,0.43,92.63,216.83,0.21,45.17,0.00,0.00,0.00,0.00,0.00,0.00,0.00,0.00,0.00
217.51,0.43,93.35,219.68,0.21,46.33,0.00,0.00,0.00,0.00,0.00,0.00,0.00,0.00,0.00
216.72,0.43,92.58,218.15,0.21,45.69,0.00,0.00,0.00,0.00,0.00,0.00,0.00,0.00,0.00
218.75,0.43,93.66,218.36,0.21,45.84,0.00,0.00,0.00,0.00,0.00,0.00,0.00,0.00,0.00
216.29,0.42,91.58,213.89,0.20,43.89,0.00,0.00,0.00,0.00,0.00,0.00,0.00,0.00,0.00
218.57,0.42,92.56,214.21,0.20,44.02,0.00,0.00,0.00,0.00,0.00,0.00,0.00,0.00,0.00
218.05,0.43,93.26,218.39,0.21,45.75,0.00,0.00,0.00,0.00,0.00,0.00,0.00,0.00,0.00
213.32,0.43,91.50,219.49,0.21,46.26,0.00,0.00,0.00,0.00,0.00,0.00,0.00,0.00,0.00
217.02,0.43,92.63,218.04,0.21,45.58,0.00,0.00,0.00,0.00,0.00,0.00,0.00,0.00,0.00
217.90,0.43,93.08,218.10,0.21,45.65,0.00,0.00,0.00,0.00,0.00,0.00,0.00,0.00,0.00
216.38,0.43,92.43,219.26,0.21,45.80,0.00,0.00,0.00,0.00,0.00,0.00,0.00,0.00,0.00
219.82,0.43,94.22,219.55,0.21,46.19,0.00,0.00,0.00,0.00,0.00,0.00,0.00,0.00,0.00
216.54,0.43,92.08,216.57,0.21,45.04,0.00,0.00,0.00,0.00,0.00,0.00,0.00,0.00,0.00
217.45,0.43,92.87,217.56,0.21,45.40,0.00,0.00,0.00,0.00,0.00,0.00,0.00,0.00,0.00
217.17,0.42,92.22,215.20,0.21,44.46,0.00,0.00,0.00,0.00,0.00,0.00,0.00,0.00,0.00
217.42,0.43,93.10,218.87,0.21,45.94,0.00,0.00,0.00,0.00,0.00,0.00,0.00,0.00,0.00
216.81,0.43,92.51,216.92,0.21,45.30,0.00,0.00,0.00,0.00,0.00,0.00,0.00,0.00,0.00
218.91,0.43,93.42,217.98,0.21,45.46,0.00,0.00,0.00,0.00,0.00,0.00,0.00,0.00,0.00
216.21,0.43,92.42,218.37,0.21,45.79,0.00,0.00,0.00,0.00,0.00,0.00,0.00,0.00,0.00
217.46,0.43,93.21,218.93,0.21,45.97,0.00,0.00,0.00,0.00,0.00,0.00,0.00,0.00,0.00
216.64,0.43,92.38,217.75,0.21,45.41,0.00,0.00,0.00,0.00,0.00,0.00,0.00,0.00,0.00
218.00,0.43,92.94,217.63,0.21,45.39,0.00,0.00,0.00,0.00,0.00,0.00,0.00,0.00,0.00
218.88,0.43,93.35,217.21,0.21,45.31,0.00,0.00,0.00,0.00,0.00,0.00,0.00,0.00,0.00
216.84,0.43,92.94,219.68,0.21,46.34,0.00,0.00,0.00,0.00,0.00,0.00,0.00,0.00,0.00
219.62,0.43,93.74,217.42,0.21,45.35,0.00,0.00,0.00,0.00,0.00,0.00,0.00,0.00,0.00
216.44,0.43,92.44,218.49,0.21,45.70,0.00,0.00,0.00,0.00,0.00,0.00,0.00,0.00,0.00
218.27,0.43,93.38,218.90,0.21,45.88,0.00,0.00,0.00,0.00,0.00,0.00,0.00,0.00,0.00
214.62,0.42,91.02,215.04,0.20,44.28,0.00,0.00,0.00,0.00,0.00,0.00,0.00,0.00,0.00
219.32,0.43,94.17,220.03,0.21,46.48,0.00,0.00,0.00,0.00,0.00,0.00,0.00,0.00,0.00
217.44,0.43,92.93,217.89,0.21,45.57,0.00,0.00,0.00,0.00,0.00,0.00,0.00,0.00,0.00
217.83,0.43,93.59,219.88,0.21,46.58,0.00,0.00,0.00,0.00,0.00,0.00,0.00,0.00,0.00
218.21,0.43,93.60,219.62,0.21,46.39,0.00,0.00,0.00,0.00,0.00,0.00,0.00,0.00,0.00
217.29,0.42,92.01,214.47,0.20,44.03,0.00,0.00,0.00,0.00,0.00,0.00,0.00,0.00,0.00
217.21,0.43,93.14,219.88,0.21,46.30,0.00,0.00,0.00,0.00,0.00,0.00,0.00,0.00,0.00
217.40,0.42,92.19,214.04,0.20,44.06,0.00,0.00,0.00,0.00,0.00,0.00,0.00,0.00,0.00
218.02,0.43,92.98,216.50,0.21,45.18,0.00,0.00,0.00,0.00,0.00,0.00,0.00,0.00,0.00
216.28,0.43,92.52,218.93,0.21,46.04,0.00,0.00,0.00,0.00,0.00,0.00,0.00,0.00,0.00
217.60,0.43,92.78,216.90,0.21,45.14,0.00,0.00,0.00,0.00,0.00,0.00,0.00,0.00,0.00
214.35,0.43,91.84,219.39,0.21,46.10,0.00,0.00,0.00,0.00,0.00,0.00,0.00,0.00,0.00
216.75,0.43,92.59,218.50,0.21,45.77,0.00,0.00,0.00,0.00,0.00,0.00,0.00,0.00,0.00
217.47,0.43,93.25,219.84,0.21,46.42,0.00,0.00,0.00,0.00,0.00,0.00,0.00,0.00,0.00
217.37,0.43,93.44,220.18,0.21,46.67,0.00,0.00,0.00,0.00,0.00,0.00,0.00,0.00,0.00
216.15,0.43,91.93,215.86,0.21,44.89,0.00,0.00,0.00,0.00,0.00,0.00,0.00,0.00,0.00
217.77,0.43,92.76,215.83,0.21,44.79,0.00,0.00,0.00,0.00,0.00,0.00,0.00,0.00,0.00
218.04,0.43,93.40,218.46,0.21,45.99,0.00,0.00,0.00,0.00,0.00,0.00,0.00,0.00,0.00
217.43,0.43,92.96,218.70,0.21,45.78,0.00,0.00,0.00,0.00,0.00,0.00,0.00,0.00,0.00
218.15,0.43,93.02,216.46,0.21,45.29,0.00,0.00,0.00,0.00,0.00,0.00,0.00,0.00,0.00
217.76,0.43,93.02,216.92,0.21,45.36,0.00,0.00,0.00,0.00,0.00,0.00,0.00,0.00,0.00
217.66,0.43,92.83,216.11,0.21,44.95,0.00,0.00,0.00,0.00,0.00,0.00,0.00,0.00,0.00
218.86,0.43,93.63,218.53,0.21,45.84,0.00,0.00,0.00,0.00,0.00,0.00,0.00,0.00,0.00
216.25,0.43,92.67,219.66,0.21,46.31,0.00,0.00,0.00,0.00,0.00,0.00,0.00,0.00,0.00
218.65,0.43,93.89,220.29,0.21,46.51,0.00,0.00,0.00,0.00,0.00,0.00,0.00,0.00,0.00
212.75,0.43,90.48,216.11,0.21,44.95,0.00,0.00,0.00,0.00,0.00,0.00,0.00,0.00,0.00
218.90,0.43,93.58,218.85,0.21,45.82,0.00,0.00,0.00,0.00,0.00,0.00,0.00,0.00,0.00
219.15,0.43,94.14,220.29,0.21,46.68,0.00,0.00,0.00,0.00,0.00,0.00,0.00,0.00,0.00
217.46,0.43,93.00,218.04,0.21,45.77,0.00,0.00,0.00,0.00,0.00,0.00,0.00,0.00,0.00
218.85,0.43,93.04,215.60,0.21,44.65,0.00,0.00,0.00,0.00,0.00,0.00,0.00,0.00,0.00
217.58,0.43,92.88,217.55,0.21,45.48,0.00,0.00,0.00,0.00,0.00,0.00,0.00,0.00,0.00
218.48,0.43,93.18,217.79,0.21,45.46,0.00,0.00,0.00,0.00,0.00,0.00,0.00,0.00,0.00
216.82,0.43,92.96,219.29,0.21,46.28,0.00,0.00,0.00,0.00,0.00,0.00,0.00,0.00,0.00
219.41,0.43,93.99,218.71,0.21,45.98,0.00,0.00,0.00,0.00,0.00,0.00,0.00,0.00,0.00
218.88,0.43,93.83,219.22,0.21,46.21,0.00,0.00,0.00,0.00,0.00,0.00,0.00,0.00,0.00
216.43,0.43,92.65,218.70,0.21,45.90,0.00,0.00,0.00,0.00,0.00,0.00,0.00,0.00,0.00
219.37,0.43,94.01,219.66,0.21,46.18,0.00,0.00,0.00,0.00,0.00,0.00,0.00,0.00,0.00
216.13,0.43,92.54,219.05,0.21,45.96,0.00,0.00,0.00,0.00,0.00,0.00,0.00,0.00,0.00
218.97,0.43,93.89,220.18,0.21,46.38,0.00,0.00,0.00,0.00,0.00,0.00,0.00,0.00,0.00
217.43,0.42,92.32,215.71,0.21,44.72,0.00,0.00,0.00,0.00,0.00,0.00,0.00,0.00,0.00
218.24,0.43,93.80,219.56,0.21,46.43,0.00,0.00,0.00,0.00,0.00,0.00,0.00,0.00,0.00
217.42,0.43,92.95,219.32,0.21,45.80,0.00,0.00,0.00,0.00,0.00,0.00,0.00,0.00,0.00
218.26,0.43,93.31,218.62,0.21,45.88,0.00,0.00,0.00,0.00,0.00,0.00,0.00,0.00,0.00
218.60,0.43,93.65,217.96,0.21,45.93,0.00,0.00,0.00,0.00,0.00,0.00,0.00,0.00,0.00
216.88,0.43,92.55,218.13,0.21,45.48,0.00,0.00,0.00,0.00,0.00,0.00,0.00,0.00,0.00
218.61,0.43,93.83,220.18,0.21,46.56,0.00,0.00,0.00,0.00,0.00,0.00,0.00,0.00,0.00
217.08,0.43,92.93,219.23,0.21,46.09,0.00,0.00,0.00,0.00,0.00,0.00,0.00,0.00,0.00
218.72,0.43,93.81,218.50,0.21,46.15,0.00,0.00,0.00,0.00,0.00,0.00,0.00,0.00,0.00
217.57,0.43,92.87,217.58,0.21,45.34,0.00,0.00,0.00,0.00,0.00,0.00,0.00,0.00,0.00
214.36,0.43,92.06,219.56,0.21,46.48,0.00,0.00,0.00,0.00,0.00,0.00,0.00,0.00,0.00
216.59,0.43,92.47,217.23,0.21,45.32,0.00,0.00,0.00,0.00,0.00,0.00,0.00,0.00,0.00
219.52,0.43,94.10,219.61,0.21,46.30,0.00,0.00,0.00,0.00,0.00,0.00,0.00,0.00,0.00
218.11,0.43,93.50,219.07,0.21,46.20,0.00,0.00,0.00,0.00,0.00,0.00,0.00,0.00,0.00
213.80,0.43,91.68,219.22,0.21,46.13,0.00,0.00,0.00,0.00,0.00,0.00,0.00,0.00,0.00
219.83,0.43,94.27,219.81,0.21,46.32,0.00,0.00,0.00,0.00,0.00,0.00,0.00,0.00,0.00
218.17,0.43,93.03,217.87,0.21,45.48,0.00,0.00,0.00,0.00,0.00,0.00,0.00,0.00,0.00
220.17,0.43,94.39,219.00,0.21,46.26,0.00,0.00,0.00,0.00,0.00,0.00,0.00,0.00,0.00
211.47,0.42,89.60,214.17,0.20,44.02,0.00,0.00,0.00,0.00,0.00,0.00,0.00,0.00,0.00
219.25,0.43,93.97,218.85,0.21,46.05,0.00,0.00,0.00,0.00,0.00,0.00,0.00,0.00,0.00
219.45,0.43,93.66,217.39,0.21,45.47,0.00,0.00,0.00,0.00,0.00,0.00,0.00,0.00,0.00
217.46,0.43,92.91,217.57,0.21,45.47,0.00,0.00,0.00,0.00,0.00,0.00,0.00,0.00,0.00
217.89,0.43,92.87,217.33,0.21,45.19,0.00,0.00,0.00,0.00,0.00,0.00,0.00,0.00,0.00
219.06,0.43,93.90,219.78,0.21,46.35,0.00,0.00,0.00,0.00,0.00,0.00,0.00,0.00,0.00
217.49,0.43,93.28,219.37,0.21,46.18,0.00,0.00,0.00,0.00,0.00,0.00,0.00,0.00,0.00
219.22,0.43,93.44,216.53,0.21,45.11,0.00,0.00,0.00,0.00,0.00,0.00,0.00,0.00,0.00
217.26,0.43,92.65,217.60,0.21,45.30,0.00,0.00,0.00,0.00,0.00,0.00,0.00,0.00,0.00
218.94,0.43,93.88,219.84,0.21,46.28,0.00,0.00,0.00,0.00,0.00,0.00,0.00,0.00,0.00
217.31,0.43,93.04,218.91,0.21,45.96,0.00,0.00,0.00,0.00,0.00,0.00,0.00,0.00,0.00
219.21,0.43,94.02,220.33,0.21,46.42,0.00,0.00,0.00,0.00,0.00,0.00,0.00,0.00,0.00
213.86,0.42,90.73,215.17,0.20,44.34,0.00,0.00,0.00,0.00,0.00,0.00,0.00,0.00,0.00
218.25,0.43,93.61,219.83,0.21,46.33,0.00,0.00,0.00,0.00,0.00,0.00,0.00,0.00,0.00
217.01,0.43,92.49,217.63,0.21,45.23,0.00,0.00,0.00,0.00,0.00,0.00,0.00,0.00,0.00
218.88,0.43,93.82,220.45,0.21,46.47,0.00,0.00,0.00,0.00,0.00,0.00,0.00,0.00,0.00
217.19,0.43,92.76,217.73,0.21,45.47,0.00,0.00,0.00,0.00,0.00,0.00,0.00,0.00,0.00
219.84,0.43,94.26,219.39,0.21,46.16,0.00,0.00,0.00,0.00,0.00,0.00,0.00,0.00,0.00
218.62,0.43,93.59,218.95,0.21,46.07,0.00,0.00,0.00,0.00,0.00,0.00,0.00,0.00,0.00
218.97,0.42,92.90,214.35,0.20,44.14,0.00,0.00,0.00,0.00,0.00,0.00,0.00,0.00,0.00
218.19,0.43,93.30,218.32,0.21,45.72,0.00,0.00,0.00,0.00,0.00,0.00,0.00,0.00,0.00
222.34,0.43,95.73,219.31,0.21,46.54,0.00,0.00,0.00,0.00,0.00,0.00,0.00,0.00,0.00
219.26,0.43,93.72,218.84,0.21,45.81,0.00,0.00,0.00,0.00,0.00,0.00,0.00,0.00,0.00
217.33,0.43,93.05,218.95,0.21,45.95,0.00,0.00,0.00,0.00,0.00,0.00,0.00,0.00,0.00
219.35,0.43,93.87,218.69,0.21,45.97,0.00,0.00,0.00,0.00,0.00,0.00,0.00,0.00,0.00
218.33,0.43,93.45,218.55,0.21,45.79,0.00,0.00,0.00,0.00,0.00,0.00,0.00,0.00,0.00
218.52,0.43,93.75,220.12,0.21,46.42,0.00,0.00,0.00,0.00,0.00,0.00,0.00,0.00,0.00
214.09,0.43,91.38,217.07,0.21,45.24,0.00,0.00,0.00,0.00,0.00,0.00,0.00,0.00,0.00
217.39,0.43,93.30,220.70,0.21,46.25,0.00,0.00,0.00,0.00,0.00,0.00,0.00,0.00,0.00
219.99,0.43,94.05,218.54,0.21,45.72,0.00,0.00,0.00,0.00,0.00,0.00,0.00,0.00,0.00
217.93,0.43,93.02,218.14,0.21,45.52,0.00,0.00,0.00,0.00,0.00,0.00,0.00,0.00,0.00
217.86,0.43,92.97,217.79,0.21,45.44,0.00,0.00,0.00,0.00,0.00,0.00,0.00,0.00,0.00
217.17,0.43,93.05,219.19,0.21,46.20,0.00,0.00,0.00,0.00,0.00,0.00,0.00,0.00,0.00
217.75,0.43,93.09,218.19,0.21,45.67,0.00,0.00,0.00,0.00,0.00,0.00,0.00,0.00,0.00
216.88,0.43,92.73,218.78,0.21,45.74,0.00,0.00,0.00,0.00,0.00,0.00,0.00,0.00,0.00
218.87,0.43,93.74,219.57,0.21,46.13,0.00,0.00,0.00,0.00,0.00,0.00,0.00,0.00,0.00
219.01,0.43,93.77,218.62,0.21,45.89,0.00,0.00,0.00,0.00,0.00,0.00,0.00,0.00,0.00
218.65,0.43,93.24,217.50,0.21,45.39,0.00,0.00,0.00,0.00,0.00,0.00,0.00,0.00,0.00
218.27,0.43,93.66,220.04,0.21,46.41,0.00,0.00,0.00,0.00,0.00,0.00,0.00,0.00,0.00
215.54,0.43,92.33,219.44,0.21,46.12,0.00,0.00,0.00,0.00,0.00,0.00,0.00,0.00,0.00
218.70,0.43,93.41,218.35,0.21,45.74,0.00,0.00,0.00,0.00,0.00,0.00,0.00,0.00,0.00
216.78,0.43,92.52,217.61,0.21,45.50,0.00,0.00,0.00,0.00,0.00,0.00,0.00,0.00,0.00
218.96,0.43,93.73,218.98,0.21,46.08,0.00,0.00,0.00,0.00,0.00,0.00,0.00,0.00,0.00
216.81,0.43,93.43,222.32,0.21,47.45,0.00,0.00,0.00,0.00,0.00,0.00,0.00,0.00,0.00
215.87,0.43,91.77,215.58,0.21,44.54,0.00,0.00,0.00,0.00,0.00,0.00,0.00,0.00,0.00
217.37,0.43,92.78,217.74,0.21,45.42,0.00,0.00,0.00,0.00,0.00,0.00,0.00,0.00,0.00
217.46,0.42,92.25,214.55,0.20,44.22,0.00,0.00,0.00,0.00,0.00,0.00,0.00,0.00,0.00
215.94,0.43,92.66,219.68,0.21,46.43,0.00,0.00,0.00,0.00,0.00,0.00,0.00,0.00,0.00
218.16,0.43,93.05,217.67,0.21,45.33,0.00,0.00,0.00,0.00,0.00,0.00,0.00,0.00,0.00
218.46,0.43,93.68,219.33,0.21,46.21,0.00,0.00,0.00,0.00,0.00,0.00,0.00,0.00,0.00
214.80,0.43,91.96,218.64,0.21,46.00,0.00,0.00,0.00,0.00,0.00,0.00,0.00,0.00,0.00
216.49,0.43,92.80,219.18,0.21,46.20,0.00,0.00,0.00,0.00,0.00,0.00,0.00,0.00,0.00
217.24,0.43,92.60,217.42,0.21,45.31,0.00,0.00,0.00,0.00,0.00,0.00,0.00,0.00,0.00
217.16,0.43,93.13,219.63,0.21,46.36,0.00,0.00,0.00,0.00,0.00,0.00,0.00,0.00,0.00
217.52,0.43,92.52,216.09,0.21,44.96,0.00,0.00,0.00,0.00,0.00,0.00,0.00,0.00,0.00
218.21,0.43,93.83,220.99,0.21,46.92,0.00,0.00,0.00,0.00,0.00,0.00,0.00,0.00,0.00
217.30,0.42,92.35,215.02,0.21,44.65,0.00,0.00,0.00,0.00,0.00,0.00,0.00,0.00,0.00
218.47,0.43,92.96,217.28,0.21,44.96,0.00,0.00,0.00,0.00,0.00,0.00,0.00,0.00,0.00
217.23,0.43,92.89,217.61,0.21,45.54,0.00,0.00,0.00,0.00,0.00,0.00,0.00,0.00,0.00
218.93,0.43,93.53,217.77,0.21,45.49,0.00,0.00,0.00,0.00,0.00,0.00,0.00,0.00,0.00
218.53,0.43,93.38,218.16,0.21,45.60,0.00,0.00,0.00,0.00,0.00,0.00,0.00,0.00,0.00
218.01,0.43,93.66,220.49,0.21,46.73,0.00,0.00,0.00,0.00,0.00,0.00,0.00,0.00,0.00
216.43,0.43,92.68,219.35,0.21,46.22,0.00,0.00,0.00,0.00,0.00,0.00,0.00,0.00,0.00
217.95,0.43,93.53,218.90,0.21,46.16,0.00,0.00,0.00,0.00,0.00,0.00,0.00,0.00,0.00
216.41,0.42,91.72,214.59,0.20,44.23,0.00,0.00,0.00,0.00,0.00,0.00,0.00,0.00,0.00
219.31,0.43,93.87,218.94,0.21,45.94,0.00,0.00,0.00,0.00,0.00,0.00,0.00,0.00,0.00
214.00,0.43,91.64,218.89,0.21,46.01,0.00,0.00,0.00,0.00,0.00,0.00,0.00,0.00,0.00
215.19,0.43,92.27,220.05,0.21,46.35,0.00,0.00,0.00,0.00,0.00,0.00,0.00,0.00,0.00
216.99,0.43,92.59,217.92,0.21,45.45,0.00,0.00,0.00,0.00,0.00,0.00,0.00,0.00,0.00
219.03,0.43,93.81,219.02,0.21,46.02,0.00,0.00,0.00,0.00,0.00,0.00,0.00,0.00,0.00
216.97,0.43,92.65,217.55,0.21,45.39,0.00,0.00,0.00,0.00,0.00,0.00,0.00,0.00,0.00
216.91,0.43,92.69,217.40,0.21,45.56,0.00,0.00,0.00,0.00,0.00,0.00,0.00,0.00,0.00
220.20,0.43,94.24,220.53,0.21,46.11,0.00,0.00,0.00,0.00,0.00,0.00,0.00,0.00,0.00
218.07,0.43,93.30,218.63,0.21,45.81,0.00,0.00,0.00,0.00,0.00,0.00,0.00,0.00,0.00
215.62,0.43,92.92,221.99,0.21,47.31,0.00,0.00,0.00,0.00,0.00,0.00,0.00,0.00,0.00
217.93,0.43,93.02,218.32,0.21,45.67,0.00,0.00,0.00,0.00,0.00,0.00,0.00,0.00,0.00
219.33,0.43,93.74,218.92,0.21,45.78,0.00,0.00,0.00,0.00,0.00,0.00,0.00,0.00,0.00
217.29,0.43,92.98,219.51,0.21,46.03,0.00,0.00,0.00,0.00,0.00,0.00,0.00,0.00,0.00
219.32,0.43,94.08,218.89,0.21,46.11,0.00,0.00,0.00,0.00,0.00,0.00,0.00,0.00,0.00
214.52,0.43,92.03,219.28,0.21,46.16,0.00,0.00,0.00,0.00,0.00,0.00,0.00,0.00,0.00
219.94,0.43,94.35,219.49,0.21,46.09,0.00,0.00,0.00,0.00,0.00,0.00,0.00,0.00,0.00
219.09,0.43,93.56,218.35,0.21,45.74,0.00,0.00,0.00,0.00,0.00,0.00,0.00,0.00,0.00
218.87,0.43,93.11,216.57,0.21,44.89,0.00,0.00,0.00,0.00,0.00,0.00,0.00,0.00,0.00
218.45,0.43,93.60,219.75,0.21,46.33,0.00,0.00,0.00,0.00,0.00,0.00,0.00,0.00,0.00
216.18,0.43,92.71,219.76,0.21,46.40,0.00,0.00,0.00,0.00,0.00,0.00,0.00,0.00,0.00
217.95,0.43,93.13,218.70,0.21,45.73,0.00,0.00,0.00,0.00,0.00,0.00,0.00,0.00,0.00
220.33,0.43,94.33,218.94,0.21,45.98,0.00,0.00,0.00,0.00,0.00,0.00,0.00,0.00,0.00
220.55,0.43,94.19,218.14,0.21,45.56,0.00,0.00,0.00,0.00,0.00,0.00,0.00,0.00,0.00
219.15,0.43,94.22,220.64,0.21,46.84,0.00,0.00,0.00,0.00,0.00,0.00,0.00,0.00,0.00
217.30,0.43,92.86,217.87,0.21,45.52,0.00,0.00,0.00,0.00,0.00,0.00,0.00,0.00,0.00
217.07,0.43,92.78,218.04,0.21,45.61,0.00,0.00,0.00,0.00,0.00,0.00,0.00,0.00,0.00
217.48,0.43,93.22,218.89,0.21,46.04,0.00,0.00,0.00,0.00,0.00,0.00,0.00,0.00,0.00
217.89,0.43,93.47,220.07,0.21,46.38,0.00,0.00,0.00,0.00,0.00,0.00,0.00,0.00,0.00
217.70,0.42,92.04,213.72,0.20,43.91,0.00,0.00,0.00,0.00,0.00,0.00,0.00,0.00,0.00
219.45,0.43,93.94,218.93,0.21,45.95,0.00,0.00,0.00,0.00,0.00,0.00,0.00,0.00,0.00
217.50,0.43,92.75,218.69,0.21,45.37,0.00,0.00,0.00,0.00,0.00,0.00,0.00,0.00,0.00
218.62,0.43,93.83,219.86,0.21,46.35,0.00,0.00,0.00,0.00,0.00,0.00,0.00,0.00,0.00
214.85,0.43,91.78,217.88,0.21,45.66,0.00,0.00,0.00,0.00,0.00,0.00,0.00,0.00,0.00
218.88,0.43,93.47,218.09,0.21,45.65,0.00,0.00,0.00,0.00,0.00,0.00,0.00,0.00,0.00
217.78,0.42,92.35,214.74,0.20,44.42,0.00,0.00,0.00,0.00,0.00,0.00,0.00,0.00,0.00
215.44,0.43,92.51,219.79,0.21,46.38,0.00,0.00,0.00,0.00,0.00,0.00,0.00,0.00,0.00
212.17,0.43,90.65,218.61,0.21,45.71,0.00,0.00,0.00,0.00,0.00,0.00,0.00,0.00,0.00
219.76,0.43,93.92,218.20,0.21,45.66,0.00,0.00,0.00,0.00,0.00,0.00,0.00,0.00,0.00
216.61,0.43,92.23,217.45,0.21,45.27,0.00,0.00,0.00,0.00,0.00,0.00,0.00,0.00,0.00
219.75,0.43,94.06,219.25,0.21,46.10,0.00,0.00,0.00,0.00,0.00,0.00,0.00,0.00,0.00
218.54,0.43,93.15,217.19,0.21,45.26,0.00,0.00,0.00,0.00,0.00,0.00,0.00,0.00,0.00
219.49,0.43,93.65,216.89,0.21,45.05,0.00,0.00,0.00,0.00,0.00,0.00,0.00,0.00,0.00
218.61,0.43,93.37,217.83,0.21,45.50,0.00,0.00,0.00,0.00,0.00,0.00,0.00,0.00,0.00
218.78,0.43,93.54,218.54,0.21,45.89,0.00,0.00,0.00,0.00,0.00,0.00,0.00,0.00,0.00
218.49,0.43,93.13,217.85,0.21,45.42,0.00,0.00,0.00,0.00,0.00,0.00,0.00,0.00,0.00
225.79,0.43,95.97,216.30,0.21,44.94,0.00,0.00,0.00,0.00,0.00,0.00,0.00,0.00,0.00
215.06,0.42,91.20,215.06,0.20,44.31,0.00,0.00,0.00,0.00,0.00,0.00,0.00,0.00,0.00
218.17,0.43,93.34,218.79,0.21,45.98,0.00,0.00,0.00,0.00,0.00,0.00,0.00,0.00,0.00
217.55,0.43,93.03,218.32,0.21,45.72,0.00,0.00,0.00,0.00,0.00,0.00,0.00,0.00,0.00
218.97,0.43,93.77,220.03,0.21,46.33,0.00,0.00,0.00,0.00,0.00,0.00,0.00,0.00,0.00
217.83,0.43,92.87,217.42,0.21,45.37,0.00,0.00,0.00,0.00,0.00,0.00,0.00,0.00,0.00
219.04,0.43,94.01,220.13,0.21,46.56,0.00,0.00,0.00,0.00,0.00,0.00,0.00,0.00,0.00
217.81,0.43,93.16,219.02,0.21,45.99,0.00,0.00,0.00,0.00,0.00,0.00,0.00,0.00,0.00
218.51,0.43,93.62,219.83,0.21,46.20,0.00,0.00,0.00,0.00,0.00,0.00,0.00,0.00,0.00
214.48,0.43,91.65,217.80,0.21,45.65,0.00,0.00,0.00,0.00,0.00,0.00,0.00,0.00,0.00
217.65,0.43,93.49,220.75,0.21,46.69,0.00,0.00,0.00,0.00,0.00,0.00,0.00,0.00,0.00
217.91,0.43,92.82,217.58,0.21,45.34,0.00,0.00,0.00,0.00,0.00,0.00,0.00,0.00,0.00
217.98,0.43,93.10,218.62,0.21,45.64,0.00,0.00,0.00,0.00,0.00,0.00,0.00,0.00,0.00
217.33,0.43,92.86,217.60,0.21,45.58,0.00,0.00,0.00,0.00,0.00,0.00,0.00,0.00,0.00
218.86,0.43,93.78,219.50,0.21,46.26,0.00,0.00,0.00,0.00,0.00,0.00,0.00,0.00,0.00
218.03,0.42,92.48,215.34,0.20,44.56,0.00,0.00,0.00,0.00,0.00,0.00,0.00,0.00,0.00
217.88,0.43,93.44,219.92,0.21,46.34,0.00,0.00,0.00,0.00,0.00,0.00,0.00,0.00,0.00
217.87,0.42,92.40,215.33,0.20,44.35,0.00,0.00,0.00,0.00,0.00,0.00,0.00,0.00,0.00
217.88,0.43,93.30,219.48,0.21,46.10,0.00,0.00,0.00,0.00,0.00,0.00,0.00,0.00,0.00
217.25,0.43,92.50,217.10,0.21,45.16,0.00,0.00,0.00,0.00,0.00,0.00,0.00,0.00,0.00
218.06,0.43,93.65,219.86,0.21,46.60,0.00,0.00,0.00,0.00,0.00,0.00,0.00,0.00,0.00
218.70,0.42,92.75,215.04,0.20,44.30,0.00,0.00,0.00,0.00,0.00,0.00,0.00,0.00,0.00
218.02,0.43,93.34,219.83,0.21,46.12,0.00,0.00,0.00,0.00,0.00,0.00,0.00,0.00,0.00
217.84,0.43,92.98,217.55,0.21,45.38,0.00,0.00,0.00,0.00,0.00,0.00,0.00,0.00,0.00
217.55,0.43,92.92,218.30,0.21,45.67,0.00,0.00,0.00,0.00,0.00,0.00,0.00,0.00,0.00
219.29,0.43,93.84,218.62,0.21,45.85,0.00,0.00,0.00,0.00,0.00,0.00,0.00,0.00,0.00
216.93,0.43,92.67,218.25,0.21,45.70,0.00,0.00,0.00,0.00,0.00,0.00,0.00,0.00,0.00
218.34,0.43,93.59,219.75,0.21,46.37,0.00,0.00,0.00,0.00,0.00,0.00,0.00,0.00,0.00
217.23,0.43,92.65,217.64,0.21,45.30,0.00,0.00,0.00,0.00,0.00,0.00,0.00,0.00,0.00
219.25,0.43,94.09,220.30,0.21,46.53,0.00,0.00,0.00,0.00,0.00,0.00,0.00,0.00,0.00
217.45,0.43,92.63,217.36,0.21,45.16,0.00,0.00,0.00,0.00,0.00,0.00,0.00,0.00,0.00
217.37,0.43,92.85,218.11,0.21,45.61,0.00,0.00,0.00,0.00,0.00,0.00,0.00,0.00,0.00
219.08,0.43,93.77,219.55,0.21,46.12,0.00,0.00,0.00,0.00,0.00,0.00,0.00,0.00,0.00
218.25,0.43,93.19,218.60,0.21,45.65,0.00,0.00,0.00,0.00,0.00,0.00,0.00,0.00,0.00
217.27,0.43,92.92,218.38,0.21,45.84,0.00,0.00,0.00,0.00,0.00,0.00,0.00,0.00,0.00
219.25,0.43,93.31,216.80,0.21,45.13,0.00,0.00,0.00,0.00,0.00,0.00,0.00,0.00,0.00
216.07,0.43,91.98,216.22,0.21,44.91,0.00,0.00,0.00,0.00,0.00,0.00,0.00,0.00,0.00
213.51,0.43,91.34,218.79,0.21,45.87,0.00,0.00,0.00,0.00,0.00,0.00,0.00,0.00,0.00
216.80,0.43,92.46,217.63,0.21,45.41,0.00,0.00,0.00,0.00,0.00,0.00,0.00,0.00,0.00
218.68,0.43,93.78,219.56,0.21,46.27,0.00,0.00,0.00,0.00,0.00,0.00,0.00,0.00,0.00
218.33,0.42,92.51,215.08,0.20,44.24,0.00,0.00,0.00,0.00,0.00,0.00,0.00,0.00,0.00
217.37,0.43,92.76,217.90,0.21,45.43,0.00,0.00,0.00,0.00,0.00,0.00,0.00,0.00,0.00
218.58,0.43,93.65,219.83,0.21,46.34,0.00,0.00,0.00,0.00,0.00,0.00,0.00,0.00,0.00
216.74,0.43,92.35,217.13,0.21,45.08,0.00,0.00,0.00,0.00,0.00,0.00,0.00,0.00,0.00
217.62,0.43,93.19,220.00,0.21,46.24,0.00,0.00,0.00,0.00,0.00,0.00,0.00,0.00,0.00
217.72,0.42,92.43,216.13,0.20,44.65,0.00,0.00,0.00,0.00,0.00,0.00,0.00,0.00,0.00
217.01,0.42,91.66,213.74,0.20,43.65,0.00,0.00,0.00,0.00,0.00,0.00,0.00,0.00,0.00
218.57,0.43,93.47,219.23,0.21,46.02,0.00,0.00,0.00,0.00,0.00,0.00,0.00,0.00,0.00
218.33,0.43,93.30,218.03,0.21,45.71,0.00,0.00,0.00,0.00,0.00,0.00,0.00,0.00,0.00
217.33,0.43,92.60,217.80,0.21,45.27,0.00,0.00,0.00,0.00,0.00,0.00,0.00,0.00,0.00
219.30,0.43,93.67,219.60,0.21,45.88,0.00,0.00,0.00,0.00,0.00,0.00,0.00,0.00,0.00
217.58,0.43,92.60,217.00,0.21,45.08,0.00,0.00,0.00,0.00,0.00,0.00,0.00,0.00,0.00
218.22,0.42,92.55,215.28,0.20,44.51,0.00,0.00,0.00,0.00,0.00,0.00,0.00,0.00,0.00
218.47,0.43,93.57,219.86,0.21,46.22,0.00,0.00,0.00,0.00,0.00,0.00,0.00,0.00,0.00
214.68,0.43,91.75,219.02,0.21,45.81,0.00,0.00,0.00,0.00,0.00,0.00,0.00,0.00,0.00
219.95,0.43,93.88,218.17,0.21,45.52,0.00,0.00,0.00,0.00,0.00,0.00,0.00,0.00,0.00
216.48,0.43,92.43,218.41,0.21,45.60,0.00,0.00,0.00,0.00,0.00,0.00,0.00,0.00,0.00
216.31,0.43,92.47,218.50,0.21,45.71,0.00,0.00,0.00,0.00,0.00,0.00,0.00,0.00,0.00
217.16,0.43,92.75,218.14,0.21,45.66,0.00,0.00,0.00,0.00,0.00,0.00,0.00,0.00,0.00
219.04,0.43,93.20,216.54,0.21,45.05,0.00,0.00,0.00,0.00,0.00,0.00,0.00,0.00,0.00
217.72,0.43,93.02,217.60,0.21,45.49,0.00,0.00,0.00,0.00,0.00,0.00,0.00,0.00,0.00
215.76,0.43,92.29,218.57,0.21,45.76,0.00,0.00,0.00,0.00,0.00,0.00,0.00,0.00,0.00
217.37,0.43,92.82,218.97,0.21,45.78,0.00,0.00,0.00,0.00,0.00,0.00,0.00,0.00,0.00
216.65,0.42,92.03,216.27,0.21,44.86,0.00,0.00,0.00,0.00,0.00,0.00,0.00,0.00,0.00
219.25,0.43,93.59,217.70,0.21,45.50,0.00,0.00,0.00,0.00,0.00,0.00,0.00,0.00,0.00
216.76,0.43,92.44,218.30,0.21,45.57,0.00,0.00,0.00,0.00,0.00,0.00,0.00,0.00,0.00
214.40,0.43,91.98,217.57,0.21,45.82,0.00,0.00,0.00,0.00,0.00,0.00,0.00,0.00,0.00
216.21,0.43,92.31,218.31,0.21,45.60,0.00,0.00,0.00,0.00,0.00,0.00,0.00,0.00,0.00
217.76,0.43,93.24,218.95,0.21,45.96,0.00,0.00,0.00,0.00,0.00,0.00,0.00,0.00,0.00
217.11,0.43,92.61,218.36,0.21,45.58,0.00,0.00,0.00,0.00,0.00,0.00,0.00,0.00,0.00
216.37,0.43,92.44,218.72,0.21,45.87,0.00,0.00,0.00,0.00,0.00,0.00,0.00,0.00,0.00
218.47,0.43,93.32,217.89,0.21,45.45,0.00,0.00,0.00,0.00,0.00,0.00,0.00,0.00,0.00
218.93,0.43,93.74,219.80,0.21,46.16,0.00,0.00,0.00,0.00,0.00,0.00,0.00,0.00,0.00
219.71,0.43,94.08,219.93,0.21,46.30,0.00,0.00,0.00,0.00,0.00,0.00,0.00,0.00,0.00
217.02,0.43,92.46,217.33,0.21,45.25,0.00,0.00,0.00,0.00,0.00,0.00,0.00,0.00,0.00
219.11,0.43,94.81,223.16,0.21,47.89,0.00,0.00,0.00,0.00,0.00,0.00,0.00,0.00,0.00
217.18,0.43,92.64,216.78,0.21,45.10,0.00,0.00,0.00,0.00,0.00,0.00,0.00,0.00,0.00
217.92,0.43,93.35,220.66,0.21,46.45,0.00,0.00,0.00,0.00,0.00,0.00,0.00,0.00,0.00
215.98,0.43,92.11,218.19,0.21,45.53,0.00,0.00,0.00,0.00,0.00,0.00,0.00,0.00,0.00
218.12,0.43,93.54,219.40,0.21,46.34,0.00,0.00,0.00,0.00,0.00,0.00,0.00,0.00,0.00
218.75,0.43,93.43,218.27,0.21,45.71,0.00,0.00,0.00,0.00,0.00,0.00,0.00,0.00,0.00
219.27,0.43,93.97,219.50,0.21,46.24,0.00,0.00,0.00,0.00,0.00,0.00,0.00,0.00,0.00
216.93,0.43,92.55,218.67,0.21,45.67,0.00,0.00,0.00,0.00,0.00,0.00,0.00,0.00,0.00
218.00,0.42,92.64,215.13,0.21,44.46,0.00,0.00,0.00,0.00,0.00,0.00,0.00,0.00,0.00
219.88,0.42,93.33,215.66,0.20,44.53,0.00,0.00,0.00,0.00,0.00,0.00,0.00,0.00,0.00
216.94,0.43,92.91,218.58,0.21,46.03,0.00,0.00,0.00,0.00,0.00,0.00,0.00,0.00,0.00
220.18,0.43,94.10,218.72,0.21,45.75,0.00,0.00,0.00,0.00,0.00,0.00,0.00,0.00,0.00
218.53,0.43,93.20,218.41,0.21,45.59,0.00,0.00,0.00,0.00,0.00,0.00,0.00,0.00,0.00
218.00,0.43,93.46,219.79,0.21,46.38,0.00,0.00,0.00,0.00,0.00,0.00,0.00,0.00,0.00
217.54,0.43,92.89,218.32,0.21,45.61,0.00,0.00,0.00,0.00,0.00,0.00,0.00,0.00,0.00
219.13,0.43,93.74,218.69,0.21,45.94,0.00,0.00,0.00,0.00,0.00,0.00,0.00,0.00,0.00
216.49,0.43,92.25,216.84,0.21,45.10,0.00,0.00,0.00,0.00,0.00,0.00,0.00,0.00,0.00
216.12,0.43,92.65,220.11,0.21,46.35,0.00,0.00,0.00,0.00,0.00,0.00,0.00,0.00,0.00
218.66,0.43,93.34,217.99,0.21,45.56,0.00,0.00,0.00,0.00,0.00,0.00,0.00,0.00,0.00
218.23,0.43,93.58,219.93,0.21,46.33,0.00,0.00,0.00,0.00,0.00,0.00,0.00,0.00,0.00
219.16,0.43,93.46,217.55,0.21,45.29,0.00,0.00,0.00,0.00,0.00,0.00,0.00,0.00,0.00
218.92,0.43,94.07,220.40,0.21,46.74,0.00,0.00,0.00,0.00,0.00,0.00,0.00,0.00,0.00
217.75,0.43,93.02,218.03,0.21,45.56,0.00,0.00,0.00,0.00,0.00,0.00,0.00,0.00,0.00
217.76,0.43,93.47,220.21,0.21,46.58,0.00,0.00,0.00,0.00,0.00,0.00,0.00,0.00,0.00
217.78,0.43,93.28,219.81,0.21,46.19,0.00,0.00,0.00,0.00,0.00,0.00,0.00,0.00,0.00
218.39,0.43,93.07,217.80,0.21,45.39,0.00,0.00,0.00,0.00,0.00,0.00,0.00,0.00,0.00
218.70,0.43,93.52,218.62,0.21,45.90,0.00,0.00,0.00,0.00,0.00,0.00,0.00,0.00,0.00
218.68,0.43,93.67,219.19,0.21,46.06,0.00,0.00,0.00,0.00,0.00,0.00,0.00,0.00,0.00
217.60,0.43,92.85,218.13,0.21,45.57,0.00,0.00,0.00,0.00,0.00,0.00,0.00,0.00,0.00
219.24,0.43,93.72,218.35,0.21,45.76,0.00,0.00,0.00,0.00,0.00,0.00,0.00,0.00,0.00
216.66,0.43,92.57,218.04,0.21,45.70,0.00,0.00,0.00,0.00,0.00,0.00,0.00,0.00,0.00
219.07,0.43,93.63,218.37,0.21,45.77,0.00,0.00,0.00,0.00,0.00,0.00,0.00,0.00,0.00
217.76,0.43,92.90,217.23,0.21,45.27,0.00,0.00,0.00,0.00,0.00,0.00,0.00,0.00,0.00
218.56,0.43,93.01,216.96,0.21,44.96,0.00,0.00,0.00,0.00,0.00,0.00,0.00,0.00,0.00
216.40,0.43,92.65,219.57,0.21,46.11,0.00,0.00,0.00,0.00,0.00,0.00,0.00,0.00,0.00
218.78,0.43,93.47,218.72,0.21,45.72,0.00,0.00,0.00,0.00,0.00,0.00,0.00,0.00,0.00
217.47,0.43,93.07,218.29,0.21,45.86,0.00,0.00,0.00,0.00,0.00,0.00,0.00,0.00,0.00
217.95,0.43,92.86,217.09,0.21,45.22,0.00,0.00,0.00,0.00,0.00,0.00,0.00,0.00,0.00
218.56,0.43,93.53,219.63,0.21,46.06,0.00,0.00,0.00,0.00,0.00,0.00,0.00,0.00,0.00
218.33,0.43,93.21,218.10,0.21,45.51,0.00,0.00,0.00,0.00,0.00,0.00,0.00,0.00,0.00
217.93,0.43,92.73,215.84,0.21,44.93,0.00,0.00,0.00,0.00,0.00,0.00,0.00,0.00,0.00
217.55,0.43,92.81,218.34,0.21,45.61,0.00,0.00,0.00,0.00,0.00,0.00,0.00,0.00,0.00
218.40,0.43,93.27,218.02,0.21,45.65,0.00,0.00,0.00,0.00,0.00,0.00,0.00,0.00,0.00
217.75,0.43,93.08,218.14,0.21,45.64,0.00,0.00,0.00,0.00,0.00,0.00,0.00,0.00,0.00
215.59,0.43,92.09,218.65,0.21,45.77,0.00,0.00,0.00,0.00,0.00,0.00,0.00,0.00,0.00
215.99,0.43,92.07,217.66,0.21,45.29,0.00,0.00,0.00,0.00,0.00,0.00,0.00,0.00,0.00
219.28,0.43,93.93,219.92,0.21,46.34,0.00,0.00,0.00,0.00,0.00,0.00,0.00,0.00,0.00
215.91,0.43,92.16,217.81,0.21,45.54,0.00,0.00,0.00,0.00,0.00,0.00,0.00,0.00,0.00
217.60,0.43,93.02,218.44,0.21,45.70,0.00,0.00,0.00,0.00,0.00,0.00,0.00,0.00,0.00
219.09,0.42,92.80,215.00,0.20,44.38,0.00,0.00,0.00,0.00,0.00,0.00,0.00,0.00,0.00
218.04,0.43,93.14,218.61,0.21,45.67,0.00,0.00,0.00,0.00,0.00,0.00,0.00,0.00,0.00
218.78,0.43,93.66,219.33,0.21,46.06,0.00,0.00,0.00,0.00,0.00,0.00,0.00,0.00,0.00
217.08,0.43,92.52,217.86,0.21,45.32,0.00,0.00,0.00,0.00,0.00,0.00,0.00,0.00,0.00
218.96,0.43,93.17,216.59,0.21,44.91,0.00,0.00,0.00,0.00,0.00,0.00,0.00,0.00,0.00
217.85,0.43,93.06,217.85,0.21,45.54,0.00,0.00,0.00,0.00,0.00,0.00,0.00,0.00,0.00
219.70,0.43,94.15,219.49,0.21,46.17,0.00,0.00,0.00,0.00,0.00,0.00,0.00,0.00,0.00
215.36,0.42,91.32,215.06,0.20,44.28,0.00,0.00,0.00,0.00,0.00,0.00,0.00,0.00,0.00
215.61,0.43,92.07,219.19,0.21,45.78,0.00,0.00,0.00,0.00,0.00,0.00,0.00,0.00,0.00
218.00,0.42,92.38,214.82,0.20,44.38,0.00,0.00,0.00,0.00,0.00,0.00,0.00,0.00,0.00
216.47,0.43,92.37,217.66,0.21,45.37,0.00,0.00,0.00,0.00,0.00,0.00,0.00,0.00,0.00
217.50,0.43,92.91,218.36,0.21,45.74,0.00,0.00,0.00,0.00,0.00,0.00,0.00,0.00,0.00
218.30,0.43,92.86,217.07,0.21,45.11,0.00,0.00,0.00,0.00,0.00,0.00,0.00,0.00,0.00
218.67,0.42,92.83,215.39,0.20,44.42,0.00,0.00,0.00,0.00,0.00,0.00,0.00,0.00,0.00
214.49,0.42,90.76,214.01,0.20,43.88,0.00,0.00,0.00,0.00,0.00,0.00,0.00,0.00,0.00
217.30,0.43,92.79,217.94,0.21,45.52,0.00,0.00,0.00,0.00,0.00,0.00,0.00,0.00,0.00
216.66,0.43,92.09,215.31,0.21,44.03,0.00,0.00,0.00,0.00,0.00,0.00,0.00,0.00,0.00
218.17,0.43,92.99,217.16,0.21,45.39,0.00,0.00,0.00,0.00,0.00,0.00,0.00,0.00,0.00
217.04,0.43,92.56,217.45,0.21,45.27,0.00,0.00,0.00,0.00,0.00,0.00,0.00,0.00,0.00
217.27,0.43,92.90,218.62,0.21,45.80,0.00,0.00,0.00,0.00,0.00,0.00,0.00,0.00,0.00
218.90,0.43,93.47,218.47,0.21,45.61,0.00,0.00,0.00,0.00,0.00,0.00,0.00,0.00,0.00
218.79,0.43,93.02,216.89,0.21,45.02,0.00,0.00,0.00,0.00,0.00,0.00,0.00,0.00,0.00
219.18,0.43,93.59,218.37,0.21,45.55,0.00,0.00,0.00,0.00,0.00,0.00,0.00,0.00,0.00
218.28,0.43,93.34,219.29,0.21,46.04,0.00,0.00,0.00,0.00,0.00,0.00,0.00,0.00,0.00
220.15,0.43,93.83,217.66,0.21,45.37,0.00,0.00,0.00,0.00,0.00,0.00,0.00,0.00,0.00
218.76,0.43,93.48,218.47,0.21,45.68,0.00,0.00,0.00,0.00,0.00,0.00,0.00,0.00,0.00
217.46,0.43,92.46,216.75,0.21,44.86,0.00,0.00,0.00,0.00,0.00,0.00,0.00,0.00,0.00
216.30,0.43,92.35,217.80,0.21,45.46,0.00,0.00,0.00,0.00,0.00,0.00,0.00,0.00,0.00
218.12,0.42,92.53,215.55,0.20,44.60,0.00,0.00,0.00,0.00,0.00,0.00,0.00,0.00,0.00
218.24,0.43,93.54,219.90,0.21,46.28,0.00,0.00,0.00,0.00,0.00,0.00,0.00,0.00,0.00
217.05,0.43,92.65,218.54,0.21,45.60,0.00,0.00,0.00,0.00,0.00,0.00,0.00,0.00,0.00
216.87,0.43,92.74,218.36,0.21,45.85,0.00,0.00,0.00,0.00,0.00,0.00,0.00,0.00,0.00
218.16,0.43,93.15,218.37,0.21,45.60,0.00,0.00,0.00,0.00,0.00,0.00,0.00,0.00,0.00
217.80,0.43,93.34,220.17,0.21,46.43,0.00,0.00,0.00,0.00,0.00,0.00,0.00,0.00,0.00
216.94,0.43,92.61,218.40,0.21,45.68,0.00,0.00,0.00,0.00,0.00,0.00,0.00,0.00,0.00
213.28,0.42,90.53,215.69,0.20,44.70,0.00,0.00,0.00,0.00,0.00,0.00,0.00,0.00,0.00
217.51,0.43,92.93,218.64,0.21,45.70,0.00,0.00,0.00,0.00,0.00,0.00,0.00,0.00,0.00
218.08,0.43,93.46,219.85,0.21,46.25,0.00,0.00,0.00,0.00,0.00,0.00,0.00,0.00,0.00
217.15,0.43,92.63,217.76,0.21,45.39,0.00,0.00,0.00,0.00,0.00,0.00,0.00,0.00,0.00
217.78,0.43,92.94,218.58,0.21,45.60,0.00,0.00,0.00,0.00,0.00,0.00,0.00,0.00,0.00
219.45,0.43,94.14,220.89,0.21,46.67,0.00,0.00,0.00,0.00,0.00,0.00,0.00,0.00,0.00
218.74,0.43,93.15,217.57,0.21,45.29,0.00,0.00,0.00,0.00,0.00,0.00,0.00,0.00,0.00
214.87,0.43,92.14,220.41,0.21,46.44,0.00,0.00,0.00,0.00,0.00,0.00,0.00,0.00,0.00
218.12,0.43,93.08,217.98,0.21,45.57,0.00,0.00,0.00,0.00,0.00,0.00,0.00,0.00,0.00
220.54,0.43,94.40,218.63,0.21,46.06,0.00,0.00,0.00,0.00,0.00,0.00,0.00,0.00,0.00
213.59,0.42,90.59,215.21,0.20,44.34,0.00,0.00,0.00,0.00,0.00,0.00,0.00,0.00,0.00
219.89,0.43,94.21,219.88,0.21,46.34,0.00,0.00,0.00,0.00,0.00,0.00,0.00,0.00,0.00
218.19,0.43,93.17,218.25,0.21,45.55,0.00,0.00,0.00,0.00,0.00,0.00,0.00,0.00,0.00
219.07,0.43,93.68,219.09,0.21,45.99,0.00,0.00,0.00,0.00,0.00,0.00,0.00,0.00,0.00
219.22,0.43,93.69,219.03,0.21,45.88,0.00,0.00,0.00,0.00,0.00,0.00,0.00,0.00,0.00
217.99,0.43,93.32,219.26,0.21,46.19,0.00,0.00,0.00,0.00,0.00,0.00,0.00,0.00,0.00
221.72,0.43,94.75,218.89,0.21,45.76,0.00,0.00,0.00,0.00,0.00,0.00,0.00,0.00,0.00
219.41,0.43,94.03,218.82,0.21,45.98,0.00,0.00,0.00,0.00,0.00,0.00,0.00,0.00,0.00
217.17,0.43,92.36,216.57,0.21,44.94,0.00,0.00,0.00,0.00,0.00,0.00,0.00,0.00,0.00
218.69,0.43,93.41,219.01,0.21,45.78,0.00,0.00,0.00,0.00,0.00,0.00,0.00,0.00,0.00
217.23,0.43,92.79,218.54,0.21,45.82,0.00,0.00,0.00,0.00,0.00,0.00,0.00,0.00,0.00
221.41,0.43,94.75,218.87,0.21,46.06,0.00,0.00,0.00,0.00,0.00,0.00,0.00,0.00,0.00
219.26,0.43,93.35,216.48,0.21,45.15,0.00,0.00,0.00,0.00,0.00,0.00,0.00,0.00,0.00
216.49,0.43,92.42,218.14,0.21,45.57,0.00,0.00,0.00,0.00,0.00,0.00,0.00,0.00,0.00
219.42,0.43,94.05,220.20,0.21,46.33,0.00,0.00,0.00,0.00,0.00,0.00,0.00,0.00,0.00
217.20,0.43,92.63,217.85,0.21,45.54,0.00,0.00,0.00,0.00,0.00,0.00,0.00,0.00,0.00
217.76,0.43,93.09,218.23,0.21,45.80,0.00,0.00,0.00,0.00,0.00,0.00,0.00,0.00,0.00
218.03,0.43,93.68,220.73,0.21,46.70,0.00,0.00,0.00,0.00,0.00,0.00,0.00,0.00,0.00
216.94,0.43,92.41,217.61,0.21,45.33,0.00,0.00,0.00,0.00,0.00,0.00,0.00,0.00,0.00
218.26,0.43,93.43,218.67,0.21,45.91,0.00,0.00,0.00,0.00,0.00,0.00,0.00,0.00,0.00
216.67,0.43,92.68,219.71,0.21,46.16,0.00,0.00,0.00,0.00,0.00,0.00,0.00,0.00,0.00
216.98,0.43,92.64,218.44,0.21,45.73,0.00,0.00,0.00,0.00,0.00,0.00,0.00,0.00,0.00
219.92,0.43,94.14,219.62,0.21,46.21,0.00,0.00,0.00,0.00,0.00,0.00,0.00,0.00,0.00
218.72,0.43,93.89,220.41,0.21,46.52,0.00,0.00,0.00,0.00,0.00,0.00,0.00,0.00,0.00
218.38,0.43,93.45,219.19,0.21,45.98,0.00,0.00,0.00,0.00,0.00,0.00,0.00,0.00,0.00
217.80,0.43,92.82,217.56,0.21,45.37,0.00,0.00,0.00,0.00,0.00,0.00,0.00,0.00,0.00
215.30,0.43,92.24,219.21,0.21,46.20,0.00,0.00,0.00,0.00,0.00,0.00,0.00,0.00,0.00
218.95,0.43,93.96,220.10,0.21,46.54,0.00,0.00,0.00,0.00,0.00,0.00,0.00,0.00,0.00
216.44,0.42,91.39,212.93,0.20,43.63,0.00,0.00,0.00,0.00,0.00,0.00,0.00,0.00,0.00
218.42,0.43,93.59,219.95,0.21,46.22,0.00,0.00,0.00,0.00,0.00,0.00,0.00,0.00,0.00
218.22,0.43,93.24,218.42,0.21,45.80,0.00,0.00,0.00,0.00,0.00,0.00,0.00,0.00,0.00
217.17,0.43,92.76,218.39,0.21,45.64,0.00,0.00,0.00,0.00,0.00,0.00,0.00,0.00,0.00
217.48,0.42,91.61,211.65,0.20,43.21,0.00,0.00,0.00,0.00,0.00,0.00,0.00,0.00,0.00
217.86,0.43,93.38,218.72,0.21,46.12,0.00,0.00,0.00,0.00,0.00,0.00,0.00,0.00,0.00
218.15,0.43,93.38,219.55,0.21,46.08,0.00,0.00,0.00,0.00,0.00,0.00,0.00,0.00,0.00
216.78,0.43,92.66,218.27,0.21,45.83,0.00,0.00,0.00,0.00,0.00,0.00,0.00,0.00,0.00
217.52,0.43,93.05,220.06,0.21,45.96,0.00,0.00,0.00,0.00,0.00,0.00,0.00,0.00,0.00
217.71,0.43,93.02,218.73,0.21,45.82,0.00,0.00,0.00,0.00,0.00,0.00,0.00,0.00,0.00
216.72,0.42,91.57,213.73,0.20,43.74,0.00,0.00,0.00,0.00,0.00,0.00,0.00,0.00,0.00
218.44,0.43,93.01,216.78,0.21,45.07,0.00,0.00,0.00,0.00,0.00,0.00,0.00,0.00,0.00
218.63,0.43,93.71,219.34,0.21,46.25,0.00,0.00,0.00,0.00,0.00,0.00,0.00,0.00,0.00
217.29,0.43,92.44,216.85,0.21,45.11,0.00,0.00,0.00,0.00,0.00,0.00,0.00,0.00,0.00
215.87,0.43,92.30,218.24,0.21,45.78,0.00,0.00,0.00,0.00,0.00,0.00,0.00,0.00,0.00
217.14,0.43,92.75,218.55,0.21,45.66,0.00,0.00,0.00,0.00,0.00,0.00,0.00,0.00,0.00
218.69,0.43,93.48,218.85,0.21,45.77,0.00,0.00,0.00,0.00,0.00,0.00,0.00,0.00,0.00
218.31,0.43,93.53,219.30,0.21,46.21,0.00,0.00,0.00,0.00,0.00,0.00,0.00,0.00,0.00
217.41,0.43,92.73,217.76,0.21,45.40,0.00,0.00,0.00,0.00,0.00,0.00,0.00,0.00,0.00
216.74,0.43,92.74,219.59,0.21,46.06,0.00,0.00,0.00,0.00,0.00,0.00,0.00,0.00,0.00
217.83,0.42,92.33,215.50,0.20,44.52,0.00,0.00,0.00,0.00,0.00,0.00,0.00,0.00,0.00
213.50,0.42,90.19,213.94,0.20,43.74,0.00,0.00,0.00,0.00,0.00,0.00,0.00,0.00,0.00
217.76,0.43,92.84,218.17,0.21,45.40,0.00,0.00,0.00,0.00,0.00,0.00,0.00,0.00,0.00
226.18,0.43,97.63,219.30,0.21,46.57,0.00,0.00,0.00,0.00,0.00,0.00,0.00,0.00,0.00
217.72,0.43,93.04,219.20,0.21,45.82,0.00,0.00,0.00,0.00,0.00,0.00,0.00,0.00,0.00
219.38,0.43,93.52,217.34,0.21,45.31,0.00,0.00,0.00,0.00,0.00,0.00,0.00,0.00,0.00
219.18,0.43,93.91,219.88,0.21,46.25,0.00,0.00,0.00,0.00,0.00,0.00,0.00,0.00,0.00
215.73,0.43,91.91,217.27,0.21,45.14,0.00,0.00,0.00,0.00,0.00,0.00,0.00,0.00,0.00
214.62,0.43,91.49,217.56,0.21,45.28,0.00,0.00,0.00,0.00,0.00,0.00,0.00,0.00,0.00
216.50,0.43,92.25,216.95,0.21,45.18,0.00,0.00,0.00,0.00,0.00,0.00,0.00,0.00,0.00
208.28,0.42,88.31,216.53,0.20,44.56,0.00,0.00,0.00,0.00,0.00,0.00,0.00,0.00,0.00
219.58,0.43,93.84,219.54,0.21,45.93,0.00,0.00,0.00,0.00,0.00,0.00,0.00,0.00,0.00
216.71,0.43,92.14,217.03,0.21,45.05,0.00,0.00,0.00,0.00,0.00,0.00,0.00,0.00,0.00
217.97,0.43,93.02,217.74,0.21,45.49,0.00,0.00,0.00,0.00,0.00,0.00,0.00,0.00,0.00
217.21,0.42,92.27,215.98,0.21,44.62,0.00,0.00,0.00,0.00,0.00,0.00,0.00,0.00,0.00
217.92,0.43,93.25,219.24,0.21,46.06,0.00,0.00,0.00,0.00,0.00,0.00,0.00,0.00,0.00
217.61,0.42,92.07,214.63,0.20,44.18,0.00,0.00,0.00,0.00,0.00,0.00,0.00,0.00,0.00
217.38,0.43,92.76,218.70,0.21,45.39,0.00,0.00,0.00,0.00,0.00,0.00,0.00,0.00,0.00
216.29,0.43,92.08,217.90,0.21,45.33,0.00,0.00,0.00,0.00,0.00,0.00,0.00,0.00,0.00
218.00,0.43,93.17,218.37,0.21,45.67,0.00,0.00,0.00,0.00,0.00,0.00,0.00,0.00,0.00
217.12,0.43,92.63,218.19,0.21,45.65,0.00,0.00,0.00,0.00,0.00,0.00,0.00,0.00,0.00
214.74,0.42,91.02,215.01,0.20,44.22,0.00,0.00,0.00,0.00,0.00,0.00,0.00,0.00,0.00
215.40,0.43,91.76,217.73,0.21,45.34,0.00,0.00,0.00,0.00,0.00,0.00,0.00,0.00,0.00
219.41,0.43,93.43,218.01,0.21,45.39,0.00,0.00,0.00,0.00,0.00,0.00,0.00,0.00,0.00
218.88,0.43,93.45,218.34,0.21,45.58,0.00,0.00,0.00,0.00,0.00,0.00,0.00,0.00,0.00
215.01,0.43,91.63,217.30,0.21,45.25,0.00,0.00,0.00,0.00,0.00,0.00,0.00,0.00,0.00
217.23,0.43,92.68,218.12,0.21,45.55,0.00,0.00,0.00,0.00,0.00,0.00,0.00,0.00,0.00
217.33,0.43,92.63,216.61,0.21,45.19,0.00,0.00,0.00,0.00,0.00,0.00,0.00,0.00,0.00
217.17,0.43,93.03,219.71,0.21,46.18,0.00,0.00,0.00,0.00,0.00,0.00,0.00,0.00,0.00
217.17,0.43,92.55,217.45,0.21,45.34,0.00,0.00,0.00,0.00,0.00,0.00,0.00,0.00,0.00
213.02,0.42,90.28,214.52,0.20,44.14,0.00,0.00,0.00,0.00,0.00,0.00,0.00,0.00,0.00
216.25,0.43,92.10,217.88,0.21,45.36,0.00,0.00,0.00,0.00,0.00,0.00,0.00,0.00,0.00
229.56,0.43,98.14,220.01,0.21,46.05,0.00,0.00,0.00,0.00,0.00,0.00,0.00,0.00,0.00
216.28,0.43,92.24,218.23,0.21,45.57,0.00,0.00,0.00,0.00,0.00,0.00,0.00,0.00,0.00
217.88,0.43,92.81,217.62,0.21,45.23,0.00,0.00,0.00,0.00,0.00,0.00,0.00,0.00,0.00
214.08,0.43,91.58,219.23,0.21,45.96,0.00,0.00,0.00,0.00,0.00,0.00,0.00,0.00,0.00
217.07,0.43,92.26,215.76,0.21,44.70,0.00,0.00,0.00,0.00,0.00,0.00,0.00,0.00,0.00
217.85,0.43,92.91,218.11,0.21,45.46,0.00,0.00,0.00,0.00,0.00,0.00,0.00,0.00,0.00
217.18,0.43,92.66,218.22,0.21,45.49,0.00,0.00,0.00,0.00,0.00,0.00,0.00,0.00,0.00
217.79,0.43,92.79,217.13,0.21,45.13,0.00,0.00,0.00,0.00,0.00,0.00,0.00,0.00,0.00
217.46,0.43,93.18,218.94,0.21,46.25,0.00,0.00,0.00,0.00,0.00,0.00,0.00,0.00,0.00
216.52,0.42,92.02,216.81,0.21,44.84,0.00,0.00,0.00,0.00,0.00,0.00,0.00,0.00,0.00
218.70,0.43,93.50,219.34,0.21,46.03,0.00,0.00,0.00,0.00,0.00,0.00,0.00,0.00,0.00
216.03,0.43,92.38,218.93,0.21,45.92,0.00,0.00,0.00,0.00,0.00,0.00,0.00,0.00,0.00
218.42,0.43,93.44,219.29,0.21,45.97,0.00,0.00,0.00,0.00,0.00,0.00,0.00,0.00,0.00
215.81,0.43,91.98,217.48,0.21,45.34,0.00,0.00,0.00,0.00,0.00,0.00,0.00,0.00,0.00
218.28,0.42,92.62,215.15,0.20,44.53,0.00,0.00,0.00,0.00,0.00,0.00,0.00,0.00,0.00
217.84,0.43,93.13,219.76,0.21,46.00,0.00,0.00,0.00,0.00,0.00,0.00,0.00,0.00,0.00
217.55,0.43,92.67,218.22,0.21,45.45,0.00,0.00,0.00,0.00,0.00,0.00,0.00,0.00,0.00
218.41,0.43,93.48,219.54,0.21,46.07,0.00,0.00,0.00,0.00,0.00,0.00,0.00,0.00,0.00
218.55,0.43,93.33,218.49,0.21,45.74,0.00,0.00,0.00,0.00,0.00,0.00,0.00,0.00,0.00
218.16,0.43,93.13,218.79,0.21,45.77,0.00,0.00,0.00,0.00,0.00,0.00,0.00,0.00,0.00
217.47,0.43,92.71,217.96,0.21,45.46,0.00,0.00,0.00,0.00,0.00,0.00,0.00,0.00,0.00
216.20,0.42,91.88,216.75,0.21,44.89,0.00,0.00,0.00,0.00,0.00,0.00,0.00,0.00,0.00
218.87,0.43,93.67,219.23,0.21,46.01,0.00,0.00,0.00,0.00,0.00,0.00,0.00,0.00,0.00
218.42,0.43,93.00,217.51,0.21,45.21,0.00,0.00,0.00,0.00,0.00,0.00,0.00,0.00,0.00
218.90,0.43,93.59,219.27,0.21,45.96,0.00,0.00,0.00,0.00,0.00,0.00,0.00,0.00,0.00
218.32,0.43,93.39,219.26,0.21,46.00,0.00,0.00,0.00,0.00,0.00,0.00,0.00,0.00,0.00
217.82,0.42,92.55,216.15,0.21,44.79,0.00,0.00,0.00,0.00,0.00,0.00,0.00,0.00,0.00
217.41,0.43,92.90,219.45,0.21,45.90,0.00,0.00,0.00,0.00,0.00,0.00,0.00,0.00,0.00
217.08,0.43,92.69,218.52,0.21,45.68,0.00,0.00,0.00,0.00,0.00,0.00,0.00,0.00,0.00
214.95,0.43,91.81,218.35,0.21,45.61,0.00,0.00,0.00,0.00,0.00,0.00,0.00,0.00,0.00
216.53,0.43,92.64,218.53,0.21,45.83,0.00,0.00,0.00,0.00,0.00,0.00,0.00,0.00,0.00
216.47,0.43,92.12,216.94,0.21,45.12,0.00,0.00,0.00,0.00,0.00,0.00,0.00,0.00,0.00
218.05,0.43,93.19,218.39,0.21,45.68,0.00,0.00,0.00,0.00,0.00,0.00,0.00,0.00,0.00
216.37,0.43,92.15,217.60,0.21,45.29,0.00,0.00,0.00,0.00,0.00,0.00,0.00,0.00,0.00
219.48,0.43,93.79,218.96,0.21,45.88,0.00,0.00,0.00,0.00,0.00,0.00,0.00,0.00,0.00
217.93,0.43,92.99,217.93,0.21,45.53,0.00,0.00,0.00,0.00,0.00,0.00,0.00,0.00,0.00
218.34,0.43,93.24,218.48,0.21,45.66,0.00,0.00,0.00,0.00,0.00,0.00,0.00,0.00,0.00
217.64,0.43,92.97,218.81,0.21,45.85,0.00,0.00,0.00,0.00,0.00,0.00,0.00,0.00,0.00
217.37,0.43,92.67,217.52,0.21,45.36,0.00,0.00,0.00,0.00,0.00,0.00,0.00,0.00,0.00
217.80,0.42,92.20,214.97,0.20,44.14,0.00,0.00,0.00,0.00,0.00,0.00,0.00,0.00,0.00
212.78,0.42,89.87,212.97,0.20,43.50,0.00,0.00,0.00,0.00,0.00,0.00,0.00,0.00,0.00
217.36,0.43,92.79,218.32,0.21,45.55,0.00,0.00,0.00,0.00,0.00,0.00,0.00,0.00,0.00
219.56,0.42,92.99,215.80,0.20,44.39,0.00,0.00,0.00,0.00,0.00,0.00,0.00,0.00,0.00
216.79,0.43,92.59,218.08,0.21,45.68,0.00,0.00,0.00,0.00,0.00,0.00,0.00,0.00,0.00
218.88,0.43,93.54,218.83,0.21,45.91,0.00,0.00,0.00,0.00,0.00,0.00,0.00,0.00,0.00
215.38,0.43,91.99,218.65,0.21,45.82,0.00,0.00,0.00,0.00,0.00,0.00,0.00,0.00,0.00
217.60,0.43,92.57,217.10,0.21,44.99,0.00,0.00,0.00,0.00,0.00,0.00,0.00,0.00,0.00
218.05,0.43,93.30,219.42,0.21,46.10,0.00,0.00,0.00,0.00,0.00,0.00,0.00,0.00,0.00
216.32,0.43,92.35,218.62,0.21,45.62,0.00,0.00,0.00,0.00,0.00,0.00,0.00,0.00,0.00
218.62,0.43,93.35,219.01,0.21,45.84,0.00,0.00,0.00,0.00,0.00,0.00,0.00,0.00,0.00
217.83,0.42,92.42,215.66,0.20,44.43,0.00,0.00,0.00,0.00,0.00,0.00,0.00,0.00,0.00
218.51,0.42,92.62,214.73,0.20,44.20,0.00,0.00,0.00,0.00,0.00,0.00,0.00,0.00,0.00
217.32,0.43,92.62,217.00,0.21,45.13,0.00,0.00,0.00,0.00,0.00,0.00,0.00,0.00,0.00
218.23,0.43,93.13,218.87,0.21,45.76,0.00,0.00,0.00,0.00,0.00,0.00,0.00,0.00,0.00
217.14,0.42,92.28,217.45,0.21,44.98,0.00,0.00,0.00,0.00,0.00,0.00,0.00,0.00,0.00
222.53,0.43,95.14,218.55,0.21,45.71,0.00,0.00,0.00,0.00,0.00,0.00,0.00,0.00,0.00
216.08,0.43,92.08,217.58,0.21,45.35,0.00,0.00,0.00,0.00,0.00,0.00,0.00,0.00,0.00
218.18,0.43,93.39,219.23,0.21,46.12,0.00,0.00,0.00,0.00,0.00,0.00,0.00,0.00,0.00
217.13,0.43,92.50,216.94,0.21,45.18,0.00,0.00,0.00,0.00,0.00,0.00,0.00,0.00,0.00
218.64,0.43,93.33,217.48,0.21,45.46,0.00,0.00,0.00,0.00,0.00,0.00,0.00,0.00,0.00
216.22,0.43,92.18,217.47,0.21,45.30,0.00,0.00,0.00,0.00,0.00,0.00,0.00,0.00,0.00
218.47,0.43,93.26,218.41,0.21,45.74,0.00,0.00,0.00,0.00,0.00,0.00,0.00,0.00,0.00
215.71,0.43,92.19,218.16,0.21,45.63,0.00,0.00,0.00,0.00,0.00,0.00,0.00,0.00,0.00
217.53,0.43,92.83,218.12,0.21,45.61,0.00,0.00,0.00,0.00,0.00,0.00,0.00,0.00,0.00
217.90,0.43,93.13,219.02,0.21,45.80,0.00,0.00,0.00,0.00,0.00,0.00,0.00,0.00,0.00
216.33,0.43,92.04,217.95,0.21,45.27,0.00,0.00,0.00,0.00,0.00,0.00,0.00,0.00,0.00
218.91,0.43,93.78,219.94,0.21,46.37,0.00,0.00,0.00,0.00,0.00,0.00,0.00,0.00,0.00
212.88,0.42,90.37,215.36,0.20,44.64,0.00,0.00,0.00,0.00,0.00,0.00,0.00,0.00,0.00
218.68,0.42,92.79,216.02,0.20,44.55,0.00,0.00,0.00,0.00,0.00,0.00,0.00,0.00,0.00
217.32,0.43,92.41,216.53,0.21,44.83,0.00,0.00,0.00,0.00,0.00,0.00,0.00,0.00,0.00
218.79,0.43,93.63,218.28,0.21,45.91,0.00,0.00,0.00,0.00,0.00,0.00,0.00,0.00,0.00
218.03,0.43,93.17,218.54,0.21,45.71,0.00,0.00,0.00,0.00,0.00,0.00,0.00,0.00,0.00
217.18,0.43,92.72,218.62,0.21,45.60,0.00,0.00,0.00,0.00,0.00,0.00,0.00,0.00,0.00
216.34,0.43,92.61,219.05,0.21,46.10,0.00,0.00,0.00,0.00,0.00,0.00,0.00,0.00,0.00
218.19,0.43,92.99,217.08,0.21,45.18,0.00,0.00,0.00,0.00,0.00,0.00,0.00,0.00,0.00
217.61,0.43,93.21,219.16,0.21,46.05,0.00,0.00,0.00,0.00,0.00,0.00,0.00,0.00,0.00
218.04,0.43,92.74,216.56,0.21,44.98,0.00,0.00,0.00,0.00,0.00,0.00,0.00,0.00,0.00
217.45,0.43,93.14,219.90,0.21,46.31,0.00,0.00,0.00,0.00,0.00,0.00,0.00,0.00,0.00
218.34,0.43,93.31,219.02,0.21,45.82,0.00,0.00,0.00,0.00,0.00,0.00,0.00,0.00,0.00
217.93,0.43,93.02,218.35,0.21,45.62,0.00,0.00,0.00,0.00,0.00,0.00,0.00,0.00,0.00
217.38,0.43,92.84,218.68,0.21,45.75,0.00,0.00,0.00,0.00,0.00,0.00,0.00,0.00,0.00
213.79,0.43,91.62,219.20,0.21,46.21,0.00,0.00,0.00,0.00,0.00,0.00,0.00,0.00,0.00
217.55,0.43,92.85,217.95,0.21,45.57,0.00,0.00,0.00,0.00,0.00,0.00,0.00,0.00,0.00
215.78,0.43,92.56,219.36,0.21,46.34,0.00,0.00,0.00,0.00,0.00,0.00,0.00,0.00,0.00
216.67,0.43,92.44,217.36,0.21,45.37,0.00,0.00,0.00,0.00,0.00,0.00,0.00,0.00,0.00
219.65,0.43,93.71,217.43,0.21,45.44,0.00,0.00,0.00,0.00,0.00,0.00,0.00,0.00,0.00
218.70,0.43,93.21,217.67,0.21,45.25,0.00,0.00,0.00,0.00,0.00,0.00,0.00,0.00,0.00
216.62,0.43,92.55,219.13,0.21,45.91,0.00,0.00,0.00,0.00,0.00,0.00,0.00,0.00,0.00
217.93,0.43,92.79,217.61,0.21,45.18,0.00,0.00,0.00,0.00,0.00,0.00,0.00,0.00,0.00
217.93,0.43,93.23,219.05,0.21,46.02,0.00,0.00,0.00,0.00,0.00,0.00,0.00,0.00,0.00
217.93,0.43,92.92,217.79,0.21,45.47,0.00,0.00,0.00,0.00,0.00,0.00,0.00,0.00,0.00
218.37,0.43,93.17,218.80,0.21,45.73,0.00,0.00,0.00,0.00,0.00,0.00,0.00,0.00,0.00
220.13,0.43,93.94,218.17,0.21,45.59,0.00,0.00,0.00,0.00,0.00,0.00,0.00,0.00,0.00
218.19,0.43,93.30,218.95,0.21,45.95,0.00,0.00,0.00,0.00,0.00,0.00,0.00,0.00,0.00
216.93,0.43,92.31,217.26,0.21,45.17,0.00,0.00,0.00,0.00,0.00,0.00,0.00,0.00,0.00
218.93,0.43,93.46,217.70,0.21,45.45,0.00,0.00,0.00,0.00,0.00,0.00,0.00,0.00,0.00
218.68,0.42,92.62,214.29,0.20,44.25,0.00,0.00,0.00,0.00,0.00,0.00,0.00,0.00,0.00
218.79,0.43,93.36,218.18,0.21,45.51,0.00,0.00,0.00,0.00,0.00,0.00,0.00,0.00,0.00
216.90,0.43,93.02,220.32,0.21,46.57,0.00,0.00,0.00,0.00,0.00,0.00,0.00,0.00,0.00
218.89,0.43,93.39,218.26,0.21,45.63,0.00,0.00,0.00,0.00,0.00,0.00,0.00,0.00,0.00
218.92,0.43,93.65,219.14,0.21,46.06,0.00,0.00,0.00,0.00,0.00,0.00,0.00,0.00,0.00
215.40,0.43,92.32,219.80,0.21,46.37,0.00,0.00,0.00,0.00,0.00,0.00,0.00,0.00,0.00
217.02,0.43,92.56,218.09,0.21,45.54,0.00,0.00,0.00,0.00,0.00,0.00,0.00,0.00,0.00
216.80,0.43,92.57,218.50,0.21,45.72,0.00,0.00,0.00,0.00,0.00,0.00,0.00,0.00,0.00
215.10,0.43,91.70,218.20,0.21,45.41,0.00,0.00,0.00,0.00,0.00,0.00,0.00,0.00,0.00
219.61,0.43,94.20,219.71,0.21,46.38,0.00,0.00,0.00,0.00,0.00,0.00,0.00,0.00,0.00
214.97,0.43,92.04,219.31,0.21,46.16,0.00,0.00,0.00,0.00,0.00,0.00,0.00,0.00,0.00
217.68,0.43,92.99,218.67,0.21,45.76,0.00,0.00,0.00,0.00,0.00,0.00,0.00,0.00,0.00
219.67,0.43,94.19,220.56,0.21,46.54,0.00,0.00,0.00,0.00,0.00,0.00,0.00,0.00,0.00
218.28,0.43,94.55,223.31,0.21,48.13,0.00,0.00,0.00,0.00,0.00,0.00,0.00,0.00,0.00
218.01,0.43,93.39,219.45,0.21,46.17,0.00,0.00,0.00,0.00,0.00,0.00,0.00,0.00,0.00
220.79,0.43,93.97,217.70,0.21,45.07,0.00,0.00,0.00,0.00,0.00,0.00,0.00,0.00,0.00
218.24,0.43,93.29,218.98,0.21,45.85,0.00,0.00,0.00,0.00,0.00,0.00,0.00,0.00,0.00
218.49,0.43,93.62,219.95,0.21,46.38,0.00,0.00,0.00,0.00,0.00,0.00,0.00,0.00,0.00
218.27,0.43,93.21,218.47,0.21,45.64,0.00,0.00,0.00,0.00,0.00,0.00,0.00,0.00,0.00
219.13,0.43,93.62,218.98,0.21,45.81,0.00,0.00,0.00,0.00,0.00,0.00,0.00,0.00,0.00
217.72,0.42,92.29,214.26,0.20,44.10,0.00,0.00,0.00,0.00,0.00,0.00,0.00,0.00,0.00
217.76,0.43,93.12,219.20,0.21,46.03,0.00,0.00,0.00,0.00,0.00,0.00,0.00,0.00,0.00
220.91,0.43,94.70,220.52,0.21,46.42,0.00,0.00,0.00,0.00,0.00,0.00,0.00,0.00,0.00
216.89,0.43,92.67,218.22,0.21,45.73,0.00,0.00,0.00,0.00,0.00,0.00,0.00,0.00,0.00
217.92,0.43,93.11,219.35,0.21,45.97,0.00,0.00,0.00,0.00,0.00,0.00,0.00,0.00,0.00
216.41,0.43,92.97,221.93,0.21,47.05,0.00,0.00,0.00,0.00,0.00,0.00,0.00,0.00,0.00
218.13,0.43,93.32,219.85,0.21,46.11,0.00,0.00,0.00,0.00,0.00,0.00,0.00,0.00,0.00
217.67,0.43,93.01,218.90,0.21,45.88,0.00,0.00,0.00,0.00,0.00,0.00,0.00,0.00,0.00
217.47,0.42,92.42,215.85,0.21,44.82,0.00,0.00,0.00,0.00,0.00,0.00,0.00,0.00,0.00
217.70,0.43,93.18,219.98,0.21,46.26,0.00,0.00,0.00,0.00,0.00,0.00,0.00,0.00,0.00
217.41,0.43,92.63,217.37,0.21,45.21,0.00,0.00,0.00,0.00,0.00,0.00,0.00,0.00,0.00
218.00,0.43,93.35,219.36,0.21,46.06,0.00,0.00,0.00,0.00,0.00,0.00,0.00,0.00,0.00
218.37,0.43,93.60,220.18,0.21,46.47,0.00,0.00,0.00,0.00,0.00,0.00,0.00,0.00,0.00
216.93,0.43,92.72,218.89,0.21,45.90,0.00,0.00,0.00,0.00,0.00,0.00,0.00,0.00,0.00
221.04,1.66,367.30,0.00,0.12,0.00,220.34,0.46,169.54,0.00,0.76,0.00,0.00,0.32,0.00
221.04,1.01,223.56,0.00,0.12,0.00,220.34,0.13,14.14,0.00,0.44,0.00,0.00,0.32,0.00
219.15,0.61,132.95,0.00,0.10,0.00,0.00,0.00,0.00,0.00,0.21,0.00,0.00,0.30,0.00
219.22,0.57,124.17,0.00,0.08,0.00,0.00,0.00,0.00,0.00,0.20,0.00,0.00,0.29,0.00
218.17,0.47,102.03,0.00,0.07,0.00,0.00,0.00,0.00,0.00,0.21,0.00,0.00,0.19,0.00
218.78,0.34,75.26,0.00,0.07,0.00,0.00,0.00,0.00,0.00,0.18,0.00,0.00,0.09,0.00
218.60,0.31,67.28,0.00,0.06,0.00,0.00,0.00,0.00,0.00,0.17,0.00,0.00,0.08,0.00
221.23,0.29,64.85,0.00,0.06,0.00,0.00,0.00,0.00,0.00,0.16,0.00,0.00,0.07,0.00
218.51,0.23,49.50,0.00,0.00,0.00,0.00,0.00,0.00,0.00,0.16,0.00,0.00,0.07,0.00
217.88,0.21,45.78,0.00,0.00,0.00,0.00,0.00,0.00,0.00,0.15,0.00,0.00,0.06,0.00
217.30,0.14,31.38,0.00,0.00,0.00,0.00,0.00,0.00,0.00,0.14,0.00,0.00,0.00,0.00
218.41,0.13,28.95,0.00,0.00,0.00,0.00,0.00,0.00,0.00,0.13,0.00,0.00,0.00,0.00
218.43,0.13,28.33,0.00,0.00,0.00,0.00,0.00,0.00,0.00,0.13,0.00,0.00,0.00,0.00
212.08,0.12,26.16,0.00,0.00,0.00,0.00,0.00,0.00,0.00,0.12,0.00,0.00,0.00,0.00
216.39,0.12,25.71,0.00,0.00,0.00,0.00,0.00,0.00,0.00,0.12,0.00,0.00,0.00,0.00
217.18,0.12,25.55,0.00,0.00,0.00,0.00,0.00,0.00,0.00,0.12,0.00,0.00,0.00,0.00
218.52,0.11,24.56,0.00,0.00,0.00,0.00,0.00,0.00,0.00,0.11,0.00,0.00,0.00,0.00
218.94,0.11,23.74,0.00,0.00,0.00,0.00,0.00,0.00,0.00,0.11,0.00,0.00,0.00,0.00
218.11,0.11,22.96,0.00,0.00,0.00,0.00,0.00,0.00,0.00,0.11,0.00,0.00,0.00,0.00
217.94,0.10,21.04,0.00,0.00,0.00,0.00,0.00,0.00,0.00,0.10,0.00,0.00,0.00,0.00
219.23,0.09,20.44,0.00,0.00,0.00,0.00,0.00,0.00,0.00,0.09,0.00,0.00,0.00,0.00
216.68,0.08,17.26,0.00,0.00,0.00,0.00,0.00,0.00,0.00,0.08,0.00,0.00,0.00,0.00
217.17,0.06,13.77,0.00,0.00,0.00,0.00,0.00,0.00,0.00,0.06,0.00,0.00,0.00,0.00
218.45,0.06,13.92,0.00,0.00,0.00,0.00,0.00,0.00,0.00,0.06,0.00,0.00,0.00,0.00
218.05,0.06,13.08,0.00,0.00,0.00,0.00,0.00,0.00,0.00,0.06,0.00,0.00,0.00,0.00
218.65,0.06,12.33,0.00,0.00,0.00,0.00,0.00,0.00,0.00,0.06,0.00,0.00,0.00,0.00
215.18,0.05,11.81,0.00,0.00,0.00,0.00,0.00,0.00,0.00,0.05,0.00,0.00,0.00,0.00
220.07,0.06,12.92,0.00,0.00,0.00,0.00,0.00,0.00,0.00,0.06,0.00,0.00,0.00,0.00
218.81,0.22,47.76,0.00,0.00,0.00,0.00,0.00,0.00,0.00,0.00,0.00,0.00,0.00,0.00
219.03,0.22,47.70,0.00,0.00,0.00,0.00,0.00,0.00,0.00,0.00,0.00,0.00,0.00,0.00
220.21,0.22,48.39,0.00,0.00,0.00,0.00,0.00,0.00,0.00,0.00,0.00,0.00,0.00,0.00
218.67,0.22,48.04,0.00,0.00,0.00,0.00,0.00,0.00,0.00,0.00,0.00,0.00,0.00,0.00
220.34,0.22,48.42,0.00,0.00,0.00,0.00,0.00,0.00,0.00,0.00,0.00,0.00,0.00,0.00
221.14,0.22,48.39,0.00,0.00,0.00,0.00,0.00,0.00,0.00,0.00,0.00,0.00,0.00,0.00
218.16,0.22,47.44,0.00,0.00,0.00,0.00,0.00,0.00,0.00,0.00,0.00,0.00,0.00,0.00
219.02,0.22,47.42,0.00,0.00,0.00,0.00,0.00,0.00,0.00,0.00,0.00,0.00,0.00,0.00
219.10,0.22,47.88,0.00,0.00,0.00,0.00,0.00,0.00,0.00,0.00,0.00,0.00,0.00,0.00
220.98,0.22,48.68,0.00,0.00,0.00,0.00,0.00,0.00,0.00,0.00,0.00,0.00,0.00,0.00
218.14,0.22,47.37,0.00,0.00,0.00,0.00,0.00,0.00,0.00,0.00,0.00,0.00,0.00,0.00
216.52,1.19,257.65,0.00,0.07,0.00,215.82,0.48,190.53,0.00,0.27,0.00,0.00,0.37,0.00
223.24,0.79,176.53,0.00,0.06,0.00,222.54,0.14,16.48,0.00,0.23,0.00,0.00,0.35,0.00
216.24,0.48,103.98,0.00,0.05,0.00,0.00,0.00,0.00,0.00,0.22,0.00,0.00,0.21,0.00
218.52,0.35,76.89,0.00,0.05,0.00,0.00,0.00,0.00,0.00,0.20,0.00,0.00,0.10,0.00
221.53,0.26,56.51,0.00,0.00,0.00,0.00,0.00,0.00,0.00,0.20,0.00,0.00,0.06,0.00
216.51,0.19,41.22,0.00,0.00,0.00,0.00,0.00,0.00,0.00,0.19,0.00,0.00,0.00,0.00
219.27,0.19,41.67,0.00,0.00,0.00,0.00,0.00,0.00,0.00,0.19,0.00,0.00,0.00,0.00
215.29,0.36,76.77,0.00,0.00,0.00,214.59,0.22,34.41,0.00,0.14,0.00,0.00,0.00,0.00
216.28,0.34,73.58,0.00,0.00,0.00,215.58,0.22,34.55,0.00,0.12,0.00,0.00,0.00,0.00
211.13,0.34,70.84,0.00,0.00,0.00,210.43,0.22,35.39,0.00,0.12,0.00,0.00,0.00,0.00
216.47,0.33,71.08,0.00,0.00,0.00,215.77,0.22,34.26,0.00,0.11,0.00,0.00,0.00,0.00
216.81,0.32,70.46,0.00,0.00,0.00,216.11,0.22,34.16,0.00,0.11,0.00,0.00,0.00,0.00
217.44,0.28,61.14,0.00,0.00,0.00,216.74,0.18,23.41,0.00,0.00,0.00,0.00,0.10,0.00
217.72,0.08,18.20,0.00,0.00,0.00,0.00,0.00,0.00,0.00,0.00,0.00,0.00,0.08,0.00
215.23,0.07,14.31,0.00,0.00,0.00,0.00,0.00,0.00,0.00,0.00,0.00,0.00,0.07,0.00
218.02,0.06,13.54,0.00,0.00,0.00,0.00,0.00,0.00,0.00,0.00,0.00,0.00,0.06,0.00
223.70,0.06,13.28,0.00,0.00,0.00,0.00,0.00,0.00,0.00,0.00,0.00,0.00,0.06,0.00
218.95,0.06,12.57,0.00,0.00,0.00,0.00,0.00,0.00,0.00,0.00,0.00,0.00,0.06,0.00
218.21,0.06,12.02,0.00,0.00,0.00,0.00,0.00,0.00,0.00,0.00,0.00,0.00,0.06,0.00
220.96,0.05,11.23,0.00,0.00,0.00,0.00,0.00,0.00,0.00,0.00,0.00,0.00,0.05,0.00
219.45,0.05,11.16,0.00,0.00,0.00,0.00,0.00,0.00,0.00,0.00,0.00,0.00,0.05,0.00
218.39,0.22,47.40,0.00,0.00,0.00,0.00,0.00,0.00,0.00,0.00,0.00,0.00,0.00,0.00
219.18,0.22,47.95,0.00,0.00,0.00,0.00,0.00,0.00,0.00,0.00,0.00,0.00,0.00,0.00
219.76,0.22,48.09,0.00,0.00,0.00,0.00,0.00,0.00,0.00,0.00,0.00,0.00,0.00,0.00
220.20,0.22,48.09,0.00,0.00,0.00,0.00,0.00,0.00,0.00,0.00,0.00,0.00,0.00,0.00
220.06,0.22,47.99,0.00,0.00,0.00,0.00,0.00,0.00,0.00,0.00,0.00,0.00,0.00,0.00
218.30,0.22,47.82,0.00,0.00,0.00,0.00,0.00,0.00,0.00,0.00,0.00,0.00,0.00,0.00
224.71,0.49,110.04,0.00,0.00,0.00,224.01,0.22,35.57,0.00,0.00,0.00,0.00,0.05,0.00
219.11,0.43,94.75,0.00,0.00,0.00,218.41,0.22,33.50,0.00,0.00,0.00,0.00,0.00,0.00
216.92,0.43,94.06,0.00,0.00,0.00,216.22,0.22,34.45,0.00,0.00,0.00,0.00,0.00,0.00
218.38,0.43,94.66,0.00,0.00,0.00,217.68,0.22,34.57,0.00,0.00,0.00,0.00,0.00,0.00
216.75,0.43,93.97,0.00,0.00,0.00,216.05,0.22,34.43,0.00,0.00,0.00,0.00,0.00,0.00
218.25,0.43,94.58,0.00,0.00,0.00,217.55,0.22,35.58,0.00,0.00,0.00,0.00,0.00,0.00
213.00,0.43,92.11,0.00,0.00,0.00,212.30,0.22,35.41,0.00,0.00,0.00,0.00,0.00,0.00
217.63,0.43,94.53,0.00,0.00,0.00,216.93,0.22,34.80,0.00,0.00,0.00,0.00,0.00,0.00
217.43,0.43,94.21,0.00,0.00,0.00,216.73,0.22,35.69,0.00,0.00,0.00,0.00,0.00,0.00
217.19,0.43,94.07,0.00,0.00,0.00,216.49,0.22,34.44,0.00,0.00,0.00,0.00,0.00,0.00
218.49,0.43,94.76,0.00,0.00,0.00,217.79,0.22,35.38,0.00,0.00,0.00,0.00,0.00,0.00
218.06,0.43,94.62,0.00,0.00,0.00,217.36,0.22,34.63,0.00,0.00,0.00,0.00,0.00,0.00
217.90,0.43,94.51,0.00,0.00,0.00,217.20,0.22,35.23,0.00,0.00,0.00,0.00,0.00,0.00
220.04,0.43,95.37,0.00,0.00,0.00,219.34,0.22,35.10,0.00,0.00,0.00,0.00,0.00,0.00
219.01,0.43,95.00,0.00,0.00,0.00,218.31,0.22,34.64,0.00,0.00,0.00,0.00,0.00,0.00
216.93,0.43,93.93,0.00,0.00,0.00,216.23,0.22,34.93,0.00,0.00,0.00,0.00,0.00,0.00
218.05,0.43,94.48,0.00,0.00,0.00,217.35,0.22,34.38,0.00,0.00,0.00,0.00,0.00,0.00
214.08,0.43,92.82,0.00,0.00,0.00,213.38,0.22,34.35,0.00,0.00,0.00,0.00,0.00,0.00
215.21,0.43,93.44,0.00,0.00,0.00,214.51,0.22,34.60,0.00,0.00,0.00,0.00,0.00,0.00
215.93,0.43,93.06,0.00,0.00,0.00,215.23,0.21,33.91,0.00,0.00,0.00,0.00,0.00,0.00
219.54,0.43,95.14,0.00,0.00,0.00,218.84,0.22,35.55,0.00,0.00,0.00,0.00,0.00,0.00
220.03,0.43,95.70,0.00,0.00,0.00,219.33,0.22,36.12,0.00,0.00,0.00,0.00,0.00,0.00
219.57,0.43,95.29,0.00,0.00,0.00,218.87,0.22,35.83,0.00,0.00,0.00,0.00,0.00,0.00
217.56,0.43,94.31,0.00,0.00,0.00,216.86,0.22,35.24,0.00,0.00,0.00,0.00,0.00,0.00
219.11,0.43,94.74,0.00,0.00,0.00,218.41,0.22,34.16,0.00,0.00,0.00,0.00,0.00,0.00
217.97,0.43,94.52,0.00,0.00,0.00,217.27,0.22,35.79,0.00,0.00,0.00,0.00,0.00,0.00
218.00,0.43,94.54,0.00,0.00,0.00,217.30,0.22,35.45,0.00,0.00,0.00,0.00,0.00,0.00
217.85,0.43,94.45,0.00,0.00,0.00,217.15,0.22,34.53,0.00,0.00,0.00,0.00,0.00,0.00
218.19,0.43,94.45,0.00,0.00,0.00,217.49,0.22,35.03,0.00,0.00,0.00,0.00,0.00,0.00
217.32,0.43,94.09,0.00,0.00,0.00,216.62,0.22,35.57,0.00,0.00,0.00,0.00,0.00,0.00
218.01,0.43,94.39,0.00,0.00,0.00,217.31,0.22,35.14,0.00,0.00,0.00,0.00,0.00,0.00
214.47,0.43,92.84,0.00,0.00,0.00,213.77,0.22,35.26,0.00,0.00,0.00,0.00,0.00,0.00
217.60,0.43,94.45,0.00,0.00,0.00,216.90,0.22,35.93,0.00,0.00,0.00,0.00,0.00,0.00
218.25,0.43,94.53,0.00,0.00,0.00,217.55,0.22,34.63,0.00,0.00,0.00,0.00,0.00,0.00
218.66,0.43,94.95,0.00,0.00,0.00,217.96,0.22,36.11,0.00,0.00,0.00,0.00,0.00,0.00
218.38,0.43,94.70,0.00,0.00,0.00,217.68,0.22,35.53,0.00,0.00,0.00,0.00,0.00,0.00
218.86,0.43,94.86,0.00,0.00,0.00,218.16,0.22,35.50,0.00,0.00,0.00,0.00,0.00,0.00
220.67,0.43,95.59,0.00,0.00,0.00,219.97,0.22,35.69,0.00,0.00,0.00,0.00,0.00,0.00
218.53,0.43,94.49,0.00,0.00,0.00,217.83,0.22,34.19,0.00,0.00,0.00,0.00,0.00,0.00
217.79,0.43,94.43,0.00,0.00,0.00,217.09,0.22,35.16,0.00,0.00,0.00,0.00,0.00,0.00
217.61,0.43,94.45,0.00,0.00,0.00,216.91,0.22,34.73,0.00,0.00,0.00,0.00,0.00,0.00
216.62,0.43,94.03,0.00,0.00,0.00,215.92,0.22,36.04,0.00,0.00,0.00,0.00,0.00,0.00
214.12,0.43,92.94,0.00,0.00,0.00,213.42,0.22,35.77,0.00,0.00,0.00,0.00,0.00,0.00
216.75,0.43,94.04,0.00,0.00,0.00,216.05,0.22,35.48,0.00,0.00,0.00,0.00,0.00,0.00
216.08,0.43,93.81,0.00,0.00,0.00,215.38,0.22,35.98,0.00,0.00,0.00,0.00,0.00,0.00
217.44,0.43,94.40,0.00,0.00,0.00,216.74,0.22,35.76,0.00,0.00,0.00,0.00,0.00,0.00
215.97,0.43,93.79,0.00,0.00,0.00,215.27,0.22,34.68,0.00,0.00,0.00,0.00,0.00,0.00
217.66,0.43,94.04,0.00,0.00,0.00,216.96,0.22,34.04,0.00,0.00,0.00,0.00,0.00,0.00
220.20,0.43,95.28,0.00,0.00,0.00,219.50,0.22,34.15,0.00,0.00,0.00,0.00,0.00,0.00
216.80,0.43,94.08,0.00,0.00,0.00,216.10,0.22,35.95,0.00,0.00,0.00,0.00,0.00,0.00
216.70,0.43,94.12,0.00,0.00,0.00,216.00,0.22,35.97,0.00,0.00,0.00,0.00,0.00,0.00
217.75,0.43,94.18,0.00,0.00,0.00,217.05,0.22,35.27,0.00,0.00,0.00,0.00,0.00,0.00
217.77,0.43,94.52,0.00,0.00,0.00,217.07,0.22,35.87,0.00,0.00,0.00,0.00,0.00,0.00
218.53,0.43,94.81,0.00,0.00,0.00,217.83,0.22,35.83,0.00,0.00,0.00,0.00,0.00,0.00
218.67,0.43,94.77,0.00,0.00,0.00,217.97,0.22,35.50,0.00,0.00,0.00,0.00,0.00,0.00
217.54,0.43,94.37,0.00,0.00,0.00,216.84,0.22,35.87,0.00,0.00,0.00,0.00,0.00,0.00
217.46,0.43,94.42,0.00,0.00,0.00,216.76,0.22,35.49,0.00,0.00,0.00,0.00,0.00,0.00
217.72,0.43,94.42,0.00,0.00,0.00,217.02,0.22,35.68,0.00,0.00,0.00,0.00,0.00,0.00
216.31,0.43,93.59,0.00,0.00,0.00,215.61,0.22,35.45,0.00,0.00,0.00,0.00,0.00,0.00
217.89,0.43,94.25,0.00,0.00,0.00,217.19,0.22,35.20,0.00,0.00,0.00,0.00,0.00,0.00
219.59,0.43,94.94,0.00,0.00,0.00,218.89,0.22,34.27,0.00,0.00,0.00,0.00,0.00,0.00
217.28,0.43,94.19,0.00,0.00,0.00,216.58,0.22,34.51,0.00,0.00,0.00,0.00,0.00,0.00
218.68,0.43,94.73,0.00,0.00,0.00,217.98,0.22,35.65,0.00,0.00,0.00,0.00,0.00,0.00
218.04,0.43,94.44,0.00,0.00,0.00,217.34,0.22,34.46,0.00,0.00,0.00,0.00,0.00,0.00
220.13,0.43,95.39,0.00,0.00,0.00,219.43,0.22,35.74,0.00,0.00,0.00,0.00,0.00,0.00
219.26,0.43,94.78,0.00,0.00,0.00,218.56,0.22,34.88,0.00,0.00,0.00,0.00,0.00,0.00
219.79,0.43,95.25,0.00,0.00,0.00,219.09,0.22,35.09,0.00,0.00,0.00,0.00,0.00,0.00
217.95,0.43,94.39,0.00,0.00,0.00,217.25,0.22,34.98,0.00,0.00,0.00,0.00,0.00,0.00
214.75,0.43,92.72,0.00,0.00,0.00,214.05,0.21,34.45,0.00,0.00,0.00,0.00,0.00,0.00
219.62,0.43,95.07,0.00,0.00,0.00,218.92,0.22,35.15,0.00,0.00,0.00,0.00,0.00,0.00
219.83,0.43,95.11,0.00,0.00,0.00,219.13,0.22,35.00,0.00,0.00,0.00,0.00,0.00,0.00
216.63,0.43,93.95,0.00,0.00,0.00,215.93,0.22,35.84,0.00,0.00,0.00,0.00,0.00,0.00
219.70,0.43,95.19,0.00,0.00,0.00,219.00,0.22,35.39,0.00,0.00,0.00,0.00,0.00,0.00
225.87,0.43,97.53,0.00,0.00,0.00,225.17,0.21,34.57,0.00,0.00,0.00,0.00,0.00,0.00
219.25,0.43,94.97,0.00,0.00,0.00,218.55,0.22,35.08,0.00,0.00,0.00,0.00,0.00,0.00
218.11,0.43,94.43,0.00,0.00,0.00,217.41,0.22,34.31,0.00,0.00,0.00,0.00,0.00,0.00
219.21,0.43,94.96,0.00,0.00,0.00,218.51,0.22,35.63,0.00,0.00,0.00,0.00,0.00,0.00
220.32,0.43,95.45,0.00,0.00,0.00,219.62,0.22,35.44,0.00,0.00,0.00,0.00,0.00,0.00
218.39,0.43,94.50,0.00,0.00,0.00,217.69,0.22,34.23,0.00,0.00,0.00,0.00,0.00,0.00
218.09,0.43,94.49,0.00,0.00,0.00,217.39,0.22,35.68,0.00,0.00,0.00,0.00,0.00,0.00
217.81,0.43,94.32,0.00,0.00,0.00,217.11,0.22,35.43,0.00,0.00,0.00,0.00,0.00,0.00
218.10,0.43,94.17,0.00,0.00,0.00,217.40,0.21,34.29,0.00,0.00,0.00,0.00,0.00,0.00
218.28,0.43,94.38,0.00,0.00,0.00,217.58,0.22,34.39,0.00,0.00,0.00,0.00,0.00,0.00
219.01,0.43,94.42,0.00,0.00,0.00,218.31,0.21,34.93,0.00,0.00,0.00,0.00,0.00,0.00
218.85,0.43,94.88,0.00,0.00,0.00,218.15,0.22,35.12,0.00,0.00,0.00,0.00,0.00,0.00
216.05,0.43,93.69,0.00,0.00,0.00,215.35,0.22,34.62,0.00,0.00,0.00,0.00,0.00,0.00
218.59,0.43,94.99,0.00,0.00,0.00,217.89,0.22,36.03,0.00,0.00,0.00,0.00,0.00,0.00
217.90,0.43,94.47,0.00,0.00,0.00,217.20,0.22,35.58,0.00,0.00,0.00,0.00,0.00,0.00
216.13,0.43,93.75,0.00,0.00,0.00,215.43,0.22,35.76,0.00,0.00,0.00,0.00,0.00,0.00
218.30,0.43,94.73,0.00,0.00,0.00,217.60,0.22,35.85,0.00,0.00,0.00,0.00,0.00,0.00
218.90,0.43,94.90,0.00,0.00,0.00,218.20,0.22,34.71,0.00,0.00,0.00,0.00,0.00,0.00
215.48,0.43,93.44,0.00,0.00,0.00,214.78,0.22,35.75,0.00,0.00,0.00,0.00,0.00,0.00
217.36,0.43,94.27,0.00,0.00,0.00,216.66,0.22,35.78,0.00,0.00,0.00,0.00,0.00,0.00
215.46,0.43,93.39,0.00,0.00,0.00,214.76,0.22,35.76,0.00,0.00,0.00,0.00,0.00,0.00
213.97,0.43,92.77,0.00,0.00,0.00,213.27,0.22,35.68,0.00,0.00,0.00,0.00,0.00,0.00
218.42,0.43,94.75,0.00,0.00,0.00,217.72,0.22,35.77,0.00,0.00,0.00,0.00,0.00,0.00
217.48,0.43,94.25,0.00,0.00,0.00,216.78,0.22,35.72,0.00,0.00,0.00,0.00,0.00,0.00
217.03,0.43,94.29,0.00,0.00,0.00,216.33,0.22,35.98,0.00,0.00,0.00,0.00,0.00,0.00
216.99,0.43,94.18,0.00,0.00,0.00,216.29,0.22,35.82,0.00,0.00,0.00,0.00,0.00,0.00
212.78,0.43,92.34,0.00,0.00,0.00,212.08,0.22,35.76,0.00,0.00,0.00,0.00,0.00,0.00
217.44,0.43,94.17,0.00,0.00,0.00,216.74,0.22,35.46,0.00,0.00,0.00,0.00,0.00,0.00
217.01,0.43,93.95,0.00,0.00,0.00,216.31,0.22,34.50,0.00,0.00,0.00,0.00,0.00,0.00
216.13,0.43,93.55,0.00,0.00,0.00,215.43,0.22,34.73,0.00,0.00,0.00,0.00,0.00,0.00
219.35,0.43,95.11,0.00,0.00,0.00,218.65,0.22,35.48,0.00,0.00,0.00,0.00,0.00,0.00
217.42,0.43,94.35,0.00,0.00,0.00,216.72,0.22,35.79,0.00,0.00,0.00,0.00,0.00,0.00
218.44,0.43,94.76,0.00,0.00,0.00,217.74,0.22,35.71,0.00,0.00,0.00,0.00,0.00,0.00
218.63,0.43,94.86,0.00,0.00,0.00,217.93,0.22,34.98,0.00,0.00,0.00,0.00,0.00,0.00
215.90,0.43,93.68,0.00,0.00,0.00,215.20,0.22,35.61,0.00,0.00,0.00,0.00,0.00,0.00
216.21,0.43,93.47,0.00,0.00,0.00,215.51,0.22,35.26,0.00,0.00,0.00,0.00,0.00,0.00
216.72,0.43,94.02,0.00,0.00,0.00,216.02,0.22,35.71,0.00,0.00,0.00,0.00,0.00,0.00
218.80,0.43,94.80,0.00,0.00,0.00,218.10,0.22,35.59,0.00,0.00,0.00,0.00,0.00,0.00
219.38,0.43,95.08,0.00,0.00,0.00,218.68,0.22,34.61,0.00,0.00,0.00,0.00,0.00,0.00
218.39,0.43,94.61,0.00,0.00,0.00,217.69,0.22,35.08,0.00,0.00,0.00,0.00,0.00,0.00
218.39,0.43,94.39,0.00,0.00,0.00,217.69,0.22,35.27,0.00,0.00,0.00,0.00,0.00,0.00
220.07,0.43,95.37,0.00,0.00,0.00,219.37,0.22,35.61,0.00,0.00,0.00,0.00,0.00,0.00
220.00,0.43,95.09,0.00,0.00,0.00,219.30,0.22,35.27,0.00,0.00,0.00,0.00,0.00,0.00
218.21,0.43,94.62,0.00,0.00,0.00,217.51,0.22,35.76,0.00,0.00,0.00,0.00,0.00,0.00
217.21,0.43,94.32,0.00,0.00,0.00,216.51,0.22,34.73,0.00,0.00,0.00,0.00,0.00,0.00
217.27,0.43,94.29,0.00,0.00,0.00,216.57,0.22,35.81,0.00,0.00,0.00,0.00,0.00,0.00
216.82,0.43,93.96,0.00,0.00,0.00,216.12,0.22,35.54,0.00,0.00,0.00,0.00,0.00,0.00
218.89,0.43,95.00,0.00,0.00,0.00,218.19,0.22,35.24,0.00,0.00,0.00,0.00,0.00,0.00
217.52,0.43,94.38,0.00,0.00,0.00,216.82,0.22,35.83,0.00,0.00,0.00,0.00,0.00,0.00
218.36,0.43,94.57,0.00,0.00,0.00,217.66,0.22,35.39,0.00,0.00,0.00,0.00,0.00,0.00
217.16,0.43,94.33,0.00,0.00,0.00,216.46,0.22,34.91,0.00,0.00,0.00,0.00,0.00,0.00
217.80,0.43,94.51,0.00,0.00,0.00,217.10,0.22,34.74,0.00,0.00,0.00,0.00,0.00,0.00
217.66,0.43,94.27,0.00,0.00,0.00,216.96,0.22,35.36,0.00,0.00,0.00,0.00,0.00,0.00
218.31,0.43,94.70,0.00,0.00,0.00,217.61,0.22,35.68,0.00,0.00,0.00,0.00,0.00,0.00
217.04,0.43,94.22,0.00,0.00,0.00,216.34,0.22,35.67,0.00,0.00,0.00,0.00,0.00,0.00
214.37,0.43,92.60,0.00,0.00,0.00,213.67,0.21,35.16,0.00,0.00,0.00,0.00,0.00,0.00
216.81,0.43,94.07,0.00,0.00,0.00,216.11,0.22,35.42,0.00,0.00,0.00,0.00,0.00,0.00
217.54,0.43,94.45,0.00,0.00,0.00,216.84,0.22,34.82,0.00,0.00,0.00,0.00,0.00,0.00
217.71,0.43,94.48,0.00,0.00,0.00,217.01,0.22,34.69,0.00,0.00,0.00,0.00,0.00,0.00
216.93,0.43,93.93,0.00,0.00,0.00,216.23,0.22,34.72,0.00,0.00,0.00,0.00,0.00,0.00
216.77,0.43,93.85,0.00,0.00,0.00,216.07,0.22,35.53,0.00,0.00,0.00,0.00,0.00,0.00
218.44,0.43,94.78,0.00,0.00,0.00,217.74,0.22,34.73,0.00,0.00,0.00,0.00,0.00,0.00
217.45,0.43,94.09,0.00,0.00,0.00,216.75,0.22,35.01,0.00,0.00,0.00,0.00,0.00,0.00
218.01,0.43,94.41,0.00,0.00,0.00,217.31,0.22,35.34,0.00,0.00,0.00,0.00,0.00,0.00
217.31,0.43,94.38,0.00,0.00,0.00,216.61,0.22,35.89,0.00,0.00,0.00,0.00,0.00,0.00
215.57,0.43,93.45,0.00,0.00,0.00,214.87,0.22,35.48,0.00,0.00,0.00,0.00,0.00,0.00
219.36,0.43,94.94,0.00,0.00,0.00,218.66,0.22,35.36,0.00,0.00,0.00,0.00,0.00,0.00
215.22,0.43,93.17,0.00,0.00,0.00,214.52,0.22,34.39,0.00,0.00,0.00,0.00,0.00,0.00
219.07,0.43,94.82,0.00,0.00,0.00,218.37,0.22,34.28,0.00,0.00,0.00,0.00,0.00,0.00
218.47,0.43,94.64,0.00,0.00,0.00,217.77,0.22,35.20,0.00,0.00,0.00,0.00,0.00,0.00
218.89,0.43,94.93,0.00,0.00,0.00,218.19,0.22,34.50,0.00,0.00,0.00,0.00,0.00,0.00
220.05,0.43,95.27,0.00,0.00,0.00,219.35,0.22,35.11,0.00,0.00,0.00,0.00,0.00,0.00
218.67,0.43,94.95,0.00,0.00,0.00,217.97,0.22,34.65,0.00,0.00,0.00,0.00,0.00,0.00
217.42,0.43,94.36,0.00,0.00,0.00,216.72,0.22,34.66,0.00,0.00,0.00,0.00,0.00,0.00
218.56,0.43,94.92,0.00,0.00,0.00,217.86,0.22,34.65,0.00,0.00,0.00,0.00,0.00,0.00
217.19,0.43,94.15,0.00,0.00,0.00,216.49,0.22,34.40,0.00,0.00,0.00,0.00,0.00,0.00
218.10,0.43,94.66,0.00,0.00,0.00,217.40,0.22,35.18,0.00,0.00,0.00,0.00,0.00,0.00
218.66,0.43,95.00,0.00,0.00,0.00,217.96,0.22,34.96,0.00,0.00,0.00,0.00,0.00,0.00
215.32,0.43,93.35,0.00,0.00,0.00,214.62,0.22,35.54,0.00,0.00,0.00,0.00,0.00,0.00
217.39,0.43,94.27,0.00,0.00,0.00,216.69,0.22,35.61,0.00,0.00,0.00,0.00,0.00,0.00
216.98,0.43,94.05,0.00,0.00,0.00,216.28,0.22,35.34,0.00,0.00,0.00,0.00,0.00,0.00
217.85,0.43,94.40,0.00,0.00,0.00,217.15,0.22,34.60,0.00,0.00,0.00,0.00,0.00,0.00
217.19,0.43,94.30,0.00,0.00,0.00,216.49,0.22,34.68,0.00,0.00,0.00,0.00,0.00,0.00
217.31,0.43,94.14,0.00,0.00,0.00,216.61,0.22,35.35,0.00,0.00,0.00,0.00,0.00,0.00
214.35,0.43,93.11,0.00,0.00,0.00,213.65,0.22,34.78,0.00,0.00,0.00,0.00,0.00,0.00
218.27,0.43,94.60,0.00,0.00,0.00,217.57,0.22,35.49,0.00,0.00,0.00,0.00,0.00,0.00
217.38,0.43,94.40,0.00,0.00,0.00,216.68,0.22,35.25,0.00,0.00,0.00,0.00,0.00,0.00
220.27,0.43,95.52,0.00,0.00,0.00,219.57,0.22,35.47,0.00,0.00,0.00,0.00,0.00,0.00
215.37,0.43,93.42,0.00,0.00,0.00,214.67,0.22,35.52,0.00,0.00,0.00,0.00,0.00,0.00
218.86,0.43,94.91,0.00,0.00,0.00,218.16,0.22,34.69,0.00,0.00,0.00,0.00,0.00,0.00
220.08,0.43,95.23,0.00,0.00,0.00,219.38,0.22,34.74,0.00,0.00,0.00,0.00,0.00,0.00
219.61,0.43,95.44,0.00,0.00,0.00,218.91,0.22,35.98,0.00,0.00,0.00,0.00,0.00,0.00
218.80,0.43,94.95,0.00,0.00,0.00,218.10,0.22,35.64,0.00,0.00,0.00,0.00,0.00,0.00
219.37,0.43,94.90,0.00,0.00,0.00,218.67,0.22,35.09,0.00,0.00,0.00,0.00,0.00,0.00
218.96,0.43,94.96,0.00,0.00,0.00,218.26,0.22,35.58,0.00,0.00,0.00,0.00,0.00,0.00
217.42,0.43,94.37,0.00,0.00,0.00,216.72,0.22,34.76,0.00,0.00,0.00,0.00,0.00,0.00
217.83,0.43,94.26,0.00,0.00,0.00,217.13,0.22,35.19,0.00,0.00,0.00,0.00,0.00,0.00
221.65,0.43,95.86,0.00,0.00,0.00,220.95,0.22,35.27,0.00,0.00,0.00,0.00,0.00,0.00
221.18,0.43,95.93,0.00,0.00,0.00,220.48,0.22,34.84,0.00,0.00,0.00,0.00,0.00,0.00
218.32,0.43,94.47,0.00,0.00,0.00,217.62,0.22,35.37,0.00,0.00,0.00,0.00,0.00,0.00
216.58,0.43,93.65,0.00,0.00,0.00,215.88,0.22,34.80,0.00,0.00,0.00,0.00,0.00,0.00
216.85,0.43,94.08,0.00,0.00,0.00,216.15,0.22,35.66,0.00,0.00,0.00,0.00,0.00,0.00
217.23,0.43,94.12,0.00,0.00,0.00,216.53,0.22,35.37,0.00,0.00,0.00,0.00,0.00,0.00
218.55,0.43,94.49,0.00,0.00,0.00,217.85,0.22,34.15,0.00,0.00,0.00,0.00,0.00,0.00
218.54,0.43,94.39,0.00,0.00,0.00,217.84,0.21,34.60,0.00,0.00,0.00,0.00,0.00,0.00
218.60,0.43,94.58,0.00,0.00,0.00,217.90,0.22,34.67,0.00,0.00,0.00,0.00,0.00,0.00
217.16,0.43,94.16,0.00,0.00,0.00,216.46,0.22,35.51,0.00,0.00,0.00,0.00,0.00,0.00
218.15,0.43,94.59,0.00,0.00,0.00,217.45,0.22,35.59,0.00,0.00,0.00,0.00,0.00,0.00
217.09,0.43,94.31,0.00,0.00,0.00,216.39,0.22,34.95,0.00,0.00,0.00,0.00,0.00,0.00
216.74,0.43,93.73,0.00,0.00,0.00,216.04,0.22,35.22,0.00,0.00,0.00,0.00,0.00,0.00
216.06,0.43,93.63,0.00,0.00,0.00,215.36,0.22,35.33,0.00,0.00,0.00,0.00,0.00,0.00
216.94,0.43,93.89,0.00,0.00,0.00,216.24,0.22,35.13,0.00,0.00,0.00,0.00,0.00,0.00
217.07,0.43,94.05,0.00,0.00,0.00,216.37,0.22,35.37,0.00,0.00,0.00,0.00,0.00,0.00
221.51,0.43,96.02,0.00,0.00,0.00,220.81,0.22,34.64,0.00,0.00,0.00,0.00,0.00,0.00
216.02,0.43,93.39,0.00,0.00,0.00,215.32,0.22,35.10,0.00,0.00,0.00,0.00,0.00,0.00
216.73,0.43,93.97,0.00,0.00,0.00,216.03,0.22,35.29,0.00,0.00,0.00,0.00,0.00,0.00
217.34,0.43,94.51,0.00,0.00,0.00,216.64,0.22,34.93,0.00,0.00,0.00,0.00,0.00,0.00
216.45,0.43,93.78,0.00,0.00,0.00,215.75,0.22,35.47,0.00,0.00,0.00,0.00,0.00,0.00
215.72,0.43,93.24,0.00,0.00,0.00,215.02,0.22,34.90,0.00,0.00,0.00,0.00,0.00,0.00
217.41,0.43,94.24,0.00,0.00,0.00,216.71,0.22,35.40,0.00,0.00,0.00,0.00,0.00,0.00
217.54,0.43,94.22,0.00,0.00,0.00,216.84,0.22,35.44,0.00,0.00,0.00,0.00,0.00,0.00
217.18,0.43,94.06,0.00,0.00,0.00,216.48,0.22,35.38,0.00,0.00,0.00,0.00,0.00,0.00
217.05,0.43,94.18,0.00,0.00,0.00,216.35,0.22,35.52,0.00,0.00,0.00,0.00,0.00,0.00
217.83,0.43,94.42,0.00,0.00,0.00,217.13,0.22,35.40,0.00,0.00,0.00,0.00,0.00,0.00
217.63,0.43,94.32,0.00,0.00,0.00,216.93,0.22,35.38,0.00,0.00,0.00,0.00,0.00,0.00
215.19,0.43,93.24,0.00,0.00,0.00,214.49,0.22,34.64,0.00,0.00,0.00,0.00,0.00,0.00
217.42,0.43,94.39,0.00,0.00,0.00,216.72,0.22,34.74,0.00,0.00,0.00,0.00,0.00,0.00
217.18,0.43,94.15,0.00,0.00,0.00,216.48,0.22,34.61,0.00,0.00,0.00,0.00,0.00,0.00
216.99,0.43,94.09,0.00,0.00,0.00,216.29,0.22,35.46,0.00,0.00,0.00,0.00,0.00,0.00
219.13,0.43,94.84,0.00,0.00,0.00,218.43,0.22,34.34,0.00,0.00,0.00,0.00,0.00,0.00
218.14,0.43,94.26,0.00,0.00,0.00,217.44,0.22,35.16,0.00,0.00,0.00,0.00,0.00,0.00
218.91,0.43,94.63,0.00,0.00,0.00,218.21,0.22,35.10,0.00,0.00,0.00,0.00,0.00,0.00
219.48,0.43,95.10,0.00,0.00,0.00,218.78,0.22,35.44,0.00,0.00,0.00,0.00,0.00,0.00
217.46,0.43,94.11,0.00,0.00,0.00,216.76,0.22,35.16,0.00,0.00,0.00,0.00,0.00,0.00
218.75,0.43,94.54,0.00,0.00,0.00,218.05,0.22,34.23,0.00,0.00,0.00,0.00,0.00,0.00
219.56,0.43,95.01,0.00,0.00,0.00,218.86,0.22,35.37,0.00,0.00,0.00,0.00,0.00,0.00
219.23,0.43,94.78,0.00,0.00,0.00,218.53,0.22,34.22,0.00,0.00,0.00,0.00,0.00,0.00
219.60,0.43,95.10,0.00,0.00,0.00,218.90,0.22,34.52,0.00,0.00,0.00,0.00,0.00,0.00
219.02,0.43,94.80,0.00,0.00,0.00,218.32,0.22,34.35,0.00,0.00,0.00,0.00,0.00,0.00
216.45,0.43,93.91,0.00,0.00,0.00,215.75,0.22,35.56,0.00,0.00,0.00,0.00,0.00,0.00
217.83,0.43,94.49,0.00,0.00,0.00,217.13,0.22,35.48,0.00,0.00,0.00,0.00,0.00,0.00
219.48,0.43,95.05,0.00,0.00,0.00,218.78,0.22,34.44,0.00,0.00,0.00,0.00,0.00,0.00
218.28,0.43,94.49,0.00,0.00,0.00,217.58,0.22,34.69,0.00,0.00,0.00,0.00,0.00,0.00
218.64,0.43,94.69,0.00,0.00,0.00,217.94,0.22,35.37,0.00,0.00,0.00,0.00,0.00,0.00
215.68,0.43,93.35,0.00,0.00,0.00,214.98,0.22,35.12,0.00,0.00,0.00,0.00,0.00,0.00
218.28,0.43,94.54,0.00,0.00,0.00,217.58,0.22,34.48,0.00,0.00,0.00,0.00,0.00,0.00
216.47,0.43,93.62,0.00,0.00,0.00,215.77,0.22,34.79,0.00,0.00,0.00,0.00,0.00,0.00
215.73,0.43,93.35,0.00,0.00,0.00,215.03,0.22,34.32,0.00,0.00,0.00,0.00,0.00,0.00
216.44,0.43,94.08,0.00,0.00,0.00,215.74,0.22,35.82,0.00,0.00,0.00,0.00,0.00,0.00
216.17,0.43,93.75,0.00,0.00,0.00,215.47,0.22,34.91,0.00,0.00,0.00,0.00,0.00,0.00
216.51,0.43,93.73,0.00,0.00,0.00,215.81,0.22,35.26,0.00,0.00,0.00,0.00,0.00,0.00
217.84,0.43,94.46,0.00,0.00,0.00,217.14,0.22,35.42,0.00,0.00,0.00,0.00,0.00,0.00
216.19,0.43,93.77,0.00,0.00,0.00,215.49,0.22,34.74,0.00,0.00,0.00,0.00,0.00,0.00
218.82,0.43,94.65,0.00,0.00,0.00,218.12,0.22,34.24,0.00,0.00,0.00,0.00,0.00,0.00
218.27,0.43,94.30,0.00,0.00,0.00,217.57,0.21,34.08,0.00,0.00,0.00,0.00,0.00,0.00
217.93,0.43,94.17,0.00,0.00,0.00,217.23,0.22,35.14,0.00,0.00,0.00,0.00,0.00,0.00
219.70,0.43,95.13,0.00,0.00,0.00,219.00,0.22,35.23,0.00,0.00,0.00,0.00,0.00,0.00
219.22,0.43,94.91,0.00,0.00,0.00,218.52,0.22,35.21,0.00,0.00,0.00,0.00,0.00,0.00
218.74,0.43,94.61,0.00,0.00,0.00,218.04,0.22,35.11,0.00,0.00,0.00,0.00,0.00,0.00
216.42,0.43,93.66,0.00,0.00,0.00,215.72,0.22,35.18,0.00,0.00,0.00,0.00,0.00,0.00
218.87,0.43,94.57,0.00,0.00,0.00,218.17,0.22,34.13,0.00,0.00,0.00,0.00,0.00,0.00
218.03,0.43,94.40,0.00,0.00,0.00,217.33,0.22,34.93,0.00,0.00,0.00,0.00,0.00,0.00
220.38,0.43,95.40,0.00,0.00,0.00,219.68,0.22,34.96,0.00,0.00,0.00,0.00,0.00,0.00
219.05,0.43,94.87,0.00,0.00,0.00,218.35,0.22,35.24,0.00,0.00,0.00,0.00,0.00,0.00
218.75,0.43,94.73,0.00,0.00,0.00,218.05,0.22,35.15,0.00,0.00,0.00,0.00,0.00,0.00
216.41,0.43,93.51,0.00,0.00,0.00,215.71,0.22,34.94,0.00,0.00,0.00,0.00,0.00,0.00
217.47,0.43,94.28,0.00,0.00,0.00,216.77,0.22,34.68,0.00,0.00,0.00,0.00,0.00,0.00
219.05,0.43,94.73,0.00,0.00,0.00,218.35,0.22,35.05,0.00,0.00,0.00,0.00,0.00,0.00
218.61,0.43,94.50,0.00,0.00,0.00,217.91,0.22,34.97,0.00,0.00,0.00,0.00,0.00,0.00
218.36,0.43,94.67,0.00,0.00,0.00,217.66,0.22,35.26,0.00,0.00,0.00,0.00,0.00,0.00
216.65,0.43,93.94,0.00,0.00,0.00,215.95,0.22,34.87,0.00,0.00,0.00,0.00,0.00,0.00
217.31,0.43,94.28,0.00,0.00,0.00,216.61,0.22,35.67,0.00,0.00,0.00,0.00,0.00,0.00
212.55,0.43,92.10,0.00,0.00,0.00,211.85,0.22,35.08,0.00,0.00,0.00,0.00,0.00,0.00
212.92,0.43,92.37,0.00,0.00,0.00,212.22,0.22,35.53,0.00,0.00,0.00,0.00,0.00,0.00
218.34,0.43,94.70,0.00,0.00,0.00,217.64,0.22,34.67,0.00,0.00,0.00,0.00,0.00,0.00
217.37,0.43,94.16,0.00,0.00,0.00,216.67,0.22,34.52,0.00,0.00,0.00,0.00,0.00,0.00
218.30,0.43,94.70,0.00,0.00,0.00,217.60,0.22,34.62,0.00,0.00,0.00,0.00,0.00,0.00
214.34,0.43,92.88,0.00,0.00,0.00,213.64,0.22,35.04,0.00,0.00,0.00,0.00,0.00,0.00
218.12,0.43,94.59,0.00,0.00,0.00,217.42,0.22,34.63,0.00,0.00,0.00,0.00,0.00,0.00
216.72,0.43,93.89,0.00,0.00,0.00,216.02,0.22,35.34,0.00,0.00,0.00,0.00,0.00,0.00
217.57,0.43,94.07,0.00,0.00,0.00,216.87,0.22,34.31,0.00,0.00,0.00,0.00,0.00,0.00
210.29,0.43,91.09,0.00,0.00,0.00,209.59,0.22,35.44,0.00,0.00,0.00,0.00,0.00,0.00
217.43,0.43,93.99,0.00,0.00,0.00,216.73,0.22,34.94,0.00,0.00,0.00,0.00,0.00,0.00
218.69,0.43,94.57,0.00,0.00,0.00,217.99,0.22,35.10,0.00,0.00,0.00,0.00,0.00,0.00
219.04,0.43,94.80,0.00,0.00,0.00,218.34,0.22,35.14,0.00,0.00,0.00,0.00,0.00,0.00
218.60,0.43,94.70,0.00,0.00,0.00,217.90,0.22,35.23,0.00,0.00,0.00,0.00,0.00,0.00
217.69,0.43,94.06,0.00,0.00,0.00,216.99,0.22,34.58,0.00,0.00,0.00,0.00,0.00,0.00
218.63,0.43,94.48,0.00,0.00,0.00,217.93,0.22,34.99,0.00,0.00,0.00,0.00,0.00,0.00
219.00,0.43,94.77,0.00,0.00,0.00,218.30,0.22,35.18,0.00,0.00,0.00,0.00,0.00,0.00
218.51,0.43,94.67,0.00,0.00,0.00,217.81,0.22,35.16,0.00,0.00,0.00,0.00,0.00,0.00
218.61,0.43,94.61,0.00,0.00,0.00,217.91,0.22,35.20,0.00,0.00,0.00,0.00,0.00,0.00
219.20,0.43,94.91,0.00,0.00,0.00,218.50,0.22,35.27,0.00,0.00,0.00,0.00,0.00,0.00
218.22,0.43,94.59,0.00,0.00,0.00,217.52,0.22,35.43,0.00,0.00,0.00,0.00,0.00,0.00
219.58,0.43,95.20,0.00,0.00,0.00,218.88,0.22,34.65,0.00,0.00,0.00,0.00,0.00,0.00
219.16,0.43,94.74,0.00,0.00,0.00,218.46,0.22,34.99,0.00,0.00,0.00,0.00,0.00,0.00
216.56,0.43,93.97,0.00,0.00,0.00,215.86,0.22,35.08,0.00,0.00,0.00,0.00,0.00,0.00
218.59,0.43,94.75,0.00,0.00,0.00,217.89,0.22,35.14,0.00,0.00,0.00,0.00,0.00,0.00
218.24,0.43,94.28,0.00,0.00,0.00,217.54,0.21,34.63,0.00,0.00,0.00,0.00,0.00,0.00
219.72,0.43,95.24,0.00,0.00,0.00,219.02,0.22,35.37,0.00,0.00,0.00,0.00,0.00,0.00
219.07,0.43,94.76,0.00,0.00,0.00,218.37,0.22,34.54,0.00,0.00,0.00,0.00,0.00,0.00
219.19,0.43,95.06,0.00,0.00,0.00,218.49,0.22,35.04,0.00,0.00,0.00,0.00,0.00,0.00
217.49,0.43,94.37,0.00,0.00,0.00,216.79,0.22,34.89,0.00,0.00,0.00,0.00,0.00,0.00
214.98,0.43,93.21,0.00,0.00,0.00,214.28,0.22,35.36,0.00,0.00,0.00,0.00,0.00,0.00
219.37,0.43,95.00,0.00,0.00,0.00,218.67,0.22,34.85,0.00,0.00,0.00,0.00,0.00,0.00
215.08,0.43,93.28,0.00,0.00,0.00,214.38,0.22,35.43,0.00,0.00,0.00,0.00,0.00,0.00
214.91,0.43,93.25,0.00,0.00,0.00,214.21,0.22,35.42,0.00,0.00,0.00,0.00,0.00,0.00
217.53,0.43,94.47,0.00,0.00,0.00,216.83,0.22,34.82,0.00,0.00,0.00,0.00,0.00,0.00
218.62,0.44,95.17,0.00,0.00,0.00,217.92,0.22,35.22,0.00,0.00,0.00,0.00,0.00,0.00
217.62,0.43,94.30,0.00,0.00,0.00,216.92,0.22,34.51,0.00,0.00,0.00,0.00,0.00,0.00
219.34,0.43,94.98,0.00,0.00,0.00,218.64,0.22,34.95,0.00,0.00,0.00,0.00,0.00,0.00
220.07,0.43,95.40,0.00,0.00,0.00,219.37,0.22,34.75,0.00,0.00,0.00,0.00,0.00,0.00
218.61,0.43,94.69,0.00,0.00,0.00,217.91,0.22,35.30,0.00,0.00,0.00,0.00,0.00,0.00
214.46,0.43,92.91,0.00,0.00,0.00,213.76,0.22,35.22,0.00,0.00,0.00,0.00,0.00,0.00
219.50,0.43,95.09,0.00,0.00,0.00,218.80,0.22,35.30,0.00,0.00,0.00,0.00,0.00,0.00
216.87,0.43,93.87,0.00,0.00,0.00,216.17,0.22,34.39,0.00,0.00,0.00,0.00,0.00,0.00
217.82,0.43,94.23,0.00,0.00,0.00,217.12,0.22,35.11,0.00,0.00,0.00,0.00,0.00,0.00
217.71,0.43,94.23,0.00,0.00,0.00,217.01,0.22,34.94,0.00,0.00,0.00,0.00,0.00,0.00
216.23,0.43,93.87,0.00,0.00,0.00,215.53,0.22,35.56,0.00,0.00,0.00,0.00,0.00,0.00
218.11,0.43,94.34,0.00,0.00,0.00,217.41,0.22,35.02,0.00,0.00,0.00,0.00,0.00,0.00
218.17,0.43,94.71,0.00,0.00,0.00,217.47,0.22,34.85,0.00,0.00,0.00,0.00,0.00,0.00
218.24,0.43,94.48,0.00,0.00,0.00,217.54,0.22,34.39,0.00,0.00,0.00,0.00,0.00,0.00
218.28,0.43,94.50,0.00,0.00,0.00,217.58,0.22,34.46,0.00,0.00,0.00,0.00,0.00,0.00
217.62,0.43,94.45,0.00,0.00,0.00,216.92,0.22,35.47,0.00,0.00,0.00,0.00,0.00,0.00
217.39,0.43,94.25,0.00,0.00,0.00,216.69,0.22,35.34,0.00,0.00,0.00,0.00,0.00,0.00
216.84,0.43,94.07,0.00,0.00,0.00,216.14,0.22,35.23,0.00,0.00,0.00,0.00,0.00,0.00
217.70,0.43,94.50,0.00,0.00,0.00,217.00,0.22,34.77,0.00,0.00,0.00,0.00,0.00,0.00
218.24,0.43,94.56,0.00,0.00,0.00,217.54,0.22,34.56,0.00,0.00,0.00,0.00,0.00,0.00
217.40,0.43,94.19,0.00,0.00,0.00,216.70,0.22,35.02,0.00,0.00,0.00,0.00,0.00,0.00
217.58,0.44,94.67,0.00,0.00,0.00,216.88,0.22,35.07,0.00,0.00,0.00,0.00,0.00,0.00
217.57,0.43,94.48,0.00,0.00,0.00,216.87,0.22,34.87,0.00,0.00,0.00,0.00,0.00,0.00
216.63,0.43,94.00,0.00,0.00,0.00,215.93,0.22,35.52,0.00,0.00,0.00,0.00,0.00,0.00
218.98,0.43,94.89,0.00,0.00,0.00,218.28,0.22,34.61,0.00,0.00,0.00,0.00,0.00,0.00
220.00,0.43,95.18,0.00,0.00,0.00,219.30,0.22,34.29,0.00,0.00,0.00,0.00,0.00,0.00
219.28,0.43,95.09,0.00,0.00,0.00,218.58,0.22,34.86,0.00,0.00,0.00,0.00,0.00,0.00
217.86,0.43,94.47,0.00,0.00,0.00,217.16,0.22,35.50,0.00,0.00,0.00,0.00,0.00,0.00
218.80,0.43,94.66,0.00,0.00,0.00,218.10,0.22,35.10,0.00,0.00,0.00,0.00,0.00,0.00
220.38,0.43,95.67,0.00,0.00,0.00,219.68,0.22,35.50,0.00,0.00,0.00,0.00,0.00,0.00
217.20,0.43,94.22,0.00,0.00,0.00,216.50,0.22,34.79,0.00,0.00,0.00,0.00,0.00,0.00
216.97,0.43,94.06,0.00,0.00,0.00,216.27,0.22,34.61,0.00,0.00,0.00,0.00,0.00,0.00
218.42,0.43,94.49,0.00,0.00,0.00,217.72,0.22,35.08,0.00,0.00,0.00,0.00,0.00,0.00
219.30,0.43,95.35,0.00,0.00,0.00,218.60,0.22,35.16,0.00,0.00,0.00,0.00,0.00,0.00
217.52,0.43,94.38,0.00,0.00,0.00,216.82,0.22,35.20,0.00,0.00,0.00,0.00,0.00,0.00
217.85,0.43,94.16,0.00,0.00,0.00,217.15,0.22,34.53,0.00,0.00,0.00,0.00,0.00,0.00
218.14,0.43,94.29,0.00,0.00,0.00,217.44,0.22,34.91,0.00,0.00,0.00,0.00,0.00,0.00
218.32,0.43,94.77,0.00,0.00,0.00,217.62,0.22,34.90,0.00,0.00,0.00,0.00,0.00,0.00
216.85,0.43,93.93,0.00,0.00,0.00,216.15,0.22,34.92,0.00,0.00,0.00,0.00,0.00,0.00
218.52,0.43,94.60,0.00,0.00,0.00,217.82,0.22,35.07,0.00,0.00,0.00,0.00,0.00,0.00
217.96,0.43,94.54,0.00,0.00,0.00,217.26,0.22,34.75,0.00,0.00,0.00,0.00,0.00,0.00
217.56,0.43,94.08,0.00,0.00,0.00,216.86,0.22,34.80,0.00,0.00,0.00,0.00,0.00,0.00
219.62,0.43,95.15,0.00,0.00,0.00,218.92,0.22,35.29,0.00,0.00,0.00,0.00,0.00,0.00
217.46,0.43,94.22,0.00,0.00,0.00,216.76,0.22,35.25,0.00,0.00,0.00,0.00,0.00,0.00
217.70,0.43,94.21,0.00,0.00,0.00,217.00,0.22,34.82,0.00,0.00,0.00,0.00,0.00,0.00
216.88,0.43,93.69,0.00,0.00,0.00,216.18,0.21,34.62,0.00,0.00,0.00,0.00,0.00,0.00
217.79,0.43,94.32,0.00,0.00,0.00,217.09,0.22,34.80,0.00,0.00,0.00,0.00,0.00,0.00
218.93,0.43,94.65,0.00,0.00,0.00,218.23,0.22,34.28,0.00,0.00,0.00,0.00,0.00,0.00
219.94,0.43,95.25,0.00,0.00,0.00,219.24,0.22,34.60,0.00,0.00,0.00,0.00,0.00,0.00
219.27,0.43,94.98,0.00,0.00,0.00,218.57,0.22,35.02,0.00,0.00,0.00,0.00,0.00,0.00
216.10,0.43,93.61,0.00,0.00,0.00,215.40,0.22,35.17,0.00,0.00,0.00,0.00,0.00,0.00
219.05,0.43,94.69,0.00,0.00,0.00,218.35,0.22,34.28,0.00,0.00,0.00,0.00,0.00,0.00
219.41,0.43,95.13,0.00,0.00,0.00,218.71,0.22,34.56,0.00,0.00,0.00,0.00,0.00,0.00
219.35,0.43,94.95,0.00,0.00,0.00,218.65,0.22,34.48,0.00,0.00,0.00,0.00,0.00,0.00
218.48,0.43,94.40,0.00,0.00,0.00,217.78,0.22,34.41,0.00,0.00,0.00,0.00,0.00,0.00
218.42,0.43,94.58,0.00,0.00,0.00,217.72,0.22,34.43,0.00,0.00,0.00,0.00,0.00,0.00
219.39,0.43,95.03,0.00,0.00,0.00,218.69,0.22,35.21,0.00,0.00,0.00,0.00,0.00,0.00
219.01,0.43,94.94,0.00,0.00,0.00,218.31,0.22,35.29,0.00,0.00,0.00,0.00,0.00,0.00
218.83,0.43,94.68,0.00,0.00,0.00,218.13,0.22,35.03,0.00,0.00,0.00,0.00,0.00,0.00
219.93,0.43,95.09,0.00,0.00,0.00,219.23,0.22,34.90,0.00,0.00,0.00,0.00,0.00,0.00
219.36,0.43,94.77,0.00,0.00,0.00,218.66,0.21,34.72,0.00,0.00,0.00,0.00,0.00,0.00
218.45,0.43,94.63,0.00,0.00,0.00,217.75,0.22,35.19,0.00,0.00,0.00,0.00,0.00,0.00
219.96,0.43,95.31,0.00,0.00,0.00,219.26,0.22,35.23,0.00,0.00,0.00,0.00,0.00,0.00
218.38,0.43,94.73,0.00,0.00,0.00,217.68,0.22,35.12,0.00,0.00,0.00,0.00,0.00,0.00
217.33,0.43,94.26,0.00,0.00,0.00,216.63,0.22,35.39,0.00,0.00,0.00,0.00,0.00,0.00
214.51,0.43,92.78,0.00,0.00,0.00,213.81,0.22,34.37,0.00,0.00,0.00,0.00,0.00,0.00
217.01,0.43,94.20,0.00,0.00,0.00,216.31,0.22,34.84,0.00,0.00,0.00,0.00,0.00,0.00
218.13,0.43,94.47,0.00,0.00,0.00,217.43,0.22,34.53,0.00,0.00,0.00,0.00,0.00,0.00
217.49,0.43,94.40,0.00,0.00,0.00,216.79,0.22,35.50,0.00,0.00,0.00,0.00,0.00,0.00
217.28,0.43,94.31,0.00,0.00,0.00,216.58,0.22,34.93,0.00,0.00,0.00,0.00,0.00,0.00
217.85,0.43,94.12,0.00,0.00,0.00,217.15,0.21,34.09,0.00,0.00,0.00,0.00,0.00,0.00
218.56,0.43,94.48,0.00,0.00,0.00,217.86,0.22,34.91,0.00,0.00,0.00,0.00,0.00,0.00
219.98,0.43,95.24,0.00,0.00,0.00,219.28,0.22,34.50,0.00,0.00,0.00,0.00,0.00,0.00
219.14,0.43,94.70,0.00,0.00,0.00,218.44,0.22,34.84,0.00,0.00,0.00,0.00,0.00,0.00
219.79,0.43,95.23,0.00,0.00,0.00,219.09,0.22,34.97,0.00,0.00,0.00,0.00,0.00,0.00
217.52,0.43,93.98,0.00,0.00,0.00,216.82,0.22,34.21,0.00,0.00,0.00,0.00,0.00,0.00
216.13,0.43,93.65,0.00,0.00,0.00,215.43,0.22,34.53,0.00,0.00,0.00,0.00,0.00,0.00
219.28,0.43,95.02,0.00,0.00,0.00,218.58,0.22,35.24,0.00,0.00,0.00,0.00,0.00,0.00
217.79,0.43,94.09,0.00,0.00,0.00,217.09,0.21,34.66,0.00,0.00,0.00,0.00,0.00,0.00
217.91,0.43,94.43,0.00,0.00,0.00,217.21,0.22,35.06,0.00,0.00,0.00,0.00,0.00,0.00
219.24,0.43,95.16,0.00,0.00,0.00,218.54,0.22,34.82,0.00,0.00,0.00,0.00,0.00,0.00
216.29,0.43,93.86,0.00,0.00,0.00,215.59,0.22,34.86,0.00,0.00,0.00,0.00,0.00,0.00
218.10,0.43,94.63,0.00,0.00,0.00,217.40,0.22,34.84,0.00,0.00,0.00,0.00,0.00,0.00
216.33,0.43,93.92,0.00,0.00,0.00,215.63,0.22,34.91,0.00,0.00,0.00,0.00,0.00,0.00
217.32,0.43,94.32,0.00,0.00,0.00,216.62,0.22,34.76,0.00,0.00,0.00,0.00,0.00,0.00
217.23,0.43,94.16,0.00,0.00,0.00,216.53,0.22,34.67,0.00,0.00,0.00,0.00,0.00,0.00
218.56,0.43,94.73,0.00,0.00,0.00,217.86,0.22,34.65,0.00,0.00,0.00,0.00,0.00,0.00
219.73,0.43,95.06,0.00,0.00,0.00,219.03,0.22,34.81,0.00,0.00,0.00,0.00,0.00,0.00
219.75,0.43,95.20,0.00,0.00,0.00,219.05,0.22,34.54,0.00,0.00,0.00,0.00,0.00,0.00
218.93,0.43,94.81,0.00,0.00,0.00,218.23,0.22,34.97,0.00,0.00,0.00,0.00,0.00,0.00
219.33,0.43,94.83,0.00,0.00,0.00,218.63,0.22,34.76,0.00,0.00,0.00,0.00,0.00,0.00
217.37,0.43,94.24,0.00,0.00,0.00,216.67,0.22,34.63,0.00,0.00,0.00,0.00,0.00,0.00
218.97,0.43,94.99,0.00,0.00,0.00,218.27,0.22,34.97,0.00,0.00,0.00,0.00,0.00,0.00
218.95,0.43,94.44,0.00,0.00,0.00,218.25,0.21,33.95,0.00,0.00,0.00,0.00,0.00,0.00
218.98,0.43,94.87,0.00,0.00,0.00,218.28,0.22,35.23,0.00,0.00,0.00,0.00,0.00,0.00
219.33,0.43,94.97,0.00,0.00,0.00,218.63,0.22,34.51,0.00,0.00,0.00,0.00,0.00,0.00
220.27,0.43,95.42,0.00,0.00,0.00,219.57,0.22,34.50,0.00,0.00,0.00,0.00,0.00,0.00
218.52,0.43,94.46,0.00,0.00,0.00,217.82,0.22,34.56,0.00,0.00,0.00,0.00,0.00,0.00
218.74,0.43,94.56,0.00,0.00,0.00,218.04,0.22,34.75,0.00,0.00,0.00,0.00,0.00,0.00
218.78,0.43,94.60,0.00,0.00,0.00,218.08,0.22,34.81,0.00,0.00,0.00,0.00,0.00,0.00
215.56,0.43,93.36,0.00,0.00,0.00,214.86,0.22,34.50,0.00,0.00,0.00,0.00,0.00,0.00
223.29,0.44,97.14,0.00,0.00,0.00,222.59,0.22,35.76,0.00,0.00,0.00,0.00,0.00,0.00
216.07,0.43,93.75,0.00,0.00,0.00,215.37,0.22,34.89,0.00,0.00,0.00,0.00,0.00,0.00
217.94,0.43,94.54,0.00,0.00,0.00,217.24,0.22,35.19,0.00,0.00,0.00,0.00,0.00,0.00
220.16,0.43,95.43,0.00,0.00,0.00,219.46,0.22,35.32,0.00,0.00,0.00,0.00,0.00,0.00
220.16,0.43,95.14,0.00,0.00,0.00,219.46,0.22,34.66,0.00,0.00,0.00,0.00,0.00,0.00
219.17,0.43,94.92,0.00,0.00,0.00,218.47,0.22,35.14,0.00,0.00,0.00,0.00,0.00,0.00
218.67,0.43,94.75,0.00,0.00,0.00,217.97,0.22,34.55,0.00,0.00,0.00,0.00,0.00,0.00
219.97,0.43,95.09,0.00,0.00,0.00,219.27,0.22,34.92,0.00,0.00,0.00,0.00,0.00,0.00
218.99,0.43,94.85,0.00,0.00,0.00,218.29,0.22,34.62,0.00,0.00,0.00,0.00,0.00,0.00
215.69,0.43,93.20,0.00,0.00,0.00,214.99,0.22,34.60,0.00,0.00,0.00,0.00,0.00,0.00
218.50,0.43,94.34,0.00,0.00,0.00,217.80,0.21,34.12,0.00,0.00,0.00,0.00,0.00,0.00
219.14,0.43,94.83,0.00,0.00,0.00,218.44,0.22,34.44,0.00,0.00,0.00,0.00,0.00,0.00
217.58,0.43,94.19,0.00,0.00,0.00,216.88,0.22,34.44,0.00,0.00,0.00,0.00,0.00,0.00
215.98,0.43,93.52,0.00,0.00,0.00,215.28,0.22,34.94,0.00,0.00,0.00,0.00,0.00,0.00
218.43,0.43,94.38,0.00,0.00,0.00,217.73,0.22,34.27,0.00,0.00,0.00,0.00,0.00,0.00
214.39,0.43,92.80,0.00,0.00,0.00,213.69,0.22,34.87,0.00,0.00,0.00,0.00,0.00,0.00
217.68,0.43,94.18,0.00,0.00,0.00,216.98,0.22,34.50,0.00,0.00,0.00,0.00,0.00,0.00
217.90,0.43,94.47,0.00,0.00,0.00,217.20,0.22,35.31,0.00,0.00,0.00,0.00,0.00,0.00
214.29,0.43,92.92,0.00,0.00,0.00,213.59,0.22,34.77,0.00,0.00,0.00,0.00,0.00,0.00
216.34,0.43,93.64,0.00,0.00,0.00,215.64,0.22,35.05,0.00,0.00,0.00,0.00,0.00,0.00
218.87,0.43,94.77,0.00,0.00,0.00,218.17,0.22,34.97,0.00,0.00,0.00,0.00,0.00,0.00
219.64,0.43,95.07,0.00,0.00,0.00,218.94,0.22,35.04,0.00,0.00,0.00,0.00,0.00,0.00
219.80,0.43,95.17,0.00,0.00,0.00,219.10,0.22,34.50,0.00,0.00,0.00,0.00,0.00,0.00
215.20,0.43,93.52,0.00,0.00,0.00,214.50,0.22,35.59,0.00,0.00,0.00,0.00,0.00,0.00
216.92,0.43,93.99,0.00,0.00,0.00,216.22,0.22,34.67,0.00,0.00,0.00,0.00,0.00,0.00
218.78,0.43,94.67,0.00,0.00,0.00,218.08,0.22,34.87,0.00,0.00,0.00,0.00,0.00,0.00
218.58,0.43,94.71,0.00,0.00,0.00,217.88,0.22,34.61,0.00,0.00,0.00,0.00,0.00,0.00
221.75,0.43,96.22,0.00,0.00,0.00,221.05,0.22,34.76,0.00,0.00,0.00,0.00,0.00,0.00
219.05,0.43,94.89,0.00,0.00,0.00,218.35,0.22,35.00,0.00,0.00,0.00,0.00,0.00,0.00
219.32,0.43,95.05,0.00,0.00,0.00,218.62,0.22,35.24,0.00,0.00,0.00,0.00,0.00,0.00
218.84,0.43,94.74,0.00,0.00,0.00,218.14,0.22,34.51,0.00,0.00,0.00,0.00,0.00,0.00
218.97,0.43,94.91,0.00,0.00,0.00,218.27,0.22,34.66,0.00,0.00,0.00,0.00,0.00,0.00
218.41,0.43,94.37,0.00,0.00,0.00,217.71,0.22,34.88,0.00,0.00,0.00,0.00,0.00,0.00
214.79,0.43,92.87,0.00,0.00,0.00,214.09,0.22,34.39,0.00,0.00,0.00,0.00,0.00,0.00
216.60,0.43,93.88,0.00,0.00,0.00,215.90,0.22,35.06,0.00,0.00,0.00,0.00,0.00,0.00
216.53,0.43,93.88,0.00,0.00,0.00,215.83,0.22,35.31,0.00,0.00,0.00,0.00,0.00,0.00
216.52,0.43,93.86,0.00,0.00,0.00,215.82,0.22,34.76,0.00,0.00,0.00,0.00,0.00,0.00
217.07,0.43,93.88,0.00,0.00,0.00,216.37,0.22,34.37,0.00,0.00,0.00,0.00,0.00,0.00
218.00,0.43,94.37,0.00,0.00,0.00,217.30,0.22,35.11,0.00,0.00,0.00,0.00,0.00,0.00
217.20,0.43,93.85,0.00,0.00,0.00,216.50,0.22,34.26,0.00,0.00,0.00,0.00,0.00,0.00
215.93,0.43,93.48,0.00,0.00,0.00,215.23,0.22,34.48,0.00,0.00,0.00,0.00,0.00,0.00
217.44,0.43,94.00,0.00,0.00,0.00,216.74,0.22,34.33,0.00,0.00,0.00,0.00,0.00,0.00
217.73,0.43,94.08,0.00,0.00,0.00,217.03,0.22,34.20,0.00,0.00,0.00,0.00,0.00,0.00
217.06,0.43,93.88,0.00,0.00,0.00,216.36,0.22,34.41,0.00,0.00,0.00,0.00,0.00,0.00
216.46,0.43,93.93,0.00,0.00,0.00,215.76,0.22,35.18,0.00,0.00,0.00,0.00,0.00,0.00
217.48,0.43,94.09,0.00,0.00,0.00,216.78,0.22,34.82,0.00,0.00,0.00,0.00,0.00,0.00
219.36,0.43,94.82,0.00,0.00,0.00,218.66,0.22,34.67,0.00,0.00,0.00,0.00,0.00,0.00
219.84,0.43,95.05,0.00,0.00,0.00,219.14,0.22,34.38,0.00,0.00,0.00,0.00,0.00,0.00
219.05,0.43,94.95,0.00,0.00,0.00,218.35,0.22,34.82,0.00,0.00,0.00,0.00,0.00,0.00
218.43,0.43,94.70,0.00,0.00,0.00,217.73,0.22,34.80,0.00,0.00,0.00,0.00,0.00,0.00
219.69,0.43,95.24,0.00,0.00,0.00,218.99,0.22,34.67,0.00,0.00,0.00,0.00,0.00,0.00
220.16,0.43,95.23,0.00,0.00,0.00,219.46,0.22,35.04,0.00,0.00,0.00,0.00,0.00,0.00
218.81,0.43,94.56,0.00,0.00,0.00,218.11,0.22,34.31,0.00,0.00,0.00,0.00,0.00,0.00
216.51,0.43,94.05,0.00,0.00,0.00,215.81,0.22,35.54,0.00,0.00,0.00,0.00,0.00,0.00
217.47,0.43,94.25,0.00,0.00,0.00,216.77,0.22,34.71,0.00,0.00,0.00,0.00,0.00,0.00
218.08,0.43,94.46,0.00,0.00,0.00,217.38,0.22,35.11,0.00,0.00,0.00,0.00,0.00,0.00
217.67,0.43,94.08,0.00,0.00,0.00,216.97,0.22,34.59,0.00,0.00,0.00,0.00,0.00,0.00
216.73,0.43,93.66,0.00,0.00,0.00,216.03,0.22,34.28,0.00,0.00,0.00,0.00,0.00,0.00
217.69,0.43,94.42,0.00,0.00,0.00,216.99,0.22,34.94,0.00,0.00,0.00,0.00,0.00,0.00
217.32,0.43,94.00,0.00,0.00,0.00,216.62,0.22,34.44,0.00,0.00,0.00,0.00,0.00,0.00
219.74,0.43,94.95,0.00,0.00,0.00,219.04,0.22,34.23,0.00,0.00,0.00,0.00,0.00,0.00
218.94,0.43,94.60,0.00,0.00,0.00,218.24,0.22,34.22,0.00,0.00,0.00,0.00,0.00,0.00
219.90,0.43,94.96,0.00,0.00,0.00,219.20,0.21,34.34,0.00,0.00,0.00,0.00,0.00,0.00
217.56,0.43,94.31,0.00,0.00,0.00,216.86,0.22,34.67,0.00,0.00,0.00,0.00,0.00,0.00
217.58,0.43,94.63,0.00,0.00,0.00,216.88,0.22,35.36,0.00,0.00,0.00,0.00,0.00,0.00
213.22,0.43,92.46,0.00,0.00,0.00,212.52,0.22,35.14,0.00,0.00,0.00,0.00,0.00,0.00
217.16,0.43,94.27,0.00,0.00,0.00,216.46,0.22,34.94,0.00,0.00,0.00,0.00,0.00,0.00
218.64,0.43,94.79,0.00,0.00,0.00,217.94,0.22,35.33,0.00,0.00,0.00,0.00,0.00,0.00
217.67,0.43,94.51,0.00,0.00,0.00,216.97,0.22,35.00,0.00,0.00,0.00,0.00,0.00,0.00
218.03,0.43,94.28,0.00,0.00,0.00,217.33,0.22,34.95,0.00,0.00,0.00,0.00,0.00,0.00
217.42,0.43,93.84,0.00,0.00,0.00,216.72,0.21,34.08,0.00,0.00,0.00,0.00,0.00,0.00
218.62,0.43,94.67,0.00,0.00,0.00,217.92,0.22,35.12,0.00,0.00,0.00,0.00,0.00,0.00
217.53,0.43,94.01,0.00,0.00,0.00,216.83,0.22,34.30,0.00,0.00,0.00,0.00,0.00,0.00
219.66,0.43,95.15,0.00,0.00,0.00,218.96,0.22,35.19,0.00,0.00,0.00,0.00,0.00,0.00
216.69,0.43,93.68,0.00,0.00,0.00,215.99,0.22,34.41,0.00,0.00,0.00,0.00,0.00,0.00
219.77,0.43,95.03,0.00,0.00,0.00,219.07,0.22,34.32,0.00,0.00,0.00,0.00,0.00,0.00
216.22,0.43,93.75,0.00,0.00,0.00,215.52,0.22,35.30,0.00,0.00,0.00,0.00,0.00,0.00
218.53,0.43,94.83,0.00,0.00,0.00,217.83,0.22,34.88,0.00,0.00,0.00,0.00,0.00,0.00
219.22,0.43,94.79,0.00,0.00,0.00,218.52,0.22,34.35,0.00,0.00,0.00,0.00,0.00,0.00
216.73,0.43,93.77,0.00,0.00,0.00,216.03,0.22,34.41,0.00,0.00,0.00,0.00,0.00,0.00
216.33,0.43,93.62,0.00,0.00,0.00,215.63,0.22,34.46,0.00,0.00,0.00,0.00,0.00,0.00
217.97,0.43,94.61,0.00,0.00,0.00,217.27,0.22,35.27,0.00,0.00,0.00,0.00,0.00,0.00
216.93,0.43,93.81,0.00,0.00,0.00,216.23,0.22,34.32,0.00,0.00,0.00,0.00,0.00,0.00
218.30,0.43,94.64,0.00,0.00,0.00,217.60,0.22,34.71,0.00,0.00,0.00,0.00,0.00,0.00
217.68,0.43,94.27,0.00,0.00,0.00,216.98,0.22,34.63,0.00,0.00,0.00,0.00,0.00,0.00
218.00,0.43,94.52,0.00,0.00,0.00,217.30,0.22,34.62,0.00,0.00,0.00,0.00,0.00,0.00
219.62,0.43,95.19,0.00,0.00,0.00,218.92,0.22,34.70,0.00,0.00,0.00,0.00,0.00,0.00
223.25,0.43,96.82,0.00,0.00,0.00,222.55,0.22,35.16,0.00,0.00,0.00,0.00,0.00,0.00
217.90,0.43,94.27,0.00,0.00,0.00,217.20,0.22,34.95,0.00,0.00,0.00,0.00,0.00,0.00
218.65,0.43,94.71,0.00,0.00,0.00,217.95,0.22,34.62,0.00,0.00,0.00,0.00,0.00,0.00
218.03,0.43,94.48,0.00,0.00,0.00,217.33,0.22,34.64,0.00,0.00,0.00,0.00,0.00,0.00
218.00,0.43,94.39,0.00,0.00,0.00,217.30,0.22,35.07,0.00,0.00,0.00,0.00,0.00,0.00
219.06,0.43,94.80,0.00,0.00,0.00,218.36,0.22,34.47,0.00,0.00,0.00,0.00,0.00,0.00
218.92,0.43,94.81,0.00,0.00,0.00,218.22,0.22,34.52,0.00,0.00,0.00,0.00,0.00,0.00
218.72,0.43,94.91,0.00,0.00,0.00,218.02,0.22,34.85,0.00,0.00,0.00,0.00,0.00,0.00
218.17,0.43,94.44,0.00,0.00,0.00,217.47,0.22,34.52,0.00,0.00,0.00,0.00,0.00,0.00
219.94,0.43,95.39,0.00,0.00,0.00,219.24,0.22,34.81,0.00,0.00,0.00,0.00,0.00,0.00
218.53,0.43,94.45,0.00,0.00,0.00,217.83,0.22,34.34,0.00,0.00,0.00,0.00,0.00,0.00
218.34,0.43,94.65,0.00,0.00,0.00,217.64,0.22,34.70,0.00,0.00,0.00,0.00,0.00,0.00
216.42,0.43,94.06,0.00,0.00,0.00,215.72,0.22,35.07,0.00,0.00,0.00,0.00,0.00,0.00
217.64,0.43,94.39,0.00,0.00,0.00,216.94,0.22,34.80,0.00,0.00,0.00,0.00,0.00,0.00
218.29,0.43,94.28,0.00,0.00,0.00,217.59,0.21,34.24,0.00,0.00,0.00,0.00,0.00,0.00
217.10,0.43,94.17,0.00,0.00,0.00,216.40,0.22,34.78,0.00,0.00,0.00,0.00,0.00,0.00
218.20,0.43,94.44,0.00,0.00,0.00,217.50,0.22,34.52,0.00,0.00,0.00,0.00,0.00,0.00
216.75,0.43,93.87,0.00,0.00,0.00,216.05,0.22,34.54,0.00,0.00,0.00,0.00,0.00,0.00
217.36,0.43,94.11,0.00,0.00,0.00,216.66,0.22,34.69,0.00,0.00,0.00,0.00,0.00,0.00
215.75,0.43,93.19,0.00,0.00,0.00,215.05,0.21,34.17,0.00,0.00,0.00,0.00,0.00,0.00
217.29,0.43,93.99,0.00,0.00,0.00,216.59,0.22,34.35,0.00,0.00,0.00,0.00,0.00,0.00
217.70,0.43,94.41,0.00,0.00,0.00,217.00,0.22,34.77,0.00,0.00,0.00,0.00,0.00,0.00
217.39,0.43,94.31,0.00,0.00,0.00,216.69,0.22,34.79,0.00,0.00,0.00,0.00,0.00,0.00
218.59,0.43,94.58,0.00,0.00,0.00,217.89,0.22,34.39,0.00,0.00,0.00,0.00,0.00,0.00
218.22,0.43,94.64,0.00,0.00,0.00,217.52,0.22,34.81,0.00,0.00,0.00,0.00,0.00,0.00
217.53,0.43,93.96,0.00,0.00,0.00,216.83,0.21,34.62,0.00,0.00,0.00,0.00,0.00,0.00
217.76,0.43,94.39,0.00,0.00,0.00,217.06,0.22,34.70,0.00,0.00,0.00,0.00,0.00,0.00
219.27,0.43,94.99,0.00,0.00,0.00,218.57,0.22,34.65,0.00,0.00,0.00,0.00,0.00,0.00
218.76,0.43,94.54,0.00,0.00,0.00,218.06,0.22,34.32,0.00,0.00,0.00,0.00,0.00,0.00
215.90,0.43,93.27,0.00,0.00,0.00,215.20,0.21,34.21,0.00,0.00,0.00,0.00,0.00,0.00
218.28,0.43,94.49,0.00,0.00,0.00,217.58,0.22,34.54,0.00,0.00,0.00,0.00,0.00,0.00
218.35,0.43,94.55,0.00,0.00,0.00,217.65,0.22,34.51,0.00,0.00,0.00,0.00,0.00,0.00
219.28,0.43,94.93,0.00,0.00,0.00,218.58,0.22,34.57,0.00,0.00,0.00,0.00,0.00,0.00
220.70,0.43,95.55,0.00,0.00,0.00,220.00,0.22,34.53,0.00,0.00,0.00,0.00,0.00,0.00
219.34,0.43,94.93,0.00,0.00,0.00,218.64,0.22,34.52,0.00,0.00,0.00,0.00,0.00,0.00
219.03,0.43,94.80,0.00,0.00,0.00,218.33,0.22,34.73,0.00,0.00,0.00,0.00,0.00,0.00
218.26,0.43,94.48,0.00,0.00,0.00,217.56,0.22,34.48,0.00,0.00,0.00,0.00,0.00,0.00
219.66,0.43,95.11,0.00,0.00,0.00,218.96,0.22,34.56,0.00,0.00,0.00,0.00,0.00,0.00
219.76,0.43,94.79,0.00,0.00,0.00,219.06,0.21,34.19,0.00,0.00,0.00,0.00,0.00,0.00
218.82,0.43,94.74,0.00,0.00,0.00,218.12,0.22,34.96,0.00,0.00,0.00,0.00,0.00,0.00
218.74,0.43,94.75,0.00,0.00,0.00,218.04,0.22,34.85,0.00,0.00,0.00,0.00,0.00,0.00
218.58,0.43,94.49,0.00,0.00,0.00,217.88,0.22,34.62,0.00,0.00,0.00,0.00,0.00,0.00
219.35,0.43,95.05,0.00,0.00,0.00,218.65,0.22,34.67,0.00,0.00,0.00,0.00,0.00,0.00
218.74,0.43,94.54,0.00,0.00,0.00,218.04,0.22,34.31,0.00,0.00,0.00,0.00,0.00,0.00
218.31,0.43,94.65,0.00,0.00,0.00,217.61,0.22,34.73,0.00,0.00,0.00,0.00,0.00,0.00
216.81,0.43,93.72,0.00,0.00,0.00,216.11,0.22,34.31,0.00,0.00,0.00,0.00,0.00,0.00
217.01,0.43,93.84,0.00,0.00,0.00,216.31,0.22,34.37,0.00,0.00,0.00,0.00,0.00,0.00
214.69,0.43,93.02,0.00,0.00,0.00,213.99,0.22,34.67,0.00,0.00,0.00,0.00,0.00,0.00
217.12,0.43,94.04,0.00,0.00,0.00,216.42,0.22,34.56,0.00,0.00,0.00,0.00,0.00,0.00
218.21,0.43,94.23,0.00,0.00,0.00,217.51,0.21,34.35,0.00,0.00,0.00,0.00,0.00,0.00
217.90,0.43,94.35,0.00,0.00,0.00,217.20,0.22,34.56,0.00,0.00,0.00,0.00,0.00,0.00
216.67,0.43,93.70,0.00,0.00,0.00,215.97,0.22,34.43,0.00,0.00,0.00,0.00,0.00,0.00
219.04,0.43,94.48,0.00,0.00,0.00,218.34,0.21,34.10,0.00,0.00,0.00,0.00,0.00,0.00
219.40,0.43,94.69,0.00,0.00,0.00,218.70,0.21,34.20,0.00,0.00,0.00,0.00,0.00,0.00
213.01,0.43,92.02,0.00,0.00,0.00,212.31,0.21,34.20,0.00,0.00,0.00,0.00,0.00,0.00
217.20,0.43,93.89,0.00,0.00,0.00,216.50,0.22,34.39,0.00,0.00,0.00,0.00,0.00,0.00
218.43,0.43,94.62,0.00,0.00,0.00,217.73,0.22,34.65,0.00,0.00,0.00,0.00,0.00,0.00
217.47,0.43,94.12,0.00,0.00,0.00,216.77,0.22,34.54,0.00,0.00,0.00,0.00,0.00,0.00
218.55,0.43,94.34,0.00,0.00,0.00,217.85,0.21,34.17,0.00,0.00,0.00,0.00,0.00,0.00
214.93,0.43,92.63,0.00,0.00,0.00,214.23,0.21,33.97,0.00,0.00,0.00,0.00,0.00,0.00
217.46,0.43,94.03,0.00,0.00,0.00,216.76,0.22,34.68,0.00,0.00,0.00,0.00,0.00,0.00
219.06,0.43,94.75,0.00,0.00,0.00,218.36,0.22,34.46,0.00,0.00,0.00,0.00,0.00,0.00
218.92,0.43,94.80,0.00,0.00,0.00,218.22,0.22,34.66,0.00,0.00,0.00,0.00,0.00,0.00
217.22,0.43,93.72,0.00,0.00,0.00,216.52,0.21,34.30,0.00,0.00,0.00,0.00,0.00,0.00
217.51,0.43,93.93,0.00,0.00,0.00,216.81,0.21,34.21,0.00,0.00,0.00,0.00,0.00,0.00
220.06,0.43,95.13,0.00,0.00,0.00,219.36,0.22,34.37,0.00,0.00,0.00,0.00,0.00,0.00
215.84,0.43,93.27,0.00,0.00,0.00,215.14,0.22,34.36,0.00,0.00,0.00,0.00,0.00,0.00
214.79,0.43,93.08,0.00,0.00,0.00,214.09,0.22,34.77,0.00,0.00,0.00,0.00,0.00,0.00
218.11,0.43,94.13,0.00,0.00,0.00,217.41,0.21,34.23,0.00,0.00,0.00,0.00,0.00,0.00
217.92,0.43,94.00,0.00,0.00,0.00,217.22,0.21,34.09,0.00,0.00,0.00,0.00,0.00,0.00
219.64,0.43,94.88,0.00,0.00,0.00,218.94,0.21,34.33,0.00,0.00,0.00,0.00,0.00,0.00
218.48,0.43,94.28,0.00,0.00,0.00,217.78,0.21,34.15,0.00,0.00,0.00,0.00,0.00,0.00
217.08,0.43,94.03,0.00,0.00,0.00,216.38,0.22,34.73,0.00,0.00,0.00,0.00,0.00,0.00
216.62,0.43,93.81,0.00,0.00,0.00,215.92,0.22,34.98,0.00,0.00,0.00,0.00,0.00,0.00
216.59,0.43,93.56,0.00,0.00,0.00,215.89,0.21,34.40,0.00,0.00,0.00,0.00,0.00,0.00
216.57,0.43,93.47,0.00,0.00,0.00,215.87,0.21,34.20,0.00,0.00,0.00,0.00,0.00,0.00
217.67,0.43,93.93,0.00,0.00,0.00,216.97,0.21,34.40,0.00,0.00,0.00,0.00,0.00,0.00
218.08,0.43,94.35,0.00,0.00,0.00,217.38,0.22,34.47,0.00,0.00,0.00,0.00,0.00,0.00
218.83,0.43,94.24,0.00,0.00,0.00,218.13,0.21,33.87,0.00,0.00,0.00,0.00,0.00,0.00
219.85,0.43,95.25,0.00,0.00,0.00,219.15,0.22,34.73,0.00,0.00,0.00,0.00,0.00,0.00
216.90,0.43,93.99,0.00,0.00,0.00,216.20,0.22,34.75,0.00,0.00,0.00,0.00,0.00,0.00
220.85,0.43,95.62,0.00,0.00,0.00,220.15,0.22,34.76,0.00,0.00,0.00,0.00,0.00,0.00
217.50,0.43,94.07,0.00,0.00,0.00,216.80,0.22,34.45,0.00,0.00,0.00,0.00,0.00,0.00
218.33,0.43,94.62,0.00,0.00,0.00,217.63,0.22,34.99,0.00,0.00,0.00,0.00,0.00,0.00
219.35,0.43,94.82,0.00,0.00,0.00,218.65,0.22,34.32,0.00,0.00,0.00,0.00,0.00,0.00
217.85,0.43,93.98,0.00,0.00,0.00,217.15,0.21,34.13,0.00,0.00,0.00,0.00,0.00,0.00
216.18,0.43,93.24,0.00,0.00,0.00,215.48,0.21,34.10,0.00,0.00,0.00,0.00,0.00,0.00
217.55,0.43,94.28,0.00,0.00,0.00,216.85,0.22,34.77,0.00,0.00,0.00,0.00,0.00,0.00
218.35,0.43,94.56,0.00,0.00,0.00,217.65,0.22,34.62,0.00,0.00,0.00,0.00,0.00,0.00
218.31,0.43,94.47,0.00,0.00,0.00,217.61,0.22,34.51,0.00,0.00,0.00,0.00,0.00,0.00
217.62,0.43,94.05,0.00,0.00,0.00,216.92,0.22,34.28,0.00,0.00,0.00,0.00,0.00,0.00
219.93,0.43,95.06,0.00,0.00,0.00,219.23,0.22,34.64,0.00,0.00,0.00,0.00,0.00,0.00
216.92,0.43,93.95,0.00,0.00,0.00,216.22,0.22,34.84,0.00,0.00,0.00,0.00,0.00,0.00
219.52,0.43,94.96,0.00,0.00,0.00,218.82,0.22,34.45,0.00,0.00,0.00,0.00,0.00,0.00
218.95,0.43,94.67,0.00,0.00,0.00,218.25,0.22,34.41,0.00,0.00,0.00,0.00,0.00,0.00
214.08,0.43,92.33,0.00,0.00,0.00,213.38,0.21,34.12,0.00,0.00,0.00,0.00,0.00,0.00
217.56,0.43,94.03,0.00,0.00,0.00,216.86,0.22,34.32,0.00,0.00,0.00,0.00,0.00,0.00
218.21,0.43,94.51,0.00,0.00,0.00,217.51,0.22,34.73,0.00,0.00,0.00,0.00,0.00,0.00
217.17,0.43,94.08,0.00,0.00,0.00,216.47,0.22,34.72,0.00,0.00,0.00,0.00,0.00,0.00
216.96,0.43,93.63,0.00,0.00,0.00,216.26,0.21,34.16,0.00,0.00,0.00,0.00,0.00,0.00
217.93,0.43,94.02,0.00,0.00,0.00,217.23,0.21,34.12,0.00,0.00,0.00,0.00,0.00,0.00
219.74,0.43,94.98,0.00,0.00,0.00,219.04,0.22,34.57,0.00,0.00,0.00,0.00,0.00,0.00
218.08,0.43,94.24,0.00,0.00,0.00,217.38,0.22,34.33,0.00,0.00,0.00,0.00,0.00,0.00
218.90,0.43,94.33,0.00,0.00,0.00,218.20,0.21,33.96,0.00,0.00,0.00,0.00,0.00,0.00
214.40,0.43,92.78,0.00,0.00,0.00,213.70,0.22,34.82,0.00,0.00,0.00,0.00,0.00,0.00
218.58,0.43,94.27,0.00,0.00,0.00,217.88,0.21,34.11,0.00,0.00,0.00,0.00,0.00,0.00
219.49,0.43,94.65,0.00,0.00,0.00,218.79,0.21,34.09,0.00,0.00,0.00,0.00,0.00,0.00
219.16,0.43,94.51,0.00,0.00,0.00,218.46,0.21,34.39,0.00,0.00,0.00,0.00,0.00,0.00
218.97,0.43,94.45,0.00,0.00,0.00,218.27,0.21,34.10,0.00,0.00,0.00,0.00,0.00,0.00
219.82,0.43,95.05,0.00,0.00,0.00,219.12,0.22,34.49,0.00,0.00,0.00,0.00,0.00,0.00
217.43,0.43,93.92,0.00,0.00,0.00,216.73,0.21,34.27,0.00,0.00,0.00,0.00,0.00,0.00
217.27,0.43,93.68,0.00,0.00,0.00,216.57,0.21,34.20,0.00,0.00,0.00,0.00,0.00,0.00
215.38,0.43,93.23,0.00,0.00,0.00,214.68,0.22,34.56,0.00,0.00,0.00,0.00,0.00,0.00
218.08,0.43,94.27,0.00,0.00,0.00,217.38,0.22,34.55,0.00,0.00,0.00,0.00,0.00,0.00
216.60,0.43,93.54,0.00,0.00,0.00,215.90,0.21,34.18,0.00,0.00,0.00,0.00,0.00,0.00
215.94,0.43,93.43,0.00,0.00,0.00,215.24,0.22,34.57,0.00,0.00,0.00,0.00,0.00,0.00
218.09,0.43,94.32,0.00,0.00,0.00,217.39,0.22,34.68,0.00,0.00,0.00,0.00,0.00,0.00
219.07,0.43,94.48,0.00,0.00,0.00,218.37,0.21,34.29,0.00,0.00,0.00,0.00,0.00,0.00
214.04,0.43,92.53,0.00,0.00,0.00,213.34,0.22,34.63,0.00,0.00,0.00,0.00,0.00,0.00
218.71,0.43,94.35,0.00,0.00,0.00,218.01,0.21,34.29,0.00,0.00,0.00,0.00,0.00,0.00
218.32,0.43,94.42,0.00,0.00,0.00,217.62,0.22,34.49,0.00,0.00,0.00,0.00,0.00,0.00
217.49,0.43,93.88,0.00,0.00,0.00,216.79,0.21,34.21,0.00,0.00,0.00,0.00,0.00,0.00
219.15,0.43,94.57,0.00,0.00,0.00,218.45,0.21,34.33,0.00,0.00,0.00,0.00,0.00,0.00
217.76,0.43,94.35,0.00,0.00,0.00,217.06,0.22,34.76,0.00,0.00,0.00,0.00,0.00,0.00
219.20,0.43,94.80,0.00,0.00,0.00,218.50,0.22,34.66,0.00,0.00,0.00,0.00,0.00,0.00
218.24,0.43,94.06,0.00,0.00,0.00,217.54,0.21,34.06,0.00,0.00,0.00,0.00,0.00,0.00
219.72,0.43,95.04,0.00,0.00,0.00,219.02,0.22,34.82,0.00,0.00,0.00,0.00,0.00,0.00
218.15,0.43,94.43,0.00,0.00,0.00,217.45,0.22,34.60,0.00,0.00,0.00,0.00,0.00,0.00
219.24,0.43,94.81,0.00,0.00,0.00,218.54,0.22,34.71,0.00,0.00,0.00,0.00,0.00,0.00
217.99,0.43,94.34,0.00,0.00,0.00,217.29,0.22,34.82,0.00,0.00,0.00,0.00,0.00,0.00
215.03,0.43,93.05,0.00,0.00,0.00,214.33,0.22,34.61,0.00,0.00,0.00,0.00,0.00,0.00
216.99,0.43,93.92,0.00,0.00,0.00,216.29,0.22,34.57,0.00,0.00,0.00,0.00,0.00,0.00
219.24,0.43,94.67,0.00,0.00,0.00,218.54,0.21,34.23,0.00,0.00,0.00,0.00,0.00,0.00
217.18,0.43,93.74,0.00,0.00,0.00,216.48,0.21,34.24,0.00,0.00,0.00,0.00,0.00,0.00
219.02,0.43,94.72,0.00,0.00,0.00,218.32,0.22,34.73,0.00,0.00,0.00,0.00,0.00,0.00
219.68,0.43,95.00,0.00,0.00,0.00,218.98,0.22,34.52,0.00,0.00,0.00,0.00,0.00,0.00
218.02,0.43,94.35,0.00,0.00,0.00,217.32,0.22,34.57,0.00,0.00,0.00,0.00,0.00,0.00
218.95,0.43,94.49,0.00,0.00,0.00,218.25,0.21,34.41,0.00,0.00,0.00,0.00,0.00,0.00
219.48,0.43,94.88,0.00,0.00,0.00,218.78,0.22,34.43,0.00,0.00,0.00,0.00,0.00,0.00
218.90,0.43,94.70,0.00,0.00,0.00,218.20,0.22,34.81,0.00,0.00,0.00,0.00,0.00,0.00
219.86,0.43,95.16,0.00,0.00,0.00,219.16,0.22,34.57,0.00,0.00,0.00,0.00,0.00,0.00
219.33,0.43,94.87,0.00,0.00,0.00,218.63,0.22,34.54,0.00,0.00,0.00,0.00,0.00,0.00
219.16,0.43,94.76,0.00,0.00,0.00,218.46,0.22,34.76,0.00,0.00,0.00,0.00,0.00,0.00
215.68,0.43,93.26,0.00,0.00,0.00,214.98,0.22,34.41,0.00,0.00,0.00,0.00,0.00,0.00
219.84,0.43,95.07,0.00,0.00,0.00,219.14,0.22,34.81,0.00,0.00,0.00,0.00,0.00,0.00
219.40,0.43,94.70,0.00,0.00,0.00,218.70,0.21,34.41,0.00,0.00,0.00,0.00,0.00,0.00
218.90,0.43,94.35,0.00,0.00,0.00,218.20,0.21,34.13,0.00,0.00,0.00,0.00,0.00,0.00
217.15,0.43,93.64,0.00,0.00,0.00,216.45,0.21,34.09,0.00,0.00,0.00,0.00,0.00,0.00
218.11,0.43,94.34,0.00,0.00,0.00,217.41,0.22,34.50,0.00,0.00,0.00,0.00,0.00,0.00
219.09,0.43,94.77,0.00,0.00,0.00,218.39,0.22,34.67,0.00,0.00,0.00,0.00,0.00,0.00
217.96,0.43,94.44,0.00,0.00,0.00,217.26,0.22,34.73,0.00,0.00,0.00,0.00,0.00,0.00
216.38,0.43,93.77,0.00,0.00,0.00,215.68,0.22,34.85,0.00,0.00,0.00,0.00,0.00,0.00
217.26,0.43,93.90,0.00,0.00,0.00,216.56,0.22,34.44,0.00,0.00,0.00,0.00,0.00,0.00
216.59,0.43,93.87,0.00,0.00,0.00,215.89,0.22,34.84,0.00,0.00,0.00,0.00,0.00,0.00
213.73,0.43,92.60,0.00,0.00,0.00,213.03,0.22,34.86,0.00,0.00,0.00,0.00,0.00,0.00
217.47,0.43,94.18,0.00,0.00,0.00,216.77,0.22,34.72,0.00,0.00,0.00,0.00,0.00,0.00
217.99,0.43,94.41,0.00,0.00,0.00,217.29,0.22,34.71,0.00,0.00,0.00,0.00,0.00,0.00
214.04,0.43,92.80,0.00,0.00,0.00,213.34,0.22,34.86,0.00,0.00,0.00,0.00,0.00,0.00
214.03,0.43,92.70,0.00,0.00,0.00,213.33,0.22,34.70,0.00,0.00,0.00,0.00,0.00,0.00
217.08,0.43,94.00,0.00,0.00,0.00,216.38,0.22,34.62,0.00,0.00,0.00,0.00,0.00,0.00
217.46,0.43,94.36,0.00,0.00,0.00,216.76,0.22,35.00,0.00,0.00,0.00,0.00,0.00,0.00
218.36,0.43,94.40,0.00,0.00,0.00,217.66,0.22,34.50,0.00,0.00,0.00,0.00,0.00,0.00
217.98,0.43,94.28,0.00,0.00,0.00,217.28,0.22,34.52,0.00,0.00,0.00,0.00,0.00,0.00
218.52,0.43,94.66,0.00,0.00,0.00,217.82,0.22,35.05,0.00,0.00,0.00,0.00,0.00,0.00
219.19,0.43,94.79,0.00,0.00,0.00,218.49,0.22,34.50,0.00,0.00,0.00,0.00,0.00,0.00
218.45,0.43,94.64,0.00,0.00,0.00,217.75,0.22,34.91,0.00,0.00,0.00,0.00,0.00,0.00
217.91,0.43,94.43,0.00,0.00,0.00,217.21,0.22,35.05,0.00,0.00,0.00,0.00,0.00,0.00
215.77,0.43,93.46,0.00,0.00,0.00,215.07,0.22,34.70,0.00,0.00,0.00,0.00,0.00,0.00
217.49,0.43,94.33,0.00,0.00,0.00,216.79,0.22,34.88,0.00,0.00,0.00,0.00,0.00,0.00
218.00,0.43,94.32,0.00,0.00,0.00,217.30,0.22,34.57,0.00,0.00,0.00,0.00,0.00,0.00
218.59,0.43,94.35,0.00,0.00,0.00,217.89,0.21,34.40,0.00,0.00,0.00,0.00,0.00,0.00
218.74,0.43,94.73,0.00,0.00,0.00,218.04,0.22,34.69,0.00,0.00,0.00,0.00,0.00,0.00
219.69,0.43,95.09,0.00,0.00,0.00,218.99,0.22,34.63,0.00,0.00,0.00,0.00,0.00,0.00
219.52,0.43,94.84,0.00,0.00,0.00,218.82,0.21,34.30,0.00,0.00,0.00,0.00,0.00,0.00
220.21,0.43,95.15,0.00,0.00,0.00,219.51,0.22,34.55,0.00,0.00,0.00,0.00,0.00,0.00
219.00,0.43,94.75,0.00,0.00,0.00,218.30,0.22,34.55,0.00,0.00,0.00,0.00,0.00,0.00
219.45,0.43,95.02,0.00,0.00,0.00,218.75,0.22,34.87,0.00,0.00,0.00,0.00,0.00,0.00
220.08,0.43,95.11,0.00,0.00,0.00,219.38,0.22,34.38,0.00,0.00,0.00,0.00,0.00,0.00
219.23,0.43,94.73,0.00,0.00,0.00,218.53,0.22,34.38,0.00,0.00,0.00,0.00,0.00,0.00
219.29,0.43,94.94,0.00,0.00,0.00,218.59,0.22,34.70,0.00,0.00,0.00,0.00,0.00,0.00
217.69,0.43,94.27,0.00,0.00,0.00,216.99,0.22,34.79,0.00,0.00,0.00,0.00,0.00,0.00
216.42,0.43,93.72,0.00,0.00,0.00,215.72,0.22,34.65,0.00,0.00,0.00,0.00,0.00,0.00
218.42,0.43,94.38,0.00,0.00,0.00,217.72,0.22,34.42,0.00,0.00,0.00,0.00,0.00,0.00
219.50,0.43,94.86,0.00,0.00,0.00,218.80,0.22,34.41,0.00,0.00,0.00,0.00,0.00,0.00
220.01,0.43,95.07,0.00,0.00,0.00,219.31,0.22,34.41,0.00,0.00,0.00,0.00,0.00,0.00
218.52,0.43,94.67,0.00,0.00,0.00,217.82,0.22,34.71,0.00,0.00,0.00,0.00,0.00,0.00
219.89,0.43,94.89,0.00,0.00,0.00,219.19,0.21,34.14,0.00,0.00,0.00,0.00,0.00,0.00
216.43,0.43,93.72,0.00,0.00,0.00,215.73,0.22,34.68,0.00,0.00,0.00,0.00,0.00,0.00
219.74,0.43,95.17,0.00,0.00,0.00,219.04,0.22,34.71,0.00,0.00,0.00,0.00,0.00,0.00
220.31,0.43,95.46,0.00,0.00,0.00,219.61,0.22,35.06,0.00,0.00,0.00,0.00,0.00,0.00
219.89,0.43,95.21,0.00,0.00,0.00,219.19,0.22,34.71,0.00,0.00,0.00,0.00,0.00,0.00
216.15,0.43,93.65,0.00,0.00,0.00,215.45,0.22,34.75,0.00,0.00,0.00,0.00,0.00,0.00
219.92,0.43,95.04,0.00,0.00,0.00,219.22,0.22,34.44,0.00,0.00,0.00,0.00,0.00,0.00
219.29,0.43,95.05,0.00,0.00,0.00,218.59,0.22,34.76,0.00,0.00,0.00,0.00,0.00,0.00
216.93,0.43,94.09,0.00,0.00,0.00,216.23,0.22,34.89,0.00,0.00,0.00,0.00,0.00,0.00
218.31,0.43,94.87,0.00,0.00,0.00,217.61,0.22,35.38,0.00,0.00,0.00,0.00,0.00,0.00
214.36,0.43,92.80,0.00,0.00,0.00,213.66,0.22,34.63,0.00,0.00,0.00,0.00,0.00,0.00
216.36,0.43,93.86,0.00,0.00,0.00,215.66,0.22,35.08,0.00,0.00,0.00,0.00,0.00,0.00
218.69,0.43,94.77,0.00,0.00,0.00,217.99,0.22,34.75,0.00,0.00,0.00,0.00,0.00,0.00
218.40,0.43,94.49,0.00,0.00,0.00,217.70,0.22,34.76,0.00,0.00,0.00,0.00,0.00,0.00
219.51,0.43,95.26,0.00,0.00,0.00,218.81,0.22,34.97,0.00,0.00,0.00,0.00,0.00,0.00
215.78,0.43,93.35,0.00,0.00,0.00,215.08,0.22,34.87,0.00,0.00,0.00,0.00,0.00,0.00
218.26,0.43,94.56,0.00,0.00,0.00,217.56,0.22,34.72,0.00,0.00,0.00,0.00,0.00,0.00
216.93,0.43,94.06,0.00,0.00,0.00,216.23,0.22,35.05,0.00,0.00,0.00,0.00,0.00,0.00
218.98,0.43,94.93,0.00,0.00,0.00,218.28,0.22,34.93,0.00,0.00,0.00,0.00,0.00,0.00
218.95,0.44,95.30,0.00,0.00,0.00,218.25,0.22,35.46,0.00,0.00,0.00,0.00,0.00,0.00
218.58,0.43,95.01,0.00,0.00,0.00,217.88,0.22,34.13,0.00,0.00,0.00,0.00,0.00,0.00
218.33,0.43,94.89,0.00,0.00,0.00,217.63,0.22,34.83,0.00,0.00,0.00,0.00,0.00,0.00
218.07,0.43,94.52,0.00,0.00,0.00,217.37,0.22,34.44,0.00,0.00,0.00,0.00,0.00,0.00
218.99,0.43,94.66,0.00,0.00,0.00,218.29,0.22,34.37,0.00,0.00,0.00,0.00,0.00,0.00
218.42,0.43,94.78,0.00,0.00,0.00,217.72,0.22,34.49,0.00,0.00,0.00,0.00,0.00,0.00
215.67,0.43,93.11,0.00,0.00,0.00,214.97,0.21,34.11,0.00,0.00,0.00,0.00,0.00,0.00
219.22,0.43,94.97,0.00,0.00,0.00,218.52,0.22,34.44,0.00,0.00,0.00,0.00,0.00,0.00
217.79,0.43,94.23,0.00,0.00,0.00,217.09,0.22,33.96,0.00,0.00,0.00,0.00,0.00,0.00
218.48,0.43,94.56,0.00,0.00,0.00,217.78,0.22,34.24,0.00,0.00,0.00,0.00,0.00,0.00
217.50,0.43,93.81,0.00,0.00,0.00,216.80,0.21,34.24,0.00,0.00,0.00,0.00,0.00,0.00
216.60,0.43,93.54,0.00,0.00,0.00,215.90,0.21,34.46,0.00,0.00,0.00,0.00,0.00,0.00
217.36,0.44,94.76,0.00,0.00,0.00,216.66,0.22,34.76,0.00,0.00,0.00,0.00,0.00,0.00
218.37,0.43,94.28,0.00,0.00,0.00,217.67,0.21,33.95,0.00,0.00,0.00,0.00,0.00,0.00
218.26,0.44,95.84,0.00,0.00,0.00,217.56,0.22,35.50,0.00,0.00,0.00,0.00,0.00,0.00
218.13,0.43,94.80,0.00,0.00,0.00,217.43,0.22,34.33,0.00,0.00,0.00,0.00,0.00,0.00
215.86,0.43,93.32,0.00,0.00,0.00,215.16,0.22,34.58,0.00,0.00,0.00,0.00,0.00,0.00
216.54,0.43,93.41,0.00,0.00,0.00,215.84,0.21,33.90,0.00,0.00,0.00,0.00,0.00,0.00
219.05,0.43,95.13,0.00,0.00,0.00,218.35,0.22,34.37,0.00,0.00,0.00,0.00,0.00,0.00
219.84,0.43,95.40,0.00,0.00,0.00,219.14,0.22,34.24,0.00,0.00,0.00,0.00,0.00,0.00
219.83,0.43,95.29,0.00,0.00,0.00,219.13,0.22,34.88,0.00,0.00,0.00,0.00,0.00,0.00
217.79,0.43,94.69,0.00,0.00,0.00,217.09,0.22,34.01,0.00,0.00,0.00,0.00,0.00,0.00
219.78,0.43,95.20,0.00,0.00,0.00,219.08,0.22,33.51,0.00,0.00,0.00,0.00,0.00,0.00
218.12,0.43,94.38,0.00,0.00,0.00,217.42,0.22,33.94,0.00,0.00,0.00,0.00,0.00,0.00
218.62,0.43,94.79,0.00,0.00,0.00,217.92,0.22,34.63,0.00,0.00,0.00,0.00,0.00,0.00
217.93,0.43,94.11,0.00,0.00,0.00,217.23,0.21,33.63,0.00,0.00,0.00,0.00,0.00,0.00
218.88,0.44,95.28,0.00,0.00,0.00,218.18,0.22,34.34,0.00,0.00,0.00,0.00,0.00,0.00
218.59,0.43,94.65,0.00,0.00,0.00,217.89,0.22,34.03,0.00,0.00,0.00,0.00,0.00,0.00
218.45,0.44,95.26,0.00,0.00,0.00,217.75,0.22,34.45,0.00,0.00,0.00,0.00,0.00,0.00
217.26,0.43,94.38,0.00,0.00,0.00,216.56,0.22,33.84,0.00,0.00,0.00,0.00,0.00,0.00
219.86,0.43,94.78,0.00,0.00,0.00,219.16,0.21,33.58,0.00,0.00,0.00,0.00,0.00,0.00
216.60,0.44,94.43,0.00,0.00,0.00,215.90,0.22,34.52,0.00,0.00,0.00,0.00,0.00,0.00
219.02,0.43,94.67,0.00,0.00,0.00,218.32,0.22,34.07,0.00,0.00,0.00,0.00,0.00,0.00
217.28,0.43,94.08,0.00,0.00,0.00,216.58,0.22,34.19,0.00,0.00,0.00,0.00,0.00,0.00
219.34,0.43,94.53,0.00,0.00,0.00,218.64,0.21,34.04,0.00,0.00,0.00,0.00,0.00,0.00
218.30,0.44,95.16,0.00,0.00,0.00,217.60,0.22,34.47,0.00,0.00,0.00,0.00,0.00,0.00
214.72,0.43,92.71,0.00,0.00,0.00,214.02,0.21,34.00,0.00,0.00,0.00,0.00,0.00,0.00
216.79,0.44,94.55,0.00,0.00,0.00,216.09,0.22,34.57,0.00,0.00,0.00,0.00,0.00,0.00
218.36,0.43,94.31,0.00,0.00,0.00,217.66,0.21,34.68,0.00,0.00,0.00,0.00,0.00,0.00
217.95,0.44,95.11,0.00,0.00,0.00,217.25,0.22,34.63,0.00,0.00,0.00,0.00,0.00,0.00
222.87,0.43,96.28,0.00,0.00,0.00,222.17,0.21,33.70,0.00,0.00,0.00,0.00,0.00,0.00
215.84,0.43,93.51,0.00,0.00,0.00,215.14,0.22,34.90,0.00,0.00,0.00,0.00,0.00,0.00
219.20,0.43,94.38,0.00,0.00,0.00,218.50,0.21,33.61,0.00,0.00,0.00,0.00,0.00,0.00
217.93,0.44,94.89,0.00,0.00,0.00,217.23,0.22,34.18,0.00,0.00,0.00,0.00,0.00,0.00
219.37,0.43,95.38,0.00,0.00,0.00,218.67,0.22,33.96,0.00,0.00,0.00,0.00,0.00,0.00
217.63,0.44,95.09,0.00,0.00,0.00,216.93,0.22,34.76,0.00,0.00,0.00,0.00,0.00,0.00
218.79,0.43,95.01,0.00,0.00,0.00,218.09,0.22,33.86,0.00,0.00,0.00,0.00,0.00,0.00
219.37,0.43,94.92,0.00,0.00,0.00,218.67,0.22,33.99,0.00,0.00,0.00,0.00,0.00,0.00
214.33,0.43,92.41,0.00,0.00,0.00,213.63,0.21,33.69,0.00,0.00,0.00,0.00,0.00,0.00
220.22,0.44,96.03,0.00,0.00,0.00,219.52,0.22,34.43,0.00,0.00,0.00,0.00,0.00,0.00
216.70,0.43,93.93,0.00,0.00,0.00,216.00,0.22,34.12,0.00,0.00,0.00,0.00,0.00,0.00
217.49,0.43,93.72,0.00,0.00,0.00,216.79,0.21,33.53,0.00,0.00,0.00,0.00,0.00,0.00
218.92,0.43,94.88,0.00,0.00,0.00,218.22,0.22,34.13,0.00,0.00,0.00,0.00,0.00,0.00
219.55,0.43,95.30,0.00,0.00,0.00,218.85,0.22,33.79,0.00,0.00,0.00,0.00,0.00,0.00
218.87,0.44,95.53,0.00,0.00,0.00,218.17,0.22,34.63,0.00,0.00,0.00,0.00,0.00,0.00
217.90,0.43,94.22,0.00,0.00,0.00,217.20,0.22,33.93,0.00,0.00,0.00,0.00,0.00,0.00
217.49,0.43,94.16,0.00,0.00,0.00,216.79,0.22,34.28,0.00,0.00,0.00,0.00,0.00,0.00
219.81,0.43,94.71,0.00,0.00,0.00,219.11,0.21,33.57,0.00,0.00,0.00,0.00,0.00,0.00
217.55,0.43,93.72,0.00,0.00,0.00,216.85,0.21,33.46,0.00,0.00,0.00,0.00,0.00,0.00
219.10,0.43,94.85,0.00,0.00,0.00,218.40,0.22,33.38,0.00,0.00,0.00,0.00,0.00,0.00
215.13,0.43,93.01,0.00,0.00,0.00,214.43,0.22,34.43,0.00,0.00,0.00,0.00,0.00,0.00
219.27,0.43,95.18,0.00,0.00,0.00,218.57,0.22,35.04,0.00,0.00,0.00,0.00,0.00,0.00
217.76,0.43,94.04,0.00,0.00,0.00,217.06,0.21,33.71,0.00,0.00,0.00,0.00,0.00,0.00
214.72,0.43,92.66,0.00,0.00,0.00,214.02,0.21,34.11,0.00,0.00,0.00,0.00,0.00,0.00
218.45,0.43,94.69,0.00,0.00,0.00,217.75,0.22,34.64,0.00,0.00,0.00,0.00,0.00,0.00
220.15,0.43,95.00,0.00,0.00,0.00,219.45,0.21,33.87,0.00,0.00,0.00,0.00,0.00,0.00
219.42,0.43,95.06,0.00,0.00,0.00,218.72,0.22,34.44,0.00,0.00,0.00,0.00,0.00,0.00
218.01,0.43,93.93,0.00,0.00,0.00,217.31,0.21,33.78,0.00,0.00,0.00,0.00,0.00,0.00
218.19,0.43,93.98,0.00,0.00,0.00,217.49,0.21,33.59,0.00,0.00,0.00,0.00,0.00,0.00
217.63,0.43,93.71,0.00,0.00,0.00,216.93,0.21,33.58,0.00,0.00,0.00,0.00,0.00,0.00
219.38,0.44,95.56,0.00,0.00,0.00,218.68,0.22,34.36,0.00,0.00,0.00,0.00,0.00,0.00
218.57,0.43,94.32,0.00,0.00,0.00,217.87,0.21,33.90,0.00,0.00,0.00,0.00,0.00,0.00
219.31,0.43,94.77,0.00,0.00,0.00,218.61,0.22,34.35,0.00,0.00,0.00,0.00,0.00,0.00
219.80,0.43,95.09,0.00,0.00,0.00,219.10,0.22,34.31,0.00,0.00,0.00,0.00,0.00,0.00
216.98,0.43,93.49,0.00,0.00,0.00,216.28,0.21,33.69,0.00,0.00,0.00,0.00,0.00,0.00
219.00,0.44,95.29,0.00,0.00,0.00,218.30,0.22,34.14,0.00,0.00,0.00,0.00,0.00,0.00
218.18,0.43,94.27,0.00,0.00,0.00,217.48,0.22,34.01,0.00,0.00,0.00,0.00,0.00,0.00
218.78,0.43,94.23,0.00,0.00,0.00,218.08,0.21,33.63,0.00,0.00,0.00,0.00,0.00,0.00
218.43,0.43,94.80,0.00,0.00,0.00,217.73,0.22,33.81,0.00,0.00,0.00,0.00,0.00,0.00
218.71,0.43,94.77,0.00,0.00,0.00,218.01,0.22,33.61,0.00,0.00,0.00,0.00,0.00,0.00
219.58,0.43,94.87,0.00,0.00,0.00,218.88,0.22,33.99,0.00,0.00,0.00,0.00,0.00,0.00
215.00,0.43,92.86,0.00,0.00,0.00,214.30,0.21,33.94,0.00,0.00,0.00,0.00,0.00,0.00
217.46,0.43,94.09,0.00,0.00,0.00,216.76,0.22,33.28,0.00,0.00,0.00,0.00,0.00,0.00
217.32,0.43,94.20,0.00,0.00,0.00,216.62,0.22,34.61,0.00,0.00,0.00,0.00,0.00,0.00
219.33,0.43,94.87,0.00,0.00,0.00,218.63,0.22,33.92,0.00,0.00,0.00,0.00,0.00,0.00
214.35,0.43,92.30,0.00,0.00,0.00,213.65,0.21,33.67,0.00,0.00,0.00,0.00,0.00,0.00
215.36,0.44,93.72,0.00,0.00,0.00,214.66,0.22,34.22,0.00,0.00,0.00,0.00,0.00,0.00
216.63,0.43,94.22,0.00,0.00,0.00,215.93,0.22,33.98,0.00,0.00,0.00,0.00,0.00,0.00
218.75,0.43,94.77,0.00,0.00,0.00,218.05,0.22,33.60,0.00,0.00,0.00,0.00,0.00,0.00
218.33,0.43,94.14,0.00,0.00,0.00,217.63,0.21,33.76,0.00,0.00,0.00,0.00,0.00,0.00
216.63,0.43,93.26,0.00,0.00,0.00,215.93,0.21,33.13,0.00,0.00,0.00,0.00,0.00,0.00
218.49,0.43,94.22,0.00,0.00,0.00,217.79,0.21,33.23,0.00,0.00,0.00,0.00,0.00,0.00
218.93,0.43,94.72,0.00,0.00,0.00,218.23,0.22,34.07,0.00,0.00,0.00,0.00,0.00,0.00
217.22,0.43,93.68,0.00,0.00,0.00,216.52,0.21,33.65,0.00,0.00,0.00,0.00,0.00,0.00
219.30,0.43,95.23,0.00,0.00,0.00,218.60,0.22,33.96,0.00,0.00,0.00,0.00,0.00,0.00
217.59,0.43,94.06,0.00,0.00,0.00,216.89,0.22,33.86,0.00,0.00,0.00,0.00,0.00,0.00
218.98,0.43,94.28,0.00,0.00,0.00,218.28,0.21,33.57,0.00,0.00,0.00,0.00,0.00,0.00
218.46,0.43,94.50,0.00,0.00,0.00,217.76,0.22,33.87,0.00,0.00,0.00,0.00,0.00,0.00
218.56,0.43,93.93,0.00,0.00,0.00,217.86,0.21,33.69,0.00,0.00,0.00,0.00,0.00,0.00
216.40,0.43,93.50,0.00,0.00,0.00,215.70,0.22,34.17,0.00,0.00,0.00,0.00,0.00,0.00
218.05,0.43,93.86,0.00,0.00,0.00,217.35,0.21,33.62,0.00,0.00,0.00,0.00,0.00,0.00
219.23,0.43,94.73,0.00,0.00,0.00,218.53,0.22,34.07,0.00,0.00,0.00,0.00,0.00,0.00
217.75,0.43,93.72,0.00,0.00,0.00,217.05,0.21,33.53,0.00,0.00,0.00,0.00,0.00,0.00
218.48,0.43,94.95,0.00,0.00,0.00,217.78,0.22,33.94,0.00,0.00,0.00,0.00,0.00,0.00
219.75,0.43,94.61,0.00,0.00,0.00,219.05,0.21,33.72,0.00,0.00,0.00,0.00,0.00,0.00
223.49,0.43,96.70,0.00,0.00,0.00,222.79,0.22,34.10,0.00,0.00,0.00,0.00,0.00,0.00
217.52,0.43,94.53,0.00,0.00,0.00,216.82,0.22,33.94,0.00,0.00,0.00,0.00,0.00,0.00
218.82,0.43,94.68,0.00,0.00,0.00,218.12,0.22,33.51,0.00,0.00,0.00,0.00,0.00,0.00
218.37,0.43,94.10,0.00,0.00,0.00,217.67,0.21,33.43,0.00,0.00,0.00,0.00,0.00,0.00
219.24,0.43,94.76,0.00,0.00,0.00,218.54,0.22,33.21,0.00,0.00,0.00,0.00,0.00,0.00
218.22,0.43,94.91,0.00,0.00,0.00,217.52,0.22,34.03,0.00,0.00,0.00,0.00,0.00,0.00
217.98,0.43,93.95,0.00,0.00,0.00,217.28,0.21,33.90,0.00,0.00,0.00,0.00,0.00,0.00
218.55,0.43,94.82,0.00,0.00,0.00,217.85,0.22,34.78,0.00,0.00,0.00,0.00,0.00,0.00
219.23,0.43,95.03,0.00,0.00,0.00,218.53,0.22,33.64,0.00,0.00,0.00,0.00,0.00,0.00
218.07,0.43,94.24,0.00,0.00,0.00,217.37,0.22,33.58,0.00,0.00,0.00,0.00,0.00,0.00
218.79,0.43,94.16,0.00,0.00,0.00,218.09,0.21,33.54,0.00,0.00,0.00,0.00,0.00,0.00
218.18,0.43,94.19,0.00,0.00,0.00,217.48,0.21,34.00,0.00,0.00,0.00,0.00,0.00,0.00
220.34,0.43,95.44,0.00,0.00,0.00,219.64,0.22,33.47,0.00,0.00,0.00,0.00,0.00,0.00
220.51,0.43,95.11,0.00,0.00,0.00,219.81,0.21,33.78,0.00,0.00,0.00,0.00,0.00,0.00
215.47,0.43,93.01,0.00,0.00,0.00,214.77,0.21,33.68,0.00,0.00,0.00,0.00,0.00,0.00
218.66,0.43,94.28,0.00,0.00,0.00,217.96,0.21,33.58,0.00,0.00,0.00,0.00,0.00,0.00
217.64,0.43,93.59,0.00,0.00,0.00,216.94,0.21,33.28,0.00,0.00,0.00,0.00,0.00,0.00
215.57,0.44,93.83,0.00,0.00,0.00,214.87,0.22,34.00,0.00,0.00,0.00,0.00,0.00,0.00
216.89,0.43,93.86,0.00,0.00,0.00,216.19,0.22,33.93,0.00,0.00,0.00,0.00,0.00,0.00
219.32,0.43,94.41,0.00,0.00,0.00,218.62,0.21,33.42,0.00,0.00,0.00,0.00,0.00,0.00
217.49,0.43,94.34,0.00,0.00,0.00,216.79,0.22,33.75,0.00,0.00,0.00,0.00,0.00,0.00
217.87,0.43,94.11,0.00,0.00,0.00,217.17,0.21,34.04,0.00,0.00,0.00,0.00,0.00,0.00
218.25,0.43,93.83,0.00,0.00,0.00,217.55,0.21,33.58,0.00,0.00,0.00,0.00,0.00,0.00
214.89,0.43,92.38,0.00,0.00,0.00,214.19,0.21,33.29,0.00,0.00,0.00,0.00,0.00,0.00
216.70,0.43,93.44,0.00,0.00,0.00,216.00,0.21,33.64,0.00,0.00,0.00,0.00,0.00,0.00
218.78,0.43,94.01,0.00,0.00,0.00,218.08,0.21,33.17,0.00,0.00,0.00,0.00,0.00,0.00
216.98,0.43,93.77,0.00,0.00,0.00,216.28,0.22,34.05,0.00,0.00,0.00,0.00,0.00,0.00
219.07,0.43,94.17,0.00,0.00,0.00,218.37,0.21,33.63,0.00,0.00,0.00,0.00,0.00,0.00
217.76,0.43,94.06,0.00,0.00,0.00,217.06,0.21,33.75,0.00,0.00,0.00,0.00,0.00,0.00
217.99,0.43,93.87,0.00,0.00,0.00,217.29,0.21,33.62,0.00,0.00,0.00,0.00,0.00,0.00
218.91,0.43,94.20,0.00,0.00,0.00,218.21,0.21,33.22,0.00,0.00,0.00,0.00,0.00,0.00
216.55,0.43,93.25,0.00,0.00,0.00,215.85,0.21,33.55,0.00,0.00,0.00,0.00,0.00,0.00
215.90,0.43,92.68,0.00,0.00,0.00,215.20,0.21,33.05,0.00,0.00,0.00,0.00,0.00,0.00
217.30,0.43,94.01,0.00,0.00,0.00,216.60,0.22,34.08,0.00,0.00,0.00,0.00,0.00,0.00
217.95,0.43,93.73,0.00,0.00,0.00,217.25,0.21,33.15,0.00,0.00,0.00,0.00,0.00,0.00
219.90,0.43,95.07,0.00,0.00,0.00,219.20,0.22,34.20,0.00,0.00,0.00,0.00,0.00,0.00
218.38,0.43,93.89,0.00,0.00,0.00,217.68,0.21,33.31,0.00,0.00,0.00,0.00,0.00,0.00
216.83,0.44,94.45,0.00,0.00,0.00,216.13,0.22,34.31,0.00,0.00,0.00,0.00,0.00,0.00
218.31,0.43,93.89,0.00,0.00,0.00,217.61,0.21,33.34,0.00,0.00,0.00,0.00,0.00,0.00
218.90,0.43,94.34,0.00,0.00,0.00,218.20,0.21,33.70,0.00,0.00,0.00,0.00,0.00,0.00
218.30,0.43,94.04,0.00,0.00,0.00,217.60,0.21,33.65,0.00,0.00,0.00,0.00,0.00,0.00
218.64,0.43,94.30,0.00,0.00,0.00,217.94,0.21,34.03,0.00,0.00,0.00,0.00,0.00,0.00
218.08,0.44,95.01,0.00,0.00,0.00,217.38,0.22,34.27,0.00,0.00,0.00,0.00,0.00,0.00
216.80,0.43,93.63,0.00,0.00,0.00,216.10,0.21,33.77,0.00,0.00,0.00,0.00,0.00,0.00
217.29,0.43,94.39,0.00,0.00,0.00,216.59,0.22,33.99,0.00,0.00,0.00,0.00,0.00,0.00
219.42,0.43,94.47,0.00,0.00,0.00,218.72,0.21,33.80,0.00,0.00,0.00,0.00,0.00,0.00
216.85,0.43,93.60,0.00,0.00,0.00,216.15,0.21,34.03,0.00,0.00,0.00,0.00,0.00,0.00
218.03,0.43,93.89,0.00,0.00,0.00,217.33,0.21,33.66,0.00,0.00,0.00,0.00,0.00,0.00
218.59,0.44,95.25,0.00,0.00,0.00,217.89,0.22,34.43,0.00,0.00,0.00,0.00,0.00,0.00
218.01,0.43,93.76,0.00,0.00,0.00,217.31,0.21,33.39,0.00,0.00,0.00,0.00,0.00,0.00
218.31,0.43,93.77,0.00,0.00,0.00,217.61,0.21,33.03,0.00,0.00,0.00,0.00,0.00,0.00
219.22,0.43,94.57,0.00,0.00,0.00,218.52,0.21,33.77,0.00,0.00,0.00,0.00,0.00,0.00
216.57,0.43,93.39,0.00,0.00,0.00,215.87,0.21,33.82,0.00,0.00,0.00,0.00,0.00,0.00
218.06,0.43,94.33,0.00,0.00,0.00,217.36,0.22,33.35,0.00,0.00,0.00,0.00,0.00,0.00
220.20,0.43,94.90,0.00,0.00,0.00,219.50,0.21,33.61,0.00,0.00,0.00,0.00,0.00,0.00
223.07,0.43,95.90,0.00,0.00,0.00,222.37,0.21,33.26,0.00,0.00,0.00,0.00,0.00,0.00
217.71,0.43,93.53,0.00,0.00,0.00,217.01,0.21,33.23,0.00,0.00,0.00,0.00,0.00,0.00
217.07,0.43,93.62,0.00,0.00,0.00,216.37,0.21,34.30,0.00,0.00,0.00,0.00,0.00,0.00
218.65,0.43,94.07,0.00,0.00,0.00,217.95,0.21,33.80,0.00,0.00,0.00,0.00,0.00,0.00
217.94,0.43,93.74,0.00,0.00,0.00,217.24,0.21,33.67,0.00,0.00,0.00,0.00,0.00,0.00
218.99,0.43,93.81,0.00,0.00,0.00,218.29,0.21,32.97,0.00,0.00,0.00,0.00,0.00,0.00
215.53,0.43,92.79,0.00,0.00,0.00,214.83,0.21,33.48,0.00,0.00,0.00,0.00,0.00,0.00
224.82,0.43,96.55,0.00,0.00,0.00,224.12,0.21,33.07,0.00,0.00,0.00,0.00,0.00,0.00
219.41,0.43,94.67,0.00,0.00,0.00,218.71,0.21,33.97,0.00,0.00,0.00,0.00,0.00,0.00
216.81,0.43,93.01,0.00,0.00,0.00,216.11,0.21,33.31,0.00,0.00,0.00,0.00,0.00,0.00
218.77,0.43,94.49,0.00,0.00,0.00,218.07,0.21,33.75,0.00,0.00,0.00,0.00,0.00,0.00
218.26,0.43,94.57,0.00,0.00,0.00,217.56,0.22,33.63,0.00,0.00,0.00,0.00,0.00,0.00
216.02,0.43,93.44,0.00,0.00,0.00,215.32,0.22,34.18,0.00,0.00,0.00,0.00,0.00,0.00
218.63,0.43,94.61,0.00,0.00,0.00,217.93,0.22,34.41,0.00,0.00,0.00,0.00,0.00,0.00
218.25,0.43,93.99,0.00,0.00,0.00,217.55,0.21,33.53,0.00,0.00,0.00,0.00,0.00,0.00
218.25,0.43,94.21,0.00,0.00,0.00,217.55,0.21,33.65,0.00,0.00,0.00,0.00,0.00,0.00
217.24,0.43,93.64,0.00,0.00,0.00,216.54,0.21,33.99,0.00,0.00,0.00,0.00,0.00,0.00
219.75,0.43,94.66,0.00,0.00,0.00,219.05,0.21,33.81,0.00,0.00,0.00,0.00,0.00,0.00
216.91,0.43,93.53,0.00,0.00,0.00,216.21,0.21,33.88,0.00,0.00,0.00,0.00,0.00,0.00
218.81,0.43,94.50,0.00,0.00,0.00,218.11,0.21,34.03,0.00,0.00,0.00,0.00,0.00,0.00
217.85,0.43,93.81,0.00,0.00,0.00,217.15,0.21,33.47,0.00,0.00,0.00,0.00,0.00,0.00
217.47,0.43,93.89,0.00,0.00,0.00,216.77,0.21,34.03,0.00,0.00,0.00,0.00,0.00,0.00
216.92,0.43,93.12,0.00,0.00,0.00,216.22,0.21,33.23,0.00,0.00,0.00,0.00,0.00,0.00
217.98,0.43,94.33,0.00,0.00,0.00,217.28,0.22,34.30,0.00,0.00,0.00,0.00,0.00,0.00
219.35,0.43,94.57,0.00,0.00,0.00,218.65,0.21,33.58,0.00,0.00,0.00,0.00,0.00,0.00
218.65,0.43,94.30,0.00,0.00,0.00,217.95,0.21,33.80,0.00,0.00,0.00,0.00,0.00,0.00
219.56,0.43,95.14,0.00,0.00,0.00,218.86,0.22,34.93,0.00,0.00,0.00,0.00,0.00,0.00
221.56,0.43,95.47,0.00,0.00,0.00,220.86,0.21,33.48,0.00,0.00,0.00,0.00,0.00,0.00
217.22,0.43,94.40,0.00,0.00,0.00,216.52,0.22,34.27,0.00,0.00,0.00,0.00,0.00,0.00
219.86,0.43,95.11,0.00,0.00,0.00,219.16,0.22,34.39,0.00,0.00,0.00,0.00,0.00,0.00
217.73,0.43,93.54,0.00,0.00,0.00,217.03,0.21,33.09,0.00,0.00,0.00,0.00,0.00,0.00
217.52,0.43,93.32,0.00,0.00,0.00,216.82,0.21,33.04,0.00,0.00,0.00,0.00,0.00,0.00
220.65,0.43,95.50,0.00,0.00,0.00,219.95,0.22,34.64,0.00,0.00,0.00,0.00,0.00,0.00
217.39,0.43,94.02,0.00,0.00,0.00,216.69,0.22,34.13,0.00,0.00,0.00,0.00,0.00,0.00
219.10,0.44,95.76,0.00,0.00,0.00,218.40,0.22,34.04,0.00,0.00,0.00,0.00,0.00,0.00
218.85,0.43,94.08,0.00,0.00,0.00,218.15,0.21,33.50,0.00,0.00,0.00,0.00,0.00,0.00
217.90,0.43,94.18,0.00,0.00,0.00,217.20,0.22,33.85,0.00,0.00,0.00,0.00,0.00,0.00
217.91,0.43,93.69,0.00,0.00,0.00,217.21,0.21,33.42,0.00,0.00,0.00,0.00,0.00,0.00
219.00,0.43,93.93,0.00,0.00,0.00,218.30,0.21,33.25,0.00,0.00,0.00,0.00,0.00,0.00
219.55,0.43,94.62,0.00,0.00,0.00,218.85,0.21,34.04,0.00,0.00,0.00,0.00,0.00,0.00
217.64,0.43,93.58,0.00,0.00,0.00,216.94,0.21,33.16,0.00,0.00,0.00,0.00,0.00,0.00
217.90,0.43,93.43,0.00,0.00,0.00,217.20,0.21,32.98,0.00,0.00,0.00,0.00,0.00,0.00
221.55,0.43,95.41,0.00,0.00,0.00,220.85,0.21,33.62,0.00,0.00,0.00,0.00,0.00,0.00
215.89,0.43,92.97,0.00,0.00,0.00,215.19,0.21,33.53,0.00,0.00,0.00,0.00,0.00,0.00
217.32,0.43,93.07,0.00,0.00,0.00,216.62,0.21,32.86,0.00,0.00,0.00,0.00,0.00,0.00
215.25,0.43,92.52,0.00,0.00,0.00,214.55,0.21,33.42,0.00,0.00,0.00,0.00,0.00,0.00
217.08,0.43,93.24,0.00,0.00,0.00,216.38,0.21,33.45,0.00,0.00,0.00,0.00,0.00,0.00
219.07,0.43,94.69,0.00,0.00,0.00,218.37,0.22,34.14,0.00,0.00,0.00,0.00,0.00,0.00
217.38,0.43,93.47,0.00,0.00,0.00,216.68,0.21,33.09,0.00,0.00,0.00,0.00,0.00,0.00
218.64,0.43,93.84,0.00,0.00,0.00,217.94,0.21,32.96,0.00,0.00,0.00,0.00,0.00,0.00
217.25,0.43,93.37,0.00,0.00,0.00,216.55,0.21,33.15,0.00,0.00,0.00,0.00,0.00,0.00
219.26,0.43,94.27,0.00,0.00,0.00,218.56,0.21,33.29,0.00,0.00,0.00,0.00,0.00,0.00
218.27,0.43,94.01,0.00,0.00,0.00,217.57,0.21,33.76,0.00,0.00,0.00,0.00,0.00,0.00
217.70,0.43,93.70,0.00,0.00,0.00,217.00,0.21,33.78,0.00,0.00,0.00,0.00,0.00,0.00
219.61,0.43,94.16,0.00,0.00,0.00,218.91,0.21,32.99,0.00,0.00,0.00,0.00,0.00,0.00
218.43,0.43,94.10,0.00,0.00,0.00,217.73,0.21,33.87,0.00,0.00,0.00,0.00,0.00,0.00
217.84,0.43,94.11,0.00,0.00,0.00,217.14,0.21,34.46,0.00,0.00,0.00,0.00,0.00,0.00
216.98,0.43,93.58,0.00,0.00,0.00,216.28,0.21,33.70,0.00,0.00,0.00,0.00,0.00,0.00
218.96,0.43,94.01,0.00,0.00,0.00,218.26,0.21,33.54,0.00,0.00,0.00,0.00,0.00,0.00
217.47,0.43,93.54,0.00,0.00,0.00,216.77,0.21,33.45,0.00,0.00,0.00,0.00,0.00,0.00
217.41,0.43,93.65,0.00,0.00,0.00,216.71,0.21,33.59,0.00,0.00,0.00,0.00,0.00,0.00
222.05,0.43,95.58,0.00,0.00,0.00,221.35,0.21,33.78,0.00,0.00,0.00,0.00,0.00,0.00
217.97,0.43,93.59,0.00,0.00,0.00,217.27,0.21,33.17,0.00,0.00,0.00,0.00,0.00,0.00
218.29,0.43,93.91,0.00,0.00,0.00,217.59,0.21,33.32,0.00,0.00,0.00,0.00,0.00,0.00
218.48,0.43,93.94,0.00,0.00,0.00,217.78,0.21,33.26,0.00,0.00,0.00,0.00,0.00,0.00
218.62,0.43,94.11,0.00,0.00,0.00,217.92,0.21,33.61,0.00,0.00,0.00,0.00,0.00,0.00
218.00,0.43,93.80,0.00,0.00,0.00,217.30,0.21,33.71,0.00,0.00,0.00,0.00,0.00,0.00
225.99,0.43,96.99,0.00,0.00,0.00,225.29,0.21,33.49,0.00,0.00,0.00,0.00,0.00,0.00
219.26,0.43,94.34,0.00,0.00,0.00,218.56,0.21,33.32,0.00,0.00,0.00,0.00,0.00,0.00
218.80,0.43,94.22,0.00,0.00,0.00,218.10,0.21,33.52,0.00,0.00,0.00,0.00,0.00,0.00
218.02,0.43,93.60,0.00,0.00,0.00,217.32,0.21,33.06,0.00,0.00,0.00,0.00,0.00,0.00
217.89,0.43,93.39,0.00,0.00,0.00,217.19,0.21,33.14,0.00,0.00,0.00,0.00,0.00,0.00
219.07,0.43,94.07,0.00,0.00,0.00,218.37,0.21,33.43,0.00,0.00,0.00,0.00,0.00,0.00
216.29,0.43,92.97,0.00,0.00,0.00,215.59,0.21,33.38,0.00,0.00,0.00,0.00,0.00,0.00
218.99,0.43,94.04,0.00,0.00,0.00,218.29,0.21,33.09,0.00,0.00,0.00,0.00,0.00,0.00
217.39,0.43,93.69,0.00,0.00,0.00,216.69,0.21,33.89,0.00,0.00,0.00,0.00,0.00,0.00
219.39,0.43,94.52,0.00,0.00,0.00,218.69,0.21,33.59,0.00,0.00,0.00,0.00,0.00,0.00
217.99,0.43,94.15,0.00,0.00,0.00,217.29,0.21,34.34,0.00,0.00,0.00,0.00,0.00,0.00
219.72,0.43,94.77,0.00,0.00,0.00,219.02,0.21,34.12,0.00,0.00,0.00,0.00,0.00,0.00
217.71,0.43,93.48,0.00,0.00,0.00,217.01,0.21,33.16,0.00,0.00,0.00,0.00,0.00,0.00
217.50,0.43,93.64,0.00,0.00,0.00,216.80,0.21,33.32,0.00,0.00,0.00,0.00,0.00,0.00
217.58,0.43,93.68,0.00,0.00,0.00,216.88,0.21,33.77,0.00,0.00,0.00,0.00,0.00,0.00
217.50,0.43,93.58,0.00,0.00,0.00,216.80,0.21,33.44,0.00,0.00,0.00,0.00,0.00,0.00
219.31,0.43,94.36,0.00,0.00,0.00,218.61,0.21,33.72,0.00,0.00,0.00,0.00,0.00,0.00
217.15,0.43,93.76,0.00,0.00,0.00,216.45,0.21,34.01,0.00,0.00,0.00,0.00,0.00,0.00
217.16,0.43,93.45,0.00,0.00,0.00,216.46,0.21,33.59,0.00,0.00,0.00,0.00,0.00,0.00
218.96,0.43,94.49,0.00,0.00,0.00,218.26,0.21,33.94,0.00,0.00,0.00,0.00,0.00,0.00
217.84,0.43,93.35,0.00,0.00,0.00,217.14,0.21,32.87,0.00,0.00,0.00,0.00,0.00,0.00
219.16,0.43,94.61,0.00,0.00,0.00,218.46,0.21,33.95,0.00,0.00,0.00,0.00,0.00,0.00
216.88,0.43,93.35,0.00,0.00,0.00,216.18,0.21,33.55,0.00,0.00,0.00,0.00,0.00,0.00
218.96,0.43,94.24,0.00,0.00,0.00,218.26,0.21,33.52,0.00,0.00,0.00,0.00,0.00,0.00
217.68,0.43,93.73,0.00,0.00,0.00,216.98,0.21,33.61,0.00,0.00,0.00,0.00,0.00,0.00
216.42,0.43,93.30,0.00,0.00,0.00,215.72,0.21,33.92,0.00,0.00,0.00,0.00,0.00,0.00
219.03,0.43,94.49,0.00,0.00,0.00,218.33,0.21,33.74,0.00,0.00,0.00,0.00,0.00,0.00
216.61,0.43,92.80,0.00,0.00,0.00,215.91,0.21,32.97,0.00,0.00,0.00,0.00,0.00,0.00
218.33,0.43,94.13,0.00,0.00,0.00,217.63,0.21,33.93,0.00,0.00,0.00,0.00,0.00,0.00
217.24,0.43,93.27,0.00,0.00,0.00,216.54,0.21,33.31,0.00,0.00,0.00,0.00,0.00,0.00
216.71,0.43,93.51,0.00,0.00,0.00,216.01,0.21,33.94,0.00,0.00,0.00,0.00,0.00,0.00
219.06,0.43,94.62,0.00,0.00,0.00,218.36,0.21,34.31,0.00,0.00,0.00,0.00,0.00,0.00
218.33,0.43,93.71,0.00,0.00,0.00,217.63,0.21,32.99,0.00,0.00,0.00,0.00,0.00,0.00
216.97,0.43,93.02,0.00,0.00,0.00,216.27,0.21,33.28,0.00,0.00,0.00,0.00,0.00,0.00
217.72,0.43,93.97,0.00,0.00,0.00,217.02,0.21,34.04,0.00,0.00,0.00,0.00,0.00,0.00
218.40,0.43,93.60,0.00,0.00,0.00,217.70,0.21,33.05,0.00,0.00,0.00,0.00,0.00,0.00
218.00,0.43,93.30,0.00,0.00,0.00,217.30,0.21,32.57,0.00,0.00,0.00,0.00,0.00,0.00
213.48,0.43,91.81,0.00,0.00,0.00,212.78,0.21,33.32,0.00,0.00,0.00,0.00,0.00,0.00
217.80,0.43,93.48,0.00,0.00,0.00,217.10,0.21,33.06,0.00,0.00,0.00,0.00,0.00,0.00
219.54,0.43,94.42,0.00,0.00,0.00,218.84,0.21,33.74,0.00,0.00,0.00,0.00,0.00,0.00
217.73,0.43,93.70,0.00,0.00,0.00,217.03,0.21,33.62,0.00,0.00,0.00,0.00,0.00,0.00
217.97,0.43,93.95,0.00,0.00,0.00,217.27,0.21,33.84,0.00,0.00,0.00,0.00,0.00,0.00
217.56,0.43,93.68,0.00,0.00,0.00,216.86,0.21,33.68,0.00,0.00,0.00,0.00,0.00,0.00
216.76,0.43,93.36,0.00,0.00,0.00,216.06,0.21,33.88,0.00,0.00,0.00,0.00,0.00,0.00
219.27,0.43,94.06,0.00,0.00,0.00,218.57,0.21,32.93,0.00,0.00,0.00,0.00,0.00,0.00
219.06,0.43,94.09,0.00,0.00,0.00,218.36,0.21,33.50,0.00,0.00,0.00,0.00,0.00,0.00
223.10,0.43,95.12,0.00,0.00,0.00,222.40,0.21,32.69,0.00,0.00,0.00,0.00,0.00,0.00
214.50,0.43,92.26,0.00,0.00,0.00,213.80,0.21,33.40,0.00,0.00,0.00,0.00,0.00,0.00
218.14,0.43,94.30,0.00,0.00,0.00,217.44,0.22,34.29,0.00,0.00,0.00,0.00,0.00,0.00
218.39,0.43,93.80,0.00,0.00,0.00,217.69,0.21,33.55,0.00,0.00,0.00,0.00,0.00,0.00
217.59,0.43,93.99,0.00,0.00,0.00,216.89,0.21,34.10,0.00,0.00,0.00,0.00,0.00,0.00
213.20,0.43,91.50,0.00,0.00,0.00,212.50,0.21,33.27,0.00,0.00,0.00,0.00,0.00,0.00
219.24,0.43,94.13,0.00,0.00,0.00,218.54,0.21,33.06,0.00,0.00,0.00,0.00,0.00,0.00
217.90,0.43,93.56,0.00,0.00,0.00,217.20,0.21,33.24,0.00,0.00,0.00,0.00,0.00,0.00
218.94,0.43,94.18,0.00,0.00,0.00,218.24,0.21,33.89,0.00,0.00,0.00,0.00,0.00,0.00
217.65,0.43,93.58,0.00,0.00,0.00,216.95,0.21,33.47,0.00,0.00,0.00,0.00,0.00,0.00
219.46,0.43,94.24,0.00,0.00,0.00,218.76,0.21,33.54,0.00,0.00,0.00,0.00,0.00,0.00
217.20,0.43,93.26,0.00,0.00,0.00,216.50,0.21,33.17,0.00,0.00,0.00,0.00,0.00,0.00
217.83,0.43,93.74,0.00,0.00,0.00,217.13,0.21,33.48,0.00,0.00,0.00,0.00,0.00,0.00
218.52,0.43,93.81,0.00,0.00,0.00,217.82,0.21,33.31,0.00,0.00,0.00,0.00,0.00,0.00
215.88,0.43,92.72,0.00,0.00,0.00,215.18,0.21,33.03,0.00,0.00,0.00,0.00,0.00,0.00
216.30,0.43,93.00,0.00,0.00,0.00,215.60,0.21,33.51,0.00,0.00,0.00,0.00,0.00,0.00
218.06,0.43,93.59,0.00,0.00,0.00,217.36,0.21,33.16,0.00,0.00,0.00,0.00,0.00,0.00
219.13,0.43,94.13,0.00,0.00,0.00,218.43,0.21,33.44,0.00,0.00,0.00,0.00,0.00,0.00
217.75,0.43,93.52,0.00,0.00,0.00,217.05,0.21,33.43,0.00,0.00,0.00,0.00,0.00,0.00
217.54,0.43,93.84,0.00,0.00,0.00,216.84,0.21,33.82,0.00,0.00,0.00,0.00,0.00,0.00
218.82,0.43,94.33,0.00,0.00,0.00,218.12,0.21,33.88,0.00,0.00,0.00,0.00,0.00,0.00
212.96,0.43,91.74,0.00,0.00,0.00,212.26,0.21,33.71,0.00,0.00,0.00,0.00,0.00,0.00
220.23,0.43,94.48,0.00,0.00,0.00,219.53,0.21,33.15,0.00,0.00,0.00,0.00,0.00,0.00
218.95,0.43,94.04,0.00,0.00,0.00,218.25,0.21,33.04,0.00,0.00,0.00,0.00,0.00,0.00
217.87,0.43,93.82,0.00,0.00,0.00,217.17,0.21,33.77,0.00,0.00,0.00,0.00,0.00,0.00
219.47,0.43,94.54,0.00,0.00,0.00,218.77,0.21,33.86,0.00,0.00,0.00,0.00,0.00,0.00
219.17,0.43,94.09,0.00,0.00,0.00,218.47,0.21,33.07,0.00,0.00,0.00,0.00,0.00,0.00
219.15,0.43,94.32,0.00,0.00,0.00,218.45,0.21,33.66,0.00,0.00,0.00,0.00,0.00,0.00
215.77,0.43,92.57,0.00,0.00,0.00,215.07,0.21,33.33,0.00,0.00,0.00,0.00,0.00,0.00
219.58,0.43,94.23,0.00,0.00,0.00,218.88,0.21,33.36,0.00,0.00,0.00,0.00,0.00,0.00
213.09,0.43,91.49,0.00,0.00,0.00,212.39,0.21,33.52,0.00,0.00,0.00,0.00,0.00,0.00
217.83,0.43,93.58,0.00,0.00,0.00,217.13,0.21,33.30,0.00,0.00,0.00,0.00,0.00,0.00
220.09,0.43,94.35,0.00,0.00,0.00,219.39,0.21,32.88,0.00,0.00,0.00,0.00,0.00,0.00
218.47,0.43,94.56,0.00,0.00,0.00,217.77,0.22,34.60,0.00,0.00,0.00,0.00,0.00,0.00
218.97,0.43,94.78,0.00,0.00,0.00,218.27,0.22,34.56,0.00,0.00,0.00,0.00,0.00,0.00
219.00,0.43,94.20,0.00,0.00,0.00,218.30,0.21,33.54,0.00,0.00,0.00,0.00,0.00,0.00
218.40,0.43,94.23,0.00,0.00,0.00,217.70,0.21,33.94,0.00,0.00,0.00,0.00,0.00,0.00
218.07,0.43,93.27,0.00,0.00,0.00,217.37,0.21,32.90,0.00,0.00,0.00,0.00,0.00,0.00
218.80,0.43,94.42,0.00,0.00,0.00,218.10,0.21,34.01,0.00,0.00,0.00,0.00,0.00,0.00
219.78,0.43,95.09,0.00,0.00,0.00,219.08,0.22,34.22,0.00,0.00,0.00,0.00,0.00,0.00
217.92,0.43,93.60,0.00,0.00,0.00,217.22,0.21,33.09,0.00,0.00,0.00,0.00,0.00,0.00
218.64,0.43,94.06,0.00,0.00,0.00,217.94,0.21,33.68,0.00,0.00,0.00,0.00,0.00,0.00
212.97,0.43,91.63,0.00,0.00,0.00,212.27,0.21,33.62,0.00,0.00,0.00,0.00,0.00,0.00
218.48,0.43,93.68,0.00,0.00,0.00,217.78,0.21,33.11,0.00,0.00,0.00,0.00,0.00,0.00
218.91,0.43,94.19,0.00,0.00,0.00,218.21,0.21,33.74,0.00,0.00,0.00,0.00,0.00,0.00
218.35,0.43,93.94,0.00,0.00,0.00,217.65,0.21,33.72,0.00,0.00,0.00,0.00,0.00,0.00
219.57,0.43,94.24,0.00,0.00,0.00,218.87,0.21,33.38,0.00,0.00,0.00,0.00,0.00,0.00
217.37,0.43,93.67,0.00,0.00,0.00,216.67,0.21,33.94,0.00,0.00,0.00,0.00,0.00,0.00
218.19,0.43,93.56,0.00,0.00,0.00,217.49,0.21,33.25,0.00,0.00,0.00,0.00,0.00,0.00
218.34,0.43,93.95,0.00,0.00,0.00,217.64,0.21,33.57,0.00,0.00,0.00,0.00,0.00,0.00
216.76,0.43,92.93,0.00,0.00,0.00,216.06,0.21,32.95,0.00,0.00,0.00,0.00,0.00,0.00
218.94,0.43,93.85,0.00,0.00,0.00,218.24,0.21,33.21,0.00,0.00,0.00,0.00,0.00,0.00
217.50,0.43,93.63,0.00,0.00,0.00,216.80,0.21,34.07,0.00,0.00,0.00,0.00,0.00,0.00
218.94,0.43,94.00,0.00,0.00,0.00,218.24,0.21,33.43,0.00,0.00,0.00,0.00,0.00,0.00
216.50,0.43,93.32,0.00,0.00,0.00,215.80,0.21,34.05,0.00,0.00,0.00,0.00,0.00,0.00
218.51,0.43,94.03,0.00,0.00,0.00,217.81,0.21,33.63,0.00,0.00,0.00,0.00,0.00,0.00
219.06,0.43,94.06,0.00,0.00,0.00,218.36,0.21,33.28,0.00,0.00,0.00,0.00,0.00,0.00
215.68,0.43,92.82,0.00,0.00,0.00,214.98,0.21,33.62,0.00,0.00,0.00,0.00,0.00,0.00
213.11,0.43,91.26,0.00,0.00,0.00,212.41,0.21,32.99,0.00,0.00,0.00,0.00,0.00,0.00
218.26,0.43,93.90,0.00,0.00,0.00,217.56,0.21,33.86,0.00,0.00,0.00,0.00,0.00,0.00
214.38,0.43,91.89,0.00,0.00,0.00,213.68,0.21,33.10,0.00,0.00,0.00,0.00,0.00,0.00
219.96,0.43,94.67,0.00,0.00,0.00,219.26,0.21,33.73,0.00,0.00,0.00,0.00,0.00,0.00
217.18,0.43,93.06,0.00,0.00,0.00,216.48,0.21,33.12,0.00,0.00,0.00,0.00,0.00,0.00
219.05,0.43,93.98,0.00,0.00,0.00,218.35,0.21,33.20,0.00,0.00,0.00,0.00,0.00,0.00
218.06,0.43,93.85,0.00,0.00,0.00,217.36,0.21,33.62,0.00,0.00,0.00,0.00,0.00,0.00
219.49,0.43,94.00,0.00,0.00,0.00,218.79,0.21,33.16,0.00,0.00,0.00,0.00,0.00,0.00
216.96,0.43,93.09,0.00,0.00,0.00,216.26,0.21,33.25,0.00,0.00,0.00,0.00,0.00,0.00
219.33,0.43,94.22,0.00,0.00,0.00,218.63,0.21,33.45,0.00,0.00,0.00,0.00,0.00,0.00
217.43,0.43,93.48,0.00,0.00,0.00,216.73,0.21,33.41,0.00,0.00,0.00,0.00,0.00,0.00
219.99,0.43,94.82,0.00,0.00,0.00,219.29,0.21,33.86,0.00,0.00,0.00,0.00,0.00,0.00
217.97,0.43,93.79,0.00,0.00,0.00,217.27,0.21,33.79,0.00,0.00,0.00,0.00,0.00,0.00
218.46,0.43,93.80,0.00,0.00,0.00,217.76,0.21,33.43,0.00,0.00,0.00,0.00,0.00,0.00
217.82,0.43,93.96,0.00,0.00,0.00,217.12,0.21,34.23,0.00,0.00,0.00,0.00,0.00,0.00
218.52,0.43,93.32,0.00,0.00,0.00,217.82,0.21,32.51,0.00,0.00,0.00,0.00,0.00,0.00
218.00,0.43,93.70,0.00,0.00,0.00,217.30,0.21,33.64,0.00,0.00,0.00,0.00,0.00,0.00
215.86,0.43,92.64,0.00,0.00,0.00,215.16,0.21,33.40,0.00,0.00,0.00,0.00,0.00,0.00
217.79,0.43,93.54,0.00,0.00,0.00,217.09,0.21,33.73,0.00,0.00,0.00,0.00,0.00,0.00
217.55,0.43,93.73,0.00,0.00,0.00,216.85,0.21,33.91,0.00,0.00,0.00,0.00,0.00,0.00
218.94,0.43,93.35,0.00,0.00,0.00,218.24,0.21,32.76,0.00,0.00,0.00,0.00,0.00,0.00
214.78,0.43,92.48,0.00,0.00,0.00,214.08,0.21,33.46,0.00,0.00,0.00,0.00,0.00,0.00
216.73,0.43,93.18,0.00,0.00,0.00,216.03,0.21,33.62,0.00,0.00,0.00,0.00,0.00,0.00
217.82,0.43,93.49,0.00,0.00,0.00,217.12,0.21,33.47,0.00,0.00,0.00,0.00,0.00,0.00
218.83,0.43,94.29,0.00,0.00,0.00,218.13,0.21,34.04,0.00,0.00,0.00,0.00,0.00,0.00
218.04,0.43,93.28,0.00,0.00,0.00,217.34,0.21,33.01,0.00,0.00,0.00,0.00,0.00,0.00
219.00,0.43,94.13,0.00,0.00,0.00,218.30,0.21,33.90,0.00,0.00,0.00,0.00,0.00,0.00
218.28,0.43,93.77,0.00,0.00,0.00,217.58,0.21,33.78,0.00,0.00,0.00,0.00,0.00,0.00
218.05,0.43,93.55,0.00,0.00,0.00,217.35,0.21,33.21,0.00,0.00,0.00,0.00,0.00,0.00
219.69,0.43,94.55,0.00,0.00,0.00,218.99,0.21,33.89,0.00,0.00,0.00,0.00,0.00,0.00
217.23,0.43,93.35,0.00,0.00,0.00,216.53,0.21,33.72,0.00,0.00,0.00,0.00,0.00,0.00
218.45,0.43,93.58,0.00,0.00,0.00,217.75,0.21,32.91,0.00,0.00,0.00,0.00,0.00,0.00
218.04,0.43,93.64,0.00,0.00,0.00,217.34,0.21,33.77,0.00,0.00,0.00,0.00,0.00,0.00
218.84,0.43,94.04,0.00,0.00,0.00,218.14,0.21,33.76,0.00,0.00,0.00,0.00,0.00,0.00
218.40,0.43,93.99,0.00,0.00,0.00,217.70,0.21,33.65,0.00,0.00,0.00,0.00,0.00,0.00
216.22,0.43,92.59,0.00,0.00,0.00,215.52,0.21,33.18,0.00,0.00,0.00,0.00,0.00,0.00
217.22,0.43,93.29,0.00,0.00,0.00,216.52,0.21,33.60,0.00,0.00,0.00,0.00,0.00,0.00
217.53,0.43,93.49,0.00,0.00,0.00,216.83,0.21,33.51,0.00,0.00,0.00,0.00,0.00,0.00
221.85,0.43,95.46,0.00,0.00,0.00,221.15,0.21,33.66,0.00,0.00,0.00,0.00,0.00,0.00
218.78,0.43,94.22,0.00,0.00,0.00,218.08,0.21,33.83,0.00,0.00,0.00,0.00,0.00,0.00
217.05,0.43,93.08,0.00,0.00,0.00,216.35,0.21,33.41,0.00,0.00,0.00,0.00,0.00,0.00
219.97,0.43,94.46,0.00,0.00,0.00,219.27,0.21,33.85,0.00,0.00,0.00,0.00,0.00,0.00
218.07,0.43,93.83,0.00,0.00,0.00,217.37,0.21,33.84,0.00,0.00,0.00,0.00,0.00,0.00
218.28,0.43,93.88,0.00,0.00,0.00,217.58,0.21,33.46,0.00,0.00,0.00,0.00,0.00,0.00
218.66,0.43,94.12,0.00,0.00,0.00,217.96,0.21,34.01,0.00,0.00,0.00,0.00,0.00,0.00
218.93,0.43,93.97,0.00,0.00,0.00,218.23,0.21,33.30,0.00,0.00,0.00,0.00,0.00,0.00
214.75,0.43,92.72,0.00,0.00,0.00,214.05,0.21,34.25,0.00,0.00,0.00,0.00,0.00,0.00
219.36,0.43,94.31,0.00,0.00,0.00,218.66,0.21,33.85,0.00,0.00,0.00,0.00,0.00,0.00
219.85,0.43,94.84,0.00,0.00,0.00,219.15,0.21,34.10,0.00,0.00,0.00,0.00,0.00,0.00
217.92,0.43,93.60,0.00,0.00,0.00,217.22,0.21,33.67,0.00,0.00,0.00,0.00,0.00,0.00
219.08,0.43,94.41,0.00,0.00,0.00,218.38,0.21,33.93,0.00,0.00,0.00,0.00,0.00,0.00
218.93,0.43,94.24,0.00,0.00,0.00,218.23,0.21,33.91,0.00,0.00,0.00,0.00,0.00,0.00
221.70,0.43,95.25,0.00,0.00,0.00,221.00,0.21,33.45,0.00,0.00,0.00,0.00,0.00,0.00
218.53,0.43,94.38,0.00,0.00,0.00,217.83,0.21,34.49,0.00,0.00,0.00,0.00,0.00,0.00
220.00,0.43,94.45,0.00,0.00,0.00,219.30,0.21,33.41,0.00,0.00,0.00,0.00,0.00,0.00
221.70,0.43,95.19,0.00,0.00,0.00,221.00,0.21,33.55,0.00,0.00,0.00,0.00,0.00,0.00
220.22,0.43,94.69,0.00,0.00,0.00,219.52,0.21,33.65,0.00,0.00,0.00,0.00,0.00,0.00
218.47,0.43,94.06,0.00,0.00,0.00,217.77,0.21,33.81,0.00,0.00,0.00,0.00,0.00,0.00
222.75,0.43,95.35,0.00,0.00,0.00,222.05,0.21,33.12,0.00,0.00,0.00,0.00,0.00,0.00
219.60,0.43,94.70,0.00,0.00,0.00,218.90,0.21,33.96,0.00,0.00,0.00,0.00,0.00,0.00
218.66,0.43,93.82,0.00,0.00,0.00,217.96,0.21,33.54,0.00,0.00,0.00,0.00,0.00,0.00
219.99,0.43,95.07,0.00,0.00,0.00,219.29,0.22,34.52,0.00,0.00,0.00,0.00,0.00,0.00
218.00,0.43,93.83,0.00,0.00,0.00,217.30,0.21,33.66,0.00,0.00,0.00,0.00,0.00,0.00
220.28,0.43,94.72,0.00,0.00,0.00,219.58,0.21,33.73,0.00,0.00,0.00,0.00,0.00,0.00
216.83,0.43,93.46,0.00,0.00,0.00,216.13,0.21,34.12,0.00,0.00,0.00,0.00,0.00,0.00
218.31,0.43,93.65,0.00,0.00,0.00,217.61,0.21,33.56,0.00,0.00,0.00,0.00,0.00,0.00
218.63,0.43,94.08,0.00,0.00,0.00,217.93,0.21,33.81,0.00,0.00,0.00,0.00,0.00,0.00
217.60,0.43,93.32,0.00,0.00,0.00,216.90,0.21,33.59,0.00,0.00,0.00,0.00,0.00,0.00
220.14,0.43,94.37,0.00,0.00,0.00,219.44,0.21,33.32,0.00,0.00,0.00,0.00,0.00,0.00
218.15,0.43,93.77,0.00,0.00,0.00,217.45,0.21,33.69,0.00,0.00,0.00,0.00,0.00,0.00
218.06,0.43,93.76,0.00,0.00,0.00,217.36,0.21,33.64,0.00,0.00,0.00,0.00,0.00,0.00
219.92,0.43,94.46,0.00,0.00,0.00,219.22,0.21,33.44,0.00,0.00,0.00,0.00,0.00,0.00
218.93,0.43,94.29,0.00,0.00,0.00,218.23,0.21,33.74,0.00,0.00,0.00,0.00,0.00,0.00
219.07,0.43,94.16,0.00,0.00,0.00,218.37,0.21,33.61,0.00,0.00,0.00,0.00,0.00,0.00
218.47,0.43,93.71,0.00,0.00,0.00,217.77,0.21,33.36,0.00,0.00,0.00,0.00,0.00,0.00
219.43,0.43,94.06,0.00,0.00,0.00,218.73,0.21,33.33,0.00,0.00,0.00,0.00,0.00,0.00
218.02,0.43,93.49,0.00,0.00,0.00,217.32,0.21,33.41,0.00,0.00,0.00,0.00,0.00,0.00
219.55,0.43,94.39,0.00,0.00,0.00,218.85,0.21,33.61,0.00,0.00,0.00,0.00,0.00,0.00
217.42,0.43,92.86,0.00,0.00,0.00,216.72,0.21,32.87,0.00,0.00,0.00,0.00,0.00,0.00
220.14,0.43,94.25,0.00,0.00,0.00,219.44,0.21,33.06,0.00,0.00,0.00,0.00,0.00,0.00
218.35,0.43,93.60,0.00,0.00,0.00,217.65,0.21,33.40,0.00,0.00,0.00,0.00,0.00,0.00
213.32,0.43,91.37,0.00,0.00,0.00,212.62,0.21,33.23,0.00,0.00,0.00,0.00,0.00,0.00
216.70,0.43,93.33,0.00,0.00,0.00,216.00,0.21,33.59,0.00,0.00,0.00,0.00,0.00,0.00
217.75,0.43,93.67,0.00,0.00,0.00,217.05,0.21,33.90,0.00,0.00,0.00,0.00,0.00,0.00
219.30,0.43,94.18,0.00,0.00,0.00,218.60,0.21,33.52,0.00,0.00,0.00,0.00,0.00,0.00
218.51,0.43,93.96,0.00,0.00,0.00,217.81,0.21,33.72,0.00,0.00,0.00,0.00,0.00,0.00
219.04,0.43,93.80,0.00,0.00,0.00,218.34,0.21,33.29,0.00,0.00,0.00,0.00,0.00,0.00
218.08,0.43,93.77,0.00,0.00,0.00,217.38,0.21,33.92,0.00,0.00,0.00,0.00,0.00,0.00
217.57,0.43,93.40,0.00,0.00,0.00,216.87,0.21,33.51,0.00,0.00,0.00,0.00,0.00,0.00
219.94,0.43,94.67,0.00,0.00,0.00,219.24,0.21,34.12,0.00,0.00,0.00,0.00,0.00,0.00
217.95,0.43,93.67,0.00,0.00,0.00,217.25,0.21,33.85,0.00,0.00,0.00,0.00,0.00,0.00
215.86,0.43,92.07,0.00,0.00,0.00,215.16,0.21,32.76,0.00,0.00,0.00,0.00,0.00,0.00
219.40,0.43,94.59,0.00,0.00,0.00,218.70,0.21,34.31,0.00,0.00,0.00,0.00,0.00,0.00
218.69,0.43,93.47,0.00,0.00,0.00,217.99,0.21,33.08,0.00,0.00,0.00,0.00,0.00,0.00
220.62,0.43,94.79,0.00,0.00,0.00,219.92,0.21,33.67,0.00,0.00,0.00,0.00,0.00,0.00
218.95,0.43,94.00,0.00,0.00,0.00,218.25,0.21,33.67,0.00,0.00,0.00,0.00,0.00,0.00
213.05,0.43,91.80,0.00,0.00,0.00,212.35,0.21,34.12,0.00,0.00,0.00,0.00,0.00,0.00
219.46,0.43,93.99,0.00,0.00,0.00,218.76,0.21,33.36,0.00,0.00,0.00,0.00,0.00,0.00
218.84,0.43,94.45,0.00,0.00,0.00,218.14,0.21,34.28,0.00,0.00,0.00,0.00,0.00,0.00
219.35,0.43,93.91,0.00,0.00,0.00,218.65,0.21,33.30,0.00,0.00,0.00,0.00,0.00,0.00
218.21,0.43,93.76,0.00,0.00,0.00,217.51,0.21,33.71,0.00,0.00,0.00,0.00,0.00,0.00
218.33,0.43,93.64,0.00,0.00,0.00,217.63,0.21,33.51,0.00,0.00,0.00,0.00,0.00,0.00
219.72,0.43,94.32,0.00,0.00,0.00,219.02,0.21,33.69,0.00,0.00,0.00,0.00,0.00,0.00
214.00,0.43,92.11,0.00,0.00,0.00,213.30,0.21,33.97,0.00,0.00,0.00,0.00,0.00,0.00
219.97,0.43,94.14,0.00,0.00,0.00,219.27,0.21,33.26,0.00,0.00,0.00,0.00,0.00,0.00
219.49,0.43,94.30,0.00,0.00,0.00,218.79,0.21,33.67,0.00,0.00,0.00,0.00,0.00,0.00
218.00,0.43,93.31,0.00,0.00,0.00,217.30,0.21,33.03,0.00,0.00,0.00,0.00,0.00,0.00
215.02,0.43,92.32,0.00,0.00,0.00,214.32,0.21,33.53,0.00,0.00,0.00,0.00,0.00,0.00
217.60,0.43,93.72,0.00,0.00,0.00,216.90,0.21,34.02,0.00,0.00,0.00,0.00,0.00,0.00
217.52,0.43,93.10,0.00,0.00,0.00,216.82,0.21,33.20,0.00,0.00,0.00,0.00,0.00,0.00
218.61,0.43,93.80,0.00,0.00,0.00,217.91,0.21,33.46,0.00,0.00,0.00,0.00,0.00,0.00
217.94,0.43,93.59,0.00,0.00,0.00,217.24,0.21,33.62,0.00,0.00,0.00,0.00,0.00,0.00
219.40,0.43,94.14,0.00,0.00,0.00,218.70,0.21,33.63,0.00,0.00,0.00,0.00,0.00,0.00
217.72,0.43,93.53,0.00,0.00,0.00,217.02,0.21,33.68,0.00,0.00,0.00,0.00,0.00,0.00
218.01,0.43,93.63,0.00,0.00,0.00,217.31,0.21,33.78,0.00,0.00,0.00,0.00,0.00,0.00
220.14,0.43,94.29,0.00,0.00,0.00,219.44,0.21,33.30,0.00,0.00,0.00,0.00,0.00,0.00
218.21,0.43,93.87,0.00,0.00,0.00,217.51,0.21,34.04,0.00,0.00,0.00,0.00,0.00,0.00
217.69,0.43,93.35,0.00,0.00,0.00,216.99,0.21,33.33,0.00,0.00,0.00,0.00,0.00,0.00
218.47,0.43,93.93,0.00,0.00,0.00,217.77,0.21,33.90,0.00,0.00,0.00,0.00,0.00,0.00
217.52,0.43,93.41,0.00,0.00,0.00,216.82,0.21,33.59,0.00,0.00,0.00,0.00,0.00,0.00
219.11,0.42,92.96,0.00,0.00,0.00,218.41,0.21,31.49,0.00,0.00,0.00,0.00,0.00,0.00
219.15,0.43,94.12,0.00,0.00,0.00,218.45,0.21,33.74,0.00,0.00,0.00,0.00,0.00,0.00
217.81,0.43,93.83,0.00,0.00,0.00,217.11,0.21,34.02,0.00,0.00,0.00,0.00,0.00,0.00
217.61,0.43,93.23,0.00,0.00,0.00,216.91,0.21,33.43,0.00,0.00,0.00,0.00,0.00,0.00
219.27,0.43,94.10,0.00,0.00,0.00,218.57,0.21,33.48,0.00,0.00,0.00,0.00,0.00,0.00
217.47,0.43,93.53,0.00,0.00,0.00,216.77,0.21,33.78,0.00,0.00,0.00,0.00,0.00,0.00
217.47,0.43,93.04,0.00,0.00,0.00,216.77,0.21,33.20,0.00,0.00,0.00,0.00,0.00,0.00
218.51,0.43,93.84,0.00,0.00,0.00,217.81,0.21,33.77,0.00,0.00,0.00,0.00,0.00,0.00
217.90,0.43,93.98,0.00,0.00,0.00,217.20,0.21,33.88,0.00,0.00,0.00,0.00,0.00,0.00
213.27,0.43,91.79,0.00,0.00,0.00,212.57,0.21,33.89,0.00,0.00,0.00,0.00,0.00,0.00
218.69,0.43,93.49,0.00,0.00,0.00,217.99,0.21,32.88,0.00,0.00,0.00,0.00,0.00,0.00
217.43,0.43,93.59,0.00,0.00,0.00,216.73,0.21,33.83,0.00,0.00,0.00,0.00,0.00,0.00
218.79,0.43,94.24,0.00,0.00,0.00,218.09,0.21,34.14,0.00,0.00,0.00,0.00,0.00,0.00
218.77,0.43,94.01,0.00,0.00,0.00,218.07,0.21,33.76,0.00,0.00,0.00,0.00,0.00,0.00
220.02,0.43,93.84,0.00,0.00,0.00,219.32,0.21,32.70,0.00,0.00,0.00,0.00,0.00,0.00
218.74,0.43,93.71,0.00,0.00,0.00,218.04,0.21,33.43,0.00,0.00,0.00,0.00,0.00,0.00
218.79,0.43,94.17,0.00,0.00,0.00,218.09,0.21,34.03,0.00,0.00,0.00,0.00,0.00,0.00
217.61,0.43,93.16,0.00,0.00,0.00,216.91,0.21,33.19,0.00,0.00,0.00,0.00,0.00,0.00
215.06,0.43,92.37,0.00,0.00,0.00,214.36,0.21,33.68,0.00,0.00,0.00,0.00,0.00,0.00
213.00,0.43,91.71,0.00,0.00,0.00,212.30,0.21,34.16,0.00,0.00,0.00,0.00,0.00,0.00
218.41,0.43,93.61,0.00,0.00,0.00,217.71,0.21,33.36,0.00,0.00,0.00,0.00,0.00,0.00
218.27,0.43,93.91,0.00,0.00,0.00,217.57,0.21,33.94,0.00,0.00,0.00,0.00,0.00,0.00
217.98,0.43,93.66,0.00,0.00,0.00,217.28,0.21,33.76,0.00,0.00,0.00,0.00,0.00,0.00
218.14,0.43,93.88,0.00,0.00,0.00,217.44,0.21,34.05,0.00,0.00,0.00,0.00,0.00,0.00
218.74,0.44,95.36,0.00,0.00,0.00,218.04,0.22,34.96,0.00,0.00,0.00,0.00,0.00,0.00
217.85,0.43,93.69,0.00,0.00,0.00,217.15,0.21,33.73,0.00,0.00,0.00,0.00,0.00,0.00
219.16,0.43,93.72,0.00,0.00,0.00,218.46,0.21,33.02,0.00,0.00,0.00,0.00,0.00,0.00
218.81,0.43,93.81,0.00,0.00,0.00,218.11,0.21,33.30,0.00,0.00,0.00,0.00,0.00,0.00
214.90,0.43,92.34,0.00,0.00,0.00,214.20,0.21,33.76,0.00,0.00,0.00,0.00,0.00,0.00
218.58,0.43,93.69,0.00,0.00,0.00,217.88,0.21,33.45,0.00,0.00,0.00,0.00,0.00,0.00
219.55,0.43,94.28,0.00,0.00,0.00,218.85,0.21,33.73,0.00,0.00,0.00,0.00,0.00,0.00
218.70,0.43,94.16,0.00,0.00,0.00,218.00,0.21,34.05,0.00,0.00,0.00,0.00,0.00,0.00
218.64,0.43,94.17,0.00,0.00,0.00,217.94,0.21,33.91,0.00,0.00,0.00,0.00,0.00,0.00
219.15,0.43,94.13,0.00,0.00,0.00,218.45,0.21,33.61,0.00,0.00,0.00,0.00,0.00,0.00
218.67,0.43,93.52,0.00,0.00,0.00,217.97,0.21,33.19,0.00,0.00,0.00,0.00,0.00,0.00
219.37,0.43,94.28,0.00,0.00,0.00,218.67,0.21,33.80,0.00,0.00,0.00,0.00,0.00,0.00
218.20,0.43,94.05,0.00,0.00,0.00,217.50,0.21,34.23,0.00,0.00,0.00,0.00,0.00,0.00
218.79,0.43,94.02,0.00,0.00,0.00,218.09,0.21,33.67,0.00,0.00,0.00,0.00,0.00,0.00
219.28,0.43,93.94,0.00,0.00,0.00,218.58,0.21,33.24,0.00,0.00,0.00,0.00,0.00,0.00
218.34,0.43,93.34,0.00,0.00,0.00,217.64,0.21,33.14,0.00,0.00,0.00,0.00,0.00,0.00
219.00,0.43,94.67,0.00,0.00,0.00,218.30,0.22,33.61,0.00,0.00,0.00,0.00,0.00,0.00
217.86,0.43,93.57,0.00,0.00,0.00,217.16,0.21,33.58,0.00,0.00,0.00,0.00,0.00,0.00
224.15,0.43,96.29,0.00,0.00,0.00,223.45,0.21,33.81,0.00,0.00,0.00,0.00,0.00,0.00
216.94,0.43,93.20,0.00,0.00,0.00,216.24,0.21,33.80,0.00,0.00,0.00,0.00,0.00,0.00
217.85,0.43,93.57,0.00,0.00,0.00,217.15,0.21,33.75,0.00,0.00,0.00,0.00,0.00,0.00
217.25,0.43,93.46,0.00,0.00,0.00,216.55,0.21,33.49,0.00,0.00,0.00,0.00,0.00,0.00
218.31,0.43,94.56,0.00,0.00,0.00,217.61,0.22,35.08,0.00,0.00,0.00,0.00,0.00,0.00
217.11,0.43,93.70,0.00,0.00,0.00,216.41,0.21,34.71,0.00,0.00,0.00,0.00,0.00,0.00
219.38,0.43,93.91,0.00,0.00,0.00,218.68,0.21,33.22,0.00,0.00,0.00,0.00,0.00,0.00
219.36,0.43,93.85,0.00,0.00,0.00,218.66,0.21,32.96,0.00,0.00,0.00,0.00,0.00,0.00
218.98,0.43,94.13,0.00,0.00,0.00,218.28,0.21,33.95,0.00,0.00,0.00,0.00,0.00,0.00
217.15,0.43,93.77,0.00,0.00,0.00,216.45,0.21,34.78,0.00,0.00,0.00,0.00,0.00,0.00
217.78,0.43,93.47,0.00,0.00,0.00,217.08,0.21,33.52,0.00,0.00,0.00,0.00,0.00,0.00
219.52,0.43,94.07,0.00,0.00,0.00,218.82,0.21,33.26,0.00,0.00,0.00,0.00,0.00,0.00
218.72,0.43,93.97,0.00,0.00,0.00,218.02,0.21,33.64,0.00,0.00,0.00,0.00,0.00,0.00
219.11,0.43,94.43,0.00,0.00,0.00,218.41,0.21,34.25,0.00,0.00,0.00,0.00,0.00,0.00
218.14,0.43,93.96,0.00,0.00,0.00,217.44,0.21,34.21,0.00,0.00,0.00,0.00,0.00,0.00
218.10,0.43,93.55,0.00,0.00,0.00,217.40,0.21,33.54,0.00,0.00,0.00,0.00,0.00,0.00
218.39,0.43,93.70,0.00,0.00,0.00,217.69,0.21,33.70,0.00,0.00,0.00,0.00,0.00,0.00
220.73,0.43,95.24,0.00,0.00,0.00,220.03,0.21,34.59,0.00,0.00,0.00,0.00,0.00,0.00
219.21,0.43,94.31,0.00,0.00,0.00,218.51,0.21,33.99,0.00,0.00,0.00,0.00,0.00,0.00
218.14,0.43,94.88,0.00,0.00,0.00,217.44,0.22,35.77,0.00,0.00,0.00,0.00,0.00,0.00
216.57,0.43,93.96,0.00,0.00,0.00,215.87,0.22,35.29,0.00,0.00,0.00,0.00,0.00,0.00
217.71,0.43,93.67,0.00,0.00,0.00,217.01,0.21,33.03,0.00,0.00,0.00,0.00,0.00,0.00
217.03,0.43,93.59,0.00,0.00,0.00,216.33,0.21,34.51,0.00,0.00,0.00,0.00,0.00,0.00
220.19,0.43,94.52,0.00,0.00,0.00,219.49,0.21,32.76,0.00,0.00,0.00,0.00,0.00,0.00
218.64,0.43,94.58,0.00,0.00,0.00,217.94,0.22,34.90,0.00,0.00,0.00,0.00,0.00,0.00
218.95,0.43,94.96,0.00,0.00,0.00,218.25,0.22,35.39,0.00,0.00,0.00,0.00,0.00,0.00
215.51,0.44,94.22,0.00,0.00,0.00,214.81,0.22,36.67,0.00,0.00,0.00,0.00,0.00,0.00
216.90,0.43,94.07,0.00,0.00,0.00,216.20,0.22,35.26,0.00,0.00,0.00,0.00,0.00,0.00
220.68,0.43,95.42,0.00,0.00,0.00,219.98,0.22,34.76,0.00,0.00,0.00,0.00,0.00,0.00
217.81,0.43,94.54,0.00,0.00,0.00,217.11,0.22,35.47,0.00,0.00,0.00,0.00,0.00,0.00
218.13,0.43,94.29,0.00,0.00,0.00,217.43,0.22,34.91,0.00,0.00,0.00,0.00,0.00,0.00
218.70,0.43,93.88,0.00,0.00,0.00,218.00,0.21,33.83,0.00,0.00,0.00,0.00,0.00,0.00
219.85,0.43,94.42,0.00,0.00,0.00,219.15,0.21,33.25,0.00,0.00,0.00,0.00,0.00,0.00
218.14,0.43,94.48,0.00,0.00,0.00,217.44,0.22,35.01,0.00,0.00,0.00,0.00,0.00,0.00
214.28,0.43,92.78,0.00,0.00,0.00,213.58,0.22,35.17,0.00,0.00,0.00,0.00,0.00,0.00
219.42,0.43,93.72,0.00,0.00,0.00,218.72,0.21,32.56,0.00,0.00,0.00,0.00,0.00,0.00
217.51,0.43,94.48,0.00,0.00,0.00,216.81,0.22,35.73,0.00,0.00,0.00,0.00,0.00,0.00
213.49,0.43,92.38,0.00,0.00,0.00,212.79,0.22,34.95,0.00,0.00,0.00,0.00,0.00,0.00
218.71,0.43,94.15,0.00,0.00,0.00,218.01,0.21,34.13,0.00,0.00,0.00,0.00,0.00,0.00
217.24,0.43,94.29,0.00,0.00,0.00,216.54,0.22,34.80,0.00,0.00,0.00,0.00,0.00,0.00
216.77,0.43,93.47,0.00,0.00,0.00,216.07,0.21,33.24,0.00,0.00,0.00,0.00,0.00,0.00
218.46,0.43,94.62,0.00,0.00,0.00,217.76,0.22,35.23,0.00,0.00,0.00,0.00,0.00,0.00
216.08,0.43,93.45,0.00,0.00,0.00,215.38,0.22,34.61,0.00,0.00,0.00,0.00,0.00,0.00
216.36,0.43,93.32,0.00,0.00,0.00,215.66,0.21,34.08,0.00,0.00,0.00,0.00,0.00,0.00
218.53,0.43,93.91,0.00,0.00,0.00,217.83,0.21,33.39,0.00,0.00,0.00,0.00,0.00,0.00
216.99,0.43,94.35,0.00,0.00,0.00,216.29,0.22,35.82,0.00,0.00,0.00,0.00,0.00,0.00
215.27,0.43,92.89,0.00,0.00,0.00,214.57,0.21,34.60,0.00,0.00,0.00,0.00,0.00,0.00
221.52,0.43,95.31,0.00,0.00,0.00,220.82,0.21,34.02,0.00,0.00,0.00,0.00,0.00,0.00
216.94,0.44,94.47,0.00,0.00,0.00,216.24,0.22,36.06,0.00,0.00,0.00,0.00,0.00,0.00
218.65,0.44,95.17,0.00,0.00,0.00,217.95,0.22,35.98,0.00,0.00,0.00,0.00,0.00,0.00
218.31,0.43,93.50,0.00,0.00,0.00,217.61,0.21,32.65,0.00,0.00,0.00,0.00,0.00,0.00
219.27,0.43,94.92,0.00,0.00,0.00,218.57,0.22,34.50,0.00,0.00,0.00,0.00,0.00,0.00
219.50,0.43,94.95,0.00,0.00,0.00,218.80,0.22,35.01,0.00,0.00,0.00,0.00,0.00,0.00
216.37,0.43,93.88,0.00,0.00,0.00,215.67,0.22,35.49,0.00,0.00,0.00,0.00,0.00,0.00
216.34,0.43,93.49,0.00,0.00,0.00,215.64,0.22,34.95,0.00,0.00,0.00,0.00,0.00,0.00
219.45,0.43,95.36,0.00,0.00,0.00,218.75,0.22,34.64,0.00,0.00,0.00,0.00,0.00,0.00
219.69,0.44,96.15,0.00,0.00,0.00,218.99,0.22,36.80,0.00,0.00,0.00,0.00,0.00,0.00
215.20,0.44,95.58,0.00,0.00,0.00,214.50,0.23,38.98,0.00,0.00,0.00,0.00,0.00,0.00
216.94,0.43,94.14,0.00,0.00,0.00,216.24,0.22,35.45,0.00,0.00,0.00,0.00,0.00,0.00
218.57,0.43,94.07,0.00,0.00,0.00,217.87,0.21,34.16,0.00,0.00,0.00,0.00,0.00,0.00
218.96,0.43,93.94,0.00,0.00,0.00,218.26,0.21,33.31,0.00,0.00,0.00,0.00,0.00,0.00
219.57,0.43,94.89,0.00,0.00,0.00,218.87,0.22,34.44,0.00,0.00,0.00,0.00,0.00,0.00
222.74,0.43,95.82,0.00,0.00,0.00,222.04,0.21,33.22,0.00,0.00,0.00,0.00,0.00,0.00
219.89,0.44,95.84,0.00,0.00,0.00,219.19,0.22,35.04,0.00,0.00,0.00,0.00,0.00,0.00
219.33,0.43,94.14,0.00,0.00,0.00,218.63,0.21,32.78,0.00,0.00,0.00,0.00,0.00,0.00
219.39,0.43,94.63,0.00,0.00,0.00,218.69,0.21,34.37,0.00,0.00,0.00,0.00,0.00,0.00
218.43,0.43,93.58,0.00,0.00,0.00,217.73,0.21,33.66,0.00,0.00,0.00,0.00,0.00,0.00
215.59,0.44,93.87,0.00,0.00,0.00,214.89,0.22,35.91,0.00,0.00,0.00,0.00,0.00,0.00
217.80,0.44,95.11,0.00,0.00,0.00,217.10,0.22,36.30,0.00,0.00,0.00,0.00,0.00,0.00
217.57,0.43,94.50,0.00,0.00,0.00,216.87,0.22,34.96,0.00,0.00,0.00,0.00,0.00,0.00
217.81,0.43,94.13,0.00,0.00,0.00,217.11,0.22,33.78,0.00,0.00,0.00,0.00,0.00,0.00
218.34,0.43,94.16,0.00,0.00,0.00,217.64,0.21,34.63,0.00,0.00,0.00,0.00,0.00,0.00
216.64,0.43,93.59,0.00,0.00,0.00,215.94,0.21,34.96,0.00,0.00,0.00,0.00,0.00,0.00
219.06,0.43,95.01,0.00,0.00,0.00,218.36,0.22,35.31,0.00,0.00,0.00,0.00,0.00,0.00
217.51,0.43,93.93,0.00,0.00,0.00,216.81,0.21,34.74,0.00,0.00,0.00,0.00,0.00,0.00
217.84,0.43,93.79,0.00,0.00,0.00,217.14,0.21,34.25,0.00,0.00,0.00,0.00,0.00,0.00
218.07,0.43,94.20,0.00,0.00,0.00,217.37,0.21,34.56,0.00,0.00,0.00,0.00,0.00,0.00
224.64,0.43,96.69,0.00,0.00,0.00,223.94,0.21,33.00,0.00,0.00,0.00,0.00,0.00,0.00
219.81,0.43,95.50,0.00,0.00,0.00,219.11,0.22,34.64,0.00,0.00,0.00,0.00,0.00,0.00
218.85,0.43,94.27,0.00,0.00,0.00,218.15,0.21,33.07,0.00,0.00,0.00,0.00,0.00,0.00
218.16,0.44,94.95,0.00,0.00,0.00,217.46,0.22,34.88,0.00,0.00,0.00,0.00,0.00,0.00
219.46,0.43,94.42,0.00,0.00,0.00,218.76,0.21,34.05,0.00,0.00,0.00,0.00,0.00,0.00
219.32,0.43,94.88,0.00,0.00,0.00,218.62,0.22,34.92,0.00,0.00,0.00,0.00,0.00,0.00
219.04,0.44,95.48,0.00,0.00,0.00,218.34,0.22,36.07,0.00,0.00,0.00,0.00,0.00,0.00
218.07,0.43,94.05,0.00,0.00,0.00,217.37,0.21,34.28,0.00,0.00,0.00,0.00,0.00,0.00
216.45,0.43,92.87,0.00,0.00,0.00,215.75,0.21,33.72,0.00,0.00,0.00,0.00,0.00,0.00
217.64,0.43,93.79,0.00,0.00,0.00,216.94,0.21,34.26,0.00,0.00,0.00,0.00,0.00,0.00
219.04,0.43,95.24,0.00,0.00,0.00,218.34,0.22,35.67,0.00,0.00,0.00,0.00,0.00,0.00
220.01,0.43,95.64,0.00,0.00,0.00,219.31,0.22,34.78,0.00,0.00,0.00,0.00,0.00,0.00
219.31,0.43,95.28,0.00,0.00,0.00,218.61,0.22,35.64,0.00,0.00,0.00,0.00,0.00,0.00
218.65,0.43,94.02,0.00,0.00,0.00,217.95,0.21,33.65,0.00,0.00,0.00,0.00,0.00,0.00
217.57,0.43,93.60,0.00,0.00,0.00,216.87,0.21,34.01,0.00,0.00,0.00,0.00,0.00,0.00
219.36,0.43,95.05,0.00,0.00,0.00,218.66,0.22,35.25,0.00,0.00,0.00,0.00,0.00,0.00
219.45,0.43,94.54,0.00,0.00,0.00,218.75,0.21,34.37,0.00,0.00,0.00,0.00,0.00,0.00
220.08,0.43,94.80,0.00,0.00,0.00,219.38,0.21,34.10,0.00,0.00,0.00,0.00,0.00,0.00
217.38,0.43,93.36,0.00,0.00,0.00,216.68,0.21,32.95,0.00,0.00,0.00,0.00,0.00,0.00
214.91,0.43,92.76,0.00,0.00,0.00,214.21,0.21,34.45,0.00,0.00,0.00,0.00,0.00,0.00
219.26,0.44,95.80,0.00,0.00,0.00,218.56,0.22,36.38,0.00,0.00,0.00,0.00,0.00,0.00
219.67,0.43,94.85,0.00,0.00,0.00,218.97,0.21,33.72,0.00,0.00,0.00,0.00,0.00,0.00
217.80,0.43,94.43,0.00,0.00,0.00,217.10,0.22,34.99,0.00,0.00,0.00,0.00,0.00,0.00
217.79,0.43,94.71,0.00,0.00,0.00,217.09,0.22,34.66,0.00,0.00,0.00,0.00,0.00,0.00
213.72,0.43,92.55,0.00,0.00,0.00,213.02,0.22,35.16,0.00,0.00,0.00,0.00,0.00,0.00
218.46,0.43,94.36,0.00,0.00,0.00,217.76,0.21,34.65,0.00,0.00,0.00,0.00,0.00,0.00
218.31,0.44,95.33,0.00,0.00,0.00,217.61,0.22,36.44,0.00,0.00,0.00,0.00,0.00,0.00
219.02,0.43,94.36,0.00,0.00,0.00,218.32,0.21,33.59,0.00,0.00,0.00,0.00,0.00,0.00
219.34,0.43,93.98,0.00,0.00,0.00,218.64,0.21,32.98,0.00,0.00,0.00,0.00,0.00,0.00
220.44,0.43,94.84,0.00,0.00,0.00,219.74,0.21,34.13,0.00,0.00,0.00,0.00,0.00,0.00
214.83,0.43,93.06,0.00,0.00,0.00,214.13,0.22,34.75,0.00,0.00,0.00,0.00,0.00,0.00
219.37,0.43,95.05,0.00,0.00,0.00,218.67,0.22,35.01,0.00,0.00,0.00,0.00,0.00,0.00
221.95,0.43,95.88,0.00,0.00,0.00,221.25,0.21,34.92,0.00,0.00,0.00,0.00,0.00,0.00
218.32,0.43,94.80,0.00,0.00,0.00,217.62,0.22,34.57,0.00,0.00,0.00,0.00,0.00,0.00
217.90,0.43,93.95,0.00,0.00,0.00,217.20,0.21,33.27,0.00,0.00,0.00,0.00,0.00,0.00
217.19,0.43,94.08,0.00,0.00,0.00,216.49,0.22,35.25,0.00,0.00,0.00,0.00,0.00,0.00
218.29,0.43,94.06,0.00,0.00,0.00,217.59,0.21,34.42,0.00,0.00,0.00,0.00,0.00,0.00
219.91,0.44,96.81,0.00,0.00,0.00,219.21,0.22,36.60,0.00,0.00,0.00,0.00,0.00,0.00
217.63,0.43,93.94,0.00,0.00,0.00,216.93,0.21,33.65,0.00,0.00,0.00,0.00,0.00,0.00
213.81,0.44,93.73,0.00,0.00,0.00,213.11,0.22,35.82,0.00,0.00,0.00,0.00,0.00,0.00
218.65,0.43,94.95,0.00,0.00,0.00,217.95,0.22,35.60,0.00,0.00,0.00,0.00,0.00,0.00
218.73,0.43,94.15,0.00,0.00,0.00,218.03,0.21,33.25,0.00,0.00,0.00,0.00,0.00,0.00
218.45,0.44,95.06,0.00,0.00,0.00,217.75,0.22,34.80,0.00,0.00,0.00,0.00,0.00,0.00
218.67,0.43,94.45,0.00,0.00,0.00,217.97,0.21,34.66,0.00,0.00,0.00,0.00,0.00,0.00
217.02,0.43,93.41,0.00,0.00,0.00,216.32,0.21,34.07,0.00,0.00,0.00,0.00,0.00,0.00
219.29,0.44,95.66,0.00,0.00,0.00,218.59,0.22,36.22,0.00,0.00,0.00,0.00,0.00,0.00
217.74,0.43,94.04,0.00,0.00,0.00,217.04,0.21,34.02,0.00,0.00,0.00,0.00,0.00,0.00
219.95,0.43,95.66,0.00,0.00,0.00,219.25,0.22,35.74,0.00,0.00,0.00,0.00,0.00,0.00
220.33,0.43,95.63,0.00,0.00,0.00,219.63,0.22,35.27,0.00,0.00,0.00,0.00,0.00,0.00
218.03,0.43,94.71,0.00,0.00,0.00,217.33,0.22,35.72,0.00,0.00,0.00,0.00,0.00,0.00
217.20,0.43,93.82,0.00,0.00,0.00,216.50,0.21,33.43,0.00,0.00,0.00,0.00,0.00,0.00
219.85,0.43,95.00,0.00,0.00,0.00,219.15,0.22,34.40,0.00,0.00,0.00,0.00,0.00,0.00
219.93,0.43,94.62,0.00,0.00,0.00,219.23,0.21,33.08,0.00,0.00,0.00,0.00,0.00,0.00
223.08,0.44,97.28,0.00,0.00,0.00,222.38,0.22,35.12,0.00,0.00,0.00,0.00,0.00,0.00
220.01,0.43,95.39,0.00,0.00,0.00,219.31,0.22,35.12,0.00,0.00,0.00,0.00,0.00,0.00
219.43,0.43,95.05,0.00,0.00,0.00,218.73,0.22,35.24,0.00,0.00,0.00,0.00,0.00,0.00
215.01,0.43,92.31,0.00,0.00,0.00,214.31,0.21,33.65,0.00,0.00,0.00,0.00,0.00,0.00
218.83,0.43,94.46,0.00,0.00,0.00,218.13,0.21,34.59,0.00,0.00,0.00,0.00,0.00,0.00
218.86,0.43,94.13,0.00,0.00,0.00,218.16,0.21,32.96,0.00,0.00,0.00,0.00,0.00,0.00
217.79,0.43,93.37,0.00,0.00,0.00,217.09,0.21,32.59,0.00,0.00,0.00,0.00,0.00,0.00
214.69,0.43,92.33,0.00,0.00,0.00,213.99,0.21,34.00,0.00,0.00,0.00,0.00,0.00,0.00
217.22,0.43,93.60,0.00,0.00,0.00,216.52,0.21,34.21,0.00,0.00,0.00,0.00,0.00,0.00
219.39,0.43,94.77,0.00,0.00,0.00,218.69,0.21,34.29,0.00,0.00,0.00,0.00,0.00,0.00
218.17,0.43,94.77,0.00,0.00,0.00,217.47,0.22,35.55,0.00,0.00,0.00,0.00,0.00,0.00
217.89,0.44,95.02,0.00,0.00,0.00,217.19,0.22,34.72,0.00,0.00,0.00,0.00,0.00,0.00
220.26,0.43,95.08,0.00,0.00,0.00,219.56,0.21,34.12,0.00,0.00,0.00,0.00,0.00,0.00
218.06,0.43,94.35,0.00,0.00,0.00,217.36,0.22,34.85,0.00,0.00,0.00,0.00,0.00,0.00
217.45,0.43,93.13,0.00,0.00,0.00,216.75,0.21,32.40,0.00,0.00,0.00,0.00,0.00,0.00
219.63,0.43,93.90,0.00,0.00,0.00,218.93,0.21,31.74,249.95,0.00,0.00,0.00,0.00,0.00
219.68,0.44,95.63,0.00,0.00,0.00,218.98,0.22,34.28,0.00,0.00,0.00,0.00,0.00,0.00
218.38,0.43,94.64,0.00,0.00,0.00,217.68,0.22,33.42,0.00,0.00,0.00,0.00,0.00,0.00
220.59,0.42,92.80,0.00,0.08,0.00,0.00,0.10,0.00,0.00,0.10,0.00,0.00,0.14,0.00
217.61,0.30,64.88,0.00,0.07,0.00,0.00,0.00,0.00,0.00,0.10,0.00,0.00,0.14,0.00
218.44,0.28,60.47,0.00,0.06,0.00,0.00,0.00,0.00,0.00,0.09,0.00,0.00,0.13,0.00
219.85,0.19,40.85,0.00,0.00,0.00,0.00,0.00,0.00,0.00,0.06,0.00,0.00,0.12,0.00
220.52,0.11,23.79,0.00,0.00,0.00,0.00,0.00,0.00,0.00,0.00,0.00,0.00,0.11,0.00
219.35,0.09,20.75,0.00,0.00,0.00,0.00,0.00,0.00,0.00,0.00,0.00,0.00,0.09,0.00
218.93,0.09,18.93,0.00,0.00,0.00,0.00,0.00,0.00,0.00,0.00,0.00,0.00,0.09,0.00
220.62,0.08,16.81,0.00,0.00,0.00,0.00,0.00,0.00,0.00,0.00,0.00,0.00,0.08,0.00
220.13,0.08,16.69,0.00,0.00,0.00,0.00,0.00,0.00,0.00,0.00,0.00,0.00,0.08,0.00
219.17,0.07,15.89,0.00,0.00,0.00,0.00,0.00,0.00,0.00,0.00,0.00,0.00,0.07,0.00
218.62,0.07,15.72,0.00,0.00,0.00,0.00,0.00,0.00,0.00,0.00,0.00,0.00,0.07,0.00
218.91,0.07,15.29,0.00,0.00,0.00,0.00,0.00,0.00,0.00,0.00,0.00,0.00,0.07,0.00
219.32,0.07,14.99,0.00,0.00,0.00,0.00,0.00,0.00,0.00,0.00,0.00,0.00,0.07,0.00
218.01,0.07,14.59,0.00,0.00,0.00,0.00,0.00,0.00,0.00,0.00,0.00,0.00,0.07,0.00
218.45,0.06,13.89,0.00,0.00,0.00,0.00,0.00,0.00,0.00,0.00,0.00,0.00,0.06,0.00
217.97,0.06,13.57,0.00,0.00,0.00,0.00,0.00,0.00,0.00,0.00,0.00,0.00,0.06,0.00
218.52,0.06,13.19,0.00,0.00,0.00,0.00,0.00,0.00,0.00,0.00,0.00,0.00,0.06,0.00
219.33,0.06,12.63,0.00,0.00,0.00,0.00,0.00,0.00,0.00,0.00,0.00,0.00,0.06,0.00
220.26,0.22,48.36,0.00,0.00,0.00,0.00,0.00,0.00,0.00,0.00,0.00,0.00,0.00,0.00
220.14,0.22,48.41,0.00,0.00,0.00,0.00,0.00,0.00,0.00,0.00,0.00,0.00,0.00,0.00
218.94,0.22,47.91,0.00,0.00,0.00,0.00,0.00,0.00,0.00,0.00,0.00,0.00,0.00,0.00
220.46,0.22,48.11,0.00,0.00,0.00,0.00,0.00,0.00,0.00,0.00,0.00,0.00,0.00,0.00
219.77,0.22,47.75,0.00,0.00,0.00,0.00,0.00,0.00,0.00,0.00,0.00,0.00,0.00,0.00
219.63,0.22,48.23,0.00,0.00,0.00,0.00,0.00,0.00,0.00,0.00,0.00,0.00,0.00,0.00
221.06,0.22,48.70,0.00,0.00,0.00,0.00,0.00,0.00,0.00,0.00,0.00,0.00,0.00,0.00
218.20,0.22,47.55,0.00,0.00,0.00,0.00,0.00,0.00,0.00,0.00,0.00,0.00,0.00,0.00
219.13,0.22,47.60,0.00,0.00,0.00,0.00,0.00,0.00,0.00,0.00,0.00,0.00,0.00,0.00
219.17,0.22,47.85,0.00,0.00,0.00,0.00,0.00,0.00,0.00,0.00,0.00,0.00,0.00,0.00
217.16,0.22,47.07,0.00,0.00,0.00,0.00,0.00,0.00,0.00,0.00,0.00,0.00,0.00,0.00
219.73,0.22,48.11,0.00,0.00,0.00,0.00,0.00,0.00,0.00,0.00,0.00,0.00,0.00,0.00
219.71,0.22,48.17,0.00,0.00,0.00,0.00,0.00,0.00,0.00,0.00,0.00,0.00,0.00,0.00
219.96,0.22,48.38,0.00,0.00,0.00,0.00,0.00,0.00,0.00,0.00,0.00,0.00,0.00,0.00
219.24,0.36,78.70,0.00,0.10,0.00,0.00,0.00,0.00,0.00,0.12,0.00,0.00,0.13,0.00
219.39,0.34,74.74,0.00,0.10,0.00,0.00,0.00,0.00,0.00,0.11,0.00,0.00,0.13,0.00
218.97,0.32,70.25,0.00,0.09,0.00,0.00,0.00,0.00,0.00,0.11,0.00,0.00,0.12,0.00
218.21,0.29,63.20,0.00,0.09,0.00,0.00,0.00,0.00,0.00,0.11,0.00,0.00,0.09,0.00
215.46,0.24,51.26,0.00,0.08,0.00,0.00,0.00,0.00,0.00,0.08,0.00,0.00,0.07,0.00
216.07,0.21,45.00,0.00,0.08,0.00,0.00,0.00,0.00,0.00,0.06,0.00,0.00,0.07,0.00
218.81,0.20,44.06,0.00,0.08,0.00,0.00,0.00,0.00,0.00,0.06,0.00,0.00,0.06,0.00
219.09,0.14,29.93,0.00,0.07,0.00,0.00,0.00,0.00,0.00,0.00,0.00,0.00,0.06,0.00
219.28,0.13,29.39,0.00,0.07,0.00,0.00,0.00,0.00,0.00,0.00,0.00,0.00,0.06,0.00
219.23,0.13,28.38,0.00,0.07,0.00,0.00,0.00,0.00,0.00,0.00,0.00,0.00,0.06,0.00
219.35,0.12,26.33,0.00,0.06,0.00,0.00,0.00,0.00,0.00,0.00,0.00,0.00,0.06,0.00
218.49,0.12,25.56,0.00,0.06,0.00,0.00,0.00,0.00,0.00,0.00,0.00,0.00,0.06,0.00
217.24,0.10,22.71,0.00,0.05,0.00,0.00,0.00,0.00,0.00,0.00,0.00,0.00,0.05,0.00
218.35,0.22,47.63,0.00,0.00,0.00,0.00,0.00,0.00,0.00,0.00,0.00,0.00,0.00,0.00
217.83,0.22,47.22,0.00,0.00,0.00,0.00,0.00,0.00,0.00,0.00,0.00,0.00,0.00,0.00
219.84,0.22,48.06,0.00,0.00,0.00,0.00,0.00,0.00,0.00,0.00,0.00,0.00,0.00,0.00
221.93,0.28,61.77,0.00,0.00,0.00,0.00,0.00,0.00,0.00,0.00,0.00,0.00,0.06,0.00
219.47,0.44,96.09,0.00,0.00,0.00,0.00,0.00,0.00,218.20,0.22,46.81,0.00,0.00,0.00
219.51,0.44,95.79,0.00,0.00,0.00,0.00,0.00,0.00,218.04,0.22,46.70,0.00,0.00,0.00
219.14,0.43,94.83,0.00,0.00,0.00,0.00,0.00,0.00,214.00,0.21,45.22,0.00,0.00,0.00
216.58,0.43,93.62,0.00,0.00,0.00,0.00,0.00,0.00,215.14,0.21,45.52,0.00,0.00,0.00
219.17,0.43,94.85,0.00,0.00,0.00,0.00,0.00,0.00,216.60,0.21,45.93,0.00,0.00,0.00
219.22,0.43,94.74,0.00,0.00,0.00,0.00,0.00,0.00,215.56,0.21,45.65,0.00,0.00,0.00
217.33,0.43,93.80,0.00,0.00,0.00,0.00,0.00,0.00,215.78,0.21,45.66,0.00,0.00,0.00
218.15,0.43,94.31,0.00,0.00,0.00,0.00,0.00,0.00,216.31,0.21,45.88,0.00,0.00,0.00
217.03,0.43,93.24,0.00,0.00,0.00,0.00,0.00,0.00,213.29,0.21,44.82,0.00,0.00,0.00
218.08,0.43,94.47,0.00,0.00,0.00,0.00,0.00,0.00,217.31,0.22,46.32,0.00,0.00,0.00
217.07,0.43,94.06,0.00,0.00,0.00,0.00,0.00,0.00,216.46,0.22,46.15,0.00,0.00,0.00
218.64,0.43,94.86,0.00,0.00,0.00,0.00,0.00,0.00,218.14,0.22,46.65,0.00,0.00,0.00
218.75,0.43,94.86,0.00,0.00,0.00,0.00,0.00,0.00,218.03,0.22,46.69,0.00,0.00,0.00
219.26,0.43,94.94,0.00,0.00,0.00,0.00,0.00,0.00,217.42,0.21,46.31,0.00,0.00,0.00
218.33,0.43,94.02,0.00,0.00,0.00,0.00,0.00,0.00,215.77,0.21,45.50,0.00,0.00,0.00
219.09,0.43,94.58,0.00,0.00,0.00,0.00,0.00,0.00,216.09,0.21,45.83,0.00,0.00,0.00
219.09,0.43,94.09,0.00,0.00,0.00,0.00,0.00,0.00,213.99,0.21,44.88,0.00,0.00,0.00
218.99,0.43,94.66,0.00,0.00,0.00,0.00,0.00,0.00,216.56,0.21,46.02,0.00,0.00,0.00
221.13,0.43,95.41,0.00,0.00,0.00,0.00,0.00,0.00,215.93,0.21,45.73,0.00,0.00,0.00
214.96,0.43,91.97,0.00,0.00,0.00,0.00,0.00,0.00,212.51,0.21,44.24,0.00,0.00,0.00
217.32,0.42,91.75,0.00,0.00,0.00,0.00,0.00,0.00,208.56,0.20,42.02,0.00,0.00,0.00
218.95,0.43,94.80,0.00,0.00,0.00,0.00,0.00,0.00,217.48,0.21,46.42,0.00,0.00,0.00
217.23,0.43,93.40,0.00,0.00,0.00,0.00,0.00,0.00,214.73,0.21,45.14,0.00,0.00,0.00
219.56,0.43,93.99,0.00,0.00,0.00,0.00,0.00,0.00,211.88,0.21,44.19,0.00,0.00,0.00
218.60,0.43,94.77,0.00,0.00,0.00,0.00,0.00,0.00,218.24,0.22,46.73,0.00,0.00,0.00
217.67,0.43,93.39,0.00,0.00,0.00,0.00,0.00,0.00,213.76,0.21,44.79,0.00,0.00,0.00
218.49,0.43,94.67,0.00,0.00,0.00,0.00,0.00,0.00,217.89,0.22,46.58,0.00,0.00,0.00
213.51,0.43,92.55,0.00,0.00,0.00,0.00,0.00,0.00,217.71,0.22,46.59,0.00,0.00,0.00
217.82,0.43,94.00,0.00,0.00,0.00,0.00,0.00,0.00,215.48,0.21,45.69,0.00,0.00,0.00
217.51,0.43,94.04,0.00,0.00,0.00,0.00,0.00,0.00,216.73,0.21,46.15,0.00,0.00,0.00
218.13,0.43,94.48,0.00,0.00,0.00,0.00,0.00,0.00,217.67,0.21,46.60,0.00,0.00,0.00
219.02,0.43,94.66,0.00,0.00,0.00,0.00,0.00,0.00,216.18,0.21,46.00,0.00,0.00,0.00
217.25,0.43,93.81,0.00,0.00,0.00,0.00,0.00,0.00,216.50,0.21,45.96,0.00,0.00,0.00
218.35,0.43,94.59,0.00,0.00,0.00,0.00,0.00,0.00,217.54,0.22,46.55,0.00,0.00,0.00
217.83,0.43,94.36,0.00,0.00,0.00,0.00,0.00,0.00,218.21,0.22,46.67,0.00,0.00,0.00
217.52,0.43,93.96,0.00,0.00,0.00,0.00,0.00,0.00,216.83,0.21,46.13,0.00,0.00,0.00
218.16,0.43,94.47,0.00,0.00,0.00,0.00,0.00,0.00,217.36,0.21,46.43,0.00,0.00,0.00
219.02,0.43,94.68,0.00,0.00,0.00,0.00,0.00,0.00,216.37,0.21,46.08,0.00,0.00,0.00
219.51,0.43,94.91,0.00,0.00,0.00,0.00,0.00,0.00,217.27,0.21,46.32,0.00,0.00,0.00
218.88,0.43,94.56,0.00,0.00,0.00,0.00,0.00,0.00,216.38,0.21,46.02,0.00,0.00,0.00
218.29,0.43,93.61,0.00,0.00,0.00,0.00,0.00,0.00,213.25,0.21,44.70,0.00,0.00,0.00
219.03,0.43,94.82,0.00,0.00,0.00,0.00,0.00,0.00,216.84,0.21,46.36,0.00,0.00,0.00
215.43,0.43,93.03,0.00,0.00,0.00,0.00,0.00,0.00,216.80,0.21,46.06,0.00,0.00,0.00
218.33,0.43,94.10,0.00,0.00,0.00,0.00,0.00,0.00,215.79,0.21,45.69,0.00,0.00,0.00
219.40,0.43,94.52,0.00,0.00,0.00,0.00,0.00,0.00,214.92,0.21,45.46,0.00,0.00,0.00
219.30,0.43,93.66,0.00,0.00,0.00,0.00,0.00,0.00,211.79,0.21,44.01,0.00,0.00,0.00
218.05,0.43,94.09,0.00,0.00,0.00,0.00,0.00,0.00,215.79,0.21,45.83,0.00,0.00,0.00
218.25,0.43,94.35,0.00,0.00,0.00,0.00,0.00,0.00,216.82,0.21,46.23,0.00,0.00,0.00
218.41,0.43,93.65,0.00,0.00,0.00,0.00,0.00,0.00,212.95,0.21,44.65,0.00,0.00,0.00
217.60,0.43,94.10,0.00,0.00,0.00,0.00,0.00,0.00,217.05,0.21,46.33,0.00,0.00,0.00
217.12,0.43,93.78,0.00,0.00,0.00,0.00,0.00,0.00,215.93,0.21,45.93,0.00,0.00,0.00
217.40,0.43,94.05,0.00,0.00,0.00,0.00,0.00,0.00,216.93,0.21,46.40,0.00,0.00,0.00
223.93,0.43,96.79,0.00,0.00,0.00,0.00,0.00,0.00,216.32,0.21,46.11,0.00,0.00,0.00
218.46,0.43,93.82,0.00,0.00,0.00,0.00,0.00,0.00,215.39,0.21,45.10,0.00,0.00,0.00
217.04,0.43,93.91,0.00,0.00,0.00,0.00,0.00,0.00,215.77,0.21,46.00,0.00,0.00,0.00
218.10,0.43,94.34,0.00,0.00,0.00,0.00,0.00,0.00,216.48,0.21,46.21,0.00,0.00,0.00
218.05,0.43,93.64,0.00,0.00,0.00,0.00,0.00,0.00,213.79,0.21,45.03,0.00,0.00,0.00
218.22,0.43,94.64,0.00,0.00,0.00,0.00,0.00,0.00,218.28,0.22,46.83,0.00,0.00,0.00
218.57,0.43,94.86,0.00,0.00,0.00,0.00,0.00,0.00,218.94,0.22,47.09,0.00,0.00,0.00
216.63,0.43,92.82,0.00,0.00,0.00,0.00,0.00,0.00,212.33,0.21,44.49,0.00,0.00,0.00
218.16,0.43,94.18,0.00,0.00,0.00,0.00,0.00,0.00,215.57,0.21,45.84,0.00,0.00,0.00
217.83,0.43,94.25,0.00,0.00,0.00,0.00,0.00,0.00,216.84,0.21,46.32,0.00,0.00,0.00
218.23,0.43,93.69,0.00,0.00,0.00,0.00,0.00,0.00,213.04,0.21,44.83,0.00,0.00,0.00
216.34,0.43,93.62,0.00,0.00,0.00,0.00,0.00,0.00,217.24,0.21,46.47,0.00,0.00,0.00
217.76,0.43,94.25,0.00,0.00,0.00,0.00,0.00,0.00,216.85,0.21,46.36,0.00,0.00,0.00
217.64,0.43,94.34,0.00,0.00,0.00,0.00,0.00,0.00,218.51,0.22,46.87,0.00,0.00,0.00
217.94,0.43,93.62,0.00,0.00,0.00,0.00,0.00,0.00,214.10,0.21,45.12,0.00,0.00,0.00
219.88,0.43,95.35,0.00,0.00,0.00,0.00,0.00,0.00,217.60,0.22,46.73,0.00,0.00,0.00
220.19,0.43,95.41,0.00,0.00,0.00,0.00,0.00,0.00,218.12,0.22,46.74,0.00,0.00,0.00
218.24,0.43,94.32,0.00,0.00,0.00,0.00,0.00,0.00,216.96,0.21,46.26,0.00,0.00,0.00
218.18,0.43,94.44,0.00,0.00,0.00,0.00,0.00,0.00,217.62,0.21,46.55,0.00,0.00,0.00
219.95,0.43,95.04,0.00,0.00,0.00,0.00,0.00,0.00,217.05,0.21,46.27,0.00,0.00,0.00
219.65,0.43,93.97,0.00,0.00,0.00,0.00,0.00,0.00,212.51,0.21,44.40,0.00,0.00,0.00
218.14,0.43,94.23,0.00,0.00,0.00,0.00,0.00,0.00,216.27,0.21,46.07,0.00,0.00,0.00
218.76,0.43,94.36,0.00,0.00,0.00,0.00,0.00,0.00,215.28,0.21,45.70,0.00,0.00,0.00
218.76,0.43,94.46,0.00,0.00,0.00,0.00,0.00,0.00,216.05,0.21,46.03,0.00,0.00,0.00
216.50,0.43,93.13,0.00,0.00,0.00,0.00,0.00,0.00,214.59,0.21,45.31,0.00,0.00,0.00
219.97,0.43,94.92,0.00,0.00,0.00,0.00,0.00,0.00,215.74,0.21,45.89,0.00,0.00,0.00
217.60,0.43,93.30,0.00,0.00,0.00,0.00,0.00,0.00,213.69,0.21,44.90,0.00,0.00,0.00
218.01,0.43,94.53,0.00,0.00,0.00,0.00,0.00,0.00,217.57,0.22,46.71,0.00,0.00,0.00
216.09,0.43,93.30,0.00,0.00,0.00,0.00,0.00,0.00,216.99,0.21,46.22,0.00,0.00,0.00
216.14,0.43,93.68,0.00,0.00,0.00,0.00,0.00,0.00,218.27,0.22,46.86,0.00,0.00,0.00
218.79,0.43,94.58,0.00,0.00,0.00,0.00,0.00,0.00,217.55,0.21,46.45,0.00,0.00,0.00
217.75,0.43,94.53,0.00,0.00,0.00,0.00,0.00,0.00,218.23,0.22,47.00,0.00,0.00,0.00
217.40,0.43,93.45,0.00,0.00,0.00,0.00,0.00,0.00,213.80,0.21,45.11,0.00,0.00,0.00
219.08,0.43,94.86,0.00,0.00,0.00,0.00,0.00,0.00,217.50,0.21,46.58,0.00,0.00,0.00
218.68,0.43,94.53,0.00,0.00,0.00,0.00,0.00,0.00,215.88,0.21,46.05,0.00,0.00,0.00
217.99,0.43,93.74,0.00,0.00,0.00,0.00,0.00,0.00,214.24,0.21,45.29,0.00,0.00,0.00
218.41,0.43,93.13,0.00,0.00,0.00,0.00,0.00,0.00,212.01,0.21,43.84,0.00,0.00,0.00
219.49,0.43,93.87,0.00,0.00,0.00,0.00,0.00,0.00,212.80,0.21,44.45,0.00,0.00,0.00
211.92,0.43,91.47,0.00,0.00,0.00,0.00,0.00,0.00,216.16,0.21,46.01,0.00,0.00,0.00
219.03,0.43,94.64,0.00,0.00,0.00,0.00,0.00,0.00,216.43,0.21,46.16,0.00,0.00,0.00
217.35,0.43,94.09,0.00,0.00,0.00,0.00,0.00,0.00,217.11,0.21,46.51,0.00,0.00,0.00
218.67,0.43,94.52,0.00,0.00,0.00,0.00,0.00,0.00,217.04,0.21,46.36,0.00,0.00,0.00
216.98,0.43,93.62,0.00,0.00,0.00,0.00,0.00,0.00,215.95,0.21,45.92,0.00,0.00,0.00
216.88,0.43,93.60,0.00,0.00,0.00,0.00,0.00,0.00,215.94,0.21,45.95,0.00,0.00,0.00
217.90,0.43,93.86,0.00,0.00,0.00,0.00,0.00,0.00,215.45,0.21,45.71,0.00,0.00,0.00
217.59,0.43,94.02,0.00,0.00,0.00,0.00,0.00,0.00,216.69,0.21,46.31,0.00,0.00,0.00
217.87,0.43,93.47,0.00,0.00,0.00,0.00,0.00,0.00,213.81,0.21,44.95,0.00,0.00,0.00
214.05,0.43,92.85,0.00,0.00,0.00,0.00,0.00,0.00,218.46,0.22,46.94,0.00,0.00,0.00
219.37,0.43,95.11,0.00,0.00,0.00,0.00,0.00,0.00,217.96,0.22,46.84,0.00,0.00,0.00
218.59,0.43,94.86,0.00,0.00,0.00,0.00,0.00,0.00,218.25,0.22,46.99,0.00,0.00,0.00
216.98,0.43,94.17,0.00,0.00,0.00,0.00,0.00,0.00,218.01,0.22,46.92,0.00,0.00,0.00
217.48,0.43,93.18,0.00,0.00,0.00,0.00,0.00,0.00,212.97,0.21,44.68,0.00,0.00,0.00
218.08,0.43,94.05,0.00,0.00,0.00,0.00,0.00,0.00,214.66,0.21,45.58,0.00,0.00,0.00
217.64,0.43,93.51,0.00,0.00,0.00,0.00,0.00,0.00,214.36,0.21,45.22,0.00,0.00,0.00
217.25,0.43,93.75,0.00,0.00,0.00,0.00,0.00,0.00,216.80,0.21,46.09,0.00,0.00,0.00
218.63,0.43,94.15,0.00,0.00,0.00,0.00,0.00,0.00,214.60,0.21,45.50,0.00,0.00,0.00
216.85,0.43,93.64,0.00,0.00,0.00,0.00,0.00,0.00,215.68,0.21,45.92,0.00,0.00,0.00
217.55,0.43,94.20,0.00,0.00,0.00,0.00,0.00,0.00,217.49,0.21,46.62,0.00,0.00,0.00
216.33,0.43,92.82,0.00,0.00,0.00,0.00,0.00,0.00,211.85,0.21,44.56,0.00,0.00,0.00
217.58,0.43,94.44,0.00,0.00,0.00,0.00,0.00,0.00,217.91,0.22,46.89,0.00,0.00,0.00
222.03,0.43,96.01,0.00,0.00,0.00,0.00,0.00,0.00,217.07,0.21,46.41,0.00,0.00,0.00
219.20,0.43,94.66,0.00,0.00,0.00,0.00,0.00,0.00,216.15,0.21,46.09,0.00,0.00,0.00
218.11,0.43,93.23,0.00,0.00,0.00,0.00,0.00,0.00,211.80,0.21,44.25,0.00,0.00,0.00
218.63,0.43,94.47,0.00,0.00,0.00,0.00,0.00,0.00,216.88,0.21,46.24,0.00,0.00,0.00
218.22,0.43,93.46,0.00,0.00,0.00,0.00,0.00,0.00,212.57,0.21,44.63,0.00,0.00,0.00
215.36,0.43,92.78,0.00,0.00,0.00,0.00,0.00,0.00,215.41,0.21,45.71,0.00,0.00,0.00
218.49,0.43,94.36,0.00,0.00,0.00,0.00,0.00,0.00,216.10,0.21,46.08,0.00,0.00,0.00
217.61,0.43,93.93,0.00,0.00,0.00,0.00,0.00,0.00,215.78,0.21,45.98,0.00,0.00,0.00
217.35,0.43,93.96,0.00,0.00,0.00,0.00,0.00,0.00,216.56,0.21,46.27,0.00,0.00,0.00
217.19,0.43,94.11,0.00,0.00,0.00,0.00,0.00,0.00,217.90,0.22,46.78,0.00,0.00,0.00
217.74,0.43,94.36,0.00,0.00,0.00,0.00,0.00,0.00,217.34,0.22,46.72,0.00,0.00,0.00
215.29,0.43,92.60,0.00,0.00,0.00,0.00,0.00,0.00,214.65,0.21,45.38,0.00,0.00,0.00
217.70,0.43,94.30,0.00,0.00,0.00,0.00,0.00,0.00,217.79,0.22,46.71,0.00,0.00,0.00
218.93,0.43,94.77,0.00,0.00,0.00,0.00,0.00,0.00,218.07,0.21,46.74,0.00,0.00,0.00
218.80,0.43,94.62,0.00,0.00,0.00,0.00,0.00,0.00,217.20,0.21,46.40,0.00,0.00,0.00
219.35,0.43,94.57,0.00,0.00,0.00,0.00,0.00,0.00,215.32,0.21,45.75,0.00,0.00,0.00
217.94,0.43,94.02,0.00,0.00,0.00,0.00,0.00,0.00,216.12,0.21,45.97,0.00,0.00,0.00
217.73,0.43,94.05,0.00,0.00,0.00,0.00,0.00,0.00,216.17,0.21,46.21,0.00,0.00,0.00
218.16,0.43,94.06,0.00,0.00,0.00,0.00,0.00,0.00,215.32,0.21,45.76,0.00,0.00,0.00
218.12,0.43,93.55,0.00,0.00,0.00,0.00,0.00,0.00,213.43,0.21,44.89,0.00,0.00,0.00
217.91,0.43,93.66,0.00,0.00,0.00,0.00,0.00,0.00,214.39,0.21,45.29,0.00,0.00,0.00
213.42,0.43,92.21,0.00,0.00,0.00,0.00,0.00,0.00,215.95,0.21,46.13,0.00,0.00,0.00
214.53,0.43,92.66,0.00,0.00,0.00,0.00,0.00,0.00,216.05,0.21,46.10,0.00,0.00,0.00
218.02,0.43,94.26,0.00,0.00,0.00,0.00,0.00,0.00,216.87,0.21,46.37,0.00,0.00,0.00
216.57,0.43,93.12,0.00,0.00,0.00,0.00,0.00,0.00,214.03,0.21,45.33,0.00,0.00,0.00
217.54,0.43,94.26,0.00,0.00,0.00,0.00,0.00,0.00,217.37,0.22,46.69,0.00,0.00,0.00
217.85,0.43,94.10,0.00,0.00,0.00,0.00,0.00,0.00,215.86,0.21,46.01,0.00,0.00,0.00
218.17,0.43,94.58,0.00,0.00,0.00,0.00,0.00,0.00,217.79,0.22,46.82,0.00,0.00,0.00
218.43,0.43,94.76,0.00,0.00,0.00,0.00,0.00,0.00,217.01,0.22,46.70,0.00,0.00,0.00
216.88,0.43,93.36,0.00,0.00,0.00,0.00,0.00,0.00,214.85,0.21,45.62,0.00,0.00,0.00
218.03,0.43,92.92,0.00,0.00,0.00,0.00,0.00,0.00,210.30,0.21,43.68,0.00,0.00,0.00
216.67,0.43,93.95,0.00,0.00,0.00,0.00,0.00,0.00,218.31,0.22,46.96,0.00,0.00,0.00
217.54,0.43,94.13,0.00,0.00,0.00,0.00,0.00,0.00,216.79,0.21,46.42,0.00,0.00,0.00
218.88,0.43,94.42,0.00,0.00,0.00,0.00,0.00,0.00,215.82,0.21,45.97,0.00,0.00,0.00
217.20,0.43,93.51,0.00,0.00,0.00,0.00,0.00,0.00,216.69,0.21,45.77,0.00,0.00,0.00
218.46,0.43,94.58,0.00,0.00,0.00,0.00,0.00,0.00,217.61,0.21,46.64,0.00,0.00,0.00
219.08,0.43,94.85,0.00,0.00,0.00,0.00,0.00,0.00,217.23,0.21,46.62,0.00,0.00,0.00
214.42,0.43,92.89,0.00,0.00,0.00,0.00,0.00,0.00,217.83,0.22,46.78,0.00,0.00,0.00
215.83,0.43,93.33,0.00,0.00,0.00,0.00,0.00,0.00,216.99,0.21,46.44,0.00,0.00,0.00
217.86,0.43,94.09,0.00,0.00,0.00,0.00,0.00,0.00,216.36,0.21,46.16,0.00,0.00,0.00
217.94,0.43,94.32,0.00,0.00,0.00,0.00,0.00,0.00,217.33,0.21,46.60,0.00,0.00,0.00
217.97,0.43,93.57,0.00,0.00,0.00,0.00,0.00,0.00,213.93,0.21,45.14,0.00,0.00,0.00
218.36,0.43,94.41,0.00,0.00,0.00,0.00,0.00,0.00,217.42,0.21,46.49,0.00,0.00,0.00
218.38,0.43,94.85,0.00,0.00,0.00,0.00,0.00,0.00,219.07,0.22,47.31,0.00,0.00,0.00
218.42,0.43,94.42,0.00,0.00,0.00,0.00,0.00,0.00,217.56,0.21,46.55,0.00,0.00,0.00
216.79,0.43,92.94,0.00,0.00,0.00,0.00,0.00,0.00,213.01,0.21,44.79,0.00,0.00,0.00
214.13,0.43,92.81,0.00,0.00,0.00,0.00,0.00,0.00,217.37,0.22,46.76,0.00,0.00,0.00
218.80,0.43,93.98,0.00,0.00,0.00,0.00,0.00,0.00,214.89,0.21,45.36,0.00,0.00,0.00
218.73,0.43,94.05,0.00,0.00,0.00,0.00,0.00,0.00,213.76,0.21,45.19,0.00,0.00,0.00
220.66,0.43,95.55,0.00,0.00,0.00,0.00,0.00,0.00,217.54,0.21,46.69,0.00,0.00,0.00
219.25,0.43,94.79,0.00,0.00,0.00,0.00,0.00,0.00,216.04,0.21,46.20,0.00,0.00,0.00
219.91,0.43,95.31,0.00,0.00,0.00,0.00,0.00,0.00,216.80,0.22,46.62,0.00,0.00,0.00
218.98,0.43,93.84,0.00,0.00,0.00,0.00,0.00,0.00,213.54,0.21,44.90,0.00,0.00,0.00
215.54,0.43,93.02,0.00,0.00,0.00,0.00,0.00,0.00,215.85,0.21,45.99,0.00,0.00,0.00
217.25,0.43,93.91,0.00,0.00,0.00,0.00,0.00,0.00,216.27,0.21,46.23,0.00,0.00,0.00
219.60,0.43,94.81,0.00,0.00,0.00,0.00,0.00,0.00,216.00,0.21,46.12,0.00,0.00,0.00
218.62,0.43,93.86,0.00,0.00,0.00,0.00,0.00,0.00,214.19,0.21,45.21,0.00,0.00,0.00
217.18,0.43,94.09,0.00,0.00,0.00,0.00,0.00,0.00,220.45,0.22,47.23,0.00,0.00,0.00
218.64,0.43,93.62,0.00,0.00,0.00,0.00,0.00,0.00,212.18,0.21,44.54,0.00,0.00,0.00
215.44,0.43,93.32,0.00,0.00,0.00,0.00,0.00,0.00,217.34,0.22,46.69,0.00,0.00,0.00
218.67,0.43,93.49,0.00,0.00,0.00,0.00,0.00,0.00,211.55,0.21,44.23,0.00,0.00,0.00
217.46,0.43,94.22,0.00,0.00,0.00,0.00,0.00,0.00,216.96,0.22,46.62,0.00,0.00,0.00
217.89,0.43,94.46,0.00,0.00,0.00,0.00,0.00,0.00,217.84,0.22,46.87,0.00,0.00,0.00
217.21,0.43,94.13,0.00,0.00,0.00,0.00,0.00,0.00,218.01,0.22,46.89,0.00,0.00,0.00
218.83,0.43,94.82,0.00,0.00,0.00,0.00,0.00,0.00,217.24,0.22,46.67,0.00,0.00,0.00
219.17,0.42,93.02,0.00,0.00,0.00,0.00,0.00,0.00,207.71,0.21,42.95,0.00,0.00,0.00
218.54,0.43,94.98,0.00,0.00,0.00,0.00,0.00,0.00,217.64,0.22,47.23,0.00,0.00,0.00
218.18,0.43,94.86,0.00,0.00,0.00,0.00,0.00,0.00,219.19,0.22,47.47,0.00,0.00,0.00
218.67,0.43,94.82,0.00,0.00,0.00,0.00,0.00,0.00,217.50,0.22,46.81,0.00,0.00,0.00
219.25,0.43,94.03,0.00,0.00,0.00,0.00,0.00,0.00,215.90,0.21,45.15,0.00,0.00,0.00
220.78,0.43,95.68,0.00,0.00,0.00,0.00,0.00,0.00,218.18,0.22,46.91,0.00,0.00,0.00
219.35,0.43,94.19,0.00,0.00,0.00,0.00,0.00,0.00,213.32,0.21,45.00,0.00,0.00,0.00
219.93,0.43,94.64,0.00,0.00,0.00,0.00,0.00,0.00,215.23,0.21,45.65,0.00,0.00,0.00
220.11,0.43,94.55,0.00,0.00,0.00,0.00,0.00,0.00,214.00,0.21,45.22,0.00,0.00,0.00
219.71,0.43,95.07,0.00,0.00,0.00,0.00,0.00,0.00,216.83,0.21,46.46,0.00,0.00,0.00
219.46,0.43,93.81,0.00,0.00,0.00,0.00,0.00,0.00,211.53,0.21,44.29,0.00,0.00,0.00
218.86,0.43,94.70,0.00,0.00,0.00,0.00,0.00,0.00,216.44,0.21,46.38,0.00,0.00,0.00
214.95,0.43,92.86,0.00,0.00,0.00,0.00,0.00,0.00,216.63,0.21,46.32,0.00,0.00,0.00
219.36,0.43,94.61,0.00,0.00,0.00,0.00,0.00,0.00,215.56,0.21,45.95,0.00,0.00,0.00
218.23,0.43,94.35,0.00,0.00,0.00,0.00,0.00,0.00,216.59,0.21,46.32,0.00,0.00,0.00
218.86,0.43,94.83,0.00,0.00,0.00,0.00,0.00,0.00,219.45,0.22,46.92,0.00,0.00,0.00
219.84,0.43,95.62,0.00,0.00,0.00,0.00,0.00,0.00,220.31,0.22,47.49,0.00,0.00,0.00
220.34,0.43,95.77,0.00,0.00,0.00,0.00,0.00,0.00,218.27,0.22,47.22,0.00,0.00,0.00
216.64,0.43,93.74,0.00,0.00,0.00,0.00,0.00,0.00,216.84,0.21,46.45,0.00,0.00,0.00
219.83,0.43,94.60,0.00,0.00,0.00,0.00,0.00,0.00,214.79,0.21,45.56,0.00,0.00,0.00
218.08,0.43,94.39,0.00,0.00,0.00,0.00,0.00,0.00,216.99,0.21,46.56,0.00,0.00,0.00
217.72,0.43,94.28,0.00,0.00,0.00,0.00,0.00,0.00,217.76,0.21,46.74,0.00,0.00,0.00
218.81,0.43,94.70,0.00,0.00,0.00,0.00,0.00,0.00,216.87,0.21,46.51,0.00,0.00,0.00
218.03,0.43,94.46,0.00,0.00,0.00,0.00,0.00,0.00,217.31,0.22,46.71,0.00,0.00,0.00
218.97,0.43,94.80,0.00,0.00,0.00,0.00,0.00,0.00,216.81,0.21,46.55,0.00,0.00,0.00
216.39,0.43,93.93,0.00,0.00,0.00,0.00,0.00,0.00,218.30,0.22,47.09,0.00,0.00,0.00
219.39,0.43,94.73,0.00,0.00,0.00,0.00,0.00,0.00,216.42,0.21,46.21,0.00,0.00,0.00
218.83,0.43,94.64,0.00,0.00,0.00,0.00,0.00,0.00,217.24,0.21,46.51,0.00,0.00,0.00
218.55,0.43,94.51,0.00,0.00,0.00,0.00,0.00,0.00,216.61,0.21,46.39,0.00,0.00,0.00
219.56,0.43,95.14,0.00,0.00,0.00,0.00,0.00,0.00,217.27,0.22,46.72,0.00,0.00,0.00
218.22,0.43,94.55,0.00,0.00,0.00,0.00,0.00,0.00,217.85,0.22,46.79,0.00,0.00,0.00
219.09,0.43,95.07,0.00,0.00,0.00,0.00,0.00,0.00,218.74,0.22,47.23,0.00,0.00,0.00
219.35,0.44,95.60,0.00,0.00,0.00,0.00,0.00,0.00,220.52,0.22,47.95,0.00,0.00,0.00
219.09,0.43,94.73,0.00,0.00,0.00,0.00,0.00,0.00,217.05,0.21,46.53,0.00,0.00,0.00
219.58,0.43,95.11,0.00,0.00,0.00,0.00,0.00,0.00,217.75,0.21,46.78,0.00,0.00,0.00
219.48,0.43,95.02,0.00,0.00,0.00,0.00,0.00,0.00,217.15,0.21,46.62,0.00,0.00,0.00
218.91,0.43,94.98,0.00,0.00,0.00,0.00,0.00,0.00,218.47,0.22,47.26,0.00,0.00,0.00
218.98,0.43,94.73,0.00,0.00,0.00,0.00,0.00,0.00,216.71,0.21,46.58,0.00,0.00,0.00
218.48,0.43,94.70,0.00,0.00,0.00,0.00,0.00,0.00,217.72,0.22,46.85,0.00,0.00,0.00
219.19,0.43,94.79,0.00,0.00,0.00,0.00,0.00,0.00,217.48,0.21,46.57,0.00,0.00,0.00
218.35,0.43,94.56,0.00,0.00,0.00,0.00,0.00,0.00,217.50,0.21,46.70,0.00,0.00,0.00
217.25,0.43,94.23,0.00,0.00,0.00,0.00,0.00,0.00,217.67,0.22,46.90,0.00,0.00,0.00
218.60,0.43,94.94,0.00,0.00,0.00,0.00,0.00,0.00,218.91,0.22,47.31,0.00,0.00,0.00
218.22,0.43,94.47,0.00,0.00,0.00,0.00,0.00,0.00,217.68,0.21,46.71,0.00,0.00,0.00
218.88,0.43,95.08,0.00,0.00,0.00,0.00,0.00,0.00,219.08,0.22,47.34,0.00,0.00,0.00
218.02,0.43,94.41,0.00,0.00,0.00,0.00,0.00,0.00,216.28,0.21,46.42,0.00,0.00,0.00
220.23,0.43,95.51,0.00,0.00,0.00,0.00,0.00,0.00,217.48,0.22,46.82,0.00,0.00,0.00
216.48,0.44,94.19,0.00,0.00,0.00,0.00,0.00,0.00,220.10,0.22,47.73,0.00,0.00,0.00
220.24,0.43,95.40,0.00,0.00,0.00,0.00,0.00,0.00,217.46,0.22,46.73,0.00,0.00,0.00
217.47,0.43,94.38,0.00,0.00,0.00,0.00,0.00,0.00,218.39,0.22,47.12,0.00,0.00,0.00
220.30,0.43,95.60,0.00,0.00,0.00,0.00,0.00,0.00,218.23,0.22,47.07,0.00,0.00,0.00
218.13,0.43,94.46,0.00,0.00,0.00,0.00,0.00,0.00,217.24,0.21,46.67,0.00,0.00,0.00
220.36,0.43,95.49,0.00,0.00,0.00,0.00,0.00,0.00,217.59,0.22,46.77,0.00,0.00,0.00
217.85,0.43,94.66,0.00,0.00,0.00,0.00,0.00,0.00,219.30,0.22,47.60,0.00,0.00,0.00
220.21,0.43,94.63,0.00,0.00,0.00,0.00,0.00,0.00,214.09,0.21,45.37,0.00,0.00,0.00
220.15,0.43,95.68,0.00,0.00,0.00,0.00,0.00,0.00,218.14,0.22,47.08,0.00,0.00,0.00
217.56,0.43,93.88,0.00,0.00,0.00,0.00,0.00,0.00,216.26,0.21,46.10,0.00,0.00,0.00
220.53,0.43,95.71,0.00,0.00,0.00,0.00,0.00,0.00,218.28,0.22,47.16,0.00,0.00,0.00
220.03,0.43,95.02,0.00,0.00,0.00,0.00,0.00,0.00,215.90,0.21,46.13,0.00,0.00,0.00
219.53,0.43,95.35,0.00,0.00,0.00,0.00,0.00,0.00,217.98,0.22,47.11,0.00,0.00,0.00
217.96,0.43,94.24,0.00,0.00,0.00,0.00,0.00,0.00,216.80,0.21,46.44,0.00,0.00,0.00
219.21,0.43,95.28,0.00,0.00,0.00,0.00,0.00,0.00,219.07,0.22,47.41,0.00,0.00,0.00
219.46,0.43,94.94,0.00,0.00,0.00,0.00,0.00,0.00,216.41,0.21,46.36,0.00,0.00,0.00
218.92,0.43,95.05,0.00,0.00,0.00,0.00,0.00,0.00,218.82,0.22,47.22,0.00,0.00,0.00
218.73,0.43,94.99,0.00,0.00,0.00,0.00,0.00,0.00,218.86,0.22,47.43,0.00,0.00,0.00
219.18,0.43,95.03,0.00,0.00,0.00,0.00,0.00,0.00,217.57,0.22,46.95,0.00,0.00,0.00
214.69,0.43,93.18,0.00,0.00,0.00,0.00,0.00,0.00,218.47,0.22,47.15,0.00,0.00,0.00
220.18,0.43,95.28,0.00,0.00,0.00,0.00,0.00,0.00,217.59,0.21,46.70,0.00,0.00,0.00
218.80,0.43,94.85,0.00,0.00,0.00,0.00,0.00,0.00,218.61,0.22,47.05,0.00,0.00,0.00
219.79,0.43,95.49,0.00,0.00,0.00,0.00,0.00,0.00,218.44,0.22,47.24,0.00,0.00,0.00
214.84,0.43,93.21,0.00,0.00,0.00,0.00,0.00,0.00,218.40,0.22,47.10,0.00,0.00,0.00
220.16,0.43,95.24,0.00,0.00,0.00,0.00,0.00,0.00,216.63,0.21,46.42,0.00,0.00,0.00
218.08,0.43,94.67,0.00,0.00,0.00,0.00,0.00,0.00,219.20,0.22,47.32,0.00,0.00,0.00
218.51,0.43,94.47,0.00,0.00,0.00,0.00,0.00,0.00,216.56,0.21,46.37,0.00,0.00,0.00
219.74,0.43,95.49,0.00,0.00,0.00,0.00,0.00,0.00,218.98,0.22,47.37,0.00,0.00,0.00
220.06,0.43,95.22,0.00,0.00,0.00,0.00,0.00,0.00,216.31,0.21,46.37,0.00,0.00,0.00
220.07,0.43,95.46,0.00,0.00,0.00,0.00,0.00,0.00,220.66,0.22,47.38,0.00,0.00,0.00
223.45,0.43,96.74,0.00,0.00,0.00,0.00,0.00,0.00,217.11,0.21,46.62,0.00,0.00,0.00
217.85,0.43,94.51,0.00,0.00,0.00,0.00,0.00,0.00,218.69,0.22,47.15,0.00,0.00,0.00
220.37,0.43,95.36,0.00,0.00,0.00,0.00,0.00,0.00,217.65,0.21,46.69,0.00,0.00,0.00
218.37,0.43,94.77,0.00,0.00,0.00,0.00,0.00,0.00,218.53,0.22,47.16,0.00,0.00,0.00
220.87,0.43,95.20,0.00,0.00,0.00,0.00,0.00,0.00,215.70,0.21,45.89,0.00,0.00,0.00
218.37,0.43,94.88,0.00,0.00,0.00,0.00,0.00,0.00,218.86,0.22,47.36,0.00,0.00,0.00
218.32,0.43,94.42,0.00,0.00,0.00,0.00,0.00,0.00,216.52,0.21,46.35,0.00,0.00,0.00
218.46,0.43,94.87,0.00,0.00,0.00,0.00,0.00,0.00,218.13,0.22,47.12,0.00,0.00,0.00
217.77,0.43,94.16,0.00,0.00,0.00,0.00,0.00,0.00,217.20,0.21,46.52,0.00,0.00,0.00
218.96,0.43,95.15,0.00,0.00,0.00,0.00,0.00,0.00,218.41,0.22,47.28,0.00,0.00,0.00
218.39,0.43,94.46,0.00,0.00,0.00,0.00,0.00,0.00,216.08,0.21,46.30,0.00,0.00,0.00
218.59,0.43,94.94,0.00,0.00,0.00,0.00,0.00,0.00,218.96,0.22,47.33,0.00,0.00,0.00
217.55,0.43,93.94,0.00,0.00,0.00,0.00,0.00,0.00,216.14,0.21,46.17,0.00,0.00,0.00
220.04,0.43,95.36,0.00,0.00,0.00,0.00,0.00,0.00,217.71,0.22,46.85,0.00,0.00,0.00
217.36,0.43,94.38,0.00,0.00,0.00,0.00,0.00,0.00,219.06,0.22,47.33,0.00,0.00,0.00
219.10,0.43,94.80,0.00,0.00,0.00,0.00,0.00,0.00,216.47,0.21,46.39,0.00,0.00,0.00
218.34,0.43,94.66,0.00,0.00,0.00,0.00,0.00,0.00,217.68,0.22,46.89,0.00,0.00,0.00
216.77,0.43,93.92,0.00,0.00,0.00,0.00,0.00,0.00,217.43,0.22,46.78,0.00,0.00,0.00
217.36,0.43,94.34,0.00,0.00,0.00,0.00,0.00,0.00,218.18,0.22,47.11,0.00,0.00,0.00
220.65,0.43,95.62,0.00,0.00,0.00,0.00,0.00,0.00,217.62,0.22,46.83,0.00,0.00,0.00
220.17,0.43,95.50,0.00,0.00,0.00,0.00,0.00,0.00,219.17,0.22,47.13,0.00,0.00,0.00
216.57,0.43,93.77,0.00,0.00,0.00,0.00,0.00,0.00,216.72,0.21,46.57,0.00,0.00,0.00
217.67,0.43,94.45,0.00,0.00,0.00,0.00,0.00,0.00,218.95,0.22,47.25,0.00,0.00,0.00
220.36,0.43,95.51,0.00,0.00,0.00,0.00,0.00,0.00,217.52,0.22,46.82,0.00,0.00,0.00
219.77,0.43,95.28,0.00,0.00,0.00,0.00,0.00,0.00,217.87,0.22,46.93,0.00,0.00,0.00
218.31,0.43,94.49,0.00,0.00,0.00,0.00,0.00,0.00,217.36,0.21,46.67,0.00,0.00,0.00
219.28,0.43,95.21,0.00,0.00,0.00,0.00,0.00,0.00,218.22,0.22,47.13,0.00,0.00,0.00
217.03,0.43,94.22,0.00,0.00,0.00,0.00,0.00,0.00,219.16,0.22,47.33,0.00,0.00,0.00
219.12,0.43,94.81,0.00,0.00,0.00,0.00,0.00,0.00,216.39,0.21,46.43,0.00,0.00,0.00
217.63,0.43,94.61,0.00,0.00,0.00,0.00,0.00,0.00,218.91,0.22,47.40,0.00,0.00,0.00
219.74,0.43,95.10,0.00,0.00,0.00,0.00,0.00,0.00,216.41,0.21,46.42,0.00,0.00,0.00
218.55,0.43,94.94,0.00,0.00,0.00,0.00,0.00,0.00,218.37,0.22,47.20,0.00,0.00,0.00
219.95,0.43,95.38,0.00,0.00,0.00,0.00,0.00,0.00,217.47,0.22,47.02,0.00,0.00,0.00
220.63,0.43,95.49,0.00,0.00,0.00,0.00,0.00,0.00,217.35,0.21,46.82,0.00,0.00,0.00
218.56,0.43,94.11,0.00,0.00,0.00,0.00,0.00,0.00,214.40,0.21,45.54,0.00,0.00,0.00
218.87,0.43,94.67,0.00,0.00,0.00,0.00,0.00,0.00,216.91,0.21,46.51,0.00,0.00,0.00
219.54,0.43,95.15,0.00,0.00,0.00,0.00,0.00,0.00,217.83,0.22,46.88,0.00,0.00,0.00
220.77,0.43,95.58,0.00,0.00,0.00,0.00,0.00,0.00,217.00,0.21,46.61,0.00,0.00,0.00
217.98,0.43,94.66,0.00,0.00,0.00,0.00,0.00,0.00,218.95,0.22,47.33,0.00,0.00,0.00
224.12,0.43,97.02,0.00,0.00,0.00,0.00,0.00,0.00,216.88,0.21,46.57,0.00,0.00,0.00
217.71,0.43,94.35,0.00,0.00,0.00,0.00,0.00,0.00,217.88,0.22,46.90,0.00,0.00,0.00
222.21,0.43,95.99,0.00,0.00,0.00,0.00,0.00,0.00,215.99,0.21,46.07,0.00,0.00,0.00
219.01,0.44,95.83,0.00,0.00,0.00,0.00,0.00,0.00,222.64,0.22,48.88,0.00,0.00,0.00
219.03,0.43,95.00,0.00,0.00,0.00,0.00,0.00,0.00,218.25,0.22,47.04,0.00,0.00,0.00
219.42,0.43,95.38,0.00,0.00,0.00,0.00,0.00,0.00,218.83,0.22,47.39,0.00,0.00,0.00
217.64,0.43,94.17,0.00,0.00,0.00,0.00,0.00,0.00,217.53,0.21,46.64,0.00,0.00,0.00
218.76,0.43,94.95,0.00,0.00,0.00,0.00,0.00,0.00,218.38,0.22,47.15,0.00,0.00,0.00
218.38,0.43,94.39,0.00,0.00,0.00,0.00,0.00,0.00,216.99,0.21,46.46,0.00,0.00,0.00
218.06,0.43,94.66,0.00,0.00,0.00,0.00,0.00,0.00,217.74,0.22,47.00,0.00,0.00,0.00
219.18,0.43,94.91,0.00,0.00,0.00,0.00,0.00,0.00,217.97,0.21,46.82,0.00,0.00,0.00
218.63,0.43,94.32,0.00,0.00,0.00,0.00,0.00,0.00,215.77,0.21,46.03,0.00,0.00,0.00
218.30,0.43,94.83,0.00,0.00,0.00,0.00,0.00,0.00,218.68,0.22,47.31,0.00,0.00,0.00
218.97,0.43,94.58,0.00,0.00,0.00,0.00,0.00,0.00,216.70,0.21,46.33,0.00,0.00,0.00
219.11,0.43,95.06,0.00,0.00,0.00,0.00,0.00,0.00,217.93,0.22,47.10,0.00,0.00,0.00
217.73,0.43,93.46,0.00,0.00,0.00,0.00,0.00,0.00,213.64,0.21,45.29,0.00,0.00,0.00
219.48,0.43,95.32,0.00,0.00,0.00,0.00,0.00,0.00,218.49,0.22,47.39,0.00,0.00,0.00
218.31,0.43,94.73,0.00,0.00,0.00,0.00,0.00,0.00,217.87,0.22,47.22,0.00,0.00,0.00
216.17,0.43,93.81,0.00,0.00,0.00,0.00,0.00,0.00,218.23,0.22,47.24,0.00,0.00,0.00
218.60,0.43,94.60,0.00,0.00,0.00,0.00,0.00,0.00,217.15,0.21,46.60,0.00,0.00,0.00
219.36,0.43,94.82,0.00,0.00,0.00,0.00,0.00,0.00,216.41,0.21,46.35,0.00,0.00,0.00
215.39,0.43,92.99,0.00,0.00,0.00,0.00,0.00,0.00,216.23,0.21,46.19,0.00,0.00,0.00
219.99,0.43,95.41,0.00,0.00,0.00,0.00,0.00,0.00,218.06,0.22,47.02,0.00,0.00,0.00
216.28,0.43,93.70,0.00,0.00,0.00,0.00,0.00,0.00,217.93,0.22,46.86,0.00,0.00,0.00
220.04,0.43,95.40,0.00,0.00,0.00,0.00,0.00,0.00,219.40,0.22,47.30,0.00,0.00,0.00
218.48,0.43,94.79,0.00,0.00,0.00,0.00,0.00,0.00,220.98,0.22,47.47,0.00,0.00,0.00
219.96,0.43,94.35,0.00,0.00,0.00,0.00,0.00,0.00,213.38,0.21,44.97,0.00,0.00,0.00
218.89,0.43,95.15,0.00,0.00,0.00,0.00,0.00,0.00,219.55,0.22,47.54,0.00,0.00,0.00
219.31,0.43,94.21,0.00,0.00,0.00,0.00,0.00,0.00,214.40,0.21,45.28,0.00,0.00,0.00
219.30,0.43,95.22,0.00,0.00,0.00,0.00,0.00,0.00,218.00,0.22,47.10,0.00,0.00,0.00
218.09,0.43,94.32,0.00,0.00,0.00,0.00,0.00,0.00,216.89,0.21,46.49,0.00,0.00,0.00
217.69,0.43,93.76,0.00,0.00,0.00,0.00,0.00,0.00,214.86,0.21,45.89,0.00,0.00,0.00
218.57,0.43,94.48,0.00,0.00,0.00,0.00,0.00,0.00,217.02,0.21,46.49,0.00,0.00,0.00
216.51,0.43,93.98,0.00,0.00,0.00,0.00,0.00,0.00,218.84,0.22,47.35,0.00,0.00,0.00
217.49,0.43,94.08,0.00,0.00,0.00,0.00,0.00,0.00,217.49,0.21,46.64,0.00,0.00,0.00
219.92,0.43,95.26,0.00,0.00,0.00,0.00,0.00,0.00,217.60,0.22,46.80,0.00,0.00,0.00
218.83,0.43,95.01,0.00,0.00,0.00,0.00,0.00,0.00,218.75,0.22,47.27,0.00,0.00,0.00
218.81,0.43,93.72,0.00,0.00,0.00,0.00,0.00,0.00,212.36,0.21,44.66,0.00,0.00,0.00
217.16,0.43,94.15,0.00,0.00,0.00,0.00,0.00,0.00,217.82,0.22,46.90,0.00,0.00,0.00
218.58,0.43,94.13,0.00,0.00,0.00,0.00,0.00,0.00,214.82,0.21,45.67,0.00,0.00,0.00
218.43,0.43,94.62,0.00,0.00,0.00,0.00,0.00,0.00,217.65,0.22,46.81,0.00,0.00,0.00
214.60,0.43,92.70,0.00,0.00,0.00,0.00,0.00,0.00,216.14,0.21,46.21,0.00,0.00,0.00
218.59,0.43,94.65,0.00,0.00,0.00,0.00,0.00,0.00,217.10,0.21,46.75,0.00,0.00,0.00
216.41,0.43,93.72,0.00,0.00,0.00,0.00,0.00,0.00,217.18,0.21,46.68,0.00,0.00,0.00
216.62,0.43,93.72,0.00,0.00,0.00,0.00,0.00,0.00,220.13,0.21,47.20,0.00,0.00,0.00
218.46,0.43,94.45,0.00,0.00,0.00,0.00,0.00,0.00,216.59,0.21,46.52,0.00,0.00,0.00
220.86,0.44,96.15,0.00,0.00,0.00,0.00,0.00,0.00,219.19,0.22,47.60,0.00,0.00,0.00
218.26,0.43,94.39,0.00,0.00,0.00,0.00,0.00,0.00,216.92,0.21,46.50,0.00,0.00,0.00
219.95,0.43,95.59,0.00,0.00,0.00,0.00,0.00,0.00,217.66,0.22,47.07,0.00,0.00,0.00
218.31,0.43,94.64,0.00,0.00,0.00,0.00,0.00,0.00,218.01,0.22,46.96,0.00,0.00,0.00
218.36,0.43,94.30,0.00,0.00,0.00,0.00,0.00,0.00,215.74,0.21,46.08,0.00,0.00,0.00
218.55,0.43,94.34,0.00,0.00,0.00,0.00,0.00,0.00,215.66,0.21,46.11,0.00,0.00,0.00
216.39,0.43,93.95,0.00,0.00,0.00,0.00,0.00,0.00,219.36,0.22,47.54,0.00,0.00,0.00
220.45,0.43,95.28,0.00,0.00,0.00,0.00,0.00,0.00,216.83,0.21,46.57,0.00,0.00,0.00
217.48,0.43,94.29,0.00,0.00,0.00,0.00,0.00,0.00,218.50,0.22,47.08,0.00,0.00,0.00
219.46,0.43,94.82,0.00,0.00,0.00,0.00,0.00,0.00,216.51,0.21,46.32,0.00,0.00,0.00
218.64,0.43,94.91,0.00,0.00,0.00,0.00,0.00,0.00,218.34,0.22,47.17,0.00,0.00,0.00
218.88,0.43,94.42,0.00,0.00,0.00,0.00,0.00,0.00,215.47,0.21,45.96,0.00,0.00,0.00
217.91,0.43,94.61,0.00,0.00,0.00,0.00,0.00,0.00,219.39,0.22,47.43,0.00,0.00,0.00
217.41,0.43,94.26,0.00,0.00,0.00,0.00,0.00,0.00,217.18,0.22,46.79,0.00,0.00,0.00
215.59,0.43,93.51,0.00,0.00,0.00,0.00,0.00,0.00,218.04,0.22,47.07,0.00,0.00,0.00
216.97,0.43,93.62,0.00,0.00,0.00,0.00,0.00,0.00,215.36,0.21,45.94,0.00,0.00,0.00
219.41,0.44,95.46,0.00,0.00,0.00,0.00,0.00,0.00,219.79,0.22,47.71,0.00,0.00,0.00
217.42,0.43,94.15,0.00,0.00,0.00,0.00,0.00,0.00,217.20,0.21,46.68,0.00,0.00,0.00
220.09,0.43,95.15,0.00,0.00,0.00,0.00,0.00,0.00,216.64,0.21,46.41,0.00,0.00,0.00
217.62,0.43,94.44,0.00,0.00,0.00,0.00,0.00,0.00,217.81,0.22,47.16,0.00,0.00,0.00
218.61,0.43,94.60,0.00,0.00,0.00,0.00,0.00,0.00,218.90,0.21,47.11,0.00,0.00,0.00
218.91,0.43,94.76,0.00,0.00,0.00,0.00,0.00,0.00,217.32,0.21,46.69,0.00,0.00,0.00
214.81,0.43,92.91,0.00,0.00,0.00,0.00,0.00,0.00,216.83,0.21,46.49,0.00,0.00,0.00
220.21,0.43,95.44,0.00,0.00,0.00,0.00,0.00,0.00,217.60,0.22,46.86,0.00,0.00,0.00
218.34,0.43,94.82,0.00,0.00,0.00,0.00,0.00,0.00,218.57,0.22,47.31,0.00,0.00,0.00
218.65,0.43,94.94,0.00,0.00,0.00,0.00,0.00,0.00,217.79,0.22,47.18,0.00,0.00,0.00
216.86,0.44,94.35,0.00,0.00,0.00,0.00,0.00,0.00,219.75,0.22,47.69,0.00,0.00,0.00
220.55,0.43,95.44,0.00,0.00,0.00,0.00,0.00,0.00,216.97,0.21,46.55,0.00,0.00,0.00
217.06,0.43,94.23,0.00,0.00,0.00,0.00,0.00,0.00,218.66,0.22,47.38,0.00,0.00,0.00
219.31,0.43,94.86,0.00,0.00,0.00,0.00,0.00,0.00,216.80,0.21,46.61,0.00,0.00,0.00
218.71,0.43,94.68,0.00,0.00,0.00,0.00,0.00,0.00,217.74,0.21,46.79,0.00,0.00,0.00
218.44,0.43,94.37,0.00,0.00,0.00,0.00,0.00,0.00,217.03,0.21,46.43,0.00,0.00,0.00
218.66,0.43,94.93,0.00,0.00,0.00,0.00,0.00,0.00,218.49,0.22,47.24,0.00,0.00,0.00
217.70,0.43,94.15,0.00,0.00,0.00,0.00,0.00,0.00,217.39,0.21,46.61,0.00,0.00,0.00
218.13,0.43,94.67,0.00,0.00,0.00,0.00,0.00,0.00,217.66,0.22,46.97,0.00,0.00,0.00
217.20,0.43,94.12,0.00,0.00,0.00,0.00,0.00,0.00,217.64,0.22,46.85,0.00,0.00,0.00
221.58,0.43,96.08,0.00,0.00,0.00,0.00,0.00,0.00,217.83,0.22,46.96,0.00,0.00,0.00
215.03,0.43,92.92,0.00,0.00,0.00,0.00,0.00,0.00,216.56,0.21,46.33,0.00,0.00,0.00
218.66,0.43,94.50,0.00,0.00,0.00,0.00,0.00,0.00,216.04,0.21,46.24,0.00,0.00,0.00
218.85,0.43,94.64,0.00,0.00,0.00,0.00,0.00,0.00,217.00,0.21,46.53,0.00,0.00,0.00
214.42,0.43,92.62,0.00,0.00,0.00,0.00,0.00,0.00,216.07,0.21,46.22,0.00,0.00,0.00
219.69,0.43,95.08,0.00,0.00,0.00,0.00,0.00,0.00,217.36,0.21,46.64,0.00,0.00,0.00
221.55,0.43,96.13,0.00,0.00,0.00,0.00,0.00,0.00,223.04,0.22,47.70,0.00,0.00,0.00
219.69,0.43,95.10,0.00,0.00,0.00,0.00,0.00,0.00,217.23,0.21,46.80,0.00,0.00,0.00
214.96,0.43,93.35,0.00,0.00,0.00,0.00,0.00,0.00,219.04,0.22,47.37,0.00,0.00,0.00
217.14,0.43,93.86,0.00,0.00,0.00,0.00,0.00,0.00,217.51,0.21,46.59,0.00,0.00,0.00
218.00,0.43,94.70,0.00,0.00,0.00,0.00,0.00,0.00,218.50,0.22,47.25,0.00,0.00,0.00
218.46,0.43,94.45,0.00,0.00,0.00,0.00,0.00,0.00,216.42,0.21,46.38,0.00,0.00,0.00
220.10,0.43,95.48,0.00,0.00,0.00,0.00,0.00,0.00,217.64,0.22,47.01,0.00,0.00,0.00
217.27,0.43,94.14,0.00,0.00,0.00,0.00,0.00,0.00,218.06,0.22,46.93,0.00,0.00,0.00
219.28,0.43,94.70,0.00,0.00,0.00,0.00,0.00,0.00,216.31,0.21,46.25,0.00,0.00,0.00
219.57,0.43,95.20,0.00,0.00,0.00,0.00,0.00,0.00,218.20,0.22,47.03,0.00,0.00,0.00
218.14,0.43,94.42,0.00,0.00,0.00,0.00,0.00,0.00,216.65,0.21,46.51,0.00,0.00,0.00
218.39,0.43,94.67,0.00,0.00,0.00,0.00,0.00,0.00,218.45,0.22,47.05,0.00,0.00,0.00
218.44,0.43,94.66,0.00,0.00,0.00,0.00,0.00,0.00,217.44,0.22,46.79,0.00,0.00,0.00
219.77,0.43,94.68,0.00,0.00,0.00,0.00,0.00,0.00,214.85,0.21,45.73,0.00,0.00,0.00
218.15,0.43,94.66,0.00,0.00,0.00,0.00,0.00,0.00,218.02,0.22,47.07,0.00,0.00,0.00
218.71,0.43,94.32,0.00,0.00,0.00,0.00,0.00,0.00,215.54,0.21,45.92,0.00,0.00,0.00
218.13,0.43,94.61,0.00,0.00,0.00,0.00,0.00,0.00,218.73,0.22,47.17,0.00,0.00,0.00
219.13,0.43,94.28,0.00,0.00,0.00,0.00,0.00,0.00,214.42,0.21,45.48,0.00,0.00,0.00
215.56,0.43,93.49,0.00,0.00,0.00,0.00,0.00,0.00,218.50,0.22,47.13,0.00,0.00,0.00
218.97,0.43,94.72,0.00,0.00,0.00,0.00,0.00,0.00,216.67,0.21,46.50,0.00,0.00,0.00
217.59,0.43,94.24,0.00,0.00,0.00,0.00,0.00,0.00,222.33,0.21,47.50,0.00,0.00,0.00
219.03,0.43,94.78,0.00,0.00,0.00,0.00,0.00,0.00,216.97,0.21,46.58,0.00,0.00,0.00
218.59,0.43,94.63,0.00,0.00,0.00,0.00,0.00,0.00,217.80,0.21,46.81,0.00,0.00,0.00
220.43,0.43,95.51,0.00,0.00,0.00,0.00,0.00,0.00,217.39,0.22,46.92,0.00,0.00,0.00
218.05,0.43,94.40,0.00,0.00,0.00,0.00,0.00,0.00,217.24,0.21,46.68,0.00,0.00,0.00
219.20,0.44,96.25,0.00,0.00,0.00,0.00,0.00,0.00,225.23,0.22,49.89,0.00,0.00,0.00
218.52,0.43,94.57,0.00,0.00,0.00,0.00,0.00,0.00,217.20,0.21,46.63,0.00,0.00,0.00
220.17,0.43,95.66,0.00,0.00,0.00,0.00,0.00,0.00,218.49,0.22,47.30,0.00,0.00,0.00
218.54,0.43,94.40,0.00,0.00,0.00,0.00,0.00,0.00,217.01,0.21,46.55,0.00,0.00,0.00
219.43,0.43,94.42,0.00,0.00,0.00,0.00,0.00,0.00,214.08,0.21,45.54,0.00,0.00,0.00
219.26,0.43,94.22,0.00,0.00,0.00,0.00,0.00,0.00,215.17,0.21,45.78,0.00,0.00,0.00
219.97,0.43,95.55,0.00,0.00,0.00,0.00,0.00,0.00,218.11,0.22,47.13,0.00,0.00,0.00
218.67,0.43,94.01,0.00,0.00,0.00,0.00,0.00,0.00,214.56,0.21,45.60,0.00,0.00,0.00
219.55,0.43,95.16,0.00,0.00,0.00,0.00,0.00,0.00,217.49,0.22,46.80,0.00,0.00,0.00
218.28,0.43,94.44,0.00,0.00,0.00,0.00,0.00,0.00,216.31,0.21,46.54,0.00,0.00,0.00
220.39,0.43,95.39,0.00,0.00,0.00,0.00,0.00,0.00,217.54,0.21,46.88,0.00,0.00,0.00
216.84,0.43,93.66,0.00,0.00,0.00,0.00,0.00,0.00,215.94,0.21,46.19,0.00,0.00,0.00
219.29,0.44,95.42,0.00,0.00,0.00,0.00,0.00,0.00,219.48,0.22,47.65,0.00,0.00,0.00
217.89,0.43,94.26,0.00,0.00,0.00,0.00,0.00,0.00,217.37,0.21,46.66,0.00,0.00,0.00
220.43,0.43,95.77,0.00,0.00,0.00,0.00,0.00,0.00,218.47,0.22,47.45,0.00,0.00,0.00
218.32,0.43,94.62,0.00,0.00,0.00,0.00,0.00,0.00,217.25,0.22,46.77,0.00,0.00,0.00
219.32,0.43,95.22,0.00,0.00,0.00,0.00,0.00,0.00,218.40,0.22,47.32,0.00,0.00,0.00
218.79,0.43,94.03,0.00,0.00,0.00,0.00,0.00,0.00,214.27,0.21,45.54,0.00,0.00,0.00
220.00,0.43,95.17,0.00,0.00,0.00,0.00,0.00,0.00,218.71,0.21,46.91,0.00,0.00,0.00
216.13,0.43,93.60,0.00,0.00,0.00,0.00,0.00,0.00,215.54,0.21,46.06,0.00,0.00,0.00
217.29,0.43,93.98,0.00,0.00,0.00,0.00,0.00,0.00,216.24,0.21,46.52,0.00,0.00,0.00
217.16,0.43,94.28,0.00,0.00,0.00,0.00,0.00,0.00,218.16,0.22,47.16,0.00,0.00,0.00
220.51,0.43,95.80,0.00,0.00,0.00,0.00,0.00,0.00,218.56,0.22,47.31,0.00,0.00,0.00
217.96,0.43,94.35,0.00,0.00,0.00,0.00,0.00,0.00,217.00,0.21,46.62,0.00,0.00,0.00
220.94,0.43,95.83,0.00,0.00,0.00,0.00,0.00,0.00,217.75,0.22,46.95,0.00,0.00,0.00
214.25,0.43,91.88,0.00,0.00,0.00,0.00,0.00,0.00,213.25,0.21,45.00,0.00,0.00,0.00
220.82,0.43,95.58,0.00,0.00,0.00,0.00,0.00,0.00,217.38,0.21,46.70,0.00,0.00,0.00
218.06,0.43,94.71,0.00,0.00,0.00,0.00,0.00,0.00,218.74,0.22,47.31,0.00,0.00,0.00
219.85,0.43,95.17,0.00,0.00,0.00,0.00,0.00,0.00,216.71,0.21,46.58,0.00,0.00,0.00
218.98,0.43,94.94,0.00,0.00,0.00,0.00,0.00,0.00,217.44,0.22,46.86,0.00,0.00,0.00
217.59,0.43,93.84,0.00,0.00,0.00,0.00,0.00,0.00,215.55,0.21,46.15,0.00,0.00,0.00
217.62,0.43,94.45,0.00,0.00,0.00,0.00,0.00,0.00,218.74,0.22,47.38,0.00,0.00,0.00
218.47,0.43,94.52,0.00,0.00,0.00,0.00,0.00,0.00,216.72,0.21,46.52,0.00,0.00,0.00
219.54,0.43,95.30,0.00,0.00,0.00,0.00,0.00,0.00,218.11,0.22,47.12,0.00,0.00,0.00
219.36,0.43,95.13,0.00,0.00,0.00,0.00,0.00,0.00,219.06,0.22,47.25,0.00,0.00,0.00
218.62,0.43,94.77,0.00,0.00,0.00,0.00,0.00,0.00,218.52,0.22,47.07,0.00,0.00,0.00
218.84,0.43,94.63,0.00,0.00,0.00,0.00,0.00,0.00,217.47,0.21,46.60,0.00,0.00,0.00
218.50,0.44,95.14,0.00,0.00,0.00,0.00,0.00,0.00,221.06,0.22,48.04,0.00,0.00,0.00
220.47,0.43,95.48,0.00,0.00,0.00,0.00,0.00,0.00,216.67,0.21,46.57,0.00,0.00,0.00
217.69,0.43,94.17,0.00,0.00,0.00,0.00,0.00,0.00,216.71,0.21,46.48,0.00,0.00,0.00
218.77,0.43,94.07,0.00,0.00,0.00,0.00,0.00,0.00,214.29,0.21,45.46,0.00,0.00,0.00
219.41,0.43,94.98,0.00,0.00,0.00,0.00,0.00,0.00,216.97,0.21,46.61,0.00,0.00,0.00
222.89,0.43,96.53,0.00,0.00,0.00,0.00,0.00,0.00,221.67,0.21,47.31,0.00,0.00,0.00
219.33,0.43,94.83,0.00,0.00,0.00,0.00,0.00,0.00,216.84,0.21,46.64,0.00,0.00,0.00
218.90,0.43,94.72,0.00,0.00,0.00,0.00,0.00,0.00,217.46,0.21,46.67,0.00,0.00,0.00
219.46,0.44,95.55,0.00,0.00,0.00,0.00,0.00,0.00,219.86,0.22,47.93,0.00,0.00,0.00
218.14,0.43,94.31,0.00,0.00,0.00,0.00,0.00,0.00,217.02,0.21,46.61,0.00,0.00,0.00
219.51,0.43,95.38,0.00,0.00,0.00,0.00,0.00,0.00,218.93,0.22,47.55,0.00,0.00,0.00
218.49,0.43,94.60,0.00,0.00,0.00,0.00,0.00,0.00,217.12,0.21,46.78,0.00,0.00,0.00
218.80,0.43,94.39,0.00,0.00,0.00,0.00,0.00,0.00,216.13,0.21,46.12,0.00,0.00,0.00
219.74,0.43,95.16,0.00,0.00,0.00,0.00,0.00,0.00,217.44,0.21,46.77,0.00,0.00,0.00
219.18,0.43,94.73,0.00,0.00,0.00,0.00,0.00,0.00,216.04,0.21,46.47,0.00,0.00,0.00
218.73,0.43,95.04,0.00,0.00,0.00,0.00,0.00,0.00,218.11,0.22,47.36,0.00,0.00,0.00
218.32,0.43,94.50,0.00,0.00,0.00,0.00,0.00,0.00,217.27,0.21,46.67,0.00,0.00,0.00
218.76,0.43,93.70,0.00,0.00,0.00,0.00,0.00,0.00,212.61,0.21,44.89,0.00,0.00,0.00
217.07,0.43,93.94,0.00,0.00,0.00,0.00,0.00,0.00,217.58,0.21,46.72,0.00,0.00,0.00
219.21,0.44,95.46,0.00,0.00,0.00,0.00,0.00,0.00,219.91,0.22,47.96,0.00,0.00,0.00
217.93,0.43,94.16,0.00,0.00,0.00,0.00,0.00,0.00,215.11,0.21,46.25,0.00,0.00,0.00
218.97,0.44,95.27,0.00,0.00,0.00,0.00,0.00,0.00,219.17,0.22,47.70,0.00,0.00,0.00
217.35,0.43,93.98,0.00,0.00,0.00,0.00,0.00,0.00,216.74,0.21,46.46,0.00,0.00,0.00
218.51,0.44,95.20,0.00,0.00,0.00,0.00,0.00,0.00,219.87,0.22,47.82,0.00,0.00,0.00
218.21,0.43,94.31,0.00,0.00,0.00,0.00,0.00,0.00,216.92,0.21,46.46,0.00,0.00,0.00
216.98,0.43,93.93,0.00,0.00,0.00,0.00,0.00,0.00,217.52,0.21,46.74,0.00,0.00,0.00
217.71,0.43,94.07,0.00,0.00,0.00,0.00,0.00,0.00,216.29,0.21,46.30,0.00,0.00,0.00
218.12,0.43,94.65,0.00,0.00,0.00,0.00,0.00,0.00,219.46,0.22,47.40,0.00,0.00,0.00
217.93,0.43,94.32,0.00,0.00,0.00,0.00,0.00,0.00,216.61,0.21,46.62,0.00,0.00,0.00
218.01,0.43,94.20,0.00,0.00,0.00,0.00,0.00,0.00,217.15,0.21,46.48,0.00,0.00,0.00
215.65,0.43,93.56,0.00,0.00,0.00,0.00,0.00,0.00,216.58,0.22,46.96,0.00,0.00,0.00
218.84,0.43,94.91,0.00,0.00,0.00,0.00,0.00,0.00,218.04,0.22,47.04,0.00,0.00,0.00
218.97,0.43,94.76,0.00,0.00,0.00,0.00,0.00,0.00,216.76,0.21,46.72,0.00,0.00,0.00
218.11,0.43,94.42,0.00,0.00,0.00,0.00,0.00,0.00,218.13,0.21,46.86,0.00,0.00,0.00
219.39,0.43,95.13,0.00,0.00,0.00,0.00,0.00,0.00,217.98,0.22,47.00,0.00,0.00,0.00
217.94,0.43,94.57,0.00,0.00,0.00,0.00,0.00,0.00,218.58,0.22,47.20,0.00,0.00,0.00
220.07,0.43,95.58,0.00,0.00,0.00,0.00,0.00,0.00,218.56,0.22,47.30,0.00,0.00,0.00
218.13,0.43,94.41,0.00,0.00,0.00,0.00,0.00,0.00,217.90,0.21,46.83,0.00,0.00,0.00
219.88,0.43,95.46,0.00,0.00,0.00,0.00,0.00,0.00,218.63,0.22,47.25,0.00,0.00,0.00
218.40,0.43,93.93,0.00,0.00,0.00,0.00,0.00,0.00,214.44,0.21,45.68,0.00,0.00,0.00
219.77,0.43,95.17,0.00,0.00,0.00,0.00,0.00,0.00,217.45,0.21,46.91,0.00,0.00,0.00
217.28,0.43,94.08,0.00,0.00,0.00,0.00,0.00,0.00,217.56,0.21,46.79,0.00,0.00,0.00
217.54,0.43,93.52,0.00,0.00,0.00,0.00,0.00,0.00,214.90,0.21,45.75,0.00,0.00,0.00
218.56,0.43,94.81,0.00,0.00,0.00,0.00,0.00,0.00,218.51,0.22,47.31,0.00,0.00,0.00
219.15,0.43,94.97,0.00,0.00,0.00,0.00,0.00,0.00,216.91,0.22,46.88,0.00,0.00,0.00
218.55,0.43,94.62,0.00,0.00,0.00,0.00,0.00,0.00,217.47,0.21,46.86,0.00,0.00,0.00
219.60,0.43,94.99,0.00,0.00,0.00,0.00,0.00,0.00,217.74,0.21,46.87,0.00,0.00,0.00
217.71,0.43,93.81,0.00,0.00,0.00,0.00,0.00,0.00,214.76,0.21,45.86,0.00,0.00,0.00
220.80,0.44,96.11,0.00,0.00,0.00,0.00,0.00,0.00,219.46,0.22,47.67,0.00,0.00,0.00
217.51,0.43,94.36,0.00,0.00,0.00,0.00,0.00,0.00,217.85,0.22,47.00,0.00,0.00,0.00
222.40,0.43,96.44,0.00,0.00,0.00,0.00,0.00,0.00,218.76,0.22,47.17,0.00,0.00,0.00
218.21,0.43,93.59,0.00,0.00,0.00,0.00,0.00,0.00,213.85,0.21,45.27,0.00,0.00,0.00
218.70,0.43,94.78,0.00,0.00,0.00,0.00,0.00,0.00,218.17,0.22,47.13,0.00,0.00,0.00
217.67,0.43,93.85,0.00,0.00,0.00,0.00,0.00,0.00,214.75,0.21,45.74,0.00,0.00,0.00
219.82,0.43,95.56,0.00,0.00,0.00,0.00,0.00,0.00,218.74,0.22,47.41,0.00,0.00,0.00
217.57,0.43,92.76,0.00,0.00,0.00,0.00,0.00,0.00,209.79,0.21,43.82,0.00,0.00,0.00
219.49,0.43,94.98,0.00,0.00,0.00,0.00,0.00,0.00,216.76,0.21,46.68,0.00,0.00,0.00
218.44,0.43,94.60,0.00,0.00,0.00,0.00,0.00,0.00,217.44,0.21,46.78,0.00,0.00,0.00
219.50,0.43,95.28,0.00,0.00,0.00,0.00,0.00,0.00,218.33,0.22,47.20,0.00,0.00,0.00
218.52,0.43,94.51,0.00,0.00,0.00,0.00,0.00,0.00,216.82,0.21,46.52,0.00,0.00,0.00
219.63,0.44,96.21,0.00,0.00,0.00,0.00,0.00,0.00,222.78,0.22,49.09,0.00,0.00,0.00
216.73,0.43,93.74,0.00,0.00,0.00,0.00,0.00,0.00,216.54,0.21,46.47,0.00,0.00,0.00
217.57,0.43,94.21,0.00,0.00,0.00,0.00,0.00,0.00,217.55,0.21,46.79,0.00,0.00,0.00
218.43,0.43,94.55,0.00,0.00,0.00,0.00,0.00,0.00,217.17,0.21,46.71,0.00,0.00,0.00
219.16,0.43,94.97,0.00,0.00,0.00,0.00,0.00,0.00,217.85,0.22,46.88,0.00,0.00,0.00
219.81,0.43,95.10,0.00,0.00,0.00,0.00,0.00,0.00,217.22,0.21,46.64,0.00,0.00,0.00
217.66,0.43,93.97,0.00,0.00,0.00,0.00,0.00,0.00,215.58,0.21,46.04,0.00,0.00,0.00
220.01,0.43,95.47,0.00,0.00,0.00,0.00,0.00,0.00,218.59,0.22,47.29,0.00,0.00,0.00
217.83,0.43,93.98,0.00,0.00,0.00,0.00,0.00,0.00,215.54,0.21,46.03,0.00,0.00,0.00
219.80,0.43,95.17,0.00,0.00,0.00,0.00,0.00,0.00,217.34,0.21,46.88,0.00,0.00,0.00
214.67,0.44,93.47,0.00,0.00,0.00,0.00,0.00,0.00,219.76,0.22,47.80,0.00,0.00,0.00
222.52,0.43,96.35,0.00,0.00,0.00,0.00,0.00,0.00,217.36,0.21,46.64,0.00,0.00,0.00
217.70,0.43,94.42,0.00,0.00,0.00,0.00,0.00,0.00,218.40,0.22,47.09,0.00,0.00,0.00
220.17,0.43,95.43,0.00,0.00,0.00,0.00,0.00,0.00,217.80,0.22,46.93,0.00,0.00,0.00
214.61,0.43,93.09,0.00,0.00,0.00,0.00,0.00,0.00,218.80,0.22,47.25,0.00,0.00,0.00
217.91,0.43,94.40,0.00,0.00,0.00,0.00,0.00,0.00,217.63,0.22,46.85,0.00,0.00,0.00
218.80,0.43,94.90,0.00,0.00,0.00,0.00,0.00,0.00,217.93,0.22,47.02,0.00,0.00,0.00
213.95,0.43,92.40,0.00,0.00,0.00,0.00,0.00,0.00,216.77,0.21,46.36,0.00,0.00,0.00
220.65,0.43,95.51,0.00,0.00,0.00,0.00,0.00,0.00,216.48,0.21,46.70,0.00,0.00,0.00
218.03,0.43,93.90,0.00,0.00,0.00,0.00,0.00,0.00,214.44,0.21,45.56,0.00,0.00,0.00
218.17,0.43,93.87,0.00,0.00,0.00,0.00,0.00,0.00,215.98,0.21,45.98,0.00,0.00,0.00
218.48,0.43,94.44,0.00,0.00,0.00,0.00,0.00,0.00,216.27,0.21,46.50,0.00,0.00,0.00
219.29,0.43,95.29,0.00,0.00,0.00,0.00,0.00,0.00,219.65,0.22,47.72,0.00,0.00,0.00
218.26,0.43,94.35,0.00,0.00,0.00,0.00,0.00,0.00,216.45,0.21,46.46,0.00,0.00,0.00
218.82,0.43,95.06,0.00,0.00,0.00,0.00,0.00,0.00,219.08,0.22,47.46,0.00,0.00,0.00
218.95,0.43,94.46,0.00,0.00,0.00,0.00,0.00,0.00,215.64,0.21,46.17,0.00,0.00,0.00
218.37,0.43,94.91,0.00,0.00,0.00,0.00,0.00,0.00,219.10,0.22,47.48,0.00,0.00,0.00
219.96,0.43,95.20,0.00,0.00,0.00,0.00,0.00,0.00,216.45,0.21,46.47,0.00,0.00,0.00
218.24,0.43,94.54,0.00,0.00,0.00,0.00,0.00,0.00,217.89,0.22,47.06,0.00,0.00,0.00
219.99,0.43,95.11,0.00,0.00,0.00,0.00,0.00,0.00,216.63,0.21,46.38,0.00,0.00,0.00
218.38,0.43,94.50,0.00,0.00,0.00,0.00,0.00,0.00,217.45,0.21,46.85,0.00,0.00,0.00
218.78,0.43,94.10,0.00,0.00,0.00,0.00,0.00,0.00,214.02,0.21,45.61,0.00,0.00,0.00
218.96,0.43,94.85,0.00,0.00,0.00,0.00,0.00,0.00,217.30,0.22,46.78,0.00,0.00,0.00
219.28,0.43,95.05,0.00,0.00,0.00,0.00,0.00,0.00,218.18,0.22,47.02,0.00,0.00,0.00
218.64,0.43,94.61,0.00,0.00,0.00,0.00,0.00,0.00,218.61,0.21,46.71,0.00,0.00,0.00
221.45,0.43,96.03,0.00,0.00,0.00,0.00,0.00,0.00,218.03,0.22,47.16,0.00,0.00,0.00
217.38,0.43,94.24,0.00,0.00,0.00,0.00,0.00,0.00,217.42,0.22,47.05,0.00,0.00,0.00
220.30,0.43,94.70,0.00,0.00,0.00,0.00,0.00,0.00,213.84,0.21,45.34,0.00,0.00,0.00
218.36,0.43,94.86,0.00,0.00,0.00,0.00,0.00,0.00,218.87,0.22,47.50,0.00,0.00,0.00
219.12,0.43,94.52,0.00,0.00,0.00,0.00,0.00,0.00,215.36,0.21,45.96,0.00,0.00,0.00
219.13,0.44,95.44,0.00,0.00,0.00,0.00,0.00,0.00,220.04,0.22,47.94,0.00,0.00,0.00
218.22,0.43,94.16,0.00,0.00,0.00,0.00,0.00,0.00,215.74,0.21,46.08,0.00,0.00,0.00
219.75,0.44,95.59,0.00,0.00,0.00,0.00,0.00,0.00,219.15,0.22,47.75,0.00,0.00,0.00
217.15,0.43,94.16,0.00,0.00,0.00,0.00,0.00,0.00,218.03,0.22,47.20,0.00,0.00,0.00
220.41,0.43,95.60,0.00,0.00,0.00,0.00,0.00,0.00,218.13,0.22,47.08,0.00,0.00,0.00
219.24,0.43,95.24,0.00,0.00,0.00,0.00,0.00,0.00,218.50,0.22,47.30,0.00,0.00,0.00
218.42,0.43,94.32,0.00,0.00,0.00,0.00,0.00,0.00,216.43,0.21,46.25,0.00,0.00,0.00
217.43,0.43,93.61,0.00,0.00,0.00,0.00,0.00,0.00,215.18,0.21,45.90,0.00,0.00,0.00
218.96,0.43,94.77,0.00,0.00,0.00,0.00,0.00,0.00,217.17,0.21,46.69,0.00,0.00,0.00
217.97,0.43,94.63,0.00,0.00,0.00,0.00,0.00,0.00,218.50,0.22,47.27,0.00,0.00,0.00
216.53,0.43,93.64,0.00,0.00,0.00,0.00,0.00,0.00,216.03,0.21,46.32,0.00,0.00,0.00
215.86,0.44,93.97,0.00,0.00,0.00,0.00,0.00,0.00,219.83,0.22,47.87,0.00,0.00,0.00
217.75,0.43,94.22,0.00,0.00,0.00,0.00,0.00,0.00,218.14,0.21,46.99,0.00,0.00,0.00
220.34,0.43,95.38,0.00,0.00,0.00,0.00,0.00,0.00,217.03,0.21,46.64,0.00,0.00,0.00
214.25,0.43,92.71,0.00,0.00,0.00,0.00,0.00,0.00,217.62,0.21,46.82,0.00,0.00,0.00
220.07,0.43,95.36,0.00,0.00,0.00,0.00,0.00,0.00,218.02,0.22,46.97,0.00,0.00,0.00
216.76,0.43,93.89,0.00,0.00,0.00,0.00,0.00,0.00,217.66,0.21,46.86,0.00,0.00,0.00
219.69,0.43,95.18,0.00,0.00,0.00,0.00,0.00,0.00,217.62,0.22,46.88,0.00,0.00,0.00
218.71,0.43,94.48,0.00,0.00,0.00,0.00,0.00,0.00,216.06,0.21,46.24,0.00,0.00,0.00
218.32,0.43,94.56,0.00,0.00,0.00,0.00,0.00,0.00,217.91,0.21,46.92,0.00,0.00,0.00
218.18,0.43,94.30,0.00,0.00,0.00,0.00,0.00,0.00,216.90,0.21,46.57,0.00,0.00,0.00
218.78,0.43,94.81,0.00,0.00,0.00,0.00,0.00,0.00,217.85,0.22,46.93,0.00,0.00,0.00
219.58,0.43,95.01,0.00,0.00,0.00,0.00,0.00,0.00,216.67,0.21,46.53,0.00,0.00,0.00
218.75,0.43,95.14,0.00,0.00,0.00,0.00,0.00,0.00,218.72,0.22,47.53,0.00,0.00,0.00
218.74,0.43,94.30,0.00,0.00,0.00,0.00,0.00,0.00,215.91,0.21,46.19,0.00,0.00,0.00
215.31,0.43,93.57,0.00,0.00,0.00,0.00,0.00,0.00,218.67,0.22,47.39,0.00,0.00,0.00
220.76,0.43,95.42,0.00,0.00,0.00,0.00,0.00,0.00,217.02,0.21,46.59,0.00,0.00,0.00
220.85,0.44,96.20,0.00,0.00,0.00,0.00,0.00,0.00,219.57,0.22,47.79,0.00,0.00,0.00
220.42,0.43,95.09,0.00,0.00,0.00,0.00,0.00,0.00,216.17,0.21,46.14,0.00,0.00,0.00
216.90,0.43,93.66,0.00,0.00,0.00,0.00,0.00,0.00,216.43,0.21,46.44,0.00,0.00,0.00
218.24,0.43,94.73,0.00,0.00,0.00,0.00,0.00,0.00,218.67,0.22,47.33,0.00,0.00,0.00
219.14,0.43,94.91,0.00,0.00,0.00,0.00,0.00,0.00,216.76,0.21,46.67,0.00,0.00,0.00
220.44,0.43,95.69,0.00,0.00,0.00,0.00,0.00,0.00,218.47,0.22,47.25,0.00,0.00,0.00
217.80,0.43,94.52,0.00,0.00,0.00,0.00,0.00,0.00,218.21,0.22,47.16,0.00,0.00,0.00
220.14,0.43,95.06,0.00,0.00,0.00,0.00,0.00,0.00,216.85,0.21,46.45,0.00,0.00,0.00
219.70,0.43,95.29,0.00,0.00,0.00,0.00,0.00,0.00,218.20,0.22,47.08,0.00,0.00,0.00
217.79,0.43,93.45,0.00,0.00,0.00,0.00,0.00,0.00,214.01,0.21,45.30,0.00,0.00,0.00
218.27,0.44,94.95,0.00,0.00,0.00,0.00,0.00,0.00,219.17,0.22,47.75,0.00,0.00,0.00
213.70,0.43,92.50,0.00,0.00,0.00,0.00,0.00,0.00,216.71,0.21,46.57,0.00,0.00,0.00
219.60,0.43,95.14,0.00,0.00,0.00,0.00,0.00,0.00,217.12,0.22,46.76,0.00,0.00,0.00
218.85,0.43,94.78,0.00,0.00,0.00,0.00,0.00,0.00,217.00,0.21,46.70,0.00,0.00,0.00
220.36,0.43,95.35,0.00,0.00,0.00,0.00,0.00,0.00,217.09,0.21,46.63,0.00,0.00,0.00
213.41,0.43,92.51,0.00,0.00,0.00,0.00,0.00,0.00,217.55,0.22,46.98,0.00,0.00,0.00
219.19,0.43,95.01,0.00,0.00,0.00,0.00,0.00,0.00,217.73,0.22,46.95,0.00,0.00,0.00
218.66,0.43,95.05,0.00,0.00,0.00,0.00,0.00,0.00,219.09,0.22,47.67,0.00,0.00,0.00
221.06,0.43,95.54,0.00,0.00,0.00,0.00,0.00,0.00,215.88,0.21,46.39,0.00,0.00,0.00
218.59,0.43,94.60,0.00,0.00,0.00,0.00,0.00,0.00,217.98,0.21,46.88,0.00,0.00,0.00
219.20,0.43,94.86,0.00,0.00,0.00,0.00,0.00,0.00,216.86,0.21,46.58,0.00,0.00,0.00
217.78,0.43,94.39,0.00,0.00,0.00,0.00,0.00,0.00,217.84,0.22,46.97,0.00,0.00,0.00
219.69,0.43,95.20,0.00,0.00,0.00,0.00,0.00,0.00,217.52,0.22,46.87,0.00,0.00,0.00
217.70,0.43,94.46,0.00,0.00,0.00,0.00,0.00,0.00,218.92,0.22,47.34,0.00,0.00,0.00
219.94,0.43,95.44,0.00,0.00,0.00,0.00,0.00,0.00,218.27,0.22,47.26,0.00,0.00,0.00
217.80,0.43,94.50,0.00,0.00,0.00,0.00,0.00,0.00,219.01,0.22,47.33,0.00,0.00,0.00
219.90,0.43,95.24,0.00,0.00,0.00,0.00,0.00,0.00,217.82,0.21,46.99,0.00,0.00,0.00
219.16,0.43,94.96,0.00,0.00,0.00,0.00,0.00,0.00,218.27,0.22,47.03,0.00,0.00,0.00
219.73,0.43,94.97,0.00,0.00,0.00,0.00,0.00,0.00,215.73,0.21,46.30,0.00,0.00,0.00
219.26,0.43,95.04,0.00,0.00,0.00,0.00,0.00,0.00,218.24,0.22,47.15,0.00,0.00,0.00
219.51,0.43,95.16,0.00,0.00,0.00,0.00,0.00,0.00,217.99,0.22,47.12,0.00,0.00,0.00
219.53,0.43,95.39,0.00,0.00,0.00,0.00,0.00,0.00,218.82,0.22,47.42,0.00,0.00,0.00
219.03,0.43,94.66,0.00,0.00,0.00,0.00,0.00,0.00,216.54,0.21,46.42,0.00,0.00,0.00
220.40,0.43,95.36,0.00,0.00,0.00,0.00,0.00,0.00,217.35,0.21,46.69,0.00,0.00,0.00
218.50,0.43,94.71,0.00,0.00,0.00,0.00,0.00,0.00,218.41,0.22,47.10,0.00,0.00,0.00
217.30,0.43,94.33,0.00,0.00,0.00,0.00,0.00,0.00,218.19,0.22,47.28,0.00,0.00,0.00
218.99,0.43,95.06,0.00,0.00,0.00,0.00,0.00,0.00,218.35,0.22,47.19,0.00,0.00,0.00
220.25,0.43,95.49,0.00,0.00,0.00,0.00,0.00,0.00,220.18,0.22,47.28,0.00,0.00,0.00
219.05,0.43,95.14,0.00,0.00,0.00,0.00,0.00,0.00,218.34,0.22,47.26,0.00,0.00,0.00
219.33,0.44,95.52,0.00,0.00,0.00,0.00,0.00,0.00,220.34,0.22,48.13,0.00,0.00,0.00
219.00,0.43,94.92,0.00,0.00,0.00,0.00,0.00,0.00,217.34,0.22,47.01,0.00,0.00,0.00
217.86,0.43,94.57,0.00,0.00,0.00,0.00,0.00,0.00,218.41,0.22,47.19,0.00,0.00,0.00
219.19,0.43,94.99,0.00,0.00,0.00,0.00,0.00,0.00,217.35,0.22,46.85,0.00,0.00,0.00
219.06,0.43,94.98,0.00,0.00,0.00,0.00,0.00,0.00,218.03,0.22,47.04,0.00,0.00,0.00
218.71,0.43,94.70,0.00,0.00,0.00,0.00,0.00,0.00,217.35,0.21,46.90,0.00,0.00,0.00
219.85,0.43,94.41,0.00,0.00,0.00,0.00,0.00,0.00,213.68,0.21,45.24,0.00,0.00,0.00
218.67,0.43,95.00,0.00,0.00,0.00,0.00,0.00,0.00,218.57,0.22,47.45,0.00,0.00,0.00
219.68,0.43,95.16,0.00,0.00,0.00,0.00,0.00,0.00,217.46,0.22,46.81,0.00,0.00,0.00
219.52,0.44,95.67,0.00,0.00,0.00,0.00,0.00,0.00,219.63,0.22,48.04,0.00,0.00,0.00
217.58,0.43,94.35,0.00,0.00,0.00,0.00,0.00,0.00,218.03,0.22,47.17,0.00,0.00,0.00
220.56,0.43,95.59,0.00,0.00,0.00,0.00,0.00,0.00,218.10,0.22,47.07,0.00,0.00,0.00
219.00,0.43,94.58,0.00,0.00,0.00,0.00,0.00,0.00,215.74,0.21,46.16,0.00,0.00,0.00
217.99,0.43,94.63,0.00,0.00,0.00,0.00,0.00,0.00,218.07,0.22,47.24,0.00,0.00,0.00
218.52,0.43,94.33,0.00,0.00,0.00,0.00,0.00,0.00,216.85,0.21,46.40,0.00,0.00,0.00
219.91,0.43,95.37,0.00,0.00,0.00,0.00,0.00,0.00,218.44,0.22,47.19,0.00,0.00,0.00
218.85,0.43,94.83,0.00,0.00,0.00,0.00,0.00,0.00,217.35,0.22,46.88,0.00,0.00,0.00
219.00,0.43,95.08,0.00,0.00,0.00,0.00,0.00,0.00,219.12,0.22,47.52,0.00,0.00,0.00
217.37,0.43,93.94,0.00,0.00,0.00,0.00,0.00,0.00,216.97,0.21,46.60,0.00,0.00,0.00
213.03,0.43,92.41,0.00,0.00,0.00,0.00,0.00,0.00,217.74,0.22,47.01,0.00,0.00,0.00
218.60,0.43,94.78,0.00,0.00,0.00,0.00,0.00,0.00,218.45,0.22,47.25,0.00,0.00,0.00
220.62,0.43,95.89,0.00,0.00,0.00,0.00,0.00,0.00,218.58,0.22,47.46,0.00,0.00,0.00
219.80,0.43,95.43,0.00,0.00,0.00,0.00,0.00,0.00,218.97,0.22,47.29,0.00,0.00,0.00
220.25,0.43,95.28,0.00,0.00,0.00,0.00,0.00,0.00,217.16,0.21,46.66,0.00,0.00,0.00
221.12,0.43,96.10,0.00,0.00,0.00,0.00,0.00,0.00,219.51,0.22,47.62,0.00,0.00,0.00
218.85,0.43,94.80,0.00,0.00,0.00,0.00,0.00,0.00,217.25,0.22,46.94,0.00,0.00,0.00
220.10,0.43,94.95,0.00,0.00,0.00,0.00,0.00,0.00,216.03,0.21,46.13,0.00,0.00,0.00
218.43,0.43,94.62,0.00,0.00,0.00,0.00,0.00,0.00,217.24,0.22,46.94,0.00,0.00,0.00
220.22,0.43,95.41,0.00,0.00,0.00,0.00,0.00,0.00,218.17,0.22,47.13,0.00,0.00,0.00
219.15,0.43,94.83,0.00,0.00,0.00,0.00,0.00,0.00,217.19,0.21,46.81,0.00,0.00,0.00
217.22,0.43,94.42,0.00,0.00,0.00,0.00,0.00,0.00,218.98,0.22,47.54,0.00,0.00,0.00
215.52,0.43,93.29,0.00,0.00,0.00,0.00,0.00,0.00,217.11,0.21,46.75,0.00,0.00,0.00
220.35,0.43,94.94,0.00,0.00,0.00,0.00,0.00,0.00,215.67,0.21,46.21,0.00,0.00,0.00
219.36,0.43,94.73,0.00,0.00,0.00,0.00,0.00,0.00,216.51,0.21,46.45,0.00,0.00,0.00
220.54,0.43,95.85,0.00,0.00,0.00,0.00,0.00,0.00,218.66,0.22,47.43,0.00,0.00,0.00
218.43,0.43,94.71,0.00,0.00,0.00,0.00,0.00,0.00,217.92,0.22,47.03,0.00,0.00,0.00
220.36,0.43,95.73,0.00,0.00,0.00,0.00,0.00,0.00,219.47,0.22,47.53,0.00,0.00,0.00
218.14,0.43,94.43,0.00,0.00,0.00,0.00,0.00,0.00,217.11,0.21,46.67,0.00,0.00,0.00
219.86,0.43,95.35,0.00,0.00,0.00,0.00,0.00,0.00,218.37,0.22,47.32,0.00,0.00,0.00
217.33,0.43,93.36,0.00,0.00,0.00,0.00,0.00,0.00,214.97,0.21,45.50,0.00,0.00,0.00
219.80,0.43,94.88,0.00,0.00,0.00,0.00,0.00,0.00,215.97,0.21,46.17,0.00,0.00,0.00
219.98,0.43,95.58,0.00,0.00,0.00,0.00,0.00,0.00,218.23,0.22,47.25,0.00,0.00,0.00
218.59,0.43,93.84,0.00,0.00,0.00,0.00,0.00,0.00,213.67,0.21,45.20,0.00,0.00,0.00
218.40,0.43,94.74,0.00,0.00,0.00,0.00,0.00,0.00,218.55,0.22,47.32,0.00,0.00,0.00
217.53,0.43,94.03,0.00,0.00,0.00,0.00,0.00,0.00,217.37,0.21,46.73,0.00,0.00,0.00
221.71,0.43,95.75,0.00,0.00,0.00,0.00,0.00,0.00,216.60,0.21,46.35,0.00,0.00,0.00
217.49,0.43,94.15,0.00,0.00,0.00,0.00,0.00,0.00,217.41,0.21,46.74,0.00,0.00,0.00
220.64,0.43,95.44,0.00,0.00,0.00,0.00,0.00,0.00,217.17,0.21,46.80,0.00,0.00,0.00
218.30,0.43,94.53,0.00,0.00,0.00,0.00,0.00,0.00,217.12,0.21,46.83,0.00,0.00,0.00
219.50,0.43,94.92,0.00,0.00,0.00,0.00,0.00,0.00,216.52,0.21,46.46,0.00,0.00,0.00
218.43,0.43,94.81,0.00,0.00,0.00,0.00,0.00,0.00,218.47,0.22,47.21,0.00,0.00,0.00
219.75,0.43,95.04,0.00,0.00,0.00,0.00,0.00,0.00,216.57,0.21,46.65,0.00,0.00,0.00
217.81,0.43,94.33,0.00,0.00,0.00,0.00,0.00,0.00,217.59,0.21,46.97,0.00,0.00,0.00
219.35,0.43,94.60,0.00,0.00,0.00,0.00,0.00,0.00,215.42,0.21,45.94,0.00,0.00,0.00
220.11,0.43,95.36,0.00,0.00,0.00,0.00,0.00,0.00,218.16,0.22,47.00,0.00,0.00,0.00
218.60,0.43,94.94,0.00,0.00,0.00,0.00,0.00,0.00,218.30,0.22,47.24,0.00,0.00,0.00
219.93,0.43,95.11,0.00,0.00,0.00,0.00,0.00,0.00,217.25,0.21,46.63,0.00,0.00,0.00
219.24,0.43,94.78,0.00,0.00,0.00,0.00,0.00,0.00,216.59,0.21,46.42,0.00,0.00,0.00
219.95,0.43,95.18,0.00,0.00,0.00,0.00,0.00,0.00,216.91,0.21,46.67,0.00,0.00,0.00
217.41,0.43,94.09,0.00,0.00,0.00,0.00,0.00,0.00,216.84,0.21,46.69,0.00,0.00,0.00
218.50,0.43,94.83,0.00,0.00,0.00,0.00,0.00,0.00,218.61,0.22,47.38,0.00,0.00,0.00
218.21,0.43,94.38,0.00,0.00,0.00,0.00,0.00,0.00,216.92,0.21,46.55,0.00,0.00,0.00
220.35,0.43,95.52,0.00,0.00,0.00,0.00,0.00,0.00,217.53,0.22,46.92,0.00,0.00,0.00
218.61,0.43,94.43,0.00,0.00,0.00,0.00,0.00,0.00,216.27,0.21,46.42,0.00,0.00,0.00
216.26,0.43,93.79,0.00,0.00,0.00,0.00,0.00,0.00,218.68,0.22,47.19,0.00,0.00,0.00
218.17,0.43,94.81,0.00,0.00,0.00,0.00,0.00,0.00,218.32,0.22,47.32,0.00,0.00,0.00
219.67,0.43,94.14,0.00,0.00,0.00,0.00,0.00,0.00,212.13,0.21,44.97,0.00,0.00,0.00
217.16,0.43,93.98,0.00,0.00,0.00,0.00,0.00,0.00,218.06,0.21,47.04,0.00,0.00,0.00
219.29,0.43,94.89,0.00,0.00,0.00,0.00,0.00,0.00,216.46,0.21,46.49,0.00,0.00,0.00
216.38,0.43,93.24,0.00,0.00,0.00,0.00,0.00,0.00,215.66,0.21,46.18,0.00,0.00,0.00
216.87,0.43,93.83,0.00,0.00,0.00,0.00,0.00,0.00,218.71,0.21,46.89,0.00,0.00,0.00
216.98,0.43,94.20,0.00,0.00,0.00,0.00,0.00,0.00,219.09,0.22,47.42,0.00,0.00,0.00
216.11,0.43,93.51,0.00,0.00,0.00,0.00,0.00,0.00,217.35,0.21,46.82,0.00,0.00,0.00
220.35,0.43,95.26,0.00,0.00,0.00,0.00,0.00,0.00,216.58,0.21,46.43,0.00,0.00,0.00
219.49,0.43,95.38,0.00,0.00,0.00,0.00,0.00,0.00,219.55,0.22,47.63,0.00,0.00,0.00
218.72,0.43,94.60,0.00,0.00,0.00,0.00,0.00,0.00,217.15,0.21,46.60,0.00,0.00,0.00
218.94,0.43,94.97,0.00,0.00,0.00,0.00,0.00,0.00,218.22,0.22,47.14,0.00,0.00,0.00
217.70,0.43,93.96,0.00,0.00,0.00,0.00,0.00,0.00,216.62,0.21,46.31,0.00,0.00,0.00
219.71,0.43,95.41,0.00,0.00,0.00,0.00,0.00,0.00,217.66,0.22,47.10,0.00,0.00,0.00
218.24,0.43,94.56,0.00,0.00,0.00,0.00,0.00,0.00,217.56,0.22,46.88,0.00,0.00,0.00
219.16,0.43,94.71,0.00,0.00,0.00,0.00,0.00,0.00,216.67,0.21,46.58,0.00,0.00,0.00
217.38,0.43,94.13,0.00,0.00,0.00,0.00,0.00,0.00,217.72,0.21,46.97,0.00,0.00,0.00
220.22,0.43,95.17,0.00,0.00,0.00,0.00,0.00,0.00,216.18,0.21,46.35,0.00,0.00,0.00
217.98,0.43,94.70,0.00,0.00,0.00,0.00,0.00,0.00,218.89,0.22,47.41,0.00,0.00,0.00
220.15,0.43,95.29,0.00,0.00,0.00,0.00,0.00,0.00,217.15,0.21,46.70,0.00,0.00,0.00
218.03,0.43,94.50,0.00,0.00,0.00,0.00,0.00,0.00,218.17,0.22,47.14,0.00,0.00,0.00
218.58,0.43,94.28,0.00,0.00,0.00,0.00,0.00,0.00,215.64,0.21,46.19,0.00,0.00,0.00
217.21,0.43,94.03,0.00,0.00,0.00,0.00,0.00,0.00,217.64,0.21,46.80,0.00,0.00,0.00
218.30,0.43,94.84,0.00,0.00,0.00,0.00,0.00,0.00,218.24,0.22,47.44,0.00,0.00,0.00
219.36,0.43,94.82,0.00,0.00,0.00,0.00,0.00,0.00,216.89,0.21,46.49,0.00,0.00,0.00
219.53,0.43,95.09,0.00,0.00,0.00,0.00,0.00,0.00,217.81,0.22,47.05,0.00,0.00,0.00
218.61,0.43,95.02,0.00,0.00,0.00,0.00,0.00,0.00,219.46,0.22,47.61,0.00,0.00,0.00
220.31,0.43,95.28,0.00,0.00,0.00,0.00,0.00,0.00,216.94,0.21,46.56,0.00,0.00,0.00
218.42,0.43,94.97,0.00,0.00,0.00,0.00,0.00,0.00,219.11,0.22,47.56,0.00,0.00,0.00
219.70,0.43,94.99,0.00,0.00,0.00,0.00,0.00,0.00,216.19,0.21,46.56,0.00,0.00,0.00
220.24,0.43,95.43,0.00,0.00,0.00,0.00,0.00,0.00,217.47,0.22,46.99,0.00,0.00,0.00
219.21,0.43,94.83,0.00,0.00,0.00,0.00,0.00,0.00,217.10,0.21,46.63,0.00,0.00,0.00
220.08,0.43,95.71,0.00,0.00,0.00,0.00,0.00,0.00,219.18,0.22,47.60,0.00,0.00,0.00
218.99,0.44,95.29,0.00,0.00,0.00,0.00,0.00,0.00,219.83,0.22,47.73,0.00,0.00,0.00
220.67,0.43,95.53,0.00,0.00,0.00,0.00,0.00,0.00,217.13,0.21,46.72,0.00,0.00,0.00
218.75,0.43,95.07,0.00,0.00,0.00,0.00,0.00,0.00,218.82,0.22,47.62,0.00,0.00,0.00
219.70,0.43,95.31,0.00,0.00,0.00,0.00,0.00,0.00,218.13,0.22,47.24,0.00,0.00,0.00
218.24,0.43,94.80,0.00,0.00,0.00,0.00,0.00,0.00,219.03,0.22,47.45,0.00,0.00,0.00
219.29,0.43,94.94,0.00,0.00,0.00,0.00,0.00,0.00,217.36,0.21,46.75,0.00,0.00,0.00
220.98,0.43,95.93,0.00,0.00,0.00,0.00,0.00,0.00,219.11,0.22,47.39,0.00,0.00,0.00
218.19,0.43,94.32,0.00,0.00,0.00,0.00,0.00,0.00,217.20,0.21,46.60,0.00,0.00,0.00
219.42,0.43,95.06,0.00,0.00,0.00,0.00,0.00,0.00,217.80,0.22,46.92,0.00,0.00,0.00
218.16,0.43,94.55,0.00,0.00,0.00,0.00,0.00,0.00,217.66,0.22,47.05,0.00,0.00,0.00
219.85,0.43,95.28,0.00,0.00,0.00,0.00,0.00,0.00,217.88,0.22,47.11,0.00,0.00,0.00
218.49,0.43,94.84,0.00,0.00,0.00,0.00,0.00,0.00,218.65,0.22,47.27,0.00,0.00,0.00
219.47,0.43,94.89,0.00,0.00,0.00,0.00,0.00,0.00,216.60,0.21,46.45,0.00,0.00,0.00
217.30,0.43,94.38,0.00,0.00,0.00,0.00,0.00,0.00,219.06,0.22,47.59,0.00,0.00,0.00
218.39,0.43,94.97,0.00,0.00,0.00,0.00,0.00,0.00,218.88,0.22,47.61,0.00,0.00,0.00
220.17,0.43,95.57,0.00,0.00,0.00,0.00,0.00,0.00,218.77,0.22,47.29,0.00,0.00,0.00
217.62,0.43,93.54,0.00,0.00,0.00,0.00,0.00,0.00,213.49,0.21,45.25,0.00,0.00,0.00
219.92,0.43,95.23,0.00,0.00,0.00,0.00,0.00,0.00,216.94,0.21,46.86,0.00,0.00,0.00
218.42,0.43,94.29,0.00,0.00,0.00,0.00,0.00,0.00,215.84,0.21,46.29,0.00,0.00,0.00
220.06,0.43,95.28,0.00,0.00,0.00,0.00,0.00,0.00,217.96,0.21,46.90,0.00,0.00,0.00
218.48,0.43,94.71,0.00,0.00,0.00,0.00,0.00,0.00,217.42,0.22,46.88,0.00,0.00,0.00
217.58,0.43,94.17,0.00,0.00,0.00,0.00,0.00,0.00,216.91,0.21,46.64,0.00,0.00,0.00
220.74,0.43,95.77,0.00,0.00,0.00,0.00,0.00,0.00,218.85,0.22,47.29,0.00,0.00,0.00
218.60,0.43,93.50,0.00,0.00,0.00,0.00,0.00,0.00,211.83,0.21,44.76,0.00,0.00,0.00
216.22,0.43,93.10,0.00,0.00,0.00,0.00,0.00,0.00,215.24,0.21,45.81,0.00,0.00,0.00
219.68,0.43,95.12,0.00,0.00,0.00,0.00,0.00,0.00,217.41,0.21,46.92,0.00,0.00,0.00
220.03,0.43,94.58,0.00,0.00,0.00,0.00,0.00,0.00,214.37,0.21,45.64,0.00,0.00,0.00
217.45,0.43,93.73,0.00,0.00,0.00,0.00,0.00,0.00,215.59,0.21,46.00,0.00,0.00,0.00
217.98,0.43,94.13,0.00,0.00,0.00,0.00,0.00,0.00,216.27,0.21,46.44,0.00,0.00,0.00
218.50,0.43,94.63,0.00,0.00,0.00,0.00,0.00,0.00,217.66,0.21,46.87,0.00,0.00,0.00
217.76,0.43,94.41,0.00,0.00,0.00,0.00,0.00,0.00,217.64,0.22,47.14,0.00,0.00,0.00
220.26,0.44,95.86,0.00,0.00,0.00,0.00,0.00,0.00,218.81,0.22,47.50,0.00,0.00,0.00
217.41,0.43,94.34,0.00,0.00,0.00,0.00,0.00,0.00,218.31,0.22,47.32,0.00,0.00,0.00
215.57,0.43,93.50,0.00,0.00,0.00,0.00,0.00,0.00,218.62,0.22,47.21,0.00,0.00,0.00
215.57,0.43,93.45,0.00,0.00,0.00,0.00,0.00,0.00,217.80,0.22,47.13,0.00,0.00,0.00
217.00,0.43,93.83,0.00,0.00,0.00,0.00,0.00,0.00,216.56,0.21,46.59,0.00,0.00,0.00
220.27,0.43,95.52,0.00,0.00,0.00,0.00,0.00,0.00,218.01,0.22,47.03,0.00,0.00,0.00
219.02,0.43,95.06,0.00,0.00,0.00,0.00,0.00,0.00,217.01,0.22,46.87,0.00,0.00,0.00
217.92,0.43,94.17,0.00,0.00,0.00,0.00,0.00,0.00,221.58,0.21,47.34,0.00,0.00,0.00
219.88,0.43,95.21,0.00,0.00,0.00,0.00,0.00,0.00,217.92,0.21,46.91,0.00,0.00,0.00
217.43,0.43,93.54,0.00,0.00,0.00,0.00,0.00,0.00,215.32,0.21,45.92,0.00,0.00,0.00
215.64,0.43,93.34,0.00,0.00,0.00,0.00,0.00,0.00,217.15,0.21,46.88,0.00,0.00,0.00
218.62,0.43,94.74,0.00,0.00,0.00,0.00,0.00,0.00,218.39,0.22,47.09,0.00,0.00,0.00
220.11,0.43,95.13,0.00,0.00,0.00,0.00,0.00,0.00,216.37,0.21,46.38,0.00,0.00,0.00
217.61,0.43,93.84,0.00,0.00,0.00,0.00,0.00,0.00,215.10,0.21,46.05,0.00,0.00,0.00
218.50,0.43,94.50,0.00,0.00,0.00,0.00,0.00,0.00,216.74,0.21,46.53,0.00,0.00,0.00
218.93,0.43,94.69,0.00,0.00,0.00,0.00,0.00,0.00,216.45,0.21,46.45,0.00,0.00,0.00
218.09,0.43,94.39,0.00,0.00,0.00,0.00,0.00,0.00,217.36,0.21,46.76,0.00,0.00,0.00
218.64,0.43,94.49,0.00,0.00,0.00,0.00,0.00,0.00,216.67,0.21,46.44,0.00,0.00,0.00
217.77,0.43,94.37,0.00,0.00,0.00,0.00,0.00,0.00,218.15,0.22,47.06,0.00,0.00,0.00
219.08,0.43,94.79,0.00,0.00,0.00,0.00,0.00,0.00,217.61,0.21,46.91,0.00,0.00,0.00
219.59,0.43,95.31,0.00,0.00,0.00,0.00,0.00,0.00,218.15,0.22,47.27,0.00,0.00,0.00
220.49,0.43,95.50,0.00,0.00,0.00,0.00,0.00,0.00,216.53,0.21,46.74,0.00,0.00,0.00
219.52,0.43,95.32,0.00,0.00,0.00,0.00,0.00,0.00,218.44,0.22,47.41,0.00,0.00,0.00
215.05,0.43,93.14,0.00,0.00,0.00,0.00,0.00,0.00,217.56,0.21,46.83,0.00,0.00,0.00
219.06,0.43,95.27,0.00,0.00,0.00,0.00,0.00,0.00,219.01,0.22,47.68,0.00,0.00,0.00
219.05,0.43,94.49,0.00,0.00,0.00,0.00,0.00,0.00,215.78,0.21,46.11,0.00,0.00,0.00
219.76,0.43,95.30,0.00,0.00,0.00,0.00,0.00,0.00,218.86,0.22,47.21,0.00,0.00,0.00
216.62,0.43,93.57,0.00,0.00,0.00,0.00,0.00,0.00,219.08,0.21,46.86,0.00,0.00,0.00
219.13,0.43,94.79,0.00,0.00,0.00,0.00,0.00,0.00,216.84,0.21,46.72,0.00,0.00,0.00
217.51,0.43,94.17,0.00,0.00,0.00,0.00,0.00,0.00,217.64,0.21,46.95,0.00,0.00,0.00
220.57,0.43,95.69,0.00,0.00,0.00,0.00,0.00,0.00,218.48,0.22,47.34,0.00,0.00,0.00
219.43,0.43,95.12,0.00,0.00,0.00,0.00,0.00,0.00,217.85,0.22,46.98,0.00,0.00,0.00
217.21,0.43,94.30,0.00,0.00,0.00,0.00,0.00,0.00,217.94,0.22,47.28,0.00,0.00,0.00
218.99,0.43,93.95,0.00,0.00,0.00,0.00,0.00,0.00,213.57,0.21,45.28,0.00,0.00,0.00
214.51,0.43,93.17,0.00,0.00,0.00,0.00,0.00,0.00,219.01,0.22,47.56,0.00,0.00,0.00
218.69,0.43,94.58,0.00,0.00,0.00,0.00,0.00,0.00,215.81,0.21,46.32,0.00,0.00,0.00
219.22,0.43,94.84,0.00,0.00,0.00,0.00,0.00,0.00,216.79,0.21,46.58,0.00,0.00,0.00
217.29,0.43,93.86,0.00,0.00,0.00,0.00,0.00,0.00,216.77,0.21,46.38,0.00,0.00,0.00
218.83,0.43,94.83,0.00,0.00,0.00,0.00,0.00,0.00,217.62,0.22,46.93,0.00,0.00,0.00
217.76,0.44,94.73,0.00,0.00,0.00,0.00,0.00,0.00,219.58,0.22,47.70,0.00,0.00,0.00
218.88,0.43,94.53,0.00,0.00,0.00,0.00,0.00,0.00,216.55,0.21,46.53,0.00,0.00,0.00
218.07,0.43,94.57,0.00,0.00,0.00,0.00,0.00,0.00,218.89,0.22,47.41,0.00,0.00,0.00
217.45,0.43,93.90,0.00,0.00,0.00,0.00,0.00,0.00,216.48,0.21,46.49,0.00,0.00,0.00
219.31,0.43,94.97,0.00,0.00,0.00,0.00,0.00,0.00,217.53,0.21,46.95,0.00,0.00,0.00
217.76,0.43,94.27,0.00,0.00,0.00,0.00,0.00,0.00,217.15,0.21,46.70,0.00,0.00,0.00
218.09,0.43,94.41,0.00,0.00,0.00,0.00,0.00,0.00,217.36,0.21,46.74,0.00,0.00,0.00
217.78,0.43,94.41,0.00,0.00,0.00,0.00,0.00,0.00,218.48,0.22,47.13,0.00,0.00,0.00
215.45,0.43,92.80,0.00,0.00,0.00,0.00,0.00,0.00,215.74,0.21,46.06,0.00,0.00,0.00
217.90,0.43,93.58,0.00,0.00,0.00,0.00,0.00,0.00,214.09,0.21,45.35,0.00,0.00,0.00
214.39,0.43,92.63,0.00,0.00,0.00,0.00,0.00,0.00,216.86,0.21,46.60,0.00,0.00,0.00
218.32,0.43,94.53,0.00,0.00,0.00,0.00,0.00,0.00,217.67,0.21,46.85,0.00,0.00,0.00
214.81,0.43,92.57,0.00,0.00,0.00,0.00,0.00,0.00,215.39,0.21,45.91,0.00,0.00,0.00
218.47,0.43,94.41,0.00,0.00,0.00,0.00,0.00,0.00,216.79,0.21,46.49,0.00,0.00,0.00
223.06,0.43,96.14,0.00,0.00,0.00,0.00,0.00,0.00,215.75,0.21,46.05,0.00,0.00,0.00
217.95,0.43,94.62,0.00,0.00,0.00,0.00,0.00,0.00,218.19,0.22,47.30,0.00,0.00,0.00
217.69,0.43,93.87,0.00,0.00,0.00,0.00,0.00,0.00,215.72,0.21,46.00,0.00,0.00,0.00
220.23,0.43,94.79,0.00,0.00,0.00,0.00,0.00,0.00,215.14,0.21,45.92,0.00,0.00,0.00
218.40,0.43,94.40,0.00,0.00,0.00,0.00,0.00,0.00,216.16,0.21,46.46,0.00,0.00,0.00
217.38,0.43,93.81,0.00,0.00,0.00,0.00,0.00,0.00,216.40,0.21,46.40,0.00,0.00,0.00
217.42,0.44,94.58,0.00,0.00,0.00,0.00,0.00,0.00,219.51,0.22,47.68,0.00,0.00,0.00
218.72,0.43,94.59,0.00,0.00,0.00,0.00,0.00,0.00,217.55,0.21,46.84,0.00,0.00,0.00
216.85,0.43,93.42,0.00,0.00,0.00,0.00,0.00,0.00,215.30,0.21,45.86,0.00,0.00,0.00
218.58,0.43,94.86,0.00,0.00,0.00,0.00,0.00,0.00,218.41,0.22,47.25,0.00,0.00,0.00
213.38,0.43,91.98,0.00,0.00,0.00,0.00,0.00,0.00,216.29,0.21,46.13,0.00,0.00,0.00
220.91,0.43,95.43,0.00,0.00,0.00,0.00,0.00,0.00,216.33,0.21,46.34,0.00,0.00,0.00
217.49,0.43,94.54,0.00,0.00,0.00,0.00,0.00,0.00,219.61,0.22,47.74,0.00,0.00,0.00
217.99,0.43,94.63,0.00,0.00,0.00,0.00,0.00,0.00,219.55,0.22,47.40,0.00,0.00,0.00
219.39,0.43,94.11,0.00,0.00,0.00,0.00,0.00,0.00,213.68,0.21,45.29,0.00,0.00,0.00
214.88,0.43,93.30,0.00,0.00,0.00,0.00,0.00,0.00,218.54,0.22,47.31,0.00,0.00,0.00
219.62,0.43,95.04,0.00,0.00,0.00,0.00,0.00,0.00,217.61,0.21,46.95,0.00,0.00,0.00
219.14,0.43,95.11,0.00,0.00,0.00,0.00,0.00,0.00,218.58,0.22,47.25,0.00,0.00,0.00
218.23,0.43,94.54,0.00,0.00,0.00,0.00,0.00,0.00,218.64,0.22,47.10,0.00,0.00,0.00
219.59,0.43,94.87,0.00,0.00,0.00,0.00,0.00,0.00,216.06,0.21,46.27,0.00,0.00,0.00
219.39,0.43,95.23,0.00,0.00,0.00,0.00,0.00,0.00,218.42,0.22,47.40,0.00,0.00,0.00
217.17,0.43,93.59,0.00,0.00,0.00,0.00,0.00,0.00,216.14,0.21,46.19,0.00,0.00,0.00
219.09,0.43,94.72,0.00,0.00,0.00,0.00,0.00,0.00,216.57,0.21,46.59,0.00,0.00,0.00
217.94,0.43,94.08,0.00,0.00,0.00,0.00,0.00,0.00,215.99,0.21,46.33,0.00,0.00,0.00
216.44,0.43,93.51,0.00,0.00,0.00,0.00,0.00,0.00,216.90,0.21,46.63,0.00,0.00,0.00
216.88,0.43,94.05,0.00,0.00,0.00,0.00,0.00,0.00,218.64,0.22,47.29,0.00,0.00,0.00
219.22,0.43,93.99,0.00,0.00,0.00,0.00,0.00,0.00,214.13,0.21,45.39,0.00,0.00,0.00
219.03,0.43,95.09,0.00,0.00,0.00,0.00,0.00,0.00,219.06,0.22,47.52,0.00,0.00,0.00
218.23,0.43,93.41,0.00,0.00,0.00,0.00,0.00,0.00,212.57,0.21,44.86,0.00,0.00,0.00
219.52,0.43,95.21,0.00,0.00,0.00,0.00,0.00,0.00,218.47,0.22,47.31,0.00,0.00,0.00
217.42,0.43,94.17,0.00,0.00,0.00,0.00,0.00,0.00,217.59,0.21,47.02,0.00,0.00,0.00
215.10,0.43,92.84,0.00,0.00,0.00,0.00,0.00,0.00,215.05,0.21,45.96,0.00,0.00,0.00
217.79,0.43,94.31,0.00,0.00,0.00,0.00,0.00,0.00,217.64,0.21,46.97,0.00,0.00,0.00
217.33,0.44,94.55,0.00,0.00,0.00,0.00,0.00,0.00,219.61,0.22,47.71,0.00,0.00,0.00
222.85,0.43,96.69,0.00,0.00,0.00,0.00,0.00,0.00,218.51,0.22,47.21,0.00,0.00,0.00
218.74,0.43,94.92,0.00,0.00,0.00,0.00,0.00,0.00,219.18,0.22,47.36,0.00,0.00,0.00
219.44,0.43,95.35,0.00,0.00,0.00,0.00,0.00,0.00,219.62,0.22,47.64,0.00,0.00,0.00
220.63,0.43,95.07,0.00,0.00,0.00,0.00,0.00,0.00,214.82,0.21,46.02,0.00,0.00,0.00
219.45,0.43,94.54,0.00,0.00,0.00,0.00,0.00,0.00,215.61,0.21,45.92,0.00,0.00,0.00
219.54,0.43,95.26,0.00,0.00,0.00,0.00,0.00,0.00,218.11,0.22,47.14,0.00,0.00,0.00
218.75,0.43,94.54,0.00,0.00,0.00,0.00,0.00,0.00,216.31,0.21,46.49,0.00,0.00,0.00
215.53,0.43,92.93,0.00,0.00,0.00,0.00,0.00,0.00,216.34,0.21,46.32,0.00,0.00,0.00
216.71,0.43,93.98,0.00,0.00,0.00,0.00,0.00,0.00,218.92,0.22,47.24,0.00,0.00,0.00
216.83,0.43,93.69,0.00,0.00,0.00,0.00,0.00,0.00,216.70,0.21,46.43,0.00,0.00,0.00
218.81,0.43,94.05,0.00,0.00,0.00,0.00,0.00,0.00,214.36,0.21,45.47,0.00,0.00,0.00
219.01,0.43,94.44,0.00,0.00,0.00,0.00,0.00,0.00,215.38,0.21,46.09,0.00,0.00,0.00
218.17,0.44,94.91,0.00,0.00,0.00,0.00,0.00,0.00,219.93,0.22,47.79,0.00,0.00,0.00
217.86,0.43,94.02,0.00,0.00,0.00,0.00,0.00,0.00,215.65,0.21,46.25,0.00,0.00,0.00
219.93,0.43,95.06,0.00,0.00,0.00,0.00,0.00,0.00,216.96,0.21,46.55,0.00,0.00,0.00
218.56,0.43,94.78,0.00,0.00,0.00,0.00,0.00,0.00,218.32,0.22,47.23,0.00,0.00,0.00
219.59,0.43,94.79,0.00,0.00,0.00,0.00,0.00,0.00,215.67,0.21,46.13,0.00,0.00,0.00
218.44,0.43,94.59,0.00,0.00,0.00,0.00,0.00,0.00,217.38,0.21,46.79,0.00,0.00,0.00
218.66,0.43,94.22,0.00,0.00,0.00,0.00,0.00,0.00,215.52,0.21,45.94,0.00,0.00,0.00
219.14,0.43,94.63,0.00,0.00,0.00,0.00,0.00,0.00,216.06,0.21,46.25,0.00,0.00,0.00
222.20,0.43,95.81,0.00,0.00,0.00,0.00,0.00,0.00,217.91,0.21,46.55,0.00,0.00,0.00
219.39,0.43,94.80,0.00,0.00,0.00,0.00,0.00,0.00,216.50,0.21,46.39,0.00,0.00,0.00
217.25,0.43,93.97,0.00,0.00,0.00,0.00,0.00,0.00,216.93,0.21,46.73,0.00,0.00,0.00
219.66,0.43,95.05,0.00,0.00,0.00,0.00,0.00,0.00,216.92,0.21,46.64,0.00,0.00,0.00
220.26,0.43,95.61,0.00,0.00,0.00,0.00,0.00,0.00,218.75,0.22,47.42,0.00,0.00,0.00
217.60,0.43,94.17,0.00,0.00,0.00,0.00,0.00,0.00,217.90,0.21,46.98,0.00,0.00,0.00
219.41,0.43,94.42,0.00,0.00,0.00,0.00,0.00,0.00,215.17,0.21,45.77,0.00,0.00,0.00
218.38,0.43,94.47,0.00,0.00,0.00,0.00,0.00,0.00,216.89,0.21,46.66,0.00,0.00,0.00
219.19,0.43,94.87,0.00,0.00,0.00,0.00,0.00,0.00,217.49,0.21,46.91,0.00,0.00,0.00
218.82,0.43,95.00,0.00,0.00,0.00,0.00,0.00,0.00,218.72,0.22,47.35,0.00,0.00,0.00
219.69,0.43,94.99,0.00,0.00,0.00,0.00,0.00,0.00,217.02,0.21,46.58,0.00,0.00,0.00
217.24,0.43,94.15,0.00,0.00,0.00,0.00,0.00,0.00,217.84,0.22,46.99,0.00,0.00,0.00
215.88,0.43,93.31,0.00,0.00,0.00,0.00,0.00,0.00,217.21,0.21,46.72,0.00,0.00,0.00
221.84,0.43,96.22,0.00,0.00,0.00,0.00,0.00,0.00,218.90,0.22,47.27,0.00,0.00,0.00
218.49,0.43,94.51,0.00,0.00,0.00,0.00,0.00,0.00,216.99,0.21,46.71,0.00,0.00,0.00
218.33,0.43,94.70,0.00,0.00,0.00,0.00,0.00,0.00,217.82,0.22,47.18,0.00,0.00,0.00
217.88,0.43,94.55,0.00,0.00,0.00,0.00,0.00,0.00,218.32,0.22,47.19,0.00,0.00,0.00
219.73,0.43,94.95,0.00,0.00,0.00,0.00,0.00,0.00,217.15,0.21,46.70,0.00,0.00,0.00
219.51,0.43,95.27,0.00,0.00,0.00,0.00,0.00,0.00,218.72,0.22,47.43,0.00,0.00,0.00
218.69,0.43,94.71,0.00,0.00,0.00,0.00,0.00,0.00,217.83,0.21,46.89,0.00,0.00,0.00
220.16,0.43,95.65,0.00,0.00,0.00,0.00,0.00,0.00,219.24,0.22,47.52,0.00,0.00,0.00
218.50,0.43,94.50,0.00,0.00,0.00,0.00,0.00,0.00,217.33,0.21,46.82,0.00,0.00,0.00
221.44,0.43,95.89,0.00,0.00,0.00,0.00,0.00,0.00,217.89,0.21,46.72,0.00,0.00,0.00
218.85,0.43,94.58,0.00,0.00,0.00,0.00,0.00,0.00,216.43,0.21,46.49,0.00,0.00,0.00
218.20,0.43,94.51,0.00,0.00,0.00,0.00,0.00,0.00,217.38,0.21,46.82,0.00,0.00,0.00
219.36,0.43,94.80,0.00,0.00,0.00,0.00,0.00,0.00,216.48,0.21,46.45,0.00,0.00,0.00
219.99,0.43,95.14,0.00,0.00,0.00,0.00,0.00,0.00,217.93,0.21,46.81,0.00,0.00,0.00
218.28,0.43,94.65,0.00,0.00,0.00,0.00,0.00,0.00,218.61,0.22,47.34,0.00,0.00,0.00
218.05,0.43,94.19,0.00,0.00,0.00,0.00,0.00,0.00,216.66,0.21,46.52,0.00,0.00,0.00
218.77,0.43,94.85,0.00,0.00,0.00,0.00,0.00,0.00,218.37,0.22,47.14,0.00,0.00,0.00
218.07,0.43,94.23,0.00,0.00,0.00,0.00,0.00,0.00,216.55,0.21,46.57,0.00,0.00,0.00
219.74,0.43,94.90,0.00,0.00,0.00,0.00,0.00,0.00,216.19,0.21,46.34,0.00,0.00,0.00
220.54,0.43,95.31,0.00,0.00,0.00,0.00,0.00,0.00,217.07,0.21,46.57,0.00,0.00,0.00
219.70,0.43,95.23,0.00,0.00,0.00,0.00,0.00,0.00,218.30,0.22,47.04,0.00,0.00,0.00
217.91,0.43,94.08,0.00,0.00,0.00,0.00,0.00,0.00,216.65,0.21,46.50,0.00,0.00,0.00
219.77,0.43,95.49,0.00,0.00,0.00,0.00,0.00,0.00,219.81,0.22,47.65,0.00,0.00,0.00
218.03,0.43,94.36,0.00,0.00,0.00,0.00,0.00,0.00,217.38,0.21,46.87,0.00,0.00,0.00
219.60,0.43,95.17,0.00,0.00,0.00,0.00,0.00,0.00,217.96,0.22,47.17,0.00,0.00,0.00
217.04,0.43,94.09,0.00,0.00,0.00,0.00,0.00,0.00,218.32,0.22,47.20,0.00,0.00,0.00
217.72,0.43,93.45,0.00,0.00,0.00,0.00,0.00,0.00,213.80,0.21,45.42,0.00,0.00,0.00
213.08,0.43,92.54,0.00,0.00,0.00,0.00,0.00,0.00,219.09,0.22,47.46,0.00,0.00,0.00
221.89,0.43,95.37,0.00,0.00,0.00,0.00,0.00,0.00,214.72,0.21,45.54,0.00,0.00,0.00
219.32,0.43,94.61,0.00,0.00,0.00,0.00,0.00,0.00,216.09,0.21,46.28,0.00,0.00,0.00
219.75,0.43,95.28,0.00,0.00,0.00,0.00,0.00,0.00,218.51,0.22,47.16,0.00,0.00,0.00
217.67,0.43,94.27,0.00,0.00,0.00,0.00,0.00,0.00,218.16,0.21,47.12,0.00,0.00,0.00
219.79,0.43,95.11,0.00,0.00,0.00,0.00,0.00,0.00,217.17,0.21,46.70,0.00,0.00,0.00
217.62,0.43,94.24,0.00,0.00,0.00,0.00,0.00,0.00,217.09,0.21,46.89,0.00,0.00,0.00
219.55,0.43,94.88,0.00,0.00,0.00,0.00,0.00,0.00,216.82,0.21,46.65,0.00,0.00,0.00
218.04,0.43,94.67,0.00,0.00,0.00,0.00,0.00,0.00,219.26,0.22,47.53,0.00,0.00,0.00
217.16,0.43,93.84,0.00,0.00,0.00,0.00,0.00,0.00,216.81,0.21,46.46,0.00,0.00,0.00
219.67,0.43,95.16,0.00,0.00,0.00,0.00,0.00,0.00,217.29,0.22,46.83,0.00,0.00,0.00
218.97,0.43,94.92,0.00,0.00,0.00,0.00,0.00,0.00,218.27,0.22,47.10,0.00,0.00,0.00
220.15,0.43,95.21,0.00,0.00,0.00,0.00,0.00,0.00,216.75,0.21,46.56,0.00,0.00,0.00
217.24,0.43,94.15,0.00,0.00,0.00,0.00,0.00,0.00,217.96,0.22,47.04,0.00,0.00,0.00
218.88,0.43,94.63,0.00,0.00,0.00,0.00,0.00,0.00,217.49,0.21,46.78,0.00,0.00,0.00
220.06,0.43,95.47,0.00,0.00,0.00,0.00,0.00,0.00,218.50,0.22,47.32,0.00,0.00,0.00
217.23,0.43,93.77,0.00,0.00,0.00,0.00,0.00,0.00,216.00,0.21,46.20,0.00,0.00,0.00
219.96,0.43,95.19,0.00,0.00,0.00,0.00,0.00,0.00,216.85,0.21,46.61,0.00,0.00,0.00
217.75,0.43,94.46,0.00,0.00,0.00,0.00,0.00,0.00,218.08,0.22,47.10,0.00,0.00,0.00
218.44,0.43,94.63,0.00,0.00,0.00,0.00,0.00,0.00,217.55,0.22,46.88,0.00,0.00,0.00
219.21,0.43,94.96,0.00,0.00,0.00,0.00,0.00,0.00,217.61,0.22,47.06,0.00,0.00,0.00
218.08,0.43,94.43,0.00,0.00,0.00,0.00,0.00,0.00,217.68,0.21,46.95,0.00,0.00,0.00
219.76,0.43,95.24,0.00,0.00,0.00,0.00,0.00,0.00,218.17,0.22,47.23,0.00,0.00,0.00
220.06,0.43,95.13,0.00,0.00,0.00,0.00,0.00,0.00,217.87,0.21,46.81,0.00,0.00,0.00
218.65,0.43,94.66,0.00,0.00,0.00,0.00,0.00,0.00,217.40,0.21,46.79,0.00,0.00,0.00
218.55,0.43,94.80,0.00,0.00,0.00,0.00,0.00,0.00,219.22,0.22,47.38,0.00,0.00,0.00
217.66,0.43,94.38,0.00,0.00,0.00,0.00,0.00,0.00,217.75,0.22,47.16,0.00,0.00,0.00
217.88,0.43,94.48,0.00,0.00,0.00,0.00,0.00,0.00,218.85,0.22,47.35,0.00,0.00,0.00
219.40,0.43,94.13,0.00,0.00,0.00,0.00,0.00,0.00,213.91,0.21,45.43,0.00,0.00,0.00
218.55,0.43,93.85,0.00,0.00,0.00,0.00,0.00,0.00,213.54,0.21,45.21,0.00,0.00,0.00
216.64,0.43,94.00,0.00,0.00,0.00,0.00,0.00,0.00,218.36,0.22,47.18,0.00,0.00,0.00
221.65,0.43,96.11,0.00,0.00,0.00,0.00,0.00,0.00,217.46,0.22,46.96,0.00,0.00,0.00
216.14,0.43,93.87,0.00,0.00,0.00,0.00,0.00,0.00,218.44,0.22,47.31,0.00,0.00,0.00
218.44,0.43,94.62,0.00,0.00,0.00,0.00,0.00,0.00,218.29,0.22,47.10,0.00,0.00,0.00
220.17,0.43,95.39,0.00,0.00,0.00,0.00,0.00,0.00,218.83,0.22,47.19,0.00,0.00,0.00
218.03,0.43,94.70,0.00,0.00,0.00,0.00,0.00,0.00,219.08,0.22,47.62,0.00,0.00,0.00
217.53,0.43,94.14,0.00,0.00,0.00,0.00,0.00,0.00,216.97,0.21,46.74,0.00,0.00,0.00
218.62,0.43,94.98,0.00,0.00,0.00,0.00,0.00,0.00,219.04,0.22,47.49,0.00,0.00,0.00
218.77,0.43,94.66,0.00,0.00,0.00,0.00,0.00,0.00,217.76,0.21,46.81,0.00,0.00,0.00
218.67,0.43,94.60,0.00,0.00,0.00,0.00,0.00,0.00,217.31,0.21,46.71,0.00,0.00,0.00
218.99,0.43,95.19,0.00,0.00,0.00,0.00,0.00,0.00,219.28,0.22,47.73,0.00,0.00,0.00
218.77,0.43,95.09,0.00,0.00,0.00,0.00,0.00,0.00,219.38,0.22,47.68,0.00,0.00,0.00
219.73,0.43,95.07,0.00,0.00,0.00,0.00,0.00,0.00,217.53,0.21,46.77,0.00,0.00,0.00
214.10,0.43,93.04,0.00,0.00,0.00,0.00,0.00,0.00,218.85,0.22,47.62,0.00,0.00,0.00
218.46,0.43,93.79,0.00,0.00,0.00,0.00,0.00,0.00,214.49,0.21,45.45,0.00,0.00,0.00
218.82,0.43,95.06,0.00,0.00,0.00,0.00,0.00,0.00,219.27,0.22,47.60,0.00,0.00,0.00
218.07,0.43,94.56,0.00,0.00,0.00,0.00,0.00,0.00,218.46,0.22,47.29,0.00,0.00,0.00
219.22,0.43,94.73,0.00,0.00,0.00,0.00,0.00,0.00,216.55,0.21,46.41,0.00,0.00,0.00
218.80,0.43,94.76,0.00,0.00,0.00,0.00,0.00,0.00,218.02,0.21,47.02,0.00,0.00,0.00
220.29,0.43,95.31,0.00,0.00,0.00,0.00,0.00,0.00,217.38,0.21,46.74,0.00,0.00,0.00
219.21,0.43,94.99,0.00,0.00,0.00,0.00,0.00,0.00,217.94,0.22,47.00,0.00,0.00,0.00
217.99,0.43,94.31,0.00,0.00,0.00,0.00,0.00,0.00,217.11,0.21,46.67,0.00,0.00,0.00
219.81,0.43,95.18,0.00,0.00,0.00,0.00,0.00,0.00,217.40,0.21,46.93,0.00,0.00,0.00
219.19,0.43,95.26,0.00,0.00,0.00,0.00,0.00,0.00,219.49,0.22,47.61,0.00,0.00,0.00
219.97,0.43,95.17,0.00,0.00,0.00,0.00,0.00,0.00,217.20,0.21,46.75,0.00,0.00,0.00
218.35,0.43,94.94,0.00,0.00,0.00,0.00,0.00,0.00,219.01,0.22,47.54,0.00,0.00,0.00
218.32,0.43,94.49,0.00,0.00,0.00,0.00,0.00,0.00,217.06,0.21,46.80,0.00,0.00,0.00
221.37,0.43,95.81,0.00,0.00,0.00,0.00,0.00,0.00,217.19,0.21,46.73,0.00,0.00,0.00
218.32,0.43,94.89,0.00,0.00,0.00,0.00,0.00,0.00,219.76,0.22,47.68,0.00,0.00,0.00
218.29,0.43,94.40,0.00,0.00,0.00,0.00,0.00,0.00,217.30,0.21,46.67,0.00,0.00,0.00
218.84,0.43,94.94,0.00,0.00,0.00,0.00,0.00,0.00,219.45,0.22,47.53,0.00,0.00,0.00
218.19,0.43,94.64,0.00,0.00,0.00,0.00,0.00,0.00,219.07,0.22,47.48,0.00,0.00,0.00
220.14,0.43,95.39,0.00,0.00,0.00,0.00,0.00,0.00,218.89,0.22,47.23,0.00,0.00,0.00
219.45,0.43,95.25,0.00,0.00,0.00,0.00,0.00,0.00,220.12,0.22,47.59,0.00,0.00,0.00
218.25,0.43,94.76,0.00,0.00,0.00,0.00,0.00,0.00,218.70,0.22,47.35,0.00,0.00,0.00
218.27,0.43,94.29,0.00,0.00,0.00,0.00,0.00,0.00,217.06,0.21,46.51,0.00,0.00,0.00
219.56,0.43,95.12,0.00,0.00,0.00,0.00,0.00,0.00,218.21,0.22,47.04,0.00,0.00,0.00
218.41,0.43,94.43,0.00,0.00,0.00,0.00,0.00,0.00,217.25,0.21,46.68,0.00,0.00,0.00
220.41,0.43,95.33,0.00,0.00,0.00,0.00,0.00,0.00,217.63,0.21,46.88,0.00,0.00,0.00
220.71,0.43,95.81,0.00,0.00,0.00,0.00,0.00,0.00,216.93,0.22,46.91,0.00,0.00,0.00
217.74,0.43,94.52,0.00,0.00,0.00,0.00,0.00,0.00,219.12,0.22,47.44,0.00,0.00,0.00
218.93,0.43,94.08,0.00,0.00,0.00,0.00,0.00,0.00,214.12,0.21,45.52,0.00,0.00,0.00
218.66,0.43,94.83,0.00,0.00,0.00,0.00,0.00,0.00,218.32,0.22,47.22,0.00,0.00,0.00
219.15,0.43,95.02,0.00,0.00,0.00,0.00,0.00,0.00,217.79,0.22,47.04,0.00,0.00,0.00
219.04,0.43,94.81,0.00,0.00,0.00,0.00,0.00,0.00,217.53,0.21,46.81,0.00,0.00,0.00
217.98,0.43,94.68,0.00,0.00,0.00,0.00,0.00,0.00,219.71,0.22,47.72,0.00,0.00,0.00
218.78,0.43,94.64,0.00,0.00,0.00,0.00,0.00,0.00,216.77,0.21,46.63,0.00,0.00,0.00
220.10,0.43,95.30,0.00,0.00,0.00,0.00,0.00,0.00,217.18,0.21,46.77,0.00,0.00,0.00
220.15,0.43,94.57,0.00,0.00,0.00,0.00,0.00,0.00,214.45,0.21,45.62,0.00,0.00,0.00
218.95,0.43,94.65,0.00,0.00,0.00,0.00,0.00,0.00,217.84,0.21,46.73,0.00,0.00,0.00
218.89,0.43,95.12,0.00,0.00,0.00,0.00,0.00,0.00,218.53,0.22,47.42,0.00,0.00,0.00
219.31,0.43,94.94,0.00,0.00,0.00,0.00,0.00,0.00,217.10,0.21,46.71,0.00,0.00,0.00
220.58,0.43,95.52,0.00,0.00,0.00,0.00,0.00,0.00,217.24,0.21,46.81,0.00,0.00,0.00
218.78,0.43,94.90,0.00,0.00,0.00,0.00,0.00,0.00,218.93,0.22,47.31,0.00,0.00,0.00
220.71,0.43,95.42,0.00,0.00,0.00,0.00,0.00,0.00,219.56,0.21,46.97,0.00,0.00,0.00
219.53,0.43,95.05,0.00,0.00,0.00,0.00,0.00,0.00,217.27,0.21,46.76,0.00,0.00,0.00
221.48,0.43,95.58,0.00,0.00,0.00,0.00,0.00,0.00,216.68,0.21,46.36,0.00,0.00,0.00
218.31,0.43,94.84,0.00,0.00,0.00,0.00,0.00,0.00,219.09,0.22,47.49,0.00,0.00,0.00
219.42,0.43,94.91,0.00,0.00,0.00,0.00,0.00,0.00,217.36,0.21,46.71,0.00,0.00,0.00
219.70,0.43,95.15,0.00,0.00,0.00,0.00,0.00,0.00,218.10,0.21,47.01,0.00,0.00,0.00
218.81,0.43,94.87,0.00,0.00,0.00,0.00,0.00,0.00,219.02,0.22,47.30,0.00,0.00,0.00
221.01,0.43,95.70,0.00,0.00,0.00,0.00,0.00,0.00,217.64,0.21,46.89,0.00,0.00,0.00
220.40,0.43,95.82,0.00,0.00,0.00,0.00,0.00,0.00,218.70,0.22,47.47,0.00,0.00,0.00
214.74,0.43,93.00,0.00,0.00,0.00,0.00,0.00,0.00,218.59,0.21,47.08,0.00,0.00,0.00
220.71,0.43,95.80,0.00,0.00,0.00,0.00,0.00,0.00,218.35,0.22,47.38,0.00,0.00,0.00
219.78,0.43,95.36,0.00,0.00,0.00,0.00,0.00,0.00,218.91,0.22,47.37,0.00,0.00,0.00
220.06,0.43,94.97,0.00,0.00,0.00,0.00,0.00,0.00,216.42,0.21,46.30,0.00,0.00,0.00
218.88,0.43,94.76,0.00,0.00,0.00,0.00,0.00,0.00,217.56,0.21,46.92,0.00,0.00,0.00
218.31,0.43,94.73,0.00,0.00,0.00,0.00,0.00,0.00,218.78,0.22,47.39,0.00,0.00,0.00
219.63,0.43,94.97,0.00,0.00,0.00,0.00,0.00,0.00,217.47,0.21,46.81,0.00,0.00,0.00
220.16,0.43,95.17,0.00,0.00,0.00,0.00,0.00,0.00,217.80,0.21,46.79,0.00,0.00,0.00
220.03,0.43,94.94,0.00,0.00,0.00,0.00,0.00,0.00,216.41,0.21,46.42,0.00,0.00,0.00
215.03,0.43,93.25,0.00,0.00,0.00,0.00,0.00,0.00,218.49,0.22,47.23,0.00,0.00,0.00
220.63,0.43,95.51,0.00,0.00,0.00,0.00,0.00,0.00,217.19,0.21,46.85,0.00,0.00,0.00
219.96,0.43,95.18,0.00,0.00,0.00,0.00,0.00,0.00,216.07,0.21,46.20,0.00,0.00,0.00
219.21,0.43,94.76,0.00,0.00,0.00,0.00,0.00,0.00,221.20,0.21,47.35,0.00,0.00,0.00
220.50,0.43,95.25,0.00,0.00,0.00,0.00,0.00,0.00,216.46,0.21,46.38,0.00,0.00,0.00
218.46,0.43,94.72,0.00,0.00,0.00,0.00,0.00,0.00,217.89,0.22,47.14,0.00,0.00,0.00
217.99,0.43,94.37,0.00,0.00,0.00,0.00,0.00,0.00,217.16,0.21,46.80,0.00,0.00,0.00
221.15,0.43,95.25,0.00,0.00,0.00,0.00,0.00,0.00,213.19,0.21,45.41,0.00,0.00,0.00
218.53,0.43,94.92,0.00,0.00,0.00,0.00,0.00,0.00,219.43,0.22,47.55,0.00,0.00,0.00
221.43,0.43,95.87,0.00,0.00,0.00,0.00,0.00,0.00,217.12,0.21,46.75,0.00,0.00,0.00
219.04,0.43,95.09,0.00,0.00,0.00,0.00,0.00,0.00,218.90,0.22,47.40,0.00,0.00,0.00
217.99,0.43,94.32,0.00,0.00,0.00,0.00,0.00,0.00,217.47,0.21,46.77,0.00,0.00,0.00
220.00,0.43,95.21,0.00,0.00,0.00,0.00,0.00,0.00,217.86,0.21,46.91,0.00,0.00,0.00
218.31,0.43,94.81,0.00,0.00,0.00,0.00,0.00,0.00,218.73,0.22,47.42,0.00,0.00,0.00
219.14,0.43,94.93,0.00,0.00,0.00,0.00,0.00,0.00,217.48,0.22,46.99,0.00,0.00,0.00
221.47,0.43,96.15,0.00,0.00,0.00,0.00,0.00,0.00,218.69,0.22,47.37,0.00,0.00,0.00
221.45,0.44,96.45,0.00,0.00,0.00,0.00,0.00,0.00,219.30,0.22,47.77,0.00,0.00,0.00
219.96,0.43,94.92,0.00,0.00,0.00,0.00,0.00,0.00,216.39,0.21,46.29,0.00,0.00,0.00
217.88,0.43,94.22,0.00,0.00,0.00,0.00,0.00,0.00,218.44,0.21,47.00,0.00,0.00,0.00
220.90,0.43,95.70,0.00,0.00,0.00,0.00,0.00,0.00,217.63,0.22,46.96,0.00,0.00,0.00
217.98,0.43,94.45,0.00,0.00,0.00,0.00,0.00,0.00,218.69,0.22,47.16,0.00,0.00,0.00
220.68,0.43,95.31,0.00,0.00,0.00,0.00,0.00,0.00,218.06,0.21,46.49,0.00,0.00,0.00
219.45,0.43,95.18,0.00,0.00,0.00,0.00,0.00,0.00,218.51,0.22,47.24,0.00,0.00,0.00
220.32,0.43,95.57,0.00,0.00,0.00,0.00,0.00,0.00,218.21,0.22,47.16,0.00,0.00,0.00
221.04,0.43,95.60,0.00,0.00,0.00,0.00,0.00,0.00,215.85,0.21,46.49,0.00,0.00,0.00
219.11,0.43,95.25,0.00,0.00,0.00,0.00,0.00,0.00,219.79,0.22,47.72,0.00,0.00,0.00
219.97,0.43,95.44,0.00,0.00,0.00,0.00,0.00,0.00,218.18,0.22,47.18,0.00,0.00,0.00
217.68,0.43,94.32,0.00,0.00,0.00,0.00,0.00,0.00,217.49,0.22,46.93,0.00,0.00,0.00
219.57,0.43,95.36,0.00,0.00,0.00,0.00,0.00,0.00,219.51,0.22,47.58,0.00,0.00,0.00
219.72,0.43,95.17,0.00,0.00,0.00,0.00,0.00,0.00,217.48,0.21,46.86,0.00,0.00,0.00
222.21,0.43,96.37,0.00,0.00,0.00,0.00,0.00,0.00,218.78,0.22,47.30,0.00,0.00,0.00
220.39,0.43,95.59,0.00,0.00,0.00,0.00,0.00,0.00,219.42,0.22,47.39,0.00,0.00,0.00
219.79,0.43,95.16,0.00,0.00,0.00,0.00,0.00,0.00,217.67,0.21,46.88,0.00,0.00,0.00
220.84,0.43,95.85,0.00,0.00,0.00,0.00,0.00,0.00,218.06,0.22,47.16,0.00,0.00,0.00
217.62,0.43,94.04,0.00,0.00,0.00,0.00,0.00,0.00,216.62,0.21,46.45,0.00,0.00,0.00
220.49,0.43,95.19,0.00,0.00,0.00,0.00,0.00,0.00,216.48,0.21,46.48,0.00,0.00,0.00
218.17,0.43,94.10,0.00,0.00,0.00,0.00,0.00,0.00,216.34,0.21,46.24,0.00,0.00,0.00
220.52,0.43,95.49,0.00,0.00,0.00,0.00,0.00,0.00,217.67,0.21,46.93,0.00,0.00,0.00
219.81,0.43,95.17,0.00,0.00,0.00,0.00,0.00,0.00,217.55,0.21,46.89,0.00,0.00,0.00
220.74,0.44,96.06,0.00,0.00,0.00,0.00,0.00,0.00,219.58,0.22,47.77,0.00,0.00,0.00
219.95,0.43,95.57,0.00,0.00,0.00,0.00,0.00,0.00,218.65,0.22,47.51,0.00,0.00,0.00
220.73,0.43,95.75,0.00,0.00,0.00,0.00,0.00,0.00,221.77,0.22,47.74,0.00,0.00,0.00
220.22,0.43,95.26,0.00,0.00,0.00,0.00,0.00,0.00,218.01,0.21,46.69,0.00,0.00,0.00
219.19,0.43,95.22,0.00,0.00,0.00,0.00,0.00,0.00,217.92,0.22,47.06,0.00,0.00,0.00
220.14,0.43,95.35,0.00,0.00,0.00,0.00,0.00,0.00,217.16,0.21,46.79,0.00,0.00,0.00
216.77,0.43,93.91,0.00,0.00,0.00,0.00,0.00,0.00,217.68,0.22,46.95,0.00,0.00,0.00
220.99,0.43,95.52,0.00,0.00,0.00,0.00,0.00,0.00,217.11,0.21,46.61,0.00,0.00,0.00
219.71,0.43,95.54,0.00,0.00,0.00,0.00,0.00,0.00,219.63,0.22,47.71,0.00,0.00,0.00
221.08,0.43,95.94,0.00,0.00,0.00,0.00,0.00,0.00,218.32,0.22,47.24,0.00,0.00,0.00
218.06,0.43,94.84,0.00,0.00,0.00,0.00,0.00,0.00,219.26,0.22,47.74,0.00,0.00,0.00
219.20,0.43,95.23,0.00,0.00,0.00,0.00,0.00,0.00,218.66,0.22,47.42,0.00,0.00,0.00
220.64,0.43,95.87,0.00,0.00,0.00,0.00,0.00,0.00,219.48,0.22,47.59,0.00,0.00,0.00
219.47,0.43,94.98,0.00,0.00,0.00,0.00,0.00,0.00,217.51,0.21,46.78,0.00,0.00,0.00
220.13,0.43,95.28,0.00,0.00,0.00,0.00,0.00,0.00,217.73,0.21,46.83,0.00,0.00,0.00
220.75,0.43,95.86,0.00,0.00,0.00,0.00,0.00,0.00,218.98,0.22,47.44,0.00,0.00,0.00
218.95,0.43,94.95,0.00,0.00,0.00,0.00,0.00,0.00,218.47,0.22,47.19,0.00,0.00,0.00
219.76,0.43,95.08,0.00,0.00,0.00,0.00,0.00,0.00,217.12,0.21,46.69,0.00,0.00,0.00
220.36,0.43,95.65,0.00,0.00,0.00,0.00,0.00,0.00,218.96,0.22,47.50,0.00,0.00,0.00
218.42,0.43,94.87,0.00,0.00,0.00,0.00,0.00,0.00,219.07,0.22,47.48,0.00,0.00,0.00
218.07,0.43,93.73,0.00,0.00,0.00,0.00,0.00,0.00,214.61,0.21,45.67,0.00,0.00,0.00
221.79,0.43,96.45,0.00,0.00,0.00,0.00,0.00,0.00,219.01,0.22,47.42,0.00,0.00,0.00
218.96,0.43,94.82,0.00,0.00,0.00,0.00,0.00,0.00,217.46,0.21,46.97,0.00,0.00,0.00
219.98,0.43,95.38,0.00,0.00,0.00,0.00,0.00,0.00,217.07,0.22,46.88,0.00,0.00,0.00
220.99,0.43,95.90,0.00,0.00,0.00,0.00,0.00,0.00,218.66,0.22,47.31,0.00,0.00,0.00
219.20,0.44,95.43,0.00,0.00,0.00,0.00,0.00,0.00,220.51,0.22,48.02,0.00,0.00,0.00
221.61,0.43,95.88,0.00,0.00,0.00,0.00,0.00,0.00,217.08,0.21,46.69,0.00,0.00,0.00
218.00,0.43,94.37,0.00,0.00,0.00,0.00,0.00,0.00,217.55,0.21,46.89,0.00,0.00,0.00
220.81,0.43,95.62,0.00,0.00,0.00,0.00,0.00,0.00,217.29,0.21,46.83,0.00,0.00,0.00
218.98,0.43,95.08,0.00,0.00,0.00,0.00,0.00,0.00,219.21,0.22,47.57,0.00,0.00,0.00
219.40,0.43,94.85,0.00,0.00,0.00,0.00,0.00,0.00,217.52,0.21,46.71,0.00,0.00,0.00
219.42,0.43,94.95,0.00,0.00,0.00,0.00,0.00,0.00,217.43,0.21,46.79,0.00,0.00,0.00
219.21,0.43,94.29,0.00,0.00,0.00,0.00,0.00,0.00,214.84,0.21,45.77,0.00,0.00,0.00
219.82,0.43,95.42,0.00,0.00,0.00,0.00,0.00,0.00,219.36,0.22,47.49,0.00,0.00,0.00
219.45,0.43,95.11,0.00,0.00,0.00,0.00,0.00,0.00,218.06,0.22,47.07,0.00,0.00,0.00
220.03,0.43,95.45,0.00,0.00,0.00,0.00,0.00,0.00,218.24,0.22,47.17,0.00,0.00,0.00
219.50,0.43,95.35,0.00,0.00,0.00,0.00,0.00,0.00,219.92,0.22,47.67,0.00,0.00,0.00
221.05,0.43,95.89,0.00,0.00,0.00,0.00,0.00,0.00,218.31,0.22,47.26,0.00,0.00,0.00
221.85,0.43,95.98,0.00,0.00,0.00,0.00,0.00,0.00,216.53,0.21,46.53,0.00,0.00,0.00
228.36,0.43,98.88,0.00,0.00,0.00,0.00,0.00,0.00,217.18,0.21,46.76,0.00,0.00,0.00
217.73,0.43,94.45,0.00,0.00,0.00,0.00,0.00,0.00,218.68,0.22,47.30,0.00,0.00,0.00
220.64,0.43,95.24,0.00,0.00,0.00,0.00,0.00,0.00,216.35,0.21,46.34,0.00,0.00,0.00
220.01,0.43,95.38,0.00,0.00,0.00,0.00,0.00,0.00,218.23,0.22,47.11,0.00,0.00,0.00
219.35,0.43,94.92,0.00,0.00,0.00,0.00,0.00,0.00,217.25,0.21,46.79,0.00,0.00,0.00
220.70,0.43,95.50,0.00,0.00,0.00,0.00,0.00,0.00,217.50,0.21,46.76,0.00,0.00,0.00
218.02,0.43,94.60,0.00,0.00,0.00,0.00,0.00,0.00,219.18,0.22,47.42,0.00,0.00,0.00
218.49,0.43,94.65,0.00,0.00,0.00,0.00,0.00,0.00,218.27,0.22,47.06,0.00,0.00,0.00
221.13,0.43,95.51,0.00,0.00,0.00,0.00,0.00,0.00,215.60,0.21,46.21,0.00,0.00,0.00
219.07,0.43,95.15,0.00,0.00,0.00,0.00,0.00,0.00,219.24,0.22,47.66,0.00,0.00,0.00
219.48,0.43,95.03,0.00,0.00,0.00,0.00,0.00,0.00,217.74,0.21,46.87,0.00,0.00,0.00
222.27,0.43,96.18,0.00,0.00,0.00,0.00,0.00,0.00,217.60,0.21,46.83,0.00,0.00,0.00
219.48,0.43,95.41,0.00,0.00,0.00,0.00,0.00,0.00,219.40,0.22,47.65,0.00,0.00,0.00
220.13,0.43,95.23,0.00,0.00,0.00,0.00,0.00,0.00,217.43,0.21,46.76,0.00,0.00,0.00
220.32,0.43,95.65,0.00,0.00,0.00,0.00,0.00,0.00,218.67,0.22,47.43,0.00,0.00,0.00
218.74,0.43,94.96,0.00,0.00,0.00,0.00,0.00,0.00,219.19,0.22,47.44,0.00,0.00,0.00
220.75,0.43,95.46,0.00,0.00,0.00,0.00,0.00,0.00,217.86,0.21,46.84,0.00,0.00,0.00
220.90,0.43,95.79,0.00,0.00,0.00,0.00,0.00,0.00,218.83,0.22,47.27,0.00,0.00,0.00
217.77,0.43,93.93,0.00,0.00,0.00,0.00,0.00,0.00,215.98,0.21,46.27,0.00,0.00,0.00
217.51,0.43,94.09,0.00,0.00,0.00,0.00,0.00,0.00,217.10,0.21,46.66,0.00,0.00,0.00
219.70,0.43,95.39,0.00,0.00,0.00,0.00,0.00,0.00,220.60,0.22,47.66,0.00,0.00,0.00
217.22,0.43,94.29,0.00,0.00,0.00,0.00,0.00,0.00,218.42,0.22,47.35,0.00,0.00,0.00
219.78,0.43,95.29,0.00,0.00,0.00,0.00,0.00,0.00,218.58,0.22,47.22,0.00,0.00,0.00
217.91,0.43,94.72,0.00,0.00,0.00,0.00,0.00,0.00,219.08,0.22,47.55,0.00,0.00,0.00
220.17,0.43,95.23,0.00,0.00,0.00,0.00,0.00,0.00,217.23,0.21,46.69,0.00,0.00,0.00
220.18,0.43,95.40,0.00,0.00,0.00,0.00,0.00,0.00,217.82,0.22,46.99,0.00,0.00,0.00
219.29,0.43,95.09,0.00,0.00,0.00,0.00,0.00,0.00,218.39,0.22,47.20,0.00,0.00,0.00
219.57,0.43,95.11,0.00,0.00,0.00,0.00,0.00,0.00,217.91,0.22,46.99,0.00,0.00,0.00
219.42,0.43,95.05,0.00,0.00,0.00,0.00,0.00,0.00,217.84,0.22,46.95,0.00,0.00,0.00
217.57,0.43,94.44,0.00,0.00,0.00,0.00,0.00,0.00,218.57,0.22,47.33,0.00,0.00,0.00
221.24,0.43,95.56,0.00,0.00,0.00,0.00,0.00,0.00,216.65,0.21,46.48,0.00,0.00,0.00
220.14,0.43,95.46,0.00,0.00,0.00,0.00,0.00,0.00,218.79,0.22,47.31,0.00,0.00,0.00
219.23,0.43,95.18,0.00,0.00,0.00,0.00,0.00,0.00,218.33,0.22,47.29,0.00,0.00,0.00
220.15,0.43,95.25,0.00,0.00,0.00,0.00,0.00,0.00,217.39,0.21,46.77,0.00,0.00,0.00
220.58,0.43,95.44,0.00,0.00,0.00,0.00,0.00,0.00,217.28,0.21,46.73,0.00,0.00,0.00
218.05,0.43,94.38,0.00,0.00,0.00,0.00,0.00,0.00,218.01,0.21,46.94,0.00,0.00,0.00
220.54,0.43,95.50,0.00,0.00,0.00,0.00,0.00,0.00,216.69,0.21,46.66,0.00,0.00,0.00
220.33,0.43,95.30,0.00,0.00,0.00,0.00,0.00,0.00,217.45,0.21,46.74,0.00,0.00,0.00
219.09,0.43,95.22,0.00,0.00,0.00,0.00,0.00,0.00,218.83,0.22,47.49,0.00,0.00,0.00
219.69,0.43,94.98,0.00,0.00,0.00,0.00,0.00,0.00,217.57,0.21,46.71,0.00,0.00,0.00
219.59,0.43,95.08,0.00,0.00,0.00,0.00,0.00,0.00,221.23,0.21,47.60,0.00,0.00,0.00
217.71,0.43,94.33,0.00,0.00,0.00,0.00,0.00,0.00,217.36,0.22,46.85,0.00,0.00,0.00
218.85,0.43,94.79,0.00,0.00,0.00,0.00,0.00,0.00,217.23,0.21,46.77,0.00,0.00,0.00
214.32,0.43,93.16,0.00,0.00,0.00,0.00,0.00,0.00,218.75,0.22,47.50,0.00,0.00,0.00
218.56,0.43,94.67,0.00,0.00,0.00,0.00,0.00,0.00,218.05,0.22,47.03,0.00,0.00,0.00
219.91,0.43,95.17,0.00,0.00,0.00,0.00,0.00,0.00,217.40,0.21,46.75,0.00,0.00,0.00
219.89,0.43,95.47,0.00,0.00,0.00,0.00,0.00,0.00,218.29,0.22,47.29,0.00,0.00,0.00
218.91,0.43,94.52,0.00,0.00,0.00,0.00,0.00,0.00,217.14,0.21,46.51,0.00,0.00,0.00
220.35,0.43,94.72,0.00,0.00,0.00,0.00,0.00,0.00,215.24,0.21,45.77,0.00,0.00,0.00
219.50,0.43,95.34,0.00,0.00,0.00,0.00,0.00,0.00,218.73,0.22,47.40,0.00,0.00,0.00
218.59,0.43,94.51,0.00,0.00,0.00,0.00,0.00,0.00,216.99,0.21,46.61,0.00,0.00,0.00
219.93,0.43,94.64,0.00,0.00,0.00,0.00,0.00,0.00,214.66,0.21,45.78,0.00,0.00,0.00
219.53,0.43,95.20,0.00,0.00,0.00,0.00,0.00,0.00,218.68,0.22,47.23,0.00,0.00,0.00
218.80,0.43,94.64,0.00,0.00,0.00,0.00,0.00,0.00,217.33,0.21,46.72,0.00,0.00,0.00
219.93,0.43,95.32,0.00,0.00,0.00,0.00,0.00,0.00,218.12,0.22,47.12,0.00,0.00,0.00
218.78,0.43,94.73,0.00,0.00,0.00,0.00,0.00,0.00,217.95,0.21,46.91,0.00,0.00,0.00
219.84,0.43,94.40,0.00,0.00,0.00,0.00,0.00,0.00,213.82,0.21,45.38,0.00,0.00,0.00
220.25,0.43,95.34,0.00,0.00,0.00,0.00,0.00,0.00,218.00,0.21,46.91,0.00,0.00,0.00
218.73,0.43,94.75,0.00,0.00,0.00,0.00,0.00,0.00,217.96,0.22,47.00,0.00,0.00,0.00
221.30,0.43,95.29,0.00,0.00,0.00,0.00,0.00,0.00,214.78,0.21,45.76,0.00,0.00,0.00
220.02,0.43,94.66,0.00,0.00,0.00,0.00,0.00,0.00,214.90,0.21,45.76,0.00,0.00,0.00
218.85,0.43,94.76,0.00,0.00,0.00,0.00,0.00,0.00,217.49,0.21,46.81,0.00,0.00,0.00
219.80,0.43,94.70,0.00,0.00,0.00,0.00,0.00,0.00,219.29,0.21,46.55,0.00,0.00,0.00
219.35,0.43,94.97,0.00,0.00,0.00,0.00,0.00,0.00,217.65,0.21,46.88,0.00,0.00,0.00
218.65,0.43,94.58,0.00,0.00,0.00,0.00,0.00,0.00,217.52,0.21,46.78,0.00,0.00,0.00
219.78,0.43,95.17,0.00,0.00,0.00,0.00,0.00,0.00,217.85,0.21,46.93,0.00,0.00,0.00
219.76,0.43,95.37,0.00,0.00,0.00,0.00,0.00,0.00,219.49,0.22,47.49,0.00,0.00,0.00
218.41,0.43,94.34,0.00,0.00,0.00,0.00,0.00,0.00,217.47,0.21,46.62,0.00,0.00,0.00
220.21,0.43,95.58,0.00,0.00,0.00,0.00,0.00,0.00,219.35,0.22,47.49,0.00,0.00,0.00
219.30,0.43,94.86,0.00,0.00,0.00,0.00,0.00,0.00,217.48,0.21,46.75,0.00,0.00,0.00
220.96,0.43,95.28,0.00,0.00,0.00,0.00,0.00,0.00,215.92,0.21,46.18,0.00,0.00,0.00
220.52,0.43,95.70,0.00,0.00,0.00,0.00,0.00,0.00,218.85,0.22,47.37,0.00,0.00,0.00
218.02,0.43,94.32,0.00,0.00,0.00,0.00,0.00,0.00,218.21,0.21,46.91,0.00,0.00,0.00
218.60,0.43,94.73,0.00,0.00,0.00,0.00,0.00,0.00,217.02,0.22,46.82,0.00,0.00,0.00
218.16,0.43,94.54,0.00,0.00,0.00,0.00,0.00,0.00,218.78,0.22,47.20,0.00,0.00,0.00
220.79,0.43,95.43,0.00,0.00,0.00,0.00,0.00,0.00,216.44,0.21,46.45,0.00,0.00,0.00
220.07,0.44,95.79,0.00,0.00,0.00,0.00,0.00,0.00,220.42,0.22,47.97,0.00,0.00,0.00
219.94,0.43,95.03,0.00,0.00,0.00,0.00,0.00,0.00,217.00,0.21,46.56,0.00,0.00,0.00
219.74,0.43,95.21,0.00,0.00,0.00,0.00,0.00,0.00,218.03,0.22,47.05,0.00,0.00,0.00
218.82,0.43,94.68,0.00,0.00,0.00,0.00,0.00,0.00,218.05,0.21,46.90,0.00,0.00,0.00
221.06,0.43,95.37,0.00,0.00,0.00,0.00,0.00,0.00,216.58,0.21,46.29,0.00,0.00,0.00
218.81,0.43,94.48,0.00,0.00,0.00,0.00,0.00,0.00,217.29,0.21,46.57,0.00,0.00,0.00
218.68,0.43,94.66,0.00,0.00,0.00,0.00,0.00,0.00,217.56,0.21,46.85,0.00,0.00,0.00
222.71,0.43,96.31,0.00,0.00,0.00,0.00,0.00,0.00,217.30,0.21,46.68,0.00,0.00,0.00
218.84,0.43,94.32,0.00,0.00,0.00,0.00,0.00,0.00,216.50,0.21,46.25,0.00,0.00,0.00
219.54,0.43,95.21,0.00,0.00,0.00,0.00,0.00,0.00,218.52,0.22,47.23,0.00,0.00,0.00
219.81,0.43,95.08,0.00,0.00,0.00,0.00,0.00,0.00,217.69,0.21,46.78,0.00,0.00,0.00
220.42,0.43,95.36,0.00,0.00,0.00,0.00,0.00,0.00,216.93,0.21,46.69,0.00,0.00,0.00
219.76,0.43,95.10,0.00,0.00,0.00,0.00,0.00,0.00,217.10,0.21,46.70,0.00,0.00,0.00
219.48,0.43,94.70,0.00,0.00,0.00,0.00,0.00,0.00,217.27,0.21,46.45,0.00,0.00,0.00
221.14,0.43,96.09,0.00,0.00,0.00,0.00,0.00,0.00,218.29,0.22,47.41,0.00,0.00,0.00
219.12,0.43,95.07,0.00,0.00,0.00,0.00,0.00,0.00,217.75,0.22,47.04,0.00,0.00,0.00
220.75,0.43,95.68,0.00,0.00,0.00,0.00,0.00,0.00,218.98,0.22,47.18,0.00,0.00,0.00
220.74,0.43,95.65,0.00,0.00,0.00,0.00,0.00,0.00,217.31,0.22,46.83,0.00,0.00,0.00
219.29,0.43,95.38,0.00,0.00,0.00,0.00,0.00,0.00,219.42,0.22,47.69,0.00,0.00,0.00
220.55,0.43,95.42,0.00,0.00,0.00,0.00,0.00,0.00,217.13,0.21,46.68,0.00,0.00,0.00
219.31,0.43,95.08,0.00,0.00,0.00,0.00,0.00,0.00,217.34,0.22,46.95,0.00,0.00,0.00
219.12,0.43,95.04,0.00,0.00,0.00,0.00,0.00,0.00,218.51,0.22,47.24,0.00,0.00,0.00
220.31,0.43,95.28,0.00,0.00,0.00,0.00,0.00,0.00,217.61,0.21,46.78,0.00,0.00,0.00
217.53,0.43,94.43,0.00,0.00,0.00,0.00,0.00,0.00,219.90,0.22,47.61,0.00,0.00,0.00
219.36,0.43,94.75,0.00,0.00,0.00,0.00,0.00,0.00,216.44,0.21,46.39,0.00,0.00,0.00
220.93,0.43,95.54,0.00,0.00,0.00,0.00,0.00,0.00,217.30,0.21,46.70,0.00,0.00,0.00
219.97,0.43,95.62,0.00,0.00,0.00,0.00,0.00,0.00,220.85,0.22,47.76,0.00,0.00,0.00
220.49,0.43,95.64,0.00,0.00,0.00,0.00,0.00,0.00,218.63,0.22,47.27,0.00,0.00,0.00
220.64,0.43,95.28,0.00,0.00,0.00,0.00,0.00,0.00,216.34,0.21,46.34,0.00,0.00,0.00
220.81,0.43,95.82,0.00,0.00,0.00,0.00,0.00,0.00,218.49,0.22,47.34,0.00,0.00,0.00
219.70,0.43,94.84,0.00,0.00,0.00,0.00,0.00,0.00,216.48,0.21,46.29,0.00,0.00,0.00
220.98,0.43,95.61,0.00,0.00,0.00,0.00,0.00,0.00,217.75,0.21,46.86,0.00,0.00,0.00
217.99,0.43,94.58,0.00,0.00,0.00,0.00,0.00,0.00,218.40,0.22,47.13,0.00,0.00,0.00
220.50,0.43,95.43,0.00,0.00,0.00,0.00,0.00,0.00,217.68,0.21,46.82,0.00,0.00,0.00
220.17,0.44,95.88,0.00,0.00,0.00,0.00,0.00,0.00,219.94,0.22,47.96,0.00,0.00,0.00
217.61,0.43,94.21,0.00,0.00,0.00,0.00,0.00,0.00,217.34,0.21,46.76,0.00,0.00,0.00
221.77,0.43,95.97,0.00,0.00,0.00,0.00,0.00,0.00,217.00,0.21,46.73,0.00,0.00,0.00
219.30,0.43,95.31,0.00,0.00,0.00,0.00,0.00,0.00,220.04,0.22,47.78,0.00,0.00,0.00
218.50,0.43,94.59,0.00,0.00,0.00,0.00,0.00,0.00,218.36,0.21,46.99,0.00,0.00,0.00
220.37,0.43,95.32,0.00,0.00,0.00,0.00,0.00,0.00,217.61,0.21,46.80,0.00,0.00,0.00
219.20,0.43,94.24,0.00,0.00,0.00,0.00,0.00,0.00,214.93,0.21,45.70,0.00,0.00,0.00
217.79,0.43,94.04,0.00,0.00,0.00,0.00,0.00,0.00,216.06,0.21,46.26,0.00,0.00,0.00
220.58,0.43,95.57,0.00,0.00,0.00,0.00,0.00,0.00,218.11,0.22,47.07,0.00,0.00,0.00
219.13,0.43,95.20,0.00,0.00,0.00,0.00,0.00,0.00,219.75,0.22,47.67,0.00,0.00,0.00
219.41,0.43,94.71,0.00,0.00,0.00,0.00,0.00,0.00,216.28,0.21,46.29,0.00,0.00,0.00
220.99,0.43,95.83,0.00,0.00,0.00,0.00,0.00,0.00,217.68,0.22,47.07,0.00,0.00,0.00
218.70,0.43,94.92,0.00,0.00,0.00,0.00,0.00,0.00,219.63,0.22,47.54,0.00,0.00,0.00
220.63,0.43,95.71,0.00,0.00,0.00,0.00,0.00,0.00,218.47,0.22,47.26,0.00,0.00,0.00
219.67,0.43,95.33,0.00,0.00,0.00,0.00,0.00,0.00,218.17,0.22,47.19,0.00,0.00,0.00
221.22,0.43,95.91,0.00,0.00,0.00,0.00,0.00,0.00,218.43,0.22,47.17,0.00,0.00,0.00
218.67,0.44,95.18,0.00,0.00,0.00,0.00,0.00,0.00,220.27,0.22,47.93,0.00,0.00,0.00
219.21,0.43,94.23,0.00,0.00,0.00,0.00,0.00,0.00,214.50,0.21,45.58,0.00,0.00,0.00
220.89,0.43,95.43,0.00,0.00,0.00,0.00,0.00,0.00,216.90,0.21,46.58,0.00,0.00,0.00
219.31,0.43,94.73,0.00,0.00,0.00,0.00,0.00,0.00,216.66,0.21,46.59,0.00,0.00,0.00
220.07,0.43,95.09,0.00,0.00,0.00,0.00,0.00,0.00,216.94,0.21,46.52,0.00,0.00,0.00
219.40,0.43,95.12,0.00,0.00,0.00,0.00,0.00,0.00,217.94,0.22,47.11,0.00,0.00,0.00
217.81,0.43,94.44,0.00,0.00,0.00,0.00,0.00,0.00,218.08,0.22,47.08,0.00,0.00,0.00
219.53,0.43,94.85,0.00,0.00,0.00,0.00,0.00,0.00,216.97,0.21,46.54,0.00,0.00,0.00
220.18,0.43,95.66,0.00,0.00,0.00,0.00,0.00,0.00,219.55,0.22,47.64,0.00,0.00,0.00
218.88,0.43,94.85,0.00,0.00,0.00,0.00,0.00,0.00,218.27,0.22,47.09,0.00,0.00,0.00
219.83,0.43,95.17,0.00,0.00,0.00,0.00,0.00,0.00,217.42,0.21,46.83,0.00,0.00,0.00
221.02,0.43,95.71,0.00,0.00,0.00,0.00,0.00,0.00,218.33,0.21,47.04,0.00,0.00,0.00
219.91,0.43,95.44,0.00,0.00,0.00,0.00,0.00,0.00,219.34,0.22,47.49,0.00,0.00,0.00
218.55,0.43,93.87,0.00,0.00,0.00,0.00,0.00,0.00,214.82,0.21,45.61,0.00,0.00,0.00
219.41,0.43,94.99,0.00,0.00,0.00,0.00,0.00,0.00,216.95,0.21,46.72,0.00,0.00,0.00
217.97,0.43,94.68,0.00,0.00,0.00,0.00,0.00,0.00,220.85,0.22,47.64,0.00,0.00,0.00
220.67,0.43,95.59,0.00,0.00,0.00,0.00,0.00,0.00,218.70,0.22,47.28,0.00,0.00,0.00
218.84,0.43,94.69,0.00,0.00,0.00,0.00,0.00,0.00,217.82,0.21,47.08,0.00,0.00,0.00
220.68,0.43,94.67,0.00,0.00,0.00,0.00,0.00,0.00,213.40,0.21,45.18,0.00,0.00,0.00
219.62,0.43,95.45,0.00,0.00,0.00,0.00,0.00,0.00,219.46,0.22,47.61,0.00,0.00,0.00
219.09,0.44,95.31,0.00,0.00,0.00,0.00,0.00,0.00,220.20,0.22,47.87,0.00,0.00,0.00
220.98,0.43,94.46,0.00,0.00,0.00,0.00,0.00,0.00,212.17,0.21,44.56,0.00,0.00,0.00
220.25,0.43,95.50,0.00,0.00,0.00,0.00,0.00,0.00,218.20,0.22,47.17,0.00,0.00,0.00
219.03,0.43,94.95,0.00,0.00,0.00,0.00,0.00,0.00,217.88,0.22,47.04,0.00,0.00,0.00
218.22,0.43,93.71,0.00,0.00,0.00,0.00,0.00,0.00,214.88,0.21,45.66,0.00,0.00,0.00
220.69,0.43,95.12,0.00,0.00,0.00,0.00,0.00,0.00,216.07,0.21,46.17,0.00,0.00,0.00
219.83,0.43,95.40,0.00,0.00,0.00,0.00,0.00,0.00,219.06,0.22,47.58,0.00,0.00,0.00
220.76,0.43,95.09,0.00,0.00,0.00,0.00,0.00,0.00,215.87,0.21,46.20,0.00,0.00,0.00
215.95,0.43,93.54,0.00,0.00,0.00,0.00,0.00,0.00,217.87,0.22,47.06,0.00,0.00,0.00
219.57,0.43,95.29,0.00,0.00,0.00,0.00,0.00,0.00,219.05,0.22,47.56,0.00,0.00,0.00
219.16,0.43,93.99,0.00,0.00,0.00,0.00,0.00,0.00,214.12,0.21,45.27,0.00,0.00,0.00
219.12,0.43,95.28,0.00,0.00,0.00,0.00,0.00,0.00,226.24,0.22,48.92,0.00,0.00,0.00
218.68,0.43,94.91,0.00,0.00,0.00,0.00,0.00,0.00,218.99,0.22,47.46,0.00,0.00,0.00
220.61,0.44,95.98,0.00,0.00,0.00,0.00,0.00,0.00,220.76,0.22,48.15,0.00,0.00,0.00
221.80,0.43,96.40,0.00,0.00,0.00,0.00,0.00,0.00,218.69,0.22,47.45,0.00,0.00,0.00
218.74,0.43,94.89,0.00,0.00,0.00,0.00,0.00,0.00,218.23,0.22,47.19,0.00,0.00,0.00
220.11,0.43,95.05,0.00,0.00,0.00,0.00,0.00,0.00,216.55,0.21,46.41,0.00,0.00,0.00
221.07,0.43,96.00,0.00,0.00,0.00,0.00,0.00,0.00,218.45,0.22,47.30,0.00,0.00,0.00
220.66,0.44,96.04,0.00,0.00,0.00,0.00,0.00,0.00,220.46,0.22,48.02,0.00,0.00,0.00
217.89,0.43,94.25,0.00,0.00,0.00,0.00,0.00,0.00,217.30,0.21,46.72,0.00,0.00,0.00
220.73,0.43,95.52,0.00,0.00,0.00,0.00,0.00,0.00,218.05,0.21,46.93,0.00,0.00,0.00
216.40,0.43,93.70,0.00,0.00,0.00,0.00,0.00,0.00,217.89,0.21,46.94,0.00,0.00,0.00
220.17,0.43,95.76,0.00,0.00,0.00,0.00,0.00,0.00,221.62,0.22,48.03,0.00,0.00,0.00
221.32,0.43,96.07,0.00,0.00,0.00,0.00,0.00,0.00,218.54,0.22,47.37,0.00,0.00,0.00
219.45,0.43,95.29,0.00,0.00,0.00,0.00,0.00,0.00,219.03,0.22,47.48,0.00,0.00,0.00
219.33,0.43,94.82,0.00,0.00,0.00,0.00,0.00,0.00,216.90,0.21,46.62,0.00,0.00,0.00
219.59,0.43,95.03,0.00,0.00,0.00,0.00,0.00,0.00,217.45,0.21,46.86,0.00,0.00,0.00
221.19,0.43,96.08,0.00,0.00,0.00,0.00,0.00,0.00,218.45,0.22,47.46,0.00,0.00,0.00
218.50,0.43,94.58,0.00,0.00,0.00,0.00,0.00,0.00,217.15,0.21,46.76,0.00,0.00,0.00
219.35,0.43,94.72,0.00,0.00,0.00,0.00,0.00,0.00,216.81,0.21,46.49,0.00,0.00,0.00
219.12,0.43,94.90,0.00,0.00,0.00,0.00,0.00,0.00,218.33,0.21,47.09,0.00,0.00,0.00
220.82,0.44,96.07,0.00,0.00,0.00,0.00,0.00,0.00,219.83,0.22,47.85,0.00,0.00,0.00
220.20,0.43,95.69,0.00,0.00,0.00,0.00,0.00,0.00,220.24,0.22,47.87,0.00,0.00,0.00
220.12,0.44,95.91,0.00,0.00,0.00,0.00,0.00,0.00,220.17,0.22,47.94,0.00,0.00,0.00
218.92,0.43,94.89,0.00,0.00,0.00,0.00,0.00,0.00,218.01,0.22,47.06,0.00,0.00,0.00
219.80,0.43,95.41,0.00,0.00,0.00,0.00,0.00,0.00,219.62,0.22,47.58,0.00,0.00,0.00
220.80,0.43,95.91,0.00,0.00,0.00,0.00,0.00,0.00,219.71,0.22,47.71,0.00,0.00,0.00
218.51,0.43,94.47,0.00,0.00,0.00,0.00,0.00,0.00,216.61,0.21,46.53,0.00,0.00,0.00
218.94,0.43,94.36,0.00,0.00,0.00,0.00,0.00,0.00,215.64,0.21,46.06,0.00,0.00,0.00
222.29,0.43,96.08,0.00,0.00,0.00,0.00,0.00,0.00,218.03,0.21,46.80,0.00,0.00,0.00
221.96,0.43,96.35,0.00,0.00,0.00,0.00,0.00,0.00,219.21,0.22,47.49,0.00,0.00,0.00
220.10,0.44,95.89,0.00,0.00,0.00,0.00,0.00,0.00,221.00,0.22,48.26,0.00,0.00,0.00
219.99,0.43,95.35,0.00,0.00,0.00,0.00,0.00,0.00,218.02,0.22,47.08,0.00,0.00,0.00
218.65,0.43,94.67,0.00,0.00,0.00,0.00,0.00,0.00,217.52,0.21,46.88,0.00,0.00,0.00
219.64,0.43,94.74,0.00,0.00,0.00,0.00,0.00,0.00,216.67,0.21,46.34,0.00,0.00,0.00
224.36,0.43,97.21,0.00,0.00,0.00,0.00,0.00,0.00,218.26,0.22,47.14,0.00,0.00,0.00
221.18,0.43,95.95,0.00,0.00,0.00,0.00,0.00,0.00,219.39,0.22,47.44,0.00,0.00,0.00
221.01,0.43,95.64,0.00,0.00,0.00,0.00,0.00,0.00,217.52,0.21,46.87,0.00,0.00,0.00
219.96,0.43,95.19,0.00,0.00,0.00,0.00,0.00,0.00,217.11,0.21,46.72,0.00,0.00,0.00
220.02,0.43,95.07,0.00,0.00,0.00,0.00,0.00,0.00,217.46,0.21,46.69,0.00,0.00,0.00
221.44,0.43,95.88,0.00,0.00,0.00,0.00,0.00,0.00,218.16,0.21,47.00,0.00,0.00,0.00
220.93,0.43,95.54,0.00,0.00,0.00,0.00,0.00,0.00,217.65,0.21,46.78,0.00,0.00,0.00
220.32,0.44,95.86,0.00,0.00,0.00,0.00,0.00,0.00,219.35,0.22,47.75,0.00,0.00,0.00
219.06,0.43,95.08,0.00,0.00,0.00,0.00,0.00,0.00,218.85,0.22,47.40,0.00,0.00,0.00
220.34,0.43,95.43,0.00,0.00,0.00,0.00,0.00,0.00,217.98,0.21,47.01,0.00,0.00,0.00
220.51,0.43,95.20,0.00,0.00,0.00,0.00,0.00,0.00,216.69,0.21,46.46,0.00,0.00,0.00
220.59,0.43,95.55,0.00,0.00,0.00,0.00,0.00,0.00,217.72,0.22,46.96,0.00,0.00,0.00
221.67,0.43,96.13,0.00,0.00,0.00,0.00,0.00,0.00,218.62,0.22,47.27,0.00,0.00,0.00
220.41,0.44,95.92,0.00,0.00,0.00,0.00,0.00,0.00,220.12,0.22,47.95,0.00,0.00,0.00
218.52,0.43,94.44,0.00,0.00,0.00,0.00,0.00,0.00,216.46,0.21,46.48,0.00,0.00,0.00
219.95,0.43,95.51,0.00,0.00,0.00,0.00,0.00,0.00,219.20,0.22,47.61,0.00,0.00,0.00
220.32,0.43,95.26,0.00,0.00,0.00,0.00,0.00,0.00,216.96,0.21,46.66,0.00,0.00,0.00
219.33,0.43,94.97,0.00,0.00,0.00,0.00,0.00,0.00,217.42,0.21,46.85,0.00,0.00,0.00
219.74,0.43,95.19,0.00,0.00,0.00,0.00,0.00,0.00,217.95,0.22,47.03,0.00,0.00,0.00
221.33,0.43,96.02,0.00,0.00,0.00,0.00,0.00,0.00,218.31,0.22,47.26,0.00,0.00,0.00
221.94,0.43,96.48,0.00,0.00,0.00,0.00,0.00,0.00,217.77,0.22,47.16,0.00,0.00,0.00
217.70,0.43,94.07,0.00,0.00,0.00,0.00,0.00,0.00,217.78,0.21,46.71,0.00,0.00,0.00
219.71,0.43,94.85,0.00,0.00,0.00,0.00,0.00,0.00,216.83,0.21,46.50,0.00,0.00,0.00
220.53,0.43,95.75,0.00,0.00,0.00,0.00,0.00,0.00,219.14,0.22,47.62,0.00,0.00,0.00
219.93,0.43,95.51,0.00,0.00,0.00,0.00,0.00,0.00,219.26,0.22,47.58,0.00,0.00,0.00
218.37,0.43,94.71,0.00,0.00,0.00,0.00,0.00,0.00,218.85,0.22,47.33,0.00,0.00,0.00
218.08,0.43,94.43,0.00,0.00,0.00,0.00,0.00,0.00,217.85,0.21,47.06,0.00,0.00,0.00
218.66,0.44,95.92,0.00,0.00,0.00,0.00,0.00,0.00,223.23,0.22,49.41,0.00,0.00,0.00
219.49,0.43,95.04,0.00,0.00,0.00,0.00,0.00,0.00,218.43,0.21,47.09,0.00,0.00,0.00
219.13,0.43,95.11,0.00,0.00,0.00,0.00,0.00,0.00,219.21,0.22,47.48,0.00,0.00,0.00
219.72,0.43,95.43,0.00,0.00,0.00,0.00,0.00,0.00,218.61,0.22,47.42,0.00,0.00,0.00
218.17,0.43,94.33,0.00,0.00,0.00,0.00,0.00,0.00,218.15,0.21,46.89,0.00,0.00,0.00
219.72,0.43,94.77,0.00,0.00,0.00,0.00,0.00,0.00,216.09,0.21,46.20,0.00,0.00,0.00
217.80,0.43,94.26,0.00,0.00,0.00,0.00,0.00,0.00,217.61,0.21,46.87,0.00,0.00,0.00
221.00,0.43,96.06,0.00,0.00,0.00,0.00,0.00,0.00,219.20,0.22,47.67,0.00,0.00,0.00
219.10,0.43,94.79,0.00,0.00,0.00,0.00,0.00,0.00,217.59,0.21,46.82,0.00,0.00,0.00
217.96,0.43,94.31,0.00,0.00,0.00,0.00,0.00,0.00,217.52,0.21,46.82,0.00,0.00,0.00
219.43,0.43,94.65,0.00,0.00,0.00,0.00,0.00,0.00,215.85,0.21,46.16,0.00,0.00,0.00
220.26,0.43,95.40,0.00,0.00,0.00,0.00,0.00,0.00,218.30,0.21,47.08,0.00,0.00,0.00
220.73,0.43,95.73,0.00,0.00,0.00,0.00,0.00,0.00,219.18,0.22,47.43,0.00,0.00,0.00
220.45,0.43,95.57,0.00,0.00,0.00,0.00,0.00,0.00,218.01,0.22,47.11,0.00,0.00,0.00
218.23,0.43,94.49,0.00,0.00,0.00,0.00,0.00,0.00,217.73,0.21,46.91,0.00,0.00,0.00
222.55,0.43,96.65,0.00,0.00,0.00,0.00,0.00,0.00,219.49,0.22,47.60,0.00,0.00,0.00
220.77,0.43,95.82,0.00,0.00,0.00,0.00,0.00,0.00,219.17,0.22,47.48,0.00,0.00,0.00
219.12,0.43,94.55,0.00,0.00,0.00,0.00,0.00,0.00,217.05,0.21,46.46,0.00,0.00,0.00
219.51,0.43,95.36,0.00,0.00,0.00,0.00,0.00,0.00,220.11,0.22,47.85,0.00,0.00,0.00
219.85,0.43,95.24,0.00,0.00,0.00,0.00,0.00,0.00,218.28,0.22,47.07,0.00,0.00,0.00
219.00,0.43,95.02,0.00,0.00,0.00,0.00,0.00,0.00,219.19,0.22,47.45,0.00,0.00,0.00
218.75,0.43,94.66,0.00,0.00,0.00,0.00,0.00,0.00,217.75,0.21,46.89,0.00,0.00,0.00
219.23,0.43,93.85,0.00,0.00,0.00,0.00,0.00,0.00,212.68,0.21,44.88,0.00,0.00,0.00
221.79,0.43,95.88,0.00,0.00,0.00,0.00,0.00,0.00,216.70,0.21,46.57,0.00,0.00,0.00
220.69,0.43,95.83,0.00,0.00,0.00,0.00,0.00,0.00,218.79,0.22,47.48,0.00,0.00,0.00
218.90,0.43,94.93,0.00,0.00,0.00,0.00,0.00,0.00,219.71,0.22,47.47,0.00,0.00,0.00
219.34,0.43,94.88,0.00,0.00,0.00,0.00,0.00,0.00,217.12,0.21,46.72,0.00,0.00,0.00
219.17,0.43,94.76,0.00,0.00,0.00,0.00,0.00,0.00,217.06,0.21,46.66,0.00,0.00,0.00
220.06,0.43,95.10,0.00,0.00,0.00,0.00,0.00,0.00,216.54,0.21,46.49,0.00,0.00,0.00
221.37,0.43,96.01,0.00,0.00,0.00,0.00,0.00,0.00,218.42,0.22,47.24,0.00,0.00,0.00
220.92,0.43,95.92,0.00,0.00,0.00,0.00,0.00,0.00,219.38,0.22,47.56,0.00,0.00,0.00
220.10,0.44,96.08,0.00,0.00,0.00,0.00,0.00,0.00,221.65,0.22,48.58,0.00,0.00,0.00
219.08,0.43,94.53,0.00,0.00,0.00,0.00,0.00,0.00,216.64,0.21,46.38,0.00,0.00,0.00
218.19,0.43,94.26,0.00,0.00,0.00,0.00,0.00,0.00,217.15,0.21,46.57,0.00,0.00,0.00
219.40,0.43,94.89,0.00,0.00,0.00,0.00,0.00,0.00,217.06,0.21,46.71,0.00,0.00,0.00
220.71,0.43,95.79,0.00,0.00,0.00,0.00,0.00,0.00,219.14,0.22,47.45,0.00,0.00,0.00
219.49,0.43,95.21,0.00,0.00,0.00,0.00,0.00,0.00,219.99,0.22,47.51,0.00,0.00,0.00
215.98,0.43,93.63,0.00,0.00,0.00,0.00,0.00,0.00,224.27,0.22,48.24,0.00,0.00,0.00
219.30,0.43,95.06,0.00,0.00,0.00,0.00,0.00,0.00,218.48,0.22,47.20,0.00,0.00,0.00
219.54,0.43,94.95,0.00,0.00,0.00,0.00,0.00,0.00,218.05,0.21,46.89,0.00,0.00,0.00
221.15,0.43,95.69,0.00,0.00,0.00,0.00,0.00,0.00,218.44,0.21,47.01,0.00,0.00,0.00
221.75,0.43,96.32,0.00,0.00,0.00,0.00,0.00,0.00,219.22,0.22,47.58,0.00,0.00,0.00
218.87,0.43,94.63,0.00,0.00,0.00,0.00,0.00,0.00,217.38,0.21,46.72,0.00,0.00,0.00
218.36,0.43,94.37,0.00,0.00,0.00,0.00,0.00,0.00,217.55,0.21,46.71,0.00,0.00,0.00
219.88,0.43,95.56,0.00,0.00,0.00,0.00,0.00,0.00,219.66,0.22,47.68,0.00,0.00,0.00
220.26,0.43,95.67,0.00,0.00,0.00,0.00,0.00,0.00,219.32,0.22,47.62,0.00,0.00,0.00
219.62,0.43,95.44,0.00,0.00,0.00,0.00,0.00,0.00,218.99,0.22,47.53,0.00,0.00,0.00
222.12,0.43,96.20,0.00,0.00,0.00,0.00,0.00,0.00,221.87,0.21,47.57,0.00,0.00,0.00
218.29,0.43,94.58,0.00,0.00,0.00,0.00,0.00,0.00,218.79,0.22,47.24,0.00,0.00,0.00
218.45,0.43,94.37,0.00,0.00,0.00,0.00,0.00,0.00,217.04,0.21,46.59,0.00,0.00,0.00
219.53,0.43,95.26,0.00,0.00,0.00,0.00,0.00,0.00,219.08,0.22,47.43,0.00,0.00,0.00
219.87,0.43,95.28,0.00,0.00,0.00,0.00,0.00,0.00,218.56,0.22,47.19,0.00,0.00,0.00
220.57,0.43,95.85,0.00,0.00,0.00,0.00,0.00,0.00,219.10,0.22,47.58,0.00,0.00,0.00
218.16,0.43,94.45,0.00,0.00,0.00,0.00,0.00,0.00,218.52,0.21,47.16,0.00,0.00,0.00
217.71,0.43,94.08,0.00,0.00,0.00,0.00,0.00,0.00,217.23,0.21,46.63,0.00,0.00,0.00
220.11,0.43,95.40,0.00,0.00,0.00,0.00,0.00,0.00,218.47,0.22,47.16,0.00,0.00,0.00
219.77,0.43,95.07,0.00,0.00,0.00,0.00,0.00,0.00,217.46,0.21,46.80,0.00,0.00,0.00
220.64,0.43,95.54,0.00,0.00,0.00,0.00,0.00,0.00,218.84,0.21,47.09,0.00,0.00,0.00
223.57,0.43,96.72,0.00,0.00,0.00,0.00,0.00,0.00,217.80,0.21,46.61,0.00,0.00,0.00
220.11,0.43,95.01,0.00,0.00,0.00,0.00,0.00,0.00,216.23,0.21,46.33,0.00,0.00,0.00
220.55,0.43,95.38,0.00,0.00,0.00,0.00,0.00,0.00,217.40,0.21,46.74,0.00,0.00,0.00
220.97,0.43,95.81,0.00,0.00,0.00,0.00,0.00,0.00,218.54,0.22,47.24,0.00,0.00,0.00
221.28,0.43,96.18,0.00,0.00,0.00,0.00,0.00,0.00,219.38,0.22,47.69,0.00,0.00,0.00
220.40,0.43,95.66,0.00,0.00,0.00,0.00,0.00,0.00,219.06,0.22,47.45,0.00,0.00,0.00
219.93,0.43,94.80,0.00,0.00,0.00,0.00,0.00,0.00,216.52,0.21,46.25,0.00,0.00,0.00
221.34,0.43,95.90,0.00,0.00,0.00,0.00,0.00,0.00,218.91,0.22,47.27,0.00,0.00,0.00
220.72,0.43,95.72,0.00,0.00,0.00,0.00,0.00,0.00,218.75,0.22,47.30,0.00,0.00,0.00
221.68,0.43,96.16,0.00,0.00,0.00,0.00,0.00,0.00,220.49,0.22,47.46,0.00,0.00,0.00
221.15,0.43,96.15,0.00,0.00,0.00,0.00,0.00,0.00,219.90,0.22,47.82,0.00,0.00,0.00
217.85,0.43,94.47,0.00,0.00,0.00,0.00,0.00,0.00,218.64,0.22,47.28,0.00,0.00,0.00
218.81,0.43,94.83,0.00,0.00,0.00,0.00,0.00,0.00,218.41,0.22,47.17,0.00,0.00,0.00
219.60,0.43,95.01,0.00,0.00,0.00,0.00,0.00,0.00,217.99,0.21,46.91,0.00,0.00,0.00
219.80,0.43,95.28,0.00,0.00,0.00,0.00,0.00,0.00,219.08,0.22,47.36,0.00,0.00,0.00
222.31,0.43,96.27,0.00,0.00,0.00,0.00,0.00,0.00,218.47,0.21,47.11,0.00,0.00,0.00
219.51,0.43,95.23,0.00,0.00,0.00,0.00,0.00,0.00,219.34,0.22,47.49,0.00,0.00,0.00
218.18,0.43,94.19,0.00,0.00,0.00,0.00,0.00,0.00,216.82,0.21,46.45,0.00,0.00,0.00
216.35,0.43,93.52,0.00,0.00,0.00,0.00,0.00,0.00,217.79,0.21,46.80,0.00,0.00,0.00
219.91,0.43,95.22,0.00,0.00,0.00,0.00,0.00,0.00,218.40,0.21,47.07,0.00,0.00,0.00
220.07,0.43,95.43,0.00,0.00,0.00,0.00,0.00,0.00,222.70,0.22,47.98,0.00,0.00,0.00
219.49,0.43,95.25,0.00,0.00,0.00,0.00,0.00,0.00,219.34,0.22,47.51,0.00,0.00,0.00
220.60,0.43,95.54,0.00,0.00,0.00,0.00,0.00,0.00,218.20,0.21,47.08,0.00,0.00,0.00
219.17,0.43,94.36,0.00,0.00,0.00,0.00,0.00,0.00,215.25,0.21,45.87,0.00,0.00,0.00
220.37,0.43,95.40,0.00,0.00,0.00,0.00,0.00,0.00,217.84,0.21,46.93,0.00,0.00,0.00
218.76,0.43,94.58,0.00,0.00,0.00,0.00,0.00,0.00,217.76,0.21,46.78,0.00,0.00,0.00
219.91,0.43,95.04,0.00,0.00,0.00,0.00,0.00,0.00,217.73,0.21,46.75,0.00,0.00,0.00
220.04,0.43,95.17,0.00,0.00,0.00,0.00,0.00,0.00,218.05,0.21,46.89,0.00,0.00,0.00
220.10,0.43,94.45,0.00,0.00,0.00,0.00,0.00,0.00,214.19,0.21,45.35,0.00,0.00,0.00
220.72,0.44,96.04,0.00,0.00,0.00,0.00,0.00,0.00,220.27,0.22,47.95,0.00,0.00,0.00
219.11,0.43,94.98,0.00,0.00,0.00,0.00,0.00,0.00,217.87,0.22,47.08,0.00,0.00,0.00
219.35,0.43,94.57,0.00,0.00,0.00,0.00,0.00,0.00,216.28,0.21,46.23,0.00,0.00,0.00
220.47,0.43,95.49,0.00,0.00,0.00,0.00,0.00,0.00,218.13,0.21,47.04,0.00,0.00,0.00
221.10,0.43,96.03,0.00,0.00,0.00,0.00,0.00,0.00,219.52,0.22,47.62,0.00,0.00,0.00
218.02,0.43,94.60,0.00,0.00,0.00,0.00,0.00,0.00,219.45,0.22,47.53,0.00,0.00,0.00
218.97,0.43,94.74,0.00,0.00,0.00,0.00,0.00,0.00,217.79,0.21,46.93,0.00,0.00,0.00
218.77,0.43,94.57,0.00,0.00,0.00,0.00,0.00,0.00,216.84,0.21,46.59,0.00,0.00,0.00
218.50,0.43,93.76,0.00,0.00,0.00,0.00,0.00,0.00,214.01,0.21,45.32,0.00,0.00,0.00
220.51,0.43,95.60,0.00,0.00,0.00,0.00,0.00,0.00,218.34,0.22,47.18,0.00,0.00,0.00
219.75,0.43,95.05,0.00,0.00,0.00,0.00,0.00,0.00,218.45,0.21,46.99,0.00,0.00,0.00
218.16,0.43,94.29,0.00,0.00,0.00,0.00,0.00,0.00,217.43,0.21,46.70,0.00,0.00,0.00
218.98,0.43,94.45,0.00,0.00,0.00,0.00,0.00,0.00,216.28,0.21,46.29,0.00,0.00,0.00
219.37,0.43,94.78,0.00,0.00,0.00,0.00,0.00,0.00,217.60,0.21,46.70,0.00,0.00,0.00
219.65,0.43,94.69,0.00,0.00,0.00,0.00,0.00,0.00,216.00,0.21,46.12,0.00,0.00,0.00
220.56,0.43,95.76,0.00,0.00,0.00,0.00,0.00,0.00,219.66,0.22,47.60,0.00,0.00,0.00
220.00,0.43,95.50,0.00,0.00,0.00,0.00,0.00,0.00,219.69,0.22,47.61,0.00,0.00,0.00
218.29,0.43,94.79,0.00,0.00,0.00,0.00,0.00,0.00,219.37,0.22,47.57,0.00,0.00,0.00
220.09,0.43,95.16,0.00,0.00,0.00,0.00,0.00,0.00,217.24,0.21,46.70,0.00,0.00,0.00
217.83,0.43,94.05,0.00,0.00,0.00,0.00,0.00,0.00,217.71,0.21,46.68,0.00,0.00,0.00
220.58,0.43,95.32,0.00,0.00,0.00,0.00,0.00,0.00,218.08,0.21,46.83,0.00,0.00,0.00
219.69,0.43,94.96,0.00,0.00,0.00,0.00,0.00,0.00,217.52,0.21,46.73,0.00,0.00,0.00
220.01,0.43,95.53,0.00,0.00,0.00,0.00,0.00,0.00,219.24,0.22,47.53,0.00,0.00,0.00
219.36,0.43,94.84,0.00,0.00,0.00,0.00,0.00,0.00,217.13,0.21,46.67,0.00,0.00,0.00
225.40,0.43,97.44,0.00,0.00,0.00,0.00,0.00,0.00,217.21,0.21,46.68,0.00,0.00,0.00
220.47,0.43,95.87,0.00,0.00,0.00,0.00,0.00,0.00,220.01,0.22,47.84,0.00,0.00,0.00
219.97,0.43,95.32,0.00,0.00,0.00,0.00,0.00,0.00,218.61,0.22,47.21,0.00,0.00,0.00
216.67,0.43,93.36,0.00,0.00,0.00,0.00,0.00,0.00,215.78,0.21,46.06,0.00,0.00,0.00
221.19,0.43,95.78,0.00,0.00,0.00,0.00,0.00,0.00,217.73,0.21,46.95,0.00,0.00,0.00
220.59,0.43,95.71,0.00,0.00,0.00,0.00,0.00,0.00,219.76,0.22,47.57,0.00,0.00,0.00
221.64,0.43,95.99,0.00,0.00,0.00,0.00,0.00,0.00,218.55,0.21,47.15,0.00,0.00,0.00
218.68,0.43,94.67,0.00,0.00,0.00,0.00,0.00,0.00,218.30,0.21,47.05,0.00,0.00,0.00
218.48,0.43,94.28,0.00,0.00,0.00,0.00,0.00,0.00,216.64,0.21,46.39,0.00,0.00,0.00
218.82,0.43,94.54,0.00,0.00,0.00,0.00,0.00,0.00,217.35,0.21,46.66,0.00,0.00,0.00
221.46,0.43,95.99,0.00,0.00,0.00,0.00,0.00,0.00,220.08,0.22,47.37,0.00,0.00,0.00
219.94,0.43,95.10,0.00,0.00,0.00,0.00,0.00,0.00,217.72,0.21,46.80,0.00,0.00,0.00
220.54,0.43,95.69,0.00,0.00,0.00,0.00,0.00,0.00,219.40,0.22,47.50,0.00,0.00,0.00
219.47,0.43,95.20,0.00,0.00,0.00,0.00,0.00,0.00,218.96,0.22,47.39,0.00,0.00,0.00
216.99,0.43,93.36,0.00,0.00,0.00,0.00,0.00,0.00,215.95,0.21,45.93,0.00,0.00,0.00
218.35,0.43,94.32,0.00,0.00,0.00,0.00,0.00,0.00,217.43,0.21,46.66,0.00,0.00,0.00
219.76,0.43,94.99,0.00,0.00,0.00,0.00,0.00,0.00,217.76,0.21,46.82,0.00,0.00,0.00
220.55,0.43,95.54,0.00,0.00,0.00,0.00,0.00,0.00,217.82,0.22,46.97,0.00,0.00,0.00
220.05,0.43,95.38,0.00,0.00,0.00,0.00,0.00,0.00,219.08,0.22,47.35,0.00,0.00,0.00
219.31,0.43,94.88,0.00,0.00,0.00,0.00,0.00,0.00,217.72,0.21,46.85,0.00,0.00,0.00
218.78,0.43,94.75,0.00,0.00,0.00,0.00,0.00,0.00,217.96,0.21,47.07,0.00,0.00,0.00
219.26,0.43,94.47,0.00,0.00,0.00,0.00,0.00,0.00,216.61,0.21,46.22,0.00,0.00,0.00
219.24,0.43,94.73,0.00,0.00,0.00,0.00,0.00,0.00,217.02,0.21,46.58,0.00,0.00,0.00
219.08,0.43,94.85,0.00,0.00,0.00,0.00,0.00,0.00,218.80,0.21,47.16,0.00,0.00,0.00
219.41,0.43,94.86,0.00,0.00,0.00,0.00,0.00,0.00,217.93,0.21,46.84,0.00,0.00,0.00
219.56,0.43,95.11,0.00,0.00,0.00,0.00,0.00,0.00,218.66,0.22,47.20,0.00,0.00,0.00
219.92,0.43,95.22,0.00,0.00,0.00,0.00,0.00,0.00,218.60,0.21,47.13,0.00,0.00,0.00
219.06,0.43,94.57,0.00,0.00,0.00,0.00,0.00,0.00,216.58,0.21,46.43,0.00,0.00,0.00
219.20,0.43,94.67,0.00,0.00,0.00,0.00,0.00,0.00,217.26,0.21,46.58,0.00,0.00,0.00
219.27,0.43,94.73,0.00,0.00,0.00,0.00,0.00,0.00,217.35,0.21,46.65,0.00,0.00,0.00
219.39,0.43,94.95,0.00,0.00,0.00,0.00,0.00,0.00,218.03,0.21,46.97,0.00,0.00,0.00
219.65,0.43,95.09,0.00,0.00,0.00,0.00,0.00,0.00,217.86,0.21,46.95,0.00,0.00,0.00
223.10,0.43,96.75,0.00,0.00,0.00,0.00,0.00,0.00,219.13,0.22,47.38,0.00,0.00,0.00
218.97,0.43,94.84,0.00,0.00,0.00,0.00,0.00,0.00,218.74,0.21,47.23,0.00,0.00,0.00
217.88,0.43,94.10,0.00,0.00,0.00,0.00,0.00,0.00,216.51,0.21,46.44,0.00,0.00,0.00
220.25,0.43,95.23,0.00,0.00,0.00,0.00,0.00,0.00,217.51,0.21,46.77,0.00,0.00,0.00
220.91,0.43,95.54,0.00,0.00,0.00,0.00,0.00,0.00,217.72,0.21,46.84,0.00,0.00,0.00
220.90,0.43,95.32,0.00,0.00,0.00,0.00,0.00,0.00,217.20,0.21,46.51,0.00,0.00,0.00
220.05,0.43,95.31,0.00,0.00,0.00,0.00,0.00,0.00,218.78,0.22,47.20,0.00,0.00,0.00
218.44,0.43,94.79,0.00,0.00,0.00,0.00,0.00,0.00,219.05,0.22,47.44,0.00,0.00,0.00
218.24,0.43,94.38,0.00,0.00,0.00,0.00,0.00,0.00,217.55,0.21,46.82,0.00,0.00,0.00
219.08,0.43,94.56,0.00,0.00,0.00,0.00,0.00,0.00,217.09,0.21,46.50,0.00,0.00,0.00
219.39,0.43,95.08,0.00,0.00,0.00,0.00,0.00,0.00,218.75,0.22,47.16,0.00,0.00,0.00
220.80,0.43,95.74,0.00,0.00,0.00,0.00,0.00,0.00,222.49,0.22,47.84,0.00,0.00,0.00
220.24,0.43,95.37,0.00,0.00,0.00,0.00,0.00,0.00,218.01,0.21,47.00,0.00,0.00,0.00
220.02,0.43,95.20,0.00,0.00,0.00,0.00,0.00,0.00,217.87,0.21,46.92,0.00,0.00,0.00
218.13,0.43,94.35,0.00,0.00,0.00,0.00,0.00,0.00,217.97,0.21,46.93,0.00,0.00,0.00
218.74,0.43,94.44,0.00,0.00,0.00,0.00,0.00,0.00,216.77,0.21,46.46,0.00,0.00,0.00
221.63,0.43,95.62,0.00,0.00,0.00,0.00,0.00,0.00,217.38,0.21,46.54,0.00,0.00,0.00
220.34,0.43,95.46,0.00,0.00,0.00,0.00,0.00,0.00,218.38,0.22,47.13,0.00,0.00,0.00
221.77,0.43,95.84,0.00,0.00,0.00,0.00,0.00,0.00,218.37,0.21,46.91,0.00,0.00,0.00
219.34,0.43,94.83,0.00,0.00,0.00,0.00,0.00,0.00,218.10,0.21,46.94,0.00,0.00,0.00
219.00,0.43,94.60,0.00,0.00,0.00,0.00,0.00,0.00,216.95,0.21,46.53,0.00,0.00,0.00
223.24,0.43,96.17,0.00,0.00,0.00,0.00,0.00,0.00,218.56,0.21,46.51,0.00,0.00,0.00
220.48,0.43,94.75,0.00,0.00,0.00,0.00,0.00,0.00,215.12,0.21,45.72,0.00,0.00,0.00
220.62,0.43,95.30,0.00,0.00,0.00,0.00,0.00,0.00,216.99,0.21,46.55,0.00,0.00,0.00
218.64,0.43,94.76,0.00,0.00,0.00,0.00,0.00,0.00,219.34,0.22,47.40,0.00,0.00,0.00
221.51,0.43,96.04,0.00,0.00,0.00,0.00,0.00,0.00,218.99,0.22,47.37,0.00,0.00,0.00
221.15,0.43,95.73,0.00,0.00,0.00,0.00,0.00,0.00,218.39,0.21,47.06,0.00,0.00,0.00
217.16,0.43,93.42,0.00,0.00,0.00,0.00,0.00,0.00,215.55,0.21,45.85,0.00,0.00,0.00
219.84,0.43,94.64,0.00,0.00,0.00,0.00,0.00,0.00,215.20,0.21,45.85,0.00,0.00,0.00
219.96,0.43,95.07,0.00,0.00,0.00,0.00,0.00,0.00,217.64,0.21,46.79,0.00,0.00,0.00
219.75,0.43,94.93,0.00,0.00,0.00,0.00,0.00,0.00,217.40,0.21,46.64,0.00,0.00,0.00
220.43,0.43,95.68,0.00,0.00,0.00,0.00,0.00,0.00,218.35,0.22,47.34,0.00,0.00,0.00
219.87,0.43,95.23,0.00,0.00,0.00,0.00,0.00,0.00,218.28,0.21,47.08,0.00,0.00,0.00
218.15,0.43,94.34,0.00,0.00,0.00,0.00,0.00,0.00,217.78,0.21,46.87,0.00,0.00,0.00
220.67,0.43,95.35,0.00,0.00,0.00,0.00,0.00,0.00,217.36,0.21,46.69,0.00,0.00,0.00
219.22,0.43,94.68,0.00,0.00,0.00,0.00,0.00,0.00,217.57,0.21,46.68,0.00,0.00,0.00
219.05,0.43,94.79,0.00,0.00,0.00,0.00,0.00,0.00,218.52,0.21,47.12,0.00,0.00,0.00
218.87,0.43,94.55,0.00,0.00,0.00,0.00,0.00,0.00,217.48,0.21,46.68,0.00,0.00,0.00
219.21,0.43,94.60,0.00,0.00,0.00,0.00,0.00,0.00,216.99,0.21,46.46,0.00,0.00,0.00
219.30,0.43,94.62,0.00,0.00,0.00,0.00,0.00,0.00,216.81,0.21,46.42,0.00,0.00,0.00
219.32,0.43,94.89,0.00,0.00,0.00,0.00,0.00,0.00,218.60,0.21,47.06,0.00,0.00,0.00
220.73,0.43,95.62,0.00,0.00,0.00,0.00,0.00,0.00,219.80,0.22,47.20,0.00,0.00,0.00
219.71,0.43,95.13,0.00,0.00,0.00,0.00,0.00,0.00,218.14,0.21,47.08,0.00,0.00,0.00
217.63,0.43,93.99,0.00,0.00,0.00,0.00,0.00,0.00,217.59,0.21,46.67,0.00,0.00,0.00
218.95,0.43,94.34,0.00,0.00,0.00,0.00,0.00,0.00,216.57,0.21,46.23,0.00,0.00,0.00
220.12,0.43,94.86,0.00,0.00,0.00,0.00,0.00,0.00,216.53,0.21,46.26,0.00,0.00,0.00
220.37,0.43,95.47,0.00,0.00,0.00,0.00,0.00,0.00,218.75,0.22,47.21,0.00,0.00,0.00
220.94,0.43,95.51,0.00,0.00,0.00,0.00,0.00,0.00,217.97,0.21,46.85,0.00,0.00,0.00
219.75,0.43,95.24,0.00,0.00,0.00,0.00,0.00,0.00,219.15,0.22,47.35,0.00,0.00,0.00
219.53,0.43,95.20,0.00,0.00,0.00,0.00,0.00,0.00,218.73,0.22,47.31,0.00,0.00,0.00
218.64,0.43,94.59,0.00,0.00,0.00,0.00,0.00,0.00,217.69,0.21,46.86,0.00,0.00,0.00
218.69,0.43,94.77,0.00,0.00,0.00,0.00,0.00,0.00,218.48,0.22,47.22,0.00,0.00,0.00
218.59,0.43,94.34,0.00,0.00,0.00,0.00,0.00,0.00,217.24,0.21,46.55,0.00,0.00,0.00
219.98,0.43,95.14,0.00,0.00,0.00,0.00,0.00,0.00,217.99,0.21,46.92,0.00,0.00,0.00
221.10,0.43,95.87,0.00,0.00,0.00,0.00,0.00,0.00,219.43,0.22,47.46,0.00,0.00,0.00
219.02,0.43,94.58,0.00,0.00,0.00,0.00,0.00,0.00,217.04,0.21,46.54,0.00,0.00,0.00
218.09,0.43,94.30,0.00,0.00,0.00,0.00,0.00,0.00,218.09,0.21,46.90,0.00,0.00,0.00
218.72,0.43,94.15,0.00,0.00,0.00,0.00,0.00,0.00,216.38,0.21,46.11,0.00,0.00,0.00
221.05,0.43,95.65,0.00,0.00,0.00,0.00,0.00,0.00,218.39,0.21,47.04,0.00,0.00,0.00
222.50,0.43,96.09,0.00,0.00,0.00,0.00,0.00,0.00,217.38,0.21,46.64,0.00,0.00,0.00
220.72,0.43,95.47,0.00,0.00,0.00,0.00,0.00,0.00,218.37,0.21,47.03,0.00,0.00,0.00
219.11,0.43,94.95,0.00,0.00,0.00,0.00,0.00,0.00,218.95,0.22,47.29,0.00,0.00,0.00
219.20,0.43,94.23,0.00,0.00,0.00,0.00,0.00,0.00,215.67,0.21,45.83,0.00,0.00,0.00
221.71,0.43,95.89,0.00,0.00,0.00,0.00,0.00,0.00,217.80,0.21,46.86,0.00,0.00,0.00
220.77,0.43,95.87,0.00,0.00,0.00,0.00,0.00,0.00,219.36,0.22,47.59,0.00,0.00,0.00
218.04,0.43,93.12,0.00,0.00,0.00,0.00,0.00,0.00,210.12,0.21,44.09,0.00,0.00,0.00
220.19,0.43,95.49,0.00,0.00,0.00,0.00,0.00,0.00,219.36,0.22,47.47,0.00,0.00,0.00
221.09,0.43,95.43,0.00,0.00,0.00,0.00,0.00,0.00,217.33,0.21,46.58,0.00,0.00,0.00
220.12,0.43,95.70,0.00,0.00,0.00,0.00,0.00,0.00,220.87,0.22,48.11,0.00,0.00,0.00
219.28,0.43,94.82,0.00,0.00,0.00,0.00,0.00,0.00,218.11,0.21,46.92,0.00,0.00,0.00
219.29,0.44,95.46,0.00,0.00,0.00,0.00,0.00,0.00,222.49,0.22,48.52,0.00,0.00,0.00
217.81,0.43,94.16,0.00,0.00,0.00,0.00,0.00,0.00,216.07,0.21,46.32,0.00,0.00,0.00
222.56,0.43,96.37,0.00,0.00,0.00,0.00,0.00,0.00,218.65,0.21,47.16,0.00,0.00,0.00
220.34,0.43,95.71,0.00,0.00,0.00,0.00,0.00,0.00,220.59,0.22,47.90,0.00,0.00,0.00
219.44,0.43,94.78,0.00,0.00,0.00,0.00,0.00,0.00,217.33,0.21,46.63,0.00,0.00,0.00
220.53,0.43,95.26,0.00,0.00,0.00,0.00,0.00,0.00,217.75,0.21,46.74,0.00,0.00,0.00
219.45,0.43,95.32,0.00,0.00,0.00,0.00,0.00,0.00,220.16,0.22,47.78,0.00,0.00,0.00
219.32,0.43,95.22,0.00,0.00,0.00,0.00,0.00,0.00,219.55,0.22,47.61,0.00,0.00,0.00
218.00,0.43,94.42,0.00,0.00,0.00,0.00,0.00,0.00,218.47,0.21,47.14,0.00,0.00,0.00
218.94,0.43,94.45,0.00,0.00,0.00,0.00,0.00,0.00,216.70,0.21,46.44,0.00,0.00,0.00
219.86,0.43,95.15,0.00,0.00,0.00,0.00,0.00,0.00,218.25,0.21,47.00,0.00,0.00,0.00
220.49,0.43,95.86,0.00,0.00,0.00,0.00,0.00,0.00,220.41,0.22,47.93,0.00,0.00,0.00
220.94,0.43,95.18,0.00,0.00,0.00,0.00,0.00,0.00,215.87,0.21,46.10,0.00,0.00,0.00
219.54,0.43,95.06,0.00,0.00,0.00,0.00,0.00,0.00,218.24,0.21,47.09,0.00,0.00,0.00
219.88,0.43,95.24,0.00,0.00,0.00,0.00,0.00,0.00,218.55,0.22,47.19,0.00,0.00,0.00
219.56,0.43,95.01,0.00,0.00,0.00,0.00,0.00,0.00,218.30,0.21,47.01,0.00,0.00,0.00
218.91,0.43,94.61,0.00,0.00,0.00,0.00,0.00,0.00,217.12,0.21,46.64,0.00,0.00,0.00
220.46,0.43,95.40,0.00,0.00,0.00,0.00,0.00,0.00,218.03,0.21,46.97,0.00,0.00,0.00
220.89,0.43,95.41,0.00,0.00,0.00,0.00,0.00,0.00,217.57,0.21,46.69,0.00,0.00,0.00
219.34,0.43,95.02,0.00,0.00,0.00,0.00,0.00,0.00,218.65,0.22,47.21,0.00,0.00,0.00
219.13,0.43,94.68,0.00,0.00,0.00,0.00,0.00,0.00,217.14,0.21,46.64,0.00,0.00,0.00
219.76,0.43,94.77,0.00,0.00,0.00,0.00,0.00,0.00,216.39,0.21,46.29,0.00,0.00,0.00
220.52,0.43,95.46,0.00,0.00,0.00,0.00,0.00,0.00,218.41,0.21,47.16,0.00,0.00,0.00
219.88,0.43,95.28,0.00,0.00,0.00,0.00,0.00,0.00,219.14,0.22,47.34,0.00,0.00,0.00
220.03,0.43,95.13,0.00,0.00,0.00,0.00,0.00,0.00,217.59,0.21,46.75,0.00,0.00,0.00
219.98,0.43,95.11,0.00,0.00,0.00,0.00,0.00,0.00,217.47,0.21,46.77,0.00,0.00,0.00
219.36,0.43,95.05,0.00,0.00,0.00,0.00,0.00,0.00,218.39,0.22,47.17,0.00,0.00,0.00
220.44,0.43,95.72,0.00,0.00,0.00,0.00,0.00,0.00,219.50,0.22,47.61,0.00,0.00,0.00
219.14,0.43,94.83,0.00,0.00,0.00,0.00,0.00,0.00,218.56,0.21,47.08,0.00,0.00,0.00
218.90,0.43,94.43,0.00,0.00,0.00,0.00,0.00,0.00,216.62,0.21,46.35,0.00,0.00,0.00
220.37,0.43,95.40,0.00,0.00,0.00,0.00,0.00,0.00,218.11,0.21,47.00,0.00,0.00,0.00
220.90,0.43,95.96,0.00,0.00,0.00,0.00,0.00,0.00,220.09,0.22,47.78,0.00,0.00,0.00
220.15,0.43,95.36,0.00,0.00,0.00,0.00,0.00,0.00,219.33,0.22,47.27,0.00,0.00,0.00
219.53,0.43,94.87,0.00,0.00,0.00,0.00,0.00,0.00,217.46,0.21,46.75,0.00,0.00,0.00
220.81,0.43,95.73,0.00,0.00,0.00,0.00,0.00,0.00,218.98,0.22,47.33,0.00,0.00,0.00
220.47,0.43,95.66,0.00,0.00,0.00,0.00,0.00,0.00,219.19,0.22,47.47,0.00,0.00,0.00
219.66,0.43,94.63,0.00,0.00,0.00,0.00,0.00,0.00,216.49,0.21,46.20,0.00,0.00,0.00
220.02,0.43,95.17,0.00,0.00,0.00,0.00,0.00,0.00,218.07,0.21,46.96,0.00,0.00,0.00
220.81,0.43,95.67,0.00,0.00,0.00,0.00,0.00,0.00,218.38,0.22,47.14,0.00,0.00,0.00
215.67,0.43,93.08,0.00,0.00,0.00,0.00,0.00,0.00,216.98,0.21,46.49,0.00,0.00,0.00
219.54,0.43,94.87,0.00,0.00,0.00,0.00,0.00,0.00,217.19,0.21,46.66,0.00,0.00,0.00
219.93,0.43,95.47,0.00,0.00,0.00,0.00,0.00,0.00,219.79,0.22,47.64,0.00,0.00,0.00
220.63,0.43,95.55,0.00,0.00,0.00,0.00,0.00,0.00,218.64,0.21,47.18,0.00,0.00,0.00
218.98,0.43,94.63,0.00,0.00,0.00,0.00,0.00,0.00,218.00,0.21,46.86,0.00,0.00,0.00
219.20,0.43,94.84,0.00,0.00,0.00,0.00,0.00,0.00,218.21,0.21,46.99,0.00,0.00,0.00
220.02,0.43,95.31,0.00,0.00,0.00,0.00,0.00,0.00,218.52,0.22,47.19,0.00,0.00,0.00
219.21,0.43,94.68,0.00,0.00,0.00,0.00,0.00,0.00,217.87,0.21,46.76,0.00,0.00,0.00
218.33,0.43,94.10,0.00,0.00,0.00,0.00,0.00,0.00,216.34,0.21,46.24,0.00,0.00,0.00
220.16,0.43,95.17,0.00,0.00,0.00,0.00,0.00,0.00,217.75,0.21,46.86,0.00,0.00,0.00
221.60,0.43,95.88,0.00,0.00,0.00,0.00,0.00,0.00,218.33,0.21,47.02,0.00,0.00,0.00
220.29,0.43,95.28,0.00,0.00,0.00,0.00,0.00,0.00,217.99,0.21,46.90,0.00,0.00,0.00
219.74,0.43,95.20,0.00,0.00,0.00,0.00,0.00,0.00,218.79,0.22,47.25,0.00,0.00,0.00
221.47,0.43,96.02,0.00,0.00,0.00,0.00,0.00,0.00,219.38,0.22,47.44,0.00,0.00,0.00
219.97,0.43,94.95,0.00,0.00,0.00,0.00,0.00,0.00,217.20,0.21,46.57,0.00,0.00,0.00
218.73,0.43,94.56,0.00,0.00,0.00,0.00,0.00,0.00,217.64,0.21,46.80,0.00,0.00,0.00
220.82,0.43,95.85,0.00,0.00,0.00,0.00,0.00,0.00,219.43,0.22,47.56,0.00,0.00,0.00
218.86,0.43,94.95,0.00,0.00,0.00,0.00,0.00,0.00,219.46,0.22,47.54,0.00,0.00,0.00
218.09,0.43,94.46,0.00,0.00,0.00,0.00,0.00,0.00,218.43,0.21,47.18,0.00,0.00,0.00
220.44,0.43,95.34,0.00,0.00,0.00,0.00,0.00,0.00,218.46,0.21,47.02,0.00,0.00,0.00
220.53,0.43,95.25,0.00,0.00,0.00,0.00,0.00,0.00,217.52,0.21,46.65,0.00,0.00,0.00
219.55,0.43,94.92,0.00,0.00,0.00,0.00,0.00,0.00,217.98,0.21,46.85,0.00,0.00,0.00
221.12,0.43,95.97,0.00,0.00,0.00,0.00,0.00,0.00,219.61,0.22,47.62,0.00,0.00,0.00
222.08,0.43,96.28,0.00,0.00,0.00,0.00,0.00,0.00,219.48,0.22,47.46,0.00,0.00,0.00
220.62,0.43,95.58,0.00,0.00,0.00,0.00,0.00,0.00,218.96,0.22,47.29,0.00,0.00,0.00
218.88,0.43,94.67,0.00,0.00,0.00,0.00,0.00,0.00,217.78,0.21,46.88,0.00,0.00,0.00
219.48,0.43,94.72,0.00,0.00,0.00,0.00,0.00,0.00,216.14,0.21,46.31,0.00,0.00,0.00
218.31,0.43,94.31,0.00,0.00,0.00,0.00,0.00,0.00,216.89,0.21,46.57,0.00,0.00,0.00
219.30,0.43,94.67,0.00,0.00,0.00,0.00,0.00,0.00,217.22,0.21,46.56,0.00,0.00,0.00
219.13,0.43,94.50,0.00,0.00,0.00,0.00,0.00,0.00,216.83,0.21,46.37,0.00,0.00,0.00
220.83,0.43,95.61,0.00,0.00,0.00,0.00,0.00,0.00,218.37,0.21,47.13,0.00,0.00,0.00
219.91,0.43,95.01,0.00,0.00,0.00,0.00,0.00,0.00,217.24,0.21,46.66,0.00,0.00,0.00
218.77,0.43,94.43,0.00,0.00,0.00,0.00,0.00,0.00,216.73,0.21,46.46,0.00,0.00,0.00
218.37,0.43,94.53,0.00,0.00,0.00,0.00,0.00,0.00,218.19,0.21,47.03,0.00,0.00,0.00
220.34,0.43,95.39,0.00,0.00,0.00,0.00,0.00,0.00,218.46,0.21,47.16,0.00,0.00,0.00
218.52,0.43,94.44,0.00,0.00,0.00,0.00,0.00,0.00,217.91,0.21,46.88,0.00,0.00,0.00
219.17,0.43,95.04,0.00,0.00,0.00,0.00,0.00,0.00,218.69,0.22,47.42,0.00,0.00,0.00
219.15,0.43,94.57,0.00,0.00,0.00,0.00,0.00,0.00,217.20,0.21,46.52,0.00,0.00,0.00
219.07,0.43,94.61,0.00,0.00,0.00,0.00,0.00,0.00,217.22,0.21,46.58,0.00,0.00,0.00
218.21,0.43,94.61,0.00,0.00,0.00,0.00,0.00,0.00,219.50,0.22,47.49,0.00,0.00,0.00
220.05,0.43,95.46,0.00,0.00,0.00,0.00,0.00,0.00,219.50,0.22,47.55,0.00,0.00,0.00
220.00,0.43,95.32,0.00,0.00,0.00,0.00,0.00,0.00,219.12,0.22,47.39,0.00,0.00,0.00
218.99,0.43,94.36,0.00,0.00,0.00,0.00,0.00,0.00,216.39,0.21,46.19,0.00,0.00,0.00
218.06,0.43,94.33,0.00,0.00,0.00,0.00,0.00,0.00,218.57,0.21,47.04,0.00,0.00,0.00
220.83,0.43,95.74,0.00,0.00,0.00,0.00,0.00,0.00,219.07,0.22,47.41,0.00,0.00,0.00
219.42,0.43,94.80,0.00,0.00,0.00,0.00,0.00,0.00,217.87,0.21,46.79,0.00,0.00,0.00
216.31,0.43,93.52,0.00,0.00,0.00,0.00,0.00,0.00,217.70,0.21,46.78,0.00,0.00,0.00
219.71,0.43,95.26,0.00,0.00,0.00,0.00,0.00,0.00,219.27,0.22,47.43,0.00,0.00,0.00
218.55,0.43,94.66,0.00,0.00,0.00,0.00,0.00,0.00,218.87,0.21,47.22,0.00,0.00,0.00
219.45,0.43,94.75,0.00,0.00,0.00,0.00,0.00,0.00,217.29,0.21,46.58,0.00,0.00,0.00
220.10,0.43,95.02,0.00,0.00,0.00,0.00,0.00,0.00,218.83,0.21,46.86,0.00,0.00,0.00
219.96,0.43,95.15,0.00,0.00,0.00,0.00,0.00,0.00,217.69,0.21,46.85,0.00,0.00,0.00
218.48,0.43,94.08,0.00,0.00,0.00,0.00,0.00,0.00,216.20,0.21,46.11,0.00,0.00,0.00
220.08,0.43,95.35,0.00,0.00,0.00,0.00,0.00,0.00,218.71,0.22,47.24,0.00,0.00,0.00
219.72,0.43,94.67,0.00,0.00,0.00,0.00,0.00,0.00,216.57,0.21,46.25,0.00,0.00,0.00
218.84,0.43,94.39,0.00,0.00,0.00,0.00,0.00,0.00,217.18,0.21,46.49,0.00,0.00,0.00
220.35,0.43,95.53,0.00,0.00,0.00,0.00,0.00,0.00,219.52,0.22,47.46,0.00,0.00,0.00
218.84,0.43,94.58,0.00,0.00,0.00,0.00,0.00,0.00,217.65,0.21,46.78,0.00,0.00,0.00
219.75,0.43,94.96,0.00,0.00,0.00,0.00,0.00,0.00,217.77,0.21,46.77,0.00,0.00,0.00
219.50,0.43,94.91,0.00,0.00,0.00,0.00,0.00,0.00,218.39,0.21,46.97,0.00,0.00,0.00
219.63,0.43,94.70,0.00,0.00,0.00,0.00,0.00,0.00,216.91,0.21,46.43,0.00,0.00,0.00
219.01,0.43,94.89,0.00,0.00,0.00,0.00,0.00,0.00,218.85,0.22,47.31,0.00,0.00,0.00
220.19,0.44,95.84,0.00,0.00,0.00,0.00,0.00,0.00,220.64,0.22,48.12,0.00,0.00,0.00
219.04,0.43,94.31,0.00,0.00,0.00,0.00,0.00,0.00,216.39,0.21,46.12,0.00,0.00,0.00
218.31,0.43,94.13,0.00,0.00,0.00,0.00,0.00,0.00,216.68,0.21,46.33,0.00,0.00,0.00
221.77,0.43,96.21,0.00,0.00,0.00,0.00,0.00,0.00,219.74,0.22,47.60,0.00,0.00,0.00
218.85,0.43,94.47,0.00,0.00,0.00,0.00,0.00,0.00,217.99,0.21,46.73,0.00,0.00,0.00
219.23,0.43,94.51,0.00,0.00,0.00,0.00,0.00,0.00,216.52,0.21,46.29,0.00,0.00,0.00
221.74,0.43,96.23,0.00,0.00,0.00,0.00,0.00,0.00,218.23,0.22,47.27,0.00,0.00,0.00
219.14,0.43,95.02,0.00,0.00,0.00,0.00,0.00,0.00,219.33,0.22,47.45,0.00,0.00,0.00
218.41,0.43,94.46,0.00,0.00,0.00,0.00,0.00,0.00,217.92,0.21,46.89,0.00,0.00,0.00
219.32,0.43,95.10,0.00,0.00,0.00,0.00,0.00,0.00,219.28,0.22,47.44,0.00,0.00,0.00
220.69,0.43,95.22,0.00,0.00,0.00,0.00,0.00,0.00,217.07,0.21,46.50,0.00,0.00,0.00
219.14,0.43,94.73,0.00,0.00,0.00,0.00,0.00,0.00,217.53,0.21,46.74,0.00,0.00,0.00
220.39,0.43,95.44,0.00,0.00,0.00,0.00,0.00,0.00,218.40,0.21,47.12,0.00,0.00,0.00
218.87,0.43,94.69,0.00,0.00,0.00,0.00,0.00,0.00,217.64,0.21,46.93,0.00,0.00,0.00
221.32,0.43,95.99,0.00,0.00,0.00,0.00,0.00,0.00,219.10,0.22,47.41,0.00,0.00,0.00
220.59,0.43,95.37,0.00,0.00,0.00,0.00,0.00,0.00,220.93,0.21,47.48,0.00,0.00,0.00
220.01,0.43,95.24,0.00,0.00,0.00,0.00,0.00,0.00,218.20,0.21,47.05,0.00,0.00,0.00
217.95,0.43,94.14,0.00,0.00,0.00,0.00,0.00,0.00,217.65,0.21,46.77,0.00,0.00,0.00
220.33,0.43,95.27,0.00,0.00,0.00,0.00,0.00,0.00,218.34,0.21,46.94,0.00,0.00,0.00
219.16,0.44,95.35,0.00,0.00,0.00,0.00,0.00,0.00,220.80,0.22,48.11,0.00,0.00,0.00
218.06,0.43,94.18,0.00,0.00,0.00,0.00,0.00,0.00,217.51,0.21,46.68,0.00,0.00,0.00
221.03,0.43,95.78,0.00,0.00,0.00,0.00,0.00,0.00,219.01,0.22,47.34,0.00,0.00,0.00
218.41,0.43,94.21,0.00,0.00,0.00,0.00,0.00,0.00,217.13,0.21,46.48,0.00,0.00,0.00
220.66,0.43,95.63,0.00,0.00,0.00,0.00,0.00,0.00,219.05,0.22,47.35,0.00,0.00,0.00
219.55,0.43,94.81,0.00,0.00,0.00,0.00,0.00,0.00,218.27,0.21,46.61,0.00,0.00,0.00
219.76,0.43,95.00,0.00,0.00,0.00,0.00,0.00,0.00,218.38,0.21,46.94,0.00,0.00,0.00
219.59,0.43,95.24,0.00,0.00,0.00,0.00,0.00,0.00,219.56,0.22,47.58,0.00,0.00,0.00
219.00,0.43,94.43,0.00,0.00,0.00,0.00,0.00,0.00,217.31,0.21,46.49,0.00,0.00,0.00
219.13,0.43,94.67,0.00,0.00,0.00,0.00,0.00,0.00,217.59,0.21,46.74,0.00,0.00,0.00
219.36,0.43,95.12,0.00,0.00,0.00,0.00,0.00,0.00,219.29,0.22,47.45,0.00,0.00,0.00
222.80,0.43,96.05,0.00,0.00,0.00,0.00,0.00,0.00,216.71,0.21,46.33,0.00,0.00,0.00
219.47,0.43,95.03,0.00,0.00,0.00,0.00,0.00,0.00,218.94,0.21,47.23,0.00,0.00,0.00
221.16,0.43,95.59,0.00,0.00,0.00,0.00,0.00,0.00,217.82,0.21,46.82,0.00,0.00,0.00
219.24,0.43,94.43,0.00,0.00,0.00,0.00,0.00,0.00,216.73,0.21,46.28,0.00,0.00,0.00
218.91,0.43,94.78,0.00,0.00,0.00,0.00,0.00,0.00,218.81,0.21,47.19,0.00,0.00,0.00
220.23,0.43,95.14,0.00,0.00,0.00,0.00,0.00,0.00,217.84,0.21,46.77,0.00,0.00,0.00
219.36,0.43,94.44,0.00,0.00,0.00,0.00,0.00,0.00,216.24,0.21,46.14,0.00,0.00,0.00
220.15,0.43,95.42,0.00,0.00,0.00,0.00,0.00,0.00,219.37,0.22,47.48,0.00,0.00,0.00
218.57,0.43,94.27,0.00,0.00,0.00,0.00,0.00,0.00,217.45,0.21,46.50,0.00,0.00,0.00
220.22,0.43,95.49,0.00,0.00,0.00,0.00,0.00,0.00,219.55,0.22,47.52,0.00,0.00,0.00
219.48,0.43,94.48,0.00,0.00,0.00,0.00,0.00,0.00,216.21,0.21,46.07,0.00,0.00,0.00
219.74,0.43,94.99,0.00,0.00,0.00,0.00,0.00,0.00,218.16,0.21,46.97,0.00,0.00,0.00
220.36,0.43,95.28,0.00,0.00,0.00,0.00,0.00,0.00,217.76,0.21,46.86,0.00,0.00,0.00
218.03,0.43,94.19,0.00,0.00,0.00,0.00,0.00,0.00,218.17,0.21,46.85,0.00,0.00,0.00
220.33,0.43,95.38,0.00,0.00,0.00,0.00,0.00,0.00,218.68,0.21,47.17,0.00,0.00,0.00
218.71,0.43,94.67,0.00,0.00,0.00,0.00,0.00,0.00,218.61,0.21,47.20,0.00,0.00,0.00
220.57,0.43,95.54,0.00,0.00,0.00,0.00,0.00,0.00,218.89,0.22,47.21,0.00,0.00,0.00
219.58,0.43,94.76,0.00,0.00,0.00,0.00,0.00,0.00,216.81,0.21,46.45,0.00,0.00,0.00
218.77,0.43,94.61,0.00,0.00,0.00,0.00,0.00,0.00,218.63,0.21,47.07,0.00,0.00,0.00
219.65,0.43,95.15,0.00,0.00,0.00,0.00,0.00,0.00,218.91,0.22,47.26,0.00,0.00,0.00
220.04,0.43,94.97,0.00,0.00,0.00,0.00,0.00,0.00,217.16,0.21,46.52,0.00,0.00,0.00
219.52,0.43,95.08,0.00,0.00,0.00,0.00,0.00,0.00,219.26,0.21,47.46,0.00,0.00,0.00
217.68,0.43,93.68,0.00,0.00,0.00,0.00,0.00,0.00,216.45,0.21,46.22,0.00,0.00,0.00
219.14,0.43,94.76,0.00,0.00,0.00,0.00,0.00,0.00,217.98,0.21,46.91,0.00,0.00,0.00
219.75,0.43,94.99,0.00,0.00,0.00,0.00,0.00,0.00,218.10,0.21,46.83,0.00,0.00,0.00
221.46,0.43,95.82,0.00,0.00,0.00,0.00,0.00,0.00,218.41,0.21,47.06,0.00,0.00,0.00
219.36,0.43,94.60,0.00,0.00,0.00,0.00,0.00,0.00,218.07,0.21,46.37,0.00,0.00,0.00
219.84,0.43,94.99,0.00,0.00,0.00,0.00,0.00,0.00,218.46,0.21,46.97,0.00,0.00,0.00
219.80,0.43,94.78,0.00,0.00,0.00,0.00,0.00,0.00,217.16,0.21,46.54,0.00,0.00,0.00
219.32,0.43,94.68,0.00,0.00,0.00,0.00,0.00,0.00,217.29,0.21,46.62,0.00,0.00,0.00
219.25,0.43,94.83,0.00,0.00,0.00,0.00,0.00,0.00,218.14,0.21,46.95,0.00,0.00,0.00
219.11,0.43,94.42,0.00,0.00,0.00,0.00,0.00,0.00,217.06,0.21,46.40,0.00,0.00,0.00
219.63,0.43,95.01,0.00,0.00,0.00,0.00,0.00,0.00,218.65,0.21,47.08,0.00,0.00,0.00
219.68,0.43,93.86,0.00,0.00,0.00,0.00,0.00,0.00,213.17,0.21,44.77,0.00,0.00,0.00
218.45,0.43,94.66,0.00,0.00,0.00,0.00,0.00,0.00,219.18,0.22,47.33,0.00,0.00,0.00
220.92,0.43,96.03,0.00,0.00,0.00,0.00,0.00,0.00,220.64,0.22,47.95,0.00,0.00,0.00
218.58,0.43,94.24,0.00,0.00,0.00,0.00,0.00,0.00,217.22,0.21,46.51,0.00,0.00,0.00
220.22,0.43,95.34,0.00,0.00,0.00,0.00,0.00,0.00,219.07,0.21,47.24,0.00,0.00,0.00
220.20,0.43,95.11,0.00,0.00,0.00,0.00,0.00,0.00,217.47,0.21,46.76,0.00,0.00,0.00
220.18,0.43,95.23,0.00,0.00,0.00,0.00,0.00,0.00,218.09,0.21,46.98,0.00,0.00,0.00
219.42,0.43,94.20,0.00,0.00,0.00,0.00,0.00,0.00,213.90,0.21,45.36,0.00,0.00,0.00
217.94,0.43,94.30,0.00,0.00,0.00,0.00,0.00,0.00,218.41,0.21,47.03,0.00,0.00,0.00
218.63,0.43,94.30,0.00,0.00,0.00,0.00,0.00,0.00,220.86,0.21,47.17,0.00,0.00,0.00
219.76,0.43,95.02,0.00,0.00,0.00,0.00,0.00,0.00,218.78,0.21,47.05,0.00,0.00,0.00
218.63,0.43,93.99,0.00,0.00,0.00,0.00,0.00,0.00,215.78,0.21,45.91,0.00,0.00,0.00
220.11,0.43,95.38,0.00,0.00,0.00,0.00,0.00,0.00,219.15,0.22,47.36,0.00,0.00,0.00
219.41,0.43,94.59,0.00,0.00,0.00,0.00,0.00,0.00,216.85,0.21,46.48,0.00,0.00,0.00
220.23,0.43,95.34,0.00,0.00,0.00,0.00,0.00,0.00,218.55,0.21,47.24,0.00,0.00,0.00
218.69,0.43,94.27,0.00,0.00,0.00,0.00,0.00,0.00,217.51,0.21,46.49,0.00,0.00,0.00
218.11,0.43,94.18,0.00,0.00,0.00,0.00,0.00,0.00,217.93,0.21,46.81,0.00,0.00,0.00
220.61,0.43,95.49,0.00,0.00,0.00,0.00,0.00,0.00,218.90,0.21,47.18,0.00,0.00,0.00
219.47,0.43,94.95,0.00,0.00,0.00,0.00,0.00,0.00,218.86,0.21,47.19,0.00,0.00,0.00
219.91,0.43,95.00,0.00,0.00,0.00,0.00,0.00,0.00,217.89,0.21,46.87,0.00,0.00,0.00
219.80,0.43,94.91,0.00,0.00,0.00,0.00,0.00,0.00,217.22,0.21,46.72,0.00,0.00,0.00
220.68,0.43,95.55,0.00,0.00,0.00,0.00,0.00,0.00,219.18,0.21,47.41,0.00,0.00,0.00
217.64,0.43,93.76,0.00,0.00,0.00,0.00,0.00,0.00,217.29,0.21,46.39,0.00,0.00,0.00
221.43,0.43,95.10,0.00,0.00,0.00,0.00,0.00,0.00,215.13,0.21,45.65,0.00,0.00,0.00
217.55,0.43,93.22,0.00,0.00,0.00,0.00,0.00,0.00,214.31,0.21,45.42,0.00,0.00,0.00
218.10,0.43,93.77,0.00,0.00,0.00,0.00,0.00,0.00,215.81,0.21,45.90,0.00,0.00,0.00
219.22,0.43,94.82,0.00,0.00,0.00,0.00,0.00,0.00,218.92,0.21,47.20,0.00,0.00,0.00
214.66,0.43,92.35,0.00,0.00,0.00,0.00,0.00,0.00,216.19,0.21,46.18,0.00,0.00,0.00
219.65,0.43,94.93,0.00,0.00,0.00,0.00,0.00,0.00,218.22,0.21,47.02,0.00,0.00,0.00
217.92,0.43,94.01,0.00,0.00,0.00,0.00,0.00,0.00,216.99,0.21,46.59,0.00,0.00,0.00
219.74,0.43,95.14,0.00,0.00,0.00,0.00,0.00,0.00,219.10,0.21,47.26,0.00,0.00,0.00
219.60,0.43,94.68,0.00,0.00,0.00,0.00,0.00,0.00,217.16,0.21,46.55,0.00,0.00,0.00
217.78,0.43,94.50,0.00,0.00,0.00,0.00,0.00,0.00,219.73,0.22,47.74,0.00,0.00,0.00
221.05,0.43,95.28,0.00,0.00,0.00,0.00,0.00,0.00,216.41,0.21,46.36,0.00,0.00,0.00
218.48,0.43,94.51,0.00,0.00,0.00,0.00,0.00,0.00,218.57,0.21,47.03,0.00,0.00,0.00
220.78,0.43,95.30,0.00,0.00,0.00,0.00,0.00,0.00,217.26,0.21,46.55,0.00,0.00,0.00
218.35,0.43,93.50,0.00,0.00,0.00,0.00,0.00,0.00,214.07,0.21,45.17,0.00,0.00,0.00
218.03,0.43,94.09,0.00,0.00,0.00,0.00,0.00,0.00,216.99,0.21,46.54,0.00,0.00,0.00
217.69,0.43,94.12,0.00,0.00,0.00,0.00,0.00,0.00,220.64,0.21,47.20,0.00,0.00,0.00
221.89,0.43,95.72,0.00,0.00,0.00,0.00,0.00,0.00,217.50,0.21,46.55,0.00,0.00,0.00
218.34,0.43,94.06,0.00,0.00,0.00,0.00,0.00,0.00,216.63,0.21,46.32,0.00,0.00,0.00
219.42,0.43,94.55,0.00,0.00,0.00,0.00,0.00,0.00,216.76,0.21,46.34,0.00,0.00,0.00
217.82,0.43,94.02,0.00,0.00,0.00,0.00,0.00,0.00,217.80,0.21,46.82,0.00,0.00,0.00
218.83,0.43,94.29,0.00,0.00,0.00,0.00,0.00,0.00,217.20,0.21,46.40,0.00,0.00,0.00
218.14,0.43,94.15,0.00,0.00,0.00,0.00,0.00,0.00,217.49,0.21,46.62,0.00,0.00,0.00
220.80,0.43,95.24,0.00,0.00,0.00,0.00,0.00,0.00,217.71,0.21,46.60,0.00,0.00,0.00
217.80,0.43,93.68,0.00,0.00,0.00,0.00,0.00,0.00,216.19,0.21,46.15,0.00,0.00,0.00
219.46,0.43,94.94,0.00,0.00,0.00,0.00,0.00,0.00,218.45,0.21,47.03,0.00,0.00,0.00
218.89,0.43,93.90,0.00,0.00,0.00,0.00,0.00,0.00,214.46,0.21,45.41,0.00,0.00,0.00
219.91,0.43,95.04,0.00,0.00,0.00,0.00,0.00,0.00,218.22,0.21,47.02,0.00,0.00,0.00
219.08,0.43,94.34,0.00,0.00,0.00,0.00,0.00,0.00,216.69,0.21,46.36,0.00,0.00,0.00
219.27,0.43,94.80,0.00,0.00,0.00,0.00,0.00,0.00,218.05,0.21,46.88,0.00,0.00,0.00
217.98,0.43,93.96,0.00,0.00,0.00,0.00,0.00,0.00,217.03,0.21,46.52,0.00,0.00,0.00
220.19,0.43,95.02,0.00,0.00,0.00,0.00,0.00,0.00,217.23,0.21,46.55,0.00,0.00,0.00
218.15,0.43,93.79,0.00,0.00,0.00,0.00,0.00,0.00,215.96,0.21,45.98,0.00,0.00,0.00
218.40,0.43,94.18,0.00,0.00,0.00,0.00,0.00,0.00,217.92,0.21,46.61,0.00,0.00,0.00
219.01,0.43,94.36,0.00,0.00,0.00,0.00,0.00,0.00,216.52,0.21,46.37,0.00,0.00,0.00
219.27,0.43,94.77,0.00,0.00,0.00,0.00,0.00,0.00,218.03,0.21,46.86,0.00,0.00,0.00
219.57,0.43,94.66,0.00,0.00,0.00,0.00,0.00,0.00,216.97,0.21,46.53,0.00,0.00,0.00
218.60,0.43,94.44,0.00,0.00,0.00,0.00,0.00,0.00,218.57,0.21,47.05,0.00,0.00,0.00
220.32,0.44,96.12,0.00,0.00,0.00,0.00,0.00,0.00,222.55,0.22,48.85,0.00,0.00,0.00
220.27,0.43,95.29,0.00,0.00,0.00,0.00,0.00,0.00,218.78,0.21,47.10,0.00,0.00,0.00
218.52,0.43,93.25,0.00,0.00,0.00,0.00,0.00,0.00,212.55,0.21,44.70,0.00,0.00,0.00
220.41,0.43,95.20,0.00,0.00,0.00,0.00,0.00,0.00,217.75,0.21,46.71,0.00,0.00,0.00
218.57,0.43,94.12,0.00,0.00,0.00,0.00,0.00,0.00,216.47,0.21,46.30,0.00,0.00,0.00
218.66,0.43,93.67,0.00,0.00,0.00,0.00,0.00,0.00,214.47,0.21,45.45,0.00,0.00,0.00
218.67,0.43,94.19,0.00,0.00,0.00,0.00,0.00,0.00,216.69,0.21,46.23,0.00,0.00,0.00
218.24,0.43,94.47,0.00,0.00,0.00,0.00,0.00,0.00,219.03,0.21,47.22,0.00,0.00,0.00
222.59,0.43,95.95,0.00,0.00,0.00,0.00,0.00,0.00,221.34,0.21,46.71,0.00,0.00,0.00
217.22,0.43,93.83,0.00,0.00,0.00,0.00,0.00,0.00,217.90,0.21,46.79,0.00,0.00,0.00
218.73,0.43,93.29,0.00,0.00,0.00,0.00,0.00,0.00,212.30,0.21,44.46,0.00,0.00,0.00
219.57,0.43,94.87,0.00,0.00,0.00,0.00,0.00,0.00,217.85,0.21,46.79,0.00,0.00,0.00
218.54,0.43,94.09,0.00,0.00,0.00,0.00,0.00,0.00,216.55,0.21,46.23,0.00,0.00,0.00
217.53,0.43,93.82,0.00,0.00,0.00,0.00,0.00,0.00,217.75,0.21,46.73,0.00,0.00,0.00
221.69,0.43,95.63,0.00,0.00,0.00,0.00,0.00,0.00,217.43,0.21,46.67,0.00,0.00,0.00
220.12,0.43,95.07,0.00,0.00,0.00,0.00,0.00,0.00,218.34,0.21,46.86,0.00,0.00,0.00
219.57,0.43,94.81,0.00,0.00,0.00,0.00,0.00,0.00,218.10,0.21,46.87,0.00,0.00,0.00
219.80,0.43,94.88,0.00,0.00,0.00,0.00,0.00,0.00,217.88,0.21,46.85,0.00,0.00,0.00
218.44,0.43,94.09,0.00,0.00,0.00,0.00,0.00,0.00,217.08,0.21,46.35,0.00,0.00,0.00
220.16,0.43,94.76,0.00,0.00,0.00,0.00,0.00,0.00,216.25,0.21,46.22,0.00,0.00,0.00
217.29,0.43,93.93,0.00,0.00,0.00,0.00,0.00,0.00,217.96,0.21,47.00,0.00,0.00,0.00
218.91,0.43,94.18,0.00,0.00,0.00,0.00,0.00,0.00,216.36,0.21,46.20,0.00,0.00,0.00
217.23,0.43,92.96,0.00,0.00,0.00,0.00,0.00,0.00,213.96,0.21,45.25,0.00,0.00,0.00
220.25,0.43,94.77,0.00,0.00,0.00,0.00,0.00,0.00,216.58,0.21,46.12,0.00,0.00,0.00
218.02,0.43,93.86,0.00,0.00,0.00,0.00,0.00,0.00,217.03,0.21,46.34,0.00,0.00,0.00
219.01,0.43,93.97,0.00,0.00,0.00,0.00,0.00,0.00,215.41,0.21,45.71,0.00,0.00,0.00
218.85,0.43,93.67,0.00,0.00,0.00,0.00,0.00,0.00,214.01,0.21,45.16,0.00,0.00,0.00
219.80,0.43,94.86,0.00,0.00,0.00,0.00,0.00,0.00,217.12,0.21,46.49,0.00,0.00,0.00
218.22,0.43,93.57,0.00,0.00,0.00,0.00,0.00,0.00,215.03,0.21,45.50,0.00,0.00,0.00
220.39,0.43,95.06,0.00,0.00,0.00,0.00,0.00,0.00,217.46,0.21,46.68,0.00,0.00,0.00
218.43,0.43,94.36,0.00,0.00,0.00,0.00,0.00,0.00,218.26,0.21,46.88,0.00,0.00,0.00
215.93,0.43,93.06,0.00,0.00,0.00,0.00,0.00,0.00,216.78,0.21,46.38,0.00,0.00,0.00
219.87,0.43,95.19,0.00,0.00,0.00,0.00,0.00,0.00,219.31,0.21,47.31,0.00,0.00,0.00
219.68,0.43,94.67,0.00,0.00,0.00,0.00,0.00,0.00,216.17,0.21,46.19,0.00,0.00,0.00
219.08,0.43,94.75,0.00,0.00,0.00,0.00,0.00,0.00,218.87,0.21,47.13,0.00,0.00,0.00
216.38,0.43,93.33,0.00,0.00,0.00,0.00,0.00,0.00,217.55,0.21,46.70,0.00,0.00,0.00
218.85,0.43,93.49,0.00,0.00,0.00,0.00,0.00,0.00,212.90,0.21,44.88,0.00,0.00,0.00
213.91,0.43,92.07,0.00,0.00,0.00,0.00,0.00,0.00,216.45,0.21,46.11,0.00,0.00,0.00
227.43,0.43,97.78,0.00,0.00,0.00,0.00,0.00,0.00,216.73,0.21,46.07,0.00,0.00,0.00
218.34,0.43,93.86,0.00,0.00,0.00,0.00,0.00,0.00,215.90,0.21,46.00,0.00,0.00,0.00
220.00,0.43,94.91,0.00,0.00,0.00,0.00,0.00,0.00,217.90,0.21,46.67,0.00,0.00,0.00
217.17,0.43,93.77,0.00,0.00,0.00,0.00,0.00,0.00,218.09,0.21,46.93,0.00,0.00,0.00
220.07,0.43,94.61,0.00,0.00,0.00,0.00,0.00,0.00,215.38,0.21,45.92,0.00,0.00,0.00
217.96,0.43,94.24,0.00,0.00,0.00,0.00,0.00,0.00,218.53,0.21,47.10,0.00,0.00,0.00
212.97,0.43,91.75,0.00,0.00,0.00,0.00,0.00,0.00,217.03,0.21,46.51,0.00,0.00,0.00
217.89,0.43,93.92,0.00,0.00,0.00,0.00,0.00,0.00,217.11,0.21,46.47,0.00,0.00,0.00
220.36,0.43,94.72,0.00,0.00,0.00,0.00,0.00,0.00,215.43,0.21,45.82,0.00,0.00,0.00
218.11,0.43,93.90,0.00,0.00,0.00,0.00,0.00,0.00,216.73,0.21,46.20,0.00,0.00,0.00
219.45,0.43,93.67,0.00,0.00,0.00,0.00,0.00,0.00,212.40,0.21,44.52,0.00,0.00,0.00
218.42,0.43,93.41,0.00,0.00,0.00,0.00,0.00,0.00,213.66,0.21,44.99,0.00,0.00,0.00
220.21,0.43,94.76,0.00,0.00,0.00,0.00,0.00,0.00,216.08,0.21,46.03,0.00,0.00,0.00
220.41,0.43,95.05,0.00,0.00,0.00,0.00,0.00,0.00,217.66,0.21,46.58,0.00,0.00,0.00
218.66,0.43,94.38,0.00,0.00,0.00,0.00,0.00,0.00,217.72,0.21,46.76,0.00,0.00,0.00
217.48,0.43,93.61,0.00,0.00,0.00,0.00,0.00,0.00,216.19,0.21,46.23,0.00,0.00,0.00
218.23,0.43,93.96,0.00,0.00,0.00,0.00,0.00,0.00,217.26,0.21,46.46,0.00,0.00,0.00
216.83,0.43,93.60,0.00,0.00,0.00,0.00,0.00,0.00,218.11,0.21,46.90,0.00,0.00,0.00
221.13,0.43,95.57,0.00,0.00,0.00,0.00,0.00,0.00,218.31,0.21,47.01,0.00,0.00,0.00
218.06,0.43,94.04,0.00,0.00,0.00,0.00,0.00,0.00,217.58,0.21,46.57,0.00,0.00,0.00
220.29,0.43,95.26,0.00,0.00,0.00,0.00,0.00,0.00,218.26,0.21,47.03,0.00,0.00,0.00
218.62,0.43,94.02,0.00,0.00,0.00,0.00,0.00,0.00,215.40,0.21,45.82,0.00,0.00,0.00
219.50,0.43,94.72,0.00,0.00,0.00,0.00,0.00,0.00,217.13,0.21,46.52,0.00,0.00,0.00
217.55,0.43,93.92,0.00,0.00,0.00,0.00,0.00,0.00,218.05,0.21,46.76,0.00,0.00,0.00
219.38,0.43,94.51,0.00,0.00,0.00,0.00,0.00,0.00,216.70,0.21,46.26,0.00,0.00,0.00
217.70,0.43,93.84,0.00,0.00,0.00,0.00,0.00,0.00,217.05,0.21,46.41,0.00,0.00,0.00
219.89,0.43,94.70,0.00,0.00,0.00,0.00,0.00,0.00,216.78,0.21,46.39,0.00,0.00,0.00
217.32,0.43,93.63,0.00,0.00,0.00,0.00,0.00,0.00,216.77,0.21,46.38,0.00,0.00,0.00
217.75,0.43,94.14,0.00,0.00,0.00,0.00,0.00,0.00,218.99,0.21,47.09,0.00,0.00,0.00
222.77,0.43,96.00,0.00,0.00,0.00,0.00,0.00,0.00,216.92,0.21,46.34,0.00,0.00,0.00
219.66,0.43,94.87,0.00,0.00,0.00,0.00,0.00,0.00,219.16,0.21,47.13,0.00,0.00,0.00
220.04,0.43,95.17,0.00,0.00,0.00,0.00,0.00,0.00,218.46,0.21,47.14,0.00,0.00,0.00
218.58,0.43,94.11,0.00,0.00,0.00,0.00,0.00,0.00,216.84,0.21,46.30,0.00,0.00,0.00
220.58,0.43,94.82,0.00,0.00,0.00,0.00,0.00,0.00,215.88,0.21,45.93,0.00,0.00,0.00
219.73,0.43,94.50,0.00,0.00,0.00,0.00,0.00,0.00,215.84,0.21,45.95,0.00,0.00,0.00
218.85,0.43,94.61,0.00,0.00,0.00,0.00,0.00,0.00,218.85,0.21,47.13,0.00,0.00,0.00
219.08,0.43,94.41,0.00,0.00,0.00,0.00,0.00,0.00,217.15,0.21,46.44,0.00,0.00,0.00
218.40,0.43,94.47,0.00,0.00,0.00,0.00,0.00,0.00,218.67,0.21,47.10,0.00,0.00,0.00
218.92,0.43,94.08,0.00,0.00,0.00,0.00,0.00,0.00,216.26,0.21,45.99,0.00,0.00,0.00
218.52,0.43,94.23,0.00,0.00,0.00,0.00,0.00,0.00,216.94,0.21,46.53,0.00,0.00,0.00
219.41,0.43,94.59,0.00,0.00,0.00,0.00,0.00,0.00,217.57,0.21,46.53,0.00,0.00,0.00
218.57,0.43,94.30,0.00,0.00,0.00,0.00,0.00,0.00,217.45,0.21,46.60,0.00,0.00,0.00
220.56,0.43,94.52,0.00,0.00,0.00,0.00,0.00,0.00,214.15,0.21,45.30,0.00,0.00,0.00
219.03,0.43,94.56,0.00,0.00,0.00,0.00,0.00,0.00,218.09,0.21,46.91,0.00,0.00,0.00
220.32,0.43,95.17,0.00,0.00,0.00,0.00,0.00,0.00,217.56,0.21,46.69,0.00,0.00,0.00
220.80,0.43,95.79,0.00,0.00,0.00,0.00,0.00,0.00,220.14,0.22,47.75,0.00,0.00,0.00
219.77,0.43,94.90,0.00,0.00,0.00,0.00,0.00,0.00,218.11,0.21,46.91,0.00,0.00,0.00
219.35,0.43,94.95,0.00,0.00,0.00,0.00,0.00,0.00,218.99,0.21,47.22,0.00,0.00,0.00
219.29,0.43,94.35,0.00,0.00,0.00,0.00,0.00,0.00,216.04,0.21,46.16,0.00,0.00,0.00
218.83,0.43,94.43,0.00,0.00,0.00,0.00,0.00,0.00,217.66,0.21,46.65,0.00,0.00,0.00
223.69,0.43,96.27,0.00,0.00,0.00,0.00,0.00,0.00,217.12,0.21,46.30,0.00,0.00,0.00
219.06,0.43,94.27,0.00,0.00,0.00,0.00,0.00,0.00,216.71,0.21,46.17,0.00,0.00,0.00
219.69,0.43,94.52,0.00,0.00,0.00,0.00,0.00,0.00,216.36,0.21,46.07,0.00,0.00,0.00
219.04,0.43,94.49,0.00,0.00,0.00,0.00,0.00,0.00,218.32,0.21,46.76,0.00,0.00,0.00
217.17,0.43,93.45,0.00,0.00,0.00,0.00,0.00,0.00,215.92,0.21,46.01,0.00,0.00,0.00
220.63,0.43,95.45,0.00,0.00,0.00,0.00,0.00,0.00,218.68,0.21,47.09,0.00,0.00,0.00
219.24,0.43,94.63,0.00,0.00,0.00,0.00,0.00,0.00,217.20,0.21,46.58,0.00,0.00,0.00
219.38,0.43,94.91,0.00,0.00,0.00,0.00,0.00,0.00,219.50,0.21,47.39,0.00,0.00,0.00
217.92,0.43,93.96,0.00,0.00,0.00,0.00,0.00,0.00,217.41,0.21,46.48,0.00,0.00,0.00
220.56,0.43,95.16,0.00,0.00,0.00,0.00,0.00,0.00,217.60,0.21,46.63,0.00,0.00,0.00
217.38,0.43,93.73,0.00,0.00,0.00,0.00,0.00,0.00,217.43,0.21,46.51,0.00,0.00,0.00
218.75,0.43,94.51,0.00,0.00,0.00,0.00,0.00,0.00,218.52,0.21,46.96,0.00,0.00,0.00
219.10,0.43,94.42,0.00,0.00,0.00,0.00,0.00,0.00,217.10,0.21,46.46,0.00,0.00,0.00
219.31,0.43,94.93,0.00,0.00,0.00,0.00,0.00,0.00,219.00,0.21,47.36,0.00,0.00,0.00
219.88,0.43,94.04,0.00,0.00,0.00,0.00,0.00,0.00,213.42,0.21,45.09,0.00,0.00,0.00
220.04,0.43,95.09,0.00,0.00,0.00,0.00,0.00,0.00,218.71,0.21,47.00,0.00,0.00,0.00
219.90,0.43,94.64,0.00,0.00,0.00,0.00,0.00,0.00,216.94,0.21,46.22,0.00,0.00,0.00
221.01,0.43,94.79,0.00,0.00,0.00,0.00,0.00,0.00,214.91,0.21,45.51,0.00,0.00,0.00
220.17,0.43,94.75,0.00,0.00,0.00,0.00,0.00,0.00,216.83,0.21,46.21,0.00,0.00,0.00
219.16,0.43,94.77,0.00,0.00,0.00,0.00,0.00,0.00,218.62,0.21,47.12,0.00,0.00,0.00
219.33,0.43,94.39,0.00,0.00,0.00,0.00,0.00,0.00,216.84,0.21,46.20,0.00,0.00,0.00
218.23,0.43,93.99,0.00,0.00,0.00,0.00,0.00,0.00,216.74,0.21,46.28,0.00,0.00,0.00
218.53,0.43,93.98,0.00,0.00,0.00,0.00,0.00,0.00,216.63,0.21,46.22,0.00,0.00,0.00
220.01,0.43,94.87,0.00,0.00,0.00,0.00,0.00,0.00,217.45,0.21,46.55,0.00,0.00,0.00
218.23,0.43,93.87,0.00,0.00,0.00,0.00,0.00,0.00,216.50,0.21,46.18,0.00,0.00,0.00
219.69,0.43,94.58,0.00,0.00,0.00,0.00,0.00,0.00,216.88,0.21,46.38,0.00,0.00,0.00
218.56,0.43,94.32,0.00,0.00,0.00,0.00,0.00,0.00,217.77,0.21,46.80,0.00,0.00,0.00
218.34,0.43,93.98,0.00,0.00,0.00,0.00,0.00,0.00,216.51,0.21,46.33,0.00,0.00,0.00
217.81,0.43,94.00,0.00,0.00,0.00,0.00,0.00,0.00,217.72,0.21,46.66,0.00,0.00,0.00
221.09,0.43,95.06,0.00,0.00,0.00,0.00,0.00,0.00,216.03,0.21,45.99,0.00,0.00,0.00
220.07,0.43,95.02,0.00,0.00,0.00,0.00,0.00,0.00,218.02,0.21,46.93,0.00,0.00,0.00
217.55,0.43,93.98,0.00,0.00,0.00,0.00,0.00,0.00,218.17,0.21,46.85,0.00,0.00,0.00
219.90,0.43,94.71,0.00,0.00,0.00,0.00,0.00,0.00,216.44,0.21,46.25,0.00,0.00,0.00
216.95,0.43,93.09,0.00,0.00,0.00,0.00,0.00,0.00,215.58,0.21,45.67,0.00,0.00,0.00
219.25,0.43,94.60,0.00,0.00,0.00,0.00,0.00,0.00,218.08,0.21,46.74,0.00,0.00,0.00
218.73,0.43,94.00,0.00,0.00,0.00,0.00,0.00,0.00,215.67,0.21,45.93,0.00,0.00,0.00
218.32,0.43,93.81,0.00,0.00,0.00,0.00,0.00,0.00,214.88,0.21,45.66,0.00,0.00,0.00
217.93,0.43,93.90,0.00,0.00,0.00,0.00,0.00,0.00,217.25,0.21,46.41,0.00,0.00,0.00
218.43,0.43,94.26,0.00,0.00,0.00,0.00,0.00,0.00,217.77,0.21,46.76,0.00,0.00,0.00
217.22,0.43,93.89,0.00,0.00,0.00,0.00,0.00,0.00,218.80,0.21,47.05,0.00,0.00,0.00
219.57,0.43,94.59,0.00,0.00,0.00,0.00,0.00,0.00,216.99,0.21,46.34,0.00,0.00,0.00
218.10,0.43,93.99,0.00,0.00,0.00,0.00,0.00,0.00,217.80,0.21,46.67,0.00,0.00,0.00
219.11,0.43,94.46,0.00,0.00,0.00,0.00,0.00,0.00,217.43,0.21,46.64,0.00,0.00,0.00
218.97,0.43,94.08,0.00,0.00,0.00,0.00,0.00,0.00,216.67,0.21,45.89,0.00,0.00,0.00
219.80,0.43,94.88,0.00,0.00,0.00,0.00,0.00,0.00,218.03,0.21,46.74,0.00,0.00,0.00
217.53,0.43,93.46,0.00,0.00,0.00,0.00,0.00,0.00,216.39,0.21,45.99,0.00,0.00,0.00
217.41,0.43,93.16,0.00,0.00,0.00,0.00,0.00,0.00,215.11,0.21,45.42,0.00,0.00,0.00
218.55,0.43,94.51,0.00,0.00,0.00,0.00,0.00,0.00,218.49,0.21,47.12,0.00,0.00,0.00
217.88,0.43,93.84,0.00,0.00,0.00,0.00,0.00,0.00,217.32,0.21,46.38,0.00,0.00,0.00
219.37,0.43,94.65,0.00,0.00,0.00,0.00,0.00,0.00,217.25,0.21,46.54,0.00,0.00,0.00
218.38,0.43,94.12,0.00,0.00,0.00,0.00,0.00,0.00,217.56,0.21,46.50,0.00,0.00,0.00
219.44,0.43,94.62,0.00,0.00,0.00,0.00,0.00,0.00,217.27,0.21,46.56,0.00,0.00,0.00
220.17,0.43,95.06,0.00,0.00,0.00,0.00,0.00,0.00,218.29,0.21,46.94,0.00,0.00,0.00
217.89,0.43,93.91,0.00,0.00,0.00,0.00,0.00,0.00,217.08,0.21,46.55,0.00,0.00,0.00
219.99,0.43,94.86,0.00,0.00,0.00,0.00,0.00,0.00,217.45,0.21,46.53,0.00,0.00,0.00
218.25,0.43,93.89,0.00,0.00,0.00,0.00,0.00,0.00,216.14,0.21,46.04,0.00,0.00,0.00
220.05,0.43,95.05,0.00,0.00,0.00,0.00,0.00,0.00,217.88,0.21,46.77,0.00,0.00,0.00
219.06,0.43,94.29,0.00,0.00,0.00,0.00,0.00,0.00,216.17,0.21,46.21,0.00,0.00,0.00
220.22,0.43,94.91,0.00,0.00,0.00,0.00,0.00,0.00,216.74,0.21,46.40,0.00,0.00,0.00
218.40,0.43,94.41,0.00,0.00,0.00,0.00,0.00,0.00,218.71,0.21,47.16,0.00,0.00,0.00
220.04,0.43,95.20,0.00,0.00,0.00,0.00,0.00,0.00,219.40,0.21,47.40,0.00,0.00,0.00
217.36,0.43,93.28,0.00,0.00,0.00,0.00,0.00,0.00,215.65,0.21,45.67,0.00,0.00,0.00
219.20,0.43,94.40,0.00,0.00,0.00,0.00,0.00,0.00,216.71,0.21,46.39,0.00,0.00,0.00
218.33,0.43,94.21,0.00,0.00,0.00,0.00,0.00,0.00,217.07,0.21,46.54,0.00,0.00,0.00
218.29,0.43,93.54,0.00,0.00,0.00,0.00,0.00,0.00,215.11,0.21,45.47,0.00,0.00,0.00
218.33,0.43,94.29,0.00,0.00,0.00,0.00,0.00,0.00,218.00,0.21,46.91,0.00,0.00,0.00
218.84,0.43,94.08,0.00,0.00,0.00,0.00,0.00,0.00,216.53,0.21,46.05,0.00,0.00,0.00
217.31,0.43,93.90,0.00,0.00,0.00,0.00,0.00,0.00,218.23,0.21,47.02,0.00,0.00,0.00
215.84,0.43,93.05,0.00,0.00,0.00,0.00,0.00,0.00,217.69,0.21,46.56,0.00,0.00,0.00
217.09,0.43,93.60,0.00,0.00,0.00,0.00,0.00,0.00,217.03,0.21,46.42,0.00,0.00,0.00
220.35,0.43,95.12,0.00,0.00,0.00,0.00,0.00,0.00,217.95,0.21,46.89,0.00,0.00,0.00
217.14,0.43,93.49,0.00,0.00,0.00,0.00,0.00,0.00,216.53,0.21,46.33,0.00,0.00,0.00
220.04,0.43,94.94,0.00,0.00,0.00,0.00,0.00,0.00,217.86,0.21,46.80,0.00,0.00,0.00
218.70,0.43,94.04,0.00,0.00,0.00,0.00,0.00,0.00,216.78,0.21,46.25,0.00,0.00,0.00
226.73,0.43,97.43,0.00,0.00,0.00,0.00,0.00,0.00,216.41,0.21,46.11,0.00,0.00,0.00
216.96,0.43,93.50,0.00,0.00,0.00,0.00,0.00,0.00,217.34,0.21,46.58,0.00,0.00,0.00
219.61,0.43,94.87,0.00,0.00,0.00,0.00,0.00,0.00,218.43,0.21,46.92,0.00,0.00,0.00
217.34,0.43,93.55,0.00,0.00,0.00,0.00,0.00,0.00,216.75,0.21,46.28,0.00,0.00,0.00
220.18,0.43,95.16,0.00,0.00,0.00,0.00,0.00,0.00,218.66,0.21,47.14,0.00,0.00,0.00
215.17,0.43,92.74,0.00,0.00,0.00,0.00,0.00,0.00,216.92,0.21,46.16,0.00,0.00,0.00
215.92,0.43,92.67,0.00,0.00,0.00,0.00,0.00,0.00,215.90,0.21,45.75,0.00,0.00,0.00
219.37,0.43,94.24,0.00,0.00,0.00,0.00,0.00,0.00,215.23,0.21,45.82,0.00,0.00,0.00
219.24,0.43,94.69,0.00,0.00,0.00,0.00,0.00,0.00,218.16,0.21,46.97,0.00,0.00,0.00
220.96,0.43,95.31,0.00,0.00,0.00,0.00,0.00,0.00,217.69,0.21,46.75,0.00,0.00,0.00
219.31,0.43,94.37,0.00,0.00,0.00,0.00,0.00,0.00,216.65,0.21,46.16,0.00,0.00,0.00
218.82,0.43,94.56,0.00,0.00,0.00,0.00,0.00,0.00,217.61,0.21,46.90,0.00,0.00,0.00
215.26,0.43,92.50,0.00,0.00,0.00,0.00,0.00,0.00,218.04,0.21,46.10,0.00,0.00,0.00
221.77,0.43,95.86,0.00,0.00,0.00,0.00,0.00,0.00,218.38,0.21,46.96,0.00,0.00,0.00
219.04,0.43,94.21,0.00,0.00,0.00,0.00,0.00,0.00,216.95,0.21,46.17,0.00,0.00,0.00
215.10,0.43,92.94,0.00,0.00,0.00,0.00,0.00,0.00,218.04,0.21,46.96,0.00,0.00,0.00
220.21,0.43,94.85,0.00,0.00,0.00,0.00,0.00,0.00,217.03,0.21,46.47,0.00,0.00,0.00
217.85,0.43,94.01,0.00,0.00,0.00,0.00,0.00,0.00,218.39,0.21,46.86,0.00,0.00,0.00
221.21,0.43,95.28,0.00,0.00,0.00,0.00,0.00,0.00,217.27,0.21,46.48,0.00,0.00,0.00
219.45,0.43,95.39,0.00,0.00,0.00,0.00,0.00,0.00,221.30,0.22,48.23,0.00,0.00,0.00
221.88,0.43,95.87,0.00,0.00,0.00,0.00,0.00,0.00,218.46,0.21,47.06,0.00,0.00,0.00
218.89,0.43,94.84,0.00,0.00,0.00,0.00,0.00,0.00,220.52,0.22,47.64,0.00,0.00,0.00
219.37,0.43,94.72,0.00,0.00,0.00,0.00,0.00,0.00,218.57,0.21,46.91,0.00,0.00,0.00
220.08,0.43,94.60,0.00,0.00,0.00,0.00,0.00,0.00,215.83,0.21,45.91,0.00,0.00,0.00
217.54,0.43,93.82,0.00,0.00,0.00,0.00,0.00,0.00,217.57,0.21,46.66,0.00,0.00,0.00
215.09,0.43,92.91,0.00,0.00,0.00,0.00,0.00,0.00,218.35,0.21,47.07,0.00,0.00,0.00
217.97,0.43,94.12,0.00,0.00,0.00,0.00,0.00,0.00,217.80,0.21,46.85,0.00,0.00,0.00
220.41,0.43,94.79,0.00,0.00,0.00,0.00,0.00,0.00,216.79,0.21,46.12,0.00,0.00,0.00
218.51,0.43,94.02,0.00,0.00,0.00,0.00,0.00,0.00,216.82,0.21,46.27,0.00,0.00,0.00
219.44,0.43,94.51,0.00,0.00,0.00,0.00,0.00,0.00,217.21,0.21,46.38,0.00,0.00,0.00
218.19,0.43,93.78,0.00,0.00,0.00,0.00,0.00,0.00,216.12,0.21,46.03,0.00,0.00,0.00
220.65,0.43,95.08,0.00,0.00,0.00,0.00,0.00,0.00,217.64,0.21,46.52,0.00,0.00,0.00
218.50,0.43,93.41,0.00,0.00,0.00,0.00,0.00,0.00,213.73,0.21,45.07,0.00,0.00,0.00
218.96,0.43,94.31,0.00,0.00,0.00,0.00,0.00,0.00,217.45,0.21,46.42,0.00,0.00,0.00
218.13,0.43,94.06,0.00,0.00,0.00,0.00,0.00,0.00,217.72,0.21,46.60,0.00,0.00,0.00
224.43,0.43,96.59,0.00,0.00,0.00,0.00,0.00,0.00,216.93,0.21,46.25,0.00,0.00,0.00
219.82,0.43,95.14,0.00,0.00,0.00,0.00,0.00,0.00,219.24,0.21,47.28,0.00,0.00,0.00
218.78,0.43,93.90,0.00,0.00,0.00,0.00,0.00,0.00,215.48,0.21,45.72,0.00,0.00,0.00
218.39,0.43,94.25,0.00,0.00,0.00,0.00,0.00,0.00,218.52,0.21,46.99,0.00,0.00,0.00
219.56,0.43,94.41,0.00,0.00,0.00,0.00,0.00,0.00,216.36,0.21,46.16,0.00,0.00,0.00
217.54,0.43,93.93,0.00,0.00,0.00,0.00,0.00,0.00,217.96,0.21,46.76,0.00,0.00,0.00
220.28,0.43,95.13,0.00,0.00,0.00,0.00,0.00,0.00,218.24,0.21,46.85,0.00,0.00,0.00
219.66,0.43,94.54,0.00,0.00,0.00,0.00,0.00,0.00,216.66,0.21,46.19,0.00,0.00,0.00
219.98,0.43,94.97,0.00,0.00,0.00,0.00,0.00,0.00,217.67,0.21,46.76,0.00,0.00,0.00
220.14,0.43,94.58,0.00,0.00,0.00,0.00,0.00,0.00,215.79,0.21,45.83,0.00,0.00,0.00
219.69,0.43,94.81,0.00,0.00,0.00,0.00,0.00,0.00,218.10,0.21,46.75,0.00,0.00,0.00
218.58,0.43,93.58,0.00,0.00,0.00,0.00,0.00,0.00,214.07,0.21,45.32,0.00,0.00,0.00
219.93,0.43,94.80,0.00,0.00,0.00,0.00,0.00,0.00,217.42,0.21,46.47,0.00,0.00,0.00
219.99,0.43,94.41,0.00,0.00,0.00,0.00,0.00,0.00,217.40,0.21,45.95,0.00,0.00,0.00
220.03,0.43,94.65,0.00,0.00,0.00,0.00,0.00,0.00,216.98,0.21,46.34,0.00,0.00,0.00
219.28,0.43,94.84,0.00,0.00,0.00,0.00,0.00,0.00,219.29,0.21,47.38,0.00,0.00,0.00
219.29,0.43,94.59,0.00,0.00,0.00,0.00,0.00,0.00,218.06,0.21,46.84,0.00,0.00,0.00
218.18,0.43,94.16,0.00,0.00,0.00,0.00,0.00,0.00,217.79,0.21,46.82,0.00,0.00,0.00
215.67,0.43,93.19,0.00,0.00,0.00,0.00,0.00,0.00,218.20,0.21,46.91,0.00,0.00,0.00
217.57,0.43,93.62,0.00,0.00,0.00,0.00,0.00,0.00,216.74,0.21,46.27,0.00,0.00,0.00
218.44,0.43,94.27,0.00,0.00,0.00,0.00,0.00,0.00,220.04,0.21,46.83,0.00,0.00,0.00
220.66,0.43,94.70,0.00,0.00,0.00,0.00,0.00,0.00,215.69,0.21,45.77,0.00,0.00,0.00
219.23,0.43,94.58,0.00,0.00,0.00,0.00,0.00,0.00,217.55,0.21,46.75,0.00,0.00,0.00
218.27,0.43,93.88,0.00,0.00,0.00,0.00,0.00,0.00,216.46,0.21,46.06,0.00,0.00,0.00
218.76,0.43,94.57,0.00,0.00,0.00,0.00,0.00,0.00,218.49,0.21,47.13,0.00,0.00,0.00
220.00,0.43,94.71,0.00,0.00,0.00,0.00,0.00,0.00,216.51,0.21,46.31,0.00,0.00,0.00
218.58,0.43,94.07,0.00,0.00,0.00,0.00,0.00,0.00,217.12,0.21,46.31,0.00,0.00,0.00
219.98,0.43,94.75,0.00,0.00,0.00,0.00,0.00,0.00,217.60,0.21,46.57,0.00,0.00,0.00
217.09,0.43,93.88,0.00,0.00,0.00,0.00,0.00,0.00,219.18,0.21,47.28,0.00,0.00,0.00
219.60,0.43,94.23,0.00,0.00,0.00,0.00,0.00,0.00,215.40,0.21,45.71,0.00,0.00,0.00
218.76,0.43,94.42,0.00,0.00,0.00,0.00,0.00,0.00,217.80,0.21,46.70,0.00,0.00,0.00
220.66,0.43,94.97,0.00,0.00,0.00,0.00,0.00,0.00,216.47,0.21,46.24,0.00,0.00,0.00
218.03,0.43,94.39,0.00,0.00,0.00,0.00,0.00,0.00,219.34,0.21,47.44,0.00,0.00,0.00
218.93,0.43,93.95,0.00,0.00,0.00,0.00,0.00,0.00,215.95,0.21,45.76,0.00,0.00,0.00
217.87,0.43,94.07,0.00,0.00,0.00,0.00,0.00,0.00,218.72,0.21,47.02,0.00,0.00,0.00
219.01,0.43,94.27,0.00,0.00,0.00,0.00,0.00,0.00,214.19,0.21,45.53,0.00,0.00,0.00
222.42,0.43,96.25,0.00,0.00,0.00,0.00,0.00,0.00,218.87,0.21,47.20,0.00,0.00,0.00
218.57,0.43,94.11,0.00,0.00,0.00,0.00,0.00,0.00,217.46,0.21,46.45,0.00,0.00,0.00
219.90,0.43,95.13,0.00,0.00,0.00,0.00,0.00,0.00,218.89,0.21,47.29,0.00,0.00,0.00
220.73,0.43,95.03,0.00,0.00,0.00,0.00,0.00,0.00,216.23,0.21,46.10,0.00,0.00,0.00
218.73,0.43,93.94,0.00,0.00,0.00,0.00,0.00,0.00,216.51,0.21,45.98,0.00,0.00,0.00
220.00,0.43,95.12,0.00,0.00,0.00,0.00,0.00,0.00,218.64,0.21,47.08,0.00,0.00,0.00
218.42,0.43,93.93,0.00,0.00,0.00,0.00,0.00,0.00,219.89,0.21,46.70,0.00,0.00,0.00
218.64,0.43,94.59,0.00,0.00,0.00,0.00,0.00,0.00,218.88,0.21,47.29,0.00,0.00,0.00
219.68,0.43,94.64,0.00,0.00,0.00,0.00,0.00,0.00,216.58,0.21,46.38,0.00,0.00,0.00
218.25,0.43,93.96,0.00,0.00,0.00,0.00,0.00,0.00,216.89,0.21,46.29,0.00,0.00,0.00
219.74,0.43,94.72,0.00,0.00,0.00,0.00,0.00,0.00,217.56,0.21,46.59,0.00,0.00,0.00
217.32,0.43,93.88,0.00,0.00,0.00,0.00,0.00,0.00,218.43,0.21,46.90,0.00,0.00,0.00
219.42,0.43,94.63,0.00,0.00,0.00,0.00,0.00,0.00,217.49,0.21,46.70,0.00,0.00,0.00
219.56,0.43,94.56,0.00,0.00,0.00,0.00,0.00,0.00,219.90,0.21,46.90,0.00,0.00,0.00
216.84,0.43,93.40,0.00,0.00,0.00,0.00,0.00,0.00,216.74,0.21,46.30,0.00,0.00,0.00
218.52,0.43,94.26,0.00,0.00,0.00,0.00,0.00,0.00,218.45,0.21,46.78,0.00,0.00,0.00
219.39,0.43,94.57,0.00,0.00,0.00,0.00,0.00,0.00,217.81,0.21,46.67,0.00,0.00,0.00
218.44,0.43,93.98,0.00,0.00,0.00,0.00,0.00,0.00,216.57,0.21,46.22,0.00,0.00,0.00
219.16,0.43,94.73,0.00,0.00,0.00,0.00,0.00,0.00,219.33,0.21,47.27,0.00,0.00,0.00
218.40,0.43,93.09,0.00,0.00,0.00,0.00,0.00,0.00,212.92,0.21,44.53,0.00,0.00,0.00
220.74,0.43,95.37,0.00,0.00,0.00,0.00,0.00,0.00,223.18,0.21,47.57,0.00,0.00,0.00
218.15,0.43,94.36,0.00,0.00,0.00,0.00,0.00,0.00,219.36,0.21,47.25,0.00,0.00,0.00
220.17,0.43,94.75,0.00,0.00,0.00,0.00,0.00,0.00,216.53,0.21,46.21,0.00,0.00,0.00
219.48,0.43,94.57,0.00,0.00,0.00,0.00,0.00,0.00,217.26,0.21,46.55,0.00,0.00,0.00
218.61,0.43,94.82,0.00,0.00,0.00,0.00,0.00,0.00,220.23,0.22,47.71,0.00,0.00,0.00
219.21,0.43,94.38,0.00,0.00,0.00,0.00,0.00,0.00,216.87,0.21,46.39,0.00,0.00,0.00
219.50,0.43,94.55,0.00,0.00,0.00,0.00,0.00,0.00,217.76,0.21,46.63,0.00,0.00,0.00
220.18,0.43,94.46,0.00,0.00,0.00,0.00,0.00,0.00,215.68,0.21,45.67,0.00,0.00,0.00
220.37,0.52,114.31,0.00,0.00,0.00,219.67,0.23,43.47,0.00,0.07,0.00,0.00,0.00,0.00
220.36,0.46,102.08,0.00,0.00,0.00,219.66,0.18,26.70,0.00,0.07,0.00,0.00,0.00,0.00
221.48,0.31,69.54,0.00,0.00,0.00,0.00,0.10,0.00,0.00,0.00,0.00,0.00,0.00,0.00
220.51,0.22,48.41,0.00,0.00,0.00,0.00,0.00,0.00,0.00,0.00,0.00,0.00,0.00,0.00
219.35,0.22,47.84,0.00,0.00,0.00,0.00,0.00,0.00,0.00,0.00,0.00,0.00,0.00,0.00
219.30,0.22,47.91,0.00,0.00,0.00,0.00,0.00,0.00,0.00,0.00,0.00,0.00,0.00,0.00
221.53,0.22,48.80,0.00,0.00,0.00,0.00,0.00,0.00,0.00,0.00,0.00,0.00,0.00,0.00
219.80,0.22,48.09,0.00,0.00,0.00,0.00,0.00,0.00,0.00,0.00,0.00,0.00,0.00,0.00
220.53,0.22,48.43,0.00,0.00,0.00,0.00,0.00,0.00,0.00,0.00,0.00,0.00,0.00,0.00
220.16,0.22,48.30,0.00,0.00,0.00,0.00,0.00,0.00,0.00,0.00,0.00,0.00,0.00,0.00
226.61,0.22,50.93,0.00,0.00,0.00,0.00,0.00,0.00,0.00,0.00,0.00,0.00,0.00,0.00
220.10,0.22,48.26,0.00,0.00,0.00,0.00,0.00,0.00,0.00,0.00,0.00,0.00,0.00,0.00
221.46,0.22,48.82,0.00,0.00,0.00,0.00,0.00,0.00,0.00,0.00,0.00,0.00,0.00,0.00
220.54,0.22,48.63,0.00,0.00,0.00,0.00,0.00,0.00,0.00,0.00,0.00,0.00,0.00,0.00
219.06,0.22,47.74,0.00,0.00,0.00,0.00,0.00,0.00,0.00,0.00,0.00,0.00,0.00,0.00
220.89,0.22,48.25,0.00,0.00,0.00,0.00,0.00,0.00,0.00,0.00,0.00,0.00,0.00,0.00
219.19,0.22,47.79,0.00,0.00,0.00,0.00,0.00,0.00,0.00,0.00,0.00,0.00,0.00,0.00
221.59,0.22,48.78,0.00,0.00,0.00,0.00,0.00,0.00,0.00,0.00,0.00,0.00,0.00,0.00
220.66,0.22,48.36,0.00,0.00,0.00,0.00,0.00,0.00,0.00,0.00,0.00,0.00,0.00,0.00
220.44,0.22,48.52,0.00,0.00,0.00,0.00,0.00,0.00,0.00,0.00,0.00,0.00,0.00,0.00
220.79,0.22,48.48,0.00,0.00,0.00,0.00,0.00,0.00,0.00,0.00,0.00,0.00,0.00,0.00
219.50,0.22,47.86,0.00,0.00,0.00,0.00,0.00,0.00,0.00,0.00,0.00,0.00,0.00,0.00
219.35,0.22,47.86,0.00,0.00,0.00,0.00,0.00,0.00,0.00,0.00,0.00,0.00,0.00,0.00
220.10,0.22,48.07,0.00,0.00,0.00,0.00,0.00,0.00,0.00,0.00,0.00,0.00,0.00,0.00
219.51,0.22,47.92,0.00,0.00,0.00,0.00,0.00,0.00,0.00,0.00,0.00,0.00,0.00,0.00
220.37,0.22,48.28,0.00,0.00,0.00,0.00,0.00,0.00,0.00,0.00,0.00,0.00,0.00,0.00
220.01,0.22,48.19,0.00,0.00,0.00,0.00,0.00,0.00,0.00,0.00,0.00,0.00,0.00,0.00
219.91,0.22,48.10,0.00,0.00,0.00,0.00,0.00,0.00,0.00,0.00,0.00,0.00,0.00,0.00
220.24,0.22,48.38,0.00,0.00,0.00,0.00,0.00,0.00,0.00,0.00,0.00,0.00,0.00,0.00
213.69,0.21,45.57,0.00,0.00,0.00,0.00,0.00,0.00,0.00,0.00,0.00,0.00,0.00,0.00
220.04,0.22,48.17,0.00,0.00,0.00,0.00,0.00,0.00,0.00,0.00,0.00,0.00,0.00,0.00
221.10,0.22,48.67,0.00,0.00,0.00,0.00,0.00,0.00,0.00,0.00,0.00,0.00,0.00,0.00
219.65,0.22,48.02,0.00,0.00,0.00,0.00,0.00,0.00,0.00,0.00,0.00,0.00,0.00,0.00
219.02,0.22,47.84,0.00,0.00,0.00,0.00,0.00,0.00,0.00,0.00,0.00,0.00,0.00,0.00
221.14,0.22,48.59,0.00,0.00,0.00,0.00,0.00,0.00,0.00,0.00,0.00,0.00,0.00,0.00
216.52,0.22,46.67,0.00,0.00,0.00,0.00,0.00,0.00,0.00,0.00,0.00,0.00,0.00,0.00
220.83,0.22,48.43,0.00,0.00,0.00,0.00,0.00,0.00,0.00,0.00,0.00,0.00,0.00,0.00
220.47,0.22,48.24,0.00,0.00,0.00,0.00,0.00,0.00,0.00,0.00,0.00,0.00,0.00,0.00
218.11,0.22,47.48,0.00,0.00,0.00,0.00,0.00,0.00,0.00,0.00,0.00,0.00,0.00,0.00
219.56,0.22,47.92,0.00,0.00,0.00,0.00,0.00,0.00,0.00,0.00,0.00,0.00,0.00,0.00
220.61,0.22,48.39,0.00,0.00,0.00,0.00,0.00,0.00,0.00,0.00,0.00,0.00,0.00,0.00
220.69,0.22,48.52,0.00,0.00,0.00,0.00,0.00,0.00,0.00,0.00,0.00,0.00,0.00,0.00
219.60,0.22,48.09,0.00,0.00,0.00,0.00,0.00,0.00,0.00,0.00,0.00,0.00,0.00,0.00
219.97,0.22,48.10,0.00,0.00,0.00,0.00,0.00,0.00,0.00,0.00,0.00,0.00,0.00,0.00
219.40,0.22,47.93,0.00,0.00,0.00,0.00,0.00,0.00,0.00,0.00,0.00,0.00,0.00,0.00
221.52,0.22,48.82,0.00,0.00,0.00,0.00,0.00,0.00,0.00,0.00,0.00,0.00,0.00,0.00
221.11,0.22,48.69,0.00,0.00,0.00,0.00,0.00,0.00,0.00,0.00,0.00,0.00,0.00,0.00
219.40,0.22,47.90,0.00,0.00,0.00,0.00,0.00,0.00,0.00,0.00,0.00,0.00,0.00,0.00
218.58,0.22,47.53,0.00,0.00,0.00,0.00,0.00,0.00,0.00,0.00,0.00,0.00,0.00,0.00
219.39,0.22,47.97,0.00,0.00,0.00,0.00,0.00,0.00,0.00,0.00,0.00,0.00,0.00,0.00
218.97,0.22,47.73,0.00,0.00,0.00,0.00,0.00,0.00,0.00,0.00,0.00,0.00,0.00,0.00
219.20,0.22,47.75,0.00,0.00,0.00,0.00,0.00,0.00,0.00,0.00,0.00,0.00,0.00,0.00
220.65,0.22,48.37,0.00,0.00,0.00,0.00,0.00,0.00,0.00,0.00,0.00,0.00,0.00,0.00
221.12,0.22,48.66,0.00,0.00,0.00,0.00,0.00,0.00,0.00,0.00,0.00,0.00,0.00,0.00
220.53,0.22,48.29,0.00,0.00,0.00,0.00,0.00,0.00,0.00,0.00,0.00,0.00,0.00,0.00
220.86,0.22,48.56,0.00,0.00,0.00,0.00,0.00,0.00,0.00,0.00,0.00,0.00,0.00,0.00
221.53,0.22,48.72,0.00,0.00,0.00,0.00,0.00,0.00,0.00,0.00,0.00,0.00,0.00,0.00
222.47,0.22,49.30,0.00,0.00,0.00,0.00,0.00,0.00,0.00,0.00,0.00,0.00,0.00,0.00
219.90,0.22,48.07,0.00,0.00,0.00,0.00,0.00,0.00,0.00,0.00,0.00,0.00,0.00,0.00
220.21,0.22,48.20,0.00,0.00,0.00,0.00,0.00,0.00,0.00,0.00,0.00,0.00,0.00,0.00
219.80,0.22,48.01,0.00,0.00,0.00,0.00,0.00,0.00,0.00,0.00,0.00,0.00,0.00,0.00
220.64,0.22,48.42,0.00,0.00,0.00,0.00,0.00,0.00,0.00,0.00,0.00,0.00,0.00,0.00
219.65,0.22,48.00,0.00,0.00,0.00,0.00,0.00,0.00,0.00,0.00,0.00,0.00,0.00,0.00
221.88,0.22,48.91,0.00,0.00,0.00,0.00,0.00,0.00,0.00,0.00,0.00,0.00,0.00,0.00
219.25,0.22,47.90,0.00,0.00,0.00,0.00,0.00,0.00,0.00,0.00,0.00,0.00,0.00,0.00
221.21,0.22,48.77,0.00,0.00,0.00,0.00,0.00,0.00,0.00,0.00,0.00,0.00,0.00,0.00
220.15,0.22,48.17,0.00,0.00,0.00,0.00,0.00,0.00,0.00,0.00,0.00,0.00,0.00,0.00
220.84,0.22,48.46,0.00,0.00,0.00,0.00,0.00,0.00,0.00,0.00,0.00,0.00,0.00,0.00
220.32,0.22,48.07,0.00,0.00,0.00,0.00,0.00,0.00,0.00,0.00,0.00,0.00,0.00,0.00
220.45,0.22,48.38,0.00,0.00,0.00,0.00,0.00,0.00,0.00,0.00,0.00,0.00,0.00,0.00
218.85,0.22,47.67,0.00,0.00,0.00,0.00,0.00,0.00,0.00,0.00,0.00,0.00,0.00,0.00
216.43,0.22,46.67,0.00,0.00,0.00,0.00,0.00,0.00,0.00,0.00,0.00,0.00,0.00,0.00
220.63,0.22,48.42,0.00,0.00,0.00,0.00,0.00,0.00,0.00,0.00,0.00,0.00,0.00,0.00
222.14,0.22,49.00,0.00,0.00,0.00,0.00,0.00,0.00,0.00,0.00,0.00,0.00,0.00,0.00
220.01,0.22,48.23,0.00,0.00,0.00,0.00,0.00,0.00,0.00,0.00,0.00,0.00,0.00,0.00
223.21,0.22,49.39,0.00,0.00,0.00,0.00,0.00,0.00,0.00,0.00,0.00,0.00,0.00,0.00
220.34,0.22,48.27,0.00,0.00,0.00,0.00,0.00,0.00,0.00,0.00,0.00,0.00,0.00,0.00
220.56,0.22,48.31,0.00,0.00,0.00,0.00,0.00,0.00,0.00,0.00,0.00,0.00,0.00,0.00
220.58,0.22,48.46,0.00,0.00,0.00,0.00,0.00,0.00,0.00,0.00,0.00,0.00,0.00,0.00
220.10,0.22,48.12,0.00,0.00,0.00,0.00,0.00,0.00,0.00,0.00,0.00,0.00,0.00,0.00
219.81,0.22,48.09,0.00,0.00,0.00,0.00,0.00,0.00,0.00,0.00,0.00,0.00,0.00,0.00
219.01,0.22,47.55,0.00,0.00,0.00,0.00,0.00,0.00,0.00,0.00,0.00,0.00,0.00,0.00
221.36,0.22,48.65,0.00,0.00,0.00,0.00,0.00,0.00,0.00,0.00,0.00,0.00,0.00,0.00
216.85,0.21,46.53,0.00,0.00,0.00,0.00,0.00,0.00,0.00,0.00,0.00,0.00,0.00,0.00
217.85,0.22,47.29,0.00,0.00,0.00,0.00,0.00,0.00,0.00,0.00,0.00,0.00,0.00,0.00
220.19,0.22,48.16,0.00,0.00,0.00,0.00,0.00,0.00,0.00,0.00,0.00,0.00,0.00,0.00
220.50,0.22,48.44,0.00,0.00,0.00,0.00,0.00,0.00,0.00,0.00,0.00,0.00,0.00,0.00
218.35,0.22,47.46,0.00,0.00,0.00,0.00,0.00,0.00,0.00,0.00,0.00,0.00,0.00,0.00
220.32,0.22,48.29,0.00,0.00,0.00,0.00,0.00,0.00,0.00,0.00,0.00,0.00,0.00,0.00
219.91,0.22,48.27,0.00,0.00,0.00,0.00,0.00,0.00,0.00,0.00,0.00,0.00,0.00,0.00
220.99,0.22,48.55,0.00,0.00,0.00,0.00,0.00,0.00,0.00,0.00,0.00,0.00,0.00,0.00
219.38,0.22,47.86,0.00,0.00,0.00,0.00,0.00,0.00,0.00,0.00,0.00,0.00,0.00,0.00
221.09,0.22,48.47,0.00,0.00,0.00,0.00,0.00,0.00,0.00,0.00,0.00,0.00,0.00,0.00
219.67,0.22,47.87,0.00,0.00,0.00,0.00,0.00,0.00,0.00,0.00,0.00,0.00,0.00,0.00
216.37,0.22,46.55,0.00,0.00,0.00,0.00,0.00,0.00,0.00,0.00,0.00,0.00,0.00,0.00
221.24,0.22,48.46,0.00,0.00,0.00,0.00,0.00,0.00,0.00,0.00,0.00,0.00,0.00,0.00
220.70,0.22,48.39,0.00,0.00,0.00,0.00,0.00,0.00,0.00,0.00,0.00,0.00,0.00,0.00
220.01,0.22,48.08,0.00,0.00,0.00,0.00,0.00,0.00,0.00,0.00,0.00,0.00,0.00,0.00
220.52,0.22,48.32,0.00,0.00,0.00,0.00,0.00,0.00,0.00,0.00,0.00,0.00,0.00,0.00
219.34,0.22,47.74,0.00,0.00,0.00,0.00,0.00,0.00,0.00,0.00,0.00,0.00,0.00,0.00
219.52,0.22,47.88,0.00,0.00,0.00,0.00,0.00,0.00,0.00,0.00,0.00,0.00,0.00,0.00
221.80,0.22,49.10,0.00,0.00,0.00,0.00,0.00,0.00,0.00,0.00,0.00,0.00,0.00,0.00
218.73,0.22,47.43,0.00,0.00,0.00,0.00,0.00,0.00,0.00,0.00,0.00,0.00,0.00,0.00
219.67,0.22,47.92,0.00,0.00,0.00,0.00,0.00,0.00,0.00,0.00,0.00,0.00,0.00,0.00
221.53,0.22,48.75,0.00,0.00,0.00,0.00,0.00,0.00,0.00,0.00,0.00,0.00,0.00,0.00
219.47,0.22,47.86,0.00,0.00,0.00,0.00,0.00,0.00,0.00,0.00,0.00,0.00,0.00,0.00
221.01,0.22,48.54,0.00,0.00,0.00,0.00,0.00,0.00,0.00,0.00,0.00,0.00,0.00,0.00
220.19,0.22,48.30,0.00,0.00,0.00,0.00,0.00,0.00,0.00,0.00,0.00,0.00,0.00,0.00
220.66,0.22,48.48,0.00,0.00,0.00,0.00,0.00,0.00,0.00,0.00,0.00,0.00,0.00,0.00
218.93,0.22,47.61,0.00,0.00,0.00,0.00,0.00,0.00,0.00,0.00,0.00,0.00,0.00,0.00
216.79,0.22,46.67,0.00,0.00,0.00,0.00,0.00,0.00,0.00,0.00,0.00,0.00,0.00,0.00
218.78,0.22,47.59,0.00,0.00,0.00,0.00,0.00,0.00,0.00,0.00,0.00,0.00,0.00,0.00
222.13,0.22,48.79,0.00,0.00,0.00,0.00,0.00,0.00,0.00,0.00,0.00,0.00,0.00,0.00
220.78,0.22,48.47,0.00,0.00,0.00,0.00,0.00,0.00,0.00,0.00,0.00,0.00,0.00,0.00
220.44,0.22,48.24,0.00,0.00,0.00,0.00,0.00,0.00,0.00,0.00,0.00,0.00,0.00,0.00
219.63,0.22,47.80,0.00,0.00,0.00,0.00,0.00,0.00,0.00,0.00,0.00,0.00,0.00,0.00
220.34,0.22,48.28,0.00,0.00,0.00,0.00,0.00,0.00,0.00,0.00,0.00,0.00,0.00,0.00
216.92,0.22,46.80,0.00,0.00,0.00,0.00,0.00,0.00,0.00,0.00,0.00,0.00,0.00,0.00
220.66,0.22,48.48,0.00,0.00,0.00,0.00,0.00,0.00,0.00,0.00,0.00,0.00,0.00,0.00
219.88,0.22,48.11,0.00,0.00,0.00,0.00,0.00,0.00,0.00,0.00,0.00,0.00,0.00,0.00
220.52,0.22,48.26,0.00,0.00,0.00,0.00,0.00,0.00,0.00,0.00,0.00,0.00,0.00,0.00
218.50,0.22,47.48,0.00,0.00,0.00,0.00,0.00,0.00,0.00,0.00,0.00,0.00,0.00,0.00
220.64,0.22,48.46,0.00,0.00,0.00,0.00,0.00,0.00,0.00,0.00,0.00,0.00,0.00,0.00
219.92,0.22,48.08,0.00,0.00,0.00,0.00,0.00,0.00,0.00,0.00,0.00,0.00,0.00,0.00
220.60,0.22,48.32,0.00,0.00,0.00,0.00,0.00,0.00,0.00,0.00,0.00,0.00,0.00,0.00
219.96,0.22,48.22,0.00,0.00,0.00,0.00,0.00,0.00,0.00,0.00,0.00,0.00,0.00,0.00
222.06,0.22,49.08,0.00,0.00,0.00,0.00,0.00,0.00,0.00,0.00,0.00,0.00,0.00,0.00
221.72,0.22,48.87,0.00,0.00,0.00,0.00,0.00,0.00,0.00,0.00,0.00,0.00,0.00,0.00
222.45,0.22,49.22,0.00,0.00,0.00,0.00,0.00,0.00,0.00,0.00,0.00,0.00,0.00,0.00
220.09,0.22,48.23,0.00,0.00,0.00,0.00,0.00,0.00,0.00,0.00,0.00,0.00,0.00,0.00
221.52,0.22,48.61,0.00,0.00,0.00,0.00,0.00,0.00,0.00,0.00,0.00,0.00,0.00,0.00
220.79,0.22,48.46,0.00,0.00,0.00,0.00,0.00,0.00,0.00,0.00,0.00,0.00,0.00,0.00
220.60,0.22,48.39,0.00,0.00,0.00,0.00,0.00,0.00,0.00,0.00,0.00,0.00,0.00,0.00
220.91,0.22,48.49,0.00,0.00,0.00,0.00,0.00,0.00,0.00,0.00,0.00,0.00,0.00,0.00
218.22,0.22,47.40,0.00,0.00,0.00,0.00,0.00,0.00,0.00,0.00,0.00,0.00,0.00,0.00
220.22,0.22,48.25,0.00,0.00,0.00,0.00,0.00,0.00,0.00,0.00,0.00,0.00,0.00,0.00
220.61,0.22,48.44,0.00,0.00,0.00,0.00,0.00,0.00,0.00,0.00,0.00,0.00,0.00,0.00
221.48,0.22,48.70,0.00,0.00,0.00,0.00,0.00,0.00,0.00,0.00,0.00,0.00,0.00,0.00
221.11,0.22,48.50,0.00,0.00,0.00,0.00,0.00,0.00,0.00,0.00,0.00,0.00,0.00,0.00
218.88,0.22,47.59,0.00,0.00,0.00,0.00,0.00,0.00,0.00,0.00,0.00,0.00,0.00,0.00
219.99,0.22,48.18,0.00,0.00,0.00,0.00,0.00,0.00,0.00,0.00,0.00,0.00,0.00,0.00
221.66,0.22,48.81,0.00,0.00,0.00,0.00,0.00,0.00,0.00,0.00,0.00,0.00,0.00,0.00
219.50,0.22,47.90,0.00,0.00,0.00,0.00,0.00,0.00,0.00,0.00,0.00,0.00,0.00,0.00
220.12,0.22,48.15,0.00,0.00,0.00,0.00,0.00,0.00,0.00,0.00,0.00,0.00,0.00,0.00
217.62,0.22,47.14,0.00,0.00,0.00,0.00,0.00,0.00,0.00,0.00,0.00,0.00,0.00,0.00
221.74,0.22,48.77,0.00,0.00,0.00,0.00,0.00,0.00,0.00,0.00,0.00,0.00,0.00,0.00
224.70,0.22,50.23,0.00,0.00,0.00,0.00,0.00,0.00,0.00,0.00,0.00,0.00,0.00,0.00
217.97,0.22,47.41,0.00,0.00,0.00,0.00,0.00,0.00,0.00,0.00,0.00,0.00,0.00,0.00
219.20,0.22,47.69,0.00,0.00,0.00,0.00,0.00,0.00,0.00,0.00,0.00,0.00,0.00,0.00
220.21,0.22,48.15,0.00,0.00,0.00,0.00,0.00,0.00,0.00,0.00,0.00,0.00,0.00,0.00
219.98,0.22,48.06,0.00,0.00,0.00,0.00,0.00,0.00,0.00,0.00,0.00,0.00,0.00,0.00
219.71,0.22,48.01,0.00,0.00,0.00,0.00,0.00,0.00,0.00,0.00,0.00,0.00,0.00,0.00
220.12,0.22,48.16,0.00,0.00,0.00,0.00,0.00,0.00,0.00,0.00,0.00,0.00,0.00,0.00
220.54,0.22,48.40,0.00,0.00,0.00,0.00,0.00,0.00,0.00,0.00,0.00,0.00,0.00,0.00
220.87,0.22,48.44,0.00,0.00,0.00,0.00,0.00,0.00,0.00,0.00,0.00,0.00,0.00,0.00
219.96,0.22,47.90,0.00,0.00,0.00,0.00,0.00,0.00,0.00,0.00,0.00,0.00,0.00,0.00
218.80,0.22,47.58,0.00,0.00,0.00,0.00,0.00,0.00,0.00,0.00,0.00,0.00,0.00,0.00
220.86,0.22,48.39,0.00,0.00,0.00,0.00,0.00,0.00,0.00,0.00,0.00,0.00,0.00,0.00
219.82,0.22,48.01,0.00,0.00,0.00,0.00,0.00,0.00,0.00,0.00,0.00,0.00,0.00,0.00
221.17,0.22,48.73,0.00,0.00,0.00,0.00,0.00,0.00,0.00,0.00,0.00,0.00,0.00,0.00
222.02,0.22,49.03,0.00,0.00,0.00,0.00,0.00,0.00,0.00,0.00,0.00,0.00,0.00,0.00
218.08,0.22,47.41,0.00,0.00,0.00,0.00,0.00,0.00,0.00,0.00,0.00,0.00,0.00,0.00
220.30,0.22,48.21,0.00,0.00,0.00,0.00,0.00,0.00,0.00,0.00,0.00,0.00,0.00,0.00
220.14,0.22,48.10,0.00,0.00,0.00,0.00,0.00,0.00,0.00,0.00,0.00,0.00,0.00,0.00
221.48,0.22,48.92,0.00,0.00,0.00,0.00,0.00,0.00,0.00,0.00,0.00,0.00,0.00,0.00
217.63,0.22,47.12,0.00,0.00,0.00,0.00,0.00,0.00,0.00,0.00,0.00,0.00,0.00,0.00
219.74,0.22,48.14,0.00,0.00,0.00,0.00,0.00,0.00,0.00,0.00,0.00,0.00,0.00,0.00
219.94,0.22,48.18,0.00,0.00,0.00,0.00,0.00,0.00,0.00,0.00,0.00,0.00,0.00,0.00
222.07,0.22,49.11,0.00,0.00,0.00,0.00,0.00,0.00,0.00,0.00,0.00,0.00,0.00,0.00
220.05,0.22,48.13,0.00,0.00,0.00,0.00,0.00,0.00,0.00,0.00,0.00,0.00,0.00,0.00
219.98,0.22,48.33,0.00,0.00,0.00,0.00,0.00,0.00,0.00,0.00,0.00,0.00,0.00,0.00
221.82,0.22,49.00,0.00,0.00,0.00,0.00,0.00,0.00,0.00,0.00,0.00,0.00,0.00,0.00
221.50,0.22,48.97,0.00,0.00,0.00,0.00,0.00,0.00,0.00,0.00,0.00,0.00,0.00,0.00
219.17,0.22,47.84,0.00,0.00,0.00,0.00,0.00,0.00,0.00,0.00,0.00,0.00,0.00,0.00
219.27,0.22,47.87,0.00,0.00,0.00,0.00,0.00,0.00,0.00,0.00,0.00,0.00,0.00,0.00
220.09,0.22,48.34,0.00,0.00,0.00,0.00,0.00,0.00,0.00,0.00,0.00,0.00,0.00,0.00
218.81,0.22,47.65,0.00,0.00,0.00,0.00,0.00,0.00,0.00,0.00,0.00,0.00,0.00,0.00
221.03,0.22,48.69,0.00,0.00,0.00,0.00,0.00,0.00,0.00,0.00,0.00,0.00,0.00,0.00
219.27,0.22,47.93,0.00,0.00,0.00,0.00,0.00,0.00,0.00,0.00,0.00,0.00,0.00,0.00
221.48,0.22,48.75,0.00,0.00,0.00,0.00,0.00,0.00,0.00,0.00,0.00,0.00,0.00,0.00
222.35,0.22,49.14,0.00,0.00,0.00,0.00,0.00,0.00,0.00,0.00,0.00,0.00,0.00,0.00
222.02,0.22,49.11,0.00,0.00,0.00,0.00,0.00,0.00,0.00,0.00,0.00,0.00,0.00,0.00
217.88,0.22,47.31,0.00,0.00,0.00,0.00,0.00,0.00,0.00,0.00,0.00,0.00,0.00,0.00
219.13,0.22,47.86,0.00,0.00,0.00,0.00,0.00,0.00,0.00,0.00,0.00,0.00,0.00,0.00
216.67,0.22,46.66,0.00,0.00,0.00,0.00,0.00,0.00,0.00,0.00,0.00,0.00,0.00,0.00
220.35,0.22,48.30,0.00,0.00,0.00,0.00,0.00,0.00,0.00,0.00,0.00,0.00,0.00,0.00
220.54,0.22,48.49,0.00,0.00,0.00,0.00,0.00,0.00,0.00,0.00,0.00,0.00,0.00,0.00
221.07,0.22,48.65,0.00,0.00,0.00,0.00,0.00,0.00,0.00,0.00,0.00,0.00,0.00,0.00
215.62,0.21,46.33,0.00,0.00,0.00,0.00,0.00,0.00,0.00,0.00,0.00,0.00,0.00,0.00
220.00,0.22,48.38,0.00,0.00,0.00,0.00,0.00,0.00,0.00,0.00,0.00,0.00,0.00,0.00
221.64,0.22,49.05,0.00,0.00,0.00,0.00,0.00,0.00,0.00,0.00,0.00,0.00,0.00,0.00
220.38,0.22,48.40,0.00,0.00,0.00,0.00,0.00,0.00,0.00,0.00,0.00,0.00,0.00,0.00
219.82,0.22,48.16,0.00,0.00,0.00,0.00,0.00,0.00,0.00,0.00,0.00,0.00,0.00,0.00
219.56,0.22,48.03,0.00,0.00,0.00,0.00,0.00,0.00,0.00,0.00,0.00,0.00,0.00,0.00
221.73,0.22,48.94,0.00,0.00,0.00,0.00,0.00,0.00,0.00,0.00,0.00,0.00,0.00,0.00
216.18,0.22,46.64,0.00,0.00,0.00,0.00,0.00,0.00,0.00,0.00,0.00,0.00,0.00,0.00
222.86,0.22,49.27,0.00,0.00,0.00,0.00,0.00,0.00,0.00,0.00,0.00,0.00,0.00,0.00
220.08,0.22,48.37,0.00,0.00,0.00,0.00,0.00,0.00,0.00,0.00,0.00,0.00,0.00,0.00
220.37,0.22,48.20,0.00,0.00,0.00,0.00,0.00,0.00,0.00,0.00,0.00,0.00,0.00,0.00
220.81,0.22,48.22,0.00,0.00,0.00,0.00,0.00,0.00,0.00,0.00,0.00,0.00,0.00,0.00
218.32,0.22,47.65,0.00,0.00,0.00,0.00,0.00,0.00,0.00,0.00,0.00,0.00,0.00,0.00
219.44,0.22,48.09,0.00,0.00,0.00,0.00,0.00,0.00,0.00,0.00,0.00,0.00,0.00,0.00
221.63,0.22,48.96,0.00,0.00,0.00,0.00,0.00,0.00,0.00,0.00,0.00,0.00,0.00,0.00
219.84,0.22,48.18,0.00,0.00,0.00,0.00,0.00,0.00,0.00,0.00,0.00,0.00,0.00,0.00
220.28,0.22,48.44,0.00,0.00,0.00,0.00,0.00,0.00,0.00,0.00,0.00,0.00,0.00,0.00
220.13,0.22,48.22,0.00,0.00,0.00,0.00,0.00,0.00,0.00,0.00,0.00,0.00,0.00,0.00
218.93,0.22,47.65,0.00,0.00,0.00,0.00,0.00,0.00,0.00,0.00,0.00,0.00,0.00,0.00
215.87,0.21,46.34,0.00,0.00,0.00,0.00,0.00,0.00,0.00,0.00,0.00,0.00,0.00,0.00
222.48,0.22,49.20,0.00,0.00,0.00,0.00,0.00,0.00,0.00,0.00,0.00,0.00,0.00,0.00
220.69,0.22,48.53,0.00,0.00,0.00,0.00,0.00,0.00,0.00,0.00,0.00,0.00,0.00,0.00
220.32,0.22,48.36,0.00,0.00,0.00,0.00,0.00,0.00,0.00,0.00,0.00,0.00,0.00,0.00
219.40,0.22,48.03,0.00,0.00,0.00,0.00,0.00,0.00,0.00,0.00,0.00,0.00,0.00,0.00
221.06,0.22,48.74,0.00,0.00,0.00,0.00,0.00,0.00,0.00,0.00,0.00,0.00,0.00,0.00
221.76,0.22,49.14,0.00,0.00,0.00,0.00,0.00,0.00,0.00,0.00,0.00,0.00,0.00,0.00
221.28,0.22,48.90,0.00,0.00,0.00,0.00,0.00,0.00,0.00,0.00,0.00,0.00,0.00,0.00
220.12,0.22,48.26,0.00,0.00,0.00,0.00,0.00,0.00,0.00,0.00,0.00,0.00,0.00,0.00
224.23,0.22,50.20,0.00,0.00,0.00,0.00,0.00,0.00,0.00,0.00,0.00,0.00,0.00,0.00
220.85,0.22,48.46,0.00,0.00,0.00,0.00,0.00,0.00,0.00,0.00,0.00,0.00,0.00,0.00
222.76,0.22,49.29,0.00,0.00,0.00,0.00,0.00,0.00,0.00,0.00,0.00,0.00,0.00,0.00
221.36,0.22,48.85,0.00,0.00,0.00,0.00,0.00,0.00,0.00,0.00,0.00,0.00,0.00,0.00
221.40,0.22,48.80,0.00,0.00,0.00,0.00,0.00,0.00,0.00,0.00,0.00,0.00,0.00,0.00
221.52,0.22,48.78,0.00,0.00,0.00,0.00,0.00,0.00,0.00,0.00,0.00,0.00,0.00,0.00
222.48,0.22,49.22,0.00,0.00,0.00,0.00,0.00,0.00,0.00,0.00,0.00,0.00,0.00,0.00
220.85,0.22,48.50,0.00,0.00,0.00,0.00,0.00,0.00,0.00,0.00,0.00,0.00,0.00,0.00
219.31,0.22,47.88,0.00,0.00,0.00,0.00,0.00,0.00,0.00,0.00,0.00,0.00,0.00,0.00
218.18,0.22,47.33,0.00,0.00,0.00,0.00,0.00,0.00,0.00,0.00,0.00,0.00,0.00,0.00
220.13,0.22,48.25,0.00,0.00,0.00,0.00,0.00,0.00,0.00,0.00,0.00,0.00,0.00,0.00
222.76,0.22,49.30,0.00,0.00,0.00,0.00,0.00,0.00,0.00,0.00,0.00,0.00,0.00,0.00
219.29,0.22,47.94,0.00,0.00,0.00,0.00,0.00,0.00,0.00,0.00,0.00,0.00,0.00,0.00
221.59,0.22,48.87,0.00,0.00,0.00,0.00,0.00,0.00,0.00,0.00,0.00,0.00,0.00,0.00
220.71,0.22,48.44,0.00,0.00,0.00,0.00,0.00,0.00,0.00,0.00,0.00,0.00,0.00,0.00
220.11,0.22,48.39,0.00,0.00,0.00,0.00,0.00,0.00,0.00,0.00,0.00,0.00,0.00,0.00
219.72,0.22,48.01,0.00,0.00,0.00,0.00,0.00,0.00,0.00,0.00,0.00,0.00,0.00,0.00
219.31,0.22,48.17,0.00,0.00,0.00,0.00,0.00,0.00,0.00,0.00,0.00,0.00,0.00,0.00
221.32,0.22,48.74,0.00,0.00,0.00,0.00,0.00,0.00,0.00,0.00,0.00,0.00,0.00,0.00
219.41,0.22,47.93,0.00,0.00,0.00,0.00,0.00,0.00,0.00,0.00,0.00,0.00,0.00,0.00
220.93,0.22,48.67,0.00,0.00,0.00,0.00,0.00,0.00,0.00,0.00,0.00,0.00,0.00,0.00
221.93,0.22,48.94,0.00,0.00,0.00,0.00,0.00,0.00,0.00,0.00,0.00,0.00,0.00,0.00
217.22,0.22,47.00,0.00,0.00,0.00,0.00,0.00,0.00,0.00,0.00,0.00,0.00,0.00,0.00
221.50,0.22,49.08,0.00,0.00,0.00,0.00,0.00,0.00,0.00,0.00,0.00,0.00,0.00,0.00
221.05,0.22,48.61,0.00,0.00,0.00,0.00,0.00,0.00,0.00,0.00,0.00,0.00,0.00,0.00
220.42,0.22,48.41,0.00,0.00,0.00,0.00,0.00,0.00,0.00,0.00,0.00,0.00,0.00,0.00
221.92,0.22,49.18,0.00,0.00,0.00,0.00,0.00,0.00,0.00,0.00,0.00,0.00,0.00,0.00
221.73,0.22,49.10,0.00,0.00,0.00,0.00,0.00,0.00,0.00,0.00,0.00,0.00,0.00,0.00
221.23,0.22,48.76,0.00,0.00,0.00,0.00,0.00,0.00,0.00,0.00,0.00,0.00,0.00,0.00
217.24,0.22,46.99,0.00,0.00,0.00,0.00,0.00,0.00,0.00,0.00,0.00,0.00,0.00,0.00
221.71,0.22,49.06,0.00,0.00,0.00,0.00,0.00,0.00,0.00,0.00,0.00,0.00,0.00,0.00
220.45,0.22,48.50,0.00,0.00,0.00,0.00,0.00,0.00,0.00,0.00,0.00,0.00,0.00,0.00
222.41,0.22,49.16,0.00,0.00,0.00,0.00,0.00,0.00,0.00,0.00,0.00,0.00,0.00,0.00
216.85,0.22,46.77,0.00,0.00,0.00,0.00,0.00,0.00,0.00,0.00,0.00,0.00,0.00,0.00
213.81,0.21,45.76,0.00,0.00,0.00,0.00,0.00,0.00,0.00,0.00,0.00,0.00,0.00,0.00
214.62,0.21,45.73,0.00,0.00,0.00,0.00,0.00,0.00,0.00,0.00,0.00,0.00,0.00,0.00
223.18,0.22,49.78,0.00,0.00,0.00,0.00,0.00,0.00,0.00,0.00,0.00,0.00,0.00,0.00
219.90,0.22,48.13,0.00,0.00,0.00,0.00,0.00,0.00,0.00,0.00,0.00,0.00,0.00,0.00
222.45,0.22,49.29,0.00,0.00,0.00,0.00,0.00,0.00,0.00,0.00,0.00,0.00,0.00,0.00
220.95,0.22,48.62,0.00,0.00,0.00,0.00,0.00,0.00,0.00,0.00,0.00,0.00,0.00,0.00
220.91,0.22,48.81,0.00,0.00,0.00,0.00,0.00,0.00,0.00,0.00,0.00,0.00,0.00,0.00
219.34,0.22,47.98,0.00,0.00,0.00,0.00,0.00,0.00,0.00,0.00,0.00,0.00,0.00,0.00
220.24,0.22,48.32,0.00,0.00,0.00,0.00,0.00,0.00,0.00,0.00,0.00,0.00,0.00,0.00
219.90,0.22,48.28,0.00,0.00,0.00,0.00,0.00,0.00,0.00,0.00,0.00,0.00,0.00,0.00
221.12,0.22,48.54,0.00,0.00,0.00,0.00,0.00,0.00,0.00,0.00,0.00,0.00,0.00,0.00
220.57,0.22,48.51,0.00,0.00,0.00,0.00,0.00,0.00,0.00,0.00,0.00,0.00,0.00,0.00
219.45,0.22,48.00,0.00,0.00,0.00,0.00,0.00,0.00,0.00,0.00,0.00,0.00,0.00,0.00
220.45,0.22,48.40,0.00,0.00,0.00,0.00,0.00,0.00,0.00,0.00,0.00,0.00,0.00,0.00
221.02,0.22,48.70,0.00,0.00,0.00,0.00,0.00,0.00,0.00,0.00,0.00,0.00,0.00,0.00
221.68,0.22,48.81,0.00,0.00,0.00,0.00,0.00,0.00,0.00,0.00,0.00,0.00,0.00,0.00
219.37,0.22,47.99,0.00,0.00,0.00,0.00,0.00,0.00,0.00,0.00,0.00,0.00,0.00,0.00
220.11,0.22,48.29,0.00,0.00,0.00,0.00,0.00,0.00,0.00,0.00,0.00,0.00,0.00,0.00
217.57,0.22,47.07,0.00,0.00,0.00,0.00,0.00,0.00,0.00,0.00,0.00,0.00,0.00,0.00
219.10,0.22,48.05,0.00,0.00,0.00,0.00,0.00,0.00,0.00,0.00,0.00,0.00,0.00,0.00
221.78,0.22,48.94,0.00,0.00,0.00,0.00,0.00,0.00,0.00,0.00,0.00,0.00,0.00,0.00
220.99,0.22,48.83,0.00,0.00,0.00,0.00,0.00,0.00,0.00,0.00,0.00,0.00,0.00,0.00
220.69,0.22,48.57,0.00,0.00,0.00,0.00,0.00,0.00,0.00,0.00,0.00,0.00,0.00,0.00
218.94,0.22,47.83,0.00,0.00,0.00,0.00,0.00,0.00,0.00,0.00,0.00,0.00,0.00,0.00
221.81,0.22,49.07,0.00,0.00,0.00,0.00,0.00,0.00,0.00,0.00,0.00,0.00,0.00,0.00
222.89,0.22,49.47,0.00,0.00,0.00,0.00,0.00,0.00,0.00,0.00,0.00,0.00,0.00,0.00
220.02,0.22,48.34,0.00,0.00,0.00,0.00,0.00,0.00,0.00,0.00,0.00,0.00,0.00,0.00
222.36,0.22,49.29,0.00,0.00,0.00,0.00,0.00,0.00,0.00,0.00,0.00,0.00,0.00,0.00
220.36,0.22,48.36,0.00,0.00,0.00,0.00,0.00,0.00,0.00,0.00,0.00,0.00,0.00,0.00
221.87,0.22,49.02,0.00,0.00,0.00,0.00,0.00,0.00,0.00,0.00,0.00,0.00,0.00,0.00
220.43,0.22,48.60,0.00,0.00,0.00,0.00,0.00,0.00,0.00,0.00,0.00,0.00,0.00,0.00
230.09,0.23,52.54,0.00,0.00,0.00,0.00,0.00,0.00,0.00,0.00,0.00,0.00,0.00,0.00
220.02,0.22,48.25,0.00,0.00,0.00,0.00,0.00,0.00,0.00,0.00,0.00,0.00,0.00,0.00
221.47,0.22,48.91,0.00,0.00,0.00,0.00,0.00,0.00,0.00,0.00,0.00,0.00,0.00,0.00
220.36,0.22,48.53,0.00,0.00,0.00,0.00,0.00,0.00,0.00,0.00,0.00,0.00,0.00,0.00
222.44,0.22,49.39,0.00,0.00,0.00,0.00,0.00,0.00,0.00,0.00,0.00,0.00,0.00,0.00
220.36,0.22,48.35,0.00,0.00,0.00,0.00,0.00,0.00,0.00,0.00,0.00,0.00,0.00,0.00
221.65,0.22,48.98,0.00,0.00,0.00,0.00,0.00,0.00,0.00,0.00,0.00,0.00,0.00,0.00
222.35,0.22,49.15,0.00,0.00,0.00,0.00,0.00,0.00,0.00,0.00,0.00,0.00,0.00,0.00
220.55,0.22,48.28,0.00,0.00,0.00,0.00,0.00,0.00,0.00,0.00,0.00,0.00,0.00,0.00
219.75,0.22,48.15,0.00,0.00,0.00,0.00,0.00,0.00,0.00,0.00,0.00,0.00,0.00,0.00
218.26,0.22,47.21,0.00,0.00,0.00,0.00,0.00,0.00,0.00,0.00,0.00,0.00,0.00,0.00
220.31,0.22,48.25,0.00,0.00,0.00,0.00,0.00,0.00,0.00,0.00,0.00,0.00,0.00,0.00
222.64,0.22,49.20,0.00,0.00,0.00,0.00,0.00,0.00,0.00,0.00,0.00,0.00,0.00,0.00
221.60,0.22,48.95,0.00,0.00,0.00,0.00,0.00,0.00,0.00,0.00,0.00,0.00,0.00,0.00
220.29,0.22,48.37,0.00,0.00,0.00,0.00,0.00,0.00,0.00,0.00,0.00,0.00,0.00,0.00
220.83,0.22,48.67,0.00,0.00,0.00,0.00,0.00,0.00,0.00,0.00,0.00,0.00,0.00,0.00
219.82,0.22,48.04,0.00,0.00,0.00,0.00,0.00,0.00,0.00,0.00,0.00,0.00,0.00,0.00
221.15,0.22,48.75,0.00,0.00,0.00,0.00,0.00,0.00,0.00,0.00,0.00,0.00,0.00,0.00
212.35,0.21,44.39,0.00,0.00,0.00,0.00,0.00,0.00,0.00,0.00,0.00,0.00,0.00,0.00
220.38,0.22,48.49,0.00,0.00,0.00,0.00,0.00,0.00,0.00,0.00,0.00,0.00,0.00,0.00
222.31,0.22,49.28,0.00,0.00,0.00,0.00,0.00,0.00,0.00,0.00,0.00,0.00,0.00,0.00
219.38,0.22,47.89,0.00,0.00,0.00,0.00,0.00,0.00,0.00,0.00,0.00,0.00,0.00,0.00
220.60,0.22,48.45,0.00,0.00,0.00,0.00,0.00,0.00,0.00,0.00,0.00,0.00,0.00,0.00
220.40,0.22,48.49,0.00,0.00,0.00,0.00,0.00,0.00,0.00,0.00,0.00,0.00,0.00,0.00
220.60,0.22,48.57,0.00,0.00,0.00,0.00,0.00,0.00,0.00,0.00,0.00,0.00,0.00,0.00
222.29,0.22,49.27,0.00,0.00,0.00,0.00,0.00,0.00,0.00,0.00,0.00,0.00,0.00,0.00
221.07,0.22,48.79,0.00,0.00,0.00,0.00,0.00,0.00,0.00,0.00,0.00,0.00,0.00,0.00
221.48,0.22,48.85,0.00,0.00,0.00,0.00,0.00,0.00,0.00,0.00,0.00,0.00,0.00,0.00
221.07,0.22,48.78,0.00,0.00,0.00,0.00,0.00,0.00,0.00,0.00,0.00,0.00,0.00,0.00
221.56,0.22,48.81,0.00,0.00,0.00,0.00,0.00,0.00,0.00,0.00,0.00,0.00,0.00,0.00
220.83,0.22,48.58,0.00,0.00,0.00,0.00,0.00,0.00,0.00,0.00,0.00,0.00,0.00,0.00
221.83,0.22,49.07,0.00,0.00,0.00,0.00,0.00,0.00,0.00,0.00,0.00,0.00,0.00,0.00
220.78,0.22,48.59,0.00,0.00,0.00,0.00,0.00,0.00,0.00,0.00,0.00,0.00,0.00,0.00
219.54,0.22,48.18,0.00,0.00,0.00,0.00,0.00,0.00,0.00,0.00,0.00,0.00,0.00,0.00
220.61,0.22,48.59,0.00,0.00,0.00,0.00,0.00,0.00,0.00,0.00,0.00,0.00,0.00,0.00
220.37,0.22,48.43,0.00,0.00,0.00,0.00,0.00,0.00,0.00,0.00,0.00,0.00,0.00,0.00
221.37,0.22,48.80,0.00,0.00,0.00,0.00,0.00,0.00,0.00,0.00,0.00,0.00,0.00,0.00
220.34,0.22,48.25,0.00,0.00,0.00,0.00,0.00,0.00,0.00,0.00,0.00,0.00,0.00,0.00
218.85,0.22,47.77,0.00,0.00,0.00,0.00,0.00,0.00,0.00,0.00,0.00,0.00,0.00,0.00
222.03,0.22,49.01,0.00,0.00,0.00,0.00,0.00,0.00,0.00,0.00,0.00,0.00,0.00,0.00
220.68,0.22,48.39,0.00,0.00,0.00,0.00,0.00,0.00,0.00,0.00,0.00,0.00,0.00,0.00
220.24,0.22,48.51,0.00,0.00,0.00,0.00,0.00,0.00,0.00,0.00,0.00,0.00,0.00,0.00
220.85,0.22,48.83,0.00,0.00,0.00,0.00,0.00,0.00,0.00,0.00,0.00,0.00,0.00,0.00
220.12,0.22,48.26,0.00,0.00,0.00,0.00,0.00,0.00,0.00,0.00,0.00,0.00,0.00,0.00
221.83,0.22,49.06,0.00,0.00,0.00,0.00,0.00,0.00,0.00,0.00,0.00,0.00,0.00,0.00
221.10,0.22,48.64,0.00,0.00,0.00,0.00,0.00,0.00,0.00,0.00,0.00,0.00,0.00,0.00
220.41,0.22,48.49,0.00,0.00,0.00,0.00,0.00,0.00,0.00,0.00,0.00,0.00,0.00,0.00
222.19,0.22,49.13,0.00,0.00,0.00,0.00,0.00,0.00,0.00,0.00,0.00,0.00,0.00,0.00
219.92,0.22,48.21,0.00,0.00,0.00,0.00,0.00,0.00,0.00,0.00,0.00,0.00,0.00,0.00
219.52,0.22,48.01,0.00,0.00,0.00,0.00,0.00,0.00,0.00,0.00,0.00,0.00,0.00,0.00
222.36,0.22,49.34,0.00,0.00,0.00,0.00,0.00,0.00,0.00,0.00,0.00,0.00,0.00,0.00
218.68,0.22,47.73,0.00,0.00,0.00,0.00,0.00,0.00,0.00,0.00,0.00,0.00,0.00,0.00
219.75,0.22,48.17,0.00,0.00,0.00,0.00,0.00,0.00,0.00,0.00,0.00,0.00,0.00,0.00
221.74,0.22,48.83,0.00,0.00,0.00,0.00,0.00,0.00,0.00,0.00,0.00,0.00,0.00,0.00
219.62,0.22,48.13,0.00,0.00,0.00,0.00,0.00,0.00,0.00,0.00,0.00,0.00,0.00,0.00
220.15,0.22,48.41,0.00,0.00,0.00,0.00,0.00,0.00,0.00,0.00,0.00,0.00,0.00,0.00
221.34,0.22,48.70,0.00,0.00,0.00,0.00,0.00,0.00,0.00,0.00,0.00,0.00,0.00,0.00
220.60,0.22,48.52,0.00,0.00,0.00,0.00,0.00,0.00,0.00,0.00,0.00,0.00,0.00,0.00
221.56,0.22,48.91,0.00,0.00,0.00,0.00,0.00,0.00,0.00,0.00,0.00,0.00,0.00,0.00
219.39,0.22,48.01,0.00,0.00,0.00,0.00,0.00,0.00,0.00,0.00,0.00,0.00,0.00,0.00
220.79,0.22,48.64,0.00,0.00,0.00,0.00,0.00,0.00,0.00,0.00,0.00,0.00,0.00,0.00
222.10,0.22,49.15,0.00,0.00,0.00,0.00,0.00,0.00,0.00,0.00,0.00,0.00,0.00,0.00
220.66,0.22,48.59,0.00,0.00,0.00,0.00,0.00,0.00,0.00,0.00,0.00,0.00,0.00,0.00
220.96,0.22,48.63,0.00,0.00,0.00,0.00,0.00,0.00,0.00,0.00,0.00,0.00,0.00,0.00
219.63,0.22,48.05,0.00,0.00,0.00,0.00,0.00,0.00,0.00,0.00,0.00,0.00,0.00,0.00
223.15,0.22,49.65,0.00,0.00,0.00,0.00,0.00,0.00,0.00,0.00,0.00,0.00,0.00,0.00
222.96,0.22,49.46,0.00,0.00,0.00,0.00,0.00,0.00,0.00,0.00,0.00,0.00,0.00,0.00
221.55,0.22,48.92,0.00,0.00,0.00,0.00,0.00,0.00,0.00,0.00,0.00,0.00,0.00,0.00
221.74,0.22,48.95,0.00,0.00,0.00,0.00,0.00,0.00,0.00,0.00,0.00,0.00,0.00,0.00
220.64,0.22,48.61,0.00,0.00,0.00,0.00,0.00,0.00,0.00,0.00,0.00,0.00,0.00,0.00
220.67,0.22,48.54,0.00,0.00,0.00,0.00,0.00,0.00,0.00,0.00,0.00,0.00,0.00,0.00
220.75,0.22,48.60,0.00,0.00,0.00,0.00,0.00,0.00,0.00,0.00,0.00,0.00,0.00,0.00
220.87,0.22,48.70,0.00,0.00,0.00,0.00,0.00,0.00,0.00,0.00,0.00,0.00,0.00,0.00
222.54,0.22,49.39,0.00,0.00,0.00,0.00,0.00,0.00,0.00,0.00,0.00,0.00,0.00,0.00
221.58,0.22,49.01,0.00,0.00,0.00,0.00,0.00,0.00,0.00,0.00,0.00,0.00,0.00,0.00
220.38,0.22,48.57,0.00,0.00,0.00,0.00,0.00,0.00,0.00,0.00,0.00,0.00,0.00,0.00
221.95,0.22,49.11,0.00,0.00,0.00,0.00,0.00,0.00,0.00,0.00,0.00,0.00,0.00,0.00
227.12,0.23,51.43,0.00,0.00,0.00,0.00,0.00,0.00,0.00,0.00,0.00,0.00,0.00,0.00
221.85,0.22,49.09,0.00,0.00,0.00,0.00,0.00,0.00,0.00,0.00,0.00,0.00,0.00,0.00
221.63,0.22,49.11,0.00,0.00,0.00,0.00,0.00,0.00,0.00,0.00,0.00,0.00,0.00,0.00
220.07,0.22,48.55,0.00,0.00,0.00,0.00,0.00,0.00,0.00,0.00,0.00,0.00,0.00,0.00
221.13,0.22,48.79,0.00,0.00,0.00,0.00,0.00,0.00,0.00,0.00,0.00,0.00,0.00,0.00
221.06,0.22,48.75,0.00,0.00,0.00,0.00,0.00,0.00,0.00,0.00,0.00,0.00,0.00,0.00
221.07,0.22,48.76,0.00,0.00,0.00,0.00,0.00,0.00,0.00,0.00,0.00,0.00,0.00,0.00
221.98,0.22,49.22,0.00,0.00,0.00,0.00,0.00,0.00,0.00,0.00,0.00,0.00,0.00,0.00
220.73,0.22,48.57,0.00,0.00,0.00,0.00,0.00,0.00,0.00,0.00,0.00,0.00,0.00,0.00
220.06,0.22,48.23,0.00,0.00,0.00,0.00,0.00,0.00,0.00,0.00,0.00,0.00,0.00,0.00
221.92,0.22,48.98,0.00,0.00,0.00,0.00,0.00,0.00,0.00,0.00,0.00,0.00,0.00,0.00
219.99,0.22,48.25,0.00,0.00,0.00,0.00,0.00,0.00,0.00,0.00,0.00,0.00,0.00,0.00
222.01,0.22,49.18,0.00,0.00,0.00,0.00,0.00,0.00,0.00,0.00,0.00,0.00,0.00,0.00
221.19,0.22,48.78,0.00,0.00,0.00,0.00,0.00,0.00,0.00,0.00,0.00,0.00,0.00,0.00
221.11,0.22,48.93,0.00,0.00,0.00,0.00,0.00,0.00,0.00,0.00,0.00,0.00,0.00,0.00
221.06,0.22,48.61,0.00,0.00,0.00,0.00,0.00,0.00,0.00,0.00,0.00,0.00,0.00,0.00
220.05,0.22,48.34,0.00,0.00,0.00,0.00,0.00,0.00,0.00,0.00,0.00,0.00,0.00,0.00
221.88,0.22,49.14,0.00,0.00,0.00,0.00,0.00,0.00,0.00,0.00,0.00,0.00,0.00,0.00
222.42,0.22,49.28,0.00,0.00,0.00,0.00,0.00,0.00,0.00,0.00,0.00,0.00,0.00,0.00
218.99,0.22,47.76,0.00,0.00,0.00,0.00,0.00,0.00,0.00,0.00,0.00,0.00,0.00,0.00
221.68,0.22,49.05,0.00,0.00,0.00,0.00,0.00,0.00,0.00,0.00,0.00,0.00,0.00,0.00
221.83,0.22,48.96,0.00,0.00,0.00,0.00,0.00,0.00,0.00,0.00,0.00,0.00,0.00,0.00
219.72,0.22,48.11,0.00,0.00,0.00,0.00,0.00,0.00,0.00,0.00,0.00,0.00,0.00,0.00
222.27,0.22,49.23,0.00,0.00,0.00,0.00,0.00,0.00,0.00,0.00,0.00,0.00,0.00,0.00
221.65,0.22,48.87,0.00,0.00,0.00,0.00,0.00,0.00,0.00,0.00,0.00,0.00,0.00,0.00
220.93,0.22,48.54,0.00,0.00,0.00,0.00,0.00,0.00,0.00,0.00,0.00,0.00,0.00,0.00
222.81,0.22,49.49,0.00,0.00,0.00,0.00,0.00,0.00,0.00,0.00,0.00,0.00,0.00,0.00
220.96,0.22,48.67,0.00,0.00,0.00,0.00,0.00,0.00,0.00,0.00,0.00,0.00,0.00,0.00
218.85,0.22,47.63,0.00,0.00,0.00,0.00,0.00,0.00,0.00,0.00,0.00,0.00,0.00,0.00
222.34,0.22,49.28,0.00,0.00,0.00,0.00,0.00,0.00,0.00,0.00,0.00,0.00,0.00,0.00
220.05,0.22,48.43,0.00,0.00,0.00,0.00,0.00,0.00,0.00,0.00,0.00,0.00,0.00,0.00
224.91,0.22,50.53,0.00,0.00,0.00,0.00,0.00,0.00,0.00,0.00,0.00,0.00,0.00,0.00
221.80,0.22,49.05,0.00,0.00,0.00,0.00,0.00,0.00,0.00,0.00,0.00,0.00,0.00,0.00
213.38,0.21,45.26,0.00,0.00,0.00,0.00,0.00,0.00,0.00,0.00,0.00,0.00,0.00,0.00
221.07,0.22,48.82,0.00,0.00,0.00,0.00,0.00,0.00,0.00,0.00,0.00,0.00,0.00,0.00
218.65,0.22,47.70,0.00,0.00,0.00,0.00,0.00,0.00,0.00,0.00,0.00,0.00,0.00,0.00
221.20,0.22,48.72,0.00,0.00,0.00,0.00,0.00,0.00,0.00,0.00,0.00,0.00,0.00,0.00
221.05,0.22,48.87,0.00,0.00,0.00,0.00,0.00,0.00,0.00,0.00,0.00,0.00,0.00,0.00
220.92,0.22,48.65,0.00,0.00,0.00,0.00,0.00,0.00,0.00,0.00,0.00,0.00,0.00,0.00
221.60,0.22,48.89,0.00,0.00,0.00,0.00,0.00,0.00,0.00,0.00,0.00,0.00,0.00,0.00
219.37,0.22,48.19,0.00,0.00,0.00,0.00,0.00,0.00,0.00,0.00,0.00,0.00,0.00,0.00
221.62,0.22,48.95,0.00,0.00,0.00,0.00,0.00,0.00,0.00,0.00,0.00,0.00,0.00,0.00
219.51,0.22,48.10,0.00,0.00,0.00,0.00,0.00,0.00,0.00,0.00,0.00,0.00,0.00,0.00
221.05,0.22,48.65,0.00,0.00,0.00,0.00,0.00,0.00,0.00,0.00,0.00,0.00,0.00,0.00
222.11,0.22,49.16,0.00,0.00,0.00,0.00,0.00,0.00,0.00,0.00,0.00,0.00,0.00,0.00
220.15,0.22,48.31,0.00,0.00,0.00,0.00,0.00,0.00,0.00,0.00,0.00,0.00,0.00,0.00
220.43,0.22,48.30,0.00,0.00,0.00,0.00,0.00,0.00,0.00,0.00,0.00,0.00,0.00,0.00
221.31,0.22,48.80,0.00,0.00,0.00,0.00,0.00,0.00,0.00,0.00,0.00,0.00,0.00,0.00
221.31,0.22,48.79,0.00,0.00,0.00,0.00,0.00,0.00,0.00,0.00,0.00,0.00,0.00,0.00
221.58,0.22,48.96,0.00,0.00,0.00,0.00,0.00,0.00,0.00,0.00,0.00,0.00,0.00,0.00
223.10,0.22,49.54,0.00,0.00,0.00,0.00,0.00,0.00,0.00,0.00,0.00,0.00,0.00,0.00
220.31,0.22,48.57,0.00,0.00,0.00,0.00,0.00,0.00,0.00,0.00,0.00,0.00,0.00,0.00
220.95,0.22,48.64,0.00,0.00,0.00,0.00,0.00,0.00,0.00,0.00,0.00,0.00,0.00,0.00
221.47,0.22,48.97,0.00,0.00,0.00,0.00,0.00,0.00,0.00,0.00,0.00,0.00,0.00,0.00
227.20,0.23,51.48,0.00,0.00,0.00,0.00,0.00,0.00,0.00,0.00,0.00,0.00,0.00,0.00
220.70,0.22,48.43,0.00,0.00,0.00,0.00,0.00,0.00,0.00,0.00,0.00,0.00,0.00,0.00
220.72,0.22,48.60,0.00,0.00,0.00,0.00,0.00,0.00,0.00,0.00,0.00,0.00,0.00,0.00
221.44,0.22,48.98,0.00,0.00,0.00,0.00,0.00,0.00,0.00,0.00,0.00,0.00,0.00,0.00
219.87,0.22,48.30,0.00,0.00,0.00,0.00,0.00,0.00,0.00,0.00,0.00,0.00,0.00,0.00
222.04,0.22,49.20,0.00,0.00,0.00,0.00,0.00,0.00,0.00,0.00,0.00,0.00,0.00,0.00
221.52,0.22,48.85,0.00,0.00,0.00,0.00,0.00,0.00,0.00,0.00,0.00,0.00,0.00,0.00
220.59,0.22,48.55,0.00,0.00,0.00,0.00,0.00,0.00,0.00,0.00,0.00,0.00,0.00,0.00
221.59,0.22,49.08,0.00,0.00,0.00,0.00,0.00,0.00,0.00,0.00,0.00,0.00,0.00,0.00
221.63,0.22,48.92,0.00,0.00,0.00,0.00,0.00,0.00,0.00,0.00,0.00,0.00,0.00,0.00
221.26,0.22,48.91,0.00,0.00,0.00,0.00,0.00,0.00,0.00,0.00,0.00,0.00,0.00,0.00
222.11,0.22,49.28,0.00,0.00,0.00,0.00,0.00,0.00,0.00,0.00,0.00,0.00,0.00,0.00
222.77,0.22,49.48,0.00,0.00,0.00,0.00,0.00,0.00,0.00,0.00,0.00,0.00,0.00,0.00
221.28,0.22,48.80,0.00,0.00,0.00,0.00,0.00,0.00,0.00,0.00,0.00,0.00,0.00,0.00
220.08,0.22,48.32,0.00,0.00,0.00,0.00,0.00,0.00,0.00,0.00,0.00,0.00,0.00,0.00
223.64,0.22,49.96,0.00,0.00,0.00,0.00,0.00,0.00,0.00,0.00,0.00,0.00,0.00,0.00
220.53,0.22,48.60,0.00,0.00,0.00,0.00,0.00,0.00,0.00,0.00,0.00,0.00,0.00,0.00
221.27,0.22,48.74,0.00,0.00,0.00,0.00,0.00,0.00,0.00,0.00,0.00,0.00,0.00,0.00
221.45,0.22,48.91,0.00,0.00,0.00,0.00,0.00,0.00,0.00,0.00,0.00,0.00,0.00,0.00
221.00,0.22,48.71,0.00,0.00,0.00,0.00,0.00,0.00,0.00,0.00,0.00,0.00,0.00,0.00
221.64,0.22,49.12,0.00,0.00,0.00,0.00,0.00,0.00,0.00,0.00,0.00,0.00,0.00,0.00
220.95,0.22,48.75,0.00,0.00,0.00,0.00,0.00,0.00,0.00,0.00,0.00,0.00,0.00,0.00
221.46,0.22,49.02,0.00,0.00,0.00,0.00,0.00,0.00,0.00,0.00,0.00,0.00,0.00,0.00
222.38,0.22,49.36,0.00,0.00,0.00,0.00,0.00,0.00,0.00,0.00,0.00,0.00,0.00,0.00
221.22,0.22,48.77,0.00,0.00,0.00,0.00,0.00,0.00,0.00,0.00,0.00,0.00,0.00,0.00
221.06,0.22,48.74,0.00,0.00,0.00,0.00,0.00,0.00,0.00,0.00,0.00,0.00,0.00,0.00
222.22,0.22,49.35,0.00,0.00,0.00,0.00,0.00,0.00,0.00,0.00,0.00,0.00,0.00,0.00
220.76,0.22,48.74,0.00,0.00,0.00,0.00,0.00,0.00,0.00,0.00,0.00,0.00,0.00,0.00
222.67,0.22,49.52,0.00,0.00,0.00,0.00,0.00,0.00,0.00,0.00,0.00,0.00,0.00,0.00
222.91,0.22,49.54,0.00,0.00,0.00,0.00,0.00,0.00,0.00,0.00,0.00,0.00,0.00,0.00
221.41,0.22,48.87,0.00,0.00,0.00,0.00,0.00,0.00,0.00,0.00,0.00,0.00,0.00,0.00
221.85,0.22,49.16,0.00,0.00,0.00,0.00,0.00,0.00,0.00,0.00,0.00,0.00,0.00,0.00
219.98,0.22,48.41,0.00,0.00,0.00,0.00,0.00,0.00,0.00,0.00,0.00,0.00,0.00,0.00
220.00,0.22,48.18,0.00,0.00,0.00,0.00,0.00,0.00,0.00,0.00,0.00,0.00,0.00,0.00
221.99,0.22,49.05,0.00,0.00,0.00,0.00,0.00,0.00,0.00,0.00,0.00,0.00,0.00,0.00
222.01,0.22,49.05,0.00,0.00,0.00,0.00,0.00,0.00,0.00,0.00,0.00,0.00,0.00,0.00
221.34,0.22,48.85,0.00,0.00,0.00,0.00,0.00,0.00,0.00,0.00,0.00,0.00,0.00,0.00
220.13,0.22,48.29,0.00,0.00,0.00,0.00,0.00,0.00,0.00,0.00,0.00,0.00,0.00,0.00
226.79,0.23,51.23,0.00,0.00,0.00,0.00,0.00,0.00,0.00,0.00,0.00,0.00,0.00,0.00
222.83,0.22,49.37,0.00,0.00,0.00,0.00,0.00,0.00,0.00,0.00,0.00,0.00,0.00,0.00
223.17,0.22,49.67,0.00,0.00,0.00,0.00,0.00,0.00,0.00,0.00,0.00,0.00,0.00,0.00
220.75,0.22,48.51,0.00,0.00,0.00,0.00,0.00,0.00,0.00,0.00,0.00,0.00,0.00,0.00
222.24,0.22,49.20,0.00,0.00,0.00,0.00,0.00,0.00,0.00,0.00,0.00,0.00,0.00,0.00
221.11,0.22,48.70,0.00,0.00,0.00,0.00,0.00,0.00,0.00,0.00,0.00,0.00,0.00,0.00
222.48,0.22,49.33,0.00,0.00,0.00,0.00,0.00,0.00,0.00,0.00,0.00,0.00,0.00,0.00
221.81,0.22,49.04,0.00,0.00,0.00,0.00,0.00,0.00,0.00,0.00,0.00,0.00,0.00,0.00
221.85,0.22,49.08,0.00,0.00,0.00,0.00,0.00,0.00,0.00,0.00,0.00,0.00,0.00,0.00
222.21,0.22,49.23,0.00,0.00,0.00,0.00,0.00,0.00,0.00,0.00,0.00,0.00,0.00,0.00
221.38,0.22,48.81,0.00,0.00,0.00,0.00,0.00,0.00,0.00,0.00,0.00,0.00,0.00,0.00
221.76,0.22,48.92,0.00,0.00,0.00,0.00,0.00,0.00,0.00,0.00,0.00,0.00,0.00,0.00
221.70,0.22,49.02,0.00,0.00,0.00,0.00,0.00,0.00,0.00,0.00,0.00,0.00,0.00,0.00
221.93,0.22,49.17,0.00,0.00,0.00,0.00,0.00,0.00,0.00,0.00,0.00,0.00,0.00,0.00
220.68,0.22,48.52,0.00,0.00,0.00,0.00,0.00,0.00,0.00,0.00,0.00,0.00,0.00,0.00
222.00,0.22,49.10,0.00,0.00,0.00,0.00,0.00,0.00,0.00,0.00,0.00,0.00,0.00,0.00
222.91,0.22,49.57,0.00,0.00,0.00,0.00,0.00,0.00,0.00,0.00,0.00,0.00,0.00,0.00
221.83,0.22,48.87,0.00,0.00,0.00,0.00,0.00,0.00,0.00,0.00,0.00,0.00,0.00,0.00
220.69,0.22,48.69,0.00,0.00,0.00,0.00,0.00,0.00,0.00,0.00,0.00,0.00,0.00,0.00
223.03,0.22,49.54,0.00,0.00,0.00,0.00,0.00,0.00,0.00,0.00,0.00,0.00,0.00,0.00
222.06,0.22,49.25,0.00,0.00,0.00,0.00,0.00,0.00,0.00,0.00,0.00,0.00,0.00,0.00
221.09,0.22,48.72,0.00,0.00,0.00,0.00,0.00,0.00,0.00,0.00,0.00,0.00,0.00,0.00
222.36,0.22,49.43,0.00,0.00,0.00,0.00,0.00,0.00,0.00,0.00,0.00,0.00,0.00,0.00
222.04,0.22,49.10,0.00,0.00,0.00,0.00,0.00,0.00,0.00,0.00,0.00,0.00,0.00,0.00
222.44,0.22,49.20,0.00,0.00,0.00,0.00,0.00,0.00,0.00,0.00,0.00,0.00,0.00,0.00
223.54,0.22,49.87,0.00,0.00,0.00,0.00,0.00,0.00,0.00,0.00,0.00,0.00,0.00,0.00
223.07,0.22,49.69,0.00,0.00,0.00,0.00,0.00,0.00,0.00,0.00,0.00,0.00,0.00,0.00
223.86,0.22,50.07,0.00,0.00,0.00,0.00,0.00,0.00,0.00,0.00,0.00,0.00,0.00,0.00
223.23,0.22,49.77,0.00,0.00,0.00,0.00,0.00,0.00,0.00,0.00,0.00,0.00,0.00,0.00
222.19,0.22,49.28,0.00,0.00,0.00,0.00,0.00,0.00,0.00,0.00,0.00,0.00,0.00,0.00
222.71,0.22,49.49,0.00,0.00,0.00,0.00,0.00,0.00,0.00,0.00,0.00,0.00,0.00,0.00
224.18,0.22,49.93,0.00,0.00,0.00,0.00,0.00,0.00,0.00,0.00,0.00,0.00,0.00,0.00
222.19,0.22,49.23,0.00,0.00,0.00,0.00,0.00,0.00,0.00,0.00,0.00,0.00,0.00,0.00
221.80,0.22,48.94,0.00,0.00,0.00,0.00,0.00,0.00,0.00,0.00,0.00,0.00,0.00,0.00
222.53,0.22,49.43,0.00,0.00,0.00,0.00,0.00,0.00,0.00,0.00,0.00,0.00,0.00,0.00
223.45,0.22,49.72,0.00,0.00,0.00,0.00,0.00,0.00,0.00,0.00,0.00,0.00,0.00,0.00
223.33,0.22,49.59,0.00,0.00,0.00,0.00,0.00,0.00,0.00,0.00,0.00,0.00,0.00,0.00
221.56,0.22,48.93,0.00,0.00,0.00,0.00,0.00,0.00,0.00,0.00,0.00,0.00,0.00,0.00
222.63,0.22,49.45,0.00,0.00,0.00,0.00,0.00,0.00,0.00,0.00,0.00,0.00,0.00,0.00
223.27,0.22,49.75,0.00,0.00,0.00,0.00,0.00,0.00,0.00,0.00,0.00,0.00,0.00,0.00
220.37,0.22,48.49,0.00,0.00,0.00,0.00,0.00,0.00,0.00,0.00,0.00,0.00,0.00,0.00
223.00,0.22,49.66,0.00,0.00,0.00,0.00,0.00,0.00,0.00,0.00,0.00,0.00,0.00,0.00
224.02,0.22,50.04,0.00,0.00,0.00,0.00,0.00,0.00,0.00,0.00,0.00,0.00,0.00,0.00
223.10,0.22,49.56,0.00,0.00,0.00,0.00,0.00,0.00,0.00,0.00,0.00,0.00,0.00,0.00
221.97,0.22,49.06,0.00,0.00,0.00,0.00,0.00,0.00,0.00,0.00,0.00,0.00,0.00,0.00
220.02,0.22,48.27,0.00,0.00,0.00,0.00,0.00,0.00,0.00,0.00,0.00,0.00,0.00,0.00
223.10,0.22,49.66,0.00,0.00,0.00,0.00,0.00,0.00,0.00,0.00,0.00,0.00,0.00,0.00
221.90,0.22,48.97,0.00,0.00,0.00,0.00,0.00,0.00,0.00,0.00,0.00,0.00,0.00,0.00
220.87,0.22,48.89,0.00,0.00,0.00,0.00,0.00,0.00,0.00,0.00,0.00,0.00,0.00,0.00
222.52,0.22,49.28,0.00,0.00,0.00,0.00,0.00,0.00,0.00,0.00,0.00,0.00,0.00,0.00
221.03,0.22,48.62,0.00,0.00,0.00,0.00,0.00,0.00,0.00,0.00,0.00,0.00,0.00,0.00
221.80,0.22,49.10,0.00,0.00,0.00,0.00,0.00,0.00,0.00,0.00,0.00,0.00,0.00,0.00
221.90,0.22,49.05,0.00,0.00,0.00,0.00,0.00,0.00,0.00,0.00,0.00,0.00,0.00,0.00
220.31,0.22,48.24,0.00,0.00,0.00,0.00,0.00,0.00,0.00,0.00,0.00,0.00,0.00,0.00
220.10,0.22,48.49,0.00,0.00,0.00,0.00,0.00,0.00,0.00,0.00,0.00,0.00,0.00,0.00
223.61,0.22,49.92,0.00,0.00,0.00,0.00,0.00,0.00,0.00,0.00,0.00,0.00,0.00,0.00
221.40,0.22,49.00,0.00,0.00,0.00,0.00,0.00,0.00,0.00,0.00,0.00,0.00,0.00,0.00
220.14,0.22,48.36,0.00,0.00,0.00,0.00,0.00,0.00,0.00,0.00,0.00,0.00,0.00,0.00
222.75,0.22,49.53,0.00,0.00,0.00,0.00,0.00,0.00,0.00,0.00,0.00,0.00,0.00,0.00
222.73,0.22,49.43,0.00,0.00,0.00,0.00,0.00,0.00,0.00,0.00,0.00,0.00,0.00,0.00
225.29,0.22,50.49,0.00,0.00,0.00,0.00,0.00,0.00,0.00,0.00,0.00,0.00,0.00,0.00
222.06,0.22,49.12,0.00,0.00,0.00,0.00,0.00,0.00,0.00,0.00,0.00,0.00,0.00,0.00
221.74,0.22,49.03,0.00,0.00,0.00,0.00,0.00,0.00,0.00,0.00,0.00,0.00,0.00,0.00
220.84,0.22,48.63,0.00,0.00,0.00,0.00,0.00,0.00,0.00,0.00,0.00,0.00,0.00,0.00
222.32,0.22,49.33,0.00,0.00,0.00,0.00,0.00,0.00,0.00,0.00,0.00,0.00,0.00,0.00
222.66,0.22,49.47,0.00,0.00,0.00,0.00,0.00,0.00,0.00,0.00,0.00,0.00,0.00,0.00
220.09,0.22,48.27,0.00,0.00,0.00,0.00,0.00,0.00,0.00,0.00,0.00,0.00,0.00,0.00
223.89,0.22,50.05,0.00,0.00,0.00,0.00,0.00,0.00,0.00,0.00,0.00,0.00,0.00,0.00
229.21,0.23,51.84,0.00,0.00,0.00,0.00,0.00,0.00,0.00,0.00,0.00,0.00,0.00,0.00
222.06,0.22,49.11,0.00,0.00,0.00,0.00,0.00,0.00,0.00,0.00,0.00,0.00,0.00,0.00
221.91,0.22,49.14,0.00,0.00,0.00,0.00,0.00,0.00,0.00,0.00,0.00,0.00,0.00,0.00
225.57,0.22,50.54,0.00,0.00,0.00,0.00,0.00,0.00,0.00,0.00,0.00,0.00,0.00,0.00
221.85,0.22,49.08,0.00,0.00,0.00,0.00,0.00,0.00,0.00,0.00,0.00,0.00,0.00,0.00
223.03,0.22,49.40,0.00,0.00,0.00,0.00,0.00,0.00,0.00,0.00,0.00,0.00,0.00,0.00
224.08,0.22,50.05,0.00,0.00,0.00,0.00,0.00,0.00,0.00,0.00,0.00,0.00,0.00,0.00
217.59,0.22,46.97,0.00,0.00,0.00,0.00,0.00,0.00,0.00,0.00,0.00,0.00,0.00,0.00
223.82,0.22,49.79,0.00,0.00,0.00,0.00,0.00,0.00,0.00,0.00,0.00,0.00,0.00,0.00
221.91,0.22,49.07,0.00,0.00,0.00,0.00,0.00,0.00,0.00,0.00,0.00,0.00,0.00,0.00
221.05,0.22,48.68,0.00,0.00,0.00,0.00,0.00,0.00,0.00,0.00,0.00,0.00,0.00,0.00
222.44,0.22,49.31,0.00,0.00,0.00,0.00,0.00,0.00,0.00,0.00,0.00,0.00,0.00,0.00
221.55,0.22,48.97,0.00,0.00,0.00,0.00,0.00,0.00,0.00,0.00,0.00,0.00,0.00,0.00
220.21,0.22,48.48,0.00,0.00,0.00,0.00,0.00,0.00,0.00,0.00,0.00,0.00,0.00,0.00
221.51,0.22,49.03,0.00,0.00,0.00,0.00,0.00,0.00,0.00,0.00,0.00,0.00,0.00,0.00
222.43,0.22,49.19,0.00,0.00,0.00,0.00,0.00,0.00,0.00,0.00,0.00,0.00,0.00,0.00
223.48,0.22,49.86,0.00,0.00,0.00,0.00,0.00,0.00,0.00,0.00,0.00,0.00,0.00,0.00
222.99,0.22,49.46,0.00,0.00,0.00,0.00,0.00,0.00,0.00,0.00,0.00,0.00,0.00,0.00
222.05,0.22,48.99,0.00,0.00,0.00,0.00,0.00,0.00,0.00,0.00,0.00,0.00,0.00,0.00
222.00,0.22,49.12,0.00,0.00,0.00,0.00,0.00,0.00,0.00,0.00,0.00,0.00,0.00,0.00
222.50,0.22,49.24,0.00,0.00,0.00,0.00,0.00,0.00,0.00,0.00,0.00,0.00,0.00,0.00
223.91,0.22,49.94,0.00,0.00,0.00,0.00,0.00,0.00,0.00,0.00,0.00,0.00,0.00,0.00
220.71,0.22,48.72,0.00,0.00,0.00,0.00,0.00,0.00,0.00,0.00,0.00,0.00,0.00,0.00
222.36,0.22,49.26,0.00,0.00,0.00,0.00,0.00,0.00,0.00,0.00,0.00,0.00,0.00,0.00
222.90,0.22,49.61,0.00,0.00,0.00,0.00,0.00,0.00,0.00,0.00,0.00,0.00,0.00,0.00
223.79,0.22,50.04,0.00,0.00,0.00,0.00,0.00,0.00,0.00,0.00,0.00,0.00,0.00,0.00
223.05,0.22,49.64,0.00,0.00,0.00,0.00,0.00,0.00,0.00,0.00,0.00,0.00,0.00,0.00
221.02,0.22,48.53,0.00,0.00,0.00,0.00,0.00,0.00,0.00,0.00,0.00,0.00,0.00,0.00
224.13,0.22,50.04,0.00,0.00,0.00,0.00,0.00,0.00,0.00,0.00,0.00,0.00,0.00,0.00
221.74,0.22,49.00,0.00,0.00,0.00,0.00,0.00,0.00,0.00,0.00,0.00,0.00,0.00,0.00
222.14,0.22,49.21,0.00,0.00,0.00,0.00,0.00,0.00,0.00,0.00,0.00,0.00,0.00,0.00
222.89,0.22,49.37,0.00,0.00,0.00,0.00,0.00,0.00,0.00,0.00,0.00,0.00,0.00,0.00
222.61,0.22,49.19,0.00,0.00,0.00,0.00,0.00,0.00,0.00,0.00,0.00,0.00,0.00,0.00
223.98,0.22,49.81,0.00,0.00,0.00,0.00,0.00,0.00,0.00,0.00,0.00,0.00,0.00,0.00
222.93,0.22,49.46,0.00,0.00,0.00,0.00,0.00,0.00,0.00,0.00,0.00,0.00,0.00,0.00
224.22,0.22,49.91,0.00,0.00,0.00,0.00,0.00,0.00,0.00,0.00,0.00,0.00,0.00,0.00
223.34,0.22,49.70,0.00,0.00,0.00,0.00,0.00,0.00,0.00,0.00,0.00,0.00,0.00,0.00
222.54,0.22,49.36,0.00,0.00,0.00,0.00,0.00,0.00,0.00,0.00,0.00,0.00,0.00,0.00
226.46,0.23,51.16,0.00,0.00,0.00,0.00,0.00,0.00,0.00,0.00,0.00,0.00,0.00,0.00
220.86,0.22,48.69,0.00,0.00,0.00,0.00,0.00,0.00,0.00,0.00,0.00,0.00,0.00,0.00
220.81,0.22,48.64,0.00,0.00,0.00,0.00,0.00,0.00,0.00,0.00,0.00,0.00,0.00,0.00
222.71,0.22,49.32,0.00,0.00,0.00,0.00,0.00,0.00,0.00,0.00,0.00,0.00,0.00,0.00
221.49,0.22,48.82,0.00,0.00,0.00,0.00,0.00,0.00,0.00,0.00,0.00,0.00,0.00,0.00
224.16,0.22,49.98,0.00,0.00,0.00,0.00,0.00,0.00,0.00,0.00,0.00,0.00,0.00,0.00
223.77,0.22,49.95,0.00,0.00,0.00,0.00,0.00,0.00,0.00,0.00,0.00,0.00,0.00,0.00
221.17,0.22,48.78,0.00,0.00,0.00,0.00,0.00,0.00,0.00,0.00,0.00,0.00,0.00,0.00
223.41,0.22,49.71,0.00,0.00,0.00,0.00,0.00,0.00,0.00,0.00,0.00,0.00,0.00,0.00
222.25,0.22,49.17,0.00,0.00,0.00,0.00,0.00,0.00,0.00,0.00,0.00,0.00,0.00,0.00
221.95,0.22,49.24,0.00,0.00,0.00,0.00,0.00,0.00,0.00,0.00,0.00,0.00,0.00,0.00
222.80,0.22,49.33,0.00,0.00,0.00,0.00,0.00,0.00,0.00,0.00,0.00,0.00,0.00,0.00
218.47,0.22,47.47,0.00,0.00,0.00,0.00,0.00,0.00,0.00,0.00,0.00,0.00,0.00,0.00
222.82,0.22,49.40,0.00,0.00,0.00,0.00,0.00,0.00,0.00,0.00,0.00,0.00,0.00,0.00
221.57,0.22,48.89,0.00,0.00,0.00,0.00,0.00,0.00,0.00,0.00,0.00,0.00,0.00,0.00
222.54,0.22,49.35,0.00,0.00,0.00,0.00,0.00,0.00,0.00,0.00,0.00,0.00,0.00,0.00
220.95,0.22,48.57,0.00,0.00,0.00,0.00,0.00,0.00,0.00,0.00,0.00,0.00,0.00,0.00
221.43,0.22,48.85,0.00,0.00,0.00,0.00,0.00,0.00,0.00,0.00,0.00,0.00,0.00,0.00
222.94,0.22,49.61,0.00,0.00,0.00,0.00,0.00,0.00,0.00,0.00,0.00,0.00,0.00,0.00
222.63,0.22,49.34,0.00,0.00,0.00,0.00,0.00,0.00,0.00,0.00,0.00,0.00,0.00,0.00
222.08,0.22,49.06,0.00,0.00,0.00,0.00,0.00,0.00,0.00,0.00,0.00,0.00,0.00,0.00
223.31,0.22,49.76,0.00,0.00,0.00,0.00,0.00,0.00,0.00,0.00,0.00,0.00,0.00,0.00
222.21,0.22,49.11,0.00,0.00,0.00,0.00,0.00,0.00,0.00,0.00,0.00,0.00,0.00,0.00
224.15,0.22,49.98,0.00,0.00,0.00,0.00,0.00,0.00,0.00,0.00,0.00,0.00,0.00,0.00
223.92,0.22,50.01,0.00,0.00,0.00,0.00,0.00,0.00,0.00,0.00,0.00,0.00,0.00,0.00
222.31,0.22,49.36,0.00,0.00,0.00,0.00,0.00,0.00,0.00,0.00,0.00,0.00,0.00,0.00
221.42,0.22,48.85,0.00,0.00,0.00,0.00,0.00,0.00,0.00,0.00,0.00,0.00,0.00,0.00
223.85,0.22,49.93,0.00,0.00,0.00,0.00,0.00,0.00,0.00,0.00,0.00,0.00,0.00,0.00
223.23,0.22,49.69,0.00,0.00,0.00,0.00,0.00,0.00,0.00,0.00,0.00,0.00,0.00,0.00
221.54,0.22,48.97,0.00,0.00,0.00,0.00,0.00,0.00,0.00,0.00,0.00,0.00,0.00,0.00
222.16,0.22,49.21,0.00,0.00,0.00,0.00,0.00,0.00,0.00,0.00,0.00,0.00,0.00,0.00
221.72,0.22,49.06,0.00,0.00,0.00,0.00,0.00,0.00,0.00,0.00,0.00,0.00,0.00,0.00
221.77,0.22,49.07,0.00,0.00,0.00,0.00,0.00,0.00,0.00,0.00,0.00,0.00,0.00,0.00
220.67,0.22,48.51,0.00,0.00,0.00,0.00,0.00,0.00,0.00,0.00,0.00,0.00,0.00,0.00
222.09,0.22,49.28,0.00,0.00,0.00,0.00,0.00,0.00,0.00,0.00,0.00,0.00,0.00,0.00
222.05,0.22,49.24,0.00,0.00,0.00,0.00,0.00,0.00,0.00,0.00,0.00,0.00,0.00,0.00
220.15,0.22,48.30,0.00,0.00,0.00,0.00,0.00,0.00,0.00,0.00,0.00,0.00,0.00,0.00
222.88,0.22,49.45,0.00,0.00,0.00,0.00,0.00,0.00,0.00,0.00,0.00,0.00,0.00,0.00
221.60,0.22,48.91,0.00,0.00,0.00,0.00,0.00,0.00,0.00,0.00,0.00,0.00,0.00,0.00
221.68,0.22,49.04,0.00,0.00,0.00,0.00,0.00,0.00,0.00,0.00,0.00,0.00,0.00,0.00
222.89,0.22,49.43,0.00,0.00,0.00,0.00,0.00,0.00,0.00,0.00,0.00,0.00,0.00,0.00
223.07,0.22,49.55,0.00,0.00,0.00,0.00,0.00,0.00,0.00,0.00,0.00,0.00,0.00,0.00
223.81,0.22,49.90,0.00,0.00,0.00,0.00,0.00,0.00,0.00,0.00,0.00,0.00,0.00,0.00
221.96,0.22,48.99,0.00,0.00,0.00,0.00,0.00,0.00,0.00,0.00,0.00,0.00,0.00,0.00
222.55,0.22,49.34,0.00,0.00,0.00,0.00,0.00,0.00,0.00,0.00,0.00,0.00,0.00,0.00
224.59,0.22,50.14,0.00,0.00,0.00,0.00,0.00,0.00,0.00,0.00,0.00,0.00,0.00,0.00
221.80,0.22,49.00,0.00,0.00,0.00,0.00,0.00,0.00,0.00,0.00,0.00,0.00,0.00,0.00
222.73,0.22,49.53,0.00,0.00,0.00,0.00,0.00,0.00,0.00,0.00,0.00,0.00,0.00,0.00
223.23,0.22,49.58,0.00,0.00,0.00,0.00,0.00,0.00,0.00,0.00,0.00,0.00,0.00,0.00
222.23,0.22,49.19,0.00,0.00,0.00,0.00,0.00,0.00,0.00,0.00,0.00,0.00,0.00,0.00
222.53,0.22,49.33,0.00,0.00,0.00,0.00,0.00,0.00,0.00,0.00,0.00,0.00,0.00,0.00
222.36,0.22,49.24,0.00,0.00,0.00,0.00,0.00,0.00,0.00,0.00,0.00,0.00,0.00,0.00
223.44,0.22,49.63,0.00,0.00,0.00,0.00,0.00,0.00,0.00,0.00,0.00,0.00,0.00,0.00
221.52,0.22,48.79,0.00,0.00,0.00,0.00,0.00,0.00,0.00,0.00,0.00,0.00,0.00,0.00
221.87,0.22,49.12,0.00,0.00,0.00,0.00,0.00,0.00,0.00,0.00,0.00,0.00,0.00,0.00
221.50,0.22,48.80,0.00,0.00,0.00,0.00,0.00,0.00,0.00,0.00,0.00,0.00,0.00,0.00
221.36,0.22,48.85,0.00,0.00,0.00,0.00,0.00,0.00,0.00,0.00,0.00,0.00,0.00,0.00
223.45,0.22,49.73,0.00,0.00,0.00,0.00,0.00,0.00,0.00,0.00,0.00,0.00,0.00,0.00
222.75,0.22,49.48,0.00,0.00,0.00,0.00,0.00,0.00,0.00,0.00,0.00,0.00,0.00,0.00
222.58,0.22,49.42,0.00,0.00,0.00,0.00,0.00,0.00,0.00,0.00,0.00,0.00,0.00,0.00
223.10,0.22,49.68,0.00,0.00,0.00,0.00,0.00,0.00,0.00,0.00,0.00,0.00,0.00,0.00
222.73,0.22,49.65,0.00,0.00,0.00,0.00,0.00,0.00,0.00,0.00,0.00,0.00,0.00,0.00
222.51,0.22,49.39,0.00,0.00,0.00,0.00,0.00,0.00,0.00,0.00,0.00,0.00,0.00,0.00
221.48,0.22,48.95,0.00,0.00,0.00,0.00,0.00,0.00,0.00,0.00,0.00,0.00,0.00,0.00
222.75,0.22,49.66,0.00,0.00,0.00,0.00,0.00,0.00,0.00,0.00,0.00,0.00,0.00,0.00
222.01,0.22,49.09,0.00,0.00,0.00,0.00,0.00,0.00,0.00,0.00,0.00,0.00,0.00,0.00
223.37,0.22,49.68,0.00,0.00,0.00,0.00,0.00,0.00,0.00,0.00,0.00,0.00,0.00,0.00
217.73,0.22,47.30,0.00,0.00,0.00,0.00,0.00,0.00,0.00,0.00,0.00,0.00,0.00,0.00
223.39,0.22,49.83,0.00,0.00,0.00,0.00,0.00,0.00,0.00,0.00,0.00,0.00,0.00,0.00
223.35,0.22,49.76,0.00,0.00,0.00,0.00,0.00,0.00,0.00,0.00,0.00,0.00,0.00,0.00
221.98,0.22,49.14,0.00,0.00,0.00,0.00,0.00,0.00,0.00,0.00,0.00,0.00,0.00,0.00
224.13,0.22,50.00,0.00,0.00,0.00,0.00,0.00,0.00,0.00,0.00,0.00,0.00,0.00,0.00
223.09,0.22,49.46,0.00,0.00,0.00,0.00,0.00,0.00,0.00,0.00,0.00,0.00,0.00,0.00
222.95,0.22,49.74,0.00,0.00,0.00,0.00,0.00,0.00,0.00,0.00,0.00,0.00,0.00,0.00
222.57,0.22,49.31,0.00,0.00,0.00,0.00,0.00,0.00,0.00,0.00,0.00,0.00,0.00,0.00
223.52,0.22,49.78,0.00,0.00,0.00,0.00,0.00,0.00,0.00,0.00,0.00,0.00,0.00,0.00
222.81,0.22,49.45,0.00,0.00,0.00,0.00,0.00,0.00,0.00,0.00,0.00,0.00,0.00,0.00
223.91,0.22,49.93,0.00,0.00,0.00,0.00,0.00,0.00,0.00,0.00,0.00,0.00,0.00,0.00
224.48,0.22,50.24,0.00,0.00,0.00,0.00,0.00,0.00,0.00,0.00,0.00,0.00,0.00,0.00
224.06,0.22,50.07,0.00,0.00,0.00,0.00,0.00,0.00,0.00,0.00,0.00,0.00,0.00,0.00
222.11,0.22,49.33,0.00,0.00,0.00,0.00,0.00,0.00,0.00,0.00,0.00,0.00,0.00,0.00
222.50,0.22,49.15,0.00,0.00,0.00,0.00,0.00,0.00,0.00,0.00,0.00,0.00,0.00,0.00
223.19,0.22,49.72,0.00,0.00,0.00,0.00,0.00,0.00,0.00,0.00,0.00,0.00,0.00,0.00
222.53,0.22,49.33,0.00,0.00,0.00,0.00,0.00,0.00,0.00,0.00,0.00,0.00,0.00,0.00
221.85,0.22,49.16,0.00,0.00,0.00,0.00,0.00,0.00,0.00,0.00,0.00,0.00,0.00,0.00
223.51,0.22,49.80,0.00,0.00,0.00,0.00,0.00,0.00,0.00,0.00,0.00,0.00,0.00,0.00
221.98,0.22,49.16,0.00,0.00,0.00,0.00,0.00,0.00,0.00,0.00,0.00,0.00,0.00,0.00
222.18,0.22,49.20,0.00,0.00,0.00,0.00,0.00,0.00,0.00,0.00,0.00,0.00,0.00,0.00
224.58,0.22,50.18,0.00,0.00,0.00,0.00,0.00,0.00,0.00,0.00,0.00,0.00,0.00,0.00
222.36,0.22,49.23,0.00,0.00,0.00,0.00,0.00,0.00,0.00,0.00,0.00,0.00,0.00,0.00
220.38,0.22,48.46,0.00,0.00,0.00,0.00,0.00,0.00,0.00,0.00,0.00,0.00,0.00,0.00
222.23,0.22,49.24,0.00,0.00,0.00,0.00,0.00,0.00,0.00,0.00,0.00,0.00,0.00,0.00
219.57,0.22,48.03,0.00,0.00,0.00,0.00,0.00,0.00,0.00,0.00,0.00,0.00,0.00,0.00
222.51,0.22,49.48,0.00,0.00,0.00,0.00,0.00,0.00,0.00,0.00,0.00,0.00,0.00,0.00
226.42,0.23,51.17,0.00,0.00,0.00,0.00,0.00,0.00,0.00,0.00,0.00,0.00,0.00,0.00
223.29,0.22,49.73,0.00,0.00,0.00,0.00,0.00,0.00,0.00,0.00,0.00,0.00,0.00,0.00
221.67,0.22,49.08,0.00,0.00,0.00,0.00,0.00,0.00,0.00,0.00,0.00,0.00,0.00,0.00
224.84,0.22,50.38,0.00,0.00,0.00,0.00,0.00,0.00,0.00,0.00,0.00,0.00,0.00,0.00
222.85,0.22,49.57,0.00,0.00,0.00,0.00,0.00,0.00,0.00,0.00,0.00,0.00,0.00,0.00
220.89,0.22,48.61,0.00,0.00,0.00,0.00,0.00,0.00,0.00,0.00,0.00,0.00,0.00,0.00
223.35,0.22,49.74,0.00,0.00,0.00,0.00,0.00,0.00,0.00,0.00,0.00,0.00,0.00,0.00
221.90,0.22,49.01,0.00,0.00,0.00,0.00,0.00,0.00,0.00,0.00,0.00,0.00,0.00,0.00
221.89,0.22,49.06,0.00,0.00,0.00,0.00,0.00,0.00,0.00,0.00,0.00,0.00,0.00,0.00
221.98,0.22,49.19,0.00,0.00,0.00,0.00,0.00,0.00,0.00,0.00,0.00,0.00,0.00,0.00
220.30,0.22,48.49,0.00,0.00,0.00,0.00,0.00,0.00,0.00,0.00,0.00,0.00,0.00,0.00
222.33,0.22,49.23,0.00,0.00,0.00,0.00,0.00,0.00,0.00,0.00,0.00,0.00,0.00,0.00
223.21,0.22,49.63,0.00,0.00,0.00,0.00,0.00,0.00,0.00,0.00,0.00,0.00,0.00,0.00
225.60,0.23,50.93,0.00,0.00,0.00,0.00,0.00,0.00,0.00,0.00,0.00,0.00,0.00,0.00
222.25,0.22,49.27,0.00,0.00,0.00,0.00,0.00,0.00,0.00,0.00,0.00,0.00,0.00,0.00
224.21,0.22,50.19,0.00,0.00,0.00,0.00,0.00,0.00,0.00,0.00,0.00,0.00,0.00,0.00
220.48,0.22,48.51,0.00,0.00,0.00,0.00,0.00,0.00,0.00,0.00,0.00,0.00,0.00,0.00
222.47,0.22,49.37,0.00,0.00,0.00,0.00,0.00,0.00,0.00,0.00,0.00,0.00,0.00,0.00
223.21,0.22,49.65,0.00,0.00,0.00,0.00,0.00,0.00,0.00,0.00,0.00,0.00,0.00,0.00
222.01,0.22,49.13,0.00,0.00,0.00,0.00,0.00,0.00,0.00,0.00,0.00,0.00,0.00,0.00
220.24,0.22,48.35,0.00,0.00,0.00,0.00,0.00,0.00,0.00,0.00,0.00,0.00,0.00,0.00
221.78,0.22,48.95,0.00,0.00,0.00,0.00,0.00,0.00,0.00,0.00,0.00,0.00,0.00,0.00
223.84,0.22,50.18,0.00,0.00,0.00,0.00,0.00,0.00,0.00,0.00,0.00,0.00,0.00,0.00
221.85,0.22,49.08,0.00,0.00,0.00,0.00,0.00,0.00,0.00,0.00,0.00,0.00,0.00,0.00
221.37,0.22,49.06,0.00,0.00,0.00,0.00,0.00,0.00,0.00,0.00,0.00,0.00,0.00,0.00
219.94,0.22,48.39,0.00,0.00,0.00,0.00,0.00,0.00,0.00,0.00,0.00,0.00,0.00,0.00
222.73,0.22,49.51,0.00,0.00,0.00,0.00,0.00,0.00,0.00,0.00,0.00,0.00,0.00,0.00
221.28,0.22,48.81,0.00,0.00,0.00,0.00,0.00,0.00,0.00,0.00,0.00,0.00,0.00,0.00
222.01,0.22,49.20,0.00,0.00,0.00,0.00,0.00,0.00,0.00,0.00,0.00,0.00,0.00,0.00
222.99,0.22,49.54,0.00,0.00,0.00,0.00,0.00,0.00,0.00,0.00,0.00,0.00,0.00,0.00
223.24,0.22,49.80,0.00,0.00,0.00,0.00,0.00,0.00,0.00,0.00,0.00,0.00,0.00,0.00
221.51,0.22,48.89,0.00,0.00,0.00,0.00,0.00,0.00,0.00,0.00,0.00,0.00,0.00,0.00
221.04,0.22,48.75,0.00,0.00,0.00,0.00,0.00,0.00,0.00,0.00,0.00,0.00,0.00,0.00
223.33,0.22,49.63,0.00,0.00,0.00,0.00,0.00,0.00,0.00,0.00,0.00,0.00,0.00,0.00
222.77,0.22,49.46,0.00,0.00,0.00,0.00,0.00,0.00,0.00,0.00,0.00,0.00,0.00,0.00
221.13,0.22,48.88,0.00,0.00,0.00,0.00,0.00,0.00,0.00,0.00,0.00,0.00,0.00,0.00
221.52,0.22,48.90,0.00,0.00,0.00,0.00,0.00,0.00,0.00,0.00,0.00,0.00,0.00,0.00
223.24,0.22,49.79,0.00,0.00,0.00,0.00,0.00,0.00,0.00,0.00,0.00,0.00,0.00,0.00
221.76,0.22,48.99,0.00,0.00,0.00,0.00,0.00,0.00,0.00,0.00,0.00,0.00,0.00,0.00
219.99,0.22,48.31,0.00,0.00,0.00,0.00,0.00,0.00,0.00,0.00,0.00,0.00,0.00,0.00
223.18,0.22,49.56,0.00,0.00,0.00,0.00,0.00,0.00,0.00,0.00,0.00,0.00,0.00,0.00
223.27,0.22,49.63,0.00,0.00,0.00,0.00,0.00,0.00,0.00,0.00,0.00,0.00,0.00,0.00
221.75,0.22,49.19,0.00,0.00,0.00,0.00,0.00,0.00,0.00,0.00,0.00,0.00,0.00,0.00
222.22,0.22,49.22,0.00,0.00,0.00,0.00,0.00,0.00,0.00,0.00,0.00,0.00,0.00,0.00
222.61,0.22,49.34,0.00,0.00,0.00,0.00,0.00,0.00,0.00,0.00,0.00,0.00,0.00,0.00
220.82,0.22,48.74,0.00,0.00,0.00,0.00,0.00,0.00,0.00,0.00,0.00,0.00,0.00,0.00
221.63,0.22,49.07,0.00,0.00,0.00,0.00,0.00,0.00,0.00,0.00,0.00,0.00,0.00,0.00
220.62,0.22,48.59,0.00,0.00,0.00,0.00,0.00,0.00,0.00,0.00,0.00,0.00,0.00,0.00
221.33,0.22,48.94,0.00,0.00,0.00,0.00,0.00,0.00,0.00,0.00,0.00,0.00,0.00,0.00
221.50,0.22,48.91,0.00,0.00,0.00,0.00,0.00,0.00,0.00,0.00,0.00,0.00,0.00,0.00
221.50,0.22,48.97,0.00,0.00,0.00,0.00,0.00,0.00,0.00,0.00,0.00,0.00,0.00,0.00
220.92,0.22,48.73,0.00,0.00,0.00,0.00,0.00,0.00,0.00,0.00,0.00,0.00,0.00,0.00
222.97,0.22,49.60,0.00,0.00,0.00,0.00,0.00,0.00,0.00,0.00,0.00,0.00,0.00,0.00
219.52,0.22,48.25,0.00,0.00,0.00,0.00,0.00,0.00,0.00,0.00,0.00,0.00,0.00,0.00
222.71,0.22,49.42,0.00,0.00,0.00,0.00,0.00,0.00,0.00,0.00,0.00,0.00,0.00,0.00
220.83,0.22,48.57,0.00,0.00,0.00,0.00,0.00,0.00,0.00,0.00,0.00,0.00,0.00,0.00
222.56,0.22,49.39,0.00,0.00,0.00,0.00,0.00,0.00,0.00,0.00,0.00,0.00,0.00,0.00
222.14,0.22,49.20,0.00,0.00,0.00,0.00,0.00,0.00,0.00,0.00,0.00,0.00,0.00,0.00
222.33,0.22,49.27,0.00,0.00,0.00,0.00,0.00,0.00,0.00,0.00,0.00,0.00,0.00,0.00
221.41,0.22,49.00,0.00,0.00,0.00,0.00,0.00,0.00,0.00,0.00,0.00,0.00,0.00,0.00
220.48,0.22,48.55,0.00,0.00,0.00,0.00,0.00,0.00,0.00,0.00,0.00,0.00,0.00,0.00
223.95,0.22,49.82,0.00,0.00,0.00,0.00,0.00,0.00,0.00,0.00,0.00,0.00,0.00,0.00
217.07,0.22,46.91,0.00,0.00,0.00,0.00,0.00,0.00,0.00,0.00,0.00,0.00,0.00,0.00
221.93,0.22,49.19,0.00,0.00,0.00,0.00,0.00,0.00,0.00,0.00,0.00,0.00,0.00,0.00
223.39,0.22,49.81,0.00,0.00,0.00,0.00,0.00,0.00,0.00,0.00,0.00,0.00,0.00,0.00
222.18,0.22,49.17,0.00,0.00,0.00,0.00,0.00,0.00,0.00,0.00,0.00,0.00,0.00,0.00
221.62,0.22,48.96,0.00,0.00,0.00,0.00,0.00,0.00,0.00,0.00,0.00,0.00,0.00,0.00
222.77,0.22,49.59,0.00,0.00,0.00,0.00,0.00,0.00,0.00,0.00,0.00,0.00,0.00,0.00
222.97,0.22,49.69,0.00,0.00,0.00,0.00,0.00,0.00,0.00,0.00,0.00,0.00,0.00,0.00
221.34,0.22,48.98,0.00,0.00,0.00,0.00,0.00,0.00,0.00,0.00,0.00,0.00,0.00,0.00
223.75,0.22,50.19,0.00,0.00,0.00,0.00,0.00,0.00,0.00,0.00,0.00,0.00,0.00,0.00
222.24,0.22,49.29,0.00,0.00,0.00,0.00,0.00,0.00,0.00,0.00,0.00,0.00,0.00,0.00
223.41,0.22,49.88,0.00,0.00,0.00,0.00,0.00,0.00,0.00,0.00,0.00,0.00,0.00,0.00
222.33,0.22,49.30,0.00,0.00,0.00,0.00,0.00,0.00,0.00,0.00,0.00,0.00,0.00,0.00
221.50,0.22,49.00,0.00,0.00,0.00,0.00,0.00,0.00,0.00,0.00,0.00,0.00,0.00,0.00
222.91,0.22,49.72,0.00,0.00,0.00,0.00,0.00,0.00,0.00,0.00,0.00,0.00,0.00,0.00
220.34,0.22,48.49,0.00,0.00,0.00,0.00,0.00,0.00,0.00,0.00,0.00,0.00,0.00,0.00
221.24,0.22,49.02,0.00,0.00,0.00,0.00,0.00,0.00,0.00,0.00,0.00,0.00,0.00,0.00
223.06,0.22,49.55,0.00,0.00,0.00,0.00,0.00,0.00,0.00,0.00,0.00,0.00,0.00,0.00
222.35,0.22,49.38,0.00,0.00,0.00,0.00,0.00,0.00,0.00,0.00,0.00,0.00,0.00,0.00
222.96,0.22,49.64,0.00,0.00,0.00,0.00,0.00,0.00,0.00,0.00,0.00,0.00,0.00,0.00
222.61,0.22,49.59,0.00,0.00,0.00,0.00,0.00,0.00,0.00,0.00,0.00,0.00,0.00,0.00
223.33,0.22,49.82,0.00,0.00,0.00,0.00,0.00,0.00,0.00,0.00,0.00,0.00,0.00,0.00
223.48,0.22,49.86,0.00,0.00,0.00,0.00,0.00,0.00,0.00,0.00,0.00,0.00,0.00,0.00
222.72,0.22,49.57,0.00,0.00,0.00,0.00,0.00,0.00,0.00,0.00,0.00,0.00,0.00,0.00
222.04,0.22,49.33,0.00,0.00,0.00,0.00,0.00,0.00,0.00,0.00,0.00,0.00,0.00,0.00
222.65,0.22,49.57,0.00,0.00,0.00,0.00,0.00,0.00,0.00,0.00,0.00,0.00,0.00,0.00
221.77,0.22,49.08,0.00,0.00,0.00,0.00,0.00,0.00,0.00,0.00,0.00,0.00,0.00,0.00
222.92,0.22,49.59,0.00,0.00,0.00,0.00,0.00,0.00,0.00,0.00,0.00,0.00,0.00,0.00
222.76,0.22,49.48,0.00,0.00,0.00,0.00,0.00,0.00,0.00,0.00,0.00,0.00,0.00,0.00
222.47,0.22,49.54,0.00,0.00,0.00,0.00,0.00,0.00,0.00,0.00,0.00,0.00,0.00,0.00
222.05,0.22,49.16,0.00,0.00,0.00,0.00,0.00,0.00,0.00,0.00,0.00,0.00,0.00,0.00
223.46,0.22,49.91,0.00,0.00,0.00,0.00,0.00,0.00,0.00,0.00,0.00,0.00,0.00,0.00
221.65,0.22,49.15,0.00,0.00,0.00,0.00,0.00,0.00,0.00,0.00,0.00,0.00,0.00,0.00
221.23,0.22,48.99,0.00,0.00,0.00,0.00,0.00,0.00,0.00,0.00,0.00,0.00,0.00,0.00
223.34,0.22,49.75,0.00,0.00,0.00,0.00,0.00,0.00,0.00,0.00,0.00,0.00,0.00,0.00
221.54,0.22,49.13,0.00,0.00,0.00,0.00,0.00,0.00,0.00,0.00,0.00,0.00,0.00,0.00
222.62,0.22,49.50,0.00,0.00,0.00,0.00,0.00,0.00,0.00,0.00,0.00,0.00,0.00,0.00
224.31,0.22,50.35,0.00,0.00,0.00,0.00,0.00,0.00,0.00,0.00,0.00,0.00,0.00,0.00
223.87,0.22,50.01,0.00,0.00,0.00,0.00,0.00,0.00,0.00,0.00,0.00,0.00,0.00,0.00
223.07,0.22,49.65,0.00,0.00,0.00,0.00,0.00,0.00,0.00,0.00,0.00,0.00,0.00,0.00
223.23,0.22,49.79,0.00,0.00,0.00,0.00,0.00,0.00,0.00,0.00,0.00,0.00,0.00,0.00
222.57,0.22,49.37,0.00,0.00,0.00,0.00,0.00,0.00,0.00,0.00,0.00,0.00,0.00,0.00
221.12,0.22,48.83,0.00,0.00,0.00,0.00,0.00,0.00,0.00,0.00,0.00,0.00,0.00,0.00
226.08,0.23,51.21,0.00,0.00,0.00,0.00,0.00,0.00,0.00,0.00,0.00,0.00,0.00,0.00
221.92,0.22,49.30,0.00,0.00,0.00,0.00,0.00,0.00,0.00,0.00,0.00,0.00,0.00,0.00
222.43,0.22,49.44,0.00,0.00,0.00,0.00,0.00,0.00,0.00,0.00,0.00,0.00,0.00,0.00
223.07,0.22,49.52,0.00,0.00,0.00,0.00,0.00,0.00,0.00,0.00,0.00,0.00,0.00,0.00
223.19,0.22,49.68,0.00,0.00,0.00,0.00,0.00,0.00,0.00,0.00,0.00,0.00,0.00,0.00
221.99,0.22,49.28,0.00,0.00,0.00,0.00,0.00,0.00,0.00,0.00,0.00,0.00,0.00,0.00
221.08,0.22,48.94,0.00,0.00,0.00,0.00,0.00,0.00,0.00,0.00,0.00,0.00,0.00,0.00
222.22,0.22,49.22,0.00,0.00,0.00,0.00,0.00,0.00,0.00,0.00,0.00,0.00,0.00,0.00
223.32,0.22,49.76,0.00,0.00,0.00,0.00,0.00,0.00,0.00,0.00,0.00,0.00,0.00,0.00
222.54,0.22,49.38,0.00,0.00,0.00,0.00,0.00,0.00,0.00,0.00,0.00,0.00,0.00,0.00
224.29,0.22,50.23,0.00,0.00,0.00,0.00,0.00,0.00,0.00,0.00,0.00,0.00,0.00,0.00
222.02,0.22,49.15,0.00,0.00,0.00,0.00,0.00,0.00,0.00,0.00,0.00,0.00,0.00,0.00
221.40,0.22,49.12,0.00,0.00,0.00,0.00,0.00,0.00,0.00,0.00,0.00,0.00,0.00,0.00
221.55,0.22,49.06,0.00,0.00,0.00,0.00,0.00,0.00,0.00,0.00,0.00,0.00,0.00,0.00
223.93,0.22,49.92,0.00,0.00,0.00,0.00,0.00,0.00,0.00,0.00,0.00,0.00,0.00,0.00
221.88,0.22,49.11,0.00,0.00,0.00,0.00,0.00,0.00,0.00,0.00,0.00,0.00,0.00,0.00
221.36,0.22,48.88,0.00,0.00,0.00,0.00,0.00,0.00,0.00,0.00,0.00,0.00,0.00,0.00
222.88,0.22,49.79,0.00,0.00,0.00,0.00,0.00,0.00,0.00,0.00,0.00,0.00,0.00,0.00
221.67,0.22,49.12,0.00,0.00,0.00,0.00,0.00,0.00,0.00,0.00,0.00,0.00,0.00,0.00
221.90,0.22,49.21,0.00,0.00,0.00,0.00,0.00,0.00,0.00,0.00,0.00,0.00,0.00,0.00
221.97,0.22,49.16,0.00,0.00,0.00,0.00,0.00,0.00,0.00,0.00,0.00,0.00,0.00,0.00
225.45,0.22,50.60,0.00,0.00,0.00,0.00,0.00,0.00,0.00,0.00,0.00,0.00,0.00,0.00
222.29,0.22,49.36,0.00,0.00,0.00,0.00,0.00,0.00,0.00,0.00,0.00,0.00,0.00,0.00
222.01,0.22,49.25,0.00,0.00,0.00,0.00,0.00,0.00,0.00,0.00,0.00,0.00,0.00,0.00
222.46,0.22,49.44,0.00,0.00,0.00,0.00,0.00,0.00,0.00,0.00,0.00,0.00,0.00,0.00
222.97,0.22,49.61,0.00,0.00,0.00,0.00,0.00,0.00,0.00,0.00,0.00,0.00,0.00,0.00
221.71,0.22,49.11,0.00,0.00,0.00,0.00,0.00,0.00,0.00,0.00,0.00,0.00,0.00,0.00
223.22,0.22,49.89,0.00,0.00,0.00,0.00,0.00,0.00,0.00,0.00,0.00,0.00,0.00,0.00
220.97,0.22,48.71,0.00,0.00,0.00,0.00,0.00,0.00,0.00,0.00,0.00,0.00,0.00,0.00
220.21,0.22,48.40,0.00,0.00,0.00,0.00,0.00,0.00,0.00,0.00,0.00,0.00,0.00,0.00
223.31,0.22,49.76,0.00,0.00,0.00,0.00,0.00,0.00,0.00,0.00,0.00,0.00,0.00,0.00
222.07,0.22,49.29,0.00,0.00,0.00,0.00,0.00,0.00,0.00,0.00,0.00,0.00,0.00,0.00
222.20,0.22,49.21,0.00,0.00,0.00,0.00,0.00,0.00,0.00,0.00,0.00,0.00,0.00,0.00
221.79,0.22,49.18,0.00,0.00,0.00,0.00,0.00,0.00,0.00,0.00,0.00,0.00,0.00,0.00
223.05,0.22,49.68,0.00,0.00,0.00,0.00,0.00,0.00,0.00,0.00,0.00,0.00,0.00,0.00
221.23,0.22,48.64,0.00,0.00,0.00,0.00,0.00,0.00,0.00,0.00,0.00,0.00,0.00,0.00
222.64,0.22,49.53,0.00,0.00,0.00,0.00,0.00,0.00,0.00,0.00,0.00,0.00,0.00,0.00
221.51,0.22,48.96,0.00,0.00,0.00,0.00,0.00,0.00,0.00,0.00,0.00,0.00,0.00,0.00
223.30,0.22,49.82,0.00,0.00,0.00,0.00,0.00,0.00,0.00,0.00,0.00,0.00,0.00,0.00
225.01,0.22,50.55,0.00,0.00,0.00,0.00,0.00,0.00,0.00,0.00,0.00,0.00,0.00,0.00
220.80,0.22,48.71,0.00,0.00,0.00,0.00,0.00,0.00,0.00,0.00,0.00,0.00,0.00,0.00
222.39,0.22,49.38,0.00,0.00,0.00,0.00,0.00,0.00,0.00,0.00,0.00,0.00,0.00,0.00
224.18,0.22,50.09,0.00,0.00,0.00,0.00,0.00,0.00,0.00,0.00,0.00,0.00,0.00,0.00
220.80,0.22,48.95,0.00,0.00,0.00,0.00,0.00,0.00,0.00,0.00,0.00,0.00,0.00,0.00
222.73,0.22,49.56,0.00,0.00,0.00,0.00,0.00,0.00,0.00,0.00,0.00,0.00,0.00,0.00
224.17,0.22,50.30,0.00,0.00,0.00,0.00,0.00,0.00,0.00,0.00,0.00,0.00,0.00,0.00
224.20,0.22,50.15,0.00,0.00,0.00,0.00,0.00,0.00,0.00,0.00,0.00,0.00,0.00,0.00
223.35,0.22,49.86,0.00,0.00,0.00,0.00,0.00,0.00,0.00,0.00,0.00,0.00,0.00,0.00
220.55,0.22,48.73,0.00,0.00,0.00,0.00,0.00,0.00,0.00,0.00,0.00,0.00,0.00,0.00
221.89,0.22,49.10,0.00,0.00,0.00,0.00,0.00,0.00,0.00,0.00,0.00,0.00,0.00,0.00
223.05,0.22,49.71,0.00,0.00,0.00,0.00,0.00,0.00,0.00,0.00,0.00,0.00,0.00,0.00
222.97,0.22,49.56,0.00,0.00,0.00,0.00,0.00,0.00,0.00,0.00,0.00,0.00,0.00,0.00
221.24,0.22,48.84,0.00,0.00,0.00,0.00,0.00,0.00,0.00,0.00,0.00,0.00,0.00,0.00
223.72,0.22,49.93,0.00,0.00,0.00,0.00,0.00,0.00,0.00,0.00,0.00,0.00,0.00,0.00
223.94,0.22,50.05,0.00,0.00,0.00,0.00,0.00,0.00,0.00,0.00,0.00,0.00,0.00,0.00
221.89,0.22,49.11,0.00,0.00,0.00,0.00,0.00,0.00,0.00,0.00,0.00,0.00,0.00,0.00
223.93,0.22,49.85,0.00,0.00,0.00,0.00,0.00,0.00,0.00,0.00,0.00,0.00,0.00,0.00
223.09,0.22,49.74,0.00,0.00,0.00,0.00,0.00,0.00,0.00,0.00,0.00,0.00,0.00,0.00
220.91,0.22,48.71,0.00,0.00,0.00,0.00,0.00,0.00,0.00,0.00,0.00,0.00,0.00,0.00
222.47,0.22,49.40,0.00,0.00,0.00,0.00,0.00,0.00,0.00,0.00,0.00,0.00,0.00,0.00
223.44,0.22,49.72,0.00,0.00,0.00,0.00,0.00,0.00,0.00,0.00,0.00,0.00,0.00,0.00
222.01,0.22,49.16,0.00,0.00,0.00,0.00,0.00,0.00,0.00,0.00,0.00,0.00,0.00,0.00
222.52,0.22,49.42,0.00,0.00,0.00,0.00,0.00,0.00,0.00,0.00,0.00,0.00,0.00,0.00
223.58,0.22,49.96,0.00,0.00,0.00,0.00,0.00,0.00,0.00,0.00,0.00,0.00,0.00,0.00
221.88,0.22,49.11,0.00,0.00,0.00,0.00,0.00,0.00,0.00,0.00,0.00,0.00,0.00,0.00
221.48,0.22,48.93,0.00,0.00,0.00,0.00,0.00,0.00,0.00,0.00,0.00,0.00,0.00,0.00
221.55,0.22,49.02,0.00,0.00,0.00,0.00,0.00,0.00,0.00,0.00,0.00,0.00,0.00,0.00
223.63,0.22,49.94,0.00,0.00,0.00,0.00,0.00,0.00,0.00,0.00,0.00,0.00,0.00,0.00
221.32,0.22,49.12,0.00,0.00,0.00,0.00,0.00,0.00,0.00,0.00,0.00,0.00,0.00,0.00
222.63,0.22,49.56,0.00,0.00,0.00,0.00,0.00,0.00,0.00,0.00,0.00,0.00,0.00,0.00
221.85,0.22,49.14,0.00,0.00,0.00,0.00,0.00,0.00,0.00,0.00,0.00,0.00,0.00,0.00
222.04,0.22,49.28,0.00,0.00,0.00,0.00,0.00,0.00,0.00,0.00,0.00,0.00,0.00,0.00
222.76,0.22,49.50,0.00,0.00,0.00,0.00,0.00,0.00,0.00,0.00,0.00,0.00,0.00,0.00
222.52,0.22,49.42,0.00,0.00,0.00,0.00,0.00,0.00,0.00,0.00,0.00,0.00,0.00,0.00
222.29,0.22,49.28,0.00,0.00,0.00,0.00,0.00,0.00,0.00,0.00,0.00,0.00,0.00,0.00
221.05,0.22,48.77,0.00,0.00,0.00,0.00,0.00,0.00,0.00,0.00,0.00,0.00,0.00,0.00
222.40,0.22,49.44,0.00,0.00,0.00,0.00,0.00,0.00,0.00,0.00,0.00,0.00,0.00,0.00
219.89,0.22,48.54,0.00,0.00,0.00,0.00,0.00,0.00,0.00,0.00,0.00,0.00,0.00,0.00
220.79,0.22,48.71,0.00,0.00,0.00,0.00,0.00,0.00,0.00,0.00,0.00,0.00,0.00,0.00
223.43,0.22,49.78,0.00,0.00,0.00,0.00,0.00,0.00,0.00,0.00,0.00,0.00,0.00,0.00
221.41,0.22,48.80,0.00,0.00,0.00,0.00,0.00,0.00,0.00,0.00,0.00,0.00,0.00,0.00
220.98,0.22,48.78,0.00,0.00,0.00,0.00,0.00,0.00,0.00,0.00,0.00,0.00,0.00,0.00
221.91,0.22,49.20,0.00,0.00,0.00,0.00,0.00,0.00,0.00,0.00,0.00,0.00,0.00,0.00
223.12,0.22,49.74,0.00,0.00,0.00,0.00,0.00,0.00,0.00,0.00,0.00,0.00,0.00,0.00
221.18,0.22,48.79,0.00,0.00,0.00,0.00,0.00,0.00,0.00,0.00,0.00,0.00,0.00,0.00
222.69,0.22,49.63,0.00,0.00,0.00,0.00,0.00,0.00,0.00,0.00,0.00,0.00,0.00,0.00
222.56,0.22,49.54,0.00,0.00,0.00,0.00,0.00,0.00,0.00,0.00,0.00,0.00,0.00,0.00
220.04,0.22,48.40,0.00,0.00,0.00,0.00,0.00,0.00,0.00,0.00,0.00,0.00,0.00,0.00
222.73,0.22,49.52,0.00,0.00,0.00,0.00,0.00,0.00,0.00,0.00,0.00,0.00,0.00,0.00
221.18,0.22,48.76,0.00,0.00,0.00,0.00,0.00,0.00,0.00,0.00,0.00,0.00,0.00,0.00
221.25,0.22,49.00,0.00,0.00,0.00,0.00,0.00,0.00,0.00,0.00,0.00,0.00,0.00,0.00
221.45,0.22,49.06,0.00,0.00,0.00,0.00,0.00,0.00,0.00,0.00,0.00,0.00,0.00,0.00
222.47,0.22,49.33,0.00,0.00,0.00,0.00,0.00,0.00,0.00,0.00,0.00,0.00,0.00,0.00
223.66,0.22,49.80,0.00,0.00,0.00,0.00,0.00,0.00,0.00,0.00,0.00,0.00,0.00,0.00
220.93,0.22,48.68,0.00,0.00,0.00,0.00,0.00,0.00,0.00,0.00,0.00,0.00,0.00,0.00
221.09,0.22,48.88,0.00,0.00,0.00,0.00,0.00,0.00,0.00,0.00,0.00,0.00,0.00,0.00
220.91,0.22,48.61,0.00,0.00,0.00,0.00,0.00,0.00,0.00,0.00,0.00,0.00,0.00,0.00
224.99,0.22,50.30,0.00,0.00,0.00,0.00,0.00,0.00,0.00,0.00,0.00,0.00,0.00,0.00
223.83,0.22,49.97,0.00,0.00,0.00,0.00,0.00,0.00,0.00,0.00,0.00,0.00,0.00,0.00
220.37,0.22,48.28,0.00,0.00,0.00,0.00,0.00,0.00,0.00,0.00,0.00,0.00,0.00,0.00
220.98,0.22,48.76,0.00,0.00,0.00,0.00,0.00,0.00,0.00,0.00,0.00,0.00,0.00,0.00
222.66,0.22,49.62,0.00,0.00,0.00,0.00,0.00,0.00,0.00,0.00,0.00,0.00,0.00,0.00
221.58,0.22,49.02,0.00,0.00,0.00,0.00,0.00,0.00,0.00,0.00,0.00,0.00,0.00,0.00
220.15,0.22,48.43,0.00,0.00,0.00,0.00,0.00,0.00,0.00,0.00,0.00,0.00,0.00,0.00
222.85,0.22,49.56,0.00,0.00,0.00,0.00,0.00,0.00,0.00,0.00,0.00,0.00,0.00,0.00
223.56,0.22,49.96,0.00,0.00,0.00,0.00,0.00,0.00,0.00,0.00,0.00,0.00,0.00,0.00
222.68,0.22,49.38,0.00,0.00,0.00,0.00,0.00,0.00,0.00,0.00,0.00,0.00,0.00,0.00
222.20,0.22,49.32,0.00,0.00,0.00,0.00,0.00,0.00,0.00,0.00,0.00,0.00,0.00,0.00
220.05,0.22,48.30,0.00,0.00,0.00,0.00,0.00,0.00,0.00,0.00,0.00,0.00,0.00,0.00
221.18,0.22,48.95,0.00,0.00,0.00,0.00,0.00,0.00,0.00,0.00,0.00,0.00,0.00,0.00
221.84,0.22,49.07,0.00,0.00,0.00,0.00,0.00,0.00,0.00,0.00,0.00,0.00,0.00,0.00
221.62,0.22,48.92,0.00,0.00,0.00,0.00,0.00,0.00,0.00,0.00,0.00,0.00,0.00,0.00
221.37,0.22,48.83,0.00,0.00,0.00,0.00,0.00,0.00,0.00,0.00,0.00,0.00,0.00,0.00
223.11,0.22,49.63,0.00,0.00,0.00,0.00,0.00,0.00,0.00,0.00,0.00,0.00,0.00,0.00
221.45,0.22,49.00,0.00,0.00,0.00,0.00,0.00,0.00,0.00,0.00,0.00,0.00,0.00,0.00
222.87,0.22,49.46,0.00,0.00,0.00,0.00,0.00,0.00,0.00,0.00,0.00,0.00,0.00,0.00
220.99,0.22,48.73,0.00,0.00,0.00,0.00,0.00,0.00,0.00,0.00,0.00,0.00,0.00,0.00
221.14,0.22,48.70,0.00,0.00,0.00,0.00,0.00,0.00,0.00,0.00,0.00,0.00,0.00,0.00
219.97,0.22,48.32,0.00,0.00,0.00,0.00,0.00,0.00,0.00,0.00,0.00,0.00,0.00,0.00
220.39,0.22,48.37,0.00,0.00,0.00,0.00,0.00,0.00,0.00,0.00,0.00,0.00,0.00,0.00
224.60,0.22,50.36,0.00,0.00,0.00,0.00,0.00,0.00,0.00,0.00,0.00,0.00,0.00,0.00
222.06,0.22,49.18,0.00,0.00,0.00,0.00,0.00,0.00,0.00,0.00,0.00,0.00,0.00,0.00
221.92,0.22,49.20,0.00,0.00,0.00,0.00,0.00,0.00,0.00,0.00,0.00,0.00,0.00,0.00
221.93,0.22,49.21,0.00,0.00,0.00,0.00,0.00,0.00,0.00,0.00,0.00,0.00,0.00,0.00
222.50,0.22,49.54,0.00,0.00,0.00,0.00,0.00,0.00,0.00,0.00,0.00,0.00,0.00,0.00
220.40,0.22,48.43,0.00,0.00,0.00,0.00,0.00,0.00,0.00,0.00,0.00,0.00,0.00,0.00
221.25,0.22,48.88,0.00,0.00,0.00,0.00,0.00,0.00,0.00,0.00,0.00,0.00,0.00,0.00
222.87,0.22,49.66,0.00,0.00,0.00,0.00,0.00,0.00,0.00,0.00,0.00,0.00,0.00,0.00
222.92,0.22,49.69,0.00,0.00,0.00,0.00,0.00,0.00,0.00,0.00,0.00,0.00,0.00,0.00
222.36,0.22,49.26,0.00,0.00,0.00,0.00,0.00,0.00,0.00,0.00,0.00,0.00,0.00,0.00
222.61,0.22,49.43,0.00,0.00,0.00,0.00,0.00,0.00,0.00,0.00,0.00,0.00,0.00,0.00
221.17,0.22,48.83,0.00,0.00,0.00,0.00,0.00,0.00,0.00,0.00,0.00,0.00,0.00,0.00
222.54,0.22,49.37,0.00,0.00,0.00,0.00,0.00,0.00,0.00,0.00,0.00,0.00,0.00,0.00
222.19,0.22,49.47,0.00,0.00,0.00,0.00,0.00,0.00,0.00,0.00,0.00,0.00,0.00,0.00
221.85,0.22,49.02,0.00,0.00,0.00,0.00,0.00,0.00,0.00,0.00,0.00,0.00,0.00,0.00
221.70,0.22,49.07,0.00,0.00,0.00,0.00,0.00,0.00,0.00,0.00,0.00,0.00,0.00,0.00
223.13,0.22,49.72,0.00,0.00,0.00,0.00,0.00,0.00,0.00,0.00,0.00,0.00,0.00,0.00
221.72,0.22,49.22,0.00,0.00,0.00,0.00,0.00,0.00,0.00,0.00,0.00,0.00,0.00,0.00
219.96,0.22,48.43,0.00,0.00,0.00,0.00,0.00,0.00,0.00,0.00,0.00,0.00,0.00,0.00
221.68,0.22,49.07,0.00,0.00,0.00,0.00,0.00,0.00,0.00,0.00,0.00,0.00,0.00,0.00
221.10,0.22,48.95,0.00,0.00,0.00,0.00,0.00,0.00,0.00,0.00,0.00,0.00,0.00,0.00
220.95,0.22,48.61,0.00,0.00,0.00,0.00,0.00,0.00,0.00,0.00,0.00,0.00,0.00,0.00
223.59,0.22,50.12,0.00,0.00,0.00,0.00,0.00,0.00,0.00,0.00,0.00,0.00,0.00,0.00
222.36,0.22,49.34,0.00,0.00,0.00,0.00,0.00,0.00,0.00,0.00,0.00,0.00,0.00,0.00
222.71,0.22,49.63,0.00,0.00,0.00,0.00,0.00,0.00,0.00,0.00,0.00,0.00,0.00,0.00
221.64,0.22,49.02,0.00,0.00,0.00,0.00,0.00,0.00,0.00,0.00,0.00,0.00,0.00,0.00
220.21,0.22,48.43,0.00,0.00,0.00,0.00,0.00,0.00,0.00,0.00,0.00,0.00,0.00,0.00
222.68,0.22,49.63,0.00,0.00,0.00,0.00,0.00,0.00,0.00,0.00,0.00,0.00,0.00,0.00
224.02,0.22,50.21,0.00,0.00,0.00,0.00,0.00,0.00,0.00,0.00,0.00,0.00,0.00,0.00
222.61,0.22,49.64,0.00,0.00,0.00,0.00,0.00,0.00,0.00,0.00,0.00,0.00,0.00,0.00
221.10,0.22,48.84,0.00,0.00,0.00,0.00,0.00,0.00,0.00,0.00,0.00,0.00,0.00,0.00
221.78,0.22,49.18,0.00,0.00,0.00,0.00,0.00,0.00,0.00,0.00,0.00,0.00,0.00,0.00
223.37,0.22,49.74,0.00,0.00,0.00,0.00,0.00,0.00,0.00,0.00,0.00,0.00,0.00,0.00
221.97,0.22,49.12,0.00,0.00,0.00,0.00,0.00,0.00,0.00,0.00,0.00,0.00,0.00,0.00
219.85,0.22,48.38,0.00,0.00,0.00,0.00,0.00,0.00,0.00,0.00,0.00,0.00,0.00,0.00
223.00,0.22,49.65,0.00,0.00,0.00,0.00,0.00,0.00,0.00,0.00,0.00,0.00,0.00,0.00
221.72,0.22,49.21,0.00,0.00,0.00,0.00,0.00,0.00,0.00,0.00,0.00,0.00,0.00,0.00
221.34,0.22,48.98,0.00,0.00,0.00,0.00,0.00,0.00,0.00,0.00,0.00,0.00,0.00,0.00
221.44,0.22,49.11,0.00,0.00,0.00,0.00,0.00,0.00,0.00,0.00,0.00,0.00,0.00,0.00
222.85,0.22,49.62,0.00,0.00,0.00,0.00,0.00,0.00,0.00,0.00,0.00,0.00,0.00,0.00
223.24,0.22,49.81,0.00,0.00,0.00,0.00,0.00,0.00,0.00,0.00,0.00,0.00,0.00,0.00
222.47,0.22,49.54,0.00,0.00,0.00,0.00,0.00,0.00,0.00,0.00,0.00,0.00,0.00,0.00
221.68,0.22,49.14,0.00,0.00,0.00,0.00,0.00,0.00,0.00,0.00,0.00,0.00,0.00,0.00
222.24,0.22,49.37,0.00,0.00,0.00,0.00,0.00,0.00,0.00,0.00,0.00,0.00,0.00,0.00
221.46,0.22,49.12,0.00,0.00,0.00,0.00,0.00,0.00,0.00,0.00,0.00,0.00,0.00,0.00
222.75,0.22,49.57,0.00,0.00,0.00,0.00,0.00,0.00,0.00,0.00,0.00,0.00,0.00,0.00
222.25,0.22,49.40,0.00,0.00,0.00,0.00,0.00,0.00,0.00,0.00,0.00,0.00,0.00,0.00
220.76,0.22,48.57,0.00,0.00,0.00,0.00,0.00,0.00,0.00,0.00,0.00,0.00,0.00,0.00
221.36,0.22,49.01,0.00,0.00,0.00,0.00,0.00,0.00,0.00,0.00,0.00,0.00,0.00,0.00
222.25,0.22,49.35,0.00,0.00,0.00,0.00,0.00,0.00,0.00,0.00,0.00,0.00,0.00,0.00
222.97,0.22,49.77,0.00,0.00,0.00,0.00,0.00,0.00,0.00,0.00,0.00,0.00,0.00,0.00
219.41,0.22,47.97,0.00,0.00,0.00,0.00,0.00,0.00,0.00,0.00,0.00,0.00,0.00,0.00
220.34,0.22,48.46,0.00,0.00,0.00,0.00,0.00,0.00,0.00,0.00,0.00,0.00,0.00,0.00
222.58,0.22,49.66,0.00,0.00,0.00,0.00,0.00,0.00,0.00,0.00,0.00,0.00,0.00,0.00
221.07,0.22,48.96,0.00,0.00,0.00,0.00,0.00,0.00,0.00,0.00,0.00,0.00,0.00,0.00
222.84,0.22,49.71,0.00,0.00,0.00,0.00,0.00,0.00,0.00,0.00,0.00,0.00,0.00,0.00
221.98,0.22,49.36,0.00,0.00,0.00,0.00,0.00,0.00,0.00,0.00,0.00,0.00,0.00,0.00
222.63,0.22,49.40,0.00,0.00,0.00,0.00,0.00,0.00,0.00,0.00,0.00,0.00,0.00,0.00
220.07,0.22,48.49,0.00,0.00,0.00,0.00,0.00,0.00,0.00,0.00,0.00,0.00,0.00,0.00
222.20,0.22,49.44,0.00,0.00,0.00,0.00,0.00,0.00,0.00,0.00,0.00,0.00,0.00,0.00
221.60,0.22,49.18,0.00,0.00,0.00,0.00,0.00,0.00,0.00,0.00,0.00,0.00,0.00,0.00
222.79,0.22,49.71,0.00,0.00,0.00,0.00,0.00,0.00,0.00,0.00,0.00,0.00,0.00,0.00
223.85,0.22,50.08,0.00,0.00,0.00,0.00,0.00,0.00,0.00,0.00,0.00,0.00,0.00,0.00
221.69,0.22,49.26,0.00,0.00,0.00,0.00,0.00,0.00,0.00,0.00,0.00,0.00,0.00,0.00
220.64,0.22,48.74,0.00,0.00,0.00,0.00,0.00,0.00,0.00,0.00,0.00,0.00,0.00,0.00
221.04,0.22,48.77,0.00,0.00,0.00,0.00,0.00,0.00,0.00,0.00,0.00,0.00,0.00,0.00
222.65,0.22,49.55,0.00,0.00,0.00,0.00,0.00,0.00,0.00,0.00,0.00,0.00,0.00,0.00
223.52,0.22,49.86,0.00,0.00,0.00,0.00,0.00,0.00,0.00,0.00,0.00,0.00,0.00,0.00
220.30,0.22,48.52,0.00,0.00,0.00,0.00,0.00,0.00,0.00,0.00,0.00,0.00,0.00,0.00
222.28,0.22,49.47,0.00,0.00,0.00,0.00,0.00,0.00,0.00,0.00,0.00,0.00,0.00,0.00
223.89,0.22,50.00,0.00,0.00,0.00,0.00,0.00,0.00,0.00,0.00,0.00,0.00,0.00,0.00
221.80,0.22,49.15,0.00,0.00,0.00,0.00,0.00,0.00,0.00,0.00,0.00,0.00,0.00,0.00
222.40,0.22,49.43,0.00,0.00,0.00,0.00,0.00,0.00,0.00,0.00,0.00,0.00,0.00,0.00
220.89,0.22,48.78,0.00,0.00,0.00,0.00,0.00,0.00,0.00,0.00,0.00,0.00,0.00,0.00
218.97,0.22,47.89,0.00,0.00,0.00,0.00,0.00,0.00,0.00,0.00,0.00,0.00,0.00,0.00
222.84,0.22,49.72,0.00,0.00,0.00,0.00,0.00,0.00,0.00,0.00,0.00,0.00,0.00,0.00
220.92,0.22,48.87,0.00,0.00,0.00,0.00,0.00,0.00,0.00,0.00,0.00,0.00,0.00,0.00
221.37,0.22,49.01,0.00,0.00,0.00,0.00,0.00,0.00,0.00,0.00,0.00,0.00,0.00,0.00
222.33,0.22,49.52,0.00,0.00,0.00,0.00,0.00,0.00,0.00,0.00,0.00,0.00,0.00,0.00
223.33,0.22,49.86,0.00,0.00,0.00,0.00,0.00,0.00,0.00,0.00,0.00,0.00,0.00,0.00
221.24,0.22,49.01,0.00,0.00,0.00,0.00,0.00,0.00,0.00,0.00,0.00,0.00,0.00,0.00
222.94,0.22,49.78,0.00,0.00,0.00,0.00,0.00,0.00,0.00,0.00,0.00,0.00,0.00,0.00
222.57,0.22,49.50,0.00,0.00,0.00,0.00,0.00,0.00,0.00,0.00,0.00,0.00,0.00,0.00
221.49,0.22,49.19,0.00,0.00,0.00,0.00,0.00,0.00,0.00,0.00,0.00,0.00,0.00,0.00
221.12,0.22,49.14,0.00,0.00,0.00,0.00,0.00,0.00,0.00,0.00,0.00,0.00,0.00,0.00
227.62,0.23,51.49,0.00,0.00,0.00,0.00,0.00,0.00,0.00,0.00,0.00,0.00,0.00,0.00
223.16,0.22,49.72,0.00,0.00,0.00,0.00,0.00,0.00,0.00,0.00,0.00,0.00,0.00,0.00
221.52,0.22,49.08,0.00,0.00,0.00,0.00,0.00,0.00,0.00,0.00,0.00,0.00,0.00,0.00
222.35,0.22,49.41,0.00,0.00,0.00,0.00,0.00,0.00,0.00,0.00,0.00,0.00,0.00,0.00
224.00,0.22,49.97,0.00,0.00,0.00,0.00,0.00,0.00,0.00,0.00,0.00,0.00,0.00,0.00
221.45,0.22,49.06,0.00,0.00,0.00,0.00,0.00,0.00,0.00,0.00,0.00,0.00,0.00,0.00
221.70,0.22,49.15,0.00,0.00,0.00,0.00,0.00,0.00,0.00,0.00,0.00,0.00,0.00,0.00
223.26,0.22,49.76,0.00,0.00,0.00,0.00,0.00,0.00,0.00,0.00,0.00,0.00,0.00,0.00
222.46,0.22,49.55,0.00,0.00,0.00,0.00,0.00,0.00,0.00,0.00,0.00,0.00,0.00,0.00
221.91,0.22,49.28,0.00,0.00,0.00,0.00,0.00,0.00,0.00,0.00,0.00,0.00,0.00,0.00
221.98,0.22,49.36,0.00,0.00,0.00,0.00,0.00,0.00,0.00,0.00,0.00,0.00,0.00,0.00
221.95,0.22,49.21,0.00,0.00,0.00,0.00,0.00,0.00,0.00,0.00,0.00,0.00,0.00,0.00
221.79,0.22,49.22,0.00,0.00,0.00,0.00,0.00,0.00,0.00,0.00,0.00,0.00,0.00,0.00
224.53,0.22,50.33,0.00,0.00,0.00,0.00,0.00,0.00,0.00,0.00,0.00,0.00,0.00,0.00
222.98,0.22,49.65,0.00,0.00,0.00,0.00,0.00,0.00,0.00,0.00,0.00,0.00,0.00,0.00
221.04,0.22,48.70,0.00,0.00,0.00,0.00,0.00,0.00,0.00,0.00,0.00,0.00,0.00,0.00
220.51,0.22,48.46,0.00,0.00,0.00,0.00,0.00,0.00,0.00,0.00,0.00,0.00,0.00,0.00
221.45,0.22,49.04,0.00,0.00,0.00,0.00,0.00,0.00,0.00,0.00,0.00,0.00,0.00,0.00
220.84,0.22,48.78,0.00,0.00,0.00,0.00,0.00,0.00,0.00,0.00,0.00,0.00,0.00,0.00
223.28,0.22,49.93,0.00,0.00,0.00,0.00,0.00,0.00,0.00,0.00,0.00,0.00,0.00,0.00
222.72,0.22,49.62,0.00,0.00,0.00,0.00,0.00,0.00,0.00,0.00,0.00,0.00,0.00,0.00
222.05,0.22,49.29,0.00,0.00,0.00,0.00,0.00,0.00,0.00,0.00,0.00,0.00,0.00,0.00
220.39,0.22,48.69,0.00,0.00,0.00,0.00,0.00,0.00,0.00,0.00,0.00,0.00,0.00,0.00
222.67,0.22,49.60,0.00,0.00,0.00,0.00,0.00,0.00,0.00,0.00,0.00,0.00,0.00,0.00
222.02,0.22,49.19,0.00,0.00,0.00,0.00,0.00,0.00,0.00,0.00,0.00,0.00,0.00,0.00
224.06,0.22,50.28,0.00,0.00,0.00,0.00,0.00,0.00,0.00,0.00,0.00,0.00,0.00,0.00
222.59,0.22,49.48,0.00,0.00,0.00,0.00,0.00,0.00,0.00,0.00,0.00,0.00,0.00,0.00
220.82,0.22,48.62,0.00,0.00,0.00,0.00,0.00,0.00,0.00,0.00,0.00,0.00,0.00,0.00
220.46,0.22,48.40,0.00,0.00,0.00,0.00,0.00,0.00,0.00,0.00,0.00,0.00,0.00,0.00
221.30,0.22,48.92,0.00,0.00,0.00,0.00,0.00,0.00,0.00,0.00,0.00,0.00,0.00,0.00
223.47,0.22,49.79,0.00,0.00,0.00,0.00,0.00,0.00,0.00,0.00,0.00,0.00,0.00,0.00
222.85,0.22,49.72,0.00,0.00,0.00,0.00,0.00,0.00,0.00,0.00,0.00,0.00,0.00,0.00
220.68,0.22,48.65,0.00,0.00,0.00,0.00,0.00,0.00,0.00,0.00,0.00,0.00,0.00,0.00
222.82,0.22,49.67,0.00,0.00,0.00,0.00,0.00,0.00,0.00,0.00,0.00,0.00,0.00,0.00
221.47,0.22,49.15,0.00,0.00,0.00,0.00,0.00,0.00,0.00,0.00,0.00,0.00,0.00,0.00
222.52,0.22,49.53,0.00,0.00,0.00,0.00,0.00,0.00,0.00,0.00,0.00,0.00,0.00,0.00
221.13,0.22,48.75,0.00,0.00,0.00,0.00,0.00,0.00,0.00,0.00,0.00,0.00,0.00,0.00
221.24,0.22,48.91,0.00,0.00,0.00,0.00,0.00,0.00,0.00,0.00,0.00,0.00,0.00,0.00
222.44,0.22,49.35,0.00,0.00,0.00,0.00,0.00,0.00,0.00,0.00,0.00,0.00,0.00,0.00
222.04,0.22,49.24,0.00,0.00,0.00,0.00,0.00,0.00,0.00,0.00,0.00,0.00,0.00,0.00
221.09,0.22,48.84,0.00,0.00,0.00,0.00,0.00,0.00,0.00,0.00,0.00,0.00,0.00,0.00
222.66,0.22,49.48,0.00,0.00,0.00,0.00,0.00,0.00,0.00,0.00,0.00,0.00,0.00,0.00
221.25,0.22,48.88,0.00,0.00,0.00,0.00,0.00,0.00,0.00,0.00,0.00,0.00,0.00,0.00
221.16,0.22,48.88,0.00,0.00,0.00,0.00,0.00,0.00,0.00,0.00,0.00,0.00,0.00,0.00
218.85,0.22,47.98,0.00,0.00,0.00,0.00,0.00,0.00,0.00,0.00,0.00,0.00,0.00,0.00
220.27,0.22,48.44,0.00,0.00,0.00,0.00,0.00,0.00,0.00,0.00,0.00,0.00,0.00,0.00
222.86,0.22,49.83,0.00,0.00,0.00,0.00,0.00,0.00,0.00,0.00,0.00,0.00,0.00,0.00
222.46,0.22,49.55,0.00,0.00,0.00,0.00,0.00,0.00,0.00,0.00,0.00,0.00,0.00,0.00
223.09,0.22,49.75,0.00,0.00,0.00,0.00,0.00,0.00,0.00,0.00,0.00,0.00,0.00,0.00
221.85,0.22,49.28,0.00,0.00,0.00,0.00,0.00,0.00,0.00,0.00,0.00,0.00,0.00,0.00
225.84,0.23,51.06,0.00,0.00,0.00,0.00,0.00,0.00,0.00,0.00,0.00,0.00,0.00,0.00
218.96,0.22,47.89,0.00,0.00,0.00,0.00,0.00,0.00,0.00,0.00,0.00,0.00,0.00,0.00
221.51,0.22,49.01,0.00,0.00,0.00,0.00,0.00,0.00,0.00,0.00,0.00,0.00,0.00,0.00
221.48,0.22,49.07,0.00,0.00,0.00,0.00,0.00,0.00,0.00,0.00,0.00,0.00,0.00,0.00
223.19,0.22,49.81,0.00,0.00,0.00,0.00,0.00,0.00,0.00,0.00,0.00,0.00,0.00,0.00
221.56,0.22,49.18,0.00,0.00,0.00,0.00,0.00,0.00,0.00,0.00,0.00,0.00,0.00,0.00
221.00,0.22,48.76,0.00,0.00,0.00,0.00,0.00,0.00,0.00,0.00,0.00,0.00,0.00,0.00
222.34,0.22,49.37,0.00,0.00,0.00,0.00,0.00,0.00,0.00,0.00,0.00,0.00,0.00,0.00
221.11,0.22,48.94,0.00,0.00,0.00,0.00,0.00,0.00,0.00,0.00,0.00,0.00,0.00,0.00
220.31,0.22,48.56,0.00,0.00,0.00,0.00,0.00,0.00,0.00,0.00,0.00,0.00,0.00,0.00
221.46,0.22,48.95,0.00,0.00,0.00,0.00,0.00,0.00,0.00,0.00,0.00,0.00,0.00,0.00
221.35,0.22,49.00,0.00,0.00,0.00,0.00,0.00,0.00,0.00,0.00,0.00,0.00,0.00,0.00
222.32,0.22,49.37,0.00,0.00,0.00,0.00,0.00,0.00,0.00,0.00,0.00,0.00,0.00,0.00
222.93,0.22,49.66,0.00,0.00,0.00,0.00,0.00,0.00,0.00,0.00,0.00,0.00,0.00,0.00
220.59,0.22,48.61,0.00,0.00,0.00,0.00,0.00,0.00,0.00,0.00,0.00,0.00,0.00,0.00
221.39,0.22,48.92,0.00,0.00,0.00,0.00,0.00,0.00,0.00,0.00,0.00,0.00,0.00,0.00
223.37,0.22,49.81,0.00,0.00,0.00,0.00,0.00,0.00,0.00,0.00,0.00,0.00,0.00,0.00
221.08,0.22,48.95,0.00,0.00,0.00,0.00,0.00,0.00,0.00,0.00,0.00,0.00,0.00,0.00
221.33,0.22,49.18,0.00,0.00,0.00,0.00,0.00,0.00,0.00,0.00,0.00,0.00,0.00,0.00
221.95,0.22,49.27,0.00,0.00,0.00,0.00,0.00,0.00,0.00,0.00,0.00,0.00,0.00,0.00
222.20,0.22,49.36,0.00,0.00,0.00,0.00,0.00,0.00,0.00,0.00,0.00,0.00,0.00,0.00
222.20,0.22,49.25,0.00,0.00,0.00,0.00,0.00,0.00,0.00,0.00,0.00,0.00,0.00,0.00
221.88,0.22,49.10,0.00,0.00,0.00,0.00,0.00,0.00,0.00,0.00,0.00,0.00,0.00,0.00
220.71,0.22,48.63,0.00,0.00,0.00,0.00,0.00,0.00,0.00,0.00,0.00,0.00,0.00,0.00
223.44,0.22,49.91,0.00,0.00,0.00,0.00,0.00,0.00,0.00,0.00,0.00,0.00,0.00,0.00
222.47,0.22,49.42,0.00,0.00,0.00,0.00,0.00,0.00,0.00,0.00,0.00,0.00,0.00,0.00
221.81,0.22,49.35,0.00,0.00,0.00,0.00,0.00,0.00,0.00,0.00,0.00,0.00,0.00,0.00
221.94,0.22,49.21,0.00,0.00,0.00,0.00,0.00,0.00,0.00,0.00,0.00,0.00,0.00,0.00
221.19,0.22,49.00,0.00,0.00,0.00,0.00,0.00,0.00,0.00,0.00,0.00,0.00,0.00,0.00
222.52,0.22,49.59,0.00,0.00,0.00,0.00,0.00,0.00,0.00,0.00,0.00,0.00,0.00,0.00
221.96,0.22,49.15,0.00,0.00,0.00,0.00,0.00,0.00,0.00,0.00,0.00,0.00,0.00,0.00
221.23,0.22,48.71,0.00,0.00,0.00,0.00,0.00,0.00,0.00,0.00,0.00,0.00,0.00,0.00
221.23,0.22,48.92,0.00,0.00,0.00,0.00,0.00,0.00,0.00,0.00,0.00,0.00,0.00,0.00
222.49,0.22,49.54,0.00,0.00,0.00,0.00,0.00,0.00,0.00,0.00,0.00,0.00,0.00,0.00
222.90,0.22,49.65,0.00,0.00,0.00,0.00,0.00,0.00,0.00,0.00,0.00,0.00,0.00,0.00
221.21,0.22,48.93,0.00,0.00,0.00,0.00,0.00,0.00,0.00,0.00,0.00,0.00,0.00,0.00
222.00,0.22,49.29,0.00,0.00,0.00,0.00,0.00,0.00,0.00,0.00,0.00,0.00,0.00,0.00
221.62,0.22,49.19,0.00,0.00,0.00,0.00,0.00,0.00,0.00,0.00,0.00,0.00,0.00,0.00
222.39,0.22,49.24,0.00,0.00,0.00,0.00,0.00,0.00,0.00,0.00,0.00,0.00,0.00,0.00
221.05,0.22,48.74,0.00,0.00,0.00,0.00,0.00,0.00,0.00,0.00,0.00,0.00,0.00,0.00
221.21,0.22,48.99,0.00,0.00,0.00,0.00,0.00,0.00,0.00,0.00,0.00,0.00,0.00,0.00
220.79,0.22,48.88,0.00,0.00,0.00,0.00,0.00,0.00,0.00,0.00,0.00,0.00,0.00,0.00
221.23,0.22,48.94,0.00,0.00,0.00,0.00,0.00,0.00,0.00,0.00,0.00,0.00,0.00,0.00
221.55,0.22,48.96,0.00,0.00,0.00,0.00,0.00,0.00,0.00,0.00,0.00,0.00,0.00,0.00
219.86,0.22,48.37,0.00,0.00,0.00,0.00,0.00,0.00,0.00,0.00,0.00,0.00,0.00,0.00
220.84,0.22,48.82,0.00,0.00,0.00,0.00,0.00,0.00,0.00,0.00,0.00,0.00,0.00,0.00
222.01,0.22,49.23,0.00,0.00,0.00,0.00,0.00,0.00,0.00,0.00,0.00,0.00,0.00,0.00
220.84,0.22,48.88,0.00,0.00,0.00,0.00,0.00,0.00,0.00,0.00,0.00,0.00,0.00,0.00
223.20,0.22,49.73,0.00,0.00,0.00,0.00,0.00,0.00,0.00,0.00,0.00,0.00,0.00,0.00
222.30,0.22,49.27,0.00,0.00,0.00,0.00,0.00,0.00,0.00,0.00,0.00,0.00,0.00,0.00
221.49,0.22,49.05,0.00,0.00,0.00,0.00,0.00,0.00,0.00,0.00,0.00,0.00,0.00,0.00
221.02,0.22,48.66,0.00,0.00,0.00,0.00,0.00,0.00,0.00,0.00,0.00,0.00,0.00,0.00
222.35,0.22,49.43,0.00,0.00,0.00,0.00,0.00,0.00,0.00,0.00,0.00,0.00,0.00,0.00
220.66,0.22,48.71,0.00,0.00,0.00,0.00,0.00,0.00,0.00,0.00,0.00,0.00,0.00,0.00
222.82,0.22,49.72,0.00,0.00,0.00,0.00,0.00,0.00,0.00,0.00,0.00,0.00,0.00,0.00
221.38,0.22,49.15,0.00,0.00,0.00,0.00,0.00,0.00,0.00,0.00,0.00,0.00,0.00,0.00
219.96,0.22,48.40,0.00,0.00,0.00,0.00,0.00,0.00,0.00,0.00,0.00,0.00,0.00,0.00
220.50,0.22,48.54,0.00,0.00,0.00,0.00,0.00,0.00,0.00,0.00,0.00,0.00,0.00,0.00
223.55,0.22,49.92,0.00,0.00,0.00,0.00,0.00,0.00,0.00,0.00,0.00,0.00,0.00,0.00
224.03,0.22,50.13,0.00,0.00,0.00,0.00,0.00,0.00,0.00,0.00,0.00,0.00,0.00,0.00
219.11,0.22,48.05,0.00,0.00,0.00,0.00,0.00,0.00,0.00,0.00,0.00,0.00,0.00,0.00
222.34,0.22,49.39,0.00,0.00,0.00,0.00,0.00,0.00,0.00,0.00,0.00,0.00,0.00,0.00
221.84,0.22,49.15,0.00,0.00,0.00,0.00,0.00,0.00,0.00,0.00,0.00,0.00,0.00,0.00
223.44,0.22,49.86,0.00,0.00,0.00,0.00,0.00,0.00,0.00,0.00,0.00,0.00,0.00,0.00
223.40,0.22,49.80,0.00,0.00,0.00,0.00,0.00,0.00,0.00,0.00,0.00,0.00,0.00,0.00
223.76,0.22,50.09,0.00,0.00,0.00,0.00,0.00,0.00,0.00,0.00,0.00,0.00,0.00,0.00
223.46,0.22,49.96,0.00,0.00,0.00,0.00,0.00,0.00,0.00,0.00,0.00,0.00,0.00,0.00
220.54,0.22,48.63,0.00,0.00,0.00,0.00,0.00,0.00,0.00,0.00,0.00,0.00,0.00,0.00
222.87,0.22,49.54,0.00,0.00,0.00,0.00,0.00,0.00,0.00,0.00,0.00,0.00,0.00,0.00
220.15,0.22,48.55,0.00,0.00,0.00,0.00,0.00,0.00,0.00,0.00,0.00,0.00,0.00,0.00
222.02,0.22,49.21,0.00,0.00,0.00,0.00,0.00,0.00,0.00,0.00,0.00,0.00,0.00,0.00
223.91,0.22,49.95,0.00,0.00,0.00,0.00,0.00,0.00,0.00,0.00,0.00,0.00,0.00,0.00
221.34,0.22,48.99,0.00,0.00,0.00,0.00,0.00,0.00,0.00,0.00,0.00,0.00,0.00,0.00
221.15,0.22,48.81,0.00,0.00,0.00,0.00,0.00,0.00,0.00,0.00,0.00,0.00,0.00,0.00
221.01,0.22,48.92,0.00,0.00,0.00,0.00,0.00,0.00,0.00,0.00,0.00,0.00,0.00,0.00
220.76,0.22,48.81,0.00,0.00,0.00,0.00,0.00,0.00,0.00,0.00,0.00,0.00,0.00,0.00
222.41,0.22,49.65,0.00,0.00,0.00,0.00,0.00,0.00,0.00,0.00,0.00,0.00,0.00,0.00
221.85,0.22,49.31,0.00,0.00,0.00,0.00,0.00,0.00,0.00,0.00,0.00,0.00,0.00,0.00
220.45,0.22,48.58,0.00,0.00,0.00,0.00,0.00,0.00,0.00,0.00,0.00,0.00,0.00,0.00
222.67,0.22,49.51,0.00,0.00,0.00,0.00,0.00,0.00,0.00,0.00,0.00,0.00,0.00,0.00
224.08,0.22,50.10,0.00,0.00,0.00,0.00,0.00,0.00,0.00,0.00,0.00,0.00,0.00,0.00
222.75,0.22,49.65,0.00,0.00,0.00,0.00,0.00,0.00,0.00,0.00,0.00,0.00,0.00,0.00
221.16,0.22,48.93,0.00,0.00,0.00,0.00,0.00,0.00,0.00,0.00,0.00,0.00,0.00,0.00
221.78,0.22,49.20,0.00,0.00,0.00,0.00,0.00,0.00,0.00,0.00,0.00,0.00,0.00,0.00
222.98,0.22,49.72,0.00,0.00,0.00,0.00,0.00,0.00,0.00,0.00,0.00,0.00,0.00,0.00
218.64,0.22,47.70,0.00,0.00,0.00,0.00,0.00,0.00,0.00,0.00,0.00,0.00,0.00,0.00
221.21,0.22,48.82,0.00,0.00,0.00,0.00,0.00,0.00,0.00,0.00,0.00,0.00,0.00,0.00
222.83,0.22,49.52,0.00,0.00,0.00,0.00,0.00,0.00,0.00,0.00,0.00,0.00,0.00,0.00
222.25,0.22,49.40,0.00,0.00,0.00,0.00,0.00,0.00,0.00,0.00,0.00,0.00,0.00,0.00
220.36,0.22,48.33,0.00,0.00,0.00,0.00,0.00,0.00,0.00,0.00,0.00,0.00,0.00,0.00
222.44,0.22,49.38,0.00,0.00,0.00,0.00,0.00,0.00,0.00,0.00,0.00,0.00,0.00,0.00
222.44,0.22,49.53,0.00,0.00,0.00,0.00,0.00,0.00,0.00,0.00,0.00,0.00,0.00,0.00
222.80,0.22,49.66,0.00,0.00,0.00,0.00,0.00,0.00,0.00,0.00,0.00,0.00,0.00,0.00
222.09,0.22,49.25,0.00,0.00,0.00,0.00,0.00,0.00,0.00,0.00,0.00,0.00,0.00,0.00
222.17,0.22,49.30,0.00,0.00,0.00,0.00,0.00,0.00,0.00,0.00,0.00,0.00,0.00,0.00
222.20,0.22,49.30,0.00,0.00,0.00,0.00,0.00,0.00,0.00,0.00,0.00,0.00,0.00,0.00
222.11,0.22,49.23,0.00,0.00,0.00,0.00,0.00,0.00,0.00,0.00,0.00,0.00,0.00,0.00
221.76,0.22,49.11,0.00,0.00,0.00,0.00,0.00,0.00,0.00,0.00,0.00,0.00,0.00,0.00
220.88,0.22,48.85,0.00,0.00,0.00,0.00,0.00,0.00,0.00,0.00,0.00,0.00,0.00,0.00
220.74,0.22,48.77,0.00,0.00,0.00,0.00,0.00,0.00,0.00,0.00,0.00,0.00,0.00,0.00
220.48,0.22,48.63,0.00,0.00,0.00,0.00,0.00,0.00,0.00,0.00,0.00,0.00,0.00,0.00
221.33,0.22,48.90,0.00,0.00,0.00,0.00,0.00,0.00,0.00,0.00,0.00,0.00,0.00,0.00
221.57,0.22,48.99,0.00,0.00,0.00,0.00,0.00,0.00,0.00,0.00,0.00,0.00,0.00,0.00
222.94,0.22,49.61,0.00,0.00,0.00,0.00,0.00,0.00,0.00,0.00,0.00,0.00,0.00,0.00
222.21,0.22,49.25,0.00,0.00,0.00,0.00,0.00,0.00,0.00,0.00,0.00,0.00,0.00,0.00
222.71,0.22,49.48,0.00,0.00,0.00,0.00,0.00,0.00,0.00,0.00,0.00,0.00,0.00,0.00
223.70,0.22,50.01,0.00,0.00,0.00,0.00,0.00,0.00,0.00,0.00,0.00,0.00,0.00,0.00
219.03,0.22,48.02,0.00,0.00,0.00,0.00,0.00,0.00,0.00,0.00,0.00,0.00,0.00,0.00
221.27,0.22,48.95,0.00,0.00,0.00,0.00,0.00,0.00,0.00,0.00,0.00,0.00,0.00,0.00
222.17,0.22,49.33,0.00,0.00,0.00,0.00,0.00,0.00,0.00,0.00,0.00,0.00,0.00,0.00
220.46,0.22,48.72,0.00,0.00,0.00,0.00,0.00,0.00,0.00,0.00,0.00,0.00,0.00,0.00
221.34,0.22,48.97,0.00,0.00,0.00,0.00,0.00,0.00,0.00,0.00,0.00,0.00,0.00,0.00
223.72,0.22,50.08,0.00,0.00,0.00,0.00,0.00,0.00,0.00,0.00,0.00,0.00,0.00,0.00
222.72,0.22,49.39,0.00,0.00,0.00,0.00,0.00,0.00,0.00,0.00,0.00,0.00,0.00,0.00
222.98,0.22,49.64,0.00,0.00,0.00,0.00,0.00,0.00,0.00,0.00,0.00,0.00,0.00,0.00
222.86,0.22,49.73,0.00,0.00,0.00,0.00,0.00,0.00,0.00,0.00,0.00,0.00,0.00,0.00
224.18,0.22,50.27,0.00,0.00,0.00,0.00,0.00,0.00,0.00,0.00,0.00,0.00,0.00,0.00
223.92,0.22,49.98,0.00,0.00,0.00,0.00,0.00,0.00,0.00,0.00,0.00,0.00,0.00,0.00
225.05,0.22,50.48,0.00,0.00,0.00,0.00,0.00,0.00,0.00,0.00,0.00,0.00,0.00,0.00
221.60,0.22,49.04,0.00,0.00,0.00,0.00,0.00,0.00,0.00,0.00,0.00,0.00,0.00,0.00
222.50,0.22,49.53,0.00,0.00,0.00,0.00,0.00,0.00,0.00,0.00,0.00,0.00,0.00,0.00
222.08,0.22,49.30,0.00,0.00,0.00,0.00,0.00,0.00,0.00,0.00,0.00,0.00,0.00,0.00
224.32,0.22,50.23,0.00,0.00,0.00,0.00,0.00,0.00,0.00,0.00,0.00,0.00,0.00,0.00
222.14,0.22,49.37,0.00,0.00,0.00,0.00,0.00,0.00,0.00,0.00,0.00,0.00,0.00,0.00
220.76,0.22,48.75,0.00,0.00,0.00,0.00,0.00,0.00,0.00,0.00,0.00,0.00,0.00,0.00
222.22,0.22,49.20,0.00,0.00,0.00,0.00,0.00,0.00,0.00,0.00,0.00,0.00,0.00,0.00
218.12,0.22,47.51,0.00,0.00,0.00,0.00,0.00,0.00,0.00,0.00,0.00,0.00,0.00,0.00
224.25,0.22,50.40,0.00,0.00,0.00,0.00,0.00,0.00,0.00,0.00,0.00,0.00,0.00,0.00
223.62,0.22,49.95,0.00,0.00,0.00,0.00,0.00,0.00,0.00,0.00,0.00,0.00,0.00,0.00
223.47,0.22,49.84,0.00,0.00,0.00,0.00,0.00,0.00,0.00,0.00,0.00,0.00,0.00,0.00
225.17,0.22,50.57,0.00,0.00,0.00,0.00,0.00,0.00,0.00,0.00,0.00,0.00,0.00,0.00
223.80,0.22,50.04,0.00,0.00,0.00,0.00,0.00,0.00,0.00,0.00,0.00,0.00,0.00,0.00
222.48,0.22,49.34,0.00,0.00,0.00,0.00,0.00,0.00,0.00,0.00,0.00,0.00,0.00,0.00
223.20,0.22,49.83,0.00,0.00,0.00,0.00,0.00,0.00,0.00,0.00,0.00,0.00,0.00,0.00
224.19,0.22,50.12,0.00,0.00,0.00,0.00,0.00,0.00,0.00,0.00,0.00,0.00,0.00,0.00
223.81,0.22,50.11,0.00,0.00,0.00,0.00,0.00,0.00,0.00,0.00,0.00,0.00,0.00,0.00
220.65,0.22,48.61,0.00,0.00,0.00,0.00,0.00,0.00,0.00,0.00,0.00,0.00,0.00,0.00
221.29,0.22,48.99,0.00,0.00,0.00,0.00,0.00,0.00,0.00,0.00,0.00,0.00,0.00,0.00
221.50,0.22,49.07,0.00,0.00,0.00,0.00,0.00,0.00,0.00,0.00,0.00,0.00,0.00,0.00
223.58,0.22,49.91,0.00,0.00,0.00,0.00,0.00,0.00,0.00,0.00,0.00,0.00,0.00,0.00
222.62,0.22,49.43,0.00,0.00,0.00,0.00,0.00,0.00,0.00,0.00,0.00,0.00,0.00,0.00
222.15,0.22,49.25,0.00,0.00,0.00,0.00,0.00,0.00,0.00,0.00,0.00,0.00,0.00,0.00
222.06,0.22,49.25,0.00,0.00,0.00,0.00,0.00,0.00,0.00,0.00,0.00,0.00,0.00,0.00
221.28,0.22,48.98,0.00,0.00,0.00,0.00,0.00,0.00,0.00,0.00,0.00,0.00,0.00,0.00
222.15,0.22,49.19,0.00,0.00,0.00,0.00,0.00,0.00,0.00,0.00,0.00,0.00,0.00,0.00
221.42,0.22,49.06,0.00,0.00,0.00,0.00,0.00,0.00,0.00,0.00,0.00,0.00,0.00,0.00
227.39,0.23,51.51,0.00,0.00,0.00,0.00,0.00,0.00,0.00,0.00,0.00,0.00,0.00,0.00
221.83,0.22,49.13,0.00,0.00,0.00,0.00,0.00,0.00,0.00,0.00,0.00,0.00,0.00,0.00
222.37,0.22,49.36,0.00,0.00,0.00,0.00,0.00,0.00,0.00,0.00,0.00,0.00,0.00,0.00
223.32,0.22,49.82,0.00,0.00,0.00,0.00,0.00,0.00,0.00,0.00,0.00,0.00,0.00,0.00
222.44,0.22,49.43,0.00,0.00,0.00,0.00,0.00,0.00,0.00,0.00,0.00,0.00,0.00,0.00
220.45,0.22,48.60,0.00,0.00,0.00,0.00,0.00,0.00,0.00,0.00,0.00,0.00,0.00,0.00
222.20,0.22,49.30,0.00,0.00,0.00,0.00,0.00,0.00,0.00,0.00,0.00,0.00,0.00,0.00
222.77,0.22,49.58,0.00,0.00,0.00,0.00,0.00,0.00,0.00,0.00,0.00,0.00,0.00,0.00
221.69,0.22,49.13,0.00,0.00,0.00,0.00,0.00,0.00,0.00,0.00,0.00,0.00,0.00,0.00
221.68,0.22,49.27,0.00,0.00,0.00,0.00,0.00,0.00,0.00,0.00,0.00,0.00,0.00,0.00
222.52,0.22,49.24,0.00,0.00,0.00,0.00,0.00,0.00,0.00,0.00,0.00,0.00,0.00,0.00
221.88,0.22,49.14,0.00,0.00,0.00,0.00,0.00,0.00,0.00,0.00,0.00,0.00,0.00,0.00
222.85,0.22,49.64,0.00,0.00,0.00,0.00,0.00,0.00,0.00,0.00,0.00,0.00,0.00,0.00
223.44,0.22,49.90,0.00,0.00,0.00,0.00,0.00,0.00,0.00,0.00,0.00,0.00,0.00,0.00
222.95,0.22,49.61,0.00,0.00,0.00,0.00,0.00,0.00,0.00,0.00,0.00,0.00,0.00,0.00
221.30,0.22,49.10,0.00,0.00,0.00,0.00,0.00,0.00,0.00,0.00,0.00,0.00,0.00,0.00
221.27,0.22,48.83,0.00,0.00,0.00,0.00,0.00,0.00,0.00,0.00,0.00,0.00,0.00,0.00
221.80,0.22,49.22,0.00,0.00,0.00,0.00,0.00,0.00,0.00,0.00,0.00,0.00,0.00,0.00
223.45,0.22,49.93,0.00,0.00,0.00,0.00,0.00,0.00,0.00,0.00,0.00,0.00,0.00,0.00
222.54,0.22,49.50,0.00,0.00,0.00,0.00,0.00,0.00,0.00,0.00,0.00,0.00,0.00,0.00
222.14,0.22,49.33,0.00,0.00,0.00,0.00,0.00,0.00,0.00,0.00,0.00,0.00,0.00,0.00
223.24,0.22,49.71,0.00,0.00,0.00,0.00,0.00,0.00,0.00,0.00,0.00,0.00,0.00,0.00
222.33,0.22,49.50,0.00,0.00,0.00,0.00,0.00,0.00,0.00,0.00,0.00,0.00,0.00,0.00
223.62,0.22,49.75,0.00,0.00,0.00,0.00,0.00,0.00,0.00,0.00,0.00,0.00,0.00,0.00
223.30,0.22,49.74,0.00,0.00,0.00,0.00,0.00,0.00,0.00,0.00,0.00,0.00,0.00,0.00
222.51,0.22,49.51,0.00,0.00,0.00,0.00,0.00,0.00,0.00,0.00,0.00,0.00,0.00,0.00
222.98,0.22,49.71,0.00,0.00,0.00,0.00,0.00,0.00,0.00,0.00,0.00,0.00,0.00,0.00
222.03,0.22,49.29,0.00,0.00,0.00,0.00,0.00,0.00,0.00,0.00,0.00,0.00,0.00,0.00
223.34,0.22,49.83,0.00,0.00,0.00,0.00,0.00,0.00,0.00,0.00,0.00,0.00,0.00,0.00
222.98,0.22,49.68,0.00,0.00,0.00,0.00,0.00,0.00,0.00,0.00,0.00,0.00,0.00,0.00
223.83,0.22,50.07,0.00,0.00,0.00,0.00,0.00,0.00,0.00,0.00,0.00,0.00,0.00,0.00
220.80,0.22,48.73,0.00,0.00,0.00,0.00,0.00,0.00,0.00,0.00,0.00,0.00,0.00,0.00
220.67,0.22,48.65,0.00,0.00,0.00,0.00,0.00,0.00,0.00,0.00,0.00,0.00,0.00,0.00
223.62,0.22,49.92,0.00,0.00,0.00,0.00,0.00,0.00,0.00,0.00,0.00,0.00,0.00,0.00
223.39,0.22,49.91,0.00,0.00,0.00,0.00,0.00,0.00,0.00,0.00,0.00,0.00,0.00,0.00
223.77,0.22,50.05,0.00,0.00,0.00,0.00,0.00,0.00,0.00,0.00,0.00,0.00,0.00,0.00
226.61,0.23,51.47,0.00,0.00,0.00,0.00,0.00,0.00,0.00,0.00,0.00,0.00,0.00,0.00
221.60,0.22,49.19,0.00,0.00,0.00,0.00,0.00,0.00,0.00,0.00,0.00,0.00,0.00,0.00
220.41,0.22,48.61,0.00,0.00,0.00,0.00,0.00,0.00,0.00,0.00,0.00,0.00,0.00,0.00
222.42,0.22,49.58,0.00,0.00,0.00,0.00,0.00,0.00,0.00,0.00,0.00,0.00,0.00,0.00
222.69,0.22,49.32,0.00,0.00,0.00,0.00,0.00,0.00,0.00,0.00,0.00,0.00,0.00,0.00
222.91,0.22,49.77,0.00,0.00,0.00,0.00,0.00,0.00,0.00,0.00,0.00,0.00,0.00,0.00
220.76,0.22,48.70,0.00,0.00,0.00,0.00,0.00,0.00,0.00,0.00,0.00,0.00,0.00,0.00
221.96,0.22,49.26,0.00,0.00,0.00,0.00,0.00,0.00,0.00,0.00,0.00,0.00,0.00,0.00
224.01,0.22,50.25,0.00,0.00,0.00,0.00,0.00,0.00,0.00,0.00,0.00,0.00,0.00,0.00
222.63,0.22,49.60,0.00,0.00,0.00,0.00,0.00,0.00,0.00,0.00,0.00,0.00,0.00,0.00
222.70,0.22,49.64,0.00,0.00,0.00,0.00,0.00,0.00,0.00,0.00,0.00,0.00,0.00,0.00
223.88,0.22,50.07,0.00,0.00,0.00,0.00,0.00,0.00,0.00,0.00,0.00,0.00,0.00,0.00
220.84,0.22,48.60,0.00,0.00,0.00,0.00,0.00,0.00,0.00,0.00,0.00,0.00,0.00,0.00
221.93,0.22,49.22,0.00,0.00,0.00,0.00,0.00,0.00,0.00,0.00,0.00,0.00,0.00,0.00
220.77,0.22,48.82,0.00,0.00,0.00,0.00,0.00,0.00,0.00,0.00,0.00,0.00,0.00,0.00
220.90,0.22,48.79,0.00,0.00,0.00,0.00,0.00,0.00,0.00,0.00,0.00,0.00,0.00,0.00
222.55,0.22,49.44,0.00,0.00,0.00,0.00,0.00,0.00,0.00,0.00,0.00,0.00,0.00,0.00
219.69,0.22,48.22,0.00,0.00,0.00,0.00,0.00,0.00,0.00,0.00,0.00,0.00,0.00,0.00
222.61,0.22,49.52,0.00,0.00,0.00,0.00,0.00,0.00,0.00,0.00,0.00,0.00,0.00,0.00
222.70,0.22,49.64,0.00,0.00,0.00,0.00,0.00,0.00,0.00,0.00,0.00,0.00,0.00,0.00
223.17,0.22,49.66,0.00,0.00,0.00,0.00,0.00,0.00,0.00,0.00,0.00,0.00,0.00,0.00
221.89,0.22,49.39,0.00,0.00,0.00,0.00,0.00,0.00,0.00,0.00,0.00,0.00,0.00,0.00
223.68,0.22,49.94,0.00,0.00,0.00,0.00,0.00,0.00,0.00,0.00,0.00,0.00,0.00,0.00
222.78,0.22,49.59,0.00,0.00,0.00,0.00,0.00,0.00,0.00,0.00,0.00,0.00,0.00,0.00
223.27,0.22,50.01,0.00,0.00,0.00,0.00,0.00,0.00,0.00,0.00,0.00,0.00,0.00,0.00
222.60,0.22,49.49,0.00,0.00,0.00,0.00,0.00,0.00,0.00,0.00,0.00,0.00,0.00,0.00
221.13,0.22,48.73,0.00,0.00,0.00,0.00,0.00,0.00,0.00,0.00,0.00,0.00,0.00,0.00
222.25,0.22,49.27,0.00,0.00,0.00,0.00,0.00,0.00,0.00,0.00,0.00,0.00,0.00,0.00
223.40,0.22,49.91,0.00,0.00,0.00,0.00,0.00,0.00,0.00,0.00,0.00,0.00,0.00,0.00
222.88,0.22,49.80,0.00,0.00,0.00,0.00,0.00,0.00,0.00,0.00,0.00,0.00,0.00,0.00
223.56,0.22,49.98,0.00,0.00,0.00,0.00,0.00,0.00,0.00,0.00,0.00,0.00,0.00,0.00
223.09,0.22,49.88,0.00,0.00,0.00,0.00,0.00,0.00,0.00,0.00,0.00,0.00,0.00,0.00
222.00,0.22,49.27,0.00,0.00,0.00,0.00,0.00,0.00,0.00,0.00,0.00,0.00,0.00,0.00
222.85,0.22,49.69,0.00,0.00,0.00,0.00,0.00,0.00,0.00,0.00,0.00,0.00,0.00,0.00
222.53,0.22,49.49,0.00,0.00,0.00,0.00,0.00,0.00,0.00,0.00,0.00,0.00,0.00,0.00
222.05,0.22,49.34,0.00,0.00,0.00,0.00,0.00,0.00,0.00,0.00,0.00,0.00,0.00,0.00
222.96,0.22,49.60,0.00,0.00,0.00,0.00,0.00,0.00,0.00,0.00,0.00,0.00,0.00,0.00
222.77,0.22,49.58,0.00,0.00,0.00,0.00,0.00,0.00,0.00,0.00,0.00,0.00,0.00,0.00
221.84,0.22,49.18,0.00,0.00,0.00,0.00,0.00,0.00,0.00,0.00,0.00,0.00,0.00,0.00
222.39,0.22,49.60,0.00,0.00,0.00,0.00,0.00,0.00,0.00,0.00,0.00,0.00,0.00,0.00
223.39,0.22,49.93,0.00,0.00,0.00,0.00,0.00,0.00,0.00,0.00,0.00,0.00,0.00,0.00
224.17,0.22,50.18,0.00,0.00,0.00,0.00,0.00,0.00,0.00,0.00,0.00,0.00,0.00,0.00
223.31,0.22,49.82,0.00,0.00,0.00,0.00,0.00,0.00,0.00,0.00,0.00,0.00,0.00,0.00
220.89,0.22,48.92,0.00,0.00,0.00,0.00,0.00,0.00,0.00,0.00,0.00,0.00,0.00,0.00
222.13,0.22,49.12,0.00,0.00,0.00,0.00,0.00,0.00,0.00,0.00,0.00,0.00,0.00,0.00
220.17,0.22,48.57,0.00,0.00,0.00,0.00,0.00,0.00,0.00,0.00,0.00,0.00,0.00,0.00
221.48,0.22,49.06,0.00,0.00,0.00,0.00,0.00,0.00,0.00,0.00,0.00,0.00,0.00,0.00
222.41,0.22,49.33,0.00,0.00,0.00,0.00,0.00,0.00,0.00,0.00,0.00,0.00,0.00,0.00
221.87,0.22,49.31,0.00,0.00,0.00,0.00,0.00,0.00,0.00,0.00,0.00,0.00,0.00,0.00
221.80,0.22,49.14,0.00,0.00,0.00,0.00,0.00,0.00,0.00,0.00,0.00,0.00,0.00,0.00
221.47,0.22,49.12,0.00,0.00,0.00,0.00,0.00,0.00,0.00,0.00,0.00,0.00,0.00,0.00
221.63,0.22,49.15,0.00,0.00,0.00,0.00,0.00,0.00,0.00,0.00,0.00,0.00,0.00,0.00
223.56,0.22,50.01,0.00,0.00,0.00,0.00,0.00,0.00,0.00,0.00,0.00,0.00,0.00,0.00
224.12,0.22,50.14,0.00,0.00,0.00,0.00,0.00,0.00,0.00,0.00,0.00,0.00,0.00,0.00
221.44,0.22,48.90,0.00,0.00,0.00,0.00,0.00,0.00,0.00,0.00,0.00,0.00,0.00,0.00
222.87,0.22,49.70,0.00,0.00,0.00,0.00,0.00,0.00,0.00,0.00,0.00,0.00,0.00,0.00
221.75,0.22,49.23,0.00,0.00,0.00,0.00,0.00,0.00,0.00,0.00,0.00,0.00,0.00,0.00
221.91,0.22,49.21,0.00,0.00,0.00,0.00,0.00,0.00,0.00,0.00,0.00,0.00,0.00,0.00
222.00,0.22,49.19,0.00,0.00,0.00,0.00,0.00,0.00,0.00,0.00,0.00,0.00,0.00,0.00
223.48,0.22,49.88,0.00,0.00,0.00,0.00,0.00,0.00,0.00,0.00,0.00,0.00,0.00,0.00
222.77,0.22,49.69,0.00,0.00,0.00,0.00,0.00,0.00,0.00,0.00,0.00,0.00,0.00,0.00
222.94,0.22,49.67,0.00,0.00,0.00,0.00,0.00,0.00,0.00,0.00,0.00,0.00,0.00,0.00
222.71,0.22,49.57,0.00,0.00,0.00,0.00,0.00,0.00,0.00,0.00,0.00,0.00,0.00,0.00
221.80,0.22,49.09,0.00,0.00,0.00,0.00,0.00,0.00,0.00,0.00,0.00,0.00,0.00,0.00
221.02,0.22,48.93,0.00,0.00,0.00,0.00,0.00,0.00,0.00,0.00,0.00,0.00,0.00,0.00
222.85,0.22,49.69,0.00,0.00,0.00,0.00,0.00,0.00,0.00,0.00,0.00,0.00,0.00,0.00
222.19,0.22,49.43,0.00,0.00,0.00,0.00,0.00,0.00,0.00,0.00,0.00,0.00,0.00,0.00
221.82,0.22,49.17,0.00,0.00,0.00,0.00,0.00,0.00,0.00,0.00,0.00,0.00,0.00,0.00
220.64,0.22,48.77,0.00,0.00,0.00,0.00,0.00,0.00,0.00,0.00,0.00,0.00,0.00,0.00
222.42,0.22,49.55,0.00,0.00,0.00,0.00,0.00,0.00,0.00,0.00,0.00,0.00,0.00,0.00
221.14,0.22,48.86,0.00,0.00,0.00,0.00,0.00,0.00,0.00,0.00,0.00,0.00,0.00,0.00
223.07,0.22,49.69,0.00,0.00,0.00,0.00,0.00,0.00,0.00,0.00,0.00,0.00,0.00,0.00
222.17,0.22,49.20,0.00,0.00,0.00,0.00,0.00,0.00,0.00,0.00,0.00,0.00,0.00,0.00
220.41,0.22,48.59,0.00,0.00,0.00,0.00,0.00,0.00,0.00,0.00,0.00,0.00,0.00,0.00
220.43,0.22,48.63,0.00,0.00,0.00,0.00,0.00,0.00,0.00,0.00,0.00,0.00,0.00,0.00
218.73,0.22,47.83,0.00,0.00,0.00,0.00,0.00,0.00,0.00,0.00,0.00,0.00,0.00,0.00
219.21,0.22,48.08,0.00,0.00,0.00,0.00,0.00,0.00,0.00,0.00,0.00,0.00,0.00,0.00
220.42,0.22,48.58,0.00,0.00,0.00,0.00,0.00,0.00,0.00,0.00,0.00,0.00,0.00,0.00
227.90,0.23,52.11,0.00,0.00,0.00,0.00,0.00,0.00,0.00,0.00,0.00,0.00,0.00,0.00
221.84,0.22,49.19,0.00,0.00,0.00,0.00,0.00,0.00,0.00,0.00,0.00,0.00,0.00,0.00
221.43,0.22,49.08,0.00,0.00,0.00,0.00,0.00,0.00,0.00,0.00,0.00,0.00,0.00,0.00
220.24,0.22,48.58,0.00,0.00,0.00,0.00,0.00,0.00,0.00,0.00,0.00,0.00,0.00,0.00
221.40,0.22,48.98,0.00,0.00,0.00,0.00,0.00,0.00,0.00,0.00,0.00,0.00,0.00,0.00
222.40,0.22,49.30,0.00,0.00,0.00,0.00,0.00,0.00,0.00,0.00,0.00,0.00,0.00,0.00
222.31,0.22,49.33,0.00,0.00,0.00,0.00,0.00,0.00,0.00,0.00,0.00,0.00,0.00,0.00
223.43,0.22,49.98,0.00,0.00,0.00,0.00,0.00,0.00,0.00,0.00,0.00,0.00,0.00,0.00
222.50,0.22,49.48,0.00,0.00,0.00,0.00,0.00,0.00,0.00,0.00,0.00,0.00,0.00,0.00
220.80,0.22,48.70,0.00,0.00,0.00,0.00,0.00,0.00,0.00,0.00,0.00,0.00,0.00,0.00
221.55,0.22,48.87,0.00,0.00,0.00,0.00,0.00,0.00,0.00,0.00,0.00,0.00,0.00,0.00
221.96,0.22,49.35,0.00,0.00,0.00,0.00,0.00,0.00,0.00,0.00,0.00,0.00,0.00,0.00
221.23,0.22,49.08,0.00,0.00,0.00,0.00,0.00,0.00,0.00,0.00,0.00,0.00,0.00,0.00
221.87,0.22,49.20,0.00,0.00,0.00,0.00,0.00,0.00,0.00,0.00,0.00,0.00,0.00,0.00
221.83,0.22,49.33,0.00,0.00,0.00,0.00,0.00,0.00,0.00,0.00,0.00,0.00,0.00,0.00
220.13,0.22,48.43,0.00,0.00,0.00,0.00,0.00,0.00,0.00,0.00,0.00,0.00,0.00,0.00
222.00,0.22,49.19,0.00,0.00,0.00,0.00,0.00,0.00,0.00,0.00,0.00,0.00,0.00,0.00
221.38,0.22,49.05,0.00,0.00,0.00,0.00,0.00,0.00,0.00,0.00,0.00,0.00,0.00,0.00
220.07,0.22,48.39,0.00,0.00,0.00,0.00,0.00,0.00,0.00,0.00,0.00,0.00,0.00,0.00
221.21,0.22,48.85,0.00,0.00,0.00,0.00,0.00,0.00,0.00,0.00,0.00,0.00,0.00,0.00
219.32,0.22,48.32,0.00,0.00,0.00,0.00,0.00,0.00,0.00,0.00,0.00,0.00,0.00,0.00
221.81,0.22,49.08,0.00,0.00,0.00,0.00,0.00,0.00,0.00,0.00,0.00,0.00,0.00,0.00
221.54,0.22,49.10,0.00,0.00,0.00,0.00,0.00,0.00,0.00,0.00,0.00,0.00,0.00,0.00
222.28,0.22,49.32,0.00,0.00,0.00,0.00,0.00,0.00,0.00,0.00,0.00,0.00,0.00,0.00
220.78,0.22,48.71,0.00,0.00,0.00,0.00,0.00,0.00,0.00,0.00,0.00,0.00,0.00,0.00
221.28,0.22,48.85,0.00,0.00,0.00,0.00,0.00,0.00,0.00,0.00,0.00,0.00,0.00,0.00
222.99,0.22,49.67,0.00,0.00,0.00,0.00,0.00,0.00,0.00,0.00,0.00,0.00,0.00,0.00
220.43,0.22,48.59,0.00,0.00,0.00,0.00,0.00,0.00,0.00,0.00,0.00,0.00,0.00,0.00
220.93,0.22,48.88,0.00,0.00,0.00,0.00,0.00,0.00,0.00,0.00,0.00,0.00,0.00,0.00
219.60,0.22,48.16,0.00,0.00,0.00,0.00,0.00,0.00,0.00,0.00,0.00,0.00,0.00,0.00
222.20,0.22,49.31,0.00,0.00,0.00,0.00,0.00,0.00,0.00,0.00,0.00,0.00,0.00,0.00
221.40,0.22,49.07,0.00,0.00,0.00,0.00,0.00,0.00,0.00,0.00,0.00,0.00,0.00,0.00
219.70,0.22,48.37,0.00,0.00,0.00,0.00,0.00,0.00,0.00,0.00,0.00,0.00,0.00,0.00
222.08,0.22,49.21,0.00,0.00,0.00,0.00,0.00,0.00,0.00,0.00,0.00,0.00,0.00,0.00
221.96,0.22,49.18,0.00,0.00,0.00,0.00,0.00,0.00,0.00,0.00,0.00,0.00,0.00,0.00
220.87,0.22,48.69,0.00,0.00,0.00,0.00,0.00,0.00,0.00,0.00,0.00,0.00,0.00,0.00
221.63,0.22,49.18,0.00,0.00,0.00,0.00,0.00,0.00,0.00,0.00,0.00,0.00,0.00,0.00
221.11,0.22,48.95,0.00,0.00,0.00,0.00,0.00,0.00,0.00,0.00,0.00,0.00,0.00,0.00
221.10,0.22,48.99,0.00,0.00,0.00,0.00,0.00,0.00,0.00,0.00,0.00,0.00,0.00,0.00
220.69,0.22,48.76,0.00,0.00,0.00,0.00,0.00,0.00,0.00,0.00,0.00,0.00,0.00,0.00
222.28,0.22,49.44,0.00,0.00,0.00,0.00,0.00,0.00,0.00,0.00,0.00,0.00,0.00,0.00
220.62,0.22,48.55,0.00,0.00,0.00,0.00,0.00,0.00,0.00,0.00,0.00,0.00,0.00,0.00
219.99,0.22,48.35,0.00,0.00,0.00,0.00,0.00,0.00,0.00,0.00,0.00,0.00,0.00,0.00
221.75,0.22,49.20,0.00,0.00,0.00,0.00,0.00,0.00,0.00,0.00,0.00,0.00,0.00,0.00
227.08,0.23,51.48,0.00,0.00,0.00,0.00,0.00,0.00,0.00,0.00,0.00,0.00,0.00,0.00
220.94,0.22,48.70,0.00,0.00,0.00,0.00,0.00,0.00,0.00,0.00,0.00,0.00,0.00,0.00
220.23,0.22,48.50,0.00,0.00,0.00,0.00,0.00,0.00,0.00,0.00,0.00,0.00,0.00,0.00
220.62,0.22,48.73,0.00,0.00,0.00,0.00,0.00,0.00,0.00,0.00,0.00,0.00,0.00,0.00
222.23,0.22,49.27,0.00,0.00,0.00,0.00,0.00,0.00,0.00,0.00,0.00,0.00,0.00,0.00
221.44,0.22,48.98,0.00,0.00,0.00,0.00,0.00,0.00,0.00,0.00,0.00,0.00,0.00,0.00
221.25,0.22,48.93,0.00,0.00,0.00,0.00,0.00,0.00,0.00,0.00,0.00,0.00,0.00,0.00
220.54,0.22,48.53,0.00,0.00,0.00,0.00,0.00,0.00,0.00,0.00,0.00,0.00,0.00,0.00
220.93,0.22,48.63,0.00,0.00,0.00,0.00,0.00,0.00,0.00,0.00,0.00,0.00,0.00,0.00
220.52,0.22,48.54,0.00,0.00,0.00,0.00,0.00,0.00,0.00,0.00,0.00,0.00,0.00,0.00
221.91,0.22,49.35,0.00,0.00,0.00,0.00,0.00,0.00,0.00,0.00,0.00,0.00,0.00,0.00
221.22,0.22,48.82,0.00,0.00,0.00,0.00,0.00,0.00,0.00,0.00,0.00,0.00,0.00,0.00
221.92,0.22,49.28,0.00,0.00,0.00,0.00,0.00,0.00,0.00,0.00,0.00,0.00,0.00,0.00
220.37,0.22,48.66,0.00,0.00,0.00,0.00,0.00,0.00,0.00,0.00,0.00,0.00,0.00,0.00
219.65,0.22,48.37,0.00,0.00,0.00,0.00,0.00,0.00,0.00,0.00,0.00,0.00,0.00,0.00
223.50,0.22,49.98,0.00,0.00,0.00,0.00,0.00,0.00,0.00,0.00,0.00,0.00,0.00,0.00
222.00,0.22,49.31,0.00,0.00,0.00,0.00,0.00,0.00,0.00,0.00,0.00,0.00,0.00,0.00
221.65,0.22,49.06,0.00,0.00,0.00,0.00,0.00,0.00,0.00,0.00,0.00,0.00,0.00,0.00
221.06,0.22,48.92,0.00,0.00,0.00,0.00,0.00,0.00,0.00,0.00,0.00,0.00,0.00,0.00
222.21,0.22,49.35,0.00,0.00,0.00,0.00,0.00,0.00,0.00,0.00,0.00,0.00,0.00,0.00
220.58,0.22,48.71,0.00,0.00,0.00,0.00,0.00,0.00,0.00,0.00,0.00,0.00,0.00,0.00
222.23,0.22,49.22,0.00,0.00,0.00,0.00,0.00,0.00,0.00,0.00,0.00,0.00,0.00,0.00
221.85,0.22,49.00,0.00,0.00,0.00,0.00,0.00,0.00,0.00,0.00,0.00,0.00,0.00,0.00
220.53,0.22,48.64,0.00,0.00,0.00,0.00,0.00,0.00,0.00,0.00,0.00,0.00,0.00,0.00
220.01,0.22,48.35,0.00,0.00,0.00,0.00,0.00,0.00,0.00,0.00,0.00,0.00,0.00,0.00
222.25,0.22,49.33,0.00,0.00,0.00,0.00,0.00,0.00,0.00,0.00,0.00,0.00,0.00,0.00
221.35,0.22,48.80,0.00,0.00,0.00,0.00,0.00,0.00,0.00,0.00,0.00,0.00,0.00,0.00
220.83,0.22,48.71,0.00,0.00,0.00,0.00,0.00,0.00,0.00,0.00,0.00,0.00,0.00,0.00
221.42,0.22,48.87,0.00,0.00,0.00,0.00,0.00,0.00,0.00,0.00,0.00,0.00,0.00,0.00
220.94,0.22,48.85,0.00,0.00,0.00,0.00,0.00,0.00,0.00,0.00,0.00,0.00,0.00,0.00
218.64,0.22,48.02,0.00,0.00,0.00,0.00,0.00,0.00,0.00,0.00,0.00,0.00,0.00,0.00
220.85,0.22,48.81,0.00,0.00,0.00,0.00,0.00,0.00,0.00,0.00,0.00,0.00,0.00,0.00
223.56,0.22,49.92,0.00,0.00,0.00,0.00,0.00,0.00,0.00,0.00,0.00,0.00,0.00,0.00
222.33,0.22,49.29,0.00,0.00,0.00,0.00,0.00,0.00,0.00,0.00,0.00,0.00,0.00,0.00
219.02,0.22,47.94,0.00,0.00,0.00,0.00,0.00,0.00,0.00,0.00,0.00,0.00,0.00,0.00
222.09,0.22,49.37,0.00,0.00,0.00,0.00,0.00,0.00,0.00,0.00,0.00,0.00,0.00,0.00
221.14,0.22,48.84,0.00,0.00,0.00,0.00,0.00,0.00,0.00,0.00,0.00,0.00,0.00,0.00
220.74,0.22,48.65,0.00,0.00,0.00,0.00,0.00,0.00,0.00,0.00,0.00,0.00,0.00,0.00
220.15,0.22,48.36,0.00,0.00,0.00,0.00,0.00,0.00,0.00,0.00,0.00,0.00,0.00,0.00
224.56,0.23,50.53,0.00,0.00,0.00,0.00,0.00,0.00,0.00,0.00,0.00,0.00,0.00,0.00
220.98,0.22,48.70,0.00,0.00,0.00,0.00,0.00,0.00,0.00,0.00,0.00,0.00,0.00,0.00
220.09,0.22,48.55,0.00,0.00,0.00,0.00,0.00,0.00,0.00,0.00,0.00,0.00,0.00,0.00
219.88,0.22,48.28,0.00,0.00,0.00,0.00,0.00,0.00,0.00,0.00,0.00,0.00,0.00,0.00
220.33,0.22,48.44,0.00,0.00,0.00,0.00,0.00,0.00,0.00,0.00,0.00,0.00,0.00,0.00
222.23,0.22,49.23,0.00,0.00,0.00,0.00,0.00,0.00,0.00,0.00,0.00,0.00,0.00,0.00
220.85,0.22,48.81,0.00,0.00,0.00,0.00,0.00,0.00,0.00,0.00,0.00,0.00,0.00,0.00
220.81,0.22,48.71,0.00,0.00,0.00,0.00,0.00,0.00,0.00,0.00,0.00,0.00,0.00,0.00
223.92,0.22,49.95,0.00,0.00,0.00,0.00,0.00,0.00,0.00,0.00,0.00,0.00,0.00,0.00
222.94,0.22,49.57,0.00,0.00,0.00,0.00,0.00,0.00,0.00,0.00,0.00,0.00,0.00,0.00
222.19,0.22,49.25,0.00,0.00,0.00,0.00,0.00,0.00,0.00,0.00,0.00,0.00,0.00,0.00
219.78,0.22,48.30,0.00,0.00,0.00,0.00,0.00,0.00,0.00,0.00,0.00,0.00,0.00,0.00
219.69,0.22,48.21,0.00,0.00,0.00,0.00,0.00,0.00,0.00,0.00,0.00,0.00,0.00,0.00
221.08,0.22,48.85,0.00,0.00,0.00,0.00,0.00,0.00,0.00,0.00,0.00,0.00,0.00,0.00
222.93,0.22,49.57,0.00,0.00,0.00,0.00,0.00,0.00,0.00,0.00,0.00,0.00,0.00,0.00
221.39,0.22,48.89,0.00,0.00,0.00,0.00,0.00,0.00,0.00,0.00,0.00,0.00,0.00,0.00
219.90,0.22,48.32,0.00,0.00,0.00,0.00,0.00,0.00,0.00,0.00,0.00,0.00,0.00,0.00
222.72,0.22,49.60,0.00,0.00,0.00,0.00,0.00,0.00,0.00,0.00,0.00,0.00,0.00,0.00
222.08,0.22,49.39,0.00,0.00,0.00,0.00,0.00,0.00,0.00,0.00,0.00,0.00,0.00,0.00
220.01,0.22,48.38,0.00,0.00,0.00,0.00,0.00,0.00,0.00,0.00,0.00,0.00,0.00,0.00
220.05,0.22,48.48,0.00,0.00,0.00,0.00,0.00,0.00,0.00,0.00,0.00,0.00,0.00,0.00
220.51,0.22,48.58,0.00,0.00,0.00,0.00,0.00,0.00,0.00,0.00,0.00,0.00,0.00,0.00
223.41,0.22,49.94,0.00,0.00,0.00,0.00,0.00,0.00,0.00,0.00,0.00,0.00,0.00,0.00
222.50,0.22,49.47,0.00,0.00,0.00,0.00,0.00,0.00,0.00,0.00,0.00,0.00,0.00,0.00
220.63,0.22,48.64,0.00,0.00,0.00,0.00,0.00,0.00,0.00,0.00,0.00,0.00,0.00,0.00
221.23,0.22,48.93,0.00,0.00,0.00,0.00,0.00,0.00,0.00,0.00,0.00,0.00,0.00,0.00
221.34,0.22,49.00,0.00,0.00,0.00,0.00,0.00,0.00,0.00,0.00,0.00,0.00,0.00,0.00
221.97,0.22,49.28,0.00,0.00,0.00,0.00,0.00,0.00,0.00,0.00,0.00,0.00,0.00,0.00
222.03,0.22,49.13,0.00,0.00,0.00,0.00,0.00,0.00,0.00,0.00,0.00,0.00,0.00,0.00
222.50,0.22,49.50,0.00,0.00,0.00,0.00,0.00,0.00,0.00,0.00,0.00,0.00,0.00,0.00
221.12,0.22,48.90,0.00,0.00,0.00,0.00,0.00,0.00,0.00,0.00,0.00,0.00,0.00,0.00
220.19,0.22,48.55,0.00,0.00,0.00,0.00,0.00,0.00,0.00,0.00,0.00,0.00,0.00,0.00
222.56,0.22,49.43,0.00,0.00,0.00,0.00,0.00,0.00,0.00,0.00,0.00,0.00,0.00,0.00
221.63,0.22,49.06,0.00,0.00,0.00,0.00,0.00,0.00,0.00,0.00,0.00,0.00,0.00,0.00
221.96,0.22,49.05,0.00,0.00,0.00,0.00,0.00,0.00,0.00,0.00,0.00,0.00,0.00,0.00
220.61,0.22,48.53,0.00,0.00,0.00,0.00,0.00,0.00,0.00,0.00,0.00,0.00,0.00,0.00
222.63,0.22,49.56,0.00,0.00,0.00,0.00,0.00,0.00,0.00,0.00,0.00,0.00,0.00,0.00
220.28,0.22,48.39,0.00,0.00,0.00,0.00,0.00,0.00,0.00,0.00,0.00,0.00,0.00,0.00
225.87,0.23,50.94,0.00,0.00,0.00,0.00,0.00,0.00,0.00,0.00,0.00,0.00,0.00,0.00
221.13,0.22,48.84,0.00,0.00,0.00,0.00,0.00,0.00,0.00,0.00,0.00,0.00,0.00,0.00
222.05,0.22,49.46,0.00,0.00,0.00,0.00,0.00,0.00,0.00,0.00,0.00,0.00,0.00,0.00
221.13,0.22,49.12,0.00,0.00,0.00,0.00,0.00,0.00,0.00,0.00,0.00,0.00,0.00,0.00
221.11,0.22,48.72,0.00,0.00,0.00,0.00,0.00,0.00,0.00,0.00,0.00,0.00,0.00,0.00
221.57,0.22,49.14,0.00,0.00,0.00,0.00,0.00,0.00,0.00,0.00,0.00,0.00,0.00,0.00
221.24,0.22,49.05,0.00,0.00,0.00,0.00,0.00,0.00,0.00,0.00,0.00,0.00,0.00,0.00
221.75,0.22,49.22,0.00,0.00,0.00,0.00,0.00,0.00,0.00,0.00,0.00,0.00,0.00,0.00
220.91,0.22,48.78,0.00,0.00,0.00,0.00,0.00,0.00,0.00,0.00,0.00,0.00,0.00,0.00
221.05,0.22,48.82,0.00,0.00,0.00,0.00,0.00,0.00,0.00,0.00,0.00,0.00,0.00,0.00
222.82,0.22,49.68,0.00,0.00,0.00,0.00,0.00,0.00,0.00,0.00,0.00,0.00,0.00,0.00
220.21,0.22,48.56,0.00,0.00,0.00,0.00,0.00,0.00,0.00,0.00,0.00,0.00,0.00,0.00
221.13,0.22,48.89,0.00,0.00,0.00,0.00,0.00,0.00,0.00,0.00,0.00,0.00,0.00,0.00
223.58,0.22,50.12,0.00,0.00,0.00,0.00,0.00,0.00,0.00,0.00,0.00,0.00,0.00,0.00
220.98,0.22,48.72,0.00,0.00,0.00,0.00,0.00,0.00,0.00,0.00,0.00,0.00,0.00,0.00
221.43,0.22,48.98,0.00,0.00,0.00,0.00,0.00,0.00,0.00,0.00,0.00,0.00,0.00,0.00
222.21,0.22,49.35,0.00,0.00,0.00,0.00,0.00,0.00,0.00,0.00,0.00,0.00,0.00,0.00
222.76,0.22,49.56,0.00,0.00,0.00,0.00,0.00,0.00,0.00,0.00,0.00,0.00,0.00,0.00
221.08,0.22,49.00,0.00,0.00,0.00,0.00,0.00,0.00,0.00,0.00,0.00,0.00,0.00,0.00
220.74,0.22,48.71,0.00,0.00,0.00,0.00,0.00,0.00,0.00,0.00,0.00,0.00,0.00,0.00
223.17,0.22,49.70,0.00,0.00,0.00,0.00,0.00,0.00,0.00,0.00,0.00,0.00,0.00,0.00
222.28,0.22,49.41,0.00,0.00,0.00,0.00,0.00,0.00,0.00,0.00,0.00,0.00,0.00,0.00
221.81,0.22,49.15,0.00,0.00,0.00,0.00,0.00,0.00,0.00,0.00,0.00,0.00,0.00,0.00
224.67,0.22,50.52,0.00,0.00,0.00,0.00,0.00,0.00,0.00,0.00,0.00,0.00,0.00,0.00
220.82,0.22,48.86,0.00,0.00,0.00,0.00,0.00,0.00,0.00,0.00,0.00,0.00,0.00,0.00
221.24,0.22,48.85,0.00,0.00,0.00,0.00,0.00,0.00,0.00,0.00,0.00,0.00,0.00,0.00
219.92,0.22,48.41,0.00,0.00,0.00,0.00,0.00,0.00,0.00,0.00,0.00,0.00,0.00,0.00
222.99,0.22,49.46,0.00,0.00,0.00,0.00,0.00,0.00,0.00,0.00,0.00,0.00,0.00,0.00
220.77,0.22,48.82,0.00,0.00,0.00,0.00,0.00,0.00,0.00,0.00,0.00,0.00,0.00,0.00
221.36,0.22,48.85,0.00,0.00,0.00,0.00,0.00,0.00,0.00,0.00,0.00,0.00,0.00,0.00
220.63,0.22,48.73,0.00,0.00,0.00,0.00,0.00,0.00,0.00,0.00,0.00,0.00,0.00,0.00
222.36,0.22,49.44,0.00,0.00,0.00,0.00,0.00,0.00,0.00,0.00,0.00,0.00,0.00,0.00
220.98,0.22,48.74,0.00,0.00,0.00,0.00,0.00,0.00,0.00,0.00,0.00,0.00,0.00,0.00
219.49,0.22,48.21,0.00,0.00,0.00,0.00,0.00,0.00,0.00,0.00,0.00,0.00,0.00,0.00
220.82,0.22,48.84,0.00,0.00,0.00,0.00,0.00,0.00,0.00,0.00,0.00,0.00,0.00,0.00
220.82,0.22,48.79,0.00,0.00,0.00,0.00,0.00,0.00,0.00,0.00,0.00,0.00,0.00,0.00
222.08,0.22,49.23,0.00,0.00,0.00,0.00,0.00,0.00,0.00,0.00,0.00,0.00,0.00,0.00
221.29,0.22,48.98,0.00,0.00,0.00,0.00,0.00,0.00,0.00,0.00,0.00,0.00,0.00,0.00
220.55,0.22,48.57,0.00,0.00,0.00,0.00,0.00,0.00,0.00,0.00,0.00,0.00,0.00,0.00
226.47,0.23,51.57,0.00,0.00,0.00,0.00,0.00,0.00,0.00,0.00,0.00,0.00,0.00,0.00
222.24,0.22,49.38,0.00,0.00,0.00,0.00,0.00,0.00,0.00,0.00,0.00,0.00,0.00,0.00
221.56,0.22,49.07,0.00,0.00,0.00,0.00,0.00,0.00,0.00,0.00,0.00,0.00,0.00,0.00
219.47,0.22,48.31,0.00,0.00,0.00,0.00,0.00,0.00,0.00,0.00,0.00,0.00,0.00,0.00
221.37,0.22,49.11,0.00,0.00,0.00,0.00,0.00,0.00,0.00,0.00,0.00,0.00,0.00,0.00
221.71,0.22,49.21,0.00,0.00,0.00,0.00,0.00,0.00,0.00,0.00,0.00,0.00,0.00,0.00
222.75,0.22,49.67,0.00,0.00,0.00,0.00,0.00,0.00,0.00,0.00,0.00,0.00,0.00,0.00
222.10,0.22,49.35,0.00,0.00,0.00,0.00,0.00,0.00,0.00,0.00,0.00,0.00,0.00,0.00
221.87,0.22,49.17,0.00,0.00,0.00,0.00,0.00,0.00,0.00,0.00,0.00,0.00,0.00,0.00
220.77,0.22,48.74,0.00,0.00,0.00,0.00,0.00,0.00,0.00,0.00,0.00,0.00,0.00,0.00
220.96,0.22,48.93,0.00,0.00,0.00,0.00,0.00,0.00,0.00,0.00,0.00,0.00,0.00,0.00
220.92,0.22,48.81,0.00,0.00,0.00,0.00,0.00,0.00,0.00,0.00,0.00,0.00,0.00,0.00
221.60,0.22,49.10,0.00,0.00,0.00,0.00,0.00,0.00,0.00,0.00,0.00,0.00,0.00,0.00
219.01,0.22,48.10,0.00,0.00,0.00,0.00,0.00,0.00,0.00,0.00,0.00,0.00,0.00,0.00
221.83,0.22,49.25,0.00,0.00,0.00,0.00,0.00,0.00,0.00,0.00,0.00,0.00,0.00,0.00
220.97,0.22,48.89,0.00,0.00,0.00,0.00,0.00,0.00,0.00,0.00,0.00,0.00,0.00,0.00
221.04,0.22,48.93,0.00,0.00,0.00,0.00,0.00,0.00,0.00,0.00,0.00,0.00,0.00,0.00
219.00,0.22,48.05,0.00,0.00,0.00,0.00,0.00,0.00,0.00,0.00,0.00,0.00,0.00,0.00
221.58,0.22,49.16,0.00,0.00,0.00,0.00,0.00,0.00,0.00,0.00,0.00,0.00,0.00,0.00
220.74,0.22,48.77,0.00,0.00,0.00,0.00,0.00,0.00,0.00,0.00,0.00,0.00,0.00,0.00
224.13,0.22,50.24,0.00,0.00,0.00,0.00,0.00,0.00,0.00,0.00,0.00,0.00,0.00,0.00
221.15,0.22,48.81,0.00,0.00,0.00,0.00,0.00,0.00,0.00,0.00,0.00,0.00,0.00,0.00
219.83,0.22,48.37,0.00,0.00,0.00,0.00,0.00,0.00,0.00,0.00,0.00,0.00,0.00,0.00
221.97,0.22,49.24,0.00,0.00,0.00,0.00,0.00,0.00,0.00,0.00,0.00,0.00,0.00,0.00
219.28,0.22,48.12,0.00,0.00,0.00,0.00,0.00,0.00,0.00,0.00,0.00,0.00,0.00,0.00
220.81,0.22,48.73,0.00,0.00,0.00,0.00,0.00,0.00,0.00,0.00,0.00,0.00,0.00,0.00
222.58,0.22,49.51,0.00,0.00,0.00,0.00,0.00,0.00,0.00,0.00,0.00,0.00,0.00,0.00
221.71,0.22,49.12,0.00,0.00,0.00,0.00,0.00,0.00,0.00,0.00,0.00,0.00,0.00,0.00
221.62,0.22,49.20,0.00,0.00,0.00,0.00,0.00,0.00,0.00,0.00,0.00,0.00,0.00,0.00
220.77,0.22,48.75,0.00,0.00,0.00,0.00,0.00,0.00,0.00,0.00,0.00,0.00,0.00,0.00
222.01,0.22,49.42,0.00,0.00,0.00,0.00,0.00,0.00,0.00,0.00,0.00,0.00,0.00,0.00
220.68,0.22,48.79,0.00,0.00,0.00,0.00,0.00,0.00,0.00,0.00,0.00,0.00,0.00,0.00
221.51,0.22,49.23,0.00,0.00,0.00,0.00,0.00,0.00,0.00,0.00,0.00,0.00,0.00,0.00
220.52,0.22,48.46,0.00,0.00,0.00,0.00,0.00,0.00,0.00,0.00,0.00,0.00,0.00,0.00
221.52,0.22,49.15,0.00,0.00,0.00,0.00,0.00,0.00,0.00,0.00,0.00,0.00,0.00,0.00
220.91,0.22,48.80,0.00,0.00,0.00,0.00,0.00,0.00,0.00,0.00,0.00,0.00,0.00,0.00
216.53,0.22,47.11,0.00,0.00,0.00,0.00,0.00,0.00,0.00,0.00,0.00,0.00,0.00,0.00
220.23,0.22,48.56,0.00,0.00,0.00,0.00,0.00,0.00,0.00,0.00,0.00,0.00,0.00,0.00
221.64,0.22,49.08,0.00,0.00,0.00,0.00,0.00,0.00,0.00,0.00,0.00,0.00,0.00,0.00
219.37,0.22,48.12,0.00,0.00,0.00,0.00,0.00,0.00,0.00,0.00,0.00,0.00,0.00,0.00
219.60,0.22,48.34,0.00,0.00,0.00,0.00,0.00,0.00,0.00,0.00,0.00,0.00,0.00,0.00
221.88,0.22,49.26,0.00,0.00,0.00,0.00,0.00,0.00,0.00,0.00,0.00,0.00,0.00,0.00
219.62,0.22,48.29,0.00,0.00,0.00,0.00,0.00,0.00,0.00,0.00,0.00,0.00,0.00,0.00
220.76,0.22,48.72,0.00,0.00,0.00,0.00,0.00,0.00,0.00,0.00,0.00,0.00,0.00,0.00
220.87,0.22,48.84,0.00,0.00,0.00,0.00,0.00,0.00,0.00,0.00,0.00,0.00,0.00,0.00
220.60,0.22,48.92,0.00,0.00,0.00,0.00,0.00,0.00,0.00,0.00,0.00,0.00,0.00,0.00
222.98,0.22,49.88,0.00,0.00,0.00,0.00,0.00,0.00,0.00,0.00,0.00,0.00,0.00,0.00
220.84,0.22,48.82,0.00,0.00,0.00,0.00,0.00,0.00,0.00,0.00,0.00,0.00,0.00,0.00
220.65,0.22,48.64,0.00,0.00,0.00,0.00,0.00,0.00,0.00,0.00,0.00,0.00,0.00,0.00
220.79,0.22,48.73,0.00,0.00,0.00,0.00,0.00,0.00,0.00,0.00,0.00,0.00,0.00,0.00
220.45,0.22,48.76,0.00,0.00,0.00,0.00,0.00,0.00,0.00,0.00,0.00,0.00,0.00,0.00
220.94,0.22,48.96,0.00,0.00,0.00,0.00,0.00,0.00,0.00,0.00,0.00,0.00,0.00,0.00
221.26,0.47,103.02,0.00,0.00,0.00,0.00,0.00,0.00,0.00,0.00,0.00,221.09,0.25,33.96
218.18,0.47,102.00,0.00,0.00,0.00,0.00,0.00,0.00,0.00,0.00,0.00,221.14,0.25,34.21
221.80,0.46,102.91,0.00,0.00,0.00,0.00,0.00,0.00,0.00,0.00,0.00,219.67,0.25,33.17
221.29,0.47,103.18,0.00,0.00,0.00,0.00,0.00,0.00,0.00,0.00,0.00,221.39,0.25,34.33
221.79,0.46,103.07,0.00,0.00,0.00,0.00,0.00,0.00,0.00,0.00,0.00,220.64,0.25,33.62
222.54,0.47,103.55,0.00,0.00,0.00,0.00,0.00,0.00,0.00,0.00,0.00,219.72,0.25,33.32
218.25,0.46,100.83,0.00,0.00,0.00,0.00,0.00,0.00,0.00,0.00,0.00,220.30,0.24,32.97
220.23,0.72,157.84,0.00,0.00,0.00,0.00,0.00,0.00,222.42,0.25,56.77,218.05,0.24,33.39
220.53,0.68,149.45,0.00,0.00,0.00,0.00,0.00,0.00,220.46,0.22,47.78,218.50,0.24,32.39
219.11,0.68,149.02,0.00,0.00,0.00,0.00,0.00,0.00,218.96,0.22,47.02,218.35,0.25,33.01
220.06,0.90,198.91,0.00,0.00,0.00,219.36,0.23,36.95,217.59,0.22,46.47,218.50,0.24,32.70
218.16,0.90,197.11,0.00,0.00,0.00,217.46,0.22,35.17,219.37,0.22,47.24,218.02,0.25,33.48
217.34,1.10,239.06,218.99,0.21,45.82,216.64,0.22,33.42,211.68,0.21,43.98,217.24,0.24,32.23
219.02,1.11,242.62,218.65,0.21,45.73,218.32,0.22,33.77,220.44,0.22,46.70,218.05,0.25,33.54
217.14,1.10,239.61,216.67,0.21,44.88,216.44,0.22,33.45,216.57,0.21,45.87,216.84,0.25,33.40
217.74,1.11,241.97,217.06,0.21,45.11,217.04,0.22,35.38,221.31,0.22,48.23,216.94,0.25,33.35
216.63,1.11,239.83,218.35,0.21,45.51,215.93,0.22,35.16,218.05,0.22,46.87,218.27,0.25,33.66
218.20,1.10,239.93,215.77,0.21,44.59,217.50,0.22,33.33,215.83,0.21,45.69,216.35,0.25,33.24
218.38,1.11,242.36,219.07,0.21,45.97,217.68,0.22,33.31,218.64,0.22,46.78,218.31,0.25,33.70
217.96,1.11,240.89,216.39,0.21,44.67,217.26,0.22,34.06,217.76,0.22,46.65,215.39,0.25,32.87
218.53,1.10,241.14,217.95,0.21,45.50,217.83,0.22,34.59,217.60,0.21,46.49,217.17,0.24,32.73
216.06,1.10,237.25,216.82,0.21,44.95,215.36,0.22,34.84,218.76,0.21,46.26,216.89,0.24,31.94
215.88,1.10,237.68,216.32,0.21,44.87,215.18,0.22,34.75,219.49,0.22,47.30,218.16,0.24,32.99
216.23,1.10,238.42,218.12,0.21,45.51,215.53,0.22,34.34,217.51,0.21,46.50,217.33,0.24,32.75
218.86,1.10,241.36,219.92,0.21,46.29,218.16,0.22,35.43,216.81,0.21,46.25,216.62,0.24,32.73
218.44,1.10,240.93,217.93,0.21,45.68,217.74,0.22,33.33,216.96,0.21,46.07,218.11,0.25,33.50
218.10,1.10,240.41,217.66,0.21,44.92,217.40,0.22,33.78,218.00,0.22,46.73,216.87,0.24,32.79
218.07,1.10,240.06,218.22,0.21,45.61,217.37,0.22,34.86,217.50,0.22,46.56,216.90,0.24,31.46
216.91,1.10,239.20,219.08,0.21,45.80,216.21,0.22,34.93,217.71,0.22,46.68,216.08,0.24,32.56
217.17,1.10,238.81,218.47,0.21,45.74,216.47,0.22,33.23,215.82,0.21,45.97,224.03,0.24,33.12
218.88,1.10,241.58,218.76,0.21,45.68,218.18,0.22,33.61,219.16,0.22,47.30,216.34,0.24,32.41
217.39,1.10,238.60,215.30,0.21,44.30,216.69,0.22,34.45,218.19,0.22,46.77,216.49,0.24,33.19
218.00,1.09,238.56,221.04,0.21,46.90,217.30,0.21,33.63,215.06,0.21,45.34,215.64,0.24,32.36
217.88,1.10,239.57,217.01,0.21,45.14,217.18,0.22,34.80,218.06,0.22,46.91,217.86,0.24,32.45
218.97,1.10,240.43,218.03,0.21,45.40,218.27,0.22,34.88,216.04,0.21,45.87,217.34,0.24,33.12
218.84,1.09,239.42,213.52,0.20,43.76,218.14,0.22,34.68,216.74,0.21,46.12,217.33,0.24,33.12
218.91,1.10,239.90,218.17,0.21,45.51,218.21,0.22,35.14,215.73,0.21,45.75,216.92,0.24,32.34
218.58,1.10,240.64,218.39,0.21,45.55,217.88,0.22,35.01,217.63,0.21,46.54,218.49,0.24,32.98
218.78,1.09,239.38,216.33,0.21,44.90,218.08,0.22,34.79,216.33,0.21,45.92,216.98,0.24,32.46
217.14,1.10,237.77,216.83,0.21,45.04,216.44,0.22,35.00,216.28,0.21,46.02,216.71,0.24,32.27
216.87,1.10,238.39,218.98,0.21,46.05,216.17,0.22,33.49,218.72,0.22,47.06,216.94,0.24,32.33
217.14,1.09,237.57,216.60,0.21,45.04,216.44,0.21,34.45,218.85,0.22,47.16,216.00,0.24,31.64
217.95,1.09,238.30,216.56,0.21,45.01,217.25,0.21,32.87,216.05,0.21,45.75,216.40,0.24,31.77
217.78,1.10,239.10,217.98,0.21,45.43,217.08,0.22,33.72,217.58,0.21,46.36,217.48,0.24,32.73
217.79,1.09,238.24,217.68,0.21,44.76,217.09,0.22,34.30,215.61,0.21,45.69,215.31,0.24,31.76
218.39,1.09,237.76,214.76,0.20,44.03,217.69,0.22,34.62,216.76,0.21,46.30,215.07,0.24,30.50
218.69,1.10,240.19,220.83,0.21,46.77,217.99,0.22,32.85,217.63,0.21,46.45,217.54,0.24,31.66
218.95,1.10,240.77,217.67,0.21,45.41,218.25,0.22,35.00,218.05,0.21,46.79,216.70,0.24,31.40
216.69,1.10,237.59,217.72,0.21,45.42,215.99,0.22,34.96,219.71,0.22,47.47,217.81,0.24,32.77
216.19,1.09,236.20,216.72,0.21,45.01,215.49,0.22,33.14,215.24,0.21,45.60,215.82,0.24,31.90
218.77,1.10,241.09,218.76,0.21,45.86,218.07,0.22,34.42,218.75,0.21,46.98,218.43,0.24,32.81
218.34,1.09,238.89,216.06,0.21,44.95,217.64,0.22,34.47,221.12,0.22,47.24,217.29,0.24,32.15
219.12,1.10,241.09,217.74,0.21,45.71,218.42,0.22,33.65,217.32,0.22,46.59,218.17,0.24,32.77
217.45,1.09,237.89,217.46,0.21,45.27,216.75,0.22,34.31,218.43,0.21,46.83,217.29,0.24,30.88
217.13,1.10,237.78,215.70,0.21,44.69,216.43,0.22,34.57,218.77,0.22,47.08,217.24,0.24,32.25
216.56,1.10,237.21,216.33,0.21,45.04,215.86,0.22,34.50,218.48,0.22,47.05,216.93,0.24,32.57
219.39,1.10,240.72,217.63,0.21,45.28,218.69,0.22,34.62,216.97,0.21,46.43,216.47,0.24,31.51
217.33,1.10,237.99,216.51,0.21,45.25,216.63,0.22,34.89,217.25,0.21,46.55,216.53,0.24,32.20
217.92,1.10,239.13,219.30,0.21,46.17,217.22,0.22,33.11,217.66,0.21,46.42,217.91,0.24,31.81
219.61,1.10,240.54,216.90,0.21,45.26,218.91,0.22,34.75,215.75,0.21,45.81,217.42,0.24,32.61
219.00,1.10,240.42,216.97,0.21,45.27,218.30,0.22,34.21,218.21,0.22,46.92,216.57,0.24,32.15
216.75,1.09,236.52,217.12,0.21,45.22,216.05,0.22,34.51,215.08,0.21,45.54,217.53,0.24,31.83
217.44,1.09,237.79,218.41,0.21,45.69,216.74,0.22,33.16,216.23,0.21,45.98,216.75,0.24,31.21
218.38,1.10,239.60,218.70,0.21,45.82,217.68,0.22,34.80,215.56,0.21,45.81,216.33,0.24,31.97
217.48,1.10,239.25,219.68,0.21,46.33,216.78,0.22,34.44,218.88,0.21,46.87,217.28,0.24,32.31
217.69,1.10,238.88,215.57,0.21,44.71,216.99,0.22,34.66,222.79,0.22,48.81,217.78,0.24,32.80
218.32,1.09,238.76,215.57,0.21,44.43,217.62,0.22,35.03,218.72,0.21,46.88,221.11,0.24,32.15
217.66,1.09,237.39,218.14,0.21,45.58,216.96,0.22,33.71,216.36,0.21,45.86,215.20,0.23,30.44
218.13,1.09,238.49,218.36,0.21,45.78,217.43,0.22,34.72,217.10,0.21,46.34,215.30,0.24,30.78
217.66,1.09,238.16,216.79,0.21,45.08,216.96,0.22,33.05,218.37,0.21,46.79,216.58,0.24,32.28
216.99,1.09,237.55,217.90,0.21,45.46,216.29,0.22,34.65,218.12,0.21,46.79,217.73,0.24,32.44
218.60,1.10,239.79,216.87,0.21,45.22,217.90,0.22,34.83,218.23,0.21,46.85,216.39,0.24,32.12
215.58,1.10,236.51,218.33,0.21,45.68,214.88,0.22,34.82,219.05,0.22,47.28,216.68,0.24,32.07
215.92,1.09,236.12,218.60,0.21,45.84,215.22,0.21,32.12,216.56,0.21,46.23,215.74,0.24,32.42
220.31,1.10,242.23,218.09,0.21,45.66,219.61,0.22,34.57,218.75,0.22,47.01,219.95,0.24,31.65
218.34,1.09,238.23,215.61,0.21,44.52,217.64,0.21,34.17,217.31,0.21,46.44,218.00,0.24,32.26
216.62,1.09,236.60,215.34,0.21,44.37,215.92,0.22,34.44,217.14,0.21,46.23,218.17,0.24,32.64
217.41,1.09,236.67,216.01,0.21,44.67,216.71,0.22,33.10,216.92,0.21,46.19,215.43,0.23,31.27
217.00,1.09,236.57,218.04,0.21,45.58,216.30,0.22,34.76,216.18,0.21,45.86,215.13,0.23,31.49
217.71,1.09,237.41,215.86,0.21,44.77,217.01,0.22,34.60,216.94,0.21,46.42,216.63,0.24,31.71
220.83,1.09,241.64,217.74,0.21,45.43,220.13,0.22,33.00,217.19,0.21,46.38,216.91,0.24,31.89
217.77,1.09,238.28,217.44,0.21,45.24,217.07,0.22,34.71,217.07,0.21,46.29,221.01,0.24,32.52
219.03,1.09,239.10,217.25,0.21,45.25,218.33,0.22,34.34,216.38,0.21,46.00,215.99,0.24,31.91
219.01,1.09,239.20,217.72,0.21,45.31,218.31,0.22,34.88,216.59,0.21,46.06,215.66,0.24,31.25
220.31,1.09,240.23,216.76,0.21,45.09,219.61,0.22,34.45,215.34,0.21,45.78,215.25,0.24,32.11
219.06,1.10,240.07,219.07,0.21,46.23,218.36,0.22,33.33,219.59,0.22,47.31,217.65,0.23,31.22
217.54,1.09,237.29,216.73,0.21,45.02,216.84,0.22,34.40,216.40,0.21,46.09,215.73,0.23,30.57
218.28,1.09,238.33,217.02,0.21,45.24,217.58,0.22,34.78,217.48,0.21,46.74,216.39,0.24,31.10
216.95,1.10,238.16,218.36,0.21,45.86,216.25,0.22,34.30,216.64,0.21,46.17,217.54,0.24,32.18
218.23,1.09,237.84,217.55,0.21,45.50,217.53,0.21,34.37,216.49,0.21,46.16,216.93,0.24,31.87
218.62,1.10,239.76,217.69,0.21,45.58,217.92,0.22,34.51,216.37,0.21,46.20,216.49,0.24,31.40
217.05,1.09,236.01,215.53,0.21,44.54,216.35,0.21,34.19,217.75,0.21,46.82,217.24,0.23,31.00
216.30,1.09,236.11,216.46,0.21,45.04,215.60,0.22,32.80,216.44,0.21,46.03,216.32,0.24,31.99
217.82,1.10,238.67,217.58,0.21,45.65,217.12,0.22,34.80,216.40,0.21,46.00,216.74,0.24,31.82
217.69,1.09,237.27,216.70,0.21,45.17,216.99,0.22,33.24,216.23,0.21,46.02,215.66,0.24,31.15
218.58,1.09,238.26,216.93,0.21,45.17,217.88,0.22,34.54,214.25,0.21,45.13,216.67,0.24,32.10
219.54,1.09,239.58,217.88,0.21,45.33,218.84,0.22,34.51,218.32,0.21,45.87,214.20,0.24,32.08
218.17,1.09,238.63,217.74,0.21,45.43,217.47,0.22,35.24,216.11,0.21,45.98,216.90,0.24,31.85
218.87,1.10,240.53,218.74,0.21,46.11,218.17,0.22,33.40,218.12,0.21,46.78,217.45,0.24,32.36
217.46,1.09,237.22,216.25,0.21,45.07,216.76,0.22,34.07,217.00,0.21,46.42,217.82,0.24,32.00
217.48,1.09,237.16,215.87,0.21,44.91,216.78,0.22,34.45,218.03,0.21,46.67,216.21,0.24,31.27
216.48,1.09,236.01,215.61,0.21,44.62,215.78,0.21,34.06,218.86,0.21,46.98,217.04,0.24,31.49
218.79,1.09,239.17,217.16,0.21,45.03,218.09,0.21,34.14,218.02,0.21,46.74,218.26,0.24,32.25
217.07,1.09,236.10,217.51,0.21,45.13,216.37,0.21,34.25,218.53,0.21,46.86,218.40,0.23,31.29
218.51,1.09,238.19,216.46,0.21,44.98,217.81,0.22,32.62,218.20,0.21,46.83,217.35,0.23,31.31
217.55,1.09,237.42,217.08,0.21,45.21,216.85,0.22,34.61,219.15,0.22,47.24,216.62,0.23,31.47
218.32,1.09,237.45,216.66,0.21,45.04,217.62,0.22,34.51,218.44,0.21,46.92,216.73,0.23,31.85
221.75,1.09,240.82,213.59,0.20,43.70,221.05,0.22,34.08,216.94,0.21,46.32,217.52,0.24,32.05
216.87,1.09,235.76,216.34,0.21,44.90,216.17,0.22,34.45,217.25,0.21,46.44,217.85,0.23,31.41
218.40,1.09,238.31,218.07,0.21,45.55,217.70,0.22,34.49,216.87,0.21,46.40,218.17,0.24,32.55
218.95,1.09,239.45,217.76,0.21,45.60,218.25,0.22,33.26,218.08,0.21,46.84,216.86,0.24,31.91
216.88,1.09,236.72,218.67,0.21,45.17,216.18,0.22,33.86,216.39,0.21,46.21,217.05,0.23,31.55
217.73,1.09,236.67,217.96,0.21,45.53,217.03,0.21,34.37,215.22,0.21,45.90,216.02,0.23,31.37
219.60,1.09,240.16,217.32,0.21,45.33,218.90,0.22,34.18,218.73,0.22,47.02,217.70,0.23,31.43
217.79,1.09,237.46,215.86,0.21,44.68,217.09,0.22,34.50,218.30,0.22,46.97,217.66,0.24,31.02
217.83,1.09,236.95,216.15,0.21,44.78,217.13,0.21,34.13,217.95,0.21,46.71,217.48,0.23,31.99
217.74,1.09,236.53,215.55,0.21,44.68,217.04,0.22,33.33,216.30,0.21,46.10,214.59,0.23,31.01
217.77,1.09,236.96,217.76,0.21,45.35,217.07,0.22,33.05,216.93,0.21,46.19,216.73,0.23,31.35
219.30,1.09,239.08,217.86,0.21,45.24,218.60,0.22,32.97,218.22,0.21,46.81,218.18,0.23,31.12
216.12,1.09,235.35,218.92,0.21,45.32,215.42,0.22,33.35,214.53,0.21,45.40,215.98,0.23,31.63
217.92,1.09,237.71,217.88,0.21,45.56,217.22,0.22,33.28,215.29,0.21,45.65,217.92,0.23,32.16
217.57,1.09,237.27,216.85,0.21,45.00,216.87,0.22,33.68,216.60,0.21,46.17,216.99,0.23,30.59
218.09,1.09,238.10,218.13,0.21,45.62,217.39,0.22,33.92,216.77,0.21,46.23,217.53,0.23,31.71
217.20,1.09,237.50,217.47,0.21,45.38,216.50,0.22,34.65,217.54,0.21,46.84,217.83,0.24,31.70
219.92,1.09,239.52,217.27,0.21,45.23,219.22,0.22,34.59,217.82,0.21,46.66,216.11,0.23,30.72
219.02,1.09,239.19,218.55,0.21,45.61,218.32,0.22,34.79,216.61,0.21,46.22,217.33,0.24,31.72
219.55,1.09,239.71,216.63,0.21,45.17,218.85,0.22,33.23,218.73,0.22,47.08,217.21,0.23,30.97
217.09,1.09,236.60,218.43,0.21,45.18,216.39,0.22,33.30,216.06,0.21,46.00,215.17,0.23,31.77
218.78,1.09,238.47,218.38,0.21,45.64,218.08,0.22,34.16,216.28,0.21,46.26,217.12,0.23,31.24
220.08,1.09,240.43,219.65,0.21,46.31,219.38,0.22,35.01,218.11,0.21,46.72,216.94,0.23,30.57
219.68,1.09,238.51,218.57,0.21,45.78,218.98,0.22,34.58,213.41,0.21,44.90,215.52,0.23,30.27
219.14,1.09,239.15,220.80,0.21,46.64,218.44,0.21,33.04,217.45,0.21,46.51,217.51,0.23,31.16
217.98,1.09,237.35,217.10,0.21,45.07,217.28,0.22,34.55,216.36,0.21,46.05,217.98,0.24,31.92
218.33,1.09,237.60,217.18,0.21,45.28,217.63,0.21,33.79,218.20,0.21,46.69,217.51,0.23,31.54
217.60,1.09,236.71,218.40,0.21,44.86,216.90,0.22,34.45,219.28,0.22,47.26,217.78,0.23,31.21
217.87,1.09,236.46,218.15,0.21,45.49,217.17,0.22,34.52,211.73,0.21,44.27,217.90,0.23,31.23
219.27,1.09,239.02,217.41,0.21,45.38,218.57,0.22,34.64,217.55,0.21,46.46,217.92,0.23,30.60
219.54,1.09,238.54,216.29,0.21,44.80,218.84,0.22,34.66,215.83,0.21,45.86,216.29,0.23,31.89
219.52,1.10,240.41,218.19,0.21,45.69,218.82,0.22,34.40,218.45,0.22,47.01,217.35,0.23,30.52
217.53,1.09,236.39,216.44,0.21,44.80,216.83,0.21,34.29,218.21,0.21,46.80,216.51,0.23,31.13
217.79,1.09,237.29,216.36,0.21,44.78,217.09,0.21,34.33,217.71,0.21,46.67,218.42,0.23,31.57
225.07,1.09,244.84,217.64,0.21,45.11,224.37,0.21,34.24,217.91,0.21,46.50,217.22,0.23,32.25
218.81,1.09,238.44,216.82,0.21,45.23,218.11,0.22,33.92,218.09,0.21,46.61,216.96,0.23,30.27
216.92,1.09,235.77,217.11,0.21,45.03,216.22,0.22,32.75,216.74,0.21,46.14,216.05,0.23,31.39
217.42,1.09,236.99,218.22,0.21,45.67,216.72,0.22,34.74,217.44,0.21,46.47,217.31,0.23,31.03
218.29,1.09,237.40,216.91,0.21,45.11,217.59,0.22,33.11,217.61,0.21,46.29,217.25,0.23,30.85
219.02,1.09,238.94,217.16,0.21,45.04,218.32,0.22,33.59,217.05,0.21,46.39,217.59,0.23,31.07
217.97,1.09,237.21,217.61,0.21,45.20,217.27,0.22,34.22,217.20,0.21,46.55,217.60,0.23,31.21
217.57,1.09,236.41,216.09,0.21,44.53,216.87,0.21,34.23,219.51,0.22,47.14,219.75,0.23,30.83
218.43,1.09,237.86,215.33,0.21,44.51,217.73,0.22,34.47,218.37,0.21,46.87,218.23,0.23,31.92
219.41,1.09,238.60,217.00,0.21,44.91,218.71,0.22,34.50,218.59,0.21,46.78,217.98,0.23,31.23
219.52,1.09,239.42,217.08,0.21,45.05,218.82,0.22,33.79,217.08,0.21,46.23,216.68,0.23,31.71
217.05,1.09,235.75,218.42,0.21,45.43,216.35,0.21,34.56,217.85,0.21,46.49,217.20,0.23,30.86
221.23,1.09,240.50,216.91,0.21,44.80,220.53,0.21,34.44,216.97,0.21,46.45,216.91,0.23,31.83
217.45,1.09,236.20,218.26,0.21,45.44,216.75,0.22,33.04,215.83,0.21,45.79,216.98,0.23,31.37
220.11,1.09,239.75,217.12,0.21,45.02,219.41,0.22,34.65,217.77,0.21,46.46,216.48,0.23,30.90
218.13,1.09,238.44,217.43,0.21,45.15,217.43,0.22,35.06,217.98,0.21,46.67,217.43,0.24,31.02
217.68,1.09,237.52,216.51,0.21,44.64,216.98,0.21,34.19,218.71,0.22,47.02,217.82,0.24,31.36
217.74,1.09,237.05,216.73,0.21,44.73,217.04,0.21,34.18,217.75,0.21,46.52,217.54,0.24,31.38
219.02,1.09,239.30,216.22,0.21,44.80,218.32,0.22,33.52,216.83,0.21,46.14,217.26,0.24,30.80
217.40,1.09,236.92,216.59,0.21,44.97,216.70,0.22,34.59,217.39,0.21,46.48,216.73,0.23,30.77
219.16,1.09,239.17,217.28,0.21,45.35,218.46,0.22,32.86,217.12,0.21,46.19,217.37,0.24,31.01
217.93,1.09,238.41,218.20,0.21,45.45,217.23,0.22,34.25,218.01,0.21,46.67,217.03,0.23,30.34
215.28,1.09,234.98,214.49,0.20,43.87,214.58,0.22,33.92,215.36,0.21,45.76,215.82,0.24,30.92
220.25,1.09,240.85,218.58,0.21,45.46,219.55,0.22,34.84,217.69,0.21,46.53,216.49,0.24,30.81
219.76,1.09,240.31,217.14,0.21,45.16,219.06,0.22,34.90,216.82,0.21,46.26,216.10,0.24,31.01
219.61,1.09,239.42,216.40,0.21,44.62,218.91,0.22,34.59,218.42,0.21,46.57,215.49,0.24,30.58
216.48,1.09,236.68,217.97,0.21,45.48,215.78,0.22,34.90,217.15,0.21,46.41,216.88,0.24,30.69
215.97,1.09,235.55,219.49,0.21,45.89,215.27,0.22,34.48,216.31,0.21,46.04,215.68,0.23,30.34
218.10,1.09,237.45,215.54,0.20,44.09,217.40,0.22,34.09,218.68,0.21,47.02,217.21,0.24,31.16
215.73,1.09,235.22,215.82,0.21,44.50,215.03,0.22,34.76,217.80,0.21,46.86,217.49,0.23,29.81
218.48,1.08,236.68,222.23,0.20,44.30,217.78,0.22,34.05,218.01,0.21,46.68,217.02,0.23,30.39
216.42,1.09,235.73,219.12,0.21,45.86,215.72,0.22,32.33,216.05,0.21,45.93,216.05,0.23,31.82
219.73,1.09,240.25,218.63,0.21,45.67,219.03,0.22,33.61,217.82,0.21,46.73,217.83,0.23,31.23
217.71,1.09,236.33,213.53,0.20,43.54,217.01,0.22,34.59,218.84,0.21,46.97,217.32,0.23,30.95
218.35,1.09,237.15,217.09,0.21,44.91,217.65,0.21,34.35,220.00,0.22,47.31,215.69,0.23,30.64
218.72,1.08,237.28,214.87,0.20,43.97,218.02,0.22,34.27,218.83,0.21,46.96,217.76,0.23,31.18
211.37,1.09,229.51,218.02,0.21,45.39,210.67,0.22,34.77,216.85,0.21,45.62,216.07,0.23,30.68
219.35,1.08,237.80,215.90,0.21,44.32,218.65,0.22,34.29,216.31,0.21,45.92,218.16,0.23,30.96
219.56,1.09,238.49,218.98,0.21,46.02,218.86,0.22,35.03,216.40,0.21,46.02,217.19,0.23,30.01
219.15,1.09,238.48,219.03,0.21,45.83,218.45,0.22,35.40,215.63,0.21,45.74,216.93,0.23,30.51
219.94,1.09,239.22,218.06,0.21,45.34,219.24,0.22,35.03,216.32,0.21,45.94,216.96,0.23,31.21
219.35,1.08,237.69,216.49,0.21,44.44,218.65,0.22,34.50,216.52,0.21,46.06,216.64,0.23,31.19
219.99,1.08,237.29,218.90,0.21,45.95,219.29,0.22,34.79,213.57,0.21,44.86,213.38,0.23,28.93
219.09,1.09,237.95,218.65,0.21,45.59,218.39,0.22,33.02,218.42,0.21,46.89,222.52,0.23,29.99
220.16,1.08,238.74,216.34,0.21,44.80,219.46,0.22,34.76,216.49,0.21,46.00,217.39,0.23,31.25
219.68,1.09,239.22,217.99,0.21,45.52,218.98,0.22,33.40,218.50,0.22,46.91,216.35,0.23,30.28
218.66,1.09,237.25,217.58,0.21,45.09,217.96,0.22,32.68,217.09,0.21,46.21,216.27,0.23,29.96
219.67,1.08,238.23,216.45,0.20,44.47,218.97,0.21,34.04,217.46,0.21,46.51,217.27,0.23,30.71
217.06,1.08,235.25,216.32,0.21,44.46,216.36,0.22,34.35,215.61,0.21,45.68,216.73,0.23,30.51
219.53,1.08,237.66,216.87,0.21,45.11,218.83,0.22,34.88,216.22,0.21,46.07,213.59,0.23,29.37
219.59,1.09,238.83,218.08,0.21,45.37,218.89,0.22,34.39,215.27,0.21,45.56,216.78,0.23,31.37
223.51,1.09,244.05,218.41,0.21,45.73,222.81,0.22,35.19,217.45,0.21,46.45,217.67,0.23,31.72
220.16,1.09,239.89,217.88,0.21,45.36,219.46,0.22,33.69,217.80,0.21,46.63,216.16,0.23,30.53
218.88,1.09,237.89,216.81,0.21,44.90,218.18,0.22,34.82,218.06,0.21,46.62,215.04,0.23,30.79
218.02,1.08,236.35,215.56,0.20,44.12,217.32,0.22,34.46,217.41,0.21,46.40,217.60,0.23,30.01
218.67,1.09,237.79,218.24,0.21,45.64,217.97,0.22,35.10,216.87,0.21,46.30,216.09,0.23,30.17
214.76,1.09,233.39,218.83,0.21,45.77,214.06,0.22,34.46,216.81,0.21,46.42,216.60,0.23,31.08
217.11,1.08,235.30,218.12,0.21,45.51,216.41,0.22,34.56,215.53,0.21,45.68,216.59,0.23,28.92
220.35,1.09,239.68,216.97,0.21,44.94,219.65,0.22,32.68,218.84,0.21,47.05,217.00,0.23,31.29
218.55,1.09,237.49,217.64,0.21,45.25,217.85,0.21,34.32,216.87,0.21,46.16,217.70,0.23,31.18
218.72,1.08,237.07,216.91,0.21,44.87,218.02,0.22,34.63,218.05,0.21,46.62,218.13,0.23,30.88
218.23,1.09,237.23,218.31,0.21,45.49,217.53,0.22,34.29,216.94,0.21,46.30,217.14,0.23,29.76
220.08,1.08,238.60,219.15,0.21,46.10,219.38,0.22,34.60,217.36,0.21,46.49,213.63,0.23,29.43
217.59,1.08,235.39,217.08,0.21,45.00,216.89,0.22,34.15,216.84,0.21,46.27,216.65,0.23,30.61
217.40,1.09,236.48,217.78,0.21,45.38,216.70,0.22,34.80,219.22,0.21,47.18,217.15,0.23,30.61
217.83,1.09,236.66,219.57,0.21,45.36,217.13,0.22,33.11,217.30,0.21,46.40,217.08,0.23,31.14
219.63,1.09,238.83,218.29,0.21,45.41,218.93,0.22,33.29,218.45,0.21,46.77,216.63,0.23,30.84
218.35,1.08,236.02,214.99,0.20,43.88,217.65,0.22,34.11,217.31,0.21,46.35,217.66,0.23,31.09
219.41,1.08,237.64,217.41,0.21,45.04,218.71,0.22,34.86,216.26,0.21,46.01,216.22,0.23,30.76
219.63,1.09,239.50,219.57,0.21,45.89,218.93,0.22,33.65,218.92,0.21,46.91,219.11,0.23,30.80
216.99,1.08,234.98,216.53,0.21,44.72,216.29,0.22,33.31,216.77,0.21,46.00,215.25,0.23,29.35
218.38,1.08,235.74,217.49,0.21,44.99,217.68,0.22,33.80,217.08,0.21,46.29,212.60,0.22,28.86
219.02,1.09,238.44,218.49,0.21,45.46,218.32,0.22,34.16,219.25,0.21,47.01,217.74,0.23,31.14
216.50,1.09,235.61,217.25,0.21,44.99,215.80,0.22,34.55,218.32,0.21,46.66,217.64,0.23,31.30
220.65,1.09,240.37,217.24,0.21,45.09,219.95,0.22,33.94,217.61,0.21,46.45,215.97,0.23,30.79
219.21,1.08,237.81,216.28,0.21,44.50,218.51,0.22,33.13,217.47,0.21,46.36,217.60,0.23,30.71
220.91,1.09,240.26,218.61,0.21,45.59,220.21,0.22,34.24,217.54,0.21,46.37,217.50,0.23,29.99
218.35,1.08,236.40,216.20,0.21,44.64,217.65,0.22,34.59,217.73,0.21,46.52,218.28,0.23,30.50
219.85,1.09,239.67,217.05,0.21,44.96,219.15,0.22,33.48,218.79,0.22,47.05,217.91,0.23,31.38
218.29,1.08,235.60,215.62,0.21,44.16,217.59,0.22,32.94,216.63,0.21,46.06,215.31,0.23,30.03
219.43,1.08,237.29,218.68,0.21,45.59,218.73,0.22,34.12,218.03,0.21,46.56,214.36,0.22,28.28
218.23,1.09,237.49,216.10,0.21,44.43,217.53,0.22,33.65,217.89,0.21,46.67,216.57,0.23,30.62
219.27,1.09,238.14,219.64,0.21,45.43,218.57,0.21,34.07,219.46,0.22,47.37,216.62,0.23,30.43
218.23,1.08,236.37,214.87,0.20,43.92,217.53,0.22,34.03,219.95,0.22,47.51,219.19,0.23,31.00
218.66,1.08,236.28,214.89,0.20,43.83,217.96,0.22,34.20,216.93,0.21,46.00,218.59,0.23,31.09
219.06,1.08,237.47,218.07,0.21,45.31,218.36,0.21,34.43,216.07,0.21,45.88,216.24,0.23,30.43
220.16,1.09,239.93,218.93,0.21,45.68,219.46,0.22,34.49,217.87,0.21,46.53,218.12,0.23,31.47
220.58,1.08,238.53,215.71,0.20,44.09,219.88,0.22,34.64,215.21,0.21,45.37,216.35,0.23,29.93
220.89,1.08,239.59,218.80,0.21,45.61,220.19,0.22,34.68,220.91,0.21,46.69,216.72,0.23,30.37
219.07,1.08,237.61,219.33,0.21,46.03,218.37,0.22,32.99,214.88,0.21,45.39,217.62,0.23,30.69
218.57,1.09,238.58,218.41,0.21,45.60,217.87,0.22,34.43,218.32,0.21,46.81,217.25,0.23,30.25
218.62,1.09,237.55,217.70,0.21,45.18,217.92,0.22,34.55,218.50,0.21,46.91,216.83,0.23,30.63
218.11,1.09,238.07,216.83,0.21,44.86,217.41,0.21,34.17,217.39,0.21,46.49,217.73,0.24,32.01
218.10,1.08,235.89,215.81,0.21,44.41,217.40,0.22,33.81,215.16,0.21,45.43,216.39,0.23,29.19
217.98,1.09,237.45,217.28,0.21,45.06,217.28,0.22,34.72,219.54,0.22,47.22,215.72,0.23,30.76
217.38,1.09,236.78,216.38,0.21,44.50,216.68,0.22,34.95,218.44,0.21,46.81,216.94,0.23,30.58
217.76,1.08,235.76,217.37,0.21,45.22,217.06,0.22,33.01,216.49,0.21,45.79,214.17,0.23,28.88
217.17,1.08,235.04,216.34,0.21,44.75,216.47,0.22,34.08,216.62,0.21,46.07,214.53,0.23,29.67
219.32,1.09,238.80,218.70,0.21,45.73,218.62,0.22,32.87,216.93,0.21,46.18,219.29,0.23,30.56
219.14,1.09,239.47,217.87,0.21,45.05,218.44,0.22,34.92,218.78,0.21,46.78,215.46,0.23,29.28
217.49,1.09,236.02,216.46,0.21,44.57,216.79,0.22,33.75,217.22,0.21,46.31,213.18,0.23,29.57
220.04,1.09,239.55,218.56,0.21,45.44,219.34,0.22,34.44,217.81,0.21,46.54,216.53,0.23,31.11
219.67,1.09,239.22,216.60,0.21,44.65,218.97,0.22,34.40,217.58,0.21,46.41,217.42,0.24,31.60
220.02,1.09,239.06,217.90,0.21,45.20,219.32,0.22,34.82,217.42,0.21,46.38,221.41,0.23,31.11
221.52,1.08,239.26,213.55,0.20,43.19,220.82,0.22,34.35,217.33,0.21,46.39,217.72,0.23,29.66
218.87,1.08,236.66,217.31,0.21,45.16,218.17,0.21,34.32,218.94,0.22,47.02,215.12,0.23,29.12
217.95,1.08,236.26,217.69,0.21,45.07,217.25,0.22,33.07,216.48,0.21,46.03,215.47,0.23,29.40
219.20,1.08,237.32,216.60,0.21,44.68,218.50,0.22,34.47,216.79,0.21,46.32,216.55,0.23,28.96
218.22,1.08,236.34,215.72,0.21,44.26,217.52,0.22,34.38,215.86,0.21,45.63,216.35,0.23,30.55
217.12,1.09,236.73,215.21,0.20,43.94,216.42,0.22,34.23,219.34,0.22,47.25,220.76,0.24,31.87
217.35,1.08,235.17,216.98,0.21,45.00,216.65,0.22,34.62,216.55,0.21,46.20,217.51,0.23,29.51
220.01,1.08,238.20,213.43,0.20,43.30,219.31,0.22,34.22,218.75,0.21,46.81,218.37,0.23,31.43
219.77,1.08,238.19,215.83,0.21,44.51,219.07,0.22,34.59,215.29,0.21,45.54,217.93,0.23,30.75
219.52,1.08,238.00,219.09,0.21,45.57,218.82,0.22,34.68,218.10,0.21,46.54,216.71,0.23,29.57
219.42,1.07,235.21,213.12,0.20,43.44,218.72,0.22,34.48,212.84,0.21,44.49,214.06,0.23,28.82
218.80,1.08,237.11,217.01,0.21,45.12,218.10,0.22,34.23,216.51,0.21,45.85,215.93,0.23,31.01
219.74,1.09,238.43,217.70,0.21,45.26,219.04,0.22,35.03,218.08,0.21,46.89,216.73,0.23,30.58
218.74,1.09,237.81,219.45,0.21,45.86,218.04,0.22,33.81,220.35,0.21,46.66,217.64,0.23,30.43
219.48,1.09,238.16,214.61,0.20,43.93,218.78,0.22,34.76,217.07,0.21,46.18,218.66,0.23,30.55
221.29,1.08,240.03,218.12,0.21,45.50,220.59,0.22,34.63,216.35,0.21,46.05,216.81,0.23,30.53
219.23,1.08,236.84,215.36,0.20,44.21,218.53,0.21,33.88,218.05,0.21,46.61,216.81,0.23,30.76
219.40,1.08,236.59,213.64,0.20,43.33,218.70,0.22,34.11,218.15,0.21,46.65,217.85,0.23,30.99
217.44,1.09,236.24,218.96,0.21,45.58,216.74,0.22,34.74,218.98,0.22,47.09,217.67,0.23,30.50
217.87,1.08,235.98,217.48,0.21,45.03,217.17,0.22,34.67,218.16,0.21,46.80,218.09,0.23,31.27
218.21,1.08,235.75,214.00,0.20,43.45,217.51,0.22,34.22,218.09,0.21,46.71,224.70,0.23,31.49
221.77,1.08,239.62,218.32,0.21,45.20,221.07,0.21,34.36,218.21,0.21,46.64,217.48,0.23,30.64
219.37,1.08,237.45,216.79,0.21,44.78,218.67,0.22,34.15,216.11,0.21,45.89,216.70,0.23,30.22
219.04,1.08,237.17,218.64,0.21,45.49,218.34,0.22,34.73,217.96,0.21,46.54,217.04,0.23,29.89
219.28,1.08,237.16,218.05,0.21,45.22,218.58,0.22,34.73,218.55,0.21,46.86,217.82,0.23,29.19
218.20,1.08,235.75,218.75,0.21,45.41,217.50,0.22,34.64,218.61,0.21,46.86,217.28,0.22,29.30
217.72,1.08,235.50,217.02,0.21,44.79,217.02,0.22,35.03,218.54,0.21,46.86,215.83,0.23,29.90
220.75,1.08,239.02,216.39,0.21,44.66,220.05,0.22,33.61,220.07,0.21,46.63,215.37,0.23,29.16
218.12,1.08,235.96,218.63,0.21,45.45,217.42,0.22,34.79,218.45,0.21,46.76,218.71,0.23,29.66
218.14,1.08,236.24,217.40,0.21,44.97,217.44,0.22,33.83,216.64,0.21,46.05,217.78,0.23,30.40
219.64,1.08,236.86,216.50,0.21,44.59,218.94,0.22,34.50,216.33,0.21,45.78,215.75,0.23,30.14
218.41,1.08,235.60,215.39,0.20,43.97,217.71,0.22,34.84,217.25,0.21,46.21,215.97,0.23,30.07
220.64,1.08,239.22,220.73,0.21,46.31,219.94,0.22,33.95,218.45,0.21,46.74,215.58,0.22,29.08
220.99,1.08,238.03,217.00,0.21,44.83,220.29,0.22,34.39,217.20,0.21,46.26,213.83,0.22,27.57
218.71,1.08,236.31,218.64,0.21,45.32,218.01,0.22,33.45,217.03,0.21,46.13,218.68,0.22,30.40
220.57,1.08,238.03,218.42,0.21,45.11,219.87,0.22,34.52,216.70,0.21,46.04,217.00,0.23,29.35
217.47,1.08,235.62,219.32,0.21,45.29,216.77,0.22,34.75,218.26,0.21,46.55,217.43,0.23,29.49
217.15,1.08,233.50,216.67,0.21,44.31,216.45,0.22,34.83,216.21,0.21,45.93,216.15,0.22,29.63
220.76,1.08,238.59,218.20,0.21,45.36,220.06,0.22,34.88,217.15,0.21,46.36,216.57,0.22,29.52
219.50,1.08,236.48,219.49,0.21,45.78,218.80,0.22,34.77,216.25,0.21,45.97,217.02,0.22,28.78
218.47,1.08,236.30,218.77,0.21,45.43,217.77,0.22,33.18,218.16,0.21,46.68,218.27,0.22,29.63
219.09,1.09,237.74,219.85,0.21,46.03,218.39,0.22,33.11,218.69,0.22,46.90,217.68,0.23,29.84
217.75,1.08,235.41,217.52,0.21,45.09,217.05,0.22,34.82,223.04,0.22,47.60,216.51,0.22,28.81
219.34,1.08,237.24,217.89,0.21,45.17,218.64,0.22,33.70,217.41,0.21,46.16,217.40,0.22,29.32
218.54,1.08,235.90,217.23,0.21,44.93,217.84,0.22,34.20,218.57,0.21,46.85,218.40,0.22,29.80
219.25,1.08,236.26,214.28,0.20,43.55,218.55,0.22,34.24,219.35,0.22,47.26,218.31,0.23,30.46
217.38,1.07,233.64,217.52,0.21,44.81,216.68,0.22,34.68,213.64,0.21,45.02,217.13,0.22,29.16
217.69,1.08,235.40,217.55,0.21,44.92,216.99,0.22,33.95,218.59,0.21,46.76,218.23,0.22,29.47
217.93,1.08,235.39,217.80,0.21,45.11,217.23,0.22,34.66,219.63,0.21,47.13,217.88,0.22,29.77
219.95,1.07,235.33,217.04,0.21,44.71,219.25,0.21,34.19,218.73,0.21,46.79,214.04,0.22,27.00
218.29,1.08,235.36,223.46,0.21,45.91,217.59,0.22,34.35,217.74,0.21,46.54,216.64,0.22,29.82
216.25,1.07,232.04,215.85,0.20,44.31,215.55,0.22,34.37,210.56,0.21,43.26,214.90,0.23,30.08
217.23,1.07,233.22,216.69,0.21,44.46,216.53,0.22,34.52,216.44,0.21,45.96,216.15,0.22,29.33
219.36,1.08,237.81,218.60,0.21,45.60,218.66,0.22,34.99,218.12,0.21,46.78,217.73,0.23,29.12
218.90,1.08,236.70,219.46,0.21,45.71,218.20,0.22,34.93,217.40,0.21,46.50,216.51,0.22,29.44
217.64,1.08,235.30,218.29,0.21,45.33,216.94,0.22,34.80,217.84,0.21,46.63,217.66,0.22,29.31
218.18,1.07,234.17,217.62,0.21,45.09,217.48,0.22,34.29,222.46,0.21,47.06,210.03,0.22,28.07
225.77,1.07,242.64,218.13,0.21,44.96,225.07,0.22,32.85,215.98,0.21,45.77,217.71,0.22,29.40
221.37,1.08,238.03,218.49,0.21,45.56,220.67,0.22,35.24,216.77,0.21,46.14,212.89,0.22,28.54
220.43,1.08,239.01,219.48,0.21,45.92,219.73,0.22,34.41,218.89,0.21,46.73,218.36,0.22,29.28
219.87,1.08,236.88,217.91,0.21,45.32,219.17,0.22,34.98,217.50,0.21,46.44,219.21,0.22,28.76
220.57,1.08,237.77,219.66,0.21,45.68,219.87,0.22,34.94,218.01,0.21,46.38,214.42,0.22,27.34
217.10,1.08,233.56,219.22,0.21,45.41,216.40,0.22,33.41,217.46,0.21,46.28,214.87,0.22,29.29
220.12,1.08,236.95,219.61,0.21,45.79,219.42,0.22,34.73,215.12,0.21,45.19,216.72,0.22,29.69
222.91,1.08,240.09,220.63,0.21,46.20,222.21,0.22,35.57,221.85,0.21,47.16,215.57,0.22,28.16
221.25,1.08,238.40,219.86,0.21,45.91,220.55,0.22,34.30,218.91,0.21,46.85,213.19,0.22,28.14
219.27,1.07,234.67,217.22,0.21,44.72,218.57,0.22,34.50,214.69,0.21,45.05,218.68,0.22,29.22
220.72,1.08,237.68,216.04,0.21,44.34,220.02,0.22,34.58,218.96,0.21,46.84,217.27,0.22,29.77
221.52,1.08,238.76,222.72,0.21,46.80,220.82,0.22,34.01,217.29,0.21,46.37,214.95,0.22,28.70
219.29,1.07,235.30,218.10,0.21,45.03,218.59,0.22,33.67,217.77,0.21,46.32,218.48,0.22,28.91
221.52,1.08,238.22,218.76,0.21,45.05,220.82,0.22,34.17,218.40,0.21,46.48,218.98,0.22,29.36
217.80,1.08,234.64,221.16,0.21,46.31,217.10,0.22,34.75,214.57,0.21,45.23,219.09,0.22,29.63
219.70,1.08,237.42,218.74,0.21,45.36,219.00,0.22,35.03,218.67,0.21,46.83,218.49,0.22,28.83
220.67,1.08,237.25,218.81,0.21,45.29,219.97,0.22,34.62,217.47,0.21,46.27,216.52,0.22,28.59
218.32,1.08,234.96,220.34,0.21,45.97,217.62,0.22,35.10,217.84,0.21,46.51,217.35,0.22,28.66
218.17,1.08,234.92,218.64,0.21,45.57,217.47,0.22,34.94,217.95,0.21,46.49,216.92,0.22,28.93
220.65,1.08,237.22,219.02,0.21,45.62,219.95,0.22,34.68,218.35,0.21,46.78,216.12,0.22,29.66
220.41,1.07,236.67,215.25,0.20,44.02,219.71,0.22,34.59,218.23,0.21,46.26,216.99,0.22,28.65
216.54,1.07,231.87,214.55,0.20,43.37,215.84,0.22,34.59,218.58,0.21,46.53,218.31,0.22,29.34
216.01,1.07,231.70,220.06,0.21,44.80,215.31,0.22,33.00,216.12,0.21,45.78,217.85,0.22,28.41
219.92,1.07,236.12,217.78,0.21,44.68,219.22,0.22,34.78,217.54,0.21,46.16,216.03,0.22,29.24
221.88,1.08,239.31,219.27,0.21,45.78,221.18,0.22,34.83,216.59,0.21,45.59,215.62,0.23,29.54
220.81,1.07,237.32,217.21,0.21,44.96,220.11,0.22,34.62,217.07,0.21,46.10,218.04,0.22,29.33
219.14,1.08,236.05,219.60,0.21,46.02,218.44,0.22,35.45,217.90,0.21,46.53,216.83,0.22,28.54
220.34,1.08,237.01,218.69,0.21,45.23,219.64,0.22,34.84,218.99,0.21,46.79,217.39,0.22,28.00
219.77,1.07,235.61,218.88,0.21,45.31,219.07,0.22,35.22,218.33,0.21,46.73,216.54,0.21,28.11
219.09,1.07,234.46,220.86,0.21,44.87,218.39,0.22,34.34,219.01,0.21,46.87,217.90,0.22,28.66
216.70,1.08,233.62,217.25,0.21,44.88,216.00,0.22,35.30,219.18,0.21,46.93,217.47,0.22,29.43
220.33,1.07,236.75,217.62,0.21,44.76,219.63,0.21,34.40,219.60,0.22,47.37,216.95,0.22,28.58
219.08,1.07,235.07,215.05,0.20,43.67,218.38,0.22,34.23,219.37,0.21,46.88,217.63,0.22,29.27
218.34,1.08,235.85,217.14,0.21,44.78,217.64,0.22,34.75,219.42,0.22,47.26,219.00,0.22,28.36
220.50,1.07,236.64,215.95,0.20,44.09,219.80,0.22,34.10,217.13,0.21,46.30,216.86,0.22,28.12
219.39,1.07,235.36,215.43,0.20,43.88,218.69,0.21,33.96,219.84,0.21,46.44,217.58,0.22,28.09
220.86,1.08,238.10,219.76,0.21,45.83,220.16,0.22,35.35,217.05,0.21,46.23,216.91,0.22,28.08
220.16,1.07,235.78,216.95,0.20,44.34,219.46,0.22,34.53,215.59,0.21,45.57,216.12,0.22,26.95
218.35,1.08,234.85,219.56,0.21,45.88,217.65,0.22,32.51,217.59,0.21,46.33,216.15,0.22,27.43
220.06,1.08,236.62,219.09,0.21,45.42,219.36,0.22,34.20,217.95,0.21,46.53,214.08,0.22,26.79
218.58,1.08,235.75,217.75,0.21,44.99,217.88,0.21,33.39,218.04,0.21,46.61,218.63,0.22,28.89
220.22,1.07,236.52,215.85,0.21,44.39,219.52,0.22,34.41,217.52,0.21,46.25,218.79,0.22,28.35
220.50,1.07,237.01,219.18,0.21,45.68,219.80,0.22,34.87,218.55,0.21,46.70,213.78,0.22,26.87
220.76,1.08,238.57,219.11,0.21,45.40,220.06,0.22,33.35,216.71,0.21,46.06,219.33,0.23,28.54
220.87,1.08,237.58,219.07,0.21,45.40,220.17,0.22,34.95,218.56,0.21,46.57,218.04,0.22,28.80
222.22,1.07,238.68,216.47,0.21,44.54,221.52,0.21,34.77,218.04,0.21,46.50,219.42,0.22,27.99
219.97,1.08,236.85,216.30,0.21,44.32,219.27,0.22,34.67,216.48,0.21,46.03,218.03,0.22,28.47
221.02,1.07,237.27,217.87,0.21,44.79,220.32,0.22,34.92,216.80,0.21,45.96,217.29,0.22,27.52
219.25,1.08,235.77,219.38,0.21,45.66,218.55,0.22,35.22,216.83,0.21,45.95,214.66,0.22,28.00
221.71,1.08,239.51,219.18,0.21,45.58,221.01,0.22,34.11,218.63,0.21,46.60,218.66,0.22,28.54
223.96,1.07,240.14,216.41,0.21,44.56,223.26,0.22,34.67,219.71,0.21,47.05,217.79,0.22,28.72
221.30,1.07,236.90,216.69,0.20,44.27,220.60,0.22,34.60,217.26,0.21,46.13,216.78,0.22,28.01
219.49,1.08,236.08,217.55,0.21,44.74,218.79,0.22,34.49,217.08,0.21,46.13,218.07,0.22,27.76
223.13,1.09,242.18,218.91,0.21,45.44,222.43,0.22,35.32,219.56,0.21,47.14,217.53,0.23,29.05
220.84,1.08,239.12,220.14,0.21,45.82,220.14,0.22,33.79,219.05,0.21,46.88,217.42,0.22,28.15
221.20,1.07,235.71,218.47,0.21,45.17,220.50,0.22,34.84,219.30,0.21,46.70,215.59,0.21,27.38
222.34,1.07,237.97,219.09,0.21,45.37,221.64,0.22,35.36,217.57,0.21,46.30,216.05,0.21,27.54
221.27,1.08,238.35,218.48,0.21,45.33,220.57,0.22,34.45,221.24,0.22,47.32,215.08,0.22,28.29
220.79,1.07,237.26,216.08,0.20,44.32,220.09,0.22,35.03,219.78,0.22,47.11,219.14,0.22,28.96
220.30,1.08,236.93,217.83,0.21,45.00,219.60,0.22,35.10,219.11,0.21,46.77,220.08,0.22,28.23
220.99,1.07,236.86,217.69,0.21,44.72,220.29,0.21,34.37,219.31,0.21,46.79,220.37,0.22,28.87
221.90,1.07,236.74,217.82,0.21,44.82,221.20,0.21,33.53,217.31,0.21,46.09,218.06,0.22,29.28
221.06,1.07,236.78,217.77,0.21,45.00,220.36,0.22,35.42,218.30,0.21,46.42,216.31,0.22,27.38
222.72,1.06,236.93,219.56,0.21,45.69,222.02,0.22,34.90,215.40,0.21,45.25,212.99,0.21,26.79
221.68,1.07,237.41,219.49,0.21,45.67,220.98,0.22,33.37,219.69,0.21,46.41,216.43,0.21,27.51
219.89,1.07,235.35,216.88,0.21,44.64,219.19,0.22,34.47,218.76,0.21,46.49,218.17,0.21,28.23
218.06,1.07,233.77,219.82,0.21,45.78,217.36,0.22,35.36,219.11,0.21,46.80,215.94,0.21,27.51
218.35,1.07,233.46,217.10,0.20,44.35,217.65,0.22,34.77,218.50,0.21,46.70,218.07,0.22,27.87
217.48,1.08,234.59,218.26,0.21,45.10,216.78,0.22,35.35,218.29,0.21,46.60,217.42,0.22,29.30
219.83,1.07,234.64,216.76,0.20,44.01,219.13,0.22,34.51,218.12,0.21,46.49,217.66,0.22,27.64
219.11,1.07,233.78,217.70,0.21,45.05,218.41,0.22,34.97,217.70,0.21,46.30,216.50,0.21,27.63
221.60,1.07,238.21,218.81,0.21,45.18,220.90,0.22,34.50,218.70,0.21,46.76,218.79,0.22,28.94
227.01,1.07,242.91,210.69,0.20,42.61,226.31,0.22,34.64,218.98,0.21,46.80,218.70,0.22,28.22
219.20,1.07,234.95,217.13,0.21,44.75,218.50,0.22,35.02,218.57,0.21,46.71,219.33,0.22,28.15
220.23,1.07,235.24,217.50,0.21,44.76,219.53,0.22,35.01,217.42,0.21,46.23,217.60,0.22,28.31
220.53,1.07,235.58,218.01,0.21,44.92,219.83,0.22,34.95,218.98,0.21,46.80,214.97,0.21,27.34
221.72,1.07,237.54,220.02,0.21,45.96,221.02,0.22,34.73,217.55,0.21,46.13,214.47,0.21,26.57
220.14,1.06,234.34,217.61,0.21,44.96,219.44,0.22,34.45,217.43,0.21,46.17,215.30,0.21,26.28
221.25,1.07,237.66,219.93,0.21,45.82,220.55,0.22,34.70,219.55,0.21,47.01,216.54,0.21,27.69
219.81,1.07,234.62,216.98,0.21,45.01,219.11,0.21,34.67,218.43,0.21,46.67,217.75,0.21,27.74
220.41,1.06,234.46,217.14,0.21,44.68,219.71,0.22,35.10,219.05,0.21,46.73,215.93,0.21,25.94
218.52,1.07,233.83,219.10,0.21,45.49,217.82,0.22,34.57,219.72,0.21,47.08,216.67,0.21,26.67
219.59,1.06,232.93,217.67,0.21,44.89,218.89,0.22,34.72,216.46,0.21,45.85,218.96,0.21,27.74
218.30,1.07,232.68,216.65,0.20,44.13,217.60,0.22,34.42,219.54,0.21,47.05,218.79,0.21,28.61
217.69,1.06,231.68,215.76,0.20,43.72,216.99,0.22,34.42,218.72,0.21,46.64,221.91,0.21,29.13
218.43,1.07,232.84,218.40,0.21,44.96,217.73,0.22,35.58,217.83,0.21,46.29,216.79,0.21,28.36
219.48,1.07,234.26,218.45,0.21,45.19,218.78,0.22,35.00,218.66,0.21,46.63,217.82,0.21,27.85
220.25,1.07,235.56,219.55,0.21,45.41,219.55,0.22,34.98,216.68,0.21,45.87,216.74,0.22,28.48
221.15,1.06,234.96,215.59,0.20,43.93,220.45,0.22,34.73,219.21,0.21,46.90,217.35,0.21,27.50
220.65,1.07,235.00,219.36,0.21,45.60,219.95,0.22,35.19,218.84,0.21,46.76,216.05,0.21,27.32
219.40,1.06,233.56,216.41,0.20,44.10,218.70,0.22,34.80,217.95,0.21,46.55,219.16,0.21,27.74
218.99,1.07,233.74,219.07,0.21,45.24,218.29,0.22,35.10,219.40,0.21,46.81,218.79,0.21,27.83
217.71,1.07,232.35,217.02,0.21,44.71,217.01,0.22,35.09,218.28,0.21,46.50,218.29,0.21,28.55
214.32,1.07,229.09,218.16,0.21,44.97,213.62,0.22,33.99,219.40,0.21,46.84,214.20,0.21,27.05
219.42,1.06,233.10,224.96,0.21,46.66,218.72,0.22,34.09,216.39,0.21,45.66,214.04,0.21,25.92
220.92,1.07,235.33,217.76,0.21,44.93,220.22,0.22,34.76,212.92,0.21,44.38,216.72,0.22,28.30
221.73,1.06,235.78,219.28,0.21,45.47,221.03,0.22,35.27,218.32,0.21,46.74,215.55,0.21,26.66
218.81,1.07,234.29,221.13,0.21,46.13,218.11,0.22,33.63,218.57,0.21,46.50,218.44,0.21,27.81
219.20,1.06,233.28,218.36,0.21,45.06,218.50,0.22,35.08,217.63,0.21,46.26,217.47,0.21,27.14
220.52,1.06,234.01,219.19,0.21,45.33,219.82,0.21,34.83,216.95,0.21,45.94,217.08,0.21,26.92
221.71,1.06,235.79,217.10,0.21,44.42,221.01,0.22,34.94,225.31,0.21,47.64,218.30,0.21,27.12
219.52,1.06,233.06,217.64,0.21,44.77,218.82,0.22,35.69,218.70,0.21,46.80,214.94,0.21,26.38
220.13,1.06,234.42,217.14,0.21,44.66,219.43,0.22,34.22,217.77,0.21,46.16,218.27,0.21,26.92
220.27,1.06,233.28,217.74,0.21,44.82,219.57,0.22,35.09,216.70,0.21,45.54,216.04,0.21,26.48
221.29,1.07,236.48,220.86,0.21,46.09,220.59,0.22,35.15,218.05,0.21,46.38,216.63,0.21,27.66
218.77,1.07,233.82,220.28,0.21,45.78,218.07,0.22,35.18,220.88,0.22,47.75,218.12,0.21,27.24
220.37,1.07,234.80,218.86,0.21,45.43,219.67,0.21,34.52,219.52,0.21,46.83,216.65,0.21,27.31
219.71,1.06,233.53,218.68,0.21,45.15,219.01,0.22,34.70,223.34,0.21,47.35,216.93,0.21,27.10
220.43,1.06,234.61,219.72,0.21,45.66,219.73,0.22,34.48,219.93,0.21,46.94,216.71,0.21,26.09
221.20,1.06,235.14,219.80,0.21,45.65,220.50,0.22,34.64,219.13,0.21,46.93,218.13,0.20,26.41
219.85,1.06,232.79,218.94,0.21,45.20,219.15,0.22,34.80,218.44,0.21,46.42,216.04,0.20,25.91
219.37,1.06,231.68,219.83,0.21,45.58,218.67,0.22,34.58,216.13,0.21,45.56,214.76,0.20,25.85
220.55,1.06,234.64,218.39,0.21,44.99,219.85,0.21,32.77,217.87,0.21,46.39,218.01,0.21,28.17
