231.47,0.57,132.43,0.00,0.00,0.00,270.71,0.29,73.65,0.00,0.16,0.00,0.00,0.13,0.00
231.40,0.35,81.45,0.00,0.00,0.00,0.00,0.09,0.00,0.00,0.15,0.00,0.00,0.12,0.00
231.53,0.24,56.05,0.00,0.00,0.00,0.00,0.00,0.00,0.00,0.14,0.00,0.00,0.10,0.00
232.02,0.22,50.55,0.00,0.00,0.00,0.00,0.00,0.00,0.00,0.14,0.00,0.00,0.08,0.00
232.30,0.21,48.91,0.00,0.00,0.00,0.00,0.00,0.00,0.00,0.13,0.00,0.00,0.08,0.00
231.10,0.20,46.61,0.00,0.00,0.00,0.00,0.00,0.00,0.00,0.12,0.00,0.00,0.08,0.00
232.69,0.19,44.66,0.00,0.00,0.00,0.00,0.00,0.00,0.00,0.12,0.00,0.00,0.08,0.00
229.90,0.19,43.83,0.00,0.00,0.00,0.00,0.00,0.00,0.00,0.12,0.00,0.00,0.07,0.00
230.51,0.18,41.45,0.00,0.00,0.00,0.00,0.00,0.00,0.00,0.11,0.00,0.00,0.07,0.00
229.73,0.17,40.13,0.00,0.00,0.00,0.00,0.00,0.00,0.00,0.11,0.00,0.00,0.07,0.00
229.02,0.16,37.73,0.00,0.00,0.00,0.00,0.00,0.00,0.00,0.10,0.00,0.00,0.06,0.00
231.27,0.16,36.63,0.00,0.00,0.00,0.00,0.00,0.00,0.00,0.10,0.00,0.00,0.06,0.00
230.65,0.15,35.39,0.00,0.00,0.00,0.00,0.00,0.00,0.00,0.09,0.00,0.00,0.06,0.00
230.15,0.15,33.66,0.00,0.00,0.00,0.00,0.00,0.00,0.00,0.09,0.00,0.00,0.06,0.00
229.79,0.15,33.84,0.00,0.00,0.00,0.00,0.00,0.00,0.00,0.09,0.00,0.00,0.06,0.00
231.70,0.14,31.97,0.00,0.00,0.00,0.00,0.00,0.00,0.00,0.08,0.00,0.00,0.05,0.00
232.36,0.08,18.81,0.00,0.00,0.00,0.00,0.00,0.00,0.00,0.08,0.00,0.00,0.00,0.00
232.43,0.08,18.35,0.00,0.00,0.00,0.00,0.00,0.00,0.00,0.08,0.00,0.00,0.00,0.00
232.00,0.08,18.19,0.00,0.00,0.00,0.00,0.00,0.00,0.00,0.08,0.00,0.00,0.00,0.00
231.39,0.08,17.44,0.00,0.00,0.00,0.00,0.00,0.00,0.00,0.08,0.00,0.00,0.00,0.00
231.13,0.07,16.07,0.00,0.00,0.00,0.00,0.00,0.00,0.00,0.07,0.00,0.00,0.00,0.00
229.97,0.07,16.53,0.00,0.00,0.00,0.00,0.00,0.00,0.00,0.07,0.00,0.00,0.00,0.00
230.98,0.07,15.08,0.00,0.00,0.00,0.00,0.00,0.00,0.00,0.07,0.00,0.00,0.00,0.00
229.97,0.06,13.81,0.00,0.00,0.00,0.00,0.00,0.00,0.00,0.06,0.00,0.00,0.00,0.00
231.03,0.06,13.71,0.00,0.00,0.00,0.00,0.00,0.00,0.00,0.06,0.00,0.00,0.00,0.00
232.90,0.06,13.42,0.00,0.00,0.00,0.00,0.00,0.00,0.00,0.06,0.00,0.00,0.00,0.00
230.38,0.05,11.66,0.00,0.00,0.00,0.00,0.00,0.00,0.00,0.05,0.00,0.00,0.00,0.00
230.43,0.24,54.19,0.00,0.00,0.00,0.00,0.00,0.00,0.00,0.00,0.00,0.00,0.00,0.00
230.56,0.24,54.29,0.00,0.00,0.00,0.00,0.00,0.00,0.00,0.00,0.00,0.00,0.00,0.00
230.17,0.23,53.99,0.00,0.00,0.00,0.00,0.00,0.00,0.00,0.00,0.00,0.00,0.00,0.00
230.26,0.23,53.89,0.00,0.00,0.00,0.00,0.00,0.00,0.00,0.00,0.00,0.00,0.00,0.00
230.40,0.24,54.22,0.00,0.00,0.00,0.00,0.00,0.00,0.00,0.00,0.00,0.00,0.00,0.00
233.12,0.24,55.32,0.00,0.00,0.00,0.00,0.00,0.00,0.00,0.00,0.00,0.00,0.00,0.00
230.13,0.23,53.96,0.00,0.00,0.00,0.00,0.00,0.00,0.00,0.00,0.00,0.00,0.00,0.00
229.43,0.23,53.80,0.00,0.00,0.00,0.00,0.00,0.00,0.00,0.00,0.00,0.00,0.00,0.00
231.55,0.24,54.59,0.00,0.00,0.00,0.00,0.00,0.00,0.00,0.00,0.00,0.00,0.00,0.00
231.68,0.24,54.84,0.00,0.00,0.00,0.00,0.00,0.00,0.00,0.00,0.00,0.00,0.00,0.00
235.31,0.24,56.48,0.00,0.00,0.00,0.00,0.00,0.00,0.00,0.00,0.00,0.00,0.00,0.00
230.66,0.24,54.35,0.00,0.00,0.00,0.00,0.00,0.00,0.00,0.00,0.00,0.00,0.00,0.00
231.52,0.24,54.80,0.00,0.00,0.00,0.00,0.00,0.00,0.00,0.00,0.00,0.00,0.00,0.00
229.65,0.23,53.77,0.00,0.00,0.00,0.00,0.00,0.00,0.00,0.00,0.00,0.00,0.00,0.00
232.31,0.24,54.76,0.00,0.00,0.00,0.00,0.00,0.00,0.00,0.00,0.00,0.00,0.00,0.00
231.26,0.24,54.59,0.00,0.00,0.00,0.00,0.00,0.00,0.00,0.00,0.00,0.00,0.00,0.00
232.03,0.24,54.85,0.00,0.00,0.00,0.00,0.00,0.00,0.00,0.00,0.00,0.00,0.00,0.00
231.31,0.24,54.56,0.00,0.00,0.00,0.00,0.00,0.00,0.00,0.00,0.00,0.00,0.00,0.00
231.18,0.24,54.50,0.00,0.00,0.00,0.00,0.00,0.00,0.00,0.00,0.00,0.00,0.00,0.00
230.81,0.24,54.87,0.00,0.00,0.00,0.00,0.00,0.00,0.00,0.00,0.00,0.00,0.00,0.00
230.71,0.24,54.44,0.00,0.00,0.00,0.00,0.00,0.00,0.00,0.00,0.00,0.00,0.00,0.00
230.58,0.24,54.33,0.00,0.00,0.00,0.00,0.00,0.00,0.00,0.00,0.00,0.00,0.00,0.00
231.57,0.24,54.60,0.00,0.00,0.00,0.00,0.00,0.00,0.00,0.00,0.00,0.00,0.00,0.00
231.67,0.24,54.99,0.00,0.00,0.00,0.00,0.00,0.00,0.00,0.00,0.00,0.00,0.00,0.00
233.20,0.24,55.43,0.00,0.00,0.00,0.00,0.00,0.00,0.00,0.00,0.00,0.00,0.00,0.00
231.86,0.24,54.92,0.00,0.00,0.00,0.00,0.00,0.00,0.00,0.00,0.00,0.00,0.00,0.00
230.26,0.24,54.41,0.00,0.00,0.00,0.00,0.00,0.00,0.00,0.00,0.00,0.00,0.00,0.00
231.42,0.24,54.71,0.00,0.00,0.00,0.00,0.00,0.00,0.00,0.00,0.00,0.00,0.00,0.00
230.26,0.24,54.34,0.00,0.00,0.00,0.00,0.00,0.00,0.00,0.00,0.00,0.00,0.00,0.00
232.01,0.24,55.11,0.00,0.00,0.00,0.00,0.00,0.00,0.00,0.00,0.00,0.00,0.00,0.00
231.69,0.24,54.60,0.00,0.00,0.00,0.00,0.00,0.00,0.00,0.00,0.00,0.00,0.00,0.00
230.55,0.23,54.10,0.00,0.00,0.00,0.00,0.00,0.00,0.00,0.00,0.00,0.00,0.00,0.00
229.94,0.23,53.84,0.00,0.00,0.00,0.00,0.00,0.00,0.00,0.00,0.00,0.00,0.00,0.00
230.17,0.24,54.21,0.00,0.00,0.00,0.00,0.00,0.00,0.00,0.00,0.00,0.00,0.00,0.00
231.41,0.24,54.63,0.00,0.00,0.00,0.00,0.00,0.00,0.00,0.00,0.00,0.00,0.00,0.00
232.31,0.24,55.13,0.00,0.00,0.00,0.00,0.00,0.00,0.00,0.00,0.00,0.00,0.00,0.00
232.34,0.24,55.23,0.00,0.00,0.00,0.00,0.00,0.00,0.00,0.00,0.00,0.00,0.00,0.00
229.57,0.23,53.72,0.00,0.00,0.00,0.00,0.00,0.00,0.00,0.00,0.00,0.00,0.00,0.00
230.46,0.24,54.41,0.00,0.00,0.00,0.00,0.00,0.00,0.00,0.00,0.00,0.00,0.00,0.00
229.23,0.24,53.91,0.00,0.00,0.00,0.00,0.00,0.00,0.00,0.00,0.00,0.00,0.00,0.00
230.93,0.24,54.35,0.00,0.00,0.00,0.00,0.00,0.00,0.00,0.00,0.00,0.00,0.00,0.00
231.17,0.24,54.51,0.00,0.00,0.00,0.00,0.00,0.00,0.00,0.00,0.00,0.00,0.00,0.00
231.89,0.24,54.95,0.00,0.00,0.00,0.00,0.00,0.00,0.00,0.00,0.00,0.00,0.00,0.00
231.96,0.24,54.94,0.00,0.00,0.00,0.00,0.00,0.00,0.00,0.00,0.00,0.00,0.00,0.00
232.81,0.24,55.19,0.00,0.00,0.00,0.00,0.00,0.00,0.00,0.00,0.00,0.00,0.00,0.00
228.79,0.23,53.23,0.00,0.00,0.00,0.00,0.00,0.00,0.00,0.00,0.00,0.00,0.00,0.00
231.98,0.24,54.91,0.00,0.00,0.00,0.00,0.00,0.00,0.00,0.00,0.00,0.00,0.00,0.00
230.69,0.24,54.27,0.00,0.00,0.00,0.00,0.00,0.00,0.00,0.00,0.00,0.00,0.00,0.00
231.99,0.24,54.99,0.00,0.00,0.00,0.00,0.00,0.00,0.00,0.00,0.00,0.00,0.00,0.00
230.36,0.24,54.14,0.00,0.00,0.00,0.00,0.00,0.00,0.00,0.00,0.00,0.00,0.00,0.00
230.26,0.23,53.95,0.00,0.00,0.00,0.00,0.00,0.00,0.00,0.00,0.00,0.00,0.00,0.00
231.81,0.24,54.98,0.00,0.00,0.00,0.00,0.00,0.00,0.00,0.00,0.00,0.00,0.00,0.00
230.44,0.24,54.29,0.00,0.00,0.00,0.00,0.00,0.00,0.00,0.00,0.00,0.00,0.00,0.00
230.26,0.24,54.14,0.00,0.00,0.00,0.00,0.00,0.00,0.00,0.00,0.00,0.00,0.00,0.00
231.23,0.24,54.85,0.00,0.00,0.00,0.00,0.00,0.00,0.00,0.00,0.00,0.00,0.00,0.00
231.32,0.24,54.77,0.00,0.00,0.00,0.00,0.00,0.00,0.00,0.00,0.00,0.00,0.00,0.00
234.39,0.24,56.09,0.00,0.00,0.00,0.00,0.00,0.00,0.00,0.00,0.00,0.00,0.00,0.00
231.14,0.24,54.80,0.00,0.00,0.00,0.00,0.00,0.00,0.00,0.00,0.00,0.00,0.00,0.00
229.47,0.23,53.60,0.00,0.00,0.00,0.00,0.00,0.00,0.00,0.00,0.00,0.00,0.00,0.00
230.85,0.24,54.34,0.00,0.00,0.00,0.00,0.00,0.00,0.00,0.00,0.00,0.00,0.00,0.00
231.94,0.24,54.91,0.00,0.00,0.00,0.00,0.00,0.00,0.00,0.00,0.00,0.00,0.00,0.00
231.87,0.24,54.79,0.00,0.00,0.00,0.00,0.00,0.00,0.00,0.00,0.00,0.00,0.00,0.00
231.25,0.24,54.78,0.00,0.00,0.00,0.00,0.00,0.00,0.00,0.00,0.00,0.00,0.00,0.00
231.54,0.24,54.55,0.00,0.00,0.00,0.00,0.00,0.00,0.00,0.00,0.00,0.00,0.00,0.00
231.27,0.24,54.48,0.00,0.00,0.00,0.00,0.00,0.00,0.00,0.00,0.00,0.00,0.00,0.00
230.72,0.24,54.54,0.00,0.00,0.00,0.00,0.00,0.00,0.00,0.00,0.00,0.00,0.00,0.00
230.18,0.23,53.86,0.00,0.00,0.00,0.00,0.00,0.00,0.00,0.00,0.00,0.00,0.00,0.00
231.87,0.24,54.78,0.00,0.00,0.00,0.00,0.00,0.00,0.00,0.00,0.00,0.00,0.00,0.00
229.99,0.24,54.08,0.00,0.00,0.00,0.00,0.00,0.00,0.00,0.00,0.00,0.00,0.00,0.00
230.38,0.23,54.04,0.00,0.00,0.00,0.00,0.00,0.00,0.00,0.00,0.00,0.00,0.00,0.00
230.84,0.24,54.53,0.00,0.00,0.00,0.00,0.00,0.00,0.00,0.00,0.00,0.00,0.00,0.00
232.14,0.24,55.08,0.00,0.00,0.00,0.00,0.00,0.00,0.00,0.00,0.00,0.00,0.00,0.00
232.93,0.24,55.43,0.00,0.00,0.00,0.00,0.00,0.00,0.00,0.00,0.00,0.00,0.00,0.00
232.15,0.24,55.14,0.00,0.00,0.00,0.00,0.00,0.00,0.00,0.00,0.00,0.00,0.00,0.00
232.12,0.24,54.83,0.00,0.00,0.00,0.00,0.00,0.00,0.00,0.00,0.00,0.00,0.00,0.00
231.37,0.24,54.76,0.00,0.00,0.00,0.00,0.00,0.00,0.00,0.00,0.00,0.00,0.00,0.00
230.41,0.24,54.21,0.00,0.00,0.00,0.00,0.00,0.00,0.00,0.00,0.00,0.00,0.00,0.00
231.21,0.24,54.49,0.00,0.00,0.00,0.00,0.00,0.00,0.00,0.00,0.00,0.00,0.00,0.00
230.57,0.24,54.35,0.00,0.00,0.00,0.00,0.00,0.00,0.00,0.00,0.00,0.00,0.00,0.00
233.70,0.24,56.08,0.00,0.00,0.00,0.00,0.00,0.00,0.00,0.00,0.00,0.00,0.00,0.00
233.06,0.24,55.47,0.00,0.00,0.00,0.00,0.00,0.00,0.00,0.00,0.00,0.00,0.00,0.00
231.22,0.24,54.59,0.00,0.00,0.00,0.00,0.00,0.00,0.00,0.00,0.00,0.00,0.00,0.00
231.47,0.24,54.53,0.00,0.00,0.00,0.00,0.00,0.00,0.00,0.00,0.00,0.00,0.00,0.00
231.13,0.24,54.58,0.00,0.00,0.00,0.00,0.00,0.00,0.00,0.00,0.00,0.00,0.00,0.00
230.54,0.24,54.32,0.00,0.00,0.00,0.00,0.00,0.00,0.00,0.00,0.00,0.00,0.00,0.00
231.25,0.24,54.50,0.00,0.00,0.00,0.00,0.00,0.00,0.00,0.00,0.00,0.00,0.00,0.00
230.67,0.24,54.42,0.00,0.00,0.00,0.00,0.00,0.00,0.00,0.00,0.00,0.00,0.00,0.00
230.06,0.23,53.83,0.00,0.00,0.00,0.00,0.00,0.00,0.00,0.00,0.00,0.00,0.00,0.00
230.95,0.24,54.66,0.00,0.00,0.00,0.00,0.00,0.00,0.00,0.00,0.00,0.00,0.00,0.00
228.09,0.23,52.83,0.00,0.00,0.00,0.00,0.00,0.00,0.00,0.00,0.00,0.00,0.00,0.00
233.15,0.24,55.65,0.00,0.00,0.00,0.00,0.00,0.00,0.00,0.00,0.00,0.00,0.00,0.00
231.03,0.24,54.39,0.00,0.00,0.00,0.00,0.00,0.00,0.00,0.00,0.00,0.00,0.00,0.00
231.36,0.24,54.39,0.00,0.00,0.00,0.00,0.00,0.00,0.00,0.00,0.00,0.00,0.00,0.00
230.69,0.24,54.27,0.00,0.00,0.00,0.00,0.00,0.00,0.00,0.00,0.00,0.00,0.00,0.00
230.95,0.24,54.32,0.00,0.00,0.00,0.00,0.00,0.00,0.00,0.00,0.00,0.00,0.00,0.00
233.24,0.24,55.43,0.00,0.00,0.00,0.00,0.00,0.00,0.00,0.00,0.00,0.00,0.00,0.00
230.79,0.23,54.20,0.00,0.00,0.00,0.00,0.00,0.00,0.00,0.00,0.00,0.00,0.00,0.00
231.30,0.24,54.74,0.00,0.00,0.00,0.00,0.00,0.00,0.00,0.00,0.00,0.00,0.00,0.00
230.95,0.46,106.53,234.58,0.23,52.85,0.00,0.00,0.00,0.00,0.00,0.00,0.00,0.00,0.00
230.28,0.46,105.10,229.98,0.22,50.64,0.00,0.00,0.00,0.00,0.00,0.00,0.00,0.00,0.00
230.09,0.46,105.64,232.97,0.22,52.07,0.00,0.00,0.00,0.00,0.00,0.00,0.00,0.00,0.00
231.11,0.46,106.28,234.11,0.22,52.38,0.00,0.00,0.00,0.00,0.00,0.00,0.00,0.00,0.00
232.64,0.46,106.87,232.94,0.22,51.99,0.00,0.00,0.00,0.00,0.00,0.00,0.00,0.00,0.00
230.49,0.46,105.67,232.01,0.22,51.59,0.00,0.00,0.00,0.00,0.00,0.00,0.00,0.00,0.00
230.59,0.46,105.64,231.86,0.22,51.59,0.00,0.00,0.00,0.00,0.00,0.00,0.00,0.00,0.00
227.78,0.46,104.19,231.50,0.22,51.24,0.00,0.00,0.00,0.00,0.00,0.00,0.00,0.00,0.00
232.35,0.46,106.71,233.48,0.22,52.23,0.00,0.00,0.00,0.00,0.00,0.00,0.00,0.00,0.00
230.66,0.46,106.22,234.22,0.23,52.59,0.00,0.00,0.00,0.00,0.00,0.00,0.00,0.00,0.00
231.48,0.46,106.41,233.44,0.22,52.26,0.00,0.00,0.00,0.00,0.00,0.00,0.00,0.00,0.00
232.20,0.46,106.09,231.16,0.22,51.12,0.00,0.00,0.00,0.00,0.00,0.00,0.00,0.00,0.00
231.57,0.46,106.00,232.11,0.22,51.57,0.00,0.00,0.00,0.00,0.00,0.00,0.00,0.00,0.00
231.45,0.46,106.49,233.95,0.22,52.54,0.00,0.00,0.00,0.00,0.00,0.00,0.00,0.00,0.00
232.29,0.46,106.42,232.17,0.22,51.78,0.00,0.00,0.00,0.00,0.00,0.00,0.00,0.00,0.00
230.75,0.46,105.71,232.11,0.22,51.77,0.00,0.00,0.00,0.00,0.00,0.00,0.00,0.00,0.00
230.70,0.46,106.03,233.86,0.22,52.57,0.00,0.00,0.00,0.00,0.00,0.00,0.00,0.00,0.00
233.00,0.46,107.11,233.90,0.22,52.58,0.00,0.00,0.00,0.00,0.00,0.00,0.00,0.00,0.00
232.08,0.46,106.58,233.07,0.22,52.17,0.00,0.00,0.00,0.00,0.00,0.00,0.00,0.00,0.00
231.12,0.46,106.13,233.52,0.22,52.29,0.00,0.00,0.00,0.00,0.00,0.00,0.00,0.00,0.00
231.63,0.46,106.65,235.00,0.23,53.04,0.00,0.00,0.00,0.00,0.00,0.00,0.00,0.00,0.00
230.91,0.46,105.70,232.22,0.22,51.73,0.00,0.00,0.00,0.00,0.00,0.00,0.00,0.00,0.00
230.21,0.46,105.78,233.56,0.22,52.40,0.00,0.00,0.00,0.00,0.00,0.00,0.00,0.00,0.00
233.10,0.46,107.21,233.93,0.22,52.68,0.00,0.00,0.00,0.00,0.00,0.00,0.00,0.00,0.00
231.87,0.46,106.33,233.01,0.22,52.14,0.00,0.00,0.00,0.00,0.00,0.00,0.00,0.00,0.00
236.91,0.46,109.00,233.77,0.22,52.58,0.00,0.00,0.00,0.00,0.00,0.00,0.00,0.00,0.00
232.15,0.46,106.58,233.66,0.22,52.45,0.00,0.00,0.00,0.00,0.00,0.00,0.00,0.00,0.00
233.15,0.46,107.16,234.10,0.22,52.66,0.00,0.00,0.00,0.00,0.00,0.00,0.00,0.00,0.00
232.64,0.46,106.55,232.84,0.22,51.91,0.00,0.00,0.00,0.00,0.00,0.00,0.00,0.00,0.00
230.17,0.46,105.76,233.67,0.22,52.57,0.00,0.00,0.00,0.00,0.00,0.00,0.00,0.00,0.00
231.48,0.46,106.03,232.27,0.22,51.91,0.00,0.00,0.00,0.00,0.00,0.00,0.00,0.00,0.00
225.71,0.46,103.50,233.00,0.22,52.21,0.00,0.00,0.00,0.00,0.00,0.00,0.00,0.00,0.00
230.98,0.46,105.98,233.19,0.22,52.31,0.00,0.00,0.00,0.00,0.00,0.00,0.00,0.00,0.00
236.35,0.46,108.26,232.60,0.22,51.87,0.00,0.00,0.00,0.00,0.00,0.00,0.00,0.00,0.00
226.29,0.46,103.62,232.35,0.22,51.91,0.00,0.00,0.00,0.00,0.00,0.00,0.00,0.00,0.00
232.82,0.46,107.18,234.87,0.23,53.04,0.00,0.00,0.00,0.00,0.00,0.00,0.00,0.00,0.00
231.92,0.46,106.53,234.00,0.22,52.61,0.00,0.00,0.00,0.00,0.00,0.00,0.00,0.00,0.00
230.94,0.46,105.66,232.11,0.22,51.76,0.00,0.00,0.00,0.00,0.00,0.00,0.00,0.00,0.00
231.19,0.46,105.91,232.62,0.22,52.07,0.00,0.00,0.00,0.00,0.00,0.00,0.00,0.00,0.00
232.22,0.46,106.59,233.48,0.22,52.40,0.00,0.00,0.00,0.00,0.00,0.00,0.00,0.00,0.00
231.41,0.46,106.01,232.60,0.22,52.03,0.00,0.00,0.00,0.00,0.00,0.00,0.00,0.00,0.00
233.99,0.46,107.42,233.76,0.22,52.40,0.00,0.00,0.00,0.00,0.00,0.00,0.00,0.00,0.00
230.52,0.46,105.53,232.45,0.22,51.90,0.00,0.00,0.00,0.00,0.00,0.00,0.00,0.00,0.00
231.79,0.46,106.29,233.90,0.22,52.31,0.00,0.00,0.00,0.00,0.00,0.00,0.00,0.00,0.00
231.59,0.46,106.12,232.77,0.22,51.98,0.00,0.00,0.00,0.00,0.00,0.00,0.00,0.00,0.00
230.33,0.46,105.34,231.44,0.22,51.47,0.00,0.00,0.00,0.00,0.00,0.00,0.00,0.00,0.00
230.18,0.46,105.46,232.69,0.22,52.07,0.00,0.00,0.00,0.00,0.00,0.00,0.00,0.00,0.00
231.93,0.46,106.55,233.32,0.22,52.52,0.00,0.00,0.00,0.00,0.00,0.00,0.00,0.00,0.00
227.38,0.46,104.27,233.43,0.22,52.22,0.00,0.00,0.00,0.00,0.00,0.00,0.00,0.00,0.00
229.65,0.46,105.08,231.89,0.22,51.77,0.00,0.00,0.00,0.00,0.00,0.00,0.00,0.00,0.00
232.41,0.46,106.54,232.62,0.22,52.00,0.00,0.00,0.00,0.00,0.00,0.00,0.00,0.00,0.00
232.24,0.46,106.52,233.47,0.22,52.31,0.00,0.00,0.00,0.00,0.00,0.00,0.00,0.00,0.00
232.70,0.46,106.62,233.14,0.22,52.20,0.00,0.00,0.00,0.00,0.00,0.00,0.00,0.00,0.00
230.52,0.46,105.23,231.19,0.22,51.36,0.00,0.00,0.00,0.00,0.00,0.00,0.00,0.00,0.00
230.09,0.46,105.22,231.95,0.22,51.63,0.00,0.00,0.00,0.00,0.00,0.00,0.00,0.00,0.00
230.01,0.46,105.59,233.50,0.22,52.35,0.00,0.00,0.00,0.00,0.00,0.00,0.00,0.00,0.00
231.23,0.46,105.80,231.95,0.22,51.77,0.00,0.00,0.00,0.00,0.00,0.00,0.00,0.00,0.00
228.40,0.46,104.88,233.82,0.22,52.61,0.00,0.00,0.00,0.00,0.00,0.00,0.00,0.00,0.00
232.21,0.46,106.35,232.68,0.22,52.02,0.00,0.00,0.00,0.00,0.00,0.00,0.00,0.00,0.00
227.77,0.46,104.10,231.55,0.22,51.56,0.00,0.00,0.00,0.00,0.00,0.00,0.00,0.00,0.00
231.12,0.46,105.92,232.97,0.22,52.09,0.00,0.00,0.00,0.00,0.00,0.00,0.00,0.00,0.00
231.63,0.46,106.19,232.43,0.22,52.00,0.00,0.00,0.00,0.00,0.00,0.00,0.00,0.00,0.00
233.07,0.46,106.82,233.24,0.22,52.28,0.00,0.00,0.00,0.00,0.00,0.00,0.00,0.00,0.00
230.98,0.46,105.99,233.43,0.22,52.31,0.00,0.00,0.00,0.00,0.00,0.00,0.00,0.00,0.00
231.11,0.46,105.71,232.52,0.22,51.77,0.00,0.00,0.00,0.00,0.00,0.00,0.00,0.00,0.00
230.25,0.46,105.68,233.37,0.22,52.44,0.00,0.00,0.00,0.00,0.00,0.00,0.00,0.00,0.00
230.13,0.46,105.32,232.45,0.22,51.93,0.00,0.00,0.00,0.00,0.00,0.00,0.00,0.00,0.00
230.66,0.46,105.98,234.23,0.22,52.75,0.00,0.00,0.00,0.00,0.00,0.00,0.00,0.00,0.00
231.77,0.46,106.28,232.96,0.22,52.24,0.00,0.00,0.00,0.00,0.00,0.00,0.00,0.00,0.00
232.35,0.46,106.36,232.52,0.22,51.89,0.00,0.00,0.00,0.00,0.00,0.00,0.00,0.00,0.00
226.62,0.46,103.72,232.04,0.22,51.87,0.00,0.00,0.00,0.00,0.00,0.00,0.00,0.00,0.00
235.76,0.46,107.75,231.39,0.22,51.66,0.00,0.00,0.00,0.00,0.00,0.00,0.00,0.00,0.00
232.05,0.46,106.58,233.86,0.22,52.67,0.00,0.00,0.00,0.00,0.00,0.00,0.00,0.00,0.00
230.86,0.46,105.52,231.32,0.22,51.46,0.00,0.00,0.00,0.00,0.00,0.00,0.00,0.00,0.00
230.10,0.46,105.76,234.17,0.22,52.81,0.00,0.00,0.00,0.00,0.00,0.00,0.00,0.00,0.00
231.56,0.46,106.31,233.83,0.22,52.50,0.00,0.00,0.00,0.00,0.00,0.00,0.00,0.00,0.00
232.22,0.46,106.53,233.22,0.22,52.26,0.00,0.00,0.00,0.00,0.00,0.00,0.00,0.00,0.00
230.57,0.46,105.60,233.02,0.22,52.05,0.00,0.00,0.00,0.00,0.00,0.00,0.00,0.00,0.00
230.59,0.46,105.74,232.97,0.22,52.16,0.00,0.00,0.00,0.00,0.00,0.00,0.00,0.00,0.00
232.65,0.46,106.82,233.66,0.22,52.56,0.00,0.00,0.00,0.00,0.00,0.00,0.00,0.00,0.00
232.25,0.46,106.51,233.38,0.22,52.41,0.00,0.00,0.00,0.00,0.00,0.00,0.00,0.00,0.00
230.26,0.46,105.19,231.84,0.22,51.53,0.00,0.00,0.00,0.00,0.00,0.00,0.00,0.00,0.00
230.23,0.46,105.61,233.68,0.22,52.38,0.00,0.00,0.00,0.00,0.00,0.00,0.00,0.00,0.00
231.68,0.46,106.36,233.69,0.22,52.59,0.00,0.00,0.00,0.00,0.00,0.00,0.00,0.00,0.00
232.36,0.46,106.43,232.48,0.22,52.04,0.00,0.00,0.00,0.00,0.00,0.00,0.00,0.00,0.00
230.45,0.46,105.36,232.07,0.22,51.66,0.00,0.00,0.00,0.00,0.00,0.00,0.00,0.00,0.00
229.38,0.46,105.11,233.17,0.22,52.25,0.00,0.00,0.00,0.00,0.00,0.00,0.00,0.00,0.00
232.51,0.46,106.50,232.83,0.22,52.02,0.00,0.00,0.00,0.00,0.00,0.00,0.00,0.00,0.00
230.95,0.46,105.74,232.59,0.22,52.05,0.00,0.00,0.00,0.00,0.00,0.00,0.00,0.00,0.00
226.68,0.46,103.77,232.56,0.22,52.03,0.00,0.00,0.00,0.00,0.00,0.00,0.00,0.00,0.00
230.96,0.46,105.88,233.46,0.22,52.38,0.00,0.00,0.00,0.00,0.00,0.00,0.00,0.00,0.00
232.89,0.46,106.79,233.26,0.22,52.36,0.00,0.00,0.00,0.00,0.00,0.00,0.00,0.00,0.00
232.03,0.46,106.19,232.11,0.22,51.92,0.00,0.00,0.00,0.00,0.00,0.00,0.00,0.00,0.00
231.48,0.46,105.91,232.08,0.22,51.73,0.00,0.00,0.00,0.00,0.00,0.00,0.00,0.00,0.00
233.18,0.46,106.88,232.69,0.22,52.08,0.00,0.00,0.00,0.00,0.00,0.00,0.00,0.00,0.00
231.89,0.46,106.98,235.84,0.23,53.63,0.00,0.00,0.00,0.00,0.00,0.00,0.00,0.00,0.00
229.91,0.46,105.15,231.67,0.22,51.61,0.00,0.00,0.00,0.00,0.00,0.00,0.00,0.00,0.00
230.73,0.46,105.40,232.56,0.22,51.81,0.00,0.00,0.00,0.00,0.00,0.00,0.00,0.00,0.00
228.79,0.46,104.92,233.61,0.22,52.47,0.00,0.00,0.00,0.00,0.00,0.00,0.00,0.00,0.00
231.75,0.46,106.19,233.29,0.22,52.30,0.00,0.00,0.00,0.00,0.00,0.00,0.00,0.00,0.00
230.00,0.46,105.24,231.94,0.22,51.85,0.00,0.00,0.00,0.00,0.00,0.00,0.00,0.00,0.00
230.20,0.46,105.23,232.23,0.22,51.71,0.00,0.00,0.00,0.00,0.00,0.00,0.00,0.00,0.00
231.60,0.46,106.41,233.60,0.22,52.54,0.00,0.00,0.00,0.00,0.00,0.00,0.00,0.00,0.00
231.77,0.46,106.12,232.76,0.22,52.09,0.00,0.00,0.00,0.00,0.00,0.00,0.00,0.00,0.00
230.27,0.46,105.23,231.84,0.22,51.70,0.00,0.00,0.00,0.00,0.00,0.00,0.00,0.00,0.00
230.34,0.46,105.37,232.25,0.22,51.76,0.00,0.00,0.00,0.00,0.00,0.00,0.00,0.00,0.00
230.18,0.46,105.28,232.45,0.22,51.92,0.00,0.00,0.00,0.00,0.00,0.00,0.00,0.00,0.00
233.52,0.46,106.80,232.18,0.22,51.72,0.00,0.00,0.00,0.00,0.00,0.00,0.00,0.00,0.00
232.71,0.46,106.23,231.96,0.22,51.62,0.00,0.00,0.00,0.00,0.00,0.00,0.00,0.00,0.00
226.71,0.46,103.57,232.11,0.22,51.60,0.00,0.00,0.00,0.00,0.00,0.00,0.00,0.00,0.00
230.33,0.46,105.44,232.72,0.22,52.08,0.00,0.00,0.00,0.00,0.00,0.00,0.00,0.00,0.00
231.68,0.46,106.10,232.83,0.22,52.02,0.00,0.00,0.00,0.00,0.00,0.00,0.00,0.00,0.00
226.43,0.46,103.73,233.42,0.22,52.31,0.00,0.00,0.00,0.00,0.00,0.00,0.00,0.00,0.00
231.29,0.46,106.16,234.33,0.22,52.72,0.00,0.00,0.00,0.00,0.00,0.00,0.00,0.00,0.00
231.52,0.46,106.02,232.91,0.22,52.07,0.00,0.00,0.00,0.00,0.00,0.00,0.00,0.00,0.00
226.36,0.46,103.58,232.48,0.22,51.99,0.00,0.00,0.00,0.00,0.00,0.00,0.00,0.00,0.00
231.68,0.46,106.21,233.17,0.22,52.35,0.00,0.00,0.00,0.00,0.00,0.00,0.00,0.00,0.00
230.56,0.46,105.34,231.73,0.22,51.70,0.00,0.00,0.00,0.00,0.00,0.00,0.00,0.00,0.00
230.41,0.46,105.49,232.78,0.22,52.00,0.00,0.00,0.00,0.00,0.00,0.00,0.00,0.00,0.00
233.10,0.46,106.84,233.44,0.22,52.27,0.00,0.00,0.00,0.00,0.00,0.00,0.00,0.00,0.00
232.70,0.46,106.51,232.82,0.22,52.12,0.00,0.00,0.00,0.00,0.00,0.00,0.00,0.00,0.00
230.71,0.46,105.61,233.31,0.22,52.20,0.00,0.00,0.00,0.00,0.00,0.00,0.00,0.00,0.00
229.94,0.46,105.36,232.70,0.22,52.07,0.00,0.00,0.00,0.00,0.00,0.00,0.00,0.00,0.00
230.89,0.46,105.92,233.74,0.22,52.44,0.00,0.00,0.00,0.00,0.00,0.00,0.00,0.00,0.00
233.19,0.46,106.78,232.35,0.22,52.04,0.00,0.00,0.00,0.00,0.00,0.00,0.00,0.00,0.00
231.83,0.46,106.34,233.92,0.22,52.47,0.00,0.00,0.00,0.00,0.00,0.00,0.00,0.00,0.00
231.35,0.46,105.84,232.31,0.22,51.93,0.00,0.00,0.00,0.00,0.00,0.00,0.00,0.00,0.00
230.99,0.46,105.57,232.06,0.22,51.78,0.00,0.00,0.00,0.00,0.00,0.00,0.00,0.00,0.00
232.27,0.46,106.50,233.29,0.22,52.28,0.00,0.00,0.00,0.00,0.00,0.00,0.00,0.00,0.00
229.22,0.46,104.95,232.57,0.22,52.10,0.00,0.00,0.00,0.00,0.00,0.00,0.00,0.00,0.00
230.97,0.46,105.62,232.14,0.22,51.85,0.00,0.00,0.00,0.00,0.00,0.00,0.00,0.00,0.00
231.82,0.46,106.22,233.08,0.22,52.30,0.00,0.00,0.00,0.00,0.00,0.00,0.00,0.00,0.00
231.61,0.46,105.98,232.97,0.22,52.14,0.00,0.00,0.00,0.00,0.00,0.00,0.00,0.00,0.00
230.96,0.46,105.45,231.89,0.22,51.50,0.00,0.00,0.00,0.00,0.00,0.00,0.00,0.00,0.00
228.11,0.46,104.54,233.55,0.22,52.39,0.00,0.00,0.00,0.00,0.00,0.00,0.00,0.00,0.00
230.81,0.46,105.85,233.42,0.22,52.35,0.00,0.00,0.00,0.00,0.00,0.00,0.00,0.00,0.00
231.57,0.46,105.88,232.25,0.22,51.76,0.00,0.00,0.00,0.00,0.00,0.00,0.00,0.00,0.00
231.99,0.46,106.49,233.70,0.22,52.50,0.00,0.00,0.00,0.00,0.00,0.00,0.00,0.00,0.00
230.85,0.46,105.70,232.56,0.22,52.05,0.00,0.00,0.00,0.00,0.00,0.00,0.00,0.00,0.00
231.66,0.46,106.00,232.25,0.22,51.95,0.00,0.00,0.00,0.00,0.00,0.00,0.00,0.00,0.00
230.95,0.46,105.90,233.37,0.22,52.45,0.00,0.00,0.00,0.00,0.00,0.00,0.00,0.00,0.00
231.61,0.46,106.72,235.89,0.23,53.38,0.00,0.00,0.00,0.00,0.00,0.00,0.00,0.00,0.00
231.17,0.46,106.80,235.73,0.23,53.70,0.00,0.00,0.00,0.00,0.00,0.00,0.00,0.00,0.00
231.70,0.46,106.38,233.82,0.22,52.59,0.00,0.00,0.00,0.00,0.00,0.00,0.00,0.00,0.00
232.33,0.46,106.46,232.69,0.22,52.23,0.00,0.00,0.00,0.00,0.00,0.00,0.00,0.00,0.00
230.62,0.46,105.47,232.21,0.22,51.93,0.00,0.00,0.00,0.00,0.00,0.00,0.00,0.00,0.00
232.25,0.46,106.47,233.67,0.22,52.36,0.00,0.00,0.00,0.00,0.00,0.00,0.00,0.00,0.00
231.45,0.46,106.04,233.38,0.22,52.33,0.00,0.00,0.00,0.00,0.00,0.00,0.00,0.00,0.00
230.12,0.46,104.96,231.11,0.22,51.28,0.00,0.00,0.00,0.00,0.00,0.00,0.00,0.00,0.00
231.13,0.46,106.08,233.78,0.22,52.53,0.00,0.00,0.00,0.00,0.00,0.00,0.00,0.00,0.00
233.06,0.46,107.25,235.11,0.23,53.24,0.00,0.00,0.00,0.00,0.00,0.00,0.00,0.00,0.00
231.40,0.46,105.91,232.40,0.22,51.91,0.00,0.00,0.00,0.00,0.00,0.00,0.00,0.00,0.00
230.41,0.46,105.39,232.06,0.22,51.86,0.00,0.00,0.00,0.00,0.00,0.00,0.00,0.00,0.00
232.17,0.46,106.55,233.61,0.22,52.60,0.00,0.00,0.00,0.00,0.00,0.00,0.00,0.00,0.00
231.25,0.46,105.86,232.72,0.22,52.00,0.00,0.00,0.00,0.00,0.00,0.00,0.00,0.00,0.00
233.30,0.46,106.96,233.31,0.22,52.32,0.00,0.00,0.00,0.00,0.00,0.00,0.00,0.00,0.00
230.55,0.46,105.55,233.36,0.22,52.17,0.00,0.00,0.00,0.00,0.00,0.00,0.00,0.00,0.00
232.12,0.46,106.57,233.63,0.22,52.54,0.00,0.00,0.00,0.00,0.00,0.00,0.00,0.00,0.00
231.92,0.46,106.11,232.36,0.22,51.88,0.00,0.00,0.00,0.00,0.00,0.00,0.00,0.00,0.00
230.64,0.46,105.46,232.44,0.22,51.95,0.00,0.00,0.00,0.00,0.00,0.00,0.00,0.00,0.00
232.97,0.46,106.90,233.52,0.22,52.44,0.00,0.00,0.00,0.00,0.00,0.00,0.00,0.00,0.00
232.82,0.46,106.55,232.59,0.22,52.08,0.00,0.00,0.00,0.00,0.00,0.00,0.00,0.00,0.00
232.00,0.46,106.22,232.95,0.22,52.05,0.00,0.00,0.00,0.00,0.00,0.00,0.00,0.00,0.00
231.88,0.46,106.60,234.33,0.22,52.84,0.00,0.00,0.00,0.00,0.00,0.00,0.00,0.00,0.00
230.87,0.46,105.70,232.47,0.22,52.00,0.00,0.00,0.00,0.00,0.00,0.00,0.00,0.00,0.00
231.84,0.46,106.19,232.97,0.22,52.12,0.00,0.00,0.00,0.00,0.00,0.00,0.00,0.00,0.00
232.73,0.46,106.56,233.16,0.22,52.14,0.00,0.00,0.00,0.00,0.00,0.00,0.00,0.00,0.00
231.62,0.46,105.95,231.74,0.22,51.72,0.00,0.00,0.00,0.00,0.00,0.00,0.00,0.00,0.00
231.45,0.46,106.25,233.10,0.22,52.40,0.00,0.00,0.00,0.00,0.00,0.00,0.00,0.00,0.00
233.02,0.46,106.59,232.05,0.22,51.78,0.00,0.00,0.00,0.00,0.00,0.00,0.00,0.00,0.00
229.99,0.46,105.33,233.07,0.22,52.15,0.00,0.00,0.00,0.00,0.00,0.00,0.00,0.00,0.00
230.66,0.46,105.54,232.51,0.22,52.04,0.00,0.00,0.00,0.00,0.00,0.00,0.00,0.00,0.00
228.76,0.46,104.50,231.44,0.22,51.49,0.00,0.00,0.00,0.00,0.00,0.00,0.00,0.00,0.00
230.90,0.46,105.57,232.66,0.22,51.97,0.00,0.00,0.00,0.00,0.00,0.00,0.00,0.00,0.00
230.97,0.46,105.82,232.77,0.22,52.11,0.00,0.00,0.00,0.00,0.00,0.00,0.00,0.00,0.00
232.44,0.46,106.56,233.46,0.22,52.33,0.00,0.00,0.00,0.00,0.00,0.00,0.00,0.00,0.00
233.22,0.46,106.66,232.28,0.22,51.94,0.00,0.00,0.00,0.00,0.00,0.00,0.00,0.00,0.00
231.66,0.46,105.96,232.95,0.22,52.09,0.00,0.00,0.00,0.00,0.00,0.00,0.00,0.00,0.00
229.04,0.46,104.78,232.45,0.22,51.89,0.00,0.00,0.00,0.00,0.00,0.00,0.00,0.00,0.00
230.38,0.46,105.78,233.55,0.22,52.66,0.00,0.00,0.00,0.00,0.00,0.00,0.00,0.00,0.00
234.71,0.46,107.54,232.98,0.22,52.18,0.00,0.00,0.00,0.00,0.00,0.00,0.00,0.00,0.00
230.43,0.46,105.28,232.24,0.22,51.71,0.00,0.00,0.00,0.00,0.00,0.00,0.00,0.00,0.00
230.72,0.69,159.83,231.74,0.22,51.77,239.60,0.24,56.72,0.00,0.00,0.00,0.00,0.00,0.00
230.30,0.69,159.43,232.65,0.22,51.91,241.36,0.23,56.84,0.00,0.00,0.00,0.00,0.00,0.00
232.19,0.69,160.56,232.13,0.22,51.75,241.34,0.23,56.78,0.00,0.00,0.00,0.00,0.00,0.00
231.31,0.69,160.18,232.89,0.22,52.16,241.47,0.23,56.73,0.00,0.00,0.00,0.00,0.00,0.00
230.40,0.69,159.96,232.84,0.22,52.06,243.06,0.24,57.64,0.00,0.00,0.00,0.00,0.00,0.00
233.02,0.69,161.94,234.06,0.22,52.79,242.29,0.24,57.23,0.00,0.00,0.00,0.00,0.00,0.00
229.66,0.69,159.02,231.11,0.22,51.40,243.24,0.24,57.61,0.00,0.00,0.00,0.00,0.00,0.00
230.54,0.69,159.75,232.67,0.22,52.10,242.21,0.24,57.15,0.00,0.00,0.00,0.00,0.00,0.00
231.39,0.69,160.30,233.06,0.22,52.36,241.93,0.23,56.90,0.00,0.00,0.00,0.00,0.00,0.00
231.17,0.69,160.00,232.58,0.22,52.04,241.93,0.23,56.94,0.00,0.00,0.00,0.00,0.00,0.00
230.02,0.69,158.81,231.35,0.22,51.35,241.65,0.23,56.76,0.00,0.00,0.00,0.00,0.00,0.00
230.46,0.69,159.60,231.77,0.22,51.79,242.57,0.24,57.25,0.00,0.00,0.00,0.00,0.00,0.00
231.37,0.69,160.20,233.03,0.22,52.22,241.96,0.23,56.91,0.00,0.00,0.00,0.00,0.00,0.00
230.78,0.69,159.84,231.87,0.22,51.84,242.36,0.24,57.22,0.00,0.00,0.00,0.00,0.00,0.00
231.24,0.69,160.54,233.56,0.22,52.49,243.09,0.24,57.52,0.00,0.00,0.00,0.00,0.00,0.00
231.36,0.69,159.94,232.32,0.22,51.88,241.31,0.23,56.59,0.00,0.00,0.00,0.00,0.00,0.00
230.15,0.69,159.23,231.58,0.22,51.55,243.18,0.24,57.48,0.00,0.00,0.00,0.00,0.00,0.00
228.75,0.69,158.17,232.24,0.22,51.77,241.88,0.23,56.88,0.00,0.00,0.00,0.00,0.00,0.00
230.60,0.69,159.47,231.68,0.22,51.52,242.75,0.23,57.20,0.00,0.00,0.00,0.00,0.00,0.00
231.19,0.69,159.86,231.56,0.22,51.51,242.71,0.23,57.20,0.00,0.00,0.00,0.00,0.00,0.00
230.14,0.69,159.14,231.33,0.22,51.47,243.19,0.24,57.41,0.00,0.00,0.00,0.00,0.00,0.00
230.38,0.69,159.48,231.66,0.22,51.65,243.62,0.24,57.59,0.00,0.00,0.00,0.00,0.00,0.00
232.56,0.69,160.59,231.23,0.22,51.30,242.39,0.23,56.99,0.00,0.00,0.00,0.00,0.00,0.00
229.94,0.69,159.11,231.37,0.22,51.49,243.23,0.24,57.45,0.00,0.00,0.00,0.00,0.00,0.00
230.01,0.69,159.38,232.29,0.22,51.82,243.21,0.24,57.50,0.00,0.00,0.00,0.00,0.00,0.00
231.41,0.69,160.30,233.08,0.22,52.28,242.67,0.23,57.13,0.00,0.00,0.00,0.00,0.00,0.00
229.50,0.69,158.83,231.69,0.22,51.63,243.52,0.24,57.51,0.00,0.00,0.00,0.00,0.00,0.00
232.24,0.69,160.78,233.51,0.22,52.35,242.18,0.23,56.85,0.00,0.00,0.00,0.00,0.00,0.00
232.00,0.69,160.88,233.83,0.22,52.52,242.77,0.23,57.15,0.00,0.00,0.00,0.00,0.00,0.00
231.45,0.69,160.17,232.24,0.22,51.76,243.28,0.23,57.36,0.00,0.00,0.00,0.00,0.00,0.00
231.85,0.69,160.55,233.63,0.22,52.57,241.52,0.23,56.54,0.00,0.00,0.00,0.00,0.00,0.00
231.50,0.69,159.95,232.21,0.22,51.76,242.95,0.23,57.08,0.00,0.00,0.00,0.00,0.00,0.00
228.80,0.69,158.07,231.58,0.22,51.41,242.92,0.23,57.21,0.00,0.00,0.00,0.00,0.00,0.00
231.65,0.69,160.51,233.20,0.22,52.34,243.59,0.23,57.42,0.00,0.00,0.00,0.00,0.00,0.00
230.99,0.69,159.60,231.10,0.22,51.18,243.57,0.24,57.50,0.00,0.00,0.00,0.00,0.00,0.00
228.64,0.69,158.13,232.04,0.22,51.87,243.14,0.23,57.19,0.00,0.00,0.00,0.00,0.00,0.00
230.59,0.69,159.47,232.27,0.22,51.83,243.50,0.23,57.37,0.00,0.00,0.00,0.00,0.00,0.00
231.30,0.69,160.22,233.28,0.22,52.22,243.19,0.23,57.28,0.00,0.00,0.00,0.00,0.00,0.00
231.79,0.69,160.21,231.66,0.22,51.45,243.81,0.23,57.47,0.00,0.00,0.00,0.00,0.00,0.00
230.14,0.69,159.17,231.99,0.22,51.55,243.63,0.24,57.49,0.00,0.00,0.00,0.00,0.00,0.00
229.97,0.69,159.37,233.87,0.22,52.50,242.97,0.23,57.14,0.00,0.00,0.00,0.00,0.00,0.00
229.00,0.69,158.46,232.10,0.22,51.84,243.47,0.23,57.42,0.00,0.00,0.00,0.00,0.00,0.00
231.12,0.69,159.25,230.30,0.22,50.92,242.63,0.23,57.12,0.00,0.00,0.00,0.00,0.00,0.00
232.01,0.69,160.60,233.87,0.22,52.51,242.05,0.23,56.70,0.00,0.00,0.00,0.00,0.00,0.00
230.43,0.69,159.71,231.74,0.22,51.52,245.20,0.24,58.25,0.00,0.00,0.00,0.00,0.00,0.00
231.39,0.69,158.96,227.13,0.22,49.57,243.43,0.23,57.32,0.00,0.00,0.00,0.00,0.00,0.00
230.31,0.69,159.75,232.89,0.22,52.00,245.21,0.24,58.15,0.00,0.00,0.00,0.00,0.00,0.00
231.45,0.69,160.31,232.97,0.22,52.19,244.65,0.23,57.57,0.00,0.00,0.00,0.00,0.00,0.00
232.36,0.69,160.52,230.30,0.22,51.01,245.08,0.24,57.85,0.00,0.00,0.00,0.00,0.00,0.00
231.53,0.69,160.82,233.57,0.22,52.41,245.81,0.24,58.22,0.00,0.00,0.00,0.00,0.00,0.00
232.85,0.69,161.19,232.30,0.22,51.81,245.33,0.24,57.89,0.00,0.00,0.00,0.00,0.00,0.00
230.59,0.69,159.81,232.10,0.22,51.71,245.96,0.24,58.29,0.00,0.00,0.00,0.00,0.00,0.00
231.90,0.69,160.86,233.31,0.22,52.28,245.86,0.24,58.14,0.00,0.00,0.00,0.00,0.00,0.00
231.32,0.69,159.79,231.42,0.22,51.43,244.50,0.23,57.50,0.00,0.00,0.00,0.00,0.00,0.00
229.70,0.69,158.98,231.76,0.22,51.71,245.56,0.24,58.04,0.00,0.00,0.00,0.00,0.00,0.00
230.94,0.69,160.08,233.99,0.22,52.70,244.71,0.23,57.57,0.00,0.00,0.00,0.00,0.00,0.00
230.25,0.69,158.89,230.28,0.22,50.87,245.14,0.23,57.83,0.00,0.00,0.00,0.00,0.00,0.00
231.22,0.69,160.32,233.03,0.22,52.15,245.63,0.24,58.07,0.00,0.00,0.00,0.00,0.00,0.00
231.72,0.69,160.24,232.69,0.22,52.22,243.79,0.23,57.13,0.00,0.00,0.00,0.00,0.00,0.00
233.04,0.69,161.33,231.75,0.22,51.54,245.41,0.24,58.08,0.00,0.00,0.00,0.00,0.00,0.00
232.36,0.69,161.04,233.13,0.22,52.40,244.42,0.23,57.58,0.00,0.00,0.00,0.00,0.00,0.00
231.67,0.69,160.33,231.69,0.22,51.55,244.25,0.24,57.73,0.00,0.00,0.00,0.00,0.00,0.00
231.77,0.69,160.76,232.46,0.22,52.09,245.24,0.24,58.11,0.00,0.00,0.00,0.00,0.00,0.00
232.92,0.69,161.39,233.20,0.22,52.37,243.82,0.23,57.46,0.00,0.00,0.00,0.00,0.00,0.00
229.97,0.69,159.35,232.21,0.22,51.72,245.63,0.24,58.34,0.00,0.00,0.00,0.00,0.00,0.00
230.38,0.69,159.93,233.64,0.22,52.33,245.46,0.24,58.31,0.00,0.00,0.00,0.00,0.00,0.00
231.65,0.69,160.58,232.23,0.22,51.94,245.14,0.24,58.04,0.00,0.00,0.00,0.00,0.00,0.00
230.24,0.69,159.28,232.06,0.22,51.79,244.56,0.24,57.74,0.00,0.00,0.00,0.00,0.00,0.00
231.25,0.69,159.91,231.73,0.22,51.47,244.46,0.24,57.74,0.00,0.00,0.00,0.00,0.00,0.00
229.99,0.69,159.20,232.82,0.22,52.03,243.54,0.23,57.36,0.00,0.00,0.00,0.00,0.00,0.00
233.09,0.69,161.59,233.09,0.22,52.18,244.43,0.24,57.74,0.00,0.00,0.00,0.00,0.00,0.00
230.18,0.69,159.27,231.67,0.22,51.45,244.98,0.24,57.98,0.00,0.00,0.00,0.00,0.00,0.00
231.32,0.69,160.55,232.29,0.22,51.87,245.50,0.24,58.33,0.00,0.00,0.00,0.00,0.00,0.00
233.01,0.70,162.09,233.40,0.22,52.42,246.12,0.24,58.54,0.00,0.00,0.00,0.00,0.00,0.00
232.18,0.70,162.04,236.32,0.23,53.85,245.72,0.24,58.34,0.00,0.00,0.00,0.00,0.00,0.00
232.61,0.70,161.88,233.76,0.22,52.54,246.27,0.24,58.59,0.00,0.00,0.00,0.00,0.00,0.00
230.03,0.69,159.12,231.62,0.22,51.61,244.76,0.24,57.84,0.00,0.00,0.00,0.00,0.00,0.00
232.23,0.69,161.12,233.54,0.22,52.48,244.40,0.23,57.65,0.00,0.00,0.00,0.00,0.00,0.00
229.93,0.69,159.24,231.58,0.22,51.56,245.06,0.24,58.03,0.00,0.00,0.00,0.00,0.00,0.00
232.21,0.69,160.63,231.13,0.22,51.53,244.48,0.24,57.73,0.00,0.00,0.00,0.00,0.00,0.00
231.15,0.69,160.35,231.87,0.22,51.81,246.32,0.24,58.56,0.00,0.00,0.00,0.00,0.00,0.00
232.58,0.69,161.28,232.46,0.22,51.92,245.21,0.24,58.11,0.00,0.00,0.00,0.00,0.00,0.00
230.62,0.69,159.73,232.80,0.22,52.00,245.06,0.24,57.97,0.00,0.00,0.00,0.00,0.00,0.00
231.79,0.69,160.92,232.67,0.22,52.16,245.94,0.24,58.40,0.00,0.00,0.00,0.00,0.00,0.00
230.37,0.69,159.13,230.68,0.22,50.93,245.84,0.24,58.25,0.00,0.00,0.00,0.00,0.00,0.00
231.08,0.69,159.85,232.09,0.22,51.78,245.80,0.24,58.02,0.00,0.00,0.00,0.00,0.00,0.00
231.03,0.69,159.88,232.45,0.22,51.90,245.27,0.23,57.81,0.00,0.00,0.00,0.00,0.00,0.00
230.50,0.69,159.49,232.67,0.22,51.95,245.17,0.23,57.73,0.00,0.00,0.00,0.00,0.00,0.00
230.84,0.69,159.74,232.74,0.22,52.10,243.79,0.23,57.44,0.00,0.00,0.00,0.00,0.00,0.00
230.84,0.69,159.69,232.55,0.22,51.94,243.70,0.23,57.35,0.00,0.00,0.00,0.00,0.00,0.00
230.74,0.69,159.29,232.04,0.22,51.78,242.77,0.23,56.86,0.00,0.00,0.00,0.00,0.00,0.00
230.83,0.69,159.46,232.27,0.22,51.81,242.96,0.23,57.03,0.00,0.00,0.00,0.00,0.00,0.00
230.18,0.69,159.12,231.95,0.22,51.65,244.13,0.23,57.49,0.00,0.00,0.00,0.00,0.00,0.00
230.85,0.69,159.51,231.65,0.22,51.49,244.09,0.23,57.51,0.00,0.00,0.00,0.00,0.00,0.00
230.72,0.69,159.68,232.79,0.22,52.08,244.03,0.23,57.42,0.00,0.00,0.00,0.00,0.00,0.00
232.82,0.70,162.30,237.45,0.23,54.22,244.07,0.23,57.49,0.00,0.00,0.00,0.00,0.00,0.00
231.35,0.69,160.50,232.84,0.22,52.03,245.84,0.24,58.29,0.00,0.00,0.00,0.00,0.00,0.00
231.64,0.70,161.39,235.72,0.23,53.32,245.94,0.24,58.35,0.00,0.00,0.00,0.00,0.00,0.00
231.40,0.91,210.94,232.11,0.22,51.74,234.96,0.23,55.03,231.64,0.22,50.77,0.00,0.00,0.00
230.36,0.91,209.56,231.59,0.22,51.63,237.23,0.23,55.89,230.10,0.22,49.95,0.00,0.00,0.00
231.02,0.91,209.85,230.76,0.22,51.12,237.68,0.23,56.00,229.87,0.22,49.88,0.00,0.00,0.00
231.45,0.91,210.75,232.42,0.22,51.89,236.55,0.23,55.49,231.87,0.22,50.73,0.00,0.00,0.00
229.64,0.91,208.74,231.29,0.22,51.34,237.19,0.23,55.89,230.42,0.22,50.05,0.00,0.00,0.00
231.72,0.91,211.14,232.52,0.22,51.97,236.78,0.23,55.63,233.39,0.22,51.07,0.00,0.00,0.00
228.98,0.91,208.13,230.88,0.22,51.22,238.25,0.24,56.37,229.64,0.22,49.82,0.00,0.00,0.00
229.20,0.91,208.06,230.45,0.22,51.03,238.08,0.23,56.13,229.72,0.22,49.83,0.00,0.00,0.00
229.75,0.91,209.29,232.47,0.22,51.93,236.81,0.23,55.62,231.66,0.22,50.69,0.00,0.00,0.00
229.57,0.91,208.64,231.04,0.22,51.24,236.58,0.23,55.54,231.49,0.22,50.65,0.00,0.00,0.00
228.17,0.91,207.50,232.24,0.22,51.91,236.09,0.23,55.26,231.11,0.22,50.47,0.00,0.00,0.00
230.92,0.91,210.10,230.73,0.22,51.24,237.22,0.23,55.88,231.55,0.22,50.66,0.00,0.00,0.00
231.09,0.91,210.20,232.59,0.22,52.07,236.82,0.23,55.72,230.03,0.22,49.96,0.00,0.00,0.00
231.00,0.91,210.60,231.35,0.22,51.49,238.16,0.23,56.27,232.33,0.22,51.05,0.00,0.00,0.00
229.46,0.91,208.90,233.30,0.22,52.28,237.38,0.23,55.93,229.78,0.22,49.89,0.00,0.00,0.00
230.38,0.91,209.78,231.66,0.22,51.42,238.28,0.23,56.30,231.73,0.22,50.66,0.00,0.00,0.00
230.84,0.91,210.00,231.96,0.22,51.79,237.21,0.23,55.82,229.89,0.22,50.11,0.00,0.00,0.00
229.26,0.91,208.89,233.21,0.22,52.29,238.09,0.24,56.29,230.05,0.22,50.04,0.00,0.00,0.00
231.66,0.92,212.78,233.09,0.22,52.29,237.97,0.23,56.16,236.62,0.23,53.19,0.00,0.00,0.00
231.99,0.91,212.20,233.58,0.22,52.50,238.22,0.23,56.26,232.41,0.22,51.14,0.00,0.00,0.00
233.56,0.92,213.71,232.60,0.22,52.13,240.45,0.24,57.47,231.37,0.22,50.65,0.00,0.00,0.00
233.05,0.92,213.34,233.96,0.22,52.74,238.42,0.23,56.36,232.35,0.22,51.13,0.00,0.00,0.00
232.00,0.91,210.89,231.66,0.22,51.45,236.92,0.23,55.71,231.22,0.22,50.53,0.00,0.00,0.00
230.07,0.91,209.23,231.79,0.22,51.55,237.27,0.23,55.81,231.22,0.22,50.61,0.00,0.00,0.00
230.90,0.91,210.53,232.85,0.22,52.22,237.33,0.23,55.77,231.50,0.22,50.75,0.00,0.00,0.00
229.62,0.91,208.95,231.71,0.22,51.58,237.70,0.23,56.08,231.42,0.22,50.65,0.00,0.00,0.00
230.37,0.91,209.57,231.85,0.22,51.46,238.52,0.23,56.37,231.18,0.22,50.45,0.00,0.00,0.00
231.51,0.91,210.93,233.09,0.22,52.32,237.34,0.23,55.78,230.86,0.22,50.51,0.00,0.00,0.00
229.27,0.91,208.55,231.25,0.22,51.45,238.57,0.24,56.51,229.78,0.22,50.02,0.00,0.00,0.00
231.75,0.91,211.44,232.99,0.22,52.20,238.73,0.23,56.43,231.69,0.22,50.79,0.00,0.00,0.00
228.79,0.91,207.77,231.41,0.22,51.46,237.47,0.23,55.93,230.12,0.22,50.08,0.00,0.00,0.00
230.34,0.91,209.53,231.84,0.22,51.51,237.48,0.23,55.86,231.20,0.22,50.66,0.00,0.00,0.00
231.44,0.91,210.79,231.98,0.22,51.63,237.43,0.23,55.89,232.45,0.22,51.10,0.00,0.00,0.00
230.90,0.91,210.26,233.22,0.22,52.34,236.40,0.23,55.31,231.70,0.22,50.89,0.00,0.00,0.00
231.97,0.91,210.91,232.14,0.22,51.72,237.41,0.23,55.89,230.59,0.22,50.27,0.00,0.00,0.00
230.80,0.91,209.56,231.65,0.22,51.72,236.40,0.23,55.33,230.48,0.22,50.30,0.00,0.00,0.00
228.14,0.91,207.02,232.10,0.22,51.80,234.49,0.23,54.49,231.21,0.22,50.72,0.00,0.00,0.00
231.05,0.91,210.39,232.05,0.22,51.61,238.33,0.23,56.28,231.52,0.22,50.75,0.00,0.00,0.00
229.29,0.91,208.65,231.80,0.22,51.72,238.10,0.23,56.11,231.32,0.22,50.66,0.00,0.00,0.00
231.72,0.91,211.38,232.76,0.22,52.06,237.80,0.23,56.02,232.39,0.22,51.14,0.00,0.00,0.00
231.42,0.91,211.18,233.75,0.22,52.43,238.67,0.24,56.47,231.27,0.22,50.55,0.00,0.00,0.00
230.46,0.91,210.16,232.74,0.22,52.08,238.67,0.23,56.41,230.95,0.22,50.66,0.00,0.00,0.00
229.62,0.91,209.77,234.62,0.22,53.08,239.01,0.24,56.53,231.00,0.22,50.48,0.00,0.00,0.00
230.31,0.91,208.85,229.79,0.22,50.84,238.03,0.23,56.08,229.84,0.22,50.02,0.00,0.00,0.00
230.03,0.91,208.76,230.60,0.22,50.96,238.11,0.23,56.20,229.74,0.22,49.99,0.00,0.00,0.00
232.67,0.91,211.17,230.88,0.22,51.26,237.48,0.23,55.88,229.94,0.22,50.04,0.00,0.00,0.00
230.43,0.91,209.24,231.24,0.22,51.43,237.33,0.23,55.75,230.54,0.22,50.40,0.00,0.00,0.00
230.79,0.91,209.81,233.31,0.22,52.24,235.96,0.23,55.09,231.14,0.22,50.65,0.00,0.00,0.00
228.70,0.91,207.51,230.99,0.22,51.42,237.36,0.23,55.87,229.25,0.22,49.78,0.00,0.00,0.00
230.61,0.91,209.28,231.59,0.22,51.69,236.97,0.23,55.60,230.30,0.22,50.09,0.00,0.00,0.00
229.02,0.91,207.95,230.93,0.22,51.26,239.24,0.24,56.68,228.81,0.22,49.59,0.00,0.00,0.00
231.64,0.91,210.96,232.69,0.22,52.11,237.14,0.23,55.68,231.00,0.22,50.71,0.00,0.00,0.00
230.19,0.91,208.80,230.78,0.22,51.26,237.87,0.23,56.01,229.59,0.22,49.86,0.00,0.00,0.00
230.49,0.91,209.40,231.73,0.22,51.45,237.49,0.23,55.75,231.00,0.22,50.59,0.00,0.00,0.00
230.13,0.91,208.55,230.14,0.22,50.79,237.27,0.23,55.71,230.07,0.22,50.19,0.00,0.00,0.00
231.99,0.91,211.42,233.21,0.22,52.31,238.33,0.23,56.16,231.08,0.22,50.68,0.00,0.00,0.00
230.91,0.91,209.68,231.43,0.22,51.51,237.52,0.23,55.78,231.00,0.22,50.47,0.00,0.00,0.00
228.85,0.91,207.71,230.92,0.22,51.22,237.72,0.23,55.91,230.64,0.22,50.31,0.00,0.00,0.00
229.14,0.91,208.34,232.17,0.22,51.87,237.30,0.23,55.69,230.81,0.22,50.50,0.00,0.00,0.00
229.28,0.91,208.43,231.01,0.22,51.32,237.80,0.23,55.98,231.12,0.22,50.67,0.00,0.00,0.00
231.57,0.91,211.39,232.79,0.22,52.19,238.45,0.23,56.35,232.01,0.22,51.08,0.00,0.00,0.00
229.62,0.91,209.19,232.52,0.22,52.05,238.73,0.24,56.45,230.44,0.22,50.34,0.00,0.00,0.00
232.23,0.91,211.67,233.02,0.22,52.26,237.89,0.23,56.05,231.39,0.22,50.77,0.00,0.00,0.00
230.40,0.91,209.29,231.77,0.22,51.59,236.89,0.23,55.58,230.90,0.22,50.56,0.00,0.00,0.00
228.88,0.91,208.13,232.60,0.22,51.91,237.14,0.23,55.67,231.24,0.22,50.67,0.00,0.00,0.00
229.54,0.91,208.15,230.91,0.22,51.19,237.76,0.23,56.04,229.59,0.22,49.89,0.00,0.00,0.00
230.06,0.91,209.52,232.38,0.22,51.91,238.57,0.23,56.34,230.85,0.22,50.46,0.00,0.00,0.00
230.71,0.91,209.15,230.70,0.22,51.14,237.30,0.23,55.78,229.39,0.22,49.95,0.00,0.00,0.00
230.32,0.91,209.50,232.53,0.22,52.06,238.13,0.23,56.12,229.76,0.22,50.07,0.00,0.00,0.00
230.47,0.91,209.96,233.62,0.22,52.49,237.25,0.23,55.70,231.11,0.22,50.77,0.00,0.00,0.00
228.53,0.91,207.40,232.46,0.22,51.89,238.73,0.23,56.33,228.51,0.22,49.34,0.00,0.00,0.00
231.81,0.91,210.84,232.92,0.22,52.03,237.77,0.23,55.92,230.78,0.22,50.43,0.00,0.00,0.00
230.20,0.91,209.07,232.52,0.22,52.03,237.81,0.23,55.97,228.50,0.22,49.52,0.00,0.00,0.00
230.75,0.91,209.62,231.79,0.22,51.65,238.34,0.23,56.23,229.73,0.22,50.05,0.00,0.00,0.00
230.93,0.91,209.90,231.80,0.22,51.55,237.81,0.23,55.90,231.26,0.22,50.62,0.00,0.00,0.00
230.17,0.91,208.46,230.82,0.22,51.19,236.92,0.23,55.58,229.06,0.22,49.68,0.00,0.00,0.00
230.70,0.91,209.65,231.73,0.22,51.62,237.77,0.23,55.94,230.56,0.22,50.41,0.00,0.00,0.00
229.97,0.91,208.52,231.48,0.22,51.55,237.81,0.23,55.97,228.49,0.22,49.50,0.00,0.00,0.00
229.95,0.91,209.17,232.58,0.22,51.90,238.08,0.23,56.10,230.86,0.22,50.52,0.00,0.00,0.00
230.07,0.90,207.44,230.30,0.22,50.98,238.37,0.23,56.20,224.62,0.21,47.75,0.00,0.00,0.00
229.27,0.91,208.08,231.33,0.22,51.33,238.01,0.23,56.19,229.60,0.22,50.00,0.00,0.00,0.00
230.84,0.91,210.40,232.05,0.22,51.65,240.02,0.24,56.99,230.86,0.22,50.53,0.00,0.00,0.00
231.65,0.91,211.40,233.22,0.22,52.24,238.67,0.23,56.35,232.01,0.22,51.05,0.00,0.00,0.00
229.95,0.91,209.52,232.43,0.22,52.06,238.68,0.24,56.46,230.77,0.22,50.55,0.00,0.00,0.00
232.53,0.91,211.85,232.57,0.22,52.03,238.33,0.23,56.14,231.28,0.22,50.73,0.00,0.00,0.00
229.51,0.91,208.68,231.28,0.22,51.48,239.11,0.24,56.63,229.98,0.22,50.13,0.00,0.00,0.00
230.57,0.91,209.55,231.95,0.22,51.63,238.19,0.23,56.07,230.59,0.22,50.48,0.00,0.00,0.00
229.30,0.91,208.58,232.18,0.22,51.69,238.57,0.23,56.40,230.56,0.22,50.41,0.00,0.00,0.00
230.56,0.91,209.70,233.12,0.22,52.14,237.43,0.23,55.76,231.18,0.22,50.58,0.00,0.00,0.00
228.22,0.91,207.23,232.30,0.22,51.70,238.14,0.23,56.12,229.37,0.22,49.86,0.00,0.00,0.00
229.82,0.91,208.71,232.15,0.22,51.71,237.62,0.23,55.97,229.95,0.22,50.05,0.00,0.00,0.00
229.12,0.91,208.09,231.33,0.22,51.39,237.68,0.23,55.91,230.25,0.22,50.42,0.00,0.00,0.00
231.38,0.91,210.37,231.77,0.22,51.60,237.35,0.23,55.71,231.35,0.22,50.77,0.00,0.00,0.00
229.80,0.91,209.02,232.58,0.22,52.03,238.23,0.23,56.15,230.22,0.22,50.24,0.00,0.00,0.00
230.08,0.91,209.45,232.64,0.22,52.04,237.75,0.23,55.83,232.14,0.22,51.07,0.00,0.00,0.00
230.93,0.91,209.49,230.27,0.22,50.86,239.41,0.23,56.43,230.11,0.22,50.25,0.00,0.00,0.00
229.39,0.91,208.76,233.16,0.22,52.18,239.58,0.23,56.39,230.30,0.22,50.35,0.00,0.00,0.00
229.59,0.91,208.45,231.11,0.22,51.28,239.88,0.23,56.60,229.94,0.22,50.20,0.00,0.00,0.00
229.26,0.91,208.48,232.61,0.22,52.11,236.23,0.23,55.53,230.18,0.22,50.33,0.00,0.00,0.00
230.12,0.91,208.65,231.09,0.22,51.16,238.44,0.23,55.88,230.84,0.22,50.48,0.00,0.00,0.00
231.09,0.91,209.81,233.07,0.22,52.13,232.53,0.23,54.43,230.29,0.22,50.28,0.00,0.00,0.00
252.61,0.68,171.32,233.96,0.22,52.61,0.00,0.00,0.00,231.04,0.22,50.72,0.00,0.00,0.00
231.73,0.68,157.03,232.20,0.22,51.79,0.00,0.00,0.00,232.88,0.22,51.42,0.00,0.00,0.00
231.47,0.68,157.19,234.23,0.22,52.78,0.00,0.00,0.00,232.09,0.22,51.17,0.00,0.00,0.00
231.22,0.68,156.39,232.64,0.22,52.13,0.00,0.00,0.00,231.30,0.22,50.67,0.00,0.00,0.00
229.17,0.68,154.75,232.27,0.22,51.69,0.00,0.00,0.00,230.83,0.22,50.59,0.00,0.00,0.00
230.89,0.68,156.15,232.18,0.22,51.93,0.00,0.00,0.00,230.97,0.22,50.68,0.00,0.00,0.00
229.60,0.67,154.65,231.67,0.22,51.51,0.00,0.00,0.00,230.02,0.22,50.04,0.00,0.00,0.00
230.31,0.68,155.91,231.85,0.22,51.82,0.00,0.00,0.00,232.31,0.22,51.17,0.00,0.00,0.00
231.27,0.68,156.89,233.66,0.22,52.50,0.00,0.00,0.00,232.14,0.22,51.10,0.00,0.00,0.00
229.30,0.67,154.44,231.29,0.22,51.27,0.00,0.00,0.00,229.87,0.22,50.14,0.00,0.00,0.00
230.24,0.67,155.30,231.37,0.22,51.34,0.00,0.00,0.00,231.13,0.22,50.61,0.00,0.00,0.00
232.01,0.68,157.07,233.07,0.22,52.13,0.00,0.00,0.00,231.43,0.22,50.88,0.00,0.00,0.00
229.63,0.67,154.35,230.12,0.22,50.79,0.00,0.00,0.00,230.19,0.22,50.12,0.00,0.00,0.00
230.69,0.68,156.06,233.08,0.22,52.26,0.00,0.00,0.00,230.44,0.22,50.42,0.00,0.00,0.00
233.02,0.68,157.49,232.31,0.22,51.74,0.00,0.00,0.00,231.36,0.22,50.81,0.00,0.00,0.00
230.25,0.68,155.69,232.83,0.22,52.09,0.00,0.00,0.00,231.17,0.22,50.57,0.00,0.00,0.00
232.33,0.68,156.99,231.99,0.22,51.57,0.00,0.00,0.00,231.46,0.22,50.87,0.00,0.00,0.00
231.09,0.68,156.22,233.46,0.22,52.23,0.00,0.00,0.00,230.45,0.22,50.42,0.00,0.00,0.00
230.49,0.68,155.89,233.20,0.22,52.13,0.00,0.00,0.00,230.94,0.22,50.66,0.00,0.00,0.00
230.96,0.68,156.03,231.42,0.22,51.41,0.00,0.00,0.00,230.85,0.22,50.72,0.00,0.00,0.00
228.08,0.68,154.00,232.46,0.22,51.78,0.00,0.00,0.00,230.33,0.22,50.40,0.00,0.00,0.00
231.35,0.68,156.71,233.54,0.22,52.40,0.00,0.00,0.00,231.37,0.22,50.76,0.00,0.00,0.00
232.82,0.68,157.56,232.21,0.22,51.79,0.00,0.00,0.00,232.45,0.22,51.28,0.00,0.00,0.00
229.86,0.67,155.09,232.12,0.22,51.79,0.00,0.00,0.00,230.16,0.22,50.28,0.00,0.00,0.00
231.08,0.68,156.28,232.87,0.22,52.07,0.00,0.00,0.00,231.00,0.22,50.61,0.00,0.00,0.00
231.09,0.68,155.99,232.44,0.22,51.86,0.00,0.00,0.00,230.15,0.22,50.21,0.00,0.00,0.00
231.31,0.68,156.41,232.46,0.22,51.92,0.00,0.00,0.00,231.81,0.22,50.91,0.00,0.00,0.00
228.75,0.67,154.12,231.52,0.22,51.56,0.00,0.00,0.00,230.44,0.22,50.23,0.00,0.00,0.00
231.30,0.68,156.13,231.66,0.22,51.55,0.00,0.00,0.00,231.18,0.22,50.61,0.00,0.00,0.00
226.59,0.68,153.24,232.87,0.22,52.17,0.00,0.00,0.00,231.14,0.22,50.70,0.00,0.00,0.00
231.49,0.68,156.65,232.02,0.22,51.70,0.00,0.00,0.00,232.76,0.22,51.37,0.00,0.00,0.00
230.02,0.67,154.75,232.07,0.22,51.52,0.00,0.00,0.00,228.73,0.22,49.70,0.00,0.00,0.00
234.25,0.68,158.60,233.47,0.22,52.35,0.00,0.00,0.00,231.56,0.22,50.91,0.00,0.00,0.00
230.87,0.67,155.72,232.49,0.22,51.95,0.00,0.00,0.00,230.15,0.22,50.18,0.00,0.00,0.00
229.80,0.68,155.23,232.70,0.22,51.86,0.00,0.00,0.00,231.58,0.22,50.76,0.00,0.00,0.00
230.88,0.68,156.57,234.57,0.22,52.82,0.00,0.00,0.00,231.43,0.22,50.80,0.00,0.00,0.00
229.83,0.68,155.42,232.99,0.22,52.10,0.00,0.00,0.00,230.81,0.22,50.61,0.00,0.00,0.00
231.42,0.68,156.68,233.49,0.22,52.24,0.00,0.00,0.00,231.78,0.22,50.98,0.00,0.00,0.00
229.54,0.67,154.43,231.80,0.22,51.45,0.00,0.00,0.00,229.03,0.22,49.78,0.00,0.00,0.00
231.99,0.68,156.94,232.45,0.22,51.85,0.00,0.00,0.00,231.86,0.22,51.03,0.00,0.00,0.00
231.70,0.68,156.48,231.79,0.22,51.43,0.00,0.00,0.00,231.76,0.22,50.99,0.00,0.00,0.00
229.95,0.68,156.64,236.31,0.23,53.92,0.00,0.00,0.00,231.47,0.22,50.89,0.00,0.00,0.00
230.86,0.67,155.58,233.58,0.22,52.40,0.00,0.00,0.00,228.70,0.22,49.42,0.00,0.00,0.00
230.89,0.68,155.89,232.83,0.22,51.89,0.00,0.00,0.00,230.42,0.22,50.45,0.00,0.00,0.00
230.99,0.67,155.85,231.85,0.22,51.54,0.00,0.00,0.00,230.53,0.22,50.50,0.00,0.00,0.00
232.54,0.68,157.49,233.15,0.22,52.25,0.00,0.00,0.00,231.37,0.22,50.85,0.00,0.00,0.00
231.72,0.68,156.48,233.40,0.22,52.22,0.00,0.00,0.00,229.85,0.22,50.13,0.00,0.00,0.00
231.86,0.68,157.11,233.54,0.22,52.41,0.00,0.00,0.00,231.57,0.22,50.97,0.00,0.00,0.00
230.31,0.68,156.07,233.07,0.22,52.09,0.00,0.00,0.00,232.38,0.22,51.27,0.00,0.00,0.00
232.66,0.68,157.25,232.50,0.22,51.88,0.00,0.00,0.00,231.02,0.22,50.69,0.00,0.00,0.00
232.11,0.68,157.17,234.19,0.22,52.59,0.00,0.00,0.00,231.24,0.22,50.70,0.00,0.00,0.00
233.24,0.67,156.75,229.91,0.22,50.70,0.00,0.00,0.00,230.09,0.22,50.25,0.00,0.00,0.00
231.94,0.68,156.75,231.71,0.22,51.49,0.00,0.00,0.00,231.59,0.22,51.01,0.00,0.00,0.00
229.57,0.67,154.88,231.90,0.22,51.52,0.00,0.00,0.00,230.83,0.22,50.57,0.00,0.00,0.00
231.73,0.68,156.91,232.85,0.22,52.01,0.00,0.00,0.00,231.99,0.22,51.15,0.00,0.00,0.00
232.59,0.68,157.50,232.63,0.22,51.96,0.00,0.00,0.00,231.72,0.22,51.10,0.00,0.00,0.00
229.09,0.68,155.45,234.94,0.22,53.02,0.00,0.00,0.00,231.17,0.22,50.74,0.00,0.00,0.00
231.66,0.67,156.05,232.18,0.22,51.65,0.00,0.00,0.00,229.41,0.22,49.95,0.00,0.00,0.00
233.03,0.68,157.82,233.10,0.22,52.20,0.00,0.00,0.00,232.04,0.22,51.11,0.00,0.00,0.00
230.02,0.67,154.97,231.61,0.22,51.39,0.00,0.00,0.00,229.98,0.22,50.25,0.00,0.00,0.00
230.76,0.67,155.40,230.83,0.22,51.15,0.00,0.00,0.00,230.30,0.22,50.44,0.00,0.00,0.00
231.72,0.68,156.52,230.84,0.22,51.03,0.00,0.00,0.00,232.80,0.22,51.47,0.00,0.00,0.00
230.66,0.68,155.96,231.92,0.22,51.67,0.00,0.00,0.00,231.72,0.22,51.02,0.00,0.00,0.00
230.81,0.68,156.28,233.83,0.22,52.53,0.00,0.00,0.00,231.02,0.22,50.63,0.00,0.00,0.00
232.16,0.68,157.73,232.24,0.22,51.80,0.00,0.00,0.00,235.15,0.22,52.48,0.00,0.00,0.00
229.94,0.68,155.65,232.38,0.22,51.94,0.00,0.00,0.00,232.63,0.22,51.33,0.00,0.00,0.00
231.14,0.67,155.98,232.29,0.22,51.67,0.00,0.00,0.00,230.83,0.22,50.62,0.00,0.00,0.00
231.54,0.68,156.83,232.16,0.22,51.79,0.00,0.00,0.00,232.49,0.22,51.44,0.00,0.00,0.00
232.77,0.68,157.53,232.94,0.22,52.06,0.00,0.00,0.00,231.55,0.22,50.97,0.00,0.00,0.00
230.86,0.68,156.09,231.92,0.22,51.58,0.00,0.00,0.00,231.43,0.22,51.07,0.00,0.00,0.00
230.85,0.67,155.77,231.91,0.22,51.53,0.00,0.00,0.00,231.29,0.22,50.70,0.00,0.00,0.00
229.06,0.67,154.60,232.41,0.22,51.79,0.00,0.00,0.00,230.27,0.22,50.41,0.00,0.00,0.00
231.92,0.68,157.21,233.48,0.22,52.26,0.00,0.00,0.00,232.05,0.22,51.22,0.00,0.00,0.00
229.64,0.67,154.87,233.11,0.22,51.99,0.00,0.00,0.00,229.76,0.22,50.07,0.00,0.00,0.00
231.17,0.68,156.46,231.33,0.22,51.29,0.00,0.00,0.00,233.26,0.22,51.71,0.00,0.00,0.00
229.76,0.68,155.39,234.04,0.22,52.37,0.00,0.00,0.00,230.70,0.22,50.58,0.00,0.00,0.00
229.79,0.67,154.96,232.76,0.22,52.00,0.00,0.00,0.00,229.76,0.22,50.01,0.00,0.00,0.00
231.70,0.68,156.48,231.47,0.22,51.53,0.00,0.00,0.00,230.38,0.22,50.52,0.00,0.00,0.00
230.78,0.67,155.31,232.03,0.22,51.61,0.00,0.00,0.00,228.66,0.22,49.66,0.00,0.00,0.00
230.26,0.67,155.37,231.69,0.22,51.43,0.00,0.00,0.00,230.96,0.22,50.73,0.00,0.00,0.00
232.35,0.68,157.27,233.07,0.22,52.07,0.00,0.00,0.00,232.07,0.22,51.10,0.00,0.00,0.00
232.45,0.68,157.20,233.72,0.22,52.43,0.00,0.00,0.00,230.63,0.22,50.46,0.00,0.00,0.00
229.34,0.68,154.89,232.23,0.22,51.91,0.00,0.00,0.00,230.66,0.22,50.45,0.00,0.00,0.00
231.22,0.68,156.34,232.58,0.22,51.97,0.00,0.00,0.00,231.78,0.22,50.97,0.00,0.00,0.00
228.63,0.67,153.75,230.43,0.22,51.08,0.00,0.00,0.00,229.88,0.22,50.12,0.00,0.00,0.00
230.08,0.68,155.38,231.28,0.22,51.26,0.00,0.00,0.00,232.28,0.22,51.18,0.00,0.00,0.00
231.69,0.67,156.29,231.62,0.22,51.56,0.00,0.00,0.00,230.85,0.22,50.51,0.00,0.00,0.00
229.81,0.67,154.93,231.06,0.22,51.23,0.00,0.00,0.00,230.80,0.22,50.56,0.00,0.00,0.00
230.77,0.68,156.39,233.33,0.22,52.26,0.00,0.00,0.00,232.29,0.22,51.22,0.00,0.00,0.00
230.11,0.67,155.11,231.69,0.22,51.39,0.00,0.00,0.00,230.61,0.22,50.50,0.00,0.00,0.00
227.01,0.68,153.65,233.98,0.22,52.67,0.00,0.00,0.00,230.46,0.22,50.47,0.00,0.00,0.00
231.56,0.67,154.82,230.24,0.22,50.97,0.00,0.00,0.00,225.52,0.21,48.37,0.00,0.00,0.00
230.89,0.67,155.30,232.15,0.22,51.70,0.00,0.00,0.00,228.69,0.22,49.63,0.00,0.00,0.00
231.86,0.67,156.28,231.50,0.22,51.37,0.00,0.00,0.00,230.89,0.22,50.63,0.00,0.00,0.00
231.31,0.68,156.49,233.44,0.22,52.30,0.00,0.00,0.00,230.71,0.22,50.56,0.00,0.00,0.00
230.78,0.67,155.63,231.86,0.22,51.52,0.00,0.00,0.00,230.56,0.22,50.45,0.00,0.00,0.00
227.51,0.68,153.79,233.29,0.22,52.39,0.00,0.00,0.00,230.01,0.22,50.28,0.00,0.00,0.00
232.36,0.68,157.03,232.19,0.22,51.78,0.00,0.00,0.00,231.89,0.22,51.03,0.00,0.00,0.00
231.51,0.68,156.63,233.41,0.22,52.33,0.00,0.00,0.00,230.89,0.22,50.58,0.00,0.00,0.00
228.00,0.68,154.81,235.04,0.22,53.12,0.00,0.00,0.00,231.22,0.22,50.84,0.00,0.00,0.00
229.84,0.67,155.05,232.45,0.22,51.87,0.00,0.00,0.00,229.81,0.22,50.17,0.00,0.00,0.00
231.34,0.68,156.59,233.14,0.22,52.19,0.00,0.00,0.00,231.84,0.22,51.05,0.00,0.00,0.00
231.02,0.67,155.83,231.71,0.22,51.48,0.00,0.00,0.00,230.71,0.22,50.54,0.00,0.00,0.00
231.66,0.68,156.90,233.01,0.22,52.26,0.00,0.00,0.00,231.61,0.22,51.02,0.00,0.00,0.00
230.42,0.67,155.31,231.77,0.22,51.48,0.00,0.00,0.00,230.33,0.22,50.41,0.00,0.00,0.00
231.21,0.68,156.11,232.29,0.22,51.70,0.00,0.00,0.00,230.72,0.22,50.61,0.00,0.00,0.00
230.19,0.67,155.07,231.68,0.22,51.55,0.00,0.00,0.00,230.09,0.22,50.23,0.00,0.00,0.00
231.01,0.68,156.22,233.32,0.22,52.34,0.00,0.00,0.00,231.24,0.22,50.70,0.00,0.00,0.00
230.68,0.67,155.27,231.82,0.22,51.47,0.00,0.00,0.00,229.67,0.22,50.03,0.00,0.00,0.00
229.72,0.67,154.78,232.63,0.22,51.77,0.00,0.00,0.00,229.88,0.22,50.11,0.00,0.00,0.00
231.29,0.68,156.58,233.05,0.22,52.11,0.00,0.00,0.00,231.92,0.22,51.06,0.00,0.00,0.00
230.04,0.67,154.88,231.90,0.22,51.44,0.00,0.00,0.00,230.19,0.22,50.24,0.00,0.00,0.00
231.14,0.68,156.46,233.17,0.22,52.30,0.00,0.00,0.00,231.27,0.22,50.74,0.00,0.00,0.00
231.41,0.68,156.45,233.51,0.22,52.30,0.00,0.00,0.00,230.73,0.22,50.54,0.00,0.00,0.00
227.39,0.67,152.85,231.51,0.22,51.45,0.00,0.00,0.00,229.43,0.22,49.80,0.00,0.00,0.00
229.30,0.68,155.28,232.73,0.22,51.97,0.00,0.00,0.00,233.14,0.22,51.55,0.00,0.00,0.00
229.97,0.67,154.97,231.79,0.22,51.58,0.00,0.00,0.00,230.25,0.22,50.25,0.00,0.00,0.00
231.10,0.68,156.54,234.22,0.22,52.62,0.00,0.00,0.00,231.82,0.22,50.95,0.00,0.00,0.00
231.04,0.67,155.92,231.93,0.22,51.54,0.00,0.00,0.00,231.09,0.22,50.74,0.00,0.00,0.00
228.57,0.68,154.34,233.13,0.22,52.02,0.00,0.00,0.00,230.26,0.22,50.41,0.00,0.00,0.00
231.59,0.68,156.51,233.64,0.22,52.33,0.00,0.00,0.00,230.37,0.22,50.37,0.00,0.00,0.00
232.30,0.68,157.01,232.85,0.22,51.95,0.00,0.00,0.00,231.18,0.22,50.80,0.00,0.00,0.00
230.79,0.67,155.56,231.70,0.22,51.44,0.00,0.00,0.00,231.03,0.22,50.52,0.00,0.00,0.00
231.21,0.68,156.20,232.36,0.22,51.73,0.00,0.00,0.00,231.15,0.22,50.78,0.00,0.00,0.00
229.52,0.67,154.89,232.29,0.22,51.69,0.00,0.00,0.00,230.67,0.22,50.53,0.00,0.00,0.00
232.63,0.68,157.09,232.34,0.22,51.74,0.00,0.00,0.00,231.17,0.22,50.74,0.00,0.00,0.00
230.48,0.67,155.56,231.63,0.22,51.45,0.00,0.00,0.00,231.51,0.22,50.85,0.00,0.00,0.00
231.17,0.68,156.08,233.55,0.22,52.27,0.00,0.00,0.00,229.94,0.22,50.17,0.00,0.00,0.00
232.17,0.68,156.97,233.04,0.22,51.96,0.00,0.00,0.00,231.53,0.22,50.98,0.00,0.00,0.00
232.71,0.68,157.26,232.42,0.22,51.80,0.00,0.00,0.00,230.95,0.22,50.75,0.00,0.00,0.00
231.02,0.68,156.26,233.35,0.22,52.19,0.00,0.00,0.00,231.06,0.22,50.76,0.00,0.00,0.00
231.72,0.67,155.97,231.47,0.22,51.43,0.00,0.00,0.00,230.16,0.22,50.26,0.00,0.00,0.00
231.12,0.68,156.52,233.44,0.22,52.37,0.00,0.00,0.00,232.05,0.22,51.12,0.00,0.00,0.00
229.71,0.67,154.43,231.68,0.22,51.51,0.00,0.00,0.00,228.51,0.22,49.54,0.00,0.00,0.00
231.09,0.68,156.24,233.36,0.22,52.31,0.00,0.00,0.00,231.59,0.22,50.76,0.00,0.00,0.00
229.80,0.67,154.86,231.52,0.22,51.57,0.00,0.00,0.00,230.10,0.22,50.34,0.00,0.00,0.00
231.82,0.68,156.54,233.33,0.22,52.17,0.00,0.00,0.00,230.25,0.22,50.28,0.00,0.00,0.00
230.72,0.68,156.16,233.65,0.22,52.21,0.00,0.00,0.00,232.08,0.22,51.13,0.00,0.00,0.00
231.00,0.67,155.75,233.39,0.22,52.11,0.00,0.00,0.00,229.43,0.22,49.99,0.00,0.00,0.00
232.08,0.68,156.91,233.25,0.22,52.16,0.00,0.00,0.00,231.35,0.22,50.71,0.00,0.00,0.00
232.94,0.67,157.14,232.82,0.22,51.84,0.00,0.00,0.00,230.76,0.22,50.48,0.00,0.00,0.00
229.95,0.68,155.29,233.97,0.22,52.40,0.00,0.00,0.00,229.86,0.22,50.18,0.00,0.00,0.00
231.62,0.68,156.38,233.01,0.22,52.06,0.00,0.00,0.00,230.43,0.22,50.36,0.00,0.00,0.00
229.92,0.68,155.87,231.62,0.22,51.34,0.00,0.00,0.00,234.70,0.22,52.29,0.00,0.00,0.00
227.35,0.67,153.17,231.33,0.22,51.26,0.00,0.00,0.00,231.55,0.22,50.80,0.00,0.00,0.00
229.89,0.67,154.87,231.91,0.22,51.63,0.00,0.00,0.00,230.16,0.22,50.25,0.00,0.00,0.00
232.69,0.68,157.26,232.62,0.22,51.85,0.00,0.00,0.00,231.23,0.22,50.81,0.00,0.00,0.00
232.37,0.91,210.81,231.20,0.22,51.22,231.47,0.23,54.77,230.09,0.22,50.28,0.00,0.00,0.00
230.83,0.91,210.22,234.72,0.22,52.90,236.74,0.23,55.77,230.05,0.22,50.18,0.00,0.00,0.00
229.61,0.91,208.27,231.93,0.22,51.47,235.71,0.23,55.17,231.28,0.22,50.71,0.00,0.00,0.00
231.88,0.91,210.68,233.41,0.22,52.11,236.35,0.23,55.40,231.32,0.22,50.69,0.00,0.00,0.00
231.00,0.91,209.69,233.40,0.22,52.17,235.58,0.23,54.93,231.43,0.22,50.73,0.00,0.00,0.00
229.23,0.91,207.74,231.44,0.22,51.31,237.08,0.23,55.64,230.20,0.22,50.22,0.00,0.00,0.00
228.69,0.91,207.27,231.69,0.22,51.30,238.53,0.23,56.29,228.65,0.22,49.57,0.00,0.00,0.00
230.52,0.91,209.21,232.71,0.22,51.88,237.32,0.23,55.72,229.88,0.22,50.12,0.00,0.00,0.00
230.53,0.91,208.90,231.19,0.22,51.18,236.71,0.23,55.44,231.17,0.22,50.68,0.00,0.00,0.00
227.66,0.91,206.04,231.75,0.22,51.37,237.70,0.23,55.82,229.37,0.22,49.80,0.00,0.00,0.00
230.29,0.91,209.11,232.74,0.22,51.83,237.51,0.23,55.73,230.44,0.22,50.38,0.00,0.00,0.00
230.33,0.91,208.55,230.44,0.22,50.68,237.45,0.23,55.79,230.31,0.22,50.35,0.00,0.00,0.00
229.85,0.91,208.58,231.31,0.22,51.18,238.07,0.23,56.08,230.63,0.22,50.44,0.00,0.00,0.00
230.10,0.91,209.03,232.82,0.22,51.91,237.77,0.23,55.93,230.95,0.22,50.51,0.00,0.00,0.00
230.85,0.91,209.58,231.72,0.22,51.64,237.31,0.23,55.64,230.83,0.22,50.59,0.00,0.00,0.00
229.62,0.91,208.68,232.10,0.22,51.66,238.01,0.23,56.04,231.56,0.22,50.82,0.00,0.00,0.00
229.08,0.91,207.57,231.36,0.22,51.33,238.15,0.23,56.04,229.72,0.22,49.96,0.00,0.00,0.00
230.68,0.91,209.29,232.87,0.22,52.03,236.99,0.23,55.50,230.33,0.22,50.26,0.00,0.00,0.00
229.06,0.91,208.36,232.26,0.22,51.77,239.05,0.23,56.39,231.42,0.22,50.77,0.00,0.00,0.00
231.72,0.91,210.26,232.94,0.22,52.03,238.17,0.23,56.15,228.59,0.22,49.48,0.00,0.00,0.00
229.31,0.91,207.93,231.43,0.22,51.33,238.29,0.23,56.08,229.51,0.22,49.97,0.00,0.00,0.00
230.60,0.91,209.20,232.39,0.22,51.76,237.39,0.23,55.56,230.21,0.22,50.31,0.00,0.00,0.00
230.16,0.91,208.66,232.35,0.22,51.82,237.95,0.23,55.90,229.51,0.22,49.88,0.00,0.00,0.00
231.90,0.91,210.24,232.49,0.22,51.87,237.06,0.23,55.36,230.49,0.22,50.38,0.00,0.00,0.00
230.70,0.91,209.31,231.89,0.22,51.44,237.33,0.23,55.57,231.35,0.22,50.79,0.00,0.00,0.00
229.22,0.91,207.67,232.52,0.22,51.66,237.14,0.23,55.45,230.06,0.22,50.19,0.00,0.00,0.00
231.44,0.91,209.85,231.63,0.22,51.29,237.99,0.23,55.85,230.82,0.22,50.59,0.00,0.00,0.00
231.47,0.90,209.21,226.42,0.22,49.12,239.48,0.23,56.48,231.55,0.22,50.79,0.00,0.00,0.00
230.80,0.91,209.11,230.97,0.22,51.01,238.88,0.23,56.24,230.48,0.22,50.20,0.00,0.00,0.00
229.58,0.91,208.31,231.45,0.22,51.43,238.66,0.23,56.14,230.37,0.22,50.32,0.00,0.00,0.00
229.96,0.91,208.70,231.03,0.22,51.22,238.56,0.23,56.08,231.34,0.22,50.77,0.00,0.00,0.00
226.89,0.90,204.88,228.95,0.22,50.25,236.21,0.23,54.97,231.54,0.22,50.80,0.00,0.00,0.00
229.32,0.91,208.62,231.70,0.22,51.39,238.54,0.23,56.22,232.46,0.22,51.25,0.00,0.00,0.00
229.82,0.90,207.16,230.50,0.22,50.89,238.81,0.23,56.20,225.82,0.21,48.25,0.00,0.00,0.00
229.91,0.91,208.62,233.18,0.22,52.04,238.43,0.23,55.99,229.44,0.22,49.94,0.00,0.00,0.00
229.72,0.91,208.05,231.88,0.22,51.44,237.56,0.23,55.62,229.81,0.22,50.07,0.00,0.00,0.00
231.95,0.91,210.58,232.90,0.22,52.01,237.30,0.23,55.45,231.49,0.22,50.72,0.00,0.00,0.00
230.76,0.91,209.46,232.59,0.22,51.68,237.86,0.23,55.72,231.35,0.22,50.81,0.00,0.00,0.00
231.24,0.91,209.97,233.34,0.22,52.17,238.36,0.23,56.03,229.90,0.22,50.22,0.00,0.00,0.00
231.55,0.91,209.74,231.58,0.22,51.37,234.90,0.23,55.19,229.74,0.22,50.00,0.00,0.00,0.00
230.62,0.91,209.08,231.78,0.22,51.42,232.54,0.23,54.81,230.14,0.22,50.19,0.00,0.00,0.00
227.95,0.91,207.85,233.74,0.22,52.43,231.84,0.23,54.32,234.69,0.22,52.23,0.00,0.00,0.00
231.34,0.90,208.25,271.96,0.23,56.18,0.00,0.13,0.00,231.89,0.23,51.14,0.00,0.08,0.00
230.45,0.76,174.80,230.41,0.23,51.88,0.00,0.00,0.00,230.74,0.22,50.66,0.00,0.08,0.00
230.79,0.68,156.18,233.67,0.22,52.21,0.00,0.00,0.00,228.11,0.22,49.40,0.00,0.00,0.00
230.64,0.68,156.05,232.28,0.22,51.59,0.00,0.00,0.00,230.48,0.22,50.58,0.00,0.00,0.00
230.23,0.68,155.92,232.04,0.22,51.43,0.00,0.00,0.00,232.70,0.22,51.50,0.00,0.00,0.00
231.24,0.67,156.04,232.39,0.22,51.65,0.00,0.00,0.00,230.55,0.22,50.46,0.00,0.00,0.00
232.56,0.68,157.32,232.02,0.22,51.60,0.00,0.00,0.00,232.30,0.22,51.25,0.00,0.00,0.00
230.27,0.67,154.88,232.43,0.22,51.79,0.00,0.00,0.00,228.23,0.22,49.47,0.00,0.00,0.00
231.64,0.68,156.45,231.31,0.22,51.36,0.00,0.00,0.00,232.24,0.22,51.26,0.00,0.00,0.00
231.22,0.67,155.63,231.06,0.22,51.24,0.00,0.00,0.00,230.86,0.22,50.53,0.00,0.00,0.00
230.41,0.68,156.35,234.95,0.22,53.07,0.00,0.00,0.00,231.81,0.22,51.04,0.00,0.00,0.00
232.92,0.68,157.66,232.96,0.22,52.11,0.00,0.00,0.00,232.13,0.22,51.27,0.00,0.00,0.00
228.87,0.67,154.18,232.38,0.22,51.67,0.00,0.00,0.00,230.23,0.22,50.26,0.00,0.00,0.00
231.52,0.68,156.73,234.62,0.22,52.63,0.00,0.00,0.00,231.43,0.22,50.87,0.00,0.00,0.00
226.99,0.67,153.10,231.88,0.22,51.56,0.00,0.00,0.00,231.07,0.22,50.73,0.00,0.00,0.00
230.76,0.67,155.62,232.72,0.22,51.94,0.00,0.00,0.00,230.52,0.22,50.43,0.00,0.00,0.00
227.36,0.67,153.29,230.44,0.22,50.81,0.00,0.00,0.00,232.35,0.22,51.26,0.00,0.00,0.00
229.77,0.67,155.07,233.26,0.22,52.11,0.00,0.00,0.00,230.32,0.22,50.31,0.00,0.00,0.00
232.19,0.68,157.45,233.68,0.22,52.21,0.00,0.00,0.00,233.23,0.22,51.74,0.00,0.00,0.00
226.89,0.67,151.94,231.10,0.22,51.12,0.00,0.00,0.00,227.84,0.22,49.21,0.00,0.00,0.00
222.76,0.68,150.39,233.06,0.22,52.06,0.00,0.00,0.00,230.10,0.22,50.28,0.00,0.00,0.00
231.30,0.68,156.49,233.32,0.22,52.32,0.00,0.00,0.00,231.66,0.22,50.95,0.00,0.00,0.00
228.60,0.91,207.78,235.06,0.22,52.83,229.55,0.23,54.03,230.07,0.22,50.14,0.00,0.00,0.00
232.58,0.94,218.73,311.68,0.22,59.51,236.99,0.25,56.88,230.74,0.23,50.64,0.00,0.00,0.00
231.61,0.70,162.90,0.00,0.00,0.00,240.89,0.24,59.11,230.60,0.22,50.54,0.00,0.00,0.00
232.48,0.70,161.88,0.00,0.00,0.00,236.37,0.24,57.04,230.30,0.22,50.42,0.00,0.00,0.00
231.60,0.69,160.70,0.00,0.00,0.00,235.42,0.24,56.49,231.33,0.22,50.79,0.00,0.00,0.00
230.31,0.69,159.24,0.00,0.00,0.00,233.23,0.24,55.34,232.11,0.22,51.21,0.00,0.00,0.00
230.43,0.69,159.74,0.00,0.00,0.00,239.51,0.24,56.97,233.00,0.22,51.71,0.00,0.00,0.00
229.83,0.69,158.31,0.00,0.00,0.00,239.52,0.23,56.52,231.76,0.22,51.03,0.00,0.00,0.00
227.52,0.69,156.57,0.00,0.00,0.00,240.95,0.23,56.98,230.56,0.22,50.45,0.00,0.00,0.00
230.77,0.69,158.83,0.00,0.00,0.00,238.97,0.23,56.21,231.92,0.22,51.12,0.00,0.00,0.00
229.33,0.69,157.56,0.00,0.00,0.00,238.80,0.23,55.96,230.81,0.22,50.69,0.00,0.00,0.00
230.93,0.69,158.28,0.00,0.00,0.00,238.87,0.23,56.17,229.08,0.22,49.86,0.00,0.00,0.00
231.48,0.69,158.97,0.00,0.00,0.00,240.65,0.24,57.25,228.00,0.22,49.32,0.00,0.00,0.00
231.09,0.69,159.52,0.00,0.00,0.00,240.03,0.24,56.84,232.63,0.22,51.40,0.00,0.00,0.00
231.01,0.70,160.57,0.00,0.00,0.00,244.81,0.24,59.21,232.11,0.22,51.19,0.00,0.00,0.00
231.31,0.68,158.40,0.00,0.00,0.00,238.46,0.23,55.96,229.25,0.22,49.86,0.00,0.00,0.00
232.74,0.68,159.13,0.00,0.00,0.00,236.42,0.23,54.89,230.81,0.22,50.54,0.00,0.00,0.00
230.92,0.69,158.59,0.00,0.00,0.00,239.78,0.23,56.63,229.77,0.22,50.09,0.00,0.00,0.00
231.96,0.69,159.00,0.00,0.00,0.00,237.54,0.23,55.60,230.89,0.22,50.61,0.00,0.00,0.00
231.45,0.69,159.99,0.00,0.00,0.00,241.60,0.24,57.65,231.69,0.22,51.00,0.00,0.00,0.00
232.30,0.69,160.00,0.00,0.00,0.00,240.86,0.24,57.14,230.43,0.22,50.45,0.00,0.00,0.00
233.34,0.69,160.41,0.00,0.00,0.00,238.47,0.23,55.96,231.73,0.22,51.04,0.00,0.00,0.00
230.91,0.69,159.19,0.00,0.00,0.00,240.22,0.24,56.94,231.28,0.22,50.88,0.00,0.00,0.00
231.64,0.69,159.97,0.00,0.00,0.00,240.85,0.24,57.15,232.04,0.22,51.23,0.00,0.00,0.00
230.37,0.69,158.28,0.00,0.00,0.00,240.14,0.24,56.88,229.80,0.22,50.00,0.00,0.00,0.00
231.72,0.69,159.38,0.00,0.00,0.00,240.40,0.24,56.96,229.82,0.22,50.18,0.00,0.00,0.00
230.42,0.69,158.69,0.00,0.00,0.00,239.61,0.23,56.57,231.50,0.22,50.92,0.00,0.00,0.00
229.98,0.69,158.73,0.00,0.00,0.00,241.63,0.24,57.43,231.82,0.22,51.02,0.00,0.00,0.00
230.73,0.69,158.53,0.00,0.00,0.00,240.58,0.23,56.69,230.42,0.22,50.47,0.00,0.00,0.00
226.48,0.69,155.70,0.00,0.00,0.00,242.15,0.23,57.24,230.39,0.22,50.49,0.00,0.00,0.00
229.62,0.69,158.56,0.00,0.00,0.00,242.85,0.24,57.90,231.21,0.22,50.74,0.00,0.00,0.00
228.95,0.69,157.69,0.00,0.00,0.00,241.50,0.23,57.00,231.84,0.22,51.13,0.00,0.00,0.00
229.91,0.68,157.34,0.00,0.00,0.00,240.59,0.23,56.38,229.93,0.22,49.92,0.00,0.00,0.00
231.10,0.69,158.92,0.00,0.00,0.00,241.51,0.23,57.00,230.78,0.22,50.54,0.00,0.00,0.00
232.01,0.69,160.11,0.00,0.00,0.00,242.37,0.24,57.58,231.94,0.22,51.02,0.00,0.00,0.00
229.50,0.69,157.85,0.00,0.00,0.00,240.66,0.23,56.57,231.69,0.22,50.97,0.00,0.00,0.00
229.86,0.69,157.71,0.00,0.00,0.00,240.34,0.23,56.42,230.21,0.22,50.35,0.00,0.00,0.00
231.49,0.69,159.14,0.00,0.00,0.00,241.80,0.23,57.19,230.49,0.22,50.34,0.00,0.00,0.00
233.28,0.69,160.24,0.00,0.00,0.00,241.75,0.23,56.96,230.12,0.22,50.29,0.00,0.00,0.00
232.00,0.69,159.88,0.00,0.00,0.00,240.95,0.23,56.84,232.18,0.22,51.20,0.00,0.00,0.00
230.38,0.69,159.46,0.00,0.00,0.00,240.77,0.23,56.65,235.84,0.22,52.91,0.00,0.00,0.00
230.02,0.69,158.68,0.00,0.00,0.00,242.88,0.24,57.74,231.85,0.22,51.11,0.00,0.00,0.00
231.49,0.69,159.13,0.00,0.00,0.00,241.39,0.23,57.03,230.35,0.22,50.32,0.00,0.00,0.00
229.63,0.69,158.29,0.00,0.00,0.00,241.43,0.23,57.00,232.43,0.22,51.28,0.00,0.00,0.00
230.99,0.69,159.07,0.00,0.00,0.00,241.05,0.23,56.78,232.19,0.22,51.25,0.00,0.00,0.00
229.36,0.69,157.80,0.00,0.00,0.00,240.54,0.23,56.57,231.93,0.22,51.27,0.00,0.00,0.00
230.32,0.69,158.66,0.00,0.00,0.00,241.18,0.23,56.89,232.04,0.22,51.11,0.00,0.00,0.00
230.36,0.69,159.19,0.00,0.00,0.00,243.49,0.24,57.90,232.60,0.22,51.34,0.00,0.00,0.00
232.40,0.69,159.72,0.00,0.00,0.00,240.73,0.23,56.69,230.75,0.22,50.56,0.00,0.00,0.00
233.05,0.69,160.65,0.00,0.00,0.00,242.19,0.24,57.34,231.80,0.22,51.00,0.00,0.00,0.00
232.55,0.69,160.01,0.00,0.00,0.00,242.51,0.23,57.30,230.77,0.22,50.58,0.00,0.00,0.00
230.12,0.69,158.63,0.00,0.00,0.00,241.60,0.23,57.05,232.25,0.22,51.26,0.00,0.00,0.00
230.83,0.69,159.21,0.00,0.00,0.00,242.16,0.24,57.32,231.76,0.22,51.07,0.00,0.00,0.00
230.65,0.69,158.91,0.00,0.00,0.00,241.18,0.23,56.87,232.36,0.22,51.32,0.00,0.00,0.00
231.38,0.69,158.86,0.00,0.00,0.00,240.59,0.23,56.41,231.01,0.22,50.72,0.00,0.00,0.00
230.75,0.69,158.38,0.00,0.00,0.00,241.04,0.23,56.83,229.87,0.22,50.09,0.00,0.00,0.00
231.31,0.69,158.92,0.00,0.00,0.00,241.48,0.23,56.93,230.50,0.22,50.44,0.00,0.00,0.00
232.46,0.69,159.57,0.00,0.00,0.00,240.91,0.23,56.71,229.98,0.22,50.25,0.00,0.00,0.00
230.96,0.69,158.67,0.00,0.00,0.00,241.15,0.23,56.75,230.71,0.22,50.55,0.00,0.00,0.00
229.45,0.69,157.22,0.00,0.00,0.00,240.16,0.23,56.36,229.68,0.22,50.02,0.00,0.00,0.00
231.65,0.68,158.36,0.00,0.00,0.00,241.11,0.23,56.83,227.41,0.21,49.00,0.00,0.00,0.00
229.64,0.69,157.90,0.00,0.00,0.00,240.88,0.23,56.52,232.31,0.22,51.19,0.00,0.00,0.00
231.11,0.68,158.11,0.00,0.00,0.00,240.80,0.23,56.39,229.36,0.22,49.80,0.00,0.00,0.00
230.93,0.69,158.28,0.00,0.00,0.00,240.47,0.23,56.56,229.03,0.22,49.80,0.00,0.00,0.00
230.98,0.69,159.22,0.00,0.00,0.00,242.13,0.23,57.26,232.01,0.22,51.12,0.00,0.00,0.00
229.48,0.68,157.06,0.00,0.00,0.00,241.03,0.23,56.84,228.19,0.22,49.25,0.00,0.00,0.00
229.86,0.68,157.15,0.00,0.00,0.00,238.22,0.23,55.40,230.40,0.22,50.35,0.00,0.00,0.00
232.10,0.69,160.09,0.00,0.00,0.00,241.82,0.23,56.98,232.14,0.22,51.38,0.00,0.00,0.00
229.55,0.69,157.90,0.00,0.00,0.00,240.83,0.23,56.62,232.18,0.22,51.09,0.00,0.00,0.00
229.57,0.69,157.53,0.00,0.00,0.00,240.27,0.23,56.33,231.27,0.22,50.78,0.00,0.00,0.00
230.83,0.69,158.56,0.00,0.00,0.00,241.23,0.23,56.82,230.42,0.22,50.39,0.00,0.00,0.00
231.41,0.69,159.40,0.00,0.00,0.00,241.60,0.23,56.96,232.22,0.22,51.20,0.00,0.00,0.00
229.01,0.69,157.42,0.00,0.00,0.00,241.90,0.23,56.97,231.13,0.22,50.70,0.00,0.00,0.00
230.19,0.69,158.05,0.00,0.00,0.00,241.20,0.23,56.64,230.90,0.22,50.57,0.00,0.00,0.00
231.37,0.69,158.99,0.00,0.00,0.00,242.15,0.23,57.19,230.41,0.22,50.31,0.00,0.00,0.00
230.11,0.68,157.49,0.00,0.00,0.00,239.80,0.23,56.20,229.29,0.22,49.87,0.00,0.00,0.00
231.65,0.69,159.20,0.00,0.00,0.00,240.08,0.23,56.29,231.78,0.22,51.11,0.00,0.00,0.00
231.42,0.69,159.03,0.00,0.00,0.00,240.94,0.23,56.73,231.17,0.22,50.68,0.00,0.00,0.00
230.20,0.69,158.41,0.00,0.00,0.00,241.68,0.23,56.89,232.33,0.22,51.17,0.00,0.00,0.00
229.71,0.69,157.53,0.00,0.00,0.00,240.82,0.23,56.56,230.01,0.22,50.19,0.00,0.00,0.00
230.30,0.68,157.57,0.00,0.00,0.00,239.76,0.23,56.11,229.68,0.22,49.97,0.00,0.00,0.00
229.77,0.69,158.18,0.00,0.00,0.00,242.09,0.23,57.21,231.48,0.22,50.86,0.00,0.00,0.00
228.83,0.69,157.81,0.00,0.00,0.00,243.76,0.24,57.89,231.28,0.22,50.79,0.00,0.00,0.00
230.42,0.68,157.63,0.00,0.00,0.00,240.33,0.23,56.11,229.66,0.22,50.07,0.00,0.00,0.00
231.03,0.68,157.30,0.00,0.00,0.00,237.90,0.23,54.94,229.02,0.22,49.76,0.00,0.00,0.00
228.11,0.68,155.01,0.00,0.00,0.00,238.38,0.23,55.29,226.42,0.21,48.67,0.00,0.00,0.00
229.35,0.69,157.61,0.00,0.00,0.00,242.18,0.23,57.01,231.30,0.22,50.69,0.00,0.00,0.00
231.13,0.69,159.04,0.00,0.00,0.00,240.66,0.23,56.55,232.12,0.22,51.21,0.00,0.00,0.00
229.56,0.69,158.09,0.00,0.00,0.00,241.81,0.23,56.97,232.87,0.22,51.33,0.00,0.00,0.00
230.99,0.68,157.94,0.00,0.00,0.00,240.03,0.23,56.10,229.62,0.22,49.94,0.00,0.00,0.00
232.83,0.69,160.33,0.00,0.00,0.00,241.96,0.23,57.16,231.79,0.22,50.95,0.00,0.00,0.00
230.78,0.69,158.51,0.00,0.00,0.00,241.31,0.23,56.90,230.15,0.22,50.27,0.00,0.00,0.00
226.70,0.68,155.23,0.00,0.00,0.00,239.49,0.23,55.84,231.12,0.22,50.60,0.00,0.00,0.00
231.03,0.69,158.76,0.00,0.00,0.00,241.60,0.23,57.13,229.65,0.22,50.08,0.00,0.00,0.00
229.14,0.69,157.51,0.00,0.00,0.00,240.50,0.23,56.48,231.70,0.22,50.97,0.00,0.00,0.00
231.18,0.69,158.62,0.00,0.00,0.00,241.05,0.23,56.69,230.07,0.22,50.24,0.00,0.00,0.00
229.69,0.68,157.20,0.00,0.00,0.00,239.57,0.23,56.07,229.71,0.22,50.01,0.00,0.00,0.00
229.43,0.69,158.02,0.00,0.00,0.00,240.29,0.23,56.29,233.21,0.22,51.90,0.00,0.00,0.00
231.05,0.69,158.48,0.00,0.00,0.00,242.19,0.23,57.10,229.63,0.22,49.95,0.00,0.00,0.00
231.68,0.69,159.18,0.00,0.00,0.00,241.74,0.23,56.97,230.98,0.22,50.54,0.00,0.00,0.00
230.38,0.69,158.81,0.00,0.00,0.00,242.74,0.23,57.37,232.00,0.22,51.15,0.00,0.00,0.00
229.80,0.68,156.66,0.00,0.00,0.00,238.71,0.23,55.40,229.03,0.22,49.71,0.00,0.00,0.00
231.07,0.69,158.37,0.00,0.00,0.00,240.47,0.23,56.23,230.77,0.22,50.52,0.00,0.00,0.00
231.26,0.68,158.07,0.00,0.00,0.00,239.76,0.23,55.98,229.40,0.22,49.90,0.00,0.00,0.00
230.67,0.69,158.23,0.00,0.00,0.00,241.24,0.23,56.70,230.34,0.22,50.29,0.00,0.00,0.00
231.37,0.69,159.39,0.00,0.00,0.00,242.10,0.23,57.23,231.83,0.22,50.98,0.00,0.00,0.00
229.65,0.69,157.84,0.00,0.00,0.00,241.11,0.23,56.65,231.65,0.22,50.92,0.00,0.00,0.00
229.47,0.68,156.58,0.00,0.00,0.00,240.57,0.23,56.45,227.06,0.21,48.87,0.00,0.00,0.00
229.59,0.69,157.38,0.00,0.00,0.00,239.87,0.23,56.29,230.12,0.22,50.24,0.00,0.00,0.00
229.39,0.69,157.45,0.00,0.00,0.00,241.16,0.23,56.67,230.25,0.22,50.39,0.00,0.00,0.00
230.46,0.69,158.13,0.00,0.00,0.00,241.38,0.23,56.81,230.21,0.22,50.22,0.00,0.00,0.00
231.44,0.69,159.06,0.00,0.00,0.00,240.42,0.23,56.36,232.32,0.22,51.21,0.00,0.00,0.00
230.26,0.69,158.39,0.00,0.00,0.00,240.63,0.23,56.51,232.54,0.22,51.29,0.00,0.00,0.00
231.50,0.68,158.02,0.00,0.00,0.00,241.08,0.23,56.43,228.03,0.21,49.22,0.00,0.00,0.00
229.36,0.69,157.76,0.00,0.00,0.00,241.77,0.23,56.98,231.37,0.22,50.80,0.00,0.00,0.00
226.41,0.69,155.76,0.00,0.00,0.00,241.88,0.23,56.84,232.07,0.22,51.16,0.00,0.00,0.00
231.53,0.68,157.66,0.00,0.00,0.00,237.29,0.23,54.61,230.54,0.22,50.33,0.00,0.00,0.00
231.56,0.69,159.01,0.00,0.00,0.00,241.08,0.23,56.62,230.81,0.22,50.58,0.00,0.00,0.00
230.96,0.69,158.87,0.00,0.00,0.00,241.87,0.23,56.90,231.92,0.22,51.05,0.00,0.00,0.00
229.11,0.69,157.04,0.00,0.00,0.00,240.88,0.23,56.29,231.02,0.22,50.62,0.00,0.00,0.00
228.63,0.69,156.99,0.00,0.00,0.00,240.86,0.23,56.34,232.01,0.22,51.04,0.00,0.00,0.00
230.55,0.69,158.39,0.00,0.00,0.00,242.60,0.23,57.29,230.36,0.22,50.34,0.00,0.00,0.00
228.47,0.69,157.00,0.00,0.00,0.00,241.27,0.23,56.80,231.47,0.22,50.75,0.00,0.00,0.00
232.65,0.69,159.55,0.00,0.00,0.00,241.00,0.23,56.52,231.08,0.22,50.54,0.00,0.00,0.00
230.14,0.69,157.93,0.00,0.00,0.00,240.99,0.23,56.70,230.57,0.22,50.36,0.00,0.00,0.00
231.59,0.69,158.72,0.00,0.00,0.00,240.31,0.23,56.37,230.31,0.22,50.26,0.00,0.00,0.00
228.18,0.69,156.88,0.00,0.00,0.00,242.29,0.23,57.15,231.06,0.22,50.62,0.00,0.00,0.00
230.24,0.69,158.13,0.00,0.00,0.00,240.78,0.23,56.41,232.08,0.22,51.03,0.00,0.00,0.00
230.82,0.68,157.62,0.00,0.00,0.00,238.48,0.23,55.25,230.92,0.22,50.60,0.00,0.00,0.00
231.62,0.69,158.81,0.00,0.00,0.00,240.60,0.23,56.44,230.69,0.22,50.43,0.00,0.00,0.00
231.74,0.69,159.39,0.00,0.00,0.00,242.38,0.23,57.23,231.35,0.22,50.68,0.00,0.00,0.00
229.87,0.69,157.90,0.00,0.00,0.00,241.76,0.23,56.97,230.79,0.22,50.52,0.00,0.00,0.00
228.27,0.69,157.01,0.00,0.00,0.00,241.73,0.23,57.02,231.73,0.22,51.00,0.00,0.00,0.00
230.52,0.68,157.69,0.00,0.00,0.00,242.59,0.24,57.42,226.70,0.21,48.68,0.00,0.00,0.00
231.19,0.69,159.02,0.00,0.00,0.00,241.01,0.23,56.57,232.17,0.22,51.20,0.00,0.00,0.00
231.01,0.69,158.96,0.00,0.00,0.00,241.41,0.23,56.78,232.18,0.22,51.19,0.00,0.00,0.00
230.83,0.69,159.02,0.00,0.00,0.00,242.11,0.23,57.13,232.55,0.22,51.30,0.00,0.00,0.00
231.38,0.69,159.63,0.00,0.00,0.00,243.04,0.23,57.48,232.52,0.22,51.37,0.00,0.00,0.00
229.34,0.69,157.85,0.00,0.00,0.00,242.02,0.23,56.95,232.55,0.22,51.26,0.00,0.00,0.00
226.89,0.69,156.13,0.00,0.00,0.00,242.90,0.23,57.29,231.93,0.22,50.98,0.00,0.00,0.00
231.25,0.69,159.30,0.00,0.00,0.00,242.49,0.23,57.11,232.75,0.22,51.42,0.00,0.00,0.00
231.16,0.69,159.27,0.00,0.00,0.00,242.72,0.23,57.40,231.78,0.22,51.01,0.00,0.00,0.00
231.20,0.69,159.52,0.00,0.00,0.00,243.18,0.23,57.43,233.77,0.22,51.76,0.00,0.00,0.00
229.66,0.69,157.95,0.00,0.00,0.00,242.47,0.23,57.21,231.17,0.22,50.68,0.00,0.00,0.00
230.37,0.69,158.18,0.00,0.00,0.00,241.33,0.23,56.60,231.70,0.22,50.91,0.00,0.00,0.00
227.52,0.69,156.00,0.00,0.00,0.00,241.67,0.23,56.77,229.98,0.22,50.21,0.00,0.00,0.00
229.45,0.69,157.54,0.00,0.00,0.00,242.52,0.23,57.20,230.59,0.22,50.35,0.00,0.00,0.00
231.85,0.69,161.01,0.00,0.00,0.00,243.99,0.24,57.99,236.12,0.22,52.93,0.00,0.00,0.00
229.40,0.69,158.45,0.00,0.00,0.00,243.82,0.24,57.85,232.53,0.22,51.38,0.00,0.00,0.00
229.55,0.69,157.86,0.00,0.00,0.00,243.01,0.24,57.56,230.61,0.22,50.34,0.00,0.00,0.00
231.00,0.69,159.20,0.00,0.00,0.00,243.52,0.24,57.64,231.89,0.22,51.02,0.00,0.00,0.00
229.52,0.69,158.38,0.00,0.00,0.00,243.10,0.24,57.60,232.22,0.22,51.24,0.00,0.00,0.00
231.10,0.69,158.76,0.00,0.00,0.00,241.24,0.23,56.63,231.17,0.22,50.81,0.00,0.00,0.00
230.24,0.70,160.73,0.00,0.00,0.00,242.13,0.23,57.23,240.41,0.23,55.03,0.00,0.00,0.00
230.84,0.69,158.99,0.00,0.00,0.00,241.96,0.23,57.09,232.17,0.22,51.14,0.00,0.00,0.00
229.74,0.69,157.77,0.00,0.00,0.00,242.06,0.23,57.08,230.31,0.22,50.34,0.00,0.00,0.00
231.51,0.69,159.30,0.00,0.00,0.00,242.83,0.24,57.50,230.77,0.22,50.52,0.00,0.00,0.00
229.94,0.69,158.12,0.00,0.00,0.00,242.00,0.23,57.10,231.24,0.22,50.74,0.00,0.00,0.00
232.59,0.69,159.53,0.00,0.00,0.00,240.04,0.23,56.22,231.60,0.22,50.89,0.00,0.00,0.00
232.49,0.69,159.41,0.00,0.00,0.00,241.57,0.23,56.80,229.64,0.22,50.09,0.00,0.00,0.00
230.83,0.69,158.48,0.00,0.00,0.00,241.29,0.23,56.69,231.26,0.22,50.66,0.00,0.00,0.00
232.17,0.69,159.36,0.00,0.00,0.00,241.19,0.23,56.70,231.05,0.22,50.64,0.00,0.00,0.00
230.47,0.69,158.45,0.00,0.00,0.00,241.91,0.23,57.02,231.10,0.22,50.71,0.00,0.00,0.00
230.80,0.69,158.37,0.00,0.00,0.00,239.45,0.23,56.38,229.86,0.22,50.19,0.00,0.00,0.00
230.05,0.69,157.74,0.00,0.00,0.00,232.72,0.23,54.77,230.42,0.22,50.37,0.00,0.00,0.00
231.09,0.32,73.80,0.00,0.00,0.00,0.00,0.00,0.00,0.00,0.00,0.00,0.00,0.08,0.00
228.57,0.45,103.86,0.00,0.00,0.00,0.00,0.00,0.00,230.61,0.22,50.49,0.00,0.00,0.00
231.76,0.46,105.49,0.00,0.00,0.00,0.00,0.00,0.00,232.15,0.22,51.12,0.00,0.00,0.00
231.79,0.46,105.59,0.00,0.00,0.00,0.00,0.00,0.00,232.60,0.22,51.35,0.00,0.00,0.00
231.15,0.45,104.87,0.00,0.00,0.00,0.00,0.00,0.00,231.48,0.22,50.75,0.00,0.00,0.00
230.45,0.45,104.50,0.00,0.00,0.00,0.00,0.00,0.00,231.36,0.22,50.67,0.00,0.00,0.00
232.85,0.45,105.41,0.00,0.00,0.00,0.00,0.00,0.00,230.70,0.22,50.42,0.00,0.00,0.00
230.56,0.45,104.35,0.00,0.00,0.00,0.00,0.00,0.00,230.47,0.22,50.37,0.00,0.00,0.00
231.65,0.45,105.32,0.00,0.00,0.00,0.00,0.00,0.00,232.66,0.22,51.41,0.00,0.00,0.00
231.69,0.45,105.37,0.00,0.00,0.00,0.00,0.00,0.00,231.90,0.22,51.19,0.00,0.00,0.00
229.71,0.45,103.75,0.00,0.00,0.00,0.00,0.00,0.00,229.63,0.22,49.94,0.00,0.00,0.00
231.99,0.45,105.25,0.00,0.00,0.00,0.00,0.00,0.00,231.67,0.22,50.85,0.00,0.00,0.00
231.63,0.45,105.35,0.00,0.00,0.00,0.00,0.00,0.00,232.69,0.22,51.35,0.00,0.00,0.00
234.66,0.45,106.30,0.00,0.00,0.00,0.00,0.00,0.00,230.56,0.22,50.54,0.00,0.00,0.00
231.58,0.45,104.76,0.00,0.00,0.00,0.00,0.00,0.00,230.16,0.22,50.32,0.00,0.00,0.00
231.40,0.45,105.13,0.00,0.00,0.00,0.00,0.00,0.00,231.53,0.22,50.96,0.00,0.00,0.00
230.02,0.45,103.94,0.00,0.00,0.00,0.00,0.00,0.00,229.88,0.22,50.06,0.00,0.00,0.00
230.74,0.45,104.72,0.00,0.00,0.00,0.00,0.00,0.00,231.52,0.22,50.96,0.00,0.00,0.00
230.31,0.45,104.20,0.00,0.00,0.00,0.00,0.00,0.00,230.37,0.22,50.39,0.00,0.00,0.00
231.81,0.45,105.24,0.00,0.00,0.00,0.00,0.00,0.00,232.05,0.22,51.03,0.00,0.00,0.00
226.56,0.45,102.65,0.00,0.00,0.00,0.00,0.00,0.00,231.09,0.22,50.60,0.00,0.00,0.00
233.13,0.45,105.82,0.00,0.00,0.00,0.00,0.00,0.00,232.05,0.22,50.97,0.00,0.00,0.00
230.74,0.45,104.78,0.00,0.00,0.00,0.00,0.00,0.00,231.82,0.22,51.01,0.00,0.00,0.00
230.67,0.45,104.44,0.00,0.00,0.00,0.00,0.00,0.00,230.67,0.22,50.45,0.00,0.00,0.00
231.65,0.45,104.99,0.00,0.00,0.00,0.00,0.00,0.00,231.56,0.22,50.75,0.00,0.00,0.00
231.50,0.45,104.97,0.00,0.00,0.00,0.00,0.00,0.00,230.86,0.22,50.60,0.00,0.00,0.00
230.55,0.45,104.58,0.00,0.00,0.00,0.00,0.00,0.00,231.45,0.22,50.79,0.00,0.00,0.00
228.40,0.45,103.82,0.00,0.00,0.00,0.00,0.00,0.00,232.35,0.22,51.24,0.00,0.00,0.00
232.40,0.46,105.85,0.00,0.00,0.00,0.00,0.00,0.00,233.35,0.22,51.66,0.00,0.00,0.00
230.97,0.45,104.61,0.00,0.00,0.00,0.00,0.00,0.00,230.89,0.22,50.55,0.00,0.00,0.00
231.85,0.45,104.85,0.00,0.00,0.00,0.00,0.00,0.00,230.16,0.22,50.30,0.00,0.00,0.00
232.06,0.45,105.34,0.00,0.00,0.00,0.00,0.00,0.00,231.83,0.22,50.96,0.00,0.00,0.00
230.75,0.45,104.86,0.00,0.00,0.00,0.00,0.00,0.00,232.21,0.22,51.13,0.00,0.00,0.00
225.98,0.45,102.42,0.00,0.00,0.00,0.00,0.00,0.00,231.20,0.22,50.64,0.00,0.00,0.00
230.35,0.45,104.22,0.00,0.00,0.00,0.00,0.00,0.00,230.75,0.22,50.38,0.00,0.00,0.00
231.05,0.45,104.63,0.00,0.00,0.00,0.00,0.00,0.00,230.58,0.22,50.42,0.00,0.00,0.00
230.49,0.45,104.53,0.00,0.00,0.00,0.00,0.00,0.00,232.07,0.22,50.90,0.00,0.00,0.00
230.87,0.45,104.78,0.00,0.00,0.00,0.00,0.00,0.00,231.89,0.22,50.96,0.00,0.00,0.00
231.39,0.45,104.87,0.00,0.00,0.00,0.00,0.00,0.00,231.33,0.22,50.68,0.00,0.00,0.00
227.24,0.45,102.86,0.00,0.00,0.00,0.00,0.00,0.00,230.46,0.22,50.38,0.00,0.00,0.00
230.84,0.45,104.82,0.00,0.00,0.00,0.00,0.00,0.00,232.24,0.22,51.08,0.00,0.00,0.00
231.56,0.45,104.87,0.00,0.00,0.00,0.00,0.00,0.00,230.59,0.22,50.48,0.00,0.00,0.00
232.98,0.45,105.78,0.00,0.00,0.00,0.00,0.00,0.00,232.41,0.22,51.12,0.00,0.00,0.00
230.91,0.45,104.79,0.00,0.00,0.00,0.00,0.00,0.00,231.57,0.22,50.88,0.00,0.00,0.00
230.32,0.45,104.23,0.00,0.00,0.00,0.00,0.00,0.00,230.16,0.22,50.27,0.00,0.00,0.00
231.53,0.45,104.53,0.00,0.00,0.00,0.00,0.00,0.00,229.24,0.22,49.82,0.00,0.00,0.00
230.15,0.45,104.20,0.00,0.00,0.00,0.00,0.00,0.00,230.70,0.22,50.43,0.00,0.00,0.00
232.46,0.45,105.64,0.00,0.00,0.00,0.00,0.00,0.00,232.45,0.22,51.26,0.00,0.00,0.00
232.24,0.45,105.39,0.00,0.00,0.00,0.00,0.00,0.00,232.18,0.22,51.02,0.00,0.00,0.00
230.72,0.45,104.36,0.00,0.00,0.00,0.00,0.00,0.00,230.46,0.22,50.29,0.00,0.00,0.00
230.17,0.45,104.03,0.00,0.00,0.00,0.00,0.00,0.00,230.21,0.22,50.16,0.00,0.00,0.00
232.68,0.45,105.25,0.00,0.00,0.00,0.00,0.00,0.00,230.38,0.22,50.28,0.00,0.00,0.00
230.14,0.45,104.65,0.00,0.00,0.00,0.00,0.00,0.00,232.56,0.22,51.31,0.00,0.00,0.00
231.13,0.46,105.31,0.00,0.00,0.00,0.00,0.00,0.00,233.33,0.22,51.72,0.00,0.00,0.00
232.18,0.45,105.30,0.00,0.00,0.00,0.00,0.00,0.00,231.51,0.22,50.81,0.00,0.00,0.00
226.64,0.45,102.27,0.00,0.00,0.00,0.00,0.00,0.00,229.25,0.22,49.78,0.00,0.00,0.00
232.33,0.45,104.02,0.00,0.00,0.00,0.00,0.00,0.00,225.97,0.21,48.28,0.00,0.00,0.00
233.45,0.45,106.10,0.00,0.00,0.00,0.00,0.00,0.00,232.53,0.22,51.30,0.00,0.00,0.00
231.80,0.45,105.00,0.00,0.00,0.00,0.00,0.00,0.00,230.78,0.22,50.52,0.00,0.00,0.00
227.74,0.45,103.20,0.00,0.00,0.00,0.00,0.00,0.00,230.91,0.22,50.59,0.00,0.00,0.00
232.11,0.45,105.44,0.00,0.00,0.00,0.00,0.00,0.00,232.50,0.22,51.21,0.00,0.00,0.00
231.52,0.45,105.05,0.00,0.00,0.00,0.00,0.00,0.00,231.33,0.22,50.82,0.00,0.00,0.00
231.15,0.45,105.14,0.00,0.00,0.00,0.00,0.00,0.00,233.02,0.22,51.46,0.00,0.00,0.00
231.62,0.46,105.55,0.00,0.00,0.00,0.00,0.00,0.00,233.62,0.22,51.91,0.00,0.00,0.00
231.00,0.45,104.55,0.00,0.00,0.00,0.00,0.00,0.00,230.74,0.22,50.52,0.00,0.00,0.00
231.25,0.45,105.11,0.00,0.00,0.00,0.00,0.00,0.00,232.65,0.22,51.40,0.00,0.00,0.00
230.39,0.45,104.60,0.00,0.00,0.00,0.00,0.00,0.00,231.44,0.22,51.03,0.00,0.00,0.00
231.73,0.45,105.10,0.00,0.00,0.00,0.00,0.00,0.00,231.53,0.22,50.82,0.00,0.00,0.00
231.23,0.45,104.97,0.00,0.00,0.00,0.00,0.00,0.00,232.44,0.22,51.12,0.00,0.00,0.00
230.46,0.45,104.24,0.00,0.00,0.00,0.00,0.00,0.00,230.63,0.22,50.32,0.00,0.00,0.00
232.24,0.45,105.54,0.00,0.00,0.00,0.00,0.00,0.00,233.07,0.22,51.39,0.00,0.00,0.00
230.84,0.45,104.45,0.00,0.00,0.00,0.00,0.00,0.00,230.30,0.22,50.29,0.00,0.00,0.00
229.77,0.45,104.00,0.00,0.00,0.00,0.00,0.00,0.00,230.71,0.22,50.37,0.00,0.00,0.00
230.18,0.45,104.22,0.00,0.00,0.00,0.00,0.00,0.00,230.94,0.22,50.49,0.00,0.00,0.00
231.67,0.45,105.15,0.00,0.00,0.00,0.00,0.00,0.00,231.26,0.22,50.82,0.00,0.00,0.00
232.34,0.45,105.55,0.00,0.00,0.00,0.00,0.00,0.00,232.58,0.22,51.23,0.00,0.00,0.00
230.09,0.45,103.67,0.00,0.00,0.00,0.00,0.00,0.00,228.68,0.22,49.52,0.00,0.00,0.00
232.24,0.45,105.41,0.00,0.00,0.00,0.00,0.00,0.00,232.24,0.22,51.07,0.00,0.00,0.00
234.67,0.45,106.77,0.00,0.00,0.00,0.00,0.00,0.00,232.51,0.22,51.40,0.00,0.00,0.00
231.85,0.45,105.36,0.00,0.00,0.00,0.00,0.00,0.00,231.90,0.22,51.11,0.00,0.00,0.00
230.25,0.45,104.15,0.00,0.00,0.00,0.00,0.00,0.00,230.37,0.22,50.33,0.00,0.00,0.00
231.26,0.45,104.38,0.00,0.00,0.00,0.00,0.00,0.00,229.68,0.22,49.84,0.00,0.00,0.00
232.61,0.45,105.62,0.00,0.00,0.00,0.00,0.00,0.00,232.14,0.22,51.08,0.00,0.00,0.00
231.75,0.45,105.06,0.00,0.00,0.00,0.00,0.00,0.00,231.07,0.22,50.68,0.00,0.00,0.00
230.91,0.45,104.86,0.00,0.00,0.00,0.00,0.00,0.00,232.64,0.22,51.20,0.00,0.00,0.00
231.10,0.45,105.12,0.00,0.00,0.00,0.00,0.00,0.00,232.75,0.22,51.40,0.00,0.00,0.00
230.17,0.45,104.12,0.00,0.00,0.00,0.00,0.00,0.00,230.72,0.22,50.41,0.00,0.00,0.00
232.25,0.45,105.50,0.00,0.00,0.00,0.00,0.00,0.00,232.17,0.22,51.22,0.00,0.00,0.00
233.14,0.45,105.86,0.00,0.00,0.00,0.00,0.00,0.00,232.07,0.22,51.04,0.00,0.00,0.00
230.26,0.45,104.37,0.00,0.00,0.00,0.00,0.00,0.00,230.92,0.22,50.68,0.00,0.00,0.00
231.85,0.45,104.87,0.00,0.00,0.00,0.00,0.00,0.00,230.56,0.22,50.44,0.00,0.00,0.00
232.24,0.45,105.48,0.00,0.00,0.00,0.00,0.00,0.00,232.26,0.22,51.12,0.00,0.00,0.00
230.53,0.45,104.38,0.00,0.00,0.00,0.00,0.00,0.00,230.44,0.22,50.41,0.00,0.00,0.00
231.75,0.45,104.89,0.00,0.00,0.00,0.00,0.00,0.00,230.88,0.22,50.44,0.00,0.00,0.00
231.80,0.45,105.01,0.00,0.00,0.00,0.00,0.00,0.00,231.37,0.22,50.66,0.00,0.00,0.00
229.07,0.45,103.85,0.00,0.00,0.00,0.00,0.00,0.00,231.57,0.22,50.79,0.00,0.00,0.00
232.17,0.45,105.46,0.00,0.00,0.00,0.00,0.00,0.00,232.26,0.22,51.06,0.00,0.00,0.00
230.95,0.68,156.19,233.33,0.22,52.23,0.00,0.00,0.00,230.69,0.22,50.41,0.00,0.00,0.00
230.24,0.68,156.30,233.01,0.22,52.21,0.00,0.00,0.00,232.81,0.22,51.46,0.00,0.00,0.00
230.98,0.68,156.31,233.96,0.22,52.54,0.00,0.00,0.00,230.68,0.22,50.33,0.00,0.00,0.00
233.00,0.68,158.14,234.47,0.23,52.86,0.00,0.00,0.00,231.60,0.22,50.82,0.00,0.00,0.00
230.01,0.68,155.99,233.89,0.22,52.52,0.00,0.00,0.00,232.01,0.22,51.02,0.00,0.00,0.00
228.44,0.68,154.34,233.65,0.22,52.69,0.00,0.00,0.00,228.85,0.22,49.62,0.00,0.00,0.00
231.98,0.68,157.17,232.55,0.22,52.00,0.00,0.00,0.00,232.36,0.22,51.18,0.00,0.00,0.00
232.37,0.68,157.40,234.63,0.22,53.02,0.00,0.00,0.00,231.10,0.22,50.44,0.00,0.00,0.00
232.84,0.68,158.28,235.04,0.23,53.07,0.00,0.00,0.00,232.08,0.22,51.16,0.00,0.00,0.00
231.23,0.68,156.30,233.37,0.22,52.32,0.00,0.00,0.00,230.57,0.22,50.28,0.00,0.00,0.00
232.87,0.67,157.11,232.58,0.22,51.83,0.00,0.00,0.00,230.44,0.22,50.28,0.00,0.00,0.00
229.50,0.68,155.50,233.66,0.22,52.49,0.00,0.00,0.00,232.10,0.22,51.04,0.00,0.00,0.00
230.77,0.68,156.46,233.18,0.22,52.27,0.00,0.00,0.00,232.63,0.22,51.30,0.00,0.00,0.00
231.76,0.68,156.45,232.76,0.22,52.00,0.00,0.00,0.00,230.52,0.22,50.29,0.00,0.00,0.00
231.04,0.68,156.99,235.42,0.23,53.41,0.00,0.00,0.00,231.61,0.22,50.93,0.00,0.00,0.00
232.10,0.68,157.32,233.50,0.22,52.42,0.00,0.00,0.00,233.20,0.22,51.40,0.00,0.00,0.00
230.65,0.68,156.85,236.78,0.23,54.02,0.00,0.00,0.00,230.89,0.22,50.45,0.00,0.00,0.00
230.35,0.68,155.80,233.73,0.22,52.50,0.00,0.00,0.00,230.53,0.22,50.34,0.00,0.00,0.00
231.01,0.68,156.53,234.01,0.22,52.65,0.00,0.00,0.00,231.84,0.22,50.88,0.00,0.00,0.00
230.23,0.68,155.56,233.18,0.22,52.15,0.00,0.00,0.00,230.97,0.22,50.49,0.00,0.00,0.00
230.42,0.68,156.15,234.69,0.22,52.96,0.00,0.00,0.00,231.62,0.22,50.78,0.00,0.00,0.00
232.25,0.68,157.36,233.63,0.22,52.48,0.00,0.00,0.00,232.19,0.22,51.07,0.00,0.00,0.00
229.41,0.68,155.31,233.94,0.22,52.58,0.00,0.00,0.00,231.41,0.22,50.79,0.00,0.00,0.00
230.91,0.68,155.89,234.13,0.22,52.72,0.00,0.00,0.00,228.66,0.22,49.56,0.00,0.00,0.00
230.14,0.67,155.32,231.88,0.22,51.66,0.00,0.00,0.00,231.48,0.22,50.77,0.00,0.00,0.00
229.20,0.68,155.39,234.75,0.22,52.93,0.00,0.00,0.00,231.84,0.22,50.95,0.00,0.00,0.00
231.06,0.68,156.65,234.34,0.22,52.84,0.00,0.00,0.00,231.73,0.22,50.92,0.00,0.00,0.00
229.87,0.67,155.11,233.09,0.22,52.28,0.00,0.00,0.00,230.12,0.22,50.10,0.00,0.00,0.00
229.90,0.68,155.19,233.65,0.22,52.24,0.00,0.00,0.00,230.02,0.22,50.16,0.00,0.00,0.00
230.29,0.67,155.17,232.99,0.22,52.09,0.00,0.00,0.00,229.57,0.22,49.85,0.00,0.00,0.00
226.96,0.68,153.85,234.33,0.22,52.75,0.00,0.00,0.00,232.54,0.22,51.13,0.00,0.00,0.00
230.99,0.68,156.46,233.03,0.22,52.12,0.00,0.00,0.00,232.21,0.22,51.19,0.00,0.00,0.00
228.45,0.67,154.02,230.79,0.22,51.09,0.00,0.00,0.00,231.77,0.22,50.92,0.00,0.00,0.00
232.15,0.68,157.34,236.38,0.23,53.52,0.00,0.00,0.00,230.99,0.22,50.46,0.00,0.00,0.00
231.60,0.68,156.89,234.63,0.22,52.82,0.00,0.00,0.00,231.23,0.22,50.69,0.00,0.00,0.00
232.71,0.68,157.50,233.28,0.22,52.19,0.00,0.00,0.00,232.24,0.22,51.11,0.00,0.00,0.00
231.15,0.68,156.26,233.78,0.22,52.43,0.00,0.00,0.00,231.30,0.22,50.57,0.00,0.00,0.00
231.99,0.68,156.86,232.78,0.22,52.02,0.00,0.00,0.00,232.11,0.22,50.98,0.00,0.00,0.00
231.36,0.68,156.93,234.80,0.22,52.88,0.00,0.00,0.00,232.50,0.22,51.15,0.00,0.00,0.00
230.10,0.67,155.24,232.72,0.22,51.99,0.00,0.00,0.00,230.65,0.22,50.46,0.00,0.00,0.00
231.07,0.68,156.51,234.71,0.22,52.84,0.00,0.00,0.00,231.52,0.22,50.72,0.00,0.00,0.00
231.52,0.68,156.42,233.03,0.22,52.12,0.00,0.00,0.00,231.81,0.22,50.90,0.00,0.00,0.00
230.45,0.68,155.86,234.34,0.22,52.64,0.00,0.00,0.00,230.90,0.22,50.49,0.00,0.00,0.00
233.29,0.68,158.25,234.32,0.22,52.68,0.00,0.00,0.00,232.93,0.22,51.35,0.00,0.00,0.00
231.04,0.68,156.07,233.23,0.22,52.25,0.00,0.00,0.00,231.10,0.22,50.51,0.00,0.00,0.00
230.71,0.68,156.22,235.06,0.22,52.96,0.00,0.00,0.00,231.55,0.22,50.70,0.00,0.00,0.00
230.70,0.68,156.11,234.74,0.22,52.87,0.00,0.00,0.00,231.16,0.22,50.49,0.00,0.00,0.00
231.12,0.68,156.40,233.69,0.22,52.30,0.00,0.00,0.00,232.52,0.22,51.14,0.00,0.00,0.00
230.44,0.68,155.84,233.87,0.22,52.39,0.00,0.00,0.00,231.42,0.22,50.77,0.00,0.00,0.00
232.94,0.68,158.98,237.99,0.23,54.67,0.00,0.00,0.00,231.81,0.22,50.97,0.00,0.00,0.00
230.99,0.67,155.50,231.60,0.22,51.43,0.00,0.00,0.00,230.37,0.22,50.25,0.00,0.00,0.00
232.08,0.68,157.02,234.39,0.22,52.80,0.00,0.00,0.00,231.41,0.22,50.54,0.00,0.00,0.00
232.18,0.68,157.25,233.53,0.22,52.32,0.00,0.00,0.00,231.95,0.22,51.07,0.00,0.00,0.00
232.29,0.67,156.56,233.29,0.22,52.23,0.00,0.00,0.00,230.19,0.22,50.08,0.00,0.00,0.00
231.67,0.68,156.56,234.30,0.22,52.72,0.00,0.00,0.00,230.96,0.22,50.40,0.00,0.00,0.00
232.00,0.68,157.18,234.63,0.22,52.82,0.00,0.00,0.00,231.88,0.22,50.89,0.00,0.00,0.00
230.23,0.67,155.25,233.04,0.22,51.99,0.00,0.00,0.00,231.11,0.22,50.41,0.00,0.00,0.00
232.34,0.67,156.64,232.61,0.22,51.86,0.00,0.00,0.00,230.92,0.22,50.43,0.00,0.00,0.00
229.97,0.68,155.31,234.45,0.22,52.62,0.00,0.00,0.00,230.72,0.22,50.29,0.00,0.00,0.00
230.66,0.67,155.62,233.54,0.22,52.15,0.00,0.00,0.00,230.71,0.22,50.37,0.00,0.00,0.00
229.53,0.68,155.32,233.51,0.22,52.33,0.00,0.00,0.00,232.36,0.22,51.15,0.00,0.00,0.00
231.11,0.67,155.68,233.36,0.22,52.39,0.00,0.00,0.00,229.40,0.22,49.71,0.00,0.00,0.00
231.26,0.68,156.20,234.50,0.22,52.80,0.00,0.00,0.00,230.35,0.22,50.20,0.00,0.00,0.00
229.42,0.67,154.35,232.46,0.22,51.78,0.00,0.00,0.00,230.02,0.22,50.03,0.00,0.00,0.00
232.65,0.68,157.57,234.10,0.22,52.53,0.00,0.00,0.00,232.81,0.22,51.25,0.00,0.00,0.00
230.26,0.68,155.59,233.65,0.22,52.29,0.00,0.00,0.00,231.28,0.22,50.65,0.00,0.00,0.00
230.53,0.67,155.38,233.15,0.22,52.35,0.00,0.00,0.00,229.55,0.22,49.83,0.00,0.00,0.00
229.82,0.67,154.97,232.93,0.22,51.98,0.00,0.00,0.00,230.68,0.22,50.37,0.00,0.00,0.00
231.95,0.68,156.68,233.63,0.22,52.53,0.00,0.00,0.00,230.34,0.22,50.29,0.00,0.00,0.00
231.53,0.68,157.36,234.36,0.22,52.62,0.00,0.00,0.00,234.27,0.22,52.03,0.00,0.00,0.00
231.39,0.68,156.70,234.15,0.22,52.53,0.00,0.00,0.00,232.28,0.22,51.08,0.00,0.00,0.00
232.68,0.68,158.74,238.61,0.23,54.57,0.00,0.00,0.00,232.85,0.22,51.32,0.00,0.00,0.00
232.91,0.68,157.93,235.61,0.22,53.23,0.00,0.00,0.00,231.65,0.22,50.79,0.00,0.00,0.00
230.65,0.67,155.39,232.82,0.22,52.02,0.00,0.00,0.00,229.69,0.22,50.06,0.00,0.00,0.00
231.40,0.68,156.55,233.22,0.22,52.30,0.00,0.00,0.00,232.31,0.22,51.09,0.00,0.00,0.00
230.84,0.67,154.78,232.74,0.22,51.82,0.00,0.00,0.00,227.73,0.21,48.98,0.00,0.00,0.00
232.84,0.68,158.39,235.70,0.22,53.37,0.00,0.00,0.00,233.65,0.22,51.75,0.00,0.00,0.00
231.45,0.68,156.78,233.90,0.22,52.63,0.00,0.00,0.00,232.69,0.22,51.17,0.00,0.00,0.00
230.46,0.68,156.89,237.87,0.23,54.37,0.00,0.00,0.00,231.17,0.22,50.67,0.00,0.00,0.00
232.42,0.67,156.80,234.13,0.22,52.48,0.00,0.00,0.00,230.15,0.22,50.09,0.00,0.00,0.00
229.98,0.67,155.23,233.30,0.22,52.33,0.00,0.00,0.00,231.00,0.22,50.45,0.00,0.00,0.00
230.52,0.67,155.43,232.81,0.22,51.90,0.00,0.00,0.00,230.92,0.22,50.53,0.00,0.00,0.00
231.32,0.67,156.13,233.00,0.22,52.08,0.00,0.00,0.00,230.80,0.22,50.47,0.00,0.00,0.00
231.04,0.68,156.39,232.80,0.22,51.92,0.00,0.00,0.00,233.23,0.22,51.56,0.00,0.00,0.00
232.79,0.68,157.69,235.13,0.22,53.00,0.00,0.00,0.00,231.53,0.22,50.71,0.00,0.00,0.00
232.71,0.68,158.63,238.39,0.23,54.44,0.00,0.00,0.00,233.02,0.22,51.40,0.00,0.00,0.00
233.11,0.68,158.00,235.99,0.23,53.63,0.00,0.00,0.00,231.29,0.22,50.51,0.00,0.00,0.00
232.52,0.67,156.21,231.96,0.22,51.61,0.00,0.00,0.00,229.65,0.22,49.90,0.00,0.00,0.00
230.76,0.68,156.15,235.10,0.22,52.94,0.00,0.00,0.00,231.24,0.22,50.60,0.00,0.00,0.00
233.82,0.67,157.70,231.82,0.22,51.42,0.00,0.00,0.00,231.39,0.22,50.87,0.00,0.00,0.00
229.97,0.67,155.08,233.00,0.22,51.95,0.00,0.00,0.00,230.99,0.22,50.49,0.00,0.00,0.00
232.89,0.68,158.74,238.24,0.23,54.40,0.00,0.00,0.00,232.85,0.22,51.32,0.00,0.00,0.00
231.62,0.68,156.45,233.56,0.22,52.23,0.00,0.00,0.00,231.50,0.22,50.66,0.00,0.00,0.00
228.96,0.68,155.46,235.77,0.22,53.36,0.00,0.00,0.00,233.24,0.22,51.40,0.00,0.00,0.00
231.75,0.67,155.97,232.45,0.22,51.71,0.00,0.00,0.00,229.29,0.22,49.94,0.00,0.00,0.00
230.44,0.68,155.92,234.97,0.22,52.95,0.00,0.00,0.00,231.47,0.22,50.68,0.00,0.00,0.00
229.47,0.67,154.61,231.84,0.22,51.42,0.00,0.00,0.00,231.22,0.22,50.67,0.00,0.00,0.00
230.67,0.67,155.49,233.15,0.22,52.11,0.00,0.00,0.00,230.86,0.22,50.42,0.00,0.00,0.00
232.47,0.68,157.61,234.62,0.22,52.82,0.00,0.00,0.00,232.74,0.22,51.33,0.00,0.00,0.00
230.86,0.68,155.88,233.34,0.22,52.12,0.00,0.00,0.00,231.23,0.22,50.64,0.00,0.00,0.00
232.31,0.68,157.53,233.92,0.22,52.47,0.00,0.00,0.00,233.38,0.22,51.55,0.00,0.00,0.00
230.35,0.68,155.96,235.98,0.22,53.35,0.00,0.00,0.00,230.69,0.22,50.33,0.00,0.00,0.00
234.39,0.67,158.19,232.38,0.22,51.69,0.00,0.00,0.00,232.25,0.22,51.00,0.00,0.00,0.00
231.70,0.68,156.79,233.74,0.22,52.42,0.00,0.00,0.00,231.79,0.22,50.94,0.00,0.00,0.00
230.61,0.68,156.24,234.08,0.22,52.58,0.00,0.00,0.00,232.64,0.22,51.22,0.00,0.00,0.00
231.88,0.68,156.86,234.66,0.22,52.67,0.00,0.00,0.00,231.63,0.22,50.76,0.00,0.00,0.00
234.17,0.68,158.16,232.37,0.22,51.73,0.00,0.00,0.00,232.29,0.22,51.12,0.00,0.00,0.00
231.92,0.67,156.29,233.85,0.22,52.37,0.00,0.00,0.00,229.62,0.22,49.85,0.00,0.00,0.00
232.31,0.67,156.62,232.15,0.22,51.60,0.00,0.00,0.00,231.82,0.22,50.82,0.00,0.00,0.00
229.89,0.67,154.60,232.72,0.22,51.73,0.00,0.00,0.00,229.59,0.22,49.88,0.00,0.00,0.00
231.38,0.67,155.99,233.18,0.22,52.12,0.00,0.00,0.00,230.77,0.22,50.28,0.00,0.00,0.00
230.30,0.67,155.28,233.39,0.22,52.31,0.00,0.00,0.00,230.57,0.22,50.26,0.00,0.00,0.00
233.05,0.68,158.02,236.09,0.23,53.55,0.00,0.00,0.00,231.82,0.22,50.71,0.00,0.00,0.00
230.64,0.68,155.96,233.67,0.22,52.30,0.00,0.00,0.00,232.30,0.22,51.10,0.00,0.00,0.00
231.50,0.68,156.33,234.65,0.22,52.92,0.00,0.00,0.00,230.10,0.22,50.08,0.00,0.00,0.00
230.36,0.68,155.63,234.02,0.22,52.47,0.00,0.00,0.00,230.99,0.22,50.50,0.00,0.00,0.00
230.39,0.67,154.92,232.46,0.22,51.72,0.00,0.00,0.00,229.70,0.22,49.90,0.00,0.00,0.00
233.02,0.68,157.46,233.96,0.22,52.39,0.00,0.00,0.00,231.65,0.22,50.73,0.00,0.00,0.00
230.24,0.68,156.15,234.86,0.22,52.92,0.00,0.00,0.00,232.57,0.22,51.18,0.00,0.00,0.00
228.89,0.67,154.26,233.67,0.22,52.33,0.00,0.00,0.00,230.14,0.22,50.00,0.00,0.00,0.00
231.65,0.68,156.74,234.32,0.22,52.54,0.00,0.00,0.00,231.85,0.22,50.95,0.00,0.00,0.00
231.13,0.67,155.70,232.21,0.22,51.53,0.00,0.00,0.00,231.69,0.22,50.72,0.00,0.00,0.00
230.14,0.67,154.93,233.95,0.22,52.34,0.00,0.00,0.00,229.51,0.22,49.77,0.00,0.00,0.00
231.52,0.67,154.38,228.86,0.22,50.05,0.00,0.00,0.00,228.35,0.21,49.35,0.00,0.00,0.00
231.18,0.67,155.54,233.04,0.22,52.03,0.00,0.00,0.00,229.76,0.22,49.95,0.00,0.00,0.00
231.04,0.67,155.85,233.97,0.22,52.37,0.00,0.00,0.00,230.65,0.22,50.29,0.00,0.00,0.00
230.54,0.68,155.68,233.13,0.22,51.90,0.00,0.00,0.00,232.85,0.22,51.24,0.00,0.00,0.00
229.58,0.67,154.69,232.41,0.22,51.74,0.00,0.00,0.00,230.91,0.22,50.43,0.00,0.00,0.00
232.06,0.67,156.32,232.47,0.22,51.64,0.00,0.00,0.00,230.67,0.22,50.46,0.00,0.00,0.00
230.99,0.67,155.35,232.71,0.22,51.81,0.00,0.00,0.00,230.25,0.22,50.01,0.00,0.00,0.00
229.60,0.67,154.69,232.02,0.22,51.54,0.00,0.00,0.00,231.73,0.22,50.75,0.00,0.00,0.00
232.36,0.67,156.22,233.76,0.22,52.21,0.00,0.00,0.00,228.87,0.21,49.50,0.00,0.00,0.00
231.21,0.68,156.23,233.80,0.22,52.32,0.00,0.00,0.00,231.46,0.22,50.77,0.00,0.00,0.00
227.97,0.67,153.55,233.62,0.22,52.39,0.00,0.00,0.00,229.55,0.22,49.82,0.00,0.00,0.00
232.82,0.68,157.36,235.03,0.22,52.92,0.00,0.00,0.00,231.31,0.22,50.52,0.00,0.00,0.00
232.33,0.67,156.79,233.66,0.22,52.11,0.00,0.00,0.00,231.59,0.22,50.75,0.00,0.00,0.00
230.06,0.67,154.93,233.33,0.22,52.19,0.00,0.00,0.00,230.42,0.22,50.01,0.00,0.00,0.00
231.86,0.68,156.75,234.30,0.22,52.65,0.00,0.00,0.00,231.29,0.22,50.60,0.00,0.00,0.00
230.69,0.67,155.10,231.76,0.22,51.40,0.00,0.00,0.00,230.67,0.22,50.23,0.00,0.00,0.00
230.82,0.67,155.54,233.31,0.22,51.99,0.00,0.00,0.00,230.99,0.22,50.43,0.00,0.00,0.00
231.62,0.68,156.78,234.18,0.22,52.54,0.00,0.00,0.00,232.14,0.22,51.04,0.00,0.00,0.00
229.88,0.67,154.56,233.05,0.22,52.08,0.00,0.00,0.00,229.04,0.22,49.63,0.00,0.00,0.00
231.38,0.67,155.90,232.88,0.22,51.96,0.00,0.00,0.00,230.80,0.22,50.39,0.00,0.00,0.00
231.35,0.68,156.19,234.93,0.22,52.87,0.00,0.00,0.00,229.70,0.22,49.94,0.00,0.00,0.00
232.75,0.68,157.22,233.01,0.22,52.11,0.00,0.00,0.00,231.89,0.22,50.98,0.00,0.00,0.00
230.06,0.67,154.88,232.84,0.22,52.02,0.00,0.00,0.00,230.66,0.22,50.22,0.00,0.00,0.00
230.91,0.67,155.59,233.05,0.22,52.03,0.00,0.00,0.00,230.90,0.22,50.29,0.00,0.00,0.00
231.92,0.67,156.47,233.71,0.22,52.22,0.00,0.00,0.00,230.79,0.22,50.44,0.00,0.00,0.00
231.87,0.67,155.90,232.55,0.22,51.60,0.00,0.00,0.00,229.94,0.22,50.07,0.00,0.00,0.00
230.45,0.67,155.52,233.69,0.22,52.38,0.00,0.00,0.00,230.11,0.22,50.18,0.00,0.00,0.00
230.69,0.67,155.52,233.84,0.22,52.34,0.00,0.00,0.00,230.65,0.22,50.20,0.00,0.00,0.00
229.94,0.67,155.02,233.85,0.22,52.29,0.00,0.00,0.00,230.48,0.22,50.23,0.00,0.00,0.00
230.65,0.68,155.81,233.91,0.22,52.33,0.00,0.00,0.00,231.76,0.22,50.79,0.00,0.00,0.00
231.51,0.68,156.33,234.67,0.22,52.62,0.00,0.00,0.00,231.76,0.22,50.61,0.00,0.00,0.00
230.16,0.67,155.11,232.86,0.22,51.87,0.00,0.00,0.00,231.44,0.22,50.56,0.00,0.00,0.00
230.07,0.67,155.24,233.48,0.22,52.21,0.00,0.00,0.00,230.85,0.22,50.44,0.00,0.00,0.00
230.17,0.68,155.48,233.90,0.22,52.47,0.00,0.00,0.00,231.35,0.22,50.65,0.00,0.00,0.00
231.84,0.67,156.35,233.64,0.22,52.35,0.00,0.00,0.00,230.60,0.22,50.30,0.00,0.00,0.00
230.88,0.67,155.33,232.89,0.22,51.89,0.00,0.00,0.00,230.13,0.22,49.97,0.00,0.00,0.00
232.25,0.67,156.54,233.17,0.22,52.08,0.00,0.00,0.00,230.71,0.22,50.30,0.00,0.00,0.00
231.14,0.68,156.27,233.12,0.22,52.00,0.00,0.00,0.00,233.13,0.22,51.38,0.00,0.00,0.00
229.52,0.67,154.30,232.49,0.22,51.62,0.00,0.00,0.00,230.72,0.22,50.21,0.00,0.00,0.00
230.74,0.67,155.17,232.90,0.22,51.85,0.00,0.00,0.00,230.21,0.22,50.00,0.00,0.00,0.00
229.26,0.67,154.10,232.25,0.22,51.44,0.00,0.00,0.00,230.89,0.22,50.34,0.00,0.00,0.00
228.16,0.67,153.78,233.59,0.22,52.30,0.00,0.00,0.00,230.49,0.22,50.20,0.00,0.00,0.00
230.97,0.67,154.89,231.82,0.22,51.45,0.00,0.00,0.00,229.09,0.22,49.61,0.00,0.00,0.00
230.82,0.67,155.76,234.58,0.22,52.64,0.00,0.00,0.00,230.54,0.22,50.16,0.00,0.00,0.00
231.46,0.67,156.08,233.56,0.22,52.19,0.00,0.00,0.00,230.99,0.22,50.42,0.00,0.00,0.00
230.36,0.67,154.99,233.83,0.22,52.19,0.00,0.00,0.00,229.98,0.22,49.90,0.00,0.00,0.00
232.74,0.67,156.66,233.39,0.22,52.06,0.00,0.00,0.00,230.12,0.22,50.02,0.00,0.00,0.00
230.79,0.68,156.05,234.42,0.22,52.74,0.00,0.00,0.00,231.82,0.22,50.80,0.00,0.00,0.00
229.50,0.67,154.20,232.61,0.22,51.80,0.00,0.00,0.00,229.92,0.22,49.93,0.00,0.00,0.00
230.26,0.67,155.35,234.68,0.22,52.62,0.00,0.00,0.00,230.91,0.22,50.25,0.00,0.00,0.00
232.60,0.68,157.22,233.31,0.22,52.12,0.00,0.00,0.00,232.92,0.22,51.22,0.00,0.00,0.00
226.77,0.67,152.84,232.20,0.22,51.68,0.00,0.00,0.00,231.48,0.22,50.73,0.00,0.00,0.00
229.57,0.67,154.45,233.18,0.22,52.15,0.00,0.00,0.00,229.67,0.22,49.84,0.00,0.00,0.00
226.51,0.67,152.85,234.77,0.22,52.76,0.00,0.00,0.00,230.91,0.22,50.31,0.00,0.00,0.00
231.67,0.67,156.10,233.56,0.22,52.24,0.00,0.00,0.00,230.66,0.22,50.23,0.00,0.00,0.00
230.40,0.67,155.30,233.50,0.22,52.17,0.00,0.00,0.00,230.71,0.22,50.31,0.00,0.00,0.00
227.17,0.67,152.97,232.20,0.22,51.72,0.00,0.00,0.00,231.24,0.22,50.53,0.00,0.00,0.00
230.45,0.67,155.46,233.76,0.22,52.43,0.00,0.00,0.00,230.87,0.22,50.41,0.00,0.00,0.00
232.65,0.68,157.44,234.38,0.22,52.50,0.00,0.00,0.00,233.02,0.22,51.29,0.00,0.00,0.00
229.66,0.67,153.67,232.31,0.22,51.58,0.00,0.00,0.00,226.67,0.21,48.60,0.00,0.00,0.00
233.51,0.67,156.52,229.66,0.22,50.55,0.00,0.00,0.00,230.90,0.22,50.31,0.00,0.00,0.00
229.47,0.67,154.62,232.99,0.22,52.04,0.00,0.00,0.00,231.28,0.22,50.46,0.00,0.00,0.00
231.50,0.68,156.86,236.26,0.23,53.54,0.00,0.00,0.00,231.09,0.22,50.47,0.00,0.00,0.00
230.60,0.67,155.48,233.36,0.22,52.15,0.00,0.00,0.00,230.71,0.22,50.34,0.00,0.00,0.00
229.93,0.67,154.54,233.52,0.22,52.17,0.00,0.00,0.00,228.67,0.21,49.42,0.00,0.00,0.00
232.17,0.68,156.77,232.97,0.22,52.05,0.00,0.00,0.00,232.32,0.22,50.96,0.00,0.00,0.00
231.96,0.67,156.25,232.40,0.22,51.65,0.00,0.00,0.00,231.78,0.22,50.69,0.00,0.00,0.00
230.36,0.67,155.37,234.26,0.22,52.57,0.00,0.00,0.00,230.27,0.22,50.06,0.00,0.00,0.00
230.13,0.68,155.90,235.90,0.23,53.48,0.00,0.00,0.00,230.99,0.22,50.42,0.00,0.00,0.00
232.82,0.68,157.33,233.41,0.22,52.19,0.00,0.00,0.00,231.73,0.22,50.88,0.00,0.00,0.00
229.21,0.67,154.28,232.77,0.22,51.79,0.00,0.00,0.00,230.39,0.22,50.21,0.00,0.00,0.00
232.07,0.67,156.50,233.05,0.22,51.97,0.00,0.00,0.00,231.88,0.22,50.83,0.00,0.00,0.00
230.24,0.67,154.86,233.37,0.22,52.11,0.00,0.00,0.00,230.41,0.22,50.04,0.00,0.00,0.00
234.38,0.68,158.31,234.13,0.22,52.61,0.00,0.00,0.00,232.14,0.22,50.75,0.00,0.00,0.00
231.10,0.67,155.64,233.08,0.22,52.14,0.00,0.00,0.00,230.27,0.22,50.09,0.00,0.00,0.00
232.71,0.68,157.58,235.01,0.22,52.97,0.00,0.00,0.00,231.93,0.22,50.86,0.00,0.00,0.00
229.75,0.67,154.49,231.58,0.22,51.25,0.00,0.00,0.00,231.12,0.22,50.54,0.00,0.00,0.00
230.60,0.67,155.65,234.22,0.22,52.52,0.00,0.00,0.00,231.16,0.22,50.43,0.00,0.00,0.00
232.53,0.68,157.23,234.73,0.22,52.63,0.00,0.00,0.00,231.96,0.22,50.89,0.00,0.00,0.00
231.05,0.67,155.39,232.79,0.22,51.78,0.00,0.00,0.00,230.59,0.22,50.12,0.00,0.00,0.00
232.36,0.67,156.59,233.33,0.22,52.15,0.00,0.00,0.00,230.71,0.22,50.29,0.00,0.00,0.00
231.61,0.67,156.24,234.27,0.22,52.56,0.00,0.00,0.00,229.97,0.22,50.07,0.00,0.00,0.00
232.34,0.67,156.82,233.80,0.22,52.34,0.00,0.00,0.00,231.26,0.22,50.52,0.00,0.00,0.00
229.84,0.68,155.44,233.68,0.22,52.39,0.00,0.00,0.00,232.23,0.22,51.00,0.00,0.00,0.00
230.97,0.67,155.14,233.24,0.22,52.00,0.00,0.00,0.00,229.38,0.21,49.58,0.00,0.00,0.00
232.50,0.68,157.06,234.52,0.22,52.65,0.00,0.00,0.00,231.16,0.22,50.53,0.00,0.00,0.00
231.99,0.68,156.87,233.04,0.22,52.01,0.00,0.00,0.00,233.26,0.22,51.41,0.00,0.00,0.00
231.87,0.67,156.40,233.51,0.22,52.12,0.00,0.00,0.00,231.95,0.22,50.73,0.00,0.00,0.00
230.61,0.67,155.59,233.14,0.22,51.97,0.00,0.00,0.00,231.60,0.22,50.76,0.00,0.00,0.00
231.39,0.68,156.21,234.16,0.22,52.57,0.00,0.00,0.00,231.17,0.22,50.41,0.00,0.00,0.00
230.12,0.67,154.88,233.81,0.22,52.21,0.00,0.00,0.00,230.04,0.22,49.93,0.00,0.00,0.00
232.69,0.68,157.39,235.03,0.22,52.83,0.00,0.00,0.00,232.03,0.22,50.84,0.00,0.00,0.00
227.37,0.67,152.82,232.26,0.22,51.61,0.00,0.00,0.00,230.27,0.22,50.11,0.00,0.00,0.00
231.34,0.67,155.80,234.42,0.22,52.62,0.00,0.00,0.00,229.18,0.22,49.61,0.00,0.00,0.00
229.71,0.67,154.44,232.38,0.22,51.72,0.00,0.00,0.00,230.42,0.22,50.14,0.00,0.00,0.00
228.89,0.67,153.85,232.39,0.22,51.83,0.00,0.00,0.00,230.01,0.22,49.90,0.00,0.00,0.00
230.47,0.68,155.96,234.85,0.22,53.01,0.00,0.00,0.00,231.94,0.22,50.79,0.00,0.00,0.00
231.16,0.67,155.06,231.48,0.22,51.19,0.00,0.00,0.00,230.65,0.22,50.03,0.00,0.00,0.00
227.86,0.68,153.83,234.41,0.22,52.56,0.00,0.00,0.00,230.39,0.22,50.16,0.00,0.00,0.00
231.50,0.60,137.80,250.60,0.22,52.20,0.00,0.00,0.00,0.00,0.08,0.00,0.00,0.06,0.00
231.99,0.71,164.35,233.24,0.23,51.51,0.00,0.00,0.00,0.00,0.10,0.00,0.00,0.14,0.00
231.31,0.47,108.47,0.00,0.00,0.00,0.00,0.00,0.00,0.00,0.10,0.00,0.00,0.13,0.00
230.90,0.46,106.47,0.00,0.00,0.00,0.00,0.00,0.00,0.00,0.10,0.00,0.00,0.13,0.00
231.21,0.45,103.63,0.00,0.00,0.00,0.00,0.00,0.00,0.00,0.09,0.00,0.00,0.12,0.00
230.36,0.42,95.60,0.00,0.00,0.00,0.00,0.00,0.00,0.00,0.10,0.00,0.00,0.08,0.00
232.28,0.31,71.74,0.00,0.00,0.00,0.00,0.00,0.00,0.00,0.07,0.00,0.00,0.00,0.00
231.10,0.31,72.44,0.00,0.00,0.00,0.00,0.00,0.00,0.00,0.08,0.00,0.00,0.00,0.00
228.98,0.30,69.44,0.00,0.00,0.00,0.00,0.00,0.00,0.00,0.07,0.00,0.00,0.00,0.00
230.87,0.30,69.38,0.00,0.00,0.00,0.00,0.00,0.00,0.00,0.07,0.00,0.00,0.00,0.00
227.55,0.30,67.42,0.00,0.00,0.00,0.00,0.00,0.00,0.00,0.06,0.00,0.00,0.00,0.00
230.70,0.30,68.29,0.00,0.00,0.00,0.00,0.00,0.00,0.00,0.06,0.00,0.00,0.00,0.00
231.31,0.30,69.57,0.00,0.00,0.00,0.00,0.00,0.00,0.00,0.07,0.00,0.00,0.00,0.00
231.56,0.29,67.42,0.00,0.00,0.00,0.00,0.00,0.00,0.00,0.06,0.00,0.00,0.00,0.00
230.38,0.29,67.22,0.00,0.00,0.00,0.00,0.00,0.00,0.00,0.06,0.00,0.00,0.00,0.00
231.69,0.29,66.26,0.00,0.00,0.00,0.00,0.00,0.00,0.00,0.05,0.00,0.00,0.00,0.00
229.69,0.29,65.77,0.00,0.00,0.00,0.00,0.00,0.00,0.00,0.05,0.00,0.00,0.00,0.00
231.27,0.24,54.98,0.00,0.00,0.00,0.00,0.00,0.00,0.00,0.00,0.00,0.00,0.00,0.00
232.55,0.29,67.83,0.00,0.00,0.00,0.00,0.00,0.00,0.00,0.06,0.00,0.00,0.00,0.00
231.05,0.24,55.15,0.00,0.00,0.00,0.00,0.00,0.00,0.00,0.00,0.00,0.00,0.00,0.00
233.11,0.24,55.58,0.00,0.00,0.00,0.00,0.00,0.00,0.00,0.00,0.00,0.00,0.00,0.00
229.57,0.24,53.99,0.00,0.00,0.00,0.00,0.00,0.00,0.00,0.00,0.00,0.00,0.00,0.00
231.59,0.24,55.30,0.00,0.00,0.00,0.00,0.00,0.00,0.00,0.00,0.00,0.00,0.00,0.00
229.82,0.23,53.96,0.00,0.00,0.00,0.00,0.00,0.00,0.00,0.00,0.00,0.00,0.00,0.00
230.17,0.24,54.36,0.00,0.00,0.00,0.00,0.00,0.00,0.00,0.00,0.00,0.00,0.00,0.00
230.09,0.24,54.26,0.00,0.00,0.00,0.00,0.00,0.00,0.00,0.00,0.00,0.00,0.00,0.00
230.97,0.24,54.77,0.00,0.00,0.00,0.00,0.00,0.00,0.00,0.00,0.00,0.00,0.00,0.00
231.34,0.24,55.07,0.00,0.00,0.00,0.00,0.00,0.00,0.00,0.00,0.00,0.00,0.00,0.00
230.96,0.24,54.66,0.00,0.00,0.00,0.00,0.00,0.00,0.00,0.00,0.00,0.00,0.00,0.00
232.88,0.24,55.60,0.00,0.00,0.00,0.00,0.00,0.00,0.00,0.00,0.00,0.00,0.00,0.00
227.79,0.23,53.12,0.00,0.00,0.00,0.00,0.00,0.00,0.00,0.00,0.00,0.00,0.00,0.00
232.67,0.24,55.26,0.00,0.00,0.00,0.00,0.00,0.00,0.00,0.00,0.00,0.00,0.00,0.00
232.93,0.24,55.60,0.00,0.00,0.00,0.00,0.00,0.00,0.00,0.00,0.00,0.00,0.00,0.00
231.14,0.24,55.02,0.00,0.00,0.00,0.00,0.00,0.00,0.00,0.00,0.00,0.00,0.00,0.00
232.56,0.24,55.63,0.00,0.00,0.00,0.00,0.00,0.00,0.00,0.00,0.00,0.00,0.00,0.00
231.16,0.24,55.14,0.00,0.00,0.00,0.00,0.00,0.00,0.00,0.00,0.00,0.00,0.00,0.00
231.56,0.24,55.27,0.00,0.00,0.00,0.00,0.00,0.00,0.00,0.00,0.00,0.00,0.00,0.00
231.51,0.24,55.98,0.00,0.00,0.00,0.00,0.00,0.00,0.00,0.00,0.00,0.00,0.00,0.00
232.25,0.24,55.49,0.00,0.00,0.00,0.00,0.00,0.00,0.00,0.00,0.00,0.00,0.00,0.00
236.91,0.24,57.50,0.00,0.00,0.00,0.00,0.00,0.00,0.00,0.00,0.00,0.00,0.00,0.00
231.51,0.24,54.86,0.00,0.00,0.00,0.00,0.00,0.00,0.00,0.00,0.00,0.00,0.00,0.00
231.56,0.24,55.30,0.00,0.00,0.00,0.00,0.00,0.00,0.00,0.00,0.00,0.00,0.00,0.00
231.26,0.24,55.00,0.00,0.00,0.00,0.00,0.00,0.00,0.00,0.00,0.00,0.00,0.00,0.00
230.98,0.24,54.69,0.00,0.00,0.00,0.00,0.00,0.00,0.00,0.00,0.00,0.00,0.00,0.00
229.73,0.24,54.32,0.00,0.00,0.00,0.00,0.00,0.00,0.00,0.00,0.00,0.00,0.00,0.00
230.51,0.24,54.57,0.00,0.00,0.00,0.00,0.00,0.00,0.00,0.00,0.00,0.00,0.00,0.00
231.71,0.24,55.42,0.00,0.00,0.00,0.00,0.00,0.00,0.00,0.00,0.00,0.00,0.00,0.00
230.53,0.24,55.01,0.00,0.00,0.00,0.00,0.00,0.00,0.00,0.00,0.00,0.00,0.00,0.00
230.93,0.24,54.54,0.00,0.00,0.00,0.00,0.00,0.00,0.00,0.00,0.00,0.00,0.00,0.00
231.85,0.24,55.15,0.00,0.00,0.00,0.00,0.00,0.00,0.00,0.00,0.00,0.00,0.00,0.00
231.14,0.24,54.79,0.00,0.00,0.00,0.00,0.00,0.00,0.00,0.00,0.00,0.00,0.00,0.00
229.62,0.24,54.21,0.00,0.00,0.00,0.00,0.00,0.00,0.00,0.00,0.00,0.00,0.00,0.00
231.55,0.24,54.98,0.00,0.00,0.00,0.00,0.00,0.00,0.00,0.00,0.00,0.00,0.00,0.00
230.56,0.24,54.52,0.00,0.00,0.00,0.00,0.00,0.00,0.00,0.00,0.00,0.00,0.00,0.00
231.23,0.24,54.88,0.00,0.00,0.00,0.00,0.00,0.00,0.00,0.00,0.00,0.00,0.00,0.00
231.83,0.24,55.19,0.00,0.00,0.00,0.00,0.00,0.00,0.00,0.00,0.00,0.00,0.00,0.00
232.95,0.24,55.73,0.00,0.00,0.00,0.00,0.00,0.00,0.00,0.00,0.00,0.00,0.00,0.00
230.42,0.24,54.73,0.00,0.00,0.00,0.00,0.00,0.00,0.00,0.00,0.00,0.00,0.00,0.00
231.59,0.24,55.15,0.00,0.00,0.00,0.00,0.00,0.00,0.00,0.00,0.00,0.00,0.00,0.00
226.86,0.23,52.64,0.00,0.00,0.00,0.00,0.00,0.00,0.00,0.00,0.00,0.00,0.00,0.00
229.07,0.24,53.95,0.00,0.00,0.00,0.00,0.00,0.00,0.00,0.00,0.00,0.00,0.00,0.00
229.92,0.24,54.51,0.00,0.00,0.00,0.00,0.00,0.00,0.00,0.00,0.00,0.00,0.00,0.00
229.76,0.24,54.53,0.00,0.00,0.00,0.00,0.00,0.00,0.00,0.00,0.00,0.00,0.00,0.00
229.42,0.24,54.06,0.00,0.00,0.00,0.00,0.00,0.00,0.00,0.00,0.00,0.00,0.00,0.00
230.72,0.24,54.92,0.00,0.00,0.00,0.00,0.00,0.00,0.00,0.00,0.00,0.00,0.00,0.00
230.37,0.24,54.65,0.00,0.00,0.00,0.00,0.00,0.00,0.00,0.00,0.00,0.00,0.00,0.00
231.68,0.24,54.83,0.00,0.00,0.00,0.00,0.00,0.00,0.00,0.00,0.00,0.00,0.00,0.00
231.19,0.24,54.85,0.00,0.00,0.00,0.00,0.00,0.00,0.00,0.00,0.00,0.00,0.00,0.00
229.64,0.24,54.43,0.00,0.00,0.00,0.00,0.00,0.00,0.00,0.00,0.00,0.00,0.00,0.00
230.21,0.24,54.62,0.00,0.00,0.00,0.00,0.00,0.00,0.00,0.00,0.00,0.00,0.00,0.00
230.77,0.24,54.84,0.00,0.00,0.00,0.00,0.00,0.00,0.00,0.00,0.00,0.00,0.00,0.00
229.58,0.24,54.30,0.00,0.00,0.00,0.00,0.00,0.00,0.00,0.00,0.00,0.00,0.00,0.00
231.38,0.24,55.07,0.00,0.00,0.00,0.00,0.00,0.00,0.00,0.00,0.00,0.00,0.00,0.00
230.49,0.24,54.25,0.00,0.00,0.00,0.00,0.00,0.00,0.00,0.00,0.00,0.00,0.00,0.00
231.71,0.24,55.34,0.00,0.00,0.00,0.00,0.00,0.00,0.00,0.00,0.00,0.00,0.00,0.00
230.45,0.24,54.44,0.00,0.00,0.00,0.00,0.00,0.00,0.00,0.00,0.00,0.00,0.00,0.00
232.07,0.24,54.97,0.00,0.00,0.00,0.00,0.00,0.00,0.00,0.00,0.00,0.00,0.00,0.00
229.57,0.24,54.55,0.00,0.00,0.00,0.00,0.00,0.00,0.00,0.00,0.00,0.00,0.00,0.00
230.66,0.24,54.84,0.00,0.00,0.00,0.00,0.00,0.00,0.00,0.00,0.00,0.00,0.00,0.00
231.08,0.24,54.86,0.00,0.00,0.00,0.00,0.00,0.00,0.00,0.00,0.00,0.00,0.00,0.00
229.54,0.24,54.55,0.00,0.00,0.00,0.00,0.00,0.00,0.00,0.00,0.00,0.00,0.00,0.00
229.78,0.24,54.30,0.00,0.00,0.00,0.00,0.00,0.00,0.00,0.00,0.00,0.00,0.00,0.00
230.11,0.24,54.37,0.00,0.00,0.00,0.00,0.00,0.00,0.00,0.00,0.00,0.00,0.00,0.00
230.30,0.24,54.40,0.00,0.00,0.00,0.00,0.00,0.00,0.00,0.00,0.00,0.00,0.00,0.00
232.20,0.24,55.53,0.00,0.00,0.00,0.00,0.00,0.00,0.00,0.00,0.00,0.00,0.00,0.00
233.14,0.24,56.41,0.00,0.00,0.00,0.00,0.00,0.00,0.00,0.00,0.00,0.00,0.00,0.00
233.47,0.24,56.28,0.00,0.00,0.00,0.00,0.00,0.00,0.00,0.00,0.00,0.00,0.00,0.00
230.40,0.24,54.41,0.00,0.00,0.00,0.00,0.00,0.00,0.00,0.00,0.00,0.00,0.00,0.00
229.75,0.24,54.41,0.00,0.00,0.00,0.00,0.00,0.00,0.00,0.00,0.00,0.00,0.00,0.00
229.69,0.24,54.51,0.00,0.00,0.00,0.00,0.00,0.00,0.00,0.00,0.00,0.00,0.00,0.00
230.91,0.24,54.60,0.00,0.00,0.00,0.00,0.00,0.00,0.00,0.00,0.00,0.00,0.00,0.00
230.89,0.24,54.99,0.00,0.00,0.00,0.00,0.00,0.00,0.00,0.00,0.00,0.00,0.00,0.00
229.17,0.24,54.10,0.00,0.00,0.00,0.00,0.00,0.00,0.00,0.00,0.00,0.00,0.00,0.00
230.10,0.24,54.44,0.00,0.00,0.00,0.00,0.00,0.00,0.00,0.00,0.00,0.00,0.00,0.00
232.69,0.24,55.78,0.00,0.00,0.00,0.00,0.00,0.00,0.00,0.00,0.00,0.00,0.00,0.00
233.69,0.24,56.40,0.00,0.00,0.00,0.00,0.00,0.00,0.00,0.00,0.00,0.00,0.00,0.00
230.00,0.24,54.41,0.00,0.00,0.00,0.00,0.00,0.00,0.00,0.00,0.00,0.00,0.00,0.00
230.00,0.24,54.40,0.00,0.00,0.00,0.00,0.00,0.00,0.00,0.00,0.00,0.00,0.00,0.00
229.61,0.24,54.15,0.00,0.00,0.00,0.00,0.00,0.00,0.00,0.00,0.00,0.00,0.00,0.00
230.11,0.24,54.38,0.00,0.00,0.00,0.00,0.00,0.00,0.00,0.00,0.00,0.00,0.00,0.00
229.94,0.24,54.44,0.00,0.00,0.00,0.00,0.00,0.00,0.00,0.00,0.00,0.00,0.00,0.00
232.73,0.24,55.51,0.00,0.00,0.00,0.00,0.00,0.00,0.00,0.00,0.00,0.00,0.00,0.00
230.02,0.24,54.35,0.00,0.00,0.00,0.00,0.00,0.00,0.00,0.00,0.00,0.00,0.00,0.00
231.19,0.24,54.48,0.00,0.00,0.00,0.00,0.00,0.00,0.00,0.00,0.00,0.00,0.00,0.00
232.13,0.24,55.21,0.00,0.00,0.00,0.00,0.00,0.00,0.00,0.00,0.00,0.00,0.00,0.00
231.01,0.24,54.88,0.00,0.00,0.00,0.00,0.00,0.00,0.00,0.00,0.00,0.00,0.00,0.00
231.32,0.24,55.25,0.00,0.00,0.00,0.00,0.00,0.00,0.00,0.00,0.00,0.00,0.00,0.00
232.47,0.24,55.49,0.00,0.00,0.00,0.00,0.00,0.00,0.00,0.00,0.00,0.00,0.00,0.00
229.14,0.24,54.11,0.00,0.00,0.00,0.00,0.00,0.00,0.00,0.00,0.00,0.00,0.00,0.00
231.25,0.24,54.87,0.00,0.00,0.00,0.00,0.00,0.00,0.00,0.00,0.00,0.00,0.00,0.00
227.27,0.23,52.88,0.00,0.00,0.00,0.00,0.00,0.00,0.00,0.00,0.00,0.00,0.00,0.00
231.36,0.24,55.43,0.00,0.00,0.00,0.00,0.00,0.00,0.00,0.00,0.00,0.00,0.00,0.00
231.02,0.24,54.88,0.00,0.00,0.00,0.00,0.00,0.00,0.00,0.00,0.00,0.00,0.00,0.00
231.39,0.24,54.97,0.00,0.00,0.00,0.00,0.00,0.00,0.00,0.00,0.00,0.00,0.00,0.00
229.69,0.24,54.03,0.00,0.00,0.00,0.00,0.00,0.00,0.00,0.00,0.00,0.00,0.00,0.00
229.07,0.24,53.93,0.00,0.00,0.00,0.00,0.00,0.00,0.00,0.00,0.00,0.00,0.00,0.00
228.72,0.23,53.54,0.00,0.00,0.00,0.00,0.00,0.00,0.00,0.00,0.00,0.00,0.00,0.00
231.24,0.24,54.64,0.00,0.00,0.00,0.00,0.00,0.00,0.00,0.00,0.00,0.00,0.00,0.00
231.04,0.24,54.80,0.00,0.00,0.00,0.00,0.00,0.00,0.00,0.00,0.00,0.00,0.00,0.00
233.19,0.24,55.62,0.00,0.00,0.00,0.00,0.00,0.00,0.00,0.00,0.00,0.00,0.00,0.00
233.20,0.24,55.93,0.00,0.00,0.00,0.00,0.00,0.00,0.00,0.00,0.00,0.00,0.00,0.00
232.30,0.24,55.26,0.00,0.00,0.00,0.00,0.00,0.00,0.00,0.00,0.00,0.00,0.00,0.00
231.45,0.24,54.98,0.00,0.00,0.00,0.00,0.00,0.00,0.00,0.00,0.00,0.00,0.00,0.00
230.67,0.24,54.42,0.00,0.00,0.00,0.00,0.00,0.00,0.00,0.00,0.00,0.00,0.00,0.00
230.49,0.24,54.64,0.00,0.00,0.00,0.00,0.00,0.00,0.00,0.00,0.00,0.00,0.00,0.00
229.48,0.24,54.27,0.00,0.00,0.00,0.00,0.00,0.00,0.00,0.00,0.00,0.00,0.00,0.00
230.54,0.24,54.57,0.00,0.00,0.00,0.00,0.00,0.00,0.00,0.00,0.00,0.00,0.00,0.00
233.13,0.24,56.16,0.00,0.00,0.00,0.00,0.00,0.00,0.00,0.00,0.00,0.00,0.00,0.00
232.83,0.24,55.84,0.00,0.00,0.00,0.00,0.00,0.00,0.00,0.00,0.00,0.00,0.00,0.00
231.83,0.24,55.28,0.00,0.00,0.00,0.00,0.00,0.00,0.00,0.00,0.00,0.00,0.00,0.00
232.15,0.24,55.52,0.00,0.00,0.00,0.00,0.00,0.00,0.00,0.00,0.00,0.00,0.00,0.00
229.67,0.46,104.65,0.00,0.00,0.00,0.00,0.00,0.00,232.36,0.22,51.33,0.00,0.00,0.00
230.87,0.45,104.97,0.00,0.00,0.00,0.00,0.00,0.00,231.84,0.22,50.94,0.00,0.00,0.00
230.96,0.46,105.09,0.00,0.00,0.00,0.00,0.00,0.00,232.31,0.22,51.15,0.00,0.00,0.00
230.68,0.45,104.91,0.00,0.00,0.00,0.00,0.00,0.00,232.37,0.22,51.11,0.00,0.00,0.00
232.63,0.45,105.42,0.00,0.00,0.00,0.00,0.00,0.00,230.57,0.22,50.37,0.00,0.00,0.00
232.48,0.45,105.34,0.00,0.00,0.00,0.00,0.00,0.00,230.83,0.22,50.42,0.00,0.00,0.00
230.58,0.45,104.80,0.00,0.00,0.00,0.00,0.00,0.00,232.34,0.22,51.08,0.00,0.00,0.00
231.81,0.45,104.52,0.00,0.00,0.00,0.00,0.00,0.00,228.36,0.22,49.38,0.00,0.00,0.00
231.34,0.45,105.01,0.00,0.00,0.00,0.00,0.00,0.00,231.29,0.22,50.74,0.00,0.00,0.00
229.62,0.45,104.39,0.00,0.00,0.00,0.00,0.00,0.00,232.52,0.22,51.15,0.00,0.00,0.00
231.40,0.45,104.98,0.00,0.00,0.00,0.00,0.00,0.00,231.28,0.22,50.67,0.00,0.00,0.00
229.63,0.45,104.21,0.00,0.00,0.00,0.00,0.00,0.00,231.37,0.22,50.75,0.00,0.00,0.00
231.42,0.45,104.98,0.00,0.00,0.00,0.00,0.00,0.00,232.54,0.22,50.96,0.00,0.00,0.00
231.67,0.45,105.38,0.00,0.00,0.00,0.00,0.00,0.00,232.44,0.22,51.23,0.00,0.00,0.00
231.18,0.45,104.80,0.00,0.00,0.00,0.00,0.00,0.00,231.35,0.22,50.63,0.00,0.00,0.00
229.64,0.45,103.95,0.00,0.00,0.00,0.00,0.00,0.00,230.71,0.22,50.33,0.00,0.00,0.00
232.88,0.45,105.02,0.00,0.00,0.00,0.00,0.00,0.00,228.91,0.22,49.56,0.00,0.00,0.00
232.60,0.45,105.37,0.00,0.00,0.00,0.00,0.00,0.00,230.92,0.22,50.45,0.00,0.00,0.00
230.24,0.45,104.42,0.00,0.00,0.00,0.00,0.00,0.00,231.77,0.22,50.79,0.00,0.00,0.00
231.40,0.45,104.58,0.00,0.00,0.00,0.00,0.00,0.00,230.10,0.22,50.04,0.00,0.00,0.00
231.87,0.45,104.84,0.00,0.00,0.00,0.00,0.00,0.00,230.17,0.22,50.11,0.00,0.00,0.00
232.23,0.45,104.30,0.00,0.00,0.00,0.00,0.00,0.00,226.41,0.21,48.62,0.00,0.00,0.00
228.89,0.45,103.72,0.00,0.00,0.00,0.00,0.00,0.00,231.24,0.22,50.61,0.00,0.00,0.00
232.09,0.45,104.85,0.00,0.00,0.00,0.00,0.00,0.00,230.14,0.22,50.03,0.00,0.00,0.00
230.98,0.45,104.64,0.00,0.00,0.00,0.00,0.00,0.00,231.50,0.22,50.63,0.00,0.00,0.00
229.53,0.45,103.58,0.00,0.00,0.00,0.00,0.00,0.00,229.35,0.22,49.76,0.00,0.00,0.00
231.14,0.45,104.32,0.00,0.00,0.00,0.00,0.00,0.00,229.62,0.22,49.83,0.00,0.00,0.00
230.75,0.45,104.51,0.00,0.00,0.00,0.00,0.00,0.00,230.75,0.22,50.43,0.00,0.00,0.00
226.79,0.45,102.92,0.00,0.00,0.00,0.00,0.00,0.00,231.80,0.22,50.89,0.00,0.00,0.00
231.27,0.45,104.76,0.00,0.00,0.00,0.00,0.00,0.00,231.12,0.22,50.54,0.00,0.00,0.00
231.08,0.45,104.45,0.00,0.00,0.00,0.00,0.00,0.00,230.13,0.22,50.09,0.00,0.00,0.00
232.47,0.45,105.16,0.00,0.00,0.00,0.00,0.00,0.00,230.53,0.22,50.28,0.00,0.00,0.00
230.34,0.45,103.92,0.00,0.00,0.00,0.00,0.00,0.00,229.30,0.22,49.71,0.00,0.00,0.00
230.36,0.45,103.97,0.00,0.00,0.00,0.00,0.00,0.00,229.66,0.22,49.85,0.00,0.00,0.00
231.06,0.45,104.43,0.00,0.00,0.00,0.00,0.00,0.00,230.13,0.22,50.12,0.00,0.00,0.00
229.41,0.45,104.03,0.00,0.00,0.00,0.00,0.00,0.00,231.77,0.22,50.81,0.00,0.00,0.00
231.58,0.45,104.65,0.00,0.00,0.00,0.00,0.00,0.00,229.94,0.22,50.05,0.00,0.00,0.00
233.33,0.45,105.76,0.00,0.00,0.00,0.00,0.00,0.00,231.32,0.22,50.69,0.00,0.00,0.00
229.70,0.45,104.11,0.00,0.00,0.00,0.00,0.00,0.00,231.59,0.22,50.73,0.00,0.00,0.00
231.65,0.45,104.82,0.00,0.00,0.00,0.00,0.00,0.00,230.92,0.22,50.38,0.00,0.00,0.00
229.05,0.45,103.67,0.00,0.00,0.00,0.00,0.00,0.00,230.77,0.22,50.42,0.00,0.00,0.00
231.55,0.45,105.06,0.00,0.00,0.00,0.00,0.00,0.00,231.73,0.22,50.86,0.00,0.00,0.00
232.34,0.45,105.59,0.00,0.00,0.00,0.00,0.00,0.00,233.01,0.22,51.30,0.00,0.00,0.00
230.61,0.45,103.91,0.00,0.00,0.00,0.00,0.00,0.00,229.22,0.22,49.62,0.00,0.00,0.00
232.40,0.45,104.93,0.00,0.00,0.00,0.00,0.00,0.00,230.20,0.22,50.03,0.00,0.00,0.00
229.48,0.45,103.79,0.00,0.00,0.00,0.00,0.00,0.00,230.94,0.22,50.38,0.00,0.00,0.00
229.53,0.45,103.84,0.00,0.00,0.00,0.00,0.00,0.00,230.81,0.22,50.41,0.00,0.00,0.00
230.55,0.45,104.31,0.00,0.00,0.00,0.00,0.00,0.00,231.43,0.22,50.50,0.00,0.00,0.00
231.76,0.45,104.87,0.00,0.00,0.00,0.00,0.00,0.00,230.84,0.22,50.41,0.00,0.00,0.00
232.50,0.45,105.25,0.00,0.00,0.00,0.00,0.00,0.00,231.75,0.22,50.62,0.00,0.00,0.00
231.05,0.45,104.53,0.00,0.00,0.00,0.00,0.00,0.00,230.97,0.22,50.39,0.00,0.00,0.00
229.56,0.45,103.77,0.00,0.00,0.00,0.00,0.00,0.00,230.59,0.22,50.27,0.00,0.00,0.00
230.21,0.45,104.25,0.00,0.00,0.00,0.00,0.00,0.00,231.51,0.22,50.63,0.00,0.00,0.00
228.89,0.45,103.42,0.00,0.00,0.00,0.00,0.00,0.00,230.16,0.22,50.11,0.00,0.00,0.00
229.79,0.45,103.47,0.00,0.00,0.00,0.00,0.00,0.00,228.91,0.22,49.49,0.00,0.00,0.00
232.22,0.45,104.80,0.00,0.00,0.00,0.00,0.00,0.00,229.95,0.22,49.94,0.00,0.00,0.00
230.12,0.45,103.93,0.00,0.00,0.00,0.00,0.00,0.00,230.54,0.22,50.12,0.00,0.00,0.00
229.31,0.45,104.12,0.00,0.00,0.00,0.00,0.00,0.00,232.92,0.22,51.22,0.00,0.00,0.00
231.48,0.45,104.54,0.00,0.00,0.00,0.00,0.00,0.00,230.86,0.22,50.21,0.00,0.00,0.00
229.21,0.45,102.98,0.00,0.00,0.00,0.00,0.00,0.00,228.06,0.21,49.07,0.00,0.00,0.00
230.06,0.45,103.69,0.00,0.00,0.00,0.00,0.00,0.00,229.63,0.22,49.74,0.00,0.00,0.00
229.69,0.45,103.46,0.00,0.00,0.00,0.00,0.00,0.00,229.40,0.22,49.63,0.00,0.00,0.00
229.88,0.45,103.92,0.00,0.00,0.00,0.00,0.00,0.00,230.77,0.22,50.31,0.00,0.00,0.00
232.03,0.45,104.84,0.00,0.00,0.00,0.00,0.00,0.00,230.61,0.22,50.19,0.00,0.00,0.00
232.52,0.45,105.59,0.00,0.00,0.00,0.00,0.00,0.00,232.70,0.22,51.20,0.00,0.00,0.00
235.00,0.45,106.20,0.00,0.00,0.00,0.00,0.00,0.00,231.24,0.22,50.34,0.00,0.00,0.00
229.67,0.45,103.87,0.00,0.00,0.00,0.00,0.00,0.00,231.69,0.22,50.58,0.00,0.00,0.00
229.57,0.45,103.94,0.00,0.00,0.00,0.00,0.00,0.00,231.24,0.22,50.56,0.00,0.00,0.00
229.01,0.45,103.30,0.00,0.00,0.00,0.00,0.00,0.00,229.44,0.22,49.81,0.00,0.00,0.00
231.62,0.45,104.72,0.00,0.00,0.00,0.00,0.00,0.00,231.25,0.22,50.43,0.00,0.00,0.00
232.83,0.45,105.69,0.00,0.00,0.00,0.00,0.00,0.00,232.77,0.22,51.17,0.00,0.00,0.00
232.89,0.45,105.68,0.00,0.00,0.00,0.00,0.00,0.00,232.29,0.22,51.04,0.00,0.00,0.00
230.74,0.45,104.57,0.00,0.00,0.00,0.00,0.00,0.00,232.18,0.22,50.90,0.00,0.00,0.00
232.50,0.45,104.68,0.00,0.00,0.00,0.00,0.00,0.00,229.32,0.22,49.58,0.00,0.00,0.00
229.02,0.46,104.51,0.00,0.00,0.00,0.00,0.00,0.00,235.81,0.22,52.49,0.00,0.00,0.00
229.06,0.45,103.73,0.00,0.00,0.00,0.00,0.00,0.00,231.99,0.22,50.75,0.00,0.00,0.00
230.59,0.45,104.32,0.00,0.00,0.00,0.00,0.00,0.00,231.39,0.22,50.57,0.00,0.00,0.00
232.35,0.45,105.44,0.00,0.00,0.00,0.00,0.00,0.00,233.01,0.22,51.20,0.00,0.00,0.00
226.13,0.45,102.12,0.00,0.00,0.00,0.00,0.00,0.00,230.41,0.22,50.09,0.00,0.00,0.00
231.06,0.45,104.63,0.00,0.00,0.00,0.00,0.00,0.00,231.73,0.22,50.71,0.00,0.00,0.00
230.07,0.45,103.78,0.00,0.00,0.00,0.00,0.00,0.00,229.73,0.22,49.85,0.00,0.00,0.00
229.95,0.45,103.65,0.00,0.00,0.00,0.00,0.00,0.00,229.37,0.22,49.71,0.00,0.00,0.00
231.49,0.45,104.24,0.00,0.00,0.00,0.00,0.00,0.00,229.48,0.22,49.62,0.00,0.00,0.00
231.10,0.45,104.31,0.00,0.00,0.00,0.00,0.00,0.00,230.12,0.22,50.01,0.00,0.00,0.00
229.51,0.45,103.94,0.00,0.00,0.00,0.00,0.00,0.00,231.53,0.22,50.66,0.00,0.00,0.00
228.08,0.45,103.56,0.00,0.00,0.00,0.00,0.00,0.00,232.82,0.22,51.23,0.00,0.00,0.00
229.78,0.45,103.79,0.00,0.00,0.00,0.00,0.00,0.00,230.40,0.22,50.13,0.00,0.00,0.00
230.90,0.45,103.96,0.00,0.00,0.00,0.00,0.00,0.00,228.88,0.22,49.46,0.00,0.00,0.00
231.72,0.45,104.43,0.00,0.00,0.00,0.00,0.00,0.00,230.05,0.22,49.86,0.00,0.00,0.00
231.10,0.45,104.80,0.00,0.00,0.00,0.00,0.00,0.00,232.39,0.22,50.97,0.00,0.00,0.00
230.94,0.45,103.97,0.00,0.00,0.00,0.00,0.00,0.00,229.63,0.22,49.63,0.00,0.00,0.00
230.98,0.45,104.16,0.00,0.00,0.00,0.00,0.00,0.00,230.03,0.22,49.91,0.00,0.00,0.00
232.71,0.45,105.41,0.00,0.00,0.00,0.00,0.00,0.00,231.81,0.22,50.76,0.00,0.00,0.00
230.25,0.45,104.23,0.00,0.00,0.00,0.00,0.00,0.00,231.95,0.22,50.71,0.00,0.00,0.00
229.71,0.45,103.63,0.00,0.00,0.00,0.00,0.00,0.00,230.33,0.22,50.03,0.00,0.00,0.00
231.48,0.45,104.78,0.00,0.00,0.00,0.00,0.00,0.00,231.23,0.22,50.57,0.00,0.00,0.00
227.96,0.45,103.02,0.00,0.00,0.00,0.00,0.00,0.00,230.55,0.22,50.24,0.00,0.00,0.00
230.94,0.45,104.60,0.00,0.00,0.00,0.00,0.00,0.00,231.93,0.22,50.77,0.00,0.00,0.00
228.81,0.45,103.62,0.00,0.00,0.00,0.00,0.00,0.00,231.63,0.22,50.68,0.00,0.00,0.00
229.48,0.45,103.85,0.00,0.00,0.00,0.00,0.00,0.00,231.25,0.22,50.53,0.00,0.00,0.00
231.47,0.45,104.19,0.00,0.00,0.00,0.00,0.00,0.00,229.29,0.21,49.57,0.00,0.00,0.00
230.19,0.45,104.03,0.00,0.00,0.00,0.00,0.00,0.00,230.65,0.22,50.28,0.00,0.00,0.00
230.72,0.45,104.26,0.00,0.00,0.00,0.00,0.00,0.00,231.26,0.22,50.38,0.00,0.00,0.00
231.30,0.45,104.32,0.00,0.00,0.00,0.00,0.00,0.00,230.20,0.22,49.94,0.00,0.00,0.00
231.95,0.45,104.72,0.00,0.00,0.00,0.00,0.00,0.00,230.78,0.22,50.17,0.00,0.00,0.00
230.30,0.45,104.31,0.00,0.00,0.00,0.00,0.00,0.00,231.88,0.22,50.78,0.00,0.00,0.00
231.71,0.45,105.20,0.00,0.00,0.00,0.00,0.00,0.00,232.60,0.22,51.18,0.00,0.00,0.00
230.88,0.45,104.19,0.00,0.00,0.00,0.00,0.00,0.00,230.23,0.22,50.01,0.00,0.00,0.00
229.34,0.45,103.30,0.00,0.00,0.00,0.00,0.00,0.00,229.46,0.22,49.67,0.00,0.00,0.00
229.14,0.45,103.27,0.00,0.00,0.00,0.00,0.00,0.00,229.66,0.22,49.78,0.00,0.00,0.00
231.44,0.45,104.66,0.00,0.00,0.00,0.00,0.00,0.00,231.12,0.22,50.43,0.00,0.00,0.00
229.76,0.45,103.93,0.00,0.00,0.00,0.00,0.00,0.00,231.03,0.22,50.44,0.00,0.00,0.00
228.72,0.45,103.06,0.00,0.00,0.00,0.00,0.00,0.00,229.95,0.22,49.82,0.00,0.00,0.00
231.31,0.45,104.42,0.00,0.00,0.00,0.00,0.00,0.00,230.26,0.22,50.09,0.00,0.00,0.00
231.57,0.45,104.74,0.00,0.00,0.00,0.00,0.00,0.00,231.27,0.22,50.47,0.00,0.00,0.00
230.74,0.45,104.27,0.00,0.00,0.00,0.00,0.00,0.00,231.08,0.22,50.35,0.00,0.00,0.00
229.63,0.45,103.37,0.00,0.00,0.00,0.00,0.00,0.00,228.82,0.22,49.59,0.00,0.00,0.00
229.93,0.45,103.63,0.00,0.00,0.00,0.00,0.00,0.00,230.09,0.22,49.86,0.00,0.00,0.00
229.38,0.45,103.30,0.00,0.00,0.00,0.00,0.00,0.00,229.59,0.22,49.67,0.00,0.00,0.00
232.76,0.45,105.30,0.00,0.00,0.00,0.00,0.00,0.00,232.07,0.22,50.67,0.00,0.00,0.00
232.33,0.45,105.28,0.00,0.00,0.00,0.00,0.00,0.00,232.49,0.22,50.95,0.00,0.00,0.00
231.12,0.45,104.60,0.00,0.00,0.00,0.00,0.00,0.00,231.39,0.22,50.57,0.00,0.00,0.00
229.06,0.45,103.82,0.00,0.00,0.00,0.00,0.00,0.00,232.29,0.22,50.94,0.00,0.00,0.00
230.15,0.45,103.98,0.00,0.00,0.00,0.00,0.00,0.00,230.80,0.22,50.29,0.00,0.00,0.00
232.27,0.45,105.19,0.00,0.00,0.00,0.00,0.00,0.00,231.56,0.22,50.71,0.00,0.00,0.00
231.41,0.45,104.46,0.00,0.00,0.00,0.00,0.00,0.00,230.91,0.22,50.18,0.00,0.00,0.00
230.83,0.45,104.36,0.00,0.00,0.00,0.00,0.00,0.00,231.00,0.22,50.38,0.00,0.00,0.00
230.66,0.45,104.46,0.00,0.00,0.00,0.00,0.00,0.00,231.62,0.22,50.67,0.00,0.00,0.00
230.22,0.45,104.03,0.00,0.00,0.00,0.00,0.00,0.00,230.82,0.22,50.32,0.00,0.00,0.00
228.72,0.45,103.36,0.00,0.00,0.00,0.00,0.00,0.00,231.00,0.22,50.33,0.00,0.00,0.00
232.60,0.45,105.22,0.00,0.00,0.00,0.00,0.00,0.00,231.56,0.22,50.58,0.00,0.00,0.00
231.67,0.45,104.76,0.00,0.00,0.00,0.00,0.00,0.00,231.02,0.22,50.42,0.00,0.00,0.00
229.09,0.45,103.56,0.00,0.00,0.00,0.00,0.00,0.00,231.72,0.22,50.53,0.00,0.00,0.00
228.53,0.45,103.01,0.00,0.00,0.00,0.00,0.00,0.00,229.62,0.22,49.80,0.00,0.00,0.00
230.85,0.45,104.07,0.00,0.00,0.00,0.00,0.00,0.00,229.75,0.22,49.81,0.00,0.00,0.00
231.77,0.45,104.74,0.00,0.00,0.00,0.00,0.00,0.00,230.71,0.22,50.24,0.00,0.00,0.00
235.07,0.45,106.55,0.00,0.00,0.00,0.00,0.00,0.00,232.17,0.22,50.91,0.00,0.00,0.00
232.00,0.45,104.63,0.00,0.00,0.00,0.00,0.00,0.00,229.89,0.22,49.91,0.00,0.00,0.00
232.20,0.45,105.19,0.00,0.00,0.00,0.00,0.00,0.00,231.96,0.22,50.81,0.00,0.00,0.00
228.60,0.45,103.20,0.00,0.00,0.00,0.00,0.00,0.00,230.05,0.22,50.02,0.00,0.00,0.00
230.89,0.45,104.02,0.00,0.00,0.00,0.00,0.00,0.00,229.82,0.22,49.76,0.00,0.00,0.00
229.91,0.45,103.84,0.00,0.00,0.00,0.00,0.00,0.00,231.02,0.22,50.30,0.00,0.00,0.00
230.06,0.45,104.17,0.00,0.00,0.00,0.00,0.00,0.00,231.52,0.22,50.69,0.00,0.00,0.00
227.13,0.45,102.45,0.00,0.00,0.00,0.00,0.00,0.00,230.27,0.22,49.98,0.00,0.00,0.00
232.68,0.45,105.05,0.00,0.00,0.00,0.00,0.00,0.00,230.47,0.22,50.13,0.00,0.00,0.00
232.00,0.45,104.84,0.00,0.00,0.00,0.00,0.00,0.00,230.95,0.22,50.32,0.00,0.00,0.00
233.09,0.45,105.43,0.00,0.00,0.00,0.00,0.00,0.00,231.53,0.22,50.55,0.00,0.00,0.00
230.71,0.45,103.79,0.00,0.00,0.00,0.00,0.00,0.00,229.32,0.21,49.54,0.00,0.00,0.00
229.34,0.45,103.56,0.00,0.00,0.00,0.00,0.00,0.00,230.68,0.22,50.19,0.00,0.00,0.00
228.97,0.45,103.30,0.00,0.00,0.00,0.00,0.00,0.00,230.32,0.22,50.01,0.00,0.00,0.00
229.20,0.45,103.90,0.00,0.00,0.00,0.00,0.00,0.00,232.51,0.22,51.05,0.00,0.00,0.00
230.25,0.45,104.55,0.00,0.00,0.00,0.00,0.00,0.00,233.12,0.22,51.35,0.00,0.00,0.00
229.98,0.45,104.12,0.00,0.00,0.00,0.00,0.00,0.00,231.58,0.22,50.67,0.00,0.00,0.00
230.71,0.45,104.43,0.00,0.00,0.00,0.00,0.00,0.00,231.60,0.22,50.65,0.00,0.00,0.00
228.82,0.45,102.99,0.00,0.00,0.00,0.00,0.00,0.00,229.23,0.21,49.55,0.00,0.00,0.00
226.88,0.45,102.08,0.00,0.00,0.00,0.00,0.00,0.00,229.25,0.21,49.52,0.00,0.00,0.00
233.30,0.45,104.99,0.00,0.00,0.00,0.00,0.00,0.00,229.03,0.21,49.50,0.00,0.00,0.00
232.02,0.45,104.57,0.00,0.00,0.00,0.00,0.00,0.00,229.78,0.22,49.81,0.00,0.00,0.00
232.41,0.45,104.73,0.00,0.00,0.00,0.00,0.00,0.00,230.27,0.22,49.89,0.00,0.00,0.00
232.58,0.45,104.99,0.00,0.00,0.00,0.00,0.00,0.00,231.04,0.22,50.25,0.00,0.00,0.00
230.58,0.45,104.30,0.00,0.00,0.00,0.00,0.00,0.00,231.34,0.22,50.54,0.00,0.00,0.00
230.17,0.45,104.00,0.00,0.00,0.00,0.00,0.00,0.00,231.43,0.22,50.41,0.00,0.00,0.00
229.96,0.45,104.06,0.00,0.00,0.00,0.00,0.00,0.00,231.64,0.22,50.62,0.00,0.00,0.00
230.71,0.45,104.36,0.00,0.00,0.00,0.00,0.00,0.00,231.40,0.22,50.53,0.00,0.00,0.00
229.98,0.45,103.87,0.00,0.00,0.00,0.00,0.00,0.00,230.91,0.22,50.27,0.00,0.00,0.00
229.63,0.45,103.50,0.00,0.00,0.00,0.00,0.00,0.00,229.95,0.22,49.86,0.00,0.00,0.00
229.91,0.45,103.58,0.00,0.00,0.00,0.00,0.00,0.00,230.22,0.22,49.86,0.00,0.00,0.00
230.02,0.45,103.88,0.00,0.00,0.00,0.00,0.00,0.00,231.13,0.22,50.31,0.00,0.00,0.00
228.96,0.45,103.61,0.00,0.00,0.00,0.00,0.00,0.00,231.47,0.22,50.60,0.00,0.00,0.00
231.05,0.45,104.66,0.00,0.00,0.00,0.00,0.00,0.00,232.70,0.22,50.96,0.00,0.00,0.00
230.44,0.45,104.07,0.00,0.00,0.00,0.00,0.00,0.00,230.75,0.22,50.27,0.00,0.00,0.00
230.67,0.45,103.81,0.00,0.00,0.00,0.00,0.00,0.00,229.67,0.21,49.62,0.00,0.00,0.00
232.18,0.45,104.18,0.00,0.00,0.00,0.00,0.00,0.00,228.28,0.21,49.04,0.00,0.00,0.00
229.96,0.45,103.80,0.00,0.00,0.00,0.00,0.00,0.00,230.88,0.22,50.21,0.00,0.00,0.00
231.83,0.45,104.63,0.00,0.00,0.00,0.00,0.00,0.00,230.42,0.22,50.11,0.00,0.00,0.00
230.37,0.45,103.92,0.00,0.00,0.00,0.00,0.00,0.00,230.44,0.22,50.05,0.00,0.00,0.00
229.44,0.45,103.55,0.00,0.00,0.00,0.00,0.00,0.00,230.05,0.22,50.02,0.00,0.00,0.00
230.16,0.45,104.07,0.00,0.00,0.00,0.00,0.00,0.00,231.38,0.22,50.49,0.00,0.00,0.00
229.78,0.45,103.73,0.00,0.00,0.00,0.00,0.00,0.00,230.70,0.22,50.19,0.00,0.00,0.00
229.53,0.45,103.71,0.00,0.00,0.00,0.00,0.00,0.00,231.03,0.22,50.34,0.00,0.00,0.00
229.93,0.45,103.67,0.00,0.00,0.00,0.00,0.00,0.00,230.13,0.22,49.94,0.00,0.00,0.00
232.41,0.45,104.89,0.00,0.00,0.00,0.00,0.00,0.00,231.03,0.22,50.23,0.00,0.00,0.00
232.62,0.45,105.34,0.00,0.00,0.00,0.00,0.00,0.00,232.18,0.22,50.86,0.00,0.00,0.00
230.95,0.45,103.69,0.00,0.00,0.00,0.00,0.00,0.00,227.99,0.21,49.06,0.00,0.00,0.00
230.49,0.45,104.11,0.00,0.00,0.00,0.00,0.00,0.00,231.13,0.22,50.34,0.00,0.00,0.00
231.70,0.45,104.71,0.00,0.00,0.00,0.00,0.00,0.00,230.70,0.22,50.28,0.00,0.00,0.00
228.69,0.45,103.16,0.00,0.00,0.00,0.00,0.00,0.00,230.66,0.22,50.11,0.00,0.00,0.00
230.33,0.45,104.55,0.00,0.00,0.00,0.00,0.00,0.00,232.76,0.22,51.21,0.00,0.00,0.00
231.26,0.45,104.51,0.00,0.00,0.00,0.00,0.00,0.00,231.46,0.22,50.48,0.00,0.00,0.00
229.66,0.45,103.76,0.00,0.00,0.00,0.00,0.00,0.00,230.77,0.22,50.27,0.00,0.00,0.00
229.88,0.45,103.79,0.00,0.00,0.00,0.00,0.00,0.00,230.94,0.22,50.24,0.00,0.00,0.00
229.21,0.45,103.33,0.00,0.00,0.00,0.00,0.00,0.00,230.16,0.22,49.93,0.00,0.00,0.00
231.06,0.45,104.25,0.00,0.00,0.00,0.00,0.00,0.00,230.42,0.22,50.08,0.00,0.00,0.00
231.67,0.45,104.27,0.00,0.00,0.00,0.00,0.00,0.00,229.47,0.21,49.58,0.00,0.00,0.00
230.19,0.45,104.06,0.00,0.00,0.00,0.00,0.00,0.00,230.69,0.22,50.33,0.00,0.00,0.00
231.61,0.45,104.97,0.00,0.00,0.00,0.00,0.00,0.00,232.76,0.22,51.07,0.00,0.00,0.00
229.65,0.45,103.33,0.00,0.00,0.00,0.00,0.00,0.00,229.25,0.21,49.52,0.00,0.00,0.00
230.42,0.45,104.14,0.00,0.00,0.00,0.00,0.00,0.00,231.19,0.22,50.42,0.00,0.00,0.00
230.45,0.45,104.02,0.00,0.00,0.00,0.00,0.00,0.00,230.61,0.22,50.15,0.00,0.00,0.00
229.04,0.45,103.78,0.00,0.00,0.00,0.00,0.00,0.00,232.32,0.22,50.93,0.00,0.00,0.00
229.60,0.45,103.68,0.00,0.00,0.00,0.00,0.00,0.00,230.94,0.22,50.25,0.00,0.00,0.00
228.63,0.45,102.91,0.00,0.00,0.00,0.00,0.00,0.00,229.59,0.21,49.64,0.00,0.00,0.00
231.31,0.45,104.41,0.00,0.00,0.00,0.00,0.00,0.00,231.43,0.22,50.30,0.00,0.00,0.00
232.24,0.45,105.05,0.00,0.00,0.00,0.00,0.00,0.00,231.58,0.22,50.59,0.00,0.00,0.00
228.61,0.45,103.02,0.00,0.00,0.00,0.00,0.00,0.00,230.12,0.22,49.87,0.00,0.00,0.00
232.21,0.45,104.62,0.00,0.00,0.00,0.00,0.00,0.00,230.22,0.22,49.86,0.00,0.00,0.00
229.56,0.45,103.72,0.00,0.00,0.00,0.00,0.00,0.00,230.89,0.22,50.30,0.00,0.00,0.00
229.95,0.45,104.18,0.00,0.00,0.00,0.00,0.00,0.00,232.41,0.22,50.96,0.00,0.00,0.00
229.71,0.45,103.72,0.00,0.00,0.00,0.00,0.00,0.00,230.75,0.22,50.19,0.00,0.00,0.00
229.29,0.45,103.69,0.00,0.00,0.00,0.00,0.00,0.00,231.33,0.22,50.51,0.00,0.00,0.00
230.62,0.45,104.13,0.00,0.00,0.00,0.00,0.00,0.00,230.90,0.22,50.25,0.00,0.00,0.00
230.94,0.45,104.21,0.00,0.00,0.00,0.00,0.00,0.00,230.73,0.22,50.14,0.00,0.00,0.00
230.76,0.45,104.12,0.00,0.00,0.00,0.00,0.00,0.00,230.54,0.22,50.09,0.00,0.00,0.00
230.48,0.45,103.95,0.00,0.00,0.00,0.00,0.00,0.00,230.47,0.22,50.03,0.00,0.00,0.00
230.38,0.45,103.92,0.00,0.00,0.00,0.00,0.00,0.00,229.77,0.22,49.90,0.00,0.00,0.00
229.26,0.45,103.62,0.00,0.00,0.00,0.00,0.00,0.00,230.99,0.22,50.37,0.00,0.00,0.00
229.96,0.45,103.93,0.00,0.00,0.00,0.00,0.00,0.00,231.04,0.22,50.39,0.00,0.00,0.00
231.29,0.45,104.16,0.00,0.00,0.00,0.00,0.00,0.00,229.65,0.22,49.70,0.00,0.00,0.00
230.71,0.45,104.46,0.00,0.00,0.00,0.00,0.00,0.00,232.60,0.22,50.92,0.00,0.00,0.00
231.22,0.45,104.14,0.00,0.00,0.00,0.00,0.00,0.00,229.86,0.22,49.75,0.00,0.00,0.00
231.69,0.45,104.80,0.00,0.00,0.00,0.00,0.00,0.00,231.89,0.22,50.64,0.00,0.00,0.00
232.30,0.45,104.75,0.00,0.00,0.00,0.00,0.00,0.00,230.19,0.22,49.95,0.00,0.00,0.00
231.38,0.45,104.42,0.00,0.00,0.00,0.00,0.00,0.00,231.00,0.22,50.22,0.00,0.00,0.00
231.10,0.45,103.77,0.00,0.00,0.00,0.00,0.00,0.00,229.05,0.21,49.27,0.00,0.00,0.00
230.91,0.45,103.82,0.00,0.00,0.00,0.00,0.00,0.00,229.26,0.21,49.45,0.00,0.00,0.00
230.73,0.45,103.76,0.00,0.00,0.00,0.00,0.00,0.00,229.42,0.21,49.50,0.00,0.00,0.00
229.80,0.45,103.51,0.00,0.00,0.00,0.00,0.00,0.00,230.21,0.22,49.86,0.00,0.00,0.00
229.69,0.45,104.01,0.00,0.00,0.00,0.00,0.00,0.00,232.26,0.22,50.85,0.00,0.00,0.00
231.42,0.45,104.61,0.00,0.00,0.00,0.00,0.00,0.00,231.41,0.22,50.48,0.00,0.00,0.00
226.97,0.45,102.44,0.00,0.00,0.00,0.00,0.00,0.00,230.69,0.22,50.13,0.00,0.00,0.00
230.94,0.45,104.41,0.00,0.00,0.00,0.00,0.00,0.00,231.23,0.22,50.44,0.00,0.00,0.00
231.51,0.45,104.58,0.00,0.00,0.00,0.00,0.00,0.00,230.85,0.22,50.29,0.00,0.00,0.00
230.11,0.45,103.92,0.00,0.00,0.00,0.00,0.00,0.00,231.22,0.22,50.32,0.00,0.00,0.00
230.39,0.45,104.21,0.00,0.00,0.00,0.00,0.00,0.00,231.90,0.22,50.65,0.00,0.00,0.00
229.59,0.45,103.67,0.00,0.00,0.00,0.00,0.00,0.00,231.04,0.22,50.28,0.00,0.00,0.00
233.02,0.45,105.36,0.00,0.00,0.00,0.00,0.00,0.00,231.37,0.22,50.48,0.00,0.00,0.00
231.20,0.45,105.03,0.00,0.00,0.00,0.00,0.00,0.00,233.08,0.22,51.38,0.00,0.00,0.00
231.68,0.45,105.11,0.00,0.00,0.00,0.00,0.00,0.00,232.87,0.22,51.18,0.00,0.00,0.00
230.41,0.45,104.22,0.00,0.00,0.00,0.00,0.00,0.00,231.97,0.22,50.67,0.00,0.00,0.00
229.57,0.45,103.49,0.00,0.00,0.00,0.00,0.00,0.00,230.15,0.22,49.92,0.00,0.00,0.00
230.92,0.45,103.87,0.00,0.00,0.00,0.00,0.00,0.00,228.75,0.21,49.39,0.00,0.00,0.00
230.74,0.45,103.71,0.00,0.00,0.00,0.00,0.00,0.00,229.19,0.21,49.41,0.00,0.00,0.00
231.00,0.45,104.78,0.00,0.00,0.00,0.00,0.00,0.00,232.73,0.22,51.15,0.00,0.00,0.00
233.34,0.45,105.47,0.00,0.00,0.00,0.00,0.00,0.00,231.10,0.22,50.39,0.00,0.00,0.00
231.16,0.45,104.71,0.00,0.00,0.00,0.00,0.00,0.00,232.47,0.22,50.93,0.00,0.00,0.00
232.12,0.45,105.19,0.00,0.00,0.00,0.00,0.00,0.00,232.46,0.22,50.98,0.00,0.00,0.00
231.64,0.45,104.68,0.00,0.00,0.00,0.00,0.00,0.00,231.45,0.22,50.47,0.00,0.00,0.00
231.01,0.45,103.83,0.00,0.00,0.00,0.00,0.00,0.00,228.64,0.21,49.29,0.00,0.00,0.00
231.90,0.45,104.43,0.00,0.00,0.00,0.00,0.00,0.00,229.78,0.22,49.74,0.00,0.00,0.00
231.08,0.45,104.12,0.00,0.00,0.00,0.00,0.00,0.00,229.97,0.22,49.83,0.00,0.00,0.00
230.64,0.45,104.39,0.00,0.00,0.00,0.00,0.00,0.00,231.76,0.22,50.71,0.00,0.00,0.00
231.85,0.45,105.04,0.00,0.00,0.00,0.00,0.00,0.00,232.29,0.22,50.91,0.00,0.00,0.00
232.43,0.45,104.67,0.00,0.00,0.00,0.00,0.00,0.00,230.01,0.22,49.77,0.00,0.00,0.00
230.27,0.45,104.23,0.00,0.00,0.00,0.00,0.00,0.00,232.45,0.22,50.85,0.00,0.00,0.00
230.83,0.45,103.22,0.00,0.00,0.00,0.00,0.00,0.00,226.55,0.21,48.34,0.00,0.00,0.00
230.87,0.45,103.87,0.00,0.00,0.00,0.00,0.00,0.00,228.95,0.21,49.44,0.00,0.00,0.00
231.68,0.45,104.74,0.00,0.00,0.00,0.00,0.00,0.00,231.72,0.22,50.59,0.00,0.00,0.00
230.21,0.45,104.05,0.00,0.00,0.00,0.00,0.00,0.00,231.21,0.22,50.43,0.00,0.00,0.00
229.23,0.45,103.87,0.00,0.00,0.00,0.00,0.00,0.00,232.46,0.22,50.99,0.00,0.00,0.00
228.56,0.45,102.32,0.00,0.00,0.00,0.00,0.00,0.00,227.32,0.21,48.59,0.00,0.00,0.00
229.01,0.45,103.30,0.00,0.00,0.00,0.00,0.00,0.00,230.56,0.22,50.08,0.00,0.00,0.00
228.45,0.45,103.04,0.00,0.00,0.00,0.00,0.00,0.00,230.77,0.22,50.11,0.00,0.00,0.00
229.03,0.45,103.19,0.00,0.00,0.00,0.00,0.00,0.00,230.03,0.22,49.85,0.00,0.00,0.00
229.52,0.45,103.46,0.00,0.00,0.00,0.00,0.00,0.00,230.18,0.22,49.92,0.00,0.00,0.00
231.48,0.45,104.33,0.00,0.00,0.00,0.00,0.00,0.00,229.87,0.22,49.85,0.00,0.00,0.00
230.12,0.45,103.90,0.00,0.00,0.00,0.00,0.00,0.00,230.68,0.22,50.22,0.00,0.00,0.00
231.71,0.45,104.40,0.00,0.00,0.00,0.00,0.00,0.00,230.03,0.22,49.86,0.00,0.00,0.00
230.51,0.45,104.05,0.00,0.00,0.00,0.00,0.00,0.00,230.97,0.22,50.24,0.00,0.00,0.00
226.21,0.45,101.73,0.00,0.00,0.00,0.00,0.00,0.00,229.53,0.21,49.54,0.00,0.00,0.00
230.60,0.45,103.50,0.00,0.00,0.00,0.00,0.00,0.00,228.21,0.21,49.04,0.00,0.00,0.00
230.27,0.45,103.68,0.00,0.00,0.00,0.00,0.00,0.00,229.77,0.22,49.72,0.00,0.00,0.00
229.91,0.45,103.53,0.00,0.00,0.00,0.00,0.00,0.00,229.53,0.22,49.70,0.00,0.00,0.00
230.96,0.45,103.92,0.00,0.00,0.00,0.00,0.00,0.00,229.51,0.21,49.60,0.00,0.00,0.00
230.79,0.45,104.25,0.00,0.00,0.00,0.00,0.00,0.00,231.11,0.22,50.36,0.00,0.00,0.00
229.70,0.45,103.82,0.00,0.00,0.00,0.00,0.00,0.00,231.65,0.22,50.54,0.00,0.00,0.00
230.70,0.45,104.53,0.00,0.00,0.00,0.00,0.00,0.00,232.80,0.22,51.05,0.00,0.00,0.00
230.73,0.45,104.26,0.00,0.00,0.00,0.00,0.00,0.00,231.03,0.22,50.34,0.00,0.00,0.00
230.72,0.45,104.07,0.00,0.00,0.00,0.00,0.00,0.00,230.27,0.22,50.01,0.00,0.00,0.00
229.87,0.45,103.50,0.00,0.00,0.00,0.00,0.00,0.00,229.77,0.22,49.73,0.00,0.00,0.00
231.54,0.45,104.25,0.00,0.00,0.00,0.00,0.00,0.00,229.57,0.22,49.67,0.00,0.00,0.00
232.25,0.45,104.09,0.00,0.00,0.00,0.00,0.00,0.00,227.57,0.21,48.76,0.00,0.00,0.00
231.97,0.45,104.74,0.00,0.00,0.00,0.00,0.00,0.00,231.06,0.22,50.30,0.00,0.00,0.00
230.57,0.45,104.07,0.00,0.00,0.00,0.00,0.00,0.00,231.46,0.22,50.36,0.00,0.00,0.00
230.55,0.45,104.00,0.00,0.00,0.00,0.00,0.00,0.00,230.16,0.22,50.00,0.00,0.00,0.00
229.20,0.45,103.24,0.00,0.00,0.00,0.00,0.00,0.00,230.20,0.22,49.86,0.00,0.00,0.00
230.35,0.45,103.84,0.00,0.00,0.00,0.00,0.00,0.00,230.26,0.22,49.96,0.00,0.00,0.00
230.72,0.45,103.94,0.00,0.00,0.00,0.00,0.00,0.00,229.71,0.22,49.74,0.00,0.00,0.00
230.69,0.45,104.29,0.00,0.00,0.00,0.00,0.00,0.00,231.03,0.22,50.39,0.00,0.00,0.00
232.27,0.45,104.80,0.00,0.00,0.00,0.00,0.00,0.00,231.07,0.22,50.24,0.00,0.00,0.00
232.13,0.45,104.54,0.00,0.00,0.00,0.00,0.00,0.00,230.20,0.22,49.84,0.00,0.00,0.00
226.58,0.45,102.31,0.00,0.00,0.00,0.00,0.00,0.00,231.07,0.22,50.30,0.00,0.00,0.00
229.05,0.45,103.46,0.00,0.00,0.00,0.00,0.00,0.00,230.85,0.22,50.28,0.00,0.00,0.00
229.46,0.45,103.48,0.00,0.00,0.00,0.00,0.00,0.00,230.63,0.22,50.08,0.00,0.00,0.00
231.82,0.45,104.90,0.00,0.00,0.00,0.00,0.00,0.00,231.95,0.22,50.73,0.00,0.00,0.00
231.98,0.45,104.85,0.00,0.00,0.00,0.00,0.00,0.00,231.59,0.22,50.51,0.00,0.00,0.00
230.82,0.45,103.91,0.00,0.00,0.00,0.00,0.00,0.00,229.65,0.22,49.69,0.00,0.00,0.00
231.11,0.45,103.98,0.00,0.00,0.00,0.00,0.00,0.00,229.14,0.21,49.52,0.00,0.00,0.00
229.90,0.45,103.66,0.00,0.00,0.00,0.00,0.00,0.00,230.69,0.22,50.07,0.00,0.00,0.00
231.36,0.45,103.90,0.00,0.00,0.00,0.00,0.00,0.00,228.69,0.21,49.23,0.00,0.00,0.00
230.50,0.45,104.19,0.00,0.00,0.00,0.00,0.00,0.00,231.68,0.22,50.56,0.00,0.00,0.00
231.08,0.45,104.85,0.00,0.00,0.00,0.00,0.00,0.00,233.34,0.22,51.31,0.00,0.00,0.00
230.87,0.45,104.53,0.00,0.00,0.00,0.00,0.00,0.00,232.30,0.22,50.85,0.00,0.00,0.00
230.60,0.45,104.14,0.00,0.00,0.00,0.00,0.00,0.00,231.47,0.22,50.38,0.00,0.00,0.00
230.78,0.45,104.51,0.00,0.00,0.00,0.00,0.00,0.00,232.62,0.22,50.95,0.00,0.00,0.00
229.91,0.45,103.76,0.00,0.00,0.00,0.00,0.00,0.00,230.68,0.22,50.17,0.00,0.00,0.00
229.71,0.45,103.62,0.00,0.00,0.00,0.00,0.00,0.00,230.74,0.22,50.12,0.00,0.00,0.00
230.44,0.45,104.02,0.00,0.00,0.00,0.00,0.00,0.00,230.94,0.22,50.24,0.00,0.00,0.00
229.90,0.45,103.89,0.00,0.00,0.00,0.00,0.00,0.00,231.15,0.22,50.37,0.00,0.00,0.00
229.12,0.45,103.71,0.00,0.00,0.00,0.00,0.00,0.00,232.38,0.22,50.82,0.00,0.00,0.00
230.35,0.45,104.39,0.00,0.00,0.00,0.00,0.00,0.00,232.28,0.22,50.95,0.00,0.00,0.00
231.86,0.45,105.10,0.00,0.00,0.00,0.00,0.00,0.00,232.99,0.22,51.13,0.00,0.00,0.00
229.52,0.45,103.99,0.00,0.00,0.00,0.00,0.00,0.00,233.52,0.22,51.23,0.00,0.00,0.00
229.72,0.45,103.46,0.00,0.00,0.00,0.00,0.00,0.00,229.35,0.22,49.72,0.00,0.00,0.00
229.25,0.45,103.25,0.00,0.00,0.00,0.00,0.00,0.00,229.69,0.22,49.74,0.00,0.00,0.00
231.57,0.45,104.22,0.00,0.00,0.00,0.00,0.00,0.00,229.65,0.21,49.65,0.00,0.00,0.00
231.93,0.45,104.67,0.00,0.00,0.00,0.00,0.00,0.00,231.26,0.22,50.27,0.00,0.00,0.00
229.88,0.45,104.44,0.00,0.00,0.00,0.00,0.00,0.00,233.76,0.22,51.54,0.00,0.00,0.00
225.90,0.45,102.04,0.00,0.00,0.00,0.00,0.00,0.00,231.06,0.22,50.34,0.00,0.00,0.00
230.49,0.45,103.80,0.00,0.00,0.00,0.00,0.00,0.00,230.19,0.22,49.84,0.00,0.00,0.00
230.08,0.45,103.22,0.00,0.00,0.00,0.00,0.00,0.00,228.18,0.21,49.02,0.00,0.00,0.00
230.95,0.45,103.78,0.00,0.00,0.00,0.00,0.00,0.00,229.25,0.21,49.41,0.00,0.00,0.00
230.73,0.45,104.36,0.00,0.00,0.00,0.00,0.00,0.00,231.90,0.22,50.65,0.00,0.00,0.00
230.31,0.45,104.30,0.00,0.00,0.00,0.00,0.00,0.00,232.09,0.22,50.84,0.00,0.00,0.00
230.34,0.45,104.35,0.00,0.00,0.00,0.00,0.00,0.00,232.72,0.22,51.00,0.00,0.00,0.00
228.97,0.45,103.57,0.00,0.00,0.00,0.00,0.00,0.00,232.12,0.22,50.73,0.00,0.00,0.00
230.35,0.45,103.52,0.00,0.00,0.00,0.00,0.00,0.00,228.79,0.21,49.31,0.00,0.00,0.00
229.56,0.45,103.85,0.00,0.00,0.00,0.00,0.00,0.00,232.11,0.22,50.73,0.00,0.00,0.00
229.65,0.45,103.47,0.00,0.00,0.00,0.00,0.00,0.00,229.89,0.22,49.81,0.00,0.00,0.00
231.33,0.45,103.91,0.00,0.00,0.00,0.00,0.00,0.00,229.19,0.21,49.34,0.00,0.00,0.00
229.81,0.45,103.70,0.00,0.00,0.00,0.00,0.00,0.00,230.67,0.22,50.16,0.00,0.00,0.00
226.29,0.45,102.14,0.00,0.00,0.00,0.00,0.00,0.00,230.77,0.22,50.19,0.00,0.00,0.00
232.32,0.45,105.05,0.00,0.00,0.00,0.00,0.00,0.00,231.87,0.22,50.60,0.00,0.00,0.00
230.51,0.45,103.81,0.00,0.00,0.00,0.00,0.00,0.00,229.78,0.22,49.77,0.00,0.00,0.00
230.37,0.45,103.64,0.00,0.00,0.00,0.00,0.00,0.00,229.35,0.21,49.57,0.00,0.00,0.00
229.52,0.45,103.53,0.00,0.00,0.00,0.00,0.00,0.00,231.10,0.22,50.20,0.00,0.00,0.00
229.31,0.45,103.31,0.00,0.00,0.00,0.00,0.00,0.00,230.47,0.22,49.93,0.00,0.00,0.00
231.97,0.45,104.51,0.00,0.00,0.00,0.00,0.00,0.00,230.41,0.22,49.92,0.00,0.00,0.00
232.12,0.45,104.71,0.00,0.00,0.00,0.00,0.00,0.00,230.73,0.22,50.16,0.00,0.00,0.00
230.08,0.45,104.01,0.00,0.00,0.00,0.00,0.00,0.00,231.61,0.22,50.55,0.00,0.00,0.00
231.32,0.45,104.61,0.00,0.00,0.00,0.00,0.00,0.00,231.96,0.22,50.68,0.00,0.00,0.00
230.21,0.46,104.96,0.00,0.00,0.00,0.00,0.00,0.00,235.64,0.22,52.39,0.00,0.00,0.00
230.81,0.45,104.08,0.00,0.00,0.00,0.00,0.00,0.00,230.59,0.22,50.08,0.00,0.00,0.00
230.12,0.45,103.73,0.00,0.00,0.00,0.00,0.00,0.00,230.24,0.22,49.95,0.00,0.00,0.00
230.33,0.45,103.93,0.00,0.00,0.00,0.00,0.00,0.00,230.34,0.22,50.05,0.00,0.00,0.00
231.65,0.45,104.29,0.00,0.00,0.00,0.00,0.00,0.00,229.98,0.22,49.75,0.00,0.00,0.00
231.52,0.45,105.01,0.00,0.00,0.00,0.00,0.00,0.00,233.04,0.22,51.22,0.00,0.00,0.00
228.41,0.45,103.14,0.00,0.00,0.00,0.00,0.00,0.00,231.26,0.22,50.37,0.00,0.00,0.00
230.48,0.45,104.24,0.00,0.00,0.00,0.00,0.00,0.00,231.71,0.22,50.64,0.00,0.00,0.00
228.58,0.45,103.16,0.00,0.00,0.00,0.00,0.00,0.00,230.76,0.22,50.20,0.00,0.00,0.00
230.61,0.45,103.80,0.00,0.00,0.00,0.00,0.00,0.00,229.53,0.21,49.65,0.00,0.00,0.00
231.34,0.45,104.29,0.00,0.00,0.00,0.00,0.00,0.00,230.57,0.22,50.03,0.00,0.00,0.00
231.67,0.45,105.15,0.00,0.00,0.00,0.00,0.00,0.00,233.41,0.22,51.37,0.00,0.00,0.00
230.57,0.45,104.22,0.00,0.00,0.00,0.00,0.00,0.00,231.36,0.22,50.49,0.00,0.00,0.00
231.67,0.45,104.37,0.00,0.00,0.00,0.00,0.00,0.00,230.42,0.22,49.92,0.00,0.00,0.00
231.78,0.45,104.08,0.00,0.00,0.00,0.00,0.00,0.00,227.98,0.21,49.06,0.00,0.00,0.00
231.98,0.45,104.83,0.00,0.00,0.00,0.00,0.00,0.00,231.55,0.22,50.49,0.00,0.00,0.00
231.78,0.45,104.72,0.00,0.00,0.00,0.00,0.00,0.00,231.10,0.22,50.38,0.00,0.00,0.00
230.87,0.45,104.32,0.00,0.00,0.00,0.00,0.00,0.00,231.46,0.22,50.46,0.00,0.00,0.00
230.98,0.45,104.06,0.00,0.00,0.00,0.00,0.00,0.00,230.35,0.22,49.92,0.00,0.00,0.00
232.59,0.45,104.85,0.00,0.00,0.00,0.00,0.00,0.00,230.37,0.22,50.00,0.00,0.00,0.00
231.71,0.45,104.30,0.00,0.00,0.00,0.00,0.00,0.00,230.00,0.21,49.76,0.00,0.00,0.00
227.77,0.45,103.00,0.00,0.00,0.00,0.00,0.00,0.00,231.77,0.22,50.62,0.00,0.00,0.00
230.12,0.45,103.81,0.00,0.00,0.00,0.00,0.00,0.00,230.61,0.22,50.10,0.00,0.00,0.00
230.84,0.45,103.90,0.00,0.00,0.00,0.00,0.00,0.00,229.43,0.21,49.62,0.00,0.00,0.00
230.95,0.45,104.05,0.00,0.00,0.00,0.00,0.00,0.00,230.12,0.22,49.88,0.00,0.00,0.00
229.07,0.45,102.48,0.00,0.00,0.00,0.00,0.00,0.00,226.88,0.21,48.58,0.00,0.00,0.00
231.25,0.45,104.35,0.00,0.00,0.00,0.00,0.00,0.00,230.89,0.22,50.21,0.00,0.00,0.00
230.21,0.45,102.92,0.00,0.00,0.00,0.00,0.00,0.00,226.09,0.21,48.22,0.00,0.00,0.00
232.05,0.45,104.62,0.00,0.00,0.00,0.00,0.00,0.00,230.74,0.22,50.11,0.00,0.00,0.00
231.90,0.45,104.97,0.00,0.00,0.00,0.00,0.00,0.00,232.06,0.22,50.79,0.00,0.00,0.00
231.25,0.45,104.38,0.00,0.00,0.00,0.00,0.00,0.00,230.49,0.22,50.15,0.00,0.00,0.00
236.17,0.45,106.38,0.00,0.00,0.00,0.00,0.00,0.00,229.93,0.22,49.81,0.00,0.00,0.00
231.89,0.45,104.39,0.00,0.00,0.00,0.00,0.00,0.00,229.69,0.22,49.70,0.00,0.00,0.00
232.37,0.45,104.88,0.00,0.00,0.00,0.00,0.00,0.00,230.68,0.22,50.20,0.00,0.00,0.00
230.23,0.45,104.10,0.00,0.00,0.00,0.00,0.00,0.00,231.64,0.22,50.57,0.00,0.00,0.00
231.61,0.45,104.48,0.00,0.00,0.00,0.00,0.00,0.00,231.10,0.22,50.21,0.00,0.00,0.00
230.67,0.45,104.55,0.00,0.00,0.00,0.00,0.00,0.00,232.96,0.22,51.13,0.00,0.00,0.00
230.87,0.45,103.94,0.00,0.00,0.00,0.00,0.00,0.00,230.36,0.22,49.84,0.00,0.00,0.00
231.50,0.45,104.20,0.00,0.00,0.00,0.00,0.00,0.00,229.72,0.21,49.67,0.00,0.00,0.00
228.79,0.45,103.22,0.00,0.00,0.00,0.00,0.00,0.00,231.34,0.22,50.29,0.00,0.00,0.00
230.88,0.45,104.33,0.00,0.00,0.00,0.00,0.00,0.00,231.63,0.22,50.51,0.00,0.00,0.00
229.99,0.45,104.14,0.00,0.00,0.00,0.00,0.00,0.00,232.95,0.22,51.01,0.00,0.00,0.00
231.37,0.45,104.27,0.00,0.00,0.00,0.00,0.00,0.00,230.07,0.22,49.88,0.00,0.00,0.00
235.47,0.45,106.52,0.00,0.00,0.00,0.00,0.00,0.00,232.11,0.22,50.71,0.00,0.00,0.00
230.90,0.45,104.42,0.00,0.00,0.00,0.00,0.00,0.00,231.74,0.22,50.60,0.00,0.00,0.00
227.69,0.45,102.64,0.00,0.00,0.00,0.00,0.00,0.00,230.66,0.22,50.06,0.00,0.00,0.00
230.62,0.45,103.96,0.00,0.00,0.00,0.00,0.00,0.00,230.06,0.22,49.90,0.00,0.00,0.00
230.01,0.45,103.80,0.00,0.00,0.00,0.00,0.00,0.00,230.60,0.22,50.16,0.00,0.00,0.00
228.96,0.45,103.06,0.00,0.00,0.00,0.00,0.00,0.00,229.88,0.21,49.73,0.00,0.00,0.00
231.11,0.45,104.77,0.00,0.00,0.00,0.00,0.00,0.00,232.54,0.22,51.02,0.00,0.00,0.00
230.65,0.45,104.48,0.00,0.00,0.00,0.00,0.00,0.00,232.84,0.22,51.04,0.00,0.00,0.00
231.95,0.45,104.91,0.00,0.00,0.00,0.00,0.00,0.00,231.76,0.22,50.62,0.00,0.00,0.00
232.51,0.45,105.11,0.00,0.00,0.00,0.00,0.00,0.00,231.63,0.22,50.52,0.00,0.00,0.00
229.41,0.45,103.49,0.00,0.00,0.00,0.00,0.00,0.00,230.58,0.22,50.14,0.00,0.00,0.00
230.93,0.45,103.86,0.00,0.00,0.00,0.00,0.00,0.00,229.42,0.21,49.53,0.00,0.00,0.00
231.01,0.45,104.43,0.00,0.00,0.00,0.00,0.00,0.00,231.53,0.22,50.54,0.00,0.00,0.00
230.36,0.45,103.93,0.00,0.00,0.00,0.00,0.00,0.00,231.04,0.22,50.20,0.00,0.00,0.00
230.86,0.45,104.23,0.00,0.00,0.00,0.00,0.00,0.00,231.49,0.22,50.39,0.00,0.00,0.00
232.51,0.45,105.06,0.00,0.00,0.00,0.00,0.00,0.00,231.65,0.22,50.47,0.00,0.00,0.00
228.65,0.45,103.60,0.00,0.00,0.00,0.00,0.00,0.00,232.47,0.22,51.00,0.00,0.00,0.00
228.17,0.45,103.18,0.00,0.00,0.00,0.00,0.00,0.00,231.96,0.22,50.66,0.00,0.00,0.00
230.35,0.45,104.15,0.00,0.00,0.00,0.00,0.00,0.00,231.27,0.22,50.51,0.00,0.00,0.00
229.87,0.45,103.41,0.00,0.00,0.00,0.00,0.00,0.00,229.67,0.21,49.62,0.00,0.00,0.00
230.57,0.45,104.07,0.00,0.00,0.00,0.00,0.00,0.00,231.25,0.22,50.34,0.00,0.00,0.00
230.30,0.45,103.80,0.00,0.00,0.00,0.00,0.00,0.00,231.07,0.22,50.12,0.00,0.00,0.00
229.84,0.45,103.86,0.00,0.00,0.00,0.00,0.00,0.00,231.13,0.22,50.42,0.00,0.00,0.00
230.47,0.45,103.83,0.00,0.00,0.00,0.00,0.00,0.00,230.44,0.22,49.91,0.00,0.00,0.00
233.41,0.45,105.41,0.00,0.00,0.00,0.00,0.00,0.00,230.68,0.22,50.25,0.00,0.00,0.00
231.34,0.45,104.90,0.00,0.00,0.00,0.00,0.00,0.00,233.50,0.22,51.27,0.00,0.00,0.00
228.06,0.45,102.97,0.00,0.00,0.00,0.00,0.00,0.00,231.06,0.22,50.30,0.00,0.00,0.00
229.23,0.45,103.12,0.00,0.00,0.00,0.00,0.00,0.00,229.42,0.21,49.56,0.00,0.00,0.00
231.25,0.45,103.74,0.00,0.00,0.00,0.00,0.00,0.00,228.30,0.21,49.04,0.00,0.00,0.00
231.30,0.45,104.19,0.00,0.00,0.00,0.00,0.00,0.00,230.58,0.22,49.95,0.00,0.00,0.00
230.08,0.45,104.40,0.00,0.00,0.00,0.00,0.00,0.00,233.32,0.22,51.34,0.00,0.00,0.00
231.46,0.45,104.74,0.00,0.00,0.00,0.00,0.00,0.00,232.20,0.22,50.78,0.00,0.00,0.00
230.32,0.45,103.84,0.00,0.00,0.00,0.00,0.00,0.00,230.27,0.22,50.01,0.00,0.00,0.00
230.61,0.45,103.89,0.00,0.00,0.00,0.00,0.00,0.00,230.43,0.22,49.93,0.00,0.00,0.00
231.05,0.45,104.09,0.00,0.00,0.00,0.00,0.00,0.00,230.36,0.22,49.91,0.00,0.00,0.00
230.38,0.45,103.85,0.00,0.00,0.00,0.00,0.00,0.00,230.70,0.22,50.09,0.00,0.00,0.00
231.31,0.45,104.01,0.00,0.00,0.00,0.00,0.00,0.00,229.29,0.21,49.50,0.00,0.00,0.00
227.55,0.45,102.04,0.00,0.00,0.00,0.00,0.00,0.00,228.35,0.21,48.99,0.00,0.00,0.00
231.04,0.45,103.65,0.00,0.00,0.00,0.00,0.00,0.00,228.41,0.21,49.06,0.00,0.00,0.00
229.85,0.45,103.13,0.00,0.00,0.00,0.00,0.00,0.00,228.37,0.21,49.08,0.00,0.00,0.00
229.13,0.45,103.07,0.00,0.00,0.00,0.00,0.00,0.00,229.50,0.21,49.59,0.00,0.00,0.00
226.84,0.45,101.61,0.00,0.00,0.00,0.00,0.00,0.00,227.84,0.21,48.77,0.00,0.00,0.00
228.50,0.45,102.28,0.00,0.00,0.00,0.00,0.00,0.00,227.10,0.21,48.58,0.00,0.00,0.00
228.26,0.45,102.31,0.00,0.00,0.00,0.00,0.00,0.00,228.21,0.21,48.93,0.00,0.00,0.00
227.17,0.45,101.99,0.00,0.00,0.00,0.00,0.00,0.00,228.97,0.21,49.28,0.00,0.00,0.00
227.88,0.45,102.60,0.00,0.00,0.00,0.00,0.00,0.00,229.85,0.22,49.76,0.00,0.00,0.00
224.07,0.45,100.62,0.00,0.00,0.00,0.00,0.00,0.00,229.07,0.21,49.28,0.00,0.00,0.00
229.35,0.45,102.69,0.00,0.00,0.00,0.00,0.00,0.00,227.66,0.21,48.73,0.00,0.00,0.00
229.25,0.45,102.95,0.00,0.00,0.00,0.00,0.00,0.00,229.05,0.21,49.31,0.00,0.00,0.00
228.06,0.45,102.26,0.00,0.00,0.00,0.00,0.00,0.00,227.84,0.21,48.88,0.00,0.00,0.00
229.20,0.45,103.06,0.00,0.00,0.00,0.00,0.00,0.00,229.38,0.21,49.52,0.00,0.00,0.00
228.64,0.45,102.63,0.00,0.00,0.00,0.00,0.00,0.00,228.90,0.21,49.24,0.00,0.00,0.00
229.96,0.45,103.32,0.00,0.00,0.00,0.00,0.00,0.00,228.60,0.21,49.25,0.00,0.00,0.00
229.43,0.45,103.15,0.00,0.00,0.00,0.00,0.00,0.00,229.57,0.21,49.52,0.00,0.00,0.00
230.04,0.45,103.68,0.00,0.00,0.00,0.00,0.00,0.00,230.20,0.22,49.95,0.00,0.00,0.00
229.94,0.45,103.39,0.00,0.00,0.00,0.00,0.00,0.00,229.51,0.21,49.56,0.00,0.00,0.00
232.98,0.45,104.69,0.00,0.00,0.00,0.00,0.00,0.00,229.20,0.21,49.38,0.00,0.00,0.00
231.73,0.45,104.37,0.00,0.00,0.00,0.00,0.00,0.00,229.68,0.22,49.76,0.00,0.00,0.00
230.45,0.45,103.72,0.00,0.00,0.00,0.00,0.00,0.00,230.10,0.21,49.76,0.00,0.00,0.00
228.15,0.45,101.94,0.00,0.00,0.00,0.00,0.00,0.00,226.51,0.21,48.27,0.00,0.00,0.00
227.81,0.45,101.78,0.00,0.00,0.00,0.00,0.00,0.00,226.48,0.21,48.24,0.00,0.00,0.00
226.84,0.45,101.71,0.00,0.00,0.00,0.00,0.00,0.00,228.03,0.21,48.92,0.00,0.00,0.00
226.58,0.45,101.28,0.00,0.00,0.00,0.00,0.00,0.00,226.47,0.21,48.30,0.00,0.00,0.00
226.30,0.45,101.60,0.00,0.00,0.00,0.00,0.00,0.00,228.63,0.21,49.18,0.00,0.00,0.00
227.38,0.45,101.72,0.00,0.00,0.00,0.00,0.00,0.00,227.37,0.21,48.58,0.00,0.00,0.00
229.45,0.45,102.73,0.00,0.00,0.00,0.00,0.00,0.00,227.66,0.21,48.69,0.00,0.00,0.00
228.55,0.45,102.19,0.00,0.00,0.00,0.00,0.00,0.00,227.04,0.21,48.42,0.00,0.00,0.00
228.84,0.45,102.38,0.00,0.00,0.00,0.00,0.00,0.00,227.15,0.21,48.50,0.00,0.00,0.00
227.79,0.24,54.27,0.00,0.00,0.00,0.00,0.00,0.00,0.00,0.00,0.00,0.00,0.00,0.00
226.70,0.45,103.03,229.03,0.22,50.19,0.00,0.00,0.00,0.00,0.00,0.00,0.00,0.00,0.00
227.17,0.46,103.45,230.15,0.22,50.59,0.00,0.00,0.00,0.00,0.00,0.00,0.00,0.00,0.00
226.97,0.46,103.70,231.46,0.22,51.36,0.00,0.00,0.00,0.00,0.00,0.00,0.00,0.00,0.00
225.05,0.60,135.09,231.43,0.22,51.29,157.01,0.14,19.84,0.00,0.00,0.00,0.00,0.00,0.00
227.89,0.69,157.33,232.95,0.22,51.99,241.56,0.23,56.23,0.00,0.00,0.00,0.00,0.00,0.00
226.61,0.69,155.71,229.64,0.22,50.61,241.30,0.23,56.04,0.00,0.00,0.00,0.00,0.00,0.00
228.65,0.69,157.46,231.27,0.22,51.22,241.73,0.23,56.13,0.00,0.00,0.00,0.00,0.00,0.00
229.10,0.69,157.26,230.88,0.22,51.00,240.75,0.23,55.65,0.00,0.00,0.00,0.00,0.00,0.00
227.08,0.69,155.72,229.18,0.22,50.22,241.48,0.23,56.04,0.00,0.00,0.00,0.00,0.00,0.00
226.55,0.69,155.74,229.93,0.22,50.62,242.33,0.23,56.45,0.00,0.00,0.00,0.00,0.00,0.00
226.62,0.69,156.89,234.65,0.22,52.43,243.07,0.23,56.83,0.00,0.00,0.00,0.00,0.00,0.00
225.78,0.69,155.62,231.87,0.22,51.39,242.08,0.23,56.40,0.00,0.00,0.00,0.00,0.00,0.00
228.04,0.69,157.35,232.67,0.22,51.80,241.01,0.23,56.07,0.00,0.00,0.00,0.00,0.00,0.00
227.83,0.69,156.63,229.92,0.22,50.55,240.71,0.23,56.07,0.00,0.00,0.00,0.00,0.00,0.00
228.76,0.69,158.41,235.57,0.23,53.11,240.70,0.23,55.98,0.00,0.00,0.00,0.00,0.00,0.00
227.24,0.69,156.29,229.57,0.22,50.65,240.60,0.23,56.01,0.00,0.00,0.00,0.00,0.00,0.00
229.30,0.69,157.76,230.45,0.22,50.97,240.58,0.23,56.00,0.00,0.00,0.00,0.00,0.00,0.00
229.13,0.69,158.11,231.99,0.22,51.35,242.12,0.23,56.70,0.00,0.00,0.00,0.00,0.00,0.00
229.75,0.69,159.12,232.42,0.22,51.98,243.32,0.23,57.16,0.00,0.00,0.00,0.00,0.00,0.00
232.07,0.69,160.57,233.58,0.22,52.40,242.05,0.23,56.57,0.00,0.00,0.00,0.00,0.00,0.00
227.56,0.69,157.32,233.94,0.22,52.36,241.54,0.23,56.31,0.00,0.00,0.00,0.00,0.00,0.00
226.30,0.69,155.78,230.64,0.22,51.10,241.49,0.23,56.27,0.00,0.00,0.00,0.00,0.00,0.00
228.21,0.69,157.13,231.19,0.22,51.09,241.82,0.23,56.43,0.00,0.00,0.00,0.00,0.00,0.00
229.02,0.69,157.91,232.12,0.22,51.58,241.95,0.23,56.40,0.00,0.00,0.00,0.00,0.00,0.00
228.72,0.69,157.61,232.72,0.22,51.78,241.44,0.23,56.13,0.00,0.00,0.00,0.00,0.00,0.00
228.64,0.69,157.16,230.32,0.22,50.58,242.50,0.23,56.65,0.00,0.00,0.00,0.00,0.00,0.00
230.82,0.69,159.00,231.32,0.22,51.23,241.84,0.23,56.46,0.00,0.00,0.00,0.00,0.00,0.00
231.80,0.69,160.38,233.99,0.22,52.43,242.26,0.23,56.56,0.00,0.00,0.00,0.00,0.00,0.00
227.50,0.69,156.69,231.55,0.22,51.26,242.72,0.23,56.73,0.00,0.00,0.00,0.00,0.00,0.00
229.29,0.69,157.84,231.47,0.22,51.36,241.70,0.23,56.33,0.00,0.00,0.00,0.00,0.00,0.00
230.14,0.69,158.34,231.74,0.22,51.39,241.28,0.23,56.04,0.00,0.00,0.00,0.00,0.00,0.00
229.67,0.69,157.72,230.79,0.22,50.97,241.48,0.23,56.11,0.00,0.00,0.00,0.00,0.00,0.00
228.88,0.69,157.60,231.52,0.22,51.38,242.03,0.23,56.40,0.00,0.00,0.00,0.00,0.00,0.00
229.62,0.69,158.51,232.30,0.22,51.65,242.74,0.23,56.82,0.00,0.00,0.00,0.00,0.00,0.00
229.53,0.69,158.57,232.58,0.22,51.89,243.22,0.23,57.00,0.00,0.00,0.00,0.00,0.00,0.00
229.38,0.69,158.45,232.58,0.22,51.90,243.17,0.23,56.92,0.00,0.00,0.00,0.00,0.00,0.00
228.14,0.69,157.23,232.08,0.22,51.70,241.54,0.23,56.15,0.00,0.00,0.00,0.00,0.00,0.00
231.02,0.69,159.07,231.33,0.22,51.31,241.70,0.23,56.30,0.00,0.00,0.00,0.00,0.00,0.00
229.43,0.69,158.19,232.49,0.22,51.83,241.69,0.23,56.20,0.00,0.00,0.00,0.00,0.00,0.00
230.52,0.69,158.89,231.09,0.22,51.14,243.54,0.23,57.13,0.00,0.00,0.00,0.00,0.00,0.00
228.80,0.69,157.76,232.04,0.22,51.50,242.93,0.23,56.84,0.00,0.00,0.00,0.00,0.00,0.00
229.21,0.69,158.42,232.62,0.22,51.89,243.15,0.23,56.97,0.00,0.00,0.00,0.00,0.00,0.00
225.26,0.69,155.67,233.10,0.22,52.25,242.80,0.23,56.70,0.00,0.00,0.00,0.00,0.00,0.00
232.08,0.69,160.29,233.21,0.22,52.26,242.44,0.23,56.46,0.00,0.00,0.00,0.00,0.00,0.00
229.11,0.69,158.18,232.35,0.22,51.84,243.15,0.23,56.90,0.00,0.00,0.00,0.00,0.00,0.00
230.94,0.69,159.51,233.23,0.22,52.23,243.05,0.23,56.74,0.00,0.00,0.00,0.00,0.00,0.00
229.46,0.69,157.98,231.99,0.22,51.55,242.17,0.23,56.41,0.00,0.00,0.00,0.00,0.00,0.00
228.48,0.69,157.56,232.07,0.22,51.51,243.21,0.23,56.90,0.00,0.00,0.00,0.00,0.00,0.00
230.14,0.69,158.52,233.19,0.22,52.01,241.45,0.23,56.05,0.00,0.00,0.00,0.00,0.00,0.00
230.05,0.69,158.69,232.14,0.22,51.75,243.35,0.23,56.89,0.00,0.00,0.00,0.00,0.00,0.00
229.50,0.69,157.39,229.43,0.22,50.59,241.50,0.23,56.05,0.00,0.00,0.00,0.00,0.00,0.00
228.81,0.69,157.47,230.85,0.22,51.01,242.98,0.23,56.76,0.00,0.00,0.00,0.00,0.00,0.00
231.13,0.69,159.41,232.57,0.22,51.76,242.97,0.23,56.72,0.00,0.00,0.00,0.00,0.00,0.00
228.56,0.69,157.33,231.41,0.22,51.15,243.29,0.23,56.85,0.00,0.00,0.00,0.00,0.00,0.00
227.91,0.69,157.68,233.53,0.22,52.50,243.30,0.23,56.91,0.00,0.00,0.00,0.00,0.00,0.00
230.37,0.69,159.18,232.69,0.22,52.05,243.54,0.23,57.01,0.00,0.00,0.00,0.00,0.00,0.00
230.59,0.69,159.28,232.29,0.22,51.90,243.84,0.23,57.12,0.00,0.00,0.00,0.00,0.00,0.00
230.74,0.69,159.50,233.29,0.22,52.24,243.59,0.23,57.06,0.00,0.00,0.00,0.00,0.00,0.00
232.87,0.69,160.46,232.17,0.22,51.48,243.20,0.23,56.83,0.00,0.00,0.00,0.00,0.00,0.00
231.49,0.69,159.15,231.87,0.22,51.36,241.83,0.23,56.20,0.00,0.00,0.00,0.00,0.00,0.00
230.50,0.69,158.90,233.15,0.22,52.10,242.16,0.23,56.25,0.00,0.00,0.00,0.00,0.00,0.00
229.82,0.69,158.11,230.98,0.22,51.03,242.90,0.23,56.70,0.00,0.00,0.00,0.00,0.00,0.00
229.09,0.69,158.43,232.48,0.22,51.91,245.03,0.23,57.67,0.00,0.00,0.00,0.00,0.00,0.00
229.58,0.69,157.59,230.86,0.22,50.96,241.60,0.23,56.06,0.00,0.00,0.00,0.00,0.00,0.00
230.76,0.69,158.78,232.63,0.22,51.67,242.49,0.23,56.36,0.00,0.00,0.00,0.00,0.00,0.00
229.64,0.69,158.09,230.03,0.22,50.63,244.16,0.23,57.32,0.00,0.00,0.00,0.00,0.00,0.00
229.34,0.69,158.17,232.29,0.22,51.72,243.21,0.23,56.78,0.00,0.00,0.00,0.00,0.00,0.00
230.50,0.69,159.55,233.51,0.22,52.33,244.50,0.23,57.46,0.00,0.00,0.00,0.00,0.00,0.00
227.13,0.69,156.56,231.84,0.22,51.55,243.87,0.23,57.04,0.00,0.00,0.00,0.00,0.00,0.00
230.47,0.69,158.96,232.99,0.22,52.12,242.58,0.23,56.51,0.00,0.00,0.00,0.00,0.00,0.00
230.68,0.69,159.38,232.90,0.22,52.01,243.82,0.23,57.09,0.00,0.00,0.00,0.00,0.00,0.00
231.49,0.69,159.62,232.75,0.22,52.03,242.10,0.23,56.25,0.00,0.00,0.00,0.00,0.00,0.00
229.46,0.69,158.20,232.34,0.22,51.74,243.28,0.23,56.77,0.00,0.00,0.00,0.00,0.00,0.00
228.28,0.69,156.44,231.31,0.22,51.31,239.52,0.23,55.07,0.00,0.00,0.00,0.00,0.00,0.00
229.13,0.69,158.11,232.41,0.22,51.85,243.35,0.23,56.83,0.00,0.00,0.00,0.00,0.00,0.00
230.39,0.69,159.19,232.71,0.22,51.85,244.61,0.23,57.39,0.00,0.00,0.00,0.00,0.00,0.00
230.04,0.69,158.78,233.34,0.22,52.15,242.90,0.23,56.70,0.00,0.00,0.00,0.00,0.00,0.00
230.97,0.69,160.33,234.07,0.22,52.70,245.77,0.24,57.99,0.00,0.00,0.00,0.00,0.00,0.00
230.65,0.70,160.37,235.70,0.23,53.33,244.88,0.23,57.64,0.00,0.00,0.00,0.00,0.00,0.00
230.38,0.69,158.63,231.68,0.22,51.42,242.93,0.23,56.65,0.00,0.00,0.00,0.00,0.00,0.00
231.07,0.69,159.26,232.70,0.22,51.72,243.47,0.23,56.87,0.00,0.00,0.00,0.00,0.00,0.00
230.33,0.69,158.39,231.00,0.22,50.99,243.18,0.23,56.79,0.00,0.00,0.00,0.00,0.00,0.00
230.93,0.69,159.17,232.22,0.22,51.83,243.15,0.23,56.68,0.00,0.00,0.00,0.00,0.00,0.00
231.83,0.69,160.64,234.70,0.22,52.75,244.90,0.23,57.46,0.00,0.00,0.00,0.00,0.00,0.00
230.23,0.69,159.86,235.93,0.22,53.40,244.83,0.23,57.54,0.00,0.00,0.00,0.00,0.00,0.00
230.30,0.70,160.08,236.59,0.23,53.56,245.14,0.23,57.66,0.00,0.00,0.00,0.00,0.00,0.00
231.97,0.69,160.46,233.40,0.22,52.13,245.02,0.23,57.55,0.00,0.00,0.00,0.00,0.00,0.00
231.73,0.69,159.67,232.49,0.22,51.70,243.16,0.23,56.69,0.00,0.00,0.00,0.00,0.00,0.00
231.14,0.69,159.52,233.32,0.22,52.19,243.18,0.23,56.68,0.00,0.00,0.00,0.00,0.00,0.00
230.85,0.69,159.16,232.23,0.22,51.69,243.71,0.23,56.89,0.00,0.00,0.00,0.00,0.00,0.00
228.67,0.69,157.72,232.27,0.22,51.63,244.12,0.23,57.13,0.00,0.00,0.00,0.00,0.00,0.00
230.43,0.69,159.76,233.18,0.22,52.09,245.88,0.24,58.10,0.00,0.00,0.00,0.00,0.00,0.00
229.93,0.69,159.16,232.90,0.22,52.04,245.91,0.23,57.98,0.00,0.00,0.00,0.00,0.00,0.00
231.83,0.69,160.30,233.00,0.22,52.33,244.00,0.23,57.09,0.00,0.00,0.00,0.00,0.00,0.00
232.37,0.69,160.41,232.61,0.22,51.85,244.33,0.23,57.15,0.00,0.00,0.00,0.00,0.00,0.00
227.74,0.69,156.94,231.78,0.22,51.57,243.85,0.23,56.99,0.00,0.00,0.00,0.00,0.00,0.00
230.11,0.69,158.12,231.23,0.22,51.33,242.47,0.23,56.30,0.00,0.00,0.00,0.00,0.00,0.00
229.07,0.69,157.44,230.93,0.22,51.15,242.92,0.23,56.60,0.00,0.00,0.00,0.00,0.00,0.00
230.49,0.69,159.47,233.03,0.22,52.17,245.22,0.23,57.65,0.00,0.00,0.00,0.00,0.00,0.00
231.32,0.69,160.11,233.93,0.22,52.50,244.52,0.23,57.32,0.00,0.00,0.00,0.00,0.00,0.00
229.49,0.69,158.75,232.37,0.22,51.76,245.59,0.23,57.85,0.00,0.00,0.00,0.00,0.00,0.00
226.96,0.69,157.21,234.08,0.22,52.58,245.18,0.23,57.66,0.00,0.00,0.00,0.00,0.00,0.00
232.91,0.69,161.51,236.04,0.23,53.60,243.44,0.23,56.81,0.00,0.00,0.00,0.00,0.00,0.00
229.25,0.69,157.61,231.56,0.22,51.20,243.21,0.23,56.68,0.00,0.00,0.00,0.00,0.00,0.00
230.16,0.69,159.36,234.41,0.22,52.69,244.61,0.23,57.32,0.00,0.00,0.00,0.00,0.00,0.00
228.36,0.69,157.72,232.13,0.22,51.65,245.11,0.23,57.57,0.00,0.00,0.00,0.00,0.00,0.00
229.82,0.69,158.94,233.65,0.22,52.26,244.69,0.23,57.37,0.00,0.00,0.00,0.00,0.00,0.00
230.36,0.69,159.06,231.91,0.22,51.52,245.30,0.23,57.66,0.00,0.00,0.00,0.00,0.00,0.00
226.77,0.69,156.99,233.90,0.22,52.58,244.64,0.23,57.41,0.00,0.00,0.00,0.00,0.00,0.00
227.49,0.69,157.08,232.64,0.22,51.84,244.41,0.23,57.28,0.00,0.00,0.00,0.00,0.00,0.00
228.28,0.69,157.18,231.29,0.22,51.33,243.95,0.23,57.01,0.00,0.00,0.00,0.00,0.00,0.00
229.46,0.69,158.54,233.73,0.22,52.40,243.62,0.23,56.87,0.00,0.00,0.00,0.00,0.00,0.00
229.87,0.69,158.39,231.33,0.22,51.28,244.12,0.23,57.14,0.00,0.00,0.00,0.00,0.00,0.00
230.19,0.69,159.08,233.28,0.22,52.34,243.90,0.23,57.07,0.00,0.00,0.00,0.00,0.00,0.00
230.91,0.69,159.49,232.89,0.22,52.19,244.42,0.23,57.16,0.00,0.00,0.00,0.00,0.00,0.00
229.98,0.69,158.83,232.04,0.22,51.52,245.32,0.23,57.72,0.00,0.00,0.00,0.00,0.00,0.00
229.60,0.69,158.89,234.28,0.22,52.53,244.71,0.23,57.42,0.00,0.00,0.00,0.00,0.00,0.00
232.12,0.69,160.49,233.20,0.22,52.20,244.80,0.23,57.34,0.00,0.00,0.00,0.00,0.00,0.00
229.08,0.69,158.45,234.08,0.22,52.52,244.35,0.23,57.19,0.00,0.00,0.00,0.00,0.00,0.00
232.85,0.69,160.59,230.90,0.22,51.32,244.75,0.23,57.40,0.00,0.00,0.00,0.00,0.00,0.00
229.14,0.69,158.53,232.77,0.22,51.91,246.35,0.24,58.11,0.00,0.00,0.00,0.00,0.00,0.00
228.89,0.69,157.69,231.89,0.22,51.62,244.07,0.23,57.05,0.00,0.00,0.00,0.00,0.00,0.00
231.02,0.69,159.85,233.01,0.22,51.95,246.04,0.23,58.01,0.00,0.00,0.00,0.00,0.00,0.00
232.40,0.69,160.58,233.09,0.22,52.26,244.57,0.23,57.26,0.00,0.00,0.00,0.00,0.00,0.00
230.72,0.69,159.47,231.62,0.22,51.45,246.20,0.23,58.08,0.00,0.00,0.00,0.00,0.00,0.00
230.03,0.69,159.06,233.80,0.22,52.32,244.70,0.23,57.37,0.00,0.00,0.00,0.00,0.00,0.00
230.21,0.69,159.45,233.51,0.22,52.32,245.29,0.23,57.73,0.00,0.00,0.00,0.00,0.00,0.00
230.08,0.69,159.35,234.26,0.22,52.59,245.02,0.23,57.55,0.00,0.00,0.00,0.00,0.00,0.00
229.84,0.69,158.76,231.95,0.22,51.63,245.28,0.23,57.64,0.00,0.00,0.00,0.00,0.00,0.00
231.51,0.69,160.19,233.66,0.22,52.36,245.33,0.23,57.55,0.00,0.00,0.00,0.00,0.00,0.00
230.38,0.69,159.00,232.29,0.22,51.61,245.11,0.23,57.58,0.00,0.00,0.00,0.00,0.00,0.00
232.30,0.69,160.50,234.02,0.22,52.48,243.79,0.23,56.87,0.00,0.00,0.00,0.00,0.00,0.00
231.01,0.69,159.34,232.13,0.22,51.46,245.06,0.23,57.57,0.00,0.00,0.00,0.00,0.00,0.00
232.18,0.69,159.99,232.81,0.22,51.98,243.18,0.23,56.58,0.00,0.00,0.00,0.00,0.00,0.00
229.07,0.69,157.90,232.43,0.22,51.77,243.67,0.23,56.87,0.00,0.00,0.00,0.00,0.00,0.00
230.62,0.69,159.32,232.16,0.22,51.89,245.49,0.23,57.62,0.00,0.00,0.00,0.00,0.00,0.00
230.29,0.69,159.38,233.82,0.22,52.62,244.91,0.23,57.44,0.00,0.00,0.00,0.00,0.00,0.00
229.97,0.69,158.57,229.95,0.22,50.69,245.69,0.23,57.90,0.00,0.00,0.00,0.00,0.00,0.00
231.78,0.69,160.84,234.85,0.22,53.05,245.47,0.23,57.72,0.00,0.00,0.00,0.00,0.00,0.00
232.70,0.69,161.53,234.40,0.22,52.71,246.68,0.24,58.28,0.00,0.00,0.00,0.00,0.00,0.00
229.32,0.69,158.83,232.86,0.22,52.10,246.49,0.24,58.23,0.00,0.00,0.00,0.00,0.00,0.00
230.18,0.69,159.14,232.84,0.22,52.06,245.62,0.23,57.73,0.00,0.00,0.00,0.00,0.00,0.00
228.84,0.69,157.61,231.93,0.22,51.48,243.86,0.23,57.00,0.00,0.00,0.00,0.00,0.00,0.00
232.85,0.69,161.24,234.04,0.22,52.67,245.27,0.23,57.47,0.00,0.00,0.00,0.00,0.00,0.00
234.47,0.69,162.41,234.25,0.22,52.76,245.23,0.23,57.57,0.00,0.00,0.00,0.00,0.00,0.00
230.80,0.69,159.39,233.33,0.22,52.23,244.02,0.23,57.07,0.00,0.00,0.00,0.00,0.00,0.00
232.86,0.69,161.30,234.66,0.22,52.77,245.17,0.23,57.54,0.00,0.00,0.00,0.00,0.00,0.00
229.34,0.69,158.40,233.21,0.22,52.06,245.01,0.23,57.44,0.00,0.00,0.00,0.00,0.00,0.00
229.26,0.69,158.28,231.90,0.22,51.54,245.57,0.23,57.68,0.00,0.00,0.00,0.00,0.00,0.00
229.82,0.69,159.08,233.84,0.22,52.62,244.95,0.23,57.46,0.00,0.00,0.00,0.00,0.00,0.00
230.75,0.69,159.16,232.31,0.22,51.89,244.04,0.23,57.03,0.00,0.00,0.00,0.00,0.00,0.00
232.10,0.69,160.81,234.31,0.22,52.81,245.30,0.23,57.62,0.00,0.00,0.00,0.00,0.00,0.00
230.12,0.69,158.98,232.80,0.22,51.97,245.46,0.23,57.64,0.00,0.00,0.00,0.00,0.00,0.00
231.69,0.69,160.28,233.99,0.22,52.52,244.76,0.23,57.33,0.00,0.00,0.00,0.00,0.00,0.00
230.80,0.69,159.66,232.35,0.22,51.68,246.66,0.24,58.29,0.00,0.00,0.00,0.00,0.00,0.00
231.04,0.69,160.09,233.62,0.22,52.44,245.80,0.23,57.86,0.00,0.00,0.00,0.00,0.00,0.00
231.32,0.69,160.23,234.61,0.22,52.82,245.02,0.23,57.43,0.00,0.00,0.00,0.00,0.00,0.00
231.60,0.69,160.88,233.17,0.22,52.30,248.05,0.24,58.93,0.00,0.00,0.00,0.00,0.00,0.00
230.80,0.69,160.21,234.43,0.22,52.75,246.31,0.23,58.12,0.00,0.00,0.00,0.00,0.00,0.00
230.55,0.69,159.67,232.40,0.22,51.94,246.82,0.24,58.34,0.00,0.00,0.00,0.00,0.00,0.00
231.76,0.69,160.60,234.62,0.22,53.02,244.54,0.23,57.19,0.00,0.00,0.00,0.00,0.00,0.00
231.17,0.69,159.76,233.00,0.22,52.30,244.73,0.23,57.33,0.00,0.00,0.00,0.00,0.00,0.00
231.69,0.69,159.90,232.96,0.22,52.20,243.94,0.23,56.94,0.00,0.00,0.00,0.00,0.00,0.00
230.71,0.69,159.71,232.02,0.22,51.59,247.18,0.24,58.54,0.00,0.00,0.00,0.00,0.00,0.00
233.24,0.69,161.82,235.42,0.22,53.18,245.34,0.23,57.54,0.00,0.00,0.00,0.00,0.00,0.00
228.94,0.69,158.96,234.52,0.22,52.77,247.05,0.24,58.38,0.00,0.00,0.00,0.00,0.00,0.00
232.02,0.69,161.19,234.02,0.22,52.57,247.70,0.24,58.71,0.00,0.00,0.00,0.00,0.00,0.00
230.47,0.70,161.57,241.45,0.23,55.94,246.55,0.24,58.24,0.00,0.00,0.00,0.00,0.00,0.00
231.46,0.69,159.93,233.32,0.22,52.37,244.59,0.23,57.21,0.00,0.00,0.00,0.00,0.00,0.00
230.26,0.69,159.17,233.01,0.22,52.06,245.26,0.23,57.59,0.00,0.00,0.00,0.00,0.00,0.00
229.84,0.69,159.14,233.13,0.22,52.17,246.44,0.23,58.06,0.00,0.00,0.00,0.00,0.00,0.00
234.51,0.69,161.94,230.86,0.22,51.01,247.01,0.24,58.40,0.00,0.00,0.00,0.00,0.00,0.00
233.23,0.70,162.14,234.97,0.23,53.35,246.19,0.23,57.99,0.00,0.00,0.00,0.00,0.00,0.00
230.62,0.69,159.29,229.58,0.22,50.66,248.48,0.24,59.06,0.00,0.00,0.00,0.00,0.00,0.00
230.65,0.69,159.45,233.41,0.22,52.03,245.62,0.23,57.74,0.00,0.00,0.00,0.00,0.00,0.00
231.97,0.69,160.36,233.50,0.22,52.49,244.89,0.23,57.33,0.00,0.00,0.00,0.00,0.00,0.00
230.39,0.69,159.21,232.80,0.22,52.12,245.14,0.23,57.55,0.00,0.00,0.00,0.00,0.00,0.00
230.72,0.69,159.27,232.45,0.22,51.82,245.38,0.23,57.63,0.00,0.00,0.00,0.00,0.00,0.00
231.49,0.69,160.59,234.55,0.22,52.79,245.94,0.23,57.92,0.00,0.00,0.00,0.00,0.00,0.00
230.96,0.69,160.14,233.82,0.22,52.53,247.00,0.24,58.35,0.00,0.00,0.00,0.00,0.00,0.00
231.97,0.69,160.23,231.23,0.22,51.39,246.47,0.23,58.06,0.00,0.00,0.00,0.00,0.00,0.00
230.99,0.69,159.30,231.71,0.22,51.40,245.27,0.23,57.57,0.00,0.00,0.00,0.00,0.00,0.00
230.03,0.69,159.13,233.21,0.22,52.31,244.84,0.23,57.39,0.00,0.00,0.00,0.00,0.00,0.00
228.22,0.68,155.91,225.89,0.21,48.77,244.65,0.23,57.33,0.00,0.00,0.00,0.00,0.00,0.00
229.10,0.69,158.26,232.96,0.22,52.05,244.16,0.23,57.24,0.00,0.00,0.00,0.00,0.00,0.00
231.17,0.69,159.51,232.44,0.22,51.98,243.42,0.23,56.93,0.00,0.00,0.00,0.00,0.00,0.00
230.54,0.69,159.41,232.88,0.22,52.16,233.51,0.23,55.03,0.00,0.00,0.00,0.00,0.00,0.00
231.36,0.69,160.19,233.93,0.22,52.52,235.86,0.23,55.57,0.00,0.00,0.00,0.00,0.00,0.00
229.20,0.69,158.49,233.39,0.22,52.32,235.30,0.23,55.39,0.00,0.00,0.00,0.00,0.00,0.00
229.83,0.69,159.45,234.21,0.22,52.65,236.27,0.23,55.88,0.00,0.00,0.00,0.00,0.00,0.00
232.26,0.69,160.67,232.48,0.22,51.99,236.08,0.23,55.78,0.00,0.00,0.00,0.00,0.00,0.00
231.17,0.69,160.47,233.00,0.22,52.37,237.00,0.24,56.24,0.00,0.00,0.00,0.00,0.00,0.00
230.95,0.69,159.60,232.78,0.22,52.04,235.11,0.23,55.28,0.00,0.00,0.00,0.00,0.00,0.00
230.06,0.69,158.68,231.90,0.22,51.65,234.82,0.23,55.22,0.00,0.00,0.00,0.00,0.00,0.00
230.42,0.69,159.46,233.13,0.22,52.39,234.91,0.23,55.33,0.00,0.00,0.00,0.00,0.00,0.00
230.17,0.69,158.79,231.71,0.22,51.49,234.91,0.23,55.25,0.00,0.00,0.00,0.00,0.00,0.00
234.69,0.69,162.62,235.03,0.22,53.02,235.11,0.23,55.27,0.00,0.00,0.00,0.00,0.00,0.00
229.60,0.69,158.80,233.36,0.22,52.29,235.03,0.23,55.25,0.00,0.00,0.00,0.00,0.00,0.00
230.23,0.69,158.80,232.09,0.22,51.56,235.06,0.23,55.29,0.00,0.00,0.00,0.00,0.00,0.00
231.34,0.69,160.39,233.88,0.22,52.45,236.34,0.24,55.93,0.00,0.00,0.00,0.00,0.00,0.00
231.56,0.69,160.54,234.51,0.22,52.66,237.00,0.23,55.98,0.00,0.00,0.00,0.00,0.00,0.00
228.39,0.69,157.97,234.28,0.22,52.77,235.20,0.23,55.02,0.00,0.00,0.00,0.00,0.00,0.00
230.83,0.69,159.58,232.20,0.22,51.65,236.78,0.23,55.98,0.00,0.00,0.00,0.00,0.00,0.00
232.63,0.69,160.99,234.53,0.22,52.82,232.41,0.23,54.52,0.00,0.00,0.00,0.00,0.00,0.00
229.08,0.69,158.41,232.81,0.22,52.00,233.39,0.23,55.07,0.00,0.00,0.00,0.00,0.00,0.00
230.54,0.69,159.43,232.67,0.22,51.96,233.49,0.23,55.08,0.00,0.00,0.00,0.00,0.00,0.00
232.03,0.69,159.71,231.89,0.22,51.47,240.01,0.23,56.09,0.00,0.00,0.00,0.00,0.00,0.00
229.93,0.69,159.05,232.60,0.22,51.98,243.98,0.23,57.55,0.00,0.00,0.00,0.00,0.00,0.00
231.07,0.69,159.77,234.29,0.22,52.78,241.88,0.23,56.56,0.00,0.00,0.00,0.00,0.00,0.00
230.04,0.69,159.25,233.32,0.22,52.37,243.96,0.23,57.48,0.00,0.00,0.00,0.00,0.00,0.00
229.94,0.69,159.03,233.13,0.22,52.19,245.65,0.23,57.81,0.00,0.00,0.00,0.00,0.00,0.00
231.46,0.69,160.53,234.57,0.22,52.82,245.76,0.23,58.03,0.00,0.00,0.00,0.00,0.00,0.00
232.15,0.69,159.43,233.79,0.22,52.43,185.01,0.18,30.72,0.00,0.00,0.00,0.00,0.05,0.00
231.76,0.46,106.03,232.57,0.22,51.90,0.00,0.00,0.00,0.00,0.00,0.00,0.00,0.00,0.00
229.97,0.98,225.46,0.00,0.06,0.00,0.00,0.11,0.00,0.00,0.27,0.00,0.00,0.30,0.00
232.43,0.68,157.70,0.00,0.06,0.00,0.00,0.00,0.00,0.00,0.16,0.00,0.00,0.23,0.00
228.40,0.52,118.60,0.00,0.00,0.00,0.00,0.00,0.00,0.00,0.07,0.00,0.00,0.21,0.00
232.93,0.56,131.45,0.00,0.05,0.00,0.00,0.00,0.00,0.00,0.07,0.00,0.00,0.21,0.00
230.12,0.51,116.46,0.00,0.00,0.00,0.00,0.00,0.00,0.00,0.07,0.00,0.00,0.20,0.00
227.63,0.48,109.74,0.00,0.00,0.00,0.00,0.00,0.00,0.00,0.05,0.00,0.00,0.19,0.00
231.78,0.41,96.15,0.00,0.00,0.00,0.00,0.00,0.00,0.00,0.00,0.00,0.00,0.18,0.00
229.83,0.39,90.75,0.00,0.00,0.00,0.00,0.00,0.00,0.00,0.00,0.00,0.00,0.16,0.00
229.17,0.37,85.09,0.00,0.00,0.00,0.00,0.00,0.00,0.00,0.00,0.00,0.00,0.14,0.00
231.59,0.37,85.18,0.00,0.00,0.00,0.00,0.00,0.00,0.00,0.00,0.00,0.00,0.13,0.00
232.12,0.36,82.77,0.00,0.00,0.00,0.00,0.00,0.00,0.00,0.00,0.00,0.00,0.12,0.00
229.72,0.34,77.15,0.00,0.00,0.00,0.00,0.00,0.00,0.00,0.00,0.00,0.00,0.10,0.00
231.71,0.21,49.20,0.00,0.00,0.00,0.00,0.00,0.00,0.00,0.00,0.00,0.00,0.00,0.00
226.24,0.21,46.83,0.00,0.00,0.00,0.00,0.00,0.00,0.00,0.00,0.00,0.00,0.00,0.00
230.55,0.21,48.74,0.00,0.00,0.00,0.00,0.00,0.00,0.00,0.00,0.00,0.00,0.00,0.00
230.03,0.21,48.18,0.00,0.00,0.00,0.00,0.00,0.00,0.00,0.00,0.00,0.00,0.00,0.00
230.57,0.21,48.56,0.00,0.00,0.00,0.00,0.00,0.00,0.00,0.00,0.00,0.00,0.00,0.00
233.94,0.21,50.18,0.00,0.00,0.00,0.00,0.00,0.00,0.00,0.00,0.00,0.00,0.00,0.00
231.06,0.21,48.88,0.00,0.00,0.00,0.00,0.00,0.00,0.00,0.00,0.00,232.97,0.00,0.00
232.40,0.21,49.10,0.00,0.00,0.00,0.00,0.00,0.00,0.00,0.00,0.00,234.60,0.00,0.00
229.48,0.21,48.20,0.00,0.00,0.00,0.00,0.00,0.00,0.00,0.00,0.00,0.00,0.00,0.00
231.01,0.48,109.85,0.00,0.00,0.00,0.00,0.00,0.00,0.00,0.00,0.00,232.48,0.24,34.06
231.70,0.47,109.77,0.00,0.00,0.00,0.00,0.00,0.00,0.00,0.00,0.00,231.39,0.24,33.38
228.89,0.48,108.96,0.00,0.00,0.00,0.00,0.00,0.00,0.00,0.00,0.00,230.96,0.24,33.64
233.56,0.47,108.83,0.00,0.00,0.00,0.00,0.00,0.00,0.00,0.00,0.00,234.71,0.23,33.62
231.83,0.47,108.42,0.00,0.00,0.00,0.00,0.00,0.00,0.00,0.00,0.00,233.22,0.23,33.04
232.80,0.46,108.24,0.00,0.00,0.00,0.00,0.00,0.00,0.00,0.00,0.00,230.60,0.23,32.62
232.07,0.46,107.87,0.00,0.00,0.00,0.00,0.00,0.00,0.00,0.00,0.00,232.40,0.23,32.78
231.68,0.47,109.66,0.00,0.00,0.00,0.00,0.00,0.00,0.00,0.00,0.00,233.55,0.24,33.63
229.21,0.47,108.19,0.00,0.00,0.00,0.00,0.00,0.00,0.00,0.00,0.00,230.86,0.24,32.45
230.74,0.47,109.32,0.00,0.00,0.00,0.00,0.00,0.00,0.00,0.00,0.00,233.68,0.24,33.77
229.78,0.46,106.79,0.00,0.00,0.00,0.00,0.00,0.00,0.00,0.00,0.00,233.62,0.23,32.94
232.96,0.42,97.76,0.00,0.00,0.00,0.00,0.00,0.00,0.00,0.00,0.00,0.00,0.18,0.00
232.46,0.21,49.49,0.00,0.00,0.00,0.00,0.00,0.00,0.00,0.00,0.00,0.00,0.00,0.00
231.61,0.21,48.68,0.00,0.00,0.00,0.00,0.00,0.00,0.00,0.00,0.00,0.00,0.00,0.00
230.48,0.21,48.40,0.00,0.00,0.00,0.00,0.00,0.00,0.00,0.00,0.00,0.00,0.00,0.00
231.47,0.21,48.73,0.00,0.00,0.00,0.00,0.00,0.00,0.00,0.00,0.00,0.00,0.00,0.00
231.17,0.21,48.97,0.00,0.00,0.00,0.00,0.00,0.00,0.00,0.00,0.00,0.00,0.00,0.00
229.66,0.21,48.23,0.00,0.00,0.00,0.00,0.00,0.00,0.00,0.00,0.00,0.00,0.00,0.00
231.16,0.35,81.19,0.00,0.00,0.00,0.00,0.00,0.00,0.00,0.00,0.00,232.08,0.12,16.50
230.79,0.35,80.77,0.00,0.00,0.00,0.00,0.00,0.00,0.00,0.00,0.00,231.05,0.11,15.90
231.17,0.35,81.63,0.00,0.00,0.00,0.00,0.00,0.00,0.00,0.00,0.00,232.33,0.12,16.72
230.96,0.35,80.69,0.00,0.00,0.00,0.00,0.00,0.00,0.00,0.00,0.00,231.29,0.11,15.87
229.96,0.35,81.32,0.00,0.00,0.00,0.00,0.00,0.00,0.00,0.00,0.00,231.29,0.12,16.59
229.44,0.35,80.80,0.00,0.00,0.00,0.00,0.00,0.00,0.00,0.00,0.00,231.42,0.12,16.11
230.73,0.36,82.23,0.00,0.00,0.00,0.00,0.00,0.00,0.00,0.00,0.00,235.17,0.12,16.78
229.24,0.21,47.96,0.00,0.00,0.00,0.00,0.00,0.00,0.00,0.00,0.00,0.00,0.00,0.00
229.91,0.21,48.27,0.00,0.00,0.00,0.00,0.00,0.00,0.00,0.00,0.00,0.00,0.00,0.00
232.74,0.21,49.56,0.00,0.00,0.00,0.00,0.00,0.00,0.00,0.00,0.00,0.00,0.00,0.00
231.75,0.21,49.20,0.00,0.00,0.00,0.00,0.00,0.00,0.00,0.00,0.00,0.00,0.00,0.00
230.44,0.21,48.39,0.00,0.00,0.00,0.00,0.00,0.00,0.00,0.00,0.00,0.00,0.00,0.00
230.91,0.21,48.88,0.00,0.00,0.00,0.00,0.00,0.00,0.00,0.00,0.00,0.00,0.00,0.00
230.09,0.21,48.49,0.00,0.00,0.00,0.00,0.00,0.00,0.00,0.00,0.00,0.00,0.00,0.00
230.24,0.21,48.33,0.00,0.00,0.00,0.00,0.00,0.00,0.00,0.00,0.00,0.00,0.00,0.00
229.24,0.47,107.77,0.00,0.00,0.00,0.00,0.00,0.00,0.00,0.00,0.00,231.43,0.23,33.24
231.64,0.47,108.27,0.00,0.00,0.00,0.00,0.00,0.00,0.00,0.00,0.00,233.46,0.23,33.78
231.17,0.46,106.54,0.00,0.00,0.00,0.00,0.00,0.00,0.00,0.00,0.00,231.52,0.23,31.66
231.81,0.46,107.40,0.00,0.00,0.00,0.00,0.00,0.00,0.00,0.00,0.00,234.12,0.23,32.70
233.78,0.47,109.70,0.00,0.00,0.00,0.00,0.00,0.00,0.00,0.00,0.00,234.28,0.23,33.49
230.96,0.47,107.71,0.00,0.00,0.00,0.00,0.00,0.00,0.00,0.00,0.00,235.53,0.23,33.93
231.80,0.47,108.79,0.00,0.00,0.00,0.00,0.00,0.00,0.00,0.00,0.00,233.32,0.23,33.89
232.04,0.46,107.77,0.00,0.00,0.00,0.00,0.00,0.00,0.00,0.00,0.00,230.29,0.23,32.65
231.95,0.47,108.59,0.00,0.00,0.00,0.00,0.00,0.00,0.00,0.00,0.00,231.52,0.23,32.55
230.88,0.47,108.63,0.00,0.00,0.00,0.00,0.00,0.00,0.00,0.00,0.00,231.07,0.24,32.50
230.38,0.47,109.20,0.00,0.00,0.00,0.00,0.00,0.00,0.00,0.00,0.00,229.82,0.24,32.14
232.92,0.48,110.97,0.00,0.00,0.00,0.00,0.00,0.00,0.00,0.00,0.00,232.32,0.24,33.21
230.57,0.46,106.85,0.00,0.00,0.00,0.00,0.00,0.00,0.00,0.00,0.00,231.89,0.23,32.24
233.20,0.46,107.98,0.00,0.00,0.00,0.00,0.00,0.00,0.00,0.00,0.00,232.76,0.23,32.56
230.96,0.46,106.71,0.00,0.00,0.00,0.00,0.00,0.00,0.00,0.00,0.00,234.32,0.23,32.54
230.88,0.46,106.99,0.00,0.00,0.00,0.00,0.00,0.00,0.00,0.00,0.00,232.01,0.23,32.47
232.59,0.47,109.91,0.00,0.00,0.00,0.00,0.00,0.00,0.00,0.00,0.00,233.88,0.24,33.26
229.90,0.47,107.47,0.00,0.00,0.00,0.00,0.00,0.00,0.00,0.00,0.00,230.47,0.23,31.39
232.38,0.47,109.11,0.00,0.00,0.00,0.00,0.00,0.00,0.00,0.00,0.00,231.72,0.23,32.41
230.94,0.47,109.35,0.00,0.00,0.00,0.00,0.00,0.00,0.00,0.00,0.00,231.33,0.24,32.40
233.68,0.46,107.57,0.00,0.00,0.00,0.00,0.00,0.00,0.00,0.00,0.00,233.25,0.23,32.46
228.45,0.46,104.50,0.00,0.00,0.00,0.00,0.00,0.00,0.00,0.00,0.00,232.21,0.22,31.99
232.37,0.46,107.99,0.00,0.00,0.00,0.00,0.00,0.00,0.00,0.00,0.00,234.26,0.23,33.13
232.54,0.47,108.88,0.00,0.00,0.00,0.00,0.00,0.00,0.00,0.00,0.00,231.11,0.23,32.05
228.41,0.47,106.88,0.00,0.00,0.00,0.00,0.00,0.00,0.00,0.00,0.00,232.68,0.23,32.31
233.40,0.47,109.36,0.00,0.00,0.00,0.00,0.00,0.00,0.00,0.00,0.00,232.68,0.23,32.30
231.20,0.47,108.50,0.00,0.00,0.00,0.00,0.00,0.00,0.00,0.00,0.00,232.41,0.23,32.12
232.97,0.46,106.73,0.00,0.00,0.00,0.00,0.00,0.00,0.00,0.00,0.00,233.49,0.22,32.10
232.02,0.46,107.05,0.00,0.00,0.00,0.00,0.00,0.00,0.00,0.00,0.00,233.52,0.23,32.31
233.32,0.46,107.25,0.00,0.00,0.00,0.00,0.00,0.00,0.00,0.00,0.00,232.05,0.22,31.77
233.73,0.46,107.18,0.00,0.00,0.00,0.00,0.00,0.00,0.00,0.00,0.00,233.33,0.22,32.23
231.48,0.46,105.90,0.00,0.00,0.00,0.00,0.00,0.00,0.00,0.00,0.00,231.36,0.22,31.50
234.05,0.68,159.42,0.00,0.00,0.00,0.00,0.00,0.00,233.79,0.22,51.45,233.73,0.23,32.44
230.59,0.92,211.94,0.00,0.00,0.00,234.87,0.24,57.68,230.30,0.22,49.98,232.59,0.22,32.31
231.36,1.14,264.71,233.64,0.22,52.10,230.52,0.23,54.40,229.81,0.22,49.80,231.51,0.23,31.98
228.04,1.14,260.70,233.23,0.22,52.23,231.72,0.23,54.69,230.29,0.22,50.01,231.67,0.23,31.77
229.17,1.15,262.51,231.82,0.22,51.45,230.71,0.23,54.43,230.83,0.22,49.87,232.21,0.24,31.97
232.26,1.13,262.30,232.50,0.22,51.35,230.49,0.23,54.27,231.20,0.22,50.32,231.89,0.22,31.79
228.08,1.13,258.10,233.28,0.22,52.05,231.97,0.23,54.85,231.03,0.22,50.26,233.63,0.22,32.09
230.69,1.13,261.77,234.04,0.22,52.22,233.31,0.24,55.56,231.22,0.22,50.26,233.19,0.22,32.12
231.77,1.13,261.54,233.18,0.22,51.80,232.24,0.23,54.91,230.05,0.22,49.84,231.64,0.22,31.56
233.58,1.14,267.32,233.04,0.22,51.95,231.66,0.23,54.62,231.58,0.22,50.39,231.10,0.23,31.89
229.47,1.14,261.29,231.15,0.22,50.97,231.03,0.23,54.32,229.24,0.22,49.39,230.49,0.23,31.40
231.49,1.14,263.31,233.07,0.22,51.90,230.37,0.23,54.07,230.57,0.22,49.98,230.90,0.23,31.17
229.65,1.13,260.54,232.62,0.22,51.64,232.22,0.23,54.85,230.62,0.22,49.93,233.55,0.23,32.80
231.81,1.13,260.91,233.16,0.22,51.73,232.28,0.23,54.88,230.25,0.22,49.79,232.22,0.22,30.53
232.37,1.13,263.68,235.25,0.23,52.96,231.94,0.23,54.70,231.74,0.22,50.56,232.27,0.22,31.86
230.48,1.13,260.63,232.78,0.22,51.61,233.47,0.24,55.48,230.09,0.22,49.70,232.49,0.22,31.49
232.01,1.14,265.19,232.15,0.22,51.45,230.35,0.23,53.94,231.84,0.22,50.85,231.41,0.23,32.15
230.40,1.14,262.89,232.47,0.22,51.68,230.32,0.23,53.96,229.75,0.22,49.56,233.14,0.23,32.10
229.40,1.14,260.98,232.28,0.22,51.37,230.98,0.23,54.28,229.14,0.22,49.37,229.78,0.23,31.13
232.27,1.13,262.06,230.64,0.22,50.72,231.03,0.23,54.30,233.06,0.22,51.20,232.67,0.22,31.74
229.90,1.13,258.81,231.88,0.22,50.93,232.75,0.23,55.05,229.94,0.22,49.73,232.35,0.22,31.31
232.94,1.13,262.75,233.89,0.22,52.08,231.31,0.23,54.43,233.00,0.22,50.99,233.10,0.22,31.11
233.72,1.13,265.03,234.32,0.22,52.41,232.03,0.23,54.74,230.47,0.22,49.87,232.81,0.22,31.16
230.64,1.14,262.36,231.27,0.22,51.02,232.26,0.23,54.74,230.87,0.22,50.02,229.98,0.23,30.99
231.11,1.13,262.22,232.41,0.22,51.31,229.15,0.23,53.36,230.82,0.22,50.07,231.41,0.23,31.37
229.49,1.14,261.39,231.57,0.22,50.87,231.05,0.23,54.27,229.38,0.22,49.50,231.12,0.23,31.43
231.26,1.13,261.20,231.88,0.22,51.05,232.32,0.23,54.90,231.61,0.22,50.54,232.62,0.22,31.35
234.15,1.13,264.67,234.63,0.22,52.53,232.08,0.23,54.68,231.66,0.22,50.39,233.48,0.22,31.39
231.36,1.13,261.08,231.66,0.22,50.98,232.86,0.24,55.14,229.89,0.22,49.65,232.47,0.22,31.55
232.59,1.14,265.75,233.94,0.22,52.36,231.62,0.23,54.52,230.33,0.22,49.80,232.60,0.23,31.70
229.26,1.14,260.56,231.95,0.22,51.15,232.17,0.23,54.72,229.10,0.21,49.18,230.80,0.23,31.41
231.41,1.14,262.99,233.65,0.22,51.85,232.26,0.23,54.80,229.53,0.22,49.48,231.06,0.23,31.37
231.71,1.14,264.17,233.89,0.22,51.98,230.55,0.23,53.96,229.91,0.22,49.73,230.40,0.23,31.92
229.44,1.13,258.99,233.72,0.22,51.94,231.94,0.23,54.55,231.97,0.22,50.70,230.87,0.22,31.37
231.52,1.13,261.44,234.38,0.22,52.41,233.10,0.23,55.13,232.77,0.22,50.79,231.53,0.22,31.21
231.59,1.13,260.70,234.47,0.22,52.46,230.68,0.23,53.98,231.65,0.22,50.22,232.55,0.22,31.72
230.85,1.13,261.71,232.46,0.22,51.42,231.48,0.23,54.36,229.40,0.22,49.42,231.16,0.23,30.95
230.42,1.14,262.13,232.28,0.22,51.39,231.94,0.23,54.64,231.59,0.22,50.42,230.90,0.23,31.02
232.03,1.14,264.80,234.35,0.22,52.26,229.99,0.23,53.71,231.10,0.22,50.14,232.95,0.23,31.92
230.40,1.12,258.97,232.49,0.22,51.39,231.61,0.23,54.49,229.78,0.22,49.99,230.09,0.22,30.69
232.86,1.13,263.09,234.11,0.22,52.08,231.58,0.23,54.38,231.63,0.22,50.41,232.15,0.22,31.66
231.86,1.13,261.98,233.50,0.22,51.87,231.90,0.23,54.61,231.36,0.22,50.17,234.06,0.22,32.16
231.78,1.13,261.20,232.65,0.22,51.52,232.31,0.23,54.78,231.46,0.22,50.42,231.32,0.22,31.03
231.59,1.14,263.64,233.55,0.22,51.93,231.96,0.23,54.56,228.94,0.21,49.20,232.04,0.23,31.36
229.60,1.13,260.54,232.65,0.22,51.45,232.52,0.23,54.82,231.09,0.22,49.99,230.26,0.23,30.76
234.63,1.14,266.67,232.91,0.22,51.57,232.78,0.23,54.87,229.72,0.22,49.51,230.85,0.23,31.34
232.23,1.13,261.35,233.02,0.22,51.78,231.33,0.23,54.20,231.85,0.22,50.45,232.05,0.22,31.17
231.50,1.13,260.66,233.83,0.22,51.93,233.09,0.23,55.08,229.95,0.22,49.56,233.18,0.22,31.54
231.57,1.13,261.27,233.99,0.22,52.04,232.35,0.23,54.70,230.17,0.22,49.63,232.37,0.22,31.52
232.21,1.13,261.27,233.99,0.22,52.13,230.78,0.23,53.98,231.54,0.22,50.21,233.01,0.22,31.35
230.98,1.13,260.24,233.90,0.22,51.77,232.76,0.23,54.92,231.09,0.22,50.09,231.30,0.22,31.44
230.58,1.12,259.34,232.78,0.22,51.41,231.97,0.23,54.55,231.23,0.22,50.07,232.61,0.22,31.17
233.57,1.13,263.52,235.26,0.22,52.58,233.06,0.23,55.08,232.53,0.22,50.71,233.64,0.22,31.29
230.92,1.14,263.11,233.73,0.22,52.17,229.15,0.23,53.10,230.85,0.22,49.86,232.26,0.24,31.92
229.71,1.13,260.63,231.88,0.22,51.25,230.83,0.23,53.91,230.83,0.22,50.06,230.60,0.23,31.22
231.01,1.14,262.93,233.52,0.22,51.90,232.26,0.23,54.65,232.09,0.22,50.70,230.52,0.23,30.75
230.59,1.13,260.02,233.11,0.22,51.75,231.45,0.23,54.27,229.72,0.22,49.48,233.65,0.22,32.24
231.63,1.12,260.21,232.61,0.22,51.48,233.35,0.23,55.16,231.29,0.22,50.13,232.03,0.22,30.63
233.35,1.13,263.14,232.91,0.22,51.67,233.83,0.24,55.35,232.72,0.22,50.62,232.85,0.22,31.25
232.14,1.13,261.79,234.59,0.22,52.47,231.81,0.23,54.46,231.77,0.22,50.39,232.90,0.22,31.66
231.10,1.14,262.61,232.43,0.22,51.34,232.52,0.23,54.77,231.63,0.22,50.18,231.66,0.23,30.86
231.85,1.13,262.16,232.58,0.22,51.60,231.61,0.23,54.47,229.68,0.22,49.38,230.82,0.23,30.25
230.82,1.13,261.62,233.44,0.22,51.80,232.29,0.23,54.56,230.78,0.22,49.94,233.02,0.23,31.36
231.83,1.13,261.07,234.24,0.22,52.16,231.91,0.23,54.48,231.77,0.22,50.37,231.43,0.22,31.02
231.37,1.12,260.07,232.13,0.22,51.21,233.46,0.23,55.22,231.57,0.22,50.24,233.81,0.22,31.48
231.80,1.13,260.88,232.96,0.22,51.43,233.67,0.24,55.34,231.89,0.22,50.40,232.42,0.22,30.77
233.21,1.14,264.86,235.38,0.22,52.80,232.42,0.23,54.71,231.61,0.22,50.26,232.47,0.23,30.69
231.06,1.14,263.34,234.07,0.22,52.11,231.38,0.23,54.20,232.03,0.22,50.30,232.42,0.23,31.64
230.39,1.14,261.52,233.44,0.22,51.78,231.36,0.23,54.31,229.82,0.21,49.44,233.36,0.23,31.24
231.21,1.13,261.40,232.23,0.22,51.19,232.30,0.23,54.59,229.80,0.22,49.46,231.14,0.23,30.80
231.11,1.13,260.13,234.12,0.22,52.15,234.62,0.24,55.76,233.25,0.22,51.10,233.76,0.21,31.06
233.29,1.13,263.92,236.46,0.22,53.12,234.03,0.24,55.44,232.77,0.22,50.80,234.02,0.22,31.92
230.48,1.13,261.04,236.58,0.22,53.14,232.78,0.23,54.87,232.62,0.22,50.64,239.35,0.22,33.83
232.24,1.14,263.89,235.23,0.22,52.71,232.94,0.23,54.95,230.34,0.22,49.70,231.07,0.23,30.67
230.44,1.14,261.67,232.26,0.22,51.26,232.09,0.23,54.56,230.28,0.22,49.62,232.22,0.23,30.90
232.23,1.14,264.76,236.86,0.22,53.17,232.81,0.23,54.86,232.49,0.22,50.67,232.73,0.23,30.85
233.07,1.13,264.32,233.76,0.22,51.94,231.85,0.23,54.44,231.16,0.22,50.06,233.33,0.23,31.21
231.25,1.12,259.86,235.19,0.22,52.55,232.91,0.23,54.92,232.10,0.22,50.54,233.32,0.21,30.94
233.72,1.13,263.15,232.98,0.22,51.53,234.93,0.24,55.94,232.02,0.22,50.37,232.97,0.22,30.92
234.47,1.13,263.91,235.25,0.22,52.56,232.28,0.23,54.57,234.44,0.22,51.54,232.69,0.21,30.97
233.60,1.14,266.24,236.63,0.23,53.28,233.13,0.23,54.89,231.02,0.22,50.13,231.75,0.23,30.81
230.41,1.13,260.96,233.31,0.22,51.62,232.62,0.23,54.84,229.69,0.22,49.48,233.38,0.23,31.08
230.70,1.13,260.77,232.08,0.22,51.11,232.03,0.23,54.54,229.96,0.21,49.38,232.29,0.23,31.13
229.62,1.12,256.95,232.31,0.22,51.15,231.86,0.23,54.38,232.65,0.22,50.77,232.57,0.21,30.36
234.00,1.13,263.56,235.79,0.22,52.89,234.21,0.24,55.50,233.39,0.22,50.94,233.25,0.21,30.87
233.06,1.13,262.25,239.51,0.23,54.24,233.56,0.24,55.27,231.93,0.22,50.32,233.68,0.21,30.75
233.02,1.13,262.43,234.34,0.22,52.15,234.78,0.24,55.79,232.02,0.22,50.38,232.16,0.22,30.69
231.67,1.13,261.89,231.74,0.22,51.01,232.19,0.23,54.53,232.10,0.22,50.33,232.53,0.22,30.78
231.95,1.13,263.10,233.70,0.22,51.96,232.24,0.23,54.56,231.39,0.22,50.28,232.50,0.23,31.08
230.01,1.13,260.39,233.20,0.22,51.73,232.17,0.23,54.49,231.03,0.22,49.92,231.83,0.23,30.62
231.83,1.12,260.77,232.72,0.22,51.43,233.63,0.23,55.29,231.12,0.22,49.85,231.73,0.22,30.76
233.24,1.13,262.59,234.92,0.22,52.40,231.54,0.23,54.25,232.53,0.22,50.66,232.17,0.22,30.64
232.21,1.13,261.81,235.31,0.22,52.50,232.54,0.23,54.72,232.91,0.22,50.75,234.37,0.22,31.26
232.03,1.12,260.25,233.99,0.22,51.77,234.08,0.24,55.46,231.94,0.22,50.36,231.02,0.21,29.93
232.53,1.13,263.28,233.86,0.22,51.84,232.34,0.23,54.55,231.44,0.22,50.16,231.48,0.23,30.61
231.04,1.13,261.50,235.13,0.22,52.54,232.36,0.23,54.60,229.88,0.22,49.44,233.23,0.22,30.78
230.70,1.13,260.66,233.17,0.22,51.38,231.77,0.23,54.36,230.31,0.22,49.60,231.13,0.23,30.38
233.23,1.12,261.90,233.94,0.22,51.93,232.16,0.23,54.48,231.94,0.22,50.43,232.32,0.22,30.97
231.77,1.12,260.03,233.78,0.22,51.81,232.03,0.23,54.54,231.29,0.22,49.97,237.75,0.22,32.33
227.14,1.12,254.51,234.01,0.22,51.98,232.73,0.23,54.84,230.47,0.22,49.71,232.49,0.21,30.45
232.94,1.13,264.18,234.65,0.22,52.13,232.21,0.23,54.51,231.24,0.22,50.02,231.90,0.23,30.79
230.28,1.13,260.56,233.47,0.22,51.82,231.73,0.23,54.30,232.04,0.22,50.35,232.51,0.23,31.00
230.60,1.13,261.10,232.96,0.22,51.54,231.91,0.23,54.38,230.91,0.22,49.98,232.17,0.23,30.47
232.16,1.14,263.57,236.17,0.22,52.74,232.37,0.23,54.58,231.81,0.22,50.39,232.65,0.23,30.75
231.47,1.12,260.18,235.15,0.22,52.28,231.14,0.23,54.13,232.96,0.22,50.76,233.09,0.22,31.45
232.80,1.13,262.82,239.08,0.23,54.04,234.05,0.24,55.43,230.39,0.22,49.67,232.87,0.22,30.87
233.57,1.12,262.34,234.74,0.22,52.26,233.29,0.23,55.01,231.82,0.22,50.29,233.09,0.21,30.88
232.96,1.13,262.20,234.64,0.22,52.18,232.41,0.23,54.59,232.30,0.22,50.42,234.70,0.22,31.56
231.18,1.12,259.84,233.46,0.22,51.47,233.86,0.23,55.30,233.50,0.22,51.07,230.26,0.21,30.08
232.83,1.12,260.38,234.69,0.22,52.28,232.82,0.23,54.83,231.20,0.22,49.91,231.52,0.21,29.91
233.05,1.12,261.52,234.98,0.22,52.36,233.76,0.23,55.25,232.48,0.22,50.58,231.93,0.21,30.08
230.38,1.13,260.99,233.75,0.22,51.91,233.15,0.23,54.95,232.06,0.22,50.28,232.12,0.23,30.41
231.69,1.13,262.18,234.60,0.22,52.36,230.71,0.23,53.83,230.44,0.21,49.53,233.87,0.23,31.27
232.51,1.13,262.65,234.24,0.22,52.04,233.01,0.23,54.95,229.70,0.21,49.36,232.31,0.22,29.89
232.48,1.12,260.59,233.72,0.22,51.91,231.18,0.23,54.02,230.50,0.22,49.71,231.72,0.22,30.20
232.08,1.13,261.18,233.83,0.22,51.69,232.40,0.23,54.62,233.40,0.22,50.90,232.89,0.22,30.88
230.65,1.12,259.09,232.76,0.22,51.21,232.04,0.23,54.47,231.71,0.22,50.17,231.56,0.22,30.73
231.21,1.12,259.22,233.80,0.22,51.85,232.28,0.23,54.56,232.08,0.22,50.30,231.30,0.21,30.46
232.28,1.13,261.91,235.75,0.22,52.72,232.54,0.23,54.65,234.24,0.22,51.34,233.99,0.22,30.68
232.31,1.13,261.65,234.93,0.22,52.21,233.10,0.23,54.98,232.76,0.22,50.56,233.67,0.22,31.46
231.62,1.12,259.42,233.69,0.22,51.73,232.28,0.23,54.59,230.59,0.22,49.73,233.47,0.21,30.97
230.55,1.13,261.19,233.77,0.22,51.80,232.66,0.23,54.72,230.21,0.22,49.52,231.91,0.23,30.65
231.05,1.13,261.42,233.67,0.22,51.72,232.22,0.23,54.53,231.33,0.22,49.96,231.76,0.23,29.93
232.60,1.13,262.89,235.31,0.22,52.48,230.65,0.23,53.82,232.37,0.22,50.55,232.87,0.22,30.66
232.45,1.13,262.64,233.99,0.22,51.98,231.85,0.23,54.39,231.65,0.22,50.11,231.07,0.22,30.90
233.81,1.13,263.66,232.78,0.22,51.32,231.82,0.23,54.33,231.10,0.22,49.95,231.58,0.22,30.37
231.75,1.13,261.13,232.35,0.22,51.34,230.87,0.23,53.78,230.25,0.21,49.48,230.70,0.23,29.94
233.14,1.13,263.01,234.03,0.22,51.99,231.87,0.23,54.31,231.46,0.22,50.15,232.76,0.22,30.66
232.58,1.13,262.98,233.07,0.22,51.61,231.54,0.23,54.13,232.51,0.22,50.52,232.34,0.22,31.01
231.40,1.13,261.34,233.88,0.22,51.92,230.64,0.23,53.81,230.73,0.22,49.73,232.11,0.23,30.30
230.89,1.12,259.31,233.02,0.22,51.26,232.18,0.23,54.49,229.95,0.21,49.32,231.97,0.22,30.48
232.86,1.13,262.72,232.99,0.22,51.41,231.78,0.23,54.28,231.05,0.22,49.74,231.21,0.22,30.59
232.04,1.13,262.37,233.11,0.22,51.54,233.23,0.23,54.88,231.59,0.22,50.17,233.45,0.22,30.49
229.71,1.13,259.55,234.11,0.22,51.95,231.82,0.23,54.29,230.93,0.22,49.96,232.49,0.22,30.58
226.61,1.12,254.17,232.68,0.22,51.11,232.40,0.23,54.69,231.43,0.22,50.13,233.00,0.22,30.92
232.40,1.13,261.83,233.19,0.22,51.63,232.26,0.23,54.48,231.85,0.22,50.40,235.85,0.22,31.82
233.63,1.13,263.19,235.13,0.22,52.31,231.86,0.23,54.29,232.88,0.22,50.96,237.38,0.22,32.16
233.05,1.12,261.10,234.13,0.22,51.86,231.02,0.23,53.89,233.56,0.22,50.85,232.85,0.21,30.55
232.53,1.12,260.24,233.29,0.22,51.59,232.85,0.23,54.77,231.16,0.22,49.93,231.79,0.21,30.34
229.98,1.12,256.94,233.79,0.22,51.67,232.68,0.23,54.73,230.82,0.22,49.72,231.99,0.21,30.20
233.80,1.12,262.75,235.66,0.22,52.70,233.52,0.23,55.01,233.01,0.22,50.85,232.18,0.21,30.15
232.60,1.14,264.96,239.88,0.23,54.24,231.38,0.23,54.04,233.20,0.22,50.84,233.62,0.23,31.64
229.65,1.13,259.11,232.91,0.22,51.38,231.57,0.23,54.20,230.91,0.22,49.69,233.07,0.22,31.10
229.49,1.13,259.43,233.02,0.22,51.29,233.27,0.23,54.98,230.14,0.21,49.41,230.88,0.23,30.22
231.86,1.11,258.50,232.67,0.22,51.33,231.93,0.23,54.35,229.66,0.21,49.13,232.11,0.21,30.21
233.06,1.12,261.58,235.04,0.22,52.35,231.92,0.23,54.36,232.90,0.22,50.71,232.33,0.21,30.54
232.18,1.12,260.73,234.40,0.22,51.97,233.80,0.23,55.25,230.74,0.22,49.78,233.44,0.22,31.31
231.61,1.12,259.35,234.30,0.22,51.98,233.41,0.23,55.04,232.35,0.22,50.29,233.15,0.21,30.46
232.64,1.12,259.86,233.36,0.22,51.43,232.55,0.23,54.62,230.34,0.22,49.53,233.11,0.21,30.55
232.51,1.12,261.35,235.75,0.22,52.67,232.75,0.23,54.74,232.14,0.22,50.40,234.01,0.21,30.75
232.06,1.12,259.76,235.44,0.22,52.52,232.31,0.23,54.50,228.37,0.21,48.57,232.59,0.22,31.16
231.46,1.13,260.61,233.10,0.22,51.47,232.02,0.23,54.39,229.49,0.21,49.18,233.16,0.22,30.54
231.35,1.13,260.45,232.78,0.22,51.22,231.85,0.23,54.37,230.15,0.21,49.39,231.92,0.22,30.04
232.31,1.13,262.52,233.92,0.22,51.86,232.66,0.23,54.69,230.99,0.22,49.91,232.92,0.22,30.56
232.68,1.13,261.81,235.03,0.22,52.31,232.84,0.23,54.82,234.36,0.22,51.24,235.09,0.21,31.47
232.22,1.12,259.28,234.61,0.22,52.08,232.20,0.23,54.44,230.05,0.21,49.37,233.47,0.21,30.85
232.74,1.12,260.09,233.83,0.22,51.65,232.70,0.23,54.73,232.01,0.22,50.19,233.79,0.21,31.04
234.34,1.12,262.38,234.84,0.22,52.47,232.55,0.23,54.65,232.81,0.22,50.56,233.76,0.21,31.03
230.83,1.13,261.19,232.49,0.22,51.16,231.63,0.23,54.19,230.91,0.22,49.64,232.77,0.23,30.92
230.85,1.13,260.11,232.31,0.22,51.08,231.82,0.23,54.27,231.28,0.22,49.78,229.89,0.22,30.08
231.23,1.13,261.92,233.36,0.22,51.71,232.16,0.23,54.38,233.08,0.22,50.64,233.52,0.23,30.84
229.81,1.12,257.19,234.41,0.22,51.94,233.02,0.23,54.96,231.11,0.22,49.83,233.49,0.21,30.77
233.12,1.12,261.35,235.13,0.22,52.20,232.72,0.23,54.76,233.15,0.22,50.79,234.77,0.21,30.92
233.38,1.12,262.53,236.32,0.22,52.90,233.75,0.23,55.12,233.00,0.22,50.67,234.31,0.21,31.28
231.23,1.14,263.23,235.40,0.22,52.35,233.39,0.23,55.07,231.22,0.22,49.78,232.77,0.23,31.26
232.44,1.13,263.13,233.38,0.22,51.38,231.40,0.23,54.08,231.30,0.22,49.78,231.42,0.23,30.49
230.52,1.13,261.40,234.67,0.22,52.15,232.29,0.23,54.36,231.09,0.22,49.72,232.40,0.23,30.76
230.14,1.13,259.63,232.75,0.22,51.17,231.56,0.23,54.15,229.07,0.21,49.03,230.65,0.23,30.39
233.56,1.12,260.91,234.69,0.22,52.00,231.75,0.23,54.22,232.72,0.22,50.51,232.50,0.21,30.16
232.05,1.13,261.06,236.45,0.22,52.74,234.02,0.23,55.31,233.57,0.22,50.84,235.19,0.21,31.03
234.43,1.12,263.05,234.05,0.22,51.85,233.63,0.23,55.25,231.78,0.22,50.11,233.72,0.21,31.34
234.29,1.13,264.54,236.15,0.22,52.68,231.66,0.23,54.22,231.73,0.22,50.10,231.74,0.22,29.77
231.14,1.13,261.42,233.78,0.22,51.82,232.41,0.23,54.52,230.28,0.21,49.30,232.52,0.23,30.59
231.10,1.13,261.65,232.98,0.22,51.14,232.43,0.23,54.51,230.83,0.22,49.77,232.36,0.23,30.92
232.71,1.12,261.10,232.86,0.22,51.44,231.10,0.23,53.96,231.53,0.22,50.11,235.58,0.22,31.97
231.37,1.12,259.48,234.27,0.22,51.93,232.55,0.23,54.67,231.75,0.22,49.99,233.52,0.22,30.64
232.93,1.12,260.78,233.45,0.22,51.35,232.58,0.23,54.66,231.69,0.22,50.14,232.71,0.21,30.35
233.18,1.12,260.68,236.08,0.22,52.67,232.47,0.23,54.54,228.82,0.21,48.71,231.27,0.21,30.37
231.46,1.13,260.51,233.18,0.22,51.38,231.84,0.23,54.24,230.72,0.22,49.64,229.52,0.22,29.44
230.81,1.13,261.53,233.27,0.22,51.38,231.20,0.23,53.96,231.65,0.22,50.04,231.39,0.23,30.44
230.08,1.13,260.21,233.45,0.22,51.58,231.38,0.23,54.00,230.37,0.21,49.45,233.28,0.23,30.78
230.04,1.12,257.42,232.27,0.22,50.98,233.61,0.23,55.00,233.61,0.22,50.96,232.08,0.21,30.11
235.58,1.12,263.14,233.77,0.22,51.97,232.48,0.23,54.49,232.43,0.22,50.45,233.24,0.21,30.23
231.54,1.11,257.81,234.23,0.22,51.62,232.30,0.23,54.49,231.77,0.22,50.05,232.45,0.21,30.12
232.33,1.12,261.27,232.55,0.22,51.00,233.87,0.23,55.23,231.60,0.22,49.95,232.95,0.22,30.88
232.00,1.13,261.03,234.25,0.22,51.76,231.31,0.23,53.90,230.08,0.21,49.15,230.32,0.22,29.74
229.91,1.13,259.78,232.75,0.22,51.17,231.68,0.23,54.14,230.47,0.21,49.40,231.88,0.23,30.60
231.13,1.13,261.82,233.45,0.22,51.58,233.11,0.23,54.77,232.92,0.22,50.58,232.82,0.23,30.38
232.99,1.12,261.32,236.23,0.22,52.69,233.23,0.23,54.87,232.46,0.22,50.35,233.30,0.21,30.69
231.19,1.12,258.38,233.27,0.22,51.37,232.08,0.23,54.36,232.11,0.22,50.08,233.52,0.21,30.72
231.98,1.12,259.33,232.66,0.22,51.18,232.11,0.23,54.45,233.60,0.22,50.89,234.19,0.21,30.61
233.58,1.13,264.55,234.96,0.22,52.30,232.31,0.23,54.47,229.62,0.21,49.16,232.43,0.23,30.63
232.65,1.13,262.32,232.74,0.22,51.09,231.68,0.23,54.20,230.28,0.21,49.36,230.36,0.23,29.90
232.27,1.13,261.71,234.42,0.22,51.88,231.25,0.23,53.95,231.49,0.22,49.87,231.77,0.22,30.30
230.85,1.13,260.83,233.67,0.22,51.40,232.77,0.23,54.70,230.24,0.21,49.30,231.72,0.23,30.32
232.31,1.11,258.76,233.65,0.22,51.47,232.82,0.23,54.68,230.96,0.22,49.63,231.73,0.21,29.69
232.88,1.12,260.64,235.56,0.22,52.41,230.88,0.23,53.79,233.74,0.22,50.96,233.54,0.21,30.79
233.02,1.12,259.85,234.29,0.22,51.91,233.08,0.23,54.97,232.03,0.22,50.20,231.77,0.21,30.08
233.78,1.12,261.13,233.64,0.22,51.50,232.35,0.23,54.49,231.87,0.22,50.04,232.28,0.21,30.34
231.18,1.12,258.22,233.98,0.22,51.71,233.18,0.23,54.90,232.95,0.22,50.50,233.15,0.21,30.15
232.26,1.12,259.34,233.33,0.22,51.19,233.70,0.23,55.13,232.08,0.22,50.11,232.18,0.21,30.09
232.21,1.13,263.13,235.27,0.22,52.28,233.05,0.23,54.79,233.31,0.22,50.64,233.73,0.22,30.54
231.26,1.13,261.18,231.88,0.22,50.69,231.83,0.23,54.20,230.68,0.21,49.49,232.68,0.23,30.70
233.06,1.13,263.76,233.31,0.22,51.42,233.23,0.23,54.94,230.89,0.22,49.68,230.52,0.23,29.92
231.80,1.13,261.83,234.18,0.22,51.92,231.57,0.23,54.04,232.02,0.22,50.05,232.44,0.23,30.24
232.56,1.12,259.80,234.25,0.22,51.84,232.62,0.23,54.68,230.64,0.21,49.45,233.52,0.21,30.62
233.17,1.12,260.56,233.21,0.22,51.35,232.72,0.23,54.66,233.31,0.22,50.51,233.27,0.21,30.31
232.18,1.11,258.87,234.89,0.22,52.26,232.00,0.23,54.29,231.66,0.22,49.95,232.64,0.21,30.35
230.64,1.13,260.25,233.70,0.22,51.50,232.20,0.23,54.40,229.26,0.21,48.90,230.88,0.23,30.24
231.74,1.13,262.21,235.24,0.22,52.22,231.79,0.23,54.16,231.26,0.22,49.82,232.67,0.23,30.52
231.84,1.13,261.80,235.14,0.22,52.10,232.49,0.23,54.52,231.91,0.22,50.03,235.98,0.22,31.08
230.49,1.11,257.00,234.80,0.22,52.14,230.89,0.23,53.76,229.68,0.21,49.27,232.61,0.21,30.20
233.94,1.11,260.11,235.09,0.22,52.08,228.94,0.23,52.90,232.46,0.22,50.22,230.50,0.21,29.80
231.88,1.12,259.07,235.18,0.22,52.16,231.56,0.23,54.10,232.68,0.22,50.39,233.61,0.21,30.56
232.16,1.12,259.16,234.39,0.22,51.78,233.57,0.23,55.11,232.07,0.22,50.22,231.43,0.21,29.61
232.51,1.13,262.25,234.10,0.22,51.69,231.59,0.23,54.15,231.67,0.22,50.02,232.71,0.22,30.23
231.08,1.13,261.61,233.83,0.22,51.62,232.72,0.23,54.67,231.99,0.22,50.04,233.31,0.23,30.59
231.40,1.12,259.73,232.35,0.22,50.83,231.13,0.23,53.91,228.88,0.21,48.77,231.67,0.22,29.95
231.60,1.12,258.53,233.70,0.22,51.58,233.53,0.23,55.04,233.26,0.22,50.67,233.96,0.21,30.31
236.33,1.12,265.70,237.02,0.22,53.18,232.97,0.23,54.76,234.77,0.22,51.47,234.64,0.21,31.60
230.41,1.11,256.24,234.49,0.22,51.93,233.29,0.23,54.98,230.98,0.22,49.64,232.60,0.21,29.78
233.94,1.13,263.74,235.90,0.22,52.46,233.46,0.23,54.89,233.81,0.22,50.88,234.16,0.22,30.33
231.36,1.13,261.00,234.57,0.22,52.19,232.51,0.23,54.58,231.35,0.22,49.81,233.00,0.22,30.28
230.49,1.13,259.61,232.71,0.22,51.03,232.05,0.23,54.38,230.40,0.21,49.45,231.79,0.22,30.30
232.11,1.13,261.23,232.77,0.22,51.07,230.95,0.23,53.76,229.65,0.22,49.37,232.04,0.22,30.28
232.06,1.12,259.89,235.88,0.22,52.63,233.16,0.23,54.83,235.17,0.22,51.45,234.54,0.21,30.22
230.49,1.12,258.27,235.87,0.22,52.49,234.59,0.24,55.60,231.51,0.22,49.88,233.33,0.21,30.35
232.51,1.12,260.29,235.01,0.22,52.03,233.25,0.23,55.00,232.72,0.22,50.47,234.14,0.21,30.32
234.60,1.14,266.63,235.95,0.22,52.60,231.79,0.23,54.09,232.82,0.22,50.40,234.90,0.23,31.78
232.37,1.13,262.22,234.10,0.22,51.43,232.90,0.23,54.72,231.18,0.22,49.78,233.21,0.22,30.33
232.22,1.13,261.66,232.94,0.22,51.37,232.21,0.23,54.38,230.88,0.22,49.65,231.55,0.22,29.82
232.93,1.12,262.02,234.13,0.22,51.66,231.98,0.23,54.35,231.55,0.22,49.83,233.34,0.22,30.39
232.34,1.12,260.35,234.30,0.22,51.91,233.21,0.23,54.85,231.59,0.22,49.94,232.15,0.21,30.10
231.60,1.12,259.49,234.58,0.22,51.88,232.38,0.23,54.48,231.75,0.22,49.95,232.21,0.22,30.25
232.79,1.12,260.81,238.07,0.22,53.12,232.36,0.23,54.54,231.44,0.22,49.74,233.12,0.21,29.98
232.74,1.12,260.73,235.20,0.22,52.23,233.62,0.23,55.09,233.82,0.22,50.91,236.10,0.21,30.71
232.18,1.12,259.22,235.88,0.22,52.44,233.19,0.23,54.81,232.41,0.22,50.26,233.48,0.21,30.15
232.15,1.11,258.16,230.60,0.22,49.88,234.20,0.23,55.36,231.06,0.22,49.62,233.96,0.21,30.20
230.63,1.12,259.41,235.91,0.22,52.41,232.26,0.23,54.42,232.31,0.22,50.08,232.25,0.22,29.64
232.55,1.13,262.33,234.77,0.22,52.15,231.61,0.23,54.04,232.63,0.22,50.44,232.26,0.22,30.14
228.47,1.13,257.72,234.63,0.22,51.96,231.98,0.23,54.31,232.21,0.22,50.16,234.55,0.22,30.30
233.08,1.13,262.67,232.96,0.22,51.28,233.63,0.23,55.09,228.93,0.21,48.81,232.57,0.22,30.14
232.44,1.12,261.43,233.63,0.22,51.20,232.10,0.23,54.28,232.53,0.22,50.29,232.21,0.22,29.87
232.85,1.13,262.84,233.52,0.22,51.45,230.69,0.23,53.72,232.09,0.22,50.13,232.56,0.23,30.48
230.37,1.13,259.62,235.36,0.22,52.23,232.17,0.23,54.21,232.75,0.22,50.26,233.40,0.22,30.45
230.86,1.13,259.95,233.40,0.22,51.42,233.69,0.23,55.24,230.29,0.21,49.35,232.37,0.22,29.90
231.86,1.13,261.30,232.46,0.22,51.00,232.61,0.23,54.58,229.71,0.21,48.99,231.76,0.23,29.97
232.98,1.13,263.04,235.95,0.22,52.51,232.11,0.23,54.20,232.33,0.22,50.31,232.55,0.22,30.08
233.19,1.13,262.54,237.15,0.22,53.20,233.00,0.23,54.76,232.64,0.22,50.26,231.61,0.22,29.60
230.56,1.13,260.44,234.13,0.22,51.80,232.33,0.23,54.53,231.22,0.21,49.61,233.50,0.23,30.73
231.34,1.13,260.71,240.13,0.23,54.21,232.12,0.23,54.39,231.31,0.22,49.73,231.95,0.22,29.69
231.63,1.13,262.17,236.00,0.22,52.45,233.40,0.23,54.97,232.05,0.22,50.05,233.17,0.22,29.93
232.24,1.12,259.77,235.54,0.22,52.29,232.09,0.23,54.27,232.04,0.22,50.25,233.72,0.21,29.54
233.09,1.12,261.61,235.30,0.22,52.15,232.21,0.23,54.43,232.11,0.22,49.96,233.65,0.22,30.75
230.62,1.12,258.57,233.76,0.22,51.39,232.56,0.23,54.54,230.93,0.22,49.73,234.50,0.22,30.77
232.42,1.12,259.75,234.14,0.22,51.59,232.54,0.23,54.49,232.40,0.22,50.23,232.38,0.21,29.95
233.01,1.12,261.20,235.80,0.22,52.33,232.45,0.23,54.48,233.11,0.22,50.51,233.58,0.21,30.23
232.88,1.13,262.12,239.78,0.22,53.80,231.96,0.23,54.33,232.60,0.22,50.29,233.06,0.22,31.01
231.38,1.11,257.93,233.18,0.22,51.39,232.71,0.23,54.59,232.38,0.22,50.04,234.42,0.21,30.59
231.76,1.11,258.13,233.47,0.22,50.97,233.81,0.23,55.20,231.93,0.22,49.99,233.58,0.21,29.92
232.81,1.12,260.35,235.14,0.22,52.16,233.72,0.23,55.13,233.11,0.22,50.58,234.20,0.21,30.30
234.66,1.12,263.80,241.00,0.23,54.44,232.41,0.23,54.43,234.54,0.22,51.20,234.20,0.21,30.65
233.28,1.12,262.31,235.84,0.22,52.23,233.59,0.23,55.07,233.70,0.22,50.52,233.21,0.22,30.51
230.63,1.12,258.67,235.31,0.22,52.16,233.03,0.23,54.74,230.75,0.21,49.52,232.81,0.22,30.66
231.20,1.12,258.70,234.76,0.22,51.69,232.86,0.23,54.67,231.65,0.21,49.64,232.36,0.22,30.16
232.21,1.12,259.77,233.90,0.22,51.70,232.13,0.23,54.39,232.34,0.22,49.96,232.92,0.21,29.82
231.62,1.12,260.47,236.42,0.22,52.67,231.56,0.23,54.02,233.59,0.22,50.64,232.54,0.22,30.54
233.38,1.12,261.04,234.49,0.22,51.84,232.38,0.23,54.50,230.65,0.21,49.40,233.92,0.21,30.67
232.31,1.12,261.34,239.11,0.22,53.65,232.27,0.23,54.40,231.90,0.22,49.96,232.70,0.22,30.31
231.93,1.12,259.89,234.21,0.22,51.63,232.63,0.23,54.60,231.85,0.22,49.97,232.46,0.22,30.51
228.04,1.12,256.28,235.64,0.22,52.39,233.55,0.23,55.04,232.46,0.22,50.14,230.11,0.22,29.54
233.38,1.12,262.33,235.60,0.22,52.48,232.36,0.23,54.43,233.65,0.22,50.69,232.84,0.22,30.33
232.06,1.12,260.00,234.38,0.22,51.73,232.50,0.23,54.50,234.17,0.22,51.05,234.03,0.21,30.12
231.66,1.12,258.83,234.18,0.22,51.61,231.02,0.23,53.86,232.86,0.22,50.15,234.04,0.21,30.20
231.09,1.12,258.51,235.64,0.22,52.43,232.63,0.23,54.66,231.61,0.22,49.75,231.23,0.21,29.84
234.74,1.12,263.13,235.82,0.22,52.39,232.41,0.23,54.46,231.62,0.22,49.86,231.64,0.21,29.68
233.59,1.12,262.67,234.70,0.22,52.09,232.28,0.23,54.38,233.81,0.22,50.86,234.24,0.22,30.55
229.72,1.12,256.83,234.02,0.22,51.55,232.28,0.23,54.42,230.48,0.21,49.10,233.86,0.22,30.36
230.33,1.12,258.04,233.25,0.22,50.90,233.64,0.23,55.02,232.53,0.22,50.09,233.57,0.22,30.45
233.50,1.12,262.43,235.48,0.22,52.28,232.85,0.23,54.73,234.05,0.22,50.85,233.05,0.22,30.17
235.48,1.12,264.86,237.63,0.22,53.14,233.77,0.23,55.18,232.23,0.22,50.04,233.67,0.22,30.51
233.10,1.12,261.89,236.25,0.22,52.64,232.23,0.23,54.37,234.10,0.22,50.85,235.03,0.22,30.59
232.24,1.12,260.96,235.80,0.22,52.44,232.94,0.23,54.76,232.00,0.22,50.06,235.06,0.22,30.39
231.48,1.12,259.34,235.35,0.22,52.09,231.38,0.23,53.96,232.54,0.22,50.22,233.56,0.22,30.38
233.05,1.12,260.02,234.08,0.22,51.51,231.70,0.23,54.17,231.97,0.21,49.72,231.76,0.21,29.82
233.06,1.12,260.95,235.38,0.22,52.26,232.17,0.23,54.29,232.48,0.22,50.10,232.62,0.21,29.95
231.52,1.12,260.07,235.44,0.22,52.10,232.86,0.23,54.65,232.75,0.22,50.37,233.50,0.22,30.91
231.20,1.12,258.16,235.61,0.22,52.26,232.14,0.23,54.28,232.27,0.22,50.07,233.41,0.21,29.87
232.74,1.13,261.89,233.67,0.22,51.33,233.88,0.23,55.21,232.44,0.22,50.18,233.87,0.22,31.02
232.22,1.12,260.59,235.33,0.22,52.19,234.31,0.23,55.28,231.50,0.22,49.69,233.10,0.22,29.86
233.40,1.12,262.05,234.86,0.22,52.14,232.31,0.23,54.37,232.68,0.22,50.27,233.21,0.22,30.32
233.15,1.12,261.41,235.09,0.22,52.06,231.10,0.23,53.80,232.61,0.22,50.32,233.51,0.22,30.25
232.78,1.12,261.04,235.13,0.22,52.01,232.15,0.23,54.29,231.88,0.22,49.93,234.73,0.22,30.66
232.76,1.12,260.20,234.12,0.22,51.48,233.34,0.23,54.89,231.66,0.21,49.69,233.64,0.21,29.97
233.39,1.12,260.82,235.14,0.22,51.88,234.05,0.23,55.25,231.10,0.21,49.45,233.41,0.21,29.92
233.58,1.12,260.98,236.72,0.22,52.69,231.68,0.23,54.09,231.77,0.22,49.85,233.52,0.21,29.46
239.35,1.12,268.31,235.57,0.22,52.18,232.16,0.23,54.34,233.28,0.22,50.38,233.54,0.21,29.93
232.93,1.12,261.69,235.60,0.22,52.28,232.24,0.23,54.35,233.40,0.22,50.70,233.52,0.22,30.47
231.92,1.12,259.68,234.87,0.22,51.95,232.82,0.23,54.70,231.51,0.22,49.72,232.83,0.21,29.49
232.46,1.11,258.95,234.59,0.22,51.73,232.72,0.23,54.63,231.79,0.22,49.94,232.85,0.21,29.87
234.66,1.12,261.98,235.06,0.22,51.99,232.99,0.23,54.81,233.07,0.22,50.41,232.46,0.21,29.48
234.12,1.12,261.77,235.98,0.22,52.31,233.64,0.23,55.04,234.07,0.22,50.75,233.75,0.21,30.09
232.00,1.12,258.70,234.79,0.22,51.66,232.69,0.23,54.67,231.33,0.21,49.57,234.14,0.21,30.35
233.15,1.12,260.91,235.39,0.22,52.12,232.79,0.23,54.68,233.55,0.22,50.48,234.82,0.21,30.70
234.25,1.11,260.96,234.58,0.22,51.53,233.88,0.23,55.17,233.56,0.22,50.46,233.73,0.21,29.60
232.85,1.13,263.49,234.96,0.22,51.98,232.39,0.23,54.42,233.23,0.22,50.56,233.14,0.22,30.29
230.35,1.12,258.24,235.46,0.22,52.02,230.28,0.23,53.78,231.01,0.22,49.56,233.72,0.22,30.03
232.35,1.13,262.17,233.77,0.22,51.53,228.33,0.23,53.50,234.30,0.22,50.85,233.79,0.22,30.01
233.04,1.12,261.45,234.00,0.22,51.13,229.51,0.23,53.54,230.02,0.21,48.77,231.87,0.22,29.88
234.06,1.11,260.58,236.11,0.22,52.30,231.82,0.23,54.39,229.07,0.21,48.55,233.74,0.21,30.02
232.00,1.12,259.37,236.66,0.22,52.67,231.56,0.23,54.16,233.97,0.22,50.87,233.90,0.21,30.01
235.06,1.12,262.86,236.48,0.22,52.32,228.07,0.23,53.41,233.59,0.22,50.67,234.15,0.21,30.33
231.42,0.91,211.61,245.32,0.22,51.80,234.56,0.23,55.10,0.00,0.00,0.00,232.06,0.22,29.97
231.41,0.91,210.92,235.02,0.22,51.91,238.57,0.23,55.94,0.00,0.00,0.00,232.42,0.22,29.66
233.16,0.91,212.33,235.79,0.22,52.11,238.60,0.23,55.77,0.00,0.00,0.00,235.03,0.22,30.61
232.38,0.91,212.20,233.61,0.22,51.13,238.58,0.23,55.75,0.00,0.00,0.00,231.63,0.23,30.05
234.91,0.90,211.10,235.26,0.22,51.92,239.83,0.23,56.32,0.00,0.00,0.00,233.00,0.21,29.43
229.05,0.90,206.03,235.97,0.22,52.34,239.45,0.23,56.09,0.00,0.00,0.00,233.75,0.21,30.50
232.78,0.90,210.17,235.96,0.22,52.33,240.91,0.23,56.89,0.00,0.00,0.00,233.71,0.21,30.50
235.06,0.91,212.74,233.89,0.22,51.45,238.22,0.23,55.54,0.00,0.00,0.00,235.29,0.22,30.93
233.21,0.91,211.99,235.85,0.22,52.37,239.19,0.23,56.04,0.00,0.00,0.00,234.45,0.22,30.85
235.77,0.91,214.28,234.70,0.22,51.89,240.11,0.23,56.44,0.00,0.00,0.00,235.25,0.22,30.63
230.64,0.90,208.14,233.31,0.22,50.71,239.57,0.23,56.21,0.00,0.00,0.00,233.90,0.22,30.50
232.01,0.91,209.99,234.30,0.22,51.57,239.64,0.23,56.25,0.00,0.00,0.00,233.78,0.22,30.08
233.62,0.90,211.34,235.27,0.22,51.67,239.43,0.23,56.19,0.00,0.00,0.00,232.74,0.22,30.07
229.72,0.90,207.79,236.12,0.22,52.24,240.56,0.23,56.66,0.00,0.00,0.00,232.94,0.21,29.93
231.99,0.90,209.04,234.46,0.22,51.41,239.62,0.23,56.26,0.00,0.00,0.00,232.42,0.21,29.53
234.34,0.90,211.24,235.92,0.22,52.24,239.83,0.23,56.26,0.00,0.00,0.00,235.97,0.21,30.62
232.33,0.90,210.14,238.22,0.23,53.49,239.84,0.23,56.38,0.00,0.00,0.00,234.50,0.21,30.01
232.91,0.90,209.96,234.21,0.22,51.55,241.58,0.23,57.07,0.00,0.00,0.00,233.43,0.21,29.67
235.61,0.91,213.35,238.10,0.22,53.17,240.61,0.23,56.64,0.00,0.00,0.00,233.08,0.21,29.35
234.30,0.91,212.26,236.48,0.22,52.65,240.17,0.23,56.49,0.00,0.00,0.00,234.40,0.21,29.93
232.29,0.91,210.56,235.30,0.22,51.91,240.64,0.23,56.66,0.00,0.00,0.00,233.34,0.22,29.92
233.35,0.91,211.89,236.52,0.22,52.65,239.40,0.23,56.05,0.00,0.00,0.00,234.27,0.22,30.54
231.58,0.90,208.81,236.88,0.22,52.49,240.13,0.23,56.40,0.00,0.00,0.00,239.58,0.21,31.46
233.92,0.90,209.94,235.31,0.22,52.04,240.74,0.23,56.73,0.00,0.00,0.00,234.52,0.21,29.95
236.41,0.90,212.78,237.45,0.22,52.83,241.78,0.23,57.11,0.00,0.00,0.00,235.63,0.21,30.27
233.84,0.91,213.43,236.31,0.22,52.59,240.55,0.23,56.63,0.00,0.00,0.00,234.84,0.22,30.31
232.07,0.91,211.06,234.77,0.22,51.81,240.91,0.23,56.86,0.00,0.00,0.00,233.14,0.22,29.60
234.06,0.92,214.53,237.02,0.22,52.76,238.98,0.23,55.86,0.00,0.00,0.00,236.86,0.23,31.57
232.35,0.91,210.43,234.54,0.22,51.65,238.20,0.23,55.56,0.00,0.00,0.00,231.98,0.22,29.33
232.95,0.91,213.11,234.06,0.22,51.25,240.36,0.23,56.58,0.00,0.00,0.00,235.60,0.23,30.89
231.79,0.91,210.75,233.70,0.22,51.29,239.37,0.23,56.08,0.00,0.00,0.00,231.87,0.22,29.45
234.09,0.91,213.43,235.30,0.22,51.80,239.41,0.23,56.16,0.00,0.00,0.00,233.98,0.22,30.15
233.47,0.91,213.51,236.07,0.22,52.24,238.81,0.23,55.69,0.00,0.00,0.00,234.79,0.23,30.84
232.87,0.91,211.89,234.96,0.22,51.56,239.65,0.23,56.24,0.00,0.00,0.00,233.40,0.22,30.01
231.68,0.91,210.82,235.04,0.22,51.59,239.06,0.23,55.87,0.00,0.00,0.00,232.92,0.22,29.89
232.38,0.91,212.62,237.11,0.22,52.47,238.85,0.23,55.83,0.00,0.00,0.00,234.80,0.23,30.28
232.05,0.91,210.50,234.02,0.22,50.77,238.92,0.23,55.84,0.00,0.00,0.00,233.83,0.22,29.98
230.32,0.91,210.28,235.96,0.22,52.21,239.01,0.23,55.89,0.00,0.00,0.00,232.39,0.22,29.81
234.02,0.91,213.09,235.29,0.22,52.27,238.84,0.23,55.77,0.00,0.00,0.00,233.76,0.22,29.74
231.87,0.91,209.87,236.04,0.22,52.24,239.83,0.23,56.28,0.00,0.00,0.00,233.69,0.21,29.52
234.64,0.90,211.91,234.42,0.22,51.59,239.99,0.23,56.31,0.00,0.00,0.00,234.24,0.21,30.37
230.08,0.90,207.54,235.53,0.22,51.61,239.48,0.23,56.07,0.00,0.00,0.00,234.13,0.21,30.10
232.46,0.90,210.36,235.06,0.22,51.57,240.63,0.23,56.59,0.00,0.00,0.00,232.32,0.22,29.91
234.18,0.91,212.98,237.87,0.22,53.21,239.70,0.23,56.21,0.00,0.00,0.00,234.57,0.22,30.78
233.50,0.90,209.22,232.31,0.22,50.32,238.89,0.23,55.80,0.00,0.00,0.00,232.56,0.21,29.66
234.45,0.90,211.41,236.21,0.22,52.14,240.85,0.23,56.74,0.00,0.00,0.00,232.10,0.21,29.26
234.35,0.91,212.57,237.19,0.22,52.77,239.49,0.23,56.08,0.00,0.00,0.00,234.60,0.22,30.66
232.40,0.91,211.55,237.46,0.22,53.03,241.54,0.24,57.14,0.00,0.00,0.00,236.37,0.22,30.56
234.34,0.90,211.82,234.91,0.22,51.33,241.60,0.24,57.19,0.00,0.00,0.00,235.38,0.21,30.22
236.31,0.91,214.30,239.78,0.23,53.83,239.87,0.23,56.24,0.00,0.00,0.00,235.50,0.21,30.39
237.43,0.91,215.60,239.83,0.23,53.87,241.25,0.23,56.98,0.00,0.00,0.00,232.89,0.21,29.62
233.42,0.90,210.64,234.54,0.22,51.68,238.96,0.23,55.85,0.00,0.00,0.00,232.80,0.21,29.72
234.46,0.90,211.73,236.60,0.22,52.49,239.89,0.23,56.30,0.00,0.00,0.00,234.60,0.21,29.78
234.86,0.91,213.14,237.05,0.22,52.66,240.70,0.23,56.68,0.00,0.00,0.00,234.29,0.22,30.50
231.81,0.90,209.48,234.62,0.22,51.44,241.54,0.24,57.11,0.00,0.00,0.00,233.84,0.21,29.89
233.49,0.90,210.57,235.80,0.22,52.06,239.26,0.23,55.98,0.00,0.00,0.00,233.91,0.21,30.24
233.88,0.91,213.43,242.43,0.23,55.51,239.79,0.23,56.23,0.00,0.00,0.00,234.51,0.22,30.55
234.22,0.90,211.83,235.34,0.22,51.90,240.25,0.23,56.48,0.00,0.00,0.00,233.05,0.21,29.80
233.69,0.90,211.14,237.17,0.22,52.54,240.98,0.23,56.79,0.00,0.00,0.00,232.53,0.21,29.17
235.28,0.91,213.40,240.98,0.23,54.23,239.62,0.23,56.13,0.00,0.00,0.00,235.31,0.21,30.43
234.21,0.90,211.70,236.29,0.22,52.34,238.60,0.23,55.64,0.00,0.00,0.00,234.78,0.21,30.16
232.49,0.91,210.87,236.16,0.22,52.22,240.72,0.23,56.71,0.00,0.00,0.00,239.29,0.22,31.64
230.68,0.91,208.86,236.24,0.22,52.21,239.56,0.23,56.09,0.00,0.00,0.00,234.76,0.22,30.50
231.92,0.91,210.13,235.74,0.22,52.09,238.60,0.23,55.69,0.00,0.00,0.00,235.53,0.22,30.82
234.63,0.91,212.75,235.85,0.22,51.80,239.58,0.23,56.09,0.00,0.00,0.00,238.38,0.22,30.90
234.23,0.91,212.22,236.32,0.22,52.48,239.61,0.23,56.16,0.00,0.00,0.00,235.31,0.22,30.18
235.23,0.91,213.19,236.81,0.22,52.67,239.86,0.23,56.31,0.00,0.00,0.00,236.11,0.21,30.50
232.28,0.90,209.70,234.55,0.22,51.54,239.64,0.23,56.22,0.00,0.00,0.00,234.68,0.21,30.01
234.87,0.90,212.45,236.18,0.22,52.21,240.16,0.23,56.37,0.00,0.00,0.00,233.77,0.21,29.98
233.42,0.90,210.53,238.15,0.22,53.00,240.96,0.23,56.81,0.00,0.00,0.00,235.37,0.21,30.44
233.87,0.90,210.35,237.67,0.22,52.69,240.63,0.23,56.65,0.00,0.00,0.00,236.98,0.21,30.46
234.36,0.90,210.58,236.97,0.22,52.26,242.00,0.24,57.33,0.00,0.00,0.00,236.00,0.21,30.37
233.86,0.91,213.52,237.25,0.22,52.70,240.46,0.23,56.56,0.00,0.00,0.00,234.88,0.22,30.50
233.35,0.91,213.22,239.97,0.23,53.93,239.53,0.23,56.03,0.00,0.00,0.00,233.83,0.22,30.09
231.90,0.91,211.25,237.84,0.22,52.76,239.95,0.23,56.31,0.00,0.00,0.00,234.25,0.22,30.17
233.85,0.91,212.91,235.38,0.22,51.55,239.89,0.23,56.34,0.00,0.00,0.00,234.29,0.22,30.31
234.58,0.90,211.97,235.29,0.22,51.80,240.62,0.23,56.67,0.00,0.00,0.00,235.45,0.21,30.25
233.37,0.91,211.41,238.57,0.22,53.33,240.98,0.23,56.77,0.00,0.00,0.00,237.03,0.21,30.64
234.15,0.90,211.64,236.24,0.22,51.98,240.92,0.23,56.79,0.00,0.00,0.00,236.43,0.21,30.71
235.24,0.91,213.06,236.52,0.22,52.51,240.59,0.23,56.60,0.00,0.00,0.00,233.07,0.21,29.20
234.29,0.91,213.15,236.32,0.22,52.21,239.05,0.23,55.92,0.00,0.00,0.00,232.59,0.22,29.83
232.47,0.91,211.51,235.86,0.22,52.11,238.97,0.23,55.82,0.00,0.00,0.00,234.79,0.22,30.58
233.77,0.91,212.18,235.04,0.22,51.87,238.71,0.23,55.66,0.00,0.00,0.00,233.75,0.22,30.23
235.38,0.91,214.27,234.96,0.22,51.70,239.34,0.23,56.04,0.00,0.00,0.00,233.91,0.22,30.09
234.13,0.91,213.27,236.04,0.22,52.35,239.61,0.23,56.16,0.00,0.00,0.00,233.51,0.22,29.80
233.14,0.91,212.28,236.30,0.22,52.10,239.22,0.23,56.01,0.00,0.00,0.00,235.17,0.22,30.41
231.93,0.91,210.83,234.81,0.22,51.44,239.55,0.23,56.20,0.00,0.00,0.00,237.67,0.22,30.60
235.28,0.90,212.47,236.33,0.22,51.98,241.15,0.23,56.90,0.00,0.00,0.00,234.37,0.21,29.79
235.50,0.90,212.84,236.28,0.22,52.14,240.31,0.23,56.50,0.00,0.00,0.00,235.24,0.21,30.26
236.24,0.91,213.91,237.64,0.22,52.85,240.74,0.23,56.64,0.00,0.00,0.00,234.78,0.21,30.11
233.62,0.90,210.93,235.69,0.22,52.01,240.15,0.23,56.47,0.00,0.00,0.00,236.19,0.21,30.58
235.28,0.90,212.90,235.64,0.22,52.02,240.47,0.23,56.52,0.00,0.00,0.00,235.01,0.21,31.04
234.80,0.90,211.53,236.69,0.22,52.39,240.72,0.23,56.60,0.00,0.00,0.00,237.14,0.21,29.89
235.69,0.91,213.45,238.51,0.22,53.32,241.18,0.23,56.82,0.00,0.00,0.00,236.77,0.21,30.66
233.65,0.91,212.36,239.16,0.23,53.58,239.01,0.23,55.88,0.00,0.00,0.00,233.89,0.22,29.36
233.17,0.91,211.35,232.99,0.22,50.58,239.60,0.23,56.10,0.00,0.00,0.00,233.06,0.22,29.89
234.52,0.91,213.46,236.56,0.22,52.21,241.14,0.23,56.93,0.00,0.00,0.00,234.05,0.22,29.76
233.44,0.91,213.42,237.37,0.22,52.77,242.12,0.24,57.32,0.00,0.00,0.00,236.89,0.22,30.90
233.66,0.90,210.93,238.02,0.22,52.87,240.30,0.23,56.43,0.00,0.00,0.00,235.49,0.21,30.33
234.85,0.90,210.67,236.42,0.22,52.17,240.72,0.23,56.68,0.00,0.00,0.00,234.13,0.21,29.44
234.51,0.90,211.38,236.04,0.22,52.18,240.66,0.23,56.65,0.00,0.00,0.00,236.16,0.21,30.58
235.08,0.91,213.70,237.72,0.22,52.92,240.11,0.23,56.38,0.00,0.00,0.00,234.82,0.22,29.86
232.33,0.91,210.88,236.96,0.22,52.61,239.95,0.23,56.30,0.00,0.00,0.00,234.67,0.22,29.81
234.74,0.91,213.22,235.37,0.22,51.98,240.16,0.23,56.40,0.00,0.00,0.00,232.17,0.22,29.41
235.99,0.91,214.90,236.07,0.22,52.05,239.66,0.23,56.19,0.00,0.00,0.00,234.22,0.22,29.79
234.59,0.90,210.35,237.58,0.22,52.58,237.29,0.23,55.09,0.00,0.00,0.00,235.97,0.21,30.18
233.21,0.90,209.74,236.29,0.22,52.45,241.40,0.23,56.99,0.00,0.00,0.00,234.04,0.21,29.36
234.61,0.89,209.51,235.08,0.22,51.24,239.64,0.23,56.24,0.00,0.00,0.00,233.17,0.21,29.31
237.05,0.90,212.81,236.60,0.22,52.38,239.78,0.23,56.29,0.00,0.00,0.00,234.96,0.21,29.62
235.30,0.90,212.15,237.62,0.22,52.85,240.61,0.23,56.57,0.00,0.00,0.00,235.93,0.21,30.59
232.95,0.90,209.84,237.22,0.22,52.56,242.06,0.24,57.25,0.00,0.00,0.00,235.80,0.21,30.06
233.62,0.90,209.44,235.72,0.22,52.07,239.60,0.23,56.17,0.00,0.00,0.00,234.16,0.21,29.52
234.85,0.91,214.11,235.73,0.22,52.02,242.00,0.24,57.27,0.00,0.00,0.00,233.83,0.22,29.95
235.00,0.90,212.50,230.92,0.22,50.06,241.86,0.24,57.25,0.00,0.00,0.00,235.50,0.22,29.49
233.95,0.91,213.85,237.35,0.22,52.49,240.04,0.23,56.31,0.00,0.00,0.00,234.65,0.22,30.40
234.57,0.91,213.65,234.74,0.22,51.54,239.23,0.23,55.92,0.00,0.00,0.00,236.53,0.22,30.74
234.93,0.90,212.03,234.65,0.22,51.50,240.60,0.23,56.65,0.00,0.00,0.00,234.53,0.21,29.55
235.63,0.90,212.49,236.57,0.22,52.28,241.58,0.23,57.03,0.00,0.00,0.00,233.78,0.21,29.08
234.38,0.91,212.20,236.74,0.22,52.49,239.09,0.23,55.89,0.00,0.00,0.00,235.75,0.22,30.34
233.63,0.90,209.89,237.23,0.22,52.63,238.97,0.23,55.90,0.00,0.00,0.00,237.09,0.21,30.85
234.51,0.90,210.95,236.97,0.22,52.03,240.51,0.23,56.61,0.00,0.00,0.00,235.94,0.21,30.46
233.66,0.90,210.02,237.24,0.22,52.41,242.11,0.24,57.29,0.00,0.00,0.00,233.96,0.21,29.48
233.05,0.90,209.21,240.27,0.22,53.70,240.44,0.23,56.51,0.00,0.00,0.00,234.52,0.20,29.50
235.19,0.91,214.11,236.78,0.22,52.55,238.74,0.23,55.69,0.00,0.00,0.00,234.67,0.22,30.12
232.17,0.91,211.15,235.49,0.22,51.89,240.56,0.23,56.61,0.00,0.00,0.00,234.89,0.22,29.82
234.89,0.91,213.72,235.09,0.22,51.72,239.92,0.23,56.28,0.00,0.00,0.00,234.72,0.22,30.02
235.06,0.91,214.65,235.54,0.22,52.03,240.45,0.23,56.55,0.00,0.00,0.00,235.69,0.22,30.52
231.19,0.91,210.29,238.30,0.22,53.03,240.84,0.23,56.68,0.00,0.00,0.00,235.85,0.22,29.50
235.61,0.91,213.32,234.40,0.22,51.42,238.62,0.23,55.72,0.00,0.00,0.00,234.23,0.22,29.66
233.66,0.91,211.98,238.05,0.22,52.90,239.30,0.23,56.04,0.00,0.00,0.00,233.89,0.22,29.54
234.28,0.90,211.33,235.82,0.22,52.04,239.29,0.23,55.99,0.00,0.00,0.00,233.30,0.21,29.04
235.26,0.91,213.93,236.43,0.22,51.91,240.49,0.23,56.56,0.00,0.00,0.00,234.56,0.22,29.98
235.27,0.91,214.85,237.50,0.22,52.68,238.98,0.23,55.87,0.00,0.00,0.00,235.09,0.22,30.18
234.22,0.91,213.44,236.69,0.22,52.36,239.03,0.23,55.89,0.00,0.00,0.00,234.91,0.22,30.03
232.91,0.92,214.19,241.28,0.23,54.03,239.58,0.23,56.26,0.00,0.00,0.00,235.88,0.23,31.10
235.06,0.91,213.16,235.25,0.22,51.79,239.36,0.23,56.07,0.00,0.00,0.00,234.71,0.22,29.59
234.50,0.91,214.36,236.57,0.22,52.41,238.91,0.23,55.80,0.00,0.00,0.00,234.30,0.22,30.30
233.86,0.90,211.59,236.45,0.22,52.36,238.56,0.23,55.63,0.00,0.00,0.00,235.72,0.22,30.67
234.43,0.90,211.53,234.96,0.22,51.72,240.20,0.23,56.45,0.00,0.00,0.00,236.21,0.21,30.34
235.18,0.91,213.22,242.02,0.23,54.51,240.43,0.23,56.50,0.00,0.00,0.00,233.40,0.21,29.37
236.51,0.90,213.77,238.35,0.22,52.92,241.02,0.23,56.82,0.00,0.00,0.00,235.52,0.21,29.90
235.83,0.89,210.69,235.00,0.22,51.11,239.36,0.23,56.06,0.00,0.00,0.00,236.30,0.21,30.22
235.09,0.90,211.05,235.89,0.22,51.77,240.41,0.23,56.51,0.00,0.00,0.00,235.16,0.21,29.88
236.02,0.90,212.03,237.00,0.22,52.32,240.65,0.23,56.69,0.00,0.00,0.00,235.39,0.21,30.14
234.34,0.90,210.36,236.97,0.22,52.26,240.74,0.23,56.62,0.00,0.00,0.00,235.03,0.21,30.00
233.51,0.91,213.16,237.76,0.22,52.65,239.58,0.23,56.05,0.00,0.00,0.00,236.40,0.22,30.77
233.80,0.91,212.88,235.15,0.22,51.60,239.53,0.23,56.09,0.00,0.00,0.00,234.65,0.22,30.29
231.91,0.91,210.20,235.43,0.22,51.60,239.88,0.23,56.25,0.00,0.00,0.00,233.66,0.22,29.44
233.08,0.89,208.50,236.98,0.22,52.65,240.48,0.23,56.57,0.00,0.00,0.00,235.59,0.20,29.45
234.52,0.90,211.21,236.77,0.22,52.55,244.10,0.24,58.16,0.00,0.00,0.00,236.00,0.21,30.25
233.71,0.90,210.93,238.52,0.23,53.56,242.06,0.23,57.18,0.00,0.00,0.00,236.88,0.21,30.92
234.41,0.90,210.61,236.49,0.22,52.15,241.92,0.24,57.21,0.00,0.00,0.00,236.55,0.21,30.30
232.65,0.91,211.31,236.75,0.22,52.35,239.39,0.23,55.89,0.00,0.00,0.00,234.79,0.22,29.76
233.63,0.91,213.40,235.11,0.22,51.64,239.36,0.23,56.06,0.00,0.00,0.00,235.45,0.22,30.79
233.14,0.91,211.49,234.40,0.22,51.24,239.43,0.23,56.03,0.00,0.00,0.00,233.25,0.22,29.56
233.55,0.90,209.10,236.07,0.22,51.83,239.75,0.23,56.12,0.00,0.00,0.00,235.42,0.21,29.65
235.86,0.90,212.63,238.46,0.22,53.03,241.93,0.23,57.13,0.00,0.00,0.00,236.19,0.21,30.19
234.84,0.90,211.79,240.33,0.22,53.74,241.15,0.23,56.82,0.00,0.00,0.00,236.75,0.21,30.40
235.50,0.90,211.67,236.11,0.22,51.97,241.23,0.23,56.85,0.00,0.00,0.00,235.95,0.21,30.22
236.79,0.91,215.44,237.81,0.22,52.81,240.41,0.23,56.42,0.00,0.00,0.00,235.44,0.22,30.01
232.61,0.91,211.53,236.78,0.22,52.39,241.48,0.23,56.99,0.00,0.00,0.00,233.92,0.22,29.79
234.23,0.91,213.39,236.47,0.22,52.06,238.53,0.23,55.58,0.00,0.00,0.00,234.64,0.22,30.37
234.00,0.89,209.43,235.52,0.22,51.82,239.83,0.23,56.14,0.00,0.00,0.00,236.62,0.21,29.87
235.96,0.90,211.91,237.44,0.22,52.51,242.57,0.24,57.51,0.00,0.00,0.00,236.07,0.21,29.65
235.67,0.90,211.50,238.00,0.22,52.86,240.75,0.23,56.59,0.00,0.00,0.00,235.51,0.20,29.94
235.63,0.90,211.66,237.44,0.22,52.71,239.67,0.23,56.05,0.00,0.00,0.00,237.02,0.21,30.58
231.21,0.91,209.89,236.62,0.22,52.10,238.93,0.23,55.84,0.00,0.00,0.00,233.44,0.22,29.71
234.12,0.91,212.90,236.11,0.22,52.25,239.76,0.23,56.21,0.00,0.00,0.00,234.34,0.22,29.77
227.08,0.91,206.37,236.99,0.22,52.30,239.68,0.23,56.07,0.00,0.00,0.00,233.33,0.22,29.73
233.06,0.91,211.75,234.11,0.22,51.33,239.78,0.23,56.10,0.00,0.00,0.00,233.64,0.22,29.97
235.57,0.90,212.46,237.19,0.22,52.38,240.55,0.23,56.55,0.00,0.00,0.00,237.22,0.21,30.09
235.00,0.90,212.36,237.65,0.22,52.72,240.62,0.23,56.60,0.00,0.00,0.00,234.13,0.21,29.71
234.10,0.90,210.96,235.50,0.22,51.74,240.21,0.23,56.42,0.00,0.00,0.00,235.41,0.21,29.94
236.65,0.91,214.72,238.66,0.22,53.10,240.30,0.23,56.36,0.00,0.00,0.00,233.51,0.22,29.51
232.67,0.91,211.38,235.32,0.22,51.65,240.01,0.23,56.21,0.00,0.00,0.00,233.65,0.22,29.87
234.23,0.91,212.52,235.17,0.22,51.52,239.68,0.23,56.03,0.00,0.00,0.00,234.48,0.22,29.82
234.10,0.91,213.31,235.36,0.22,51.74,240.41,0.23,56.40,0.00,0.00,0.00,234.88,0.22,30.24
233.84,0.90,210.30,236.67,0.22,52.30,240.16,0.23,56.39,0.00,0.00,0.00,235.33,0.21,30.03
235.26,0.90,211.17,235.50,0.22,51.77,239.96,0.23,56.21,0.00,0.00,0.00,234.96,0.21,30.10
234.26,0.90,211.10,237.20,0.22,52.62,239.80,0.23,56.11,0.00,0.00,0.00,237.06,0.21,30.78
232.71,0.92,212.99,237.87,0.22,52.96,240.82,0.23,56.78,0.00,0.00,0.00,233.43,0.22,29.74
234.15,0.91,213.38,237.81,0.22,52.60,239.26,0.23,55.89,0.00,0.00,0.00,234.77,0.22,30.40
233.03,0.91,211.28,236.59,0.22,52.21,239.27,0.23,55.91,0.00,0.00,0.00,234.43,0.22,29.65
233.20,0.91,213.02,236.38,0.22,52.39,239.93,0.23,56.11,0.00,0.00,0.00,233.73,0.22,29.78
233.80,0.89,209.22,233.57,0.22,50.95,240.07,0.23,56.33,0.00,0.00,0.00,235.90,0.21,29.92
235.60,0.90,211.99,238.66,0.22,53.05,239.56,0.23,55.99,0.00,0.00,0.00,235.82,0.21,29.94
234.12,0.90,210.01,234.88,0.22,51.42,239.71,0.23,56.10,0.00,0.00,0.00,235.81,0.21,29.96
234.68,0.90,211.44,238.78,0.22,53.36,240.08,0.23,56.35,0.00,0.00,0.00,235.53,0.21,29.92
236.31,0.90,212.41,237.55,0.22,52.67,239.89,0.23,56.23,0.00,0.00,0.00,235.03,0.21,30.44
235.25,0.90,211.21,238.19,0.22,53.01,240.05,0.23,56.30,0.00,0.00,0.00,233.41,0.21,29.08
231.51,0.90,208.40,237.04,0.22,52.28,239.19,0.23,55.87,0.00,0.00,0.00,236.88,0.21,31.04
234.68,0.92,214.79,238.23,0.22,53.00,240.05,0.23,56.21,0.00,0.00,0.00,235.33,0.22,30.39
233.81,0.90,211.24,235.48,0.22,51.80,238.65,0.23,55.62,0.00,0.00,0.00,232.85,0.22,29.34
235.19,0.91,213.95,235.78,0.22,52.06,239.55,0.23,56.01,0.00,0.00,0.00,233.02,0.22,29.52
233.18,0.91,212.41,236.30,0.22,52.03,238.47,0.23,55.58,0.00,0.00,0.00,235.72,0.22,30.60
233.16,0.90,209.13,236.14,0.22,52.00,240.16,0.23,56.41,0.00,0.00,0.00,236.43,0.21,30.30
234.16,0.90,210.70,235.93,0.22,52.29,240.77,0.23,56.68,0.00,0.00,0.00,235.73,0.21,29.88
236.70,0.90,212.16,237.87,0.22,52.92,240.48,0.23,56.45,0.00,0.00,0.00,235.19,0.20,30.06
235.12,0.91,214.75,236.89,0.22,52.30,241.44,0.23,56.86,0.00,0.00,0.00,236.32,0.22,30.25
234.48,0.91,212.41,235.13,0.22,51.45,240.67,0.23,56.53,0.00,0.00,0.00,233.67,0.22,29.63
234.00,0.91,212.52,236.33,0.22,52.30,238.37,0.23,55.43,0.00,0.00,0.00,234.40,0.22,30.09
233.08,0.91,211.01,234.74,0.22,51.45,239.23,0.23,55.94,0.00,0.00,0.00,233.75,0.22,29.62
234.32,0.89,209.60,235.42,0.22,51.35,239.26,0.23,56.03,0.00,0.00,0.00,236.14,0.21,30.27
234.21,0.90,210.46,237.88,0.22,52.89,235.00,0.23,55.05,0.00,0.00,0.00,236.27,0.21,30.23
234.38,0.90,210.44,236.09,0.22,51.95,237.41,0.23,55.83,0.00,0.00,0.00,234.41,0.21,29.88
233.60,0.90,209.60,236.42,0.22,52.13,237.36,0.23,55.82,0.00,0.00,0.00,232.79,0.21,29.62
234.45,0.91,213.69,237.57,0.22,52.63,232.94,0.23,54.42,0.00,0.00,0.00,234.23,0.22,30.01
232.49,0.91,210.70,235.44,0.22,51.70,232.13,0.23,54.08,0.00,0.00,0.00,234.50,0.22,30.09
233.06,0.90,210.88,235.05,0.22,51.39,233.18,0.23,54.59,0.00,0.00,0.00,232.02,0.22,29.42
230.46,0.90,206.95,235.92,0.22,51.66,231.98,0.23,54.18,0.00,0.00,0.00,234.29,0.21,30.27
235.28,0.90,210.76,237.15,0.22,52.59,232.01,0.23,54.11,0.00,0.00,0.00,234.09,0.21,29.95
231.92,0.89,207.13,233.39,0.22,50.98,230.92,0.23,53.87,0.00,0.00,0.00,233.18,0.21,29.41
233.66,0.90,209.84,236.25,0.22,51.96,232.45,0.23,54.66,0.00,0.00,0.00,233.91,0.21,29.87
235.06,0.81,189.57,235.45,0.22,51.67,0.00,0.14,0.00,0.00,0.00,0.00,236.43,0.21,30.08
234.69,0.83,193.75,239.13,0.22,53.38,160.21,0.16,20.89,0.00,0.00,0.00,234.32,0.21,29.87
234.98,0.85,200.20,238.47,0.22,52.68,173.23,0.19,28.96,0.00,0.00,0.00,232.87,0.21,29.37
235.47,0.90,213.06,238.04,0.22,52.73,233.11,0.24,56.15,0.00,0.00,0.00,234.76,0.21,29.94
235.49,0.90,212.29,235.54,0.22,51.77,234.19,0.24,56.17,0.00,0.00,0.00,235.34,0.21,29.85
233.49,0.97,225.85,237.01,0.22,51.93,159.61,0.19,21.81,0.00,0.11,0.00,235.36,0.21,29.95
234.04,0.87,203.74,236.90,0.23,52.24,0.00,0.11,0.00,0.00,0.06,0.00,257.08,0.24,33.34
236.77,0.92,217.41,237.71,0.23,52.69,225.41,0.23,52.21,0.00,0.00,0.00,234.55,0.22,29.72
234.21,0.91,212.15,235.67,0.22,51.72,224.76,0.23,51.78,0.00,0.00,0.00,235.52,0.22,29.81
234.40,0.68,159.12,240.25,0.23,52.28,0.00,0.00,0.00,0.00,0.00,0.00,235.36,0.22,29.69
234.39,0.67,157.70,238.51,0.22,52.81,0.00,0.00,0.00,0.00,0.00,0.00,235.90,0.21,30.04
234.62,0.67,157.19,238.78,0.22,52.77,0.00,0.00,0.00,0.00,0.00,0.00,235.03,0.21,30.08
234.91,0.66,156.17,237.14,0.22,52.21,0.00,0.00,0.00,0.00,0.00,0.00,234.91,0.21,29.47
233.71,0.88,206.01,239.56,0.22,53.18,0.00,0.00,0.00,232.43,0.21,49.49,235.46,0.21,29.65
233.50,0.88,206.63,235.84,0.22,51.83,0.00,0.00,0.00,234.41,0.22,50.86,236.12,0.21,30.15
234.58,0.89,208.11,237.36,0.22,52.71,0.00,0.00,0.00,235.00,0.22,51.22,234.86,0.21,29.54
235.48,0.88,206.70,235.54,0.22,51.48,0.00,0.00,0.00,233.46,0.22,50.17,234.89,0.21,29.50
229.80,0.89,203.70,236.45,0.22,52.18,0.00,0.00,0.00,235.62,0.22,51.59,236.74,0.21,30.22
233.89,0.88,206.59,235.61,0.22,51.71,0.00,0.00,0.00,235.03,0.22,51.15,235.25,0.21,29.79
233.26,0.88,205.85,234.36,0.22,51.23,0.00,0.00,0.00,236.72,0.22,52.10,234.99,0.20,29.16
233.42,0.89,206.78,236.53,0.22,52.30,0.00,0.00,0.00,235.80,0.22,51.55,236.18,0.21,30.04
234.51,0.89,207.93,236.35,0.22,52.39,0.00,0.00,0.00,236.71,0.22,51.78,235.34,0.21,29.95
233.09,0.88,205.96,235.45,0.22,51.59,0.00,0.00,0.00,234.32,0.22,50.84,235.80,0.21,29.84
233.20,0.88,206.05,237.27,0.22,52.27,0.00,0.00,0.00,234.51,0.22,50.86,235.18,0.21,30.07
235.17,0.88,207.82,235.13,0.22,51.37,0.00,0.00,0.00,236.24,0.22,51.83,235.89,0.21,30.11
232.65,0.88,205.80,236.26,0.22,52.08,0.00,0.00,0.00,235.46,0.22,51.16,236.77,0.21,30.25
233.28,0.88,205.73,236.01,0.22,51.81,0.00,0.00,0.00,234.40,0.22,50.72,235.56,0.21,30.13
234.36,0.88,206.96,237.48,0.22,52.29,0.00,0.00,0.00,235.37,0.22,51.27,234.91,0.21,29.48
234.86,0.88,207.36,237.05,0.22,52.23,0.00,0.00,0.00,235.74,0.22,51.42,236.02,0.21,30.09
235.10,0.89,208.22,236.10,0.22,52.03,0.00,0.00,0.00,235.91,0.22,51.70,235.30,0.21,29.94
232.66,0.88,205.04,236.95,0.22,52.35,0.00,0.00,0.00,234.11,0.22,50.74,235.23,0.21,29.59
234.86,0.88,206.39,235.73,0.22,51.71,0.00,0.00,0.00,233.33,0.22,50.39,231.73,0.20,29.36
235.45,0.89,208.76,236.95,0.22,52.41,0.00,0.00,0.00,236.01,0.22,51.49,235.96,0.21,30.29
234.83,0.88,206.40,235.15,0.22,51.28,0.00,0.00,0.00,234.15,0.22,50.76,235.50,0.21,29.90
234.87,0.88,206.93,236.93,0.22,52.16,0.00,0.00,0.00,234.36,0.22,50.70,235.80,0.21,29.93
232.77,0.88,205.31,234.22,0.22,51.08,0.00,0.00,0.00,234.15,0.22,50.64,235.33,0.21,30.01
235.77,0.88,207.47,234.73,0.22,51.15,0.00,0.00,0.00,233.06,0.22,50.30,234.12,0.21,29.63
235.51,0.88,207.88,237.51,0.22,52.52,0.00,0.00,0.00,234.51,0.22,50.99,236.39,0.21,29.88
233.57,0.88,206.58,236.94,0.22,52.29,0.00,0.00,0.00,236.56,0.22,51.68,235.22,0.21,29.82
234.35,0.89,207.45,236.71,0.22,52.04,0.00,0.00,0.00,234.51,0.22,50.91,236.77,0.21,30.71
233.06,0.88,204.87,234.44,0.22,51.23,0.00,0.00,0.00,233.03,0.22,50.29,233.37,0.21,29.31
233.96,0.88,206.71,237.45,0.22,52.45,0.00,0.00,0.00,233.74,0.22,50.61,234.00,0.21,29.53
233.86,0.89,207.28,235.12,0.22,51.54,0.00,0.00,0.00,235.79,0.22,51.36,235.65,0.21,30.82
234.65,0.88,206.74,237.11,0.22,52.42,0.00,0.00,0.00,230.33,0.21,49.07,236.37,0.21,30.14
234.56,0.88,206.77,236.33,0.22,51.91,0.00,0.00,0.00,233.36,0.22,50.56,235.38,0.21,29.69
235.00,0.89,208.09,235.80,0.22,51.85,0.00,0.00,0.00,236.34,0.22,51.97,233.92,0.21,29.73
235.13,0.88,207.81,235.68,0.22,52.00,0.00,0.00,0.00,237.13,0.22,51.86,235.25,0.21,29.78
233.26,0.88,204.62,230.22,0.22,49.34,0.00,0.00,0.00,235.75,0.22,51.27,235.79,0.21,29.92
233.10,0.88,205.31,234.75,0.22,51.31,0.00,0.00,0.00,235.29,0.22,51.48,233.05,0.21,29.14
233.60,0.89,207.16,238.46,0.22,53.00,0.00,0.00,0.00,234.97,0.22,51.18,235.07,0.21,30.03
234.31,0.89,207.50,237.74,0.22,52.54,0.00,0.00,0.00,236.12,0.22,51.83,235.19,0.21,30.23
232.84,0.88,204.76,235.61,0.22,51.78,0.00,0.00,0.00,234.06,0.22,50.63,234.54,0.21,29.49
233.80,0.88,205.68,235.56,0.22,51.71,0.00,0.00,0.00,233.80,0.22,50.60,233.75,0.21,29.56
234.06,0.88,206.34,235.90,0.22,51.77,0.00,0.00,0.00,234.69,0.22,51.06,234.77,0.21,29.76
235.25,0.88,207.98,236.50,0.22,52.02,0.00,0.00,0.00,234.92,0.22,50.97,234.92,0.21,30.18
233.34,0.88,205.53,236.43,0.22,51.86,0.00,0.00,0.00,233.50,0.22,50.33,236.63,0.21,30.25
233.46,0.88,205.05,235.65,0.22,51.66,0.00,0.00,0.00,233.71,0.22,50.45,234.15,0.20,29.36
234.55,0.88,206.85,236.50,0.22,52.16,0.00,0.00,0.00,235.71,0.22,51.40,233.60,0.21,29.05
235.02,0.88,207.23,236.61,0.22,51.98,0.00,0.00,0.00,234.69,0.22,50.97,235.22,0.21,29.56
233.26,0.88,206.03,237.06,0.22,52.13,0.00,0.00,0.00,234.41,0.22,50.81,236.85,0.21,30.33
233.49,0.88,205.56,236.33,0.22,51.94,0.00,0.00,0.00,233.83,0.22,50.35,235.12,0.21,29.70
234.71,0.88,206.97,235.83,0.22,51.74,0.00,0.00,0.00,235.80,0.22,51.49,234.23,0.21,29.54
234.30,0.88,206.26,236.34,0.22,51.89,0.00,0.00,0.00,233.57,0.22,50.41,236.42,0.21,30.16
233.91,0.88,204.85,234.15,0.22,51.00,0.00,0.00,0.00,233.27,0.22,50.17,233.53,0.20,29.38
234.26,0.88,206.27,237.13,0.22,52.35,0.00,0.00,0.00,233.82,0.22,50.39,235.16,0.21,29.74
234.79,0.88,206.45,235.21,0.22,51.46,0.00,0.00,0.00,234.31,0.22,50.69,234.39,0.21,29.50
235.80,0.88,208.17,236.69,0.22,52.16,0.00,0.00,0.00,234.48,0.22,50.78,235.33,0.21,29.75
233.85,0.88,206.39,237.19,0.22,52.17,0.00,0.00,0.00,234.03,0.22,50.47,236.41,0.21,30.29
232.38,0.88,205.10,237.25,0.22,52.44,0.00,0.00,0.00,234.24,0.22,50.62,235.16,0.21,29.83
231.90,0.88,203.76,232.91,0.22,50.37,0.00,0.00,0.00,233.23,0.22,50.16,234.28,0.21,30.13
231.31,0.88,203.55,236.43,0.22,52.21,0.00,0.00,0.00,235.06,0.22,51.12,233.92,0.20,29.25
231.77,0.88,204.32,235.60,0.22,51.34,0.00,0.00,0.00,235.58,0.22,51.29,235.70,0.21,30.32
232.78,0.88,204.65,234.99,0.22,51.42,0.00,0.00,0.00,233.50,0.22,50.27,233.25,0.21,29.33
234.97,0.88,207.17,236.51,0.22,51.96,0.00,0.00,0.00,235.73,0.22,51.28,235.23,0.21,29.79
233.01,0.88,205.27,235.10,0.22,51.31,0.00,0.00,0.00,235.70,0.22,51.31,234.96,0.21,29.99
232.81,0.88,204.57,235.93,0.22,51.70,0.00,0.00,0.00,233.32,0.22,50.24,234.97,0.21,29.75
234.07,0.88,206.53,236.87,0.22,52.25,0.00,0.00,0.00,234.82,0.22,51.03,233.92,0.21,29.36
235.67,0.88,208.09,235.31,0.22,51.68,0.00,0.00,0.00,235.90,0.22,51.51,235.10,0.21,29.92
234.66,0.88,206.67,234.93,0.22,51.07,0.00,0.00,0.00,234.94,0.22,50.93,236.13,0.21,30.04
233.62,0.88,204.89,233.82,0.22,50.87,0.00,0.00,0.00,233.60,0.22,50.33,234.26,0.21,29.30
235.08,0.88,207.00,236.09,0.22,51.72,0.00,0.00,0.00,235.05,0.22,51.09,234.52,0.21,29.49
234.59,0.88,206.99,236.56,0.22,51.92,0.00,0.00,0.00,234.99,0.22,50.93,235.67,0.21,30.17
229.57,0.88,202.95,237.14,0.22,52.29,0.00,0.00,0.00,235.56,0.22,51.36,234.93,0.21,30.47
233.58,0.88,204.60,235.54,0.22,51.55,0.00,0.00,0.00,233.00,0.22,50.16,232.67,0.20,28.80
235.21,0.88,207.04,236.64,0.22,52.25,0.00,0.00,0.00,235.12,0.22,51.05,232.72,0.20,29.00
234.15,0.88,206.17,237.69,0.22,52.38,0.00,0.00,0.00,234.36,0.22,50.88,234.96,0.21,29.52
235.53,0.88,207.08,236.12,0.22,51.83,0.00,0.00,0.00,233.69,0.22,50.45,233.87,0.21,29.46
235.71,0.88,206.70,235.73,0.22,51.55,0.00,0.00,0.00,233.66,0.22,50.33,234.18,0.20,29.26
235.98,0.88,207.86,235.84,0.22,51.80,0.00,0.00,0.00,233.92,0.22,50.64,234.43,0.21,29.63
233.91,0.88,205.78,236.01,0.22,51.83,0.00,0.00,0.00,234.89,0.22,50.92,236.02,0.21,29.91
233.56,0.88,204.38,233.36,0.22,50.45,0.00,0.00,0.00,234.10,0.22,50.64,233.28,0.20,29.21
234.30,0.88,205.62,236.29,0.22,51.95,0.00,0.00,0.00,234.06,0.22,50.67,233.78,0.20,29.18
235.03,0.88,207.06,236.28,0.22,51.96,0.00,0.00,0.00,236.05,0.22,51.43,235.20,0.21,29.27
233.26,0.88,205.36,237.09,0.22,52.34,0.00,0.00,0.00,234.24,0.22,50.70,235.33,0.21,29.70
233.30,0.88,204.71,236.04,0.22,51.46,0.00,0.00,0.00,234.61,0.22,50.86,235.29,0.20,29.62
234.80,0.88,206.16,235.65,0.22,51.60,0.00,0.00,0.00,233.66,0.22,50.49,234.22,0.20,29.36
234.90,0.88,207.25,237.12,0.22,52.31,0.00,0.00,0.00,235.10,0.22,51.18,235.91,0.21,29.83
236.32,0.88,207.37,236.73,0.22,51.72,0.00,0.00,0.00,234.62,0.22,50.94,233.72,0.20,28.90
235.13,0.88,207.10,235.52,0.22,51.56,0.00,0.00,0.00,235.33,0.22,51.22,234.79,0.21,29.79
233.69,0.88,205.39,236.71,0.22,52.11,0.00,0.00,0.00,233.66,0.22,50.34,234.48,0.21,29.45
236.65,0.88,208.38,235.99,0.22,51.82,0.00,0.00,0.00,236.31,0.22,51.54,233.94,0.20,29.18
235.19,0.88,207.37,236.45,0.22,51.87,0.00,0.00,0.00,235.40,0.22,51.26,234.81,0.21,29.80
234.41,0.88,206.91,237.27,0.22,52.38,0.00,0.00,0.00,235.13,0.22,51.22,235.85,0.21,29.83
233.51,0.88,205.29,236.14,0.22,51.87,0.00,0.00,0.00,234.04,0.22,50.55,235.16,0.21,29.63
233.45,0.88,204.44,233.13,0.22,50.21,0.00,0.00,0.00,234.80,0.22,50.99,233.87,0.21,29.37
235.10,0.88,206.80,235.73,0.22,51.49,0.00,0.00,0.00,234.45,0.22,50.95,234.18,0.21,29.59
235.64,0.88,208.46,236.60,0.22,52.31,0.00,0.00,0.00,235.83,0.22,51.37,236.39,0.21,30.21
234.31,0.88,207.12,238.37,0.22,52.85,0.00,0.00,0.00,235.17,0.22,51.09,234.27,0.21,29.50
233.40,0.88,204.60,235.65,0.22,51.62,0.00,0.00,0.00,231.80,0.22,49.76,234.58,0.20,29.21
234.45,0.88,206.00,236.12,0.22,51.97,0.00,0.00,0.00,235.13,0.22,51.22,233.91,0.20,28.98
236.37,0.88,208.87,236.96,0.22,52.43,0.00,0.00,0.00,236.86,0.22,51.94,235.37,0.21,29.96
233.71,0.88,205.82,236.43,0.22,51.92,0.00,0.00,0.00,235.08,0.22,50.96,235.53,0.21,29.83
232.62,0.88,204.75,235.44,0.22,51.46,0.00,0.00,0.00,234.36,0.22,50.72,234.92,0.21,29.93
232.41,0.88,204.18,235.82,0.22,51.78,0.00,0.00,0.00,234.25,0.22,50.75,234.24,0.20,29.23
233.57,0.88,205.83,234.93,0.22,51.46,0.00,0.00,0.00,235.42,0.22,51.19,235.79,0.21,30.19
234.51,0.88,207.13,237.00,0.22,52.42,0.00,0.00,0.00,236.57,0.22,51.80,236.32,0.21,29.93
235.83,0.88,208.00,238.80,0.22,53.19,0.00,0.00,0.00,234.19,0.22,50.60,235.22,0.21,29.82
233.09,0.88,204.33,235.47,0.22,51.54,0.00,0.00,0.00,233.28,0.22,50.29,233.38,0.20,29.02
235.19,0.88,206.63,236.60,0.22,51.96,0.00,0.00,0.00,235.25,0.22,51.15,234.12,0.20,29.55
233.81,0.88,206.36,236.70,0.22,52.28,0.00,0.00,0.00,236.39,0.22,51.69,234.85,0.21,29.70
233.33,0.88,204.71,236.27,0.22,52.01,0.00,0.00,0.00,233.54,0.22,50.39,234.20,0.20,29.27
233.55,0.88,205.11,235.20,0.22,51.46,0.00,0.00,0.00,234.65,0.22,50.89,233.81,0.20,29.05
235.54,0.88,206.69,235.23,0.22,51.16,0.00,0.00,0.00,235.12,0.22,51.12,234.75,0.20,29.48
233.95,0.88,206.16,237.74,0.22,52.47,0.00,0.00,0.00,236.56,0.22,51.49,234.17,0.20,29.47
233.77,0.88,205.66,236.23,0.22,51.99,0.00,0.00,0.00,234.95,0.22,50.99,234.87,0.20,29.56
235.08,0.88,206.49,235.89,0.22,51.69,0.00,0.00,0.00,235.44,0.22,51.12,233.43,0.20,29.13
234.96,0.88,207.11,237.00,0.22,52.24,0.00,0.00,0.00,235.60,0.22,51.30,234.54,0.21,29.60
233.45,0.88,204.49,234.24,0.22,51.01,0.00,0.00,0.00,232.91,0.22,50.04,235.19,0.21,29.90
235.78,0.88,206.87,236.42,0.22,51.90,0.00,0.00,0.00,234.34,0.22,50.68,234.68,0.20,29.37
233.92,0.88,205.07,236.00,0.22,51.70,0.00,0.00,0.00,234.55,0.22,50.72,233.93,0.20,29.01
234.71,0.88,206.25,237.15,0.22,52.33,0.00,0.00,0.00,235.62,0.22,51.27,233.90,0.20,28.88
234.26,0.88,205.38,236.76,0.22,52.01,0.00,0.00,0.00,234.10,0.22,50.60,235.62,0.20,29.43
235.42,0.88,206.58,235.84,0.22,51.69,0.00,0.00,0.00,235.15,0.22,51.08,233.97,0.20,28.87
233.98,0.88,205.71,235.30,0.22,51.51,0.00,0.00,0.00,234.97,0.22,51.06,234.86,0.21,29.64
233.85,0.88,206.15,237.73,0.22,52.43,0.00,0.00,0.00,234.82,0.22,50.98,236.26,0.21,29.90
233.06,0.88,204.52,235.98,0.22,51.70,0.00,0.00,0.00,234.60,0.22,50.68,234.66,0.20,29.39
233.67,0.88,204.85,234.45,0.22,51.10,0.00,0.00,0.00,234.95,0.22,50.93,234.71,0.20,29.54
235.27,0.88,207.57,237.83,0.22,52.76,0.00,0.00,0.00,234.87,0.22,51.08,235.85,0.21,29.72
235.29,0.88,207.24,237.01,0.22,52.28,0.00,0.00,0.00,235.29,0.22,51.21,235.70,0.21,29.83
234.23,0.88,206.33,235.28,0.22,51.44,0.00,0.00,0.00,236.06,0.22,51.82,235.40,0.20,29.56
234.68,0.88,206.67,236.62,0.22,52.07,0.00,0.00,0.00,236.28,0.22,51.55,234.62,0.20,29.38
234.85,0.88,207.00,236.92,0.22,52.34,0.00,0.00,0.00,235.72,0.22,51.21,234.53,0.21,29.67
232.87,0.88,204.35,235.57,0.22,51.48,0.00,0.00,0.00,234.02,0.22,50.64,235.65,0.20,29.63
233.64,0.88,205.30,237.59,0.22,52.42,0.00,0.00,0.00,233.96,0.22,50.54,233.60,0.20,29.22
234.83,0.88,207.17,236.60,0.22,52.22,0.00,0.00,0.00,234.91,0.22,51.10,234.18,0.21,29.75
234.05,0.88,205.38,235.97,0.22,51.40,0.00,0.00,0.00,235.39,0.22,51.00,234.99,0.21,29.63
232.79,0.88,204.32,235.37,0.22,51.45,0.00,0.00,0.00,233.16,0.22,50.20,235.32,0.21,29.47
235.91,0.88,206.80,234.95,0.22,51.02,0.00,0.00,0.00,234.67,0.22,50.80,235.36,0.21,29.54
234.65,0.88,205.96,236.14,0.22,51.73,0.00,0.00,0.00,236.29,0.22,51.57,234.58,0.20,28.98
234.27,0.88,206.09,236.04,0.22,51.88,0.00,0.00,0.00,234.60,0.22,50.70,236.30,0.21,29.90
234.15,0.88,205.76,235.66,0.22,51.56,0.00,0.00,0.00,233.24,0.22,50.20,235.98,0.21,29.73
235.16,0.88,205.96,235.22,0.22,51.12,0.00,0.00,0.00,234.07,0.22,50.54,233.65,0.20,29.08
235.34,0.88,207.12,235.72,0.22,51.75,0.00,0.00,0.00,234.53,0.22,51.01,236.05,0.20,29.75
233.58,0.88,205.81,237.42,0.22,52.34,0.00,0.00,0.00,234.62,0.22,50.74,235.90,0.21,30.01
232.48,0.87,203.05,232.86,0.22,50.17,0.00,0.00,0.00,234.67,0.22,50.83,234.47,0.20,29.22
234.11,0.88,205.02,236.00,0.22,51.71,0.00,0.00,0.00,233.70,0.22,50.38,233.68,0.20,29.17
236.14,0.88,208.13,237.10,0.22,52.23,0.00,0.00,0.00,235.66,0.22,51.46,236.43,0.20,29.94
234.85,0.88,206.60,235.94,0.22,51.38,0.00,0.00,0.00,236.15,0.22,51.50,235.92,0.21,30.12
232.36,0.88,204.55,236.20,0.22,51.88,0.00,0.00,0.00,234.98,0.22,50.97,235.88,0.21,29.89
234.27,0.88,205.51,235.43,0.22,51.50,0.00,0.00,0.00,233.23,0.22,50.24,234.12,0.21,29.23
236.32,0.88,207.96,236.70,0.22,51.97,0.00,0.00,0.00,235.15,0.22,51.14,234.12,0.20,29.23
234.67,0.88,206.68,237.42,0.22,52.42,0.00,0.00,0.00,235.86,0.22,51.35,236.09,0.20,29.69
236.38,0.88,207.09,235.85,0.22,51.69,0.00,0.00,0.00,234.07,0.22,50.48,235.60,0.20,29.53
234.61,0.88,206.01,235.67,0.22,51.55,0.00,0.00,0.00,234.05,0.22,50.46,236.10,0.21,30.13
234.14,0.88,205.45,237.51,0.22,52.26,0.00,0.00,0.00,234.06,0.22,50.62,234.17,0.20,29.04
234.53,0.88,206.34,237.21,0.22,52.30,0.00,0.00,0.00,235.83,0.22,51.33,234.69,0.20,29.28
234.27,0.88,206.42,237.42,0.22,52.22,0.00,0.00,0.00,235.53,0.22,51.12,235.22,0.21,29.91
233.74,0.88,204.99,235.53,0.22,51.68,0.00,0.00,0.00,233.71,0.22,50.49,233.21,0.20,29.11
235.15,0.88,206.11,236.60,0.22,51.65,0.00,0.00,0.00,233.34,0.22,50.09,235.03,0.21,29.43
234.90,0.88,207.62,240.15,0.23,54.04,0.00,0.00,0.00,236.20,0.22,51.47,235.18,0.20,29.34
233.44,0.88,206.08,237.81,0.22,52.46,0.00,0.00,0.00,233.65,0.22,50.54,236.64,0.21,30.33
233.12,0.88,204.20,235.78,0.22,51.96,0.00,0.00,0.00,232.91,0.22,50.30,235.14,0.20,29.37
233.59,0.88,205.02,235.29,0.22,51.70,0.00,0.00,0.00,234.22,0.22,50.41,234.34,0.20,29.39
234.84,0.88,205.87,236.01,0.22,51.69,0.00,0.00,0.00,235.80,0.22,51.03,235.41,0.20,29.21
234.78,0.88,207.13,237.11,0.22,52.12,0.00,0.00,0.00,236.43,0.22,51.89,235.42,0.20,29.83
233.91,0.88,205.67,235.27,0.22,51.81,0.00,0.00,0.00,234.94,0.22,50.74,236.83,0.21,29.83
232.81,0.88,204.48,235.38,0.22,51.54,0.00,0.00,0.00,233.96,0.22,50.57,234.01,0.21,29.28
233.96,0.88,205.29,236.13,0.22,51.59,0.00,0.00,0.00,233.26,0.22,50.25,234.00,0.21,29.31
236.19,0.88,207.79,237.16,0.22,52.27,0.00,0.00,0.00,234.99,0.22,51.06,235.72,0.20,29.84
232.64,0.88,204.27,235.72,0.22,51.59,0.00,0.00,0.00,235.42,0.22,51.19,235.44,0.20,29.28
232.48,0.88,203.51,235.36,0.22,51.53,0.00,0.00,0.00,232.86,0.22,49.99,233.78,0.20,29.12
234.40,0.87,205.03,235.47,0.22,51.39,0.00,0.00,0.00,234.15,0.22,50.60,234.80,0.20,28.93
234.58,0.88,206.69,237.15,0.22,52.31,0.00,0.00,0.00,235.91,0.22,51.40,235.18,0.20,29.49
233.41,0.88,205.17,238.42,0.22,52.61,0.00,0.00,0.00,234.14,0.22,50.68,235.36,0.20,29.66
232.55,0.87,203.19,234.22,0.22,51.02,0.00,0.00,0.00,233.58,0.22,50.29,233.92,0.20,28.70
234.34,0.88,206.07,236.33,0.22,51.79,0.00,0.00,0.00,234.95,0.22,50.98,234.45,0.21,29.49
235.10,0.88,206.26,236.52,0.22,52.10,0.00,0.00,0.00,235.48,0.22,51.19,234.24,0.20,28.93
233.70,0.88,204.83,234.89,0.22,51.31,0.00,0.00,0.00,233.24,0.22,50.20,234.17,0.20,29.28
235.16,0.88,206.56,236.53,0.22,51.80,0.00,0.00,0.00,234.19,0.22,50.78,234.49,0.20,29.43
234.67,0.88,206.64,237.04,0.22,52.22,0.00,0.00,0.00,235.97,0.22,51.28,235.21,0.20,29.71
232.98,0.88,204.40,235.49,0.22,51.46,0.00,0.00,0.00,235.18,0.22,50.91,233.51,0.20,29.26
233.61,0.88,204.45,235.68,0.22,51.63,0.00,0.00,0.00,235.21,0.22,51.01,233.65,0.20,28.69
234.51,0.88,206.65,237.71,0.22,52.47,0.00,0.00,0.00,237.04,0.22,51.71,235.11,0.20,29.32
233.42,0.88,204.99,236.37,0.22,51.87,0.00,0.00,0.00,234.29,0.22,50.66,234.94,0.20,29.43
232.66,0.88,203.69,236.24,0.22,51.82,0.00,0.00,0.00,233.69,0.22,50.39,233.76,0.20,28.76
234.67,0.88,205.78,237.01,0.22,52.19,0.00,0.00,0.00,236.50,0.22,51.60,234.02,0.20,28.34
233.30,0.88,204.36,235.75,0.22,51.52,0.00,0.00,0.00,233.41,0.22,50.35,236.28,0.20,29.66
234.91,0.88,205.70,235.26,0.22,51.38,0.00,0.00,0.00,234.02,0.22,50.59,235.09,0.20,29.04
233.14,0.88,204.47,236.36,0.22,51.91,0.00,0.00,0.00,234.26,0.22,50.63,234.74,0.20,29.14
233.83,0.88,205.40,237.24,0.22,52.29,0.00,0.00,0.00,235.32,0.22,51.05,235.38,0.20,29.43
233.34,0.87,203.67,234.64,0.22,51.07,0.00,0.00,0.00,233.87,0.22,50.41,233.53,0.20,28.68
233.80,0.88,204.91,235.81,0.22,51.76,0.00,0.00,0.00,234.90,0.22,51.08,236.36,0.20,29.68
235.00,0.88,206.99,236.86,0.22,52.18,0.00,0.00,0.00,236.12,0.22,51.39,236.57,0.21,29.93
232.33,0.87,202.84,234.93,0.22,51.34,0.00,0.00,0.00,232.15,0.21,49.55,233.87,0.20,28.97
234.64,0.88,206.85,236.34,0.22,52.01,0.00,0.00,0.00,235.30,0.22,51.08,235.72,0.21,30.19
234.19,0.88,205.39,234.26,0.22,51.03,0.00,0.00,0.00,234.95,0.22,50.83,235.25,0.20,29.57
232.15,0.88,203.58,236.07,0.22,51.79,0.00,0.00,0.00,233.58,0.22,50.32,234.51,0.20,29.35
234.28,0.88,205.20,235.99,0.22,51.62,0.00,0.00,0.00,235.57,0.22,51.24,234.22,0.20,28.93
235.45,0.88,206.92,235.82,0.22,51.76,0.00,0.00,0.00,236.67,0.22,51.64,234.60,0.20,29.35
232.83,0.87,203.53,234.49,0.22,50.84,0.00,0.00,0.00,234.53,0.22,50.72,234.88,0.20,29.40
235.37,0.87,205.76,234.70,0.22,51.10,0.00,0.00,0.00,235.41,0.22,51.12,233.97,0.20,28.74
234.33,0.88,206.29,237.00,0.22,52.24,0.00,0.00,0.00,235.54,0.22,51.31,235.55,0.20,29.49
232.78,0.87,203.57,236.00,0.22,51.67,0.00,0.00,0.00,233.24,0.22,50.15,234.90,0.20,29.20
233.94,0.87,204.39,235.58,0.22,51.39,0.00,0.00,0.00,235.40,0.22,51.11,233.64,0.20,28.24
234.43,0.88,205.29,234.47,0.22,50.94,0.00,0.00,0.00,236.07,0.22,51.47,235.07,0.20,29.24
233.97,0.88,205.42,238.20,0.22,52.75,0.00,0.00,0.00,234.29,0.22,50.50,236.14,0.20,29.85
234.28,0.87,204.52,234.71,0.22,51.44,0.00,0.00,0.00,232.42,0.22,49.84,232.63,0.20,28.64
234.13,0.88,205.09,235.71,0.22,51.36,0.00,0.00,0.00,235.58,0.22,51.16,234.13,0.20,29.46
234.52,0.88,205.89,236.51,0.22,51.97,0.00,0.00,0.00,235.16,0.22,51.19,235.60,0.20,29.40
232.94,0.87,203.69,235.67,0.22,51.69,0.00,0.00,0.00,232.65,0.22,49.82,234.68,0.20,29.35
236.28,0.88,207.41,236.04,0.22,51.74,0.00,0.00,0.00,236.27,0.22,51.44,234.44,0.20,29.24
233.80,0.88,205.56,237.19,0.22,52.19,0.00,0.00,0.00,234.84,0.22,50.83,234.98,0.20,29.62
233.96,0.88,204.73,236.14,0.22,51.77,0.00,0.00,0.00,233.47,0.22,50.33,234.53,0.20,29.13
233.76,0.87,204.36,236.76,0.22,52.03,0.00,0.00,0.00,234.64,0.22,50.78,232.94,0.20,28.44
234.75,0.88,206.20,237.04,0.22,52.20,0.00,0.00,0.00,235.47,0.22,51.12,235.89,0.20,29.49
232.70,0.87,203.51,234.21,0.22,50.78,0.00,0.00,0.00,234.31,0.22,50.65,233.88,0.20,29.11
233.84,0.88,204.69,235.50,0.22,51.43,0.00,0.00,0.00,234.15,0.22,50.63,233.85,0.20,28.93
235.81,0.88,207.05,236.63,0.22,52.26,0.00,0.00,0.00,234.55,0.22,50.87,235.31,0.20,29.35
233.42,0.88,204.45,235.83,0.22,51.59,0.00,0.00,0.00,233.43,0.22,50.19,234.04,0.20,29.41
233.65,0.88,205.10,236.11,0.22,51.76,0.00,0.00,0.00,236.32,0.22,51.52,234.86,0.20,29.20
233.62,0.88,204.96,236.39,0.22,51.94,0.00,0.00,0.00,235.05,0.22,50.86,234.53,0.20,29.16
232.80,0.88,203.92,235.68,0.22,51.44,0.00,0.00,0.00,233.22,0.22,50.23,234.38,0.20,29.29
235.83,0.87,205.02,235.85,0.22,51.54,0.00,0.00,0.00,231.78,0.21,49.39,234.09,0.20,28.75
233.39,0.88,204.60,236.85,0.22,52.07,0.00,0.00,0.00,234.59,0.22,50.81,235.56,0.20,29.27
233.40,0.88,204.48,235.11,0.22,51.22,0.00,0.00,0.00,234.79,0.22,50.77,234.06,0.20,29.25
234.36,0.88,205.64,236.75,0.22,52.01,0.00,0.00,0.00,236.19,0.22,51.47,235.31,0.20,29.21
231.02,0.87,202.08,235.80,0.22,51.59,0.00,0.00,0.00,231.16,0.21,49.26,235.16,0.20,29.75
232.31,0.87,202.88,235.08,0.22,51.23,0.00,0.00,0.00,232.19,0.22,49.69,234.88,0.20,29.13
234.33,0.88,205.63,235.95,0.22,51.65,0.00,0.00,0.00,235.39,0.22,51.16,234.90,0.20,29.23
233.55,0.88,204.62,236.07,0.22,51.72,0.00,0.00,0.00,234.45,0.22,50.75,236.41,0.20,29.47
234.51,0.87,205.04,234.97,0.22,51.31,0.00,0.00,0.00,234.39,0.22,50.73,233.48,0.20,28.53
234.88,0.88,206.24,236.09,0.22,51.69,0.00,0.00,0.00,235.13,0.22,50.98,235.47,0.20,29.42
235.26,0.88,206.14,236.66,0.22,52.00,0.00,0.00,0.00,235.06,0.22,51.04,235.36,0.20,29.36
233.97,0.88,204.99,236.46,0.22,51.99,0.00,0.00,0.00,233.18,0.22,50.19,234.29,0.20,29.19
234.14,0.88,205.27,236.26,0.22,51.85,0.00,0.00,0.00,235.30,0.22,50.97,234.70,0.20,29.02
235.02,0.88,206.55,237.32,0.22,52.35,0.00,0.00,0.00,236.23,0.22,51.42,235.44,0.20,29.50
235.61,0.88,206.50,235.95,0.22,51.66,0.00,0.00,0.00,233.60,0.22,50.27,236.25,0.20,29.69
235.27,0.87,205.81,235.91,0.22,51.49,0.00,0.00,0.00,234.54,0.22,50.79,233.62,0.20,28.92
234.52,0.88,205.55,236.05,0.22,51.77,0.00,0.00,0.00,235.34,0.22,51.18,235.54,0.20,29.36
233.71,0.88,205.54,236.10,0.22,51.62,0.00,0.00,0.00,236.22,0.22,51.49,236.67,0.21,29.99
233.46,0.87,203.36,234.32,0.22,51.02,0.00,0.00,0.00,233.46,0.22,50.29,234.12,0.20,28.57
235.62,0.88,206.58,236.28,0.22,51.90,0.00,0.00,0.00,235.31,0.22,51.21,233.93,0.20,28.74
232.92,0.88,204.11,236.46,0.22,51.86,0.00,0.00,0.00,233.71,0.22,50.35,234.65,0.20,29.56
232.66,0.87,203.28,234.24,0.22,50.96,0.00,0.00,0.00,233.86,0.22,50.49,233.67,0.20,28.88
234.90,0.88,205.66,236.07,0.22,51.74,0.00,0.00,0.00,235.47,0.22,51.17,234.44,0.20,28.84
233.12,0.88,204.51,237.06,0.22,52.22,0.00,0.00,0.00,234.52,0.22,50.79,235.45,0.20,29.60
233.43,0.87,203.10,234.11,0.22,50.74,0.00,0.00,0.00,231.34,0.21,49.25,235.00,0.20,28.99
233.72,0.88,204.70,235.99,0.22,51.84,0.00,0.00,0.00,235.18,0.22,51.08,234.93,0.20,29.01
232.19,0.87,202.27,233.04,0.22,50.43,0.00,0.00,0.00,234.88,0.22,50.91,232.38,0.20,28.69
232.77,0.87,203.65,235.22,0.22,51.33,0.00,0.00,0.00,233.20,0.22,50.14,235.21,0.20,29.32
233.27,0.88,204.39,236.29,0.22,51.89,0.00,0.00,0.00,236.19,0.22,51.44,234.40,0.20,28.91
234.55,0.88,205.90,236.79,0.22,52.15,0.00,0.00,0.00,235.12,0.22,50.90,235.10,0.20,29.59
232.78,0.88,203.95,236.70,0.22,52.18,0.00,0.00,0.00,233.79,0.22,50.34,234.57,0.20,29.24
234.07,0.87,204.13,235.88,0.22,51.58,0.00,0.00,0.00,233.77,0.22,50.26,234.22,0.20,28.89
234.46,0.88,206.29,237.30,0.22,52.27,0.00,0.00,0.00,236.48,0.22,51.70,234.13,0.20,29.27
232.98,0.88,204.00,235.22,0.22,51.34,0.00,0.00,0.00,233.57,0.22,50.38,234.75,0.20,29.32
234.16,0.87,204.89,235.30,0.22,51.29,0.00,0.00,0.00,234.88,0.22,50.74,233.99,0.20,29.11
233.70,0.88,204.50,236.81,0.22,52.03,0.00,0.00,0.00,234.98,0.22,50.96,234.92,0.20,28.77
232.98,0.87,203.84,235.89,0.22,51.57,0.00,0.00,0.00,234.12,0.22,50.55,234.18,0.20,29.29
237.44,0.88,207.94,236.24,0.22,51.75,0.00,0.00,0.00,234.16,0.22,50.69,234.00,0.20,29.08
235.20,0.88,206.84,237.37,0.22,52.26,0.00,0.00,0.00,236.51,0.22,51.61,234.94,0.20,29.48
232.19,0.87,203.00,236.03,0.22,51.70,0.00,0.00,0.00,234.78,0.22,50.76,235.19,0.20,29.09
234.07,0.88,204.89,233.96,0.22,50.85,0.00,0.00,0.00,234.29,0.22,50.58,233.99,0.20,29.17
233.32,0.88,205.24,236.88,0.22,52.03,0.00,0.00,0.00,235.20,0.22,50.97,234.20,0.21,29.62
232.03,0.88,203.44,239.18,0.22,53.22,0.00,0.00,0.00,233.01,0.22,50.08,233.97,0.20,28.80
235.44,0.87,205.50,235.15,0.22,51.39,0.00,0.00,0.00,233.35,0.22,50.24,234.09,0.20,28.70
234.61,0.88,206.55,237.02,0.22,52.11,0.00,0.00,0.00,236.02,0.22,51.36,235.24,0.21,29.62
234.20,0.87,204.46,234.72,0.22,51.14,0.00,0.00,0.00,234.70,0.22,50.71,233.65,0.20,28.64
234.05,0.88,204.82,235.76,0.22,51.53,0.00,0.00,0.00,235.57,0.22,51.11,234.57,0.20,29.03
234.42,0.88,205.34,236.40,0.22,51.90,0.00,0.00,0.00,233.72,0.22,50.43,235.11,0.20,29.16
233.21,0.88,204.30,235.55,0.22,51.70,0.00,0.00,0.00,234.56,0.22,50.69,233.74,0.20,28.74
234.56,0.88,205.95,236.14,0.22,51.95,0.00,0.00,0.00,235.25,0.22,50.98,234.91,0.20,29.26
232.50,0.87,202.97,235.90,0.22,51.49,0.00,0.00,0.00,232.91,0.22,49.98,233.77,0.20,28.98
232.78,0.87,203.56,235.71,0.22,51.45,0.00,0.00,0.00,234.95,0.22,51.01,234.46,0.20,28.91
234.52,0.88,205.32,236.54,0.22,51.99,0.00,0.00,0.00,234.33,0.22,50.54,235.32,0.20,29.15
233.66,0.87,203.78,234.82,0.22,51.21,0.00,0.00,0.00,233.12,0.22,50.18,233.97,0.20,28.75
234.95,0.88,205.88,235.87,0.22,51.61,0.00,0.00,0.00,236.68,0.22,51.53,234.56,0.20,29.07
233.49,0.87,203.81,236.12,0.22,51.70,0.00,0.00,0.00,233.61,0.22,50.40,233.96,0.20,28.95
232.15,0.88,203.64,235.05,0.22,51.24,0.00,0.00,0.00,235.37,0.22,51.13,233.73,0.20,29.15
234.79,0.88,205.70,236.85,0.22,52.18,0.00,0.00,0.00,233.73,0.22,50.25,235.00,0.20,29.41
232.23,0.87,202.51,234.16,0.22,50.81,0.00,0.00,0.00,233.26,0.22,50.22,234.33,0.20,28.97
232.66,0.87,203.55,236.00,0.22,51.56,0.00,0.00,0.00,234.30,0.22,50.60,234.99,0.20,29.15
232.85,0.88,203.88,236.80,0.22,51.94,0.00,0.00,0.00,234.11,0.22,50.48,234.85,0.20,29.39
235.06,0.87,205.01,235.37,0.22,51.23,0.00,0.00,0.00,234.36,0.22,50.64,232.86,0.20,28.51
234.43,0.88,205.64,235.71,0.22,51.52,0.00,0.00,0.00,236.68,0.22,51.61,235.13,0.20,29.34
232.96,0.87,203.44,235.24,0.22,51.37,0.00,0.00,0.00,232.98,0.22,49.97,233.67,0.20,29.05
233.98,0.88,204.94,235.99,0.22,51.66,0.00,0.00,0.00,234.87,0.22,50.91,235.27,0.20,29.11
233.26,0.87,204.01,236.34,0.22,51.79,0.00,0.00,0.00,234.38,0.22,50.66,235.19,0.20,29.35
232.05,0.87,202.46,233.20,0.22,50.49,0.00,0.00,0.00,234.26,0.22,50.62,233.86,0.20,28.73
234.48,0.88,205.84,236.77,0.22,52.00,0.00,0.00,0.00,234.90,0.22,50.85,235.25,0.20,29.45
233.01,0.87,203.21,236.45,0.22,51.66,0.00,0.00,0.00,232.20,0.22,49.71,233.80,0.20,28.90
233.73,0.87,204.10,234.53,0.22,50.98,0.00,0.00,0.00,235.00,0.22,51.10,234.87,0.20,29.23
230.12,0.88,201.65,236.03,0.22,51.82,0.00,0.00,0.00,235.32,0.22,50.96,233.84,0.20,29.18
238.71,0.87,208.46,236.56,0.22,51.91,0.00,0.00,0.00,234.74,0.22,50.84,234.01,0.20,28.61
234.45,0.88,205.50,237.02,0.22,52.28,0.00,0.00,0.00,235.39,0.22,51.00,234.26,0.20,29.20
232.60,0.87,203.02,234.72,0.22,51.22,0.00,0.00,0.00,233.51,0.22,50.34,233.27,0.20,28.61
233.89,0.88,204.86,235.99,0.22,51.64,0.00,0.00,0.00,234.89,0.22,50.97,234.69,0.20,29.04
233.94,0.88,204.74,236.51,0.22,51.84,0.00,0.00,0.00,234.66,0.22,50.66,235.29,0.20,29.24
233.26,0.87,204.08,235.25,0.22,51.27,0.00,0.00,0.00,233.93,0.22,50.54,236.58,0.20,29.82
235.15,0.88,206.05,236.18,0.22,51.91,0.00,0.00,0.00,235.73,0.22,51.18,235.52,0.20,29.27
232.79,0.87,203.17,236.28,0.22,51.70,0.00,0.00,0.00,230.99,0.22,49.44,235.81,0.20,29.22
234.62,0.87,205.19,234.84,0.22,51.12,0.00,0.00,0.00,236.01,0.22,51.40,233.52,0.20,28.76
234.54,0.88,205.30,236.50,0.22,52.00,0.00,0.00,0.00,234.55,0.22,50.70,234.81,0.20,29.07
233.40,0.87,203.57,233.83,0.22,50.76,0.00,0.00,0.00,233.23,0.22,50.23,234.18,0.20,28.61
234.33,0.87,204.67,235.58,0.22,51.39,0.00,0.00,0.00,235.39,0.22,51.06,234.27,0.20,28.68
232.22,0.87,202.89,233.47,0.22,50.33,0.00,0.00,0.00,234.38,0.22,50.65,236.33,0.20,29.59
233.35,0.87,204.04,234.41,0.22,50.91,0.00,0.00,0.00,235.80,0.22,51.20,235.35,0.20,29.13
233.91,0.88,205.33,236.73,0.22,51.91,0.00,0.00,0.00,234.52,0.22,50.71,236.29,0.20,29.68
233.11,0.88,204.33,233.95,0.22,50.64,0.00,0.00,0.00,233.73,0.22,50.33,238.14,0.21,30.15
236.68,0.66,155.06,0.00,0.00,0.00,0.00,0.00,0.00,236.67,0.22,51.54,234.29,0.20,28.74
232.14,0.89,206.37,0.00,0.00,0.00,225.72,0.23,53.27,232.95,0.22,50.30,235.39,0.20,29.70
232.83,0.89,206.78,0.00,0.00,0.00,230.73,0.23,54.35,235.25,0.22,50.95,234.62,0.20,29.33
231.71,0.89,205.73,0.00,0.00,0.00,230.70,0.23,54.17,235.12,0.22,50.89,234.01,0.20,29.07
233.32,0.89,206.53,0.00,0.00,0.00,227.42,0.23,52.62,235.05,0.22,50.89,235.50,0.20,29.23
233.24,0.89,207.49,0.00,0.00,0.00,229.21,0.23,53.83,235.44,0.22,51.04,234.65,0.20,29.23
233.58,0.89,207.33,0.00,0.00,0.00,229.90,0.23,53.72,234.51,0.22,50.76,235.52,0.20,29.64
234.30,0.89,208.10,0.00,0.00,0.00,232.31,0.23,54.77,233.78,0.22,50.24,234.91,0.20,29.40
233.16,0.89,206.93,0.00,0.00,0.00,230.62,0.23,54.10,234.45,0.22,50.72,234.69,0.20,28.95
234.27,0.89,207.68,0.00,0.00,0.00,231.60,0.23,54.30,234.42,0.22,50.63,235.37,0.20,29.14
233.19,0.89,206.84,0.00,0.00,0.00,232.50,0.23,54.84,233.20,0.22,50.10,234.16,0.20,28.93
235.30,0.89,208.48,0.00,0.00,0.00,231.26,0.23,54.20,233.69,0.22,50.27,234.10,0.20,29.02
235.05,0.89,208.25,0.00,0.00,0.00,233.88,0.24,55.40,233.83,0.22,50.28,233.75,0.20,28.47
235.93,0.88,208.41,0.00,0.00,0.00,232.39,0.23,54.84,233.73,0.22,50.31,232.76,0.20,27.90
236.23,0.89,210.18,0.00,0.00,0.00,232.49,0.23,54.91,234.73,0.22,50.62,235.25,0.20,29.17
235.20,0.89,208.55,0.00,0.00,0.00,233.18,0.23,55.19,233.76,0.22,50.17,233.05,0.20,28.59
234.84,0.89,207.84,0.00,0.00,0.00,231.52,0.23,54.36,229.86,0.21,48.99,235.58,0.20,29.10
233.37,0.89,206.90,0.00,0.00,0.00,232.51,0.23,54.82,234.46,0.22,50.63,233.89,0.20,28.66
232.99,0.89,206.78,0.00,0.00,0.00,225.67,0.23,53.12,234.54,0.22,50.69,234.62,0.20,28.99
234.24,0.65,153.30,0.00,0.00,0.00,0.00,0.00,0.00,235.79,0.22,51.17,235.56,0.20,29.07
233.68,0.65,152.77,0.00,0.00,0.00,0.00,0.00,0.00,234.89,0.22,50.78,234.26,0.20,28.78
233.98,0.65,153.18,0.00,0.00,0.00,0.00,0.00,0.00,235.67,0.22,50.93,235.58,0.20,28.95
232.92,0.65,151.80,0.00,0.00,0.00,0.00,0.00,0.00,235.54,0.22,50.93,233.61,0.20,28.32
235.43,0.65,154.20,0.00,0.00,0.00,0.00,0.00,0.00,234.20,0.22,50.77,234.83,0.20,29.16
233.17,0.65,151.64,0.00,0.00,0.00,0.00,0.00,0.00,233.89,0.22,50.39,231.66,0.20,27.54
234.57,0.89,207.68,0.00,0.00,0.00,224.06,0.23,52.76,233.75,0.22,50.36,233.87,0.20,28.86
234.58,0.89,208.37,0.00,0.00,0.00,231.42,0.23,54.60,234.01,0.22,50.45,234.51,0.20,28.98
235.24,0.89,208.85,0.00,0.00,0.00,233.32,0.24,55.31,234.51,0.22,50.71,234.04,0.20,28.66
234.02,0.89,207.43,0.00,0.00,0.00,232.29,0.23,54.92,235.15,0.22,51.00,234.16,0.20,28.81
232.36,0.89,206.14,0.00,0.00,0.00,231.80,0.23,54.58,235.74,0.22,51.13,234.77,0.20,29.04
234.12,0.89,207.78,0.00,0.00,0.00,232.16,0.23,54.66,235.30,0.22,50.95,235.26,0.20,29.11
232.36,0.89,206.63,0.00,0.00,0.00,231.75,0.23,54.57,235.69,0.22,51.17,235.08,0.20,29.25
233.05,0.88,206.22,0.00,0.00,0.00,231.48,0.23,54.27,234.40,0.22,50.63,234.17,0.20,28.69
232.53,0.89,206.36,0.00,0.00,0.00,231.16,0.23,54.16,235.02,0.22,50.89,235.57,0.20,29.26
234.90,0.88,207.86,0.00,0.00,0.00,231.42,0.23,54.26,233.08,0.22,49.99,234.62,0.20,29.11
233.26,0.88,205.92,0.00,0.00,0.00,231.33,0.23,54.14,232.36,0.21,49.69,234.12,0.20,28.78
233.56,0.89,206.90,0.00,0.00,0.00,232.21,0.23,54.55,233.76,0.22,50.30,235.05,0.20,29.03
234.08,0.89,207.71,0.00,0.00,0.00,231.64,0.23,54.45,235.50,0.22,51.18,233.53,0.20,28.74
233.97,0.88,207.01,0.00,0.00,0.00,229.01,0.23,53.09,233.88,0.22,50.33,235.41,0.20,29.19
234.15,0.89,207.31,0.00,0.00,0.00,230.62,0.23,53.92,233.20,0.22,50.13,233.78,0.20,28.86
233.62,0.89,207.12,0.00,0.00,0.00,233.69,0.23,55.36,233.80,0.22,50.29,233.43,0.20,28.31
234.59,0.88,207.45,0.00,0.00,0.00,232.44,0.23,54.76,233.63,0.22,50.32,233.08,0.20,28.28
235.57,0.88,208.04,0.00,0.00,0.00,232.32,0.23,54.71,234.01,0.22,50.47,233.58,0.20,28.06
234.23,0.89,208.30,0.00,0.00,0.00,233.13,0.23,55.09,234.78,0.22,50.81,234.22,0.20,28.85
234.06,0.89,207.47,0.00,0.00,0.00,231.11,0.23,53.97,234.79,0.22,50.76,234.10,0.20,28.87
232.62,0.89,206.75,0.00,0.00,0.00,234.14,0.24,55.53,234.66,0.22,50.90,233.67,0.20,28.90
233.57,0.89,207.29,0.00,0.00,0.00,232.90,0.23,54.99,235.39,0.22,51.13,234.87,0.20,28.96
233.15,0.88,205.33,0.00,0.00,0.00,232.07,0.23,54.39,229.47,0.21,48.49,235.41,0.20,28.97
232.16,0.89,205.90,0.00,0.00,0.00,232.66,0.23,54.84,235.34,0.22,51.14,234.24,0.20,28.98
232.42,0.89,206.22,0.00,0.00,0.00,230.43,0.23,53.77,235.05,0.22,50.90,234.91,0.20,29.58
232.88,0.89,206.89,0.00,0.00,0.00,232.48,0.23,54.58,236.02,0.22,51.39,234.16,0.20,29.26
231.90,0.89,205.91,0.00,0.00,0.00,233.38,0.23,55.04,233.66,0.22,50.31,235.02,0.20,29.00
231.63,0.88,204.86,0.00,0.00,0.00,232.72,0.23,54.65,235.09,0.22,50.79,233.89,0.20,28.35
232.94,0.89,206.34,0.00,0.00,0.00,230.83,0.23,53.72,234.65,0.22,50.62,235.99,0.20,29.58
233.61,0.89,207.20,0.00,0.00,0.00,232.74,0.23,54.73,234.43,0.22,50.53,234.88,0.20,29.03
234.91,0.88,207.88,0.00,0.00,0.00,233.01,0.23,54.84,233.29,0.22,50.14,233.42,0.20,28.91
233.73,0.88,206.73,0.00,0.00,0.00,232.98,0.23,54.82,233.18,0.22,49.95,233.81,0.20,28.64
233.56,0.89,207.01,0.00,0.00,0.00,232.11,0.23,54.32,233.75,0.22,50.49,233.86,0.20,28.65
234.93,0.88,207.84,0.00,0.00,0.00,233.15,0.23,55.01,234.04,0.22,50.44,233.98,0.20,28.28
234.24,0.88,207.15,0.00,0.00,0.00,231.95,0.23,54.49,234.00,0.22,50.43,233.57,0.20,28.38
234.57,0.89,207.85,0.00,0.00,0.00,232.65,0.23,54.73,233.37,0.22,50.20,233.61,0.20,28.37
233.07,0.89,206.98,0.00,0.00,0.00,232.98,0.23,54.90,235.75,0.22,51.16,233.88,0.20,28.62
235.31,0.89,208.74,0.00,0.00,0.00,233.07,0.23,55.03,234.68,0.22,50.69,234.11,0.20,28.59
234.12,0.89,208.32,0.00,0.00,0.00,233.57,0.23,55.09,235.44,0.22,51.11,235.92,0.20,29.05
232.95,0.89,207.45,0.00,0.00,0.00,234.81,0.23,55.60,235.59,0.22,51.25,234.24,0.20,28.91
232.02,0.89,206.04,0.00,0.00,0.00,233.40,0.23,55.03,234.85,0.22,50.96,235.54,0.20,29.01
231.63,0.88,204.58,0.00,0.00,0.00,230.06,0.23,53.26,235.23,0.22,50.99,235.31,0.20,29.09
234.03,0.88,207.06,0.00,0.00,0.00,231.24,0.23,53.90,235.03,0.22,50.79,235.68,0.20,29.27
233.21,0.89,206.85,0.00,0.00,0.00,231.30,0.23,53.88,236.72,0.22,51.49,235.14,0.20,29.15
232.42,0.89,206.41,0.00,0.00,0.00,233.25,0.23,54.84,234.85,0.22,50.79,235.52,0.20,29.51
233.37,0.89,207.26,0.00,0.00,0.00,232.79,0.23,54.58,235.32,0.22,51.02,235.37,0.20,29.19
233.22,0.88,206.00,0.00,0.00,0.00,231.74,0.23,54.16,233.11,0.22,49.91,234.79,0.20,28.97
233.53,0.88,206.14,0.00,0.00,0.00,231.65,0.23,54.09,233.94,0.22,50.36,235.02,0.20,28.73
233.47,0.88,206.17,0.00,0.00,0.00,230.47,0.23,53.52,233.66,0.22,50.23,236.02,0.20,29.15
234.10,0.89,207.55,0.00,0.00,0.00,231.74,0.23,54.17,234.38,0.22,50.29,239.69,0.20,31.37
234.29,0.89,207.49,0.00,0.00,0.00,233.27,0.23,54.94,232.75,0.22,49.87,234.09,0.20,28.83
235.20,0.89,208.67,0.00,0.00,0.00,231.41,0.23,54.06,233.59,0.22,50.25,234.16,0.20,29.08
234.05,0.88,206.66,0.00,0.00,0.00,231.22,0.23,53.96,233.32,0.22,50.21,234.41,0.20,28.52
234.88,0.88,207.87,0.00,0.00,0.00,232.85,0.23,54.90,233.89,0.22,50.39,233.67,0.20,28.21
233.04,0.89,206.30,0.00,0.00,0.00,232.52,0.23,54.60,235.15,0.22,50.66,233.67,0.20,28.29
235.29,0.88,207.53,0.00,0.00,0.00,233.10,0.23,54.92,231.57,0.21,49.27,233.79,0.20,28.31
234.18,0.89,208.71,0.00,0.00,0.00,233.87,0.23,55.20,237.41,0.22,52.01,234.25,0.20,28.82
234.65,0.89,208.20,0.00,0.00,0.00,233.76,0.23,55.15,235.02,0.22,50.85,233.71,0.20,28.68
233.94,0.89,207.37,0.00,0.00,0.00,233.59,0.23,55.01,233.84,0.22,50.36,234.07,0.20,28.68
234.37,0.89,207.95,0.00,0.00,0.00,233.61,0.23,55.22,234.31,0.22,50.56,235.07,0.20,28.79
234.07,0.88,206.86,0.00,0.00,0.00,231.87,0.23,54.22,235.30,0.22,51.01,234.86,0.20,28.86
233.08,0.89,206.79,0.00,0.00,0.00,233.80,0.23,55.17,235.25,0.22,50.99,235.55,0.20,28.70
232.05,0.89,206.41,0.00,0.00,0.00,232.08,0.23,54.32,235.61,0.22,51.21,235.10,0.20,29.35
233.34,0.89,208.05,0.00,0.00,0.00,234.62,0.23,55.52,236.36,0.22,51.50,235.18,0.20,29.27
233.90,0.89,207.36,0.00,0.00,0.00,232.84,0.23,54.53,234.53,0.22,50.61,234.64,0.20,29.14
233.37,0.89,206.59,0.00,0.00,0.00,231.93,0.23,54.29,234.72,0.22,50.72,235.76,0.20,28.92
233.05,0.88,205.84,0.00,0.00,0.00,230.18,0.23,53.17,235.08,0.22,50.87,235.63,0.20,29.08
233.14,0.89,206.77,0.00,0.00,0.00,231.48,0.23,54.01,235.26,0.22,50.95,235.73,0.20,29.14
234.24,0.88,206.34,0.00,0.00,0.00,229.47,0.23,52.94,233.46,0.22,50.16,235.70,0.20,28.96
234.85,0.88,207.69,0.00,0.00,0.00,232.73,0.23,54.58,232.22,0.22,49.70,235.64,0.20,29.03
234.42,0.88,207.23,0.00,0.00,0.00,232.33,0.23,54.37,233.72,0.22,50.32,234.31,0.20,28.67
234.24,0.89,207.41,0.00,0.00,0.00,233.68,0.23,55.08,233.17,0.22,50.03,233.70,0.20,28.48
233.56,0.89,206.77,0.00,0.00,0.00,231.89,0.23,54.39,232.86,0.22,49.94,233.54,0.20,28.60
234.05,0.89,208.19,0.00,0.00,0.00,233.54,0.23,55.10,234.74,0.22,50.69,234.16,0.20,29.05
235.07,0.89,208.64,0.00,0.00,0.00,234.48,0.23,55.52,235.07,0.22,50.88,234.44,0.20,28.49
234.36,0.89,208.10,0.00,0.00,0.00,232.54,0.23,54.59,235.79,0.22,51.20,238.52,0.20,30.32
233.77,0.89,207.68,0.00,0.00,0.00,233.60,0.23,55.07,235.58,0.22,51.04,234.91,0.20,29.19
232.87,0.88,205.58,0.00,0.00,0.00,231.32,0.23,53.89,234.01,0.22,50.52,235.08,0.20,28.78
232.89,0.89,206.73,0.00,0.00,0.00,233.70,0.23,55.01,235.31,0.22,50.98,236.14,0.20,29.13
232.08,0.89,206.03,0.00,0.00,0.00,232.87,0.23,54.59,235.72,0.22,51.14,235.02,0.20,29.08
233.25,0.89,206.73,0.00,0.00,0.00,232.42,0.23,54.46,235.31,0.22,50.96,236.58,0.20,29.48
231.57,0.89,206.29,0.00,0.00,0.00,232.76,0.23,54.65,235.25,0.22,50.99,235.30,0.21,29.69
232.78,0.89,206.65,0.00,0.00,0.00,232.56,0.23,54.43,235.35,0.22,50.97,236.80,0.20,29.89
232.70,0.88,205.68,0.00,0.00,0.00,232.05,0.23,54.38,232.84,0.22,49.89,235.02,0.20,28.95
229.17,0.88,202.63,0.00,0.00,0.00,231.53,0.23,53.87,234.05,0.22,50.51,235.09,0.20,29.05
234.19,0.88,206.68,0.00,0.00,0.00,230.61,0.23,53.53,233.79,0.22,50.37,234.76,0.20,28.89
234.71,0.88,207.68,0.00,0.00,0.00,232.65,0.23,54.52,232.46,0.21,49.69,235.34,0.20,29.24
234.26,0.89,207.40,0.00,0.00,0.00,233.51,0.23,54.82,232.04,0.21,49.56,234.95,0.20,28.81
234.14,0.88,206.96,0.00,0.00,0.00,232.67,0.23,54.48,232.33,0.21,49.62,234.13,0.20,29.05
234.09,0.88,206.93,0.00,0.00,0.00,231.96,0.23,54.34,234.76,0.22,50.67,232.46,0.20,28.20
234.45,0.88,206.91,0.00,0.00,0.00,232.00,0.23,54.34,230.24,0.21,49.10,233.97,0.20,28.55
234.36,0.89,207.56,0.00,0.00,0.00,233.31,0.23,54.90,233.46,0.22,50.15,234.29,0.20,28.69
234.16,0.89,207.97,0.00,0.00,0.00,233.85,0.23,55.10,234.51,0.22,50.67,234.65,0.20,28.90
234.04,0.89,207.69,0.00,0.00,0.00,233.21,0.23,54.91,234.15,0.22,50.41,234.41,0.20,28.94
233.31,0.88,206.23,0.00,0.00,0.00,232.07,0.23,54.21,234.95,0.22,50.89,234.99,0.20,28.71
228.59,0.89,203.04,0.00,0.00,0.00,234.45,0.23,55.28,235.35,0.22,51.02,234.76,0.20,28.90
233.58,0.89,206.80,0.00,0.00,0.00,233.20,0.23,54.89,235.81,0.22,51.10,233.79,0.20,28.55
234.26,0.89,207.87,0.00,0.00,0.00,233.11,0.23,54.81,234.87,0.22,50.71,236.10,0.20,29.29
233.18,0.88,206.04,0.00,0.00,0.00,232.14,0.23,54.28,234.20,0.22,50.49,234.31,0.20,28.84
235.04,0.88,207.55,0.00,0.00,0.00,233.57,0.23,55.02,230.83,0.21,49.05,235.26,0.20,29.01
233.55,0.88,206.38,0.00,0.00,0.00,232.33,0.23,54.32,234.50,0.22,50.52,234.17,0.20,28.61
234.20,0.88,207.16,0.00,0.00,0.00,230.86,0.23,53.73,234.80,0.22,50.74,234.23,0.20,28.84
234.17,0.89,207.29,0.00,0.00,0.00,232.28,0.23,54.45,233.45,0.22,50.21,233.52,0.20,28.51
233.97,0.88,206.58,0.00,0.00,0.00,232.82,0.23,54.47,233.17,0.22,49.99,233.90,0.20,28.36
234.70,0.88,206.80,0.00,0.00,0.00,233.24,0.23,54.78,232.77,0.22,49.92,233.77,0.20,28.05
234.87,0.89,207.88,0.00,0.00,0.00,232.56,0.23,54.47,235.21,0.22,50.99,232.05,0.20,28.05
234.35,0.89,207.65,0.00,0.00,0.00,232.34,0.23,54.56,235.83,0.22,51.11,235.20,0.20,29.03
234.89,0.89,207.92,0.00,0.00,0.00,232.57,0.23,54.53,235.13,0.22,50.92,233.78,0.20,28.70
233.36,0.89,206.80,0.00,0.00,0.00,232.84,0.23,54.71,234.93,0.22,50.96,234.90,0.20,28.53
233.50,0.89,207.06,0.00,0.00,0.00,233.52,0.23,54.90,235.70,0.22,51.13,236.03,0.20,29.18
233.29,0.89,207.31,0.00,0.00,0.00,233.48,0.23,54.88,235.04,0.22,50.91,235.44,0.20,29.27
234.33,0.89,207.62,0.00,0.00,0.00,233.64,0.23,54.81,235.25,0.22,50.94,236.34,0.20,29.30
232.95,0.88,205.78,0.00,0.00,0.00,231.75,0.23,53.92,234.71,0.22,50.78,233.78,0.20,28.66
233.42,0.89,206.70,0.00,0.00,0.00,232.90,0.23,54.51,235.00,0.22,50.86,235.98,0.20,29.18
233.58,0.88,206.27,0.00,0.00,0.00,232.67,0.23,54.38,233.42,0.22,50.13,234.74,0.20,28.77
234.72,0.89,207.81,0.00,0.00,0.00,232.39,0.23,54.33,233.45,0.22,50.20,234.71,0.20,29.07
233.96,0.88,206.43,0.00,0.00,0.00,231.54,0.23,54.02,233.15,0.22,50.13,234.47,0.20,28.54
233.32,0.89,206.79,0.00,0.00,0.00,233.64,0.23,55.05,235.18,0.22,51.02,234.89,0.20,28.48
233.98,0.89,207.53,0.00,0.00,0.00,233.14,0.23,54.64,235.93,0.22,51.27,234.84,0.20,28.73
234.24,0.89,207.72,0.00,0.00,0.00,233.86,0.23,55.13,235.08,0.22,50.84,235.85,0.20,29.21
232.67,0.89,206.28,0.00,0.00,0.00,233.70,0.23,54.92,235.25,0.22,50.93,234.92,0.20,28.90
233.94,0.89,207.15,0.00,0.00,0.00,234.13,0.23,55.15,235.69,0.22,51.24,235.62,0.20,28.52
232.67,0.89,206.01,0.00,0.00,0.00,232.09,0.23,54.30,235.83,0.22,51.16,235.33,0.20,29.00
233.43,0.89,206.85,0.00,0.00,0.00,233.46,0.23,54.69,235.16,0.22,50.87,234.66,0.20,29.20
233.13,0.89,206.94,0.00,0.00,0.00,232.96,0.23,54.57,234.95,0.22,50.84,235.79,0.20,29.24
234.45,0.89,207.77,0.00,0.00,0.00,232.48,0.23,54.40,236.73,0.22,51.57,235.73,0.20,29.01
233.23,0.89,206.53,0.00,0.00,0.00,232.45,0.23,54.40,233.55,0.22,50.19,236.49,0.20,29.37
234.30,0.89,207.78,0.00,0.00,0.00,235.62,0.23,55.72,234.08,0.22,50.41,235.48,0.20,29.00
235.56,0.88,207.66,0.00,0.00,0.00,231.80,0.23,54.01,233.99,0.22,50.40,234.68,0.20,28.28
235.29,0.89,208.43,0.00,0.00,0.00,233.43,0.23,54.87,234.43,0.22,50.55,234.47,0.20,28.76
234.80,0.89,207.82,0.00,0.00,0.00,233.15,0.23,54.80,233.74,0.22,50.24,234.05,0.20,28.62
235.51,0.88,208.20,0.00,0.00,0.00,233.18,0.23,54.74,234.14,0.22,50.46,233.96,0.20,28.36
234.68,0.88,206.65,0.00,0.00,0.00,233.87,0.23,55.06,227.47,0.21,48.04,234.93,0.20,28.10
233.53,0.89,207.47,0.00,0.00,0.00,234.88,0.24,55.71,234.93,0.22,51.00,234.75,0.20,28.47
234.21,0.89,207.50,0.00,0.00,0.00,234.34,0.23,55.31,235.06,0.22,50.93,233.69,0.20,28.50
233.96,0.89,207.32,0.00,0.00,0.00,233.11,0.23,54.61,234.78,0.22,50.82,233.80,0.20,28.68
235.23,0.89,208.68,0.00,0.00,0.00,235.49,0.24,55.94,235.00,0.22,50.82,234.33,0.20,28.55
235.64,0.88,208.50,0.00,0.00,0.00,232.71,0.23,54.42,234.47,0.22,50.78,235.88,0.20,28.64
233.47,0.89,207.23,0.00,0.00,0.00,234.39,0.23,55.21,235.26,0.22,50.85,234.99,0.20,28.96
234.45,0.89,208.15,0.00,0.00,0.00,234.15,0.23,55.12,234.70,0.22,50.73,235.82,0.20,29.10
234.32,0.88,207.34,0.00,0.00,0.00,233.09,0.23,54.61,234.91,0.22,50.76,235.35,0.20,29.01
234.95,0.89,208.18,0.00,0.00,0.00,233.34,0.23,54.84,235.58,0.22,51.12,234.94,0.20,28.72
234.34,0.88,206.85,0.00,0.00,0.00,232.46,0.23,54.36,234.03,0.22,50.43,234.47,0.20,28.55
233.84,0.89,207.27,0.00,0.00,0.00,233.66,0.23,54.89,235.22,0.22,50.86,234.81,0.20,28.71
235.23,0.89,208.27,0.00,0.00,0.00,233.35,0.23,54.80,233.57,0.22,50.26,234.52,0.20,28.75
234.85,0.89,207.97,0.00,0.00,0.00,233.15,0.23,54.71,233.21,0.22,50.00,237.95,0.20,30.61
236.18,0.89,209.38,0.00,0.00,0.00,234.01,0.23,55.20,234.43,0.22,50.44,235.36,0.20,28.70
237.88,0.89,210.55,0.00,0.00,0.00,233.94,0.23,55.15,234.69,0.22,50.67,234.64,0.20,28.53
229.62,0.88,202.86,0.00,0.00,0.00,233.79,0.23,55.14,234.41,0.22,50.50,233.08,0.20,28.19
234.95,0.88,207.79,0.00,0.00,0.00,232.81,0.23,54.49,236.36,0.22,51.28,234.27,0.20,28.39
233.90,0.88,206.76,0.00,0.00,0.00,233.81,0.23,55.09,235.57,0.22,51.13,234.80,0.20,28.53
235.03,0.89,208.25,0.00,0.00,0.00,234.85,0.24,55.68,234.14,0.22,50.61,234.63,0.20,28.67
234.82,0.89,209.10,0.00,0.00,0.00,234.85,0.23,55.44,235.83,0.22,51.12,235.03,0.20,29.32
234.22,0.89,207.53,0.00,0.00,0.00,234.56,0.23,55.41,235.82,0.22,51.28,234.96,0.20,28.62
231.97,0.89,205.33,0.00,0.00,0.00,234.75,0.23,55.32,235.93,0.22,51.36,233.49,0.20,28.65
236.86,0.89,209.69,0.00,0.00,0.00,232.14,0.23,54.06,235.94,0.22,51.31,235.60,0.20,29.07
233.21,0.89,206.66,0.00,0.00,0.00,233.92,0.23,55.02,235.91,0.22,51.19,235.34,0.20,28.98
232.61,0.88,205.58,0.00,0.00,0.00,233.01,0.23,54.49,235.35,0.22,50.93,235.76,0.20,28.88
234.24,0.88,207.26,0.00,0.00,0.00,232.15,0.23,54.20,235.31,0.22,50.95,234.58,0.20,28.84
233.95,0.89,207.22,0.00,0.00,0.00,232.28,0.23,54.21,235.42,0.22,51.07,235.73,0.20,29.03
233.00,0.89,206.97,0.00,0.00,0.00,235.42,0.23,55.72,235.91,0.22,51.28,234.48,0.20,28.76
233.01,0.89,206.63,0.00,0.00,0.00,233.71,0.23,54.80,234.93,0.22,50.81,235.64,0.20,29.01
232.99,0.89,206.67,0.00,0.00,0.00,233.05,0.23,54.60,235.48,0.22,51.07,236.07,0.20,29.25
234.13,0.88,206.16,0.00,0.00,0.00,232.99,0.23,54.50,234.11,0.22,50.38,233.85,0.20,28.38
232.96,0.89,206.53,0.00,0.00,0.00,232.72,0.23,54.43,235.65,0.22,51.03,235.21,0.20,29.11
233.46,0.88,206.37,0.00,0.00,0.00,233.33,0.23,54.67,233.51,0.22,50.30,234.30,0.20,28.59
234.75,0.89,208.14,0.00,0.00,0.00,233.72,0.23,54.95,234.98,0.22,50.81,235.62,0.20,29.07
233.93,0.88,206.42,0.00,0.00,0.00,231.25,0.23,53.84,233.76,0.22,50.32,234.18,0.20,28.63
233.94,0.88,206.20,0.00,0.00,0.00,231.57,0.23,53.83,233.55,0.22,50.26,234.94,0.20,28.84
234.78,0.88,207.28,0.00,0.00,0.00,233.39,0.23,54.87,234.31,0.22,50.43,234.22,0.20,28.32
234.73,0.88,206.88,0.00,0.00,0.00,232.79,0.23,54.53,234.05,0.22,50.47,234.73,0.20,28.13
235.10,0.89,208.32,0.00,0.00,0.00,235.96,0.24,56.44,229.24,0.21,48.68,234.00,0.20,28.56
236.39,0.88,208.97,0.00,0.00,0.00,234.20,0.23,55.31,234.97,0.22,50.85,233.71,0.20,28.11
236.32,0.89,209.30,0.00,0.00,0.00,234.84,0.23,55.53,235.59,0.22,50.97,234.43,0.20,28.34
236.03,0.89,209.91,0.00,0.00,0.00,235.34,0.24,55.77,235.67,0.22,51.18,235.04,0.20,29.00
226.26,0.89,201.16,0.00,0.00,0.00,235.49,0.24,55.84,235.73,0.22,51.24,234.04,0.20,28.43
234.01,0.89,207.40,0.00,0.00,0.00,235.39,0.23,55.56,236.15,0.22,51.39,235.55,0.20,28.64
234.05,0.89,207.90,0.00,0.00,0.00,235.62,0.24,55.92,235.29,0.22,50.91,235.75,0.20,28.98
234.22,0.89,207.95,0.00,0.00,0.00,234.55,0.23,55.36,234.94,0.22,50.88,236.34,0.20,29.35
233.22,0.89,206.59,0.00,0.00,0.00,233.56,0.23,54.91,235.77,0.22,51.15,235.13,0.20,28.73
233.08,0.89,206.74,0.00,0.00,0.00,233.51,0.23,54.65,235.92,0.22,51.24,235.62,0.20,29.18
233.10,0.89,207.10,0.00,0.00,0.00,232.66,0.23,54.34,235.41,0.22,51.20,235.64,0.20,29.44
232.99,0.89,207.28,0.00,0.00,0.00,234.31,0.23,55.16,236.03,0.22,51.28,235.61,0.20,29.35
233.21,0.88,206.04,0.00,0.00,0.00,233.01,0.23,54.46,234.96,0.22,50.78,235.43,0.20,28.82
233.64,0.88,206.36,0.00,0.00,0.00,231.78,0.23,54.02,235.32,0.22,51.00,234.66,0.20,28.46
234.14,0.89,207.50,0.00,0.00,0.00,233.44,0.23,54.66,235.83,0.22,51.18,235.60,0.20,29.19
233.33,0.89,206.54,0.00,0.00,0.00,233.58,0.23,54.71,234.93,0.22,50.80,235.21,0.20,28.74
232.94,0.89,207.87,0.00,0.00,0.00,233.00,0.23,54.65,239.49,0.22,53.27,237.29,0.20,29.33
231.94,0.88,204.46,0.00,0.00,0.00,231.82,0.23,53.88,234.93,0.22,50.76,235.42,0.20,28.59
234.24,0.89,207.71,0.00,0.00,0.00,232.93,0.23,54.46,235.21,0.22,50.86,238.41,0.20,30.54
234.24,0.89,207.35,0.00,0.00,0.00,234.32,0.23,55.31,232.85,0.22,49.94,237.91,0.20,30.05
234.22,0.89,207.38,0.00,0.00,0.00,233.04,0.23,54.45,235.39,0.22,50.89,234.67,0.20,28.91
234.24,0.88,206.76,0.00,0.00,0.00,233.69,0.23,54.86,234.30,0.22,50.49,231.08,0.20,27.84
235.03,0.88,207.49,0.00,0.00,0.00,232.73,0.23,54.35,233.96,0.22,50.42,234.74,0.20,28.70
234.95,0.88,207.58,0.00,0.00,0.00,234.44,0.23,55.12,233.10,0.22,50.02,235.30,0.20,28.89
234.73,0.89,208.31,0.00,0.00,0.00,233.86,0.23,54.96,233.81,0.22,50.47,235.37,0.20,28.96
234.83,0.88,207.75,0.00,0.00,0.00,233.70,0.23,54.91,234.85,0.22,50.93,234.97,0.20,28.55
233.78,0.89,207.37,0.00,0.00,0.00,234.31,0.23,55.27,235.76,0.22,51.36,234.61,0.20,28.42
235.00,0.89,208.75,0.00,0.00,0.00,235.32,0.23,55.46,235.71,0.22,51.24,235.83,0.20,29.09
234.53,0.89,207.60,0.00,0.00,0.00,233.72,0.23,54.88,236.03,0.22,51.30,234.85,0.20,28.55
232.42,0.89,206.67,0.00,0.00,0.00,235.97,0.24,56.04,234.89,0.22,50.93,234.63,0.20,28.83
234.14,0.89,207.53,0.00,0.00,0.00,234.36,0.23,54.99,236.04,0.22,51.39,235.33,0.20,28.72
232.97,0.89,206.24,0.00,0.00,0.00,234.19,0.23,55.05,234.89,0.22,50.87,235.33,0.20,28.78
233.40,0.89,208.17,0.00,0.00,0.00,234.53,0.23,55.21,236.28,0.22,51.34,241.18,0.21,31.14
232.66,0.89,207.31,0.00,0.00,0.00,232.63,0.23,54.41,238.46,0.22,52.64,235.75,0.20,29.16
236.01,0.89,209.46,0.00,0.00,0.00,234.47,0.23,55.42,236.33,0.22,51.36,234.07,0.20,28.36
235.20,0.89,208.50,0.00,0.00,0.00,234.04,0.23,55.11,235.68,0.22,51.22,234.85,0.20,28.54
234.51,0.89,208.01,0.00,0.00,0.00,234.14,0.23,55.21,235.48,0.22,51.18,234.95,0.20,28.69
235.51,0.89,209.26,0.00,0.00,0.00,235.00,0.23,55.58,235.64,0.22,51.11,235.94,0.20,28.85
233.72,0.89,208.40,0.00,0.00,0.00,235.01,0.23,55.50,238.16,0.22,52.60,234.55,0.20,28.51
234.60,0.89,208.33,0.00,0.00,0.00,235.25,0.23,55.73,235.39,0.22,51.09,234.60,0.20,28.70
234.73,0.89,208.17,0.00,0.00,0.00,234.97,0.23,55.51,235.74,0.22,51.23,233.96,0.20,28.34
235.52,0.88,208.33,0.00,0.00,0.00,233.29,0.23,54.60,235.53,0.22,50.99,235.66,0.20,28.53
235.35,0.88,208.20,0.00,0.00,0.00,234.52,0.23,55.41,235.02,0.22,50.85,234.05,0.20,28.41
236.72,0.88,209.35,0.00,0.00,0.00,235.46,0.23,55.80,234.66,0.22,50.80,231.09,0.20,26.88
235.35,0.89,208.76,0.00,0.00,0.00,233.69,0.23,55.03,235.78,0.22,51.22,235.00,0.20,28.44
234.60,0.89,208.48,0.00,0.00,0.00,236.91,0.24,56.33,235.93,0.22,51.34,234.45,0.20,28.53
232.61,0.89,206.38,0.00,0.00,0.00,233.37,0.23,54.67,234.90,0.22,50.70,235.61,0.20,29.34
234.19,0.88,207.00,0.00,0.00,0.00,233.96,0.23,55.00,234.60,0.22,50.77,235.16,0.20,28.23
233.57,0.89,206.98,0.00,0.00,0.00,234.83,0.23,55.35,235.18,0.22,50.83,235.74,0.20,29.28
233.95,0.89,207.58,0.00,0.00,0.00,234.10,0.23,54.90,236.15,0.22,51.23,235.94,0.20,29.28
232.99,0.89,206.30,0.00,0.00,0.00,233.41,0.23,54.65,236.09,0.22,51.29,235.13,0.20,28.68
233.23,0.88,206.14,0.00,0.00,0.00,232.98,0.23,54.56,234.00,0.22,50.44,235.04,0.20,28.87
233.22,0.88,204.08,0.00,0.00,0.00,230.27,0.23,53.23,234.15,0.22,50.45,231.05,0.19,27.58
234.63,0.88,207.24,0.00,0.00,0.00,233.85,0.23,54.82,234.74,0.22,50.73,235.19,0.20,28.68
233.97,0.88,206.86,0.00,0.00,0.00,233.08,0.23,54.56,233.95,0.22,50.46,235.65,0.20,28.96
233.11,0.89,206.40,0.00,0.00,0.00,233.07,0.23,54.50,235.12,0.22,50.96,236.11,0.20,29.24
234.49,0.88,206.23,0.00,0.00,0.00,233.23,0.23,54.68,228.80,0.21,48.48,235.40,0.20,28.48
234.33,0.88,206.82,0.00,0.00,0.00,231.02,0.23,53.75,234.25,0.22,50.47,234.36,0.20,28.52
234.09,0.88,206.73,0.00,0.00,0.00,233.56,0.23,54.75,234.02,0.22,50.33,234.88,0.20,28.67
233.85,0.88,206.93,0.00,0.00,0.00,233.23,0.23,54.57,234.86,0.22,50.79,235.38,0.20,28.83
234.22,0.89,207.84,0.00,0.00,0.00,235.17,0.23,55.58,233.60,0.22,50.33,235.01,0.20,28.90
235.23,0.89,208.30,0.00,0.00,0.00,234.48,0.23,55.25,234.11,0.22,50.39,235.03,0.20,28.60
234.17,0.89,209.03,0.00,0.00,0.00,233.70,0.23,54.93,241.24,0.22,53.83,233.98,0.20,28.78
235.83,0.88,208.56,0.00,0.00,0.00,234.16,0.23,55.01,234.26,0.22,50.45,234.87,0.20,28.90
234.45,0.89,207.79,0.00,0.00,0.00,232.32,0.23,54.20,237.14,0.22,51.82,237.09,0.20,28.83
233.00,0.89,206.79,0.00,0.00,0.00,236.07,0.23,55.99,236.06,0.22,51.39,234.42,0.20,28.27
233.28,0.89,206.52,0.00,0.00,0.00,234.53,0.23,55.27,235.70,0.22,51.18,234.64,0.20,28.56
233.20,0.89,207.09,0.00,0.00,0.00,234.18,0.23,55.14,235.96,0.22,51.26,235.60,0.20,28.99
234.17,0.89,207.93,0.00,0.00,0.00,232.81,0.23,54.47,236.38,0.22,51.49,235.50,0.20,29.27
233.52,0.89,206.73,0.00,0.00,0.00,235.06,0.23,55.57,235.73,0.22,51.02,233.58,0.20,28.09
235.39,0.88,207.63,0.00,0.00,0.00,233.63,0.23,54.97,233.59,0.22,50.26,234.22,0.20,28.26
235.13,0.89,208.40,0.00,0.00,0.00,235.24,0.23,55.58,236.51,0.22,51.50,233.30,0.20,28.25
234.99,0.89,208.69,0.00,0.00,0.00,236.20,0.24,56.07,234.37,0.22,50.55,234.53,0.20,28.71
234.59,0.89,207.75,0.00,0.00,0.00,233.78,0.23,54.89,234.96,0.22,50.81,235.93,0.20,28.94
233.91,0.88,206.68,0.00,0.00,0.00,233.57,0.23,54.92,233.79,0.22,50.32,234.95,0.20,28.56
233.90,0.88,206.67,0.00,0.00,0.00,233.53,0.23,54.76,234.03,0.22,50.41,234.47,0.20,28.59
234.71,0.88,207.45,0.00,0.00,0.00,232.76,0.23,54.38,234.59,0.22,50.63,236.06,0.20,29.09
234.71,0.89,207.84,0.00,0.00,0.00,234.42,0.23,55.21,235.57,0.22,51.09,235.49,0.20,28.76
233.06,0.88,205.84,0.00,0.00,0.00,232.94,0.23,54.49,233.61,0.22,50.25,234.45,0.20,28.64
235.64,0.88,208.21,0.00,0.00,0.00,232.88,0.23,54.45,234.78,0.22,50.79,235.64,0.20,28.81
233.15,0.88,206.31,0.00,0.00,0.00,233.93,0.23,54.92,235.64,0.22,51.13,235.07,0.20,28.61
233.67,0.89,207.18,0.00,0.00,0.00,234.81,0.23,55.35,235.86,0.22,51.14,235.88,0.20,28.99
232.79,0.89,206.04,0.00,0.00,0.00,233.17,0.23,54.51,235.97,0.22,51.22,235.95,0.20,28.82
233.81,0.88,206.65,0.00,0.00,0.00,232.88,0.23,54.47,235.52,0.22,50.97,236.38,0.20,29.04
234.94,0.88,207.03,0.00,0.00,0.00,233.63,0.23,54.70,232.15,0.22,49.66,235.15,0.20,28.66
234.15,0.88,206.89,0.00,0.00,0.00,233.54,0.23,54.72,234.02,0.22,50.37,235.31,0.20,28.86
234.16,0.88,206.90,0.00,0.00,0.00,234.98,0.23,55.34,233.74,0.22,50.28,235.59,0.20,28.81
233.48,0.89,206.69,0.00,0.00,0.00,233.82,0.23,54.81,237.26,0.22,51.87,234.29,0.20,28.18
234.56,0.88,207.44,0.00,0.00,0.00,233.18,0.23,54.57,235.70,0.22,50.97,234.71,0.20,28.44
235.30,0.89,209.43,0.00,0.00,0.00,235.60,0.23,55.82,235.68,0.22,51.11,235.66,0.20,29.25
235.07,0.88,207.92,0.00,0.00,0.00,233.94,0.23,55.13,234.48,0.22,50.57,234.52,0.20,28.32
234.68,0.88,207.31,0.00,0.00,0.00,234.36,0.23,55.10,234.22,0.22,50.54,233.96,0.20,28.28
236.15,0.89,209.76,0.00,0.00,0.00,236.22,0.24,56.09,236.51,0.22,51.55,234.62,0.20,28.52
233.49,0.89,206.83,0.00,0.00,0.00,235.19,0.23,55.62,235.01,0.22,50.91,236.27,0.20,28.75
233.89,0.89,207.68,0.00,0.00,0.00,235.32,0.23,55.67,235.55,0.22,51.10,235.49,0.20,28.64
233.48,0.88,206.58,0.00,0.00,0.00,234.07,0.23,55.05,235.44,0.22,51.01,234.06,0.20,28.60
233.90,0.88,206.32,0.00,0.00,0.00,233.38,0.23,54.86,233.50,0.22,50.20,234.32,0.20,28.64
235.24,0.88,207.67,0.00,0.00,0.00,233.97,0.23,54.95,233.01,0.22,49.92,235.78,0.20,28.66
235.56,0.88,207.79,0.00,0.00,0.00,233.92,0.23,54.99,233.13,0.22,50.06,233.75,0.20,28.40
235.39,0.88,208.15,0.00,0.00,0.00,234.56,0.23,55.13,234.90,0.22,50.80,234.36,0.20,28.23
235.45,0.89,209.02,0.00,0.00,0.00,234.79,0.23,55.43,235.82,0.22,51.21,234.31,0.20,28.47
234.06,0.89,207.33,0.00,0.00,0.00,234.63,0.23,55.42,236.31,0.22,51.47,234.35,0.20,28.29
233.62,0.89,208.35,0.00,0.00,0.00,234.83,0.23,55.43,238.56,0.22,52.52,235.17,0.20,28.98
234.52,0.89,208.26,0.00,0.00,0.00,235.50,0.23,55.64,235.96,0.22,51.44,236.45,0.20,28.99
234.09,0.89,207.60,0.00,0.00,0.00,233.80,0.23,54.75,236.41,0.22,51.36,235.93,0.20,29.00
233.48,0.88,206.47,0.00,0.00,0.00,233.55,0.23,54.74,234.56,0.22,50.70,236.27,0.20,28.73
234.16,0.89,207.36,0.00,0.00,0.00,233.44,0.23,54.74,234.79,0.22,50.75,235.60,0.20,28.94
235.45,0.88,208.15,0.00,0.00,0.00,233.92,0.23,54.88,233.95,0.22,50.39,235.23,0.20,28.73
234.33,0.89,207.50,0.00,0.00,0.00,234.98,0.23,55.29,233.57,0.22,50.26,234.70,0.20,28.62
234.35,0.89,207.42,0.00,0.00,0.00,235.13,0.23,55.29,234.13,0.22,50.59,235.93,0.20,28.96
236.35,0.88,208.86,0.00,0.00,0.00,233.79,0.23,54.90,235.99,0.22,51.28,235.18,0.20,28.77
231.82,0.89,205.49,0.00,0.00,0.00,235.29,0.23,55.66,235.99,0.22,51.46,236.59,0.20,28.73
233.33,0.88,206.45,0.00,0.00,0.00,234.86,0.23,55.28,233.61,0.22,50.06,236.52,0.20,29.61
234.33,0.89,208.41,0.00,0.00,0.00,234.52,0.23,55.23,235.84,0.22,51.25,235.88,0.20,29.31
232.67,0.89,206.01,0.00,0.00,0.00,234.70,0.23,55.12,235.10,0.22,50.96,234.78,0.20,28.63
234.10,0.88,206.71,0.00,0.00,0.00,233.79,0.23,54.74,234.29,0.22,50.48,235.61,0.20,28.98
233.40,0.89,206.90,0.00,0.00,0.00,236.31,0.23,55.84,234.72,0.22,50.69,236.04,0.20,28.96
234.19,0.88,206.56,0.00,0.00,0.00,233.82,0.23,54.79,233.05,0.22,50.00,235.75,0.20,28.74
236.34,0.88,208.18,0.00,0.00,0.00,233.68,0.23,54.69,233.84,0.22,50.40,234.06,0.20,28.34
233.19,0.89,206.39,0.00,0.00,0.00,233.85,0.23,54.85,234.72,0.22,50.61,235.66,0.20,29.09
234.55,0.88,207.22,0.00,0.00,0.00,232.98,0.23,54.43,234.20,0.22,50.47,234.52,0.20,28.58
234.94,0.89,208.13,0.00,0.00,0.00,234.78,0.23,55.31,234.07,0.22,50.41,234.47,0.20,28.50
235.17,0.89,208.58,0.00,0.00,0.00,235.69,0.23,55.81,234.38,0.22,50.50,234.34,0.20,28.47
234.98,0.88,207.05,0.00,0.00,0.00,233.95,0.23,54.94,232.51,0.22,49.78,233.38,0.20,28.30
235.47,0.88,208.20,0.00,0.00,0.00,235.35,0.23,55.78,233.53,0.22,50.12,234.56,0.20,28.28
235.36,0.89,208.85,0.00,0.00,0.00,233.48,0.23,54.77,234.12,0.22,50.71,237.22,0.20,29.58
233.63,0.88,205.92,0.00,0.00,0.00,233.67,0.23,54.82,232.73,0.22,49.98,233.64,0.20,28.56
233.65,0.88,206.73,0.00,0.00,0.00,232.07,0.23,54.12,234.73,0.22,50.98,234.82,0.20,28.55
233.61,0.88,206.33,0.00,0.00,0.00,232.93,0.23,54.49,234.00,0.22,50.33,235.31,0.20,28.63
235.55,0.88,208.28,0.00,0.00,0.00,232.92,0.23,54.47,234.73,0.22,50.71,234.73,0.20,28.48
234.85,0.88,207.58,0.00,0.00,0.00,234.76,0.23,55.48,235.38,0.22,50.90,233.41,0.20,27.85
234.76,0.88,207.72,0.00,0.00,0.00,234.07,0.23,54.92,233.69,0.22,50.32,235.03,0.20,28.55
235.14,0.88,207.98,0.00,0.00,0.00,233.36,0.23,54.69,234.98,0.22,50.84,235.38,0.20,28.54
233.28,0.89,207.04,0.00,0.00,0.00,233.43,0.23,54.84,235.58,0.22,51.15,236.96,0.20,29.15
233.71,0.89,207.22,0.00,0.00,0.00,233.99,0.23,54.95,233.96,0.22,50.41,236.30,0.20,29.28
234.72,0.89,208.14,0.00,0.00,0.00,234.77,0.23,55.33,235.40,0.22,50.94,235.93,0.20,29.12
234.98,0.88,207.86,0.00,0.00,0.00,233.87,0.23,54.86,234.65,0.22,50.61,236.35,0.20,28.92
233.24,0.89,206.87,0.00,0.00,0.00,234.67,0.23,55.27,234.67,0.22,50.70,234.42,0.20,28.75
235.17,0.89,208.29,0.00,0.00,0.00,232.68,0.23,54.36,235.40,0.22,51.21,235.55,0.20,28.88
233.59,0.89,207.32,0.00,0.00,0.00,233.95,0.23,55.01,235.48,0.22,51.19,236.66,0.20,29.42
233.88,0.89,207.89,0.00,0.00,0.00,236.05,0.24,56.06,235.86,0.22,51.11,235.32,0.20,28.75
235.06,0.89,208.40,0.00,0.00,0.00,234.47,0.23,55.18,235.90,0.22,51.21,235.09,0.20,28.74
233.58,0.89,207.54,0.00,0.00,0.00,235.51,0.23,55.57,235.95,0.22,51.15,235.78,0.20,29.19
234.58,0.89,207.73,0.00,0.00,0.00,234.88,0.23,55.34,234.81,0.22,50.77,235.61,0.20,28.93
234.53,0.88,206.78,0.00,0.00,0.00,233.95,0.23,55.02,234.17,0.22,50.32,234.12,0.20,28.21
234.94,0.88,206.94,0.00,0.00,0.00,232.62,0.23,54.31,234.61,0.22,50.69,234.43,0.20,27.97
236.16,0.88,208.88,0.00,0.00,0.00,235.38,0.23,55.60,235.13,0.22,50.80,234.36,0.20,28.40
234.51,0.89,207.69,0.00,0.00,0.00,235.47,0.23,55.74,235.87,0.22,51.16,234.21,0.20,28.01
234.70,0.89,208.67,0.00,0.00,0.00,237.68,0.24,57.09,235.97,0.22,51.25,234.72,0.20,28.07
234.72,0.89,208.74,0.00,0.00,0.00,235.77,0.23,55.83,236.18,0.22,51.32,234.99,0.20,28.84
234.38,0.89,208.38,0.00,0.00,0.00,237.23,0.24,56.35,235.65,0.22,51.11,235.13,0.20,28.76
229.74,0.89,203.51,0.00,0.00,0.00,234.96,0.23,55.46,235.70,0.22,51.16,234.79,0.20,28.48
232.88,0.89,207.42,0.00,0.00,0.00,236.89,0.24,56.53,235.69,0.22,51.18,236.00,0.20,29.18
233.16,0.89,206.65,0.00,0.00,0.00,234.01,0.23,54.92,235.60,0.22,51.02,234.61,0.20,28.67
233.95,0.89,207.30,0.00,0.00,0.00,234.05,0.23,54.86,234.45,0.22,50.54,235.70,0.20,29.06
234.85,0.88,207.07,0.00,0.00,0.00,233.93,0.23,54.90,233.61,0.21,50.02,235.72,0.20,28.72
235.35,0.89,208.91,0.00,0.00,0.00,236.74,0.24,56.44,235.21,0.22,51.11,235.00,0.20,28.53
235.96,0.89,209.50,0.00,0.00,0.00,236.58,0.24,56.28,235.76,0.22,51.11,235.54,0.20,28.59
233.95,0.88,206.09,0.00,0.00,0.00,233.77,0.23,54.78,232.72,0.22,49.87,234.43,0.20,28.42
233.92,0.88,206.44,0.00,0.00,0.00,233.24,0.23,54.53,233.54,0.22,50.23,235.87,0.20,28.98
235.67,0.88,208.05,0.00,0.00,0.00,233.07,0.23,54.50,233.52,0.22,50.29,235.52,0.20,28.71
234.77,0.88,207.27,0.00,0.00,0.00,233.89,0.23,54.81,234.25,0.22,50.47,234.40,0.20,28.21
235.87,0.89,208.86,0.00,0.00,0.00,234.12,0.23,54.95,235.78,0.22,51.05,234.86,0.20,28.79
236.29,0.88,209.02,0.00,0.00,0.00,234.75,0.23,55.32,234.37,0.22,50.40,234.34,0.20,28.58
234.72,0.89,208.38,0.00,0.00,0.00,235.24,0.23,55.55,234.87,0.22,50.63,236.32,0.20,29.16
234.50,0.88,206.92,0.00,0.00,0.00,234.31,0.23,55.08,234.40,0.22,50.44,234.23,0.20,28.30
235.81,0.89,208.87,0.00,0.00,0.00,235.58,0.23,55.79,235.74,0.22,51.07,234.32,0.20,28.32
234.59,0.89,207.87,0.00,0.00,0.00,235.53,0.23,55.78,235.23,0.22,50.87,234.82,0.20,28.13
234.21,0.88,207.08,0.00,0.00,0.00,234.59,0.23,55.29,234.90,0.22,50.70,234.60,0.20,28.50
234.00,0.89,207.67,0.00,0.00,0.00,235.53,0.23,55.66,236.07,0.22,51.23,235.94,0.20,28.77
234.60,0.89,207.94,0.00,0.00,0.00,234.71,0.23,55.12,235.55,0.22,51.15,236.20,0.20,28.98
234.44,0.89,207.81,0.00,0.00,0.00,234.21,0.23,54.90,235.99,0.22,51.20,236.36,0.20,29.28
235.34,0.88,207.72,0.00,0.00,0.00,234.12,0.23,54.84,233.89,0.22,50.35,235.96,0.20,28.82
234.52,0.89,207.94,0.00,0.00,0.00,234.82,0.23,55.36,234.34,0.22,50.46,235.00,0.20,28.88
237.54,0.88,210.11,0.00,0.00,0.00,234.70,0.23,55.22,234.37,0.22,50.46,235.20,0.20,28.74
234.59,0.89,207.80,0.00,0.00,0.00,233.86,0.23,54.89,234.54,0.22,50.76,234.89,0.20,28.51
235.57,0.88,208.44,0.00,0.00,0.00,234.24,0.23,55.18,235.58,0.22,51.21,235.04,0.20,28.24
234.14,0.89,208.02,0.00,0.00,0.00,235.63,0.23,55.83,235.79,0.22,51.27,234.23,0.20,28.48
233.72,0.89,207.44,0.00,0.00,0.00,235.27,0.23,55.64,237.36,0.22,51.74,235.94,0.20,28.59
233.77,0.89,207.37,0.00,0.00,0.00,235.28,0.23,55.54,235.17,0.22,50.87,235.41,0.20,28.64
234.47,0.89,208.70,0.00,0.00,0.00,235.96,0.23,55.86,237.34,0.22,51.81,235.97,0.20,29.00
233.07,0.89,206.83,0.00,0.00,0.00,235.23,0.23,55.44,234.67,0.22,50.75,235.67,0.20,29.04
233.11,0.88,205.91,0.00,0.00,0.00,233.47,0.23,54.63,234.51,0.22,50.52,236.82,0.20,29.25
233.96,0.89,207.18,0.00,0.00,0.00,234.24,0.23,54.84,234.31,0.22,50.53,235.99,0.20,29.41
239.84,0.89,212.34,0.00,0.00,0.00,235.15,0.23,55.41,236.14,0.22,51.40,235.35,0.20,28.37
234.51,0.89,208.05,0.00,0.00,0.00,236.07,0.24,56.09,234.88,0.22,50.96,235.33,0.20,28.57
233.44,0.89,206.67,0.00,0.00,0.00,235.14,0.23,55.41,235.94,0.22,51.21,234.31,0.20,28.48
234.32,0.88,207.36,0.00,0.00,0.00,233.06,0.23,54.45,235.34,0.22,51.13,235.83,0.20,28.92
233.88,0.89,207.24,0.00,0.00,0.00,235.06,0.23,55.34,235.81,0.22,51.23,236.01,0.20,28.75
234.08,0.89,207.91,0.00,0.00,0.00,235.43,0.23,55.70,235.58,0.22,51.01,235.65,0.20,29.12
234.43,0.89,207.60,0.00,0.00,0.00,234.22,0.23,54.94,235.69,0.22,51.09,236.03,0.20,28.99
233.81,0.89,207.05,0.00,0.00,0.00,234.95,0.23,55.23,234.51,0.22,50.49,234.92,0.20,29.26
233.26,0.88,206.32,0.00,0.00,0.00,233.86,0.23,54.93,235.83,0.22,51.18,234.07,0.20,28.40
235.94,0.88,208.65,0.00,0.00,0.00,234.94,0.23,55.59,235.47,0.22,51.00,234.97,0.20,28.45
232.00,0.89,205.62,0.00,0.00,0.00,233.64,0.23,54.81,236.39,0.22,51.52,236.65,0.20,29.02
234.88,0.88,207.51,0.00,0.00,0.00,233.71,0.23,54.91,233.85,0.22,50.39,234.01,0.20,28.47
233.77,0.88,206.46,0.00,0.00,0.00,235.38,0.24,55.94,230.96,0.21,49.02,234.42,0.20,28.38
235.53,0.88,207.37,0.00,0.00,0.00,233.14,0.23,54.58,234.02,0.22,50.29,232.92,0.20,27.53
235.09,0.89,208.08,0.00,0.00,0.00,235.51,0.23,55.57,234.55,0.22,50.57,234.12,0.20,28.36
234.52,0.88,207.40,0.00,0.00,0.00,234.78,0.23,55.28,233.91,0.22,50.39,234.48,0.20,28.44
234.83,0.88,207.52,0.00,0.00,0.00,234.38,0.23,55.07,233.04,0.21,49.85,235.85,0.20,28.92
236.51,0.89,209.76,0.00,0.00,0.00,235.53,0.23,55.73,235.46,0.22,50.93,235.58,0.20,28.53
235.00,0.89,208.03,0.00,0.00,0.00,233.68,0.23,54.87,235.41,0.22,51.06,234.22,0.20,28.81
233.72,0.88,206.60,0.00,0.00,0.00,233.49,0.23,54.80,234.26,0.22,50.54,235.90,0.20,28.64
234.36,0.89,207.48,0.00,0.00,0.00,235.06,0.23,55.38,233.53,0.22,50.14,234.54,0.20,28.55
234.38,0.89,208.05,0.00,0.00,0.00,235.41,0.23,55.59,235.53,0.22,50.97,234.50,0.20,28.81
234.99,0.88,207.56,0.00,0.00,0.00,235.18,0.23,55.55,234.92,0.22,50.61,232.79,0.20,28.23
234.56,0.89,208.60,0.00,0.00,0.00,234.37,0.23,55.11,235.43,0.22,51.02,236.38,0.20,29.55
233.50,0.88,206.24,0.00,0.00,0.00,235.88,0.23,55.85,233.02,0.21,49.94,235.91,0.20,28.62
235.38,0.88,208.17,0.00,0.00,0.00,234.11,0.23,54.91,233.63,0.22,50.22,234.62,0.20,28.64
234.74,0.88,207.56,0.00,0.00,0.00,234.59,0.23,55.18,233.84,0.22,50.17,234.89,0.20,28.74
234.24,0.88,206.51,0.00,0.00,0.00,235.95,0.23,55.82,232.30,0.21,49.63,233.88,0.20,28.13
234.29,0.88,207.29,0.00,0.00,0.00,235.45,0.23,55.79,234.92,0.22,50.72,233.74,0.20,28.11
234.88,0.89,208.24,0.00,0.00,0.00,235.51,0.23,55.60,236.31,0.22,51.35,234.77,0.20,28.52
237.35,0.89,210.27,0.00,0.00,0.00,235.32,0.23,55.50,235.13,0.22,50.76,235.45,0.20,28.94
233.50,0.89,206.83,0.00,0.00,0.00,234.59,0.23,55.23,235.95,0.22,51.17,235.33,0.20,28.50
234.55,0.89,208.02,0.00,0.00,0.00,235.82,0.23,55.70,235.83,0.22,51.18,235.01,0.20,28.66
234.09,0.89,208.12,0.00,0.00,0.00,235.75,0.23,55.67,235.46,0.22,50.99,235.77,0.20,29.13
234.39,0.89,207.48,0.00,0.00,0.00,235.00,0.23,55.46,234.52,0.22,50.70,234.55,0.20,28.33
232.40,0.89,206.14,0.00,0.00,0.00,233.48,0.23,54.73,235.19,0.22,51.01,236.08,0.20,29.03
233.73,0.89,207.06,0.00,0.00,0.00,234.41,0.23,54.97,233.97,0.22,50.16,235.95,0.20,29.50
235.55,0.88,208.16,0.00,0.00,0.00,233.58,0.23,54.69,233.78,0.22,50.20,236.41,0.20,29.20
234.57,0.89,208.22,0.00,0.00,0.00,235.34,0.23,55.61,234.09,0.22,50.34,236.27,0.20,29.36
233.86,0.89,207.02,0.00,0.00,0.00,235.41,0.23,55.53,234.65,0.22,50.60,234.93,0.20,28.83
234.45,0.88,207.16,0.00,0.00,0.00,234.93,0.23,55.33,234.37,0.22,50.42,234.05,0.20,28.03
235.42,0.88,208.33,0.00,0.00,0.00,235.68,0.23,55.68,235.30,0.22,50.86,233.03,0.20,28.27
233.89,0.88,206.77,0.00,0.00,0.00,233.04,0.23,54.51,235.91,0.22,51.06,235.87,0.20,28.69
234.06,0.88,206.61,0.00,0.00,0.00,234.65,0.23,55.27,234.46,0.22,50.75,234.56,0.20,28.43
232.85,0.89,206.37,0.00,0.00,0.00,235.12,0.23,55.31,234.92,0.22,50.81,234.76,0.20,28.99
233.15,0.89,206.93,0.00,0.00,0.00,235.32,0.23,55.60,234.15,0.22,50.32,236.81,0.20,29.38
233.33,0.88,206.07,0.00,0.00,0.00,234.08,0.23,55.03,236.25,0.22,51.38,234.17,0.20,28.19
234.70,0.89,208.71,0.00,0.00,0.00,233.12,0.23,54.61,235.69,0.22,51.18,236.77,0.20,29.62
233.95,0.89,207.42,0.00,0.00,0.00,235.25,0.23,55.43,235.68,0.22,51.00,234.55,0.20,28.79
232.83,0.89,206.48,0.00,0.00,0.00,234.92,0.23,55.22,235.40,0.22,50.97,235.31,0.20,28.86
233.45,0.89,206.71,0.00,0.00,0.00,235.13,0.23,55.29,234.24,0.22,50.42,235.61,0.20,28.89
234.39,0.88,207.21,0.00,0.00,0.00,233.96,0.23,55.02,234.70,0.22,50.61,234.21,0.20,28.41
235.02,0.89,208.40,0.00,0.00,0.00,234.58,0.23,55.35,235.42,0.22,50.98,235.02,0.20,28.83
233.62,0.89,207.45,0.00,0.00,0.00,234.59,0.23,55.25,235.39,0.22,51.06,236.32,0.20,29.37
233.35,0.88,205.80,0.00,0.00,0.00,233.04,0.23,54.59,233.75,0.22,50.24,235.08,0.20,28.62
233.45,0.89,207.04,0.00,0.00,0.00,232.98,0.23,54.43,235.54,0.22,50.85,237.11,0.20,29.47
233.28,0.88,206.18,0.00,0.00,0.00,232.56,0.23,54.30,235.64,0.22,51.15,236.06,0.20,28.97
234.73,0.88,206.65,0.00,0.00,0.00,230.88,0.23,53.39,233.81,0.22,50.23,236.05,0.20,29.01
234.26,0.89,207.68,0.00,0.00,0.00,234.07,0.23,54.77,234.20,0.22,50.34,236.88,0.20,29.88
235.04,0.89,208.07,0.00,0.00,0.00,233.58,0.23,54.77,235.63,0.22,50.99,235.30,0.20,28.70
233.43,0.88,206.54,0.00,0.00,0.00,233.83,0.23,54.91,234.16,0.22,50.19,234.38,0.20,28.98
234.49,0.88,207.17,0.00,0.00,0.00,226.72,0.23,52.88,234.24,0.22,50.36,235.33,0.20,28.98
236.03,0.77,181.06,0.00,0.00,0.00,0.00,0.11,0.00,236.69,0.22,51.37,234.48,0.20,28.56
234.53,0.65,153.00,0.00,0.00,0.00,0.00,0.00,0.00,235.22,0.22,50.74,234.07,0.20,28.81
236.23,0.65,154.51,0.00,0.00,0.00,0.00,0.00,0.00,235.83,0.22,51.11,235.69,0.20,28.93
234.85,0.65,152.88,0.00,0.00,0.00,0.00,0.00,0.00,233.17,0.21,49.83,234.45,0.20,28.61
235.86,0.65,154.02,0.00,0.00,0.00,0.00,0.00,0.00,235.30,0.22,50.88,235.63,0.20,28.96
237.29,0.65,154.89,0.00,0.00,0.00,0.00,0.00,0.00,236.39,0.22,51.28,235.57,0.20,28.44
234.51,0.65,152.97,0.00,0.00,0.00,0.00,0.00,0.00,232.90,0.22,49.85,234.31,0.20,28.70
235.55,0.88,206.54,234.69,0.22,51.40,0.00,0.00,0.00,235.54,0.22,51.18,236.44,0.20,29.25
230.37,0.87,201.09,237.26,0.22,52.69,0.00,0.00,0.00,233.79,0.22,50.23,233.93,0.20,28.07
234.60,0.88,205.75,235.17,0.22,51.68,0.00,0.00,0.00,237.13,0.22,51.60,234.68,0.20,28.83
233.89,0.87,204.18,235.33,0.22,51.64,0.00,0.00,0.00,234.79,0.22,50.48,234.27,0.20,28.51
235.32,0.87,205.79,235.90,0.22,51.83,0.00,0.00,0.00,235.80,0.22,51.06,234.75,0.20,28.55
234.59,0.87,204.15,235.16,0.22,51.52,0.00,0.00,0.00,231.68,0.21,49.27,235.41,0.20,28.55
234.78,0.88,205.84,235.95,0.22,52.15,0.00,0.00,0.00,234.73,0.22,50.75,235.54,0.20,28.96
232.77,0.87,201.88,235.54,0.22,51.62,0.00,0.00,0.00,230.40,0.21,49.06,234.11,0.20,27.84
235.39,0.88,206.10,236.60,0.22,52.44,0.00,0.00,0.00,235.54,0.22,51.22,235.03,0.20,28.49
234.19,0.87,204.82,235.98,0.22,51.82,0.00,0.00,0.00,233.48,0.22,50.24,233.57,0.20,28.47
234.55,0.87,204.99,236.90,0.22,52.33,0.00,0.00,0.00,234.21,0.22,50.38,235.78,0.20,28.96
232.77,0.87,203.14,235.82,0.22,51.71,0.00,0.00,0.00,234.17,0.22,50.44,233.71,0.20,28.27
235.34,0.88,206.57,236.74,0.22,52.30,0.00,0.00,0.00,237.33,0.22,51.65,235.61,0.20,29.03
234.23,0.87,204.12,235.05,0.22,51.58,0.00,0.00,0.00,234.13,0.22,50.42,234.29,0.20,28.24
236.05,0.88,206.92,237.66,0.22,52.65,0.00,0.00,0.00,233.27,0.22,49.94,236.54,0.20,30.39
234.71,0.87,204.84,234.88,0.22,51.42,0.00,0.00,0.00,235.58,0.22,50.94,235.99,0.20,28.78
234.25,0.88,205.39,238.13,0.22,52.94,0.00,0.00,0.00,234.59,0.22,50.62,235.08,0.20,28.74
234.32,0.87,204.73,235.28,0.22,51.50,0.00,0.00,0.00,235.39,0.22,50.77,233.74,0.20,28.20
234.82,0.87,205.39,236.32,0.22,52.07,0.00,0.00,0.00,235.29,0.22,50.89,234.22,0.20,28.30
233.94,0.87,204.19,234.27,0.22,51.10,0.00,0.00,0.00,236.16,0.22,51.25,234.73,0.20,28.30
235.14,0.88,206.32,236.89,0.22,52.30,0.00,0.00,0.00,234.76,0.22,50.69,235.21,0.20,29.18
233.73,0.87,204.00,235.20,0.22,51.40,0.00,0.00,0.00,235.01,0.22,50.79,235.05,0.20,28.43
234.72,0.87,204.81,235.07,0.22,51.49,0.00,0.00,0.00,233.95,0.22,50.16,234.84,0.20,28.49
234.68,0.88,205.80,237.54,0.22,52.48,0.00,0.00,0.00,237.05,0.22,51.57,234.29,0.20,28.37
232.66,0.87,203.58,236.74,0.22,52.12,0.00,0.00,0.00,234.03,0.22,50.24,236.69,0.20,29.30
234.36,0.87,204.38,236.08,0.22,52.04,0.00,0.00,0.00,235.56,0.22,51.01,235.01,0.20,28.40
233.57,0.87,203.78,236.39,0.22,52.05,0.00,0.00,0.00,235.04,0.22,50.69,234.39,0.20,28.21
234.77,0.87,204.86,236.22,0.22,51.89,0.00,0.00,0.00,236.93,0.22,51.61,233.62,0.20,28.31
232.32,0.87,202.80,235.18,0.22,51.58,0.00,0.00,0.00,234.64,0.22,50.59,234.25,0.20,28.56
236.32,0.87,205.06,235.17,0.22,51.24,0.00,0.00,0.00,235.44,0.22,51.05,232.71,0.20,27.73
234.05,0.87,203.89,234.94,0.22,51.46,0.00,0.00,0.00,235.04,0.22,50.62,235.57,0.20,28.56
234.38,0.88,205.64,237.33,0.22,52.54,0.00,0.00,0.00,234.62,0.22,50.69,236.50,0.20,29.53
233.17,0.87,202.57,236.65,0.22,52.14,0.00,0.00,0.00,234.24,0.22,50.33,233.99,0.20,27.70
234.69,0.88,206.29,238.24,0.22,52.76,0.00,0.00,0.00,237.01,0.22,51.67,236.44,0.20,29.25
232.91,0.87,203.41,236.64,0.22,51.99,0.00,0.00,0.00,235.75,0.22,51.19,233.80,0.20,28.21
234.92,0.87,204.79,236.61,0.22,52.19,0.00,0.00,0.00,236.52,0.22,51.28,234.87,0.20,28.13
233.19,0.87,203.31,235.19,0.22,51.37,0.00,0.00,0.00,234.58,0.22,50.59,234.83,0.20,28.34
234.93,0.87,205.01,236.97,0.22,52.21,0.00,0.00,0.00,235.93,0.22,51.03,234.25,0.20,28.32
233.53,0.86,201.97,235.45,0.22,51.52,0.00,0.00,0.00,233.10,0.21,49.88,233.58,0.19,27.52
234.33,0.87,204.80,236.80,0.22,52.39,0.00,0.00,0.00,234.80,0.22,50.74,236.96,0.20,28.99
237.44,0.87,206.73,235.41,0.22,51.64,0.00,0.00,0.00,234.62,0.22,50.60,234.35,0.20,28.16
234.86,0.87,204.99,236.66,0.22,52.05,0.00,0.00,0.00,235.97,0.22,51.20,233.10,0.20,28.08
232.81,0.87,201.80,235.42,0.22,51.47,0.00,0.00,0.00,234.22,0.22,50.22,234.05,0.20,27.37
233.79,0.88,204.63,237.32,0.22,52.63,0.00,0.00,0.00,235.63,0.22,51.10,235.11,0.20,28.66
232.51,0.87,202.60,234.99,0.22,51.32,0.00,0.00,0.00,235.30,0.22,50.78,233.76,0.20,28.29
234.71,0.87,204.56,235.63,0.22,51.63,0.00,0.00,0.00,236.83,0.22,51.45,234.43,0.20,28.19
235.26,0.87,204.99,234.31,0.22,51.10,0.00,0.00,0.00,235.10,0.22,50.66,233.77,0.20,28.25
234.22,0.88,205.04,237.84,0.22,52.56,0.00,0.00,0.00,235.70,0.22,51.02,235.45,0.20,28.89
233.53,0.87,202.72,235.55,0.22,51.39,0.00,0.00,0.00,232.58,0.21,49.55,233.69,0.20,28.21
234.97,0.87,205.01,236.29,0.22,51.87,0.00,0.00,0.00,234.74,0.22,50.55,234.88,0.20,28.53
234.45,0.87,204.84,235.19,0.22,51.37,0.00,0.00,0.00,236.79,0.22,51.54,234.29,0.20,28.49
233.82,0.87,203.35,236.53,0.22,51.97,0.00,0.00,0.00,233.23,0.22,49.99,233.93,0.20,27.95
234.70,0.87,204.79,236.78,0.22,52.11,0.00,0.00,0.00,236.52,0.22,51.35,234.38,0.20,28.49
234.98,0.87,205.45,237.14,0.22,52.76,0.00,0.00,0.00,234.15,0.22,50.37,234.87,0.20,28.59
234.48,0.87,204.08,235.70,0.22,51.66,0.00,0.00,0.00,235.44,0.22,50.90,233.87,0.20,28.41
234.30,0.87,203.94,236.07,0.22,52.08,0.00,0.00,0.00,233.85,0.22,50.14,233.10,0.20,28.11
235.62,0.87,204.48,235.64,0.22,51.73,0.00,0.00,0.00,230.34,0.21,49.16,234.34,0.20,28.02
234.11,0.87,204.23,235.83,0.22,51.80,0.00,0.00,0.00,234.51,0.22,50.55,234.36,0.20,28.41
234.78,0.87,204.87,236.17,0.22,52.09,0.00,0.00,0.00,233.82,0.22,50.15,234.67,0.20,29.05
233.11,0.87,203.21,234.77,0.22,51.37,0.00,0.00,0.00,234.15,0.22,50.30,233.54,0.20,28.72
234.58,0.87,204.91,236.28,0.22,51.82,0.00,0.00,0.00,233.80,0.22,50.15,235.28,0.20,29.23
235.68,0.87,205.32,234.91,0.22,51.16,0.00,0.00,0.00,234.94,0.22,50.71,234.06,0.20,28.52
233.37,0.87,203.40,235.62,0.22,51.57,0.00,0.00,0.00,235.01,0.22,50.56,233.92,0.20,28.42
234.73,0.87,204.51,235.13,0.22,51.12,0.00,0.00,0.00,235.77,0.22,50.94,234.75,0.20,28.77
233.06,0.87,202.66,233.70,0.22,50.84,0.00,0.00,0.00,234.69,0.22,50.54,231.96,0.20,27.67
235.12,0.87,205.04,235.09,0.22,51.34,0.00,0.00,0.00,235.11,0.22,50.73,236.26,0.20,29.10
233.21,0.86,201.56,233.64,0.22,50.45,0.00,0.00,0.00,234.76,0.22,50.55,233.56,0.20,27.59
234.60,0.87,204.61,235.84,0.22,51.73,0.00,0.00,0.00,234.94,0.22,50.75,234.12,0.20,28.96
230.80,0.87,201.23,236.99,0.22,52.20,0.00,0.00,0.00,235.45,0.22,50.93,234.25,0.20,28.35
233.45,0.87,203.28,235.93,0.22,51.95,0.00,0.00,0.00,233.61,0.22,50.12,234.08,0.20,28.40
235.09,0.87,205.48,234.98,0.22,51.44,0.00,0.00,0.00,236.71,0.22,51.54,235.13,0.20,28.96
239.18,0.86,206.64,233.80,0.22,50.43,0.00,0.00,0.00,234.11,0.22,50.26,233.34,0.20,27.75
234.53,0.88,205.37,235.26,0.22,51.49,0.00,0.00,0.00,236.15,0.22,51.36,234.94,0.20,29.03
233.78,0.87,203.30,234.37,0.22,51.04,0.00,0.00,0.00,234.20,0.22,50.40,233.68,0.20,28.28
234.22,0.87,204.25,235.90,0.22,51.83,0.00,0.00,0.00,233.82,0.22,50.22,234.57,0.20,28.75
233.85,0.87,203.19,232.86,0.22,49.94,0.00,0.00,0.00,236.37,0.22,51.39,234.02,0.20,28.59
234.65,0.87,204.83,236.02,0.22,51.88,0.00,0.00,0.00,235.42,0.22,50.82,235.33,0.20,28.69
234.19,0.87,203.47,233.74,0.22,50.86,0.00,0.00,0.00,234.92,0.22,50.68,234.60,0.20,28.21
234.20,0.87,203.41,235.15,0.22,51.32,0.00,0.00,0.00,233.39,0.22,50.02,234.30,0.20,28.13
234.32,0.87,204.30,235.44,0.22,51.50,0.00,0.00,0.00,236.67,0.22,51.22,233.98,0.20,28.60
234.40,0.87,203.33,234.95,0.22,51.30,0.00,0.00,0.00,233.54,0.22,50.10,235.01,0.20,28.33
235.36,0.87,204.68,236.72,0.22,52.04,0.00,0.00,0.00,234.68,0.22,50.61,235.04,0.20,28.26
234.72,0.87,204.20,233.49,0.22,50.54,0.00,0.00,0.00,235.38,0.22,50.79,234.04,0.20,28.78
231.68,0.87,202.00,236.93,0.22,52.14,0.00,0.00,0.00,235.04,0.22,50.60,232.93,0.20,28.44
234.38,0.87,204.61,235.00,0.22,51.34,0.00,0.00,0.00,236.47,0.22,51.37,233.80,0.20,28.79
232.94,0.87,202.16,234.49,0.22,51.04,0.00,0.00,0.00,233.74,0.22,50.10,234.49,0.20,28.49
235.30,0.87,205.31,236.35,0.22,51.59,0.00,0.00,0.00,235.24,0.22,50.78,233.95,0.20,28.82
232.60,0.87,202.40,234.89,0.22,51.09,0.00,0.00,0.00,233.60,0.22,50.12,233.22,0.20,28.41
234.77,0.87,204.03,236.02,0.22,51.53,0.00,0.00,0.00,233.17,0.22,49.87,234.04,0.20,28.46
234.19,0.88,205.44,235.57,0.22,51.66,0.00,0.00,0.00,238.24,0.22,52.13,234.88,0.20,28.76
232.62,0.87,202.05,234.97,0.22,51.15,0.00,0.00,0.00,234.13,0.22,50.38,234.03,0.20,28.22
235.34,0.87,204.53,236.87,0.22,52.24,0.00,0.00,0.00,229.28,0.21,48.41,234.87,0.20,28.70
235.30,0.87,204.16,234.60,0.22,50.97,0.00,0.00,0.00,235.51,0.22,50.92,232.64,0.20,28.02
234.36,0.87,205.06,236.97,0.22,52.26,0.00,0.00,0.00,235.33,0.22,50.85,234.94,0.20,28.70
235.57,0.87,205.54,235.21,0.22,51.44,0.00,0.00,0.00,236.73,0.22,51.45,233.68,0.20,27.95
232.84,0.87,203.25,235.52,0.22,51.55,0.00,0.00,0.00,235.13,0.22,50.83,233.94,0.20,28.65
235.52,0.87,205.05,234.68,0.22,51.23,0.00,0.00,0.00,236.22,0.22,51.03,234.96,0.20,28.40
231.75,0.87,202.16,235.71,0.22,51.55,0.00,0.00,0.00,235.10,0.22,50.79,234.67,0.20,28.62
235.44,0.87,205.37,235.50,0.22,51.42,0.00,0.00,0.00,233.57,0.22,50.15,234.62,0.20,29.03
232.31,0.87,202.44,236.15,0.22,51.69,0.00,0.00,0.00,234.61,0.22,50.46,233.52,0.20,28.34
233.84,0.87,204.28,236.34,0.22,51.83,0.00,0.00,0.00,233.97,0.22,50.36,233.40,0.20,28.49
234.52,0.87,204.77,236.53,0.22,51.89,0.00,0.00,0.00,234.95,0.22,50.71,236.91,0.20,29.07
234.57,0.87,204.19,236.10,0.22,51.70,0.00,0.00,0.00,235.62,0.22,50.98,234.11,0.20,28.18
234.11,0.87,204.71,235.13,0.22,51.50,0.00,0.00,0.00,234.57,0.22,50.77,235.28,0.20,28.84
232.82,0.87,202.99,237.96,0.22,52.55,0.00,0.00,0.00,234.10,0.22,50.22,233.79,0.20,28.84
235.12,0.87,205.41,236.56,0.22,52.12,0.00,0.00,0.00,235.57,0.22,50.95,235.23,0.20,28.62
233.01,0.87,203.52,235.75,0.22,51.76,0.00,0.00,0.00,235.58,0.22,50.98,234.67,0.20,28.50
234.99,0.87,204.27,234.68,0.22,50.71,0.00,0.00,0.00,235.79,0.22,51.20,235.46,0.20,28.51
231.31,0.87,201.41,235.81,0.22,51.56,0.00,0.00,0.00,233.52,0.22,50.07,234.23,0.20,28.45
235.07,0.87,204.96,235.16,0.22,51.33,0.00,0.00,0.00,236.41,0.22,51.48,234.99,0.20,28.49
235.20,0.87,205.33,236.39,0.22,51.95,0.00,0.00,0.00,235.22,0.22,50.81,235.12,0.20,28.83
234.10,0.87,203.57,234.41,0.22,51.08,0.00,0.00,0.00,233.16,0.22,50.02,235.34,0.20,28.67
234.66,0.87,205.18,236.69,0.22,52.29,0.00,0.00,0.00,235.67,0.22,50.96,234.16,0.20,28.50
235.67,0.87,205.35,236.00,0.22,51.78,0.00,0.00,0.00,235.45,0.22,51.01,233.70,0.20,28.34
234.91,0.87,204.66,236.27,0.22,51.96,0.00,0.00,0.00,235.56,0.22,50.91,235.53,0.20,28.52
233.76,0.87,203.55,236.07,0.22,51.86,0.00,0.00,0.00,234.23,0.22,50.39,233.32,0.20,28.38
236.40,0.87,206.56,236.13,0.22,52.10,0.00,0.00,0.00,234.84,0.22,50.77,234.12,0.20,28.32
232.73,0.87,202.51,235.70,0.22,51.61,0.00,0.00,0.00,234.27,0.22,50.27,234.85,0.20,28.71
234.37,0.88,205.17,236.64,0.22,52.02,0.00,0.00,0.00,235.14,0.22,50.95,236.25,0.20,29.28
231.85,0.87,201.53,234.85,0.22,51.19,0.00,0.00,0.00,234.89,0.22,50.53,234.16,0.20,28.26
234.38,0.87,204.35,236.04,0.22,51.86,0.00,0.00,0.00,235.79,0.22,50.99,235.39,0.20,28.67
231.88,0.87,201.82,235.69,0.22,51.56,0.00,0.00,0.00,233.84,0.22,50.18,235.28,0.20,28.74
234.07,0.87,204.55,236.17,0.22,51.81,0.00,0.00,0.00,235.91,0.22,51.11,234.92,0.20,28.69
234.17,0.87,203.58,234.68,0.22,51.16,0.00,0.00,0.00,234.72,0.22,50.56,234.43,0.20,28.29
234.46,0.87,204.39,236.28,0.22,51.96,0.00,0.00,0.00,233.58,0.22,50.15,233.79,0.20,28.43
233.18,0.87,202.87,236.00,0.22,51.67,0.00,0.00,0.00,232.40,0.21,49.62,234.36,0.20,28.64
234.80,0.87,204.28,236.37,0.22,52.15,0.00,0.00,0.00,234.22,0.22,50.36,234.54,0.20,28.37
235.55,0.87,204.82,236.77,0.22,52.10,0.00,0.00,0.00,234.37,0.22,50.43,233.31,0.20,28.07
233.19,0.87,202.88,236.19,0.22,51.73,0.00,0.00,0.00,234.40,0.22,50.49,234.99,0.20,28.44
234.41,0.87,204.03,234.49,0.22,51.20,0.00,0.00,0.00,234.88,0.22,50.68,235.32,0.20,28.77
233.93,0.87,202.80,235.20,0.22,51.33,0.00,0.00,0.00,234.36,0.22,50.48,233.98,0.20,27.51
234.16,0.87,203.73,234.15,0.22,50.81,0.00,0.00,0.00,235.29,0.22,50.68,234.96,0.20,28.97
233.92,0.87,203.56,235.35,0.22,51.37,0.00,0.00,0.00,234.28,0.22,50.46,234.42,0.20,28.59
233.09,0.87,202.22,235.30,0.22,51.19,0.00,0.00,0.00,232.94,0.21,49.75,235.08,0.20,28.74
234.75,0.87,204.53,236.20,0.22,51.94,0.00,0.00,0.00,234.05,0.22,50.23,234.77,0.20,28.62
233.22,0.88,204.16,275.40,0.22,53.67,0.00,0.00,0.00,239.25,0.22,52.65,235.17,0.20,28.45
234.64,0.65,152.70,0.00,0.00,0.00,0.00,0.00,0.00,234.48,0.22,50.39,234.93,0.20,28.48
235.38,0.65,153.50,0.00,0.00,0.00,0.00,0.00,0.00,236.56,0.22,51.40,235.44,0.20,28.77
234.87,0.65,152.58,0.00,0.00,0.00,0.00,0.00,0.00,233.87,0.22,50.05,234.05,0.20,28.49
235.20,0.65,153.01,0.00,0.00,0.00,0.00,0.00,0.00,234.70,0.22,50.26,235.85,0.20,29.20
242.75,0.43,105.44,0.00,0.00,0.00,0.00,0.00,0.00,0.00,0.00,0.00,235.40,0.20,28.49
237.04,0.44,103.14,0.00,0.00,0.00,0.00,0.00,0.00,0.00,0.00,0.00,236.19,0.20,28.98
232.12,0.43,99.98,0.00,0.00,0.00,0.00,0.00,0.00,0.00,0.00,0.00,231.97,0.20,28.12
233.46,0.43,101.04,0.00,0.00,0.00,0.00,0.00,0.00,0.00,0.00,0.00,235.91,0.20,28.78
232.69,0.43,100.71,0.00,0.00,0.00,0.00,0.00,0.00,0.00,0.00,0.00,236.04,0.20,28.64
234.28,0.43,101.75,0.00,0.00,0.00,0.00,0.00,0.00,0.00,0.00,0.00,236.12,0.20,28.42
237.68,0.43,102.64,0.00,0.00,0.00,0.00,0.00,0.00,0.00,0.00,0.00,234.68,0.20,28.31
233.84,0.44,101.73,0.00,0.00,0.00,0.00,0.00,0.00,0.00,0.00,0.00,234.75,0.20,29.02
237.13,0.43,102.57,0.00,0.00,0.00,0.00,0.00,0.00,0.00,0.00,0.00,236.05,0.20,28.58
233.47,0.43,100.95,0.00,0.00,0.00,0.00,0.00,0.00,0.00,0.00,0.00,235.84,0.20,28.58
235.59,0.44,102.59,0.00,0.00,0.00,0.00,0.00,0.00,0.00,0.00,0.00,237.42,0.20,29.68
231.79,0.43,100.55,0.00,0.00,0.00,0.00,0.00,0.00,0.00,0.00,0.00,235.26,0.20,28.73
231.89,0.43,100.26,0.00,0.00,0.00,0.00,0.00,0.00,0.00,0.00,0.00,234.48,0.20,28.26
235.88,0.43,101.87,0.00,0.00,0.00,0.00,0.00,0.00,0.00,0.00,0.00,234.51,0.20,28.39
235.93,0.44,102.85,0.00,0.00,0.00,0.00,0.00,0.00,0.00,0.00,0.00,236.41,0.20,29.38
235.03,0.43,101.63,0.00,0.00,0.00,0.00,0.00,0.00,0.00,0.00,0.00,236.98,0.20,28.79
233.35,0.43,100.76,0.00,0.00,0.00,0.00,0.00,0.00,0.00,0.00,0.00,234.25,0.20,28.13
233.84,0.43,100.69,0.00,0.00,0.00,0.00,0.00,0.00,0.00,0.00,0.00,235.68,0.20,28.44
235.09,0.44,102.95,0.00,0.00,0.00,0.00,0.00,0.00,0.00,0.00,0.00,235.51,0.20,28.98
234.51,0.43,101.75,0.00,0.00,0.00,0.00,0.00,0.00,0.00,0.00,0.00,235.00,0.20,28.52
234.82,0.43,101.72,0.00,0.00,0.00,0.00,0.00,0.00,0.00,0.00,0.00,234.27,0.20,28.73
235.24,0.43,101.80,0.00,0.00,0.00,0.00,0.00,0.00,0.00,0.00,0.00,234.41,0.20,28.23
236.06,0.43,101.99,0.00,0.00,0.00,0.00,0.00,0.00,0.00,0.00,0.00,235.79,0.20,28.25
236.11,0.43,102.10,0.00,0.00,0.00,0.00,0.00,0.00,0.00,0.00,0.00,236.27,0.20,28.40
233.19,0.43,101.06,0.00,0.00,0.00,0.00,0.00,0.00,0.00,0.00,0.00,236.86,0.20,28.67
236.85,0.43,102.26,0.00,0.00,0.00,0.00,0.00,0.00,0.00,0.00,0.00,235.74,0.20,28.40
234.96,0.44,102.39,0.00,0.00,0.00,0.00,0.00,0.00,0.00,0.00,0.00,235.40,0.20,28.98
235.33,0.43,101.84,0.00,0.00,0.00,0.00,0.00,0.00,0.00,0.00,0.00,234.53,0.20,28.29
235.68,0.44,102.52,0.00,0.00,0.00,0.00,0.00,0.00,0.00,0.00,0.00,236.10,0.20,28.94
234.88,0.43,101.12,0.00,0.00,0.00,0.00,0.00,0.00,0.00,0.00,0.00,236.01,0.20,28.41
233.32,0.43,100.62,0.00,0.00,0.00,0.00,0.00,0.00,0.00,0.00,0.00,235.82,0.20,28.68
237.00,0.43,101.99,0.00,0.00,0.00,0.00,0.00,0.00,0.00,0.00,0.00,234.22,0.20,27.54
235.15,0.43,101.86,0.00,0.00,0.00,0.00,0.00,0.00,0.00,0.00,0.00,234.68,0.20,28.64
235.42,0.43,102.16,0.00,0.00,0.00,0.00,0.00,0.00,0.00,0.00,0.00,234.34,0.20,28.20
239.09,0.43,102.57,0.00,0.00,0.00,0.00,0.00,0.00,0.00,0.00,0.00,233.19,0.19,27.84
235.90,0.43,102.41,0.00,0.00,0.00,0.00,0.00,0.00,0.00,0.00,0.00,235.44,0.20,28.85
234.16,0.43,101.79,0.00,0.00,0.00,0.00,0.00,0.00,0.00,0.00,0.00,237.67,0.20,28.94
234.01,0.43,101.15,0.00,0.00,0.00,0.00,0.00,0.00,0.00,0.00,0.00,235.18,0.20,28.49
237.55,0.43,102.51,0.00,0.00,0.00,0.00,0.00,0.00,0.00,0.00,0.00,234.16,0.20,28.02
237.58,0.43,102.44,0.00,0.00,0.00,0.00,0.00,0.00,0.00,0.00,0.00,234.74,0.20,28.15
236.52,0.43,102.66,0.00,0.00,0.00,0.00,0.00,0.00,0.00,0.00,0.00,236.40,0.20,28.93
235.60,0.43,102.09,0.00,0.00,0.00,0.00,0.00,0.00,0.00,0.00,0.00,234.51,0.20,28.38
233.53,0.43,101.08,0.00,0.00,0.00,0.00,0.00,0.00,0.00,0.00,0.00,235.28,0.20,28.38
234.68,0.43,101.92,0.00,0.00,0.00,0.00,0.00,0.00,0.00,0.00,0.00,235.14,0.20,28.44
233.98,0.43,101.65,0.00,0.00,0.00,0.00,0.00,0.00,0.00,0.00,0.00,236.07,0.20,29.34
235.48,0.27,63.22,0.00,0.00,0.00,0.00,0.00,0.00,0.00,0.00,0.00,0.00,0.00,0.00
230.13,0.21,48.41,0.00,0.00,0.00,0.00,0.00,0.00,0.00,0.00,0.00,0.00,0.00,0.00
231.83,0.21,49.50,0.00,0.00,0.00,0.00,0.00,0.00,0.00,0.00,0.00,0.00,0.00,0.00
232.04,0.21,49.73,0.00,0.00,0.00,0.00,0.00,0.00,0.00,0.00,0.00,0.00,0.00,0.00
230.83,0.45,102.76,0.00,0.00,0.00,0.00,0.00,0.00,0.00,0.00,0.00,239.88,0.21,30.91
233.48,0.44,102.96,0.00,0.00,0.00,0.00,0.00,0.00,0.00,0.00,0.00,234.05,0.21,29.43
235.93,0.44,104.05,0.00,0.00,0.00,0.00,0.00,0.00,0.00,0.00,0.00,234.20,0.21,29.42
236.11,0.44,104.58,0.00,0.00,0.00,0.00,0.00,0.00,0.00,0.00,0.00,235.91,0.21,30.16
236.03,0.44,104.18,0.00,0.00,0.00,0.00,0.00,0.00,0.00,0.00,0.00,235.79,0.21,29.53
234.21,0.44,103.87,0.00,0.00,0.00,0.00,0.00,0.00,0.00,0.00,0.00,236.79,0.21,30.09
234.98,0.44,102.89,0.00,0.00,0.00,0.00,0.00,0.00,0.00,0.00,0.00,235.36,0.20,28.72
232.87,0.44,102.84,0.00,0.00,0.00,0.00,0.00,0.00,0.00,0.00,0.00,235.14,0.21,29.73
233.80,0.44,103.19,0.00,0.00,0.00,0.00,0.00,0.00,0.00,0.00,0.00,234.79,0.21,29.66
234.64,0.45,104.43,0.00,0.00,0.00,0.00,0.00,0.00,0.00,0.00,0.00,237.04,0.21,30.80
234.83,0.44,103.48,0.00,0.00,0.00,0.00,0.00,0.00,0.00,0.00,0.00,235.50,0.21,29.44
234.73,0.44,103.25,0.00,0.00,0.00,0.00,0.00,0.00,0.00,0.00,0.00,234.80,0.20,29.23
232.65,0.44,103.05,0.00,0.00,0.00,0.00,0.00,0.00,0.00,0.00,0.00,234.00,0.21,29.44
234.41,0.44,103.10,0.00,0.00,0.00,0.00,0.00,0.00,0.00,0.00,0.00,235.91,0.20,29.61
233.46,0.44,102.90,0.00,0.00,0.00,0.00,0.00,0.00,0.00,0.00,0.00,239.33,0.21,30.62
235.68,0.44,103.51,0.00,0.00,0.00,0.00,0.00,0.00,0.00,0.00,0.00,234.76,0.20,29.21
234.89,0.44,103.79,0.00,0.00,0.00,0.00,0.00,0.00,0.00,0.00,0.00,236.78,0.21,30.38
234.77,0.44,102.68,0.00,0.00,0.00,0.00,0.00,0.00,0.00,0.00,0.00,234.93,0.20,29.01
234.82,0.44,102.65,0.00,0.00,0.00,0.00,0.00,0.00,0.00,0.00,0.00,234.46,0.20,28.97
235.71,0.44,102.91,0.00,0.00,0.00,0.00,0.00,0.00,0.00,0.00,0.00,236.91,0.20,29.45
234.36,0.44,102.33,0.00,0.00,0.00,0.00,0.00,0.00,0.00,0.00,0.00,236.29,0.20,29.30
235.63,0.44,103.13,0.00,0.00,0.00,0.00,0.00,0.00,0.00,0.00,0.00,234.98,0.20,29.30
233.88,0.44,102.44,0.00,0.00,0.00,0.00,0.00,0.00,0.00,0.00,0.00,237.63,0.20,29.49
239.99,0.44,104.68,0.00,0.00,0.00,0.00,0.00,0.00,0.00,0.00,0.00,236.70,0.20,29.58
233.70,0.44,102.01,0.00,0.00,0.00,0.00,0.00,0.00,0.00,0.00,0.00,235.87,0.20,28.86
235.93,0.44,103.68,0.00,0.00,0.00,0.00,0.00,0.00,0.00,0.00,0.00,236.19,0.20,29.33
234.59,0.44,102.26,0.00,0.00,0.00,0.00,0.00,0.00,0.00,0.00,0.00,234.94,0.20,29.07
232.06,0.44,101.35,0.00,0.00,0.00,0.00,0.00,0.00,0.00,0.00,0.00,235.44,0.20,28.83
235.63,0.44,102.72,0.00,0.00,0.00,0.00,0.00,0.00,0.00,0.00,0.00,236.59,0.20,29.06
236.63,0.44,103.32,0.00,0.00,0.00,0.00,0.00,0.00,0.00,0.00,0.00,236.43,0.20,29.22
235.23,0.43,102.31,0.00,0.00,0.00,0.00,0.00,0.00,0.00,0.00,0.00,234.99,0.20,28.47
237.21,0.44,103.76,0.00,0.00,0.00,0.00,0.00,0.00,0.00,0.00,0.00,236.46,0.20,29.79
233.88,0.43,100.74,0.00,0.00,0.00,0.00,0.00,0.00,0.00,0.00,0.00,233.45,0.20,28.01
235.85,0.44,103.39,0.00,0.00,0.00,0.00,0.00,0.00,0.00,0.00,0.00,234.63,0.20,28.99
234.86,0.44,102.74,0.00,0.00,0.00,0.00,0.00,0.00,0.00,0.00,0.00,236.98,0.20,29.72
234.13,0.44,101.85,0.00,0.00,0.00,0.00,0.00,0.00,0.00,0.00,0.00,235.88,0.20,28.83
234.52,0.44,102.24,0.00,0.00,0.00,0.00,0.00,0.00,0.00,0.00,0.00,238.97,0.20,29.80
234.07,0.44,102.50,0.00,0.00,0.00,0.00,0.00,0.00,0.00,0.00,0.00,239.96,0.20,30.17
236.16,0.43,102.46,0.00,0.00,0.00,0.00,0.00,0.00,0.00,0.00,0.00,236.20,0.20,28.26
235.43,0.44,102.60,0.00,0.00,0.00,0.00,0.00,0.00,0.00,0.00,0.00,236.94,0.20,28.82
236.56,0.44,103.46,0.00,0.00,0.00,0.00,0.00,0.00,0.00,0.00,0.00,236.39,0.20,29.35
233.29,0.44,101.55,0.00,0.00,0.00,0.00,0.00,0.00,0.00,0.00,0.00,236.03,0.20,28.98
234.51,0.44,102.32,0.00,0.00,0.00,0.00,0.00,0.00,0.00,0.00,0.00,237.07,0.20,29.26
235.73,0.43,102.38,0.00,0.00,0.00,0.00,0.00,0.00,0.00,0.00,0.00,235.49,0.20,29.01
235.85,0.44,102.69,0.00,0.00,0.00,0.00,0.00,0.00,0.00,0.00,0.00,236.82,0.20,29.26
234.81,0.43,101.65,0.00,0.00,0.00,0.00,0.00,0.00,0.00,0.00,0.00,236.75,0.20,28.86
234.01,0.43,101.59,0.00,0.00,0.00,0.00,0.00,0.00,0.00,0.00,0.00,236.34,0.20,28.49
233.85,0.43,101.09,0.00,0.00,0.00,0.00,0.00,0.00,0.00,0.00,0.00,235.80,0.20,28.36
237.13,0.44,103.72,0.00,0.00,0.00,0.00,0.00,0.00,0.00,0.00,0.00,237.13,0.20,29.27
233.88,0.44,102.18,0.00,0.00,0.00,0.00,0.00,0.00,0.00,0.00,0.00,235.03,0.20,29.19
234.94,0.44,102.67,0.00,0.00,0.00,0.00,0.00,0.00,0.00,0.00,0.00,237.49,0.20,29.53
235.45,0.44,102.67,0.00,0.00,0.00,0.00,0.00,0.00,0.00,0.00,0.00,236.97,0.20,29.32
235.72,0.43,101.81,0.00,0.00,0.00,0.00,0.00,0.00,0.00,0.00,0.00,235.40,0.20,28.15
235.35,0.44,102.46,0.00,0.00,0.00,0.00,0.00,0.00,0.00,0.00,0.00,236.32,0.20,28.85
234.60,0.43,101.82,0.00,0.00,0.00,0.00,0.00,0.00,0.00,0.00,0.00,236.69,0.20,28.60
233.79,0.43,101.32,0.00,0.00,0.00,0.00,0.00,0.00,0.00,0.00,0.00,234.27,0.20,28.29
233.76,0.44,101.91,0.00,0.00,0.00,0.00,0.00,0.00,0.00,0.00,0.00,237.73,0.20,29.64
233.89,0.43,101.52,0.00,0.00,0.00,0.00,0.00,0.00,0.00,0.00,0.00,235.99,0.20,28.73
235.96,0.44,102.75,0.00,0.00,0.00,0.00,0.00,0.00,0.00,0.00,0.00,236.60,0.20,28.97
235.39,0.44,102.42,0.00,0.00,0.00,0.00,0.00,0.00,0.00,0.00,0.00,236.53,0.20,29.14
234.06,0.43,101.55,0.00,0.00,0.00,0.00,0.00,0.00,0.00,0.00,0.00,235.17,0.20,28.42
235.66,0.43,101.95,0.00,0.00,0.00,0.00,0.00,0.00,0.00,0.00,0.00,235.37,0.20,28.72
235.38,0.43,101.95,0.00,0.00,0.00,0.00,0.00,0.00,0.00,0.00,0.00,236.60,0.20,28.49
235.30,0.43,101.68,0.00,0.00,0.00,0.00,0.00,0.00,0.00,0.00,0.00,234.93,0.20,28.35
234.83,0.44,102.21,0.00,0.00,0.00,0.00,0.00,0.00,0.00,0.00,0.00,237.83,0.20,29.07
235.00,0.43,102.16,0.00,0.00,0.00,0.00,0.00,0.00,0.00,0.00,0.00,235.55,0.20,28.77
233.79,0.43,101.69,0.00,0.00,0.00,0.00,0.00,0.00,0.00,0.00,0.00,236.43,0.20,28.66
234.77,0.43,101.95,0.00,0.00,0.00,0.00,0.00,0.00,0.00,0.00,0.00,235.91,0.20,28.82
234.95,0.43,102.16,0.00,0.00,0.00,0.00,0.00,0.00,0.00,0.00,0.00,235.16,0.20,28.56
235.78,0.44,102.69,0.00,0.00,0.00,0.00,0.00,0.00,0.00,0.00,0.00,236.30,0.20,28.88
234.46,0.43,101.71,0.00,0.00,0.00,0.00,0.00,0.00,0.00,0.00,0.00,235.61,0.20,28.58
234.47,0.43,101.92,0.00,0.00,0.00,0.00,0.00,0.00,0.00,0.00,0.00,235.97,0.20,28.72
235.19,0.44,102.71,0.00,0.00,0.00,0.00,0.00,0.00,0.00,0.00,0.00,237.88,0.20,29.64
234.22,0.43,101.25,0.00,0.00,0.00,0.00,0.00,0.00,0.00,0.00,0.00,236.04,0.20,28.26
234.90,0.43,101.87,0.00,0.00,0.00,0.00,0.00,0.00,0.00,0.00,0.00,235.08,0.20,28.43
235.43,0.43,102.40,0.00,0.00,0.00,0.00,0.00,0.00,0.00,0.00,0.00,239.74,0.20,29.60
236.32,0.43,102.14,0.00,0.00,0.00,0.00,0.00,0.00,0.00,0.00,0.00,236.19,0.20,28.32
235.80,0.43,102.26,0.00,0.00,0.00,0.00,0.00,0.00,0.00,0.00,0.00,235.03,0.20,28.50
235.94,0.44,103.16,0.00,0.00,0.00,0.00,0.00,0.00,0.00,0.00,0.00,241.36,0.20,30.29
236.11,0.43,102.51,0.00,0.00,0.00,0.00,0.00,0.00,0.00,0.00,0.00,236.71,0.20,29.21
233.74,0.44,102.17,0.00,0.00,0.00,0.00,0.00,0.00,0.00,0.00,0.00,237.82,0.20,29.65
233.88,0.43,101.13,0.00,0.00,0.00,0.00,0.00,0.00,0.00,0.00,0.00,236.73,0.20,28.71
234.16,0.43,101.10,0.00,0.00,0.00,0.00,0.00,0.00,0.00,0.00,0.00,234.68,0.20,28.02
235.78,0.43,102.27,0.00,0.00,0.00,0.00,0.00,0.00,0.00,0.00,0.00,236.24,0.20,28.84
237.10,0.43,102.88,0.00,0.00,0.00,0.00,0.00,0.00,0.00,0.00,0.00,237.89,0.20,29.14
235.38,0.43,102.06,0.00,0.00,0.00,0.00,0.00,0.00,0.00,0.00,0.00,237.34,0.20,28.61
235.19,0.43,101.74,0.00,0.00,0.00,0.00,0.00,0.00,0.00,0.00,0.00,234.62,0.20,28.48
235.65,0.43,102.22,0.00,0.00,0.00,0.00,0.00,0.00,0.00,0.00,0.00,236.48,0.20,28.99
234.07,0.43,101.58,0.00,0.00,0.00,0.00,0.00,0.00,0.00,0.00,0.00,236.99,0.20,29.14
229.21,0.44,99.75,0.00,0.00,0.00,0.00,0.00,0.00,0.00,0.00,0.00,237.71,0.20,28.98
235.16,0.44,102.51,0.00,0.00,0.00,0.00,0.00,0.00,0.00,0.00,0.00,239.70,0.20,29.68
233.30,0.43,101.13,0.00,0.00,0.00,0.00,0.00,0.00,0.00,0.00,0.00,236.14,0.20,28.91
232.73,0.44,101.69,0.00,0.00,0.00,0.00,0.00,0.00,0.00,0.00,0.00,239.15,0.20,29.77
235.96,0.43,102.29,0.00,0.00,0.00,0.00,0.00,0.00,0.00,0.00,0.00,235.72,0.20,28.64
236.84,0.44,103.32,0.00,0.00,0.00,0.00,0.00,0.00,0.00,0.00,0.00,236.71,0.20,29.56
234.94,0.43,101.69,0.00,0.00,0.00,0.00,0.00,0.00,0.00,0.00,0.00,236.41,0.20,28.47
234.89,0.43,101.80,0.00,0.00,0.00,0.00,0.00,0.00,0.00,0.00,0.00,236.64,0.20,28.84
234.29,0.43,101.15,0.00,0.00,0.00,0.00,0.00,0.00,0.00,0.00,0.00,234.89,0.20,28.09
239.38,0.43,104.12,0.00,0.00,0.00,0.00,0.00,0.00,0.00,0.00,0.00,237.72,0.20,29.28
235.95,0.44,102.85,0.00,0.00,0.00,0.00,0.00,0.00,0.00,0.00,0.00,235.60,0.20,29.15
234.72,0.43,101.57,0.00,0.00,0.00,0.00,0.00,0.00,0.00,0.00,0.00,235.01,0.20,28.13
235.85,0.43,102.30,0.00,0.00,0.00,0.00,0.00,0.00,0.00,0.00,0.00,235.59,0.20,28.79
235.86,0.43,102.58,0.00,0.00,0.00,0.00,0.00,0.00,0.00,0.00,0.00,236.15,0.20,29.03
235.71,0.43,102.38,0.00,0.00,0.00,0.00,0.00,0.00,0.00,0.00,0.00,236.19,0.20,28.82
236.74,0.43,102.25,0.00,0.00,0.00,0.00,0.00,0.00,0.00,0.00,0.00,240.90,0.20,29.53
236.72,0.44,103.20,0.00,0.00,0.00,0.00,0.00,0.00,0.00,0.00,0.00,239.42,0.20,29.69
235.63,0.43,102.25,0.00,0.00,0.00,0.00,0.00,0.00,0.00,0.00,0.00,236.42,0.20,28.81
233.48,0.43,101.11,0.00,0.00,0.00,0.00,0.00,0.00,0.00,0.00,0.00,235.01,0.20,28.49
235.06,0.43,101.89,0.00,0.00,0.00,0.00,0.00,0.00,0.00,0.00,0.00,233.83,0.20,28.22
235.83,0.43,102.38,0.00,0.00,0.00,0.00,0.00,0.00,0.00,0.00,0.00,236.30,0.20,28.81
235.24,0.43,101.74,0.00,0.00,0.00,0.00,0.00,0.00,0.00,0.00,0.00,234.37,0.20,28.22
233.17,0.43,101.27,0.00,0.00,0.00,0.00,0.00,0.00,0.00,0.00,0.00,234.76,0.20,28.37
236.12,0.44,102.73,0.00,0.00,0.00,0.00,0.00,0.00,0.00,0.00,0.00,236.43,0.20,28.94
235.19,0.43,102.13,0.00,0.00,0.00,0.00,0.00,0.00,0.00,0.00,0.00,234.99,0.20,28.54
235.37,0.43,102.21,0.00,0.00,0.00,0.00,0.00,0.00,0.00,0.00,0.00,235.05,0.20,28.57
236.80,0.43,102.56,0.00,0.00,0.00,0.00,0.00,0.00,0.00,0.00,0.00,236.10,0.20,28.60
235.05,0.43,101.68,0.00,0.00,0.00,0.00,0.00,0.00,0.00,0.00,0.00,234.69,0.20,28.35
234.77,0.43,101.92,0.00,0.00,0.00,0.00,0.00,0.00,0.00,0.00,0.00,234.24,0.20,28.41
236.79,0.44,103.13,0.00,0.00,0.00,0.00,0.00,0.00,0.00,0.00,0.00,239.99,0.20,29.49
233.46,0.44,101.94,0.00,0.00,0.00,0.00,0.00,0.00,0.00,0.00,0.00,237.95,0.20,29.39
235.05,0.44,102.38,0.00,0.00,0.00,0.00,0.00,0.00,0.00,0.00,0.00,236.08,0.20,28.92
234.91,0.43,101.79,0.00,0.00,0.00,0.00,0.00,0.00,0.00,0.00,0.00,235.37,0.20,28.37
233.14,0.43,101.09,0.00,0.00,0.00,0.00,0.00,0.00,0.00,0.00,0.00,235.08,0.20,28.25
235.63,0.43,102.28,0.00,0.00,0.00,0.00,0.00,0.00,0.00,0.00,0.00,236.97,0.20,28.94
233.32,0.43,101.05,0.00,0.00,0.00,0.00,0.00,0.00,0.00,0.00,0.00,234.20,0.20,28.14
235.03,0.44,102.65,0.00,0.00,0.00,0.00,0.00,0.00,0.00,0.00,0.00,238.52,0.20,29.70
233.64,0.44,101.69,0.00,0.00,0.00,0.00,0.00,0.00,0.00,0.00,0.00,236.43,0.20,29.16
233.96,0.43,101.45,0.00,0.00,0.00,0.00,0.00,0.00,0.00,0.00,0.00,235.11,0.20,28.40
232.35,0.43,100.33,0.00,0.00,0.00,0.00,0.00,0.00,0.00,0.00,0.00,237.16,0.20,28.58
233.79,0.44,101.87,0.00,0.00,0.00,0.00,0.00,0.00,0.00,0.00,0.00,235.23,0.20,28.62
237.37,0.44,104.23,0.00,0.00,0.00,0.00,0.00,0.00,0.00,0.00,0.00,240.18,0.20,30.31
233.86,0.43,101.19,0.00,0.00,0.00,0.00,0.00,0.00,0.00,0.00,0.00,235.36,0.20,28.39
233.96,0.44,102.42,0.00,0.00,0.00,0.00,0.00,0.00,0.00,0.00,0.00,239.68,0.20,30.00
235.33,0.44,102.90,0.00,0.00,0.00,0.00,0.00,0.00,0.00,0.00,0.00,240.22,0.20,29.78
236.00,0.43,101.64,0.00,0.00,0.00,0.00,0.00,0.00,0.00,0.00,0.00,233.45,0.20,27.68
233.15,0.44,101.99,0.00,0.00,0.00,0.00,0.00,0.00,0.00,0.00,0.00,238.38,0.20,30.02
235.67,0.43,102.38,0.00,0.00,0.00,0.00,0.00,0.00,0.00,0.00,0.00,236.27,0.20,28.88
234.66,0.43,102.07,0.00,0.00,0.00,0.00,0.00,0.00,0.00,0.00,0.00,235.93,0.20,28.69
232.37,0.43,100.57,0.00,0.00,0.00,0.00,0.00,0.00,0.00,0.00,0.00,234.83,0.20,28.07
234.05,0.43,101.54,0.00,0.00,0.00,0.00,0.00,0.00,0.00,0.00,0.00,236.41,0.20,28.87
233.93,0.43,101.18,0.00,0.00,0.00,0.00,0.00,0.00,0.00,0.00,0.00,235.28,0.20,28.12
234.69,0.43,101.82,0.00,0.00,0.00,0.00,0.00,0.00,0.00,0.00,0.00,236.14,0.20,28.36
237.43,0.43,103.05,0.00,0.00,0.00,0.00,0.00,0.00,0.00,0.00,0.00,237.28,0.20,29.02
233.73,0.43,100.86,0.00,0.00,0.00,0.00,0.00,0.00,0.00,0.00,0.00,235.69,0.20,28.17
234.09,0.43,101.55,0.00,0.00,0.00,0.00,0.00,0.00,0.00,0.00,0.00,235.22,0.20,28.34
235.62,0.43,101.85,0.00,0.00,0.00,0.00,0.00,0.00,0.00,0.00,0.00,235.31,0.20,28.18
235.68,0.44,102.57,0.00,0.00,0.00,0.00,0.00,0.00,0.00,0.00,0.00,234.80,0.20,28.61
232.34,0.43,100.79,0.00,0.00,0.00,0.00,0.00,0.00,0.00,0.00,0.00,235.12,0.20,28.54
232.69,0.44,101.35,0.00,0.00,0.00,0.00,0.00,0.00,0.00,0.00,0.00,234.99,0.20,28.86
232.68,0.44,102.12,0.00,0.00,0.00,0.00,0.00,0.00,0.00,0.00,0.00,235.94,0.20,29.64
235.66,0.43,102.10,0.00,0.00,0.00,0.00,0.00,0.00,0.00,0.00,0.00,235.78,0.20,28.56
232.13,0.43,100.04,0.00,0.00,0.00,0.00,0.00,0.00,0.00,0.00,0.00,233.20,0.20,27.43
237.00,0.44,103.27,0.00,0.00,0.00,0.00,0.00,0.00,0.00,0.00,0.00,233.89,0.20,28.85
236.66,0.43,102.58,0.00,0.00,0.00,0.00,0.00,0.00,0.00,0.00,0.00,235.78,0.20,28.60
235.84,0.43,101.64,0.00,0.00,0.00,0.00,0.00,0.00,0.00,0.00,0.00,235.67,0.20,28.31
234.51,0.43,101.27,0.00,0.00,0.00,0.00,0.00,0.00,0.00,0.00,0.00,234.55,0.20,28.01
234.60,0.43,101.65,0.00,0.00,0.00,0.00,0.00,0.00,0.00,0.00,0.00,235.15,0.20,28.42
236.05,0.43,102.35,0.00,0.00,0.00,0.00,0.00,0.00,0.00,0.00,0.00,236.54,0.20,29.32
235.29,0.43,102.07,0.00,0.00,0.00,0.00,0.00,0.00,0.00,0.00,0.00,234.99,0.20,28.48
234.87,0.43,101.58,0.00,0.00,0.00,0.00,0.00,0.00,0.00,0.00,0.00,236.19,0.20,28.31
234.84,0.44,102.16,0.00,0.00,0.00,0.00,0.00,0.00,0.00,0.00,0.00,235.68,0.20,29.14
235.15,0.43,101.96,0.00,0.00,0.00,0.00,0.00,0.00,0.00,0.00,0.00,236.95,0.20,28.69
235.76,0.43,101.05,0.00,0.00,0.00,0.00,0.00,0.00,0.00,0.00,0.00,230.77,0.19,26.86
233.21,0.44,101.47,0.00,0.00,0.00,0.00,0.00,0.00,0.00,0.00,0.00,235.22,0.20,29.01
235.30,0.43,101.27,0.00,0.00,0.00,0.00,0.00,0.00,0.00,0.00,0.00,234.81,0.20,28.17
236.46,0.43,102.28,0.00,0.00,0.00,0.00,0.00,0.00,0.00,0.00,0.00,236.46,0.20,28.60
233.99,0.44,101.83,0.00,0.00,0.00,0.00,0.00,0.00,0.00,0.00,0.00,235.72,0.20,28.95
234.81,0.43,101.64,0.00,0.00,0.00,0.00,0.00,0.00,0.00,0.00,0.00,235.99,0.20,28.14
235.45,0.43,101.60,0.00,0.00,0.00,0.00,0.00,0.00,0.00,0.00,0.00,235.90,0.20,28.14
233.34,0.44,102.40,0.00,0.00,0.00,0.00,0.00,0.00,0.00,0.00,0.00,239.94,0.20,30.46
234.04,0.43,101.43,0.00,0.00,0.00,0.00,0.00,0.00,0.00,0.00,0.00,235.95,0.20,28.55
235.42,0.44,102.73,0.00,0.00,0.00,0.00,0.00,0.00,0.00,0.00,0.00,238.44,0.20,29.46
236.78,0.44,103.07,0.00,0.00,0.00,0.00,0.00,0.00,0.00,0.00,0.00,236.63,0.20,29.05
234.86,0.43,101.95,0.00,0.00,0.00,0.00,0.00,0.00,0.00,0.00,0.00,236.79,0.20,28.53
233.51,0.43,101.11,0.00,0.00,0.00,0.00,0.00,0.00,0.00,0.00,0.00,234.14,0.20,28.35
232.90,0.44,101.62,0.00,0.00,0.00,0.00,0.00,0.00,0.00,0.00,0.00,237.69,0.20,29.67
235.42,0.43,102.36,0.00,0.00,0.00,0.00,0.00,0.00,0.00,0.00,0.00,235.54,0.20,28.80
232.33,0.43,101.01,0.00,0.00,0.00,0.00,0.00,0.00,0.00,0.00,0.00,235.90,0.20,28.51
235.68,0.44,102.73,0.00,0.00,0.00,0.00,0.00,0.00,0.00,0.00,0.00,237.08,0.20,29.36
233.72,0.44,102.80,0.00,0.00,0.00,0.00,0.00,0.00,0.00,0.00,0.00,235.85,0.20,29.78
232.77,0.43,101.25,0.00,0.00,0.00,0.00,0.00,0.00,0.00,0.00,0.00,234.96,0.20,29.01
233.03,0.43,101.28,0.00,0.00,0.00,0.00,0.00,0.00,0.00,0.00,0.00,234.95,0.20,28.15
234.31,0.44,102.13,0.00,0.00,0.00,0.00,0.00,0.00,0.00,0.00,0.00,235.86,0.20,28.95
236.71,0.43,102.48,0.00,0.00,0.00,0.00,0.00,0.00,0.00,0.00,0.00,235.89,0.20,28.78
234.97,0.43,101.39,0.00,0.00,0.00,0.00,0.00,0.00,0.00,0.00,0.00,234.19,0.20,27.74
235.28,0.44,102.81,0.00,0.00,0.00,0.00,0.00,0.00,0.00,0.00,0.00,238.88,0.20,29.64
235.83,0.43,102.58,0.00,0.00,0.00,0.00,0.00,0.00,0.00,0.00,0.00,236.65,0.20,29.02
234.42,0.43,101.18,0.00,0.00,0.00,0.00,0.00,0.00,0.00,0.00,0.00,230.16,0.20,27.60
236.16,0.43,102.38,0.00,0.00,0.00,0.00,0.00,0.00,0.00,0.00,0.00,233.79,0.20,28.31
235.28,0.44,102.64,0.00,0.00,0.00,0.00,0.00,0.00,0.00,0.00,0.00,236.98,0.20,29.17
235.51,0.43,102.39,0.00,0.00,0.00,0.00,0.00,0.00,0.00,0.00,0.00,235.57,0.20,28.99
235.57,0.43,101.95,0.00,0.00,0.00,0.00,0.00,0.00,0.00,0.00,0.00,234.93,0.20,28.34
235.02,0.43,102.17,0.00,0.00,0.00,0.00,0.00,0.00,0.00,0.00,0.00,235.31,0.20,28.98
235.29,0.44,102.51,0.00,0.00,0.00,0.00,0.00,0.00,0.00,0.00,0.00,236.57,0.20,29.21
234.80,0.43,101.76,0.00,0.00,0.00,0.00,0.00,0.00,0.00,0.00,0.00,236.07,0.20,28.27
234.36,0.43,101.54,0.00,0.00,0.00,0.00,0.00,0.00,0.00,0.00,0.00,234.81,0.20,27.85
234.90,0.44,102.28,0.00,0.00,0.00,0.00,0.00,0.00,0.00,0.00,0.00,235.47,0.20,29.10
235.36,0.43,101.49,0.00,0.00,0.00,0.00,0.00,0.00,0.00,0.00,0.00,235.43,0.20,28.03
232.01,0.43,100.52,0.00,0.00,0.00,0.00,0.00,0.00,0.00,0.00,0.00,236.39,0.20,28.52
238.48,0.43,103.40,0.00,0.00,0.00,0.00,0.00,0.00,0.00,0.00,0.00,236.31,0.20,28.69
236.16,0.44,102.73,0.00,0.00,0.00,0.00,0.00,0.00,0.00,0.00,0.00,237.55,0.20,28.88
235.59,0.44,102.65,0.00,0.00,0.00,0.00,0.00,0.00,0.00,0.00,0.00,237.45,0.20,28.95
238.91,0.43,103.28,0.00,0.00,0.00,0.00,0.00,0.00,0.00,0.00,0.00,236.11,0.20,28.57
237.41,0.43,102.96,0.00,0.00,0.00,0.00,0.00,0.00,0.00,0.00,0.00,235.86,0.20,28.76
234.25,0.43,101.16,0.00,0.00,0.00,0.00,0.00,0.00,0.00,0.00,0.00,234.81,0.20,28.03
236.71,0.44,103.16,0.00,0.00,0.00,0.00,0.00,0.00,0.00,0.00,0.00,238.35,0.20,29.38
235.94,0.43,101.59,0.00,0.00,0.00,0.00,0.00,0.00,0.00,0.00,0.00,234.21,0.20,27.62
235.78,0.43,102.55,0.00,0.00,0.00,0.00,0.00,0.00,0.00,0.00,0.00,235.86,0.20,28.92
234.86,0.43,101.87,0.00,0.00,0.00,0.00,0.00,0.00,0.00,0.00,0.00,236.46,0.20,28.77
233.58,0.43,100.83,0.00,0.00,0.00,0.00,0.00,0.00,0.00,0.00,0.00,235.49,0.20,27.97
234.75,0.44,102.32,0.00,0.00,0.00,0.00,0.00,0.00,0.00,0.00,0.00,235.27,0.20,29.30
235.44,0.43,101.57,0.00,0.00,0.00,0.00,0.00,0.00,0.00,0.00,0.00,236.15,0.20,28.73
232.31,0.43,100.14,0.00,0.00,0.00,0.00,0.00,0.00,0.00,0.00,0.00,236.19,0.20,28.28
235.31,0.43,101.71,0.00,0.00,0.00,0.00,0.00,0.00,0.00,0.00,0.00,236.31,0.20,28.35
235.48,0.43,101.63,0.00,0.00,0.00,0.00,0.00,0.00,0.00,0.00,0.00,236.20,0.20,28.19
235.16,0.43,101.68,0.00,0.00,0.00,0.00,0.00,0.00,0.00,0.00,0.00,236.85,0.20,28.57
234.39,0.43,101.42,0.00,0.00,0.00,0.00,0.00,0.00,0.00,0.00,0.00,236.54,0.20,28.71
234.96,0.44,102.42,0.00,0.00,0.00,0.00,0.00,0.00,0.00,0.00,0.00,238.32,0.20,29.47
235.75,0.43,102.41,0.00,0.00,0.00,0.00,0.00,0.00,0.00,0.00,0.00,236.54,0.20,28.92
233.92,0.44,102.01,0.00,0.00,0.00,0.00,0.00,0.00,0.00,0.00,0.00,236.06,0.20,29.56
233.81,0.43,101.57,0.00,0.00,0.00,0.00,0.00,0.00,0.00,0.00,0.00,236.31,0.20,28.84
233.53,0.43,101.52,0.00,0.00,0.00,0.00,0.00,0.00,0.00,0.00,0.00,241.00,0.20,29.28
235.37,0.43,102.08,0.00,0.00,0.00,0.00,0.00,0.00,0.00,0.00,0.00,234.11,0.20,28.26
235.44,0.43,102.04,0.00,0.00,0.00,0.00,0.00,0.00,0.00,0.00,0.00,236.84,0.20,28.95
234.39,0.43,101.51,0.00,0.00,0.00,0.00,0.00,0.00,0.00,0.00,0.00,235.92,0.20,28.67
234.25,0.44,101.94,0.00,0.00,0.00,0.00,0.00,0.00,0.00,0.00,0.00,235.02,0.20,28.87
236.03,0.43,102.49,0.00,0.00,0.00,0.00,0.00,0.00,0.00,0.00,0.00,236.31,0.20,29.17
235.03,0.43,101.75,0.00,0.00,0.00,0.00,0.00,0.00,0.00,0.00,0.00,235.71,0.20,28.81
235.19,0.43,101.71,0.00,0.00,0.00,0.00,0.00,0.00,0.00,0.00,0.00,235.35,0.20,28.35
235.37,0.43,102.07,0.00,0.00,0.00,0.00,0.00,0.00,0.00,0.00,0.00,239.07,0.20,29.20
232.27,0.43,100.30,0.00,0.00,0.00,0.00,0.00,0.00,0.00,0.00,0.00,234.95,0.20,28.01
233.90,0.43,101.04,0.00,0.00,0.00,0.00,0.00,0.00,0.00,0.00,0.00,236.01,0.20,28.03
236.36,0.44,103.00,0.00,0.00,0.00,0.00,0.00,0.00,0.00,0.00,0.00,236.70,0.20,29.31
230.00,0.43,99.43,0.00,0.00,0.00,0.00,0.00,0.00,0.00,0.00,0.00,237.25,0.20,28.37
233.09,0.44,101.90,0.00,0.00,0.00,0.00,0.00,0.00,0.00,0.00,0.00,239.55,0.20,29.82
231.85,0.43,100.80,0.00,0.00,0.00,0.00,0.00,0.00,0.00,0.00,0.00,236.70,0.20,28.82
234.09,0.43,101.24,0.00,0.00,0.00,0.00,0.00,0.00,0.00,0.00,0.00,235.62,0.20,28.13
235.74,0.43,101.91,0.00,0.00,0.00,0.00,0.00,0.00,0.00,0.00,0.00,236.07,0.20,28.64
234.77,0.44,102.77,0.00,0.00,0.00,0.00,0.00,0.00,0.00,0.00,0.00,239.72,0.20,30.09
236.38,0.44,103.46,0.00,0.00,0.00,0.00,0.00,0.00,0.00,0.00,0.00,238.51,0.20,29.71
232.98,0.43,101.11,0.00,0.00,0.00,0.00,0.00,0.00,0.00,0.00,0.00,236.12,0.20,28.84
235.76,0.43,101.44,0.00,0.00,0.00,0.00,0.00,0.00,0.00,0.00,0.00,234.25,0.20,27.74
233.70,0.43,101.23,0.00,0.00,0.00,0.00,0.00,0.00,0.00,0.00,0.00,236.99,0.20,29.01
232.96,0.44,101.59,0.00,0.00,0.00,0.00,0.00,0.00,0.00,0.00,0.00,236.54,0.20,29.13
233.81,0.43,101.43,0.00,0.00,0.00,0.00,0.00,0.00,0.00,0.00,0.00,235.65,0.20,28.60
235.15,0.43,102.21,0.00,0.00,0.00,0.00,0.00,0.00,0.00,0.00,0.00,235.21,0.20,28.63
236.53,0.43,101.09,0.00,0.00,0.00,0.00,0.00,0.00,0.00,0.00,0.00,232.79,0.19,27.22
234.62,0.43,101.71,0.00,0.00,0.00,0.00,0.00,0.00,0.00,0.00,0.00,236.22,0.20,28.55
237.68,0.44,103.75,0.00,0.00,0.00,0.00,0.00,0.00,0.00,0.00,0.00,236.62,0.20,29.12
235.91,0.43,102.17,0.00,0.00,0.00,0.00,0.00,0.00,0.00,0.00,0.00,235.19,0.20,28.28
234.92,0.44,102.48,0.00,0.00,0.00,0.00,0.00,0.00,0.00,0.00,0.00,236.45,0.20,29.17
234.21,0.43,101.50,0.00,0.00,0.00,0.00,0.00,0.00,0.00,0.00,0.00,234.81,0.20,28.61
231.70,0.43,100.68,0.00,0.00,0.00,0.00,0.00,0.00,0.00,0.00,0.00,235.77,0.20,28.61
233.52,0.44,101.63,0.00,0.00,0.00,0.00,0.00,0.00,0.00,0.00,0.00,235.53,0.20,28.67
236.86,0.43,102.91,0.00,0.00,0.00,0.00,0.00,0.00,0.00,0.00,0.00,238.94,0.20,29.29
233.28,0.43,101.17,0.00,0.00,0.00,0.00,0.00,0.00,0.00,0.00,0.00,235.28,0.20,28.39
233.48,0.43,101.55,0.00,0.00,0.00,0.00,0.00,0.00,0.00,0.00,0.00,237.97,0.20,29.25
235.42,0.43,102.00,0.00,0.00,0.00,0.00,0.00,0.00,0.00,0.00,0.00,236.56,0.20,28.53
233.83,0.43,101.09,0.00,0.00,0.00,0.00,0.00,0.00,0.00,0.00,0.00,235.44,0.20,28.65
234.42,0.43,101.41,0.00,0.00,0.00,0.00,0.00,0.00,0.00,0.00,0.00,233.49,0.20,28.08
235.99,0.43,101.96,0.00,0.00,0.00,0.00,0.00,0.00,0.00,0.00,0.00,235.65,0.20,28.24
233.83,0.43,101.33,0.00,0.00,0.00,0.00,0.00,0.00,0.00,0.00,0.00,236.73,0.20,29.13
235.27,0.43,101.69,0.00,0.00,0.00,0.00,0.00,0.00,0.00,0.00,0.00,234.58,0.20,28.07
236.01,0.43,102.44,0.00,0.00,0.00,0.00,0.00,0.00,0.00,0.00,0.00,236.54,0.20,28.68
234.60,0.44,102.14,0.00,0.00,0.00,0.00,0.00,0.00,0.00,0.00,0.00,236.17,0.20,29.21
234.91,0.43,101.15,0.00,0.00,0.00,0.00,0.00,0.00,0.00,0.00,0.00,236.92,0.20,27.94
234.94,0.43,102.01,0.00,0.00,0.00,0.00,0.00,0.00,0.00,0.00,0.00,234.82,0.20,28.22
236.77,0.43,102.36,0.00,0.00,0.00,0.00,0.00,0.00,0.00,0.00,0.00,235.35,0.20,28.78
234.23,0.43,101.03,0.00,0.00,0.00,0.00,0.00,0.00,0.00,0.00,0.00,236.83,0.20,28.42
232.59,0.43,99.75,0.00,0.00,0.00,0.00,0.00,0.00,0.00,0.00,0.00,234.08,0.19,27.55
233.63,0.43,101.10,0.00,0.00,0.00,0.00,0.00,0.00,0.00,0.00,0.00,235.62,0.20,28.65
235.77,0.44,102.84,0.00,0.00,0.00,0.00,0.00,0.00,0.00,0.00,0.00,236.36,0.20,29.36
233.85,0.43,101.55,0.00,0.00,0.00,0.00,0.00,0.00,0.00,0.00,0.00,235.89,0.20,28.46
235.25,0.44,102.38,0.00,0.00,0.00,0.00,0.00,0.00,0.00,0.00,0.00,238.80,0.20,29.33
232.64,0.43,100.93,0.00,0.00,0.00,0.00,0.00,0.00,0.00,0.00,0.00,236.58,0.20,28.81
234.14,0.43,101.37,0.00,0.00,0.00,0.00,0.00,0.00,0.00,0.00,0.00,236.56,0.20,28.81
234.62,0.43,101.60,0.00,0.00,0.00,0.00,0.00,0.00,0.00,0.00,0.00,236.40,0.20,28.56
234.21,0.43,101.23,0.00,0.00,0.00,0.00,0.00,0.00,0.00,0.00,0.00,236.53,0.20,28.46
234.83,0.43,101.65,0.00,0.00,0.00,0.00,0.00,0.00,0.00,0.00,0.00,236.55,0.20,28.69
234.22,0.43,101.05,0.00,0.00,0.00,0.00,0.00,0.00,0.00,0.00,0.00,236.08,0.20,28.31
235.59,0.43,102.07,0.00,0.00,0.00,0.00,0.00,0.00,0.00,0.00,0.00,237.18,0.20,28.82
236.69,0.44,103.13,0.00,0.00,0.00,0.00,0.00,0.00,0.00,0.00,0.00,238.31,0.20,29.03
235.00,0.43,101.90,0.00,0.00,0.00,0.00,0.00,0.00,0.00,0.00,0.00,234.30,0.20,28.18
237.36,0.66,156.65,238.75,0.23,53.20,0.00,0.00,0.00,0.00,0.00,0.00,235.83,0.20,28.76
234.57,0.66,153.65,235.14,0.22,51.43,0.00,0.00,0.00,0.00,0.00,0.00,236.10,0.20,28.71
234.52,0.65,153.33,236.54,0.22,52.00,0.00,0.00,0.00,0.00,0.00,0.00,232.13,0.20,28.04
234.39,0.66,154.46,235.90,0.22,52.61,0.00,0.00,0.00,0.00,0.00,0.00,234.83,0.20,28.65
232.81,0.66,152.61,235.83,0.22,51.86,0.00,0.00,0.00,0.00,0.00,0.00,233.52,0.20,28.05
235.02,0.66,154.80,238.09,0.23,52.81,0.00,0.00,0.00,0.00,0.00,0.00,235.14,0.20,28.50
235.42,0.66,154.52,235.07,0.22,51.39,0.00,0.00,0.00,0.00,0.00,0.00,234.28,0.20,28.83
234.27,0.66,153.79,237.25,0.22,52.17,0.00,0.00,0.00,0.00,0.00,0.00,231.30,0.20,27.56
234.78,0.66,155.49,237.55,0.22,52.57,0.00,0.00,0.00,0.00,0.00,0.00,240.10,0.20,30.09
232.31,0.66,152.86,236.01,0.22,51.79,0.00,0.00,0.00,0.00,0.00,0.00,237.67,0.20,29.35
235.94,0.66,155.33,238.01,0.22,52.86,0.00,0.00,0.00,0.00,0.00,0.00,236.28,0.20,29.03
232.39,0.65,150.99,235.39,0.22,51.32,0.00,0.00,0.00,0.00,0.00,0.00,232.30,0.19,27.50
233.11,0.66,152.97,235.98,0.22,51.86,0.00,0.00,0.00,0.00,0.00,0.00,234.13,0.20,28.52
235.85,0.66,155.81,237.77,0.22,52.70,0.00,0.00,0.00,0.00,0.00,0.00,239.29,0.20,29.89
234.09,0.65,152.66,235.15,0.22,51.16,0.00,0.00,0.00,0.00,0.00,0.00,235.17,0.20,28.35
234.91,0.66,154.23,238.44,0.22,52.92,0.00,0.00,0.00,0.00,0.00,0.00,232.89,0.20,27.93
235.69,0.66,155.67,241.02,0.23,53.82,0.00,0.00,0.00,0.00,0.00,0.00,235.35,0.20,29.20
228.17,0.66,150.27,237.44,0.22,52.49,0.00,0.00,0.00,0.00,0.00,0.00,234.40,0.20,28.94
235.27,0.66,154.14,235.94,0.22,51.74,0.00,0.00,0.00,0.00,0.00,0.00,235.86,0.20,28.48
235.23,0.66,154.78,236.13,0.22,51.95,0.00,0.00,0.00,0.00,0.00,0.00,234.82,0.20,28.77
228.55,0.65,149.14,235.49,0.22,51.62,0.00,0.00,0.00,0.00,0.00,0.00,234.19,0.20,27.95
234.26,0.66,153.80,236.35,0.22,52.19,0.00,0.00,0.00,0.00,0.00,0.00,232.90,0.20,28.11
235.37,0.66,154.30,234.40,0.22,51.20,0.00,0.00,0.00,0.00,0.00,0.00,236.37,0.20,28.69
234.51,0.66,153.94,236.02,0.22,51.60,0.00,0.00,0.00,0.00,0.00,0.00,234.59,0.20,28.60
232.80,0.66,153.36,237.84,0.22,52.62,0.00,0.00,0.00,0.00,0.00,0.00,235.38,0.20,28.97
233.96,0.66,153.86,236.34,0.22,51.78,0.00,0.00,0.00,0.00,0.00,0.00,234.88,0.20,29.19
234.52,0.65,152.62,236.14,0.22,51.74,0.00,0.00,0.00,0.00,0.00,0.00,233.22,0.19,27.49
235.20,0.66,154.30,238.13,0.22,52.82,0.00,0.00,0.00,0.00,0.00,0.00,233.35,0.20,28.22
234.78,0.66,154.62,237.66,0.22,52.48,0.00,0.00,0.00,0.00,0.00,0.00,235.58,0.20,29.30
234.64,0.66,154.29,234.33,0.22,51.35,0.00,0.00,0.00,0.00,0.00,0.00,235.32,0.20,29.36
233.76,0.66,154.53,236.80,0.22,52.42,0.00,0.00,0.00,0.00,0.00,0.00,238.45,0.20,29.96
236.44,0.66,156.14,238.74,0.22,52.94,0.00,0.00,0.00,0.00,0.00,0.00,236.36,0.20,29.26
234.69,0.65,153.19,235.67,0.22,51.74,0.00,0.00,0.00,0.00,0.00,0.00,234.98,0.20,28.24
232.58,0.66,152.73,236.66,0.22,51.89,0.00,0.00,0.00,0.00,0.00,0.00,233.93,0.20,28.58
235.89,0.66,154.55,236.03,0.22,52.01,0.00,0.00,0.00,0.00,0.00,0.00,235.36,0.20,28.53
234.33,0.66,153.64,234.60,0.22,50.98,0.00,0.00,0.00,0.00,0.00,0.00,238.22,0.20,29.66
233.38,0.65,152.67,235.75,0.22,51.72,0.00,0.00,0.00,0.00,0.00,0.00,234.63,0.20,28.44
232.72,0.66,152.55,237.56,0.22,52.44,0.00,0.00,0.00,0.00,0.00,0.00,234.46,0.20,28.09
235.59,0.66,155.41,236.83,0.22,52.57,0.00,0.00,0.00,0.00,0.00,0.00,235.55,0.20,29.12
236.45,0.66,156.04,238.98,0.22,53.23,0.00,0.00,0.00,0.00,0.00,0.00,234.75,0.20,28.88
233.72,0.66,154.02,234.94,0.22,51.14,0.00,0.00,0.00,0.00,0.00,0.00,235.54,0.20,29.69
234.00,0.66,153.42,235.18,0.22,51.20,0.00,0.00,0.00,0.00,0.00,0.00,233.83,0.20,28.80
236.18,0.66,156.03,237.31,0.22,52.49,0.00,0.00,0.00,0.00,0.00,0.00,236.68,0.20,29.70
233.63,0.66,153.05,236.31,0.22,51.82,0.00,0.00,0.00,0.00,0.00,0.00,235.06,0.20,29.04
234.41,0.65,152.98,235.72,0.22,51.54,0.00,0.00,0.00,0.00,0.00,0.00,233.32,0.20,27.73
234.97,0.65,153.53,236.45,0.22,51.52,0.00,0.00,0.00,0.00,0.00,0.00,234.19,0.20,28.47
233.29,0.66,153.09,240.35,0.23,53.70,0.00,0.00,0.00,0.00,0.00,0.00,233.61,0.20,27.84
232.70,0.66,152.44,235.31,0.22,51.40,0.00,0.00,0.00,0.00,0.00,0.00,235.10,0.20,28.90
232.68,0.65,151.53,234.59,0.22,50.75,0.00,0.00,0.00,0.00,0.00,0.00,234.52,0.20,28.33
233.65,0.65,153.04,237.35,0.22,52.27,0.00,0.00,0.00,0.00,0.00,0.00,232.49,0.20,27.89
232.63,0.66,152.72,236.99,0.22,52.04,0.00,0.00,0.00,0.00,0.00,0.00,235.06,0.20,28.67
235.55,0.66,154.58,235.50,0.22,51.49,0.00,0.00,0.00,0.00,0.00,0.00,234.71,0.20,28.59
233.53,0.66,153.03,237.04,0.22,52.43,0.00,0.00,0.00,0.00,0.00,0.00,234.55,0.20,28.30
234.32,0.65,152.46,236.18,0.22,51.75,0.00,0.00,0.00,0.00,0.00,0.00,232.56,0.19,27.43
233.89,0.66,153.47,237.03,0.22,52.47,0.00,0.00,0.00,0.00,0.00,0.00,234.26,0.20,28.45
234.73,0.66,154.06,235.92,0.22,51.87,0.00,0.00,0.00,0.00,0.00,0.00,234.22,0.20,29.06
231.48,0.65,151.35,234.74,0.22,51.08,0.00,0.00,0.00,0.00,0.00,0.00,234.14,0.20,28.67
234.33,0.66,153.62,236.74,0.22,51.86,0.00,0.00,0.00,0.00,0.00,0.00,233.57,0.20,28.64
235.68,0.65,154.13,236.74,0.22,51.79,0.00,0.00,0.00,0.00,0.00,0.00,232.54,0.20,28.37
235.81,0.66,155.12,236.59,0.22,51.99,0.00,0.00,0.00,0.00,0.00,0.00,235.20,0.20,29.17
233.77,0.65,152.56,234.56,0.22,50.79,0.00,0.00,0.00,0.00,0.00,0.00,234.84,0.20,28.53
233.85,0.66,153.65,237.25,0.22,52.43,0.00,0.00,0.00,0.00,0.00,0.00,233.49,0.20,28.64
233.99,0.66,154.72,237.81,0.22,52.57,0.00,0.00,0.00,0.00,0.00,0.00,236.74,0.20,29.75
234.09,0.66,153.62,236.80,0.22,51.97,0.00,0.00,0.00,0.00,0.00,0.00,238.11,0.20,29.84
234.08,0.65,152.91,236.11,0.22,51.74,0.00,0.00,0.00,0.00,0.00,0.00,233.46,0.20,27.96
232.67,0.66,152.42,236.92,0.22,51.99,0.00,0.00,0.00,0.00,0.00,0.00,232.99,0.20,28.62
235.57,0.66,154.53,237.16,0.22,51.96,0.00,0.00,0.00,0.00,0.00,0.00,235.53,0.20,28.77
235.96,0.66,155.27,237.64,0.22,52.62,0.00,0.00,0.00,0.00,0.00,0.00,236.13,0.20,28.72
233.84,0.65,152.57,234.40,0.22,50.89,0.00,0.00,0.00,0.00,0.00,0.00,234.10,0.20,28.54
234.08,0.65,152.97,236.76,0.22,52.04,0.00,0.00,0.00,0.00,0.00,0.00,234.81,0.20,27.54
234.86,0.66,153.89,236.26,0.22,51.67,0.00,0.00,0.00,0.00,0.00,0.00,234.27,0.20,28.63
234.28,0.65,152.80,234.96,0.22,50.97,0.00,0.00,0.00,0.00,0.00,0.00,235.20,0.20,28.35
232.81,0.65,152.32,236.05,0.22,51.77,0.00,0.00,0.00,0.00,0.00,0.00,233.40,0.20,28.17
232.94,0.65,151.33,234.98,0.22,50.89,0.00,0.00,0.00,0.00,0.00,0.00,234.01,0.20,28.00
236.54,0.66,156.48,237.18,0.22,52.47,0.00,0.00,0.00,0.00,0.00,0.00,240.29,0.20,30.80
234.97,0.65,153.75,236.24,0.22,51.82,0.00,0.00,0.00,0.00,0.00,0.00,235.24,0.20,28.27
234.19,0.65,152.88,237.18,0.22,52.40,0.00,0.00,0.00,0.00,0.00,0.00,234.24,0.20,27.65
235.17,0.66,154.17,237.90,0.22,52.54,0.00,0.00,0.00,0.00,0.00,0.00,235.40,0.20,28.58
235.49,0.66,154.63,238.03,0.22,52.80,0.00,0.00,0.00,0.00,0.00,0.00,234.41,0.20,28.29
231.71,0.65,151.16,237.59,0.22,52.49,0.00,0.00,0.00,0.00,0.00,0.00,233.63,0.19,27.32
234.88,0.66,154.46,237.74,0.22,52.50,0.00,0.00,0.00,0.00,0.00,0.00,234.84,0.20,28.83
235.67,0.66,155.65,241.54,0.23,54.70,0.00,0.00,0.00,0.00,0.00,0.00,234.26,0.20,28.04
229.05,0.66,150.18,236.11,0.22,51.65,0.00,0.00,0.00,0.00,0.00,0.00,234.69,0.20,28.54
233.03,0.66,152.65,238.52,0.22,52.50,0.00,0.00,0.00,0.00,0.00,0.00,233.87,0.20,28.25
235.40,0.66,155.27,236.51,0.22,51.76,0.00,0.00,0.00,0.00,0.00,0.00,235.89,0.20,29.78
232.76,0.65,152.44,235.48,0.22,51.57,0.00,0.00,0.00,0.00,0.00,0.00,234.91,0.20,28.78
233.81,0.66,153.57,237.27,0.22,52.27,0.00,0.00,0.00,0.00,0.00,0.00,232.95,0.20,28.73
235.11,0.65,153.95,238.70,0.22,52.47,0.00,0.00,0.00,0.00,0.00,0.00,234.89,0.20,28.30
234.88,0.66,154.63,235.11,0.22,51.35,0.00,0.00,0.00,0.00,0.00,0.00,235.47,0.20,29.42
233.08,0.66,153.21,236.68,0.22,51.96,0.00,0.00,0.00,0.00,0.00,0.00,234.35,0.20,28.92
236.24,0.66,155.22,237.80,0.22,52.48,0.00,0.00,0.00,0.00,0.00,0.00,234.33,0.20,28.91
233.29,0.65,152.12,234.63,0.22,50.67,0.00,0.00,0.00,0.00,0.00,0.00,236.21,0.20,28.72
233.31,0.65,152.52,236.08,0.22,51.78,0.00,0.00,0.00,0.00,0.00,0.00,232.35,0.20,27.83
232.91,0.65,152.52,237.77,0.22,52.44,0.00,0.00,0.00,0.00,0.00,0.00,233.47,0.20,28.01
231.13,0.66,151.92,232.81,0.22,50.84,0.00,0.00,0.00,0.00,0.00,0.00,236.31,0.20,29.51
233.20,0.65,152.28,235.39,0.22,51.19,0.00,0.00,0.00,0.00,0.00,0.00,235.00,0.20,28.60
234.42,0.66,153.95,237.30,0.22,52.53,0.00,0.00,0.00,0.00,0.00,0.00,233.34,0.20,28.13
234.92,0.66,155.09,237.26,0.22,52.59,0.00,0.00,0.00,0.00,0.00,0.00,239.38,0.20,29.95
235.12,0.66,154.45,235.97,0.22,51.85,0.00,0.00,0.00,0.00,0.00,0.00,235.25,0.20,29.22
234.16,0.65,152.49,234.16,0.22,50.93,0.00,0.00,0.00,0.00,0.00,0.00,233.69,0.20,27.92
229.28,0.65,150.16,237.65,0.22,52.43,0.00,0.00,0.00,0.00,0.00,0.00,233.33,0.20,28.11
233.84,0.66,153.79,237.65,0.22,52.39,0.00,0.00,0.00,0.00,0.00,0.00,235.50,0.20,28.97
233.41,0.66,152.88,235.25,0.22,51.02,0.00,0.00,0.00,0.00,0.00,0.00,237.71,0.20,29.64
231.56,0.66,151.82,236.73,0.22,52.00,0.00,0.00,0.00,0.00,0.00,0.00,235.94,0.20,28.69
238.00,0.66,156.53,237.14,0.22,52.23,0.00,0.00,0.00,0.00,0.00,0.00,235.48,0.20,28.90
240.62,0.66,158.22,238.05,0.22,52.69,0.00,0.00,0.00,0.00,0.00,0.00,234.73,0.20,28.54
234.41,0.66,153.68,236.06,0.22,51.76,0.00,0.00,0.00,0.00,0.00,0.00,236.91,0.20,29.18
230.06,0.66,151.26,236.26,0.22,51.90,0.00,0.00,0.00,0.00,0.00,0.00,233.67,0.20,28.86
234.67,0.65,153.44,236.03,0.22,51.66,0.00,0.00,0.00,0.00,0.00,0.00,234.96,0.20,28.13
235.66,0.65,154.18,235.92,0.22,51.72,0.00,0.00,0.00,0.00,0.00,0.00,234.15,0.20,28.44
234.76,0.65,152.24,234.05,0.22,50.54,0.00,0.00,0.00,0.00,0.00,0.00,233.28,0.20,27.71
233.88,0.66,154.00,237.27,0.22,52.23,0.00,0.00,0.00,0.00,0.00,0.00,234.78,0.20,28.92
235.68,0.65,154.31,237.55,0.22,52.27,0.00,0.00,0.00,0.00,0.00,0.00,234.55,0.20,28.57
234.61,0.66,154.18,236.47,0.22,52.15,0.00,0.00,0.00,0.00,0.00,0.00,235.51,0.20,28.87
232.29,0.66,152.82,234.97,0.22,51.58,0.00,0.00,0.00,0.00,0.00,0.00,236.09,0.20,29.27
233.07,0.65,152.44,235.58,0.22,51.37,0.00,0.00,0.00,0.00,0.00,0.00,235.53,0.20,29.01
234.48,0.66,153.84,237.19,0.22,52.18,0.00,0.00,0.00,0.00,0.00,0.00,234.87,0.20,28.43
233.47,0.66,153.54,236.70,0.22,52.19,0.00,0.00,0.00,0.00,0.00,0.00,234.80,0.20,28.88
229.38,0.65,150.18,236.82,0.22,52.32,0.00,0.00,0.00,0.00,0.00,0.00,232.99,0.20,27.91
238.02,0.66,156.95,237.55,0.22,52.47,0.00,0.00,0.00,0.00,0.00,0.00,234.65,0.20,29.28
235.56,0.66,155.08,236.72,0.22,52.09,0.00,0.00,0.00,0.00,0.00,0.00,236.33,0.20,29.25
234.43,0.65,153.49,236.11,0.22,51.73,0.00,0.00,0.00,0.00,0.00,0.00,234.14,0.20,28.26
234.48,0.66,153.70,238.08,0.22,52.68,0.00,0.00,0.00,0.00,0.00,0.00,235.24,0.20,28.18
234.69,0.66,154.37,237.44,0.22,52.35,0.00,0.00,0.00,0.00,0.00,0.00,236.49,0.20,29.00
235.27,0.66,154.11,236.93,0.22,51.93,0.00,0.00,0.00,0.00,0.00,0.00,234.78,0.20,28.42
235.05,0.65,152.72,235.02,0.22,50.77,0.00,0.00,0.00,0.00,0.00,0.00,235.29,0.20,28.59
235.14,0.66,154.64,235.36,0.22,51.22,0.00,0.00,0.00,0.00,0.00,0.00,238.64,0.20,29.76
233.00,0.66,152.95,237.18,0.22,52.35,0.00,0.00,0.00,0.00,0.00,0.00,233.73,0.20,28.06
236.52,0.66,155.48,237.80,0.22,52.50,0.00,0.00,0.00,0.00,0.00,0.00,235.09,0.20,28.83
233.55,0.66,153.04,236.01,0.22,51.82,0.00,0.00,0.00,0.00,0.00,0.00,234.45,0.20,28.34
234.89,0.66,153.86,237.53,0.22,52.50,0.00,0.00,0.00,0.00,0.00,0.00,235.62,0.20,28.31
235.06,0.66,154.77,236.95,0.22,52.29,0.00,0.00,0.00,0.00,0.00,0.00,235.43,0.20,29.10
234.36,0.65,153.49,237.55,0.22,52.37,0.00,0.00,0.00,0.00,0.00,0.00,234.91,0.20,28.16
234.21,0.65,153.35,237.53,0.22,52.46,0.00,0.00,0.00,0.00,0.00,0.00,235.40,0.20,28.34
234.76,0.65,152.97,235.85,0.22,51.36,0.00,0.00,0.00,0.00,0.00,0.00,233.65,0.20,27.89
235.81,0.66,154.82,237.01,0.22,52.23,0.00,0.00,0.00,0.00,0.00,0.00,236.66,0.20,28.80
235.11,0.66,154.33,236.62,0.22,51.95,0.00,0.00,0.00,0.00,0.00,0.00,234.58,0.20,28.34
234.58,0.66,153.90,237.92,0.22,52.69,0.00,0.00,0.00,0.00,0.00,0.00,234.08,0.20,28.16
235.47,0.66,154.64,236.65,0.22,52.14,0.00,0.00,0.00,0.00,0.00,0.00,236.83,0.20,28.83
229.56,0.66,150.41,235.24,0.22,51.48,0.00,0.00,0.00,0.00,0.00,0.00,233.62,0.20,28.25
235.50,0.66,154.89,236.74,0.22,52.24,0.00,0.00,0.00,0.00,0.00,0.00,235.99,0.20,28.91
234.84,0.65,153.69,234.68,0.22,50.88,0.00,0.00,0.00,0.00,0.00,0.00,239.02,0.20,29.60
233.99,0.66,154.17,237.70,0.22,52.63,0.00,0.00,0.00,0.00,0.00,0.00,235.19,0.20,28.76
229.30,0.65,149.59,236.19,0.22,51.77,0.00,0.00,0.00,0.00,0.00,0.00,233.58,0.20,28.10
233.04,0.66,152.97,237.19,0.22,52.24,0.00,0.00,0.00,0.00,0.00,0.00,233.35,0.20,28.11
235.98,0.66,155.70,238.06,0.22,52.87,0.00,0.00,0.00,0.00,0.00,0.00,235.65,0.20,29.33
232.47,0.66,153.25,235.55,0.22,51.70,0.00,0.00,0.00,0.00,0.00,0.00,235.32,0.20,29.24
234.71,0.65,153.08,236.82,0.22,52.08,0.00,0.00,0.00,0.00,0.00,0.00,234.73,0.20,27.87
234.85,0.65,153.29,235.17,0.22,51.14,0.00,0.00,0.00,0.00,0.00,0.00,234.68,0.20,28.40
233.39,0.65,152.40,234.79,0.22,51.23,0.00,0.00,0.00,0.00,0.00,0.00,234.03,0.20,28.04
234.57,0.66,154.72,236.57,0.22,51.97,0.00,0.00,0.00,0.00,0.00,0.00,237.96,0.20,29.89
236.06,0.66,155.39,236.80,0.22,52.25,0.00,0.00,0.00,0.00,0.00,0.00,235.34,0.20,28.95
234.27,0.65,152.61,234.65,0.22,50.95,0.00,0.00,0.00,0.00,0.00,0.00,233.03,0.20,28.18
234.11,0.66,154.19,237.64,0.22,52.66,0.00,0.00,0.00,0.00,0.00,0.00,233.98,0.20,28.54
235.60,0.65,154.28,236.90,0.22,52.23,0.00,0.00,0.00,0.00,0.00,0.00,235.87,0.20,28.65
233.85,0.66,153.59,237.74,0.22,52.70,0.00,0.00,0.00,0.00,0.00,0.00,233.54,0.20,27.95
236.31,0.66,155.50,237.32,0.22,52.34,0.00,0.00,0.00,0.00,0.00,0.00,241.07,0.20,30.06
234.78,0.66,153.99,236.60,0.22,51.93,0.00,0.00,0.00,0.00,0.00,0.00,235.10,0.20,28.89
233.76,0.65,153.04,235.14,0.22,51.05,0.00,0.00,0.00,0.00,0.00,0.00,233.98,0.20,28.84
233.35,0.65,152.18,236.31,0.22,51.59,0.00,0.00,0.00,0.00,0.00,0.00,235.13,0.20,28.46
236.10,0.66,154.71,237.47,0.22,52.57,0.00,0.00,0.00,0.00,0.00,0.00,235.47,0.20,28.43
234.79,0.65,152.32,235.28,0.22,51.17,0.00,0.00,0.00,0.00,0.00,0.00,234.78,0.19,27.76
233.67,0.66,153.12,236.69,0.22,51.90,0.00,0.00,0.00,0.00,0.00,0.00,234.94,0.20,28.68
234.48,0.66,154.26,236.17,0.22,51.69,0.00,0.00,0.00,0.00,0.00,0.00,240.77,0.20,30.39
233.07,0.65,152.04,235.83,0.22,51.34,0.00,0.00,0.00,0.00,0.00,0.00,235.66,0.20,28.08
234.13,0.66,154.64,239.92,0.23,53.65,0.00,0.00,0.00,0.00,0.00,0.00,234.66,0.20,28.51
235.65,0.66,154.59,236.80,0.22,51.73,0.00,0.00,0.00,0.00,0.00,0.00,235.29,0.20,28.84
233.53,0.65,151.85,233.89,0.22,50.35,0.00,0.00,0.00,0.00,0.00,0.00,234.30,0.20,28.38
234.35,0.66,153.80,237.39,0.22,52.30,0.00,0.00,0.00,0.00,0.00,0.00,235.77,0.20,28.46
234.78,0.65,152.59,236.41,0.22,51.96,0.00,0.00,0.00,0.00,0.00,0.00,232.68,0.19,27.47
232.89,0.65,152.38,236.83,0.22,51.96,0.00,0.00,0.00,0.00,0.00,0.00,235.61,0.20,28.50
232.93,0.66,152.66,237.22,0.22,52.02,0.00,0.00,0.00,0.00,0.00,0.00,233.29,0.20,28.30
237.04,0.66,156.27,237.58,0.22,52.70,0.00,0.00,0.00,0.00,0.00,0.00,234.65,0.20,29.28
232.87,0.66,152.58,237.18,0.22,52.05,0.00,0.00,0.00,0.00,0.00,0.00,235.22,0.20,28.70
233.33,0.66,152.87,236.28,0.22,51.75,0.00,0.00,0.00,0.00,0.00,0.00,233.43,0.20,28.40
234.88,0.66,154.42,237.78,0.22,52.43,0.00,0.00,0.00,0.00,0.00,0.00,235.84,0.20,29.05
234.27,0.66,154.35,236.61,0.22,52.11,0.00,0.00,0.00,0.00,0.00,0.00,235.61,0.20,29.29
231.14,0.66,151.56,237.49,0.22,52.25,0.00,0.00,0.00,0.00,0.00,0.00,233.52,0.20,28.45
233.74,0.66,153.89,237.60,0.22,52.39,0.00,0.00,0.00,0.00,0.00,0.00,234.42,0.20,28.76
236.42,0.66,154.97,237.13,0.22,52.43,0.00,0.00,0.00,0.00,0.00,0.00,235.39,0.20,28.36
236.50,0.65,154.85,235.13,0.22,51.37,0.00,0.00,0.00,0.00,0.00,0.00,233.68,0.20,28.59
235.63,0.65,153.80,236.01,0.22,51.87,0.00,0.00,0.00,0.00,0.00,0.00,233.73,0.20,27.59
234.74,0.66,154.25,236.40,0.22,52.10,0.00,0.00,0.00,0.00,0.00,0.00,235.24,0.20,28.86
232.42,0.65,151.71,234.41,0.22,50.61,0.00,0.00,0.00,0.00,0.00,0.00,235.59,0.20,29.01
232.92,0.65,152.17,235.67,0.22,51.78,0.00,0.00,0.00,0.00,0.00,0.00,234.11,0.20,27.88
233.24,0.66,153.64,237.52,0.22,52.58,0.00,0.00,0.00,0.00,0.00,0.00,232.67,0.20,28.54
235.68,0.79,185.55,237.30,0.22,52.28,0.00,0.13,0.00,0.00,0.00,0.00,234.82,0.20,28.41
230.54,0.89,204.85,235.70,0.22,51.43,234.96,0.23,55.14,0.00,0.00,0.00,234.90,0.20,28.76
231.14,0.89,205.47,234.46,0.22,51.15,235.36,0.23,55.32,0.00,0.00,0.00,233.59,0.20,28.28
234.79,0.89,208.37,230.47,0.22,49.86,237.07,0.24,56.06,0.00,0.00,0.00,233.35,0.20,28.37
234.65,0.89,207.98,235.23,0.22,51.36,237.06,0.23,55.95,0.00,0.00,0.00,234.96,0.20,28.49
234.55,0.89,207.71,235.21,0.22,51.57,236.16,0.23,55.50,0.00,0.00,0.00,234.48,0.20,27.87
232.59,0.89,206.48,234.71,0.22,51.31,238.01,0.24,56.41,0.00,0.00,0.00,233.56,0.20,28.08
231.60,0.89,206.20,236.44,0.22,52.22,237.50,0.24,56.24,0.00,0.00,0.00,233.23,0.20,27.96
235.45,0.89,209.69,237.72,0.22,52.73,235.94,0.23,55.32,0.00,0.00,0.00,234.49,0.20,28.89
233.42,0.89,207.54,235.71,0.22,51.58,236.32,0.23,55.55,0.00,0.00,0.00,236.13,0.20,29.17
233.45,0.89,207.74,234.94,0.22,51.50,236.89,0.23,55.80,0.00,0.00,0.00,234.71,0.20,28.86
233.89,0.89,207.62,236.08,0.22,51.80,236.44,0.23,55.66,0.00,0.00,0.00,233.48,0.20,27.95
234.12,0.90,209.60,236.76,0.22,52.10,236.71,0.23,55.75,0.00,0.00,0.00,238.44,0.20,30.12
232.27,0.88,204.91,234.20,0.22,50.77,235.91,0.23,55.31,0.00,0.00,0.00,232.13,0.20,27.01
232.72,0.89,207.43,235.49,0.22,51.39,237.11,0.23,55.88,0.00,0.00,0.00,234.26,0.20,29.06
233.42,0.89,207.41,234.65,0.22,50.90,236.70,0.23,55.75,0.00,0.00,0.00,234.13,0.20,28.25
233.35,0.89,207.72,236.86,0.22,52.22,236.49,0.23,55.55,0.00,0.00,0.00,232.52,0.20,28.12
235.28,0.89,209.18,234.56,0.22,51.52,236.01,0.23,55.38,0.00,0.00,0.00,236.10,0.20,28.88
234.10,0.89,208.86,235.87,0.22,51.89,236.26,0.23,55.34,0.00,0.00,0.00,234.74,0.20,29.36
236.09,0.89,210.31,236.45,0.22,52.14,235.98,0.23,55.24,0.00,0.00,0.00,234.80,0.20,29.12
233.76,0.89,208.78,237.51,0.22,52.46,237.32,0.23,55.89,0.00,0.00,0.00,233.71,0.20,29.14
233.83,0.89,208.15,234.71,0.22,51.48,237.42,0.23,55.91,0.00,0.00,0.00,234.32,0.20,28.65
232.33,0.89,206.81,237.63,0.22,52.61,236.41,0.23,55.54,0.00,0.00,0.00,234.60,0.20,28.33
234.38,0.89,208.33,236.54,0.22,52.13,235.96,0.23,55.26,0.00,0.00,0.00,234.22,0.20,28.44
233.77,0.89,208.48,236.01,0.22,51.77,236.03,0.23,55.31,0.00,0.00,0.00,234.82,0.20,29.15
233.41,0.89,207.49,235.74,0.22,51.63,236.56,0.23,55.56,0.00,0.00,0.00,233.63,0.20,28.54
232.72,0.89,207.22,235.96,0.22,51.81,236.77,0.23,55.67,0.00,0.00,0.00,233.29,0.20,28.45
235.59,0.89,209.75,238.04,0.22,52.51,237.78,0.23,56.13,0.00,0.00,0.00,233.05,0.20,28.19
233.87,0.89,208.33,237.03,0.22,52.36,236.23,0.23,55.31,0.00,0.00,0.00,234.78,0.20,28.70
233.42,0.88,206.32,235.40,0.22,51.31,235.62,0.23,55.14,0.00,0.00,0.00,233.79,0.20,27.84
233.78,0.89,207.17,235.76,0.22,51.62,235.82,0.23,55.10,0.00,0.00,0.00,234.09,0.20,28.11
233.73,0.89,207.34,235.68,0.22,51.49,237.08,0.23,55.69,0.00,0.00,0.00,233.08,0.20,27.96
235.98,0.89,210.89,239.22,0.23,53.38,236.72,0.23,55.53,0.00,0.00,0.00,235.45,0.20,29.04
234.24,0.88,206.91,232.98,0.22,50.03,236.50,0.23,55.39,0.00,0.00,0.00,234.75,0.20,28.50
233.70,0.89,208.98,238.88,0.22,53.20,237.25,0.23,55.87,0.00,0.00,0.00,233.66,0.20,28.90
232.94,0.89,207.58,237.87,0.22,52.40,237.89,0.23,56.04,0.00,0.00,0.00,233.95,0.20,28.92
234.63,0.89,208.47,235.39,0.22,51.39,236.76,0.23,55.53,0.00,0.00,0.00,232.64,0.20,29.02
233.21,0.89,207.61,237.95,0.22,52.92,237.02,0.23,55.61,0.00,0.00,0.00,234.82,0.20,28.41
235.14,0.89,208.46,232.21,0.22,50.28,238.53,0.23,56.32,0.00,0.00,0.00,234.10,0.20,28.02
233.52,0.89,207.35,234.09,0.22,50.67,238.22,0.23,56.19,0.00,0.00,0.00,233.81,0.20,28.61
233.28,0.89,206.71,236.60,0.22,52.02,236.93,0.23,55.58,0.00,0.00,0.00,233.70,0.20,27.62
233.98,0.89,207.76,234.83,0.22,51.28,236.75,0.23,55.49,0.00,0.00,0.00,234.82,0.20,28.88
235.01,0.89,208.34,235.98,0.22,51.33,237.33,0.23,55.70,0.00,0.00,0.00,234.57,0.20,28.63
232.61,0.88,205.71,235.18,0.22,50.97,237.34,0.23,55.69,0.00,0.00,0.00,233.42,0.20,27.77
235.31,0.89,208.87,236.46,0.22,52.32,236.73,0.23,55.45,0.00,0.00,0.00,230.27,0.20,26.77
234.58,0.88,207.35,235.48,0.22,51.59,238.17,0.23,55.99,0.00,0.00,0.00,234.24,0.19,27.75
233.97,0.89,209.24,236.30,0.22,52.00,238.02,0.23,55.99,0.00,0.00,0.00,234.42,0.20,29.47
231.00,0.89,205.08,234.55,0.22,51.20,236.99,0.23,55.59,0.00,0.00,0.00,234.90,0.20,28.74
234.46,0.89,209.12,236.31,0.22,52.02,238.27,0.23,56.26,0.00,0.00,0.00,237.33,0.20,29.81
234.85,0.89,209.34,236.75,0.22,52.19,238.05,0.23,55.97,0.00,0.00,0.00,232.48,0.20,28.42
233.00,0.89,207.53,237.46,0.22,52.43,236.11,0.23,55.04,0.00,0.00,0.00,234.05,0.20,29.01
233.41,0.88,206.37,234.33,0.22,50.51,237.04,0.23,55.48,0.00,0.00,0.00,234.26,0.20,28.45
234.36,0.89,207.87,234.73,0.22,51.16,237.60,0.23,55.76,0.00,0.00,0.00,234.18,0.20,28.11
234.53,0.89,208.09,236.71,0.22,51.91,235.96,0.23,55.11,0.00,0.00,0.00,233.11,0.20,28.31
231.48,0.89,206.27,238.00,0.22,52.65,237.21,0.23,55.64,0.00,0.00,0.00,235.21,0.20,28.92
234.27,0.89,207.54,235.71,0.22,51.59,236.38,0.23,55.15,0.00,0.00,0.00,234.54,0.20,28.02
232.13,0.89,206.94,235.66,0.22,51.60,237.73,0.23,55.89,0.00,0.00,0.00,234.73,0.20,29.23
232.39,0.89,205.78,233.34,0.22,50.30,237.84,0.23,55.90,0.00,0.00,0.00,234.03,0.20,28.65
232.28,0.89,206.56,235.84,0.22,51.57,237.34,0.23,55.80,0.00,0.00,0.00,233.37,0.20,28.40
235.07,0.89,208.25,237.16,0.22,52.18,236.75,0.23,55.32,0.00,0.00,0.00,234.36,0.20,27.95
228.88,0.89,202.76,236.25,0.22,51.68,235.21,0.23,54.66,0.00,0.00,0.00,233.86,0.20,28.05
230.91,0.89,205.00,235.75,0.22,51.62,236.63,0.23,55.27,0.00,0.00,0.00,234.10,0.20,28.01
231.52,0.89,205.75,235.83,0.22,51.63,237.74,0.23,55.78,0.00,0.00,0.00,235.23,0.20,28.68
231.46,0.89,206.42,239.13,0.22,53.19,236.94,0.23,55.49,0.00,0.00,0.00,232.08,0.20,28.44
232.79,0.89,207.28,238.65,0.22,53.18,236.51,0.23,55.38,0.00,0.00,0.00,231.30,0.20,27.96
233.69,0.89,208.14,236.81,0.22,52.03,238.10,0.23,56.04,0.00,0.00,0.00,233.10,0.20,28.81
234.62,0.89,209.05,236.16,0.22,51.65,237.84,0.23,55.89,0.00,0.00,0.00,234.09,0.20,29.23
234.33,0.89,207.83,235.09,0.22,51.54,236.67,0.23,55.27,0.00,0.00,0.00,227.09,0.20,27.56
232.64,0.88,205.40,234.32,0.22,50.96,235.21,0.23,54.61,0.00,0.00,0.00,234.11,0.20,27.62
228.03,0.89,202.09,235.16,0.22,51.52,237.19,0.23,55.56,0.00,0.00,0.00,233.02,0.20,28.09
233.98,0.89,208.19,236.26,0.22,52.07,237.70,0.23,55.91,0.00,0.00,0.00,233.02,0.20,28.09
233.37,0.89,208.49,236.45,0.22,51.98,236.78,0.23,55.30,0.00,0.00,0.00,234.34,0.20,29.29
230.85,0.88,204.09,235.36,0.22,51.08,237.60,0.23,55.67,0.00,0.00,0.00,235.13,0.20,27.85
233.00,0.89,207.34,235.46,0.22,51.37,237.98,0.23,55.86,0.00,0.00,0.00,234.36,0.20,28.78
234.53,0.89,208.52,234.75,0.22,51.31,237.44,0.23,55.75,0.00,0.00,0.00,233.30,0.20,28.55
232.77,0.89,206.84,236.20,0.22,52.10,236.14,0.23,55.07,0.00,0.00,0.00,234.65,0.20,28.60
232.01,0.89,206.36,237.99,0.22,52.64,237.89,0.23,55.87,0.00,0.00,0.00,234.93,0.20,28.36
234.83,0.89,208.14,235.97,0.22,51.65,234.95,0.23,54.47,0.00,0.00,0.00,235.19,0.20,28.85
234.25,0.89,207.75,235.95,0.22,51.95,237.77,0.23,55.81,0.00,0.00,0.00,234.75,0.20,28.19
234.84,0.89,209.50,237.43,0.22,52.71,237.84,0.23,55.84,0.00,0.00,0.00,233.93,0.20,28.64
234.71,0.89,208.89,235.68,0.22,51.71,237.03,0.23,55.52,0.00,0.00,0.00,234.46,0.20,28.97
233.30,0.88,205.69,234.28,0.22,50.84,237.94,0.23,55.73,0.00,0.00,0.00,228.51,0.20,26.89
232.93,0.89,207.05,237.47,0.22,52.28,238.08,0.23,56.00,0.00,0.00,0.00,233.73,0.20,28.05
234.67,0.89,208.08,234.05,0.22,50.74,237.93,0.23,55.96,0.00,0.00,0.00,234.62,0.20,28.36
232.58,0.89,206.40,235.65,0.22,51.41,236.55,0.23,55.23,0.00,0.00,0.00,237.76,0.20,29.13
230.96,0.89,205.18,235.27,0.22,51.18,239.14,0.23,56.45,0.00,0.00,0.00,237.78,0.20,29.31
233.27,0.89,208.07,237.60,0.22,52.87,238.18,0.23,55.98,0.00,0.00,0.00,235.06,0.20,28.77
235.23,0.89,210.51,236.38,0.22,52.16,238.12,0.23,56.02,0.00,0.00,0.00,238.53,0.20,30.04
235.68,0.89,209.37,235.16,0.22,51.74,238.30,0.23,55.94,0.00,0.00,0.00,235.15,0.20,28.75
233.03,0.89,207.64,237.66,0.22,52.34,238.39,0.23,56.04,0.00,0.00,0.00,231.91,0.20,27.93
234.23,0.89,208.95,235.52,0.22,51.63,239.33,0.23,56.54,0.00,0.00,0.00,236.33,0.20,29.20
234.05,0.89,208.28,235.93,0.22,51.75,238.13,0.23,55.95,0.00,0.00,0.00,237.40,0.20,28.94
233.15,0.89,207.09,236.67,0.22,51.75,239.13,0.23,56.41,0.00,0.00,0.00,235.94,0.20,28.54
235.00,0.89,209.75,238.00,0.22,52.58,237.94,0.23,55.79,0.00,0.00,0.00,234.59,0.20,29.10
231.55,0.89,205.89,234.90,0.22,51.39,238.40,0.23,56.07,0.00,0.00,0.00,233.94,0.20,28.47
235.38,0.89,208.91,236.02,0.22,51.89,238.78,0.23,56.12,0.00,0.00,0.00,233.61,0.20,28.12
234.61,0.89,209.62,234.65,0.22,51.77,239.72,0.23,56.51,0.00,0.00,0.00,237.53,0.20,29.91
232.11,0.89,206.36,235.75,0.22,51.94,238.41,0.23,55.91,0.00,0.00,0.00,233.82,0.20,28.60
236.43,0.89,211.06,237.13,0.22,52.80,239.93,0.23,56.56,0.00,0.00,0.00,233.80,0.20,28.52
233.49,0.89,208.24,235.64,0.22,52.34,239.53,0.23,56.54,0.00,0.00,0.00,234.17,0.20,28.52
232.08,0.89,206.37,234.67,0.22,51.51,238.70,0.23,56.15,0.00,0.00,0.00,232.59,0.20,28.29
232.02,0.89,206.84,236.83,0.22,52.55,238.31,0.23,55.80,0.00,0.00,0.00,235.05,0.20,28.92
232.84,0.89,207.54,235.87,0.22,51.68,239.12,0.23,56.33,0.00,0.00,0.00,233.27,0.20,28.31
233.85,0.89,208.28,235.76,0.22,51.83,238.84,0.23,56.16,0.00,0.00,0.00,233.37,0.20,28.52
235.67,0.89,209.61,235.77,0.22,51.88,238.88,0.23,56.11,0.00,0.00,0.00,235.25,0.20,28.60
233.14,0.89,206.68,234.79,0.22,50.86,238.70,0.23,56.08,0.00,0.00,0.00,234.13,0.20,28.46
235.54,0.89,209.44,236.98,0.22,52.16,238.32,0.23,55.97,0.00,0.00,0.00,234.06,0.20,28.70
234.55,0.89,208.64,235.12,0.22,51.46,239.50,0.23,56.45,0.00,0.00,0.00,234.79,0.20,28.49
233.40,0.89,207.76,235.69,0.22,51.28,239.03,0.23,56.29,0.00,0.00,0.00,234.67,0.20,28.76
234.82,0.88,207.56,234.76,0.22,51.01,238.22,0.23,55.75,0.00,0.00,0.00,236.25,0.20,28.29
232.74,0.89,206.70,235.27,0.22,51.19,238.84,0.23,56.23,0.00,0.00,0.00,234.12,0.20,28.38
230.02,0.89,204.51,235.60,0.22,51.80,237.98,0.23,55.78,0.00,0.00,0.00,232.70,0.20,27.95
232.68,0.89,207.59,237.22,0.22,52.32,239.71,0.23,56.62,0.00,0.00,0.00,233.39,0.20,28.20
234.78,0.89,208.56,235.55,0.22,51.22,238.10,0.23,55.85,0.00,0.00,0.00,234.71,0.20,29.27
234.43,0.89,208.84,237.37,0.22,52.24,238.78,0.23,56.10,0.00,0.00,0.00,235.13,0.20,28.49
227.62,0.89,202.86,237.54,0.22,52.44,238.34,0.23,55.96,0.00,0.00,0.00,233.59,0.20,28.93
235.65,0.89,209.99,237.10,0.22,52.40,238.72,0.23,56.08,0.00,0.00,0.00,234.62,0.20,28.34
229.60,0.89,203.22,236.35,0.22,52.03,238.71,0.23,56.08,0.00,0.00,0.00,234.37,0.19,27.75
234.63,0.86,201.25,238.04,0.22,52.61,191.04,0.19,34.58,0.00,0.00,0.00,234.27,0.21,28.57
235.26,0.66,155.45,237.80,0.22,52.57,0.00,0.00,0.00,0.00,0.00,0.00,235.39,0.20,28.25
233.28,0.66,153.41,235.24,0.22,50.78,0.00,0.00,0.00,0.00,0.00,0.00,237.49,0.21,28.77
233.38,0.66,153.56,237.66,0.22,52.10,0.00,0.00,0.00,0.00,0.00,0.00,234.78,0.20,28.75
235.85,0.66,155.23,237.46,0.22,52.16,0.00,0.00,0.00,0.00,0.00,0.00,235.89,0.20,28.94
234.31,0.43,101.62,0.00,0.00,0.00,0.00,0.00,0.00,0.00,0.00,0.00,236.00,0.20,28.43
229.72,0.43,99.20,0.00,0.00,0.00,0.00,0.00,0.00,0.00,0.00,0.00,234.50,0.20,27.76
235.98,0.44,102.82,0.00,0.00,0.00,0.00,0.00,0.00,0.00,0.00,0.00,236.81,0.20,28.79
229.46,0.24,55.78,0.00,0.00,0.00,0.00,0.00,0.00,0.00,0.00,0.00,0.00,0.00,0.00
232.57,0.25,57.56,0.00,0.00,0.00,0.00,0.00,0.00,0.00,0.00,0.00,0.00,0.00,0.00
231.07,0.25,57.14,0.00,0.00,0.00,0.00,0.00,0.00,0.00,0.00,0.00,0.00,0.00,0.00
232.98,0.25,57.57,0.00,0.00,0.00,0.00,0.00,0.00,0.00,0.00,0.00,0.00,0.00,0.00
231.20,0.45,103.27,0.00,0.00,0.00,0.00,0.00,0.00,0.00,0.00,0.00,236.32,0.21,30.46
234.47,0.44,103.32,0.00,0.00,0.00,0.00,0.00,0.00,0.00,0.00,0.00,234.04,0.21,29.05
234.68,0.44,103.85,0.00,0.00,0.00,0.00,0.00,0.00,0.00,0.00,0.00,234.34,0.21,29.40
235.04,0.44,103.55,0.00,0.00,0.00,0.00,0.00,0.00,0.00,0.00,0.00,236.08,0.21,29.27
235.35,0.67,158.69,0.00,0.00,0.00,232.51,0.23,53.53,0.00,0.00,0.00,236.07,0.21,29.66
233.32,0.68,158.44,0.00,0.00,0.00,240.38,0.23,56.72,0.00,0.00,0.00,234.78,0.21,29.89
234.54,0.68,158.84,0.00,0.00,0.00,239.99,0.23,56.44,0.00,0.00,0.00,234.08,0.21,30.21
234.44,0.68,158.43,0.00,0.00,0.00,239.90,0.23,56.31,0.00,0.00,0.00,234.51,0.21,29.97
233.47,0.67,156.59,0.00,0.00,0.00,237.28,0.23,55.17,0.00,0.00,0.00,232.96,0.20,29.35
231.80,0.68,157.10,0.00,0.00,0.00,238.76,0.23,55.79,0.00,0.00,0.00,235.72,0.21,30.20
233.74,0.68,158.94,0.00,0.00,0.00,241.78,0.24,57.33,0.00,0.00,0.00,234.81,0.21,30.19
235.94,0.68,159.65,0.00,0.00,0.00,240.45,0.23,56.54,0.00,0.00,0.00,235.31,0.21,29.63
236.31,0.68,159.62,0.00,0.00,0.00,240.51,0.23,56.47,0.00,0.00,0.00,234.97,0.21,29.73
235.46,0.67,158.92,0.00,0.00,0.00,240.25,0.23,56.41,0.00,0.00,0.00,235.15,0.21,29.46
234.21,0.68,159.54,0.00,0.00,0.00,240.93,0.23,56.75,0.00,0.00,0.00,238.44,0.21,31.31
235.93,0.68,160.06,0.00,0.00,0.00,242.32,0.24,57.43,0.00,0.00,0.00,236.43,0.21,30.11
233.07,0.67,157.03,0.00,0.00,0.00,241.77,0.23,57.16,0.00,0.00,0.00,234.89,0.20,28.96
235.74,0.67,158.91,0.00,0.00,0.00,240.33,0.23,56.55,0.00,0.00,0.00,235.01,0.21,29.28
238.38,0.67,160.48,0.00,0.00,0.00,240.11,0.23,56.27,0.00,0.00,0.00,235.34,0.21,29.44
234.94,0.67,157.37,0.00,0.00,0.00,239.67,0.23,56.15,0.00,0.00,0.00,234.69,0.20,29.00
234.48,0.67,157.19,0.00,0.00,0.00,239.65,0.23,56.22,0.00,0.00,0.00,234.68,0.20,28.89
233.69,0.67,156.65,0.00,0.00,0.00,240.01,0.23,56.34,0.00,0.00,0.00,233.42,0.20,28.88
232.45,0.67,156.87,0.00,0.00,0.00,239.43,0.23,56.00,0.00,0.00,0.00,234.38,0.21,29.69
235.52,0.67,157.62,0.00,0.00,0.00,239.02,0.23,55.84,0.00,0.00,0.00,233.93,0.20,28.79
234.39,0.68,158.32,0.00,0.00,0.00,238.78,0.23,55.79,0.00,0.00,0.00,234.33,0.21,30.28
234.33,0.67,157.19,0.00,0.00,0.00,238.12,0.23,55.36,0.00,0.00,0.00,235.62,0.20,29.65
235.33,0.67,158.24,0.00,0.00,0.00,239.33,0.23,55.95,0.00,0.00,0.00,234.68,0.21,29.89
234.28,0.68,158.66,0.00,0.00,0.00,241.49,0.23,57.05,0.00,0.00,0.00,237.80,0.21,30.25
234.28,0.67,156.88,0.00,0.00,0.00,240.02,0.23,56.34,0.00,0.00,0.00,233.59,0.20,28.77
234.21,0.67,157.32,0.00,0.00,0.00,240.66,0.23,56.59,0.00,0.00,0.00,235.89,0.20,29.59
232.62,0.67,155.19,0.00,0.00,0.00,239.44,0.23,56.09,0.00,0.00,0.00,235.47,0.20,29.06
235.27,0.68,159.50,0.00,0.00,0.00,239.32,0.23,56.01,0.00,0.00,0.00,234.36,0.21,31.23
235.37,0.67,158.71,0.00,0.00,0.00,238.36,0.23,55.50,0.00,0.00,0.00,235.13,0.21,30.43
233.12,0.66,154.10,0.00,0.00,0.00,238.09,0.23,55.37,0.00,0.00,0.00,233.28,0.19,27.46
231.84,0.67,156.23,0.00,0.00,0.00,239.27,0.23,55.94,0.00,0.00,0.00,234.86,0.21,29.97
231.42,0.67,155.06,0.00,0.00,0.00,240.80,0.23,56.74,0.00,0.00,0.00,233.38,0.20,28.73
233.20,0.67,155.50,0.00,0.00,0.00,239.36,0.23,56.11,0.00,0.00,0.00,233.40,0.20,27.90
232.23,0.67,156.59,0.00,0.00,0.00,239.64,0.23,56.11,0.00,0.00,0.00,234.42,0.21,29.73
234.63,0.66,155.93,0.00,0.00,0.00,239.79,0.23,56.19,0.00,0.00,0.00,233.55,0.20,27.39
235.12,0.67,156.77,0.00,0.00,0.00,241.01,0.23,56.57,0.00,0.00,0.00,233.09,0.20,27.68
236.47,0.67,157.77,0.00,0.00,0.00,240.52,0.23,56.45,0.00,0.00,0.00,236.92,0.20,28.57
231.96,0.67,155.83,0.00,0.00,0.00,239.51,0.23,55.93,0.00,0.00,0.00,234.04,0.20,29.43
235.10,0.66,156.06,0.00,0.00,0.00,239.86,0.23,56.03,0.00,0.00,0.00,234.92,0.20,27.88
230.85,0.67,155.11,0.00,0.00,0.00,240.70,0.23,56.52,0.00,0.00,0.00,233.36,0.20,29.35
233.14,0.67,156.40,0.00,0.00,0.00,240.85,0.23,56.53,0.00,0.00,0.00,234.72,0.20,29.60
229.93,0.67,153.60,0.00,0.00,0.00,240.57,0.23,56.49,0.00,0.00,0.00,234.27,0.20,28.40
235.40,0.67,156.86,0.00,0.00,0.00,239.97,0.23,56.24,0.00,0.00,0.00,234.93,0.20,28.39
233.50,0.67,155.34,0.00,0.00,0.00,240.06,0.23,56.31,0.00,0.00,0.00,233.06,0.20,28.07
236.22,0.67,159.03,0.00,0.00,0.00,238.91,0.23,55.68,0.00,0.00,0.00,235.13,0.21,30.29
233.53,0.67,156.07,0.00,0.00,0.00,241.22,0.23,56.80,0.00,0.00,0.00,233.39,0.20,28.45
230.50,0.67,155.08,0.00,0.00,0.00,239.39,0.23,55.85,0.00,0.00,0.00,234.11,0.21,30.41
233.95,0.67,156.05,0.00,0.00,0.00,238.61,0.23,55.54,0.00,0.00,0.00,234.23,0.20,28.93
234.58,0.67,156.54,0.00,0.00,0.00,239.76,0.23,55.96,0.00,0.00,0.00,235.62,0.20,28.89
234.23,0.68,158.30,0.00,0.00,0.00,240.87,0.23,56.56,0.00,0.00,0.00,235.74,0.21,30.19
232.32,0.67,156.30,0.00,0.00,0.00,240.05,0.23,56.16,0.00,0.00,0.00,234.93,0.21,29.94
233.18,0.67,155.86,0.00,0.00,0.00,241.47,0.23,56.82,0.00,0.00,0.00,235.30,0.20,28.11
232.60,0.66,154.30,0.00,0.00,0.00,240.63,0.23,56.47,0.00,0.00,0.00,233.17,0.20,27.45
233.44,0.67,156.94,0.00,0.00,0.00,240.97,0.23,56.63,0.00,0.00,0.00,233.64,0.20,29.02
232.84,0.67,155.90,0.00,0.00,0.00,240.49,0.23,56.40,0.00,0.00,0.00,233.25,0.20,28.59
236.68,0.68,159.76,0.00,0.00,0.00,240.12,0.23,56.21,0.00,0.00,0.00,234.66,0.21,30.80
234.05,0.67,155.99,0.00,0.00,0.00,240.98,0.23,56.56,0.00,0.00,0.00,236.08,0.20,28.33
235.04,0.67,157.74,0.00,0.00,0.00,240.13,0.23,56.13,0.00,0.00,0.00,235.21,0.20,29.48
228.43,0.67,153.28,0.00,0.00,0.00,239.97,0.23,56.13,0.00,0.00,0.00,235.97,0.20,29.64
234.08,0.67,157.86,0.00,0.00,0.00,240.31,0.23,56.29,0.00,0.00,0.00,234.46,0.21,30.23
232.60,0.67,155.97,0.00,0.00,0.00,239.15,0.23,55.80,0.00,0.00,0.00,234.02,0.20,29.43
231.20,0.67,155.58,0.00,0.00,0.00,244.73,0.24,58.38,0.00,0.00,0.00,235.16,0.20,28.79
233.21,0.67,155.84,0.00,0.00,0.00,240.28,0.23,56.26,0.00,0.00,0.00,232.96,0.20,28.83
234.47,0.67,156.46,0.00,0.00,0.00,236.13,0.23,54.38,0.00,0.00,0.00,234.84,0.20,29.07
234.67,0.67,156.32,0.00,0.00,0.00,240.28,0.23,56.17,0.00,0.00,0.00,234.48,0.20,28.35
232.61,0.67,155.23,0.00,0.00,0.00,239.43,0.23,55.81,0.00,0.00,0.00,233.79,0.20,28.87
235.18,0.66,155.71,0.00,0.00,0.00,239.96,0.23,56.22,0.00,0.00,0.00,233.25,0.19,27.20
234.36,0.67,156.74,0.00,0.00,0.00,239.93,0.23,56.10,0.00,0.00,0.00,234.25,0.20,28.82
236.05,0.67,156.99,0.00,0.00,0.00,238.84,0.23,55.57,0.00,0.00,0.00,234.38,0.20,28.45
233.76,0.68,158.06,0.00,0.00,0.00,239.36,0.23,55.79,0.00,0.00,0.00,234.08,0.21,31.09
234.02,0.67,156.83,0.00,0.00,0.00,240.62,0.23,56.40,0.00,0.00,0.00,234.03,0.20,28.94
235.37,0.66,156.42,0.00,0.00,0.00,240.35,0.23,56.28,0.00,0.00,0.00,233.58,0.20,27.72
230.96,0.67,154.72,0.00,0.00,0.00,241.56,0.23,56.91,0.00,0.00,0.00,235.99,0.20,28.56
234.43,0.67,156.48,0.00,0.00,0.00,241.75,0.23,57.02,0.00,0.00,0.00,233.49,0.20,27.68
234.24,0.66,155.09,0.00,0.00,0.00,241.43,0.23,56.73,0.00,0.00,0.00,232.91,0.19,27.39
233.78,0.67,156.69,0.00,0.00,0.00,241.89,0.23,57.16,0.00,0.00,0.00,234.97,0.20,28.59
233.24,0.67,155.37,0.00,0.00,0.00,239.52,0.23,55.93,0.00,0.00,0.00,233.14,0.20,28.41
234.98,0.67,156.71,0.00,0.00,0.00,241.24,0.23,56.67,0.00,0.00,0.00,234.75,0.20,28.59
229.07,0.67,153.03,0.00,0.00,0.00,239.62,0.23,55.85,0.00,0.00,0.00,235.26,0.20,28.79
235.09,0.67,157.91,0.00,0.00,0.00,241.84,0.23,57.08,0.00,0.00,0.00,232.92,0.20,28.93
233.78,0.67,156.37,0.00,0.00,0.00,240.49,0.23,56.39,0.00,0.00,0.00,234.43,0.20,28.72
234.48,0.67,156.67,0.00,0.00,0.00,240.81,0.23,56.48,0.00,0.00,0.00,232.51,0.20,28.57
234.64,0.67,156.75,0.00,0.00,0.00,241.14,0.23,56.60,0.00,0.00,0.00,236.35,0.20,29.15
233.90,0.67,156.97,0.00,0.00,0.00,240.00,0.23,56.04,0.00,0.00,0.00,233.76,0.20,29.36
235.53,0.67,157.96,0.00,0.00,0.00,239.76,0.23,55.90,0.00,0.00,0.00,236.33,0.20,30.16
234.01,0.67,156.82,0.00,0.00,0.00,239.79,0.23,56.03,0.00,0.00,0.00,234.04,0.20,29.20
232.58,0.66,154.54,0.00,0.00,0.00,240.90,0.23,56.58,0.00,0.00,0.00,234.56,0.20,27.24
234.06,0.67,157.42,0.00,0.00,0.00,240.06,0.23,56.23,0.00,0.00,0.00,235.50,0.20,29.62
235.40,0.67,157.13,0.00,0.00,0.00,241.56,0.23,56.86,0.00,0.00,0.00,233.32,0.20,27.72
234.96,0.66,155.68,0.00,0.00,0.00,238.11,0.23,55.21,0.00,0.00,0.00,232.84,0.20,27.13
235.91,0.67,158.04,0.00,0.00,0.00,239.56,0.23,55.84,0.00,0.00,0.00,233.30,0.20,28.85
233.75,0.67,156.04,0.00,0.00,0.00,239.66,0.23,56.05,0.00,0.00,0.00,233.88,0.20,28.11
239.30,0.67,160.28,0.00,0.00,0.00,240.53,0.23,56.24,0.00,0.00,0.00,235.40,0.20,28.85
235.05,0.67,157.36,0.00,0.00,0.00,239.73,0.23,55.89,0.00,0.00,0.00,234.10,0.20,29.05
234.11,0.67,156.30,0.00,0.00,0.00,239.66,0.23,55.86,0.00,0.00,0.00,234.76,0.20,29.04
232.96,0.67,156.03,0.00,0.00,0.00,240.24,0.23,56.14,0.00,0.00,0.00,234.18,0.20,29.43
233.76,0.66,155.27,0.00,0.00,0.00,240.50,0.23,56.37,0.00,0.00,0.00,235.08,0.20,27.46
232.75,0.67,155.30,0.00,0.00,0.00,239.44,0.23,55.83,0.00,0.00,0.00,234.13,0.20,28.46
233.42,0.67,156.21,0.00,0.00,0.00,239.26,0.23,55.75,0.00,0.00,0.00,234.32,0.20,29.05
233.78,0.67,155.59,0.00,0.00,0.00,238.67,0.23,55.39,0.00,0.00,0.00,235.18,0.20,29.26
233.74,0.66,154.95,0.00,0.00,0.00,238.76,0.23,55.59,0.00,0.00,0.00,236.79,0.20,28.21
233.92,0.68,157.91,0.00,0.00,0.00,240.66,0.23,56.35,0.00,0.00,0.00,235.43,0.21,30.75
230.86,0.67,153.98,0.00,0.00,0.00,239.44,0.23,55.89,0.00,0.00,0.00,231.71,0.20,28.91
234.07,0.68,158.01,0.00,0.00,0.00,240.03,0.23,56.25,0.00,0.00,0.00,233.71,0.21,30.55
234.49,0.67,157.68,0.00,0.00,0.00,238.66,0.23,55.41,0.00,0.00,0.00,233.24,0.21,30.05
235.65,0.66,155.85,0.00,0.00,0.00,238.63,0.23,55.61,0.00,0.00,0.00,235.04,0.19,27.57
235.71,0.66,155.25,0.00,0.00,0.00,238.86,0.23,55.63,0.00,0.00,0.00,233.59,0.19,27.14
235.54,0.66,156.34,0.00,0.00,0.00,239.86,0.23,56.16,0.00,0.00,0.00,235.05,0.20,27.89
232.71,0.67,155.30,0.00,0.00,0.00,239.08,0.23,55.64,0.00,0.00,0.00,234.80,0.20,28.61
233.60,0.67,157.40,0.00,0.00,0.00,240.16,0.23,56.13,0.00,0.00,0.00,236.14,0.21,30.64
232.48,0.66,154.18,0.00,0.00,0.00,240.34,0.23,56.23,0.00,0.00,0.00,234.50,0.20,27.87
234.17,0.66,155.61,0.00,0.00,0.00,241.58,0.23,56.77,0.00,0.00,0.00,236.41,0.20,27.87
232.17,0.67,156.03,0.00,0.00,0.00,241.77,0.23,56.90,0.00,0.00,0.00,235.27,0.20,29.46
227.58,0.67,151.91,0.00,0.00,0.00,241.39,0.23,56.75,0.00,0.00,0.00,238.34,0.20,29.09
231.28,0.67,154.36,0.00,0.00,0.00,240.80,0.23,56.49,0.00,0.00,0.00,233.01,0.20,28.37
231.85,0.66,153.88,0.00,0.00,0.00,240.80,0.23,56.41,0.00,0.00,0.00,234.85,0.20,27.53
233.63,0.66,155.31,0.00,0.00,0.00,240.75,0.23,56.46,0.00,0.00,0.00,233.24,0.20,28.10
233.63,0.67,155.74,0.00,0.00,0.00,241.00,0.23,56.55,0.00,0.00,0.00,234.94,0.20,28.38
234.20,0.67,156.22,0.00,0.00,0.00,240.26,0.23,56.21,0.00,0.00,0.00,235.18,0.20,28.79
235.46,0.67,157.49,0.00,0.00,0.00,239.96,0.23,56.03,0.00,0.00,0.00,234.23,0.20,28.89
235.19,0.66,156.09,0.00,0.00,0.00,239.67,0.23,55.91,0.00,0.00,0.00,233.96,0.20,27.80
233.04,0.67,156.37,0.00,0.00,0.00,240.71,0.23,56.41,0.00,0.00,0.00,234.20,0.20,29.35
234.33,0.66,155.76,0.00,0.00,0.00,239.69,0.23,55.86,0.00,0.00,0.00,232.36,0.20,28.17
230.04,0.66,151.71,0.00,0.00,0.00,239.40,0.23,55.76,0.00,0.00,0.00,234.04,0.19,27.25
231.44,0.67,153.91,0.00,0.00,0.00,238.01,0.23,55.09,0.00,0.00,0.00,234.57,0.20,28.42
235.57,0.67,157.92,0.00,0.00,0.00,238.55,0.23,55.34,0.00,0.00,0.00,233.91,0.20,30.07
233.37,0.66,154.74,0.00,0.00,0.00,239.62,0.23,55.82,0.00,0.00,0.00,234.45,0.20,27.80
229.85,0.67,154.09,0.00,0.00,0.00,239.13,0.23,55.51,0.00,0.00,0.00,235.04,0.20,30.03
232.62,0.66,154.27,0.00,0.00,0.00,240.21,0.23,56.07,0.00,0.00,0.00,234.57,0.20,27.21
234.96,0.67,156.42,0.00,0.00,0.00,240.39,0.23,56.29,0.00,0.00,0.00,233.58,0.20,27.22
236.08,0.66,156.03,0.00,0.00,0.00,241.43,0.23,56.65,0.00,0.00,0.00,233.89,0.19,27.23
235.30,0.69,161.89,0.00,0.00,0.00,240.40,0.23,56.16,0.00,0.00,0.00,232.50,0.22,29.58
235.46,0.69,161.44,0.00,0.00,0.00,238.08,0.23,55.14,0.00,0.00,0.00,233.66,0.22,29.54
234.21,0.67,155.92,0.00,0.00,0.00,240.25,0.23,56.14,0.00,0.00,0.00,233.93,0.20,27.44
234.11,0.69,160.87,0.00,0.00,0.00,238.21,0.23,55.13,0.00,0.00,0.00,233.90,0.22,29.91
234.37,0.66,153.75,0.00,0.00,0.00,241.02,0.23,56.43,0.00,0.00,0.00,236.19,0.19,27.41
236.10,0.67,157.40,0.00,0.00,0.00,240.55,0.23,56.26,0.00,0.00,0.00,236.72,0.20,30.08
236.26,0.66,157.01,0.00,0.00,0.00,240.82,0.23,56.39,0.00,0.00,0.00,234.87,0.20,28.45
234.85,0.68,159.77,0.00,0.00,0.00,241.81,0.23,56.90,0.00,0.00,0.00,234.48,0.21,29.02
233.11,0.68,157.78,0.00,0.00,0.00,240.81,0.23,56.35,0.00,0.00,0.00,235.09,0.21,29.10
232.04,0.68,158.94,0.00,0.00,0.00,239.84,0.23,55.95,0.00,0.00,0.00,234.36,0.22,29.57
236.20,0.68,159.62,0.00,0.00,0.00,239.97,0.23,56.02,0.00,0.00,0.00,233.92,0.21,28.82
226.99,0.66,150.33,0.00,0.00,0.00,240.02,0.23,56.02,0.00,0.00,0.00,234.95,0.20,27.74
233.63,0.67,155.77,0.00,0.00,0.00,241.91,0.23,57.06,0.00,0.00,0.00,233.81,0.20,28.63
233.70,0.66,154.52,0.00,0.00,0.00,241.98,0.23,56.96,0.00,0.00,0.00,235.24,0.19,28.95
234.66,0.67,157.18,0.00,0.00,0.00,241.32,0.23,56.75,0.00,0.00,0.00,236.13,0.20,28.50
233.02,0.67,156.51,0.00,0.00,0.00,240.63,0.23,56.36,0.00,0.00,0.00,234.96,0.20,28.14
233.65,0.69,160.46,0.00,0.00,0.00,239.98,0.23,55.97,0.00,0.00,0.00,232.67,0.22,29.26
234.83,0.67,157.98,0.00,0.00,0.00,239.37,0.23,55.78,0.00,0.00,0.00,233.35,0.21,28.19
233.57,0.69,161.89,0.00,0.00,0.00,239.47,0.23,55.83,0.00,0.00,0.00,232.85,0.23,29.79
233.13,0.67,155.58,0.00,0.00,0.00,241.06,0.23,56.43,0.00,0.00,0.00,234.67,0.20,29.23
234.67,0.65,153.42,0.00,0.00,0.00,240.90,0.23,56.43,0.00,0.00,0.00,234.66,0.19,27.26
230.42,0.66,153.01,0.00,0.00,0.00,240.66,0.23,56.30,0.00,0.00,0.00,235.56,0.20,27.85
229.37,0.67,152.61,0.00,0.00,0.00,239.52,0.23,55.79,0.00,0.00,0.00,235.39,0.20,28.17
232.47,0.68,158.48,0.00,0.00,0.00,240.01,0.23,55.98,0.00,0.00,0.00,235.63,0.21,30.01
233.12,0.69,161.38,0.00,0.00,0.00,238.33,0.23,55.34,0.00,0.00,0.00,234.55,0.23,30.85
232.64,0.69,160.50,0.00,0.00,0.00,239.22,0.23,55.82,0.00,0.00,0.00,234.02,0.22,30.23
232.93,0.67,156.35,0.00,0.00,0.00,238.77,0.23,55.57,0.00,0.00,0.00,235.69,0.20,30.27
232.87,0.67,156.45,0.00,0.00,0.00,240.88,0.23,56.54,0.00,0.00,0.00,235.58,0.20,28.60
231.49,0.67,155.83,0.00,0.00,0.00,240.55,0.23,56.55,0.00,0.00,0.00,234.54,0.20,29.19
233.39,0.67,157.38,0.00,0.00,0.00,242.30,0.23,57.27,0.00,0.00,0.00,234.49,0.20,27.89
232.15,0.67,154.86,0.00,0.00,0.00,241.71,0.23,57.05,0.00,0.00,0.00,232.65,0.20,27.31
233.19,0.68,158.16,0.00,0.00,0.00,240.25,0.23,56.26,0.00,0.00,0.00,233.14,0.21,29.17
232.95,0.66,152.87,0.00,0.00,0.00,239.75,0.23,56.06,0.00,0.00,0.00,233.83,0.19,26.87
233.36,0.67,157.08,0.00,0.00,0.00,239.68,0.23,55.97,0.00,0.00,0.00,232.31,0.21,27.78
229.33,0.67,153.15,0.00,0.00,0.00,238.80,0.23,55.59,0.00,0.00,0.00,234.18,0.20,28.31
232.80,0.66,154.76,0.00,0.00,0.00,239.89,0.23,56.20,0.00,0.00,0.00,235.35,0.20,27.87
235.25,0.66,155.50,0.00,0.00,0.00,240.09,0.23,56.22,0.00,0.00,0.00,235.32,0.19,27.10
234.80,0.68,159.79,0.00,0.00,0.00,240.79,0.23,56.49,0.00,0.00,0.00,238.52,0.21,31.89
232.30,0.67,155.51,0.00,0.00,0.00,239.20,0.23,55.77,0.00,0.00,0.00,233.90,0.20,28.18
232.85,0.68,157.53,0.00,0.00,0.00,239.10,0.23,55.62,0.00,0.00,0.00,233.56,0.21,29.24
232.01,0.68,156.96,0.00,0.00,0.00,239.60,0.23,55.86,0.00,0.00,0.00,235.68,0.21,28.88
233.11,0.67,156.64,0.00,0.00,0.00,240.77,0.23,56.46,0.00,0.00,0.00,236.00,0.20,28.36
231.26,0.67,155.11,0.00,0.00,0.00,240.23,0.23,56.21,0.00,0.00,0.00,235.38,0.20,29.49
232.94,0.67,155.61,0.00,0.00,0.00,240.44,0.23,56.46,0.00,0.00,0.00,234.82,0.20,28.83
236.30,0.66,156.65,0.00,0.00,0.00,239.67,0.23,55.84,0.00,0.00,0.00,233.55,0.20,27.63
234.81,0.67,157.40,0.00,0.00,0.00,240.54,0.23,56.35,0.00,0.00,0.00,234.19,0.20,29.65
233.77,0.66,154.02,0.00,0.00,0.00,239.52,0.23,55.87,0.00,0.00,0.00,234.97,0.19,27.75
235.21,0.67,156.47,0.00,0.00,0.00,240.55,0.23,56.19,0.00,0.00,0.00,236.17,0.20,28.32
234.72,0.67,156.42,0.00,0.00,0.00,239.66,0.23,55.77,0.00,0.00,0.00,235.73,0.20,28.87
232.20,0.67,154.75,0.00,0.00,0.00,239.26,0.23,55.70,0.00,0.00,0.00,232.77,0.20,27.54
231.76,0.68,156.92,0.00,0.00,0.00,239.05,0.23,55.70,0.00,0.00,0.00,231.42,0.21,28.35
233.78,0.67,157.50,0.00,0.00,0.00,239.68,0.23,56.00,0.00,0.00,0.00,231.49,0.21,27.92
232.89,0.67,155.54,0.00,0.00,0.00,239.05,0.23,55.71,0.00,0.00,0.00,233.34,0.20,28.70
234.82,0.66,155.44,0.00,0.00,0.00,239.59,0.23,55.89,0.00,0.00,0.00,233.77,0.20,27.66
232.40,0.67,155.84,0.00,0.00,0.00,240.82,0.23,56.40,0.00,0.00,0.00,232.48,0.20,28.96
230.98,0.67,154.72,0.00,0.00,0.00,241.23,0.23,56.69,0.00,0.00,0.00,234.33,0.20,28.92
232.70,0.67,156.63,0.00,0.00,0.00,239.68,0.23,56.03,0.00,0.00,0.00,233.29,0.21,28.92
229.32,0.66,152.16,0.00,0.00,0.00,239.49,0.23,55.87,0.00,0.00,0.00,234.11,0.20,27.54
230.28,0.67,153.93,0.00,0.00,0.00,239.41,0.23,55.88,0.00,0.00,0.00,233.25,0.20,27.35
233.08,0.68,158.44,0.00,0.00,0.00,240.61,0.23,56.44,0.00,0.00,0.00,233.43,0.21,29.12
234.75,0.67,157.17,0.00,0.00,0.00,241.12,0.23,56.66,0.00,0.00,0.00,233.64,0.20,28.49
234.23,0.67,156.94,0.00,0.00,0.00,240.91,0.23,56.59,0.00,0.00,0.00,233.68,0.20,29.01
233.60,0.67,155.71,0.00,0.00,0.00,239.40,0.23,55.84,0.00,0.00,0.00,235.46,0.20,29.01
234.93,0.69,161.53,0.00,0.00,0.00,238.91,0.23,55.60,0.00,0.00,0.00,234.10,0.22,30.25
229.73,0.69,157.73,0.00,0.00,0.00,238.49,0.23,55.39,0.00,0.00,0.00,234.39,0.22,29.74
231.07,0.69,159.48,0.00,0.00,0.00,240.18,0.23,56.24,0.00,0.00,0.00,232.37,0.22,29.99
232.92,0.67,155.85,0.00,0.00,0.00,238.61,0.23,55.41,0.00,0.00,0.00,234.51,0.20,28.00
234.64,0.66,155.64,0.00,0.00,0.00,238.71,0.23,55.49,0.00,0.00,0.00,234.63,0.20,28.62
234.54,0.67,156.72,0.00,0.00,0.00,240.78,0.23,56.49,0.00,0.00,0.00,235.55,0.20,29.09
234.94,0.66,156.18,0.00,0.00,0.00,239.24,0.23,55.73,0.00,0.00,0.00,234.58,0.20,28.38
233.19,0.66,154.76,0.00,0.00,0.00,240.54,0.23,56.39,0.00,0.00,0.00,235.17,0.20,27.88
231.73,0.66,154.06,0.00,0.00,0.00,239.93,0.23,56.16,0.00,0.00,0.00,233.30,0.20,27.52
232.92,0.66,154.61,0.00,0.00,0.00,240.97,0.23,56.46,0.00,0.00,0.00,233.91,0.20,27.67
233.40,0.67,155.82,0.00,0.00,0.00,241.25,0.23,56.75,0.00,0.00,0.00,233.05,0.20,27.92
232.56,0.67,155.58,0.00,0.00,0.00,240.79,0.23,56.45,0.00,0.00,0.00,235.86,0.20,28.31
232.22,0.66,152.93,0.00,0.00,0.00,239.61,0.23,55.95,0.00,0.00,0.00,233.46,0.19,26.31
232.20,0.67,155.52,0.00,0.00,0.00,240.14,0.23,56.09,0.00,0.00,0.00,234.96,0.20,28.51
231.78,0.67,154.93,0.00,0.00,0.00,241.36,0.23,56.66,0.00,0.00,0.00,234.50,0.20,27.88
233.63,0.67,156.78,0.00,0.00,0.00,240.90,0.23,56.40,0.00,0.00,0.00,234.64,0.20,28.75
236.23,0.67,157.27,0.00,0.00,0.00,241.82,0.23,56.71,0.00,0.00,0.00,235.07,0.20,29.31
236.13,0.67,157.98,0.00,0.00,0.00,241.18,0.23,56.42,0.00,0.00,0.00,236.75,0.20,29.01
235.28,0.67,156.68,0.00,0.00,0.00,242.60,0.23,57.04,0.00,0.00,0.00,237.12,0.20,28.24
233.53,0.68,159.20,0.00,0.00,0.00,239.69,0.23,55.78,0.00,0.00,0.00,233.52,0.22,29.54
231.80,0.66,154.12,0.00,0.00,0.00,240.38,0.23,56.13,0.00,0.00,0.00,235.10,0.20,27.39
231.11,0.69,159.40,0.00,0.00,0.00,239.42,0.23,55.75,0.00,0.00,0.00,232.19,0.22,29.57
232.21,0.67,155.89,0.00,0.00,0.00,239.87,0.23,55.81,0.00,0.00,0.00,232.99,0.21,27.82
232.87,0.66,153.73,0.00,0.00,0.00,241.04,0.23,56.39,0.00,0.00,0.00,234.40,0.19,27.56
230.01,0.67,153.64,0.00,0.00,0.00,241.38,0.23,56.67,0.00,0.00,0.00,234.79,0.20,30.13
229.29,0.67,153.59,0.00,0.00,0.00,241.19,0.23,56.52,0.00,0.00,0.00,234.58,0.20,30.80
233.74,0.66,154.92,0.00,0.00,0.00,241.26,0.23,56.59,0.00,0.00,0.00,233.31,0.19,27.20
232.48,0.65,151.36,0.00,0.00,0.00,239.92,0.23,55.93,0.00,0.00,0.00,232.09,0.18,25.80
233.10,0.67,155.69,0.00,0.00,0.00,239.97,0.23,55.98,0.00,0.00,0.00,232.61,0.20,28.14
232.41,0.69,159.51,0.00,0.00,0.00,240.87,0.23,56.38,0.00,0.00,0.00,232.76,0.22,29.23
232.70,0.67,155.13,0.00,0.00,0.00,240.44,0.23,56.20,0.00,0.00,0.00,234.55,0.20,30.28
234.05,0.67,156.03,0.00,0.00,0.00,241.80,0.23,56.82,0.00,0.00,0.00,235.70,0.20,29.61
233.81,0.66,154.81,0.00,0.00,0.00,241.45,0.23,56.67,0.00,0.00,0.00,234.85,0.19,27.46
231.70,0.67,154.70,0.00,0.00,0.00,242.62,0.23,57.28,0.00,0.00,0.00,233.42,0.20,29.82
231.91,0.67,156.07,0.00,0.00,0.00,240.27,0.23,56.19,0.00,0.00,0.00,233.57,0.21,28.32
232.12,0.68,158.35,0.00,0.00,0.00,240.27,0.23,56.06,0.00,0.00,0.00,233.46,0.22,29.03
233.61,0.67,157.27,0.00,0.00,0.00,239.95,0.23,55.98,0.00,0.00,0.00,234.51,0.21,28.86
233.08,0.67,155.69,0.00,0.00,0.00,240.85,0.23,56.40,0.00,0.00,0.00,233.57,0.20,27.39
234.03,0.67,156.16,0.00,0.00,0.00,241.10,0.23,56.51,0.00,0.00,0.00,235.34,0.20,27.49
232.98,0.67,154.98,0.00,0.00,0.00,241.40,0.23,56.64,0.00,0.00,0.00,235.55,0.20,27.80
228.64,0.65,149.56,0.00,0.00,0.00,240.51,0.23,56.22,0.00,0.00,0.00,236.55,0.19,26.70
234.66,0.68,158.73,0.00,0.00,0.00,241.04,0.23,56.50,0.00,0.00,0.00,239.76,0.21,30.34
233.28,0.66,154.40,0.00,0.00,0.00,239.98,0.23,55.89,0.00,0.00,0.00,234.44,0.20,27.46
232.81,0.68,157.39,0.00,0.00,0.00,241.21,0.23,56.56,0.00,0.00,0.00,233.76,0.21,28.58
232.04,0.67,155.03,0.00,0.00,0.00,239.81,0.23,55.86,0.00,0.00,0.00,233.23,0.20,27.61
231.48,0.67,154.06,0.00,0.00,0.00,239.91,0.23,55.89,0.00,0.00,0.00,234.09,0.20,27.80
233.00,0.66,154.29,0.00,0.00,0.00,239.56,0.23,55.75,0.00,0.00,0.00,235.34,0.20,27.88
232.59,0.67,155.87,0.00,0.00,0.00,239.93,0.23,55.97,0.00,0.00,0.00,233.22,0.20,28.90
234.78,0.69,160.90,0.00,0.00,0.00,240.46,0.23,56.18,0.00,0.00,0.00,233.74,0.22,31.95
232.19,0.68,158.79,0.00,0.00,0.00,240.70,0.23,56.36,0.00,0.00,0.00,232.89,0.22,29.22
230.10,0.66,152.98,0.00,0.00,0.00,239.91,0.23,55.92,0.00,0.00,0.00,235.12,0.20,28.04
232.30,0.67,156.48,0.00,0.00,0.00,239.70,0.23,55.78,0.00,0.00,0.00,233.68,0.21,28.12
229.17,0.68,155.70,0.00,0.00,0.00,239.64,0.23,55.77,0.00,0.00,0.00,231.21,0.21,28.51
233.44,0.66,154.90,0.00,0.00,0.00,239.16,0.23,55.53,0.00,0.00,0.00,234.12,0.20,27.94
233.42,0.67,156.38,0.00,0.00,0.00,241.83,0.23,56.81,0.00,0.00,0.00,235.44,0.20,28.44
233.94,0.66,155.53,0.00,0.00,0.00,240.89,0.23,56.42,0.00,0.00,0.00,234.27,0.20,27.70
233.80,0.67,155.84,0.00,0.00,0.00,241.92,0.23,56.88,0.00,0.00,0.00,233.14,0.20,27.79
233.92,0.69,160.55,0.00,0.00,0.00,240.52,0.23,56.23,0.00,0.00,0.00,233.57,0.22,29.07
232.78,0.67,154.87,0.00,0.00,0.00,239.42,0.23,55.62,0.00,0.00,0.00,233.60,0.20,27.07
233.61,0.68,158.52,0.00,0.00,0.00,239.25,0.23,55.60,0.00,0.00,0.00,232.96,0.21,28.68
232.65,0.68,158.70,0.00,0.00,0.00,239.09,0.23,55.52,0.00,0.00,0.00,232.89,0.22,29.30
235.45,0.67,156.77,0.00,0.00,0.00,239.94,0.23,55.84,0.00,0.00,0.00,234.31,0.20,28.90
235.01,0.67,157.05,0.00,0.00,0.00,240.68,0.23,56.25,0.00,0.00,0.00,235.34,0.20,29.12
235.48,0.67,156.75,0.00,0.00,0.00,240.29,0.23,56.06,0.00,0.00,0.00,234.00,0.20,28.50
233.83,0.67,155.68,0.00,0.00,0.00,241.29,0.23,56.52,0.00,0.00,0.00,234.58,0.20,28.55
233.05,0.67,156.14,0.00,0.00,0.00,241.16,0.23,56.49,0.00,0.00,0.00,236.31,0.20,29.73
232.93,0.67,155.67,0.00,0.00,0.00,241.54,0.23,56.70,0.00,0.00,0.00,235.35,0.20,28.90
228.66,0.67,152.44,0.00,0.00,0.00,241.64,0.23,56.78,0.00,0.00,0.00,234.71,0.20,28.31
235.99,0.67,159.08,0.00,0.00,0.00,240.37,0.23,55.95,0.00,0.00,0.00,234.07,0.21,28.50
232.79,0.67,156.32,0.00,0.00,0.00,239.90,0.23,55.79,0.00,0.00,0.00,233.20,0.21,28.19
234.13,0.67,157.30,0.00,0.00,0.00,238.56,0.23,55.28,0.00,0.00,0.00,234.66,0.21,28.33
232.99,0.68,157.51,0.00,0.00,0.00,242.45,0.23,57.18,0.00,0.00,0.00,232.04,0.21,27.71
233.67,0.67,155.77,0.00,0.00,0.00,241.37,0.23,56.58,0.00,0.00,0.00,233.42,0.20,28.18
235.62,0.67,157.50,0.00,0.00,0.00,241.32,0.23,56.52,0.00,0.00,0.00,235.71,0.20,29.10
234.78,0.67,156.66,0.00,0.00,0.00,242.40,0.23,57.00,0.00,0.00,0.00,235.53,0.20,28.75
233.90,0.67,156.13,0.00,0.00,0.00,242.06,0.23,56.91,0.00,0.00,0.00,236.15,0.20,28.75
232.98,0.67,156.12,0.00,0.00,0.00,242.08,0.23,56.94,0.00,0.00,0.00,232.80,0.20,26.97
235.23,0.67,158.46,0.00,0.00,0.00,241.21,0.23,56.52,0.00,0.00,0.00,234.57,0.21,28.43
233.33,0.68,158.26,0.00,0.00,0.00,240.53,0.23,56.10,0.00,0.00,0.00,240.84,0.21,30.02
232.14,0.68,156.82,0.00,0.00,0.00,241.44,0.23,56.59,0.00,0.00,0.00,234.32,0.21,28.18
234.57,0.67,156.03,0.00,0.00,0.00,241.24,0.23,56.47,0.00,0.00,0.00,235.44,0.20,28.54
234.67,0.67,156.78,0.00,0.00,0.00,241.24,0.23,56.53,0.00,0.00,0.00,236.13,0.20,29.30
234.16,0.67,155.80,0.00,0.00,0.00,242.96,0.23,57.34,0.00,0.00,0.00,234.57,0.20,27.84
233.86,0.68,159.03,0.00,0.00,0.00,240.88,0.23,56.37,0.00,0.00,0.00,233.70,0.21,28.45
233.97,0.67,157.75,0.00,0.00,0.00,240.04,0.23,55.99,0.00,0.00,0.00,234.32,0.21,28.40
233.54,0.67,157.42,0.00,0.00,0.00,241.34,0.23,56.52,0.00,0.00,0.00,235.17,0.21,28.61
229.32,0.68,154.94,0.00,0.00,0.00,240.30,0.23,56.00,0.00,0.00,0.00,233.84,0.21,28.49
233.29,0.66,154.87,0.00,0.00,0.00,241.24,0.23,56.48,0.00,0.00,0.00,234.52,0.20,27.94
235.07,0.67,156.92,0.00,0.00,0.00,241.83,0.23,56.79,0.00,0.00,0.00,239.40,0.20,30.08
236.73,0.67,158.40,0.00,0.00,0.00,243.17,0.23,57.40,0.00,0.00,0.00,241.83,0.20,30.39
233.48,0.67,155.71,0.00,0.00,0.00,242.28,0.23,57.01,0.00,0.00,0.00,237.40,0.20,29.05
229.92,0.68,155.56,0.00,0.00,0.00,242.20,0.23,57.00,0.00,0.00,0.00,237.08,0.21,29.03
233.49,0.68,157.72,0.00,0.00,0.00,239.10,0.23,55.53,0.00,0.00,0.00,234.23,0.21,28.57
235.33,0.67,156.91,0.00,0.00,0.00,240.09,0.23,55.93,0.00,0.00,0.00,230.87,0.20,27.30
232.08,0.67,156.22,0.00,0.00,0.00,239.87,0.23,55.86,0.00,0.00,0.00,234.72,0.21,28.54
233.54,0.66,154.80,0.00,0.00,0.00,242.05,0.23,56.83,0.00,0.00,0.00,236.00,0.19,28.96
228.28,0.66,151.03,0.00,0.00,0.00,243.52,0.23,57.57,0.00,0.00,0.00,235.28,0.19,28.01
235.48,0.66,155.79,0.00,0.00,0.00,240.78,0.23,56.34,0.00,0.00,0.00,234.50,0.19,28.44
235.59,0.66,156.30,0.00,0.00,0.00,242.70,0.23,57.22,0.00,0.00,0.00,235.17,0.19,27.91
233.65,0.67,155.66,0.00,0.00,0.00,239.84,0.23,55.74,0.00,0.00,0.00,235.39,0.20,27.95
235.47,0.68,160.07,0.00,0.00,0.00,240.06,0.23,55.86,0.00,0.00,0.00,234.07,0.21,29.22
234.76,0.67,157.94,0.00,0.00,0.00,240.62,0.23,56.20,0.00,0.00,0.00,233.42,0.21,28.25
234.10,0.67,157.45,0.00,0.00,0.00,240.59,0.23,56.21,0.00,0.00,0.00,234.68,0.21,28.73
234.80,0.66,155.69,0.00,0.00,0.00,242.85,0.23,57.26,0.00,0.00,0.00,234.17,0.19,27.77
235.69,0.66,156.54,0.00,0.00,0.00,240.44,0.23,56.21,0.00,0.00,0.00,234.71,0.20,28.79
230.19,0.66,152.41,0.00,0.00,0.00,241.11,0.23,56.42,0.00,0.00,0.00,235.09,0.19,28.94
229.85,0.68,156.43,0.00,0.00,0.00,240.98,0.23,56.29,0.00,0.00,0.00,234.09,0.21,28.95
233.41,0.68,157.84,0.00,0.00,0.00,240.42,0.23,56.09,0.00,0.00,0.00,233.91,0.21,28.57
232.64,0.67,156.75,0.00,0.00,0.00,239.38,0.23,55.63,0.00,0.00,0.00,234.13,0.21,28.56
233.02,0.67,157.06,0.00,0.00,0.00,240.19,0.23,56.05,0.00,0.00,0.00,233.92,0.21,28.54
235.14,0.67,157.07,0.00,0.00,0.00,241.42,0.23,56.63,0.00,0.00,0.00,234.77,0.20,28.42
229.05,0.67,152.45,0.00,0.00,0.00,241.92,0.23,56.82,0.00,0.00,0.00,235.91,0.20,28.00
235.45,0.67,157.37,0.00,0.00,0.00,242.39,0.23,57.01,0.00,0.00,0.00,235.90,0.20,29.01
235.18,0.67,157.66,0.00,0.00,0.00,242.95,0.23,57.33,0.00,0.00,0.00,235.74,0.20,28.18
234.01,0.68,158.65,0.00,0.00,0.00,241.30,0.23,56.50,0.00,0.00,0.00,235.56,0.21,29.03
234.44,0.68,158.36,0.00,0.00,0.00,240.06,0.23,55.92,0.00,0.00,0.00,234.55,0.21,28.78
233.99,0.68,158.42,0.00,0.00,0.00,242.10,0.23,56.90,0.00,0.00,0.00,235.01,0.21,28.71
233.70,0.67,156.50,0.00,0.00,0.00,241.43,0.23,56.55,0.00,0.00,0.00,235.00,0.20,28.51
235.14,0.67,157.69,0.00,0.00,0.00,240.65,0.23,56.14,0.00,0.00,0.00,235.06,0.20,29.06
235.76,0.67,158.69,0.00,0.00,0.00,242.61,0.23,57.15,0.00,0.00,0.00,236.66,0.20,29.14
233.52,0.67,156.72,0.00,0.00,0.00,243.10,0.23,57.42,0.00,0.00,0.00,233.62,0.20,28.24
234.47,0.67,157.74,0.00,0.00,0.00,241.21,0.23,56.43,0.00,0.00,0.00,234.43,0.21,28.36
233.52,0.68,157.89,0.00,0.00,0.00,241.11,0.23,56.43,0.00,0.00,0.00,233.92,0.21,28.28
232.29,0.68,158.35,0.00,0.00,0.00,241.67,0.23,56.67,0.00,0.00,0.00,233.76,0.21,28.70
234.63,0.67,156.95,0.00,0.00,0.00,241.36,0.23,56.52,0.00,0.00,0.00,238.92,0.20,30.02
235.70,0.67,157.08,0.00,0.00,0.00,242.27,0.23,56.91,0.00,0.00,0.00,236.39,0.20,28.56
233.04,0.67,155.00,0.00,0.00,0.00,241.87,0.23,56.80,0.00,0.00,0.00,234.75,0.20,28.18
235.23,0.67,156.59,0.00,0.00,0.00,241.15,0.23,56.45,0.00,0.00,0.00,234.92,0.20,28.33
238.32,0.66,158.48,0.00,0.00,0.00,241.29,0.23,56.50,0.00,0.00,0.00,235.37,0.20,28.34
234.42,0.67,156.51,0.00,0.00,0.00,241.72,0.23,56.65,0.00,0.00,0.00,236.66,0.20,28.94
233.91,0.67,156.07,0.00,0.00,0.00,242.16,0.23,56.97,0.00,0.00,0.00,235.25,0.20,28.74
235.98,0.67,157.69,0.00,0.00,0.00,241.53,0.23,56.59,0.00,0.00,0.00,234.12,0.20,28.74
236.06,0.68,160.25,0.00,0.00,0.00,240.73,0.23,56.19,0.00,0.00,0.00,235.92,0.21,29.03
228.17,0.68,154.46,0.00,0.00,0.00,241.20,0.23,56.50,0.00,0.00,0.00,234.34,0.21,28.46
234.17,0.68,159.04,0.00,0.00,0.00,241.43,0.23,56.65,0.00,0.00,0.00,233.12,0.21,28.32
235.47,0.67,157.92,0.00,0.00,0.00,240.39,0.23,56.09,0.00,0.00,0.00,233.75,0.20,28.09
235.19,0.67,156.59,0.00,0.00,0.00,242.47,0.23,57.05,0.00,0.00,0.00,236.00,0.20,28.48
235.03,0.67,156.31,0.00,0.00,0.00,236.16,0.23,55.50,0.00,0.00,0.00,233.82,0.20,27.64
236.83,0.43,102.30,0.00,0.00,0.00,0.00,0.00,0.00,0.00,0.00,0.00,235.48,0.20,28.05
234.94,0.44,104.41,0.00,0.00,0.00,0.00,0.00,0.00,0.00,0.00,0.00,235.58,0.21,28.41
233.64,0.44,103.90,0.00,0.00,0.00,0.00,0.00,0.00,0.00,0.00,0.00,235.53,0.21,28.51
234.63,0.45,104.48,0.00,0.00,0.00,0.00,0.00,0.00,0.00,0.00,0.00,235.92,0.21,28.63
236.48,0.45,105.27,0.00,0.00,0.00,0.00,0.00,0.00,0.00,0.00,0.00,236.84,0.21,29.00
232.83,0.44,101.39,0.00,0.00,0.00,0.00,0.00,0.00,0.00,0.00,0.00,236.89,0.20,28.81
236.58,0.43,102.47,0.00,0.00,0.00,0.00,0.00,0.00,0.00,0.00,0.00,237.30,0.20,28.30
233.47,0.65,152.45,0.00,0.00,0.00,0.00,0.00,0.00,235.35,0.22,51.07,234.12,0.20,27.77
235.92,0.65,154.28,0.00,0.00,0.00,0.00,0.00,0.00,236.35,0.22,51.37,235.64,0.20,27.89
233.74,0.66,155.00,0.00,0.00,0.00,0.00,0.00,0.00,232.03,0.22,49.67,233.41,0.21,28.36
235.30,0.66,155.52,0.00,0.00,0.00,0.00,0.00,0.00,233.34,0.22,50.10,232.03,0.21,28.20
233.49,0.67,155.63,0.00,0.00,0.00,0.00,0.00,0.00,235.13,0.22,50.96,233.50,0.21,28.43
232.99,0.65,152.13,0.00,0.00,0.00,0.00,0.00,0.00,234.29,0.22,50.53,235.40,0.20,28.17
235.27,0.65,153.95,0.00,0.00,0.00,0.00,0.00,0.00,235.97,0.22,51.20,236.73,0.20,28.52
233.51,0.65,151.98,0.00,0.00,0.00,0.00,0.00,0.00,233.29,0.22,50.06,234.49,0.20,28.20
236.35,0.65,154.20,0.00,0.00,0.00,0.00,0.00,0.00,235.24,0.22,50.86,236.17,0.20,28.62
234.72,0.65,153.40,0.00,0.00,0.00,0.00,0.00,0.00,234.11,0.22,50.47,234.52,0.20,28.86
234.67,0.65,152.26,0.00,0.00,0.00,0.00,0.00,0.00,233.59,0.22,50.21,234.69,0.20,28.58
235.63,0.65,153.67,0.00,0.00,0.00,0.00,0.00,0.00,236.85,0.22,51.65,233.97,0.20,27.95
235.03,0.67,156.50,0.00,0.00,0.00,0.00,0.00,0.00,233.70,0.22,50.23,235.16,0.21,28.87
229.27,0.67,153.02,0.00,0.00,0.00,0.00,0.00,0.00,233.75,0.22,50.46,235.92,0.21,29.36
233.04,0.66,154.93,0.00,0.00,0.00,0.00,0.00,0.00,233.50,0.22,50.23,234.03,0.21,28.37
234.45,0.65,152.43,0.00,0.00,0.00,0.00,0.00,0.00,235.72,0.22,51.10,236.73,0.20,28.44
234.52,0.65,152.35,0.00,0.00,0.00,0.00,0.00,0.00,234.79,0.22,50.88,237.13,0.20,28.63
236.60,0.65,153.81,0.00,0.00,0.00,0.00,0.00,0.00,234.07,0.22,50.47,235.49,0.20,28.25
236.04,0.65,153.72,0.00,0.00,0.00,0.00,0.00,0.00,235.32,0.22,51.14,239.01,0.20,29.50
233.77,0.66,155.27,0.00,0.00,0.00,0.00,0.00,0.00,234.97,0.22,50.84,234.49,0.21,28.69
234.34,0.66,154.32,0.00,0.00,0.00,0.00,0.00,0.00,234.49,0.22,50.61,234.93,0.21,28.12
234.44,0.66,155.26,0.00,0.00,0.00,0.00,0.00,0.00,232.54,0.22,49.80,234.89,0.21,28.79
236.59,0.65,154.40,0.00,0.00,0.00,0.00,0.00,0.00,236.06,0.22,51.32,237.30,0.20,28.96
234.66,0.65,151.66,0.00,0.00,0.00,0.00,0.00,0.00,235.53,0.22,50.97,235.91,0.19,28.22
234.88,0.65,152.22,0.00,0.00,0.00,0.00,0.00,0.00,235.43,0.22,50.86,235.31,0.19,28.49
237.60,0.66,157.48,0.00,0.00,0.00,0.00,0.00,0.00,234.26,0.22,50.64,235.73,0.21,28.69
232.95,0.66,152.81,0.00,0.00,0.00,0.00,0.00,0.00,233.21,0.22,49.99,233.76,0.20,27.95
235.30,0.66,155.98,0.00,0.00,0.00,0.00,0.00,0.00,234.79,0.22,50.74,234.99,0.21,28.77
233.94,0.67,155.87,0.00,0.00,0.00,0.00,0.00,0.00,234.24,0.22,50.54,234.95,0.21,29.05
235.37,0.64,150.86,0.00,0.00,0.00,0.00,0.00,0.00,232.89,0.22,49.59,233.39,0.19,27.92
233.25,0.65,151.66,0.00,0.00,0.00,0.00,0.00,0.00,237.61,0.22,51.99,236.42,0.19,28.88
230.12,0.65,149.26,0.00,0.00,0.00,0.00,0.00,0.00,237.03,0.22,51.74,236.00,0.19,28.30
234.79,0.66,155.55,0.00,0.00,0.00,0.00,0.00,0.00,233.37,0.22,50.25,233.39,0.21,28.49
233.73,0.66,155.10,0.00,0.00,0.00,0.00,0.00,0.00,234.49,0.22,50.69,235.14,0.21,28.75
232.62,0.66,153.13,0.00,0.00,0.00,0.00,0.00,0.00,233.41,0.22,50.18,230.48,0.21,27.79
235.70,0.66,154.86,0.00,0.00,0.00,0.00,0.00,0.00,235.42,0.22,50.96,235.73,0.20,29.16
233.83,0.66,153.31,0.00,0.00,0.00,0.00,0.00,0.00,235.74,0.22,51.31,236.64,0.20,28.81
235.00,0.66,154.10,0.00,0.00,0.00,0.00,0.00,0.00,235.77,0.22,51.20,235.58,0.20,28.72
236.38,0.66,155.44,0.00,0.00,0.00,0.00,0.00,0.00,237.28,0.22,51.93,235.89,0.20,28.78
233.88,0.66,154.87,0.00,0.00,0.00,0.00,0.00,0.00,232.58,0.22,49.89,233.65,0.21,28.43
235.02,0.66,155.96,0.00,0.00,0.00,0.00,0.00,0.00,235.01,0.22,50.81,236.30,0.21,29.02
234.31,0.66,154.45,0.00,0.00,0.00,0.00,0.00,0.00,232.35,0.22,49.78,235.68,0.21,28.78
233.92,0.66,154.08,0.00,0.00,0.00,0.00,0.00,0.00,236.29,0.22,51.44,234.63,0.20,28.13
234.50,0.66,154.58,0.00,0.00,0.00,0.00,0.00,0.00,235.23,0.22,50.96,236.56,0.21,28.70
235.99,0.66,154.82,0.00,0.00,0.00,0.00,0.00,0.00,234.06,0.22,50.60,235.23,0.20,27.97
235.74,0.66,155.70,0.00,0.00,0.00,0.00,0.00,0.00,234.25,0.22,50.63,235.76,0.21,29.46
235.61,0.65,153.94,0.00,0.00,0.00,0.00,0.00,0.00,234.20,0.22,50.61,235.11,0.20,28.42
234.78,0.66,153.80,0.00,0.00,0.00,0.00,0.00,0.00,236.39,0.22,51.68,237.20,0.20,28.51
233.17,0.66,153.27,0.00,0.00,0.00,0.00,0.00,0.00,233.74,0.22,50.51,235.44,0.20,29.03
236.02,0.66,155.86,0.00,0.00,0.00,0.00,0.00,0.00,234.42,0.22,50.57,234.73,0.21,28.24
234.69,0.67,156.14,0.00,0.00,0.00,0.00,0.00,0.00,235.46,0.22,51.13,234.95,0.21,28.96
233.38,0.66,154.06,0.00,0.00,0.00,0.00,0.00,0.00,233.53,0.22,50.33,235.46,0.21,28.64
234.44,0.65,152.67,0.00,0.00,0.00,0.00,0.00,0.00,233.00,0.22,50.22,238.08,0.20,28.97
235.41,0.66,155.54,0.00,0.00,0.00,0.00,0.00,0.00,241.42,0.23,53.87,238.83,0.20,29.29
234.30,0.65,152.84,0.00,0.00,0.00,0.00,0.00,0.00,235.99,0.22,51.24,235.57,0.20,28.44
234.69,0.65,153.22,0.00,0.00,0.00,0.00,0.00,0.00,236.24,0.22,51.43,235.70,0.20,28.62
236.55,0.67,157.78,0.00,0.00,0.00,0.00,0.00,0.00,239.85,0.22,53.14,235.61,0.21,28.97
234.95,0.66,154.47,0.00,0.00,0.00,0.00,0.00,0.00,233.71,0.22,50.23,233.84,0.21,27.91
235.47,0.66,155.88,0.00,0.00,0.00,0.00,0.00,0.00,235.24,0.22,50.90,233.98,0.21,28.12
234.33,0.65,152.97,0.00,0.00,0.00,0.00,0.00,0.00,235.97,0.22,51.08,237.57,0.20,29.15
232.97,0.65,151.92,0.00,0.00,0.00,0.00,0.00,0.00,237.07,0.22,51.48,235.82,0.20,28.94
235.73,0.65,152.97,0.00,0.00,0.00,0.00,0.00,0.00,235.37,0.22,51.04,234.76,0.19,27.56
237.00,0.65,155.03,0.00,0.00,0.00,0.00,0.00,0.00,238.38,0.22,52.36,237.07,0.20,28.90
234.62,0.65,153.13,0.00,0.00,0.00,0.00,0.00,0.00,237.18,0.22,51.74,236.05,0.20,28.62
235.60,0.65,152.83,0.00,0.00,0.00,0.00,0.00,0.00,234.15,0.22,50.41,236.42,0.20,28.51
234.59,0.65,152.28,0.00,0.00,0.00,0.00,0.00,0.00,233.15,0.21,49.65,236.99,0.20,28.89
235.33,0.67,156.77,0.00,0.00,0.00,0.00,0.00,0.00,236.85,0.22,51.73,241.09,0.21,30.19
231.98,0.66,153.43,0.00,0.00,0.00,0.00,0.00,0.00,234.74,0.22,50.88,235.08,0.21,28.39
235.21,0.66,155.18,0.00,0.00,0.00,0.00,0.00,0.00,236.10,0.22,51.40,235.68,0.21,28.00
236.08,0.66,154.75,0.00,0.00,0.00,0.00,0.00,0.00,233.67,0.22,50.20,234.56,0.20,28.05
235.49,0.65,153.85,0.00,0.00,0.00,0.00,0.00,0.00,231.50,0.21,49.39,235.81,0.20,28.14
235.69,0.66,154.78,0.00,0.00,0.00,0.00,0.00,0.00,235.04,0.22,50.99,234.86,0.20,28.39
232.96,0.65,152.38,0.00,0.00,0.00,0.00,0.00,0.00,232.03,0.21,49.49,235.52,0.20,28.03
236.28,0.65,153.31,0.00,0.00,0.00,0.00,0.00,0.00,235.79,0.22,51.45,235.59,0.19,27.78
236.24,0.65,154.37,0.00,0.00,0.00,0.00,0.00,0.00,238.11,0.22,52.24,236.51,0.20,28.46
233.99,0.65,152.11,0.00,0.00,0.00,0.00,0.00,0.00,234.25,0.22,50.39,237.03,0.20,28.85
236.21,0.66,155.48,0.00,0.00,0.00,0.00,0.00,0.00,233.30,0.22,50.16,236.18,0.21,28.92
236.68,0.66,155.83,0.00,0.00,0.00,0.00,0.00,0.00,232.34,0.21,49.56,235.20,0.21,28.44
234.68,0.66,154.02,0.00,0.00,0.00,0.00,0.00,0.00,234.84,0.22,50.60,236.09,0.20,28.67
233.49,0.66,153.58,0.00,0.00,0.00,0.00,0.00,0.00,234.36,0.22,50.44,236.44,0.21,28.58
235.10,0.65,153.55,0.00,0.00,0.00,0.00,0.00,0.00,236.55,0.22,51.53,236.42,0.20,28.98
234.71,0.65,152.36,0.00,0.00,0.00,0.00,0.00,0.00,232.49,0.22,49.62,237.20,0.20,28.79
235.63,0.65,154.12,0.00,0.00,0.00,0.00,0.00,0.00,237.62,0.22,52.00,234.74,0.20,28.26
236.26,0.66,155.65,0.00,0.00,0.00,0.00,0.00,0.00,233.68,0.22,50.25,234.63,0.21,28.28
234.69,0.66,154.40,0.00,0.00,0.00,0.00,0.00,0.00,234.03,0.22,50.22,235.29,0.21,28.65
235.45,0.66,154.99,0.00,0.00,0.00,0.00,0.00,0.00,235.33,0.22,51.16,236.08,0.20,28.51
234.31,0.65,152.10,0.00,0.00,0.00,0.00,0.00,0.00,236.08,0.22,51.44,235.44,0.19,27.81
235.90,0.65,152.21,0.00,0.00,0.00,0.00,0.00,0.00,233.81,0.22,50.20,236.01,0.19,27.99
236.93,0.65,153.32,0.00,0.00,0.00,0.00,0.00,0.00,236.01,0.22,51.13,238.10,0.19,28.46
235.43,0.65,152.15,0.00,0.00,0.00,0.00,0.00,0.00,234.83,0.22,50.77,237.27,0.19,28.73
234.50,0.66,154.22,0.00,0.00,0.00,0.00,0.00,0.00,233.51,0.22,50.16,237.93,0.21,29.03
229.70,0.66,151.57,0.00,0.00,0.00,0.00,0.00,0.00,234.73,0.22,50.91,236.64,0.21,28.81
229.89,0.66,150.65,0.00,0.00,0.00,0.00,0.00,0.00,232.60,0.21,49.62,234.35,0.21,27.89
234.96,0.64,150.86,0.00,0.00,0.00,0.00,0.00,0.00,234.08,0.22,50.24,236.84,0.19,27.89
238.83,0.65,154.39,0.00,0.00,0.00,0.00,0.00,0.00,236.29,0.22,51.32,237.45,0.19,28.40
231.49,0.65,150.38,0.00,0.00,0.00,0.00,0.00,0.00,238.90,0.22,52.73,237.73,0.19,28.65
237.27,0.66,155.83,0.00,0.00,0.00,0.00,0.00,0.00,237.36,0.22,51.85,240.17,0.20,29.38
234.94,0.66,155.61,0.00,0.00,0.00,0.00,0.00,0.00,235.95,0.22,51.38,235.67,0.21,28.96
235.83,0.66,155.88,0.00,0.00,0.00,0.00,0.00,0.00,234.38,0.22,50.73,234.32,0.21,28.33
235.60,0.66,155.07,0.00,0.00,0.00,0.00,0.00,0.00,233.54,0.22,50.07,234.42,0.21,27.94
236.79,0.65,153.10,0.00,0.00,0.00,0.00,0.00,0.00,233.74,0.22,50.06,238.15,0.20,29.02
229.42,0.64,147.91,0.00,0.00,0.00,0.00,0.00,0.00,234.99,0.22,50.75,237.07,0.19,28.28
234.68,0.65,151.81,0.00,0.00,0.00,0.00,0.00,0.00,233.92,0.22,50.14,237.56,0.20,29.04
236.26,0.66,155.96,0.00,0.00,0.00,0.00,0.00,0.00,234.81,0.22,50.93,236.67,0.21,28.74
234.80,0.65,153.08,0.00,0.00,0.00,0.00,0.00,0.00,227.30,0.21,47.49,233.81,0.21,28.32
234.90,0.66,154.87,0.00,0.00,0.00,0.00,0.00,0.00,231.99,0.21,49.31,235.52,0.21,28.78
234.48,0.66,154.45,0.00,0.00,0.00,0.00,0.00,0.00,235.40,0.22,51.09,236.64,0.20,28.39
235.43,0.66,154.33,0.00,0.00,0.00,0.00,0.00,0.00,236.81,0.22,51.75,239.51,0.20,29.28
233.36,0.66,153.09,0.00,0.00,0.00,0.00,0.00,0.00,236.88,0.22,51.75,237.46,0.20,28.80
235.10,0.66,154.06,0.00,0.00,0.00,0.00,0.00,0.00,234.79,0.22,50.82,237.15,0.20,28.83
230.47,0.65,150.93,0.00,0.00,0.00,0.00,0.00,0.00,230.97,0.21,48.98,234.91,0.21,28.23
234.91,0.66,155.32,0.00,0.00,0.00,0.00,0.00,0.00,236.05,0.22,51.36,234.50,0.21,28.43
234.77,0.66,155.08,0.00,0.00,0.00,0.00,0.00,0.00,235.79,0.22,51.50,230.61,0.21,26.97
233.92,0.66,153.43,0.00,0.00,0.00,0.00,0.00,0.00,236.47,0.22,51.52,236.49,0.20,28.64
235.48,0.65,153.63,0.00,0.00,0.00,0.00,0.00,0.00,233.86,0.22,50.06,235.60,0.20,28.80
235.28,0.65,153.54,0.00,0.00,0.00,0.00,0.00,0.00,235.20,0.22,50.95,234.41,0.20,28.09
235.68,0.66,155.35,0.00,0.00,0.00,0.00,0.00,0.00,235.05,0.22,51.16,235.79,0.20,28.94
233.67,0.66,154.04,0.00,0.00,0.00,0.00,0.00,0.00,235.09,0.22,51.09,235.94,0.20,28.63
233.09,0.66,154.70,0.00,0.00,0.00,0.00,0.00,0.00,233.96,0.22,50.59,235.24,0.21,28.90
233.63,0.65,152.36,0.00,0.00,0.00,0.00,0.00,0.00,230.56,0.21,48.84,233.54,0.20,27.73
234.32,0.65,152.88,0.00,0.00,0.00,0.00,0.00,0.00,235.69,0.22,51.15,234.82,0.20,28.55
234.43,0.65,152.76,0.00,0.00,0.00,0.00,0.00,0.00,233.10,0.22,49.83,236.65,0.20,28.84
233.91,0.65,152.74,0.00,0.00,0.00,0.00,0.00,0.00,235.21,0.22,51.05,236.26,0.20,28.79
234.44,0.66,153.63,0.00,0.00,0.00,0.00,0.00,0.00,235.34,0.22,51.02,236.46,0.20,28.96
234.97,0.65,153.16,0.00,0.00,0.00,0.00,0.00,0.00,234.73,0.22,50.81,234.85,0.20,28.35
234.78,0.65,152.44,0.00,0.00,0.00,0.00,0.00,0.00,232.38,0.22,49.71,236.57,0.20,29.20
234.13,0.66,154.35,0.00,0.00,0.00,0.00,0.00,0.00,236.29,0.22,51.45,235.44,0.20,28.91
232.81,0.66,152.69,0.00,0.00,0.00,0.00,0.00,0.00,230.94,0.21,49.07,235.12,0.21,28.43
234.76,0.66,155.02,0.00,0.00,0.00,0.00,0.00,0.00,236.07,0.22,51.53,234.87,0.21,28.34
235.61,0.66,155.16,0.00,0.00,0.00,0.00,0.00,0.00,234.93,0.22,50.74,233.99,0.21,28.47
235.51,0.65,152.68,0.00,0.00,0.00,0.00,0.00,0.00,232.69,0.21,49.65,237.19,0.20,28.98
233.74,0.65,151.27,0.00,0.00,0.00,0.00,0.00,0.00,232.07,0.21,49.38,235.80,0.20,28.37
235.23,0.65,152.44,0.00,0.00,0.00,0.00,0.00,0.00,234.92,0.22,50.73,234.45,0.20,27.76
234.75,0.65,152.91,0.00,0.00,0.00,0.00,0.00,0.00,233.57,0.22,50.12,234.16,0.20,27.96
232.76,0.65,152.38,0.00,0.00,0.00,0.00,0.00,0.00,233.88,0.22,50.35,235.02,0.20,28.50
235.15,0.65,153.39,0.00,0.00,0.00,0.00,0.00,0.00,230.31,0.21,48.76,232.75,0.20,28.13
235.64,0.65,152.98,0.00,0.00,0.00,0.00,0.00,0.00,231.45,0.22,49.56,236.13,0.20,28.94
236.23,0.65,153.27,0.00,0.00,0.00,0.00,0.00,0.00,232.90,0.22,49.97,237.38,0.20,28.70
235.17,0.65,153.47,0.00,0.00,0.00,0.00,0.00,0.00,235.97,0.22,51.48,236.59,0.20,28.69
239.16,0.66,157.25,0.00,0.00,0.00,0.00,0.00,0.00,231.58,0.21,49.34,234.50,0.21,28.66
232.76,0.65,151.83,0.00,0.00,0.00,0.00,0.00,0.00,226.07,0.21,46.88,235.87,0.21,28.53
234.79,0.66,155.55,0.00,0.00,0.00,0.00,0.00,0.00,237.67,0.22,52.12,235.31,0.21,28.67
234.19,0.67,155.93,0.00,0.00,0.00,0.00,0.00,0.00,235.63,0.22,51.19,235.98,0.21,29.29
230.60,0.65,149.29,0.00,0.00,0.00,0.00,0.00,0.00,233.27,0.22,49.88,235.81,0.20,28.62
234.24,0.65,152.39,0.00,0.00,0.00,0.00,0.00,0.00,233.78,0.22,50.45,234.96,0.20,28.50
232.21,0.65,150.87,0.00,0.00,0.00,0.00,0.00,0.00,233.17,0.22,50.28,235.60,0.20,28.22
235.54,0.65,153.80,0.00,0.00,0.00,0.00,0.00,0.00,239.92,0.22,53.39,233.47,0.19,27.82
235.67,0.65,153.09,0.00,0.00,0.00,0.00,0.00,0.00,234.26,0.22,50.35,235.94,0.20,28.86
228.71,0.65,149.52,0.00,0.00,0.00,0.00,0.00,0.00,234.39,0.22,50.67,237.53,0.20,29.24
234.64,0.66,154.90,0.00,0.00,0.00,0.00,0.00,0.00,234.24,0.22,50.49,235.82,0.21,28.91
234.74,0.66,155.60,0.00,0.00,0.00,0.00,0.00,0.00,234.36,0.22,50.67,233.94,0.21,28.63
233.62,0.66,153.55,0.00,0.00,0.00,0.00,0.00,0.00,232.87,0.21,49.71,232.36,0.21,28.13
234.51,0.66,153.75,0.00,0.00,0.00,0.00,0.00,0.00,232.82,0.22,49.90,232.83,0.20,28.31
234.62,0.64,151.12,0.00,0.00,0.00,0.00,0.00,0.00,233.00,0.21,49.67,237.64,0.19,28.60
236.24,0.65,153.23,0.00,0.00,0.00,0.00,0.00,0.00,235.05,0.22,51.04,237.84,0.19,28.72
236.59,0.64,152.37,0.00,0.00,0.00,0.00,0.00,0.00,231.79,0.21,49.12,236.08,0.20,28.60
235.47,0.66,154.36,0.00,0.00,0.00,0.00,0.00,0.00,230.61,0.21,48.90,234.97,0.21,28.53
236.13,0.66,155.49,0.00,0.00,0.00,0.00,0.00,0.00,234.33,0.22,50.67,233.55,0.21,28.09
233.85,0.66,153.26,0.00,0.00,0.00,0.00,0.00,0.00,230.43,0.21,48.52,235.36,0.21,28.43
234.04,0.64,150.29,0.00,0.00,0.00,0.00,0.00,0.00,233.07,0.21,49.71,236.75,0.19,28.32
236.48,0.64,152.50,0.00,0.00,0.00,0.00,0.00,0.00,233.70,0.22,50.21,237.15,0.19,28.46
235.83,0.64,152.11,0.00,0.00,0.00,0.00,0.00,0.00,233.06,0.22,49.85,236.86,0.19,28.85
236.65,0.64,152.07,0.00,0.00,0.00,0.00,0.00,0.00,230.72,0.21,48.97,236.32,0.19,28.41
234.45,0.65,153.33,0.00,0.00,0.00,0.00,0.00,0.00,232.62,0.21,49.57,233.61,0.20,27.57
234.70,0.66,154.90,0.00,0.00,0.00,0.00,0.00,0.00,231.26,0.21,48.97,234.10,0.21,28.70
234.64,0.66,154.97,0.00,0.00,0.00,0.00,0.00,0.00,234.66,0.22,50.82,234.64,0.21,28.25
233.49,0.64,149.96,0.00,0.00,0.00,0.00,0.00,0.00,232.77,0.21,49.59,234.22,0.19,28.21
234.67,0.64,151.02,0.00,0.00,0.00,0.00,0.00,0.00,233.53,0.22,49.86,237.89,0.19,28.79
230.67,0.64,147.75,0.00,0.00,0.00,0.00,0.00,0.00,232.36,0.21,49.23,237.30,0.19,28.53
236.55,0.66,156.53,0.00,0.00,0.00,0.00,0.00,0.00,234.75,0.22,50.62,233.79,0.21,28.49
234.63,0.66,154.22,0.00,0.00,0.00,0.00,0.00,0.00,234.72,0.22,50.62,235.66,0.20,28.31
236.10,0.66,154.66,0.00,0.00,0.00,0.00,0.00,0.00,236.69,0.22,51.85,228.76,0.20,26.61
236.38,0.65,154.11,0.00,0.00,0.00,0.00,0.00,0.00,235.25,0.22,50.72,237.91,0.20,28.92
235.68,0.65,153.04,0.00,0.00,0.00,0.00,0.00,0.00,233.24,0.21,49.81,235.65,0.20,28.76
236.32,0.66,155.18,0.00,0.00,0.00,0.00,0.00,0.00,237.69,0.22,52.14,236.06,0.20,28.57
233.13,0.65,151.77,0.00,0.00,0.00,0.00,0.00,0.00,236.14,0.22,51.24,236.28,0.20,28.35
234.25,0.66,153.96,0.00,0.00,0.00,0.00,0.00,0.00,230.48,0.21,48.87,234.32,0.21,27.88
235.40,0.66,155.41,0.00,0.00,0.00,0.00,0.00,0.00,234.31,0.22,50.72,234.98,0.21,28.48
234.82,0.66,154.89,0.00,0.00,0.00,0.00,0.00,0.00,235.46,0.22,51.13,235.10,0.21,28.34
231.60,0.65,150.81,0.00,0.00,0.00,0.00,0.00,0.00,233.54,0.21,49.78,235.22,0.20,28.73
235.27,0.65,153.01,0.00,0.00,0.00,0.00,0.00,0.00,231.33,0.21,48.93,235.79,0.20,28.99
237.05,0.65,154.59,0.00,0.00,0.00,0.00,0.00,0.00,234.10,0.22,50.00,235.35,0.20,28.65
237.09,0.66,155.42,0.00,0.00,0.00,0.00,0.00,0.00,232.67,0.21,49.45,235.23,0.21,28.43
234.54,0.66,154.78,0.00,0.00,0.00,0.00,0.00,0.00,231.96,0.21,49.22,235.69,0.21,28.97
233.44,0.66,153.28,0.00,0.00,0.00,0.00,0.00,0.00,232.89,0.22,49.78,235.53,0.21,28.57
233.25,0.65,151.22,0.00,0.00,0.00,0.00,0.00,0.00,232.57,0.21,49.35,238.74,0.20,29.08
235.26,0.65,153.66,0.00,0.00,0.00,0.00,0.00,0.00,235.95,0.22,51.23,237.08,0.20,28.90
233.94,0.65,152.21,0.00,0.00,0.00,0.00,0.00,0.00,234.25,0.22,50.35,237.08,0.20,28.87
234.86,0.66,154.28,0.00,0.00,0.00,0.00,0.00,0.00,234.21,0.22,50.46,235.34,0.20,28.06
234.88,0.66,153.85,0.00,0.00,0.00,0.00,0.00,0.00,232.43,0.22,49.60,235.24,0.20,28.51
235.18,0.66,154.47,0.00,0.00,0.00,0.00,0.00,0.00,230.07,0.21,48.41,234.40,0.21,28.33
231.86,0.65,151.13,0.00,0.00,0.00,0.00,0.00,0.00,231.39,0.21,49.04,234.66,0.20,28.32
234.58,0.65,152.18,0.00,0.00,0.00,0.00,0.00,0.00,233.72,0.21,49.89,234.04,0.20,27.99
235.95,0.65,154.40,0.00,0.00,0.00,0.00,0.00,0.00,236.35,0.22,51.43,236.82,0.20,28.75
235.62,0.65,153.11,0.00,0.00,0.00,0.00,0.00,0.00,234.41,0.22,50.27,236.54,0.20,28.48
237.25,0.66,155.40,0.00,0.00,0.00,0.00,0.00,0.00,234.15,0.22,50.09,240.02,0.20,30.48
236.41,0.65,153.92,0.00,0.00,0.00,0.00,0.00,0.00,235.34,0.22,50.58,237.40,0.20,29.18
235.68,0.65,153.59,0.00,0.00,0.00,0.00,0.00,0.00,236.49,0.22,51.58,236.47,0.20,28.63
229.42,0.66,151.78,0.00,0.00,0.00,0.00,0.00,0.00,235.91,0.22,51.05,235.46,0.21,28.90
232.97,0.65,152.34,0.00,0.00,0.00,0.00,0.00,0.00,232.89,0.21,49.75,235.19,0.20,28.55
232.96,0.67,155.00,0.00,0.00,0.00,0.00,0.00,0.00,237.13,0.22,51.80,236.82,0.21,29.27
229.26,0.65,149.89,0.00,0.00,0.00,0.00,0.00,0.00,237.30,0.22,51.80,237.10,0.20,28.89
234.31,0.65,153.13,0.00,0.00,0.00,0.00,0.00,0.00,235.28,0.22,51.16,236.81,0.20,28.70
236.39,0.65,154.22,0.00,0.00,0.00,0.00,0.00,0.00,235.44,0.22,51.07,235.59,0.20,28.78
231.23,0.66,152.50,0.00,0.00,0.00,0.00,0.00,0.00,235.32,0.22,50.95,233.89,0.21,27.64
236.35,0.66,155.68,0.00,0.00,0.00,0.00,0.00,0.00,233.29,0.22,49.89,233.27,0.21,27.91
234.04,0.66,154.55,0.00,0.00,0.00,0.00,0.00,0.00,234.52,0.22,50.53,234.77,0.21,28.50
233.84,0.65,152.44,0.00,0.00,0.00,0.00,0.00,0.00,234.35,0.22,50.48,237.24,0.20,28.98
233.27,0.65,151.24,0.00,0.00,0.00,0.00,0.00,0.00,234.51,0.22,50.49,236.51,0.20,28.68
232.92,0.65,151.13,0.00,0.00,0.00,0.00,0.00,0.00,232.49,0.21,49.54,237.13,0.20,28.89
235.44,0.66,154.97,0.00,0.00,0.00,0.00,0.00,0.00,231.65,0.21,49.10,235.00,0.21,28.69
234.63,0.66,154.61,0.00,0.00,0.00,0.00,0.00,0.00,234.17,0.22,50.54,233.27,0.21,28.14
235.15,0.66,154.38,0.00,0.00,0.00,0.00,0.00,0.00,232.33,0.21,49.46,232.96,0.21,28.01
234.52,0.66,155.04,0.00,0.00,0.00,0.00,0.00,0.00,235.77,0.22,51.23,235.02,0.21,28.63
234.97,0.65,153.67,0.00,0.00,0.00,0.00,0.00,0.00,238.29,0.22,52.37,242.79,0.20,30.22
234.26,0.65,151.43,0.00,0.00,0.00,0.00,0.00,0.00,234.23,0.22,50.37,237.37,0.20,28.76
235.96,0.65,152.31,0.00,0.00,0.00,0.00,0.00,0.00,233.85,0.22,49.98,237.45,0.20,29.11
229.48,0.66,151.55,0.00,0.00,0.00,0.00,0.00,0.00,232.38,0.22,49.82,233.81,0.21,28.42
234.71,0.66,154.30,0.00,0.00,0.00,0.00,0.00,0.00,233.72,0.22,50.26,233.52,0.21,28.18
234.62,0.66,155.09,0.00,0.00,0.00,0.00,0.00,0.00,233.70,0.22,50.34,233.11,0.21,28.46
231.39,0.65,149.28,0.00,0.00,0.00,0.00,0.00,0.00,234.69,0.22,50.59,236.79,0.19,28.51
235.86,0.65,152.40,0.00,0.00,0.00,0.00,0.00,0.00,233.80,0.22,50.41,237.01,0.19,28.60
230.46,0.65,148.67,0.00,0.00,0.00,0.00,0.00,0.00,232.99,0.21,49.75,237.38,0.20,28.82
231.75,0.66,152.96,0.00,0.00,0.00,0.00,0.00,0.00,232.63,0.21,49.63,234.20,0.21,28.74
234.85,0.66,154.44,0.00,0.00,0.00,0.00,0.00,0.00,233.62,0.22,50.10,233.36,0.21,28.01
234.64,0.65,153.36,0.00,0.00,0.00,0.00,0.00,0.00,231.13,0.21,48.87,233.36,0.21,28.01
234.56,0.67,156.70,0.00,0.00,0.00,0.00,0.00,0.00,235.31,0.22,51.03,238.40,0.21,29.97
238.32,0.64,153.57,0.00,0.00,0.00,0.00,0.00,0.00,235.51,0.22,50.99,236.14,0.19,28.19
230.15,0.65,148.75,0.00,0.00,0.00,0.00,0.00,0.00,235.16,0.22,50.53,237.09,0.19,28.59
234.62,0.64,151.17,0.00,0.00,0.00,0.00,0.00,0.00,233.28,0.22,49.86,236.87,0.19,28.60
231.41,0.65,150.55,0.00,0.00,0.00,0.00,0.00,0.00,231.19,0.21,48.91,233.13,0.20,27.92
234.77,0.66,154.45,0.00,0.00,0.00,0.00,0.00,0.00,233.96,0.22,50.50,235.11,0.21,28.40
231.02,0.66,152.93,0.00,0.00,0.00,0.00,0.00,0.00,234.42,0.22,50.80,234.61,0.21,28.54
234.29,0.65,152.40,0.00,0.00,0.00,0.00,0.00,0.00,234.40,0.22,50.35,236.69,0.20,28.66
236.29,0.65,154.12,0.00,0.00,0.00,0.00,0.00,0.00,235.42,0.22,50.68,236.81,0.20,28.98
235.95,0.65,154.36,0.00,0.00,0.00,0.00,0.00,0.00,237.09,0.22,51.66,236.78,0.20,28.94
235.34,0.66,156.34,0.00,0.00,0.00,0.00,0.00,0.00,235.90,0.22,51.76,235.17,0.21,28.79
229.48,0.66,152.34,0.00,0.00,0.00,0.00,0.00,0.00,233.78,0.22,50.73,235.50,0.21,28.91
235.13,0.66,154.71,0.00,0.00,0.00,0.00,0.00,0.00,232.84,0.22,50.17,232.63,0.21,27.92
233.59,0.65,151.77,0.00,0.00,0.00,0.00,0.00,0.00,232.35,0.21,49.53,237.72,0.20,28.80
234.73,0.65,153.09,0.00,0.00,0.00,0.00,0.00,0.00,234.95,0.22,50.66,236.22,0.20,28.44
236.48,0.65,154.17,0.00,0.00,0.00,0.00,0.00,0.00,233.76,0.22,50.18,235.03,0.20,28.17
236.65,0.65,154.96,0.00,0.00,0.00,0.00,0.00,0.00,232.89,0.21,49.58,234.03,0.21,28.41
234.33,0.66,153.55,0.00,0.00,0.00,0.00,0.00,0.00,231.43,0.21,48.95,236.55,0.21,28.54
234.21,0.65,153.28,0.00,0.00,0.00,0.00,0.00,0.00,231.79,0.21,49.35,234.55,0.21,28.03
233.87,0.64,150.70,0.00,0.00,0.00,0.00,0.00,0.00,230.60,0.21,48.81,235.56,0.20,28.02
233.97,0.64,150.83,0.00,0.00,0.00,0.00,0.00,0.00,231.29,0.21,48.63,236.41,0.20,28.65
235.85,0.65,152.89,0.00,0.00,0.00,0.00,0.00,0.00,235.01,0.22,50.45,236.05,0.20,28.59
233.28,0.65,152.14,0.00,0.00,0.00,0.00,0.00,0.00,236.14,0.22,51.29,235.39,0.20,28.71
234.24,0.65,151.49,0.00,0.00,0.00,0.00,0.00,0.00,235.18,0.22,50.59,234.58,0.20,27.88
234.59,0.65,152.86,0.00,0.00,0.00,0.00,0.00,0.00,236.34,0.22,51.39,235.44,0.20,28.69
232.98,0.65,151.99,0.00,0.00,0.00,0.00,0.00,0.00,233.08,0.21,49.62,239.68,0.20,30.48
229.86,0.66,151.00,0.00,0.00,0.00,0.00,0.00,0.00,231.34,0.21,49.02,236.35,0.21,28.90
234.76,0.66,154.14,0.00,0.00,0.00,0.00,0.00,0.00,231.39,0.21,48.92,234.67,0.21,28.94
234.06,0.66,154.28,0.00,0.00,0.00,0.00,0.00,0.00,235.33,0.22,50.92,236.67,0.21,29.10
233.71,0.66,153.76,0.00,0.00,0.00,0.00,0.00,0.00,234.38,0.22,50.69,235.44,0.20,28.54
234.92,0.65,153.83,0.00,0.00,0.00,0.00,0.00,0.00,232.64,0.21,49.67,236.34,0.21,28.73
234.80,0.65,153.71,0.00,0.00,0.00,0.00,0.00,0.00,232.20,0.21,49.44,236.26,0.21,28.81
234.80,0.65,153.13,0.00,0.00,0.00,0.00,0.00,0.00,234.68,0.22,50.94,239.73,0.20,29.55
232.93,0.65,151.94,0.00,0.00,0.00,0.00,0.00,0.00,235.58,0.22,51.09,236.61,0.20,29.32
235.79,0.64,151.89,0.00,0.00,0.00,0.00,0.00,0.00,231.64,0.21,49.07,235.96,0.20,28.20
236.67,0.66,155.39,0.00,0.00,0.00,0.00,0.00,0.00,234.16,0.22,50.41,235.12,0.21,28.27
233.49,0.67,155.46,0.00,0.00,0.00,0.00,0.00,0.00,235.99,0.22,51.47,234.80,0.21,29.11
233.75,0.66,153.20,0.00,0.00,0.00,0.00,0.00,0.00,232.12,0.21,49.17,234.69,0.21,28.74
233.70,0.65,151.71,0.00,0.00,0.00,0.00,0.00,0.00,232.99,0.22,49.88,237.84,0.20,28.91
235.21,0.65,152.10,0.00,0.00,0.00,0.00,0.00,0.00,232.83,0.21,49.67,236.27,0.20,28.52
233.61,0.65,151.27,0.00,0.00,0.00,0.00,0.00,0.00,231.94,0.21,49.24,236.30,0.20,28.94
234.11,0.65,153.20,0.00,0.00,0.00,0.00,0.00,0.00,232.30,0.21,49.31,235.91,0.21,28.45
230.67,0.66,152.02,0.00,0.00,0.00,0.00,0.00,0.00,234.34,0.22,50.80,235.47,0.21,28.75
233.45,0.66,154.15,0.00,0.00,0.00,0.00,0.00,0.00,235.46,0.22,50.98,236.45,0.21,29.26
234.24,0.66,154.47,0.00,0.00,0.00,0.00,0.00,0.00,234.82,0.22,50.52,237.10,0.21,28.86
234.99,0.65,152.25,0.00,0.00,0.00,0.00,0.00,0.00,232.07,0.21,49.50,237.53,0.20,29.00
229.28,0.65,148.77,0.00,0.00,0.00,0.00,0.00,0.00,233.95,0.22,50.13,237.08,0.20,29.21
235.97,0.65,153.39,0.00,0.00,0.00,0.00,0.00,0.00,233.74,0.22,50.12,237.37,0.20,29.20
233.92,0.65,151.73,0.00,0.00,0.00,0.00,0.00,0.00,232.14,0.21,49.48,237.89,0.20,29.31
232.44,0.65,150.05,0.00,0.00,0.00,0.00,0.00,0.00,233.09,0.21,49.45,236.08,0.20,28.28
235.31,0.65,153.07,0.00,0.00,0.00,0.00,0.00,0.00,236.33,0.22,51.59,236.95,0.20,28.47
231.82,0.66,152.33,0.00,0.00,0.00,0.00,0.00,0.00,233.25,0.22,49.91,233.03,0.21,28.03
233.94,0.65,153.22,0.00,0.00,0.00,0.00,0.00,0.00,232.50,0.21,49.48,235.93,0.21,28.47
235.76,0.66,155.73,0.00,0.00,0.00,0.00,0.00,0.00,234.52,0.22,50.86,235.69,0.21,28.52
235.07,0.64,151.23,0.00,0.00,0.00,0.00,0.00,0.00,233.50,0.22,50.07,235.71,0.19,27.88
230.58,0.64,148.05,0.00,0.00,0.00,0.00,0.00,0.00,231.21,0.21,49.08,237.04,0.19,28.41
237.40,0.64,152.57,0.00,0.00,0.00,0.00,0.00,0.00,233.02,0.22,49.81,237.37,0.19,28.57
234.15,0.66,154.13,0.00,0.00,0.00,0.00,0.00,0.00,232.13,0.21,49.59,236.14,0.21,29.05
233.63,0.66,154.96,0.00,0.00,0.00,0.00,0.00,0.00,236.67,0.22,51.62,235.17,0.21,28.81
233.59,0.66,154.14,0.00,0.00,0.00,0.00,0.00,0.00,233.78,0.22,50.01,235.64,0.21,28.88
229.29,0.65,148.64,0.00,0.00,0.00,0.00,0.00,0.00,235.03,0.22,50.80,238.33,0.20,28.75
235.51,0.65,152.35,0.00,0.00,0.00,0.00,0.00,0.00,234.56,0.22,50.49,238.33,0.20,29.14
229.96,0.65,149.34,0.00,0.00,0.00,0.00,0.00,0.00,236.56,0.22,51.59,241.95,0.19,29.69
235.80,0.65,152.10,0.00,0.00,0.00,0.00,0.00,0.00,234.42,0.22,50.44,238.49,0.19,28.68
235.86,0.66,154.54,0.00,0.00,0.00,0.00,0.00,0.00,232.59,0.21,49.53,234.98,0.21,28.15
234.99,0.66,154.64,0.00,0.00,0.00,0.00,0.00,0.00,234.52,0.22,50.70,234.40,0.21,28.24
234.40,0.66,154.31,0.00,0.00,0.00,0.00,0.00,0.00,234.61,0.22,50.92,235.74,0.20,28.33
236.33,0.65,153.18,0.00,0.00,0.00,0.00,0.00,0.00,235.26,0.22,50.75,238.59,0.20,29.24
232.55,0.65,150.24,0.00,0.00,0.00,0.00,0.00,0.00,235.43,0.22,50.90,237.96,0.19,28.87
235.83,0.64,151.59,0.00,0.00,0.00,0.00,0.00,0.00,235.55,0.22,50.85,236.14,0.19,28.30
235.64,0.66,155.22,0.00,0.00,0.00,0.00,0.00,0.00,233.16,0.22,50.01,236.35,0.21,28.75
235.52,0.66,156.15,0.00,0.00,0.00,0.00,0.00,0.00,234.44,0.22,50.88,235.29,0.21,28.70
234.94,0.66,154.66,0.00,0.00,0.00,0.00,0.00,0.00,232.99,0.21,49.65,236.22,0.21,28.71
234.71,0.66,153.80,0.00,0.00,0.00,0.00,0.00,0.00,235.80,0.22,50.96,237.01,0.20,28.91
235.86,0.65,154.22,0.00,0.00,0.00,0.00,0.00,0.00,236.14,0.22,51.09,238.22,0.20,29.20
230.45,0.65,149.64,0.00,0.00,0.00,0.00,0.00,0.00,233.77,0.22,50.09,235.97,0.20,28.27
229.82,0.66,151.90,0.00,0.00,0.00,0.00,0.00,0.00,234.63,0.22,50.86,237.18,0.21,28.99
235.43,0.66,155.35,0.00,0.00,0.00,0.00,0.00,0.00,234.61,0.22,51.01,234.32,0.21,28.14
236.16,0.66,155.65,0.00,0.00,0.00,0.00,0.00,0.00,232.40,0.21,49.51,240.24,0.21,30.47
233.88,0.65,153.16,0.00,0.00,0.00,0.00,0.00,0.00,235.96,0.22,51.23,235.06,0.20,28.78
236.42,0.65,153.14,0.00,0.00,0.00,0.00,0.00,0.00,231.78,0.21,49.07,235.23,0.20,28.27
229.79,0.66,150.65,0.00,0.00,0.00,0.00,0.00,0.00,235.74,0.22,51.23,236.16,0.20,29.24
235.15,0.66,154.74,0.00,0.00,0.00,0.00,0.00,0.00,232.74,0.21,49.77,235.53,0.21,28.64
232.93,0.66,153.53,0.00,0.00,0.00,0.00,0.00,0.00,232.89,0.21,49.80,233.78,0.21,28.43
235.20,0.66,154.25,0.00,0.00,0.00,0.00,0.00,0.00,232.17,0.21,49.52,234.47,0.21,28.00
234.69,0.65,151.68,0.00,0.00,0.00,0.00,0.00,0.00,232.36,0.21,49.53,234.01,0.20,27.99
235.17,0.65,152.68,0.00,0.00,0.00,0.00,0.00,0.00,231.04,0.21,49.13,237.03,0.20,29.04
234.99,0.65,152.97,0.00,0.00,0.00,0.00,0.00,0.00,232.38,0.21,49.51,237.03,0.20,29.25
234.01,0.65,152.45,0.00,0.00,0.00,0.00,0.00,0.00,233.57,0.21,49.85,236.42,0.20,28.72
232.71,0.66,152.83,0.00,0.00,0.00,0.00,0.00,0.00,232.27,0.21,49.58,235.14,0.21,28.11
232.94,0.66,153.50,0.00,0.00,0.00,0.00,0.00,0.00,231.76,0.21,49.07,235.43,0.21,28.73
235.28,0.44,104.40,0.00,0.00,0.00,0.00,0.00,0.00,0.00,0.00,0.00,234.62,0.21,27.88
234.71,0.43,101.75,0.00,0.00,0.00,0.00,0.00,0.00,0.00,0.00,0.00,236.44,0.20,28.24
237.15,0.43,102.81,0.00,0.00,0.00,0.00,0.00,0.00,0.00,0.00,0.00,237.40,0.20,28.79
235.96,0.67,157.68,0.00,0.00,0.00,234.24,0.23,55.32,0.00,0.00,0.00,230.97,0.20,28.12
232.06,0.67,154.79,0.00,0.00,0.00,237.99,0.23,55.64,0.00,0.00,0.00,232.67,0.20,28.25
233.29,0.67,156.44,0.00,0.00,0.00,238.09,0.23,55.73,0.00,0.00,0.00,233.66,0.20,29.27
232.92,0.67,155.53,0.00,0.00,0.00,237.30,0.23,55.24,0.00,0.00,0.00,233.10,0.20,28.89
232.55,0.68,158.37,0.00,0.00,0.00,236.40,0.23,54.82,0.00,0.00,0.00,232.22,0.22,28.90
229.57,0.68,156.02,0.00,0.00,0.00,236.33,0.23,54.81,0.00,0.00,0.00,233.13,0.21,29.23
230.36,0.68,155.58,0.00,0.00,0.00,236.37,0.23,54.78,0.00,0.00,0.00,231.21,0.21,28.34
232.07,0.88,204.21,0.00,0.00,0.00,227.88,0.23,52.66,229.84,0.21,48.77,233.75,0.20,29.11
229.97,0.88,202.14,0.00,0.00,0.00,230.29,0.23,53.46,230.09,0.21,48.68,231.41,0.20,27.94
233.24,0.89,206.57,0.00,0.00,0.00,231.69,0.23,54.09,229.84,0.21,48.58,234.15,0.21,29.81
231.02,0.89,205.59,0.00,0.00,0.00,230.31,0.23,53.40,229.79,0.21,48.65,232.01,0.21,28.63
231.13,0.89,205.38,0.00,0.00,0.00,228.79,0.23,52.73,230.62,0.21,48.92,230.96,0.21,28.12
231.13,0.89,206.65,0.00,0.00,0.00,230.05,0.23,53.34,231.06,0.22,49.44,232.56,0.21,28.95
232.27,0.88,205.15,0.00,0.00,0.00,230.97,0.23,53.82,232.54,0.21,49.64,235.35,0.20,29.24
231.20,0.88,204.53,0.00,0.00,0.00,231.10,0.23,53.80,235.71,0.22,51.54,234.33,0.20,28.55
232.45,0.88,204.27,0.00,0.00,0.00,231.20,0.23,53.80,232.57,0.21,49.66,232.69,0.20,28.07
234.43,0.89,209.78,0.00,0.00,0.00,231.38,0.23,53.92,231.61,0.22,49.67,232.27,0.21,28.52
232.18,0.89,206.42,0.00,0.00,0.00,230.52,0.23,53.50,229.76,0.21,48.46,234.58,0.21,28.72
230.06,0.90,206.54,0.00,0.00,0.00,232.48,0.23,54.40,233.35,0.22,50.39,234.67,0.21,29.49
229.10,0.88,200.91,0.00,0.00,0.00,231.21,0.23,53.79,231.00,0.22,49.46,234.05,0.20,28.41
232.50,0.88,205.36,0.00,0.00,0.00,233.01,0.23,54.63,234.53,0.22,50.63,238.84,0.20,29.80
234.34,0.88,205.60,0.00,0.00,0.00,234.18,0.23,55.29,232.73,0.22,49.83,233.02,0.19,27.99
234.11,0.88,206.02,0.00,0.00,0.00,233.06,0.23,54.62,233.19,0.22,50.02,234.14,0.20,28.66
230.98,0.89,204.44,0.00,0.00,0.00,231.48,0.23,53.94,232.20,0.22,49.79,232.69,0.20,28.12
232.89,0.89,206.68,0.00,0.00,0.00,231.30,0.23,53.80,229.38,0.21,48.28,233.28,0.21,28.30
231.70,0.89,206.22,0.00,0.00,0.00,230.04,0.23,53.26,233.50,0.22,50.52,233.37,0.21,28.42
233.18,0.88,204.52,0.00,0.00,0.00,233.07,0.23,54.63,233.88,0.22,50.29,235.87,0.19,28.79
232.91,0.88,203.92,0.00,0.00,0.00,233.02,0.23,54.57,232.91,0.22,49.94,233.92,0.19,28.38
234.90,0.88,206.64,0.00,0.00,0.00,233.24,0.23,54.64,232.93,0.22,49.98,234.56,0.20,28.76
234.49,0.89,209.85,0.00,0.00,0.00,232.69,0.23,54.42,232.44,0.22,50.13,230.88,0.21,28.16
231.24,0.89,206.81,0.00,0.00,0.00,231.51,0.23,53.89,234.47,0.22,50.79,234.00,0.21,28.90
232.24,0.89,206.99,0.00,0.00,0.00,231.57,0.23,53.89,233.29,0.22,50.29,232.71,0.21,28.39
232.71,0.87,203.51,0.00,0.00,0.00,232.56,0.23,54.31,232.31,0.21,49.57,232.91,0.19,27.53
235.30,0.88,207.56,0.00,0.00,0.00,233.44,0.23,54.68,233.12,0.21,49.77,235.72,0.20,28.90
232.51,0.88,204.33,0.00,0.00,0.00,233.34,0.23,54.71,231.05,0.21,48.87,236.73,0.20,29.11
232.92,0.89,207.84,0.00,0.00,0.00,231.99,0.23,54.04,230.90,0.21,48.86,233.83,0.21,28.66
233.18,0.89,207.38,0.00,0.00,0.00,232.00,0.23,54.07,229.61,0.21,48.45,232.97,0.21,28.74
232.04,0.89,206.85,0.00,0.00,0.00,231.97,0.23,54.05,231.01,0.21,48.91,234.00,0.21,28.62
232.40,0.89,206.24,0.00,0.00,0.00,234.08,0.23,55.01,234.02,0.22,50.40,234.93,0.20,28.71
234.03,0.89,207.63,0.00,0.00,0.00,233.71,0.23,54.88,234.47,0.22,50.68,232.57,0.20,28.18
234.71,0.88,207.49,0.00,0.00,0.00,233.28,0.23,54.72,232.21,0.21,49.54,233.14,0.20,28.05
233.15,0.89,208.03,0.00,0.00,0.00,232.14,0.23,54.07,231.43,0.21,49.18,234.25,0.21,29.11
232.47,0.89,206.06,0.00,0.00,0.00,231.89,0.23,53.99,229.87,0.21,48.42,233.82,0.21,28.67
233.07,0.89,208.51,0.00,0.00,0.00,232.64,0.23,54.39,232.84,0.22,50.08,231.71,0.21,28.25
231.80,0.89,206.16,0.00,0.00,0.00,231.58,0.23,53.90,236.91,0.22,51.61,236.54,0.20,29.39
232.73,0.89,206.38,0.00,0.00,0.00,232.99,0.23,54.54,235.51,0.22,51.30,232.95,0.20,27.99
235.35,0.88,207.66,0.00,0.00,0.00,233.18,0.23,54.52,232.95,0.21,49.80,234.96,0.20,28.46
233.83,0.89,208.40,0.00,0.00,0.00,232.51,0.23,54.31,229.57,0.21,48.32,234.27,0.21,29.15
232.31,0.89,207.50,0.00,0.00,0.00,232.18,0.23,54.13,233.94,0.22,50.13,234.78,0.21,29.00
